نام محصول,لینک محصول,دسته محصول,متن کامنت,تعداد لایک,خریدار,تاریخ ثبت,احساس نظر,اطمینان احساس,دسته‌بندی‌ها,دسته اصلی,مشکلات,مشکل‌دار,شدت مشکل,قصد ترک,نشانه‌های ترک
بادی اسپلش زنانه مجیک مومنتز 220میل,https://www.khanoumi.com/products/my-magic-moments-body-splash-21794,سایر محصولات,ترکیبی از الکل و گلاب و اکلیل,0,true,2026-06-01T18:34:23.4222851+03:30,خنثی,0.35,تجربه محصول,تجربه محصول,,false,ندارد,false,
بادی اسپلش زنانه مجیک مومنتز 220میل,https://www.khanoumi.com/products/my-magic-moments-body-splash-21794,سایر محصولات,"بوش عالیه من قبلا آبیشو داشتم ولی الان از این بیشتر خوشم اومد 
ماندگاریشم راحت تا 6 ساعت میمونه واقعا راضیم 
پخش بوی خوبی هم داره",0,true,2026-05-05T13:56:06.9217133+03:30,مثبت,0.95,ماندگاری | رضایت کلی | بو و رایحه,بو و رایحه,,false,ندارد,false,
بادی اسپلش زنانه مجیک مومنتز 220میل,https://www.khanoumi.com/products/my-magic-moments-body-splash-21794,سایر محصولات,"عالیه من چند ساله ازش استفاده میکنم،هیچ بادی دیگه ای به مشامم خوب نمیاد
به جز این فقط رنگ صورتیش",0,true,2026-04-15T21:04:16.2836006+03:30,مثبت,0.67,رضایت کلی | تجربه محصول | رنگ و شید,رنگ و شید,,false,ندارد,false,
بادی اسپلش زنانه مجیک مومنتز 220میل,https://www.khanoumi.com/products/my-magic-moments-body-splash-21794,سایر محصولات,خیلی خوشبوهست,0,true,2026-02-02T16:07:13.257179+03:30,خنثی,0.35,بو و رایحه,بو و رایحه,,false,ندارد,false,
بادی اسپلش زنانه مجیک مومنتز 220میل,https://www.khanoumi.com/products/my-magic-moments-body-splash-21794,سایر محصولات,خیلی بوی خوبی داره . شاید اولش که میزنین یکم بوی الکل داشته باشهرز ولی چند دقیقه بعدش بوش عالی میشه,0,true,2025-12-11T19:04:26.8331601+03:30,مثبت,0.67,بو و رایحه | رضایت کلی,بو و رایحه,,false,ندارد,false,
بادی اسپلش زنانه مجیک مومنتز 220میل,https://www.khanoumi.com/products/my-magic-moments-body-splash-21794,سایر محصولات,خوشبوترین بو با اکلیل ریز جسبناکم نیست دوبار خریدم,0,true,2025-11-23T00:09:44.3388899+03:30,خنثی,0.35,بو و رایحه | تجربه محصول,بو و رایحه,,false,ندارد,false,
بادی اسپلش زنانه مجیک مومنتز 220میل,https://www.khanoumi.com/products/my-magic-moments-body-splash-21794,سایر محصولات,واقعا عالیه هم ماندگاری خیلی خوبی داره هم اینکه مثل بعضی از بادی اسپلش ها چسبناک نیست وقتی روی پوست بزنیم,0,true,2025-11-06T07:34:15.1694638+03:30,مثبت,0.91,ماندگاری | رضایت کلی | بافت محصول | تجربه محصول,بافت محصول,,false,ندارد,false,
بادی اسپلش زنانه مجیک مومنتز 220میل,https://www.khanoumi.com/products/my-magic-moments-body-splash-21794,سایر محصولات,بوی شیرین و خنک ولی ماندگاری کم ‌. پخش بوش خوبه . باید درطول روز تمدید بشه.,0,true,2025-11-05T00:47:53.0467727+03:30,مثبت,0.67,ماندگاری | بو و رایحه,بو و رایحه,,false,ندارد,false,
بادی اسپلش زنانه مجیک مومنتز 220میل,https://www.khanoumi.com/products/my-magic-moments-body-splash-21794,سایر محصولات,ماندگاری و بو عالی,0,true,2025-11-03T17:49:56.6386706+03:30,مثبت,0.67,ماندگاری | بو و رایحه | رضایت کلی,بو و رایحه,,false,ندارد,false,
بادی اسپلش زنانه مجیک مومنتز 220میل,https://www.khanoumi.com/products/my-magic-moments-body-splash-21794,سایر محصولات,سلام طبق تعریف و اینکه قبلا داشتم، این محصول را تهیه کردم ولی بسیاااااار بدبو و کاملا بوی الکل میدهد.اصلا تهیه نکنید.,0,true,2025-10-28T10:36:48.8100595+03:30,خنثی,0.35,بو و رایحه | تجربه محصول,بو و رایحه,,false,ندارد,false,
بادی اسپلش زنانه مجیک مومنتز 220میل,https://www.khanoumi.com/products/my-magic-moments-body-splash-21794,سایر محصولات,خوشبوئه ولی ب نظرمن طلاییش خوشبوتره,0,true,2025-10-18T18:53:48.4796571+03:30,خنثی,0.35,بو و رایحه,بو و رایحه,,false,ندارد,false,
بادی اسپلش زنانه مجیک مومنتز 220میل,https://www.khanoumi.com/products/my-magic-moments-body-splash-21794,سایر محصولات,بوی عالی فک کنم 10 ساله این بادی اسپلش رو دارم انگار عطر میزنی خیلی خوبه,0,true,2025-09-27T07:10:32.1723515+03:30,مثبت,0.91,رضایت کلی | بو و رایحه,بو و رایحه,,false,ندارد,false,
بادی اسپلش زنانه مجیک مومنتز 220میل,https://www.khanoumi.com/products/my-magic-moments-body-splash-21794,سایر محصولات,بوش واقعا خوبه، یه شاین کمی هم داره، من با ریسک خریدم چون روی بو ها حساسم ولی خیلی از بوش راضی بودم,0,true,2025-09-06T15:11:40.457139+03:30,مثبت,0.79,بو و رایحه | تجربه محصول,بو و رایحه,,false,ندارد,false,
بادی اسپلش زنانه مجیک مومنتز 220میل,https://www.khanoumi.com/products/my-magic-moments-body-splash-21794,سایر محصولات,"کمی اکریل توش داره
بوی گرمی داره ماندگاری متوسطه",0,true,2025-07-25T11:29:22.0624011+00:00,خنثی,0.35,ماندگاری | بو و رایحه | حجم و مقدار,بو و رایحه,,false,ندارد,false,
بادی اسپلش زنانه مجیک مومنتز 220میل,https://www.khanoumi.com/products/my-magic-moments-body-splash-21794,سایر محصولات,بوی جالبی نداشت و از همه مهمتر ماندگاری کمی داره در کل اندازه پولش می ارزه,0,true,2025-07-04T07:39:40.8677521+00:00,خنثی,0.35,ماندگاری | بو و رایحه,بو و رایحه,,false,ندارد,false,
بادی اسپلش زنانه مجیک مومنتز 220میل,https://www.khanoumi.com/products/my-magic-moments-body-splash-21794,سایر محصولات,خیلی خوشبوعه ولی ماندگاریش در حد چند ساعته,0,true,2025-06-22T06:05:54.0153104+00:00,خنثی,0.35,ماندگاری | بو و رایحه,بو و رایحه,,false,ندارد,false,
بادی اسپلش زنانه مجیک مومنتز 220میل,https://www.khanoumi.com/products/my-magic-moments-body-splash-21794,سایر محصولات,بوش خیلى خوبه ، بوى گرم و گلى ه,0,true,2025-06-20T13:42:56.0471542+00:00,مثبت,0.67,بو و رایحه,بو و رایحه,,false,ندارد,false,
بادی اسپلش زنانه مجیک مومنتز 220میل,https://www.khanoumi.com/products/my-magic-moments-body-splash-21794,سایر محصولات,من خیلی استرس داشتم نکنه تقلبی ارسال بشه، ولی اصل بود همون بوی همیشگی,0,true,2025-04-14T19:22:56.0033989+00:00,ترکیبی,0.71,اصالت کالا | ارسال کالا | بو و رایحه,اصالت کالا,اصالت کالا | ارسال کالا | بو و رایحه,true,بالا,false,
بادی اسپلش زنانه مجیک مومنتز 220میل,https://www.khanoumi.com/products/my-magic-moments-body-splash-21794,سایر محصولات,بوش واقعا خوبه من بار دوم ک خریدم .دقت کنین یه شاین ملایم هم داره .ارزش خرید داره,0,true,2025-03-06T21:53:09.8397477+00:00,مثبت,0.79,قیمت | بو و رایحه | تجربه محصول,قیمت,,false,ندارد,false,
بادی اسپلش زنانه مجیک مومنتز 220میل,https://www.khanoumi.com/products/my-magic-moments-body-splash-21794,سایر محصولات,به خاطره کامنتای خوبش و معرفی بلاگر خریدم ، از همون اول بوی تیز و الکل و صابونی بدی میده که باعث سردرد میشه تازه من اصلا سرم درد نمیگیره اینجوری شدم وای به حال میگرنی ها! خلاصه پولتون تو جیبتون سنگینی کرده بخرید وگرنه اصلا نخرین، بی کیفیت و باعث حالت تهوع میشه,0,true,2025-02-18T09:28:41.0208393+00:00,منفی,0.67,کیفیت محصول | بو و رایحه | تجربه محصول,کیفیت محصول,کیفیت محصول | بو و رایحه,true,متوسط,false,
بادی اسپلش زنانه مجیک مومنتز 220میل,https://www.khanoumi.com/products/my-magic-moments-body-splash-21794,سایر محصولات,بوی خیلی ملایم و عالیی داره ، اکلیرش روی بدن یکم دیده میشه و قشنگه ، من خیلی از بوش راضی بودم ، و چند دفع این محصول رو خریداری کردم,0,true,2025-02-17T07:56:53.8914696+00:00,مثبت,0.79,بو و رایحه | تجربه محصول,بو و رایحه,,false,ندارد,false,
بادی اسپلش زنانه مجیک مومنتز 220میل,https://www.khanoumi.com/products/my-magic-moments-body-splash-21794,سایر محصولات,بوی شدید الکل میده قشنگ پولمو ریختم جوب محصولات مای کلا افتضاحن  تامام,0,true,2025-01-22T18:18:09.2707631+00:00,منفی,0.67,نارضایتی کلی | بو و رایحه | تجربه محصول,بو و رایحه,نارضایتی کلی | بو و رایحه,true,متوسط,false,
بادی اسپلش زنانه مجیک مومنتز 220میل,https://www.khanoumi.com/products/my-magic-moments-body-splash-21794,سایر محصولات,عالیه,0,true,2025-01-03T17:47:13.4648864+00:00,مثبت,0.79,رضایت کلی,رضایت کلی,,false,ندارد,false,
بادی اسپلش زنانه مجیک مومنتز 220میل,https://www.khanoumi.com/products/my-magic-moments-body-splash-21794,سایر محصولات,"بوی خیلی خوبی داره
ماندگاریشم خوبه 
بنظرم خیلی محصول خوبیه بدنت رو خوشبو و اکلیلی میکنه",0,true,2024-12-11T11:20:17.2156874+00:00,مثبت,0.79,ماندگاری | بو و رایحه | تجربه محصول | رضایت کلی,بو و رایحه,,false,ندارد,false,
بادی اسپلش زنانه مجیک مومنتز 220میل,https://www.khanoumi.com/products/my-magic-moments-body-splash-21794,سایر محصولات,خیلی بوی خوبی داره،ارزش خرید داره,0,true,2024-12-08T04:21:56.3613976+00:00,مثبت,0.67,قیمت | بو و رایحه,قیمت,,false,ندارد,false,
بادی اسپلش زنانه مجیک مومنتز 220میل,https://www.khanoumi.com/products/my-magic-moments-body-splash-21794,سایر محصولات,"واقعا خیلی خوشبوهستش وچند ساعت هم بوش میمونه.
من ازرونظرات خریدم وکاملا راضیم",0,true,2024-11-25T11:48:57.7660641+00:00,مثبت,0.79,بو و رایحه | تجربه محصول | رضایت کلی,بو و رایحه,,false,ندارد,false,
بادی اسپلش زنانه مجیک مومنتز 220میل,https://www.khanoumi.com/products/my-magic-moments-body-splash-21794,سایر محصولات,خیلی بوی خوبی داره ,0,true,2024-08-11T15:08:03+00:00,خنثی,0.35,بو و رایحه,بو و رایحه,,false,ندارد,false,
بادی اسپلش زنانه مجیک مومنتز 220میل,https://www.khanoumi.com/products/my-magic-moments-body-splash-21794,سایر محصولات,اولش که اسپری می کنی بوی تندی داره اما کافیع یه دقیقه روی پوست بمونه خیلییییییی خوشبو میشه . به نسبت قیمتش بو و  خوبی داره و حدودا نیم ساعت روی پوست می مونه,0,true,2023-12-14T02:08:54+00:00,خنثی,0.35,بو و رایحه | تجربه محصول,بو و رایحه,,false,ندارد,false,
بادی اسپلش زنانه مجیک مومنتز 220میل,https://www.khanoumi.com/products/my-magic-moments-body-splash-21794,سایر محصولات,بوی خوبی داره، واسه استفاده روزانه خوبه، ماندگاری چندانیم نداره,0,true,2023-12-11T11:57:37+00:00,مثبت,0.67,ماندگاری | بو و رایحه,بو و رایحه,,false,ندارد,false,
بادی اسپلش زنانه مجیک مومنتز 220میل,https://www.khanoumi.com/products/my-magic-moments-body-splash-21794,سایر محصولات,بوی خوبی داره منتها من چون حساس هستم برام بوش تنده و کمی باعث سردردم میشه ، موندگاری متوسطی داره ,0,true,2023-11-09T12:53:00+00:00,خنثی,0.35,بو و رایحه,بو و رایحه,,false,ندارد,false,
بادی اسپلش زنانه مجیک مومنتز 220میل,https://www.khanoumi.com/products/my-magic-moments-body-splash-21794,سایر محصولات," خیلی بوی خوب و خنکی داره و روی پوست شاین ملایم و 
 قشنگی داره ، ماندگاریه خوبی هم داره مخصوصا اگه بعد از حمام استفاده بشه",0,true,2023-07-19T15:27:03+00:00,مثبت,0.67,ماندگاری | بو و رایحه | تجربه محصول,بو و رایحه,,false,ندارد,false,
بادی اسپلش زنانه مجیک مومنتز 220میل,https://www.khanoumi.com/products/my-magic-moments-body-splash-21794,سایر محصولات,من که راضی هستم,17,true,2021-11-03T18:49:09+00:00,مثبت,0.67,رضایت کلی,رضایت کلی,,false,ندارد,false,
بادی اسپلش زنانه مجیک مومنتز 220میل,https://www.khanoumi.com/products/my-magic-moments-body-splash-21794,سایر محصولات,بوش فکر کنم نهایت ۱۵ دقیقه حس میشه بعدم پوست رو خشک میکنه در حالیکه من کلا پوستم شدیدا چربه یه جوری خشک میکنه که باید لوسیون بزنم منکه دیگه استفاده نمیکنم.اکلیلاشم خیلی مسخره و الکیه تو این رنج قیمت من بادی اسپلش سینره رو پیشنهاد میکنم,19,true,2020-10-03T21:35:07+00:00,مثبت,0.67,پیشنهاد به دیگران | قیمت | بو و رایحه,قیمت,,false,ندارد,false,
بادی اسپلش زنانه مجیک مومنتز 220میل,https://www.khanoumi.com/products/my-magic-moments-body-splash-21794,سایر محصولات,بوی تقریبا خوبی داره اما ماندگار و پخش بوی فوق العاده پایینی داره,6,true,2020-07-01T13:59:33+00:00,مثبت,0.67,بو و رایحه | رضایت کلی,بو و رایحه,,false,ندارد,false,
بادی اسپلش زنانه مجیک مومنتز 220میل,https://www.khanoumi.com/products/my-magic-moments-body-splash-21794,سایر محصولات,🦋,0,true,2019-10-26T17:28:31+00:00,خنثی,0,سایر,سایر,,false,ندارد,false,
بادی اسپلش زنانه مجیک مومنتز 220میل,https://www.khanoumi.com/products/my-magic-moments-body-splash-21794,سایر محصولات,موندگاری بوش خیلی خوبه اکلیلای ریزش خیلی معلوم نیست رنگشم جذابه و یکم تند,4,true,2019-08-03T23:34:20.7333333+00:00,مثبت,0.79,رضایت کلی | بو و رایحه,بو و رایحه,,false,ندارد,false,
بادی اسپلش زنانه گلدن رین 200میل,https://www.khanoumi.com/products/my-golden-rain-body-splash-21795,سایر محصولات,چند ساله که فقط ازین مدل استفاده میکنم اینقد خوشبوئه هرجا میرم اسم عطرمو می پرسن,0,true,2026-01-17T13:35:53.1318903+03:30,خنثی,0.35,بو و رایحه | تجربه محصول,بو و رایحه,,false,ندارد,false,
بادی اسپلش زنانه گلدن رین 200میل,https://www.khanoumi.com/products/my-golden-rain-body-splash-21795,سایر محصولات,"خیلی بوی شیرینی داره پیشنهاد میکنم اصلا نخرید
من حواسم نبوده اشتباه سفارش دادم",0,true,2025-11-16T11:56:31.7019433+03:30,مثبت,0.67,پیشنهاد به دیگران | بو و رایحه | تجربه محصول,بو و رایحه,,false,ندارد,false,
بادی اسپلش زنانه گلدن رین 200میل,https://www.khanoumi.com/products/my-golden-rain-body-splash-21795,سایر محصولات,بوی خوبی داره فقط اولش میزنی خیلی تنده در کل خوبه ولی ماندگاریش متوسطه,0,true,2025-08-15T21:57:16.0552223+00:00,مثبت,0.67,ماندگاری | بو و رایحه,بو و رایحه,,false,ندارد,false,
بادی اسپلش زنانه گلدن رین 200میل,https://www.khanoumi.com/products/my-golden-rain-body-splash-21795,سایر محصولات,خیلی خوشبو و خوب بود,0,true,2025-03-15T11:36:07.5712038+00:00,مثبت,0.79,بو و رایحه,بو و رایحه,,false,ندارد,false,
بادی اسپلش زنانه گلدن رین 200میل,https://www.khanoumi.com/products/my-golden-rain-body-splash-21795,سایر محصولات,بوی خوبی داره و ماندگاریشم خوبه,0,true,2025-03-11T08:43:38.1958393+00:00,مثبت,0.67,ماندگاری | بو و رایحه,بو و رایحه,,false,ندارد,false,
بادی اسپلش زنانه گلدن رین 200میل,https://www.khanoumi.com/products/my-golden-rain-body-splash-21795,سایر محصولات,"واقعا بوی خفنی داره عاشقش شدم 
الان میخوام دوتا دیگه برای مبادا سفارش بدم",0,true,2025-03-07T15:37:27.0924998+00:00,خنثی,0.35,بو و رایحه,بو و رایحه,,false,ندارد,false,
بادی اسپلش زنانه گلدن رین 200میل,https://www.khanoumi.com/products/my-golden-rain-body-splash-21795,سایر محصولات,عطر خوب و شیرینی داره 3ساعت بوش میمونه,0,true,2025-02-13T11:16:58.5282204+00:00,مثبت,0.67,بو و رایحه,بو و رایحه,,false,ندارد,false,
بادی اسپلش زنانه گلدن رین 200میل,https://www.khanoumi.com/products/my-golden-rain-body-splash-21795,سایر محصولات,بوی خیلی خوبی داره شیرین و ملایم.اما محصول تا سر پُر نبود.پولوم هم نبود سلفون پیچیده بودن دورش,0,true,2025-02-11T09:49:47.6192767+00:00,مثبت,0.67,بو و رایحه | تجربه محصول | رضایت کلی,بو و رایحه,,false,ندارد,false,
بادی اسپلش زنانه گلدن رین 200میل,https://www.khanoumi.com/products/my-golden-rain-body-splash-21795,سایر محصولات,بوی خیلی خوبی داره ماندگاریشم بالاس,0,true,2025-01-29T20:11:25.8874301+00:00,مثبت,0.67,ماندگاری | بو و رایحه | رضایت کلی,بو و رایحه,,false,ندارد,false,
بادی اسپلش زنانه گلدن رین 200میل,https://www.khanoumi.com/products/my-golden-rain-body-splash-21795,سایر محصولات,"سلام محصول روتحویل گرفتم ممنون ازسایت خانومی 
این بادی اسپلش واقعا خوشبوه و صدالبته بو سلیقه ایه اما توتخفیف خریدم وواقعا ازش راضیم ماندگاریش وبوش خوبه",0,true,2025-01-23T12:04:45.1849166+00:00,مثبت,0.95,تخفیف | ماندگاری | بو و رایحه | تجربه محصول | رضایت کلی | ارسال کالا,ارسال کالا,,false,ندارد,false,
بادی اسپلش زنانه گلدن رین 200میل,https://www.khanoumi.com/products/my-golden-rain-body-splash-21795,سایر محصولات,"این مدل بوش برای زمستون بهتره..هرچند اونقدر گرم و شیرین نیست که تابستون نشه زد
موندگاریش بالاست مخصوصا اگربعد حمام به بدن بزنید..روی بدن روی لباس،مو قابل استفاده اس
بحث بو هم برمیگرده به سلیقه افراد ،این مدل و مدل آبیش ازهمه خوشبوتره
سالهاست هردو مدلش رو شارژ میکنم",0,true,2024-12-31T14:06:13.143547+00:00,خنثی,0.35,بو و رایحه | موجودی کالا,موجودی کالا,,false,ندارد,false,
بادی اسپلش زنانه گلدن رین 200میل,https://www.khanoumi.com/products/my-golden-rain-body-splash-21795,سایر محصولات,اصلا پشنهاد نمیکنم هرچند بو سلیقه ایه ولی ن تنها خودم بلکه  اطرافیانمم بوش رو دوست نداشتن,0,true,2024-12-06T11:24:37.2618123+00:00,خنثی,0.35,بو و رایحه,بو و رایحه,,false,ندارد,false,
بادی اسپلش زنانه گلدن رین 200میل,https://www.khanoumi.com/products/my-golden-rain-body-splash-21795,سایر محصولات,"بوش خوبه درمورد ماندگاری هم در حد یک ساعت 
شاین نداره",0,true,2024-11-13T18:46:26.4696561+00:00,مثبت,0.67,ماندگاری | بو و رایحه,بو و رایحه,,false,ندارد,false,
بادی اسپلش زنانه گلدن رین 200میل,https://www.khanoumi.com/products/my-golden-rain-body-splash-21795,سایر محصولات,بوی شیرین و ملایمی داره و ماندگاریش هم خوبه. حتما شارژش میکنم,0,true,2024-11-04T11:34:27.7383788+00:00,مثبت,0.67,ماندگاری | بو و رایحه,بو و رایحه,,false,ندارد,false,
بادی اسپلش زنانه گلدن رین 200میل,https://www.khanoumi.com/products/my-golden-rain-body-splash-21795,سایر محصولات,بوش عالیه واقعا خیلی دوستش دارم ماندگاریشم خوبه,0,true,2024-11-03T19:40:06.9042044+00:00,مثبت,0.91,ماندگاری | رضایت کلی | بو و رایحه,بو و رایحه,,false,ندارد,false,
بادی اسپلش زنانه گلدن رین 200میل,https://www.khanoumi.com/products/my-golden-rain-body-splash-21795,سایر محصولات,بوی خوبی داره,0,true,2024-08-18T12:35:52+00:00,خنثی,0.35,بو و رایحه,بو و رایحه,,false,ندارد,false,
بادی اسپلش زنانه گلدن رین 200میل,https://www.khanoumi.com/products/my-golden-rain-body-splash-21795,سایر محصولات,"اصلا بوی خاصی نداره و بوی الکل میده
به نظرم ارزش خرید نداره",0,true,2024-08-04T14:00:27+00:00,منفی,0.67,بو و رایحه | قیمت,قیمت,بو و رایحه | قیمت,true,پایین,false,
بادی اسپلش زنانه گلدن رین 200میل,https://www.khanoumi.com/products/my-golden-rain-body-splash-21795,سایر محصولات,بوش خوبه و ماندگاری هم داره شیرین داره,0,true,2024-07-04T12:52:06+00:00,مثبت,0.67,ماندگاری | بو و رایحه,بو و رایحه,,false,ندارد,false,
بادی اسپلش زنانه گلدن رین 200میل,https://www.khanoumi.com/products/my-golden-rain-body-splash-21795,سایر محصولات,ماندگاری خوبی داره، یکم الکل داره ولی بازم خوبه، بوشم خوبه,0,true,2024-05-30T13:03:01+00:00,مثبت,0.79,ماندگاری | ترکیبات,ماندگاری,,false,ندارد,false,
بادی اسپلش زنانه گلدن رین 200میل,https://www.khanoumi.com/products/my-golden-rain-body-splash-21795,سایر محصولات,"بوی خیلی خوبی داره ملایمه
حجمش هم زیاده 
اولش کمی بوی الکل داره 
ماندگاری قابل قبولی داره ",0,true,2024-05-27T12:26:11+00:00,مثبت,0.67,بو و رایحه | ماندگاری | ترکیبات | رضایت کلی,بو و رایحه,,false,ندارد,false,
بادی اسپلش زنانه گلدن رین 200میل,https://www.khanoumi.com/products/my-golden-rain-body-splash-21795,سایر محصولات,من با اینکه اصلا بوی شیرین دوست ندارم،این بو خیلییی برام جذاب بود،ماندگاریش واقعا خوبه تا دوروز قشنگ بوشو حس میکنه ادم،واااقعا رایحه همه پسندی داره,0,true,2024-05-02T21:48:11+00:00,مثبت,0.67,بو و رایحه | ماندگاری,بو و رایحه,,false,ندارد,false,
بادی اسپلش زنانه گلدن رین 200میل,https://www.khanoumi.com/products/my-golden-rain-body-splash-21795,سایر محصولات,بو و ماندگاریش محشررره,0,true,2024-03-16T02:12:53+00:00,خنثی,0.35,ماندگاری | بو و رایحه,بو و رایحه,,false,ندارد,false,
بادی اسپلش زنانه گلدن رین 200میل,https://www.khanoumi.com/products/my-golden-rain-body-splash-21795,سایر محصولات,بوی گل میده ,0,true,2024-02-15T12:38:42+00:00,خنثی,0.35,بو و رایحه,بو و رایحه,,false,ندارد,false,
بادی اسپلش زنانه گلدن رین 200میل,https://www.khanoumi.com/products/my-golden-rain-body-splash-21795,سایر محصولات,بوش خوب و قشنگه حالا باید ببینم ماندگاریش در چه حده,0,true,2024-02-13T15:04:05+00:00,مثبت,0.67,ماندگاری | بو و رایحه,بو و رایحه,,false,ندارد,false,
بادی اسپلش زنانه گلدن رین 200میل,https://www.khanoumi.com/products/my-golden-rain-body-splash-21795,سایر محصولات,بوی خیلی خوبی داره,0,true,2023-09-26T13:29:32+00:00,مثبت,0.67,بو و رایحه | رضایت کلی,بو و رایحه,,false,ندارد,false,
بادی اسپلش زنانه گلدن رین 200میل,https://www.khanoumi.com/products/my-golden-rain-body-splash-21795,سایر محصولات,"خیلی خوشبو بود مرسی 
موندگاریشم راضی بودم ازش و دوباره میخوام سفارش بدم ",1,true,2023-07-20T11:16:55+00:00,مثبت,0.79,بو و رایحه | رضایت کلی,بو و رایحه,,false,ندارد,false,
بادی اسپلش زنانه گلدن رین 200میل,https://www.khanoumi.com/products/my-golden-rain-body-splash-21795,سایر محصولات,ماندگاریش بد نیست ولی خیلی خوشبو،عاشق بوشم😍,0,true,2023-06-18T08:55:17+00:00,مثبت,0.67,ماندگاری | بو و رایحه,بو و رایحه,,false,ندارد,false,
بادی اسپلش زنانه گلدن رین 200میل,https://www.khanoumi.com/products/my-golden-rain-body-splash-21795,سایر محصولات,بوی خیلی خوبی داره،و حجمشم خوبه,0,true,2023-04-11T20:10:52+00:00,مثبت,0.79,بو و رایحه | رضایت کلی,بو و رایحه,,false,ندارد,false,
بادی اسپلش زنانه گلدن رین 200میل,https://www.khanoumi.com/products/my-golden-rain-body-splash-21795,سایر محصولات,من میپسندم ,1,true,2022-12-22T04:49:16+00:00,خنثی,0.35,سایر,سایر,,false,ندارد,false,
بادی اسپلش زنانه گلدن رین 200میل,https://www.khanoumi.com/products/my-golden-rain-body-splash-21795,سایر محصولات,بوی ملایمی داره.یجورایی بوی میوه میده. برا ماندگاریش هم از ۱۰۰، من امتیاز ۴۰ میدم بهش. من خودم روزی دوبار میزنمش ک بوش بیاد.مکمل خوبی برا عطر و ادکلنه.من قبلا طلاییه شاینشو داشتم ماندگاریش فوق العاده بالابود وخیییلی خوشبو.,6,true,2022-05-01T13:07:35+00:00,مثبت,0.67,ماندگاری | بو و رایحه | باشگاه مشتریان و امتیاز | رضایت کلی,بو و رایحه,,false,ندارد,false,
بادی اسپلش زنانه گلدن رین 200میل,https://www.khanoumi.com/products/my-golden-rain-body-splash-21795,سایر محصولات,من گرفتم بوش خیلی عااالیه.. فقط زیاد بوش روی پوست نمیمونه,4,true,2021-01-01T00:01:08+00:00,مثبت,0.79,بو و رایحه | رضایت کلی | تجربه محصول,بو و رایحه,,false,ندارد,false,
بادی اسپلش زنانه گلدن رین 200میل,https://www.khanoumi.com/products/my-golden-rain-body-splash-21795,سایر محصولات,"خیلی خوشبوعه و موندگاریش هم خوبه
عاشقشم من",6,true,2020-09-12T22:22:26+00:00,مثبت,0.79,بو و رایحه | رضایت کلی,بو و رایحه,,false,ندارد,false,
بادی اسپلش زنانه گلدن رین 200میل,https://www.khanoumi.com/products/my-golden-rain-body-splash-21795,سایر محصولات,بوش بدک نیست فقط اصلا موندگاری نداره. در حد چند ساعت هم نمیمونه. من توی اداره در طول روز چندییییین بار استفاده میکنم ولی باز بویی حس نمیشه.,2,true,2020-08-15T18:15:04+00:00,خنثی,0.35,تجربه محصول | بو و رایحه,بو و رایحه,,false,ندارد,false,
بادی اسپلش زنانه گلدن رین 200میل,https://www.khanoumi.com/products/my-golden-rain-body-splash-21795,سایر محصولات,عالیه من مدت هاست ازش استفاده میکنم اولین باره از خانومی میگیرم به نظرم قیمتش تو جشنواره خیلی خوب بود هرجا رفتم از پرسیدم عطرت چیه...,1,true,2020-07-29T12:26:03+00:00,مثبت,0.95,رضایت کلی | تجربه محصول | تخفیف,تخفیف,,false,ندارد,false,
بادی اسپلش زنانه گلدن رین 200میل,https://www.khanoumi.com/products/my-golden-rain-body-splash-21795,سایر محصولات,"بوش عالیههههه موندگاریشم خیلی خوبه،۱۰۰ بار ازش خریدم 
حاضر نیستم چیز دیگه ای به جاش بخرم",1,true,2020-07-16T05:46:26+00:00,مثبت,0.95,رضایت کلی | بو و رایحه | تجربه محصول,بو و رایحه,,false,ندارد,false,
بادی اسپلش زنانه گلدن رین 200میل,https://www.khanoumi.com/products/my-golden-rain-body-splash-21795,سایر محصولات,بوی خوبی داره،ماندگاریش کمتر از یک روزه.من شنیده بودم توش اکلیل داره ولی مال من نداشت 😔,6,true,2020-03-03T14:07:41+00:00,خنثی,0.35,ماندگاری | بو و رایحه,بو و رایحه,,false,ندارد,false,
بادی اسپلش زنانه گلدن رین 200میل,https://www.khanoumi.com/products/my-golden-rain-body-splash-21795,سایر محصولات,خیلی بوی خوبی داره. موندگاریشم که عالیه,4,true,2019-08-17T03:31:14.16+00:00,مثبت,0.79,رضایت کلی | بو و رایحه,بو و رایحه,,false,ندارد,false,
شامپو بدن مدل کرمی شیر توت فرنگی حجم 300 میلی لیتر,https://www.khanoumi.com/products/schon-creamy-body-wash-21789,شامپو و شستشوی مو,مرسیی بابت تخفیف های فوق العاده اتون عالی بود از همه نظر پرفکت هستید,0,true,2024-04-04T13:52:59+00:00,مثبت,0.95,تخفیف | رضایت کلی,تخفیف,,false,ندارد,false,
شامپو بدن مدل کرمی شیر توت فرنگی حجم 300 میلی لیتر,https://www.khanoumi.com/products/schon-creamy-body-wash-21789,شامپو و شستشوی مو,واقعا خوشبوترینه ,0,true,2024-02-07T18:15:29+00:00,خنثی,0.35,بو و رایحه,بو و رایحه,,false,ندارد,false,
شامپو بدن مدل کرمی شیر توت فرنگی حجم 300 میلی لیتر,https://www.khanoumi.com/products/schon-creamy-body-wash-21789,شامپو و شستشوی مو,بوی بهشت میده کی میگه بوش بده !!!!,0,true,2024-01-29T23:28:44+00:00,منفی,0.67,بو و رایحه,بو و رایحه,بو و رایحه,true,پایین,false,
شامپو بدن مدل کرمی شیر توت فرنگی حجم 300 میلی لیتر,https://www.khanoumi.com/products/schon-creamy-body-wash-21789,شامپو و شستشوی مو,راضیم,0,true,2023-12-25T18:00:07+00:00,مثبت,0.79,رضایت کلی,رضایت کلی,,false,ندارد,false,
شامپو بدن مدل کرمی شیر توت فرنگی حجم 300 میلی لیتر,https://www.khanoumi.com/products/schon-creamy-body-wash-21789,شامپو و شستشوی مو,عالیه بوی ژله توتفرنگی میده😭😍😭😍,0,true,2023-10-20T14:07:10+00:00,مثبت,0.79,رضایت کلی | بو و رایحه,بو و رایحه,,false,ندارد,false,
شامپو بدن مدل کرمی شیر توت فرنگی حجم 300 میلی لیتر,https://www.khanoumi.com/products/schon-creamy-body-wash-21789,شامپو و شستشوی مو,خیلی عالیه ,1,true,2023-09-19T00:18:29+00:00,مثبت,0.79,رضایت کلی,رضایت کلی,,false,ندارد,false,
شامپو بدن مدل کرمی شیر توت فرنگی حجم 300 میلی لیتر,https://www.khanoumi.com/products/schon-creamy-body-wash-21789,شامپو و شستشوی مو,بوی خیلی خوبی داره ,1,true,2023-09-14T20:23:14+00:00,مثبت,0.67,بو و رایحه | رضایت کلی,بو و رایحه,,false,ندارد,false,
شامپو بدن مدل کرمی شیر توت فرنگی حجم 300 میلی لیتر,https://www.khanoumi.com/products/schon-creamy-body-wash-21789,شامپو و شستشوی مو,"عاشق بوشم
",0,true,2023-06-09T23:38:11+00:00,خنثی,0.35,رضایت کلی,رضایت کلی,,false,ندارد,false,
شامپو بدن مدل کرمی شیر توت فرنگی حجم 300 میلی لیتر,https://www.khanoumi.com/products/schon-creamy-body-wash-21789,شامپو و شستشوی مو,حجم و بوی خوبی داره ولی بوش ده دقیقه بیشتر نمیمونه. اینکه دونههای اسکراب داره خیلی خوبه و باعث میشه پوست بدن خیلی خوب لایهبرداری و تمیز بشه. اصلا بعد شستوشو پوست بدن رو خشک نمیکنه و مطمئن باشید بعد از استفاده ازین شامپو بدن لازم نیست کرم مرطوبکننده بزنید. خلاصه که خیلی خوبه من دو دوره استفاده کردم راضیم,3,true,2023-06-03T18:29:43+00:00,مثبت,0.95,رضایت کلی | بو و رایحه | حجم و مقدار | تجربه محصول,بو و رایحه,,false,ندارد,false,
شامپو بدن مدل کرمی شیر توت فرنگی حجم 300 میلی لیتر,https://www.khanoumi.com/products/schon-creamy-body-wash-21789,شامپو و شستشوی مو,بوش واقعا آدم رو مست میکنه و تا مدت ها بوی خوب میدید من عاشقشم ,2,true,2023-04-13T03:59:14+00:00,مثبت,0.79,بو و رایحه | رضایت کلی,بو و رایحه,,false,ندارد,false,
شامپو بدن مدل کرمی شیر توت فرنگی حجم 300 میلی لیتر,https://www.khanoumi.com/products/schon-creamy-body-wash-21789,شامپو و شستشوی مو,بوش رو دوست دارم ولی یکم رقیقه و زود تموم میشه. پوستم چربه ولی بعد استفاده ازش پوستم بهتر شده,2,true,2023-03-02T01:16:40+00:00,خنثی,0.35,بو و رایحه | ماندگاری,بو و رایحه,,false,ندارد,false,
شامپو بدن مدل کرمی شیر توت فرنگی حجم 300 میلی لیتر,https://www.khanoumi.com/products/schon-creamy-body-wash-21789,شامپو و شستشوی مو,من یکبار اتفاقی از شامپو بدن شون استفاده کردم فکر میکنم بادام و عسل بود و خیلی راضی بودم بعدش شدیدا دنبال شامپو بدن اسکراب شکلاتی شون بودم اما هیچجا موجود نبود.در نهایت تصمیم گرفتم این شامپوی شیر توت فرنگی رو امتحان کنم و ازش راضی هستم.من پوستم یه مقدار چربه و این شامپو کاملا پوست رو تمیز میکنه اما در عین حال خشک نمیکنه و برای همه نوع پوست مناسبه.بوشم فوق العادس واقعا!!بافتش یه مقدار رقیق هست و نمیدونم چرا نسبت به بقیه شامپو بدن های شون سایز و حجمش کوچکتره!تنها مشکلش کوچک بودنشه!!وگرنه عالیه!,5,true,2023-02-08T02:54:19+00:00,مثبت,0.95,رضایت کلی | تجربه محصول | بافت محصول | موجودی کالا | سؤال و ابهام,موجودی کالا,,false,ندارد,false,
شامپو بدن مدل کرمی شیر توت فرنگی حجم 300 میلی لیتر,https://www.khanoumi.com/products/schon-creamy-body-wash-21789,شامپو و شستشوی مو,این شامپو عالیهههه... خیلی بوی خوبی داره من عاشقش شدم ⁦(⁠｡⁠♡⁠‿⁠♡⁠｡⁠)⁩,7,true,2022-11-29T15:49:05+00:00,مثبت,0.79,رضایت کلی | بو و رایحه,بو و رایحه,,false,ندارد,false,
شامپو بدن مدل کرمی شیر توت فرنگی حجم 300 میلی لیتر,https://www.khanoumi.com/products/schon-creamy-body-wash-21789,شامپو و شستشوی مو,محصول بینظیری ست،بوی بسیار مطبوع و باعث لطافت پوست.. ,9,true,2022-11-13T23:14:48+00:00,خنثی,0.35,بو و رایحه | تجربه محصول,بو و رایحه,,false,ندارد,false,
شامپو بدن مدل کرمی شیر توت فرنگی حجم 300 میلی لیتر,https://www.khanoumi.com/products/schon-creamy-body-wash-21789,شامپو و شستشوی مو,بوی عالی پوست رو نرم میکنه بار چهارمه که میخرم,5,true,2022-09-10T10:06:54+00:00,مثبت,0.67,بو و رایحه | رضایت کلی,بو و رایحه,,false,ندارد,false,
شامپو بدن مدل کرمی شیر توت فرنگی حجم 300 میلی لیتر,https://www.khanoumi.com/products/schon-creamy-body-wash-21789,شامپو و شستشوی مو,بوی توت فرنگیه خوبی داره همراه با خاصیت نرم کنندگی پوست,2,true,2022-08-13T16:01:32+00:00,خنثی,0.35,بو و رایحه,بو و رایحه,,false,ندارد,false,
شامپو بدن مدل کرمی شیر توت فرنگی حجم 300 میلی لیتر,https://www.khanoumi.com/products/schon-creamy-body-wash-21789,شامپو و شستشوی مو,بوی خیلی خیلی خوبی داره و پوست رو خشک نمیکنه.محصول با کیفیت ایرانی فوق العاده,4,true,2022-05-30T21:32:33+00:00,مثبت,0.79,کیفیت محصول | رضایت کلی | بو و رایحه | تجربه محصول,کیفیت محصول,,false,ندارد,false,
شامپو بدن مدل کرمی شیر توت فرنگی حجم 300 میلی لیتر,https://www.khanoumi.com/products/schon-creamy-body-wash-21789,شامپو و شستشوی مو,"من بوشو اصلا دوست نداشتم که خب سلیقه ایه ولی بجز اون نوشته دونه های شکری واسه اسکراب بدن
ف انقدر اون دونه ها ریزن که حس نمیشن و بوش هم اصلا نمیمونه. یک ساعت بعد حموم دیگه بو حس نمیشه.",8,true,2021-08-01T01:15:31+00:00,خنثی,0.35,بو و رایحه,بو و رایحه,,false,ندارد,false,
شامپو بدن مدل کرمی شیر توت فرنگی حجم 300 میلی لیتر,https://www.khanoumi.com/products/schon-creamy-body-wash-21789,شامپو و شستشوی مو,رایحه بینظیر و عالی داره😍👌,2,true,2021-07-20T14:50:33+00:00,مثبت,0.67,بو و رایحه | رضایت کلی,بو و رایحه,,false,ندارد,false,
شامپو بدن مدل کرمی شیر توت فرنگی حجم 300 میلی لیتر,https://www.khanoumi.com/products/schon-creamy-body-wash-21789,شامپو و شستشوی مو,"همه رایحه هاشو دوست داشتم جز شیر توت فرنگی من خیلی خوشم نیومد .
اسطوخودوس و عسل و بادام خیلی عالی بودن پیشنهاد میکنم حتما استفاده کنید ... ",4,true,2020-12-18T17:22:13+00:00,مثبت,0.95,پیشنهاد به دیگران | رضایت کلی | بو و رایحه,بو و رایحه,,false,ندارد,false,
شامپو بدن مدل کرمی شیر توت فرنگی حجم 300 میلی لیتر,https://www.khanoumi.com/products/schon-creamy-body-wash-21789,شامپو و شستشوی مو,بوی خیلی خوبی داره.اما فکر میکنم به خاطر کرمی بودنش هست که باید مقدار زیادی رو لیف بریزیم تا خوب کف کنه و زود تموم میشه,7,true,2020-10-20T18:12:11+00:00,مثبت,0.79,بو و رایحه | ماندگاری | بافت محصول | رضایت کلی,بافت محصول,,false,ندارد,false,
شامپو بدن مدل کرمی شیر توت فرنگی حجم 300 میلی لیتر,https://www.khanoumi.com/products/schon-creamy-body-wash-21789,شامپو و شستشوی مو,بوی خیلی خوبی داره به صرفه هست ولی بهش آلرژی داشتم.,0,true,2020-09-08T18:55:54+00:00,مثبت,0.67,حساسیت و واکنش پوست/مو | قیمت | بو و رایحه | رضایت کلی,حساسیت و واکنش پوست/مو,حساسیت و واکنش پوست/مو,true,بالا,false,
شامپو بدن مدل کرمی شیر توت فرنگی حجم 300 میلی لیتر,https://www.khanoumi.com/products/schon-creamy-body-wash-21789,شامپو و شستشوی مو,واقعا عالیه و بوش خیلی خوبه و پاک کنندگی خوبی هم‌داره,0,true,2020-09-08T01:50:11+00:00,مثبت,0.95,رضایت کلی | بو و رایحه,بو و رایحه,,false,ندارد,false,
شامپو بدن مدل کرمی شیر توت فرنگی حجم 300 میلی لیتر,https://www.khanoumi.com/products/schon-creamy-body-wash-21789,شامپو و شستشوی مو,من عاااااشقشم بوي خيلي خوبي داره و لطافتش بينظيره من خيلي راضي ام,1,true,2020-08-18T16:41:21+00:00,مثبت,0.95,رضایت کلی | بو و رایحه,بو و رایحه,,false,ندارد,false,
شامپو بدن مدل کرمی شیر توت فرنگی حجم 300 میلی لیتر,https://www.khanoumi.com/products/schon-creamy-body-wash-21789,شامپو و شستشوی مو,بوی خیلی خوبی میده دوس دارم,0,true,2020-08-18T13:24:46+00:00,مثبت,0.67,بو و رایحه | رضایت کلی,بو و رایحه,,false,ندارد,false,
شامپو بدن مدل کرمی شیر توت فرنگی حجم 300 میلی لیتر,https://www.khanoumi.com/products/schon-creamy-body-wash-21789,شامپو و شستشوی مو,من از شامپو بدن شیر توت فرنگی شون استفاده میکنم و راضی هستم 💓,0,true,2020-08-18T13:22:04+00:00,مثبت,0.67,تجربه محصول,تجربه محصول,,false,ندارد,false,
شامپو بدن مدل کرمی شیر توت فرنگی حجم 300 میلی لیتر,https://www.khanoumi.com/products/schon-creamy-body-wash-21789,شامپو و شستشوی مو,به شدت خوشبو ⁦👌🏼⁩خیلی دوسش دارم,0,true,2020-07-05T10:47:28+00:00,خنثی,0.35,بو و رایحه,بو و رایحه,,false,ندارد,false,
پک آرایشی کایستا به همراه لاک رایگان,https://www.khanoumi.com/products/callista-makeup-set-21798,لاک و ناخن,کرم پودر نداره که این پک !,28,true,2018-12-06T12:44:38.8333333+00:00,خنثی,0.35,تجربه محصول,تجربه محصول,,false,ندارد,false,
بادی  اسپلش بل,https://www.khanoumi.com/products/seagull-belle-body-splash-21800,سایر محصولات,بوی خوب و ملایمی داره. انتظار ماندگاری زیاد نداشته باشین.,0,true,2026-08-16T00:37:26.2262175+03:30,مثبت,0.67,ماندگاری | بو و رایحه,بو و رایحه,,false,ندارد,false,
بادی  اسپلش بل,https://www.khanoumi.com/products/seagull-belle-body-splash-21800,سایر محصولات,بوش عالیهه ولی ماندگاریش نهایتا دوساعته,0,true,2026-06-09T03:00:28.7098214+03:30,مثبت,0.79,ماندگاری | رضایت کلی | بو و رایحه,بو و رایحه,,false,ندارد,false,
بادی  اسپلش بل,https://www.khanoumi.com/products/seagull-belle-body-splash-21800,سایر محصولات,بوش خیلی خوبه، گرم و شیرینه، ماندگاری بوش هم بد نیست دو سه ساعتی می مونه,0,true,2026-05-31T01:47:16.6489781+03:30,مثبت,0.91,ماندگاری | بو و رایحه | رضایت کلی,بو و رایحه,,false,ندارد,false,
بادی  اسپلش بل,https://www.khanoumi.com/products/seagull-belle-body-splash-21800,سایر محصولات,هم ماندگاریش خوبه و هم بو و قیمت,0,true,2026-05-28T03:04:03.0663577+03:30,مثبت,0.67,ماندگاری | قیمت | بو و رایحه,قیمت,,false,ندارد,false,
بادی  اسپلش بل,https://www.khanoumi.com/products/seagull-belle-body-splash-21800,سایر محصولات,"اصلا ماندگاری نداره
خودم بدون اینکه دیدگاه رو بخونم خریدم",0,true,2026-05-24T18:40:22.8166245+03:30,خنثی,0.35,ماندگاری | تجربه محصول,ماندگاری,,false,ندارد,false,
بادی  اسپلش بل,https://www.khanoumi.com/products/seagull-belle-body-splash-21800,سایر محصولات,اصلا ماندگاری نداره,0,true,2026-05-23T01:03:01.9882537+03:30,خنثی,0.35,ماندگاری,ماندگاری,,false,ندارد,false,
بادی  اسپلش بل,https://www.khanoumi.com/products/seagull-belle-body-splash-21800,سایر محصولات,متاسفانه اصلا ماندگاری نداره,0,true,2026-05-17T19:43:45.1703108+03:30,منفی,0.67,ماندگاری,ماندگاری,ماندگاری,true,پایین,false,
بادی  اسپلش بل,https://www.khanoumi.com/products/seagull-belle-body-splash-21800,سایر محصولات,من همیشه از رنگ بنفش بادی اسلش مای استفاده میکزدم بهتر از این رنگشه واقعا بویی نداره,0,true,2026-05-10T17:31:59.4182545+03:30,خنثی,0.35,رنگ و شید,رنگ و شید,,false,ندارد,false,
بادی  اسپلش بل,https://www.khanoumi.com/products/seagull-belle-body-splash-21800,سایر محصولات,ماندگاری اصلا نداره بوش خوبه ولی ماندگاری ندارد,0,true,2026-05-05T09:53:18.033269+03:30,منفی,0.67,ماندگاری | بو و رایحه,بو و رایحه,ماندگاری | بو و رایحه,true,پایین,false,
بادی  اسپلش بل,https://www.khanoumi.com/products/seagull-belle-body-splash-21800,سایر محصولات,"سلام و احترام
اصلا ماندگاری نداره",0,true,2026-04-27T11:40:49.8030141+03:30,خنثی,0.35,ماندگاری,ماندگاری,,false,ندارد,false,
بادی  اسپلش بل,https://www.khanoumi.com/products/seagull-belle-body-splash-21800,سایر محصولات,ماندگاری اصلا نداره..فقط چندثانیه اول,0,true,2026-04-09T17:06:24.14759+03:30,خنثی,0.35,ماندگاری,ماندگاری,,false,ندارد,false,
بادی  اسپلش بل,https://www.khanoumi.com/products/seagull-belle-body-splash-21800,سایر محصولات,"اصلا پیشنهاد نمیکنم. کسی از بادی اسپلش نباید انتظار ماندگاری زیاد داشته باشه، اما این حتی در حد چن دقیقه هم بوش نمیمونه، همین هزینه رو برای برند مای بکنید 
همین هزینه رو روی بادی اسپلش مای بکنید هم خوشبوهستن هم ماندگار",0,true,2026-03-31T01:08:35.0368895+03:30,خنثی,0.35,ماندگاری | بو و رایحه | قیمت,قیمت,,false,ندارد,false,
بادی  اسپلش بل,https://www.khanoumi.com/products/seagull-belle-body-splash-21800,سایر محصولات,یه بویه شیرین گلی پودری داره و من دوستش داشتم رایحش گرمه,0,true,2026-03-10T19:41:21.0689159+03:30,خنثی,0.35,رضایت کلی,رضایت کلی,,false,ندارد,false,
بادی  اسپلش بل,https://www.khanoumi.com/products/seagull-belle-body-splash-21800,سایر محصولات,بوی شیرین و عالیی داره,0,true,2026-01-20T23:00:24.6865463+03:30,مثبت,0.67,بو و رایحه,بو و رایحه,,false,ندارد,false,
بادی  اسپلش بل,https://www.khanoumi.com/products/seagull-belle-body-splash-21800,سایر محصولات,با سلام ، من با توجه به نظرات دوستان این محصول رو سفارش دادم، باید بگم واقعا افتضاحه اولا طرح قدیم اصلا و ابدا هیچ بویی نداره به نظرم آب پر کردن تو شیشه اش اصلا ارزش خرید نداره پولتونو حروم نکنین,0,true,2025-12-23T09:34:02.3151038+03:30,منفی,0.79,تجربه محصول | نارضایتی کلی | قیمت,قیمت,نارضایتی کلی | قیمت,true,متوسط,false,
بادی  اسپلش بل,https://www.khanoumi.com/products/seagull-belle-body-splash-21800,سایر محصولات,خوشبو ترین بادیه ممکن عاشقش شدم واقعا هم سبزش هم این مدلش واقعا خوشبو هستن اصلا بوی الکل قالب نیست تو این بادیا,0,true,2025-11-10T15:25:39.7561243+03:30,خنثی,0.35,بو و رایحه,بو و رایحه,,false,ندارد,false,
بادی  اسپلش بل,https://www.khanoumi.com/products/seagull-belle-body-splash-21800,سایر محصولات,دوستان بوش شیرینه اگه کسی بو شیرین دوست نداره نخره چون شدید شیرینه و گرم,0,true,2025-10-12T11:51:52.5994935+03:30,خنثی,0.35,بو و رایحه,بو و رایحه,,false,ندارد,false,
بادی  اسپلش بل,https://www.khanoumi.com/products/seagull-belle-body-splash-21800,سایر محصولات,بد نبود بوش خوبه ولی ماندگاری نداره,0,true,2025-06-19T19:33:48.4206531+00:00,خنثی,0.4,ماندگاری | بو و رایحه,بو و رایحه,,false,ندارد,false,
بادی  اسپلش بل,https://www.khanoumi.com/products/seagull-belle-body-splash-21800,سایر محصولات,من از این برند سبزشو خریدم هنوز دارمش انقد که بوش خوبه و ماندگاره سری بعدی از این خریدم صورتیه به شدت بو الکل میده و اصلا بویی نمیدهه اشغالهه,0,true,2025-05-25T23:18:18.7186287+00:00,مثبت,0.67,بو و رایحه | تجربه محصول,بو و رایحه,,false,ندارد,false,
بادی  اسپلش بل,https://www.khanoumi.com/products/seagull-belle-body-splash-21800,سایر محصولات,دوسل و نیمه از این بادی اسپلش استفاده میکنم بهترینه,0,true,2025-04-26T13:55:04.3587329+00:00,مثبت,0.67,تجربه محصول | رضایت کلی,تجربه محصول,,false,ندارد,false,
بادی  اسپلش بل,https://www.khanoumi.com/products/seagull-belle-body-splash-21800,سایر محصولات,فقط بو الکل میده بشدت بدردنخوره,0,true,2025-04-25T10:30:27.5855422+00:00,خنثی,0.35,بو و رایحه,بو و رایحه,,false,ندارد,false,
بادی  اسپلش بل,https://www.khanoumi.com/products/seagull-belle-body-splash-21800,سایر محصولات,بوی خیلی خوبی داره و ماندگاره در حد 5 6 ساعت .بوش خیلی دلنشینه من دوسش دارم.کلا از بادی اسپلش نباید مثل عطر چند میلیونی انتطار داشت,0,true,2025-04-21T16:18:20.9482849+00:00,مثبت,0.67,بو و رایحه | رضایت کلی,بو و رایحه,,false,ندارد,false,
بادی  اسپلش بل,https://www.khanoumi.com/products/seagull-belle-body-splash-21800,سایر محصولات,"دومین باری بود که این بادی اسپلش رو میگرفتم و اولش یه بوی الکل زیاد میده و بعدش هم بوی خیلی کمی داره و اصلا ماندگاری نداره 
در صورتی که سری اول که خریده بودم هم بوی خوبی داشت هم ماندگاری زیاد",0,true,2025-03-31T13:34:38.2840071+00:00,خنثی,0.35,ماندگاری | بو و رایحه | تجربه محصول,بو و رایحه,,false,ندارد,false,
بادی  اسپلش بل,https://www.khanoumi.com/products/seagull-belle-body-splash-21800,سایر محصولات,بوی خوب و شیرینه داره ماندگاریش هم در حد 5،6 ساعته,0,true,2025-03-18T11:36:51.3699294+00:00,مثبت,0.67,ماندگاری | بو و رایحه,بو و رایحه,,false,ندارد,false,
بادی  اسپلش بل,https://www.khanoumi.com/products/seagull-belle-body-splash-21800,سایر محصولات,بوس معمولیه و اصلا ماندگاری نداره,0,true,2025-03-03T20:38:20.6421935+00:00,خنثی,0.35,ماندگاری | نارضایتی کلی,ماندگاری,,false,ندارد,false,
بادی  اسپلش بل,https://www.khanoumi.com/products/seagull-belle-body-splash-21800,سایر محصولات,بوش خوبه من بار دومه که میخرم ماندگاری چندانی نداره ولی از هیچی بهتره,0,true,2025-03-02T15:43:50.8951593+00:00,مثبت,0.67,ماندگاری | بو و رایحه,بو و رایحه,,false,ندارد,false,
بادی  اسپلش بل,https://www.khanoumi.com/products/seagull-belle-body-splash-21800,سایر محصولات,بوی خوبی داره اما اصلا ماندگاری نداره در حد شاید نیم ساعت شایدم کمتر براتون ماندگاری داشته باشه .,0,true,2025-02-28T20:35:52.9683687+00:00,خنثی,0.35,ماندگاری | بو و رایحه,بو و رایحه,,false,ندارد,false,
بادی  اسپلش بل,https://www.khanoumi.com/products/seagull-belle-body-splash-21800,سایر محصولات,عالیه بوشششششش,0,true,2025-01-12T11:06:56.562088+00:00,مثبت,0.79,رضایت کلی | بو و رایحه,بو و رایحه,,false,ندارد,false,
بادی  اسپلش بل,https://www.khanoumi.com/products/seagull-belle-body-splash-21800,سایر محصولات,من عاشق این بادی اسپلشم خیلی دوستش دارم قبلا همیشه از داروخونه میگرفتم اینبار از خانومی سفارش دادم همون من ک عاشقشم,0,true,2025-01-08T13:54:17.0354562+00:00,مثبت,0.67,تجربه محصول | رضایت کلی,تجربه محصول,,false,ندارد,false,
بادی  اسپلش بل,https://www.khanoumi.com/products/seagull-belle-body-splash-21800,سایر محصولات,بوی گل میده خوشبوه,0,true,2025-01-08T07:08:16.6955353+00:00,خنثی,0.35,بو و رایحه,بو و رایحه,,false,ندارد,false,
بادی  اسپلش بل,https://www.khanoumi.com/products/seagull-belle-body-splash-21800,سایر محصولات,اول که اسپری میشه بوی الکل میده اما یکم که میگذره بوی خوبی میده...اما درکل من بادی اسپلش مای رو ترجیح میدم,0,true,2025-01-07T08:00:05.8912353+00:00,خنثی,0.35,بو و رایحه,بو و رایحه,,false,ندارد,false,
بادی  اسپلش بل,https://www.khanoumi.com/products/seagull-belle-body-splash-21800,سایر محصولات,اصلا خوش بونیس و ماندگاری صفر ،منکه اصلا راضی نبودم نسبت ب کامنتایی‌ک گذاشته بودن خریدم ولی بوش افتضاحه,0,true,2024-12-18T15:39:58.3390497+00:00,منفی,0.79,ماندگاری | نارضایتی کلی | بو و رایحه | تجربه محصول,بو و رایحه,ماندگاری | نارضایتی کلی | بو و رایحه,true,متوسط,false,
بادی  اسپلش بل,https://www.khanoumi.com/products/seagull-belle-body-splash-21800,سایر محصولات,بوش خوبه ، حجمش خوبه فقط افشانش خوب نیست خوب اسپره نمیکنه,0,true,2024-12-07T05:06:14.9248751+00:00,خنثی,0.35,بو و رایحه,بو و رایحه,,false,ندارد,false,
بادی  اسپلش بل,https://www.khanoumi.com/products/seagull-belle-body-splash-21800,سایر محصولات,من همیشه می گرفتم خیلی راضی بود ولی این بار خیلی بوی الکل میده,0,true,2024-12-06T13:56:42.8908887+00:00,مثبت,0.67,بو و رایحه | تجربه محصول,بو و رایحه,,false,ندارد,false,
بادی  اسپلش بل,https://www.khanoumi.com/products/seagull-belle-body-splash-21800,سایر محصولات,همه گفتن ماندگاری کمه ولی ازش راضی بودم  خیلی بوی  خوبی داره,0,true,2024-12-02T12:11:29.045366+00:00,مثبت,0.67,ماندگاری | بو و رایحه,بو و رایحه,,false,ندارد,false,
بادی  اسپلش بل,https://www.khanoumi.com/products/seagull-belle-body-splash-21800,سایر محصولات,"بوش شبیه ادکلن لانکوم لاویه بل هست 
در مورد ماندگارش نظری ندارم",0,true,2024-12-01T14:31:30.630772+00:00,خنثی,0.35,بو و رایحه,بو و رایحه,,false,ندارد,false,
بادی  اسپلش بل,https://www.khanoumi.com/products/seagull-belle-body-splash-21800,سایر محصولات,بوی عطر لانکوم لاویه بل هستش,0,true,2024-12-01T11:21:15.8269741+00:00,خنثی,0.35,بو و رایحه,بو و رایحه,,false,ندارد,false,
بادی  اسپلش بل,https://www.khanoumi.com/products/seagull-belle-body-splash-21800,سایر محصولات,ماندگاری بوش در حد 2 الی 3 ساعته، ولی بنظر من خوب بود به نسبت قیمتش. بوش هم خیلی ملیح و دلچسبه,0,true,2024-10-04T19:09:34.695743+00:00,مثبت,0.79,ماندگاری | بو و رایحه,بو و رایحه,,false,ندارد,false,
بادی  اسپلش بل,https://www.khanoumi.com/products/seagull-belle-body-splash-21800,سایر محصولات,"ماندگاری بو و رد بو عالی بعد از دوش گرفتن و زدن بادی لوشن و استفاده از این بادی اسپلش عالیه و ماندگاری شو چند برابر میکنه 
البته نوع رایحه سلیقه ای که من این رایحه رو دوست دارم 
",0,true,2024-02-27T10:53:01+00:00,مثبت,0.91,ماندگاری | بو و رایحه | رضایت کلی,بو و رایحه,,false,ندارد,false,
بادی  اسپلش بل,https://www.khanoumi.com/products/seagull-belle-body-splash-21800,سایر محصولات,ممنون ازتون.فوق العادست❤️چندتا از بادی اسپلش سی گل رو دارم اما هیچکدوم مثل بِل نیست عطر فوق العاده ای داره❤️❤️,0,true,2023-09-09T13:21:40+00:00,خنثی,0.35,رضایت کلی,رضایت کلی,,false,ندارد,false,
بادی  اسپلش بل,https://www.khanoumi.com/products/seagull-belle-body-splash-21800,سایر محصولات,بوش گرمه. من به بو حساسم و سردرد میگیرم اولش ک میزنی یذره از تندی بوش اذیت میشی ولی بعدش بهتر میشه.ماندگاریش خوبه ی بوی ادکلنی داره.ولی اصلا سرد و خنک نیست برای فصلای سرد سال بهتره استفاده بشه.,1,true,2023-02-08T14:36:31+00:00,مثبت,0.67,بو و رایحه | ماندگاری,بو و رایحه,,false,ندارد,false,
بادی  اسپلش بل,https://www.khanoumi.com/products/seagull-belle-body-splash-21800,سایر محصولات,بوی فوق العاده و ماندگاری خوبی داره، لطفا شارژ کنید.,9,true,2020-06-09T23:10:00+00:00,مثبت,0.67,ماندگاری | موجودی کالا | بو و رایحه | رضایت کلی,موجودی کالا,موجودی کالا,true,متوسط,false,
بادی  اسپلش بل,https://www.khanoumi.com/products/seagull-belle-body-splash-21800,سایر محصولات,سلام این بادی اسپلش سیگل به نسبت مابقی بوی خیلی خوبی داره،بوی خنک و شیرین و ماندگاریشم خوبه و راضی بودم ,10,true,2019-10-26T12:35:58+00:00,مثبت,0.91,ماندگاری | بو و رایحه | رضایت کلی,بو و رایحه,,false,ندارد,false,
ژل کرم دور چشم مدل 4in1 حجم 20 میلی لیتر,https://www.khanoumi.com/products/prime-instant-eye-firming-cream-gel-4-in-1-21801,کرم دور چشم,بعد از یک سال استفاده نظر میدم. برای پف دور چشم عالیه. پوست دورچشم رو در طولانی مدت کاملا جمع میکنه. برای رفع تیرگی نظری ندارم چون تیرگی نداشتم اما باعث میلیا نمیشه. من با هر کرم دیگه‌ای میلیا میزنم. پوست من چربه، اگر پوستتون خیلی خشکه ممکنه اوایلش خشکتر بشه پس به یه دورچشم مرطوب‌کننده هم نیاز دارید. من این رو شب‌ها استفاده میکنم و دورچشم مرطوب‌کننده رو روزها. اما صبح‌هایی که دور چشمم خیلی پف شده باشه ازش استفاده میکنم و خیلی زود پف خواب‌آلودگی چشم رو از بین میبره. سری رولی هم داره که خیلی خوبه. من واقعا ازش راضی‌ام و با وجود بالارفتن قیمت بازم میخرمش چون ارزشش رو داره.,0,true,2026-08-12T12:47:35.4041397+03:30,مثبت,0.95,رضایت کلی | تجربه محصول | قیمت,قیمت,,false,ندارد,false,
ژل کرم دور چشم مدل 4in1 حجم 20 میلی لیتر,https://www.khanoumi.com/products/prime-instant-eye-firming-cream-gel-4-in-1-21801,کرم دور چشم,خیلی معمولیه,0,true,2026-07-07T02:24:34.3098842+03:30,خنثی,0.35,نارضایتی کلی,نارضایتی کلی,,false,ندارد,false,
ژل کرم دور چشم مدل 4in1 حجم 20 میلی لیتر,https://www.khanoumi.com/products/prime-instant-eye-firming-cream-gel-4-in-1-21801,کرم دور چشم,"دوستانی که میگید احساس چسبندگی داره.. کرم دور چشم رو نباید پشت پلک متحرک چشم بزنید، فقط زیر چشم و استخوان بالا که اونم کلا نزدیک مژه هاتون نزنید که بره تو چشم. روزی دو بار یکی صبح و یکی شب استفاده کنید.
من خودم اینو تازه خریدم و از تاثیر بلند مدتش اطلاعی ندارم ولی تا الان خوب بوده، سبکه و زود جذب میشه. اول تست حساسیت بگیرید رو دستتون اگه اوکی بود بعد استفاده کنید که برای من اوکی بود.",0,true,2026-07-02T23:38:47.018969+03:30,ترکیبی,0.79,حساسیت و واکنش پوست/مو | اثربخشی | تجربه محصول,حساسیت و واکنش پوست/مو,حساسیت و واکنش پوست/مو | اثربخشی,true,بالا,false,
ژل کرم دور چشم مدل 4in1 حجم 20 میلی لیتر,https://www.khanoumi.com/products/prime-instant-eye-firming-cream-gel-4-in-1-21801,کرم دور چشم,من واقعا راضی هستم. قبلا ساین اسکین میزدم که اصلا هیچ فایده  ای نداشت ولی این عالیه تیرگی رو بهتر میکنه چروک هم نمیذاره زیاد بشه,0,true,2026-06-22T04:28:15.3569968+03:30,مثبت,0.91,رضایت کلی | اثربخشی,اثربخشی,,false,ندارد,false,
ژل کرم دور چشم مدل 4in1 حجم 20 میلی لیتر,https://www.khanoumi.com/products/prime-instant-eye-firming-cream-gel-4-in-1-21801,کرم دور چشم,بد نیست،خیلی عالی هم نیست,0,true,2026-06-20T10:44:26.3600456+03:30,خنثی,0.4,رضایت کلی,رضایت کلی,,false,ندارد,false,
ژل کرم دور چشم مدل 4in1 حجم 20 میلی لیتر,https://www.khanoumi.com/products/prime-instant-eye-firming-cream-gel-4-in-1-21801,کرم دور چشم,بلافاصله بعد استفاده باعث خشک شدن پوست اطراف چشم میشه و چروکهارو بیشتر میکنه مدتی استفاده کردم اثر خاصی نداشت,0,true,2026-03-16T12:39:18.3111249+03:30,خنثی,0.35,تجربه محصول,تجربه محصول,,false,ندارد,false,
ژل کرم دور چشم مدل 4in1 حجم 20 میلی لیتر,https://www.khanoumi.com/products/prime-instant-eye-firming-cream-gel-4-in-1-21801,کرم دور چشم,من از روی نظرات دوستان تصمیم به خرید کردم و تا الان هیچ کرم دورچشمی استفاده نکرده بودم، واقعا راضی هستم. سیاهی زیرچشمام رو کاملا روشن کرده ولی برای خطوط زیرچشم فایده ای نداره.,0,true,2026-01-19T11:43:18.7622225+03:30,مثبت,0.67,اثربخشی,اثربخشی,,false,ندارد,false,
ژل کرم دور چشم مدل 4in1 حجم 20 میلی لیتر,https://www.khanoumi.com/products/prime-instant-eye-firming-cream-gel-4-in-1-21801,کرم دور چشم,من 3 ساله به صورت چرخشی از این کرم استفاده میکنم عالیه,0,true,2026-01-16T10:23:23.2095148+03:30,مثبت,0.79,رضایت کلی | تجربه محصول,تجربه محصول,,false,ندارد,false,
ژل کرم دور چشم مدل 4in1 حجم 20 میلی لیتر,https://www.khanoumi.com/products/prime-instant-eye-firming-cream-gel-4-in-1-21801,کرم دور چشم,"عاشقشمممممم
من گودی و تیرگی زیر چشم دارم و عالی ترین دور چشمی بود که استفاده کردم حجمشم خوبه تقریبا من یدونشو 4 ماه هرشب استفاده کردم
الان بار دومِ که شارژش میکنم",0,true,2025-12-01T17:41:02.0143054+03:30,مثبت,0.91,تجربه محصول | رضایت کلی,تجربه محصول,,false,ندارد,false,
ژل کرم دور چشم مدل 4in1 حجم 20 میلی لیتر,https://www.khanoumi.com/products/prime-instant-eye-firming-cream-gel-4-in-1-21801,کرم دور چشم,"بعد از یه دوره استفاده دارم نظرمو می گم 
برای خطوط زیر چشم کاربردی نبود ولی تیرگی زیر چشمم رو روشن کرد و مرطوب کننده خوبی بود واسه چشم",0,true,2025-10-30T22:31:05.2502008+03:30,خنثی,0.35,رضایت کلی,رضایت کلی,,false,ندارد,false,
ژل کرم دور چشم مدل 4in1 حجم 20 میلی لیتر,https://www.khanoumi.com/products/prime-instant-eye-firming-cream-gel-4-in-1-21801,کرم دور چشم,میتونم بگم یکی از خفن ترین محصولات پرایم بود که تا الان استفاده کردم ، جالبه که حتی تیرگی دور چشم و کاهش میده اما در اصل ضد چروک و ضد پف هستش، واقعا پیشنهادش میکنم با یک ماه استفاده متوجه تغییراتتون میشید,0,true,2025-09-10T11:17:51.2838723+03:30,خنثی,0.35,تجربه محصول | اصالت کالا,اصالت کالا,,false,ندارد,false,
ژل کرم دور چشم مدل 4in1 حجم 20 میلی لیتر,https://www.khanoumi.com/products/prime-instant-eye-firming-cream-gel-4-in-1-21801,کرم دور چشم,خیلی راضی بودم.از چروک دور چشم پیشگیری می کنه و خیلی سریع جذب میشه,0,true,2025-08-26T09:24:15.6344779+00:00,مثبت,0.67,رضایت کلی,رضایت کلی,,false,ندارد,false,
ژل کرم دور چشم مدل 4in1 حجم 20 میلی لیتر,https://www.khanoumi.com/products/prime-instant-eye-firming-cream-gel-4-in-1-21801,کرم دور چشم,من این کرم رو 2 دوره استفاده کردم خیلی دور چشم میسوزونه محصولات پرایم ژل ابرسانش هم همینطوره همش پوست رو میسوزونه و من مزیتی ازش ندیدم.,0,true,2025-08-04T10:56:00.506288+00:00,خنثی,0.35,تجربه محصول,تجربه محصول,,false,ندارد,false,
ژل کرم دور چشم مدل 4in1 حجم 20 میلی لیتر,https://www.khanoumi.com/products/prime-instant-eye-firming-cream-gel-4-in-1-21801,کرم دور چشم,مرتب استفاده بشه هر شب عاااااالیه واقعا به قیمتش میارزه من دو تا گرفتم قشنگ گودی زیر چشمم هفتاد درصد رفع شد,0,true,2025-03-03T12:33:45.6917059+00:00,مثبت,0.79,رضایت کلی | تجربه محصول,تجربه محصول,,false,ندارد,false,
ژل کرم دور چشم مدل 4in1 حجم 20 میلی لیتر,https://www.khanoumi.com/products/prime-instant-eye-firming-cream-gel-4-in-1-21801,کرم دور چشم,برای مادرم خریده بودم که راضی نیستن اصلا و گفتن تاثیری نداشته و استفادش هم علی‌رغم خوندن توضیحات و راهنماش سخت بوده.,0,true,2025-02-04T13:44:32.6555851+00:00,منفی,0.67,اثربخشی,اثربخشی,اثربخشی,true,متوسط,false,
ژل کرم دور چشم مدل 4in1 حجم 20 میلی لیتر,https://www.khanoumi.com/products/prime-instant-eye-firming-cream-gel-4-in-1-21801,کرم دور چشم,بهترین,0,true,2024-12-05T19:17:39.3108435+00:00,مثبت,0.67,رضایت کلی,رضایت کلی,,false,ندارد,false,
ژل کرم دور چشم مدل 4in1 حجم 20 میلی لیتر,https://www.khanoumi.com/products/prime-instant-eye-firming-cream-gel-4-in-1-21801,کرم دور چشم,واقعا رو دستش نیس فوق العادس بی نظیره هرچی بگم کم‌گفتم‌,0,true,2024-11-06T08:48:37.3001006+00:00,خنثی,0.35,رضایت کلی,رضایت کلی,,false,ندارد,false,
ژل کرم دور چشم مدل 4in1 حجم 20 میلی لیتر,https://www.khanoumi.com/products/prime-instant-eye-firming-cream-gel-4-in-1-21801,کرم دور چشم,هرشب استفاده کردم تا آخرش اصلا تاثیر ندیدم نه تیرگی نه خطوط ریز دورچشم و حتی برای آبرسانی هم خوب نبود,0,true,2024-10-21T21:59:59.8408066+00:00,منفی,0.79,اثربخشی | تجربه محصول,اثربخشی,اثربخشی,true,متوسط,false,
ژل کرم دور چشم مدل 4in1 حجم 20 میلی لیتر,https://www.khanoumi.com/products/prime-instant-eye-firming-cream-gel-4-in-1-21801,کرم دور چشم,تعجب میکنم ازکسانی که از این کرم تعریف میکنند,0,true,2024-10-14T11:50:40.5135508+00:00,خنثی,0.35,تجربه محصول,تجربه محصول,,false,ندارد,false,
ژل کرم دور چشم مدل 4in1 حجم 20 میلی لیتر,https://www.khanoumi.com/products/prime-instant-eye-firming-cream-gel-4-in-1-21801,کرم دور چشم,"هم میسوزونه هم سفید نمیکنه هم پف رو نمیخوابونه کلا هیییچ تاثیری نداشت حیف پولم 
",0,true,2024-09-24T22:40:55+00:00,خنثی,0.35,اثربخشی,اثربخشی,,false,ندارد,false,
ژل کرم دور چشم مدل 4in1 حجم 20 میلی لیتر,https://www.khanoumi.com/products/prime-instant-eye-firming-cream-gel-4-in-1-21801,کرم دور چشم,به نظر من که عالیه شک نکنید تو خریدش,0,true,2024-08-05T18:44:54+00:00,مثبت,0.79,رضایت کلی,رضایت کلی,,false,ندارد,false,
ژل کرم دور چشم مدل 4in1 حجم 20 میلی لیتر,https://www.khanoumi.com/products/prime-instant-eye-firming-cream-gel-4-in-1-21801,کرم دور چشم,تردید نکنید بی شک جز خوباست,0,true,2024-08-05T01:43:48+00:00,خنثی,0.35,رضایت کلی,رضایت کلی,,false,ندارد,false,
ژل کرم دور چشم مدل 4in1 حجم 20 میلی لیتر,https://www.khanoumi.com/products/prime-instant-eye-firming-cream-gel-4-in-1-21801,کرم دور چشم,"من برای اولین بار ازین محصول استفاده کردم همون لحظه که  به دور چشمم زدم سوزش خیلی شدیدی داشت کلا حس کردم پوستم داره میسوزونه و به نظرم برای پوست من اصلا خوب نبود 
من قبلا سینره استفاده میکردم خیلی راضی بودم ",0,true,2024-07-31T20:09:57+00:00,منفی,0.79,تجربه محصول | نارضایتی کلی | حساسیت و واکنش پوست/مو,حساسیت و واکنش پوست/مو,نارضایتی کلی | حساسیت و واکنش پوست/مو,true,بالا,false,
ژل کرم دور چشم مدل 4in1 حجم 20 میلی لیتر,https://www.khanoumi.com/products/prime-instant-eye-firming-cream-gel-4-in-1-21801,کرم دور چشم,من استفاده میکنم ولی خیلی معمولیه راستش شب میزنم صبح موقع شست و شو تمام کرم دور چشمم همچنان هست حس میکنم اصلا جذب نمیشه,0,true,2024-07-18T13:05:38+00:00,خنثی,0.35,تجربه محصول | نارضایتی کلی,تجربه محصول,,false,ندارد,false,
ژل کرم دور چشم مدل 4in1 حجم 20 میلی لیتر,https://www.khanoumi.com/products/prime-instant-eye-firming-cream-gel-4-in-1-21801,کرم دور چشم,من بالای 3 دورست که دارم ازش استفاده میکنم خیلی راضیم ازش ,0,true,2024-06-26T12:06:27+00:00,مثبت,0.79,تجربه محصول | رضایت کلی,تجربه محصول,,false,ندارد,false,
ژل کرم دور چشم مدل 4in1 حجم 20 میلی لیتر,https://www.khanoumi.com/products/prime-instant-eye-firming-cream-gel-4-in-1-21801,کرم دور چشم,سلام خانومیای عزیز چرا از محصولات پرایم کم میارید که فورا ناموجود میشه,0,true,2024-04-29T16:34:53+00:00,خنثی,0.35,موجودی کالا | تجربه محصول,موجودی کالا,موجودی کالا,true,متوسط,false,
ژل کرم دور چشم مدل 4in1 حجم 20 میلی لیتر,https://www.khanoumi.com/products/prime-instant-eye-firming-cream-gel-4-in-1-21801,کرم دور چشم,اولین تیوپ خوب بود، بخاطر همین دومرتبه شارژش کردم.دومیه چشممو داغ میکردترسیدم اذیت کنه تقریبا ادامه ندادم و حس کردم بی تاثیره. ولی از وقتی مصرف نکردم دورچشمم از قبل تیره تر شد، حتا قسمتهایی به زردی هم میزنه.به این نتیجه رسیدم کرم خوبی بوده ولی من متوجه تاثیر بازدارندگیش نبودم و توقع معجزه داشته بودم. ,0,true,2024-04-24T19:25:19+00:00,مثبت,0.79,اثربخشی,اثربخشی,,false,ندارد,false,
ژل کرم دور چشم مدل 4in1 حجم 20 میلی لیتر,https://www.khanoumi.com/products/prime-instant-eye-firming-cream-gel-4-in-1-21801,کرم دور چشم,راضیم ازش ,0,true,2024-04-06T15:48:58+00:00,مثبت,0.79,رضایت کلی,رضایت کلی,,false,ندارد,false,
ژل کرم دور چشم مدل 4in1 حجم 20 میلی لیتر,https://www.khanoumi.com/products/prime-instant-eye-firming-cream-gel-4-in-1-21801,کرم دور چشم,اصلا محصول خوبی نیست به شدت پوستت میسوزونه مجبور میشی استفاده نکنی.,0,true,2024-03-31T00:58:39+00:00,خنثی,0.35,تجربه محصول,تجربه محصول,,false,ندارد,false,
ژل کرم دور چشم مدل 4in1 حجم 20 میلی لیتر,https://www.khanoumi.com/products/prime-instant-eye-firming-cream-gel-4-in-1-21801,کرم دور چشم,لطفاً تخفیف بذارید ,0,true,2024-02-25T17:02:40+00:00,خنثی,0.35,تخفیف,تخفیف,,false,ندارد,false,
ژل کرم دور چشم مدل 4in1 حجم 20 میلی لیتر,https://www.khanoumi.com/products/prime-instant-eye-firming-cream-gel-4-in-1-21801,کرم دور چشم,راضی ام ازش خیلی خوبه,0,true,2024-01-18T14:44:04+00:00,مثبت,0.95,رضایت کلی,رضایت کلی,,false,ندارد,false,
ژل کرم دور چشم مدل 4in1 حجم 20 میلی لیتر,https://www.khanoumi.com/products/prime-instant-eye-firming-cream-gel-4-in-1-21801,کرم دور چشم,چرا دیگه شارژ نمیکنید محصولات پریم رو؟ من مدتهاست منتظر کرم دور چشم و مرطوب کننده 24 ساعته هستم.,0,true,2024-01-17T09:22:56+00:00,خنثی,0.35,موجودی کالا | تجربه محصول,موجودی کالا,,false,ندارد,false,
ژل کرم دور چشم مدل 4in1 حجم 20 میلی لیتر,https://www.khanoumi.com/products/prime-instant-eye-firming-cream-gel-4-in-1-21801,کرم دور چشم,این کرم خیلی وقت هست که تموم شده لطفا موجودش کنید ,0,true,2023-12-30T08:30:30+00:00,خنثی,0.35,موجودی کالا,موجودی کالا,,false,ندارد,false,
ژل کرم دور چشم مدل 4in1 حجم 20 میلی لیتر,https://www.khanoumi.com/products/prime-instant-eye-firming-cream-gel-4-in-1-21801,کرم دور چشم,تروخدا تخفیف بیشتر بذارین,0,true,2023-10-28T21:47:53+00:00,خنثی,0.35,تخفیف,تخفیف,,false,ندارد,false,
ژل کرم دور چشم مدل 4in1 حجم 20 میلی لیتر,https://www.khanoumi.com/products/prime-instant-eye-firming-cream-gel-4-in-1-21801,کرم دور چشم,خیلی بافتش سبکه و راحت میشه ازش استفاده کرد,0,true,2023-10-22T23:18:28+00:00,خنثی,0.35,بافت محصول,بافت محصول,,false,ندارد,false,
ژل کرم دور چشم مدل 4in1 حجم 20 میلی لیتر,https://www.khanoumi.com/products/prime-instant-eye-firming-cream-gel-4-in-1-21801,کرم دور چشم,با دوبار استفاده متوجه تاثیر آنی این محصول میشین میتونم بگم بعد هربار استفاده حس آرامش و شادابی رو حس میکنم خیلی خوبه,4,true,2023-08-15T15:42:59+00:00,مثبت,0.79,اثربخشی | تجربه محصول | رضایت کلی,اثربخشی,,false,ندارد,false,
ژل کرم دور چشم مدل 4in1 حجم 20 میلی لیتر,https://www.khanoumi.com/products/prime-instant-eye-firming-cream-gel-4-in-1-21801,کرم دور چشم,"این کرم خیلی خوبه، دور چشم و سفت و روشن میکنه 👌
3 هفته س استفاده میکنم و کاملا تاثیرش و دیدم",0,true,2023-04-17T22:37:07+00:00,مثبت,0.79,اثربخشی | رضایت کلی | تجربه محصول | بافت محصول,بافت محصول,,false,ندارد,false,
ژل کرم دور چشم مدل 4in1 حجم 20 میلی لیتر,https://www.khanoumi.com/products/prime-instant-eye-firming-cream-gel-4-in-1-21801,کرم دور چشم,این سریه دومه که این محصول رو میگیرم خیلی خوب بود,6,true,2022-12-26T11:17:51+00:00,مثبت,0.91,تجربه محصول | رضایت کلی,تجربه محصول,,false,ندارد,false,
ژل کرم دور چشم مدل 4in1 حجم 20 میلی لیتر,https://www.khanoumi.com/products/prime-instant-eye-firming-cream-gel-4-in-1-21801,کرم دور چشم,من خیلی راضی ام صبح و شب رو پوست تمیز پیزنم. امیدوارم گرون نشه و باز تخفیف بخوره که بتونم بخرم دوباره,7,true,2022-12-18T02:59:46+00:00,مثبت,0.79,تخفیف | قیمت | رضایت کلی,تخفیف,قیمت,true,پایین,false,
ژل کرم دور چشم مدل 4in1 حجم 20 میلی لیتر,https://www.khanoumi.com/products/prime-instant-eye-firming-cream-gel-4-in-1-21801,کرم دور چشم,فرم ویتامین سی خیلی خوبی داره. این که رولیه و گرمای دست به دور چشم نمیخوره خیلی خوبه به خصوص اگر تو یخچال بذاریدش. چون یکم غلیظه من رو پوست مرطوب میزنمش که غلتک راحت جرکت کنده و چروک نندازه. تا جایی که میدونم فرم فعال ویتامین سی نداره و فرمای غیر فعال روی پوست مرطوب اوکی اند. من سفتی و کشیدگی کمی حس میکنم بعدش و توقعی هم نمیشه داشت از کرم. ولی بعدش حتما مرطوبکننده دور چشم بزنید. به خاطر سفتی پوست، ممکنه چروک بنداره. من وقتی خشک میشه روش مدیلن هالوکسیل میزنم,21,true,2022-12-18T02:58:30+00:00,مثبت,0.67,رضایت کلی | تجربه محصول,تجربه محصول,,false,ندارد,false,
ژل کرم دور چشم مدل 4in1 حجم 20 میلی لیتر,https://www.khanoumi.com/products/prime-instant-eye-firming-cream-gel-4-in-1-21801,کرم دور چشم,من خریدم ولی پوست رو میسوزونه. در کل ویتامین سی پوست رو میسوزنه. بنظرم دور چشم کاسه ای بهتر باشه,4,true,2022-12-16T16:49:31+00:00,خنثی,0.35,تجربه محصول,تجربه محصول,,false,ندارد,false,
ژل کرم دور چشم مدل 4in1 حجم 20 میلی لیتر,https://www.khanoumi.com/products/prime-instant-eye-firming-cream-gel-4-in-1-21801,کرم دور چشم,دو سه روزه که استفاده میکنم. لیفت حس نکردم فقط پوست رو می سوزونه. امیدوارم بعد از چند روز اثراتی که نوشته شده رو شاهد باشم,5,true,2022-12-03T17:09:43+00:00,خنثی,0.35,تجربه محصول,تجربه محصول,,false,ندارد,false,
ژل کرم دور چشم مدل 4in1 حجم 20 میلی لیتر,https://www.khanoumi.com/products/prime-instant-eye-firming-cream-gel-4-in-1-21801,کرم دور چشم,من نه تیرگی زیر چشم داشتم و نه پف زیر چشم. صرفا برای رطوبت رسانی دور چشم گرفتم کرم رو. به شدت خشک کرد پوست دور چشم رو و چروک انداخت به واسطه خشکی که ایجاد شده. با توجه به قیمتش که اصلا هم کم نیست و میشود با صد تومن اضافه تر یه کرم دور چشم خارجی گرفت، اصلا اصلا این رو توصیه نمیکنم. ,31,true,2022-11-23T10:14:45+00:00,خنثی,0.35,تجربه محصول,تجربه محصول,,false,ندارد,false,
ژل کرم دور چشم مدل 4in1 حجم 20 میلی لیتر,https://www.khanoumi.com/products/prime-instant-eye-firming-cream-gel-4-in-1-21801,کرم دور چشم,ژل کرم ویتامینcپریم رو حدود یک ماه استفاده کردم تو همون هفته های اول تاثیرش رو روی تیرگی دیدم و واقعا نسبت به بقیه کرم های رفع تیرگی که تابه حال استفاده کردم کارایی بهتری داره اما مطمئن باشین هیچ کرم دورچشمی نمیتونه تیرگی دورچشم رو ۱۰۰درصد رفع کنه البته قطعا اگر ادامه بدم نتیجه بهتری میده و اینکه بعضی ها میگن دورچشم رو خشک میکنه که اصلا اینطور نیست بلکه چون پوست دورچشم لیفت میکنه اینطور احساس می کنین درواقع از شل شدن و افتادگی اون جلوگیری میکنه درکل نسبت به قیمتش و کرم های دورچشم گرون تر خارجب از ۱۰ بهش۹میدم ,55,true,2022-05-30T00:39:36+00:00,خنثی,0.35,اثربخشی | تجربه محصول | قیمت,قیمت,قیمت,true,پایین,false,
ژل کرم دور چشم مدل 4in1 حجم 20 میلی لیتر,https://www.khanoumi.com/products/prime-instant-eye-firming-cream-gel-4-in-1-21801,کرم دور چشم,من ۲ بار از این کرم گرفتم، برای خط های زیر چشم عالیه و به سرعات برطرفش میکنه,20,true,2022-03-09T22:44:16+00:00,مثبت,0.79,رضایت کلی | تجربه محصول,تجربه محصول,,false,ندارد,false,
ژل کرم دور چشم مدل 4in1 حجم 20 میلی لیتر,https://www.khanoumi.com/products/prime-instant-eye-firming-cream-gel-4-in-1-21801,کرم دور چشم,برای من تاثیری نداشت و فقط رطوبت دور چشم رو متعادل کرد و همون لحظه که میزدم پوست دور چشم محکم و خوش حالت میشد ولی مثل ماسک نمیشه خیلی صورت رو تکون داد,10,true,2022-02-07T11:18:09+00:00,خنثی,0.35,اثربخشی,اثربخشی,,false,ندارد,false,
ژل کرم دور چشم مدل 4in1 حجم 20 میلی لیتر,https://www.khanoumi.com/products/prime-instant-eye-firming-cream-gel-4-in-1-21801,کرم دور چشم,"من دو روزه دارم استفاده میکنم و ۲۳ سالمه و پوستمم چربه
خیلیا میگفتن دور چشمو خشک میکنه و خط میندازه ولی من تو همین ۲ روز متوجه شدم دور چشمم خیلییی نرم شده و نگرانی اصلیم این بود که دور چشمو خشک تر از اینی که هست بکنه 
واسه تیرگی دور چشم خریدم هنوز تاثیری ندیدم ولی حواستون باشه داخل چشم نره موادش
میسوزونه",30,true,2022-01-27T10:39:13+00:00,خنثی,0.35,تجربه محصول | اثربخشی,اثربخشی,,false,ندارد,false,
ژل کرم دور چشم مدل 4in1 حجم 20 میلی لیتر,https://www.khanoumi.com/products/prime-instant-eye-firming-cream-gel-4-in-1-21801,کرم دور چشم,عالیه مخصوصا پف چشم رو میبره,3,true,2022-01-21T23:45:14+00:00,مثبت,0.79,رضایت کلی,رضایت کلی,,false,ندارد,false,
ژل کرم دور چشم مدل 4in1 حجم 20 میلی لیتر,https://www.khanoumi.com/products/prime-instant-eye-firming-cream-gel-4-in-1-21801,کرم دور چشم,کرم خیلی خوبیه من برای تیرگی دور چشمم استفاده کردم و خیلیییی راضی بودم از همون یکی دو هفته اولم تاثیرشو دیدم و تو یک ماه کاملا تیرگیمو درمان کرد ، خودمم بیست سالمه ولی مشکلی نداشتم باهاش اصلا میلیا هم نزدم ، کلا کرم خوبیه با توجه به قیمتش,35,true,2020-11-18T14:28:26+00:00,مثبت,0.79,اثربخشی | تجربه محصول | رضایت کلی,اثربخشی,,false,ندارد,false,
ژل کرم دور چشم مدل 4in1 حجم 20 میلی لیتر,https://www.khanoumi.com/products/prime-instant-eye-firming-cream-gel-4-in-1-21801,کرم دور چشم,اصلا تاثیر در رفع سیاهی و کبودی چشم من نداشت,29,true,2020-10-14T21:46:41+00:00,خنثی,0.35,اثربخشی,اثربخشی,,false,ندارد,false,
ژل کرم دور چشم مدل 4in1 حجم 20 میلی لیتر,https://www.khanoumi.com/products/prime-instant-eye-firming-cream-gel-4-in-1-21801,کرم دور چشم,حدودا یک ماهه استفاده میکنم کرم خوبیه روی تیرگی کمی تاثیر داشت بسته بندی رولی و قفل داره که خیلی کار ایرانی قوی و جالبیه .اما برای پایه آرایش باید کرم دوچشم دیگه ای استفاده کنید چون کانسیلر بزنید رطوبت کمه و نمیشه خوب پخش کرد ویه دست نمیشه .البته من یک دور چشم مرطوب کننده دیگه هم دارم. در کنار این دور چشم,5,true,2020-10-01T22:04:49+00:00,منفی,0.67,بسته‌بندی | اثربخشی | تجربه محصول,اثربخشی,بسته‌بندی | اثربخشی,true,متوسط,false,
ژل کرم دور چشم مدل 4in1 حجم 20 میلی لیتر,https://www.khanoumi.com/products/prime-instant-eye-firming-cream-gel-4-in-1-21801,کرم دور چشم,.پوست دور چشم رو نازک میکنه,4,true,2020-09-19T01:23:57+00:00,خنثی,0.35,تجربه محصول,تجربه محصول,,false,ندارد,false,
ژل کرم دور چشم مدل 4in1 حجم 20 میلی لیتر,https://www.khanoumi.com/products/prime-instant-eye-firming-cream-gel-4-in-1-21801,کرم دور چشم,من راضیم ازش عالیه,3,true,2020-04-21T22:38:40+00:00,مثبت,0.95,رضایت کلی,رضایت کلی,,false,ندارد,false,
ژل کرم دور چشم مدل 4in1 حجم 20 میلی لیتر,https://www.khanoumi.com/products/prime-instant-eye-firming-cream-gel-4-in-1-21801,کرم دور چشم,هیچ تاثیری برای سیاهی دور چشم نداشت اما چروک های خیلی سطحی دور چشمم رو محو کرد.,1,true,2019-11-20T22:27:37+00:00,خنثی,0.35,اثربخشی,اثربخشی,,false,ندارد,false,
ژل کرم دور چشم مدل 4in1 حجم 20 میلی لیتر,https://www.khanoumi.com/products/prime-instant-eye-firming-cream-gel-4-in-1-21801,کرم دور چشم,تاثیری نداشت با وجود اینکه خیلی ازش تعریف شنیده بودم الان دکتر ژیلا استفاده می‌کنم قیمتش یک سوم پریم هست اما خیلی بهتره ,4,true,2019-10-03T23:05:32+00:00,خنثی,0.35,اثربخشی | تجربه محصول,اثربخشی,,false,ندارد,false,
ژل کرم دور چشم مدل 4in1 حجم 20 میلی لیتر,https://www.khanoumi.com/products/prime-instant-eye-firming-cream-gel-4-in-1-21801,کرم دور چشم,اصلا ب درد نمیخوره.دور چشم ب حدی میسوزونه.نباید مجبور میشی بشوری ,23,true,2019-06-01T17:50:09.9966667+00:00,خنثی,0.35,تجربه محصول,تجربه محصول,,false,ندارد,false,
شامپو ملایم روزانه مناسب پوست سر حساس و موهای نازک,https://www.khanoumi.com/products/prime-daily-mild-shampoo-21802,شامپو و شستشوی مو,این شامپو پرایم برای موهای نازک و کف سر حساس عالیه. خیلی ملایمه، بوی خوبی داره و اصلاً مو رو بعد شستشو گره نمی‌زنه یا خشک نمی‌کنه. من که خیلی راضیم و دوباره هم می‌گیرمش.,0,true,2026-06-28T14:07:38.0525011+03:30,مثبت,0.95,رضایت کلی | بو و رایحه | تجربه محصول,بو و رایحه,,false,ندارد,false,
شامپو ملایم روزانه مناسب پوست سر حساس و موهای نازک,https://www.khanoumi.com/products/prime-daily-mild-shampoo-21802,شامپو و شستشوی مو,"بسیار باکیفیت و کاملا مناسب برای استفاده روزانه
برای موی چرب جوابگو هست ولی برای شوره توقع ای نداشته باشید",0,true,2026-04-28T04:51:41.5174875+03:30,خنثی,0.35,کیفیت محصول | تجربه محصول,کیفیت محصول,,false,ندارد,false,
شامپو ملایم روزانه مناسب پوست سر حساس و موهای نازک,https://www.khanoumi.com/products/prime-daily-mild-shampoo-21802,شامپو و شستشوی مو,خیلی خوب بود موهام و نرم و براق کرد و شوره های سرم رو از بین برد ممنونم,0,true,2026-04-23T21:02:18.5942092+03:30,مثبت,0.95,رضایت کلی,رضایت کلی,,false,ندارد,false,
شامپو ملایم روزانه مناسب پوست سر حساس و موهای نازک,https://www.khanoumi.com/products/prime-daily-mild-shampoo-21802,شامپو و شستشوی مو,"خوشبو و کف خوبی داشت. 
سبک و مناسب استفاده روزمره",0,true,2026-01-22T15:28:45.0388643+03:30,خنثی,0.35,بو و رایحه,بو و رایحه,,false,ندارد,false,
شامپو ملایم روزانه مناسب پوست سر حساس و موهای نازک,https://www.khanoumi.com/products/prime-daily-mild-shampoo-21802,شامپو و شستشوی مو,راضی بودم بوی خیلی خوبی داره خیلی خوب پوست سرتمیز میکنه وموها خشک نمیکنه و  بعد از خشک شدن موها یه کمی حجم میگیرن یعنی  برای موهای کم حجم خوبه .فقط به نظرم  زود به زود کف سر چرب میشه و نیاز به شستشو کمتر از 48 ساعت داره .,0,true,2025-10-06T11:03:14.9184002+03:30,مثبت,0.95,حجم و مقدار | رضایت کلی | بو و رایحه | تجربه محصول,بو و رایحه,,false,ندارد,false,
شامپو ملایم روزانه مناسب پوست سر حساس و موهای نازک,https://www.khanoumi.com/products/prime-daily-mild-shampoo-21802,شامپو و شستشوی مو,خوبه راضیم ازش هر ماه مصرف میکنم,0,true,2025-05-27T10:50:43.3289604+00:00,مثبت,0.91,رضایت کلی,رضایت کلی,,false,ندارد,false,
شامپو ملایم روزانه مناسب پوست سر حساس و موهای نازک,https://www.khanoumi.com/products/prime-daily-mild-shampoo-21802,شامپو و شستشوی مو,محصول خوبیه موهای من وحشتناک خشک شده بود و گره میخورد ،پوست سرم هم خیلی پوست مینداخت ،خیلی بهترشد,0,true,2025-01-31T06:34:24.5981236+00:00,خنثی,0.35,تاریخ انقضا | تجربه محصول,تاریخ انقضا,,false,ندارد,false,
شامپو ملایم روزانه مناسب پوست سر حساس و موهای نازک,https://www.khanoumi.com/products/prime-daily-mild-shampoo-21802,شامپو و شستشوی مو,لطفا موجود کنید. تنها شامپویی که موهای روشن منو کدر نکرد. ,0,true,2024-05-17T22:42:21+00:00,خنثی,0.35,موجودی کالا,موجودی کالا,,false,ندارد,false,
شامپو ملایم روزانه مناسب پوست سر حساس و موهای نازک,https://www.khanoumi.com/products/prime-daily-mild-shampoo-21802,شامپو و شستشوی مو,من موهای نازک و کم حجمی دارم بعد از تست چندین شامپو از این مدل خیلی راضی هستم. رنگ مو رو حفظ میکنه ، و لطافت میده به موهام. ممنون از مجموعه خانومی بابت قیمت خوبی که روی محصول داره,0,true,2023-05-30T23:09:20+00:00,مثبت,0.79,قیمت | رنگ و شید | تجربه محصول | رضایت کلی,قیمت,,false,ندارد,false,
شامپو ملایم روزانه مناسب پوست سر حساس و موهای نازک,https://www.khanoumi.com/products/prime-daily-mild-shampoo-21802,شامپو و شستشوی مو,"اصلا خوب نبود 
",7,true,2020-04-12T20:11:07+00:00,منفی,0.91,نارضایتی کلی,نارضایتی کلی,نارضایتی کلی,true,متوسط,false,
شامپو ملایم روزانه مناسب پوست سر حساس و موهای نازک,https://www.khanoumi.com/products/prime-daily-mild-shampoo-21802,شامپو و شستشوی مو,عالیه,3,true,2020-02-29T17:27:23+00:00,مثبت,0.79,رضایت کلی,رضایت کلی,,false,ندارد,false,
شامپو ملایم روزانه مناسب پوست سر حساس و موهای نازک,https://www.khanoumi.com/products/prime-daily-mild-shampoo-21802,شامپو و شستشوی مو,خود شامپو که عالیه موهای منو نرم تر کرده و از بوش نگم براتون که وای بوش عالیههه,3,true,2020-02-25T16:03:37+00:00,مثبت,0.95,رضایت کلی | بو و رایحه,بو و رایحه,,false,ندارد,false,
شامپو ملایم روزانه مناسب پوست سر حساس و موهای نازک,https://www.khanoumi.com/products/prime-daily-mild-shampoo-21802,شامپو و شستشوی مو,سلام شامپوی خوبیه بوی خوبی هم میده ,7,true,2019-11-23T07:18:55+00:00,خنثی,0.35,بو و رایحه,بو و رایحه,,false,ندارد,false,
شامپو ملایم روزانه مناسب پوست سر حساس و موهای نازک,https://www.khanoumi.com/products/prime-daily-mild-shampoo-21802,شامپو و شستشوی مو,سلام من  شامپوروزانه ملایم رو استفاده کردم وراضی هستم بوی خیلی خوبی هم میده لطفا درشانس قرار بدید ,8,true,2019-11-20T22:11:21+00:00,مثبت,0.79,تجربه محصول | بو و رایحه | رضایت کلی,بو و رایحه,,false,ندارد,false,
شامپو موهای خشک و آسیب دیده,https://www.khanoumi.com/products/prime-moisturizing-shampoo-21803,شامپو و شستشوی مو,عالیییییییییییییییییییی بدون شک خرید کنید,0,true,2026-07-30T13:00:01.4369187+03:30,مثبت,0.67,رضایت کلی,رضایت کلی,,false,ندارد,false,
شامپو موهای خشک و آسیب دیده,https://www.khanoumi.com/products/prime-moisturizing-shampoo-21803,شامپو و شستشوی مو,من از این شامپو راضی نبودم خیلی موهام ریخت,0,true,2026-05-23T12:25:37.6247253+03:30,منفی,0.67,حساسیت و واکنش پوست/مو,حساسیت و واکنش پوست/مو,حساسیت و واکنش پوست/مو,true,بالا,false,
شامپو موهای خشک و آسیب دیده,https://www.khanoumi.com/products/prime-moisturizing-shampoo-21803,شامپو و شستشوی مو,من خیلی از برندای ایرانی رو امتحان کردم. موهای دهیدراته ای دارم. فولیپلکس خیلی خوب بود. ولی با این حال که این محصول خیلی خیلی قیمت مناسب‌تری داره عااااالی بود. 2 بار شارژ کردم و خیلی پیشنهاد می‌کنم. ممنون از خانومی,0,true,2026-04-24T21:44:49.2757956+03:30,مثبت,0.95,پیشنهاد به دیگران | تجربه محصول | رضایت کلی | قیمت | موجودی کالا,موجودی کالا,,false,ندارد,false,
شامپو موهای خشک و آسیب دیده,https://www.khanoumi.com/products/prime-moisturizing-shampoo-21803,شامپو و شستشوی مو,پیشنهاد میکنم.,0,true,2026-04-05T15:37:58.0430143+03:30,مثبت,0.67,پیشنهاد به دیگران,پیشنهاد به دیگران,,false,ندارد,false,
شامپو موهای خشک و آسیب دیده,https://www.khanoumi.com/products/prime-moisturizing-shampoo-21803,شامپو و شستشوی مو,من چند بار استفاده کردم به نظرم موها رو نرم می کنه یه مقدار هم وز مو رو می گیره در کل از حالت مو بعد از استفاده از شامپو راضیم فقط احساس می کنم اینو میزنم یه ذره موهام میریزه من مدل روزانه موهای معمولیشم استفاده کردم اونم خوب بود ریزش نداشتم زیاد اما این مدلش موها رو درخشان وخوش حالت می کنه به نظرم,0,true,2025-08-19T09:21:45.3873184+00:00,مثبت,0.79,تجربه محصول | رضایت کلی | نارضایتی کلی,تجربه محصول,,false,ندارد,false,
شامپو موهای خشک و آسیب دیده,https://www.khanoumi.com/products/prime-moisturizing-shampoo-21803,شامپو و شستشوی مو,جلو ریزش مو رو میگیره ولی موها رو خیلی خشک میکنه,0,true,2025-07-12T17:44:40.3496633+00:00,خنثی,0.35,تجربه محصول,تجربه محصول,,false,ندارد,false,
شامپو موهای خشک و آسیب دیده,https://www.khanoumi.com/products/prime-moisturizing-shampoo-21803,شامپو و شستشوی مو,بسیار عالی و با کیفیت، کاملا راضیم و مجددا شارژ می کنم، محصولات درمانی پریم حرف نداره,0,true,2023-12-25T11:19:31+00:00,مثبت,0.91,کیفیت محصول | رضایت کلی | موجودی کالا | تجربه محصول,موجودی کالا,,false,ندارد,false,
شامپو موهای خشک و آسیب دیده,https://www.khanoumi.com/products/prime-moisturizing-shampoo-21803,شامپو و شستشوی مو,عالی,0,true,2023-02-09T01:10:34+00:00,مثبت,0.67,رضایت کلی,رضایت کلی,,false,ندارد,false,
شامپو موهای خشک و آسیب دیده,https://www.khanoumi.com/products/prime-moisturizing-shampoo-21803,شامپو و شستشوی مو,موها رو نرم میکنه ،راضی ام,1,true,2022-10-27T10:11:01+00:00,مثبت,0.79,رضایت کلی,رضایت کلی,,false,ندارد,false,
شامپو موهای خشک و آسیب دیده,https://www.khanoumi.com/products/prime-moisturizing-shampoo-21803,شامپو و شستشوی مو,شامپو خیلی خوبیه و اینک مواد مضرشم نسبت ب شامپوهای دیگ خیلی کمتره و قیمت نسبتا مناسبی داره ,9,true,2020-01-07T20:28:15+00:00,مثبت,0.67,قیمت | رضایت کلی,قیمت,,false,ندارد,false,
شامپو موهای خشک و آسیب دیده,https://www.khanoumi.com/products/prime-moisturizing-shampoo-21803,شامپو و شستشوی مو,من از این شامپو گرفتم و دو بار استفاده کردم .به نظرم خوبه موها رو نرم میکنه و وز رو میگیره. من راضیم,26,true,2018-11-22T02:39:17.5066667+00:00,مثبت,0.91,تجربه محصول | رضایت کلی,تجربه محصول,,false,ندارد,false,
کرم پودر ضد چروک ویتامینه,https://www.khanoumi.com/products/seagull-anti-wrinkle-vitamin-foundation-oil-free-spf-20-21805,کرم پودر و فونداسیون,"وقتی به دستم رسید زدم به صورتم و از رنگش خیلی خوشم اومد رنگش دارک بژ بود که برای پوست گندمی رو به روشن من مقداری تیره بود اما خوشم اومد چون برنزه نشون میداد پوستو
وقتی روی محصولو نگاه کردم متوجه شدم خرداد 98 تولید شده درحالی که انقضاش سه سال بعدش یعنی خرداد 1401 بود و فهمیدم که چرا گذاشتن توی آف و ارسال رایگان... اینم توجه داشته باشید که خانومی ضمانت اصالت کالا تا 6ماه داره!",19,true,2022-07-28T20:44:10+00:00,خنثی,0.35,ارسال کالا | تاریخ انقضا | اصالت کالا | تخفیف | مرجوعی و بازگشت وجه | تجربه محصول,اصالت کالا,,false,ندارد,false,
کرم پودر ضد چروک ویتامینه,https://www.khanoumi.com/products/seagull-anti-wrinkle-vitamin-foundation-oil-free-spf-20-21805,کرم پودر و فونداسیون,"به قدرت کالای ایرانی پی بردم آقا این کرم خیلی خیلی بهتر از کالیستا و این لی عمل میکنه من تا حالا بلک دایموند مای استفاده نکردم و نمیتونم نظر بدم اما این کرم رو میشه جایگزین های کرم های گرونتر کرد
با اینکه من جوش و جای جوش زیاد دارم اما با این خیلی احساس راحتی میکنم در کل راضی بودم بعنوان اولین دفعه استفاده از این برند😍",31,true,2020-01-25T22:02:02+00:00,مثبت,0.67,حساسیت و واکنش پوست/مو,حساسیت و واکنش پوست/مو,,false,ندارد,false,
کرم پودر ضد چروک ویتامینه,https://www.khanoumi.com/products/seagull-anti-wrinkle-vitamin-foundation-oil-free-spf-20-21805,کرم پودر و فونداسیون,امروز بدستم رسید، وبرای اولین بار بود با وجود لکه‌ای زیاد صورتم.. نمیگم کااااااملا پوشوند ولی واقعا فکرشم نمیکردم دراین حد بتونه یدست کنه خیلیم سبکه واصلا اذیت نشدم با اینکه خیلی ب کرم پودر علاقه یی ندارم💞💞💞,20,true,2019-12-04T01:34:56+00:00,خنثی,0.35,تجربه محصول,تجربه محصول,,false,ندارد,false,
کرم پودر ضد چروک ویتامینه,https://www.khanoumi.com/products/seagull-anti-wrinkle-vitamin-foundation-oil-free-spf-20-21805,کرم پودر و فونداسیون,من یك هفته پیش این محصول رو از خانومی خریدم و اونو جایگزین اكتیپور كردم تو این یك هفته واقعا راضی بودم ,17,true,2019-11-18T14:38:29+00:00,مثبت,0.67,تجربه محصول,تجربه محصول,,false,ندارد,false,
کرم پودر ضد چروک ویتامینه,https://www.khanoumi.com/products/seagull-anti-wrinkle-vitamin-foundation-oil-free-spf-20-21805,کرم پودر و فونداسیون,"این کرم‌پودر فوق العاده س
هم پوشش‌دهی خوبی داره‌ و هم‌اینکه روی پوست چرب در مدت طولانی براق نمیشه و جوش نمیزنه ♥️",16,true,2019-05-06T01:51:11.8666667+00:00,مثبت,0.67,اثربخشی | حساسیت و واکنش پوست/مو | تجربه محصول | رضایت کلی,حساسیت و واکنش پوست/مو,,false,ندارد,false,
کرم ضد چروک و لایه بردار 10 درصد,https://www.khanoumi.com/products/seagull-anti-wrinkle-cream-a-h-a-15-21806,لایه‌بردار و اسکراب,درمورد اثرگذاریش روی چروک نظری ندارم چون مدت کمیه استفاده میکنم، ولی یه عیبی داره اونم اینکه اصلا جذب پوست نمیشه ,0,true,2023-08-07T10:06:31+00:00,خنثی,0.35,تجربه محصول,تجربه محصول,,false,ندارد,false,
کرم ضد چروک و لایه بردار 10 درصد,https://www.khanoumi.com/products/seagull-anti-wrinkle-cream-a-h-a-15-21806,لایه‌بردار و اسکراب,تقریبا یک ماهه دارم ازش استفاده میکنم هییییچچ تاثیری توی پوستم نداشته. بیشتر بعنوان مرطوب کننده ازش استفاده میکنم,25,true,2021-05-28T18:55:19+00:00,خنثی,0.35,تجربه محصول | اثربخشی,اثربخشی,,false,ندارد,false,
کرم ضد چروک و لایه بردار 10 درصد,https://www.khanoumi.com/products/seagull-anti-wrinkle-cream-a-h-a-15-21806,لایه‌بردار و اسکراب,اگه به صورت هر روز استفاده بشه بد از يك هفته علاسم لايه برداري و پوست پوست شدن و كامل مي بينيد,33,true,2019-09-01T02:50:55+00:00,منفی,0.67,تجربه محصول,تجربه محصول,,false,ندارد,false,
کرم ضد چروک و لایه بردار 10 درصد,https://www.khanoumi.com/products/seagull-anti-wrinkle-cream-a-h-a-15-21806,لایه‌بردار و اسکراب,"فقط روزی یبار اونم شب و به مقدار کم بزنین
روی جوش یا مثلا جوشی که فقط لکش مونده نزنین قرمز میشه
با این درصد به ظاهر کم اسید قوی هست و یکم زیادش سوزش میاره و قاعدتا باید خوب جواب بده ولی من فعلا فقط دو بار استفاده کردم نمی تونم بگم خوبه یا بد",18,true,2019-03-13T00:18:02.03+00:00,ترکیبی,0.87,حساسیت و واکنش پوست/مو | تجربه محصول | ترکیبات,حساسیت و واکنش پوست/مو,حساسیت و واکنش پوست/مو | ترکیبات,true,بالا,false,
کرم روشن کننده گیاهی,https://www.khanoumi.com/products/seagull-herbal-lightening-cream-21808,کرم و مرطوب‌کننده صورت,کلا محصولات سیگل خ ب هستن ولی کرم روشن کننده سی گل ی چیز دیگست.عالیههههه.به وضوح شفاف شدن و روشن شدن پویتتو میتونی ببین.,0,true,2026-04-29T10:37:32.1342242+03:30,مثبت,0.79,رضایت کلی | تجربه محصول,تجربه محصول,,false,ندارد,false,
کرم روشن کننده گیاهی,https://www.khanoumi.com/products/seagull-herbal-lightening-cream-21808,کرم و مرطوب‌کننده صورت,سلام.من 2تا سفارش دادم یکی برای خودم یکی مامانم امروز 3الی 4 روزه که استفاده میکنم.عالی بود واقعاااااا من پوستم مشکل خاصی نداره کلا.ولی پوستم صاف و شفاف و روشن تر شده خودمم باورم نمیشه.فقط قبل استفاده صورتتونو کامل بشورید.مثلا من با فوم‌شستشو میشورم بعد کرمو میزنم.واقعاااا عالی هم برای خودم که پوست مختلط دارم و مادرم ک پوست خشکی داره.چوست روشن تر و صاف شده وقتیم به صورتم دست میکشم لیزر صافه.و اینکه یک لایه نازک بزنید و سریع توی صورت ماساژ بدید.,0,true,2026-04-28T22:50:53.8970362+03:30,مثبت,0.91,تجربه محصول | رضایت کلی,تجربه محصول,,false,ندارد,false,
کرم روشن کننده گیاهی,https://www.khanoumi.com/products/seagull-herbal-lightening-cream-21808,کرم و مرطوب‌کننده صورت,برای من خوب نبود و صورتم باهاش جوش میزنه خیلی بزای پوست سنگینه,0,true,2026-03-24T11:48:42.7460254+03:30,منفی,0.79,حساسیت و واکنش پوست/مو,حساسیت و واکنش پوست/مو,حساسیت و واکنش پوست/مو,true,بالا,false,
کرم روشن کننده گیاهی,https://www.khanoumi.com/products/seagull-herbal-lightening-cream-21808,کرم و مرطوب‌کننده صورت,1 هفته هست که استفاده میکنم قشنگ شفافیت صورتم رو حس میکنم,0,true,2025-08-31T17:11:41.3285795+03:30,خنثی,0.35,تجربه محصول,تجربه محصول,,false,ندارد,false,
کرم روشن کننده گیاهی,https://www.khanoumi.com/products/seagull-herbal-lightening-cream-21808,کرم و مرطوب‌کننده صورت,خیلی کرم خوبیه  تاثیرش رو پوستم عالی بود پوستم روشن و شفاف تر شده واقعا فکرشم نمی کردم با این قیمت تا این حد تاثیرگذار باشه...خلاصه که عالی بود بازم سفارش میدم...,0,true,2024-08-07T15:10:05+00:00,مثبت,0.95,اثربخشی | رضایت کلی | قیمت,قیمت,,false,ندارد,false,
کرم روشن کننده گیاهی,https://www.khanoumi.com/products/seagull-herbal-lightening-cream-21808,کرم و مرطوب‌کننده صورت,"خیلی سنگینه روی پوست و حس بدی میده به آدم
اصلا پیشنهاد نمیکنم",0,true,2024-07-21T23:31:28+00:00,خنثی,0.35,تجربه محصول,تجربه محصول,,false,ندارد,false,
کرم روشن کننده گیاهی,https://www.khanoumi.com/products/seagull-herbal-lightening-cream-21808,کرم و مرطوب‌کننده صورت,بافت سنگینی داره حس سوزش رو موقع استفاده ازش کاملا حس میکردم و اینکه تاثیری ندیدم ازش,0,true,2024-07-15T15:15:12+00:00,خنثی,0.35,اثربخشی | بافت محصول | حساسیت و واکنش پوست/مو,حساسیت و واکنش پوست/مو,,false,ندارد,false,
کرم روشن کننده گیاهی,https://www.khanoumi.com/products/seagull-herbal-lightening-cream-21808,کرم و مرطوب‌کننده صورت,روی لکه اثر نداره ,0,true,2024-04-23T14:51:46+00:00,خنثی,0.35,تجربه محصول,تجربه محصول,,false,ندارد,false,
کرم روشن کننده گیاهی,https://www.khanoumi.com/products/seagull-herbal-lightening-cream-21808,کرم و مرطوب‌کننده صورت,"اثر گذاری کم روی لکه جوش 
سریع جذب میشه 
تا کمی رنگ پوست رو شفاف میکنه ",0,true,2024-04-20T23:09:21+00:00,خنثی,0.35,رنگ و شید | حساسیت و واکنش پوست/مو,حساسیت و واکنش پوست/مو,,false,ندارد,false,
کرم دور چشم مدل Age Pro حجم 20میل,https://www.khanoumi.com/products/seagull-eye-contour-cream-21809,کرم دور چشم,بعد از یک هفته استفاده تیرگی زیر چشمم خیلی خیلی از بین رفت . واقعا عالیه ,1,true,2023-04-19T12:48:06+00:00,مثبت,0.79,رضایت کلی,رضایت کلی,,false,ندارد,false,
کرم دور چشم مدل Age Pro حجم 20میل,https://www.khanoumi.com/products/seagull-eye-contour-cream-21809,کرم دور چشم,"خوب بود.
",0,true,2023-01-23T22:33:00+00:00,مثبت,0.79,رضایت کلی,رضایت کلی,,false,ندارد,false,
کرم دور چشم مدل Age Pro حجم 20میل,https://www.khanoumi.com/products/seagull-eye-contour-cream-21809,کرم دور چشم,مرطوب کننده خوبیه قیمتش هم مناسبه، بر ای چین و چروک و رفع تیرگی نمیدونم موثره یا نه,3,true,2022-12-22T23:54:21+00:00,خنثی,0.35,سؤال و ابهام,سؤال و ابهام,,false,ندارد,false,
کرم دور چشم مدل Age Pro حجم 20میل,https://www.khanoumi.com/products/seagull-eye-contour-cream-21809,کرم دور چشم,من طبق نظرات اینو خریدم ولی فعلا که رضایت بخش نبوده حتی حس میکنم یه خط زیر چشمم افتاده..ویه جوش ریز هم رو پلکم زده..یه هفتس تقریبا استفاده میکنم,29,true,2020-09-13T12:58:09+00:00,خنثی,0.35,تجربه محصول | حساسیت و واکنش پوست/مو,حساسیت و واکنش پوست/مو,,false,ندارد,false,
کرم دور چشم مدل Age Pro حجم 20میل,https://www.khanoumi.com/products/seagull-eye-contour-cream-21809,کرم دور چشم,تقریبا یک ماه میشه دارم استفاده میکنم اما تیرگی دور چشمم تغییری نکرده،آبرسانیش خوبه,5,true,2020-09-02T13:23:41+00:00,مثبت,0.67,تجربه محصول,تجربه محصول,,false,ندارد,false,
کرم دور چشم مدل Age Pro حجم 20میل,https://www.khanoumi.com/products/seagull-eye-contour-cream-21809,کرم دور چشم,اینو یه مدت کوتاهی هست که استفاده میکنم بنظرم خیلی سبک و زود جذبه بافت کرمی و نرمی داره و مرطوب کنندگی خیلی خوبی داره,3,true,2020-02-25T21:04:28+00:00,مثبت,0.67,بافت محصول | تجربه محصول | رضایت کلی,بافت محصول,,false,ندارد,false,
کرم دور چشم مدل Age Pro حجم 20میل,https://www.khanoumi.com/products/seagull-eye-contour-cream-21809,کرم دور چشم,من کرم دور چشم سینره رو استفاده کردم قبلا ولی کرم دور چشم سی گل فوق العاده قوی تر بود نسبت به اون و خیلی ازش راضیه خط های ریز زیر چشم رو کم کرده و خط لبم رو از بین برده الان دومین باره این کرم دورچشم رو خریداری میکنم,5,true,2019-12-28T09:45:48+00:00,مثبت,0.79,تجربه محصول | رضایت کلی,تجربه محصول,,false,ندارد,false,
کرم دور چشم مدل Age Pro حجم 20میل,https://www.khanoumi.com/products/seagull-eye-contour-cream-21809,کرم دور چشم,کیفیت خوبی داره و خصوصا تاثیرش برای رفع سیاهی دور چشم خوب بوده,1,true,2019-10-21T11:49:51+00:00,مثبت,0.91,اثربخشی | کیفیت محصول,کیفیت محصول,,false,ندارد,false,
کرم دور چشم مدل Age Pro حجم 20میل,https://www.khanoumi.com/products/seagull-eye-contour-cream-21809,کرم دور چشم,من این کرم رو چند وقته از خانومی خریدم واستفاده میکنم برای پوست اطراف چشم من که خشکه یک مرطوب کننده خوب هست ,1,true,2019-10-19T15:12:11+00:00,مثبت,0.67,تجربه محصول,تجربه محصول,,false,ندارد,false,
کرم دور چشم مدل Age Pro حجم 20میل,https://www.khanoumi.com/products/seagull-eye-contour-cream-21809,کرم دور چشم,من دو شب هست خریدم و استفاده می کنم کیفیت خوبی داره ،قبلا هم همین دور چشم رو استفاده میکردم ,2,true,2019-10-13T15:22:08+00:00,مثبت,0.67,کیفیت محصول | تجربه محصول,کیفیت محصول,,false,ندارد,false,
کرم دور چشم مدل Age Pro حجم 20میل,https://www.khanoumi.com/products/seagull-eye-contour-cream-21809,کرم دور چشم,کیفیت قابل قبولی داره در واقع پیشگیری میکنه راضیم ازش دوباره میخرمش حتما  مرسی از خانمی بابت تخفیفی که گذاشتی,1,true,2019-10-05T22:30:19+00:00,مثبت,0.67,تخفیف | خرید مجدد | کیفیت محصول | رضایت کلی,تخفیف,,false,ندارد,false,
کرم دور چشم مدل Age Pro حجم 20میل,https://www.khanoumi.com/products/seagull-eye-contour-cream-21809,کرم دور چشم,من سه ماهه دارم ازش برای پیشگیری  استفاده میکنم و تا الان خیلی خوب بوده ,1,true,2019-09-30T13:18:30+00:00,مثبت,0.91,تجربه محصول | رضایت کلی,تجربه محصول,,false,ندارد,false,
کرم دور چشم مدل Age Pro حجم 20میل,https://www.khanoumi.com/products/seagull-eye-contour-cream-21809,کرم دور چشم,من سه ماهه دارم ازش برای پیشگیری  استفاده میکنم و تا الان خیلی خوب بوده ,1,true,2019-09-30T13:18:13+00:00,مثبت,0.91,تجربه محصول | رضایت کلی,تجربه محصول,,false,ندارد,false,
کرم دور چشم مدل Age Pro حجم 20میل,https://www.khanoumi.com/products/seagull-eye-contour-cream-21809,کرم دور چشم,من الان ۶ ماه هست که دارم از این کرم استفاده میکنم هم برای دور چشم و هم برای خط خنده. خیلی راضی هستم مرسی خانومی جان به خاطر تخفیفی که برای این محصول در نظر گرفتید,19,true,2019-06-17T11:10:16.44+00:00,مثبت,0.79,تخفیف | تجربه محصول | رضایت کلی,تخفیف,,false,ندارد,false,
اسپری دافع حشرات,https://www.khanoumi.com/products/seagull-insect-repellent-spray-face-and-body-21810,سایر محصولات,خیلی خوبه طوری که اصلا باورم نمیشه...عالیه,0,true,2025-06-07T21:10:37.8583133+00:00,خنثی,0.35,رضایت کلی,رضایت کلی,,false,ندارد,false,
اسپری دافع حشرات,https://www.khanoumi.com/products/seagull-insect-repellent-spray-face-and-body-21810,سایر محصولات,عالی همیشه در سفر برای جلوگیری از گزش حشرات استفاده میکنم,0,true,2025-04-13T11:39:53.2959589+00:00,مثبت,0.67,تجربه محصول | رضایت کلی,تجربه محصول,,false,ندارد,false,
روغن فندق,https://www.khanoumi.com/products/barij-essence-hazel-oil-21837,سایر محصولات,روغن خوبی هست باعث تقویت مژه و ابرو میشه اگه به مدت سه هفته استفاده بشه من این قبلا از داروخونه خریدم امتحان کردم ،بار دوم از خانومی خریدم ،فقط باید قبل خواب زد مخصوصا مژه ها ،در غیر این صورت باعث سوزش میشه چون به داخل چشم میرسه ,50,true,2020-02-25T22:29:39+00:00,خنثی,0.35,تجربه محصول | حساسیت و واکنش پوست/مو | نحوه استفاده,حساسیت و واکنش پوست/مو,,false,ندارد,false,
کرم ترک پا مدل Heel Fix,https://www.khanoumi.com/products/barij-essence-heel-fix-ceram-21838,کرم و مرطوب‌کننده صورت,"خیلی خوب جذب پوست میشه و بوی خیلی خوبی هم داره.
",0,true,2023-07-11T11:30:46+00:00,مثبت,0.91,رضایت کلی | بو و رایحه,بو و رایحه,,false,ندارد,false,
روغن بادام تلخ,https://www.khanoumi.com/products/barij-essence-bitter-almond-oil-21839,سایر محصولات,روغن خوبیه، تازه به دستم رسیده و روی دستم امتحان کردم، جذبش سریعه و بوش هم کمه.,2,true,2020-02-12T15:24:25+00:00,خنثی,0.35,ارسال کالا | بو و رایحه | تجربه محصول,ارسال کالا,,false,ندارد,false,
روغن بادام تلخ,https://www.khanoumi.com/products/barij-essence-bitter-almond-oil-21839,سایر محصولات,برای مو استفاده کردم،فعلا که راضی ام،برای مو خوره مناسبه,3,true,2019-09-06T16:05:51.4033333+00:00,مثبت,0.79,تجربه محصول | سؤال و ابهام | رضایت کلی,تجربه محصول,,false,ندارد,false,
لوسیون ضد جوش,https://www.khanoumi.com/products/barij-essence-anti-acne-lotion-21840,کرم دست و بدن,اصلا خوب نیست باعث سوزش پوست میشه و تا حدودی خشک میکنه اما برای جوش های کیستی اصلا جواب نمیده بسته بندیش هم جالب نیست ,7,true,2019-06-25T13:43:19.0933333+00:00,منفی,0.67,بسته‌بندی | حساسیت و واکنش پوست/مو,حساسیت و واکنش پوست/مو,بسته‌بندی | حساسیت و واکنش پوست/مو,true,بالا,false,
لوسیون ضد جوش,https://www.khanoumi.com/products/barij-essence-anti-acne-lotion-21840,کرم دست و بدن,واقعا برای محو کردن و از بین بردن جوش محصول بسیار خوبیه... من الان دو هفته هست که استفاده میکنم و بسیار پوست مستعد جوشی دارم. به محض این که جوش میزنم محصول رو فقط روی جوش هام میزنم و فرداش کاملا جوش از بین رفته. بوی خوبی نداره ولی قابل تحمله بوش چون تاثیر خیلی خوبی داره,39,true,2019-04-29T13:06:52.8133333+00:00,مثبت,0.67,حساسیت و واکنش پوست/مو | تجربه محصول | بو و رایحه | اثربخشی | رضایت کلی,حساسیت و واکنش پوست/مو,,false,ندارد,false,
لوسیون موضعی ضد  لک,https://www.khanoumi.com/products/barij-essence-anti-spot-topical--lotion-21843,کرم دست و بدن,با هر پوستی سازگار نیست برای من تاثیری نداشت یه مدت استفاده کردم صورتم جوش میزد و بعداز قطعش، جوشام بهتر می شدند دیگه نزدم ولی چونکه اسطوخودوس داره برای خواب شبانه ارامش بخش و کیفیت خواب بهتر می کنه استفاده می کنم، بوی تندی داره.,20,true,2019-10-13T11:55:07+00:00,خنثی,0.35,بو و رایحه | اثربخشی | کیفیت محصول | تجربه محصول | حساسیت و واکنش پوست/مو,حساسیت و واکنش پوست/مو,,false,ندارد,false,
کرم ضد آفتاب فاقد رنگ پوست نرمال و چرب,https://www.khanoumi.com/products/barij-essence-invisible-sun-screen-21846,ضدآفتاب,هم چربه،هم بودی بدی داره🤦‍♀️,7,true,2021-08-01T10:46:01+00:00,خنثی,0.35,تجربه محصول,تجربه محصول,,false,ندارد,false,
کرم ضد آفتاب کرم پودری پوست چرب و نرمال,https://www.khanoumi.com/products/barij-essence-oily-to-normal-sun-screen-21847,کرم پودر و فونداسیون,من بژتیره کرفتم،خیلی خوش رنگه،پوشش هم خوبه. لطفا موجود کنید,0,true,2024-04-19T22:31:46+00:00,مثبت,0.67,موجودی کالا | اثربخشی,موجودی کالا,,false,ندارد,false,
کرم  ضد  آفتاب کرم  پودری  پوست  خشک و نرمال,https://www.khanoumi.com/products/barij-essence-dry-to-normal-sun-screen-21848,کرم پودر و فونداسیون,"بعنوان کرم پودر هم استفاده میکنم
خوبه
روش پنکک میزنم همیشه",0,true,2024-09-02T23:42:49+00:00,مثبت,0.67,تجربه محصول,تجربه محصول,,false,ندارد,false,
روغن  بادام  شیرین,https://www.khanoumi.com/products/barij-essence-sweet-almond-oil-21849,سایر محصولات,ميتونست بهتر باشه,1,true,2022-02-24T00:47:36+00:00,خنثی,0.35,تجربه محصول,تجربه محصول,,false,ندارد,false,
روغن  بادام  شیرین,https://www.khanoumi.com/products/barij-essence-sweet-almond-oil-21849,سایر محصولات,"من بعد از حمام به ساقه موهام میزنم و باعث نرمی موهام میشه، راضیم
برای تقویت ابرهامم استفاه میکنم",13,true,2021-06-09T09:36:06+00:00,مثبت,0.79,رضایت کلی,رضایت کلی,,false,ندارد,false,
کرم مرطوب کننده  آلوئه  ورا 50گرمی,https://www.khanoumi.com/products/barij-essence-moisturizng-with--aloe-vera-cream-21855,کرم و مرطوب‌کننده صورت,با اینکه قیمت پایینی داره اما کرم خیلی خوبیه، زود جذب میشه و طولانی مدت پوست و نرم نگه میداره,0,true,2023-06-11T13:12:09+00:00,مثبت,0.67,قیمت | رضایت کلی,قیمت,,false,ندارد,false,
کرم مرطوب کننده  آلوئه  ورا 50گرمی,https://www.khanoumi.com/products/barij-essence-moisturizng-with--aloe-vera-cream-21855,کرم و مرطوب‌کننده صورت,خیلی خوبه خیلی نرم میکنه و زود جذب میشه ,4,true,2020-02-06T10:57:05+00:00,مثبت,0.79,رضایت کلی,رضایت کلی,,false,ندارد,false,
کرم مرطوب کننده  آلوئه  ورا 50گرمی,https://www.khanoumi.com/products/barij-essence-moisturizng-with--aloe-vera-cream-21855,کرم و مرطوب‌کننده صورت,چرب نیست راضی بودم,11,true,2018-11-19T23:09:30.7933333+00:00,منفی,0.67,رضایت کلی,رضایت کلی,,false,ندارد,false,
ژل مو رزماری 150میل,https://www.khanoumi.com/products/barij-essence-rosemary-hair--gel-21858,سایر محصولات,اولش بوی تند رز ماری میده که زیاد جالب نیست اما بعد از یکی دو دقیقه از بین میره،در عوض طبیعیه و مواد مضر نداره.,1,true,2020-11-10T10:02:33+00:00,خنثی,0.35,بو و رایحه,بو و رایحه,,false,ندارد,false,
رژ لب مدادی مات مدل xtreme,https://www.khanoumi.com/products/dmgm-xtreme-matte-chubby-stick-21859,رژ لب,هم خیلی خوش رنگ هست و هم اینکه ماندگاری بالایی داره،از طرفی پیچی بودنش و اینکه نیازی به تراش نداره یک مزیت عالی به حساب میاد,0,true,2019-10-19T13:09:08+00:00,مثبت,0.67,ماندگاری | رنگ و شید | رضایت کلی,رنگ و شید,,false,ندارد,false,
رژ لب مدادی مات مدل xtreme,https://www.khanoumi.com/products/dmgm-xtreme-matte-chubby-stick-21859,رژ لب,محصولات دی ام عالیند.نمیدونم چرا تو ایران خیلی روش کار مسده و شناخته نشده هست.منم ازین کد تو خرید آخرم سفارش دادم و مثل همه ی کدهاش عالی بود,1,true,2019-09-12T17:41:11+00:00,مثبت,0.67,تجربه محصول | رضایت کلی,تجربه محصول,,false,ندارد,false,
رژ لب مدادی مات مدل xtreme,https://www.khanoumi.com/products/dmgm-xtreme-matte-chubby-stick-21859,رژ لب,من چندمین باره از این محصول میخرم الان دیدم اف خورده خیلی زود اومدم بازم بخرم حس خوب نرمی لبها با این رژ فوق العاده سبک حس میشه اصلا اصلا هم لبها نمیسوزه ,0,true,2019-09-09T09:51:13+00:00,مثبت,0.79,تجربه محصول | رضایت کلی,تجربه محصول,,false,ندارد,false,
رژ لب مدادی مات مدل xtreme,https://www.khanoumi.com/products/dmgm-xtreme-matte-chubby-stick-21859,رژ لب,من سالهاست محصولات دایانا و دی ام رو استفاده میکنم این دو برند نه حساسیت زا هستند نه میسوزنند. چون فاقد سرب و پارابن و کاملا گیاهیند.,0,true,2019-09-06T03:05:54+00:00,منفی,0.67,حساسیت و واکنش پوست/مو | تجربه محصول | ترکیبات,حساسیت و واکنش پوست/مو,حساسیت و واکنش پوست/مو | ترکیبات,true,بالا,false,
پودر فشرده,https://www.khanoumi.com/products/dmgm-even-complexion-powder-21898,سایر محصولات,پوشانندگی متوسط داره... رنگش خوب بود.. 04 خریدم. گندمی روشن.. سبک بود.. پد و آیینه خوبی داشت... بوی خوبی هم داره. ممنون از ارسالتون,4,true,2019-02-23T15:18:21.3833333+00:00,مثبت,0.91,ارسال کالا | بو و رایحه | تجربه محصول | رضایت کلی,ارسال کالا,,false,ندارد,false,
رژلب استودیو مات,https://www.khanoumi.com/products/dmgm-studio-matte-lip-color-21906,رژ لب,شماره 512 صورتی خیلی خوشرنگی هست,0,true,2019-10-21T13:50:41+00:00,خنثی,0.35,تجربه محصول,تجربه محصول,,false,ندارد,false,
رژلب استودیو مات,https://www.khanoumi.com/products/dmgm-studio-matte-lip-color-21906,رژ لب,سلام این محصول به دستم رسید و اصلا اصلا مات نیست .,1,true,2019-09-16T15:14:45+00:00,خنثی,0.35,تجربه محصول | ارسال کالا,ارسال کالا,,false,ندارد,false,
مداد لب فتوفیکس,https://www.khanoumi.com/products/dmgm-photo-fix-lipliner-21911,سایر محصولات,این مداد لبها عااالیند,0,true,2019-09-06T03:08:03+00:00,مثبت,0.67,رضایت کلی,رضایت کلی,,false,ندارد,false,
مداد چشم پیچی فوتو فیکس,https://www.khanoumi.com/products/dmgm-photo-fix-eye-liner-21915,خط چشم و مداد چشم,بسیار مشکی و با دوام و بدون ریزش.در یک کلام فوق العاده.بدون نیاز به تراشیدن و شکستن نوک,0,true,2019-09-12T17:44:19+00:00,مثبت,0.67,ماندگاری | رضایت کلی,ماندگاری,,false,ندارد,false,
رژ لب مدادی نیمه مات بلک دایموند,https://www.khanoumi.com/products/my-black-diamond-semi-mat-chubby-stick-21921,رژ لب,بافت خیلی نرمی داره اما اصلا ماندگار نیست,0,true,2026-06-29T23:27:25.2353196+03:30,خنثی,0.35,بافت محصول,بافت محصول,,false,ندارد,false,
رژ لب مدادی نیمه مات بلک دایموند,https://www.khanoumi.com/products/my-black-diamond-semi-mat-chubby-stick-21921,رژ لب,خیلی معمولی‌.پوست لبتون اگه حساسه این رژ مناسب نیست.لب پوست پوست میده و خیلی نرمم نیست. رنگشم من 13 بژ گلبهی گرفتم که وقتی میره رو لب آرایشو میبره به سبک دهه 70.رو لب میزنه به نارنجی,0,true,2026-04-14T15:09:42.5156597+03:30,خنثی,0.35,تجربه محصول | نارضایتی کلی,تجربه محصول,,false,ندارد,false,
رژ لب مدادی نیمه مات بلک دایموند,https://www.khanoumi.com/products/my-black-diamond-semi-mat-chubby-stick-21921,رژ لب,بافت نرفی داره ، اما ماندگار نیست,0,true,2026-04-04T22:20:16.4232929+03:30,خنثی,0.35,بافت محصول,بافت محصول,,false,ندارد,false,
رژ لب مدادی نیمه مات بلک دایموند,https://www.khanoumi.com/products/my-black-diamond-semi-mat-chubby-stick-21921,رژ لب,من شماره 16 گرفتم کاملا قرمزه و بوی خوبی داره,0,true,2026-03-17T18:04:26.2436627+03:30,خنثی,0.35,بو و رایحه | تجربه محصول,بو و رایحه,,false,ندارد,false,
رژ لب مدادی نیمه مات بلک دایموند,https://www.khanoumi.com/products/my-black-diamond-semi-mat-chubby-stick-21921,رژ لب,"من شماره 15 رو گرفتم، بیشتر تناژ بنفش غالبه و مایل ب تیره است. پررنگه، نرم و روان کشیده میشه ولی ی کم چربه که بهتره بعد استفاده با ی دستمال چربیش رو بگیرید.
بنظرم برا پوست سبزه مناسب تر هست.
درکل گزینه خوبیه
در کل گزینه خوبه.",0,true,2026-03-14T10:21:40.2595132+03:30,مثبت,0.67,رنگ و شید | بافت محصول | تجربه محصول,بافت محصول,,false,ندارد,false,
رژ لب مدادی نیمه مات بلک دایموند,https://www.khanoumi.com/products/my-black-diamond-semi-mat-chubby-stick-21921,رژ لب,بی کیفتیت,0,true,2026-03-03T11:20:47.4904442+03:30,خنثی,0.35,سایر,سایر,,false,ندارد,false,
رژ لب مدادی نیمه مات بلک دایموند,https://www.khanoumi.com/products/my-black-diamond-semi-mat-chubby-stick-21921,رژ لب,"من شماره 17 رنگ سرخابی سفارش دادم 
ولی رنگ زرشکی تیره به دستم رسید",0,true,2026-02-10T13:02:57.0308857+03:30,خنثی,0.35,رنگ و شید | ارسال کالا | تجربه محصول,ارسال کالا,,false,ندارد,false,
رژ لب مدادی نیمه مات بلک دایموند,https://www.khanoumi.com/products/my-black-diamond-semi-mat-chubby-stick-21921,رژ لب,من رنگ 15 گرفتم بیشتر تناژ بنفش داره و ی کم تیره است روشن تر بود بهتر میشد. ولی نرمه و کیفیتش خوبه. خشکم نیست مایل ب چربه,0,true,2026-01-30T07:58:31.164919+03:30,منفی,0.67,کیفیت محصول | رنگ و شید | تجربه محصول,کیفیت محصول,کیفیت محصول | رنگ و شید,true,متوسط,false,
رژ لب مدادی نیمه مات بلک دایموند,https://www.khanoumi.com/products/my-black-diamond-semi-mat-chubby-stick-21921,رژ لب,رژ خوبی هست رو لب موندگاری  متوسطی داره  در کل خوب بود ،بوی بدی هم نداره، ولی رنگها بسیار تفاوت داره با چیزی که تو سایت گذاشتن حداقل دو سه درجه تیره تر هست و این یکمی تو ذوق میزنه,0,true,2026-01-28T19:54:22.6396637+03:30,مثبت,0.79,بو و رایحه | سایت و اپلیکیشن,سایت و اپلیکیشن,,false,ندارد,false,
رژ لب مدادی نیمه مات بلک دایموند,https://www.khanoumi.com/products/my-black-diamond-semi-mat-chubby-stick-21921,رژ لب,من برای بار دوم رنگ 12 رو سفارش دادم واقعا هم خیلی خوش نگه هم حجم مواد خوبی داره .,0,true,2025-12-14T20:02:05.8585866+03:30,خنثی,0.35,حجم و مقدار | رنگ و شید | تجربه محصول,رنگ و شید,,false,ندارد,false,
رژ لب مدادی نیمه مات بلک دایموند,https://www.khanoumi.com/products/my-black-diamond-semi-mat-chubby-stick-21921,رژ لب,من شماره 12 رو گرفتم خیلی عالیه ، و بهترین رژی هست که دارم و یکی دیگه هم‌ازش سفارش دادم,0,true,2025-11-26T09:32:49.3244467+03:30,مثبت,0.91,رضایت کلی | تجربه محصول,تجربه محصول,,false,ندارد,false,
رژ لب مدادی نیمه مات بلک دایموند,https://www.khanoumi.com/products/my-black-diamond-semi-mat-chubby-stick-21921,رژ لب,خیلی بدرنگ بود و روی لب مثل خمیر گوله گوله می شد پشیمون شدم از خریدنش,0,true,2025-08-23T10:43:25.483445+00:00,منفی,0.67,نارضایتی کلی,نارضایتی کلی,نارضایتی کلی,true,متوسط,false,
رژ لب مدادی نیمه مات بلک دایموند,https://www.khanoumi.com/products/my-black-diamond-semi-mat-chubby-stick-21921,رژ لب,"من هر محصول ارایشی از مای گرفتم پشیمون شدم. 
رنگش کاملا فرق داشت و پیگمنتش اصلا خوب نیست. ولی ماندگاریش خوبه",0,true,2025-07-12T05:36:39.3866095+00:00,منفی,0.67,ماندگاری | تجربه محصول | نارضایتی کلی,ماندگاری,ماندگاری | نارضایتی کلی,true,متوسط,false,
رژ لب مدادی نیمه مات بلک دایموند,https://www.khanoumi.com/products/my-black-diamond-semi-mat-chubby-stick-21921,رژ لب,رنگ 11 رو گرفتم شبیه رنگ خود لبه بد نیست ولی سرب داره و یکمی خشکه و در کل دوسش نداشتم,0,true,2025-07-03T21:56:25.024982+00:00,مثبت,0.67,رنگ و شید | تجربه محصول,رنگ و شید,,false,ندارد,false,
رژ لب مدادی نیمه مات بلک دایموند,https://www.khanoumi.com/products/my-black-diamond-semi-mat-chubby-stick-21921,رژ لب,رنگشاش خوبه اما خشکه,0,true,2025-05-13T13:45:20.0011101+00:00,مثبت,0.67,رضایت کلی,رضایت کلی,,false,ندارد,false,
رژ لب مدادی نیمه مات بلک دایموند,https://www.khanoumi.com/products/my-black-diamond-semi-mat-chubby-stick-21921,رژ لب,رو لب خشک میشه اذیت میشم,0,true,2025-05-03T18:38:51.7077176+00:00,خنثی,0.35,تجربه محصول,تجربه محصول,,false,ندارد,false,
رژ لب مدادی نیمه مات بلک دایموند,https://www.khanoumi.com/products/my-black-diamond-semi-mat-chubby-stick-21921,رژ لب,من گرفتم رنگ 12خوشرنگه برای استفاده روزانه خوبه و ماندگاری خوبی داره,0,true,2025-04-15T10:14:25.5841663+00:00,مثبت,0.67,ماندگاری | رنگ و شید | تجربه محصول,رنگ و شید,,false,ندارد,false,
رژ لب مدادی نیمه مات بلک دایموند,https://www.khanoumi.com/products/my-black-diamond-semi-mat-chubby-stick-21921,رژ لب,من 218 رو گرفتم خیلی رنگ نازی داره,0,true,2025-03-31T20:23:00.8566045+00:00,خنثی,0.35,رنگ و شید | تجربه محصول,رنگ و شید,,false,ندارد,false,
رژ لب مدادی نیمه مات بلک دایموند,https://www.khanoumi.com/products/my-black-diamond-semi-mat-chubby-stick-21921,رژ لب,برای اهل منزل گرفتم خیلی راضی بودن,0,true,2025-03-15T07:48:10.1012294+00:00,مثبت,0.67,تجربه محصول,تجربه محصول,,false,ندارد,false,
رژ لب مدادی نیمه مات بلک دایموند,https://www.khanoumi.com/products/my-black-diamond-semi-mat-chubby-stick-21921,رژ لب,"عالیه خوش رنگ و خوش بافت و نرم ماندگاری خوبی هم داره
کد 12",0,true,2025-02-28T12:50:48.8525909+00:00,مثبت,0.79,ماندگاری | رضایت کلی | بافت محصول | رنگ و شید,بافت محصول,,false,ندارد,false,
رژ لب مدادی نیمه مات بلک دایموند,https://www.khanoumi.com/products/my-black-diamond-semi-mat-chubby-stick-21921,رژ لب,رنگ 11 رو گرفتم اصلا خوب نبود بی رنگ و افتضاح.انتظار داشتم یه مقدار قهوه ای باشه ولی هیچ رنگی نداره‌ وقتی میزنی خیلی بی روح می‌کنه چهره رو فکر نمیکنم اصلا رنگش به کسی بیاد,0,true,2025-01-28T17:16:32.331438+00:00,منفی,0.95,نارضایتی کلی | رنگ و شید | تجربه محصول,رنگ و شید,نارضایتی کلی | رنگ و شید,true,متوسط,false,
رژ لب مدادی نیمه مات بلک دایموند,https://www.khanoumi.com/products/my-black-diamond-semi-mat-chubby-stick-21921,رژ لب,من شماره 16 سفارش دادم صورتی، بعد رنگی که داره زرشکی پر رنگه,0,true,2025-01-19T04:00:10.5979282+00:00,خنثی,0.35,تجربه محصول | رنگ و شید,رنگ و شید,,false,ندارد,false,
رژ لب مدادی نیمه مات بلک دایموند,https://www.khanoumi.com/products/my-black-diamond-semi-mat-chubby-stick-21921,رژ لب,من 12 گرفتم رنگش قهوه ای میزنه خیلی زشته 11 هم گرفتم قهوه ای کمرنگ هست جنسش خوبه ولی رنگ بندی هاش افتضاح,0,true,2025-01-06T10:51:36.6912919+00:00,ترکیبی,0.71,تجربه محصول | نارضایتی کلی | کیفیت محصول | رنگ و شید,کیفیت محصول,نارضایتی کلی | کیفیت محصول | رنگ و شید,true,متوسط,false,
رژ لب مدادی نیمه مات بلک دایموند,https://www.khanoumi.com/products/my-black-diamond-semi-mat-chubby-stick-21921,رژ لب,بافت نرمی داره و ماندگاریش خوبه اما رنگ صورتی نارنجی اصلا اون رنگی که تو عکس هست نیستش,0,true,2025-01-05T12:47:33.1768232+00:00,مثبت,0.67,ماندگاری | رنگ و شید | بافت محصول,بافت محصول,,false,ندارد,false,
رژ لب مدادی نیمه مات بلک دایموند,https://www.khanoumi.com/products/my-black-diamond-semi-mat-chubby-stick-21921,رژ لب,بافتش نرمه و راحت میشه ازش استفاده کرد من کلا از تناژ قرمز خوشم نمیاد ولی اگه دوست داشته باشیت خوش رنگه هست من با قهوه ای تیره ترکیبش می کنم قشنگ میشه و اینکه من کلا یه رنگ تیره می خواستم از عکسی که دوستان گذاشته بودن فکر می کردم تیره باشه ولی خب رنگش روی دست و لب متفاوته رنگی که گذاشتن رو رو لب یه چند درجه روشن تر بدونین اگه بخوام شارژ کنم رنگ 18 رو به 17 که الان تهیه کردم ترجیح می دم,0,true,2025-01-01T19:54:48.9937989+00:00,خنثی,0.35,رنگ و شید | بافت محصول | موجودی کالا,موجودی کالا,,false,ندارد,false,
رژ لب مدادی نیمه مات بلک دایموند,https://www.khanoumi.com/products/my-black-diamond-semi-mat-chubby-stick-21921,رژ لب,سلام کیفیتش خوبه ولی رنگش اونی نیست که گفته شده من رنگ سرخابی خریدم قرمز آجری دستم رسیده کاش درست بنویسید رنگ بندیشو یا یک تست رنگ بزارید از خود رژها ممنون,0,true,2025-01-01T08:37:17.7821273+00:00,مثبت,0.79,رنگ و شید | کیفیت محصول | تجربه محصول | رضایت کلی,کیفیت محصول,,false,ندارد,false,
رژ لب مدادی نیمه مات بلک دایموند,https://www.khanoumi.com/products/my-black-diamond-semi-mat-chubby-stick-21921,رژ لب,رنگش خیلی قشنگه و چربه,0,true,2024-12-31T17:10:48.2402358+00:00,خنثی,0.35,تجربه محصول,تجربه محصول,,false,ندارد,false,
رژ لب مدادی نیمه مات بلک دایموند,https://www.khanoumi.com/products/my-black-diamond-semi-mat-chubby-stick-21921,رژ لب,"من شماره 12 و 20 خریدم خیلی بوی خوشمزه ای داره 
12 خیلی خوشرنگه
شماره 20 صورتیه زیاد دوس ندارم‌رنگشو ولی درکل کیفیتشون خوبه",0,true,2024-12-30T19:41:48.800616+00:00,مثبت,0.67,کیفیت محصول | بو و رایحه | تجربه محصول,کیفیت محصول,,false,ندارد,false,
رژ لب مدادی نیمه مات بلک دایموند,https://www.khanoumi.com/products/my-black-diamond-semi-mat-chubby-stick-21921,رژ لب,خیلی خوش رنگه ، بافت نرمی داره . رنگشم ترکیبی از نارنجی آجری و صورتیه . خیلی قشنگه از نزدیک قشنگ تر خودشو نشون میده .,0,true,2024-12-26T11:52:11.0242227+00:00,خنثی,0.35,بافت محصول,بافت محصول,,false,ندارد,false,
رژ لب مدادی نیمه مات بلک دایموند,https://www.khanoumi.com/products/my-black-diamond-semi-mat-chubby-stick-21921,رژ لب,رنگ 12 به نارنجی میزنه من زیاد دوس نداشتم ولی جنسش خوبه,0,true,2024-12-21T13:20:05.4826247+00:00,مثبت,0.67,کیفیت محصول | رنگ و شید,کیفیت محصول,,false,ندارد,false,
رژ لب مدادی نیمه مات بلک دایموند,https://www.khanoumi.com/products/my-black-diamond-semi-mat-chubby-stick-21921,رژ لب,"واقعا عالیه
هم خوش‌رنگه هم رو لب نرم و سبکه من شماره 12 رو گرفتم و واقعا پیشنهادش میکنم بهتون",0,true,2024-12-15T10:02:05.1245126+00:00,مثبت,0.79,رضایت کلی | تجربه محصول,تجربه محصول,,false,ندارد,false,
رژ لب مدادی نیمه مات بلک دایموند,https://www.khanoumi.com/products/my-black-diamond-semi-mat-chubby-stick-21921,رژ لب,"من شماره 15 رو سفارش دادم.
خیلی خوش رنگ بود بافت سبک و چربی هم داشت.
ماندگاریشم عالیه.",0,true,2024-12-13T10:01:17.5671336+00:00,مثبت,0.79,ماندگاری | رضایت کلی | بافت محصول | رنگ و شید | تجربه محصول,بافت محصول,,false,ندارد,false,
رژ لب مدادی نیمه مات بلک دایموند,https://www.khanoumi.com/products/my-black-diamond-semi-mat-chubby-stick-21921,رژ لب,من شماره 13 رو گرفتم ولی روی لب رنگش نارنجیه و جالب نیست. راحت روی لب کشیده میشه اما زود هم می‌ماسه.,0,true,2024-12-12T13:18:10.7945158+00:00,خنثی,0.35,تجربه محصول,تجربه محصول,,false,ندارد,false,
رژ لب مدادی نیمه مات بلک دایموند,https://www.khanoumi.com/products/my-black-diamond-semi-mat-chubby-stick-21921,رژ لب,من از کیفیت راضی بودم موندگاری داره جلوه مات داره ولی رنگ ها شبیه عکساش نیست،من سرخابی خریدم ولی قرمزه،صورتی رو خریدم تن نارنجی گلبهی داره,0,true,2024-12-09T20:28:28.0038864+00:00,مثبت,0.67,تجربه محصول | کیفیت محصول | رنگ و شید,کیفیت محصول,,false,ندارد,false,
رژ لب مدادی نیمه مات بلک دایموند,https://www.khanoumi.com/products/my-black-diamond-semi-mat-chubby-stick-21921,رژ لب,من رنگ شماره 13 رو خریدم، اصلا اون بژگلبهی که نوشته بود نبود و یه رنگ نارنجی تو ذوق زنی بود. روی لب هم میماسه,0,true,2024-11-30T07:17:39.5111128+00:00,خنثی,0.35,رنگ و شید | تجربه محصول,رنگ و شید,,false,ندارد,false,
رژ لب مدادی نیمه مات بلک دایموند,https://www.khanoumi.com/products/my-black-diamond-semi-mat-chubby-stick-21921,رژ لب,رنگ 12 و 17 رو خریدم بسیااار نرم و روونه، خیلی خوشرنگ و خوش‌دسته عااالیه واقعا راضیم فقط یه مشکلی که داره اینه که درش زود ترک می‌خوره و می‌شکنه!,0,true,2024-11-28T19:18:28.3202262+00:00,مثبت,0.95,رضایت کلی | رنگ و شید | تجربه محصول,رنگ و شید,,false,ندارد,false,
رژ لب مدادی نیمه مات بلک دایموند,https://www.khanoumi.com/products/my-black-diamond-semi-mat-chubby-stick-21921,رژ لب,من رنگ 13 رو خریدم نوشته بود گل‌بهی بژ ولی اصلا مشابه کاتالوگ نبود و نارنجی بود. رژ لب رو باید از نزدیک تست کرد.  ماندگاری هم خیلی کمه.,0,true,2024-11-14T10:19:10.4468748+00:00,خنثی,0.35,ماندگاری | رنگ و شید | تجربه محصول,رنگ و شید,,false,ندارد,false,
رژ لب مدادی نیمه مات بلک دایموند,https://www.khanoumi.com/products/my-black-diamond-semi-mat-chubby-stick-21921,رژ لب,"تازه به دستم رسیده
خیلی نرم و خوب",0,true,2024-11-13T10:07:24.9054831+00:00,مثبت,0.67,ارسال کالا,ارسال کالا,,false,ندارد,false,
رژ لب مدادی نیمه مات بلک دایموند,https://www.khanoumi.com/products/my-black-diamond-semi-mat-chubby-stick-21921,رژ لب,من رنگ شماره 17 رو گرفتم. خوشرنگ بود، بافت نرمی ام داره,0,true,2024-11-12T07:59:13.8914968+00:00,خنثی,0.35,بافت محصول | رنگ و شید | تجربه محصول,بافت محصول,,false,ندارد,false,
رژ لب مدادی نیمه مات بلک دایموند,https://www.khanoumi.com/products/my-black-diamond-semi-mat-chubby-stick-21921,رژ لب,"من رنگ 15 گرفتم
قشنگه رنگش ولی با رنگی ک گذاشته فرق داره",0,true,2024-11-07T09:04:11.022627+00:00,خنثی,0.35,رنگ و شید | تجربه محصول,رنگ و شید,,false,ندارد,false,
رژ لب مدادی نیمه مات بلک دایموند,https://www.khanoumi.com/products/my-black-diamond-semi-mat-chubby-stick-21921,رژ لب,عالی بود، سبک و بافت ملایم و دوست داشتنی,0,true,2024-11-05T18:38:43.1482956+00:00,مثبت,0.79,رضایت کلی | بافت محصول,بافت محصول,,false,ندارد,false,
رژ لب مدادی نیمه مات بلک دایموند,https://www.khanoumi.com/products/my-black-diamond-semi-mat-chubby-stick-21921,رژ لب,"من رنگ 16 خریدم 
ولی قرمزه ، اما خیلی خوشرنگ و روانِ",0,true,2024-10-28T19:23:04.4695499+00:00,خنثی,0.35,رنگ و شید | تجربه محصول | بافت محصول,بافت محصول,,false,ندارد,false,
رژ لب مدادی نیمه مات بلک دایموند,https://www.khanoumi.com/products/my-black-diamond-semi-mat-chubby-stick-21921,رژ لب,قیمت و کیفیت عالی خیلی باکیفیته لب رو نرم و مرطوب نگه میداره و بوش هم خیلی عالیه بازم سفارش میدم,0,true,2024-10-28T12:59:51.463864+00:00,مثبت,0.95,کیفیت محصول | رضایت کلی | قیمت | بو و رایحه,قیمت,,false,ندارد,false,
رژ لب مدادی نیمه مات بلک دایموند,https://www.khanoumi.com/products/my-black-diamond-semi-mat-chubby-stick-21921,رژ لب,"من شماره 12 وگرفتم با اون چیزی که از نظرات دیدم رنگش و خیلی جا خوردم رنگش رنگه کالباسیه و اصلا سلیقه من نیس 
کیفیت خوبی داره این رژ اصلا تناژ قهوه ای یا نارنجی نداره فقط تناژ صورتی داره",0,true,2024-10-23T06:11:49.2181358+00:00,مثبت,0.67,رنگ و شید | کیفیت محصول | تجربه محصول,کیفیت محصول,,false,ندارد,false,
رژ لب مدادی نیمه مات بلک دایموند,https://www.khanoumi.com/products/my-black-diamond-semi-mat-chubby-stick-21921,رژ لب,من شماره 12 رو گرفتم خیلی رنگ قشنگی داره وبرای مصرف روزانه عالی است,0,true,2024-10-21T16:38:31.7260276+00:00,مثبت,0.67,رنگ و شید | تجربه محصول | رضایت کلی,رنگ و شید,,false,ندارد,false,
رژ لب مدادی نیمه مات بلک دایموند,https://www.khanoumi.com/products/my-black-diamond-semi-mat-chubby-stick-21921,رژ لب,"عالی 
مخصوصا برای لب خشک چون کاملا چربه",0,true,2024-10-15T07:11:00.9585851+00:00,مثبت,0.67,رضایت کلی,رضایت کلی,,false,ندارد,false,
رژ لب مدادی نیمه مات بلک دایموند,https://www.khanoumi.com/products/my-black-diamond-semi-mat-chubby-stick-21921,رژ لب,"خیلی عالی بود. رنگ قشنگی داره حجمشم نسبتاً خوبه.
بوی خیلی قشنگیم داره.",0,true,2024-10-10T16:19:05.1450701+00:00,مثبت,0.91,رضایت کلی | رنگ و شید | بو و رایحه,رنگ و شید,,false,ندارد,false,
رژ لب مدادی نیمه مات بلک دایموند,https://www.khanoumi.com/products/my-black-diamond-semi-mat-chubby-stick-21921,رژ لب,رنگ خوب . بوی خوب . انقضاء طولانی...,0,true,2024-10-03T10:46:28.0358196+00:00,مثبت,0.79,تاریخ انقضا | رنگ و شید | بو و رایحه,تاریخ انقضا,,false,ندارد,false,
رژ لب مدادی نیمه مات بلک دایموند,https://www.khanoumi.com/products/my-black-diamond-semi-mat-chubby-stick-21921,رژ لب,"اریخ انقضاش اوکیه 
شماره 15 گرفتم خوشرنگه 
تقریبا با رژ جامد اینلی شماره 660 همرنگه 
خیلی نرم و روانه",0,true,2024-09-17T18:58:15+00:00,خنثی,0.35,تاریخ انقضا | تجربه محصول,تاریخ انقضا,,false,ندارد,false,
رژ لب مدادی نیمه مات بلک دایموند,https://www.khanoumi.com/products/my-black-diamond-semi-mat-chubby-stick-21921,رژ لب,"من رنگ 12 و 18 رو گرفتم
بوی خوبی داره و رنگشونم روی لب من همین رنگی بود
کیفیتش بنظرم خوبه",0,true,2024-07-21T21:35:43+00:00,مثبت,0.67,کیفیت محصول | رنگ و شید | بو و رایحه | تجربه محصول,کیفیت محصول,,false,ندارد,false,
رژ لب مدادی نیمه مات بلک دایموند,https://www.khanoumi.com/products/my-black-diamond-semi-mat-chubby-stick-21921,رژ لب,شماره 12 خیلی خوشرنگه رنگش ترکیبی از قهوه ای صورتی و نارنجیه بنظرم برای استفاده روزانه کاربردیه فقط تنها مشکلش اینه که یکم چربه,0,true,2024-07-11T00:15:42+00:00,خنثی,0.35,تجربه محصول,تجربه محصول,,false,ندارد,false,
رژ لب مدادی نیمه مات بلک دایموند,https://www.khanoumi.com/products/my-black-diamond-semi-mat-chubby-stick-21921,رژ لب,"خیلی خوبه و بو خوبی میده و قشنگ رو لب میشینه و استفاده ازش راحته
نه ماته نه براق
موندگاریش هم متوسطه

کاش قیمتش کمتر بود",0,true,2024-06-22T08:47:41+00:00,مثبت,0.79,رضایت کلی | بو و رایحه,بو و رایحه,,false,ندارد,false,
رژ لب مدادی نیمه مات بلک دایموند,https://www.khanoumi.com/products/my-black-diamond-semi-mat-chubby-stick-21921,رژ لب,واس استفاده روزانه خیلی خوبه چون نرمه و نمیچسبه به لب، سبکه و بافت لب رو مخملی نشون میده ، خیلی خوشبوئه و من قبلا شماره 15 داشتم که بنفش و خاصه و الانم گوشتی تیره شماره 18 خریدم و بازم خیلی دوسش دارم ... عاشق لاین رژلب مای هستم من انقد که با کیفیتن ,0,true,2024-06-18T14:45:08+00:00,مثبت,0.79,کیفیت محصول | بافت محصول | رضایت کلی | بو و رایحه | تجربه محصول,کیفیت محصول,,false,ندارد,false,
رژ لب مدادی نیمه مات بلک دایموند,https://www.khanoumi.com/products/my-black-diamond-semi-mat-chubby-stick-21921,رژ لب,"شماره 11 رو گرفتم قهوه ای کمرنگ نرم و لطیفه 
",0,true,2024-06-09T14:18:45+00:00,خنثی,0.35,تجربه محصول,تجربه محصول,,false,ندارد,false,
رژ لب مدادی نیمه مات بلک دایموند,https://www.khanoumi.com/products/my-black-diamond-semi-mat-chubby-stick-21921,رژ لب,رنگ 13 بژ گلبهی گرفتم خیلیییی تناژش نارنجیه یچیزی بین نارنجی و قرمزه,0,true,2024-05-16T23:57:18+00:00,خنثی,0.35,رنگ و شید | تجربه محصول,رنگ و شید,,false,ندارد,false,
رژ لب مدادی نیمه مات بلک دایموند,https://www.khanoumi.com/products/my-black-diamond-semi-mat-chubby-stick-21921,رژ لب,"من شماره ی 15 رو خریدم یعنی رنگ صورتی بنفش. خیلی راضی بودم. اصلا خشک نبود و خیلی نرم و روون بود و چربیش به اندازه بود و روی لب قشنگ بود. از ماندگاریش هم راضیم، از اونایی نیست یه آب میای بخوری لبه ی لیوانو رنگی کنه، اصلا اینطوری نشد.
درکل خیلی راضی بودم هم از رنگش هم جنسش و هم ماندگاریش",0,true,2024-04-03T01:59:15+00:00,مثبت,0.95,ماندگاری | رنگ و شید | کیفیت محصول | تجربه محصول | رضایت کلی,کیفیت محصول,,false,ندارد,false,
رژ لب مدادی نیمه مات بلک دایموند,https://www.khanoumi.com/products/my-black-diamond-semi-mat-chubby-stick-21921,رژ لب,16 رو خریدم، رنگش رنگ تصویره. خوبه ولی به خاطر مدلش سخت میشه زد رو لب. پیچش هم گیر داره یهو دیگه نمیتونی اندازه اش رو تغییر بدی,0,true,2024-03-27T01:52:51+00:00,مثبت,0.67,رنگ و شید | تجربه محصول,رنگ و شید,,false,ندارد,false,
رژ لب مدادی نیمه مات بلک دایموند,https://www.khanoumi.com/products/my-black-diamond-semi-mat-chubby-stick-21921,رژ لب,بافت نرم و خوبی داره و فرم خوبی به لب ها میده،حتما دفعه بعد هم سفارش میدم.,0,true,2024-02-06T19:29:56+00:00,خنثی,0.35,بافت محصول,بافت محصول,,false,ندارد,false,
رژ لب مدادی نیمه مات بلک دایموند,https://www.khanoumi.com/products/my-black-diamond-semi-mat-chubby-stick-21921,رژ لب,من شماره 17گرفتم که توی تصویر رنگ سرخابی نشون میده ولی کاملا قرمزه حواستون به رنگا باشه اصلا شببه رنگ گفته شده توی تصویر نیست,0,true,2023-12-18T10:52:26+00:00,خنثی,0.35,رنگ و شید | تجربه محصول,رنگ و شید,,false,ندارد,false,
رژ لب مدادی نیمه مات بلک دایموند,https://www.khanoumi.com/products/my-black-diamond-semi-mat-chubby-stick-21921,رژ لب,کیفیتش خوب هست ولی من مشکلم اینه زود پاک میشه خیلی ماندگاری نداره برای استفاده روزانه خوبه.شماره 17گرفتم که قرمزه .16بهتر بود به نظر من .,0,true,2023-10-23T10:25:40+00:00,مثبت,0.79,ماندگاری | کیفیت محصول | تجربه محصول,کیفیت محصول,,false,ندارد,false,
رژ لب مدادی نیمه مات بلک دایموند,https://www.khanoumi.com/products/my-black-diamond-semi-mat-chubby-stick-21921,رژ لب,"رژ بی نظیریه، خیلی نرم و خوشبوعه ماندگاریه فوق العاده ای داره با اینکه نیمه ماته اصلا رو لب پوسته پوسته نمیشه 
من شماره 18 رو گرفتم تن زرشکی گوشتی داره رنگ تیره و جذابیه
حتما از بقیه رنگاشم میخرم
به شدت توصیه میکنم
در ضمن پیچیه نیاز ب تراشم نداره",0,true,2023-10-18T18:33:42+00:00,مثبت,0.79,ماندگاری | رنگ و شید | پیشنهاد به دیگران | بو و رایحه | رضایت کلی | تجربه محصول,رنگ و شید,,false,ندارد,false,
رژ لب مدادی نیمه مات بلک دایموند,https://www.khanoumi.com/products/my-black-diamond-semi-mat-chubby-stick-21921,رژ لب,خوشبو و خوش رنگ ولی حیف سرب دارهه,0,true,2023-07-08T15:20:10+00:00,خنثی,0.35,بو و رایحه | رنگ و شید,رنگ و شید,,false,ندارد,false,
رژ لب مدادی نیمه مات بلک دایموند,https://www.khanoumi.com/products/my-black-diamond-semi-mat-chubby-stick-21921,رژ لب,من شماره 12 و 18 گرفتم و خیلی راضییم,0,true,2022-11-25T00:02:57+00:00,مثبت,0.67,تجربه محصول,تجربه محصول,,false,ندارد,false,
رژ لب مدادی نیمه مات بلک دایموند,https://www.khanoumi.com/products/my-black-diamond-semi-mat-chubby-stick-21921,رژ لب,رنگ ۱۲ رو گرفتم خیلی خوشرنگه حالت چرب داره در حد متوسط,2,true,2022-07-02T02:42:15+00:00,خنثی,0.35,رنگ و شید | تجربه محصول,رنگ و شید,,false,ندارد,false,
رژ لب مدادی نیمه مات بلک دایموند,https://www.khanoumi.com/products/my-black-diamond-semi-mat-chubby-stick-21921,رژ لب,"نرم بود زود پاک نمیشد و راحت پخش میشد رنگشم چیزی بود که نوشته بودن، من راضیم دوباره شارژ می کنم
",1,true,2022-06-22T12:22:23+00:00,مثبت,0.79,ماندگاری | موجودی کالا | رضایت کلی,موجودی کالا,,false,ندارد,false,
رژ لب مدادی نیمه مات بلک دایموند,https://www.khanoumi.com/products/my-black-diamond-semi-mat-chubby-stick-21921,رژ لب,من شماره 16 رو خریدم . نوشته شده صورتی .ولی سرخای پرنگ و شبیه قرمز هست.,2,true,2021-08-16T14:13:16+00:00,خنثی,0.35,تجربه محصول,تجربه محصول,,false,ندارد,false,
رژ لب مدادی نیمه مات بلک دایموند,https://www.khanoumi.com/products/my-black-diamond-semi-mat-chubby-stick-21921,رژ لب,از محصولات مای راضی نبودم در گذشته. اما رژ مدادی شماره ۱۱ رو خرید کردم و به شدت خوب بود... جلوه مات و مجلسی داره پس از مدتی لب رو پر می کنه و اصلا حالت چرب نداره ,1,true,2021-06-09T11:55:28+00:00,مثبت,0.67,تجربه محصول,تجربه محصول,,false,ندارد,false,
رژ لب مدادی نیمه مات بلک دایموند,https://www.khanoumi.com/products/my-black-diamond-semi-mat-chubby-stick-21921,رژ لب,"من خیلی دوسش دارم
رنگش تیره تر از عکسه ولی خوشرنگه
رنگ شماره ۱۴",4,true,2020-09-14T17:54:07+00:00,خنثی,0.35,رنگ و شید,رنگ و شید,,false,ندارد,false,
رژ لب مدادی نیمه مات بلک دایموند,https://www.khanoumi.com/products/my-black-diamond-semi-mat-chubby-stick-21921,رژ لب,خوب نیست من یاسی خریدم کاملا صورتیه و میماسه,6,true,2020-07-01T14:32:38+00:00,منفی,0.67,تجربه محصول,تجربه محصول,,false,ندارد,false,
رژ لب مدادی نیمه مات بلک دایموند,https://www.khanoumi.com/products/my-black-diamond-semi-mat-chubby-stick-21921,رژ لب,کیفیت رژ لب خیلی خوبه. نرمه راحت کشیده می شه. منتها توصیه می کنم اگه رنگ پوست سفیدی دارین اصلا و ابدن شماره 15 رو خریداری نکنین. رنگش زرشکی بسیار تیره است. فقط مناسب پوست گندمی تیره و پوست سبزه. من الان مونده روی دستم. یکبار فقط استفاده کردم. اینکه بقیه تعریف می کنن می گن ملایمه شاید واسه پوست اونا ملایم باشه ولی به درد شما نخوره. ,10,true,2020-04-02T11:33:50+00:00,مثبت,0.79,رنگ و شید | رضایت کلی | کیفیت محصول | تجربه محصول | نیاز به مشاوره,نیاز به مشاوره,,false,ندارد,false,
رژ لب مدادی نیمه مات بلک دایموند,https://www.khanoumi.com/products/my-black-diamond-semi-mat-chubby-stick-21921,رژ لب,رژ لب خوش رنگ و دوس داشتنیم من رنگ شماره ۱۲ رو گرفتم صورتی نارنجی واسه استفاده روزانه خیلی خوبه نرم و ماندگار,2,true,2020-03-05T10:32:04+00:00,مثبت,0.79,رنگ و شید | رضایت کلی | تجربه محصول,رنگ و شید,,false,ندارد,false,
رژ لب مدادی نیمه مات بلک دایموند,https://www.khanoumi.com/products/my-black-diamond-semi-mat-chubby-stick-21921,رژ لب,من شماره ۱۵ رو خریدم خیلی قشنگه و اصلا ردی لب پوسته پوسته نمیشه ولی رنگش تیره تر از عکسه,1,true,2019-12-07T20:09:26+00:00,خنثی,0.35,تجربه محصول,تجربه محصول,,false,ندارد,false,
رژ لب مدادی نیمه مات بلک دایموند,https://www.khanoumi.com/products/my-black-diamond-semi-mat-chubby-stick-21921,رژ لب,من شماره ۱۶ رو گرفتم . خیلی نرم و سبک هستش . بوی خوبی داره .پیچی هست و نیاز به مداد تراش نداره . من دوسش داستم 😊,2,true,2019-10-16T08:32:11+00:00,خنثی,0.35,بو و رایحه | تجربه محصول,بو و رایحه,,false,ندارد,false,
رژ لب مدادی نیمه مات بلک دایموند,https://www.khanoumi.com/products/my-black-diamond-semi-mat-chubby-stick-21921,رژ لب,"من شماره 17 و 18 و 12 و 13 رو خریداری کردم  
رژ خیلی خوبیه و کاملا سبک هستش ، بوی خوبی داره و ماندگاریش خوبه ، جلوه نسبتا ماتی داره و برای استفاده روزانه کاملا مناسب و عالیه",2,true,2019-08-06T12:38:20.2166667+00:00,مثبت,0.95,ماندگاری | رضایت کلی | بو و رایحه,بو و رایحه,,false,ندارد,false,
رژ لب مدادی نیمه مات بلک دایموند,https://www.khanoumi.com/products/my-black-diamond-semi-mat-chubby-stick-21921,رژ لب,رنگ رو تستش رو اگه روى پوست بذاريد بهتره عكس رنگ اينجا با خودش يكى نيست,14,true,2019-05-16T14:45:55.5166667+00:00,خنثی,0.35,رنگ و شید,رنگ و شید,,false,ندارد,false,
کانسیلر اچ دی,https://www.khanoumi.com/products/golden-rose-hd-concealer-21922,کانسیلر,"خوب نبود 
سرش حالت مویی داره ، اسفنجی نیست 
مواد داخلش کمه 
خیلی ازش بد در میاد 
پیشنهاد نمیکنم",0,true,2024-05-22T03:02:37+00:00,منفی,0.91,رضایت کلی,رضایت کلی,,false,ندارد,false,
کانسیلر اچ دی,https://www.khanoumi.com/products/golden-rose-hd-concealer-21922,کانسیلر,"خیلی خشکه و اصلا زیر چشم پخش نمیشه
قابل استفاده نیست",0,true,2024-05-22T00:30:45+00:00,خنثی,0.35,تجربه محصول,تجربه محصول,,false,ندارد,false,
کانسیلر اچ دی,https://www.khanoumi.com/products/golden-rose-hd-concealer-21922,کانسیلر,"من راضی نبودم ، بافتش خشکه و سخت بلند میشه. و متاسفانه رنگی که گرفتم هم برام تیره بود.
و به خاطر مدلش کانسیلر یکم سخت از سرش خارج میشه. در کل پیشنهاد نمیکنم اصلا.",0,true,2024-05-05T01:18:48+00:00,منفی,0.79,بافت محصول | رنگ و شید | تجربه محصول,بافت محصول,بافت محصول | رنگ و شید,true,پایین,false,
کانسیلر اچ دی,https://www.khanoumi.com/products/golden-rose-hd-concealer-21922,کانسیلر,سلام به نظرم خالی از لطف نبود به مناسبت عید فطر یه تخفیف میذاشتید.,0,true,2024-04-11T11:03:52+00:00,خنثی,0.35,تخفیف,تخفیف,,false,ندارد,false,
کانسیلر اچ دی,https://www.khanoumi.com/products/golden-rose-hd-concealer-21922,کانسیلر,من دوست داشتم ، به نظرم خوبه ,0,true,2024-03-11T02:45:45+00:00,مثبت,0.79,رضایت کلی,رضایت کلی,,false,ندارد,false,
کانسیلر اچ دی,https://www.khanoumi.com/products/golden-rose-hd-concealer-21922,کانسیلر,خوبه، توضیحات دادم قبلاً فقط خواستم عکس بزارم که راحت تر انتخاب کنید,0,true,2023-12-10T22:45:44+00:00,مثبت,0.67,نیاز به مشاوره,نیاز به مشاوره,,false,ندارد,false,
کانسیلر اچ دی,https://www.khanoumi.com/products/golden-rose-hd-concealer-21922,کانسیلر,رنگ 03 رو خریدم پوستم سبزس خیلی روشن نبود برام راضیم خیلی خوبه ,0,true,2023-06-25T13:25:47+00:00,خنثی,0.35,رضایت کلی | رنگ و شید | تجربه محصول,رنگ و شید,,false,ندارد,false,
کانسیلر اچ دی,https://www.khanoumi.com/products/golden-rose-hd-concealer-21922,کانسیلر,من اولین باره که این کانسیلر رو خریدم، قبلاً همیشه میبلین استفاده میکردم شماره 120 که عالی بود، اینبار به علت عدم موجودی میبلین این کانسیلر رو سفارش دادم شماره 4، رنگش تقریبا میشه گفت روشنه،من پوستم گندمیه و زیر چشمم تقریبا تیره اس، پوشش دهی خیلی خوبی داره، فقط نباید با قلم خودش مستقیم روی پوست زد، بهتره با بیوتی بلندر یا انگشت به زیر چشم بمالید. و محصولی که برای من ارسال شد سر کانسیلر مثل قلمو هستش نه این عکس,14,true,2023-05-22T15:35:21+00:00,مثبت,0.91,تجربه محصول | موجودی کالا | رضایت کلی | اثربخشی | ارسال کالا,ارسال کالا,,false,ندارد,false,
کانسیلر اچ دی,https://www.khanoumi.com/products/golden-rose-hd-concealer-21922,کانسیلر,من رنگ 2 رو گرفتم برا پوست من که زرد پوستم مناسب بود خیلی هم راحت رو پوست میشینه و خط نمیاندازه .,1,true,2023-04-28T11:10:49+00:00,خنثی,0.35,رنگ و شید | تجربه محصول,رنگ و شید,,false,ندارد,false,
لاک ناخن فوق العاده درخشان,https://www.khanoumi.com/products/hean-color-ultimate-nail-polish-21928,لاک و ناخن,"مسخره ترین لاکی که تا الان دیدم بعد از سه ساعت اصلا خشک نمیشه 
انداحتمش داخل سطل اشغال",16,true,2019-08-15T13:12:41.5233333+00:00,خنثی,0.35,تجربه محصول,تجربه محصول,,false,ندارد,false,
رژلب کوکتل,https://www.khanoumi.com/products/hean-vitamin-cocktail-lipstick-21930,رژ لب, اصلا راضی نیستم زبر هستش و انگار شن توی رژ لبه بخاطر همین براحتی پخش نمیشه روی لب متاسفانه,6,true,2019-12-24T22:29:30+00:00,منفی,0.79,رضایت کلی,رضایت کلی,,false,ندارد,false,
رژلب کوکتل,https://www.khanoumi.com/products/hean-vitamin-cocktail-lipstick-21930,رژ لب,رژ با کیفیتی بود خیلی نرم بود ماندگاریشم خوب,2,true,2019-09-30T10:21:28+00:00,مثبت,0.67,ماندگاری | کیفیت محصول,کیفیت محصول,,false,ندارد,false,
رژلب کوکتل,https://www.khanoumi.com/products/hean-vitamin-cocktail-lipstick-21930,رژ لب,من شماره ی 344 رو سفارش دادم به هوای قهوه ای ولی کوچکترین ارتباطی به عکسش این جا نداره و تو مایه ی گلبهیه رنگش! رژ سبکی هست، زیاد غلیظ نیست پوشش اش و خیلی هم براق نیست. تو آف می ارزه خریدش به نظرم.,4,true,2019-09-14T01:22:03.4766667+00:00,خنثی,0.35,تخفیف | تجربه محصول | اثربخشی,تخفیف,,false,ندارد,false,
رژلب کوکتل,https://www.khanoumi.com/products/hean-vitamin-cocktail-lipstick-21930,رژ لب,اگه با رژلب چرب مشکلی ندارید،گزینه ی خوبیه. لبهارو خیلی نرم میکنه و اصلا پوسته پوسته نمیشه، من خیلی راضی بودم.,5,true,2019-08-13T20:46:50.28+00:00,مثبت,0.67,رضایت کلی,رضایت کلی,,false,ندارد,false,
رژلب کوکتل,https://www.khanoumi.com/products/hean-vitamin-cocktail-lipstick-21930,رژ لب,محصول خوبیه اما با این قیمت  نمی ارزه.پیگمنت هاش خوبه.فاقد سربه اما با این قیمت محصول بهتری میشه خرید.توصیه نمیکنم حتی تو تخفیف هم بخرین.,21,true,2019-01-01T11:34:48+00:00,مثبت,0.67,تخفیف | قیمت | تجربه محصول,تخفیف,,false,ندارد,false,
کانسیلر استیکی ضد لک,https://www.khanoumi.com/products/hean-ideal-cover-anti-spots-stick-concealer-21931,کانسیلر,من واقعا از خریدش پشیمونم مث گچ های کلاس درس میمونه افتضاحههههههههه,1,true,2019-11-02T11:43:59+00:00,منفی,0.91,نارضایتی کلی,نارضایتی کلی,نارضایتی کلی,true,متوسط,false,
کانسیلر استیکی ضد لک,https://www.khanoumi.com/products/hean-ideal-cover-anti-spots-stick-concealer-21931,کانسیلر," بینهایت بیکیفیت ، فاقد هرنوع پوشانندگی و عین گچ میماسه رو پوست 
",6,true,2019-05-26T00:38:12+00:00,منفی,0.67,کیفیت محصول,کیفیت محصول,کیفیت محصول,true,متوسط,false,
کانسیلر استیکی ضد لک,https://www.khanoumi.com/products/hean-ideal-cover-anti-spots-stick-concealer-21931,کانسیلر,"بسیار محصول بی کیفیتیه و هیچ پوشانندگی نداره.حتی 10 درصد هم لک ها رو نمیپوشونه
",21,true,2018-12-08T14:23:48.05+00:00,منفی,0.67,کیفیت محصول | تجربه محصول,کیفیت محصول,کیفیت محصول,true,متوسط,false,
رژلب مایع مات لاکچری,https://www.khanoumi.com/products/hean-luxury-matte-non-transfer-liquid-lipstick-21932,رژ لب,سلام من 2 رنگ از این رژ به شماره های 01 کالباسی و 06 قرمز خریدم واقعا زیبان و کیفیت خیلی خوبی دارن بعد از خشک شدن از روی لب تکون نمیخورن اگر لباتون خیلی خشکه زیرش بالم لب بزنین اصلا ترک ترک نمیشه رو لب من خیلی راضیم برای شماره ی 01 اگر از یه خط لب همراه باهاش استفاده کنید خیلی زیباتر میشه رو لب ,44,true,2019-10-22T15:42:06+00:00,مثبت,0.91,رضایت کلی | کیفیت محصول | رنگ و شید | تجربه محصول,کیفیت محصول,,false,ندارد,false,
رژلب لاکچری کشمیر,https://www.khanoumi.com/products/hean-luxury-cashmere-lipstick-21933,رژ لب,رنگ کرم قهوه ای رو گرفتم. حتما باید با خط لب یا آرایش استفاده بشه درغیراینصورت خیلی بی روحه,8,true,2019-10-18T16:05:54+00:00,خنثی,0.35,رنگ و شید | تجربه محصول,رنگ و شید,,false,ندارد,false,
رژلب لاکچری کشمیر,https://www.khanoumi.com/products/hean-luxury-cashmere-lipstick-21933,رژ لب,رنگ کرم قهوه ای درواقع کرم خیلی بی روح هست. از عکس روشنتره,15,true,2019-05-05T02:48:41.01+00:00,خنثی,0.35,رنگ و شید,رنگ و شید,,false,ندارد,false,
رژلب جامد فوق مات,https://www.khanoumi.com/products/hean-mattense-lipstick-21934,رژ لب,"رژلب بسیار خوبیه . با توجه به قیمتش .
خب در حد رژ لب ۲۰۰ تومنی نیست اما به عنوان یه رژ ۵۰ تومنی عالیه و با کیفیته .",3,true,2020-10-24T22:22:35+00:00,مثبت,0.79,کیفیت محصول | رضایت کلی,کیفیت محصول,,false,ندارد,false,
رژلب جامد فوق مات,https://www.khanoumi.com/products/hean-mattense-lipstick-21934,رژ لب,"مزخرف به معنای واقعی، هم بد رنگه، هم لب رو خشک میکنه، هم اینکه خیلی مات نیست 
کیفیت رژ لب های معمولی مای از این رژ خیلی بهتره، واقعا از خریدم پشیمونم",23,true,2019-08-16T23:41:56.59+00:00,منفی,0.91,نارضایتی کلی | کیفیت محصول | تجربه محصول,کیفیت محصول,نارضایتی کلی | کیفیت محصول,true,متوسط,false,
کانسیلر روشن کننده صورت  و دورچشم,https://www.khanoumi.com/products/hean-hd-lightening-concealer-for-eyes-and-skin-21935,کانسیلر,پوشانندگی کمی داره و یکدست پخش نمیشه در کل بد نیست,0,true,2020-03-16T13:22:46+00:00,مثبت,0.67,نارضایتی کلی,نارضایتی کلی,,false,ندارد,false,
کانسیلر روشن کننده صورت  و دورچشم,https://www.khanoumi.com/products/hean-hd-lightening-concealer-for-eyes-and-skin-21935,کانسیلر,اصلا کانسیلر خوبی نیست، بعد از استفاده ازش زیرچشمم چروک افتاده. ,0,true,2019-11-29T10:20:02.3133333+00:00,خنثی,0.35,رضایت کلی,رضایت کلی,,false,ندارد,false,
کانسیلر روشن کننده صورت  و دورچشم,https://www.khanoumi.com/products/hean-hd-lightening-concealer-for-eyes-and-skin-21935,کانسیلر,کانسیلر مورد علاقه من،سبک،بدون ایجاد چروک،پوشانندگی بالا,0,true,2019-10-21T12:26:03+00:00,خنثی,0.35,تجربه محصول,تجربه محصول,,false,ندارد,false,
کانسیلر روشن کننده صورت  و دورچشم,https://www.khanoumi.com/products/hean-hd-lightening-concealer-for-eyes-and-skin-21935,کانسیلر,من چند ماه قبل این محصولو گرفتم و راضی نیستم.به عنوان کانسیلر دور چشم خوب نیست هم چروک زیر چشم نشون میده هم رو پوست علیرغم مرطوب کردنش نمیخوابه.فقط به عنوان روشن کننده میشه ازش استفاده کرد,14,true,2019-05-27T17:02:14.3633333+00:00,منفی,0.79,تجربه محصول,تجربه محصول,,false,ندارد,false,
خط چشم مایع Glam Black,https://www.khanoumi.com/products/hean-glam-black-liquid-eyeliner-21936,خط چشم و مداد چشم,اونقد خط چشم افتضاحیه ک حد نداره رنگ نداره ک بخواد ماندگاری داشته باشه,2,true,2019-08-25T22:12:14.78+00:00,منفی,0.67,ماندگاری | نارضایتی کلی | رنگ و شید,رنگ و شید,ماندگاری | نارضایتی کلی | رنگ و شید,true,متوسط,false,
سایه چشم چهار رنگ بادوام,https://www.khanoumi.com/products/hean-hd-quatro-eyeshadows-21938,سایه چشم,من اين سايه رو گرفتم اما برعكس تصوير كه ماته يكم شاين داره و يكي از ايراداي بزرگش اينه كه فوق العاده پودري وقتي براش و توش ميزني كلي پودر ازش ميريزه و درواقع سايه حروم  ميشه,40,true,2019-06-10T04:57:34.2833333+00:00,مثبت,0.67,رضایت کلی | تجربه محصول,تجربه محصول,,false,ندارد,false,
ریمل حجم دهنده بیگ زوم,https://www.khanoumi.com/products/hean-big-zoom-mascara-21942,ریمل,ریمل خوبیه ،بلند میکنه مژه رو اما خیلی حجم نمیده در کل نسبتا خوبه,1,true,2020-07-19T00:09:09+00:00,مثبت,0.67,حجم و مقدار,حجم و مقدار,,false,ندارد,false,
کرم پودر مات کننده فول کاوریج,https://www.khanoumi.com/products/hean-full-hd-cover-liquid-fundation-21949,کرم پودر و فونداسیون,یک کرم مخصوص مهمونی,19,true,2019-10-21T12:25:00+00:00,خنثی,0.35,تجربه محصول,تجربه محصول,,false,ندارد,false,
کرم پودر مات کننده فول کاوریج,https://www.khanoumi.com/products/hean-full-hd-cover-liquid-fundation-21949,کرم پودر و فونداسیون,واقعا كرم پودر عالييييه! هم به شدت سبك هم بعد كمتر از يه دقيقه مات ميشه.. پوشش خيلي بالايي نداره ولي به نظر من پوشش به اندازه اي داره و فوق العاده سبكه و انگار هيچي رو پوستت نيست.. در كل به نظرم عالي بود,59,true,2019-04-22T14:42:27.37+00:00,مثبت,0.95,رضایت کلی | اثربخشی,اثربخشی,,false,ندارد,false,
پنکک مات کننده,https://www.khanoumi.com/products/hean-high-definition-mattifying-rice-powder-mirror-21950,پنکیک و پنکک,پنکک خوبیه کاور خوبی داره فقط تنها مشکلش پودری بودنشه که حتما باید با پد های مخصوص پنکک زده بشه به هیچ عنوان با براش نزنیدش,2,true,2019-11-14T02:25:50+00:00,خنثی,0.35,رضایت کلی,رضایت کلی,,false,ندارد,false,
پنکک مات کننده,https://www.khanoumi.com/products/hean-high-definition-mattifying-rice-powder-mirror-21950,پنکیک و پنکک,بوی خاصی نداره کاورنداره مات کننده س رنگاازاونیک میبینین تیره تره من پوستم گندمیه 310برام تیره بودیکم,0,true,2019-10-04T12:17:30+00:00,خنثی,0.35,بو و رایحه,بو و رایحه,,false,ندارد,false,
پنکک مات کننده,https://www.khanoumi.com/products/hean-high-definition-mattifying-rice-powder-mirror-21950,پنکیک و پنکک,انگار روی پوست اکسید میشه بعد دو سه ساعت تیره تیره میکنه پوست رو,1,true,2019-08-11T11:40:27.4366667+00:00,خنثی,0.35,تجربه محصول,تجربه محصول,,false,ندارد,false,
پنکک مات کننده,https://www.khanoumi.com/products/hean-high-definition-mattifying-rice-powder-mirror-21950,پنکیک و پنکک,رنگ بژ رو خریدم ولی تیره است,5,true,2019-05-12T09:31:35.1466667+00:00,خنثی,0.35,رنگ و شید | تجربه محصول,رنگ و شید,,false,ندارد,false,
پنکک مات کننده,https://www.khanoumi.com/products/hean-high-definition-mattifying-rice-powder-mirror-21950,پنکیک و پنکک,سلام این محصول رو میخوام سفارش بدم اما چرا موقع خرید که میشه مشکل ایجاد میشه؟,5,true,2018-11-22T23:53:55.15+00:00,خنثی,0.35,تجربه محصول,تجربه محصول,,false,ندارد,false,
کرم پودر مات کننده بادوام,https://www.khanoumi.com/products/hean-ideal-mat-long-lasting-make-up-foundation-21952,کرم پودر و فونداسیون,ویژگیهایی که در مورد این کرم پودر نوشته شده بدون اغراق دروغ محضه،مسلما من و امثال من گول تخفیفش رو خوردیم که خریدیم.من از خانومی محصولات زیادی خریدم ولی این یکی واقعا افتضاح بود و خورد تو ذوقم,19,true,2019-08-02T03:08:10.13+00:00,منفی,0.67,تخفیف | نارضایتی کلی | تجربه محصول | کیفیت محصول,تخفیف,تخفیف | نارضایتی کلی | کیفیت محصول,true,متوسط,false,
کرم پودر مات کننده بادوام,https://www.khanoumi.com/products/hean-ideal-mat-long-lasting-make-up-foundation-21952,کرم پودر و فونداسیون,پوست من بسیار صاف .. نرمال رو به کمی چرب هستش .. و این کرم پودر برخلاف اکثر کرم پودرایی که به پوست من مینشینند .. متاسفانه خیلی گوله گوله و بد کار کرد ,3,true,2019-06-14T21:13:27.5366667+00:00,منفی,0.79,نارضایتی کلی,نارضایتی کلی,نارضایتی کلی,true,متوسط,false,
کرم پودر مات کننده بادوام,https://www.khanoumi.com/products/hean-ideal-mat-long-lasting-make-up-foundation-21952,کرم پودر و فونداسیون,کاورش از حد متوسط هم پایین تره انگار ی مرطوب کننده رقیق و رنگی زده باشی,4,true,2019-05-17T23:20:09.2433333+00:00,خنثی,0.35,رنگ و شید,رنگ و شید,,false,ندارد,false,
کرم پودر مات کننده بادوام,https://www.khanoumi.com/products/hean-ideal-mat-long-lasting-make-up-foundation-21952,کرم پودر و فونداسیون,من از این کرم پودر خیلی راضی بودم.خیلی سبکه و ماندگاریش خیلی خوبه روی پوست. من پوستم مختلطه,4,true,2019-04-08T14:52:42.9366667+00:00,مثبت,0.91,ماندگاری | رضایت کلی | تجربه محصول,ماندگاری,,false,ندارد,false,
کرم پودر پرفکت,https://www.khanoumi.com/products/hean-nude-perfect-skin-balance-foundation-21953,کرم پودر و فونداسیون,من پوستم مختلط بود اما وقتی استفاده کردم حالت پوست پوستی شد,5,true,2019-06-22T22:30:32.34+00:00,خنثی,0.35,تجربه محصول,تجربه محصول,,false,ندارد,false,
کرم پودر پرفکت,https://www.khanoumi.com/products/hean-nude-perfect-skin-balance-foundation-21953,کرم پودر و فونداسیون,بیسکوییتیش عالیه ,4,true,2018-12-18T07:57:21.4466667+00:00,مثبت,0.79,رضایت کلی,رضایت کلی,,false,ندارد,false,
کرم پودر آرت  کشمیر,https://www.khanoumi.com/products/hean-art-cashmere-smooth-makeup-foundation-21954,کرم پودر و فونداسیون,من این کرم پودر رو گرفتم،اصلا اسم کرم پودر نمیشه روش گذاشت،ولی در تعجبم چرا تو قسمت توضیحات نوشته پوشانندگی بالا در صورتیکه زیر صفره.هیچ ارزانی ای بی علت نیست.,6,true,2019-08-02T03:02:22.96+00:00,خنثی,0.35,قیمت | تجربه محصول,قیمت,,false,ندارد,false,
کرم پودر آرت  کشمیر,https://www.khanoumi.com/products/hean-art-cashmere-smooth-makeup-foundation-21954,کرم پودر و فونداسیون,بی نهایت ناراضی ام از این کرم پودر..اصلا اصلا اصلا خوب نبووووود.. اینقدر تاحالا تو عمرم پشیمان نشده بودم.. البته این نظر شخصیه بنده هست..,15,true,2019-01-01T11:12:23.3366667+00:00,منفی,0.79,نارضایتی کلی | رضایت کلی,نارضایتی کلی,نارضایتی کلی,true,متوسط,false,
کرم پودر آرت  کشمیر,https://www.khanoumi.com/products/hean-art-cashmere-smooth-makeup-foundation-21954,کرم پودر و فونداسیون,رنگ شنی این مارک رو خریدم واقعا راضی هستم ,0,true,2018-12-22T14:21:29.3966667+00:00,مثبت,0.67,رنگ و شید | تجربه محصول,رنگ و شید,,false,ندارد,false,
پالت گریم صورت 3  کاره,https://www.khanoumi.com/products/hean-sculpting-facial-palette-blusher-highlighter-bronzer-21957,رژگونه و هایلایتر,پالتی که به دست من رسید حین حمل ضربه خورده بود و هایلایترش کاملا پودر شده بود. پشتیبانی سایت گفتن مرجوع کن و سریع مبلغ پالت و هزینه پست رو برگردوندن. نشون دادن واقعا رضایت مشتری براشون مهمه و خدمات پس از فروششون در حد حرف نیست 😌,9,true,2019-06-13T14:14:05.5966667+00:00,خنثی,0.35,پشتیبانی و خدمات | مرجوعی و بازگشت وجه | ارسال کالا | قیمت | سایت و اپلیکیشن,ارسال کالا,,false,ندارد,false,
شیر پاک کن نرم کننده پوست,https://www.khanoumi.com/products/hean-boutique-smooth-cleansing-milk-21959,نرم‌کننده و ماسک مو,من تازه از این محصول استفاده میکنم ارایش صورتم رو راحت پاک میکنه و پوست رو خشک نمیکنه وچون پوستم چربه و زود جوش میزنه بدون ابکشی هم باعث جوش نشد ولی چشمام حساسن و برای پاک کردن ارایش چشم ازش استفاده نمیکنم، راضیم ازش,0,true,2019-04-16T16:45:10.1766667+00:00,منفی,0.79,تجربه محصول | حساسیت و واکنش پوست/مو | رضایت کلی,حساسیت و واکنش پوست/مو,حساسیت و واکنش پوست/مو,true,بالا,false,
مداد لب  ضد حساسیت  بادوام,https://www.khanoumi.com/products/hean-hypoallergenic-lip-liner-21969,سایر محصولات,تو بلک فرایدی خریدم..خیلی راضی ام.شارژبشه دوباره میخرم...شماره۵۱۳خریدم..به قرمزی میزنه..رنگ پوستمم سفیده...من به عنوان رژهم ازش استفاده میکنم.,1,true,2019-12-24T23:14:15+00:00,مثبت,0.79,تجربه محصول | رنگ و شید | خرید مجدد | رضایت کلی,رنگ و شید,,false,ندارد,false,
مداد لب  ضد حساسیت  بادوام,https://www.khanoumi.com/products/hean-hypoallergenic-lip-liner-21969,سایر محصولات,چرا رنگی تو تصویر زدین اصلا باچیزی برام فرستادین یکی نیست من گلبهی شماره ۵۱۴ خواستم ولی رنگش قهوه ایه,0,true,2019-09-15T21:29:06.6466667+00:00,خنثی,0.35,رنگ و شید,رنگ و شید,,false,ندارد,false,
مداد لب  ضد حساسیت  بادوام,https://www.khanoumi.com/products/hean-hypoallergenic-lip-liner-21969,سایر محصولات,من شماره ی 508/ 510/ 511 این مداد رو سفارش دادم و متأسفانه رنگ هاشون خیلی به هم نزدیکه و تو مایه ی گلبهیه! :/,1,true,2019-09-14T01:18:12.6866667+00:00,خنثی,0.35,رنگ و شید | تجربه محصول,رنگ و شید,,false,ندارد,false,
ادو پرفیوم  مردانه اونجر,https://www.khanoumi.com/products/avenger-eau-de-parfum-21977,عطر و ادکلن,اصلا بو نداره خیلی افتضاح,0,true,2026-03-02T22:04:36.2484293+03:30,مثبت,0.67,نارضایتی کلی | بو و رایحه,بو و رایحه,,false,ندارد,false,
ادو پرفیوم  مردانه اونجر,https://www.khanoumi.com/products/avenger-eau-de-parfum-21977,عطر و ادکلن,انگار ابه اصلا بو نمیده,0,true,2026-02-22T12:19:39.6771047+03:30,خنثی,0.35,بو و رایحه,بو و رایحه,,false,ندارد,false,
ادو پرفیوم  مردانه اونجر,https://www.khanoumi.com/products/avenger-eau-de-parfum-21977,عطر و ادکلن,من از عطر جیبیش استفاده میکردم تا وقتی اینو دیدم خریدم بوی عالی و موندگاریش خوبه برای محیط کاری و اداری و جلسات محشره,0,true,2025-10-03T10:01:37.4517445+03:30,مثبت,0.79,بو و رایحه | تجربه محصول | رضایت کلی,بو و رایحه,,false,ندارد,false,
ادو پرفیوم  مردانه اونجر,https://www.khanoumi.com/products/avenger-eau-de-parfum-21977,عطر و ادکلن,چندین ساله همسرم از این محصول استفاده می‌کنه و واقعن بو و ماندگاری فوق العاده ای داره,0,true,2024-12-05T07:24:18.9001219+00:00,مثبت,0.67,ماندگاری | تجربه محصول | بو و رایحه | رضایت کلی,بو و رایحه,,false,ندارد,false,
ادو پرفیوم مردانه مجیک,https://www.khanoumi.com/products/magic-eau-de-parfum-21979,عطر و ادکلن,"بسته‌بندیش خوب بود 
اما اصلاً رایحه خوبی نداشت خیلی بوی عجیبی می‌داد و بد بود وقتی که تست کردم دیگه ازش استفاده نکردم همینطوری انداختمش ی گوشه خلاصه پولم و دور ریختم",0,true,2026-07-08T13:59:13.3577557+03:30,ترکیبی,0.87,بو و رایحه | بسته‌بندی | تجربه محصول | نارضایتی کلی,بو و رایحه,بو و رایحه | بسته‌بندی | نارضایتی کلی,true,متوسط,false,
ادو پرفیوم زنانه سوییت لاو,https://www.khanoumi.com/products/sweet-love-eau-de-parfum-21995,عطر و ادکلن,بوی خوبی داره ولی ماندگاریش نیم ساعت هم نیست,0,true,2026-04-29T11:14:21.2081314+03:30,خنثی,0.35,ماندگاری | بو و رایحه,بو و رایحه,,false,ندارد,false,
ادو پرفیوم زنانه سوییت لاو,https://www.khanoumi.com/products/sweet-love-eau-de-parfum-21995,عطر و ادکلن,بسیار خوشبو با ماندگاری بالا . پیشنهاد میکنم,0,true,2026-04-09T08:28:23.4415075+03:30,مثبت,0.67,ماندگاری | پیشنهاد به دیگران | بو و رایحه,بو و رایحه,,false,ندارد,false,
ادو پرفیوم زنانه سوییت لاو,https://www.khanoumi.com/products/sweet-love-eau-de-parfum-21995,عطر و ادکلن,"بیشتر بوی گل رز به مشام میرسه بوی تند و تیزی داره
ماندگاری هم درحد 4 ساعت شایدهم کمتر
بد نیست خیلی عالی هم نیست
",0,true,2024-09-15T07:40:28+00:00,خنثی,0.4,ماندگاری | بو و رایحه | رضایت کلی,بو و رایحه,,false,ندارد,false,
ادو پرفیوم زنانه اف 713,https://www.khanoumi.com/products/f713-eau-de-parfum-22004,عطر و ادکلن,عطر سلیقه ایه ولی هم بوش خوبه هم ماندگاریش قابل قبوله،من پسندیدم,0,true,2024-12-19T21:15:01.9709539+00:00,مثبت,0.67,ماندگاری | بو و رایحه,بو و رایحه,,false,ندارد,false,
ادو پرفیوم زنانه اف 713,https://www.khanoumi.com/products/f713-eau-de-parfum-22004,عطر و ادکلن,همون لحظه که عطر زو میزنی در حد نیم ساعت پخش بو داره.ماندگاری اصلا نداره.,0,true,2024-12-02T02:58:30.9142487+00:00,خنثی,0.35,ماندگاری | بو و رایحه,بو و رایحه,,false,ندارد,false,
لوسیون بدن,https://www.khanoumi.com/products/doctor-jila-lostion-body-22050,کرم دست و بدن,لوسیون دکتر ژیلا یکی از بهترین و مرطوب کننده ترین لوسیونائیه که تا حالا داشتم.بافتش غلیظه و بوی خوبی داره و پوست و خیلی نرم میکنه. برای پوست مرغی هم تا حدودی موثره,14,true,2020-06-21T19:58:48+00:00,مثبت,0.67,بافت محصول | بو و رایحه | رضایت کلی,بافت محصول,,false,ندارد,false,
کرم ضد چروک مدل آمیلی ایج,https://www.khanoumi.com/products/doctor-jila-anti-wrinkle-smoothing-lifting-ameli-age-for-all-skin-types-22051,کرم و مرطوب‌کننده صورت,من دوماهه استفاده میکنم کم کم تاثیرش دیده میشه پوستم سفتر شده وچروکش کمتر شده سنم بالای 50 هست . .برا دیدن تاثیر کرم باید صبور بود.من که راضی هستم منون خانومی,0,true,2025-11-20T18:04:34.4717077+03:30,مثبت,0.67,اثربخشی | تجربه محصول,اثربخشی,,false,ندارد,false,
کرم ضد چروک مدل آمیلی ایج,https://www.khanoumi.com/products/doctor-jila-anti-wrinkle-smoothing-lifting-ameli-age-for-all-skin-types-22051,کرم و مرطوب‌کننده صورت,من سنم بالای 40 هست هیچ اثری نداره کرم مرطوب کننده اثرش بیشتره,0,true,2025-10-29T22:10:05.8089827+03:30,خنثی,0.35,اثربخشی,اثربخشی,,false,ندارد,false,
کرم ضد چروک مدل آمیلی ایج,https://www.khanoumi.com/products/doctor-jila-anti-wrinkle-smoothing-lifting-ameli-age-for-all-skin-types-22051,کرم و مرطوب‌کننده صورت,بارها سفارش دادم در مصرف مستمر نتیجه بخش هست ولی انتظار معجزه نباید داشته باشید بیشتر پیشگیری کننده است,0,true,2025-06-30T11:03:56.269678+00:00,خنثی,0.35,اثربخشی | تجربه محصول,اثربخشی,,false,ندارد,false,
کرم ضد چروک مدل آمیلی ایج,https://www.khanoumi.com/products/doctor-jila-anti-wrinkle-smoothing-lifting-ameli-age-for-all-skin-types-22051,کرم و مرطوب‌کننده صورت,زیاد جواب نداد,0,true,2025-06-11T11:31:37.2661658+00:00,خنثی,0.35,تجربه محصول,تجربه محصول,,false,ندارد,false,
کرم ضد چروک مدل آمیلی ایج,https://www.khanoumi.com/products/doctor-jila-anti-wrinkle-smoothing-lifting-ameli-age-for-all-skin-types-22051,کرم و مرطوب‌کننده صورت,خوب است ولی قیمت آن به نسبت حجم و محصول داخلی بودنش، متاسفانه بسیار بالاست. به طوریکه در یکی دو سال اخیر مدام در حال افزایش قیمت بوده,0,true,2025-05-18T10:55:43.1676302+00:00,ترکیبی,0.71,قیمت | حجم و مقدار | تجربه محصول,قیمت,قیمت | حجم و مقدار,true,پایین,false,
کرم ضد چروک مدل آمیلی ایج,https://www.khanoumi.com/products/doctor-jila-anti-wrinkle-smoothing-lifting-ameli-age-for-all-skin-types-22051,کرم و مرطوب‌کننده صورت,عالی سبک و موثر قیمت که کاملا مناسب واقعا بی نظیر,0,true,2024-06-01T20:46:04+00:00,مثبت,0.67,قیمت | رضایت کلی,قیمت,,false,ندارد,false,
کرم کیوتن حاوی ویتامین سی,https://www.khanoumi.com/products/doctor-jila-q10-cream-22053,مکمل و سلامت,چندباز زدم، خیلی چربه,0,true,2026-08-25T12:17:36.2408939+03:30,خنثی,0.35,تجربه محصول,تجربه محصول,,false,ندارد,false,
کرم کیوتن حاوی ویتامین سی,https://www.khanoumi.com/products/doctor-jila-q10-cream-22053,مکمل و سلامت,"بازم میگم عاااالیه نزدیک ب دوسال هس استفاده دارم ازش بینظیره هم این هم همین مارک کرم ترک پا دکتر ژیلا
بازم ممنون از خانومی",0,true,2026-05-21T21:22:09.6022504+03:30,مثبت,0.91,رضایت کلی,رضایت کلی,,false,ندارد,false,
کرم کیوتن حاوی ویتامین سی,https://www.khanoumi.com/products/doctor-jila-q10-cream-22053,مکمل و سلامت,این کرم واقعا کیفیت خوبی داره و باعث نرمی و لطافت پوست میشه فکر کنم بیش از 10 بار از این کرم سفارش دادم من برای صورت استفاده میکنم .,0,true,2026-05-18T09:20:05.4788062+03:30,مثبت,0.67,تجربه محصول | کیفیت محصول,کیفیت محصول,,false,ندارد,false,
کرم کیوتن حاوی ویتامین سی,https://www.khanoumi.com/products/doctor-jila-q10-cream-22053,مکمل و سلامت,"این کرم واقعا عالیه
من هر شب ب صورت میزنم
صبح ی درخشش خاصی داره صورتم
ممنون از خانومی",0,true,2026-05-16T11:35:01.4596781+03:30,مثبت,0.91,رضایت کلی,رضایت کلی,,false,ندارد,false,
کرم کیوتن حاوی ویتامین سی,https://www.khanoumi.com/products/doctor-jila-q10-cream-22053,مکمل و سلامت,سلام لطفا شارژ بشه من دوبار سفارش دادم بازم میخام ازش,0,true,2025-07-14T09:28:12.7769316+00:00,خنثی,0.35,موجودی کالا | تجربه محصول,موجودی کالا,,false,ندارد,false,
کرم کیوتن حاوی ویتامین سی,https://www.khanoumi.com/products/doctor-jila-q10-cream-22053,مکمل و سلامت,با توجه به نظر کاربران خریدم امیدوارم اثربخش باشه,0,true,2025-06-30T11:05:13.4156629+00:00,خنثی,0.35,اثربخشی | تجربه محصول,اثربخشی,,false,ندارد,false,
کرم کیوتن حاوی ویتامین سی,https://www.khanoumi.com/products/doctor-jila-q10-cream-22053,مکمل و سلامت,واقعا بینظیر هست این کرم من برای صورت استفاده میکنم و راضی هستم,0,true,2024-07-18T12:38:27+00:00,مثبت,0.67,تجربه محصول,تجربه محصول,,false,ندارد,false,
کرم کیوتن حاوی ویتامین سی,https://www.khanoumi.com/products/doctor-jila-q10-cream-22053,مکمل و سلامت,خیلی کرم عالی هست ممنونم ازتون هم بابت ارسال خیلی خوب و زودتر از موعد هم بابت محصولاتتون,0,true,2023-06-23T15:48:29+00:00,مثبت,0.95,رضایت کلی | ارسال کالا | تجربه محصول,ارسال کالا,,false,ندارد,false,
کرم مرطوب کننده رنگی فاقد چربی,https://www.khanoumi.com/products/doctor-jila-moisturizing-tinted-cream-for-combinational-sensitive-skins-22054,کرم و مرطوب‌کننده صورت,سبکه و مرطوب کنندگی خوبی داره ولی یکم رنگش تیرس,0,true,2023-05-27T20:37:01+00:00,خنثی,0.35,رضایت کلی,رضایت کلی,,false,ندارد,false,
کرم ترمیم کننده صورت,https://www.khanoumi.com/products/doctor-jila-therapeutic-cream-for-all-skin-types-22055,کرم و مرطوب‌کننده صورت,راضیم ازش به نسبت قیمت خوبه,0,true,2026-03-31T02:11:56.5277253+03:30,مثبت,0.91,قیمت | رضایت کلی,قیمت,,false,ندارد,false,
کرم ترمیم کننده صورت,https://www.khanoumi.com/products/doctor-jila-therapeutic-cream-for-all-skin-types-22055,کرم و مرطوب‌کننده صورت,خوبه ولی خیلی چرب میکنه صورتمو ,0,true,2024-02-26T23:06:55+00:00,مثبت,0.67,رضایت کلی,رضایت کلی,,false,ندارد,false,
کرم مرطوب  کننده اوسرین و اوره 10 درصد,https://www.khanoumi.com/products/doctor-jila-moisturizer-and-emollient-10urea-cream-for-very-dry-skin-22056,کرم و مرطوب‌کننده صورت,پوست دستم خیلی خشکه و تو پاییز خیلی زخم میشه اما از وقتی این کرم میزنم پوستم عالی شده ، بوی خیلی خوبی هم میده,0,true,2025-09-19T04:51:18.5869244+03:30,مثبت,0.79,رضایت کلی | بو و رایحه,بو و رایحه,,false,ندارد,false,
کرم مرطوب  کننده اوسرین و اوره 10 درصد,https://www.khanoumi.com/products/doctor-jila-moisturizer-and-emollient-10urea-cream-for-very-dry-skin-22056,کرم و مرطوب‌کننده صورت,متاسفانه پارابن داره,0,true,2025-04-28T08:57:31.2260922+00:00,منفی,0.67,ترکیبات,ترکیبات,ترکیبات,true,متوسط,false,
کرم مرطوب  کننده اوسرین و اوره 10 درصد,https://www.khanoumi.com/products/doctor-jila-moisturizer-and-emollient-10urea-cream-for-very-dry-skin-22056,کرم و مرطوب‌کننده صورت,راضی هستم. برای اگزما خوبه,0,true,2025-01-29T11:13:18.3716748+00:00,مثبت,0.79,رضایت کلی,رضایت کلی,,false,ندارد,false,
کرم مرطوب  کننده اوسرین و اوره 10 درصد,https://www.khanoumi.com/products/doctor-jila-moisturizer-and-emollient-10urea-cream-for-very-dry-skin-22056,کرم و مرطوب‌کننده صورت,عالی عالی عالی .. هر چی از خوبی این کرم بگم کم گفتم .. فوق العاده ست .. برای صورت و دستم استفاده می کنم و بی نهایت راضی ام ..,0,true,2025-01-07T20:08:48.8409606+00:00,مثبت,0.95,رضایت کلی,رضایت کلی,,false,ندارد,false,
کرم مرطوب  کننده اوسرین و اوره 10 درصد,https://www.khanoumi.com/products/doctor-jila-moisturizer-and-emollient-10urea-cream-for-very-dry-skin-22056,کرم و مرطوب‌کننده صورت,من شنیدم برای تیرگی های بدن خوبه گرفتم و دارم برای آرنج،زانو،قوزک پا استفاده میکنم تاحالا چندبار استفاده کردم و بعد از چندساعت کیسه کشیدم اون قسمت رو و داره تاثیر میزاره به نظرم همینطور برای پاهام استفاده میکنم و جوراب میپوشم کف پام خیلی نرم شده,0,true,2024-07-10T11:03:25+00:00,مثبت,0.67,تجربه محصول | اثربخشی,اثربخشی,,false,ندارد,false,
کرم مرطوب  کننده اوسرین و اوره 10 درصد,https://www.khanoumi.com/products/doctor-jila-moisturizer-and-emollient-10urea-cream-for-very-dry-skin-22056,کرم و مرطوب‌کننده صورت,"عالیه من پوستم اگزما داره روی دستام و روی انگشتای پام 
تعریف این محصول خیلی شنیده بودم با اون همه دکتر پوست و غیره فقط پماد فلوئوسینولون جواب میداد ولی اصلا پیشنهادش نمیکنم چون پوکی استخوان میاره و مقطعی حواب میده
 این کرم قشنگ نرم کرده و خارشم رو از بین برده",0,true,2024-07-07T15:38:00+00:00,مثبت,0.79,رضایت کلی | تجربه محصول,تجربه محصول,,false,ندارد,false,
کرم مرطوب  کننده اوسرین و اوره 10 درصد,https://www.khanoumi.com/products/doctor-jila-moisturizer-and-emollient-10urea-cream-for-very-dry-skin-22056,کرم و مرطوب‌کننده صورت,خیلی راضیم. دکتر پوست بهم معرفی کرد و خشکی دستام کامل برطرف شد ,0,true,2024-06-22T08:46:31+00:00,مثبت,0.79,رضایت کلی,رضایت کلی,,false,ندارد,false,
کرم مرطوب  کننده اوسرین و اوره 10 درصد,https://www.khanoumi.com/products/doctor-jila-moisturizer-and-emollient-10urea-cream-for-very-dry-skin-22056,کرم و مرطوب‌کننده صورت,برای پوست های خیلی خشک که پوسته میشن عالیه کاملا خشکی برطرف میکنه ,0,true,2024-06-15T09:31:31+00:00,مثبت,0.79,رضایت کلی,رضایت کلی,,false,ندارد,false,
کرم مرطوب  کننده اوسرین و اوره 10 درصد,https://www.khanoumi.com/products/doctor-jila-moisturizer-and-emollient-10urea-cream-for-very-dry-skin-22056,کرم و مرطوب‌کننده صورت,خیلی خیلی کرم خوبیه و دست و کاملا نرم میکنه,0,true,2023-03-13T09:04:47+00:00,خنثی,0.35,رضایت کلی,رضایت کلی,,false,ندارد,false,
کرم مرطوب  کننده اوسرین و اوره 10 درصد,https://www.khanoumi.com/products/doctor-jila-moisturizer-and-emollient-10urea-cream-for-very-dry-skin-22056,کرم و مرطوب‌کننده صورت,من حدود شش ماهی میشه که از این کرم واسه دستهام استفاده میکنم عالیه نرم و مرطوب میکنه و ماندگاری داره,1,true,2023-02-08T15:09:46+00:00,مثبت,0.79,ماندگاری | رضایت کلی | تجربه محصول,ماندگاری,,false,ندارد,false,
کرم مرطوب  کننده اوسرین و اوره 10 درصد,https://www.khanoumi.com/products/doctor-jila-moisturizer-and-emollient-10urea-cream-for-very-dry-skin-22056,کرم و مرطوب‌کننده صورت,پوست پشت دست مادر من همیشه میخارید هرکرمی میزد تاثیر نداشت،ولی از وقتی اینو مصرف میکنه دیگه اصلن دستاش خارش ندادن،خیلی عالیه من دوبار واسش شارژش کردم,0,true,2023-01-12T14:14:53+00:00,مثبت,0.79,اثربخشی | رضایت کلی | حساسیت و واکنش پوست/مو,حساسیت و واکنش پوست/مو,حساسیت و واکنش پوست/مو,true,بالا,false,
ضد آفتاب اس پی اف 35 رنگی اولترا,https://www.khanoumi.com/products/doctor-jila-sun-screen-cream-spf-35-22057,ضدآفتاب,رنگش خیلی تیره ست,0,true,2024-03-31T14:41:57+00:00,خنثی,0.35,تجربه محصول,تجربه محصول,,false,ندارد,false,
کرم مرطوب کننده کلاژن پوست خشک و حساس,https://www.khanoumi.com/products/doctor-jila-moisturizing-cream-for-dry-amp-sensitive-skin-22058,کرم و مرطوب‌کننده صورت,خیلی عالیه من راضیم یه سری امتحانی گرفتم الام مجدد سفارش دادم,0,true,2025-09-08T14:42:09.5221193+03:30,مثبت,0.95,رضایت کلی | تجربه محصول,تجربه محصول,,false,ندارد,false,
کرم مرطوب کننده کلاژن پوست خشک و حساس,https://www.khanoumi.com/products/doctor-jila-moisturizing-cream-for-dry-amp-sensitive-skin-22058,کرم و مرطوب‌کننده صورت,"عالی و سبک و با مرطوب کنندگی عالی
چرب هم نیست",0,true,2025-03-01T17:50:25.7054169+00:00,خنثی,0.35,رضایت کلی,رضایت کلی,,false,ندارد,false,
کرم مرطوب کننده کلاژن پوست خشک و حساس,https://www.khanoumi.com/products/doctor-jila-moisturizing-cream-for-dry-amp-sensitive-skin-22058,کرم و مرطوب‌کننده صورت,خوبه و پوست صورت رو کاملا نرم میکنه و خاصیت ضد التهاب داره، خیلی راحت هم جذب میشه ,0,true,2024-04-17T06:49:08+00:00,مثبت,0.67,حساسیت و واکنش پوست/مو,حساسیت و واکنش پوست/مو,,false,ندارد,false,
کرم مرطوب کننده کلاژن پوست خشک و حساس,https://www.khanoumi.com/products/doctor-jila-moisturizing-cream-for-dry-amp-sensitive-skin-22058,کرم و مرطوب‌کننده صورت,خوب نبود دست رو نرم نمی کنه ,0,true,2024-03-29T23:49:20+00:00,منفی,0.79,رضایت کلی,رضایت کلی,,false,ندارد,false,
کرم مرطوب کننده کلاژن پوست خشک و حساس,https://www.khanoumi.com/products/doctor-jila-moisturizing-cream-for-dry-amp-sensitive-skin-22058,کرم و مرطوب‌کننده صورت,کرم خوبیه از خریدم راضیم,0,true,2024-01-07T19:13:21+00:00,مثبت,0.79,تجربه محصول | رضایت کلی,تجربه محصول,,false,ندارد,false,
کرم مرطوب کننده کلاژن پوست خشک و حساس,https://www.khanoumi.com/products/doctor-jila-moisturizing-cream-for-dry-amp-sensitive-skin-22058,کرم و مرطوب‌کننده صورت,کرم خوبی بود برای روز مره و سرکار و دانشگاه مناسبه,4,true,2023-04-04T22:11:29+00:00,خنثی,0.35,سؤال و ابهام,سؤال و ابهام,,false,ندارد,false,
کرم ترک لب مدل SPF20 بنفش ,https://www.khanoumi.com/products/doctor-jila-lip-balm-22059,رژ لب,اصلا تاثیری نداره، همونموقع لبو نرم می‌کنه ولی خاصیت درمانی نداره که خشکی لب رو برطرف کنه، بعد از اینکه جذبش تموم میشه لب بدتر خشک میشه پوسته پوسته,0,true,2026-08-24T01:42:49.0713475+03:30,خنثی,0.35,اثربخشی,اثربخشی,,false,ندارد,false,
کرم ترک لب مدل SPF20 بنفش ,https://www.khanoumi.com/products/doctor-jila-lip-balm-22059,رژ لب,عالییییییی,0,true,2026-08-19T13:55:00.0662757+03:30,مثبت,0.67,رضایت کلی,رضایت کلی,,false,ندارد,false,
کرم ترک لب مدل SPF20 بنفش ,https://www.khanoumi.com/products/doctor-jila-lip-balm-22059,رژ لب,"من چندین بار سفارش دادم ازش
اما آخرین باری که این رنگیش رو کرفتم خیلی بوی تندی دارم
وقتی استفاده مبکنم انگار دارم ادکلن میخورم
بنظرم رنگ مشکیش بهتره بدون بو و مزه",0,true,2026-08-17T11:34:46.1706599+03:30,خنثی,0.35,بو و رایحه | رنگ و شید | تجربه محصول,رنگ و شید,,false,ندارد,false,
کرم ترک لب مدل SPF20 بنفش ,https://www.khanoumi.com/products/doctor-jila-lip-balm-22059,رژ لب,افتضاح‌ فقط چرب کننده است وهیچ خاصیت دیگه ای نداره,0,true,2026-07-13T14:47:15.4131515+03:30,منفی,0.67,نارضایتی کلی,نارضایتی کلی,نارضایتی کلی,true,متوسط,false,
کرم ترک لب مدل SPF20 بنفش ,https://www.khanoumi.com/products/doctor-jila-lip-balm-22059,رژ لب,خوب بود ، لبو سنگین نمیکنه,0,true,2026-06-30T02:06:05.282674+03:30,مثبت,0.79,رضایت کلی,رضایت کلی,,false,ندارد,false,
کرم ترک لب مدل SPF20 بنفش ,https://www.khanoumi.com/products/doctor-jila-lip-balm-22059,رژ لب,خیلی بوی عطری و زیادی داره و اذیت کننده س,0,true,2026-06-11T21:58:01.0176313+03:30,خنثی,0.35,بو و رایحه,بو و رایحه,,false,ندارد,false,
کرم ترک لب مدل SPF20 بنفش ,https://www.khanoumi.com/products/doctor-jila-lip-balm-22059,رژ لب,من با اینکه با هر رژ و بالم لبی لبهام وحشتناک خشک و زخم میشه، لبهام رو خیلی نرم میکنه و خشکی ها کامل برطرف میشن. بوی قشنگی هم داره فقط حیف هیچ رنگی نداره اگه داشت عالی میشد,0,true,2026-06-07T21:08:55.6135847+03:30,مثبت,0.67,بو و رایحه | رنگ و شید | رضایت کلی,رنگ و شید,,false,ندارد,false,
کرم ترک لب مدل SPF20 بنفش ,https://www.khanoumi.com/products/doctor-jila-lip-balm-22059,رژ لب,کرم خوبیه برای ترک های لب واقعا جوابه...بوی توت فرنگی ملایمی داره خوبه,0,true,2026-05-25T14:33:01.9895785+03:30,مثبت,0.67,بو و رایحه,بو و رایحه,,false,ندارد,false,
کرم ترک لب مدل SPF20 بنفش ,https://www.khanoumi.com/products/doctor-jila-lip-balm-22059,رژ لب,"خیلی بوی خوبی داره و استفاده ازش آسونه 
واسه کسایی ک خشکی لب شدید دارن به خاطر مصرف قرص و دارو یا خشکی پوست حتماااا توصیه میکنم",0,true,2026-05-21T16:35:55.1828306+03:30,مثبت,0.67,پیشنهاد به دیگران | بو و رایحه | حساسیت و واکنش پوست/مو,حساسیت و واکنش پوست/مو,,false,ندارد,false,
کرم ترک لب مدل SPF20 بنفش ,https://www.khanoumi.com/products/doctor-jila-lip-balm-22059,رژ لب,نرم کنندگی خیلی خوبی داره.نه میسوزونه نه شاین داره،محصول مراقبتی درمانیه,0,true,2026-05-21T14:07:56.4510402+03:30,مثبت,0.67,تجربه محصول | رضایت کلی,تجربه محصول,,false,ندارد,false,
کرم ترک لب مدل SPF20 بنفش ,https://www.khanoumi.com/products/doctor-jila-lip-balm-22059,رژ لب,"خیلیییی عالیییی مخصوصا برای لب های خیلی خشک 
و اینکه اصلا بوی بدی نداره چون تو کامنتا گفتن بوی بد داره ولی اصلا اینطور نیست و ارزش خرید داره",0,true,2026-05-19T23:44:30.7506726+03:30,منفی,0.67,بو و رایحه | قیمت | رضایت کلی,قیمت,بو و رایحه | قیمت,true,پایین,false,
کرم ترک لب مدل SPF20 بنفش ,https://www.khanoumi.com/products/doctor-jila-lip-balm-22059,رژ لب,"اینکه میگن لب رو میسوزونه و اینا شدت سوزشش خیلی خیلی کمه یعنی در حد 1 ثانیه و خیلی برای ترک لب خوبه و هیچ رنگی هم نداره 
لب هارو هم مات مات میکنه",0,true,2026-05-18T13:11:01.9237342+03:30,مثبت,0.67,رنگ و شید,رنگ و شید,,false,ندارد,false,
کرم ترک لب مدل SPF20 بنفش ,https://www.khanoumi.com/products/doctor-jila-lip-balm-22059,رژ لب,همیشه تو سبد خریدم هست برای کسانی که خشکی لب کلافشون کرده گزینه ی خوبیه,0,true,2026-05-16T12:36:52.6800755+03:30,خنثی,0.35,سایت و اپلیکیشن | تجربه محصول,سایت و اپلیکیشن,,false,ندارد,false,
کرم ترک لب مدل SPF20 بنفش ,https://www.khanoumi.com/products/doctor-jila-lip-balm-22059,رژ لب,"اصلا بوی خاصی ندارن 
یه ذره اسانس توت فرنگیه زود هم بوش می‌ره اصلا اذیت کننده نیست
چطوری اذیتتون میکنه؟",0,true,2026-05-13T13:03:06.6917037+03:30,خنثی,0.35,بو و رایحه,بو و رایحه,,false,ندارد,false,
کرم ترک لب مدل SPF20 بنفش ,https://www.khanoumi.com/products/doctor-jila-lip-balm-22059,رژ لب,بوی خیلی خوبی داره قدرت نرم کنندگیش هم خوبه ولی خیلی مزه بد و تلخی داره وقتی میزنی به لبت,0,true,2026-05-10T17:32:16.1220074+03:30,ترکیبی,0.79,بو و رایحه | رضایت کلی,بو و رایحه,بو و رایحه,true,پایین,false,
کرم ترک لب مدل SPF20 بنفش ,https://www.khanoumi.com/products/doctor-jila-lip-balm-22059,رژ لب,بالمی که همیشه استفاده میکنم !عالیه!,0,true,2026-04-21T01:14:25.2028946+03:30,مثبت,0.79,رضایت کلی | تجربه محصول,تجربه محصول,,false,ندارد,false,
کرم ترک لب مدل SPF20 بنفش ,https://www.khanoumi.com/products/doctor-jila-lip-balm-22059,رژ لب,بوی خوبی داره ولی به نظرم خیلی عطریه. شب قابل استفاده نیست چون به خاطر بوش سردرد می‌گیرم. بافتش چرب و روغنیه ولی نه جوری که روی لب سنگین باشه یا حس چربی بدی بده. این مدت همش پوست لبمو کندم و با دوبار استفاده پوست لبم صاف شد. از ویژگی‌های بدش زیاد عطری بودن و اینکه وقتی می‌زنم، با اینکه زیاد هم نمی‌زنم، توی دهنم یه مزه‌ای حس می‌کنم که خوشایند نیست. محصولی نیست که شارژش کنم.,0,true,2026-04-13T20:42:56.274124+03:30,منفی,0.67,بو و رایحه | بافت محصول | تجربه محصول,بافت محصول,بو و رایحه | بافت محصول,true,پایین,false,
کرم ترک لب مدل SPF20 بنفش ,https://www.khanoumi.com/products/doctor-jila-lip-balm-22059,رژ لب,عالیه واقعا,0,true,2026-04-11T13:36:34.5278911+03:30,مثبت,0.79,رضایت کلی,رضایت کلی,,false,ندارد,false,
کرم ترک لب مدل SPF20 بنفش ,https://www.khanoumi.com/products/doctor-jila-lip-balm-22059,رژ لب,بیشتر از ده ساله مدام استفاده میکنم به تنهایی جلوه خاصی به لبها میده و همراه رژلبای که خشکن استفاده میکنم,0,true,2026-04-11T12:17:17.927669+03:30,خنثی,0.35,تجربه محصول,تجربه محصول,,false,ندارد,false,
کرم ترک لب مدل SPF20 بنفش ,https://www.khanoumi.com/products/doctor-jila-lip-balm-22059,رژ لب,خیلی خیلی خیلیییی بوی‌ عطری داره که حال آدمو به هم میزنه. اونقدری که همش توی دهنتون و سرتون اون بو احساس میشه و اذیت کننده‌ست و سبب سر درد میشه. هر چقدرم تاثیر خوبی روی نرمی داشته باشه نمی‌ارزه. من هی میام استفاده کنم ازش اینقدر که بو داره و میره تو دهنم که مجبور میشم پاکش کنم.,0,true,2026-04-08T01:13:43.3532134+03:30,مثبت,0.67,بو و رایحه | اثربخشی,بو و رایحه,,false,ندارد,false,
کرم ترک لب مدل SPF20 بنفش ,https://www.khanoumi.com/products/doctor-jila-lip-balm-22059,رژ لب,تاثیر خوبی داره، ولی هم سنگینه و هم تو هوای گرم از داخل تیوپ شُره میکنه,0,true,2026-04-07T12:56:44.8532535+03:30,مثبت,0.67,اثربخشی,اثربخشی,,false,ندارد,false,
کرم ترک لب مدل SPF20 بنفش ,https://www.khanoumi.com/products/doctor-jila-lip-balm-22059,رژ لب,بوی خیلییی شدیدی داره انگار که وقتی میزنی عطر توی دهنت اسپری کردی موقع خواب ادمو اذیت میکنه اما نرم کنندگی خوبی داره,0,true,2026-04-04T16:11:15.8097962+03:30,خنثی,0.35,بو و رایحه,بو و رایحه,,false,ندارد,false,
کرم ترک لب مدل SPF20 بنفش ,https://www.khanoumi.com/products/doctor-jila-lip-balm-22059,رژ لب,برای لبای حساس و خشک من عالی بود بارها و بارها شارژ میکنم متشکرم ازتون,0,true,2026-04-04T01:52:11.7340555+03:30,مثبت,0.79,رضایت کلی | موجودی کالا,موجودی کالا,,false,ندارد,false,
کرم ترک لب مدل SPF20 بنفش ,https://www.khanoumi.com/products/doctor-jila-lip-balm-22059,رژ لب,محصول متوسطی هست،بیشتر وایب برق لب داره ،بوش اوکیه اذیت کننده نیست و برای من بعد از استفاده پوست اضافی لبم رو نرم کرد و کندش .درکل راضی کننده بود,0,true,2026-03-29T17:56:21.7430911+03:30,مثبت,0.67,بو و رایحه | تجربه محصول,بو و رایحه,,false,ندارد,false,
کرم ترک لب مدل SPF20 بنفش ,https://www.khanoumi.com/products/doctor-jila-lip-balm-22059,رژ لب,"من از این محصول مدتیه استفاده میکنم
شب قبل خواب میزنم به نسبت باقی بالم لبایی‌که اسنفاده کردم و پوست لبم کنده میشد ، این خیلی خوب بود",0,true,2026-03-23T01:12:25.8220768+03:30,مثبت,0.91,تجربه محصول | نحوه استفاده | رضایت کلی,نحوه استفاده,,false,ندارد,false,
کرم ترک لب مدل SPF20 بنفش ,https://www.khanoumi.com/products/doctor-jila-lip-balm-22059,رژ لب,"من تقریبا 5 سال از این بالم استفاده میکنم و این سری آخر ک گرفتم بسته بندی ظرفش بی کیفیت تر شده بود و مواد داخلش هم همینطور نرم کنندگی سابق رو نداره عطر و بوی سابق نداره
واقعا متاسف شدم یکی از بهترینای برند شونو اینجوری خراب کردن و انگار دیگ کارایی برای لب نداره انگار دیگ لب چرب میشه و اثر نرم کنندگی ب هیچ عنوان دیگه نداره 
کاش حداقل همزمان اینک قیمت شو برده بالا از کیفیت کارش نمیزد واقن که",0,true,2026-03-11T17:06:55.339664+03:30,مثبت,0.67,کیفیت محصول | بسته‌بندی | تجربه محصول | قیمت | بو و رایحه | اثربخشی | رضایت کلی,قیمت,کیفیت محصول,true,متوسط,false,
کرم ترک لب مدل SPF20 بنفش ,https://www.khanoumi.com/products/doctor-jila-lip-balm-22059,رژ لب,"تنها بالمی که لب من و نرم کرده و عالیه 
من خیلی راضی ام",0,true,2026-03-11T10:41:10.4822796+03:30,مثبت,0.95,رضایت کلی,رضایت کلی,,false,ندارد,false,
کرم ترک لب مدل SPF20 بنفش ,https://www.khanoumi.com/products/doctor-jila-lip-balm-22059,رژ لب,بوی خیلی بد و خیلی زیادی داره اصلا مناسب برای برای لب نیست,0,true,2026-02-27T23:09:07.9414062+03:30,منفی,0.67,بو و رایحه,بو و رایحه,بو و رایحه,true,پایین,false,
کرم ترک لب مدل SPF20 بنفش ,https://www.khanoumi.com/products/doctor-jila-lip-balm-22059,رژ لب,خیلی بده انگار یه مشت عطر میریزه تو دهنت,0,true,2026-02-26T15:24:03.6529305+03:30,منفی,0.67,نارضایتی کلی,نارضایتی کلی,نارضایتی کلی,true,متوسط,false,
کرم ترک لب مدل SPF20 بنفش ,https://www.khanoumi.com/products/doctor-jila-lip-balm-22059,رژ لب,من قبلاً از بالم لب دیپ سنس مدل استوایی اش استفاده میکردم و به شدت خوب بود. اگه مثل من لب هاتون زیاد پوست میده در حدی هر 2 روز یه پوست کامل باید بکنید اصلا بالم لبی که ساخته رو عوض نکنید من بعد از استفاده کردن از مدل دکتر ژیلا به شدت خشکی لب گرفتم و هزاران مشکل دیگه برای من اصلا خوب نبود.,0,true,2026-02-19T21:34:39.0706657+03:30,ترکیبی,0.74,نارضایتی کلی | تجربه محصول,تجربه محصول,نارضایتی کلی,true,متوسط,false,
کرم ترک لب مدل SPF20 بنفش ,https://www.khanoumi.com/products/doctor-jila-lip-balm-22059,رژ لب,قبلا خیلی خوب بود همیشه استفاده میکردم اینسری یه بوی تند و نفتی و عطری بد داره مثل بالم‌ مردونش هست و‌ واقعا نمیشه لبتو تکون‌بدی انقدری که طعم بد میره تو دهان,0,true,2026-02-12T16:43:03.8427764+03:30,ترکیبی,0.9,بو و رایحه | رضایت کلی,بو و رایحه,بو و رایحه,true,پایین,false,
کرم ترک لب مدل SPF20 بنفش ,https://www.khanoumi.com/products/doctor-jila-lip-balm-22059,رژ لب,بهترینه همیشه میخرم,0,true,2026-02-01T17:55:23.9609904+03:30,مثبت,0.67,رضایت کلی,رضایت کلی,,false,ندارد,false,
کرم ترک لب مدل SPF20 بنفش ,https://www.khanoumi.com/products/doctor-jila-lip-balm-22059,رژ لب,هر بار چند تا چند تا ازش میخرم و خیلی دوسش دارم,0,true,2026-01-24T16:10:40.6098177+03:30,خنثی,0.35,تجربه محصول,تجربه محصول,,false,ندارد,false,
کرم ترک لب مدل SPF20 بنفش ,https://www.khanoumi.com/products/doctor-jila-lip-balm-22059,رژ لب,خیلی خوب نیست راحت جذب نمیشه,0,true,2026-01-23T21:52:33.346695+03:30,منفی,0.79,رضایت کلی,رضایت کلی,,false,ندارد,false,
کرم ترک لب مدل SPF20 بنفش ,https://www.khanoumi.com/products/doctor-jila-lip-balm-22059,رژ لب,بد نیست از برند دکتر ژیلا توقع بیشتری می رفت,0,true,2025-12-25T19:28:42.8322033+03:30,مثبت,0.67,نارضایتی کلی,نارضایتی کلی,,false,ندارد,false,
کرم ترک لب مدل SPF20 بنفش ,https://www.khanoumi.com/products/doctor-jila-lip-balm-22059,رژ لب,بو و مزش رو اصلا دوست ندارم ولی تاثیر نرم کنندگیش خوبه,0,true,2025-12-24T22:20:07.7558185+03:30,مثبت,0.67,اثربخشی | بو و رایحه,بو و رایحه,,false,ندارد,false,
کرم ترک لب مدل SPF20 بنفش ,https://www.khanoumi.com/products/doctor-jila-lip-balm-22059,رژ لب,با استفاده اول که منجر شد دیگه استفاده نکنم،به دلیل اینکه از نظر نرمی خیلی خوبه اما بو یه ادکلن میده که سردرد میاره و مزه بدی هم داره و دیگه استفاده نمیکنم.,0,true,2025-12-23T18:43:29.9059031+03:30,مثبت,0.79,رضایت کلی | بو و رایحه,بو و رایحه,,false,ندارد,false,
کرم ترک لب مدل SPF20 بنفش ,https://www.khanoumi.com/products/doctor-jila-lip-balm-22059,رژ لب,نرم کنندگیش خوبه ولی کمی میره تو دهان و بخاطر اس پی افی که داره باعث مزه تلخی میشه. قبلا بدون اس پی افشو داشتم عالی بود.,0,true,2025-12-22T17:23:11.5626138+03:30,مثبت,0.91,ترکیبات | رضایت کلی,ترکیبات,,false,ندارد,false,
کرم ترک لب مدل SPF20 بنفش ,https://www.khanoumi.com/products/doctor-jila-lip-balm-22059,رژ لب,همیشه از بالم لب نئودرم استفاده می‌کردم و خیلی راضی بودم ولی اینبار به لحاظ قیمت مناسبی که خانومی برای برند دکتر ژیلا گذاشته بود خواستم اینو امتحان کنم ، که به جرات میتونم بگم فوق العاده عالیه ،چون جنس پوستم خشکه این بالم لب به قدری عالی و با کیفیته که در طول روز فقط دو بار استفاده میکنم که نتیجش خیلی خوبه ،  هم سریع پوست لبو نرم میکنه و هم پوسته های کنده شده رو بازسازی واحیا میکنه ، بهتون پیشنهاد میکنم استفاده کنید,0,true,2025-11-17T19:29:25.3255784+03:30,مثبت,0.95,رضایت کلی | پیشنهاد به دیگران | کیفیت محصول | قیمت | تجربه محصول | حساسیت و واکنش پوست/مو,حساسیت و واکنش پوست/مو,,false,ندارد,false,
کرم ترک لب مدل SPF20 بنفش ,https://www.khanoumi.com/products/doctor-jila-lip-balm-22059,رژ لب,وقتی میزنم روی لبم بوی بدی میده و یه طعم بد توی دهانم میپیچه فکر کنم حتی از بوش سرم درد گرفت اصلا دوستش نداشتم,0,true,2025-11-15T22:52:50.2653645+03:30,منفی,0.67,بو و رایحه,بو و رایحه,بو و رایحه,true,پایین,false,
کرم ترک لب مدل SPF20 بنفش ,https://www.khanoumi.com/products/doctor-jila-lip-balm-22059,رژ لب,"من جدیدا دارم استفاده می کنم 
یه حالت وازلین داره با طعم آبنبات،  
از لحاظ اینکه محافظت  داره خوبه و می ارزه",0,true,2025-11-03T23:41:55.932373+03:30,مثبت,0.67,رضایت کلی,رضایت کلی,,false,ندارد,false,
کرم ترک لب مدل SPF20 بنفش ,https://www.khanoumi.com/products/doctor-jila-lip-balm-22059,رژ لب,من واقعا لبای خشکی دارم،از وقتی که این بالم لبو گرفتم واقعا انگار معجزه کرده،توی همون هفته اول هیچ اثری از پوسته پوسته و خشکی از لبام نمونده بود.حجمشم خیلی مناسبه.بوشم که عالی,0,true,2025-10-28T09:38:06.7870036+03:30,مثبت,0.67,اثربخشی | سؤال و ابهام | تجربه محصول | رضایت کلی,اثربخشی,,false,ندارد,false,
کرم ترک لب مدل SPF20 بنفش ,https://www.khanoumi.com/products/doctor-jila-lip-balm-22059,رژ لب,برای کسایی که خشکی لب دارن بشدت پیشنهاد میشه فوق العاده است الان چند ساله استفاده میکنم مخصوصا پاییز زمستون,0,true,2025-10-25T15:28:28.8610384+03:30,مثبت,0.67,تجربه محصول | رضایت کلی,تجربه محصول,,false,ندارد,false,
کرم ترک لب مدل SPF20 بنفش ,https://www.khanoumi.com/products/doctor-jila-lip-balm-22059,رژ لب,بهترینه بخررش به خدا که عالیه,0,true,2025-10-23T13:43:27.6431055+03:30,مثبت,0.91,رضایت کلی,رضایت کلی,,false,ندارد,false,
کرم ترک لب مدل SPF20 بنفش ,https://www.khanoumi.com/products/doctor-jila-lip-balm-22059,رژ لب,لبها رو خیلی زود خوب میکنه ولی عجیبه که دور لب رو بشدت خشک میکنه جوری که با دو بار استفاده میذاریش کنار,0,true,2025-10-18T06:34:08.5700962+03:30,مثبت,0.67,رضایت کلی,رضایت کلی,,false,ندارد,false,
کرم ترک لب مدل SPF20 بنفش ,https://www.khanoumi.com/products/doctor-jila-lip-balm-22059,رژ لب,خیلی خوب بود من لبمو همیشه زخم میکنم اما با اولین استفاده از این بالم لب زخمای لبم تقریبا برطرف شد و لبمو خیلی نرم کرد. یکم فقط ممکنه احساس چربی داشته باشید روی لب که البته منو اذیت نکرد مشکلی باهاش نداشتم,0,true,2025-10-10T22:26:33.5497122+03:30,مثبت,0.91,رضایت کلی,رضایت کلی,,false,ندارد,false,
کرم ترک لب مدل SPF20 بنفش ,https://www.khanoumi.com/products/doctor-jila-lip-balm-22059,رژ لب,هم بوی دلنشینی داره هم کار بلده حسابی لب ها رو نرم میکنه,0,true,2025-10-09T09:12:49.6803937+03:30,خنثی,0.35,بو و رایحه,بو و رایحه,,false,ندارد,false,
کرم ترک لب مدل SPF20 بنفش ,https://www.khanoumi.com/products/doctor-jila-lip-balm-22059,رژ لب,"من همه ی بالم لب های ایرانی و خارجی رو استفاده کردم چون لبم بشدت خشکه و دائم پوستشو میکنم و همیشه زخم هم هستش 
این بالم لب انقدر عالی بود که به محض یکبار استفاده تموم زخم هامو ترمیم و خشکی لبمو رفع کرد 
عالیه واقعا",0,true,2025-09-10T07:54:56.5656828+03:30,مثبت,0.95,رضایت کلی | تجربه محصول,تجربه محصول,,false,ندارد,false,
کرم ترک لب مدل SPF20 بنفش ,https://www.khanoumi.com/products/doctor-jila-lip-balm-22059,رژ لب,عاشقشم و به معنای واقعی برای لب های من معجزه کرد که از خشکی و خارش بشدت زخم میشد.,0,true,2025-09-05T20:28:37.3079228+03:30,مثبت,0.67,حساسیت و واکنش پوست/مو | رضایت کلی,حساسیت و واکنش پوست/مو,حساسیت و واکنش پوست/مو,true,بالا,false,
کرم ترک لب مدل SPF20 بنفش ,https://www.khanoumi.com/products/doctor-jila-lip-balm-22059,رژ لب,خیلی خیلی بد.. هر بار استفاده کردم بدتر لبم خشک و پوسته پوسته شد,0,true,2025-08-20T23:02:09.3250325+00:00,منفی,0.67,تجربه محصول,تجربه محصول,,false,ندارد,false,
کرم ترک لب مدل SPF20 بنفش ,https://www.khanoumi.com/products/doctor-jila-lip-balm-22059,رژ لب,خوب نیست . انگار به وازلین اسانس آدامس توت فرنگی اضافه کردن,0,true,2025-08-20T18:22:32.3653246+00:00,منفی,0.67,رضایت کلی,رضایت کلی,,false,ندارد,false,
کرم ترک لب مدل SPF20 بنفش ,https://www.khanoumi.com/products/doctor-jila-lip-balm-22059,رژ لب,خیلی چربه و برای کسایی که خشکی مداوم و پوسته پوسته شدن دارن خیلی مناسبه,0,true,2025-08-19T07:18:22.680653+00:00,خنثی,0.35,سؤال و ابهام,سؤال و ابهام,,false,ندارد,false,
کرم ترک لب مدل SPF20 بنفش ,https://www.khanoumi.com/products/doctor-jila-lip-balm-22059,رژ لب,خیلی خوبه پیشنهاد میکنم بگیرید,0,true,2025-07-24T09:53:07.1078657+00:00,مثبت,0.91,پیشنهاد به دیگران | رضایت کلی,پیشنهاد به دیگران,,false,ندارد,false,
کرم ترک لب مدل SPF20 بنفش ,https://www.khanoumi.com/products/doctor-jila-lip-balm-22059,رژ لب,حجمش تو بسته بندی یکم کمه ولی خیلی بوی خوبی داره و واقعا با یکبار زدن تاثیرشو میبینین اینقد از بوش خوشم اومده که مدام میزنم بافت باحالی هم داره,0,true,2025-07-01T14:50:15.1423715+00:00,خنثی,0.35,بسته‌بندی | بو و رایحه | اثربخشی | بافت محصول,بافت محصول,,false,ندارد,false,
کرم ترک لب مدل SPF20 بنفش ,https://www.khanoumi.com/products/doctor-jila-lip-balm-22059,رژ لب,من خیلی راضی بودم واقعا لبارو نرم میکنه,0,true,2025-06-29T07:53:08.0345922+00:00,مثبت,0.67,رضایت کلی,رضایت کلی,,false,ندارد,false,
کرم ترک لب مدل SPF20 بنفش ,https://www.khanoumi.com/products/doctor-jila-lip-balm-22059,رژ لب,اولش چرب میکنه بعد سریع جذب میشه,0,true,2025-06-19T08:05:24.9407092+00:00,خنثی,0.35,تجربه محصول,تجربه محصول,,false,ندارد,false,
کرم ترک لب مدل SPF20 بنفش ,https://www.khanoumi.com/products/doctor-jila-lip-balm-22059,رژ لب,خیلی راضی ام ،من برا خشکی وپوسته پوسته شدن لبم خیییلی زووود نتیجه گرفتم.بوی خیییلی خوبی داره..,0,true,2025-06-08T05:25:53.4284336+00:00,مثبت,0.91,رضایت کلی | بو و رایحه | اثربخشی | تجربه محصول,بو و رایحه,,false,ندارد,false,
کرم ترک لب مدل SPF20 بنفش ,https://www.khanoumi.com/products/doctor-jila-lip-balm-22059,رژ لب,اصلا کارایی نداره فقط چرب میکنه و مزه روغن چرب میده و اینکه زود هم جذب نمیشه هشمو ادم میخوره,0,true,2025-05-13T09:01:33.9097551+00:00,خنثی,0.35,اثربخشی,اثربخشی,,false,ندارد,false,
کرم ترک لب مدل SPF20 بنفش ,https://www.khanoumi.com/products/doctor-jila-lip-balm-22059,رژ لب,کاش میشد نظرمو ادیت کنم که چقدرررر از این بالم لب ناراضیم زیر لبم گودی چونه‌م با هرسری استفاده ازش جوش میزد و واااقعا فکر نمیکردم که از این محصول باشه روتینمو کااامل تغییر دادم تا اینکه در نهایت متوجه شدم بخاطر استفاده از اینه تنهااا مزیتش همون بوی خوبشه,0,true,2025-05-04T16:22:52.4155218+00:00,ترکیبی,0.82,تجربه محصول | نارضایتی کلی | بو و رایحه | حساسیت و واکنش پوست/مو | رضایت کلی,حساسیت و واکنش پوست/مو,نارضایتی کلی | بو و رایحه | حساسیت و واکنش پوست/مو,true,بالا,false,
کرم ترک لب مدل SPF20 بنفش ,https://www.khanoumi.com/products/doctor-jila-lip-balm-22059,رژ لب,واقعا عالیه و به میزان کافی لبو چرب میکنه و موندگاری بالایی داره,0,true,2025-04-19T14:57:53.2971776+00:00,مثبت,0.79,رضایت کلی,رضایت کلی,,false,ندارد,false,
کرم ترک لب مدل SPF20 بنفش ,https://www.khanoumi.com/products/doctor-jila-lip-balm-22059,رژ لب,عالیییههه خیلی راضیم، هم لبارو خوب نرم میکنه هم بوی خیلییی خوبی داره عاشقش میشید، توی خریدش تردید نکنید,0,true,2025-04-16T02:00:30.6342209+00:00,مثبت,0.95,رضایت کلی | بو و رایحه,بو و رایحه,,false,ندارد,false,
کرم ترک لب مدل SPF20 بنفش ,https://www.khanoumi.com/products/doctor-jila-lip-balm-22059,رژ لب,خیلی چرررررررررربه,0,true,2025-04-14T14:31:01.8403994+00:00,خنثی,0.35,سایر,سایر,,false,ندارد,false,
کرم ترک لب مدل SPF20 بنفش ,https://www.khanoumi.com/products/doctor-jila-lip-balm-22059,رژ لب,خیلی خوب نبود. تأثیرش سریع از بین میره.,0,true,2025-03-24T14:26:12.9197278+00:00,منفی,0.91,رضایت کلی,رضایت کلی,,false,ندارد,false,
کرم ترک لب مدل SPF20 بنفش ,https://www.khanoumi.com/products/doctor-jila-lip-balm-22059,رژ لب,عالی بود و راضی هستم,0,true,2025-03-12T07:36:44.5975824+00:00,مثبت,0.91,رضایت کلی,رضایت کلی,,false,ندارد,false,
کرم ترک لب مدل SPF20 بنفش ,https://www.khanoumi.com/products/doctor-jila-lip-balm-22059,رژ لب,من راضیم لبارو بیش از حد چرب نمیکنه بوی خوبی داره نمیماسه روی لب زود جذب میشه,0,true,2025-03-11T11:29:22.4914636+00:00,مثبت,0.79,بو و رایحه | رضایت کلی,بو و رایحه,,false,ندارد,false,
کرم ترک لب مدل SPF20 بنفش ,https://www.khanoumi.com/products/doctor-jila-lip-balm-22059,رژ لب,پیشنهاد نمیکنم ، فقط بوی خوب و عروسکی مانندی داره و لب رو براق میکنه اما اصلا خاصیت نرم کنندگی و رفع ترک لب رو نداره و بدتر لب رو خشک میکنه .,0,true,2025-02-27T19:10:30.4145196+00:00,مثبت,0.67,بو و رایحه,بو و رایحه,,false,ندارد,false,
کرم ترک لب مدل SPF20 بنفش ,https://www.khanoumi.com/products/doctor-jila-lip-balm-22059,رژ لب,این بالم لب واقعا خوب بود و لبارو نرم و مرطوب میکنه,0,true,2025-02-13T12:12:08.5537524+00:00,مثبت,0.79,رضایت کلی,رضایت کلی,,false,ندارد,false,
کرم ترک لب مدل SPF20 بنفش ,https://www.khanoumi.com/products/doctor-jila-lip-balm-22059,رژ لب,من چند نوع بالم لب دیگە رو هم استفادە کردم کە این بالم لب در مقایسە با اونا اصلا تاثیر نداشت بلکە لبامو خشکترهم میکنە برای من خوب نبود,0,true,2025-02-13T10:40:43.8993992+00:00,منفی,0.79,اثربخشی,اثربخشی,اثربخشی,true,متوسط,false,
کرم ترک لب مدل SPF20 بنفش ,https://www.khanoumi.com/products/doctor-jila-lip-balm-22059,رژ لب,این محصول سال ها پیش هم استفاده مداول میکردم و میشه گفت جز چند بالم لب درمانی برتر ایرانیه,0,true,2025-02-11T19:49:03.1546279+00:00,خنثی,0.35,تجربه محصول,تجربه محصول,,false,ندارد,false,
کرم ترک لب مدل SPF20 بنفش ,https://www.khanoumi.com/products/doctor-jila-lip-balm-22059,رژ لب,بوش که خیلی خوبه عاشقشم,0,true,2025-02-11T15:57:24.5202408+00:00,مثبت,0.91,رضایت کلی | بو و رایحه,بو و رایحه,,false,ندارد,false,
کرم ترک لب مدل SPF20 بنفش ,https://www.khanoumi.com/products/doctor-jila-lip-balm-22059,رژ لب,لب ها رو خیلی خوب نرم میکنه حجمش مناسبه و به شدت بوی خوبی داره، در کل پیشنهاد میکنم,0,true,2025-01-30T08:35:11.4061052+00:00,مثبت,0.91,پیشنهاد به دیگران | بو و رایحه | سؤال و ابهام | رضایت کلی,بو و رایحه,,false,ندارد,false,
کرم ترک لب مدل SPF20 بنفش ,https://www.khanoumi.com/products/doctor-jila-lip-balm-22059,رژ لب,خوشبو ، از لحاظ ظاهری زیبا و با قیمت مناسب,0,true,2025-01-27T10:31:33.6944724+00:00,خنثی,0.35,قیمت | بو و رایحه,قیمت,,false,ندارد,false,
کرم ترک لب مدل SPF20 بنفش ,https://www.khanoumi.com/products/doctor-jila-lip-balm-22059,رژ لب,خیلی خوبه هم خوب نرم میکنه و هم خوشبوعه ولی سایزش خیلی کوچولو عه تو تخفیف بخرین بهتره,0,true,2025-01-20T07:20:39.2738931+00:00,مثبت,0.91,تخفیف | رضایت کلی | بو و رایحه,تخفیف,,false,ندارد,false,
کرم ترک لب مدل SPF20 بنفش ,https://www.khanoumi.com/products/doctor-jila-lip-balm-22059,رژ لب,این بالم لب کاملا جنبه درمانی داره و خشکی لب رو از بین میبره حتی وقتی از روی لب پاک میشه باز هم پوست لب مرطوب و نرمه.بوی ملایم توت فرنگی میده و لب رو نوچ نمیکنه راحت و سبکه,0,true,2024-12-25T07:24:24.3259547+00:00,خنثی,0.35,بو و رایحه,بو و رایحه,,false,ندارد,false,
کرم ترک لب مدل SPF20 بنفش ,https://www.khanoumi.com/products/doctor-jila-lip-balm-22059,رژ لب,اولین باره ازین مارک استفاده میکنم و عالیههه ،من لبم خیلی خشکه و واقعا نرم کرد و پوسته های سفتو از بین برد ،بو و مزه خیلییی خوب و پاستیلی داره,0,true,2024-12-17T00:44:30.7423315+00:00,مثبت,0.95,رضایت کلی | تجربه محصول | بو و رایحه,بو و رایحه,,false,ندارد,false,
کرم ترک لب مدل SPF20 بنفش ,https://www.khanoumi.com/products/doctor-jila-lip-balm-22059,رژ لب,واقعا عالیه من تازه خریدم و راضی ام,0,true,2024-12-09T23:29:52.9552482+00:00,مثبت,0.95,رضایت کلی | تجربه محصول,تجربه محصول,,false,ندارد,false,
کرم ترک لب مدل SPF20 بنفش ,https://www.khanoumi.com/products/doctor-jila-lip-balm-22059,رژ لب,"بســیار خــوش بــو ، بافــت کــرم مانــند با رنــگ شیشــه ای مــات
و لطــافت و نــرمی بالایـی داد ب لــب هام،منــاسب آقایــون هــم هســت،هیــچ رنــگ یا بــراقــی بجــا نمیــزاره",0,true,2024-12-04T11:04:14.6622632+00:00,خنثی,0.35,تجربه محصول,تجربه محصول,,false,ندارد,false,
کرم ترک لب مدل SPF20 بنفش ,https://www.khanoumi.com/products/doctor-jila-lip-balm-22059,رژ لب,خیلی کوچیکتر از عکسه و بوی خوبی داره و نرم میکنه,0,true,2024-12-01T13:17:44.1744639+00:00,خنثی,0.35,بو و رایحه,بو و رایحه,,false,ندارد,false,
کرم ترک لب مدل SPF20 بنفش ,https://www.khanoumi.com/products/doctor-jila-lip-balm-22059,رژ لب,خیلی خوبه,0,true,2024-12-01T07:53:48.9633252+00:00,مثبت,0.79,رضایت کلی,رضایت کلی,,false,ندارد,false,
کرم ضد آفتاب اس پی اف 63  بدون رنگ,https://www.khanoumi.com/products/doctor-jila-sun-screen-spf-63-22060,ضدآفتاب,برای من که پوستم خشکه مناسب بود,0,true,2026-05-11T14:47:45.1068965+03:30,خنثی,0.35,حساسیت و واکنش پوست/مو,حساسیت و واکنش پوست/مو,,false,ندارد,false,
کرم ضد آفتاب اس پی اف 63  بدون رنگ,https://www.khanoumi.com/products/doctor-jila-sun-screen-spf-63-22060,ضدآفتاب,پیل میشه رو صورت ... این دیگه چیی بود!!!!,0,true,2025-10-04T14:01:38.2053972+03:30,خنثی,0.35,تجربه محصول,تجربه محصول,,false,ندارد,false,
کرم ضد آفتاب اس پی اف 63  بدون رنگ,https://www.khanoumi.com/products/doctor-jila-sun-screen-spf-63-22060,ضدآفتاب,خیلی ضدافتاب خوبیه سالهاست دارم ازش استفاده میکنم، لطفا موجود کنید,0,true,2024-07-02T14:49:44+00:00,خنثی,0.35,موجودی کالا | تجربه محصول,موجودی کالا,,false,ندارد,false,
کرم ضد آفتاب اس پی اف 63  بدون رنگ,https://www.khanoumi.com/products/doctor-jila-sun-screen-spf-63-22060,ضدآفتاب,کرم مناسبی برای استفاده در دریا و آفتاب گرفتن است که هم پوشانندگی و جذب خوبی داره و هم از سوختگی در برابر آفتاب زیاد جلوگیری می کنه ,7,true,2022-05-29T10:40:22+00:00,خنثی,0.35,تخفیف,تخفیف,,false,ندارد,false,
کرم ضد آفتاب اس پی اف 95 بدون رنگ,https://www.khanoumi.com/products/doctor-jila-cream-sunscreen-spf-95-22061,ضدآفتاب,ضد آفتاب خوبیه،روی پوست سریع جذب میشه و برق نمیندازه،اصلا حس سنگینی نداره,0,true,2026-07-07T08:54:24.135357+03:30,خنثی,0.35,تجربه محصول | ترکیبات,ترکیبات,,false,ندارد,false,
کرم ضد آفتاب اس پی اف 95 بدون رنگ,https://www.khanoumi.com/products/doctor-jila-cream-sunscreen-spf-95-22061,ضدآفتاب,خدایی کرم ضدآفتاب خوبیه،سبک،عرق زا نیست و به مرور استفاده پوست رو روشن میکنه انگاری لک برنده هم هست و میشه زیر کرم آرایشی استفاده کرد من خیلی راضی هستم,0,true,2026-06-04T15:39:24.64824+03:30,مثبت,0.67,رضایت کلی,رضایت کلی,,false,ندارد,false,
کرم ضد آفتاب اس پی اف 95 بدون رنگ,https://www.khanoumi.com/products/doctor-jila-cream-sunscreen-spf-95-22061,ضدآفتاب,قیمتش خیلی بالارفته دیگه نمیصرفه,0,true,2026-05-05T16:53:45.3116598+03:30,خنثی,0.35,تجربه محصول,تجربه محصول,,false,ندارد,false,
کرم ضد آفتاب اس پی اف 95 بدون رنگ,https://www.khanoumi.com/products/doctor-jila-cream-sunscreen-spf-95-22061,ضدآفتاب,عالی,0,true,2026-04-16T17:39:29.1569716+03:30,مثبت,0.67,رضایت کلی,رضایت کلی,,false,ندارد,false,
کرم ضد آفتاب اس پی اف 95 بدون رنگ,https://www.khanoumi.com/products/doctor-jila-cream-sunscreen-spf-95-22061,ضدآفتاب,من دوبار این محصول رو سفارش دادم عالیههه اصلااا صورت احساس خیسی نمیکنه بعد استفاده سبک و جذب پوست میشه و باعث ایجاد جوش نمیشه واقعاا عالیههه کاش زود به زود شارژ کنیدبازم بتونم سفارش بدم,0,true,2025-10-26T22:28:35.6454982+03:30,مثبت,0.95,رضایت کلی | موجودی کالا | تجربه محصول | حساسیت و واکنش پوست/مو,حساسیت و واکنش پوست/مو,موجودی کالا,true,متوسط,false,
کرم ضد آفتاب اس پی اف 95 بدون رنگ,https://www.khanoumi.com/products/doctor-jila-cream-sunscreen-spf-95-22061,ضدآفتاب,من حدود 12 سال بیشتر فقط این مارک استفاده می کنم و راضی ام خداروشکر,0,true,2025-09-19T16:49:23.480509+03:30,مثبت,0.79,رضایت کلی,رضایت کلی,,false,ندارد,false,
کرم ضد آفتاب اس پی اف 95 بدون رنگ,https://www.khanoumi.com/products/doctor-jila-cream-sunscreen-spf-95-22061,ضدآفتاب,راضی بودم,0,true,2025-07-05T21:57:20.9015352+00:00,مثبت,0.67,رضایت کلی,رضایت کلی,,false,ندارد,false,
کرم ضد آفتاب اس پی اف 95 بدون رنگ,https://www.khanoumi.com/products/doctor-jila-cream-sunscreen-spf-95-22061,ضدآفتاب,بهترین ضدافتاب ممکن لطفا موجود کنیدد,0,true,2025-06-23T22:01:09.1495131+00:00,مثبت,0.67,موجودی کالا | رضایت کلی,موجودی کالا,,false,ندارد,false,
کرم ضد آفتاب اس پی اف 95 بدون رنگ,https://www.khanoumi.com/products/doctor-jila-cream-sunscreen-spf-95-22061,ضدآفتاب,خانومیِ عزیز لطفا با تخفیف بالا ارائه کنید.,0,true,2025-02-16T20:23:32.8347277+00:00,خنثی,0.35,تخفیف,تخفیف,,false,ندارد,false,
کرم ضد آفتاب اس پی اف 95 بدون رنگ,https://www.khanoumi.com/products/doctor-jila-cream-sunscreen-spf-95-22061,ضدآفتاب,عالیه ، چشم رو نمیسوزونه، رد سفیدی نمیندازه و زود جذبه، بوی خیلی خوبی هم داره و پوست رو نرم لطیف میکنه,0,true,2024-12-16T16:50:09.4296879+00:00,منفی,0.67,رضایت کلی | بو و رایحه,بو و رایحه,بو و رایحه,true,پایین,false,
کرم ضد آفتاب اس پی اف 95 بدون رنگ,https://www.khanoumi.com/products/doctor-jila-cream-sunscreen-spf-95-22061,ضدآفتاب,خیلی کرم خوبیه.ممنون از خانومی..بموقع با بسته بندی خوشگل بدستم رسید,0,true,2024-11-09T14:14:25.3382314+00:00,مثبت,0.67,بسته‌بندی | رضایت کلی,بسته‌بندی,,false,ندارد,false,
کرم ضد آفتاب اس پی اف 95 بدون رنگ,https://www.khanoumi.com/products/doctor-jila-cream-sunscreen-spf-95-22061,ضدآفتاب,بهترین ضدآفتاب بی رنگی که استفاده کردم همینه، همیشه توی سبد خریدم هست,0,true,2024-11-08T14:08:47.5503274+00:00,مثبت,0.67,تجربه محصول | سایت و اپلیکیشن | رنگ و شید | رضایت کلی,سایت و اپلیکیشن,,false,ندارد,false,
کرم ضد آفتاب اس پی اف 95 بدون رنگ,https://www.khanoumi.com/products/doctor-jila-cream-sunscreen-spf-95-22061,ضدآفتاب,کرم خوبیه رد سفیدی رو صورت میذاره که من باهاش مشکل ندارم یه کم جذب بشه بهتر میشه، پوست من جوش زاست نه جوش زدم نه برق میندازه نه پیل میشه,0,true,2024-10-03T10:52:27.3059698+00:00,خنثی,0.35,حساسیت و واکنش پوست/مو,حساسیت و واکنش پوست/مو,,false,ندارد,false,
کرم ضد آفتاب اس پی اف 95 بدون رنگ,https://www.khanoumi.com/products/doctor-jila-cream-sunscreen-spf-95-22061,ضدآفتاب,بسیار محصول خوب و با کیفیتیه، هم زود جذب هم خوشبو,0,true,2024-09-15T10:21:28+00:00,مثبت,0.67,کیفیت محصول | بو و رایحه | تجربه محصول,کیفیت محصول,,false,ندارد,false,
کرم ضد آفتاب اس پی اف 95 بدون رنگ,https://www.khanoumi.com/products/doctor-jila-cream-sunscreen-spf-95-22061,ضدآفتاب,براکسانی که بعدازضدافتاب برق میفته صورتشون مناسبه چشم رواصلانمیسوزونه ،اگر میخاین پوستتون بعدش یه کاوردیگه هم بشه ضدافتاب رنگی مکیسان ازیرند سان سیف بزنیدروش عالی میشه,0,true,2024-08-16T14:27:17+00:00,مثبت,0.67,سؤال و ابهام | رنگ و شید | رضایت کلی,رنگ و شید,,false,ندارد,false,
کرم ضد آفتاب اس پی اف 95 بدون رنگ,https://www.khanoumi.com/products/doctor-jila-cream-sunscreen-spf-95-22061,ضدآفتاب,عالیه و از همه مهمتر عرق نمی کنی باهاش سبکه و شره نمیکنه فوق العاده س شک نکن در خریدش,0,true,2024-06-16T15:12:45+00:00,مثبت,0.67,رضایت کلی,رضایت کلی,,false,ندارد,false,
کرم ضد آفتاب اس پی اف 95 بدون رنگ,https://www.khanoumi.com/products/doctor-jila-cream-sunscreen-spf-95-22061,ضدآفتاب,من خیلی این کرم رو دوست دارم، سبکه، باعث نمیشه بلافاصله بعد از زدن صورتت عرق کنه. سریع هم جذب میشه، اصلا هم رنگ صورتت عین گچ سفید نمیشه.  اگه میخواین هم صد آفتاب دروی پوستتون باشه هم یه رنگی به پوستتون بده همین کرم رو با ورژن رنگیش مخلوط کنید. خیلی قشنگ میشه و بازم سبکه,2,true,2022-09-16T18:11:26+00:00,منفی,0.67,رنگ و شید | تجربه محصول,رنگ و شید,رنگ و شید,true,پایین,false,
ضد آفتاب اس پی اف 30 فاقد چربی رنگی,https://www.khanoumi.com/products/doctor-jila-oil-free-sunscreen-light-beige-cream-spf-30-22063,ضدآفتاب,عالی بود ممنون از خانومی,0,true,2026-06-01T13:46:42.2298565+03:30,مثبت,0.91,رضایت کلی,رضایت کلی,,false,ندارد,false,
ضد آفتاب اس پی اف 30 فاقد چربی رنگی,https://www.khanoumi.com/products/doctor-jila-oil-free-sunscreen-light-beige-cream-spf-30-22063,ضدآفتاب,بدک نیست کار راه اندازه ولی من فکر کردم چربیش کمه ولی متاسفانه زیاد بود، رنگش هم پوشش اصلا نمیده و خیلی خیلی طبیعیه، دفه دیگه از این نمیخرم دکترژیلا با  اس پی اف 63 بهتر بود اونو دوباره میخرم و اینکه کلا دکتر ژیلا نمیدونم چرا انقدر جدیدا آبکی و شل شده قبلا سفت تر و باحالتر و کمچربتر بود حتی برای پوستهای معمولیش هم چرب نبود زیاد .,0,true,2025-09-21T01:01:23.0653895+03:30,منفی,0.67,بافت محصول | خرید مجدد | ترکیبات | اثربخشی | نارضایتی کلی,بافت محصول,بافت محصول | ترکیبات | اثربخشی | نارضایتی کلی,true,متوسط,false,
کرم ضد آفتاب اس پی اف 63 رنگی,https://www.khanoumi.com/products/doctor-jila-sun-screen-spf-63-22064,ضدآفتاب,نوع پوست من مختلط و سفیدرنگ هست. ضدافتاب سبکی است و روی پوست خوب میشینه.,0,true,2025-03-03T17:47:06.9376869+00:00,مثبت,0.67,تجربه محصول,تجربه محصول,,false,ندارد,false,
کرم ضد آفتاب اس پی اف 63 رنگی,https://www.khanoumi.com/products/doctor-jila-sun-screen-spf-63-22064,ضدآفتاب,من خیلی راضی هستم و چند ساله که دارم استفاده میکنم,0,true,2024-08-14T20:35:00+00:00,مثبت,0.67,تجربه محصول,تجربه محصول,,false,ندارد,false,
کرم ترک لب مدل SPF20 بنفش ,https://www.khanoumi.com/products/doctor-jila-lip-balm-22059,رژ لب,واقعا عالی بود,0,true,2024-11-28T11:11:06.8372883+00:00,مثبت,0.79,رضایت کلی,رضایت کلی,,false,ندارد,false,
کرم ترک لب مدل SPF20 بنفش ,https://www.khanoumi.com/products/doctor-jila-lip-balm-22059,رژ لب,بوی خیلی خوبی داره و به شدت لب هارو نرم میکنه,0,true,2024-11-02T11:59:18.8537324+00:00,مثبت,0.67,بو و رایحه | رضایت کلی,بو و رایحه,,false,ندارد,false,
کرم ترک لب مدل SPF20 بنفش ,https://www.khanoumi.com/products/doctor-jila-lip-balm-22059,رژ لب,موجودش کنید لطفاً,0,true,2024-10-17T10:38:47.0695473+00:00,خنثی,0.35,موجودی کالا,موجودی کالا,,false,ندارد,false,
کرم ترک لب مدل SPF20 بنفش ,https://www.khanoumi.com/products/doctor-jila-lip-balm-22059,رژ لب,خوبه ،بوی خوبی داره اما سریع میپره در لحظه حس میشه,0,true,2024-09-12T16:38:25+00:00,مثبت,0.67,بو و رایحه,بو و رایحه,,false,ندارد,false,
کرم ترک لب مدل SPF20 بنفش ,https://www.khanoumi.com/products/doctor-jila-lip-balm-22059,رژ لب,بوش خیلی خوبه، نرم کنندگی متوسط رو به بالایی داره، استفاده ازش هم راحت، یخورده هم طعم پلاستیک میده ولی خب در کل خوبه ,0,true,2024-06-25T17:24:19+00:00,مثبت,0.91,رضایت کلی | بو و رایحه,بو و رایحه,,false,ندارد,false,
کرم ترک لب مدل SPF20 بنفش ,https://www.khanoumi.com/products/doctor-jila-lip-balm-22059,رژ لب,خیلی خوش بو هست و استفاده ازش خیلی راحته.پیشنهاد میشه.,0,true,2024-06-10T00:45:37+00:00,خنثی,0.35,بو و رایحه,بو و رایحه,,false,ندارد,false,
کرم ترک لب مدل SPF20 بنفش ,https://www.khanoumi.com/products/doctor-jila-lip-balm-22059,رژ لب,بوی خیلی خوبی داره و من از نرم کنندگیش هم راضی هستم.,0,true,2024-06-10T00:43:30+00:00,مثبت,0.79,بو و رایحه | رضایت کلی,بو و رایحه,,false,ندارد,false,
کرم ترک لب مدل SPF20 بنفش ,https://www.khanoumi.com/products/doctor-jila-lip-balm-22059,رژ لب,عالیه من خارجی هم دارم هیچکدوم مثل این لبمو نرم نکرد,0,true,2024-06-03T21:35:11+00:00,مثبت,0.79,رضایت کلی,رضایت کلی,,false,ندارد,false,
کرم ترک لب مدل SPF20 بنفش ,https://www.khanoumi.com/products/doctor-jila-lip-balm-22059,رژ لب,"لب های من به شدت خشک هستن و واقعا کرم مرطوب کننده خوبی هستش. به نظر من بوی خوبی هم داره و روی لب اصلا احساس سنگینی نمیکنی
توصیه میکنم",0,true,2024-05-28T13:33:54+00:00,منفی,0.67,پیشنهاد به دیگران | بو و رایحه,بو و رایحه,بو و رایحه,true,پایین,false,
کرم ترک لب مدل SPF20 بنفش ,https://www.khanoumi.com/products/doctor-jila-lip-balm-22059,رژ لب,من به عنوان برق لب استفاده میکنم بوی خوبی داره،لوچ نمیشه روی لب زود جذب میشه و لب رو پوسته پوسته نمیکنه ماندگاری خوبی هم نسبتا داره,0,true,2024-05-21T12:44:03+00:00,خنثی,0.35,ماندگاری | تجربه محصول | بو و رایحه,بو و رایحه,,false,ندارد,false,
کرم ترک لب مدل SPF20 بنفش ,https://www.khanoumi.com/products/doctor-jila-lip-balm-22059,رژ لب,"بوی خیلی خوبی دارە فقط یکم زیادی چربه

",0,true,2024-05-18T10:29:36+00:00,مثبت,0.67,بو و رایحه | رضایت کلی,بو و رایحه,,false,ندارد,false,
کرم ترک لب مدل SPF20 بنفش ,https://www.khanoumi.com/products/doctor-jila-lip-balm-22059,رژ لب,عالی نبود ولی خوب بود بیشتر به خاطر بوش که واقعا فوق العادس راضیم,0,true,2024-05-04T19:41:01+00:00,منفی,0.67,رضایت کلی | بو و رایحه,بو و رایحه,بو و رایحه,true,پایین,false,
کرم ترک لب مدل SPF20 بنفش ,https://www.khanoumi.com/products/doctor-jila-lip-balm-22059,رژ لب,برای ترک لب خوبه ,0,true,2024-04-26T19:27:26+00:00,مثبت,0.67,رضایت کلی,رضایت کلی,,false,ندارد,false,
کرم ترک لب مدل SPF20 بنفش ,https://www.khanoumi.com/products/doctor-jila-lip-balm-22059,رژ لب,"خیلی خوش بوعه و قیمتشم تو تخفیف واقعا مناسبه 
و لب رو آبرسانی میکنه 
درکل راضی بودم محصول خوبیه",0,true,2024-04-17T15:32:11+00:00,مثبت,0.67,تخفیف | سؤال و ابهام | تجربه محصول,تخفیف,,false,ندارد,false,
کرم ترک لب مدل SPF20 بنفش ,https://www.khanoumi.com/products/doctor-jila-lip-balm-22059,رژ لب,ی بالم لب معمولی هستش روی ترکهای عمیق کارآیی نداره,0,true,2024-04-16T11:21:05+00:00,خنثی,0.35,نارضایتی کلی,نارضایتی کلی,,false,ندارد,false,
کرم ترک لب مدل SPF20 بنفش ,https://www.khanoumi.com/products/doctor-jila-lip-balm-22059,رژ لب,لبمو خشک کرد ولی خب با این قیمت توقعی نمیشه داشت,0,true,2024-04-13T09:10:42+00:00,خنثی,0.35,قیمت,قیمت,,false,ندارد,false,
کرم ترک لب مدل SPF20 بنفش ,https://www.khanoumi.com/products/doctor-jila-lip-balm-22059,رژ لب,آنچنان از این بالم لب راضی نبودم ولی با توجه به قیمتش نمیتونم انتظار بیشتری داشته باشم. بوی خوبی داره ، تقریبا زود جذبه ولی یکم سنگینه روی لب. تاثیر فوق العاده زیادی هم نداره ، من هر شب استفاده میکنم و برای جلوگیری از خشک شدن لب خوبه.,0,true,2024-04-09T01:20:07+00:00,مثبت,0.67,اثربخشی | تجربه محصول | بو و رایحه | رضایت کلی,بو و رایحه,,false,ندارد,false,
کرم ترک لب مدل SPF20 بنفش ,https://www.khanoumi.com/products/doctor-jila-lip-balm-22059,رژ لب,زیاد جالب نبود ,0,true,2024-04-08T22:56:40+00:00,خنثی,0.35,تجربه محصول,تجربه محصول,,false,ندارد,false,
کرم ترک لب مدل SPF20 بنفش ,https://www.khanoumi.com/products/doctor-jila-lip-balm-22059,رژ لب,"امروز ب دستم رسید
بنظر چیز خوبیه",0,true,2024-03-28T14:10:19+00:00,خنثی,0.35,رضایت کلی,رضایت کلی,,false,ندارد,false,
کرم ترک لب مدل SPF20 بنفش ,https://www.khanoumi.com/products/doctor-jila-lip-balm-22059,رژ لب,بوش عالیه حس سنگینی رو لب ها نداره,0,true,2024-03-22T12:56:40+00:00,مثبت,0.79,رضایت کلی | بو و رایحه,بو و رایحه,,false,ندارد,false,
کرم ترک لب مدل SPF20 بنفش ,https://www.khanoumi.com/products/doctor-jila-lip-balm-22059,رژ لب,بوی شیرینی داره،موقع استفاده لبارو خوب نرم میکنه ولی یه ساعت بعد یا باید تمدید کنید یا لباتون خشک میشه،پس توصیه نمیکنم,0,true,2024-03-07T13:53:39+00:00,مثبت,0.67,بو و رایحه,بو و رایحه,,false,ندارد,false,
کرم ترک لب مدل SPF20 بنفش ,https://www.khanoumi.com/products/doctor-jila-lip-balm-22059,رژ لب,بوی خوبی داره.روی لب اصلا سنگین نیست و خوب هم لب رو نرم میکنه,0,true,2024-03-03T17:10:52+00:00,منفی,0.67,بو و رایحه,بو و رایحه,بو و رایحه,true,پایین,false,
کرم ترک لب مدل SPF20 بنفش ,https://www.khanoumi.com/products/doctor-jila-lip-balm-22059,رژ لب,خیلی عالی و خوش بوئه دلت میخواد بخوریش,0,true,2024-02-27T17:06:58+00:00,مثبت,0.67,رضایت کلی,رضایت کلی,,false,ندارد,false,
کرم ترک لب مدل SPF20 بنفش ,https://www.khanoumi.com/products/doctor-jila-lip-balm-22059,رژ لب,عالیه,0,true,2024-02-20T22:28:06+00:00,مثبت,0.79,رضایت کلی,رضایت کلی,,false,ندارد,false,
کرم ترک لب مدل SPF20 بنفش ,https://www.khanoumi.com/products/doctor-jila-lip-balm-22059,رژ لب,خیلی خوبه پیشنهاد میکنم ,0,true,2024-02-19T13:33:58+00:00,مثبت,0.91,پیشنهاد به دیگران | رضایت کلی,پیشنهاد به دیگران,,false,ندارد,false,
کرم ترک لب مدل SPF20 بنفش ,https://www.khanoumi.com/products/doctor-jila-lip-balm-22059,رژ لب,بافتش سنگینه و خیلی روی لب احساس سنگینی میکنید اما تاثیرش فوق العاده س ,0,true,2024-02-15T12:39:23+00:00,مثبت,0.67,اثربخشی | بافت محصول | رضایت کلی,بافت محصول,,false,ندارد,false,
کرم ترک لب مدل SPF20 بنفش ,https://www.khanoumi.com/products/doctor-jila-lip-balm-22059,رژ لب,خوب لبو نرم میکنه، من راضیم,0,true,2024-02-14T19:04:14+00:00,مثبت,0.91,رضایت کلی,رضایت کلی,,false,ندارد,false,
کرم ترک لب مدل SPF20 بنفش ,https://www.khanoumi.com/products/doctor-jila-lip-balm-22059,رژ لب,"این کرم برای ترک لب عالیه 
بافت چربی داره که من چون لب ها خشکی دارم کاملا راضی ام
لب ها را نرم میکند و ترک را از بین میبرد 
",0,true,2024-02-11T09:54:33+00:00,مثبت,0.95,رضایت کلی | بافت محصول,بافت محصول,,false,ندارد,false,
کرم ترک لب مدل SPF20 بنفش ,https://www.khanoumi.com/products/doctor-jila-lip-balm-22059,رژ لب,من راضیم. لبهام همیشه ترک میخوره و پوسته پوسته میشه. ولی با این خیلی نرم میشه,0,true,2024-02-04T12:12:47+00:00,مثبت,0.79,رضایت کلی,رضایت کلی,,false,ندارد,false,
کرم ترک لب مدل SPF20 بنفش ,https://www.khanoumi.com/products/doctor-jila-lip-balm-22059,رژ لب,من اصلا راضی نبودم بافت خیلیییی چربی داره. نقاط مثبتش بخوام بگم زود جذبه طوری که بعد ده دقیقه حس میکنی هیچی نزدی رو لبت، بوی توت فرنگی میده و عاشق بوشم دلم میخواد بخورمش. کاراییش درحد قیمتشه و فکر میکنم نقطه مثبتش اس پی اف دار بودنشه,0,true,2024-02-02T17:04:36+00:00,منفی,0.67,بافت محصول | ترکیبات | بو و رایحه | اثربخشی,بافت محصول,بافت محصول | ترکیبات | بو و رایحه | اثربخشی,true,متوسط,false,
کرم ترک لب مدل SPF20 بنفش ,https://www.khanoumi.com/products/doctor-jila-lip-balm-22059,رژ لب,من بالم لب های زیادی رو تست کردم ولی واقعا این بالم یک روزه برای من جواب داد و همه ترک های لبم رو برد ، خوبیش اینکه زود جذب نمیشه و موندگاره رو لب  ولی براق نمیکنه لب رو ,0,true,2024-01-31T23:12:54+00:00,مثبت,0.67,اثربخشی | تجربه محصول,اثربخشی,,false,ندارد,false,
کرم ترک لب مدل SPF20 بنفش ,https://www.khanoumi.com/products/doctor-jila-lip-balm-22059,رژ لب,"بوی خیلی خوبی داره بافتش روی لب میمونه زود پاک نمیشه 
هر موقع من میخرم بعدش کلی تخفیف میزارن ",0,true,2024-01-14T13:29:00+00:00,مثبت,0.67,تخفیف | بافت محصول | ماندگاری | بو و رایحه | رضایت کلی,تخفیف,,false,ندارد,false,
کرم ترک لب مدل SPF20 بنفش ,https://www.khanoumi.com/products/doctor-jila-lip-balm-22059,رژ لب,عاشق بووووشم,0,true,2024-01-11T16:05:22+00:00,خنثی,0.35,رضایت کلی,رضایت کلی,,false,ندارد,false,
کرم ترک لب مدل SPF20 بنفش ,https://www.khanoumi.com/products/doctor-jila-lip-balm-22059,رژ لب,همیشه همین مارک رو می خرم و خیلی راضیم,0,true,2023-12-31T14:35:29+00:00,مثبت,0.79,رضایت کلی,رضایت کلی,,false,ندارد,false,
کرم ترک لب مدل SPF20 بنفش ,https://www.khanoumi.com/products/doctor-jila-lip-balm-22059,رژ لب,بی نظیره,0,true,2023-12-29T23:15:21+00:00,خنثی,0.35,سایر,سایر,,false,ندارد,false,
کرم ترک لب مدل SPF20 بنفش ,https://www.khanoumi.com/products/doctor-jila-lip-balm-22059,رژ لب,"بوی خیلی خوبی داره و لب هامو بسیار نرم میکنه و به نسبت قیمتش واقعااا می ارزه
بی رنگه و میشه به عنوان برق لب هم استفاده کرد",0,true,2023-12-26T18:19:07+00:00,مثبت,0.67,بو و رایحه | رضایت کلی,بو و رایحه,,false,ندارد,false,
کرم ترک لب مدل SPF20 بنفش ,https://www.khanoumi.com/products/doctor-jila-lip-balm-22059,رژ لب,یه بوی خیلی خاص و خوبی داره که کل کیف ارایشم بوشو گرفته. بر پایه وازلین هست,0,true,2023-12-20T10:21:09+00:00,خنثی,0.35,بو و رایحه,بو و رایحه,,false,ندارد,false,
کرم ترک لب مدل SPF20 بنفش ,https://www.khanoumi.com/products/doctor-jila-lip-balm-22059,رژ لب,بوی خوبی داره اما نسبت به ویتامینه لب هیدرودرم خیلی ضعیف تره...درکل بنظرم فقط میشه ازش بعنوان برق لب استفاده کرد,0,true,2023-12-10T01:08:34+00:00,منفی,0.67,بو و رایحه | نارضایتی کلی,بو و رایحه,بو و رایحه | نارضایتی کلی,true,متوسط,false,
کرم ترک لب مدل SPF20 بنفش ,https://www.khanoumi.com/products/doctor-jila-lip-balm-22059,رژ لب,کار خاصی انجام نمیده,0,true,2023-11-04T20:31:15+00:00,خنثی,0.35,تجربه محصول,تجربه محصول,,false,ندارد,false,
کرم ترک لب مدل SPF20 بنفش ,https://www.khanoumi.com/products/doctor-jila-lip-balm-22059,رژ لب,بوش خیلی خوبه استفاده ازش راحته ولی خیلی نرم نمیکنه واسه کسایی ک جای سرد زندگی میکنن یا پوست لبشون خیلی حساسه ضعیفه و خیلی کار خاصی نمیتونه بکنه,1,true,2023-10-20T20:14:43+00:00,ترکیبی,0.79,رضایت کلی | بو و رایحه,بو و رایحه,بو و رایحه,true,پایین,false,
کرم ترک لب مدل SPF20 بنفش ,https://www.khanoumi.com/products/doctor-jila-lip-balm-22059,رژ لب,عالی عالی,1,true,2023-10-03T10:25:49+00:00,مثبت,0.79,رضایت کلی,رضایت کلی,,false,ندارد,false,
کرم ترک لب مدل SPF20 بنفش ,https://www.khanoumi.com/products/doctor-jila-lip-balm-22059,رژ لب,سلام بالم لب خیلی خوب با کیفیت عالی دره ,0,true,2023-08-14T19:16:55+00:00,مثبت,0.95,کیفیت محصول | رضایت کلی,کیفیت محصول,,false,ندارد,false,
کرم ترک لب مدل SPF20 بنفش ,https://www.khanoumi.com/products/doctor-jila-lip-balm-22059,رژ لب,بوش خیلی خوبه,0,true,2023-08-07T01:54:36+00:00,مثبت,0.79,رضایت کلی | بو و رایحه,بو و رایحه,,false,ندارد,false,
کرم ترک لب مدل SPF20 بنفش ,https://www.khanoumi.com/products/doctor-jila-lip-balm-22059,رژ لب,خیلی چررررربه,1,true,2023-07-12T20:41:13+00:00,خنثی,0.35,سایر,سایر,,false,ندارد,false,
کرم ترک لب مدل SPF20 بنفش ,https://www.khanoumi.com/products/doctor-jila-lip-balm-22059,رژ لب,نسبت به قیمتش جز بهترین بالم لب هاست. نرم میکنه سنگینی نمیکنه هیچ رنگیم به لب نمیده ,1,true,2023-07-11T14:27:15+00:00,مثبت,0.67,رضایت کلی,رضایت کلی,,false,ندارد,false,
کرم ترک لب مدل SPF20 بنفش ,https://www.khanoumi.com/products/doctor-jila-lip-balm-22059,رژ لب,به خاطر صورتی بودنش خریدم اما واقعا باکیفیته.خیلی لب رو نرم میکنه و احساس سنگینی هم بعد استفاده ش نداشتم,2,true,2023-07-03T12:12:19+00:00,خنثی,0.35,کیفیت محصول | تجربه محصول,کیفیت محصول,,false,ندارد,false,
کرم ترک لب مدل SPF20 بنفش ,https://www.khanoumi.com/products/doctor-jila-lip-balm-22059,رژ لب,در کمتر یک هفته خشکی پوست لب رو برطرف کرد . البته نیازه در روزهای بعد برطرف شدن مصرف کرد چون جوری میشه که یادتون میره لباتون خشک بوده,0,true,2023-06-08T11:44:19+00:00,خنثی,0.35,حساسیت و واکنش پوست/مو,حساسیت و واکنش پوست/مو,,false,ندارد,false,
کرم ترک لب مدل SPF20 بنفش ,https://www.khanoumi.com/products/doctor-jila-lip-balm-22059,رژ لب,"لب رو نرم میکنه و پوسته ها رو از بین میبره اما خیلی سریع جذب میشه و تقریبا هر 2 ساعت یکبار باید 
شارژ شه تا تاثیر داشته باشه البته لبهای من بشدت حساس هستن و خیلی ترک ترک میشن ولی در کل خوبه... اثر بخشی داره",2,true,2023-05-31T18:02:09+00:00,مثبت,0.67,اثربخشی | موجودی کالا,موجودی کالا,,false,ندارد,false,
کرم ترک لب مدل SPF20 بنفش ,https://www.khanoumi.com/products/doctor-jila-lip-balm-22059,رژ لب,کارایی خاصی روی درمان ترک لب نداره و مداوم باید در طول روز استفاده بشه و حالت چرب داره. بیشتر به درد برق لب میخوره ,2,true,2023-04-19T11:47:33+00:00,خنثی,0.35,اثربخشی,اثربخشی,,false,ندارد,false,
کرم ترک لب مدل SPF20 بنفش ,https://www.khanoumi.com/products/doctor-jila-lip-balm-22059,رژ لب,"بهترین بالم لب از لحاظ بسته بندی و چربی و راحتی استفاده.
عالیه حیف که خیلی کوچیکه.",2,true,2023-03-25T18:33:36+00:00,مثبت,0.91,بسته‌بندی | رضایت کلی,بسته‌بندی,,false,ندارد,false,
کرم ترک لب مدل SPF20 بنفش ,https://www.khanoumi.com/products/doctor-jila-lip-balm-22059,رژ لب,"وای خیلییییی چرب و بده 
انگار روغن خوردین ",2,true,2023-03-14T00:57:46+00:00,منفی,0.67,نارضایتی کلی,نارضایتی کلی,نارضایتی کلی,true,متوسط,false,
کرم ترک لب مدل SPF20 بنفش ,https://www.khanoumi.com/products/doctor-jila-lip-balm-22059,رژ لب,خیلی خوب بود . من لب هام خیلی پوسته پوسته میشن و این محصول خیلی عالی بهم کمک کرد تا لب هام دیگه خشک نشن . حجمش هم به نظرم خوبه حدود 1-2 ماهی هر روز 4 بار استفاده کردم عالی بود . حتما تهیه کنید . هیچ اسانسی هم نداره و همین طور رنگ . اصلا معلوم نمیشه روی لب . لب ها رو براق هم میکنه . بهتر از بالم های جامد عمل میکنه . ,24,true,2022-06-21T11:55:24+00:00,مثبت,0.95,تجربه محصول | رضایت کلی | رنگ و شید,رنگ و شید,,false,ندارد,false,
کرم ترک لب مدل SPF20 بنفش ,https://www.khanoumi.com/products/doctor-jila-lip-balm-22059,رژ لب,عالیه واقعا از خریدش پشیمون نمیشید,0,true,2022-06-17T09:54:43+00:00,مثبت,0.91,رضایت کلی | نارضایتی کلی,نارضایتی کلی,,false,ندارد,false,
کرم ترک لب مدل SPF20 بنفش ,https://www.khanoumi.com/products/doctor-jila-lip-balm-22059,رژ لب,خیلی خوبه  شب یک مقدار کم میزنم صبح خشکی های لبم نرم شده👌🏻👌🏻👌🏻,3,true,2022-04-24T14:36:41+00:00,مثبت,0.79,رضایت کلی,رضایت کلی,,false,ندارد,false,
کرم ترک لب مدل SPF20 بنفش ,https://www.khanoumi.com/products/doctor-jila-lip-balm-22059,رژ لب,من این بالم لب رو از خانومی گرفتم واقعا ازش ناراضیم اصلا تاثیر نداره، روزی دو سه بار میزنم باز اخر شب لبم ترک خورده و خشکه ://,3,true,2022-04-07T17:49:29+00:00,ترکیبی,0.82,اثربخشی | نارضایتی کلی | رضایت کلی | تجربه محصول,اثربخشی,اثربخشی | نارضایتی کلی,true,متوسط,false,
کرم ترک لب مدل SPF20 بنفش ,https://www.khanoumi.com/products/doctor-jila-lip-balm-22059,رژ لب,"بدترین بالم لبی بود که داشتم.خیلی لب رو پوسته پوسته میکنه
",6,true,2022-04-02T04:24:14+00:00,منفی,0.67,نارضایتی کلی,نارضایتی کلی,نارضایتی کلی,true,متوسط,false,
کرم ترک لب مدل SPF20 بنفش ,https://www.khanoumi.com/products/doctor-jila-lip-balm-22059,رژ لب,حدود ۴ ماهه ازش استفاده میکنم .اصلا خوب نبود متاسفانه و تاثیری نداره . انگار وازلینه,8,true,2022-03-16T12:29:09+00:00,منفی,0.79,اثربخشی | نارضایتی کلی | تجربه محصول,اثربخشی,اثربخشی | نارضایتی کلی,true,متوسط,false,
کرم ترک لب مدل SPF20 بنفش ,https://www.khanoumi.com/products/doctor-jila-lip-balm-22059,رژ لب,"بهترین بالم لبههه..خیلی شبکه.  پوست لب مو نرم نرم کرده. حتی اون حالت کبودی لبامو از بین برده. اصلا لبم خشک و پوسته نمیشه. بوش که فوق العادست🥰😍
چربیش هم به اندازست.",8,true,2022-02-18T01:03:10+00:00,مثبت,0.67,رضایت کلی | بو و رایحه,بو و رایحه,,false,ندارد,false,
کرم ترک لب مدل SPF20 بنفش ,https://www.khanoumi.com/products/doctor-jila-lip-balm-22059,رژ لب,خیلی عالیه من از بچگی همیشه لبم خشک بود و بالم لب های زیادی داشتم اما این از همه بهتر بود حتی از محصولات خارجی هم با کیفت تر عالیه,22,true,2021-06-22T13:51:49+00:00,مثبت,0.95,رضایت کلی | تجربه محصول,تجربه محصول,,false,ندارد,false,
کرم ترک لب مدل SPF20 بنفش ,https://www.khanoumi.com/products/doctor-jila-lip-balm-22059,رژ لب,واقعا که عالی بود، خیلی بوی خوبی داره همچنین تاثیر مثبت,6,true,2021-01-03T19:39:05+00:00,مثبت,0.79,اثربخشی | رضایت کلی | بو و رایحه,بو و رایحه,,false,ندارد,false,
کرم ترک لب مدل SPF20 بنفش ,https://www.khanoumi.com/products/doctor-jila-lip-balm-22059,رژ لب,واقعا تاثیر مثبتی داشت، عالی بود، سرش هم خیلی خوب مثل رژ درست شده، مرسی از محصول خوبتون,5,true,2021-01-03T19:37:21+00:00,مثبت,0.95,رضایت کلی | اثربخشی | تجربه محصول,اثربخشی,,false,ندارد,false,
کرم ترک لب مدل SPF20 بنفش ,https://www.khanoumi.com/products/doctor-jila-lip-balm-22059,رژ لب,خیلی خوب لب رو نرم میکنه و بوی خوبی داره,21,true,2020-09-10T15:21:29+00:00,مثبت,0.79,بو و رایحه | رضایت کلی,بو و رایحه,,false,ندارد,false,
کرم ترک لب مدل SPF20 بنفش ,https://www.khanoumi.com/products/doctor-jila-lip-balm-22059,رژ لب,واقعا عالیه، لب رو نرم و مرطوب میکنه ،ولی همونطور که روش نوشته باید هر دو ساعت تمدید بشه تا کارایی داشته باشه,7,true,2020-08-28T15:23:01+00:00,مثبت,0.79,رضایت کلی | اثربخشی,اثربخشی,,false,ندارد,false,
کرم ترک لب مدل SPF20 بنفش ,https://www.khanoumi.com/products/doctor-jila-lip-balm-22059,رژ لب,من چهار ماهه که دارم از این بالم لب استفاده میکنم و ازش راضی ام چربی اش به اندازه اس و روی لب احساس سنگینی نداره و زود جذب میشه لب رو نرم میکنه و به لب هم رنگی نمیده. یه چیز دیگه ای که درموردش دوست داشتم بسته بندیش بود استفاده ازش راحته مثل بقیه بالم لبا شل نمیشه یا بشکنه.,21,true,2020-05-19T15:24:34+00:00,مثبت,0.91,بسته‌بندی | رضایت کلی | تجربه محصول | رنگ و شید,رنگ و شید,,false,ندارد,false,
کرم ترک لب مدل SPF20 بنفش ,https://www.khanoumi.com/products/doctor-jila-lip-balm-22059,رژ لب,خیلی محصول خوبیه قشنگ پوسته های لب رو از بین میبره و نرم میکنه خیلی هم خوشبوئه ,4,true,2020-04-13T13:00:28+00:00,خنثی,0.35,بو و رایحه | تجربه محصول,بو و رایحه,,false,ندارد,false,
کرم ترک لب مدل SPF20 بنفش ,https://www.khanoumi.com/products/doctor-jila-lip-balm-22059,رژ لب,خشکیه لب رو زود از بین میبره بوش خیلی زیاد نیست و چربی و رطوبتی که به لب میده زود جذب میشه و اذیت کننده نیست هیچ رنگی نداره و اینکهspf20داره خیلی خوبه,9,true,2019-11-14T02:29:21+00:00,مثبت,0.79,رضایت کلی | بو و رایحه | رنگ و شید,رنگ و شید,,false,ندارد,false,
کرم ترک لب مدل SPF20 بنفش ,https://www.khanoumi.com/products/doctor-jila-lip-balm-22059,رژ لب,قبلا بالم لب دکتر ژیلا رو داشتم البته خیلی خیلی سال پیش که خب خیلی خوب بود و همچنین پکیجینگش با این فرق داشت.تو خریدهامم قرار دادمش و ان شاءالله که رضایتم رو جلب میکنه,9,true,2019-06-07T15:47:26.6+00:00,مثبت,0.91,رضایت کلی,رضایت کلی,,false,ندارد,false,
کرم ترک لب مدل SPF20 بنفش ,https://www.khanoumi.com/products/doctor-jila-lip-balm-22059,رژ لب,پکیج ک کاملا با این تصویر تفاوت داره ولی از کیفیتش خیلی راضییی بودم فقط مشکلش سر اپلیکاتورش هست که ناصافه و تیز در کل. واقعا لبو ترمیم میکنه خیلی خوشم اومد,17,true,2019-05-18T23:51:12.2266667+00:00,مثبت,0.67,کیفیت محصول,کیفیت محصول,,false,ندارد,false,
ضد آفتاب اس پی اف 95 رنگی,https://www.khanoumi.com/products/doctor-jila-cream-sunscreen-spf-95-22065,ضدآفتاب,نزدیک به 15 ساله دارم از این برند استفاده می کنم خیلی راضیم.,0,true,2026-02-16T12:24:40.0962605+03:30,مثبت,0.79,رضایت کلی,رضایت کلی,,false,ندارد,false,
ضد آفتاب اس پی اف 95 رنگی,https://www.khanoumi.com/products/doctor-jila-cream-sunscreen-spf-95-22065,ضدآفتاب,منکه راضی بودم ، پوستم خشکه و این ضد آفتاب ی مقدار چربی داره به نظرم برای پوستای خشک مناسب تره و اینکه رنگش برای منکه پوستم سفیده تیره بود . روزای اول که میزدم چندتا جوش زدم اما بعدش اوکی شد در کل چیز خوبیه راضیم ازش پیشنهاد میدم بخرید,0,true,2026-01-24T23:29:22.6468862+03:30,مثبت,0.91,حساسیت و واکنش پوست/مو | رضایت کلی | ترکیبات,حساسیت و واکنش پوست/مو,,false,ندارد,false,
ضد آفتاب اس پی اف 95 رنگی,https://www.khanoumi.com/products/doctor-jila-cream-sunscreen-spf-95-22065,ضدآفتاب,محصولات ژیلا عالیه,0,true,2026-01-06T17:29:30.0661938+03:30,مثبت,0.79,رضایت کلی | تجربه محصول,تجربه محصول,,false,ندارد,false,
ضد آفتاب اس پی اف 95 رنگی,https://www.khanoumi.com/products/doctor-jila-cream-sunscreen-spf-95-22065,ضدآفتاب,راضی بودم,0,true,2025-10-01T09:55:00.8817247+03:30,مثبت,0.67,رضایت کلی,رضایت کلی,,false,ندارد,false,
ضد آفتاب اس پی اف 95 رنگی,https://www.khanoumi.com/products/doctor-jila-cream-sunscreen-spf-95-22065,ضدآفتاب,من خیلی راضی بودم,0,true,2025-07-13T08:57:06.7134124+00:00,مثبت,0.67,رضایت کلی,رضایت کلی,,false,ندارد,false,
ضد آفتاب اس پی اف 95 رنگی,https://www.khanoumi.com/products/doctor-jila-cream-sunscreen-spf-95-22065,ضدآفتاب,تخفیف بزارین چرا این ضدافتاب تخفیف نمی خوره,0,true,2025-02-16T06:30:44.960601+00:00,خنثی,0.35,تخفیف,تخفیف,,false,ندارد,false,
ضد آفتاب اس پی اف 95 رنگی,https://www.khanoumi.com/products/doctor-jila-cream-sunscreen-spf-95-22065,ضدآفتاب,لطفاً موجود کنین منظرم سفارش بدم ممنون از سایت خوب خانومی,0,true,2025-02-04T04:43:39.908903+00:00,مثبت,0.79,موجودی کالا | سایت و اپلیکیشن | رضایت کلی,موجودی کالا,,false,ندارد,false,
ضد آفتاب اس پی اف 95 رنگی,https://www.khanoumi.com/products/doctor-jila-cream-sunscreen-spf-95-22065,ضدآفتاب,لطفاً موجود کنیدددد,0,true,2024-05-06T14:52:10+00:00,خنثی,0.35,موجودی کالا,موجودی کالا,,false,ندارد,false,
ضد آفتاب اس پی اف 95 رنگی,https://www.khanoumi.com/products/doctor-jila-cream-sunscreen-spf-95-22065,ضدآفتاب,بستگی داره به پوستتون چی بخوره به پوست منکه میخوره و راضی هستم,0,true,2024-03-26T15:26:21+00:00,مثبت,0.67,رضایت کلی,رضایت کلی,,false,ندارد,false,
ضد آفتاب اس پی اف 95 رنگی,https://www.khanoumi.com/products/doctor-jila-cream-sunscreen-spf-95-22065,ضدآفتاب,من پوستم خشک و حساس هست .کرم خوبیه خیلی وقته از محصولات ژیلا استفاده می کنم قبلاً که پوستم چرب بود از کرم ضد آفتاب مخصوص پوست چرب استفاده می کردم .هر دو خوب بودن,0,true,2024-02-24T15:45:26+00:00,مثبت,0.79,حساسیت و واکنش پوست/مو | ترکیبات | تجربه محصول,حساسیت و واکنش پوست/مو,,false,ندارد,false,
کرم ویتامین ای,https://www.khanoumi.com/products/doctor-jila-vitamin-e-cream-for-normal-and-dry-skin-22066,مکمل و سلامت,خوب بود راضی بودم,0,true,2025-11-30T17:00:08.7024014+03:30,مثبت,0.91,رضایت کلی,رضایت کلی,,false,ندارد,false,
کرم ویتامین ای,https://www.khanoumi.com/products/doctor-jila-vitamin-e-cream-for-normal-and-dry-skin-22066,مکمل و سلامت,اصلا خوب نیست  من پوست دستم خیلی خشکه خریدم  اولا ک خیلی سعته بعدم ابرسانی نداره فقط چرب میکنه اونم اصلا بدرد نمیخوره   خلاصه ک پول حروم کردنه ترجیح میدم بجاش کرم شبشو بخرم,0,true,2025-11-15T16:34:38.0894872+03:30,منفی,0.67,تجربه محصول,تجربه محصول,,false,ندارد,false,
کرم ویتامین ای,https://www.khanoumi.com/products/doctor-jila-vitamin-e-cream-for-normal-and-dry-skin-22066,مکمل و سلامت,چند ساله ازش استفاده میکنم و راضی ام،تو بهار اگزما میگیرم بطوری که پوستم خشک و حالت پوست ریزه داره چند بار دکتر رفتم خوب نشدم، تا اینکه به پیشنهاد اقوام از این کرم استفاده کردم و شدم مشتری دائمش,0,true,2025-09-21T08:23:50.3633658+03:30,مثبت,0.67,تجربه محصول | حساسیت و واکنش پوست/مو | رضایت کلی,حساسیت و واکنش پوست/مو,,false,ندارد,false,
کرم ویتامین ای,https://www.khanoumi.com/products/doctor-jila-vitamin-e-cream-for-normal-and-dry-skin-22066,مکمل و سلامت,بهترینه پوست رو خیلی عالی ترمیم می‌کنه,0,true,2025-06-30T13:21:50.2515073+00:00,مثبت,0.79,رضایت کلی,رضایت کلی,,false,ندارد,false,
کرم ویتامین ای,https://www.khanoumi.com/products/doctor-jila-vitamin-e-cream-for-normal-and-dry-skin-22066,مکمل و سلامت,عالی,9,true,2022-06-16T02:49:21+00:00,مثبت,0.67,رضایت کلی,رضایت کلی,,false,ندارد,false,
کرم مولتی ویتامینه,https://www.khanoumi.com/products/doctor-jila-multi-vitamin-cream-for-normal-and-dry-skin-22067,مکمل و سلامت,برای بعد حمام که پوستم خشک میشه خوبه فقط خشکیو برطرف میکنه اثر دیگه نداره,0,true,2026-01-20T17:40:15.6344997+03:30,مثبت,0.67,حساسیت و واکنش پوست/مو,حساسیت و واکنش پوست/مو,,false,ندارد,false,
کرم مولتی ویتامینه,https://www.khanoumi.com/products/doctor-jila-multi-vitamin-cream-for-normal-and-dry-skin-22067,مکمل و سلامت,نرم کننده و مرطوب کننده خوبیه، سبکه، یه لایه خیلی خیلی کم از رطوبت روی صورت میمونه برای استفاده داخل خونه و بعد از حمام عالیه,0,true,2025-09-18T12:18:53.0534984+03:30,مثبت,0.79,رضایت کلی,رضایت کلی,,false,ندارد,false,
کرم مولتی ویتامینه,https://www.khanoumi.com/products/doctor-jila-multi-vitamin-cream-for-normal-and-dry-skin-22067,مکمل و سلامت,"سبک
چرب نیست
مرطوب کنندگی عالی
بوی عالی",0,true,2025-03-01T18:03:08.7442311+00:00,مثبت,0.79,رضایت کلی | بو و رایحه,بو و رایحه,,false,ندارد,false,
كرم مرطوب پوست چرب بدون رنگ,https://www.khanoumi.com/products/doctor-jila-moisturizing-cream-oil-free-22068,کرم و مرطوب‌کننده صورت,چرا این محصول رو موجود نمی کنید؟,0,true,2023-12-18T21:30:46+00:00,خنثی,0.35,تجربه محصول | موجودی کالا,موجودی کالا,,false,ندارد,false,
كرم مرطوب پوست چرب بدون رنگ,https://www.khanoumi.com/products/doctor-jila-moisturizing-cream-oil-free-22068,کرم و مرطوب‌کننده صورت,من پوستم خیلی چربع،این مرطوبکننده هم سبکه هم بوش خوبع هم اصلن حس چرببودن نمیده،خیلی خوبه,5,true,2022-10-18T14:03:29+00:00,منفی,0.79,رضایت کلی | بو و رایحه,بو و رایحه,بو و رایحه,true,پایین,false,
کرم ترک دست و پا,https://www.khanoumi.com/products/doctor-jila-anti-chap-cream-22069,کرم و مرطوب‌کننده صورت,عالی,0,true,2026-08-26T14:28:27.5347965+03:30,مثبت,0.67,رضایت کلی,رضایت کلی,,false,ندارد,false,
کرم ترک دست و پا,https://www.khanoumi.com/products/doctor-jila-anti-chap-cream-22069,کرم و مرطوب‌کننده صورت,برای خشکی و ترک کف پا واقعا جوابه,0,true,2026-08-26T11:36:29.2248684+03:30,خنثی,0.35,تجربه محصول,تجربه محصول,,false,ندارد,false,
کرم ترک دست و پا,https://www.khanoumi.com/products/doctor-jila-anti-chap-cream-22069,کرم و مرطوب‌کننده صورت,"تازه سفارش دادم 4بار کلا استفاده کردم 
بنظرم عالیه",0,true,2026-08-24T02:39:15.4004151+03:30,مثبت,0.79,تجربه محصول | رضایت کلی,تجربه محصول,,false,ندارد,false,
کرم ترک دست و پا,https://www.khanoumi.com/products/doctor-jila-anti-chap-cream-22069,کرم و مرطوب‌کننده صورت,برای پاشنه پایی که ترک داره فوق العادس.خیلیییییی بهتر از کرم جی هست و همون بار اول تفاوت رو حس میکنید,0,true,2026-08-10T11:23:00.6801417+03:30,خنثی,0.35,رضایت کلی,رضایت کلی,,false,ندارد,false,
کرم ترک دست و پا,https://www.khanoumi.com/products/doctor-jila-anti-chap-cream-22069,کرم و مرطوب‌کننده صورت,یه سه چهار روزیه دارم استفاده می‌کنم واقعا خوبه، زبری و خشکی شدید رو از بین برده، بوی ملایمی داره و اصلا آزار دهنده نیست,0,true,2026-08-08T22:39:00.6022974+03:30,مثبت,0.67,تجربه محصول | بو و رایحه,بو و رایحه,,false,ندارد,false,
کرم ترک دست و پا,https://www.khanoumi.com/products/doctor-jila-anti-chap-cream-22069,کرم و مرطوب‌کننده صورت,"من برای خشکی آرنج همسرم گرفتم و بعد از سه بار مصرف نتیجش رو دیدم و قطعا همراه همیشگی سفارشام میشه
خیلی بهتر از محصولات گرونه که الکی اسم در کردن و بی فایده هستن. صد در صد راضی ام.",0,true,2026-08-07T18:06:01.8767808+03:30,مثبت,0.79,قیمت | تجربه محصول | اثربخشی | رضایت کلی,قیمت,,false,ندارد,false,
کرم ترک دست و پا,https://www.khanoumi.com/products/doctor-jila-anti-chap-cream-22069,کرم و مرطوب‌کننده صورت,خیلی عالیه بعد از دو سه مرتبه استفاده پوست و نرم ولطیف میکنه,0,true,2026-08-02T12:26:55.284318+03:30,مثبت,0.79,رضایت کلی,رضایت کلی,,false,ندارد,false,
کرم ترک دست و پا,https://www.khanoumi.com/products/doctor-jila-anti-chap-cream-22069,کرم و مرطوب‌کننده صورت,خیلی خوبه برای خشکی و ترک دست واقعاً جواب میده بافتش هم خوبه و حس چربی آزاردهنده نمی‌ده من که خیلی راضیم,0,true,2026-07-31T19:34:17.3194999+03:30,مثبت,0.95,رضایت کلی | بافت محصول,بافت محصول,,false,ندارد,false,
کرم ترک دست و پا,https://www.khanoumi.com/products/doctor-jila-anti-chap-cream-22069,کرم و مرطوب‌کننده صورت,من از خانومی سفارش دادم و عالی بود واقعا شک نکنید برای خرید این محصول,0,true,2026-07-27T14:44:01.004553+03:30,مثبت,0.79,تجربه محصول | رضایت کلی,تجربه محصول,,false,ندارد,false,
کرم ترک دست و پا,https://www.khanoumi.com/products/doctor-jila-anti-chap-cream-22069,کرم و مرطوب‌کننده صورت,"وای بی نظیر بوووود
با یکی دوبار استفاده تماممم زبری پاشنه پام از بین رفت",0,true,2026-07-26T18:15:45.3297277+03:30,خنثی,0.35,تجربه محصول,تجربه محصول,,false,ندارد,false,
کرم ترک دست و پا,https://www.khanoumi.com/products/doctor-jila-anti-chap-cream-22069,کرم و مرطوب‌کننده صورت,خیلی عالی بود,0,true,2026-07-26T08:32:47.0407364+03:30,مثبت,0.79,رضایت کلی,رضایت کلی,,false,ندارد,false,
کرم ترک دست و پا,https://www.khanoumi.com/products/doctor-jila-anti-chap-cream-22069,کرم و مرطوب‌کننده صورت,عالی درجه یک,0,true,2026-07-18T22:24:47.946423+03:30,مثبت,0.67,کیفیت محصول | رضایت کلی,کیفیت محصول,,false,ندارد,false,
کرم ترک دست و پا,https://www.khanoumi.com/products/doctor-jila-anti-chap-cream-22069,کرم و مرطوب‌کننده صورت,کرم خوبیه. من مرتب هم ازش استفاده نکردم ولی برای ترک های نسبتا سطحی پا خوب بود. اگه مرتب و‌ هرشب استفاده بشه نتیجه کامل تری میده.,0,true,2026-07-03T13:30:26.968685+03:30,مثبت,0.79,اثربخشی,اثربخشی,,false,ندارد,false,
کرم ترک دست و پا,https://www.khanoumi.com/products/doctor-jila-anti-chap-cream-22069,کرم و مرطوب‌کننده صورت,عالی بود,0,true,2026-06-16T23:35:42.0376229+03:30,مثبت,0.79,رضایت کلی,رضایت کلی,,false,ندارد,false,
کرم ترک دست و پا,https://www.khanoumi.com/products/doctor-jila-anti-chap-cream-22069,کرم و مرطوب‌کننده صورت,"چند سال استفاده میکنم و چند تا چند تا میخریدم
به معنای واقعی عااالی بود. هم واسه دست هم پا
ولی جدیدا گرفتم کیفیتش نصف شده",0,true,2026-06-16T14:55:03.7876767+03:30,مثبت,0.79,تجربه محصول | کیفیت محصول | رضایت کلی,کیفیت محصول,,false,ندارد,false,
کرم ترک دست و پا,https://www.khanoumi.com/products/doctor-jila-anti-chap-cream-22069,کرم و مرطوب‌کننده صورت,"فوق العادست من خیلی برند کرم ترک‌پا استفاده کردم هیچ کدومشون مثل این اثر عمقی و طولانی نداشتن 
بعد یکی دو بار زدنش حس میکنی چقدر ترک‌پا بهتر شده",0,true,2026-06-12T15:27:09.8052351+03:30,خنثی,0.35,رضایت کلی | تجربه محصول,تجربه محصول,,false,ندارد,false,
کرم ترک دست و پا,https://www.khanoumi.com/products/doctor-jila-anti-chap-cream-22069,کرم و مرطوب‌کننده صورت,عالیه ترک پام رو از بین برد,0,true,2026-05-26T15:28:17.7160327+03:30,مثبت,0.79,رضایت کلی,رضایت کلی,,false,ندارد,false,
کرم ترک دست و پا,https://www.khanoumi.com/products/doctor-jila-anti-chap-cream-22069,کرم و مرطوب‌کننده صورت,عالیه,0,true,2026-05-18T12:56:38.6945605+03:30,مثبت,0.79,رضایت کلی,رضایت کلی,,false,ندارد,false,
کرم ترک دست و پا,https://www.khanoumi.com/products/doctor-jila-anti-chap-cream-22069,کرم و مرطوب‌کننده صورت,خیلی عالی و مارک فوق‌العاده,0,true,2026-05-13T19:18:57.4778794+03:30,مثبت,0.79,رضایت کلی,رضایت کلی,,false,ندارد,false,
کرم ترک دست و پا,https://www.khanoumi.com/products/doctor-jila-anti-chap-cream-22069,کرم و مرطوب‌کننده صورت,نزدیک به 10 ساله منظم از این کرم استفاده میکنم برای دستم. اگه یه روز نزنم خارش و التهاب دستم، اذیتم میکنه. میتونم بگم فوق العادست. قیمت خوبی هم داره,0,true,2026-05-10T12:03:13.5380228+03:30,خنثی,0.35,حساسیت و واکنش پوست/مو | رضایت کلی | قیمت | تجربه محصول,حساسیت و واکنش پوست/مو,حساسیت و واکنش پوست/مو,true,بالا,false,
کرم ترک دست و پا,https://www.khanoumi.com/products/doctor-jila-anti-chap-cream-22069,کرم و مرطوب‌کننده صورت,عالیه یه هفته نشد دارم استفاده میکنم بیشتر ترکای پاهامو از بین برده,0,true,2026-04-25T22:31:51.7597392+03:30,خنثی,0.35,رضایت کلی | تجربه محصول,تجربه محصول,,false,ندارد,false,
کرم ترک دست و پا,https://www.khanoumi.com/products/doctor-jila-anti-chap-cream-22069,کرم و مرطوب‌کننده صورت,"عاااااالی بود 
بعد از سه روز قشنگ تفاوت رو احساس میکنید",0,true,2026-04-24T14:56:57.8958518+03:30,مثبت,0.79,رضایت کلی,رضایت کلی,,false,ندارد,false,
کرم ترک دست و پا,https://www.khanoumi.com/products/doctor-jila-anti-chap-cream-22069,کرم و مرطوب‌کننده صورت,عالیه با 1 بار استفاده متوجه تغییرش میشید از کرم جی خیلی بهتره خیلیییی,0,true,2026-04-22T08:21:59.1104839+03:30,مثبت,0.79,رضایت کلی,رضایت کلی,,false,ندارد,false,
کرم ترک دست و پا,https://www.khanoumi.com/products/doctor-jila-anti-chap-cream-22069,کرم و مرطوب‌کننده صورت,بهترین کرم ترک پایی بود که خریدم با یکبار عالی میشه,0,true,2026-04-21T10:53:09.8916877+03:30,مثبت,0.79,رضایت کلی | تجربه محصول,تجربه محصول,,false,ندارد,false,
کرم ترک دست و پا,https://www.khanoumi.com/products/doctor-jila-anti-chap-cream-22069,کرم و مرطوب‌کننده صورت,ترک های سحطی رو تو ماه اول استفاده کامل از بین میبره.سومین باره میخوام شارژش کنم,0,true,2026-04-20T21:35:48.5052234+03:30,خنثی,0.35,خرید مجدد,خرید مجدد,,false,ندارد,false,
کرم ترک دست و پا,https://www.khanoumi.com/products/doctor-jila-anti-chap-cream-22069,کرم و مرطوب‌کننده صورت,خیلی خوب بود ترک سطحی داشت پام با دوبار زدن کاملا تغییر حس میشه,0,true,2026-04-18T09:44:15.7783308+03:30,مثبت,0.91,رضایت کلی,رضایت کلی,,false,ندارد,false,
کرم ترک دست و پا,https://www.khanoumi.com/products/doctor-jila-anti-chap-cream-22069,کرم و مرطوب‌کننده صورت,خوبه باید مرتب استفاده بشه,0,true,2026-04-12T22:34:37.8001478+03:30,مثبت,0.67,رضایت کلی,رضایت کلی,,false,ندارد,false,
کرم ترک دست و پا,https://www.khanoumi.com/products/doctor-jila-anti-chap-cream-22069,کرم و مرطوب‌کننده صورت,برای ترک پای سطحی که خیلی عمیق نیست خوبه,0,true,2026-04-06T15:48:57.4037542+03:30,منفی,0.67,رضایت کلی,رضایت کلی,,false,ندارد,false,
کرم ترک دست و پا,https://www.khanoumi.com/products/doctor-jila-anti-chap-cream-22069,کرم و مرطوب‌کننده صورت,اگر دست و پاتون کویر شده ،این علاجه مشکله،بی نظیره,0,true,2026-03-30T22:22:44.8838132+03:30,خنثی,0.35,تجربه محصول,تجربه محصول,,false,ندارد,false,
کرم ترک دست و پا,https://www.khanoumi.com/products/doctor-jila-anti-chap-cream-22069,کرم و مرطوب‌کننده صورت,عالیه برای مادرم خریدم یک بار جواب داد برای خودمم میخام بخرم,0,true,2026-03-17T13:14:34.914228+03:30,مثبت,0.91,رضایت کلی | اثربخشی | تجربه محصول,اثربخشی,,false,ندارد,false,
کرم ترک دست و پا,https://www.khanoumi.com/products/doctor-jila-anti-chap-cream-22069,کرم و مرطوب‌کننده صورت,روی پای من اصلا تاثیر خاصی نداشت دو دوره هم استفاده کردم جالب نبود,0,true,2026-03-14T02:07:52.4249616+03:30,خنثی,0.35,اثربخشی | تجربه محصول,اثربخشی,,false,ندارد,false,
کرم ترک دست و پا,https://www.khanoumi.com/products/doctor-jila-anti-chap-cream-22069,کرم و مرطوب‌کننده صورت,من همه نوع کرمی رو برای ترک استفاده کردم اثر نمیکرد برام، ولی دکتر ژیلا رو 3شب استفاده کردم واقعا اثرش رو شب چهارم دیدم عااااالی بود عاااالی بهترینه واقعا,0,true,2026-03-02T14:07:14.4030264+03:30,مثبت,0.95,رضایت کلی | تجربه محصول | بافت محصول,بافت محصول,,false,ندارد,false,
کرم ترک دست و پا,https://www.khanoumi.com/products/doctor-jila-anti-chap-cream-22069,کرم و مرطوب‌کننده صورت,محصول های دکتر ژیلا رو سالهاست استفاده میکنم . خیلی راضیم .‌ این محصول هم یکی از همون‌هاست,0,true,2026-02-27T20:41:50.8171947+03:30,مثبت,0.79,تجربه محصول | رضایت کلی,تجربه محصول,,false,ندارد,false,
کرم ترک دست و پا,https://www.khanoumi.com/products/doctor-jila-anti-chap-cream-22069,کرم و مرطوب‌کننده صورت,بهترین کرم ترک پا، هم واسه خودم خریدم هم مامانم.ترکای پای مامانم خیلی بهتر شد و تغییر محسوسی داشت پای خودمم زیاد ترک نداشت ولی از موقعی که ازین کرم استفاده میکنم کف پاهام مثل کف پای یه نوزاد شده!من شبا میزدم کف پاهام و صبحا کف پاهامو با آب و صابون می‌شستم.,0,true,2026-02-15T10:38:26.9983751+03:30,مثبت,0.67,تجربه محصول | رضایت کلی,تجربه محصول,,false,ندارد,false,
کرم ترک دست و پا,https://www.khanoumi.com/products/doctor-jila-anti-chap-cream-22069,کرم و مرطوب‌کننده صورت,تازه خریدم چند باری ک زدم راضی بودم خیلی زود اثر گذاشت روی پینه روی قوزک پام و ترک ها انگشت شست پام,0,true,2026-02-10T23:26:02.0927907+03:30,مثبت,0.67,تجربه محصول,تجربه محصول,,false,ندارد,false,
کرم ترک دست و پا,https://www.khanoumi.com/products/doctor-jila-anti-chap-cream-22069,کرم و مرطوب‌کننده صورت,واقعا عالیه. نسبت به قیمتش کارایی عالی داره.ارزش خرید داره,0,true,2025-12-17T08:29:31.0438951+03:30,مثبت,0.95,رضایت کلی | قیمت | اثربخشی,قیمت,,false,ندارد,false,
کرم ترک دست و پا,https://www.khanoumi.com/products/doctor-jila-anti-chap-cream-22069,کرم و مرطوب‌کننده صورت,عالیه، بهترین کرم برای ترک پا، من سه ساله استفاده میکنم و کاملا ترک‌های پاهام خوب شده,0,true,2025-11-28T15:12:52.7371392+03:30,مثبت,0.95,رضایت کلی | تجربه محصول,تجربه محصول,,false,ندارد,false,
کرم ترک دست و پا,https://www.khanoumi.com/products/doctor-jila-anti-chap-cream-22069,کرم و مرطوب‌کننده صورت,کرم خیلی خوبیه.,0,true,2025-11-11T15:05:53.9975201+03:30,مثبت,0.67,رضایت کلی,رضایت کلی,,false,ندارد,false,
کرم ترک دست و پا,https://www.khanoumi.com/products/doctor-jila-anti-chap-cream-22069,کرم و مرطوب‌کننده صورت,عالی,0,true,2025-10-21T13:40:07.1896427+03:30,مثبت,0.67,رضایت کلی,رضایت کلی,,false,ندارد,false,
کرم ترک دست و پا,https://www.khanoumi.com/products/doctor-jila-anti-chap-cream-22069,کرم و مرطوب‌کننده صورت,چند روز دارم مصرف میکنم خیلی موثر نبوده,0,true,2025-10-17T21:40:53.5404692+03:30,خنثی,0.35,تجربه محصول,تجربه محصول,,false,ندارد,false,
کرم ترک دست و پا,https://www.khanoumi.com/products/doctor-jila-anti-chap-cream-22069,کرم و مرطوب‌کننده صورت,عالی،بهترین.ترک پا چه ریز چه حسابی رو برطرف میکنه.بو داره اما اذیت کننده نیست،کمی هم غلیظه که به نظرم چون کارش رفعه ترکه باید بافتش اینطور باشه.حسنش این بود که تا میزنی به سرعت ترک از بین میره و نرم میشی اما....اما بهبودی 100 درصدی نداره یعنی یه وقتا ترک برمیگرده و باید کرمو بزنی.ولی خب تو برند ایرانی به نظرم قوی عمل کردن و حتما بازم میخرم چون به صرفه هم هست.و خب اینکه در جا خوبت میکنه عالیه فکر کن میخوای بری یه جایی و میبینی شصت پات زبره اینو میزنی سریع ترکه محو میشه و تو خوشحال میری به کارت میرسی،آبروتم نمیره پاتو بندازی بیرون.خخخخخخ,0,true,2025-09-15T01:09:01.3067941+03:30,مثبت,0.95,رضایت کلی | بافت محصول | قیمت | بو و رایحه,قیمت,,false,ندارد,false,
کرم ترک دست و پا,https://www.khanoumi.com/products/doctor-jila-anti-chap-cream-22069,کرم و مرطوب‌کننده صورت,"محصول خیلی خوبیه
من برای خشکی کف پا استفاده می کنم
واقعا نرم می کنه پارو، هفته ای دوسه بارم بزنم خوبه
جزو محصولاتیه که تموم بشه بازم سفارش میدم",0,true,2025-08-16T16:06:28.0460656+00:00,مثبت,0.79,تجربه محصول | رضایت کلی,تجربه محصول,,false,ندارد,false,
کرم ترک دست و پا,https://www.khanoumi.com/products/doctor-jila-anti-chap-cream-22069,کرم و مرطوب‌کننده صورت,عالیهههههه,0,true,2025-07-05T07:08:06.7697721+00:00,مثبت,0.79,رضایت کلی,رضایت کلی,,false,ندارد,false,
کرم ترک دست و پا,https://www.khanoumi.com/products/doctor-jila-anti-chap-cream-22069,کرم و مرطوب‌کننده صورت,برای مامانم گرفتم خیلی راضی بود به نسبت قیمتش هم خوب بود,0,true,2025-06-27T11:29:17.9673099+00:00,مثبت,0.91,تجربه محصول,تجربه محصول,,false,ندارد,false,
کرم ترک دست و پا,https://www.khanoumi.com/products/doctor-jila-anti-chap-cream-22069,کرم و مرطوب‌کننده صورت,عالیه معجزه میکنه,0,true,2025-04-26T18:37:13.4118666+00:00,مثبت,0.79,رضایت کلی,رضایت کلی,,false,ندارد,false,
کرم ترک دست و پا,https://www.khanoumi.com/products/doctor-jila-anti-chap-cream-22069,کرم و مرطوب‌کننده صورت,خیلی چربه خیلی غلیظه اما خوب نرم میکنه,0,true,2025-03-27T10:13:22.129467+00:00,مثبت,0.67,رضایت کلی,رضایت کلی,,false,ندارد,false,
کرم ترک دست و پا,https://www.khanoumi.com/products/doctor-jila-anti-chap-cream-22069,کرم و مرطوب‌کننده صورت,بسیار کرم عالی هست با یکبار استفاده خشکی و ترک رو بر طرف میکنه,0,true,2025-02-13T22:30:07.2447112+00:00,مثبت,0.67,رضایت کلی,رضایت کلی,,false,ندارد,false,
کرم ترک دست و پا,https://www.khanoumi.com/products/doctor-jila-anti-chap-cream-22069,کرم و مرطوب‌کننده صورت,اگه مرتب استفاده بشه تاثیر خیلی خوبی داره من راضی بودم,0,true,2025-01-21T19:23:17.9998152+00:00,مثبت,0.79,اثربخشی | رضایت کلی,اثربخشی,,false,ندارد,false,
کرم ترک دست و پا,https://www.khanoumi.com/products/doctor-jila-anti-chap-cream-22069,کرم و مرطوب‌کننده صورت,"فوق العاده.
بعد خوندن کامنت های مثبت گرفتمش. واقعا راضی ام.",0,true,2025-01-19T12:39:21.1244786+00:00,مثبت,0.91,رضایت کلی | تجربه محصول,تجربه محصول,,false,ندارد,false,
کرم ترک دست و پا,https://www.khanoumi.com/products/doctor-jila-anti-chap-cream-22069,کرم و مرطوب‌کننده صورت,زیر پای من پوسته داره یبارزدم سریع رفت عالی بود,0,true,2025-01-03T19:55:24.3471671+00:00,مثبت,0.79,رضایت کلی,رضایت کلی,,false,ندارد,false,
کرم ترک دست و پا,https://www.khanoumi.com/products/doctor-jila-anti-chap-cream-22069,کرم و مرطوب‌کننده صورت,کرم خیلی خوبیه بوی خوبی داره چرب نمیکنه پوستو,0,true,2025-01-01T18:47:09.8822829+00:00,مثبت,0.67,بو و رایحه | رضایت کلی,بو و رایحه,,false,ندارد,false,
کرم ترک دست و پا,https://www.khanoumi.com/products/doctor-jila-anti-chap-cream-22069,کرم و مرطوب‌کننده صورت,عالیه، صبح و شب روی ترک ها بزنید بعد جوراب بپوشید معجزه میکنه,0,true,2024-12-16T07:12:15.0876062+00:00,مثبت,0.79,رضایت کلی,رضایت کلی,,false,ندارد,false,
کرم ترک دست و پا,https://www.khanoumi.com/products/doctor-jila-anti-chap-cream-22069,کرم و مرطوب‌کننده صورت,هنوز این یکی تموم نشده دارم یکی دیگشو سفارش میدم,0,true,2024-11-24T13:21:51.914204+00:00,خنثی,0.35,تجربه محصول,تجربه محصول,,false,ندارد,false,
کرم ترک دست و پا,https://www.khanoumi.com/products/doctor-jila-anti-chap-cream-22069,کرم و مرطوب‌کننده صورت,برای مامانم گرفتم،ترک های پای بدی داره گفت عالیهههه بعد دو بار استفاده نتیجه ی عالی ای داشته،بوی خیلی ملایم و بافت خوبی داره،حجمشم خوبه.,0,true,2024-11-11T10:56:10.3094825+00:00,مثبت,0.95,رضایت کلی | بافت محصول | بو و رایحه | اثربخشی | تجربه محصول,بافت محصول,,false,ندارد,false,
کرم ترک دست و پا,https://www.khanoumi.com/products/doctor-jila-anti-chap-cream-22069,کرم و مرطوب‌کننده صورت,عالیه بهترین کرمی که واقعا برای ترک پا تاثیر درمانی داره و بوی خوبی داره,0,true,2024-10-25T21:19:50.8216937+00:00,مثبت,0.91,رضایت کلی | اثربخشی | بو و رایحه | بافت محصول,بافت محصول,,false,ندارد,false,
کرم ترک دست و پا,https://www.khanoumi.com/products/doctor-jila-anti-chap-cream-22069,کرم و مرطوب‌کننده صورت,وااااقعا عالیه,0,true,2024-10-13T11:13:35.3694029+00:00,مثبت,0.79,رضایت کلی,رضایت کلی,,false,ندارد,false,
کرم ترک دست و پا,https://www.khanoumi.com/products/doctor-jila-anti-chap-cream-22069,کرم و مرطوب‌کننده صورت,واقعا عالیه,0,true,2024-09-24T11:46:30+00:00,مثبت,0.79,رضایت کلی,رضایت کلی,,false,ندارد,false,
کرم ترک دست و پا,https://www.khanoumi.com/products/doctor-jila-anti-chap-cream-22069,کرم و مرطوب‌کننده صورت,از نظر کیفیت و بو عالی بوده، و سالهاست که استفاده میکنم، ولی اینبار که خریداری کردم بوش کاملا فرق داشت و اصلا خوب نبود.,0,true,2024-09-21T09:17:40+00:00,ترکیبی,0.79,بو و رایحه | رضایت کلی | نارضایتی کلی | کیفیت محصول | تجربه محصول,کیفیت محصول,بو و رایحه | نارضایتی کلی | کیفیت محصول,true,متوسط,false,
کرم ترک دست و پا,https://www.khanoumi.com/products/doctor-jila-anti-chap-cream-22069,کرم و مرطوب‌کننده صورت,از تمام کرم های پا بهتر بوده تا الان برا من,0,true,2024-09-07T12:23:21+00:00,خنثی,0.35,تجربه محصول,تجربه محصول,,false,ندارد,false,
کرم ترک دست و پا,https://www.khanoumi.com/products/doctor-jila-anti-chap-cream-22069,کرم و مرطوب‌کننده صورت,این کرم خیلی خوبه,0,true,2024-09-04T22:14:27+00:00,مثبت,0.79,رضایت کلی,رضایت کلی,,false,ندارد,false,
کرم ترک دست و پا,https://www.khanoumi.com/products/doctor-jila-anti-chap-cream-22069,کرم و مرطوب‌کننده صورت,عالی بود کف پای من کلا نرم شد,0,true,2024-08-31T01:38:20+00:00,مثبت,0.79,رضایت کلی,رضایت کلی,,false,ندارد,false,
کرم ترک دست و پا,https://www.khanoumi.com/products/doctor-jila-anti-chap-cream-22069,کرم و مرطوب‌کننده صورت,کرم خوبیه ،فقط حیف ک بافت تقریبا سفتی دارع و ابرسانی انجام نمیده,0,true,2024-08-29T23:08:30+00:00,خنثی,0.35,بافت محصول,بافت محصول,,false,ندارد,false,
کرم ترک دست و پا,https://www.khanoumi.com/products/doctor-jila-anti-chap-cream-22069,کرم و مرطوب‌کننده صورت,عالیه در یک کلام ,0,true,2024-08-09T02:25:50+00:00,مثبت,0.79,رضایت کلی,رضایت کلی,,false,ندارد,false,
کرم ترک دست و پا,https://www.khanoumi.com/products/doctor-jila-anti-chap-cream-22069,کرم و مرطوب‌کننده صورت,عااااااالیهههه,0,true,2024-07-21T21:24:10+00:00,مثبت,0.79,رضایت کلی,رضایت کلی,,false,ندارد,false,
کرم ترک دست و پا,https://www.khanoumi.com/products/doctor-jila-anti-chap-cream-22069,کرم و مرطوب‌کننده صورت,عالیه مامانم کف پاش داغون بود چند بار استفاده کرد خوب شد خودمم پوست پوست بود خوب شد,0,true,2024-07-01T17:08:48+00:00,ترکیبی,0.92,رضایت کلی | کالای آسیب‌دیده,کالای آسیب‌دیده,کالای آسیب‌دیده,true,بالا,false,
کرم ترک دست و پا,https://www.khanoumi.com/products/doctor-jila-anti-chap-cream-22069,کرم و مرطوب‌کننده صورت,خیلی محصول عالی هست نسبت به قیمتش،کاملا ترک پاهای منو برطرف کرده و یکدست شده،من که خیلی راضیم,0,true,2024-06-21T16:59:56+00:00,مثبت,0.91,رضایت کلی | تجربه محصول,تجربه محصول,,false,ندارد,false,
کرم ترک دست و پا,https://www.khanoumi.com/products/doctor-jila-anti-chap-cream-22069,کرم و مرطوب‌کننده صورت,خیلی راضیم عالیه.هم برای پا استفاده میکنم هم برای دستام.خیلی نرم و لطیف میکنه,0,true,2024-06-12T14:01:21+00:00,مثبت,0.95,رضایت کلی | تجربه محصول,تجربه محصول,,false,ندارد,false,
کرم ترک دست و پا,https://www.khanoumi.com/products/doctor-jila-anti-chap-cream-22069,کرم و مرطوب‌کننده صورت,کرم عالیه ترک های پا رو بر طرف میکنه و از زبری پا جلوگیری میکنه مخصوصا اگه پینه داشته باشید بعد حمام استفاده کنید بعد جوراب بپوشید شب تا صبح، قشنگ تغییر رو متوجه میشد حتی با بار اول,0,true,2024-05-21T12:41:39+00:00,مثبت,0.79,رضایت کلی,رضایت کلی,,false,ندارد,false,
کرم ترک دست و پا,https://www.khanoumi.com/products/doctor-jila-anti-chap-cream-22069,کرم و مرطوب‌کننده صورت,عالیییی دستام رو چند درجه روشن تر کرد .و خیلییییی نرم و ترک پاهام رو کامل از بین برد .بهترییین هستش ,0,true,2024-04-28T14:50:11+00:00,مثبت,0.79,رضایت کلی,رضایت کلی,,false,ندارد,false,
کرم ترک دست و پا,https://www.khanoumi.com/products/doctor-jila-anti-chap-cream-22069,کرم و مرطوب‌کننده صورت,واقعا تاثیر داره، محصول معمولی هست ولی خب نسبت به قیمتش ارزش خرید داره ,0,true,2024-04-05T20:08:30+00:00,مثبت,0.67,اثربخشی | قیمت | تجربه محصول | نارضایتی کلی,قیمت,,false,ندارد,false,
کرم ترک دست و پا,https://www.khanoumi.com/products/doctor-jila-anti-chap-cream-22069,کرم و مرطوب‌کننده صورت,عالی و موثر,0,true,2024-02-28T19:15:58+00:00,مثبت,0.67,رضایت کلی,رضایت کلی,,false,ندارد,false,
کرم ترک دست و پا,https://www.khanoumi.com/products/doctor-jila-anti-chap-cream-22069,کرم و مرطوب‌کننده صورت,بار دومه دارم سفارش میدم واقعا عالیه,0,true,2024-02-14T09:23:19+00:00,مثبت,0.79,رضایت کلی,رضایت کلی,,false,ندارد,false,
کرم ترک دست و پا,https://www.khanoumi.com/products/doctor-jila-anti-chap-cream-22069,کرم و مرطوب‌کننده صورت,واقعا عالیه با یبار استفاده جواب میده خیلی راضیم پیشنهاد میکنم  البته وقتی هم تخفیف میخوره دیگه نباید ازش بگذرید,0,true,2024-02-01T01:39:31+00:00,مثبت,0.95,تخفیف | پیشنهاد به دیگران | رضایت کلی,تخفیف,,false,ندارد,false,
کرم ترک دست و پا,https://www.khanoumi.com/products/doctor-jila-anti-chap-cream-22069,کرم و مرطوب‌کننده صورت,منم این کرم و استفاده کردم خیلی عالیه و واقعا خیلی تاثیر داشت و برای بار دوم میخوام سفارش بدم...,0,true,2023-10-18T19:29:23+00:00,مثبت,0.79,اثربخشی | رضایت کلی | تجربه محصول,اثربخشی,,false,ندارد,false,
کرم شب,https://www.khanoumi.com/products/doctor-jila-night-cream-22070,کرم و مرطوب‌کننده صورت,بارها و بارها خریدم و بسیار راضی ام,0,true,2026-01-06T17:30:02.1673565+03:30,مثبت,0.79,تجربه محصول | رضایت کلی,تجربه محصول,,false,ندارد,false,
کرم شب,https://www.khanoumi.com/products/doctor-jila-night-cream-22070,کرم و مرطوب‌کننده صورت,بسیار راضی هستم .عالیه,0,true,2025-11-20T18:18:29.3940531+03:30,مثبت,0.91,رضایت کلی,رضایت کلی,,false,ندارد,false,
کرم شب,https://www.khanoumi.com/products/doctor-jila-night-cream-22070,کرم و مرطوب‌کننده صورت,خوبه من پوستم خشک,0,true,2025-10-29T23:17:00.0770603+03:30,مثبت,0.67,حساسیت و واکنش پوست/مو,حساسیت و واکنش پوست/مو,,false,ندارد,false,
کرم شب,https://www.khanoumi.com/products/doctor-jila-night-cream-22070,کرم و مرطوب‌کننده صورت,مادرم استفاده میکنه راضی,0,true,2024-11-02T16:27:57.6358458+00:00,مثبت,0.67,رضایت کلی,رضایت کلی,,false,ندارد,false,
کرم شب,https://www.khanoumi.com/products/doctor-jila-night-cream-22070,کرم و مرطوب‌کننده صورت,من پوستم مختلطه.بعد زدن پوستم سنگین میشن و بافتش چرب بود برام.به دستام میزنم  فقط,0,true,2024-10-16T22:19:25.1523933+00:00,خنثی,0.35,بافت محصول,بافت محصول,,false,ندارد,false,
کرم شب,https://www.khanoumi.com/products/doctor-jila-night-cream-22070,کرم و مرطوب‌کننده صورت,"بسیار عالی و موثر دومین بار هم سفارش دادم  
",0,true,2024-07-28T08:08:20+00:00,مثبت,0.67,تجربه محصول | رضایت کلی,تجربه محصول,,false,ندارد,false,
کرم شب,https://www.khanoumi.com/products/doctor-jila-night-cream-22070,کرم و مرطوب‌کننده صورت,راضی بودم پوست رو نرم و لطیف میکنه,0,true,2024-07-15T13:32:09+00:00,مثبت,0.67,رضایت کلی,رضایت کلی,,false,ندارد,false,
کرم شب,https://www.khanoumi.com/products/doctor-jila-night-cream-22070,کرم و مرطوب‌کننده صورت,راضی بودم,0,true,2024-07-06T13:54:14+00:00,مثبت,0.67,رضایت کلی,رضایت کلی,,false,ندارد,false,
کرم شب,https://www.khanoumi.com/products/doctor-jila-night-cream-22070,کرم و مرطوب‌کننده صورت," چرب و سنگینه باید مقدار کمی ازش زد روی پوست
ولی پوست رو نرم میکنه بوی خوبی هم داره
",0,true,2024-07-02T22:43:08+00:00,خنثی,0.35,بو و رایحه | تجربه محصول,بو و رایحه,,false,ندارد,false,
کرم شب,https://www.khanoumi.com/products/doctor-jila-night-cream-22070,کرم و مرطوب‌کننده صورت,برای مامانم خریدم، پوستش بعد یه مدت استفاده تیره شده... جاهایی که کرم میزده رنگ پوستش تیره شده,0,true,2024-05-17T23:50:51+00:00,خنثی,0.35,رنگ و شید | تجربه محصول,رنگ و شید,,false,ندارد,false,
کرم شب,https://www.khanoumi.com/products/doctor-jila-night-cream-22070,کرم و مرطوب‌کننده صورت,چند بار این کرم رو شارژ کردم عالیه ! قبل از خواب استفاده کنید ابرسانی و مرطوب کننده ی عالی هستش ,0,true,2024-05-04T21:58:38+00:00,مثبت,0.91,رضایت کلی | موجودی کالا,موجودی کالا,,false,ندارد,false,
کرم شب,https://www.khanoumi.com/products/doctor-jila-night-cream-22070,کرم و مرطوب‌کننده صورت,برای پنجمین باره که از خانومی خرید میکنم مثل همیشه درجه یک .کرم عالی بود خیلی راضی هستم .چقدر خوبین شما,0,true,2024-05-01T16:40:02+00:00,مثبت,0.91,رضایت کلی | کیفیت محصول,کیفیت محصول,,false,ندارد,false,
کرم شب,https://www.khanoumi.com/products/doctor-jila-night-cream-22070,کرم و مرطوب‌کننده صورت,پوستم را شاداب میکنه,0,true,2024-04-18T23:32:38+00:00,خنثی,0.35,تجربه محصول,تجربه محصول,,false,ندارد,false,
کرم شب,https://www.khanoumi.com/products/doctor-jila-night-cream-22070,کرم و مرطوب‌کننده صورت,شبا قبل از خواب استفاده میکنم و روز بعد پوستم نرم و لطیف میشه,0,true,2024-04-18T23:28:23+00:00,خنثی,0.35,تجربه محصول,تجربه محصول,,false,ندارد,false,
کرم شب,https://www.khanoumi.com/products/doctor-jila-night-cream-22070,کرم و مرطوب‌کننده صورت,لطفا تخفیفشو بیشتر کنید بهرحال حجمش کم جاداره قیمتش پایین تر بیاد ,0,true,2024-04-02T12:00:19+00:00,خنثی,0.35,تخفیف | حجم و مقدار,تخفیف,,false,ندارد,false,
کرم شب,https://www.khanoumi.com/products/doctor-jila-night-cream-22070,کرم و مرطوب‌کننده صورت,بعد از یه مدت استفاده میگم که کرم خوبیه. پوست رو لطیف و نرم میکنه. یه مقداری هم شفاف کنندگی داره. ,0,true,2024-02-29T13:51:39+00:00,خنثی,0.35,رضایت کلی,رضایت کلی,,false,ندارد,false,
کرم شب,https://www.khanoumi.com/products/doctor-jila-night-cream-22070,کرم و مرطوب‌کننده صورت,من یک مرتبه استفاده کردم حتی کرم های شب خارجی هم استفاده کردم ولی این فوقالعاده بود هم قیمتش خیلی مناسبه به پوست نرمی و لطافت میده حتی رنگ پوستم روشن شده ,1,true,2023-08-03T15:15:11+00:00,مثبت,0.67,تجربه محصول | رنگ و شید | سؤال و ابهام | رضایت کلی,رنگ و شید,,false,ندارد,false,
کرم شب,https://www.khanoumi.com/products/doctor-jila-night-cream-22070,کرم و مرطوب‌کننده صورت,این کرم رو دکتر برای بنده تجویز کرد ، به نظرم خییلی خوب بود شبهایی که از این کرم استفاده میکنم ، صبح اش پوستم بسیار نرم و لطیف مثل پوست بچه ها میشه فقط نکته اش اینه که مقدار کم برای پوست صورت باید استفاده بشه که احساس چربی نده و اینکه پوست کاملا تمیز باشه ,3,true,2023-05-21T12:31:34+00:00,مثبت,0.79,تجربه محصول,تجربه محصول,,false,ندارد,false,
کرم شب,https://www.khanoumi.com/products/doctor-jila-night-cream-22070,کرم و مرطوب‌کننده صورت,فکرشو نمیکردم تا این حد عالی باشه واقعا برای پوست من جواب داد ,7,true,2023-01-11T09:52:00+00:00,مثبت,0.79,اثربخشی | رضایت کلی,اثربخشی,,false,ندارد,false,
كرم روشن كننده صورت,https://www.khanoumi.com/products/doctor-jila-derma-white-for-all-skin-types-22071,کرم و مرطوب‌کننده صورت,"عالیه 
",0,true,2024-08-10T17:49:06+00:00,مثبت,0.79,رضایت کلی,رضایت کلی,,false,ندارد,false,
كرم روشن كننده صورت,https://www.khanoumi.com/products/doctor-jila-derma-white-for-all-skin-types-22071,کرم و مرطوب‌کننده صورت,من حدود یک هفته که از این محصول استفاده کردم تاثیرش رو در روشن کنندگی روی پوستم دیدم.راضی هستم.در خصوص کمرنگ کردن لک ها هنوز تاثیری ندیدم.,0,true,2023-03-01T14:01:29+00:00,مثبت,0.67,اثربخشی | تجربه محصول,اثربخشی,,false,ندارد,false,
كرم روشن كننده صورت,https://www.khanoumi.com/products/doctor-jila-derma-white-for-all-skin-types-22071,کرم و مرطوب‌کننده صورت,عالیه👌🏻,96,true,2020-09-09T15:55:13+00:00,مثبت,0.79,رضایت کلی,رضایت کلی,,false,ندارد,false,
ضد آفتاب اس پی اف 30 رنگی اولترا,https://www.khanoumi.com/products/doctor-jila-ultra-sunscreen-light-beige-cream-spf-30-22072,ضدآفتاب,منم چند ساله استفاده میکردم عالی بود اما بعدش ضدآفتابهای دیگه رو امتحان کردم به خوبی این رو پوستم نبود,0,true,2023-09-28T20:01:33+00:00,مثبت,0.79,رضایت کلی | تجربه محصول,تجربه محصول,,false,ندارد,false,
ضد آفتاب اس پی اف 35 بدون رنگ,https://www.khanoumi.com/products/doctor-jila-sun-screen-cream-spf-35-22073,ضدآفتاب,"حرف نداره ⁦👌🏼⁩کاملا به پوست من ساخت ،من پوستم معمولی رو به خشکه ،
ضد آفتاب بایودرم تا سینره و مای ،همه رو امتحان کردم.بعضیاشون زیادی چرب و چیل بودن رو پوستم و بعضیا زیادی مات بودن ،هیچکدوم مثل دکتر ژیلا بودن ،که هم زود جذب میشه هم چربی پوستم رو متعادل می‌کنه ⁦⁦♥️⁩",35,true,2020-07-16T09:32:02+00:00,خنثی,0.35,تجربه محصول | ترکیبات | نارضایتی کلی,ترکیبات,,false,ندارد,false,
کرم ضد چروک و ضد تیرگی دورچشم,https://www.khanoumi.com/products/doctor-jila-eye-contour-cream-22074,کرم و مرطوب‌کننده صورت,به تجویز دکتر خریدم ولی اثر خاصی ندیدم شاید فقط مانع پیرفت تیرگی ها و چروک ها میشه,0,true,2025-12-01T10:07:45.1401702+03:30,خنثی,0.35,تجربه محصول,تجربه محصول,,false,ندارد,false,
کرم ضد چروک و ضد تیرگی دورچشم,https://www.khanoumi.com/products/doctor-jila-eye-contour-cream-22074,کرم و مرطوب‌کننده صورت,من که راضی بودم عالیه,0,true,2025-03-31T15:19:15.4801848+00:00,مثبت,0.91,رضایت کلی,رضایت کلی,,false,ندارد,false,
کرم ضد چروک و ضد تیرگی دورچشم,https://www.khanoumi.com/products/doctor-jila-eye-contour-cream-22074,کرم و مرطوب‌کننده صورت,3 ماهه مداوم میزنم تاثیر قابل توجهی نداره,0,true,2025-03-28T15:59:27.7465504+00:00,خنثی,0.35,اثربخشی,اثربخشی,,false,ندارد,false,
کرم ضد چروک و ضد تیرگی دورچشم,https://www.khanoumi.com/products/doctor-jila-eye-contour-cream-22074,کرم و مرطوب‌کننده صورت,خیلی عالی .تیرگی زیر چشمم خیلی کم شد ,0,true,2024-07-28T08:09:21+00:00,مثبت,0.67,رضایت کلی,رضایت کلی,,false,ندارد,false,
کرم ضد چروک و ضد تیرگی دورچشم,https://www.khanoumi.com/products/doctor-jila-eye-contour-cream-22074,کرم و مرطوب‌کننده صورت,به عنوان یک دور چشم معمولی که بزنی تا از مشکلات بعدی جلوگیری کنه خوبه و قابل قبوله ولی دنبال تاثیر درمانی ازش خیلی نباشید من یکی دو سال دور چشمم این کرم بود,0,true,2024-03-30T13:24:23+00:00,مثبت,0.67,اثربخشی | نارضایتی کلی,اثربخشی,,false,ندارد,false,
کرم ضد چروک و ضد تیرگی دورچشم,https://www.khanoumi.com/products/doctor-jila-eye-contour-cream-22074,کرم و مرطوب‌کننده صورت,مدت زیادی نیست گرفتم و استفاده میکنم تا الان که ناراضی نبودم,0,true,2024-02-27T15:08:36+00:00,خنثی,0.4,تجربه محصول | نارضایتی کلی,تجربه محصول,,false,ندارد,false,
کرم ضد چروک و ضد تیرگی دورچشم,https://www.khanoumi.com/products/doctor-jila-eye-contour-cream-22074,کرم و مرطوب‌کننده صورت, ن چهار روز زدم پوست دور چشمم چروک تر شد اعصابم خورده از شما این کرم و تو آف خریدم ولی کاش نمیخریدم ,118,true,2019-10-29T15:22:02+00:00,خنثی,0.35,تجربه محصول | تخفیف,تخفیف,,false,ندارد,false,
کرم ضد چروک و ضد تیرگی دورچشم,https://www.khanoumi.com/products/doctor-jila-eye-contour-cream-22074,کرم و مرطوب‌کننده صورت,زیریکی از چشمای من به دلیلی یکی دوخط داشت قبلا سینره هیدرودرم اردن استفاده کرده بودم ونهایتا مشکلشون میلیا و کم اثر بودن بود. اما بعد از دوهفته استفاد ه از این محصول هردوچشممم مثل چشمای پیرزن ها شده.دیگه کانسیلر هم نمیتونم بزنم چون همش چروکه.دستی  دستی چکارکردم .دیگه فقط توی  اینه به عدسی چشمام نگاه میکنم تا روحیم خراب نشده.این هم ازمحصول زیبایی ایرانی,160,true,2019-01-16T18:50:30.0533333+00:00,خنثی,0.35,تجربه محصول,تجربه محصول,,false,ندارد,false,
کرم ضد چروک و ضد تیرگی دورچشم,https://www.khanoumi.com/products/doctor-jila-eye-contour-cream-22074,کرم و مرطوب‌کننده صورت,شاید جزو موارد نادر باشه ولی دوهفته بعد ازمصرف این دورچشم دیدم زیر چشمم به شکل افتضاحی دراومده .الان نمیدونم چطوری باید مثل قبلش کنم و ایا اصلا شدنیه..نمیدونمچطوری میتونم از کمپیانی سازنده شکایت کنم .مرده شور شرکت های ایرانی این چنینی,147,true,2019-01-06T14:12:11.3566667+00:00,منفی,0.67,پشتیبانی و خدمات | نارضایتی کلی | سؤال و ابهام,پشتیبانی و خدمات,پشتیبانی و خدمات | نارضایتی کلی,true,متوسط,false,
ژل شستشو صورت پوست چرب,https://www.khanoumi.com/products/doctor-jila-face-wash-gel-for-oily-skin-22075,ژل و فوم شستشو,"خیلی فیس واش امتحان کردم واقعا بهترینش بود
4باره دارم تکرارش میکنم",0,true,2024-07-04T01:57:03+00:00,مثبت,0.67,تجربه محصول | رضایت کلی,تجربه محصول,,false,ندارد,false,
ضد آفتاب اس پی اف 50 مولتی پروتکشن رنگی,https://www.khanoumi.com/products/doctor-jila-tinted-sunscreen-tinted-cream-multi-protection-spf50-22076,ضدآفتاب,اصلا بافت خوبی نداره واقعا پوستو کدر میکنه,0,true,2024-08-13T11:23:52+00:00,خنثی,0.35,بافت محصول,بافت محصول,,false,ندارد,false,
ضد آفتاب اس پی اف 50 مولتی پروتکشن بدون رنگ,https://www.khanoumi.com/products/doctor-jila-tinted-sunscreen-cream-multi-protection-spf50-22077,ضدآفتاب,من خیلی وقت هست استفاده میکنم راضیم   ول با این قیمت جدید اصلا ارزش خریدن نداره   دکتر ژیلا مگر روغن طلا ریختی با این قیمت ؟ منصرف شدم از خریدش,0,true,2026-08-23T12:46:10.7216999+03:30,مثبت,0.67,قیمت | تجربه محصول | رضایت کلی,قیمت,,false,ندارد,false,
ضد آفتاب اس پی اف 50 مولتی پروتکشن بدون رنگ,https://www.khanoumi.com/products/doctor-jila-tinted-sunscreen-cream-multi-protection-spf50-22077,ضدآفتاب,من که راضی ام اگه تنها استفاده کنیم قبلش آبرسان پوست چرب بزنیم جذب بهتری داره یا روی همین ضدآفتاب رنگی میزنیم,0,true,2025-10-25T21:13:46.9045916+03:30,مثبت,0.79,رضایت کلی | رنگ و شید,رنگ و شید,,false,ندارد,false,
ضد آفتاب اس پی اف 50 مولتی پروتکشن بدون رنگ,https://www.khanoumi.com/products/doctor-jila-tinted-sunscreen-cream-multi-protection-spf50-22077,ضدآفتاب,با تشکر از فروشگاه خانومی، محصول خوبی بود و به موقع به دستم رسید اما درب محصول پلمپ آلومینیمی نداشت,0,true,2025-04-06T07:52:55.325817+00:00,خنثی,0.35,تجربه محصول | ارسال کالا | اصالت کالا | بسته‌بندی,اصالت کالا,,false,ندارد,false,
ضد آفتاب اس پی اف 50 مولتی پروتکشن بدون رنگ,https://www.khanoumi.com/products/doctor-jila-tinted-sunscreen-cream-multi-protection-spf50-22077,ضدآفتاب,من پوستم چربه ازاین ضد آفتاب استفاده میکنم و خیلی خوبه فقط بعضی وقتا که عجله دارم و بلافاصله بعداز زدن کرم میرم بیرون خیلی عرق میکنم     حتما بایدم نیم ساعت قبل فعالیت یا بیرون رفتن بزنید که جذب بشه و عرق نکنید,0,true,2024-07-04T07:33:35+00:00,مثبت,0.91,رضایت کلی | تجربه محصول | ترکیبات,ترکیبات,,false,ندارد,false,
ضد آفتاب اس پی اف 50 مولتی پروتکشن بدون رنگ,https://www.khanoumi.com/products/doctor-jila-tinted-sunscreen-cream-multi-protection-spf50-22077,ضدآفتاب,چه زود تموم شدهه لطفا با یه تخفیف خوب دوباره شارژ کنید🥲,1,true,2023-05-03T17:53:20+00:00,مثبت,0.67,تخفیف | موجودی کالا | ماندگاری,موجودی کالا,موجودی کالا,true,متوسط,false,
ضد آفتاب اس پی اف 50 مولتی پروتکشن بدون رنگ,https://www.khanoumi.com/products/doctor-jila-tinted-sunscreen-cream-multi-protection-spf50-22077,ضدآفتاب,حالت چسبنده داره روی پوست.بطوری که اگر بعدش کرم پودر استفاده کنید میماسه,4,true,2023-01-18T20:47:06+00:00,خنثی,0.35,تجربه محصول,تجربه محصول,,false,ندارد,false,
کرم ترک دست و پا,https://www.khanoumi.com/products/doctor-jila-anti-chap-cream-22069,کرم و مرطوب‌کننده صورت,خیلی خوبه و عالی,8,true,2022-03-18T10:44:29+00:00,مثبت,0.91,رضایت کلی,رضایت کلی,,false,ندارد,false,
کرم ترک دست و پا,https://www.khanoumi.com/products/doctor-jila-anti-chap-cream-22069,کرم و مرطوب‌کننده صورت,خیلی خوبه من با یه بار استفاده تا چند روز تاثیرشو حس میکردم ,7,true,2020-08-19T16:47:42+00:00,مثبت,0.79,اثربخشی | رضایت کلی,اثربخشی,,false,ندارد,false,
کرم دست و ناخن,https://www.khanoumi.com/products/doctor-jila-almond-oil-hands-and-nails-cream-22078,لاک و ناخن,به نظرم کرم خوبیه پوست دست رو نرم میکنه و زود جذب میشه من راضیم ,0,true,2023-12-20T01:46:42+00:00,مثبت,0.79,رضایت کلی,رضایت کلی,,false,ندارد,false,
سی سی کرم كليريال,https://www.khanoumi.com/products/svr-cc-cream-clairial-sun-protection-spf50-22083,کرم و مرطوب‌کننده صورت,"این کرم رنگی هست ؟ منظورم  اینه حالت کرم پودری داره؟
چون من رنگی میخام",10,true,2019-03-05T19:45:04.03+00:00,خنثی,0.35,رنگ و شید,رنگ و شید,,false,ندارد,false,
مایع دستشویی عناب و کاملیا,https://www.khanoumi.com/products/derma-clean-liquid-hand-wash-22105,سایر محصولات,"خیلی تخفیف های خوبی دارین
متاسفانه کد تخفیف من پاک شده😔",1,true,2023-02-09T18:43:38+00:00,منفی,0.67,تخفیف,تخفیف,تخفیف,true,پایین,false,
مایع دستشویی بابونه و وربنا,https://www.khanoumi.com/products/derma-clean-liquid-hand-wash-22106,سایر محصولات,حجم و قیمت قابل قبولی داره فقط این عصاره اش خیلی بوی تندی داره ولی عصاره های دیگه اش خوشبو تر هست.,6,true,2019-08-30T17:44:00.3233333+00:00,خنثی,0.35,بو و رایحه | قیمت | حجم و مقدار,قیمت,,false,ندارد,false,
مایع دستشویی ورونیکا و گل ابریشم,https://www.khanoumi.com/products/derma-clean-liquid-hand-wash-22108,سایر محصولات,خیلی خوشبو است دنبال عطری به همین بو هستم .عالیه,0,true,2024-12-25T14:54:41.066197+00:00,مثبت,0.79,بو و رایحه | رضایت کلی,بو و رایحه,,false,ندارد,false,
مایع دستشویی ورونیکا و گل ابریشم,https://www.khanoumi.com/products/derma-clean-liquid-hand-wash-22108,سایر محصولات,خیلی خوشبو است. انگار ادکلن به دستت زدی.,2,true,2019-06-23T12:21:15.29+00:00,خنثی,0.35,بو و رایحه,بو و رایحه,,false,ندارد,false,
مایع دستشویی لامیناریا و ویتکس,https://www.khanoumi.com/products/derma-clean-liquid-hand-wash-22109,سایر محصولات,بوش رو دوست دارم دست رو نرم و لیطف میکنه,0,true,2020-03-03T13:07:49+00:00,خنثی,0.35,بو و رایحه,بو و رایحه,,false,ندارد,false,
مایع دستشویی لامیناریا و ویتکس,https://www.khanoumi.com/products/derma-clean-liquid-hand-wash-22109,سایر محصولات,بوش خوبه و دست رو لطیف میکنه ازش راضی بودم ,0,true,2020-03-03T00:05:02+00:00,مثبت,0.79,بو و رایحه,بو و رایحه,,false,ندارد,false,
مایع دستشویی لامیناریا و ویتکس,https://www.khanoumi.com/products/derma-clean-liquid-hand-wash-22109,سایر محصولات,من بوشو دوست داشتم راضیم,0,true,2019-07-29T00:08:52.6133333+00:00,مثبت,0.91,رضایت کلی,رضایت کلی,,false,ندارد,false,
مایع دستشویی برگاموت و  وینکا,https://www.khanoumi.com/products/derma-clean-liquid-hand-wash-22110,سایر محصولات,، با توجه به قیمتش خیلی خوب بود,0,true,2023-10-05T11:04:30+00:00,مثبت,0.91,رضایت کلی,رضایت کلی,,false,ندارد,false,
مایع دستشویی کرمی آرگان و ابریشم,https://www.khanoumi.com/products/derma-clean-liquid-hand-wash-22112,کرم و مرطوب‌کننده صورت,به شدت عطری است و بوش هم خیلی دیر میره، اما تا حدی مرطوب کنندگی داره,0,true,2024-12-04T10:13:09.895657+00:00,خنثی,0.35,بو و رایحه,بو و رایحه,,false,ندارد,false,
مایع دستشویی کرمی آرگان و ابریشم,https://www.khanoumi.com/products/derma-clean-liquid-hand-wash-22112,کرم و مرطوب‌کننده صورت,کلن مایع دست شویی های کرمی نرم کنندگی و عطره خوبی دارن,0,true,2024-05-19T13:29:48+00:00,خنثی,0.35,بافت محصول,بافت محصول,,false,ندارد,false,
مایع دستشویی عصاره زیتون و آرالیا,https://www.khanoumi.com/products/derma-clean-liquid-hand-wash-22113,سایر محصولات,با توجه ب تخفیف می ارزه خدایی,0,true,2024-01-09T01:15:07+00:00,خنثی,0.35,تخفیف,تخفیف,,false,ندارد,false,
مایع دستشویی عصاره زیتون و آرالیا,https://www.khanoumi.com/products/derma-clean-liquid-hand-wash-22113,سایر محصولات,خیلی خوشبو هستش و راضیم,0,true,2023-11-12T20:48:22+00:00,مثبت,0.79,بو و رایحه | رضایت کلی,بو و رایحه,,false,ندارد,false,
پاک کننده 2 فاز آرایش چشم,https://www.khanoumi.com/products/inlay-two-phase-makeup-remover-22114,سایر محصولات,این محصول عالیه من از پاک کننده چشم مای هم استفاده کردم تمام مژه هام باهاش میریخت این محصول رو باید یکم روی چشم پد رو نگه داری کاملا پاک‌میکنه و مژه ها نمیریزه بارها شارژش کردم و انتخاب همیشگیمه,0,true,2026-04-01T21:36:54.1976045+03:30,مثبت,0.79,تجربه محصول | رضایت کلی,تجربه محصول,,false,ندارد,false,
پاک کننده 2 فاز آرایش چشم,https://www.khanoumi.com/products/inlay-two-phase-makeup-remover-22114,سایر محصولات,تو رو خدا شارژش کنید من همیشه از خانومی میخرمش و خیلییییی هم راضیم,0,true,2025-05-13T20:03:48.0491321+00:00,مثبت,0.79,موجودی کالا | رضایت کلی,موجودی کالا,,false,ندارد,false,
پاک کننده 2 فاز آرایش چشم,https://www.khanoumi.com/products/inlay-two-phase-makeup-remover-22114,سایر محصولات,پاک کنندگی بدی نداشت ولی چون چربی داره حس جالبی نمیده و حتما باید خوب بشوریدش، بوی جالبی هم نداره,0,true,2024-03-17T22:04:45+00:00,مثبت,0.67,بو و رایحه,بو و رایحه,,false,ندارد,false,
پاک کننده 2 فاز آرایش چشم,https://www.khanoumi.com/products/inlay-two-phase-makeup-remover-22114,سایر محصولات,"اصلا برایه صورت مناسب نیست مخصوصا صورت جوش دار و چرب چون باعث جوش بیشتری میشه 
مناسب برایه آرایش چشم ک متوسط پاک کنندگیش با وجود قیمتی ک داره خیلی عالی نیستش 
",0,true,2024-01-29T00:22:12+00:00,منفی,0.67,حساسیت و واکنش پوست/مو | رضایت کلی,حساسیت و واکنش پوست/مو,حساسیت و واکنش پوست/مو,true,بالا,false,
پاک کننده 2 فاز آرایش چشم,https://www.khanoumi.com/products/inlay-two-phase-makeup-remover-22114,سایر محصولات,لطفا دوباره موجودش کنین,0,true,2024-01-26T19:11:24+00:00,خنثی,0.35,موجودی کالا,موجودی کالا,,false,ندارد,false,
پاک کننده 2 فاز آرایش چشم,https://www.khanoumi.com/products/inlay-two-phase-makeup-remover-22114,سایر محصولات,پاک کنندگی متوسط وخوبی داره و بوی خوبی هم داره ولی چشمو میسوزونه ,0,true,2024-01-01T16:53:35+00:00,خنثی,0.35,بو و رایحه,بو و رایحه,,false,ندارد,false,
پاک کننده 2 فاز آرایش چشم,https://www.khanoumi.com/products/inlay-two-phase-makeup-remover-22114,سایر محصولات,خیلی خوب و عالی بود,0,true,2023-12-31T22:41:22+00:00,مثبت,0.95,رضایت کلی,رضایت کلی,,false,ندارد,false,
پاک کننده 2 فاز آرایش چشم,https://www.khanoumi.com/products/inlay-two-phase-makeup-remover-22114,سایر محصولات,به نظر من آرایش چشم رو در حد متوسط پاک میکنه و انتظارم رو از یه ریموور قوی براورده نکرد، چربی ملایمی داره و بوش هم ملایمه,1,true,2023-07-27T16:05:49+00:00,خنثی,0.35,بو و رایحه,بو و رایحه,,false,ندارد,false,
پاک کننده 2 فاز آرایش چشم,https://www.khanoumi.com/products/inlay-two-phase-makeup-remover-22114,سایر محصولات,خیلی عالی بود 🥰,0,true,2023-07-27T11:21:52+00:00,مثبت,0.79,رضایت کلی,رضایت کلی,,false,ندارد,false,
پاک کننده 2 فاز آرایش چشم,https://www.khanoumi.com/products/inlay-two-phase-makeup-remover-22114,سایر محصولات,"اصلا خوب نیست
من قبلا مای و سینره استفاده کردم در مقایسه با این اونا خیلی بهتر بودن",1,true,2023-04-25T12:50:42+00:00,منفی,0.67,تجربه محصول,تجربه محصول,,false,ندارد,false,
پاک کننده 2 فاز آرایش چشم,https://www.khanoumi.com/products/inlay-two-phase-makeup-remover-22114,سایر محصولات,بینظیره .اصلاا احساس سوزش نمیده دور چشم خشک نمیشه قدرت پاک کنندگی ش متوسط,2,true,2023-03-27T23:38:52+00:00,خنثی,0.35,حساسیت و واکنش پوست/مو,حساسیت و واکنش پوست/مو,,false,ندارد,false,
پاک کننده 2 فاز آرایش چشم,https://www.khanoumi.com/products/inlay-two-phase-makeup-remover-22114,سایر محصولات,من این چشم پاک کن رو به هوای اینکه خوب ارایش رو پاک میکنه خریدم اما کیفیت بسیار پایینی داره واصلا چیز خوبی نیس ,3,true,2023-03-20T17:18:21+00:00,مثبت,0.67,کیفیت محصول | تجربه محصول,کیفیت محصول,,false,ندارد,false,
پاک کننده 2 فاز آرایش چشم,https://www.khanoumi.com/products/inlay-two-phase-makeup-remover-22114,سایر محصولات,اصلا راضی نبودم خیلی چرب و به سختی پاک میکنه و چشم رو میسوزونه.,6,true,2021-10-06T20:07:11+00:00,منفی,0.67,رضایت کلی,رضایت کلی,,false,ندارد,false,
پاک کننده 2 فاز آرایش چشم,https://www.khanoumi.com/products/inlay-two-phase-makeup-remover-22114,سایر محصولات,اصلا راضی نبودم..فوق العاده چرب و قدرت پاک کنندگی پایین..چشم هم به شدن میسوزونه,7,true,2021-06-20T13:17:10+00:00,منفی,0.79,رضایت کلی,رضایت کلی,,false,ندارد,false,
پاک کننده 2 فاز آرایش چشم,https://www.khanoumi.com/products/inlay-two-phase-makeup-remover-22114,سایر محصولات,خیلی خوبه و راحت آرایش رو پاک میکنه. چرب بودنش هم کمک می کنه تا پوست دور چشم خشک نشه. من که خیلی راضیم ازش,18,true,2020-01-01T15:07:29+00:00,مثبت,0.95,رضایت کلی,رضایت کلی,,false,ندارد,false,
پاک کننده 2 فاز آرایش چشم,https://www.khanoumi.com/products/inlay-two-phase-makeup-remover-22114,سایر محصولات,من ازش دارم و راضیم با محصولات خارجی رقابت می‌کنه.,7,true,2019-11-22T14:50:04+00:00,مثبت,0.79,رضایت کلی | تجربه محصول,تجربه محصول,,false,ندارد,false,
پاک کننده 2 فاز آرایش چشم,https://www.khanoumi.com/products/inlay-two-phase-makeup-remover-22114,سایر محصولات,من خیلی ازش راضیم ریمل راحت پاک میکنه و باعث سوزش چشم نمیشه,3,true,2019-10-23T15:51:33+00:00,مثبت,0.79,حساسیت و واکنش پوست/مو | رضایت کلی,حساسیت و واکنش پوست/مو,,false,ندارد,false,
پاک کننده 2 فاز آرایش چشم,https://www.khanoumi.com/products/inlay-two-phase-makeup-remover-22114,سایر محصولات,اصلا خوب نبود،آرایش چشم به سختی پاک میشه باهاش,5,true,2019-07-03T12:37:30.3066667+00:00,منفی,0.91,نارضایتی کلی,نارضایتی کلی,نارضایتی کلی,true,متوسط,false,
اسپری دئودورانت آنجل,https://www.khanoumi.com/products/she-she-is-an-angel-spray-women-22157,بهداشت شخصی,من که عاشق بوش هستم چند ساله فقط انجل میزنم و ماندگاری نسبتا بالایی داره,0,true,2025-03-09T15:44:25.8908242+00:00,خنثی,0.35,ماندگاری | بو و رایحه,بو و رایحه,,false,ندارد,false,
اسپری دئودورانت آنجل,https://www.khanoumi.com/products/she-she-is-an-angel-spray-women-22157,بهداشت شخصی,موندگاریش عالیهههه بوی گل و وانیل میده ,0,true,2024-08-22T08:09:57+00:00,مثبت,0.79,رضایت کلی | بو و رایحه,بو و رایحه,,false,ندارد,false,
اسپری زنانه مدل Fun حجم 150 میلی لیتر,https://www.khanoumi.com/products/she-fun-for-women-spray-22165,سایر محصولات,بسیار خوش بو و عالی است,0,true,2025-12-26T12:01:10.0453298+03:30,مثبت,0.67,بو و رایحه | رضایت کلی,بو و رایحه,,false,ندارد,false,
اسپری زنانه مدل Fun حجم 150 میلی لیتر,https://www.khanoumi.com/products/she-fun-for-women-spray-22165,سایر محصولات,اصلااااا به درد نمیخوره,0,true,2025-10-28T21:41:26.3105483+03:30,خنثی,0.35,تجربه محصول,تجربه محصول,,false,ندارد,false,
اسپری زنانه مدل Fun حجم 150 میلی لیتر,https://www.khanoumi.com/products/she-fun-for-women-spray-22165,سایر محصولات,افتضاح بوس,0,true,2025-10-25T09:46:39.875786+03:30,منفی,0.67,نارضایتی کلی,نارضایتی کلی,نارضایتی کلی,true,متوسط,false,
اسپری زنانه مدل Fun حجم 150 میلی لیتر,https://www.khanoumi.com/products/she-fun-for-women-spray-22165,سایر محصولات,ماندگاری نداره بعد از نیم ساعت بوش کاملا میره,0,true,2025-10-02T11:21:44.1576026+03:30,خنثی,0.35,ماندگاری | بو و رایحه,بو و رایحه,,false,ندارد,false,
اسپری زنانه مدل Fun حجم 150 میلی لیتر,https://www.khanoumi.com/products/she-fun-for-women-spray-22165,سایر محصولات,بوی خوبی داره ماندگاریشم متوسطه,0,true,2025-08-23T19:34:19.9608217+00:00,خنثی,0.35,ماندگاری | بو و رایحه,بو و رایحه,,false,ندارد,false,
اسپری زنانه مدل Fun حجم 150 میلی لیتر,https://www.khanoumi.com/products/she-fun-for-women-spray-22165,سایر محصولات,مثل همیشه بوی خوب و نوستالژی,0,true,2025-08-08T15:17:28.3179936+00:00,مثبت,0.67,بو و رایحه,بو و رایحه,,false,ندارد,false,
اسپری زنانه مدل Fun حجم 150 میلی لیتر,https://www.khanoumi.com/products/she-fun-for-women-spray-22165,سایر محصولات,استفاده کردم بو و ماندگاری خوبی داره,0,true,2025-07-25T11:44:39.6271431+00:00,خنثی,0.35,ماندگاری | تجربه محصول | بو و رایحه,بو و رایحه,,false,ندارد,false,
اسپری زنانه مدل Fun حجم 150 میلی لیتر,https://www.khanoumi.com/products/she-fun-for-women-spray-22165,سایر محصولات,هم بوی خوبی داره هم ماندگاری بالا,0,true,2025-07-17T13:37:53.5859067+00:00,خنثی,0.35,ماندگاری | بو و رایحه,بو و رایحه,,false,ندارد,false,
اسپری زنانه مدل Fun حجم 150 میلی لیتر,https://www.khanoumi.com/products/she-fun-for-women-spray-22165,سایر محصولات,"بوی عالییییی 
ماندگاری هم با توجه به قیمت خوبه",0,true,2025-06-24T18:08:39.0030763+00:00,مثبت,0.79,ماندگاری | قیمت | بو و رایحه | رضایت کلی,قیمت,,false,ندارد,false,
اسپری زنانه مدل Fun حجم 150 میلی لیتر,https://www.khanoumi.com/products/she-fun-for-women-spray-22165,سایر محصولات,عاشق بوشم ماندگاریشم خوبه,0,true,2025-06-22T19:27:59.1801286+00:00,مثبت,0.67,ماندگاری,ماندگاری,,false,ندارد,false,
اسپری زنانه مدل Fun حجم 150 میلی لیتر,https://www.khanoumi.com/products/she-fun-for-women-spray-22165,سایر محصولات,"بوش عالیه ماندگاریم داره
نسبت به قیمتش عالیه",0,true,2025-06-11T09:39:42.7752265+00:00,مثبت,0.95,رضایت کلی | ماندگاری | بو و رایحه,بو و رایحه,,false,ندارد,false,
اسپری زنانه مدل Fun حجم 150 میلی لیتر,https://www.khanoumi.com/products/she-fun-for-women-spray-22165,سایر محصولات,خوشبو ولی ماندگاری صفر,0,true,2025-05-18T06:24:56.5933203+00:00,خنثی,0.35,ماندگاری | بو و رایحه,بو و رایحه,,false,ندارد,false,
اسپری زنانه مدل Fun حجم 150 میلی لیتر,https://www.khanoumi.com/products/she-fun-for-women-spray-22165,سایر محصولات,خیلی خوب بود من از نوجوونی اسپرهای شی رو میزدم اینم نسبتا خوب بود,0,true,2025-05-16T01:19:02.1931328+00:00,مثبت,0.95,رضایت کلی,رضایت کلی,,false,ندارد,false,
اسپری زنانه مدل Fun حجم 150 میلی لیتر,https://www.khanoumi.com/products/she-fun-for-women-spray-22165,سایر محصولات,بوش خیلی شیرینه سلیقه من نیس برا کسایی ک رایحه شیرین دوس دارن عالیه,0,true,2025-05-10T12:20:04.9157449+00:00,مثبت,0.79,بو و رایحه | رضایت کلی,بو و رایحه,,false,ندارد,false,
اسپری زنانه مدل Fun حجم 150 میلی لیتر,https://www.khanoumi.com/products/she-fun-for-women-spray-22165,سایر محصولات,بوی طراوت و تمیزی میده من دوسش دارم,0,true,2025-04-14T10:06:13.8022954+00:00,خنثی,0.35,بو و رایحه,بو و رایحه,,false,ندارد,false,
اسپری زنانه مدل Fun حجم 150 میلی لیتر,https://www.khanoumi.com/products/she-fun-for-women-spray-22165,سایر محصولات,کلا تمام اسپری های شی خوبن منکه چند سالی هست استفاده میکنم,0,true,2025-04-10T09:45:42.1782535+00:00,خنثی,0.35,تجربه محصول,تجربه محصول,,false,ندارد,false,
اسپری زنانه مدل Fun حجم 150 میلی لیتر,https://www.khanoumi.com/products/she-fun-for-women-spray-22165,سایر محصولات,بوش خیلی عالیه،ماندگاریش هم واقعا خوبه؛پیشنهاد میشه,0,true,2025-03-22T12:53:07.8299889+00:00,مثبت,0.91,ماندگاری | رضایت کلی | بو و رایحه,بو و رایحه,,false,ندارد,false,
اسپری زنانه مدل Fun حجم 150 میلی لیتر,https://www.khanoumi.com/products/she-fun-for-women-spray-22165,سایر محصولات,"یعنی من هرچقدر از بوش تعریف کنم کمه
محشره محشررررر",0,true,2025-02-28T12:45:33.2884167+00:00,خنثی,0.35,بو و رایحه,بو و رایحه,,false,ندارد,false,
اسپری زنانه مدل Fun حجم 150 میلی لیتر,https://www.khanoumi.com/products/she-fun-for-women-spray-22165,سایر محصولات,بوش خیلی عالیه و ماندگاری خوبی هم داره،پیشنهاد میشه,0,true,2025-02-14T09:34:34.1319552+00:00,مثبت,0.79,ماندگاری | رضایت کلی | بو و رایحه,بو و رایحه,,false,ندارد,false,
اسپری زنانه مدل Fun حجم 150 میلی لیتر,https://www.khanoumi.com/products/she-fun-for-women-spray-22165,سایر محصولات,بوش خیلی خوبه ,0,true,2024-09-28T09:21:44+00:00,مثبت,0.79,رضایت کلی | بو و رایحه,بو و رایحه,,false,ندارد,false,
ادوتویلت زنانه کول,https://www.khanoumi.com/products/she-cool-eau-de-toilette-for-women-22167,عطر و ادکلن,خوشبوعه,11,true,2019-03-17T01:39:19.82+00:00,خنثی,0.35,بو و رایحه,بو و رایحه,,false,ندارد,false,
اسپری دئودورانت کول,https://www.khanoumi.com/products/she-cool-spray-women-22168,بهداشت شخصی,خیلی راضی بودم,0,true,2026-02-20T13:50:06.7850925+03:30,مثبت,0.67,رضایت کلی,رضایت کلی,,false,ندارد,false,
اسپری دئودورانت کول,https://www.khanoumi.com/products/she-cool-spray-women-22168,بهداشت شخصی,همش هواست عطر جیبی بهتر از اینه,0,true,2025-09-07T10:45:06.7543569+03:30,خنثی,0.35,تجربه محصول,تجربه محصول,,false,ندارد,false,
اسپری دئودورانت کول,https://www.khanoumi.com/products/she-cool-spray-women-22168,بهداشت شخصی,بین چهارتا رنگ برند شی مناسبترینش برای تابستون همینه که کلا حس خنکی خوبی داره . تند هم نیست ملایم ملایم. من تنها رنگی که نخریده بودم تاحالا همین بود که اینم عالی بود,0,true,2025-07-13T09:13:54.6011091+00:00,مثبت,0.79,رنگ و شید | رضایت کلی,رنگ و شید,,false,ندارد,false,
اسپری دئودورانت کول,https://www.khanoumi.com/products/she-cool-spray-women-22168,بهداشت شخصی,بوی خیلی خوبی داره ولی انگار حجمش کمتر هست,0,true,2024-08-01T14:30:28+00:00,مثبت,0.67,حجم و مقدار | بو و رایحه | رضایت کلی,بو و رایحه,,false,ندارد,false,
اسپری دئودورانت کول,https://www.khanoumi.com/products/she-cool-spray-women-22168,بهداشت شخصی,عالیه خیلی بوی خنک و تازه ای داره اصلا نمیزاره بوی عزق بگیری من که راضی بودم پیشنهاد میکنم ,0,true,2024-07-12T23:11:15+00:00,مثبت,0.95,پیشنهاد به دیگران | بو و رایحه | رضایت کلی,بو و رایحه,,false,ندارد,false,
اسپری دئودورانت کول,https://www.khanoumi.com/products/she-cool-spray-women-22168,بهداشت شخصی,"بوی فوق العاده ای داره
یه حس خنکی خوبی داره
ماندگار هست ",0,true,2024-06-21T01:34:01+00:00,مثبت,0.67,بو و رایحه | رضایت کلی,بو و رایحه,,false,ندارد,false,
مسواک فوکوس با برس نرم  با محافظ ارسال با رنگ رندوم,https://www.khanoumi.com/products/trisa-focus-soft-toothbrush-22198,سایر محصولات,برس فوق‌العاده خشک و خشنه,0,true,2026-07-18T13:51:38.1433314+03:30,مثبت,0.67,رضایت کلی,رضایت کلی,,false,ندارد,false,
مسواک فوکوس با برس نرم  با محافظ ارسال با رنگ رندوم,https://www.khanoumi.com/products/trisa-focus-soft-toothbrush-22198,سایر محصولات,"سفته و اصلا نرم نیست
انگار چوبه",0,true,2025-12-03T14:21:35.0286348+03:30,خنثی,0.35,تجربه محصول,تجربه محصول,,false,ندارد,false,
نرم کننده عمیق موهای رنگ  شده,https://www.khanoumi.com/products/cinere-pomegranate-revitalzing-deep-conditioner-22219,نرم‌کننده و ماسک مو,به نسبت خوبه. اگر منظم استفاده بشه اثر بخشی قابل قبولی حتی برای موهایی که در اثر رنگ کردن وز و بدحالت شدن داره. سالم و به موقع بدستم رسید.,0,true,2026-05-09T21:42:34.9992014+03:30,مثبت,0.67,رنگ و شید | تجربه محصول,رنگ و شید,,false,ندارد,false,
نرم کننده عمیق موهای رنگ  شده,https://www.khanoumi.com/products/cinere-pomegranate-revitalzing-deep-conditioner-22219,نرم‌کننده و ماسک مو,خیلیییی عالی من موهام بلونده و عالی نرم و درخشان میکنه موهامو البته بگم جنس موهام لخت هست ولی در کل اگه این نرم کننده نباشه موهام وز میشه,0,true,2026-05-05T14:05:26.9891923+03:30,مثبت,0.79,رضایت کلی,رضایت کلی,,false,ندارد,false,
نرم کننده عمیق موهای رنگ  شده,https://www.khanoumi.com/products/cinere-pomegranate-revitalzing-deep-conditioner-22219,نرم‌کننده و ماسک مو,سالم و کاملا به موقع بدستم رسید. اندازه‌اش نسبتا بزرگ و‌ خوب بود. چندباری که استفاده شد نتیجه رضایت بخشی داشت به شرطی که در طولانی مدت باعث ریزش مو نشه.,0,true,2025-12-24T15:50:54.6519518+03:30,مثبت,0.79,اثربخشی,اثربخشی,,false,ندارد,false,
نرم کننده عمیق موهای رنگ  شده,https://www.khanoumi.com/products/cinere-pomegranate-revitalzing-deep-conditioner-22219,نرم‌کننده و ماسک مو,این نسبت به رنگ بنفش آبرسانش.... بهتره... موهارو نرم میکنه راضیم,0,true,2025-09-24T16:12:15.5322363+03:30,مثبت,0.79,رنگ و شید | رضایت کلی,رنگ و شید,,false,ندارد,false,
نرم کننده عمیق موهای رنگ  شده,https://www.khanoumi.com/products/cinere-pomegranate-revitalzing-deep-conditioner-22219,نرم‌کننده و ماسک مو,فوق العاده موهارو نرم و ابریشمی میکنه,0,true,2025-02-06T09:27:47.2731401+00:00,مثبت,0.67,رضایت کلی,رضایت کلی,,false,ندارد,false,
نرم کننده عمیق موهای رنگ  شده,https://www.khanoumi.com/products/cinere-pomegranate-revitalzing-deep-conditioner-22219,نرم‌کننده و ماسک مو,"کیفیتش خوبه. حجمش میتونست بیشتر باشه 
موی خیلی وز شده رو به خوبی نرم میکنه .",0,true,2024-08-15T00:25:52+00:00,مثبت,0.67,کیفیت محصول,کیفیت محصول,,false,ندارد,false,
نرم کننده عمیق موهای رنگ  شده,https://www.khanoumi.com/products/cinere-pomegranate-revitalzing-deep-conditioner-22219,نرم‌کننده و ماسک مو,به نظر من خیلی معمولی ه، اولش تو حمام به موها نرمی میده ولی بعدش موهای من رو ک خشک تر کرد و پخش و پلا. اصلن راضی نبودم ,4,true,2022-09-28T08:36:17+00:00,منفی,0.67,نارضایتی کلی,نارضایتی کلی,نارضایتی کلی,true,متوسط,false,
سايه ابرو تکی,https://www.khanoumi.com/products/doucce-freematic-brow-powder-22228,سایر محصولات,"خیلییییییی کوچیکه اصلا شوک شدم دیدمش قد یه بند انگشتم نیست!!!
",7,true,2019-12-08T13:34:54+00:00,خنثی,0.35,تجربه محصول,تجربه محصول,,false,ندارد,false,
شامپو ضد قارچ بدن,https://www.khanoumi.com/products/irox-octopirox-body-shampoo-22230,شامپو و شستشوی مو,خیلی بوی خوبی داره,0,true,2026-03-28T00:25:09.0470664+03:30,خنثی,0.35,بو و رایحه,بو و رایحه,,false,ندارد,false,
شامپو ضد قارچ بدن,https://www.khanoumi.com/products/irox-octopirox-body-shampoo-22230,شامپو و شستشوی مو,رضایت بخش بود.تاثیرش قابل مشاهده هست برای رفع لک های قهوه ایی ناشی از قارچ های پوستی.,0,true,2025-10-26T20:35:15.3739589+03:30,خنثی,0.35,اثربخشی,اثربخشی,,false,ندارد,false,
شامپو ضد قارچ بدن,https://www.khanoumi.com/products/irox-octopirox-body-shampoo-22230,شامپو و شستشوی مو,فوق‌العاده عالیههه چون دخترم مداوم استخر میره،بعد استخر میزنه و بلافاصله رد قارچ رو ازبین میبره وهیچ اثری نیست,0,true,2025-05-18T08:06:03.8458741+00:00,مثبت,0.91,رضایت کلی | اثربخشی,اثربخشی,,false,ندارد,false,
کرم مرطوب کننده هیدرالیفت 50میل,https://www.khanoumi.com/products/dermalift-hydralift-cream-22234,کرم و مرطوب‌کننده صورت,بسیاررررر راضی هستم  آبرسانی بالا و به پوست  هم نرمی و لطافت خیللللللی زیادی میده توصیه میکنم بخرین,0,true,2026-08-26T20:02:19.8481027+03:30,مثبت,0.79,پیشنهاد به دیگران,پیشنهاد به دیگران,,false,ندارد,false,
کرم مرطوب کننده هیدرالیفت 50میل,https://www.khanoumi.com/products/dermalift-hydralift-cream-22234,کرم و مرطوب‌کننده صورت,پوست من معمولیه.راضیم ازش,0,true,2026-08-02T17:10:13.4402913+03:30,مثبت,0.79,رضایت کلی | نارضایتی کلی,نارضایتی کلی,,false,ندارد,false,
کرم مرطوب کننده هیدرالیفت 50میل,https://www.khanoumi.com/products/dermalift-hydralift-cream-22234,کرم و مرطوب‌کننده صورت,با توجه به قیمتش و اینکه برا پوستم مناسب بود پوست مختلط ،از خریدم راضی بودم اصلا جوش نزد و پوستم رو آبرسانی کرد، ممنونم از خانومی,0,true,2026-07-22T18:49:12.8605894+03:30,مثبت,0.79,حساسیت و واکنش پوست/مو | تجربه محصول | رضایت کلی,حساسیت و واکنش پوست/مو,,false,ندارد,false,
کرم مرطوب کننده هیدرالیفت 50میل,https://www.khanoumi.com/products/dermalift-hydralift-cream-22234,کرم و مرطوب‌کننده صورت,ببینید مرطوب کننده خوبیه ولی خیلی سنگینه ، یعنی اگه پوست حساس و مستعد جوش دارین، من پیشنهادش نمیکنم ولی اگه پوستتون دهیدراته و خشکه بنظرم خوبه براتون بعد ابرسان استفاده کنید,0,true,2026-07-11T14:33:42.596106+03:30,مثبت,0.67,حساسیت و واکنش پوست/مو,حساسیت و واکنش پوست/مو,,false,ندارد,false,
کرم مرطوب کننده هیدرالیفت 50میل,https://www.khanoumi.com/products/dermalift-hydralift-cream-22234,کرم و مرطوب‌کننده صورت,بعد دو سال استفاده باید بگم عالیه،  حس تازگی و لطافت به پوست میده مرسی خانومی,0,true,2026-06-29T21:12:10.8689447+03:30,مثبت,0.91,رضایت کلی,رضایت کلی,,false,ندارد,false,
کرم مرطوب کننده هیدرالیفت 50میل,https://www.khanoumi.com/products/dermalift-hydralift-cream-22234,کرم و مرطوب‌کننده صورت,"این کرم عالیه هم بوی خیلی خوبی داره هم پوست رو آبرسانی و لطیف میکنه هم رطوبت رو طولانی روی پوست نگه میداره 
برای زیر آرایش هم خیلی خوب بود",0,true,2026-06-20T13:07:53.3409495+03:30,مثبت,0.95,رضایت کلی | بو و رایحه | تجربه محصول,بو و رایحه,,false,ندارد,false,
کرم مرطوب کننده هیدرالیفت 50میل,https://www.khanoumi.com/products/dermalift-hydralift-cream-22234,کرم و مرطوب‌کننده صورت,اون یکی مدلش بهتره,0,true,2026-06-19T10:05:02.0373174+03:30,خنثی,0.35,تجربه محصول,تجربه محصول,,false,ندارد,false,
کرم مرطوب کننده هیدرالیفت 50میل,https://www.khanoumi.com/products/dermalift-hydralift-cream-22234,کرم و مرطوب‌کننده صورت,من پوستم چربه ولی حساس وهمیشه احساس سوزش دارم این مرطوب کننده واسم آب رواتیشه اما اینسری ک سفارش دادم مثل قبلی نبودمرطوب کنندیش مثله قبل نیست وحتی ظاهرخودکرم فرق میکنه,0,true,2026-06-17T11:58:37.4616793+03:30,خنثی,0.35,حساسیت و واکنش پوست/مو | تجربه محصول,حساسیت و واکنش پوست/مو,,false,ندارد,false,
کرم مرطوب کننده هیدرالیفت 50میل,https://www.khanoumi.com/products/dermalift-hydralift-cream-22234,کرم و مرطوب‌کننده صورت,من کلا محصولات درمالیفت استفاده میکنم ولی اینو دوست نداشتم، بوی بدی هم داشت، توصیه نمیکنم,0,true,2026-05-29T21:04:51.3404238+03:30,خنثی,0.35,تجربه محصول | بو و رایحه,بو و رایحه,,false,ندارد,false,
کرم مرطوب کننده هیدرالیفت 50میل,https://www.khanoumi.com/products/dermalift-hydralift-cream-22234,کرم و مرطوب‌کننده صورت,من دوسش داشتم بوی ملایم خوبی داره واسه پوست خشک من هم خوب بود,0,true,2026-04-10T18:09:32.7409596+03:30,مثبت,0.79,بو و رایحه,بو و رایحه,,false,ندارد,false,
کرم مرطوب کننده هیدرالیفت 50میل,https://www.khanoumi.com/products/dermalift-hydralift-cream-22234,کرم و مرطوب‌کننده صورت,"حجمش کمه و برای پوست من ک خشک اصلا مرطوب کنندگی ندار 
درکل دیگ نمیخرم برا یبار خریدن و تست کردن خریدم ک راضی نبودم اونقد",0,true,2026-03-31T16:26:06.6921594+03:30,منفی,0.67,حجم و مقدار | تجربه محصول,حجم و مقدار,حجم و مقدار,true,پایین,false,
کرم مرطوب کننده هیدرالیفت 50میل,https://www.khanoumi.com/products/dermalift-hydralift-cream-22234,کرم و مرطوب‌کننده صورت,"زود جذبه ولی من چون به صورتم نساخت برای دست استفاده کردم
زیاد راضی نبودم در کل
حجمش واقعاا کمه، گزینه بهتری هم هست",0,true,2026-03-29T14:55:34.7827299+03:30,منفی,0.67,تجربه محصول,تجربه محصول,,false,ندارد,false,
کرم مرطوب کننده هیدرالیفت 50میل,https://www.khanoumi.com/products/dermalift-hydralift-cream-22234,کرم و مرطوب‌کننده صورت,بوی خوبی داره و عالی,0,true,2026-03-02T13:24:43.798972+03:30,مثبت,0.67,بو و رایحه | رضایت کلی,بو و رایحه,,false,ندارد,false,
کرم مرطوب کننده هیدرالیفت 50میل,https://www.khanoumi.com/products/dermalift-hydralift-cream-22234,کرم و مرطوب‌کننده صورت,افتضاح ترین آبرسان,0,true,2026-01-12T17:56:58.7403333+03:30,منفی,0.67,نارضایتی کلی,نارضایتی کلی,نارضایتی کلی,true,متوسط,false,
کرم مرطوب کننده هیدرالیفت 50میل,https://www.khanoumi.com/products/dermalift-hydralift-cream-22234,کرم و مرطوب‌کننده صورت,من پوست مختلطی دارم اولش ک میزنم پوستم قشنگ آبرسانی میشه و نرم میشن ولی چند ساعت بعدش یکم چرب میشه صورتم درکل خوبه,0,true,2025-12-17T00:49:48.6130499+03:30,مثبت,0.67,رضایت کلی,رضایت کلی,,false,ندارد,false,
کرم مرطوب کننده هیدرالیفت 50میل,https://www.khanoumi.com/products/dermalift-hydralift-cream-22234,کرم و مرطوب‌کننده صورت,راضی ام و دفعه دومه سفارش میدم خشکی ها رو رفع میکنه و نمیذاره صورتت خشک شع و خیلی سبکه,0,true,2025-12-14T01:54:25.9737194+03:30,مثبت,0.79,خرید مجدد | رضایت کلی,خرید مجدد,,false,ندارد,false,
کرم مرطوب کننده هیدرالیفت 50میل,https://www.khanoumi.com/products/dermalift-hydralift-cream-22234,کرم و مرطوب‌کننده صورت,اولا نسبت ب قیمتش اب رسان خوبیه و اینکه حس سنگینی رو‌ پوست نمیده منی ک پوستم خشکه کاملا برام جوابه راضیم ازش,0,true,2025-12-11T11:11:15.854082+03:30,مثبت,0.79,حساسیت و واکنش پوست/مو | رضایت کلی,حساسیت و واکنش پوست/مو,,false,ندارد,false,
کرم مرطوب کننده هیدرالیفت 50میل,https://www.khanoumi.com/products/dermalift-hydralift-cream-22234,کرم و مرطوب‌کننده صورت,با اینکه پوست من بشدت خشکه ولی من دوسش دارم ازش راضیم سالهاش ازش استفاده میکنم سریج جذب میشه,0,true,2025-12-11T11:10:25.3580721+03:30,مثبت,0.79,تجربه محصول | رضایت کلی,تجربه محصول,,false,ندارد,false,
کرم مرطوب کننده هیدرالیفت 50میل,https://www.khanoumi.com/products/dermalift-hydralift-cream-22234,کرم و مرطوب‌کننده صورت,من خیلی از این کرم راضی بودم پوستم نرمال رو به خشک ،همین که چرب نیست و حس سنگینی به پوست نمیده عالیه,0,true,2025-12-06T02:49:52.6903451+03:30,منفی,0.67,رضایت کلی,رضایت کلی,,false,ندارد,false,
کرم مرطوب کننده هیدرالیفت 50میل,https://www.khanoumi.com/products/dermalift-hydralift-cream-22234,کرم و مرطوب‌کننده صورت,مامان من پوست خیلی خشکی دارن. براشون خریدم نسبتا راضی بودن. نسبت به لافارر که قیمت بالایی داره بهتر بود,0,true,2025-11-27T12:58:07.781214+03:30,مثبت,0.67,قیمت | تجربه محصول,قیمت,,false,ندارد,false,
کرم مرطوب کننده هیدرالیفت 50میل,https://www.khanoumi.com/products/dermalift-hydralift-cream-22234,کرم و مرطوب‌کننده صورت,من نمیدونم چرا از وقتی از این کرم استفاده میکنم همش دارم جوش میزنم,0,true,2025-11-27T12:29:30.1974686+03:30,خنثی,0.35,تجربه محصول | حساسیت و واکنش پوست/مو,حساسیت و واکنش پوست/مو,,false,ندارد,false,
کرم مرطوب کننده هیدرالیفت 50میل,https://www.khanoumi.com/products/dermalift-hydralift-cream-22234,کرم و مرطوب‌کننده صورت,برای من که پوست خشکی دارم،به تنهایی کافی نیست.حتما باید قبلش سرم آبرسان بزنم به صورتم.زود جذبه و احساس چربی نامیده.به نسبت قیمتش،کاراییش خوبه,0,true,2025-10-10T13:51:44.7704963+03:30,مثبت,0.67,اثربخشی,اثربخشی,,false,ندارد,false,
کرم مرطوب کننده هیدرالیفت 50میل,https://www.khanoumi.com/products/dermalift-hydralift-cream-22234,کرم و مرطوب‌کننده صورت,من از ازش خریدم خیلی راضیم سه تای دیگه شم سفارش دادم، برای منی که پوستم خیلی خشکه عالیه,0,true,2025-10-07T22:04:22.6347339+03:30,مثبت,0.95,رضایت کلی | تجربه محصول,تجربه محصول,,false,ندارد,false,
کرم مرطوب کننده هیدرالیفت 50میل,https://www.khanoumi.com/products/dermalift-hydralift-cream-22234,کرم و مرطوب‌کننده صورت,من که خیلی از این کرم راضی هستم,0,true,2025-10-04T11:29:29.0817865+03:30,مثبت,0.67,رضایت کلی,رضایت کلی,,false,ندارد,false,
کرم مرطوب کننده هیدرالیفت 50میل,https://www.khanoumi.com/products/dermalift-hydralift-cream-22234,کرم و مرطوب‌کننده صورت,اصلا چرب نیست سریع جذب میشه و چندین ساله دارم ازش استفاده میکنم و خیلیییی بوشو دوس دارم,0,true,2025-09-29T21:52:14.6277385+03:30,خنثی,0.35,تجربه محصول,تجربه محصول,,false,ندارد,false,
کرم مرطوب کننده هیدرالیفت 50میل,https://www.khanoumi.com/products/dermalift-hydralift-cream-22234,کرم و مرطوب‌کننده صورت,فوق العادس کلا این برند,0,true,2025-09-15T23:09:51.3584253+03:30,خنثی,0.35,رضایت کلی,رضایت کلی,,false,ندارد,false,
کرم مرطوب کننده هیدرالیفت 50میل,https://www.khanoumi.com/products/dermalift-hydralift-cream-22234,کرم و مرطوب‌کننده صورت,خیلی کوچیکه خیلی,0,true,2025-08-11T18:32:19.6852861+00:00,خنثی,0.35,تجربه محصول,تجربه محصول,,false,ندارد,false,
کرم مرطوب کننده هیدرالیفت 50میل,https://www.khanoumi.com/products/dermalift-hydralift-cream-22234,کرم و مرطوب‌کننده صورت,حس چربی نمیده و زود جذب میشه رضایت بخشه,0,true,2025-07-19T08:05:41.1928938+00:00,خنثی,0.35,تجربه محصول,تجربه محصول,,false,ندارد,false,
کرم مرطوب کننده هیدرالیفت 50میل,https://www.khanoumi.com/products/dermalift-hydralift-cream-22234,کرم و مرطوب‌کننده صورت,خیلی غلیظه مثل پماد می‌مونه. پوستم مختلط و دهیدراته‌ست وقتی استفاده می‌کنم انگار آب میاد زیر پوستم ولی فرداش جوش می‌زنم بهم نمی‌سازه,0,true,2025-05-25T11:27:35.0090671+00:00,خنثی,0.35,تجربه محصول | حساسیت و واکنش پوست/مو,حساسیت و واکنش پوست/مو,,false,ندارد,false,
کرم مرطوب کننده هیدرالیفت 50میل,https://www.khanoumi.com/products/dermalift-hydralift-cream-22234,کرم و مرطوب‌کننده صورت,من اینو برا خواهرم سفارش دادم پوست مختلطی داره اینجا نوشته انواع پوست ولی وقتی ب دستم رسید نوشته برای پوستهای خشک و خیلی خشک ! این چه وضعیه چرا توضیحات با خود محصول هماهنگی نداره!!,0,true,2025-03-02T09:06:17.2663126+00:00,خنثی,0.35,تجربه محصول,تجربه محصول,,false,ندارد,false,
کرم مرطوب کننده هیدرالیفت 50میل,https://www.khanoumi.com/products/dermalift-hydralift-cream-22234,کرم و مرطوب‌کننده صورت,عالیه زود جذب میشه و لطیف و نرم میکنه,0,true,2024-12-14T11:25:25.0756009+00:00,مثبت,0.79,رضایت کلی,رضایت کلی,,false,ندارد,false,
کرم مرطوب کننده هیدرالیفت 50میل,https://www.khanoumi.com/products/dermalift-hydralift-cream-22234,کرم و مرطوب‌کننده صورت,محصول خیلی خوبیه.. سبکه و بوی خیلی خوبی داره جذب سریعی هم داره .,0,true,2024-12-01T14:42:12.6848133+00:00,مثبت,0.79,رضایت کلی | بو و رایحه | تجربه محصول,بو و رایحه,,false,ندارد,false,
کرم مرطوب کننده هیدرالیفت 50میل,https://www.khanoumi.com/products/dermalift-hydralift-cream-22234,کرم و مرطوب‌کننده صورت,"من قبلا از این کرم استفاده کردم،به شدت سبک و زود جذبه و پوست رو‌خیلی مرطوب نگه میداره 
بهترین گزینه بعد از کرم آبرسان،استفاده از این مرطوب کننده هست واقعا با این قیمت کیفیت بالایی داره و مقدار کمی ازش برای کل صورت کافیه و مدت زیادی میتونید استفاده کنید",0,true,2024-10-23T17:17:12.7325598+00:00,مثبت,0.67,قیمت | کیفیت محصول | تجربه محصول | رضایت کلی,قیمت,,false,ندارد,false,
ضد آفتاب بی رنگ مناسب پوست چرب و مختلط مدلPhotoderm Aquafluid Spf50 حجم 40میل,https://www.khanoumi.com/products/bioderma-photoderm-max-aquafluid-sunscreen-spf-50-22240,ضدآفتاب,خیلب خوبه مخصوصا واسه پوستای چرب,11,true,2019-10-10T08:28:26+00:00,مثبت,0.67,رضایت کلی,رضایت کلی,,false,ندارد,false,
ضد آفتاب بی رنگ مناسب پوست چرب و مختلط مدلPhotoderm Aquafluid Spf50 حجم 40میل,https://www.khanoumi.com/products/bioderma-photoderm-max-aquafluid-sunscreen-spf-50-22240,ضدآفتاب,خیلی خوبه مخصوصا واسه پوستای چرب,1,true,2019-10-09T14:50:14+00:00,مثبت,0.79,رضایت کلی,رضایت کلی,,false,ندارد,false,
ضد آفتاب بی رنگ مناسب پوست چرب و مختلط مدلPhotoderm Aquafluid Spf50 حجم 40میل,https://www.khanoumi.com/products/bioderma-photoderm-max-aquafluid-sunscreen-spf-50-22240,ضدآفتاب,من این کرم رو خیلی دوست دارم دققا بعد از ۱ هفته تاثیرش رو میتونین ببینین واسه پوستای چرب خیلی عالیه من همین جوری جوش میزدم ولی از وقتی این کرم رو میزنم جوشام خیلی کمتر شده,3,true,2019-10-09T14:19:00+00:00,مثبت,0.79,اثربخشی | رضایت کلی | حساسیت و واکنش پوست/مو,حساسیت و واکنش پوست/مو,,false,ندارد,false,
ضد آفتاب بی رنگ مناسب پوست چرب و مختلط مدلPhotoderm Aquafluid Spf50 حجم 40میل,https://www.khanoumi.com/products/bioderma-photoderm-max-aquafluid-sunscreen-spf-50-22240,ضدآفتاب,این ضد آفتاب عالیه، چون حالت مایع داره به راحتی روی پوست می‌خوابه و چون بی رنگه میشه در دو حالت ازش استفاده کرد، یکی اینکه فقط خودشو زد و یکی اینکه روش آرایش کرد. من هر دو رو امتحان کردم و خیلی راضیم. ,11,true,2019-07-14T11:29:27.4966667+00:00,مثبت,0.95,رضایت کلی | تجربه محصول | ترکیبات,ترکیبات,,false,ندارد,false,
ضد آفتاب بی رنگ مناسب پوست چرب و مختلط مدلPhotoderm Aquafluid Spf50 حجم 40میل,https://www.khanoumi.com/products/bioderma-photoderm-max-aquafluid-sunscreen-spf-50-22240,ضدآفتاب,من استفاده کردم عالیه,12,true,2019-06-26T08:24:06.7666667+00:00,مثبت,0.79,رضایت کلی | تجربه محصول,تجربه محصول,,false,ندارد,false,
اسپری دئودورانت لاو,https://www.khanoumi.com/products/she-love-for-women-spray-22249,بهداشت شخصی,"خیلی خوشبوعه
رنگ آبیش داشتم رنگ نارنجیشم گرفتم خیلی راضیم",0,true,2026-05-02T14:05:45.6974396+03:30,مثبت,0.79,رنگ و شید | بو و رایحه | رضایت کلی | تجربه محصول,رنگ و شید,,false,ندارد,false,
اسپری دئودورانت لاو,https://www.khanoumi.com/products/she-love-for-women-spray-22249,بهداشت شخصی,نزدیک به صورتیشه مدل فان منظورم. بوی شیرینی داره برای زمستون و پاییز بهتره تا تابستون . چندساله از برند شی استفاده میکنم بین برندهای ایرانی کیفیت بهتری داره,0,true,2025-07-13T09:17:08.6106327+00:00,خنثی,0.35,کیفیت محصول | تجربه محصول | بو و رایحه,کیفیت محصول,,false,ندارد,false,
اسپری دئودورانت لاو,https://www.khanoumi.com/products/she-love-for-women-spray-22249,بهداشت شخصی,اصلا ماندگاری ندارد یعنی دو دقیقه بعد هیچی نفهیدیم,0,true,2019-09-17T10:38:25+00:00,خنثی,0.35,ماندگاری,ماندگاری,,false,ندارد,false,
پد روزانه خیلی نازک به نرمی کتان 20 عددی کد 8330,https://www.khanoumi.com/products/tafte-daily-pad-22252,سایر محصولات,دوستان عزیز این پد روزانه هست ، نوار بهداشتی که نیست !,0,true,2026-08-18T10:05:06.4252876+03:30,خنثی,0.35,رضایت کلی,رضایت کلی,,false,ندارد,false,
پد روزانه خیلی نازک به نرمی کتان 20 عددی کد 8330,https://www.khanoumi.com/products/tafte-daily-pad-22252,سایر محصولات,کلا برا دوره قبل و بعد پریوده بحاطر ترشحات فکنم سایزهای دیگم داره اگ کوچیکه براتون دوتا پد بذارید خوبه در کل,0,true,2026-07-31T00:51:39.5136364+03:30,مثبت,0.67,رضایت کلی,رضایت کلی,,false,ندارد,false,
پد روزانه خیلی نازک به نرمی کتان 20 عددی کد 8330,https://www.khanoumi.com/products/tafte-daily-pad-22252,سایر محصولات,یایزش فوق العاده کوچیک و باریکه و عملا کاربردی نداره,0,true,2026-01-22T03:35:52.1942362+03:30,مثبت,0.67,رضایت کلی,رضایت کلی,,false,ندارد,false,
پد روزانه خیلی نازک به نرمی کتان 20 عددی کد 8330,https://www.khanoumi.com/products/tafte-daily-pad-22252,سایر محصولات,خبلیییییی کوچیک و نازکه. اندازه کف دست. فقط برای ترشح مناسبه یا روزهای اخر پریود که لکبینی دارید.,0,true,2025-02-06T22:47:43.6469691+00:00,خنثی,0.35,سؤال و ابهام,سؤال و ابهام,,false,ندارد,false,
پد روزانه خیلی نازک به نرمی کتان 20 عددی کد 8330,https://www.khanoumi.com/products/tafte-daily-pad-22252,سایر محصولات,خیلی کوچیک بود من اصلا راضی نبودم,0,true,2024-12-09T11:42:24.6908474+00:00,منفی,0.67,رضایت کلی,رضایت کلی,,false,ندارد,false,
پد روزانه خیلی نازک به نرمی کتان 20 عددی کد 8330,https://www.khanoumi.com/products/tafte-daily-pad-22252,سایر محصولات,نازک و خوبه,0,true,2024-08-08T13:07:18+00:00,مثبت,0.67,رضایت کلی,رضایت کلی,,false,ندارد,false,
پد روزانه خیلی نازک به نرمی کتان 20 عددی کد 8330,https://www.khanoumi.com/products/tafte-daily-pad-22252,سایر محصولات,بنظرم واسه روزانه خوبه. خیلی ساله استفاده میکنم,0,true,2024-07-22T15:44:44+00:00,مثبت,0.67,تجربه محصول,تجربه محصول,,false,ندارد,false,
پد روزانه خیلی نازک به نرمی کتان 20 عددی کد 8330,https://www.khanoumi.com/products/tafte-daily-pad-22252,سایر محصولات,من که راضی نبودم سایزش خیلی خیلی کوچیک بود,0,true,2024-03-27T23:49:48+00:00,منفی,0.67,رضایت کلی,رضایت کلی,,false,ندارد,false,
پد روزانه خیلی نازک به نرمی کتان 20 عددی کد 8330,https://www.khanoumi.com/products/tafte-daily-pad-22252,سایر محصولات,کیفیت عالی بسته بندی زیبا.,0,true,2024-01-30T21:04:37+00:00,مثبت,0.79,بسته‌بندی | کیفیت محصول | رضایت کلی,کیفیت محصول,,false,ندارد,false,
روغن ترمیم کننده پوست 125 میلی لیتر,https://www.khanoumi.com/products/bio-oil-specialist-skincare-22253,سایر محصولات,من برای جای جوش این محصول و خریدم ولی چون تازه خریدم هنوز نتیجه نگرفتم.و توی تخفیف خریدمش.با اینکه روغنه زیاد چرب نیست و سریع جذب پوست میشه,4,true,2019-10-05T19:16:35+00:00,خنثی,0.35,تجربه محصول | تخفیف | اثربخشی | حساسیت و واکنش پوست/مو,حساسیت و واکنش پوست/مو,,false,ندارد,false,
روغن ترمیم کننده پوست 125 میلی لیتر,https://www.khanoumi.com/products/bio-oil-specialist-skincare-22253,سایر محصولات,من و خواهرهام از اين محصول مرتب مصرف داريم و مي خريم لطفا هرچه زودتر موجود كنيد ، سپاس. ,8,true,2018-12-10T02:46:48.7466667+00:00,مثبت,0.67,موجودی کالا | تجربه محصول,موجودی کالا,,false,ندارد,false,
ست براش مسواکی 10  عددی,https://www.khanoumi.com/products/kadina-set-brush-22254,ابزار آرایشی,من که خیلیییی راضی بودم البته تو تخفیف خریدم کلی خیلی برس های نرمی هستن,3,true,2018-12-21T02:32:05.5066667+00:00,مثبت,0.67,تخفیف | تجربه محصول,تخفیف,,false,ندارد,false,
اسفنج آرایش تخم مرغی,https://www.khanoumi.com/products/kadina-makeup-sponge-blender-22255,سایر محصولات,تازه گرفتم امیدوارم خوب باشه,1,true,2019-10-07T21:36:32+00:00,مثبت,0.67,تجربه محصول,تجربه محصول,,false,ندارد,false,
اسفنج آرایش تخم مرغی,https://www.khanoumi.com/products/kadina-makeup-sponge-blender-22255,سایر محصولات,من این محصول رو تهیه کردم و اصلا راضی نبودم ...,8,true,2019-02-16T00:21:01.3533333+00:00,منفی,0.67,تجربه محصول,تجربه محصول,,false,ندارد,false,
پد آرایشی بیضی  زاویه  دار دو عددی,https://www.khanoumi.com/products/kadina-make-up-pad-22258,ابزار آرایشی,سری اول که خیس کردم تا کرم پودرمو باهاش پخش کنم میتونم بگم نصفش رو کشید به خودش و کرم رو پوستم تیکه تیکه شد.نمیدونم برای بارهای بعدی هم همین شکلی میشه یا نه.,4,true,2019-08-28T09:08:39.1133333+00:00,خنثی,0.35,تجربه محصول,تجربه محصول,,false,ندارد,false,
ست براش هفت عددی طرح هلو کیتی,https://www.khanoumi.com/products/kadina-hello-kitty-brush-set-22261,ابزار آرایشی,"خیلی براش های کوچیک و کم تراکمی دارن 
در حدی که فقط دو یا سه تا از براش هارو میشه استفاده کرد باقی انگار اسباب بازین و کارایی ندارن فقط همین جای نگهدارنده کیتیش خوبه که منظم میکنه وسیله هارو",0,true,2024-07-26T10:49:49+00:00,مثبت,0.67,اثربخشی,اثربخشی,,false,ندارد,false,
ست براش هفت عددی طرح هلو کیتی,https://www.khanoumi.com/products/kadina-hello-kitty-brush-set-22261,ابزار آرایشی,نسبت به قیمتش خوبه کاربردی هست ,16,true,2019-10-22T00:13:23+00:00,مثبت,0.67,رضایت کلی,رضایت کلی,,false,ندارد,false,
ست براش هفت عددی طرح هلو کیتی,https://www.khanoumi.com/products/kadina-hello-kitty-brush-set-22261,ابزار آرایشی,سایز قلم ها کوچیک هستن ولی کاربردین و موهاش لطیفه و پوست رو اذیت نمیکنه در کل به نسبت قیمتشون کار راه انداز هستن,16,true,2019-04-14T17:35:22.32+00:00,خنثی,0.35,تجربه محصول,تجربه محصول,,false,ندارد,false,
ست براش پنج عددی طرح بارباپاپا,https://www.khanoumi.com/products/kadina-barbapapa-brush-set-22262,ابزار آرایشی,افتضاح اصلا نخرید موهاش با یه حرکت کنده میشه واقعا به دردنخور متاسفانه ,32,true,2019-03-22T23:28:41+00:00,منفی,0.79,نارضایتی کلی,نارضایتی کلی,نارضایتی کلی,true,متوسط,false,
ست براش پنج عددی طرح بارباپاپا,https://www.khanoumi.com/products/kadina-barbapapa-brush-set-22262,ابزار آرایشی,خیلی بد ! افتضاح ! پول توی جوب میریختم بهتر بود ! کاملا متفاوت با عکس و توضیحات ! موهای براش افتضاح میریزه و اصلا درست نچسبیده موقع استفاده هی کنده میشه ! واقعا چطور این پولا از گلوتون پایین میره ! ,43,true,2019-03-19T11:01:06.0066667+00:00,منفی,0.91,نارضایتی کلی,نارضایتی کلی,نارضایتی کلی,true,متوسط,false,
ست براش پنج عددی طرح بارباپاپا,https://www.khanoumi.com/products/kadina-barbapapa-brush-set-22262,ابزار آرایشی,اصلا خوب نیست.تو عکس خیلی فرق میکنه با خودش.نخرید.پشیمون میشید,29,true,2019-03-15T23:32:06.8733333+00:00,منفی,0.79,نارضایتی کلی,نارضایتی کلی,نارضایتی کلی,true,متوسط,false,
ست براش پنج عددی طرح بارباپاپا,https://www.khanoumi.com/products/kadina-barbapapa-brush-set-22262,ابزار آرایشی,واقعا بدرد نخور😐اصلا براش ها شبیه عکس نی انگار برای بازی کودک دقیقا,16,true,2018-12-10T13:40:29.44+00:00,خنثی,0.35,تجربه محصول,تجربه محصول,,false,ندارد,false,
ست براش پنج عددی طرح بارباپاپا,https://www.khanoumi.com/products/kadina-barbapapa-brush-set-22262,ابزار آرایشی,خیلی عالی بود ممنون از فروشگاه خانومی😍😍😍,3,true,2018-11-28T17:38:55.51+00:00,مثبت,0.91,رضایت کلی,رضایت کلی,,false,ندارد,false,
ست براش پنج عددی طرح بارباپاپا,https://www.khanoumi.com/products/kadina-barbapapa-brush-set-22262,ابزار آرایشی, 😍,8,true,2018-11-18T00:26:48.2266667+00:00,خنثی,0,سایر,سایر,,false,ندارد,false,
کرم ضد آفتاب و ضد چروک,https://www.khanoumi.com/products/yves-rocher-solaire-anti-aging-care-spf50-22264,ضدآفتاب,مناسب چه سنی هست؟,8,true,2019-02-20T23:40:40.3366667+00:00,خنثی,0.35,تجربه محصول,تجربه محصول,,false,ندارد,false,
کرم ضد آفتاب و ضد چروک,https://www.khanoumi.com/products/yves-rocher-solaire-anti-aging-care-spf50-22264,ضدآفتاب,بهترین ضد آفتابی ک داشتم😍😍😍😍😍,12,true,2018-12-10T10:54:20.6266667+00:00,مثبت,0.67,ترکیبات | رضایت کلی,ترکیبات,,false,ندارد,false,
کرم پودر لایت پرفکشن,https://www.khanoumi.com/products/beyu-light-reflecting-foundation-22267,کرم پودر و فونداسیون,خیلی عالیه پوشانندگیش کمه ولی خیلی سبکه من که خیلی راضی ام ,0,true,2019-12-28T14:08:49+00:00,مثبت,0.95,رضایت کلی,رضایت کلی,,false,ندارد,false,
کرم پودر لایت پرفکشن,https://www.khanoumi.com/products/beyu-light-reflecting-foundation-22267,کرم پودر و فونداسیون,بهترین کرم پودر. پوست من خیلی حساس است و هیچ کرم چودری نمیفتاد به پوستم. حرف نداره. قیمتش هم در سایت خانومی خیلی مناسب تر از جاهای دیگر می باشد.,4,true,2019-11-02T10:54:49+00:00,مثبت,0.67,سایت و اپلیکیشن | رضایت کلی,سایت و اپلیکیشن,,false,ندارد,false,
رژ لب مایع مات کشمیر,https://www.khanoumi.com/products/beyu-cashmere-matt-lip-color-22268,رژ لب,دوام رنگ خوبی دارن و لبو خشک نمی کنن. راضیم از این خرید,3,true,2019-12-04T18:28:08+00:00,منفی,0.79,رنگ و شید | ماندگاری | رضایت کلی,رنگ و شید,رنگ و شید | ماندگاری,true,پایین,false,
رژ لب مایع مات کشمیر,https://www.khanoumi.com/products/beyu-cashmere-matt-lip-color-22268,رژ لب,رژلب سبک و مات هست و بافت خیلی قشنگی داره ماندگاری خوبیم داره,5,true,2019-10-22T22:48:12+00:00,خنثی,0.35,ماندگاری | بافت محصول,بافت محصول,,false,ندارد,false,
رژ لب مایع مات کشمیر,https://www.khanoumi.com/products/beyu-cashmere-matt-lip-color-22268,رژ لب,خیلی خوشرنگ و خوش بو ، پیشنهاد میکنم,2,true,2019-10-22T01:10:42+00:00,مثبت,0.67,پیشنهاد به دیگران | بو و رایحه,بو و رایحه,,false,ندارد,false,
رژ لب مایع مات کشمیر,https://www.khanoumi.com/products/beyu-cashmere-matt-lip-color-22268,رژ لب,من شماره ۱۶۱ رو خریدم رنگش سرخابی هست و پس از خشک شدن روی لب کاملا مات میشه,1,true,2019-10-18T21:31:40+00:00,خنثی,0.35,تجربه محصول,تجربه محصول,,false,ندارد,false,
رژ لب مایع مات کشمیر,https://www.khanoumi.com/products/beyu-cashmere-matt-lip-color-22268,رژ لب,خیلی عالی دوسش دارم سبکه واصن حالت چسبندگی نداره,1,true,2019-10-09T22:03:20+00:00,مثبت,0.67,رضایت کلی,رضایت کلی,,false,ندارد,false,
رژ لب مایع مات کشمیر,https://www.khanoumi.com/products/beyu-cashmere-matt-lip-color-22268,رژ لب,خیلی عالی دوسش دارم سبکه واصن حالت چسبندگی نداره,2,true,2019-10-09T22:02:53+00:00,مثبت,0.67,رضایت کلی,رضایت کلی,,false,ندارد,false,
رژ لب مایع مات کشمیر,https://www.khanoumi.com/products/beyu-cashmere-matt-lip-color-22268,رژ لب,من رنگ شماره 123 رو گرفتم فوق العاده خوشرنگه. موندگاریش رو لب هم خیلی خوبه . پوسته پوسته هم نمیشه . ,1,true,2019-10-06T09:39:45+00:00,مثبت,0.91,رضایت کلی | رنگ و شید | تجربه محصول,رنگ و شید,,false,ندارد,false,
رژ لب مایع مات کشمیر,https://www.khanoumi.com/products/beyu-cashmere-matt-lip-color-22268,رژ لب,ماندگاری بالایی داره و خیلی خوشرنگه,1,true,2019-10-04T23:54:59+00:00,خنثی,0.35,ماندگاری,ماندگاری,,false,ندارد,false,
رژ لب مایع مات کشمیر,https://www.khanoumi.com/products/beyu-cashmere-matt-lip-color-22268,رژ لب,"عکس قاطی دو رنگ 149 و 161 را میذارم. من تو اف خریدم عالی بود به قیمتش پیشنهاد میدم یکم دستکاری کنید من این دوتا رو رو هم میزنم خوش رنگتر میشه البته به تناسب دل خواه  صورتی‌ صورتی 161
149 به نظر من زرشکی بنفشه خیلی گشتم دنبال رنگا اما رو پوست نبود.",1,true,2019-10-03T01:46:06+00:00,مثبت,0.79,رضایت کلی | رنگ و شید | تجربه محصول,رنگ و شید,,false,ندارد,false,
رژ لب مایع مات کشمیر,https://www.khanoumi.com/products/beyu-cashmere-matt-lip-color-22268,رژ لب,"رژ خوبيه من شماره ي ١٦١ و ١٣٠ رو خريدم 
شماره ي ١٦١ سرخابي هست
شماره ١٣٠ سرخابي قرمز 
فقط اگر لب خيلي خشكي دارين ممكنه جنس رژ يكم براتون ازار دهنده باشه",1,true,2019-09-29T18:17:43+00:00,خنثی,0.35,تجربه محصول,تجربه محصول,,false,ندارد,false,
رژ لب مایع مات کشمیر,https://www.khanoumi.com/products/beyu-cashmere-matt-lip-color-22268,رژ لب,رنگ شکلاتیش اصلا شبیه عکس نیس و بسیااااار تیره تره. زرشکی بسیار تیره س تقریبا,1,true,2019-09-24T13:41:11+00:00,خنثی,0.35,رنگ و شید,رنگ و شید,,false,ندارد,false,
رژ لب مایع مات کشمیر,https://www.khanoumi.com/products/beyu-cashmere-matt-lip-color-22268,رژ لب,"رژ لب خوبیه به شرطی که لبتون رو از قبل ابرسانی کرده باشین ینی خشک و پوسته پوسته نباشه
اصلا روی لب سنگین نیست خشک و ترک ترک نمیشه اپلیکاتور خیلی خوبی داری ماندگاری خوبیم داره من واقعا ازش راضیم شماره ۱۵۷ رو دارم ",3,true,2019-09-08T17:13:35+00:00,مثبت,0.91,ماندگاری | رضایت کلی,ماندگاری,,false,ندارد,false,
رژ لب مایع مات کشمیر,https://www.khanoumi.com/products/beyu-cashmere-matt-lip-color-22268,رژ لب,وستان برای خرید هر رژلبی حتما به یه فروشگاهی که استند تستر داره برید و رنگ ها رو از نزدیک انتخاب کنید. من شماره 110 رو گرفنم که خیلی روشنه و تن نارنجی و بژ داره و هدفم ترکیب این رژ با رژمایع های پررنگترم بود که نتیجه فوق العاده عالی بود . کیفیت و دوام خوبی هم داشت ترکم نخورد. رنگ 130 هم گرفتم یه قرمز متوسط بود 140 قرمز پررنگتربه طرف زرشکیه. رنگ 179هم برعکس رنگ اینجا کالباسی نیست و تیره ست . 182 و 200 تن بنفشه. 126و 117 هم تن نارنجیه.,26,true,2019-08-02T20:57:36.9166667+00:00,مثبت,0.91,رنگ و شید | رضایت کلی | نیاز به تست بافت، رنگ، بو | کیفیت محصول | اثربخشی | ماندگاری | نیاز به مشاوره | تجربه محصول,نیاز به مشاوره,,false,ندارد,false,
رژ لب مایع مات کشمیر,https://www.khanoumi.com/products/beyu-cashmere-matt-lip-color-22268,رژ لب,رژ خوب و ماتیه ولی رنگش اصلن اونی نیست که تو عکسش هست من شماره۱۱۰رو گرفتم ک تو عکس تم صورتی داره ولی اینی ک برام اومده کاملا تم نارنجی داره,9,true,2019-07-28T13:01:11.2833333+00:00,مثبت,0.67,تجربه محصول,تجربه محصول,,false,ندارد,false,
رژ لب مایع مات کشمیر,https://www.khanoumi.com/products/beyu-cashmere-matt-lip-color-22268,رژ لب,رنگش اصلا شبیه عکس نیست من کالباسی گرفتم روی لب کاملا شکلاتی میشه خیلیم لب رو خشک و ترک ترک میکنه اصلا ارزش خرید رو نداشت حتی با وجود آف ۷۰درصدی,11,true,2019-07-25T13:21:25.8933333+00:00,منفی,0.67,قیمت | تخفیف | تجربه محصول,تخفیف,قیمت | تخفیف,true,پایین,false,
رژ لب مایع مات کشمیر,https://www.khanoumi.com/products/beyu-cashmere-matt-lip-color-22268,رژ لب,رژخوبیه ولی رنگش مثه عکس نیست من گیلاسیشو گرفتم و وقتی رسید دستم رنگش مثل عکس قرمزتیره بود,6,true,2019-07-24T12:18:14.6733333+00:00,خنثی,0.35,تجربه محصول,تجربه محصول,,false,ندارد,false,
روغن ترمیم کننده پوست 25میلی لیتر,https://www.khanoumi.com/products/bio-oil-specialist-skincare-22280,سایر محصولات,بدون ایجاد هیچ حس چرب بودن احساس تازگیو سرزندگی میده و باعث لطافت پوست میشه خیلی دوست داشتنیه.. مرسی خانومی💕 ,6,true,2020-01-31T20:26:29+00:00,مثبت,0.67,رضایت کلی,رضایت کلی,,false,ندارد,false,
روغن ترمیم کننده پوست 25میلی لیتر,https://www.khanoumi.com/products/bio-oil-specialist-skincare-22280,سایر محصولات,روغن بایو اویل عالیههه من اولین باره استفاده میکنم و با اینکه یک هفته ای میشه استفاده میکنم اصلا روی پوست چرب نیست و پوست رو خیلی شفاف و صاف میکنه خصوصا اینکه بعداز استحمام استفاده بشه.پیشنهاد میدم حتما استفاده بفرمایید.سپاس ازخانومی,3,true,2019-10-15T19:05:48+00:00,مثبت,0.91,تجربه محصول | رضایت کلی,تجربه محصول,,false,ندارد,false,
روغن ترمیم کننده پوست 25میلی لیتر,https://www.khanoumi.com/products/bio-oil-specialist-skincare-22280,سایر محصولات,روغن خوبیه، الان دو ماهه که روزی دو مرتبه استفاده می کنم، به طوری که برجستگیهای ناشی از بریدگی رو دستم رو خیلی کم کرده و کمتر جلوه می کنند حالا؛ باعث تغییر رنگ پوستم شده. بوی خیلی خوبی داره.,2,true,2019-10-13T11:23:20+00:00,مثبت,0.67,رنگ و شید | بو و رایحه | رضایت کلی,رنگ و شید,,false,ندارد,false,
روغن ترمیم کننده پوست 25میلی لیتر,https://www.khanoumi.com/products/bio-oil-specialist-skincare-22280,سایر محصولات,بهترین روغنی که تا حالا داشتم برا پوستم که خیلی خشک بود حتی از روغن  ریل استیل هم بهتر بود,2,true,2019-09-30T11:41:52+00:00,مثبت,0.67,رضایت کلی,رضایت کلی,,false,ندارد,false,
روغن ترمیم کننده پوست 25میلی لیتر,https://www.khanoumi.com/products/bio-oil-specialist-skincare-22280,سایر محصولات,عالیههههههه فوق العادست ,1,true,2019-09-29T20:16:03+00:00,مثبت,0.79,رضایت کلی,رضایت کلی,,false,ندارد,false,
ست هدیه ادوتویلت و بادي اسپلش زنانه پریتی,https://www.khanoumi.com/products/she-pretty-eau-de-toilette-gift-set-for-women-22282,عطر و ادکلن,بوی الکلش کامل حس میشه ماندگاری هم نداره.پخش بو هم در حد صفر,5,true,2019-03-21T12:28:45.4733333+00:00,خنثی,0.35,بو و رایحه | ماندگاری,بو و رایحه,,false,ندارد,false,
ست هدیه ادوتویلت و بادي اسپلش زنانه پریتی,https://www.khanoumi.com/products/she-pretty-eau-de-toilette-gift-set-for-women-22282,عطر و ادکلن,خیلی خوشبوئه ماندگاریشم عالیه ادکلنش ماندگاریش بیشتره,8,true,2018-12-07T21:56:44.06+00:00,مثبت,0.79,ماندگاری | رضایت کلی | بو و رایحه,بو و رایحه,,false,ندارد,false,
ست هدیه ادوتویلت و بادي اسپلش زنانه کول,https://www.khanoumi.com/products/she-cool-eau-de-toilette-gift-set-for-women-22283,عطر و ادکلن,من توی آفرشون خریدم بوی خنک و ملایمی داره. ماندگاریش متوسطه زیاد روش حساب نکنین. ,1,true,2019-06-01T10:36:25.76+00:00,خنثی,0.35,ماندگاری | بو و رایحه | تجربه محصول,بو و رایحه,,false,ندارد,false,
ست هدیه ادوتویلت و بادي اسپلش زنانه کول,https://www.khanoumi.com/products/she-cool-eau-de-toilette-gift-set-for-women-22283,عطر و ادکلن,من سه تا از این محصول تو سه رنگ مختلف سفارش دادم واسه هدیه ، الان که به دستم رسیده جعبه هاشون داغون پاره پورست روشون کلی خاک نشسته ، یکی از عطرهام د نداره، اصلا از خانمی توقع نداشتم,7,true,2019-03-13T07:38:07.06+00:00,منفی,0.67,تجربه محصول | خرید هدیه | ارسال کالا | رنگ و شید | کالای آسیب‌دیده | بسته‌بندی,کالای آسیب‌دیده,ارسال کالا | رنگ و شید | کالای آسیب‌دیده | بسته‌بندی,true,بالا,false,
ست هدیه ادوتویلت و بادي اسپلش زنانه فان,https://www.khanoumi.com/products/she-fun-eau-de-toilette-gift-set-for-women-22284,عطر و ادکلن,دوباره سفارش میدم ,1,true,2019-05-14T14:04:48.1266667+00:00,خنثی,0.35,تجربه محصول,تجربه محصول,,false,ندارد,false,
ست هدیه ادوتویلت و بادي اسپلش زنانه فان,https://www.khanoumi.com/products/she-fun-eau-de-toilette-gift-set-for-women-22284,عطر و ادکلن,بوی خوب و شیرین داره.فقط مشکل این بود که برای کادو میخواستم ولی درب ها تو جعبه جدا شده بود و قسمت داخل جعبه هم پاره شده بود که نشد کادو بدم.,0,true,2019-05-14T13:56:31.2333333+00:00,مثبت,0.67,خرید هدیه | بسته‌بندی | بو و رایحه,بو و رایحه,,false,ندارد,false,
ست هدیه ادوتویلت و بادی اسپلش زنانه هپی,https://www.khanoumi.com/products/she-happy-eau-de-toilette-gift-set-for-women-22286,عطر و ادکلن,من نارنجیشو میخوام،نمیشه رنگاشو اینجا تشخیص داد چه کنم؟,7,true,2019-02-20T16:17:56.9333333+00:00,خنثی,0.35,تجربه محصول,تجربه محصول,,false,ندارد,false,
رول ضد تعریق زنانه کلابر,https://www.khanoumi.com/products/she-is-clubber-for-women-roll-on-deodorant-22289,بهداشت شخصی,بوی خوبی داره با ماندگاریه متوسط و انقضاش هم کم نیست,0,true,2019-10-18T14:30:41+00:00,خنثی,0.35,ماندگاری | تاریخ انقضا | بو و رایحه,تاریخ انقضا,,false,ندارد,false,
رول ضد تعریق زنانه کلابر,https://www.khanoumi.com/products/she-is-clubber-for-women-roll-on-deodorant-22289,بهداشت شخصی,رایحه اش خوبه،حجمش کمه،قدرت ضد عرقش متوسطه ,1,true,2019-09-09T07:08:38.31+00:00,مثبت,0.67,بو و رایحه | حجم و مقدار,بو و رایحه,,false,ندارد,false,
دستمال آرايشي استوانه اي,https://www.khanoumi.com/products/panberes-make-up-remover-wet-wipes-70-pcs-22297,سایر محصولات,"اصلا راضی نبودم ازش 
فوق العاده دستمال های نازک و کوچیکی داره 
و رطوبتشم کمه . بزور ارایشو پاک میکنه",1,true,2020-08-12T01:01:46+00:00,منفی,0.79,رضایت کلی,رضایت کلی,,false,ندارد,false,
كرم زینک اكسايد,https://www.khanoumi.com/products/firooz-zink-oxide-10-cream-22304,کرم و مرطوب‌کننده صورت,واقعا کرم خوبیه،فقط بافت بسیار غلیظی داره،اگه روی لباس بریزه به سختی پاک میشه و یه لک سفید روی لباس میمونه,0,true,2025-04-30T04:30:46.975107+00:00,خنثی,0.35,بافت محصول,بافت محصول,,false,ندارد,false,
كرم زینک اكسايد,https://www.khanoumi.com/products/firooz-zink-oxide-10-cream-22304,کرم و مرطوب‌کننده صورت,محصول خوبیه راضی ام ,0,true,2024-05-16T22:43:02+00:00,مثبت,0.79,رضایت کلی | تجربه محصول,تجربه محصول,,false,ندارد,false,
اسپری روغن ويتامين ای کودک 200میل,https://www.khanoumi.com/products/firooz-vitamin-moisturizing-baby-oil-spray-22305,مکمل و سلامت,واسه آرنج و قوزک پا خیلی کارسازه ,0,true,2024-08-06T16:01:19+00:00,خنثی,0.35,تجربه محصول,تجربه محصول,,false,ندارد,false,
كرم مرطوب صورت و بدن کودک,https://www.khanoumi.com/products/firooz-moisturizing-cream-22310,کرم و مرطوب‌کننده صورت,باعث جوش روی پوست صورتم شد برای استفاده روی دست خوبه من پوست خشک ولی جوش داری دارم حس سنگینی و چربی هم داره,0,true,2024-10-15T18:00:03.7216012+00:00,مثبت,0.67,حساسیت و واکنش پوست/مو | تجربه محصول,حساسیت و واکنش پوست/مو,,false,ندارد,false,
كرم مرطوب صورت و بدن کودک,https://www.khanoumi.com/products/firooz-moisturizing-cream-22310,کرم و مرطوب‌کننده صورت,عالیه,0,true,2024-07-28T00:08:54+00:00,مثبت,0.79,رضایت کلی,رضایت کلی,,false,ندارد,false,
وازلين كاسه ای,https://www.khanoumi.com/products/firooz-vaseline-22311,سایر محصولات,خیلی عجیب بود که حجم وازلین خیلی خیلی کم بود و بیشترش هوا بود ، از زیر ظرف خالی بود و وازلین نبود,0,true,2025-05-22T11:59:22.7657871+00:00,خنثی,0.35,حجم و مقدار | بسته‌بندی,بسته‌بندی,,false,ندارد,false,
وازلين كاسه ای,https://www.khanoumi.com/products/firooz-vaseline-22311,سایر محصولات,تازه شارژ شده بود اینقدر سریع تموم شد چرا اینقدر قطره ایی موجود میکنید,0,true,2025-02-02T12:40:28.2623878+00:00,خنثی,0.35,موجودی کالا,موجودی کالا,,false,ندارد,false,
وازلين كاسه ای,https://www.khanoumi.com/products/firooz-vaseline-22311,سایر محصولات,چرا انقدر کم شارژ میکنید ک یروزه تموم بشه و دیر ب دیر شارژ میشه؟؟؟؟,0,true,2025-01-31T11:22:45.3674499+00:00,خنثی,0.35,موجودی کالا,موجودی کالا,,false,ندارد,false,
اسپری نرم کننده مو 300میل,https://www.khanoumi.com/products/firooz-conditioner-spray-22312,نرم‌کننده و ماسک مو,زیاد جالب نیست و مو بعد از چند ساعت خشک و شکننده میشه,0,true,2024-08-06T16:07:23+00:00,خنثی,0.35,تجربه محصول,تجربه محصول,,false,ندارد,false,
اسپری نرم کننده مو 300میل,https://www.khanoumi.com/products/firooz-conditioner-spray-22312,نرم‌کننده و ماسک مو,شارژش کنید لطفاااا,0,true,2024-06-11T18:40:42+00:00,خنثی,0.35,موجودی کالا,موجودی کالا,,false,ندارد,false,
كرم آلوئه ورا كودک,https://www.khanoumi.com/products/firooz-aloe-vera-cream-22319,کرم و مرطوب‌کننده صورت,عالی هست,0,true,2025-03-07T11:00:30.0733248+00:00,مثبت,0.67,رضایت کلی,رضایت کلی,,false,ندارد,false,
پودر بچه فيروز 200 گرمی,https://www.khanoumi.com/products/firooz-baby-powder-with-zinc-oxide-22322,سایر محصولات,عالی بود ,0,true,2024-07-30T09:22:52+00:00,مثبت,0.79,رضایت کلی,رضایت کلی,,false,ندارد,false,
كرم وازلين كودک 34 گرمی,https://www.khanoumi.com/products/firooz-baby-vazeline-22324,کرم و مرطوب‌کننده صورت,خوبه مرسی,0,true,2024-09-27T13:31:43+00:00,مثبت,0.79,رضایت کلی,رضایت کلی,,false,ندارد,false,
كرم وازلين كودک 34 گرمی,https://www.khanoumi.com/products/firooz-baby-vazeline-22324,کرم و مرطوب‌کننده صورت,خوبه حجمش هم زیاده,0,true,2024-08-05T13:50:55+00:00,مثبت,0.67,رضایت کلی,رضایت کلی,,false,ندارد,false,
پک عطر و خودکار صورتی فشن,https://www.khanoumi.com/products/bic-fashion-perfume-and-cristal-fashion-pens-pack-22331,عطر و ادکلن,خیلی عطر خوشبو و به صرفه ای هست,0,true,2020-10-07T13:41:03+00:00,خنثی,0.35,بو و رایحه | قیمت,قیمت,,false,ندارد,false,
پک عطر و خودکار آبی فشن,https://www.khanoumi.com/products/bic-fashion-perfume-and-cristal-fashion-pens-pack-22333,عطر و ادکلن,یکمی تنده بوش,0,true,2020-10-07T13:42:14+00:00,خنثی,0.35,بو و رایحه,بو و رایحه,,false,ندارد,false,
ضد آفتاب ایده آل سولای درای تاچ رنگی,https://www.khanoumi.com/products/vichy-ideal-soleil-dry-touch-face-tinted-spf-50-22362,ضدآفتاب,من کاملا راضی ام از این ضدافتاب.روی پوست خیلی خوب میخوابه و اصلا تکون نمیخوره حتی بعد چند ساعت.فقط اینکه حتما قبل استفاده هر ضد افتابی باید پوست مرطوب باشه و قبل استفاده از کرم های رنگی حتما تکون داده بشه,7,true,2019-09-26T11:17:08+00:00,مثبت,0.95,رضایت کلی | تجربه محصول | رنگ و شید,رنگ و شید,,false,ندارد,false,
ضد آفتاب ایده آل سولای درای تاچ رنگی,https://www.khanoumi.com/products/vichy-ideal-soleil-dry-touch-face-tinted-spf-50-22362,ضدآفتاب,"اين كرم قبل مصرف حتما بايد تكون داده بشه
در كل خوبه ولي پوست من چربه نميدونم چرا هر كرم ضد آفتابي ميخرم بازم برق ميفته رو صورتم
",8,true,2019-08-18T12:17:35.2233333+00:00,مثبت,0.67,ترکیبات,ترکیبات,,false,ندارد,false,
ضد آفتاب ایده آل سولای درای تاچ رنگی,https://www.khanoumi.com/products/vichy-ideal-soleil-dry-touch-face-tinted-spf-50-22362,ضدآفتاب,افتضاحه.وقتی میاد بیروناز تیوپش انگار اب و روغنش جدا شده یه دست نیست.رو پوستم نمیخوابه.اصلا ظاهرو تمیزو یک دستی به پوست نمیده,6,true,2019-06-25T23:09:36.76+00:00,منفی,0.67,نارضایتی کلی,نارضایتی کلی,نارضایتی کلی,true,متوسط,false,
ضد آفتاب ایده آل سولای درای تاچ رنگی,https://www.khanoumi.com/products/vichy-ideal-soleil-dry-touch-face-tinted-spf-50-22362,ضدآفتاب,کاش تست رنگیش گذاشته میشد چون برای پوست روشن اصلا مناسب نیست😔😔,7,true,2019-06-10T10:56:37.6866667+00:00,خنثی,0.35,نیاز به تست بافت، رنگ، بو,نیاز به تست بافت، رنگ، بو,,false,ندارد,false,
ضد آفتاب ایده آل سولای درای تاچ رنگی,https://www.khanoumi.com/products/vichy-ideal-soleil-dry-touch-face-tinted-spf-50-22362,ضدآفتاب,من پوستم چربه، این رو خریدم واقعا عالیه و پوشانندگیش طوریه که از کرم پودر دیگه استفاده نمیکنم. چرب نیست و برق نمیندازه رو پوست و بوی خاصی هم نمیده. من به خاطر اینکه ضدافتاب ها رو پوستم سنگین بود و سیاه میشد مدت ها اصن استفاده نمیکردم و از کرم پودر اکتی پور استفاده میکردم اما حالا که اینو خریدم دیگه لازم نمیبینم کرم پودرم روش بزنم. در کل از خریدم راضی ام ,27,true,2019-02-26T17:52:34.04+00:00,مثبت,0.95,تجربه محصول | رضایت کلی | بو و رایحه,بو و رایحه,,false,ندارد,false,
لوسیون ضد آکنه و مرطوب کننده نورمادرم,https://www.khanoumi.com/products/vichy-normaderm-global-anti-imperfection-hydrating-care-22363,کرم و مرطوب‌کننده صورت,من استفاده كردم و راضي بودم جوش ميزنم ولي باعث ميشه زودتر از بين بره,6,true,2019-11-22T23:05:24+00:00,مثبت,0.67,تجربه محصول | حساسیت و واکنش پوست/مو,حساسیت و واکنش پوست/مو,,false,ندارد,false,
لوسیون ضد آکنه و مرطوب کننده نورمادرم,https://www.khanoumi.com/products/vichy-normaderm-global-anti-imperfection-hydrating-care-22363,کرم و مرطوب‌کننده صورت,با سلام. متاسفانه ما با مصرف بیش از 6هفته این محصول به هیچ وجه به هیچ وجه هیچ نتیجه ای نگرفتم و خیلی متاسفم که به این برند اطمینان کردم و هزینه کردم. ,19,true,2019-06-09T22:10:35.6966667+00:00,منفی,0.79,تجربه محصول | اثربخشی | قیمت | نارضایتی کلی,قیمت,اثربخشی | قیمت | نارضایتی کلی,true,متوسط,false,
پاک کننده سه منظوره نورمادرم,https://www.khanoumi.com/products/vichy-normaderm-3-in-1-cleanser-22398,ژل و فوم شستشو,عالی عالی عالی.هر چی تعریف کنم کم گفتم,0,true,2020-09-15T03:26:48+00:00,مثبت,0.91,رضایت کلی,رضایت کلی,,false,ندارد,false,
پاک کننده سه منظوره نورمادرم,https://www.khanoumi.com/products/vichy-normaderm-3-in-1-cleanser-22398,ژل و فوم شستشو,عالی هست,9,true,2020-01-16T17:22:10+00:00,مثبت,0.67,رضایت کلی,رضایت کلی,,false,ندارد,false,
پاک کننده سه منظوره نورمادرم,https://www.khanoumi.com/products/vichy-normaderm-3-in-1-cleanser-22398,ژل و فوم شستشو,عااالیه 😍😍😍😍,14,true,2019-11-18T18:09:31+00:00,مثبت,0.79,رضایت کلی,رضایت کلی,,false,ندارد,false,
ضد آفتاب ایده آل سولای درای تاچ,https://www.khanoumi.com/products/vichy-dry-touch-face-fluid-spf-50-22403,ضدآفتاب,فوق العاده سبک و زود جذب...بعد از اینکه مات شد هم دست بزنی پوستت میبینی ک پوستت چقد لطیف و نرمه,12,true,2019-04-10T12:25:53.7+00:00,مثبت,0.67,رضایت کلی,رضایت کلی,,false,ندارد,false,
ضد آفتاب ایده آل سولای درای تاچ,https://www.khanoumi.com/products/vichy-dry-touch-face-fluid-spf-50-22403,ضدآفتاب,این ضدآفتاب و من رنگیشو میخواستم سادش برام اومده می خوام مرجوع کنم,26,true,2019-02-26T12:24:47.2066667+00:00,خنثی,0.35,مرجوعی و بازگشت وجه,مرجوعی و بازگشت وجه,,false,ندارد,false,
ادو پرفیوم زنانه تو آی تو,https://www.khanoumi.com/products/rio-collection-2i2-s--parfum-for-women-22445,عطر و ادکلن,بوی خوبی داره،ماندگاریشم در حد قیمتش خوبه،از خریدش پشیمون نمیشید،فقط یک نکته اینکه فروشگاه خانومی این عطر رو با کارتنی که روش پلاستیک نداشت فرستاد،که نباید این طور باشه،من عطر زیاد به صورت اینترنتی خریدم همشون روی کاتنش یه پلاستیک مانند دارن،اما اینا نداشتن ،جالب نبود انگار قبلا یکی بازش کرده،حتی میتونسته چند پاف هم بزنه😀,1,true,2019-03-12T03:04:25.77+00:00,مثبت,0.79,ماندگاری | بو و رایحه | تجربه محصول | نارضایتی کلی | بسته‌بندی,بو و رایحه,,false,ندارد,false,
عطر زنانه برایت کریستال,https://www.khanoumi.com/products/rio-collection-bright-crystal-for-women-22451,عطر و ادکلن,خیلی بوی خوبی داره همه اطرافیانم عاشقش شدن,1,true,2019-08-14T01:27:06.7466667+00:00,خنثی,0.35,بو و رایحه,بو و رایحه,,false,ندارد,false,
کرم پودر روغن آرگان,https://www.khanoumi.com/products/amutiya-argan-oil-foundation-22530,کرم پودر و فونداسیون,"کرم پودر خیلی خوبیه. سبکه کاور متوسط روبه بالا داره. روی پوست تیکه تیکه نمیشه و اکسید هم نمیشه. درکل ازش راضی هستم
",7,true,2021-07-23T16:25:14+00:00,مثبت,0.79,تجربه محصول | رضایت کلی,تجربه محصول,,false,ندارد,false,
کرم پودر روغن آرگان,https://www.khanoumi.com/products/amutiya-argan-oil-foundation-22530,کرم پودر و فونداسیون,من این کرم پودر آموتیا رو ازتون خرید کردم، چرب و اکسید نمیشه ،پوست رو مات و طبیعی میکنه و ماندیگاریشم خیلی خوبه، مرسی از خوش قول بودنتون,19,true,2019-04-29T11:07:09.53+00:00,مثبت,0.91,رضایت کلی,رضایت کلی,,false,ندارد,false,
کرم ضد چروک و لایه بردار 15درصد,https://www.khanoumi.com/products/seagull-anti-wrinkle-cream-a-h-a-15-22541,لایه‌بردار و اسکراب,کرم خوبی هست بنده دومین بار هست سفارش میدم کم کم صورت و لیفت وشفاف ودوست و یکدست می‌کنه منافذ باز پوست کوچک میشه درکل ازش راضیم,0,true,2026-05-31T16:44:46.0852561+03:30,مثبت,0.79,رضایت کلی,رضایت کلی,,false,ندارد,false,
کرم ضد چروک و لایه بردار 15درصد,https://www.khanoumi.com/products/seagull-anti-wrinkle-cream-a-h-a-15-22541,لایه‌بردار و اسکراب,باید خیلی کم استفاده کرد روی پوست ماسیده نشه در کل بد نیست,0,true,2026-01-14T17:32:23.738832+03:30,مثبت,0.67,تجربه محصول,تجربه محصول,,false,ندارد,false,
کرم ضد چروک و لایه بردار 15درصد,https://www.khanoumi.com/products/seagull-anti-wrinkle-cream-a-h-a-15-22541,لایه‌بردار و اسکراب,کرم خیلی خوبیه در کل محصولات سی گل در برندای ایرانی با کیفیته،واینکه بسته بندی شیکی داشت ودر اول استفاده بخاطر ترکیباتش یه سوزش ریزی دارین روی پوست،مرتب ومنظم استفاده بشه عالیه حتما در شب استفاده کنید نور نبینه ودر کنارش در معرض افتاب باید ضدافتاب بزنید وگرنه لک میشه واینکه ضد چروک هم هستش,0,true,2025-04-20T21:10:08.1098108+00:00,مثبت,0.91,بسته‌بندی | ترکیبات | کیفیت محصول | رضایت کلی | تجربه محصول | حساسیت و واکنش پوست/مو,حساسیت و واکنش پوست/مو,,false,ندارد,false,
کرم ضد چروک و لایه بردار 15درصد,https://www.khanoumi.com/products/seagull-anti-wrinkle-cream-a-h-a-15-22541,لایه‌بردار و اسکراب,کرم لایه بردار خوبیه درست استفاده کنید جوش نمیزنید,0,true,2025-04-16T15:23:06.9508134+00:00,خنثی,0.35,حساسیت و واکنش پوست/مو,حساسیت و واکنش پوست/مو,,false,ندارد,false,
کرم ضد چروک و لایه بردار 15درصد,https://www.khanoumi.com/products/seagull-anti-wrinkle-cream-a-h-a-15-22541,لایه‌بردار و اسکراب,برای پوست چرب و مختلط بااینکه 15٪ بود پوستم رو خیلی حساس نکرد و در کل ازش راضیم.,0,true,2025-02-22T18:21:40.8357748+00:00,مثبت,0.79,نیاز به مشاوره | رضایت کلی,نیاز به مشاوره,,false,ندارد,false,
ادو تویلت زنانه رپیتون مدل 04,https://www.khanoumi.com/products/repiton-04-eau-de-toilette-for-women-22546,عطر و ادکلن,اصلا بو نداره چه برسه به خط بو ,0,true,2019-12-08T22:58:00+00:00,خنثی,0.35,بو و رایحه,بو و رایحه,,false,ندارد,false,
بی بی کرم اکتی پور,https://www.khanoumi.com/products/noreva-actipur-bb-cream-22559,کرم و مرطوب‌کننده صورت,"کرم خوبیه
خیلی شبکه
من پوستم سبزه‌اس، بژ طبیعی‌شو گرفتم هم‌رتگ پوستمه ، دفعه بعد حتما بژ روشن‌شو میگیرم",31,true,2020-12-25T01:16:28+00:00,خنثی,0.35,تجربه محصول,تجربه محصول,,false,ندارد,false,
بی بی کرم اکتی پور,https://www.khanoumi.com/products/noreva-actipur-bb-cream-22559,کرم و مرطوب‌کننده صورت,"اين كرم واقعا عاليه، بوي خوبي داره و سبكه، من گلدنش رو گرفتم پوستم سبزه اس ، ي كم براي پوستم تيره اس فقط
سري بعد روشنشو ميگيرم",37,true,2020-11-14T11:34:18+00:00,مثبت,0.79,رضایت کلی | بو و رایحه | تجربه محصول,بو و رایحه,,false,ندارد,false,
بی بی کرم اکتی پور,https://www.khanoumi.com/products/noreva-actipur-bb-cream-22559,کرم و مرطوب‌کننده صورت,کرم اکتی پور عاااالیه حرف نداره فقط مشکلش اینه کوچیکه,33,true,2020-10-06T23:59:02+00:00,منفی,0.79,رضایت کلی,رضایت کلی,,false,ندارد,false,
بی بی کرم اکتی پور,https://www.khanoumi.com/products/noreva-actipur-bb-cream-22559,کرم و مرطوب‌کننده صورت,"خیلی قشنگ رو پوست میخوابه
ولی حجمش کمه به‌صرفه نیست اصلا
با اینکه بژ روشن گرفتم اما برای پوستم یکم تیرس
ولی در کل تا حالا هیچ کرمی انقد خوب نبوده رو پوستم",35,true,2020-05-21T12:25:30+00:00,منفی,0.79,حجم و مقدار | بافت محصول | تجربه محصول,بافت محصول,حجم و مقدار | بافت محصول,true,پایین,false,
بی بی کرم اکتی پور,https://www.khanoumi.com/products/noreva-actipur-bb-cream-22559,کرم و مرطوب‌کننده صورت,خیلی خوب و سبکه رو صورت برق نمیندازه چند ساعت هم ک رو صورت بمونه سنگین وبد نمیشه,16,true,2020-05-09T14:51:44+00:00,مثبت,0.79,رضایت کلی,رضایت کلی,,false,ندارد,false,
بی بی کرم اکتی پور,https://www.khanoumi.com/products/noreva-actipur-bb-cream-22559,کرم و مرطوب‌کننده صورت,من از کرم اکتی پور رنگی استفاده میکردم به مدت چندین سال شاید حدودا ده سال و راضی بودم حالا میخوام این محصول رو بخرم میدونم که مثل همیشه از محصولات نوروا راضی خواهم بود,5,true,2020-04-28T15:55:49+00:00,مثبت,0.79,تجربه محصول | رنگ و شید,رنگ و شید,,false,ندارد,false,
بی بی کرم اکتی پور,https://www.khanoumi.com/products/noreva-actipur-bb-cream-22559,کرم و مرطوب‌کننده صورت,"خیلی عالیه. سریع جوشها رو تو چند روز از بین میبره، دیگه هم نمیذاره جوش بزنی. پوشش دهیشم عاالیه، مات هم هست اصلا هم چرب نیس. خیلی هم سبکه حس نمیکنی چیزی رو صورتت زدی. من رنگ بژ طبیعیشو گرفتم قشنگ همرنگ پوست خودمه. 
یه بار سفارش دادم، رسید دستم استفاده کردم یکی دیگه هم سفارش دادم.
فقط دورچشمتون زیاد نزنید، یکم ممکنه خشک کنه.",4,true,2020-04-27T19:53:50+00:00,مثبت,0.79,تجربه محصول | رنگ و شید | اثربخشی | رضایت کلی | حساسیت و واکنش پوست/مو,حساسیت و واکنش پوست/مو,,false,ندارد,false,
بی بی کرم اکتی پور,https://www.khanoumi.com/products/noreva-actipur-bb-cream-22559,کرم و مرطوب‌کننده صورت,اگر پوشش دهی میخواید سراغ این کرم نیاید ولی اگر درمانیو ضد جوش میخواید یعنی صورتتون جوش اگر نداره گزینه خوبیه,10,true,2020-04-14T13:10:39+00:00,خنثی,0.35,اثربخشی | حساسیت و واکنش پوست/مو,حساسیت و واکنش پوست/مو,,false,ندارد,false,
بی بی کرم اکتی پور,https://www.khanoumi.com/products/noreva-actipur-bb-cream-22559,کرم و مرطوب‌کننده صورت,این کرم پودر برای پوست ها چرب و مختلط و مستعد اکنه عالیهههه،سه ساله ازین کرم پودر ضد جوش استفاده میکنم و بی نهایت راضیم،بوشم خیلی دوست دارم😍,6,true,2020-03-16T15:46:38+00:00,مثبت,0.95,رضایت کلی | تجربه محصول | حساسیت و واکنش پوست/مو,حساسیت و واکنش پوست/مو,,false,ندارد,false,
بی بی کرم اکتی پور,https://www.khanoumi.com/products/noreva-actipur-bb-cream-22559,کرم و مرطوب‌کننده صورت,خیلی خوب بود و از زمانی که استفاده کردم اصلا جوش نزدم باهاش و چربی پوستم هم کنترل شده،من رنگ بژ متوسط رو داشتم و کاورش هم خیلی خوب بوده رنگ پوستم هم سفید رو به سبزس..,11,true,2020-02-21T12:58:06+00:00,مثبت,0.95,رنگ و شید | تجربه محصول | رضایت کلی | حساسیت و واکنش پوست/مو,حساسیت و واکنش پوست/مو,,false,ندارد,false,
بی بی کرم اکتی پور,https://www.khanoumi.com/products/noreva-actipur-bb-cream-22559,کرم و مرطوب‌کننده صورت,سلام ،کاش فیلمی از تست رنگ هم می بود تا مطمئن تصمیم میگرفتیم,22,true,2020-01-19T00:16:54+00:00,خنثی,0.35,رنگ و شید,رنگ و شید,,false,ندارد,false,
بی بی کرم اکتی پور,https://www.khanoumi.com/products/noreva-actipur-bb-cream-22559,کرم و مرطوب‌کننده صورت,برای پوست‌های چرب عالیه، من از وقتی از این استفاده کردم، دیگه هیچ کرم پودر دیگه ای رو نمیتونم رو صورتم تحمل کنم! کاملا خشک میشه روی پوست بدون اینکه خط و چروک بندازه، یه مقدار رقیقه که باعث میشه راحت‌تر روی تمام صورت پخش بشه، کاور medium داره، و نه تنها باعث جوش نمیشه بلکه اگر جوش ریز داشته باشین هم بعد از یکی دو بار استفاده خشکشون میکنه.,25,true,2019-11-26T21:24:55.5866667+00:00,مثبت,0.79,تجربه محصول | حساسیت و واکنش پوست/مو | رضایت کلی,حساسیت و واکنش پوست/مو,,false,ندارد,false,
بی بی کرم اکتی پور,https://www.khanoumi.com/products/noreva-actipur-bb-cream-22559,کرم و مرطوب‌کننده صورت,ایا برایمصرف روزانه با پوست خشک هم مناسبه؟,11,true,2019-11-15T15:02:04+00:00,خنثی,0.35,سؤال و ابهام,سؤال و ابهام,,false,ندارد,false,
بی بی کرم اکتی پور,https://www.khanoumi.com/products/noreva-actipur-bb-cream-22559,کرم و مرطوب‌کننده صورت,خاصيت درماني محصولات نوروا عاليه خيلي دوسش دارم,3,true,2019-10-26T12:28:18+00:00,مثبت,0.79,رضایت کلی | تجربه محصول,تجربه محصول,,false,ندارد,false,
بی بی کرم اکتی پور,https://www.khanoumi.com/products/noreva-actipur-bb-cream-22559,کرم و مرطوب‌کننده صورت,عاليه من سالهاست به هعنوان كرمپودر روزانه ازش استفاده ميكنم خاصيت درمانى براى پوست هاى چرب و جوشزا داره,6,true,2019-10-20T14:55:27+00:00,مثبت,0.79,رضایت کلی | تجربه محصول,تجربه محصول,,false,ندارد,false,
بی بی کرم اکتی پور,https://www.khanoumi.com/products/noreva-actipur-bb-cream-22559,کرم و مرطوب‌کننده صورت,عالیه,0,true,2019-10-20T09:19:32+00:00,مثبت,0.79,رضایت کلی,رضایت کلی,,false,ندارد,false,
بی بی کرم اکتی پور,https://www.khanoumi.com/products/noreva-actipur-bb-cream-22559,کرم و مرطوب‌کننده صورت,بسیار عالی و سبک و ماته و کل روز روی صورت باشه هم سنگینی ایجاد نمیکنه ,1,true,2019-10-19T21:15:19+00:00,مثبت,0.67,رضایت کلی,رضایت کلی,,false,ندارد,false,
بی بی کرم اکتی پور,https://www.khanoumi.com/products/noreva-actipur-bb-cream-22559,کرم و مرطوب‌کننده صورت,کرم پودر اکتی پور واقعا معجزس برای پوستهای حساسو جوش دار.. خیلی بافت سبکی داره .. پوشش دهیش متوسطه رنگ روشنش برای پوستهای سفید نسبتا یکم تیرس  اما در کل خیلی عالیه ,2,true,2019-10-19T13:25:17+00:00,مثبت,0.79,رنگ و شید | اثربخشی | رضایت کلی | بافت محصول | حساسیت و واکنش پوست/مو,حساسیت و واکنش پوست/مو,,false,ندارد,false,
بی بی کرم اکتی پور,https://www.khanoumi.com/products/noreva-actipur-bb-cream-22559,کرم و مرطوب‌کننده صورت,اين كرم به عنوان كرم پودر روزانه براى پوست مستعد جوش مناسبه و خاصيت درمانى داره,2,true,2019-10-17T19:09:14+00:00,خنثی,0.35,حساسیت و واکنش پوست/مو | سؤال و ابهام,حساسیت و واکنش پوست/مو,,false,ندارد,false,
بی بی کرم اکتی پور,https://www.khanoumi.com/products/noreva-actipur-bb-cream-22559,کرم و مرطوب‌کننده صورت,اين كرم براى پوست هاى مستعد جوش عاليه و من به عنوان كرم پودر روزانه ازش استفاده ميكنم,1,true,2019-10-16T19:36:50+00:00,مثبت,0.79,رضایت کلی | تجربه محصول | حساسیت و واکنش پوست/مو,حساسیت و واکنش پوست/مو,,false,ندارد,false,
بی بی کرم اکتی پور,https://www.khanoumi.com/products/noreva-actipur-bb-cream-22559,کرم و مرطوب‌کننده صورت,چندین سال هست استفاده میکنم، عالیه و سبک.,7,true,2019-10-16T08:52:01+00:00,مثبت,0.79,رضایت کلی | تجربه محصول,تجربه محصول,,false,ندارد,false,
لاک ناخن Nail Protective,https://www.khanoumi.com/products/insee-nail-polish-22560,لاک و ناخن,"
من از کیفیتش واقعا خییییلی راضیم😍
یکیشو خودم خریدم یکیشم دوستم برام خریده بود واقعا عالیه لاکاش😍",10,true,2020-09-11T01:06:10+00:00,مثبت,0.95,رضایت کلی | کیفیت محصول | تجربه محصول,کیفیت محصول,,false,ندارد,false,
کرم ضد آفتاب رنگی SPF100 سن سی تلیال,https://www.khanoumi.com/products/acm-sensitelial-sun-screen-spf100-22576,ضدآفتاب,این خیلی خوبه واقعا تاثیر ضد لک داره هر چند یه رنگ طبیعی به پوست میده ولی خیلی کاور بالایی آرایشی نداره ,6,true,2020-02-25T15:04:28+00:00,مثبت,0.79,اثربخشی | رضایت کلی | رنگ و شید,رنگ و شید,,false,ندارد,false,
بالم لب محافظ و ضد آفتاب,https://www.khanoumi.com/products/sebamed-lip-defense-stick-22586,ضدآفتاب,"این بالم لب عالیه!!! هم نرم کننده و مغذی هست هم ضدآفتاب داره که باعث میشه تو تابستون و زمستون لب  نرم و خوش رنگ بمونه....
",5,true,2019-01-19T10:15:02.16+00:00,مثبت,0.79,رضایت کلی | رنگ و شید,رنگ و شید,,false,ندارد,false,
صابون کالندولا مرطوب کننده و آبرسان 110گرمی,https://www.khanoumi.com/products/ditron-calendula-soap-22637,کرم و مرطوب‌کننده صورت,من راضی هستم  بخصوص اینکه ‌بوی ملایمی داره,0,true,2026-02-27T20:43:07.7593621+03:30,مثبت,0.67,بو و رایحه,بو و رایحه,,false,ندارد,false,
صابون کالندولا مرطوب کننده و آبرسان 110گرمی,https://www.khanoumi.com/products/ditron-calendula-soap-22637,کرم و مرطوب‌کننده صورت,چندوقته دارم داخل حمام استفاده میکنم تاثیر خاصی ندیدم ولی فکر میکنم خشکی پوستم کمی کمتر کرده,0,true,2026-02-21T10:20:11.551482+03:30,خنثی,0.35,اثربخشی | تجربه محصول | حساسیت و واکنش پوست/مو,حساسیت و واکنش پوست/مو,,false,ندارد,false,
صابون کالندولا مرطوب کننده و آبرسان 110گرمی,https://www.khanoumi.com/products/ditron-calendula-soap-22637,کرم و مرطوب‌کننده صورت,خیلی خوبه   انگار  صورتم صاف‌تر شده    پوستم چربه و راضیم,0,true,2026-01-22T12:49:06.5480361+03:30,مثبت,0.95,رضایت کلی,رضایت کلی,,false,ندارد,false,
صابون کالندولا مرطوب کننده و آبرسان 110گرمی,https://www.khanoumi.com/products/ditron-calendula-soap-22637,کرم و مرطوب‌کننده صورت,مدتی هست این صابون رو برای شست و شوی صورتم استفاده میکنم ،و راضی هستم ,0,true,2024-08-23T12:28:12+00:00,مثبت,0.67,تجربه محصول,تجربه محصول,,false,ندارد,false,
صابون گوگرد 9درصد 110گرمی,https://www.khanoumi.com/products/ditron-sulfur-soap-22641,سایر محصولات,"برای شست و شوی بدن و جوش بدن خیلی خوبه.
هم آنتی باکتریاله و هم چربی رو از بین میبره و لایه برداری قوی انجام میده.
ترجیحا زیر نظر پزشک مصرف بشه",0,true,2026-01-21T00:33:28.6145684+03:30,مثبت,0.79,رضایت کلی | حساسیت و واکنش پوست/مو,حساسیت و واکنش پوست/مو,,false,ندارد,false,
صابون گوگرد 9درصد 110گرمی,https://www.khanoumi.com/products/ditron-sulfur-soap-22641,سایر محصولات,صابون لایه بردار خیلی قوی بود من بدون آگاهی استفاده کردم پوستم آسیب دید .مناسب بوستهای حساس و نازک نیست و استفاده ازش ماهی یک بار کافیه به نظر من .,0,true,2025-11-23T10:18:37.4739525+03:30,خنثی,0.35,تجربه محصول,تجربه محصول,,false,ندارد,false,
صابون گوگرد 9درصد 110گرمی,https://www.khanoumi.com/products/ditron-sulfur-soap-22641,سایر محصولات,من یک ماه دارم استفاده میکنم راضی بودم بعد از استفاده پوستم تمیز و پاک میشه,0,true,2025-09-28T10:49:58.7775277+03:30,مثبت,0.67,تجربه محصول,تجربه محصول,,false,ندارد,false,
صابون کرم‎دار 30درصد حاوی عصاره کالندولا 110گرمی,https://www.khanoumi.com/products/ditron-cream-calendula-extract-soap-22644,کرم و مرطوب‌کننده صورت,قیمت و کیفیت خوب,0,true,2026-08-25T20:41:16.3335406+03:30,مثبت,0.79,قیمت | کیفیت محصول,قیمت,,false,ندارد,false,
ماسک مو حرفهای کراتینه 400میل,https://www.khanoumi.com/products/ditron-professional-hair-masque-with-extra-repairing-effect-22651,نرم‌کننده و ماسک مو,دو ستاره داره دادم چون بی تاثیره و آسیب خاصی نزد. تا الان که بارها و پشت سر هم طبق دستورش داخل حمام استفاده کردم هیچ تاثیر مثبتی نداشته. ممکنه برای برخی دوستان محصولی کمی موثر باشه ولی با ذکر جزئیات و پس از مدتی استفاده بفرمایید و در صورت لزوم لطفاً آپدیتش کنید. باعث ریزش نشد. ربوطت‌رسان نیست. باعث نرمی موها نشد و خب اگر کمی موها رو نرم کرده دیده نمیشه. بوی خوبی داره که نکته خوبیه ولی چندان هم اهمیت نداره. از خریدش ناراضی هستم و تلاش می کنم دیگه چنین محصولی خریداری نکنم چون به نوعی پول دور ریختنه.,0,true,2026-05-24T09:40:13.7506079+03:30,ترکیبی,0.71,اثربخشی | تجربه محصول | نارضایتی کلی | بو و رایحه,بو و رایحه,اثربخشی | نارضایتی کلی | بو و رایحه,true,متوسط,false,
ماسک مو حرفهای کراتینه 400میل,https://www.khanoumi.com/products/ditron-professional-hair-masque-with-extra-repairing-effect-22651,نرم‌کننده و ماسک مو,خیلی عالی من دوساله استفاده میکنم اصلا شونه نمیزنم‌موهام و اینقدر نرم میکنه ولی الان قیمتش رفته بالا چرا تخفیف بزارید لطفا,0,true,2026-04-06T03:16:23.2439374+03:30,مثبت,0.67,تخفیف | قیمت | تجربه محصول | رضایت کلی,تخفیف,,false,ندارد,false,
ماسک مو حرفهای کراتینه 400میل,https://www.khanoumi.com/products/ditron-professional-hair-masque-with-extra-repairing-effect-22651,نرم‌کننده و ماسک مو,آشغال ترین ماسک مویی که استفاده کردم! موهامو به شدت خشک کرد . اگر موهاتون کراتین شدس که اصلا استفاده نکنید,0,true,2026-02-26T14:40:44.3147249+03:30,خنثی,0.35,تجربه محصول,تجربه محصول,,false,ندارد,false,
ماسک مو حرفهای کراتینه 400میل,https://www.khanoumi.com/products/ditron-professional-hair-masque-with-extra-repairing-effect-22651,نرم‌کننده و ماسک مو,من دو ساله دارم استفاده میکنم واسه اطرافیانم هم خریدم همه عاشقشن اصلا تا میزنی تا دو الی سه روز مو به شونه احتیاج نداره اینقدر که لخت میشه اما هفته ای یه بار استفاده کنید بیشتر کف سر چرب میشه در مدت زمان طولانی,0,true,2025-10-18T20:17:05.0330319+03:30,خنثی,0.35,تجربه محصول,تجربه محصول,,false,ندارد,false,
ماسک مو حرفهای کراتینه 400میل,https://www.khanoumi.com/products/ditron-professional-hair-masque-with-extra-repairing-effect-22651,نرم‌کننده و ماسک مو,من تازه گرفتمش ولی همون بار اول میتونید تغییر و حس کنید,0,true,2025-08-06T12:00:17.9356849+00:00,خنثی,0.35,تجربه محصول,تجربه محصول,,false,ندارد,false,
ماسک مو حرفهای کراتینه 400میل,https://www.khanoumi.com/products/ditron-professional-hair-masque-with-extra-repairing-effect-22651,نرم‌کننده و ماسک مو,من با توجه به نظرات خریدم ولی خیلی افتضاحه بدترین ماسک مویی که تا به حال داشتم بسیار از خریدم ناراضی هستم,0,true,2025-08-05T11:37:14.6402367+00:00,ترکیبی,0.87,نارضایتی کلی | تجربه محصول,تجربه محصول,نارضایتی کلی,true,متوسط,false,
ماسک مو حرفهای کراتینه 400میل,https://www.khanoumi.com/products/ditron-professional-hair-masque-with-extra-repairing-effect-22651,نرم‌کننده و ماسک مو,با یه بار استفاده، واقعا از نظر من به نسبت بقیه ماسک موهایی که استفاده کردم، خدایی نرم کنندگیش رو دوست داشتم,0,true,2025-05-04T10:31:06.5572214+00:00,مثبت,0.67,تجربه محصول | رضایت کلی,تجربه محصول,,false,ندارد,false,
ماسک مو حرفهای کراتینه 400میل,https://www.khanoumi.com/products/ditron-professional-hair-masque-with-extra-repairing-effect-22651,نرم‌کننده و ماسک مو,خوب بود راضی بودم,0,true,2025-03-04T21:53:02.6460223+00:00,مثبت,0.91,رضایت کلی,رضایت کلی,,false,ندارد,false,
ماسک مو حرفهای کراتینه 400میل,https://www.khanoumi.com/products/ditron-professional-hair-masque-with-extra-repairing-effect-22651,نرم‌کننده و ماسک مو,عالیه,0,true,2025-01-30T20:59:58.1372962+00:00,مثبت,0.79,رضایت کلی,رضایت کلی,,false,ندارد,false,
اسپری دو فاز رطوبت رسان مو حاوی کراتین و روغن آرگان حجم 250 میل,https://www.khanoumi.com/products/ditron-tow-phase-conditioner-spray-22657,نرم‌کننده و ماسک مو,روی موهای فر هیچ تاثیری نداره فقط برای شانه زدن موثره,0,true,2026-07-01T03:57:15.930711+03:30,خنثی,0.35,اثربخشی,اثربخشی,,false,ندارد,false,
اسپری دو فاز رطوبت رسان مو حاوی کراتین و روغن آرگان حجم 250 میل,https://www.khanoumi.com/products/ditron-tow-phase-conditioner-spray-22657,نرم‌کننده و ماسک مو,خوب بود من دوستش داشتم,0,true,2026-05-14T09:54:03.8686146+03:30,مثبت,0.79,رضایت کلی,رضایت کلی,,false,ندارد,false,
اسپری دو فاز رطوبت رسان مو حاوی کراتین و روغن آرگان حجم 250 میل,https://www.khanoumi.com/products/ditron-tow-phase-conditioner-spray-22657,نرم‌کننده و ماسک مو,من خیلی راضی بودم دومی رو میخوام بخرم,0,true,2026-03-18T11:34:40.8229726+03:30,مثبت,0.67,رضایت کلی,رضایت کلی,,false,ندارد,false,
اسپری دو فاز رطوبت رسان مو حاوی کراتین و روغن آرگان حجم 250 میل,https://www.khanoumi.com/products/ditron-tow-phase-conditioner-spray-22657,نرم‌کننده و ماسک مو,عالیه من چندین ماها دارم شارژش می‌کنم فوق العاده اس هم بوی خوبی میده هم محافظت میکنه در برابر حرارت هم مو رو نرم میکنه,0,true,2026-03-12T04:34:30.8382071+03:30,مثبت,0.91,رضایت کلی | بو و رایحه,بو و رایحه,,false,ندارد,false,
اسپری دو فاز رطوبت رسان مو حاوی کراتین و روغن آرگان حجم 250 میل,https://www.khanoumi.com/products/ditron-tow-phase-conditioner-spray-22657,نرم‌کننده و ماسک مو,تازه استفاده کردم بوی خوبی داره موهامو تا حدی نرم کرد ولی انتظار بیشتری داشتم ازش,0,true,2026-01-12T08:36:50.9943984+03:30,خنثی,0.35,تجربه محصول | بو و رایحه,بو و رایحه,,false,ندارد,false,
اسپری دو فاز رطوبت رسان مو حاوی کراتین و روغن آرگان حجم 250 میل,https://www.khanoumi.com/products/ditron-tow-phase-conditioner-spray-22657,نرم‌کننده و ماسک مو,خوبه ولی بوی عطر مردونه داره که من دوست ندارم و باید کم بزنید زیاد بزنید یه جوری میشه انگار کثیفه موهات,0,true,2025-04-15T07:37:02.2689284+00:00,مثبت,0.67,بو و رایحه,بو و رایحه,,false,ندارد,false,
اسپری دو فاز رطوبت رسان مو حاوی کراتین و روغن آرگان حجم 250 میل,https://www.khanoumi.com/products/ditron-tow-phase-conditioner-spray-22657,نرم‌کننده و ماسک مو,راضی بودم موهامو نرم و صاف کرد,0,true,2024-09-19T13:48:28+00:00,مثبت,0.67,رضایت کلی,رضایت کلی,,false,ندارد,false,
اسپری دو فاز مو رنگ شده حاوی عصاره انار مخصوص موهای خشک حجم 250 میل,https://www.khanoumi.com/products/ditron-2-phase-protection-color-conditioner-spray-22658,نرم‌کننده و ماسک مو,خوشبوعههه,0,true,2026-08-26T16:01:56.27944+03:30,خنثی,0.35,بو و رایحه,بو و رایحه,,false,ندارد,false,
اسپری دو فاز مو رنگ شده حاوی عصاره انار مخصوص موهای خشک حجم 250 میل,https://www.khanoumi.com/products/ditron-2-phase-protection-color-conditioner-spray-22658,نرم‌کننده و ماسک مو,من به نظرات اعتماد کردم و خریدم خیلی بوش خوبه نرم کنندگیشم معمولیه,0,true,2026-08-26T16:01:22.6847269+03:30,مثبت,0.67,بو و رایحه | تجربه محصول | نارضایتی کلی,بو و رایحه,,false,ندارد,false,
اسپری دو فاز مو رنگ شده حاوی عصاره انار مخصوص موهای خشک حجم 250 میل,https://www.khanoumi.com/products/ditron-2-phase-protection-color-conditioner-spray-22658,نرم‌کننده و ماسک مو,ولی من ب خاطر نظرات گرفتم این اسپری رو اصلا اینجور نیستش بوی خوبی نداره میزنمم موهام بوی گندیده میده اصلا  حیف شد پولم,0,true,2026-08-20T10:26:00.1050591+03:30,خنثی,0.35,بو و رایحه | تجربه محصول,بو و رایحه,,false,ندارد,false,
اسپری دو فاز مو رنگ شده حاوی عصاره انار مخصوص موهای خشک حجم 250 میل,https://www.khanoumi.com/products/ditron-2-phase-protection-color-conditioner-spray-22658,نرم‌کننده و ماسک مو,عالی,0,true,2025-06-22T23:37:14.8303637+00:00,مثبت,0.67,رضایت کلی,رضایت کلی,,false,ندارد,false,
ماسک مو روغن نارگیل و روغن های گیاهی 400میل,https://www.khanoumi.com/products/ditron-professional-hair-masque-22662,نرم‌کننده و ماسک مو,یه ماسک موی تقریبا معمولی رو به خوب بود با توجه به قیمتش، سری های اول نرم کنندگی خوبی داشت به مرور حس کردم ضعیف شد و ترجیح من ماسک مو ویتاپلکس هست قدرت نرم کنندگی بیشتری داشت.,0,true,2025-07-27T06:18:15.4155183+00:00,ترکیبی,0.79,نارضایتی کلی,نارضایتی کلی,نارضایتی کلی,true,متوسط,false,
پد لاک پاک کن ناخن کاشت,https://www.khanoumi.com/products/najeh-nail-polish-remover-pad-22666,لاک و ناخن,سلام.ببخشید این کالا حاوی 5 عدد پد جداگانه هست.درسته؟,7,true,2019-07-17T16:28:59.8066667+00:00,خنثی,0.35,تجربه محصول,تجربه محصول,,false,ندارد,false,
لوسیون بدن خیار و آلوئه ورا,https://www.khanoumi.com/products/freeman-soothing-body-lotion-cucumber-and-aloe-vera-22714,کرم دست و بدن,لوسيون خيلي خوبيه ، راحت و سريع  روي پوست پخش ميشه  و پوست رو نرم و لطيف مي كنه,12,true,2019-04-07T14:39:36.9866667+00:00,مثبت,0.67,تجربه محصول | رضایت کلی,تجربه محصول,,false,ندارد,false,
محلول فیزیولوژیکال، پاک کننده میسلار، 200 میلی-لاروش پوزای,https://www.khanoumi.com/products/la-roche-posay-ultra-micellar-water-22724,ژل و فوم شستشو,خیلی خوبه، من واقعا راضی بودم.,0,true,2020-09-09T11:08:17+00:00,مثبت,0.91,رضایت کلی,رضایت کلی,,false,ندارد,false,
محلول پاک کننده آرایش اولترا میسلار400 میلی لیتر,https://www.khanoumi.com/products/la-roche-posay-ultra-micellar-water-22804,ژل و فوم شستشو,عالی ,1,true,2020-05-22T20:23:37+00:00,مثبت,0.67,رضایت کلی,رضایت کلی,,false,ندارد,false,
محلول پاک کننده آرایش اولترا میسلار 200میلی لیتر,https://www.khanoumi.com/products/ultra-micellar-water-22805,ژل و فوم شستشو,من میسلارهای زیادی استفاده کردم ولی این برند از همه بهتر بوده برام و عاشقش شدم بس که راحت پوست تمیز میشه ,1,true,2019-10-04T21:10:40+00:00,خنثی,0.35,تجربه محصول,تجربه محصول,,false,ندارد,false,
محلول پاک کننده آرایش اولترا میسلار 200میلی لیتر,https://www.khanoumi.com/products/ultra-micellar-water-22805,ژل و فوم شستشو,تنها میسلاری که به راحتی صورت رو تمیز میکنه . محشره من عاشقش شدم ,1,true,2019-10-04T14:00:55+00:00,خنثی,0.35,رضایت کلی,رضایت کلی,,false,ندارد,false,
اسپری ضد آفتاب,https://www.khanoumi.com/products/la-roche-posay-anthelios-spray-spf50-22811,ضدآفتاب,"براي وقتي كه بيرون از منزل هستين و دسترسي ب اينه ندارين عاليه
اسپري ميكنين و تمام 😇",7,true,2019-10-16T11:33:28+00:00,مثبت,0.79,رضایت کلی,رضایت کلی,,false,ندارد,false,
دستمال مرطوب پاک کننده مخصوص دست و صورت 10 عددی,https://www.khanoumi.com/products/nino-hand-and-face-cleanser-refresher-wet-wipes-10pcs-22818,ژل و فوم شستشو,اصلا خوب نيست خشكه هيچ آلودگي رو هم پاك نميكنه,0,true,2019-07-18T11:50:58.1966667+00:00,منفی,0.67,رضایت کلی,رضایت کلی,,false,ندارد,false,
کاندوم 3 عددی رد کاکتوس,https://www.khanoumi.com/products/kodex-red-cactus-condom-22837,سایر محصولات,خیلی جنسش بدههه واقا نخرید,0,true,2026-05-31T00:00:46.29716+03:30,منفی,0.67,کیفیت محصول,کیفیت محصول,کیفیت محصول,true,متوسط,false,
دستمال مرطوب لوازم منزل 20برگی,https://www.khanoumi.com/products/dafi-household-cleaning-cleaner-cloth-22854,سایر محصولات,بسیار عالی کاربردی واقعا تمیز میکنه ,0,true,2024-08-22T00:19:39+00:00,مثبت,0.67,رضایت کلی,رضایت کلی,,false,ندارد,false,
دستمال مرطوب ادالت 100 عددی,https://www.khanoumi.com/products/dafi-adult-wipes-22857,سایر محصولات,بسته بندی عالی بود و کیفبت محصول خوبه,0,true,2025-03-09T16:52:46.2918988+00:00,مثبت,0.91,بسته‌بندی | رضایت کلی | تجربه محصول,بسته‌بندی,,false,ندارد,false,
دستمال مرطوب پاک کننده آرایش  50 برگی,https://www.khanoumi.com/products/dafi-makeup-remover-wips-22860,سایر محصولات,پاک‌کننده تقریبا خوبی هست اما کامل پوستی که کرم پودر داره رو پاک نمیکنه ، باز نیاز به پاک کردن یا شستن داره ، ولی برای پاک‌کردن سایه و ریمل و اینها تقریبا بد نیست,0,true,2025-04-27T13:37:52.8476804+00:00,مثبت,0.67,رضایت کلی,رضایت کلی,,false,ندارد,false,
دستمال مرطوب پاک کننده آرایش  50 برگی,https://www.khanoumi.com/products/dafi-makeup-remover-wips-22860,سایر محصولات,خیلی پاک کننده خوبیه من برای دومین بار از خانومی سفارش دادم هم بوی خوبی داره هم تازه بود محصول,0,true,2024-02-13T13:42:41+00:00,خنثی,0.35,تجربه محصول | بو و رایحه,بو و رایحه,,false,ندارد,false,
دستمال مرطوب پاک کننده آرایش 70 برگی,https://www.khanoumi.com/products/dafi-makeup-remover-wips-22861,سایر محصولات,رطوبتش مثل بقیه دستمالها نبود,0,true,2026-08-30T09:47:50.6594747+03:30,خنثی,0.35,تجربه محصول,تجربه محصول,,false,ندارد,false,
دستمال مرطوب پاک کننده آرایش 70 برگی,https://www.khanoumi.com/products/dafi-makeup-remover-wips-22861,سایر محصولات,عالیه من راضیم,0,true,2026-07-30T17:22:04.5788489+03:30,مثبت,0.95,رضایت کلی,رضایت کلی,,false,ندارد,false,
دستمال مرطوب پاک کننده آرایش 70 برگی,https://www.khanoumi.com/products/dafi-makeup-remover-wips-22861,سایر محصولات,خیلی خیس شده و کف میکنه بوی صابون میده تازگیا اینجوری شده قبلا خوب بود,0,true,2026-06-19T10:18:41.7485985+03:30,مثبت,0.79,بو و رایحه,بو و رایحه,,false,ندارد,false,
دستمال مرطوب پاک کننده آرایش 70 برگی,https://www.khanoumi.com/products/dafi-makeup-remover-wips-22861,سایر محصولات,دستمال هاش نازکه خیلی. باید چندتاشو استفاده کنی,0,true,2026-03-08T23:55:12.5271561+03:30,خنثی,0.35,تجربه محصول,تجربه محصول,,false,ندارد,false,
دستمال مرطوب پاک کننده آرایش 70 برگی,https://www.khanoumi.com/products/dafi-makeup-remover-wips-22861,سایر محصولات,دافی همیشه خشکه باید برعکس بزاری تا مرطوب بشه اماترکیبات  ش واقعا برای پوست چرب و جوش دار خیلی خوبه,0,true,2025-07-30T10:41:05.0953034+00:00,مثبت,0.79,ترکیبات | رضایت کلی | نیاز به مشاوره | حساسیت و واکنش پوست/مو,حساسیت و واکنش پوست/مو,,false,ندارد,false,
دستمال مرطوب پاک کننده آرایش 70 برگی,https://www.khanoumi.com/products/dafi-makeup-remover-wips-22861,سایر محصولات,درست پاک نمیکنه,0,true,2025-03-26T14:06:41.3409972+00:00,خنثی,0.35,تجربه محصول,تجربه محصول,,false,ندارد,false,
دستمال مرطوب پاک کننده آرایش 70 برگی,https://www.khanoumi.com/products/dafi-makeup-remover-wips-22861,سایر محصولات,کیفیتش واقعا عالی بود ,0,true,2024-09-09T17:43:29+00:00,مثبت,0.79,کیفیت محصول | رضایت کلی,کیفیت محصول,,false,ندارد,false,
دستمال مرطوب پاک کننده آرایش 70 برگی,https://www.khanoumi.com/products/dafi-makeup-remover-wips-22861,سایر محصولات,بوی خیلی خوبی داره بعد از پاک کردن حس سبکی میده، ,0,true,2024-07-04T09:12:08+00:00,مثبت,0.67,بو و رایحه | رضایت کلی,بو و رایحه,,false,ندارد,false,
دستمال مرطوب پاک کننده آرایش 70 برگی,https://www.khanoumi.com/products/dafi-makeup-remover-wips-22861,سایر محصولات,اصلا کیفیت خوبی نداره و کامل تمیز نمیکنه از دافی بعیده نمیدونم خلاصه که من نپسنیدم درصورتی که دستمال مرطوبای دیگه دافی رو استفاده کرده بود عالی بود ,0,true,2024-07-03T21:44:24+00:00,مثبت,0.67,رضایت کلی | کیفیت محصول,کیفیت محصول,,false,ندارد,false,
دستمال مرطوب پاک کننده آرایش 70 برگی,https://www.khanoumi.com/products/dafi-makeup-remover-wips-22861,سایر محصولات,کامل پوست صورتو پاک میکنه خیلی راضیم,0,true,2023-07-23T23:14:22+00:00,مثبت,0.79,رضایت کلی,رضایت کلی,,false,ندارد,false,
دستمال مرطوب پاک کننده آرایش 3 در 1,https://www.khanoumi.com/products/dafi-3in1-make-up-remover-wet-wips-20pcs-22862,سایر محصولات,مدت‌ها هست‌که استفاده می‌کنم و‌ راضی هستم ، باعث جوش و خشکی نمیشه,0,true,2025-04-27T13:32:01.2448038+00:00,مثبت,0.67,تجربه محصول | حساسیت و واکنش پوست/مو,حساسیت و واکنش پوست/مو,,false,ندارد,false,
دستمال مرطوب پاک کننده آرایش 3 در 1,https://www.khanoumi.com/products/dafi-3in1-make-up-remover-wet-wips-20pcs-22862,سایر محصولات,عالی بود,0,true,2025-02-06T16:29:14.9024012+00:00,مثبت,0.79,رضایت کلی,رضایت کلی,,false,ندارد,false,
دستمال مرطوب پاک کننده دست و صورت بسته 12 عددی,https://www.khanoumi.com/products/dafi-hand-and-face-cleanser-wet-wips-22863,ژل و فوم شستشو,"بار دهم که میخرم خیلی خیلی کاربردی و عالیه 
اتفاقا کوچیک بودنش خوبه راحت جا میشه
بوی خوبی هم داره",0,true,2026-05-06T22:56:19.3226139+03:30,مثبت,0.91,رضایت کلی | بو و رایحه,بو و رایحه,,false,ندارد,false,
دستمال مرطوب پاک کننده دست و صورت بسته 12 عددی,https://www.khanoumi.com/products/dafi-hand-and-face-cleanser-wet-wips-22863,ژل و فوم شستشو,دقت کنید که کوچیکه ، ولی کیفیتش خوبه,0,true,2026-05-03T14:52:47.6780919+03:30,مثبت,0.67,کیفیت محصول,کیفیت محصول,,false,ندارد,false,
دستمال مرطوب پاک کننده دست و صورت بسته 12 عددی,https://www.khanoumi.com/products/dafi-hand-and-face-cleanser-wet-wips-22863,ژل و فوم شستشو,عطر و بوی عالی داره,0,true,2026-04-22T12:28:22.4553903+03:30,مثبت,0.67,بو و رایحه | رضایت کلی,بو و رایحه,,false,ندارد,false,
دستمال مرطوب پاک کننده دست و صورت بسته 12 عددی,https://www.khanoumi.com/products/dafi-hand-and-face-cleanser-wet-wips-22863,ژل و فوم شستشو,عالی و قیمت مناسب,0,true,2026-03-13T15:22:40.9649624+03:30,مثبت,0.67,قیمت | رضایت کلی,قیمت,,false,ندارد,false,
دستمال مرطوب پاک کننده دست و صورت بسته 12 عددی,https://www.khanoumi.com/products/dafi-hand-and-face-cleanser-wet-wips-22863,ژل و فوم شستشو,عالیه بهترین کیفیت رو داره بوی خیلی خوبی هم داره برای تمیز کردن سطوح استفاده کردم,0,true,2026-03-11T01:08:29.6814437+03:30,مثبت,0.95,رضایت کلی | کیفیت محصول | تجربه محصول | بو و رایحه,کیفیت محصول,,false,ندارد,false,
دستمال مرطوب پاک کننده دست و صورت بسته 12 عددی,https://www.khanoumi.com/products/dafi-hand-and-face-cleanser-wet-wips-22863,ژل و فوم شستشو,خوب بود,0,true,2026-01-06T17:29:02.5858743+03:30,مثبت,0.79,رضایت کلی,رضایت کلی,,false,ندارد,false,
دستمال مرطوب پاک کننده دست و صورت بسته 12 عددی,https://www.khanoumi.com/products/dafi-hand-and-face-cleanser-wet-wips-22863,ژل و فوم شستشو,واقعا اندازش خیلی کوچیکه برام تعجب اور بود دراین حد کوچیک اما کیفیت محصولات دافی واقعا خوبه.,0,true,2025-02-22T07:25:44.1826494+00:00,مثبت,0.67,کیفیت محصول | تجربه محصول,کیفیت محصول,,false,ندارد,false,
دستمال مرطوب پاک کننده دست و صورت بسته 12 عددی,https://www.khanoumi.com/products/dafi-hand-and-face-cleanser-wet-wips-22863,ژل و فوم شستشو,من چند سری استفاده کردم ازش و پاک کنندگی خوبی داشت. معمولا برای آلودگی دست یا تمیز کردن وسایل آرایشم ازش استفاده می‌کنم، اما چندباری در طول سفر برای زیربغل و صورتم هم استفاده کردم و خوب بود و رو پوست من هیچ تاثیر بدی نداد,0,true,2024-11-29T21:44:17.2784086+00:00,مثبت,0.79,تجربه محصول | اثربخشی,اثربخشی,,false,ندارد,false,
دستمال مرطوب پاک کننده آرایش اکسترا 27 برگی,https://www.khanoumi.com/products/dafi-makeup-remover-wips-22864,سایر محصولات,خیلی خوبه من راضی ام,0,true,2024-06-29T13:35:38+00:00,مثبت,0.95,رضایت کلی,رضایت کلی,,false,ندارد,false,
دستمال مرطوب کودک ویتا میلک 20 عددی,https://www.khanoumi.com/products/dafi-vita-milk-wips-baby-22866,سایر محصولات,محلولی که توی دستمال مرطوب استفاده شد بسیار زیاد بود برای من خوشایند نبود رایحه خوبی داشت جنس دستمال مرطوب بی کیفیت بود,0,true,2025-03-26T07:15:18.5253888+00:00,منفی,0.67,کیفیت محصول | بو و رایحه,کیفیت محصول,کیفیت محصول | بو و رایحه,true,متوسط,false,
پد لاک پاک کن 45 عددی دارای ویتامین,https://www.khanoumi.com/products/dafi-nail-polish-remover-pad-22867,لاک و ناخن,عالی,0,true,2026-03-06T10:22:24.0319858+03:30,مثبت,0.67,رضایت کلی,رضایت کلی,,false,ندارد,false,
پد لاک پاک کن 45 عددی دارای ویتامین,https://www.khanoumi.com/products/dafi-nail-polish-remover-pad-22867,لاک و ناخن,من راضی بودم خیلی به صرفه هستش و راحت لاک رو پاک میکنه,0,true,2025-09-18T18:38:52.0520995+03:30,مثبت,0.67,قیمت,قیمت,,false,ندارد,false,
پد لاک پاک کن 45 عددی دارای ویتامین,https://www.khanoumi.com/products/dafi-nail-polish-remover-pad-22867,لاک و ناخن,از همه نوع عالی,0,true,2025-06-24T17:23:46.0806586+00:00,مثبت,0.67,رضایت کلی,رضایت کلی,,false,ندارد,false,
پد لاک پاک کن 45 عددی دارای ویتامین,https://www.khanoumi.com/products/dafi-nail-polish-remover-pad-22867,لاک و ناخن,واقعا عالیه خیلی تعدادش زیاد و اقتصادیه و واقعا کیفیت بالایی داره,0,true,2025-06-23T18:50:56.4371057+00:00,مثبت,0.79,رضایت کلی | کیفیت محصول,کیفیت محصول,,false,ندارد,false,
پد لاک پاک کن 45 عددی دارای ویتامین,https://www.khanoumi.com/products/dafi-nail-polish-remover-pad-22867,لاک و ناخن,این بهترین پد لاک پاک کنیه که میتونید بخرید.خشک نمیشه، هر پدش رو برای دوبار میشه استفاده کرد و بسیار قویه، من دو سال پیش از داروخونه یکی خریدم هنوزم چندتا پدش مونده . هر چند روزم لاک میزنم .امسالم از خانومی یکی خریدم و هنوز بازش نکردم.ولی درجه یکه شک نکنید واسه خریدش. حتی لک خودکار و ماژیک هایی که پاک نمیشن و میمونن، رو هم از روی وسایل خونه پاک میکنه,0,true,2025-04-22T06:41:06.963869+00:00,مثبت,0.67,تجربه محصول | کیفیت محصول | رضایت کلی,کیفیت محصول,,false,ندارد,false,
پد لاک پاک کن 45 عددی دارای ویتامین,https://www.khanoumi.com/products/dafi-nail-polish-remover-pad-22867,لاک و ناخن,خیلی خوبه 45 عدد نیست 90,0,true,2024-12-03T07:00:25.7097401+00:00,خنثی,0.35,رضایت کلی,رضایت کلی,,false,ندارد,false,
پد لاک پاک کن 45 عددی دارای ویتامین,https://www.khanoumi.com/products/dafi-nail-polish-remover-pad-22867,لاک و ناخن,یکساله خریدمش. خیلی خوب و بصرفه ست. شک نکنید,0,true,2024-11-29T13:14:25.4925123+00:00,مثبت,0.79,تجربه محصول | رضایت کلی,تجربه محصول,,false,ندارد,false,
پد لاک پاک کن 45 عددی دارای ویتامین,https://www.khanoumi.com/products/dafi-nail-polish-remover-pad-22867,لاک و ناخن,"خیلی خوبه.فقط جعبش بزرگه که من دورش مشمبا کشیدم تا خشک نشه.
",0,true,2024-04-08T18:33:03+00:00,مثبت,0.79,رضایت کلی,رضایت کلی,,false,ندارد,false,
پد لاک پاک کن 45 عددی دارای ویتامین,https://www.khanoumi.com/products/dafi-nail-polish-remover-pad-22867,لاک و ناخن,کیفیت خیلی خوبی داره ناخن هلی کاشته رو حل نمیکنه خیلی هم به صرفه هست فقط اندازه هر پدش خیلی بزرگه پیشنهاد میکنم خودتون با قیچی نصفش کنید که حروم نشه,12,true,2019-03-27T13:01:01.8966667+00:00,مثبت,0.79,پیشنهاد به دیگران | کیفیت محصول | قیمت | رضایت کلی,قیمت,,false,ندارد,false,
ریمل ولوم لانگ لش,https://www.khanoumi.com/products/eliza-mutik-mascara-22869,ریمل,ریمل خوبیه هم بلند میکنه هم تقریبا حجم میده مشکی هم هست اما حیف که موقع شستن خیلی سیاه میکنه,5,true,2019-04-19T12:26:14.46+00:00,خنثی,0.35,حجم و مقدار,حجم و مقدار,,false,ندارد,false,
خمیر دندان مدل Total 8 حجم 100 میلی لیتر,https://www.khanoumi.com/products/misswake-total-8-toothpaste-100ml-22871,سایر محصولات,عالیه کلا برند میسویک یه چیز دیگه است,0,true,2026-08-31T14:46:53.5042198+03:30,مثبت,0.79,رضایت کلی,رضایت کلی,,false,ندارد,false,
خمیر دندان مدل Total 8 حجم 100 میلی لیتر,https://www.khanoumi.com/products/misswake-total-8-toothpaste-100ml-22871,سایر محصولات,من قبلاً  یه برند دیگه استفاده میکردم واین بار این خمیر دندون رو گرفتم . واقعا برا دندان های حساس عالیه . پیشنهاد میکنم برا یبار استفاده کنید .عالیه,0,true,2026-08-12T09:15:23.139094+03:30,مثبت,0.95,رضایت کلی | پیشنهاد به دیگران | تجربه محصول,تجربه محصول,,false,ندارد,false,
خمیر دندان مدل Total 8 حجم 100 میلی لیتر,https://www.khanoumi.com/products/misswake-total-8-toothpaste-100ml-22871,سایر محصولات,قیمتش خیلی رفته بالا.چون تو تخفیف بود خریدم من دوست دارم میسویک رو,0,true,2026-08-10T19:06:56.1898504+03:30,خنثی,0.35,تخفیف | تجربه محصول,تخفیف,,false,ندارد,false,
خمیر دندان مدل Total 8 حجم 100 میلی لیتر,https://www.khanoumi.com/products/misswake-total-8-toothpaste-100ml-22871,سایر محصولات,خوبه کلا خمیر دندون های میسویک رو دوست دارم,0,true,2026-08-08T18:29:07.017679+03:30,مثبت,0.67,رضایت کلی,رضایت کلی,,false,ندارد,false,
خمیر دندان مدل Total 8 حجم 100 میلی لیتر,https://www.khanoumi.com/products/misswake-total-8-toothpaste-100ml-22871,سایر محصولات,خیلی خوب بود روزانه بود,0,true,2026-08-08T10:20:51.8989198+03:30,مثبت,0.91,رضایت کلی,رضایت کلی,,false,ندارد,false,
خمیر دندان مدل Total 8 حجم 100 میلی لیتر,https://www.khanoumi.com/products/misswake-total-8-toothpaste-100ml-22871,سایر محصولات,من الان دوساله که بعد از جرم گیری دندون هام از خمیر دندون های میسویک و بیشتر از همین مدل استفاده میکنم و میتونم بگم بهترینن .اصلا تو خریدشون نباید شک کرد,0,true,2026-08-02T03:50:06.7139637+03:30,مثبت,0.67,تجربه محصول | رضایت کلی,تجربه محصول,,false,ندارد,false,
خمیر دندان مدل Total 8 حجم 100 میلی لیتر,https://www.khanoumi.com/products/misswake-total-8-toothpaste-100ml-22871,سایر محصولات,"سلام با تشکر از سایت خوب خانومی
بنظرم خمیر دندون خوبی نیست بیش از حد قوی هست و مواد ساینده زیادی داره من دو بار استفاده کردم هر بار باعث زخم لثه شد و همچنین دندونم رو به سرما حساس کرد به هیچ عنوان دیگه مصرف نمیکنم.",0,true,2026-06-26T13:34:57.7128078+03:30,مثبت,0.67,تجربه محصول | سایت و اپلیکیشن,سایت و اپلیکیشن,,false,ندارد,false,
خمیر دندان مدل Total 8 حجم 100 میلی لیتر,https://www.khanoumi.com/products/misswake-total-8-toothpaste-100ml-22871,سایر محصولات,خوب بود باعث سوزش لثه نشد,0,true,2026-05-24T18:47:35.3911087+03:30,مثبت,0.79,حساسیت و واکنش پوست/مو,حساسیت و واکنش پوست/مو,,false,ندارد,false,
خمیر دندان مدل Total 8 حجم 100 میلی لیتر,https://www.khanoumi.com/products/misswake-total-8-toothpaste-100ml-22871,سایر محصولات,باعث زخم شدن لثه ام شد.,0,true,2026-05-14T19:22:20.7350927+03:30,خنثی,0.35,تجربه محصول,تجربه محصول,,false,ندارد,false,
خمیر دندان مدل Total 8 حجم 100 میلی لیتر,https://www.khanoumi.com/products/misswake-total-8-toothpaste-100ml-22871,سایر محصولات,بهترین خمیر دندانیه که تا حالا خریداری کردم پایه ثابت خانواده شده امیدوارم کیفیتش در مرور زمان افت نکنه,0,true,2026-03-20T12:14:11.132262+03:30,مثبت,0.67,کیفیت محصول | رضایت کلی,کیفیت محصول,,false,ندارد,false,
خمیر دندان مدل Total 8 حجم 100 میلی لیتر,https://www.khanoumi.com/products/misswake-total-8-toothpaste-100ml-22871,سایر محصولات,عالی بود,0,true,2026-03-19T12:02:10.7768424+03:30,مثبت,0.79,رضایت کلی,رضایت کلی,,false,ندارد,false,
خمیر دندان مدل Total 8 حجم 100 میلی لیتر,https://www.khanoumi.com/products/misswake-total-8-toothpaste-100ml-22871,سایر محصولات,پاک کنندگی خوبی نداره دهان و دورهان هم خشک میکنه توصیه نمیکنم!,0,true,2026-03-18T04:24:52.3274028+03:30,خنثی,0.35,رضایت کلی,رضایت کلی,,false,ندارد,false,
خمیر دندان مدل Total 8 حجم 100 میلی لیتر,https://www.khanoumi.com/products/misswake-total-8-toothpaste-100ml-22871,سایر محصولات,خمیر دندون خوبیه,0,true,2026-03-09T22:24:04.5366682+03:30,خنثی,0.35,رضایت کلی,رضایت کلی,,false,ندارد,false,
خمیر دندان مدل Total 8 حجم 100 میلی لیتر,https://www.khanoumi.com/products/misswake-total-8-toothpaste-100ml-22871,سایر محصولات,خیلی خوب,0,true,2025-12-07T15:36:38.7186016+03:30,مثبت,0.79,رضایت کلی,رضایت کلی,,false,ندارد,false,
خمیر دندان مدل Total 8 حجم 100 میلی لیتر,https://www.khanoumi.com/products/misswake-total-8-toothpaste-100ml-22871,سایر محصولات,"من به دلیل استفاده زیاد از قهوه دندون هام به شدت جرم گرفته بود و زرد بود ، بر اساس نظرات گرفتم و یک هفته اس که استفاده کردم ازش ، خوبه ، دندون هامو روشن و درخشنده کرده ، موقع استفاده نوشته بودن خیلی خنکه و لب رو میسوزونه ولی برا من اینطور حسی نمی‌داد.
در کل خوبه ولی خب انتظار سفید شدن زیاد و واو نداشته باشید ازش",0,true,2025-11-21T11:39:35.2778095+03:30,مثبت,0.79,تجربه محصول,تجربه محصول,,false,ندارد,false,
خمیر دندان مدل Total 8 حجم 100 میلی لیتر,https://www.khanoumi.com/products/misswake-total-8-toothpaste-100ml-22871,سایر محصولات,به طرز عجیبی ی برند ایرانی انقد خوب از آب در اومده. بو و مزه خاصی نداره اذیت نمیکنه دهانو و قدرت تمیزکنندگی خوبی داره. من ی دندون داشتم اذیت بودم باهاش نمیدونستم مشکل چیه دندانپزشکمم چیزی از معاینه و عکس متوجه نشد گفت احتمالا حساس شده ، بعد از مدتی که این خمیردندانو استفاده کردم مشکلش برطرف شد! خیلی خوشم اومده دیگه خمیردندان ثابتم شد.,0,true,2025-10-02T14:36:30.1642648+03:30,مثبت,0.67,تجربه محصول | بو و رایحه,بو و رایحه,,false,ندارد,false,
خمیر دندان مدل Total 8 حجم 100 میلی لیتر,https://www.khanoumi.com/products/misswake-total-8-toothpaste-100ml-22871,سایر محصولات,خیلی خمیر دندان خوبیه,0,true,2025-09-15T21:30:48.9588046+03:30,خنثی,0.35,رضایت کلی,رضایت کلی,,false,ندارد,false,
خمیر دندان مدل Total 8 حجم 100 میلی لیتر,https://www.khanoumi.com/products/misswake-total-8-toothpaste-100ml-22871,سایر محصولات,برای دندون کامپوزیت  زیاد جالب نبود,0,true,2025-08-14T02:40:15.1036119+00:00,خنثی,0.35,تجربه محصول,تجربه محصول,,false,ندارد,false,
خمیر دندان مدل Total 8 حجم 100 میلی لیتر,https://www.khanoumi.com/products/misswake-total-8-toothpaste-100ml-22871,سایر محصولات,عالیه,0,true,2025-07-29T09:27:45.5435447+00:00,مثبت,0.79,رضایت کلی,رضایت کلی,,false,ندارد,false,
خمیر دندان مدل Total 8 حجم 100 میلی لیتر,https://www.khanoumi.com/products/misswake-total-8-toothpaste-100ml-22871,سایر محصولات,عالیه واقعا,0,true,2025-06-20T13:21:57.5064517+00:00,مثبت,0.79,رضایت کلی,رضایت کلی,,false,ندارد,false,
خمیر دندان مدل Total 8 حجم 100 میلی لیتر,https://www.khanoumi.com/products/misswake-total-8-toothpaste-100ml-22871,سایر محصولات,عالیه بهترین خمیر دندونیه که تا حالا استفاده کردم سفید میکنه دندون هارو,0,true,2025-03-10T13:29:32.1294919+00:00,مثبت,0.91,رضایت کلی | تجربه محصول,تجربه محصول,,false,ندارد,false,
خمیر دندان مدل Total 8 حجم 100 میلی لیتر,https://www.khanoumi.com/products/misswake-total-8-toothpaste-100ml-22871,سایر محصولات,"خدایی عالیه 
ولی بیشتر از یک ماه ازش استفاده نکنین
چون دندونا بهش عادت میکنن و مقاوم میشن
باید ب صورت دوره ای بزنین",0,true,2025-03-09T08:47:16.9378698+00:00,مثبت,0.79,رضایت کلی,رضایت کلی,,false,ندارد,false,
خمیر دندان مدل Total 8 حجم 100 میلی لیتر,https://www.khanoumi.com/products/misswake-total-8-toothpaste-100ml-22871,سایر محصولات,همه خمیر دندان های این برند عالیییییی هستند,0,true,2024-11-14T14:11:46.5277505+00:00,مثبت,0.67,رضایت کلی,رضایت کلی,,false,ندارد,false,
خمیر دندان مدل Total 8 حجم 100 میلی لیتر,https://www.khanoumi.com/products/misswake-total-8-toothpaste-100ml-22871,سایر محصولات,راضی بودم بازم میخرم توسفارش بعدی ام,0,true,2024-08-24T00:19:41+00:00,مثبت,0.67,رضایت کلی,رضایت کلی,,false,ندارد,false,
خمیر دندان مدل Total 8 حجم 100 میلی لیتر,https://www.khanoumi.com/products/misswake-total-8-toothpaste-100ml-22871,سایر محصولات,خیلی خوب بود,0,true,2024-08-02T22:12:18+00:00,مثبت,0.91,رضایت کلی,رضایت کلی,,false,ندارد,false,
خمیر دندان مدل Total 8 حجم 100 میلی لیتر,https://www.khanoumi.com/products/misswake-total-8-toothpaste-100ml-22871,سایر محصولات,خمیردندون خوبیه و بوی خنکی هم داره اما تمیزکنندگیش معمولیه,0,true,2024-08-02T21:32:44+00:00,خنثی,0.35,بو و رایحه | نارضایتی کلی,بو و رایحه,,false,ندارد,false,
خمیر دندان مدل Total 8 حجم 100 میلی لیتر,https://www.khanoumi.com/products/misswake-total-8-toothpaste-100ml-22871,سایر محصولات,من کلا از برند این خمیر دندون راضیم ,0,true,2024-06-26T19:09:49+00:00,مثبت,0.79,رضایت کلی,رضایت کلی,,false,ندارد,false,
خمیر دندان مدل Total 8 حجم 100 میلی لیتر,https://www.khanoumi.com/products/misswake-total-8-toothpaste-100ml-22871,سایر محصولات,خیلی خوب بود جرم دندونم کامل از بین برد فقط چرا موجود نیست چند بار تا حالا اومدم سفارش بدم نبوده لطفاً موجود کنید,0,true,2024-05-10T19:25:52+00:00,مثبت,0.91,موجودی کالا | رضایت کلی,موجودی کالا,موجودی کالا,true,متوسط,false,
خمیر دندان مدل Total 8 حجم 100 میلی لیتر,https://www.khanoumi.com/products/misswake-total-8-toothpaste-100ml-22871,سایر محصولات,تخفیف بیشتر بزارین ,0,true,2024-03-20T09:15:19+00:00,خنثی,0.35,تخفیف,تخفیف,,false,ندارد,false,
خمیر دندان  زیرو سنستیو,https://www.khanoumi.com/products/misswake-zero-sensitive-toothpaste-100ml-22872,سایر محصولات,حساسیت دندونم بیشتر شده و اصلا راضی نیستم,0,true,2026-07-10T17:27:47.0064528+03:30,منفی,0.79,حساسیت و واکنش پوست/مو,حساسیت و واکنش پوست/مو,حساسیت و واکنش پوست/مو,true,بالا,false,
خمیر دندان  زیرو سنستیو,https://www.khanoumi.com/products/misswake-zero-sensitive-toothpaste-100ml-22872,سایر محصولات,من فرمولاسینوش رو به هوش مصنوعی دادم گفت یکی از ایمن ترین فرمولاسیون خمیر دندونای مدرنه ، خودم ازش راضیم کاملا دندونا رو تمیز می کنه ، اصلا تند نیست و دهن رو نمیسوزونه,0,true,2026-04-23T21:39:07.8793621+03:30,مثبت,0.79,ترکیبات | رضایت کلی,ترکیبات,,false,ندارد,false,
خمیر دندان  زیرو سنستیو,https://www.khanoumi.com/products/misswake-zero-sensitive-toothpaste-100ml-22872,سایر محصولات,هرروز دارم ازش استفاده میکنم باید بگم ازش راضی ام و دوباره شارژش میکنم,0,true,2026-03-16T03:01:52.1233518+03:30,مثبت,0.79,تجربه محصول | رضایت کلی,تجربه محصول,,false,ندارد,false,
خمیر دندان  زیرو سنستیو,https://www.khanoumi.com/products/misswake-zero-sensitive-toothpaste-100ml-22872,سایر محصولات,برای دندانهای حساس تمیز کنندگیش عالیه,0,true,2026-01-23T01:29:11.2475658+03:30,مثبت,0.79,رضایت کلی,رضایت کلی,,false,ندارد,false,
خمیر دندان  زیرو سنستیو,https://www.khanoumi.com/products/misswake-zero-sensitive-toothpaste-100ml-22872,سایر محصولات,خیلی خوبه من دندونام حساس هست و دو سال هست از این محصول استفاده میکنم,0,true,2025-08-23T06:52:16.4301655+00:00,مثبت,0.79,تجربه محصول | رضایت کلی,تجربه محصول,,false,ندارد,false,
خمیر دندان دیلی وایتنینگ,https://www.khanoumi.com/products/misswake-daily-whitening-toothpaste-100ml-22873,سایر محصولات,هم خنک میکنه هم خوشبو میکنه دهان و دندانم تمیز میکنه حجمشم خوبه راضی بودم از همچیش,0,true,2026-07-31T01:18:54.0392268+03:30,مثبت,0.79,بو و رایحه,بو و رایحه,,false,ندارد,false,
خمیر دندان دیلی وایتنینگ,https://www.khanoumi.com/products/misswake-daily-whitening-toothpaste-100ml-22873,سایر محصولات,بهترینه,0,true,2026-04-28T01:17:38.7637505+03:30,مثبت,0.67,رضایت کلی,رضایت کلی,,false,ندارد,false,
خمیر دندان دیلی وایتنینگ,https://www.khanoumi.com/products/misswake-daily-whitening-toothpaste-100ml-22873,سایر محصولات,دندون هام رو سفید کرده دو سال نرفتم جرم گیری دیگه.,0,true,2026-04-15T12:16:31.6505428+03:30,خنثی,0.35,تجربه محصول,تجربه محصول,,false,ندارد,false,
خمیر دندان دیلی وایتنینگ,https://www.khanoumi.com/products/misswake-daily-whitening-toothpaste-100ml-22873,سایر محصولات,خیلی خوبه سفید شدن دندونارو کاملا متوجه میشین,0,true,2026-03-22T18:41:06.4643107+03:30,مثبت,0.79,رضایت کلی,رضایت کلی,,false,ندارد,false,
خمیر دندان دیلی وایتنینگ,https://www.khanoumi.com/products/misswake-daily-whitening-toothpaste-100ml-22873,سایر محصولات,من از خریدم راضی بودم دوباره هم شارژش کردم واقعا سفید میکنه دندون رو و به لثه هم آسیبی نمیرسونه باعث حساسیت نمیشه,0,true,2026-03-16T15:50:01.5178095+03:30,مثبت,0.79,حساسیت و واکنش پوست/مو | تجربه محصول,حساسیت و واکنش پوست/مو,حساسیت و واکنش پوست/مو,true,بالا,false,
خمیر دندان دیلی وایتنینگ,https://www.khanoumi.com/products/misswake-daily-whitening-toothpaste-100ml-22873,سایر محصولات,بجای این مدل بلیچینگشو بگیرین,0,true,2026-03-07T18:02:13.7983472+03:30,خنثی,0.35,تجربه محصول,تجربه محصول,,false,ندارد,false,
خمیر دندان دیلی وایتنینگ,https://www.khanoumi.com/products/misswake-daily-whitening-toothpaste-100ml-22873,سایر محصولات,خیلبی وقته دارمش ولی واقعا تاثیر خاصی نداشته رو دندونام،هنوزم زردن ،تازه من فقط چایی میخورم نه قهوه,0,true,2026-02-19T14:57:25.2896584+03:30,خنثی,0.35,اثربخشی,اثربخشی,,false,ندارد,false,
خمیر دندان دیلی وایتنینگ,https://www.khanoumi.com/products/misswake-daily-whitening-toothpaste-100ml-22873,سایر محصولات,انتظار معجزه نداشته باشین ولی خیلی خوبه طعم خوبی داره و دندونارو کامل تمیز میکنه,0,true,2026-01-07T02:11:43.1076113+03:30,مثبت,0.79,رضایت کلی,رضایت کلی,,false,ندارد,false,
خمیر دندان دیلی وایتنینگ,https://www.khanoumi.com/products/misswake-daily-whitening-toothpaste-100ml-22873,سایر محصولات,من راضی ام ازش،درحد20الی 30درصد سفید میکنه ولی خب موقته،فرداش نزنی دوباره زردی دندون مشخصه،به نظرم با اینکه دوز سفیدکنندگیش ضعیفه و مدل بلیچینگ نیست،به نسبت خوبه.مدل بلیچینگ و مدل زردی دندان میسویک هم تازه اومدن به بازار،مصرف نکردم اونارو نمیدونم کدوم بهتره،ولی من اونارو دیدم،اونم نوشتن20درصد سفید کرد و تندم هس خیلی.اگر اینطوری باشه من همینو ترجیح میدم.,0,true,2025-11-25T22:30:46.6545178+03:30,ترکیبی,0.87,رضایت کلی,رضایت کلی,,false,ندارد,false,
خمیر دندان دیلی وایتنینگ,https://www.khanoumi.com/products/misswake-daily-whitening-toothpaste-100ml-22873,سایر محصولات,انتظار زیادی نداشته باشین برا من ک درحد خمیردندون معمولی بود تغییر چندانی ندیدم,0,true,2025-11-16T21:47:42.6247437+03:30,خنثی,0.35,نارضایتی کلی,نارضایتی کلی,,false,ندارد,false,
خمیر دندان دیلی وایتنینگ,https://www.khanoumi.com/products/misswake-daily-whitening-toothpaste-100ml-22873,سایر محصولات,اگه 5 دقیقه حداقل تایم مسواکتون باشه کاملا متوجه سفید شدن دندانهاتون میشید، خیلی عالیه,0,true,2025-11-09T20:13:17.8259346+03:30,مثبت,0.79,رضایت کلی,رضایت کلی,,false,ندارد,false,
خمیر دندان دیلی وایتنینگ,https://www.khanoumi.com/products/misswake-daily-whitening-toothpaste-100ml-22873,سایر محصولات,عالیه,0,true,2025-10-28T19:54:05.478194+03:30,مثبت,0.79,رضایت کلی,رضایت کلی,,false,ندارد,false,
خمیر دندان دیلی وایتنینگ,https://www.khanoumi.com/products/misswake-daily-whitening-toothpaste-100ml-22873,سایر محصولات,مزش اوکی نبود اصن,0,true,2025-10-21T21:38:11.1162892+03:30,خنثی,0.35,تجربه محصول,تجربه محصول,,false,ندارد,false,
خمیر دندان دیلی وایتنینگ,https://www.khanoumi.com/products/misswake-daily-whitening-toothpaste-100ml-22873,سایر محصولات,از هر خمیر دندانی که داشتم عالی تر بود,0,true,2025-09-01T19:41:16.5882361+03:30,مثبت,0.67,رضایت کلی,رضایت کلی,,false,ندارد,false,
خمیر دندان دیلی وایتنینگ,https://www.khanoumi.com/products/misswake-daily-whitening-toothpaste-100ml-22873,سایر محصولات,انچنان تاثیری نداشت برای من,0,true,2025-08-27T16:30:22.2051886+00:00,خنثی,0.35,اثربخشی,اثربخشی,,false,ندارد,false,
خمیر دندان دیلی وایتنینگ,https://www.khanoumi.com/products/misswake-daily-whitening-toothpaste-100ml-22873,سایر محصولات,"خییلیی خوب بود...
من قبلا سیگنال میخریدم که خیلی تند بود و اذیت میشدم ...
این هم تاثیرش خوب بود بایک بار مسواک زدن وهم تند نبود و زبون رو اذیت نمیکرد پینشهاد میکنم",0,true,2025-08-22T12:58:52.2465829+00:00,مثبت,0.95,اثربخشی | تجربه محصول,اثربخشی,,false,ندارد,false,
خمیر دندان دیلی وایتنینگ,https://www.khanoumi.com/products/misswake-daily-whitening-toothpaste-100ml-22873,سایر محصولات,بعد از سفارش دادنش 3 روز مسواک نزدم دندون هام جوری هستن که زود جرم میگیرن ولی با استفاده ازش شوکه شدم برای بار اول خیلی خوب جواب بود,0,true,2025-06-15T09:17:46.6369366+00:00,مثبت,0.79,رضایت کلی,رضایت کلی,,false,ندارد,false,
خمیر دندان دیلی وایتنینگ,https://www.khanoumi.com/products/misswake-daily-whitening-toothpaste-100ml-22873,سایر محصولات,برای مصرف روزانه خیلی خوبه، هم سفیدکنندگی و هم برای جلوگیری از پوسیدگی دندان خوبه، کلا برند خوبی هم هست,0,true,2025-05-20T03:45:35.1559634+00:00,مثبت,0.91,رضایت کلی,رضایت کلی,,false,ندارد,false,
خمیر دندان دیلی وایتنینگ,https://www.khanoumi.com/products/misswake-daily-whitening-toothpaste-100ml-22873,سایر محصولات,خیلی کیفیتش خوبه و دندون سفید میکنه,0,true,2025-01-07T11:31:56.8999412+00:00,مثبت,0.67,کیفیت محصول,کیفیت محصول,,false,ندارد,false,
خمیر دندان دیلی وایتنینگ,https://www.khanoumi.com/products/misswake-daily-whitening-toothpaste-100ml-22873,سایر محصولات,خیییییلی دندونارو تمیز میکنه و مهم تر اینکه تمیز نگه میداره,0,true,2024-12-14T07:48:19.3819893+00:00,خنثی,0.35,تجربه محصول,تجربه محصول,,false,ندارد,false,
خمیر دندان دیلی وایتنینگ,https://www.khanoumi.com/products/misswake-daily-whitening-toothpaste-100ml-22873,سایر محصولات,خیلی کار خاصی نکرد,0,true,2024-12-01T16:53:38.432876+00:00,خنثی,0.35,تجربه محصول,تجربه محصول,,false,ندارد,false,
خمیر دندان دیلی وایتنینگ,https://www.khanoumi.com/products/misswake-daily-whitening-toothpaste-100ml-22873,سایر محصولات,این برند عالیه,0,true,2024-11-14T14:12:20.9060254+00:00,مثبت,0.79,رضایت کلی,رضایت کلی,,false,ندارد,false,
خمیر دندان دیلی وایتنینگ,https://www.khanoumi.com/products/misswake-daily-whitening-toothpaste-100ml-22873,سایر محصولات,خوبه,0,true,2024-07-22T13:53:48+00:00,مثبت,0.67,رضایت کلی,رضایت کلی,,false,ندارد,false,
دهان شویه توتال کر 400 میل لیتر,https://www.khanoumi.com/products/misswake-total-care-mouth-wash-400ml-22875,سایر محصولات,عالی,0,true,2026-08-12T18:19:59.7264395+03:30,مثبت,0.67,رضایت کلی,رضایت کلی,,false,ندارد,false,
دهان شویه توتال کر 400 میل لیتر,https://www.khanoumi.com/products/misswake-total-care-mouth-wash-400ml-22875,سایر محصولات,من یبار آفت زده بود دهنم با این دهان شویه اوکی شدم، خلاصه این تاثیری بود که ازش دیدم و اینکه برخلاف بقیه دهانشویه ها که خوشمزه نیستن این نعنایی و خوبه.,0,true,2026-05-19T18:41:15.8805731+03:30,مثبت,0.67,اثربخشی,اثربخشی,,false,ندارد,false,
دهان شویه توتال کر 400 میل لیتر,https://www.khanoumi.com/products/misswake-total-care-mouth-wash-400ml-22875,سایر محصولات,"میسکوویک کلاعالیههه هم خمیر دندوناش هم دهان شویه اش
ولی تاثیرشو برای 1 ساعته با شاید کمتر",0,true,2026-05-17T01:34:24.7812568+03:30,مثبت,0.79,اثربخشی | رضایت کلی,اثربخشی,,false,ندارد,false,
دهان شویه توتال کر 400 میل لیتر,https://www.khanoumi.com/products/misswake-total-care-mouth-wash-400ml-22875,سایر محصولات,عالی,0,true,2026-02-22T18:20:17.2889632+03:30,مثبت,0.67,رضایت کلی,رضایت کلی,,false,ندارد,false,
دهان شویه توتال کر 400 میل لیتر,https://www.khanoumi.com/products/misswake-total-care-mouth-wash-400ml-22875,سایر محصولات,عالی و خوب تمیز می‌کنه,0,true,2026-02-08T12:24:04.9046012+03:30,مثبت,0.79,رضایت کلی,رضایت کلی,,false,ندارد,false,
دهان شویه توتال کر 400 میل لیتر,https://www.khanoumi.com/products/misswake-total-care-mouth-wash-400ml-22875,سایر محصولات,دهان شویه مدل خوشبو کننده میسویک بهتر بود اما از اینم راضی بودم,0,true,2026-01-31T21:50:50.0989305+03:30,مثبت,0.67,بو و رایحه,بو و رایحه,,false,ندارد,false,
دهان شویه توتال کر 400 میل لیتر,https://www.khanoumi.com/products/misswake-total-care-mouth-wash-400ml-22875,سایر محصولات,"بد نیست در کل 
اما به من نساخت بعد چند بار استفاده سقف دهانم پوسته پوسته شد که وقتی یک روز قطعش کردم خوب شد",0,true,2026-01-25T13:08:07.1841496+03:30,مثبت,0.79,رضایت کلی,رضایت کلی,,false,ندارد,false,
دهان شویه سنستیو 400 میلی لیتر,https://www.khanoumi.com/products/misswake-sensitive-mouth-wash-400ml-22876,سایر محصولات,فعلا استفاده نکردم اما بسته بندی فوق العاده بود,0,true,2026-08-16T13:49:13.9430536+03:30,مثبت,0.67,بسته‌بندی | رضایت کلی,بسته‌بندی,,false,ندارد,false,
دهان شویه سنستیو 400 میلی لیتر,https://www.khanoumi.com/products/misswake-sensitive-mouth-wash-400ml-22876,سایر محصولات,ممنون بابت تخفیف خوب خانمی من مجدد شارژش کردم چون کیفیتش عالی بود و خیلی دهان و دندان رو تمیز میکرد و حتی از آفت دهان هم جلوگیری میکنه برای کسی که زیاد آفت میزنه ولی من یه ستاره کم کردم چون خیلیی زبون رو میسوزونه و حتی گازش انگار تا چشم هم میرسه و اشک جمع میشه داخل چشم,0,true,2026-04-13T01:14:18.0460623+03:30,مثبت,0.79,تخفیف | کیفیت محصول | رضایت کلی,تخفیف,,false,ندارد,false,
دهان شویه سنستیو 400 میلی لیتر,https://www.khanoumi.com/products/misswake-sensitive-mouth-wash-400ml-22876,سایر محصولات,اصلا به درد نمیخوره و بهتره هفته ای یکبار استفاده بشه بیشتر بدرد افراد زیر 12 سال میخوره به دلیل وجود سدیم فلوراید,0,true,2026-03-15T11:17:57.2010181+03:30,خنثی,0.35,تجربه محصول,تجربه محصول,,false,ندارد,false,
دهان شویه سنستیو 400 میلی لیتر,https://www.khanoumi.com/products/misswake-sensitive-mouth-wash-400ml-22876,سایر محصولات,خیلی عالیه تنها ایرادی که داره خیلی زبونم میسوزونه,0,true,2026-03-13T02:05:23.0803231+03:30,مثبت,0.79,رضایت کلی,رضایت کلی,,false,ندارد,false,
دهان شویه سنستیو 400 میلی لیتر,https://www.khanoumi.com/products/misswake-sensitive-mouth-wash-400ml-22876,سایر محصولات,برای دندان های حساس فوق العاده اس و خیلی خوب دندون هارو تمیز میکنه تنها نقطه ضعفی که داره اینکه به شدت زبون رو میسوزنه,0,true,2025-12-27T23:58:24.3993375+03:30,مثبت,0.91,رضایت کلی,رضایت کلی,,false,ندارد,false,
دهان شویه سنستیو 400 میلی لیتر,https://www.khanoumi.com/products/misswake-sensitive-mouth-wash-400ml-22876,سایر محصولات,برای دندان های حساس خیلی خوبه فقط یکم زیاد زبون رو میسوزونه,0,true,2025-12-07T13:52:04.5682348+03:30,مثبت,0.79,رضایت کلی,رضایت کلی,,false,ندارد,false,
دهان شویه سنستیو 400 میلی لیتر,https://www.khanoumi.com/products/misswake-sensitive-mouth-wash-400ml-22876,سایر محصولات,من نزدیک یه یک ساله ازش استفاده میکنم و راضی ام. پوست دهان رو اذیت نمیکنه و حجم خوبی داره به نسبت قیمت,0,true,2025-09-01T14:15:47.9285149+03:30,مثبت,0.79,قیمت | حجم و مقدار | تجربه محصول | رضایت کلی,قیمت,,false,ندارد,false,
دهان شویه سنستیو 400 میلی لیتر,https://www.khanoumi.com/products/misswake-sensitive-mouth-wash-400ml-22876,سایر محصولات,یک بار ازش خریدم و عالی بوده دندونای من سالم هستن ولی به قدری حساسن که با آب هم درد میگیرن و این برند دهان شویه خیلی خوب عمل کرده.,0,true,2025-02-17T15:42:58.3463646+00:00,مثبت,0.95,رضایت کلی | تجربه محصول,تجربه محصول,,false,ندارد,false,
دهان شویه سنستیو 400 میلی لیتر,https://www.khanoumi.com/products/misswake-sensitive-mouth-wash-400ml-22876,سایر محصولات,خیلی خوبه,0,true,2025-02-04T18:27:23.1817634+00:00,مثبت,0.79,رضایت کلی,رضایت کلی,,false,ندارد,false,
دهان شویه سنستیو 400 میلی لیتر,https://www.khanoumi.com/products/misswake-sensitive-mouth-wash-400ml-22876,سایر محصولات,شدیدا زبونو میسوزونه,0,true,2024-06-12T18:28:39+00:00,خنثی,0.35,تجربه محصول,تجربه محصول,,false,ندارد,false,
دهان شویه آنتی پلاک حجم 400 میلی لیتر,https://www.khanoumi.com/products/misswake-mouthwash-400ml-22877,لاک و ناخن,"خیلی راضیم ازش بازم میخوام سفارش بدم 
بعد از هربار استفاده انگار دندونام سفیدتر میشن‌",0,true,2026-07-22T11:17:19.3358278+03:30,مثبت,0.79,رضایت کلی,رضایت کلی,,false,ندارد,false,
دهان شویه آنتی پلاک حجم 400 میلی لیتر,https://www.khanoumi.com/products/misswake-mouthwash-400ml-22877,لاک و ناخن,"بنظرم خیلی خوبه 
بعد از اینک استفاده می‌کنم احساس می‌کنم دندونام سفید میش",0,true,2026-04-23T01:40:23.4469587+03:30,مثبت,0.79,رضایت کلی | تجربه محصول,تجربه محصول,,false,ندارد,false,
دهان شویه آنتی پلاک حجم 400 میلی لیتر,https://www.khanoumi.com/products/misswake-mouthwash-400ml-22877,لاک و ناخن,عالی,0,true,2026-03-09T14:32:51.351907+03:30,مثبت,0.67,رضایت کلی,رضایت کلی,,false,ندارد,false,
دهان شویه آنتی پلاک حجم 400 میلی لیتر,https://www.khanoumi.com/products/misswake-mouthwash-400ml-22877,لاک و ناخن,"خوبه، قبلا هم استفاده کردم
یکم دهن بد مزه میشه که اونم طبیعیه",0,true,2026-01-04T21:54:10.8462688+03:30,ترکیبی,0.66,تجربه محصول,تجربه محصول,,false,ندارد,false,
دهان شویه آنتی پلاک حجم 400 میلی لیتر,https://www.khanoumi.com/products/misswake-mouthwash-400ml-22877,لاک و ناخن,من تاثیری ندیدم مزشم خوب نیست,0,true,2025-09-29T21:54:29.8680477+03:30,منفی,0.67,اثربخشی,اثربخشی,اثربخشی,true,متوسط,false,
دهان شویه آنتی پلاک حجم 400 میلی لیتر,https://www.khanoumi.com/products/misswake-mouthwash-400ml-22877,لاک و ناخن,خوبه حس ادامس اکالیپتوس داخل دهن ایجاد میکنه من راضی بودم و پیشنهاد میدم,0,true,2025-09-16T03:09:37.5932003+03:30,مثبت,0.79,رضایت کلی,رضایت کلی,,false,ندارد,false,
دهان شویه آنتی پلاک حجم 400 میلی لیتر,https://www.khanoumi.com/products/misswake-mouthwash-400ml-22877,لاک و ناخن,پیشنهاد میکنم خوبه,0,true,2025-09-05T04:12:48.5824684+03:30,مثبت,0.79,پیشنهاد به دیگران,پیشنهاد به دیگران,,false,ندارد,false,
دهان شویه آنتی پلاک حجم 400 میلی لیتر,https://www.khanoumi.com/products/misswake-mouthwash-400ml-22877,لاک و ناخن,خوبه فقط یکم دهان میسوزونه,0,true,2025-08-14T02:40:41.1007005+00:00,مثبت,0.67,رضایت کلی,رضایت کلی,,false,ندارد,false,
دهان شویه آنتی پلاک حجم 400 میلی لیتر,https://www.khanoumi.com/products/misswake-mouthwash-400ml-22877,لاک و ناخن,یزره دهنو میسوزونه,0,true,2025-08-14T02:35:52.9589036+00:00,خنثی,0.35,تجربه محصول,تجربه محصول,,false,ندارد,false,
دهان شویه آنتی پلاک حجم 400 میلی لیتر,https://www.khanoumi.com/products/misswake-mouthwash-400ml-22877,لاک و ناخن,خیلی خوبه واقعا مرسی از خانومی من یکی خریدم و یکی هم بهم رایگان دادن واقعا خوبه,0,true,2025-03-17T09:33:02.7216629+00:00,مثبت,0.95,رضایت کلی | تجربه محصول,تجربه محصول,,false,ندارد,false,
دهان شویه آنتی پلاک حجم 400 میلی لیتر,https://www.khanoumi.com/products/misswake-mouthwash-400ml-22877,لاک و ناخن,طعم این دهانشویه های ایرانی قابل مقایسه با اورال بی یا فاکس نیستند...تمیزکننده هست اما طعم فلوراید بچگیامونو میده,0,true,2023-12-03T11:39:46+00:00,خنثی,0.35,تجربه محصول,تجربه محصول,,false,ندارد,false,
نخ دندان توتال کر 8,https://www.khanoumi.com/products/misswake-total-care-floss-22878,سایر محصولات,مدتهاست که از این نخ دندون استفاده میکنم، حتی بعد از لمینیت هم بهترین نخ دندون بود برام. از بین نخ دندون های میسویک، این رنگ صورتی فوق العاده است. اصلا هم بوی بدی نداره ! نمیدونم چرا دوستان نوشتن بوی بدی داشته!!!!,0,true,2026-04-05T20:19:25.5437006+03:30,مثبت,0.79,بو و رایحه | رضایت کلی | تجربه محصول | رنگ و شید,رنگ و شید,,false,ندارد,false,
نخ دندان توتال کر 8,https://www.khanoumi.com/products/misswake-total-care-floss-22878,سایر محصولات,زیادی نازکه,0,true,2026-03-31T12:59:50.4597279+03:30,خنثی,0.35,سایر,سایر,,false,ندارد,false,
نخ دندان توتال کر 8,https://www.khanoumi.com/products/misswake-total-care-floss-22878,سایر محصولات,خیلی نازکه و لای دندونام گیر میکنه بیرون نمیاد,0,true,2026-03-31T12:59:28.8588455+03:30,خنثی,0.35,تجربه محصول,تجربه محصول,,false,ندارد,false,
نخ دندان توتال کر 8,https://www.khanoumi.com/products/misswake-total-care-floss-22878,سایر محصولات,بوی جالبی نداره ولی کیفیت نخ اش خوب بود,0,true,2024-12-16T22:46:19.8909405+00:00,مثبت,0.79,کیفیت محصول | بو و رایحه,کیفیت محصول,,false,ندارد,false,
نخ دندان سفید کننده,https://www.khanoumi.com/products/misswake-whitening-floss-22879,سایر محصولات,میسویک برند خوبیه و کار راه اندازه,0,true,2026-04-08T02:03:28.5808059+03:30,خنثی,0.35,رضایت کلی,رضایت کلی,,false,ندارد,false,
نخ دندان سفید کننده,https://www.khanoumi.com/products/misswake-whitening-floss-22879,سایر محصولات,عالیه,0,true,2026-04-01T13:29:14.6122116+03:30,مثبت,0.79,رضایت کلی,رضایت کلی,,false,ندارد,false,
نخ دندان سفید کننده,https://www.khanoumi.com/products/misswake-whitening-floss-22879,سایر محصولات,من دندونمو روکش کردم هر نخی استفاده میکردم اذیت میشدم ولی این عالیه نازکه رایحه هم داره,0,true,2026-03-28T22:53:48.0999088+03:30,مثبت,0.79,رضایت کلی | بو و رایحه,بو و رایحه,,false,ندارد,false,
نخ دندان سفید کننده,https://www.khanoumi.com/products/misswake-whitening-floss-22879,سایر محصولات,"برای دندون من ک کامپوزیته واقعا خوبه من راضی ام 
فقط چون خیلی نازکه باید اروم بکشید ک لثه خون نیاذ",0,true,2026-03-25T13:47:51.2899957+03:30,مثبت,0.91,رضایت کلی,رضایت کلی,,false,ندارد,false,
نخ دندان سفید کننده,https://www.khanoumi.com/products/misswake-whitening-floss-22879,سایر محصولات,نخ دندان خوبیه,0,true,2025-10-04T15:39:11.4751341+03:30,خنثی,0.35,رضایت کلی,رضایت کلی,,false,ندارد,false,
نخ دندان سفید کننده,https://www.khanoumi.com/products/misswake-whitening-floss-22879,سایر محصولات,چون نزده بود فوق العاده نازک خریدم ،بعد دیدم توی توضیحات بوده . باعث پارگی لثه میشه و خون میندازه اگر تایید میشد تصویر میذاشتم که لثه رو خون انداخته. به دلیل نازک بودن زیاد مابین دندان خوب پاک نمیشه,0,true,2025-06-26T10:34:31.1971609+00:00,خنثی,0.35,تجربه محصول | رضایت کلی,تجربه محصول,,false,ندارد,false,
نخ دندان سفید کننده,https://www.khanoumi.com/products/misswake-whitening-floss-22879,سایر محصولات,"نخ دندان خیلی خوبیه
موقع استفاده ریش ریش نمیشه
بوی خوبی داره
به خاطر مومی که روی نخ هست لثه ها رو نمیبره",0,true,2024-11-07T00:37:23.2925664+00:00,مثبت,0.67,بو و رایحه | رضایت کلی,بو و رایحه,,false,ندارد,false,
دستمال شیر پاکن آرایشی 20عددی,https://www.khanoumi.com/products/comeon-makeup-remover-wipes-22881,سایر محصولات,من راضیم  ارایش و خیلی خوب پاک میکنه,0,true,2026-03-11T01:07:16.7494608+03:30,مثبت,0.95,رضایت کلی,رضایت کلی,,false,ندارد,false,
دستمال شیر پاکن آرایشی 20عددی,https://www.khanoumi.com/products/comeon-makeup-remover-wipes-22881,سایر محصولات,به نظرم از واجباته کیف هر خانمیه عالیه,0,true,2025-09-15T10:02:31.4926879+03:30,منفی,0.79,رضایت کلی,رضایت کلی,,false,ندارد,false,
دستمال شیر پاکن آرایشی 20عددی,https://www.khanoumi.com/products/comeon-makeup-remover-wipes-22881,سایر محصولات,پاک کنندگی خوبی داره ولی بوی خیلی زیادی داره که اذیت کنندس و چشمام رو میسوزونه,0,true,2024-06-28T22:52:59+00:00,خنثی,0.35,بو و رایحه,بو و رایحه,,false,ندارد,false,
دستمال شیر پاکن آرایشی 20عددی,https://www.khanoumi.com/products/comeon-makeup-remover-wipes-22881,سایر محصولات,تنها دستمال مرطوبیه که پوستمو نمیسوزونه,0,true,2023-01-09T02:31:03+00:00,خنثی,0.35,تجربه محصول,تجربه محصول,,false,ندارد,false,
دستمال شیر پاکن آرایشی 20عددی,https://www.khanoumi.com/products/comeon-makeup-remover-wipes-22881,سایر محصولات,دستمال مرطوبی با این قدرت پاک کنندگی تاحالا ندیدم.ریمیل رو فوق العاده خوب پاک میکنه,2,true,2020-10-31T09:29:23+00:00,مثبت,0.79,رضایت کلی,رضایت کلی,,false,ندارد,false,
دستمال شیر پاکن آرایشی 20عددی,https://www.khanoumi.com/products/comeon-makeup-remover-wipes-22881,سایر محصولات,قدرت پاک کنندگیش خیلی خوبه و پوست رو خشک نمیکنه,2,true,2020-02-26T22:49:03+00:00,مثبت,0.79,رضایت کلی,رضایت کلی,,false,ندارد,false,
دستمال شیر پاکن آرایشی 20عددی,https://www.khanoumi.com/products/comeon-makeup-remover-wipes-22881,سایر محصولات,برای پاک کردن ارایش صورت عالیه ..بوی مطبوعی داره..اما قیمتش در خانومی بالاتر از جاهای دیگه هست,7,true,2019-05-20T11:48:25.87+00:00,مثبت,0.79,رضایت کلی | بو و رایحه,بو و رایحه,,false,ندارد,false,
دستمال مرطوب پاک کننده آرایش چشم,https://www.khanoumi.com/products/comeon-eye-remover-makeup-remover-wipes-22882,سایر محصولات,خوب هست ولی بسته اش خیلی کوچیکه,0,true,2026-05-16T20:05:22.4865526+03:30,مثبت,0.67,رضایت کلی,رضایت کلی,,false,ندارد,false,
دستمال مرطوب پاک کننده آرایش چشم,https://www.khanoumi.com/products/comeon-eye-remover-makeup-remover-wipes-22882,سایر محصولات,خیلی خوبه و مژه راحت تمیز میشه,0,true,2026-01-05T15:32:06.5300712+03:30,مثبت,0.79,رضایت کلی,رضایت کلی,,false,ندارد,false,
دستمال مرطوب پاک کننده آرایش چشم,https://www.khanoumi.com/products/comeon-eye-remover-makeup-remover-wipes-22882,سایر محصولات,بوی عالی من خیلی دوست داشتم,0,true,2025-12-26T19:35:22.591939+03:30,مثبت,0.79,رضایت کلی | بو و رایحه,بو و رایحه,,false,ندارد,false,
دستمال مرطوب پاک کننده آرایش چشم,https://www.khanoumi.com/products/comeon-eye-remover-makeup-remover-wipes-22882,سایر محصولات,برای استفاده باید چشمهاتونو ببندیدخیلی آروم روی آرایش چشم بکشید طوری که چشم نسوزه و خیسیش به چشم نخوره چندبار تکرار کنید تا پاک بشه.,0,true,2025-11-05T00:53:01.3782532+03:30,خنثی,0.35,تجربه محصول,تجربه محصول,,false,ندارد,false,
دستمال مرطوب پاک کننده آرایش چشم,https://www.khanoumi.com/products/comeon-eye-remover-makeup-remover-wipes-22882,سایر محصولات,خیلی کوچیک بود چسبش هم خوب نبود فشار بهش میومد تو کیفم موادش میزد بیرون,0,true,2025-11-03T17:45:15.8747685+03:30,منفی,0.79,رضایت کلی,رضایت کلی,,false,ندارد,false,
دستمال مرطوب پاک کننده آرایش چشم,https://www.khanoumi.com/products/comeon-eye-remover-makeup-remover-wipes-22882,سایر محصولات,دریک کلمه خیلی خوب بود با عطر خوش ممنون ازخانمی,0,true,2024-12-15T19:30:35.6001853+00:00,مثبت,0.79,رضایت کلی,رضایت کلی,,false,ندارد,false,
دستمال مرطوب پاک کننده آرایش چشم,https://www.khanoumi.com/products/comeon-eye-remover-makeup-remover-wipes-22882,سایر محصولات,بعد از استفاده چشم من به شدت واکنش نشون داد و دچار خارش شد,0,true,2024-03-11T14:54:03+00:00,خنثی,0.35,حساسیت و واکنش پوست/مو,حساسیت و واکنش پوست/مو,حساسیت و واکنش پوست/مو,true,بالا,false,
دستمال مرطوب پاک کننده آرایش چشم,https://www.khanoumi.com/products/comeon-eye-remover-makeup-remover-wipes-22882,سایر محصولات,عالیه مخصوصا برای چشم های حساس و اونایی که لازک کردن مثه من چشمشون خشکه و اذیت میشن انقد خوبه هربار چنتایی میگیرم نگه میدارم,0,true,2024-01-09T15:54:10+00:00,مثبت,0.91,رضایت کلی,رضایت کلی,,false,ندارد,false,
دستمال مرطوب پاک کننده آرایش چشم,https://www.khanoumi.com/products/comeon-eye-remover-makeup-remover-wipes-22882,سایر محصولات,خيليييييييييي عالييييييي,8,true,2019-10-21T15:05:22+00:00,مثبت,0.67,رضایت کلی,رضایت کلی,,false,ندارد,false,
دستمال مرطوب پاک کننده آرایش چشم,https://www.khanoumi.com/products/comeon-eye-remover-makeup-remover-wipes-22882,سایر محصولات,عالی پاک میکنه بوی خیلی خوبی هم داره,2,true,2019-10-15T19:31:10+00:00,مثبت,0.79,رضایت کلی | بو و رایحه,بو و رایحه,,false,ندارد,false,
دستمال مرطوب پاک کننده آرایش چشم,https://www.khanoumi.com/products/comeon-eye-remover-makeup-remover-wipes-22882,سایر محصولات,سلام عالی من استفاده کردم راحت خط چشم ضد ایو حل میکنه,4,true,2019-09-28T14:44:18+00:00,مثبت,0.67,تجربه محصول | رضایت کلی,تجربه محصول,,false,ندارد,false,
دستمال مرطوب پاک کننده آرایش چشم,https://www.khanoumi.com/products/comeon-eye-remover-makeup-remover-wipes-22882,سایر محصولات,بسیار عالیه. مخصوصا برای دور چشم که اصلا خشک و چروک نمی کنه. خیلی از کیفیت عالیش سورپرایز شدم.,2,true,2019-08-20T07:23:01.87+00:00,مثبت,0.95,رضایت کلی | کیفیت محصول,کیفیت محصول,,false,ندارد,false,
دستمال مرطوب پاک کننده آرایش چشم,https://www.khanoumi.com/products/comeon-eye-remover-makeup-remover-wipes-22882,سایر محصولات,عالیه..مخصوصا در سفر ,3,true,2019-05-20T11:47:23.6333333+00:00,مثبت,0.79,رضایت کلی,رضایت کلی,,false,ندارد,false,
دستمال مرطوب پاک کننده آرایش چشم,https://www.khanoumi.com/products/comeon-eye-remover-makeup-remover-wipes-22882,سایر محصولات,خیلی خوب پاک می کنه.. دستمالش لطیفه خیلی راحت تر از پد میشه رو پلک کشید.. بوی ملایم و خوبی هم داره,1,true,2019-04-06T23:31:49.0733333+00:00,مثبت,0.79,بو و رایحه | رضایت کلی,بو و رایحه,,false,ندارد,false,
کرم مرطوب کننده پوست خشک حجم 250میلی لیتر,https://www.khanoumi.com/products/comeon-moisturizing-cream-for-dry-22883,کرم و مرطوب‌کننده صورت,عالی,0,true,2026-08-31T11:34:56.4788451+03:30,مثبت,0.67,رضایت کلی,رضایت کلی,,false,ندارد,false,
کرم مرطوب کننده پوست خشک حجم 250میلی لیتر,https://www.khanoumi.com/products/comeon-moisturizing-cream-for-dry-22883,کرم و مرطوب‌کننده صورت,"کرم خوبیه؛ البته من اکثرا نوع پمپی این کرم رو می خرم.
در کل ازش راضیم و مرطوب کنندگی خوبی داره؛ فقط برای پوست خیلیی خشک مناسب نیست.",0,true,2026-06-10T11:33:37.7901166+03:30,مثبت,0.79,رضایت کلی,رضایت کلی,,false,ندارد,false,
کرم مرطوب کننده پوست خشک حجم 250میلی لیتر,https://www.khanoumi.com/products/comeon-moisturizing-cream-for-dry-22883,کرم و مرطوب‌کننده صورت,بچهه ها اصلا خوب نیست گول این کامنتارو نخورید منم مثل شما طبق کامنت خریدم وقتی میزنم دو دقیقه بعد انگار هیچ نزدم,0,true,2026-03-09T22:22:01.8482185+03:30,منفی,0.67,تجربه محصول,تجربه محصول,,false,ندارد,false,
کرم مرطوب کننده پوست خشک حجم 250میلی لیتر,https://www.khanoumi.com/products/comeon-moisturizing-cream-for-dry-22883,کرم و مرطوب‌کننده صورت,عالیههه هم بوش خوبه هم بشدت دستو نرم میکنه حتما بخرید,0,true,2026-02-20T17:35:17.8431721+03:30,مثبت,0.91,رضایت کلی | پیشنهاد به دیگران | بو و رایحه,بو و رایحه,,false,ندارد,false,
کرم مرطوب کننده پوست خشک حجم 250میلی لیتر,https://www.khanoumi.com/products/comeon-moisturizing-cream-for-dry-22883,کرم و مرطوب‌کننده صورت,هم بوی خوبی داره هم بافت خوبی داره زود جذب میشه و دست رو چرب نمیکنه.,0,true,2026-01-20T10:09:13.1428726+03:30,خنثی,0.35,بافت محصول | بو و رایحه,بافت محصول,,false,ندارد,false,
کرم مرطوب کننده پوست خشک حجم 250میلی لیتر,https://www.khanoumi.com/products/comeon-moisturizing-cream-for-dry-22883,کرم و مرطوب‌کننده صورت,خیلی خوبه پوست من خشک وقتی میزنم به پوستم نرم میکنه من راضی بودم,0,true,2026-01-19T13:04:20.1179238+03:30,مثبت,0.91,رضایت کلی,رضایت کلی,,false,ندارد,false,
کرم مرطوب کننده پوست خشک حجم 250میلی لیتر,https://www.khanoumi.com/products/comeon-moisturizing-cream-for-dry-22883,کرم و مرطوب‌کننده صورت,من درکل محصولات کامان رو خییلی دوست دارم به نظرم مارک خوبی هست این کرم هم بهتون پیشنهاد میکنم,0,true,2025-12-10T10:48:36.3032924+03:30,مثبت,0.67,پیشنهاد به دیگران | تجربه محصول,تجربه محصول,,false,ندارد,false,
کرم مرطوب کننده پوست خشک حجم 250میلی لیتر,https://www.khanoumi.com/products/comeon-moisturizing-cream-for-dry-22883,کرم و مرطوب‌کننده صورت,"برای پوست من خیلی خوبه زود جذب میشه و کیفیت عالی درکل 
مدوامت داشته باشید اثرشو میبینید",0,true,2025-11-15T21:34:46.7563417+03:30,مثبت,0.95,رضایت کلی | کیفیت محصول,کیفیت محصول,,false,ندارد,false,
کرم مرطوب کننده پوست خشک حجم 250میلی لیتر,https://www.khanoumi.com/products/comeon-moisturizing-cream-for-dry-22883,کرم و مرطوب‌کننده صورت,عاااالی بود تنها چیزی ک تو بسته خریدم بود و ازش راضیم,0,true,2025-09-27T11:00:59.9462718+03:30,مثبت,0.95,رضایت کلی | تجربه محصول,تجربه محصول,,false,ندارد,false,
کرم مرطوب کننده پوست خشک حجم 250میلی لیتر,https://www.khanoumi.com/products/comeon-moisturizing-cream-for-dry-22883,کرم و مرطوب‌کننده صورت,خیلی عالیهههه حتما تهیه کنید,0,true,2025-09-11T02:35:40.4628791+03:30,مثبت,0.79,رضایت کلی,رضایت کلی,,false,ندارد,false,
کرم مرطوب کننده پوست خشک حجم 250میلی لیتر,https://www.khanoumi.com/products/comeon-moisturizing-cream-for-dry-22883,کرم و مرطوب‌کننده صورت,تا الان چند مدل کرم خریده بودم ولی این از همشون بهتر بود پوستمو خیلی نرم کرد فقط بوی جالبی نداره,0,true,2025-02-16T12:59:34.3190278+00:00,خنثی,0.35,بو و رایحه,بو و رایحه,,false,ندارد,false,
کرم مرطوب کننده پوست خشک حجم 250میلی لیتر,https://www.khanoumi.com/products/comeon-moisturizing-cream-for-dry-22883,کرم و مرطوب‌کننده صورت,نظر قبلیم سوتفاهم شد نمیدونم که نظرم ثبت شد یانه کرم که عالیه راننده هم خیلی خوش اخلاق عالی کلا,0,true,2025-01-02T08:19:14.9156788+00:00,مثبت,0.91,رضایت کلی,رضایت کلی,,false,ندارد,false,
کرم مرطوب کننده پوست خشک حجم 250میلی لیتر,https://www.khanoumi.com/products/comeon-moisturizing-cream-for-dry-22883,کرم و مرطوب‌کننده صورت,"یــه کــرم دســت غـــلیظ و عالـــی
مــن فقــط بــرا دســـت اســـتفاده کـــردم عالـــیه مــرطوبیتــش
بوی ملایـــم و دلنشــینی داره",0,true,2024-12-04T11:46:14.3733855+00:00,خنثی,0.35,بو و رایحه,بو و رایحه,,false,ندارد,false,
کرم مرطوب کننده پوست خشک حجم 250میلی لیتر,https://www.khanoumi.com/products/comeon-moisturizing-cream-for-dry-22883,کرم و مرطوب‌کننده صورت,خیلی خوب بود,0,true,2024-11-03T18:52:29.5080509+00:00,مثبت,0.91,رضایت کلی,رضایت کلی,,false,ندارد,false,
کرم مرطوب کننده پوست خشک حجم 250میلی لیتر,https://www.khanoumi.com/products/comeon-moisturizing-cream-for-dry-22883,کرم و مرطوب‌کننده صورت,لطفا زودتر موجودش کنین,0,true,2024-05-03T19:12:18+00:00,خنثی,0.35,موجودی کالا,موجودی کالا,,false,ندارد,false,
کرم مرطوب کننده پوست خشک حجم 250میلی لیتر,https://www.khanoumi.com/products/comeon-moisturizing-cream-for-dry-22883,کرم و مرطوب‌کننده صورت,مرطوب کننده عالیتون، هفته ای یه بار هم استفاده کنم کافی,2,true,2021-01-03T19:45:21+00:00,مثبت,0.67,رضایت کلی,رضایت کلی,,false,ندارد,false,
کرم مرطوب کننده پوست خشک حجم 250میلی لیتر,https://www.khanoumi.com/products/comeon-moisturizing-cream-for-dry-22883,کرم و مرطوب‌کننده صورت,من پوستم خیلی خشکه و وااااقعا از این محصول راضی هستم.فقط بوش رو دوست ندارم. ولی ارزششو داره چون واسه پوست من خیلی خیلی مفید بود.,4,true,2020-11-03T21:31:05+00:00,مثبت,0.67,تجربه محصول | بو و رایحه,بو و رایحه,,false,ندارد,false,
کرم مرطوب کننده پوست خشک حجم 250میلی لیتر,https://www.khanoumi.com/products/comeon-moisturizing-cream-for-dry-22883,کرم و مرطوب‌کننده صورت,من از جای دیگه ای این محصول رو خریدم.تازه دارم استفاده میکنم فکر کنم واسه خشکی پوست مفید باشه.ولی بوی بدی داره متاسفانه,6,true,2020-10-30T10:35:21+00:00,منفی,0.67,تجربه محصول | بو و رایحه | حساسیت و واکنش پوست/مو | مقایسه با رقبا,حساسیت و واکنش پوست/مو,بو و رایحه | حساسیت و واکنش پوست/مو | مقایسه با رقبا,true,بالا,false,
کرم مرطوب کننده پوست خشک حجم 250میلی لیتر,https://www.khanoumi.com/products/comeon-moisturizing-cream-for-dry-22883,کرم و مرطوب‌کننده صورت,حجم خوبی داره و من هم برای صورتم استفاده میکنم هم برای دست.برای دستم خیلی خوبه چون پوست خیلی خشکی دارم ماندگاری شم خوبه من روزی چندبار میطنم.ولی برای صورتم یکم چربه(با اینکه پوستم خشکه)ولی اگه کم استفاده کنین سنگین نمیشه.,2,true,2020-08-31T20:34:55+00:00,مثبت,0.91,ماندگاری | رضایت کلی | حجم و مقدار | تجربه محصول | حساسیت و واکنش پوست/مو,حساسیت و واکنش پوست/مو,,false,ندارد,false,
کرم مرطوب کننده پوست خشک حجم 250میلی لیتر,https://www.khanoumi.com/products/comeon-moisturizing-cream-for-dry-22883,کرم و مرطوب‌کننده صورت,پوسن دستم خیلی خشکه ،برای دستم استفاده کردم و واقعا راضی بودم:),2,true,2020-05-07T13:58:47+00:00,مثبت,0.67,تجربه محصول,تجربه محصول,,false,ندارد,false,
کرم مرطوب کننده پوست خشک حجم 250میلی لیتر,https://www.khanoumi.com/products/comeon-moisturizing-cream-for-dry-22883,کرم و مرطوب‌کننده صورت,من پوست دستم خیلی خشک میشد ازین محصول برای دستام استفاده میکنم.کیفیت فوق العاده ای داره ، حجم خیلی خوبی داره، بوی خیلی خوبیم داره دستامو نرم و لطیف و خوشبو میکنه عاشقشم به شدت پیشنهاد میشه😍,3,true,2020-01-09T16:33:28+00:00,مثبت,0.95,رضایت کلی | بو و رایحه | تجربه محصول | کیفیت محصول | حجم و مقدار,کیفیت محصول,,false,ندارد,false,
کرم مرطوب کننده پوست خشک حجم 250میلی لیتر,https://www.khanoumi.com/products/comeon-moisturizing-cream-for-dry-22883,کرم و مرطوب‌کننده صورت,من اینو خریدم واسه فصل پاییزم خیلی راضیم,1,true,2019-10-15T19:26:36+00:00,مثبت,0.79,تجربه محصول | رضایت کلی,تجربه محصول,,false,ندارد,false,
کرم مرطوب کننده پوست خشک حجم 250میلی لیتر,https://www.khanoumi.com/products/comeon-moisturizing-cream-for-dry-22883,کرم و مرطوب‌کننده صورت,هزینه پرداخت شده اماوقتی اون قسمت نوشته که کدرهگیری پایینشم نوشته لینک وبسایت من اصلاکدرهگیری ندارم روی وبسایتم میزنم میگه کدرهگیری روبزن,3,true,2019-02-15T01:52:00.9366667+00:00,خنثی,0.35,ارسال کالا | سایت و اپلیکیشن | پرداخت | قیمت,ارسال کالا,,false,ندارد,false,
کرم مرطوب کننده پوست خشک حجم 250میلی لیتر,https://www.khanoumi.com/products/comeon-moisturizing-cream-for-dry-22883,کرم و مرطوب‌کننده صورت,چطوری بایدکدرهگیری بگیرم من فقط ازشماره پیگیری اسکرین شات گرفتم ,2,true,2019-02-14T20:50:42.6233333+00:00,خنثی,0.35,ارسال کالا | پشتیبانی و خدمات | تجربه محصول,ارسال کالا,,false,ندارد,false,
کرم مرطوب کننده پوست خشک حجم 250میلی لیتر,https://www.khanoumi.com/products/comeon-moisturizing-cream-for-dry-22883,کرم و مرطوب‌کننده صورت,چطورمیتونم ازشماره پیگیری استفاده کنم که سفارشم ارسال شده یانه,0,true,2019-02-13T15:36:37.9566667+00:00,خنثی,0.35,ارسال کالا | پشتیبانی و خدمات,ارسال کالا,,false,ندارد,false,
کرم مرطوب کننده پوست معمولی حجم 250 میلی لیتر,https://www.khanoumi.com/products/comeon--moisturizing-cream-for-normal-22884,کرم و مرطوب‌کننده صورت,بهترین مرطوب کننده اصلا سنگین نیست خیلی خوب مرطوب میشه پوست حدودا 2 ساله دارم میخرم پوستم خشکه تقریبا و عالیه,0,true,2025-11-24T00:20:17.0859044+03:30,مثبت,0.67,رضایت کلی | حساسیت و واکنش پوست/مو,حساسیت و واکنش پوست/مو,,false,ندارد,false,
کرم مرطوب کننده پوست معمولی حجم 250 میلی لیتر,https://www.khanoumi.com/products/comeon--moisturizing-cream-for-normal-22884,کرم و مرطوب‌کننده صورت,راضی نیستم اصلا پوستم باهاش جوش زیر پوستی زده,0,true,2025-06-02T09:09:25.0207988+00:00,منفی,0.67,حساسیت و واکنش پوست/مو,حساسیت و واکنش پوست/مو,حساسیت و واکنش پوست/مو,true,بالا,false,
کرم مرطوب کننده پوست معمولی حجم 250 میلی لیتر,https://www.khanoumi.com/products/comeon--moisturizing-cream-for-normal-22884,کرم و مرطوب‌کننده صورت,من شبانه برای دستم استفاده میکنم واقعا ازش رضایت دارم سبکه و اصلا چربی ماندگار ندارد و سریع جذب میشه,0,true,2024-04-05T11:19:21+00:00,خنثی,0.35,تجربه محصول,تجربه محصول,,false,ندارد,false,
کرم مرطوب کننده پوست معمولی حجم 250 میلی لیتر,https://www.khanoumi.com/products/comeon--moisturizing-cream-for-normal-22884,کرم و مرطوب‌کننده صورت,خیلی عالیه ,5,true,2020-11-14T11:30:42+00:00,مثبت,0.79,رضایت کلی,رضایت کلی,,false,ندارد,false,
کرم مرطوب کننده پوست معمولی حجم 250 میلی لیتر,https://www.khanoumi.com/products/comeon--moisturizing-cream-for-normal-22884,کرم و مرطوب‌کننده صورت,من هم آبرسان و هم خود کرمو دارم واقعا راضیم,6,true,2020-05-03T12:28:29+00:00,مثبت,0.79,رضایت کلی,رضایت کلی,,false,ندارد,false,
کرم مرطوب کننده پوست معمولی حجم 250 میلی لیتر,https://www.khanoumi.com/products/comeon--moisturizing-cream-for-normal-22884,کرم و مرطوب‌کننده صورت,عالی عالییییی محصولات کامان فوق العاده هستن تموم شد صد در صد میخرم ,2,true,2020-02-25T15:56:54+00:00,مثبت,0.91,رضایت کلی | موجودی کالا | تجربه محصول,موجودی کالا,,false,ندارد,false,
کرم مرطوب کننده اویل فری 250 میلی لیتر,https://www.khanoumi.com/products/comeon-moisturizing-cream-oil-free-22885,کرم و مرطوب‌کننده صورت,"این محصول به شدت بافت سبک داره و زود جذب میشه 
و بعد از استفاده حس خنکی روی پوست دارم 
بوی ماندگار و خوبی داره من چندین بار خریدم و خیلی راضی ام",0,true,2026-04-22T15:13:51.5667783+03:30,مثبت,0.79,تجربه محصول | بافت محصول | بو و رایحه | رضایت کلی,بافت محصول,,false,ندارد,false,
کرم مرطوب کننده اویل فری 250 میلی لیتر,https://www.khanoumi.com/products/comeon-moisturizing-cream-oil-free-22885,کرم و مرطوب‌کننده صورت,من خیلی راضیم,0,true,2026-01-19T16:40:48.5029437+03:30,مثبت,0.79,رضایت کلی,رضایت کلی,,false,ندارد,false,
کرم مرطوب کننده اویل فری 250 میلی لیتر,https://www.khanoumi.com/products/comeon-moisturizing-cream-oil-free-22885,کرم و مرطوب‌کننده صورت,خیلی خوبه ابرسان خیلی خوبی هستش واقعا برای منی که پوستم چرب این بهترین بود,0,true,2026-01-08T15:43:15.7207339+03:30,مثبت,0.95,رضایت کلی,رضایت کلی,,false,ندارد,false,
کرم مرطوب کننده اویل فری 250 میلی لیتر,https://www.khanoumi.com/products/comeon-moisturizing-cream-oil-free-22885,کرم و مرطوب‌کننده صورت,بوش خوبه تقریبا زود جذب میشه و پوست رو نرم میکنه و چربی روی پوست نمی مونه و به نظرم برای پوست چرب مناسبه,0,true,2025-11-06T13:13:33.6070471+03:30,مثبت,0.67,نیاز به مشاوره | بو و رایحه | تجربه محصول | سؤال و ابهام,نیاز به مشاوره,,false,ندارد,false,
کرم مرطوب کننده اویل فری 250 میلی لیتر,https://www.khanoumi.com/products/comeon-moisturizing-cream-oil-free-22885,کرم و مرطوب‌کننده صورت,عالیههههههه,0,true,2024-05-06T18:06:56+00:00,مثبت,0.79,رضایت کلی,رضایت کلی,,false,ندارد,false,
کرم مرطوب کننده اویل فری 250 میلی لیتر,https://www.khanoumi.com/products/comeon-moisturizing-cream-oil-free-22885,کرم و مرطوب‌کننده صورت,مرطوب کننده خوبیه من پوستم چربع کرم پودر میزدم پوست پوست میشد از وقتی این مرطوب کننده رو میزنم پوست پوست نمیشه ذیگه اصلا هم باهاش جوش نزدم پوستمم نرم میکنه خیلی راضی ام,1,true,2023-04-18T01:23:32+00:00,مثبت,0.79,حساسیت و واکنش پوست/مو | رضایت کلی,حساسیت و واکنش پوست/مو,,false,ندارد,false,
کرم مرطوب کننده اویل فری 250 میلی لیتر,https://www.khanoumi.com/products/comeon-moisturizing-cream-oil-free-22885,کرم و مرطوب‌کننده صورت,حجم و قیمت و کیفیت به صرفه.واقعا مرطوب کننده ی خوبیه و هربار تموم شه دوباره میخرمش .بوی خوبیم داره,2,true,2022-05-30T21:57:11+00:00,خنثی,0.35,قیمت | خرید مجدد | کیفیت محصول | حجم و مقدار | بو و رایحه,قیمت,,false,ندارد,false,
کرم مرطوب کننده اویل فری 250 میلی لیتر,https://www.khanoumi.com/products/comeon-moisturizing-cream-oil-free-22885,کرم و مرطوب‌کننده صورت,من واقعا راضیم بوش که عالیه واقعا حس خوبی به ادم میده.پوست رو کاملا نرم میکنه بی نظیره.,7,true,2020-11-08T22:40:43+00:00,مثبت,0.95,رضایت کلی | بو و رایحه,بو و رایحه,,false,ندارد,false,
کرم مرطوب کننده اویل فری 250 میلی لیتر,https://www.khanoumi.com/products/comeon-moisturizing-cream-oil-free-22885,کرم و مرطوب‌کننده صورت,زود جذب میشه و به نظرم واقعا تاثیر گذاره نسبت به قیمت و حجمش انتخاب مناسبیه ,0,true,2020-04-12T02:00:43+00:00,خنثی,0.35,اثربخشی | قیمت,قیمت,,false,ندارد,false,
کرم مرطوب کننده اویل فری 250 میلی لیتر,https://www.khanoumi.com/products/comeon-moisturizing-cream-oil-free-22885,کرم و مرطوب‌کننده صورت,به نسبت حجم و قیمتش واقعا کیفیت خوبی‌داره و چیزی که درموردش دوس‌دارم بوی خوب و جذب سریعش هست ,1,true,2020-03-22T15:45:12+00:00,مثبت,0.79,کیفیت محصول | حجم و مقدار | بو و رایحه,کیفیت محصول,,false,ندارد,false,
کرم مرطوب کننده اویل فری 250 میلی لیتر,https://www.khanoumi.com/products/comeon-moisturizing-cream-oil-free-22885,کرم و مرطوب‌کننده صورت, من پوستم چربه ومستعد آکنه همیشه وقتی از مرطوب کننده های دیگه استفاده میکردم پوستم پرجوش میشد ولی از وقتی که ازاین محصول استفاده کردم اصلا خبری از جوش نیست منکه خیلی دوسش دارم وازش راضیم,4,true,2019-12-05T02:59:27+00:00,مثبت,0.79,تجربه محصول | حساسیت و واکنش پوست/مو | رضایت کلی,حساسیت و واکنش پوست/مو,,false,ندارد,false,
کرم مرطوب کننده اویل فری 250 میلی لیتر,https://www.khanoumi.com/products/comeon-moisturizing-cream-oil-free-22885,کرم و مرطوب‌کننده صورت,عالی بود بوشم دوس دارم,1,true,2019-10-09T15:43:18+00:00,مثبت,0.79,رضایت کلی,رضایت کلی,,false,ندارد,false,
کرم مرطوب کننده اویل فری 250 میلی لیتر,https://www.khanoumi.com/products/comeon-moisturizing-cream-oil-free-22885,کرم و مرطوب‌کننده صورت,کرم خیلی خوشبویی هست و خیلی زود جذب پوست میشه.حالت چربی به پوست نمیده.تولید ایرانه و کیفیتش واقعا خوبه,8,true,2019-03-11T02:23:07.2533333+00:00,مثبت,0.67,کیفیت محصول | بو و رایحه,کیفیت محصول,,false,ندارد,false,
کرم مرطوب کننده پوست خشک 75میل,https://www.khanoumi.com/products/comeon--moisturizing-cream-for-oily-22886,کرم و مرطوب‌کننده صورت,"من برای پوست دستم استفاده میکنم و راضیم؛ درصد مرطوب کنندگیش معمولیه و برای پوست های خیلی خشک مناسب نیست.
برای افرادی که به بوی کرم حساسن هم زیاد مناسب نیست چون بوی عطر تندی داره.",0,true,2026-06-10T10:52:42.4145146+03:30,مثبت,0.79,بو و رایحه | تجربه محصول | رضایت کلی | نارضایتی کلی,بو و رایحه,,false,ندارد,false,
کرم مرطوب کننده پوست خشک 75میل,https://www.khanoumi.com/products/comeon--moisturizing-cream-for-oily-22886,کرم و مرطوب‌کننده صورت,برا تو کیف و سرکار خیلی خوبه,0,true,2026-06-04T21:35:56.8422454+03:30,مثبت,0.79,رضایت کلی,رضایت کلی,,false,ندارد,false,
کرم مرطوب کننده پوست خشک 75میل,https://www.khanoumi.com/products/comeon--moisturizing-cream-for-oily-22886,کرم و مرطوب‌کننده صورت,عالیهههههه این کرم علیرغم این که دستت همیشه مرطوب و خشک نیس انگار هیچی نزدی به پوستت و خیلی سبک در عین حال بسیار با کیفیت,0,true,2026-03-27T13:37:10.3368266+03:30,مثبت,0.79,کیفیت محصول | رضایت کلی,کیفیت محصول,,false,ندارد,false,
کرم مرطوب کننده پوست خشک 75میل,https://www.khanoumi.com/products/comeon--moisturizing-cream-for-oily-22886,کرم و مرطوب‌کننده صورت,پوست من خیلی خشکه و این کرم خیلی برام خوب بود. عطر خیلی خوبی داره. پیشنهاد میکنم حتما امتحانش کنید.,0,true,2026-02-11T16:46:32.9938058+03:30,مثبت,0.95,پیشنهاد به دیگران | رضایت کلی,پیشنهاد به دیگران,,false,ندارد,false,
کرم مرطوب کننده پوست خشک 75میل,https://www.khanoumi.com/products/comeon--moisturizing-cream-for-oily-22886,کرم و مرطوب‌کننده صورت,بووووش عالی ولی حجمش کمه درکل خوبه,0,true,2026-02-04T00:15:49.8240854+03:30,مثبت,0.79,حجم و مقدار | بو و رایحه | رضایت کلی,بو و رایحه,,false,ندارد,false,
کرم مرطوب کننده پوست خشک 75میل,https://www.khanoumi.com/products/comeon--moisturizing-cream-for-oily-22886,کرم و مرطوب‌کننده صورت,واسه من که پوست دستم خیلی خشکه خوب بود,0,true,2025-11-18T00:40:10.8345201+03:30,مثبت,0.79,رضایت کلی,رضایت کلی,,false,ندارد,false,
کرم مرطوب کننده پوست خشک 75میل,https://www.khanoumi.com/products/comeon--moisturizing-cream-for-oily-22886,کرم و مرطوب‌کننده صورت,مرطوب کننده خوبیه,0,true,2025-10-31T19:11:00.5629658+03:30,خنثی,0.35,رضایت کلی,رضایت کلی,,false,ندارد,false,
کرم مرطوب کننده پوست خشک 75میل,https://www.khanoumi.com/products/comeon--moisturizing-cream-for-oily-22886,کرم و مرطوب‌کننده صورت,"خوبه 
محصولات کامان خوب و معمولی ان",0,true,2025-10-09T09:17:05.8403247+03:30,مثبت,0.79,تجربه محصول | نارضایتی کلی,تجربه محصول,,false,ندارد,false,
کرم مرطوب کننده پوست خشک 75میل,https://www.khanoumi.com/products/comeon--moisturizing-cream-for-oily-22886,کرم و مرطوب‌کننده صورت,این مرطوب کننده عالیه,0,true,2025-09-03T00:47:10.6300099+03:30,مثبت,0.79,رضایت کلی,رضایت کلی,,false,ندارد,false,
کرم مرطوب کننده پوست خشک 75میل,https://www.khanoumi.com/products/comeon--moisturizing-cream-for-oily-22886,کرم و مرطوب‌کننده صورت,واقعا کرم خوبیه و پوست خشک من و تا ساعت ها مرطوب نگه میداره. بوی این کرم سلیقه ایه ولی بنظر من مرطوب کنندیش اینقدر عالی هسن که بشه بو رو فاکتور گرفت.,0,true,2025-08-09T10:58:57.5084163+00:00,مثبت,0.67,بو و رایحه | رضایت کلی,بو و رایحه,,false,ندارد,false,
کرم مرطوب کننده پوست خشک 75میل,https://www.khanoumi.com/products/comeon--moisturizing-cream-for-oily-22886,کرم و مرطوب‌کننده صورت,"من واسه دست خریدم و برام مهم بود که بوی خوبی داشته باشه ولی حی میکنم بوی موبر میده 
دوست نداشتم",0,true,2025-07-02T22:02:15.2572702+00:00,خنثی,0.35,بو و رایحه | تجربه محصول,بو و رایحه,,false,ندارد,false,
کرم مرطوب کننده پوست خشک 75میل,https://www.khanoumi.com/products/comeon--moisturizing-cream-for-oily-22886,کرم و مرطوب‌کننده صورت,من این کرم را از خانومی نگرفتم ولی می‌تونم بگم بهترین کرم مرطوب کننده‌ایه که تا حالا استفاده کردم و دیگه مثلش فکر کنم پیدا نشه.,0,true,2025-06-04T09:14:41.3164492+00:00,مثبت,0.67,تجربه محصول | رضایت کلی,تجربه محصول,,false,ندارد,false,
کرم مرطوب کننده پوست خشک 75میل,https://www.khanoumi.com/products/comeon--moisturizing-cream-for-oily-22886,کرم و مرطوب‌کننده صورت,مرطوب کنندگی متوسطی داشت اما بوی خوبی نداشت,0,true,2024-11-27T13:45:31.5129251+00:00,خنثی,0.35,بو و رایحه,بو و رایحه,,false,ندارد,false,
کرم مرطوب کننده پوست خشک 75میل,https://www.khanoumi.com/products/comeon--moisturizing-cream-for-oily-22886,کرم و مرطوب‌کننده صورت,این کرم خوش بو و نرم ترین کرمی هست که تاحالا استفاده کردم دوسش دارم,0,true,2024-11-16T11:47:40.3540344+00:00,خنثی,0.35,تجربه محصول | بو و رایحه | بافت محصول,بافت محصول,,false,ندارد,false,
کرم مرطوب کننده پوست خشک 75میل,https://www.khanoumi.com/products/comeon--moisturizing-cream-for-oily-22886,کرم و مرطوب‌کننده صورت,واقعا عالی,0,true,2024-10-28T08:33:43.6338164+00:00,مثبت,0.67,رضایت کلی,رضایت کلی,,false,ندارد,false,
کرم مرطوب کننده پوست خشک 75میل,https://www.khanoumi.com/products/comeon--moisturizing-cream-for-oily-22886,کرم و مرطوب‌کننده صورت,بسیار عالی,0,true,2024-01-05T11:35:01+00:00,مثبت,0.67,رضایت کلی,رضایت کلی,,false,ندارد,false,
کرم مرطوب کننده پوست خشک 75میل,https://www.khanoumi.com/products/comeon--moisturizing-cream-for-oily-22886,کرم و مرطوب‌کننده صورت," اگه پوست دست خشکی دارین این محصول واستون عالیه
من راضیم ازش",1,true,2023-06-07T14:12:13+00:00,مثبت,0.95,رضایت کلی | تجربه محصول,تجربه محصول,,false,ندارد,false,
کرم مرطوب کننده پوست خشک 75میل,https://www.khanoumi.com/products/comeon--moisturizing-cream-for-oily-22886,کرم و مرطوب‌کننده صورت,این کرم دست خیلی خوبه برای پوستهای خشک من ازش خیلی راضیم هر ۳ مدل رو امتحان کردم و این یکی رو بیشتر دوست داشتم. اما قبلا غلیظ تر بودن الان حس میکنم خیلی آبکی شدن.,1,true,2020-10-12T19:01:25+00:00,مثبت,0.95,رضایت کلی | بافت محصول | تجربه محصول,بافت محصول,,false,ندارد,false,
کرم مرطوب کننده پوست خشک 75میل,https://www.khanoumi.com/products/comeon--moisturizing-cream-for-oily-22886,کرم و مرطوب‌کننده صورت,من چند کرم از کامان تست کردم عالیه الانم بمب آبرسانش را خریدم اونم راضی ام,1,true,2019-11-29T23:03:37+00:00,مثبت,0.95,رضایت کلی | تجربه محصول,تجربه محصول,,false,ندارد,false,
کرم مرطوب کننده پوست خشک 75میل,https://www.khanoumi.com/products/comeon--moisturizing-cream-for-oily-22886,کرم و مرطوب‌کننده صورت,من پوستم خشکه و روزی چند بار از این کرم به صورتم میزنم و حس خیلی خوبی میده سبکه و چرب نمیکنه ,0,true,2019-11-14T12:45:13+00:00,مثبت,0.67,حساسیت و واکنش پوست/مو | رضایت کلی,حساسیت و واکنش پوست/مو,,false,ندارد,false,
کرم مرطوب کننده پوست خشک 75میل,https://www.khanoumi.com/products/comeon--moisturizing-cream-for-oily-22886,کرم و مرطوب‌کننده صورت,من اینو از خانومی خریدم خیلی راضیم سبکه رو پوستم و حس خوبی میده خوبم مرطوب میکنه,0,true,2019-10-15T19:22:04+00:00,مثبت,0.79,تجربه محصول | رضایت کلی,تجربه محصول,,false,ندارد,false,
کرم مرطوب کننده پوست خشک 75میل,https://www.khanoumi.com/products/comeon--moisturizing-cream-for-oily-22886,کرم و مرطوب‌کننده صورت,من پوستم خشکه اما از وقتی که کرم کامان استفاده میکنم پوستم حالت بهتری داره و در طول روز رطوبش حفظ میشه و حتی بعنوان مرطوب کننده قبل از آرایش خیلی خوبه من خیلی راضیم و بوی خوبیم داره,7,true,2019-05-30T21:21:01.9966667+00:00,مثبت,0.95,رضایت کلی | تجربه محصول | بو و رایحه | حساسیت و واکنش پوست/مو,حساسیت و واکنش پوست/مو,,false,ندارد,false,
کرم مرطوب کننده پوست معمولی 75میل,https://www.khanoumi.com/products/comeon--moisturizing-cream-for-normal-22887,کرم و مرطوب‌کننده صورت,خیلی عالی چندین سال برای زیر میکاپم ازش استفاده میکنم,0,true,2026-08-31T13:54:47.8696216+03:30,مثبت,0.67,تجربه محصول | رضایت کلی,تجربه محصول,,false,ندارد,false,
کرم مرطوب کننده پوست معمولی 75میل,https://www.khanoumi.com/products/comeon--moisturizing-cream-for-normal-22887,کرم و مرطوب‌کننده صورت,خیلی خوبه بوی خوبی داره زود و راحت جذب میشه حس خوبی میده,0,true,2026-06-30T12:05:08.585224+03:30,مثبت,0.79,رضایت کلی | بو و رایحه,بو و رایحه,,false,ندارد,false,
کرم مرطوب کننده پوست معمولی 75میل,https://www.khanoumi.com/products/comeon--moisturizing-cream-for-normal-22887,کرم و مرطوب‌کننده صورت,راضیم ، زود جذب میشه و بوی خوبی داره ,7,true,2020-05-19T13:39:42+00:00,مثبت,0.79,بو و رایحه | رضایت کلی,بو و رایحه,,false,ندارد,false,
کرم مرطوب کننده پوست معمولی 75میل,https://www.khanoumi.com/products/comeon--moisturizing-cream-for-normal-22887,کرم و مرطوب‌کننده صورت,"من از مرطوب کننده های کامان خیلی راضیم . سبکن و بوشون هم دوس دارم 
 و زود هم جذب میشن",6,true,2020-02-23T12:46:46+00:00,مثبت,0.79,رضایت کلی,رضایت کلی,,false,ندارد,false,
کرم مرطوب کننده پوست معمولی 75میل,https://www.khanoumi.com/products/comeon--moisturizing-cream-for-normal-22887,کرم و مرطوب‌کننده صورت,من این محصول رو برای دومین بار سفارش میدم.خیلی ازش راضی ام.پوست رو کاملا نرم و مرطوب میکنه.,3,true,2019-10-11T12:29:12+00:00,مثبت,0.79,تجربه محصول | رضایت کلی,تجربه محصول,,false,ندارد,false,
کرم مرطوب کننده پوست معمولی 75میل,https://www.khanoumi.com/products/comeon--moisturizing-cream-for-normal-22887,کرم و مرطوب‌کننده صورت,اولین بار هست از این محصول استفاده میکنم پوست رو کاملا نرم میکنه و تا ساعت ها اثرش روی پوست میمونه سریع جذب میشه و بوی خیلی خوبی داره بعد از اتمام حتما مجددا شارژش میکنم.,2,true,2019-10-03T20:47:50+00:00,مثبت,0.67,تجربه محصول | بو و رایحه | رضایت کلی,بو و رایحه,,false,ندارد,false,
کرم مرطوب کننده پوست معمولی 75میل,https://www.khanoumi.com/products/comeon--moisturizing-cream-for-normal-22887,کرم و مرطوب‌کننده صورت,محصول فوق العاده عالي هست براي ابرساني به پوست عاليه ...,5,true,2019-05-18T21:07:37.7466667+00:00,مثبت,0.95,رضایت کلی | تجربه محصول,تجربه محصول,,false,ندارد,false,
کرم مرطوب کننده اویل فری 75میل,https://www.khanoumi.com/products/comeon--moisturizing-cream-oil-free-22888,کرم و مرطوب‌کننده صورت,بوی زیادی داره که من برای صورت نمیپسندم اما ابرسانیش عالیه من برای دست استفاده میکنم و پیشنهاد میدم بخرید,0,true,2026-07-31T16:56:33.167275+03:30,مثبت,0.79,رضایت کلی | تجربه محصول | بو و رایحه,بو و رایحه,,false,ندارد,false,
کرم مرطوب کننده اویل فری 75میل,https://www.khanoumi.com/products/comeon--moisturizing-cream-oil-free-22888,کرم و مرطوب‌کننده صورت,برای پوست چرب خیلی خوبه ، من استفاده کردم نه برق افتاد رو پوستم نه چربی اضافی داشت، کاملا صورتم مات شد بعد جذبش ،بوشم خیلی ملایم و عالیه .,0,true,2026-07-26T12:35:05.1466456+03:30,مثبت,0.95,رضایت کلی | تجربه محصول | نیاز به مشاوره,نیاز به مشاوره,,false,ندارد,false,
کرم مرطوب کننده اویل فری 75میل,https://www.khanoumi.com/products/comeon--moisturizing-cream-oil-free-22888,کرم و مرطوب‌کننده صورت,"برای پوست مختلط  واقعا خوبه بوی ملایمی داره و سبک 
زود جذب پوست میشه",0,true,2026-07-17T13:51:02.1227022+03:30,مثبت,0.67,بو و رایحه,بو و رایحه,,false,ندارد,false,
کرم مرطوب کننده اویل فری 75میل,https://www.khanoumi.com/products/comeon--moisturizing-cream-oil-free-22888,کرم و مرطوب‌کننده صورت,عالیی,0,true,2026-07-13T09:37:37.239016+03:30,مثبت,0.67,رضایت کلی,رضایت کلی,,false,ندارد,false,
کرم مرطوب کننده اویل فری 75میل,https://www.khanoumi.com/products/comeon--moisturizing-cream-oil-free-22888,کرم و مرطوب‌کننده صورت,خیلی خوبه، واقعا بین کرم های ایرانی بهترینه و ابرسانی خوبی داره بدون اینکه پوست رو سنگین کنه,0,true,2025-09-10T16:24:18.1402593+03:30,مثبت,0.91,رضایت کلی,رضایت کلی,,false,ندارد,false,
کرم مرطوب کننده اویل فری 75میل,https://www.khanoumi.com/products/comeon--moisturizing-cream-oil-free-22888,کرم و مرطوب‌کننده صورت,من پوستم مختلط هست.این کرم بیشتر ابرسانه تا مرطوب کننده و بخاطر همین زود جذب میشه و سبکه.جوش نمیزنم و پوستم ابرسانی میشه.اگر مداوم استفاده کنید تاثیر مرطوب کنندگیش بیشتر احساس میشه.در کل خیلی خوبه,0,true,2025-04-06T13:46:03.4496906+00:00,مثبت,0.79,اثربخشی | رضایت کلی | حساسیت و واکنش پوست/مو,حساسیت و واکنش پوست/مو,,false,ندارد,false,
کرم مرطوب کننده اویل فری 75میل,https://www.khanoumi.com/products/comeon--moisturizing-cream-oil-free-22888,کرم و مرطوب‌کننده صورت,به نظرم خیلی خوب بود بجز بوش,0,true,2024-08-21T20:48:57+00:00,مثبت,0.91,بو و رایحه | رضایت کلی,بو و رایحه,,false,ندارد,false,
کرم مرطوب کننده اویل فری 75میل,https://www.khanoumi.com/products/comeon--moisturizing-cream-oil-free-22888,کرم و مرطوب‌کننده صورت,من خیلی خشکی پوست داشتم اما تنها کرمی که تونست خشکی و برطرف کنه کرم کامان بود و هر 3 مدل پوست چرب،پوست خشک،پوست خیلی خشک،رو استفاده کردم که پوستمو خیلی نرم و ابریشمی کرد حالا اینسری مدل تیوپی ش رو خریداری کردم که برای بیرون رفتم هم همراهم باشه ,0,true,2024-08-10T13:47:52+00:00,خنثی,0.35,تجربه محصول | حساسیت و واکنش پوست/مو | بافت محصول,حساسیت و واکنش پوست/مو,,false,ندارد,false,
کرم مرطوب کننده اویل فری 75میل,https://www.khanoumi.com/products/comeon--moisturizing-cream-oil-free-22888,کرم و مرطوب‌کننده صورت,"بافت غیر چربی داره و بیشتر شبیه آبرسانه تا کرم
اصلا روی صورت حالت ماسیدگی ایجاد نمیکنه و کمی برق میندازه ولی زیاد چرب نمیکنه
اصلا باعث جوش نمیشه 
بوی خیلی خوبی داره و بوش تا وقتی شسته میشه ماندگاره
در کل نسبت به قیمتش کارایی و کیفیت خوبی داره",0,true,2024-05-17T15:19:45+00:00,خنثی,0.35,بو و رایحه | کیفیت محصول | بافت محصول | اثربخشی | حساسیت و واکنش پوست/مو | رضایت کلی,حساسیت و واکنش پوست/مو,,false,ندارد,false,
کرم مرطوب کننده اویل فری 75میل,https://www.khanoumi.com/products/comeon--moisturizing-cream-oil-free-22888,کرم و مرطوب‌کننده صورت,عالیه.....بهترین و درجه یک ترین آبرسان و مرطوب کننده  برای پوست های چرب ومختلط,0,true,2024-02-24T16:03:05+00:00,مثبت,0.91,رضایت کلی | کیفیت محصول,کیفیت محصول,,false,ندارد,false,
کرم مرطوب کننده اویل فری 75میل,https://www.khanoumi.com/products/comeon--moisturizing-cream-oil-free-22888,کرم و مرطوب‌کننده صورت,عالیه.....بهترین و درجه یک ترین آبرسان و مرطوب کننده  برای پوست های چرب ومختلط,0,true,2024-02-24T16:01:44+00:00,مثبت,0.91,رضایت کلی | کیفیت محصول,کیفیت محصول,,false,ندارد,false,
کرم مرطوب کننده اویل فری 75میل,https://www.khanoumi.com/products/comeon--moisturizing-cream-oil-free-22888,کرم و مرطوب‌کننده صورت,من مشتری ثابت این محصولم‌ واسه پوستای حساس عالیه تازه میتونی همیشه تو‌کیفت با خودت همه جا ببری,2,true,2020-03-22T16:43:25+00:00,مثبت,0.79,رضایت کلی | تجربه محصول,تجربه محصول,,false,ندارد,false,
کرم مرطوب کننده اویل فری 75میل,https://www.khanoumi.com/products/comeon--moisturizing-cream-oil-free-22888,کرم و مرطوب‌کننده صورت,وای من اصا رابطه خوبی با مرطوب کننده نداشتم چقدر این کرم عالیه حتما واسه خانواده هم سفارش میدم اصا چرب نمیکنه پوست رو این ویژگیش عالیه سریع جذب پوست میشه و خیلی خوش بوعه,2,true,2020-02-23T15:57:34+00:00,مثبت,0.95,رضایت کلی,رضایت کلی,,false,ندارد,false,
کرم مرطوب کننده اویل فری 75میل,https://www.khanoumi.com/products/comeon--moisturizing-cream-oil-free-22888,کرم و مرطوب‌کننده صورت,یه مرطوب کننده و آبرسان فوق العاده برای پوست چرب...من عاشق بوشم بوی تمیزی میده😍,0,true,2019-12-04T19:27:07+00:00,مثبت,0.67,نیاز به مشاوره | بو و رایحه | رضایت کلی,نیاز به مشاوره,,false,ندارد,false,
کرم مرطوب کننده اویل فری 75میل,https://www.khanoumi.com/products/comeon--moisturizing-cream-oil-free-22888,کرم و مرطوب‌کننده صورت,"بوی این کرم عالیه
مرطوب کننده ی سبکیه و سریع جذب میشه",0,true,2019-11-28T16:09:07+00:00,مثبت,0.79,رضایت کلی | بو و رایحه,بو و رایحه,,false,ندارد,false,
کرم مرطوب کننده اویل فری 75میل,https://www.khanoumi.com/products/comeon--moisturizing-cream-oil-free-22888,کرم و مرطوب‌کننده صورت,بافت آبکی داره.پوست رو به خوبی آبرسانی میکنه و نرم.از بافتش هم عکس گذاشتم,6,true,2019-10-05T19:09:58+00:00,خنثی,0.35,بافت محصول,بافت محصول,,false,ندارد,false,
کرم مرطوب کننده اویل فری 75میل,https://www.khanoumi.com/products/comeon--moisturizing-cream-oil-free-22888,کرم و مرطوب‌کننده صورت,من این مرطوب کننده رو استفاده کردم و واقعا عالیه محصولات کامان واقعا بی نظیره قبل از استفاده از این کرم پوستم دائما خشک میشد واقعا معرکس,4,true,2019-09-29T21:05:35+00:00,مثبت,0.79,تجربه محصول | رضایت کلی,تجربه محصول,,false,ندارد,false,
کرم مرطوب کننده اویل فری 75میل,https://www.khanoumi.com/products/comeon--moisturizing-cream-oil-free-22888,کرم و مرطوب‌کننده صورت,مرطوب کننده ی به صرفه ای هست وقتی پخش میشه مثل اینه که اب زده باشی به دست و صورت. باعث جوش برای من که پوست خیلی چرب و حساسی دارم نشد.,4,true,2019-07-27T21:21:22.68+00:00,خنثی,0.35,قیمت | حساسیت و واکنش پوست/مو,حساسیت و واکنش پوست/مو,,false,ندارد,false,
کرم مرطوب کننده اویل فری 75میل,https://www.khanoumi.com/products/comeon--moisturizing-cream-oil-free-22888,کرم و مرطوب‌کننده صورت,بوی عطرش خیلی زیاده و من خیلی ارزونتر خریدم ,3,true,2019-06-21T23:14:10.3333333+00:00,خنثی,0.35,بو و رایحه | قیمت | تجربه محصول,قیمت,,false,ندارد,false,
کرم مرطوب کننده بی کمپلکس نرمال حجم 400 میلی لیتر,https://www.khanoumi.com/products/comeon--moisturizing--normal-b-complex-cream-22889,کرم و مرطوب‌کننده صورت,فقط کرم های دست کامان خوبه بقیه محصولاتشو دوست نداشتم ولی اینو چند سال استفاده میکنم,0,true,2026-08-12T21:08:45.2252288+03:30,مثبت,0.67,تجربه محصول,تجربه محصول,,false,ندارد,false,
کرم مرطوب کننده بی کمپلکس نرمال حجم 400 میلی لیتر,https://www.khanoumi.com/products/comeon--moisturizing--normal-b-complex-cream-22889,کرم و مرطوب‌کننده صورت,من از محصولات کامان راضی هستم در کل ولی این کرم بی نظیره دست من شدیداً اگزما و خشک شده بود و به هیچ کرم و مراقبتی جواب نمی‌داد تا این کرم رو گرفتم کمتر از یک هفته استفاده فوق العاده نرم شده و دیگه خشک نشده اصلا چرب و چسبنده نیست سریع جذب میشه یک مقدار بوش زیاد هست و میمونه که سلیقه ایه من دوست دارم,0,true,2026-07-01T19:56:06.3562421+03:30,مثبت,0.79,تجربه محصول | تاریخ انقضا | بو و رایحه | رضایت کلی,تاریخ انقضا,,false,ندارد,false,
کرم مرطوب کننده بی کمپلکس نرمال حجم 400 میلی لیتر,https://www.khanoumi.com/products/comeon--moisturizing--normal-b-complex-cream-22889,کرم و مرطوب‌کننده صورت,کاملا نرم ولطبف میکنه زود هم جذب پوست من میشه بوی خوبی داره درکل راضی کننده هست,0,true,2026-05-22T21:26:57.6184406+03:30,مثبت,0.67,بو و رایحه,بو و رایحه,,false,ندارد,false,
کرم مرطوب کننده بی کمپلکس نرمال حجم 400 میلی لیتر,https://www.khanoumi.com/products/comeon--moisturizing--normal-b-complex-cream-22889,کرم و مرطوب‌کننده صورت,چسبناک می کنه,0,true,2025-06-12T18:54:36.6849222+00:00,خنثی,0.35,بافت محصول,بافت محصول,,false,ندارد,false,
کرم مرطوب کننده بی کمپلکس نرمال حجم 400 میلی لیتر,https://www.khanoumi.com/products/comeon--moisturizing--normal-b-complex-cream-22889,کرم و مرطوب‌کننده صورت,محصولات کامان عالییییین,0,true,2024-04-16T17:31:09+00:00,مثبت,0.67,تجربه محصول,تجربه محصول,,false,ندارد,false,
کرم مرطوب کننده بی کمپلکس نرمال حجم 400 میلی لیتر,https://www.khanoumi.com/products/comeon--moisturizing--normal-b-complex-cream-22889,کرم و مرطوب‌کننده صورت,هم خیلی خوبه و هم به صرفه ست,0,true,2024-03-15T01:11:01+00:00,مثبت,0.79,رضایت کلی | قیمت,قیمت,,false,ندارد,false,
کرم مرطوب کننده بی کمپلکس نرمال حجم 400 میلی لیتر,https://www.khanoumi.com/products/comeon--moisturizing--normal-b-complex-cream-22889,کرم و مرطوب‌کننده صورت,شارژ کنید لطفاااا,0,true,2024-02-23T21:07:51+00:00,خنثی,0.35,موجودی کالا,موجودی کالا,موجودی کالا,true,متوسط,false,
کرم مرطوب کننده بی کمپلکس نرمال حجم 400 میلی لیتر,https://www.khanoumi.com/products/comeon--moisturizing--normal-b-complex-cream-22889,کرم و مرطوب‌کننده صورت,موجود کنیددددد,0,true,2024-02-23T21:06:51+00:00,خنثی,0.35,موجودی کالا,موجودی کالا,,false,ندارد,false,
کرم مرطوب کننده بی کمپلکس نرمال حجم 400 میلی لیتر,https://www.khanoumi.com/products/comeon--moisturizing--normal-b-complex-cream-22889,کرم و مرطوب‌کننده صورت,لطفا شارژش کنید این محصول عالیههههه,0,true,2024-02-03T01:54:50+00:00,مثبت,0.79,رضایت کلی | موجودی کالا | تجربه محصول,موجودی کالا,,false,ندارد,false,
کرم مرطوب کننده بی کمپلکس نرمال حجم 400 میلی لیتر,https://www.khanoumi.com/products/comeon--moisturizing--normal-b-complex-cream-22889,کرم و مرطوب‌کننده صورت,کاش بازم تخفیف بذارین ,0,true,2023-12-25T00:40:40+00:00,خنثی,0.35,تخفیف,تخفیف,,false,ندارد,false,
کرم مرطوب کننده بی کمپلکس نرمال حجم 400 میلی لیتر,https://www.khanoumi.com/products/comeon--moisturizing--normal-b-complex-cream-22889,کرم و مرطوب‌کننده صورت,چندتا نکته داره حجمش زیاده و خیلی خوب مرطوب میکنه پوست رو ولی خیلی کرم سنگینیه و برای منی که از چربی بدم میاد خیلی اذیت کنندست و بوی الکل خیلی تندی داره من خودم دوست دارم کرمی که میزنم بوی خوبی هم داشته باشه ولی مرطوب کنندگی خیلی خوبی داره برای پوست,0,true,2023-12-19T22:28:41+00:00,مثبت,0.91,بو و رایحه | رضایت کلی | بافت محصول,بافت محصول,,false,ندارد,false,
کرم مرطوب کننده بی کمپلکس نرمال حجم 400 میلی لیتر,https://www.khanoumi.com/products/comeon--moisturizing--normal-b-complex-cream-22889,کرم و مرطوب‌کننده صورت,بوی خوبی داره ازش راضیم ولی به نظرم مدل آووکادو نرم کنندگیش بهتره تا بلوبری ,0,true,2023-11-27T15:16:04+00:00,مثبت,0.79,بو و رایحه | رضایت کلی,بو و رایحه,,false,ندارد,false,
کرم مرطوب کننده بی کمپلکس نرمال حجم 400 میلی لیتر,https://www.khanoumi.com/products/comeon--moisturizing--normal-b-complex-cream-22889,کرم و مرطوب‌کننده صورت,تازه به دستم رسیده، واقعا آبرسانی عمیق و خوبی داره، بوی معمولی داره، من خیلی دوست نداشتم، ولی در مجموع راضی هستم و نسبت به حجم و قیمتش، به صرفه ست، ممنون از تخفیف خوب خانومی,0,true,2023-09-11T15:22:16+00:00,مثبت,0.91,تخفیف | حجم و مقدار | ارسال کالا | قیمت | بو و رایحه | نارضایتی کلی | رضایت کلی,ارسال کالا,,false,ندارد,false,
کرم مرطوب کننده بی کمپلکس نرمال حجم 400 میلی لیتر,https://www.khanoumi.com/products/comeon--moisturizing--normal-b-complex-cream-22889,کرم و مرطوب‌کننده صورت,مرطوب کننده ی خیلی خوبیه من راضیم ,0,true,2022-03-28T13:49:41+00:00,مثبت,0.91,رضایت کلی,رضایت کلی,,false,ندارد,false,
کرم مرطوب کننده بی کمپلکس نرمال حجم 400 میلی لیتر,https://www.khanoumi.com/products/comeon--moisturizing--normal-b-complex-cream-22889,کرم و مرطوب‌کننده صورت,عالیه با بوی فوق العاده خوبش.,0,true,2021-06-24T12:54:36+00:00,مثبت,0.91,رضایت کلی | بو و رایحه,بو و رایحه,,false,ندارد,false,
کرم مرطوب کننده بی کمپلکس نرمال حجم 400 میلی لیتر,https://www.khanoumi.com/products/comeon--moisturizing--normal-b-complex-cream-22889,کرم و مرطوب‌کننده صورت,خیلی زود جذب میشه و‌چربیش رو پوست نمیمونه,2,true,2021-02-07T01:02:05+00:00,خنثی,0.35,تجربه محصول,تجربه محصول,,false,ندارد,false,
کرم مرطوب کننده بی کمپلکس نرمال حجم 400 میلی لیتر,https://www.khanoumi.com/products/comeon--moisturizing--normal-b-complex-cream-22889,کرم و مرطوب‌کننده صورت,بوش بد نیست ولی صورتو چرب بنظرم سیاه میکنه برای دست و بدن خوبه,3,true,2020-05-27T01:34:10+00:00,مثبت,0.79,بو و رایحه,بو و رایحه,,false,ندارد,false,
کرم مرطوب کننده بی کمپلکس نرمال حجم 400 میلی لیتر,https://www.khanoumi.com/products/comeon--moisturizing--normal-b-complex-cream-22889,کرم و مرطوب‌کننده صورت,خیلی کرم خوبیه.سبکه و زود جذب میشه و بوی خوبی هم داره.,7,true,2020-03-09T19:43:49+00:00,خنثی,0.35,بو و رایحه,بو و رایحه,,false,ندارد,false,
کرم مرطوب کننده بی کمپلکس نرمال حجم 400 میلی لیتر,https://www.khanoumi.com/products/comeon--moisturizing--normal-b-complex-cream-22889,کرم و مرطوب‌کننده صورت,به نظر من خیلی عالیه آبرسان قوی و خوبیش اینه که زیاد چرب نیست سریع جذب میشه ,1,true,2019-12-05T10:35:49+00:00,مثبت,0.79,رضایت کلی,رضایت کلی,,false,ندارد,false,
کرم مرطوب کننده بی کمپلکس نرمال حجم 400 میلی لیتر,https://www.khanoumi.com/products/comeon--moisturizing--normal-b-complex-cream-22889,کرم و مرطوب‌کننده صورت,من که خیلی راضیم بوی فوق العاده ای داره روغن و چربی اضافه رو پوست نمیزاره و خیلی به صرفه اس قیمتشم که نسبت ب حجمش عالیه من که عاشقش شدم مرسی خانومی,2,true,2019-11-29T08:42:17.4566667+00:00,مثبت,0.95,رضایت کلی | قیمت | بو و رایحه,قیمت,,false,ندارد,false,
کرم مرطوب کننده بی کمپلکس نرمال حجم 400 میلی لیتر,https://www.khanoumi.com/products/comeon--moisturizing--normal-b-complex-cream-22889,کرم و مرطوب‌کننده صورت,محصولات كامان ابرسان قوي هستن و خيلي پوست و لطيف ميكنن,3,true,2019-10-22T10:19:38+00:00,خنثی,0.35,تجربه محصول,تجربه محصول,,false,ندارد,false,
کرم مرطوب کننده بی کمپلکس نرمال حجم 400 میلی لیتر,https://www.khanoumi.com/products/comeon--moisturizing--normal-b-complex-cream-22889,کرم و مرطوب‌کننده صورت,محصولات کامان فوق العاده هس ، من از کرم ترک پا و مرطوب کنندش استفاده کردم و کاملا راضی بودم ، ممنون از سایت خیلی خوبتون ,4,true,2019-10-19T19:35:31+00:00,مثبت,0.95,تجربه محصول | رضایت کلی | سایت و اپلیکیشن,سایت و اپلیکیشن,,false,ندارد,false,
کرم مرطوب کننده بی کمپلکس نرمال حجم 400 میلی لیتر,https://www.khanoumi.com/products/comeon--moisturizing--normal-b-complex-cream-22889,کرم و مرطوب‌کننده صورت,من از س محصول کامان استفاده کردم .واقعا عالیه .هم کرم مرطوب کننده رو دارم و هم فیس واش و هم کرم ترک پا.واقعا عااللی بودم .مررررسی از خانمی بابت این محصولاتی ک معرفی کردن,1,true,2019-10-19T16:02:45+00:00,مثبت,0.67,تجربه محصول | رضایت کلی,تجربه محصول,,false,ندارد,false,
کرم مرطوب کننده بی کمپلکس نرمال حجم 400 میلی لیتر,https://www.khanoumi.com/products/comeon--moisturizing--normal-b-complex-cream-22889,کرم و مرطوب‌کننده صورت,به‌نظرم یکی از بهترین کرم های مرطوب کننده بازار هست. ,3,true,2019-09-30T08:42:36+00:00,مثبت,0.67,رضایت کلی,رضایت کلی,,false,ندارد,false,
کرم مرطوب کننده بی کمپلکس نرمال حجم 400 میلی لیتر,https://www.khanoumi.com/products/comeon--moisturizing--normal-b-complex-cream-22889,کرم و مرطوب‌کننده صورت,به نظر من که عالیههههههه,5,true,2019-07-17T13:26:00.8466667+00:00,مثبت,0.79,رضایت کلی,رضایت کلی,,false,ندارد,false,
کرم مرطوب کننده بی کمپلکس نرمال حجم 400 میلی لیتر,https://www.khanoumi.com/products/comeon--moisturizing--normal-b-complex-cream-22889,کرم و مرطوب‌کننده صورت,خیلی چسبونکی  میکنی 😒 یه جوریه خوشم نیومد,9,true,2019-03-05T21:28:50.9333333+00:00,خنثی,0.35,تجربه محصول,تجربه محصول,,false,ندارد,false,
کرم مرطوب کننده مدل بی کمپلکس اویل پلاس 400میل,https://www.khanoumi.com/products/comeon--moisturizing--oily-b-complex-cream-22890,کرم و مرطوب‌کننده صورت,خرید کردم عالی هست,0,true,2026-08-12T14:24:20.3590506+03:30,مثبت,0.67,رضایت کلی,رضایت کلی,,false,ندارد,false,
کرم مرطوب کننده مدل بی کمپلکس اویل پلاس 400میل,https://www.khanoumi.com/products/comeon--moisturizing--oily-b-complex-cream-22890,کرم و مرطوب‌کننده صورت,خیلی خوبه،من واسه فقط و فقط از این استفاده میکنم و هربار شارژش میکنم،خانومی هم با قیمت کف بازار میفروشه این محصول رو,0,true,2026-08-02T10:52:56.0429616+03:30,مثبت,0.79,تجربه محصول | رضایت کلی | قیمت | خرید مجدد,قیمت,,false,ندارد,false,
کرم مرطوب کننده مدل بی کمپلکس اویل پلاس 400میل,https://www.khanoumi.com/products/comeon--moisturizing--oily-b-complex-cream-22890,کرم و مرطوب‌کننده صورت,هیچ وقت برای خریدن محصولات کامان از سایت خانومی غافل نشید هم اصله هم بهترین محصول و بهتون میرسونن این محصول واقعا با کیفیت و نرم کننده قوی هستش,0,true,2026-07-25T09:42:35.2506769+03:30,مثبت,0.67,تجربه محصول | کیفیت محصول | اصالت کالا | سایت و اپلیکیشن | رضایت کلی,اصالت کالا,,false,ندارد,false,
کرم مرطوب کننده مدل بی کمپلکس اویل پلاس 400میل,https://www.khanoumi.com/products/comeon--moisturizing--oily-b-complex-cream-22890,کرم و مرطوب‌کننده صورت,خوبه نرم و سبکه ولی خیلی زود جذب نمیشه,0,true,2026-07-07T20:58:53.2825824+03:30,مثبت,0.67,رضایت کلی,رضایت کلی,,false,ندارد,false,
کرم مرطوب کننده مدل بی کمپلکس اویل پلاس 400میل,https://www.khanoumi.com/products/comeon--moisturizing--oily-b-complex-cream-22890,کرم و مرطوب‌کننده صورت,نرم کننده خیلی خوبیه رطوبت رو حفظ میکنه رو پوست فقط اینکه بوی زیاد خوبی نداره,0,true,2026-07-04T15:58:05.4192821+03:30,مثبت,0.67,بو و رایحه | رضایت کلی,بو و رایحه,,false,ندارد,false,
کرم مرطوب کننده مدل بی کمپلکس اویل پلاس 400میل,https://www.khanoumi.com/products/comeon--moisturizing--oily-b-complex-cream-22890,کرم و مرطوب‌کننده صورت,خیلی عطر داره ولی ابرسانیش خوبه,0,true,2026-06-29T17:38:27.571698+03:30,مثبت,0.67,رضایت کلی,رضایت کلی,,false,ندارد,false,
کرم مرطوب کننده مدل بی کمپلکس اویل پلاس 400میل,https://www.khanoumi.com/products/comeon--moisturizing--oily-b-complex-cream-22890,کرم و مرطوب‌کننده صورت,قیمت مناسبی داشت و برند محبوبیه,0,true,2026-05-20T06:59:20.1919428+03:30,خنثی,0.35,قیمت,قیمت,,false,ندارد,false,
کرم مرطوب کننده مدل بی کمپلکس اویل پلاس 400میل,https://www.khanoumi.com/products/comeon--moisturizing--oily-b-complex-cream-22890,کرم و مرطوب‌کننده صورت,"رطوبت رسانی خوب 
زود جذب 
برای پوست معمولی تا کمی خشک خوبه 
خیلی بوی غلیظی نداره 
به صرفه هم‌هست",0,true,2026-05-19T21:29:46.4324136+03:30,مثبت,0.79,قیمت | بو و رایحه | نارضایتی کلی,قیمت,,false,ندارد,false,
کرم مرطوب کننده مدل بی کمپلکس اویل پلاس 400میل,https://www.khanoumi.com/products/comeon--moisturizing--oily-b-complex-cream-22890,کرم و مرطوب‌کننده صورت,ماچندساله برای دست میگیریم خیلی خوبه,0,true,2026-05-18T10:27:33.3143272+03:30,مثبت,0.79,رضایت کلی,رضایت کلی,,false,ندارد,false,
کرم مرطوب کننده مدل بی کمپلکس اویل پلاس 400میل,https://www.khanoumi.com/products/comeon--moisturizing--oily-b-complex-cream-22890,کرم و مرطوب‌کننده صورت,سلام من این آبرسان را چهار سال هست استفاده میکنم خیلی خوبه برای پوست های احساس و خشک,0,true,2026-04-27T15:48:28.7271749+03:30,مثبت,0.79,رضایت کلی | تجربه محصول,تجربه محصول,,false,ندارد,false,
کرم مرطوب کننده مدل بی کمپلکس اویل پلاس 400میل,https://www.khanoumi.com/products/comeon--moisturizing--oily-b-complex-cream-22890,کرم و مرطوب‌کننده صورت,بد نیست,0,true,2026-04-20T16:11:19.2606051+03:30,مثبت,0.67,نارضایتی کلی,نارضایتی کلی,,false,ندارد,false,
کرم مرطوب کننده مدل بی کمپلکس اویل پلاس 400میل,https://www.khanoumi.com/products/comeon--moisturizing--oily-b-complex-cream-22890,کرم و مرطوب‌کننده صورت,برای صورت اصلا مناسب نیست من پوستم خشک بود که باعث جوش شد برای خواهرم که پوست چربی داره هم همینطور بود,0,true,2026-04-19T13:37:36.2659758+03:30,خنثی,0.35,حساسیت و واکنش پوست/مو,حساسیت و واکنش پوست/مو,,false,ندارد,false,
کرم مرطوب کننده مدل بی کمپلکس اویل پلاس 400میل,https://www.khanoumi.com/products/comeon--moisturizing--oily-b-complex-cream-22890,کرم و مرطوب‌کننده صورت,فوق العادست. دستام رو خیلى نرم و لطیف میکنه,0,true,2026-04-03T11:52:22.2072012+03:30,خنثی,0.35,رضایت کلی,رضایت کلی,,false,ندارد,false,
کرم مرطوب کننده مدل بی کمپلکس اویل پلاس 400میل,https://www.khanoumi.com/products/comeon--moisturizing--oily-b-complex-cream-22890,کرم و مرطوب‌کننده صورت,من همیشه از این کرم استفاده میکنم واسه پوست خشک عالیههههههه فقط بسته بندیش جدید شده اینسری که سفارش دادم,0,true,2026-04-01T13:02:07.2455144+03:30,مثبت,0.79,بسته‌بندی | تجربه محصول | رضایت کلی | خرید مجدد,بسته‌بندی,,false,ندارد,false,
کرم مرطوب کننده مدل بی کمپلکس اویل پلاس 400میل,https://www.khanoumi.com/products/comeon--moisturizing--oily-b-complex-cream-22890,کرم و مرطوب‌کننده صورت,خیلی عالی و خوشبو مرسی از خانومی,0,true,2026-03-15T12:02:36.8749799+03:30,مثبت,0.79,بو و رایحه | رضایت کلی,بو و رایحه,,false,ندارد,false,
کرم مرطوب کننده مدل بی کمپلکس اویل پلاس 400میل,https://www.khanoumi.com/products/comeon--moisturizing--oily-b-complex-cream-22890,کرم و مرطوب‌کننده صورت,"نرم کنندگی و مرطوب کنندگی عالی
البته برا پوست دست و بدن
صورت ریسکه",0,true,2026-03-09T17:36:46.6213921+03:30,مثبت,0.67,رضایت کلی,رضایت کلی,,false,ندارد,false,
کرم مرطوب کننده مدل بی کمپلکس اویل پلاس 400میل,https://www.khanoumi.com/products/comeon--moisturizing--oily-b-complex-cream-22890,کرم و مرطوب‌کننده صورت,عالیه من برای بار 7 خرید میکنم,0,true,2026-02-26T13:13:08.6356566+03:30,مثبت,0.79,رضایت کلی,رضایت کلی,,false,ندارد,false,
کرم مرطوب کننده مدل بی کمپلکس اویل پلاس 400میل,https://www.khanoumi.com/products/comeon--moisturizing--oily-b-complex-cream-22890,کرم و مرطوب‌کننده صورت,عالی عالی مرطوب کننده مناسب برای پوست خشک ابرسان عالی داد ب پوستم,0,true,2026-02-24T02:24:29.5257078+03:30,مثبت,0.91,رضایت کلی | نیاز به مشاوره,نیاز به مشاوره,,false,ندارد,false,
کرم مرطوب کننده مدل بی کمپلکس اویل پلاس 400میل,https://www.khanoumi.com/products/comeon--moisturizing--oily-b-complex-cream-22890,کرم و مرطوب‌کننده صورت,عالی عالی عالی,0,true,2026-02-23T19:30:18.3506601+03:30,مثبت,0.91,رضایت کلی,رضایت کلی,,false,ندارد,false,
کرم مرطوب کننده مدل بی کمپلکس اویل پلاس 400میل,https://www.khanoumi.com/products/comeon--moisturizing--oily-b-complex-cream-22890,کرم و مرطوب‌کننده صورت,خیلی خوش بو و مرطوب کنندگی عالی داره واقعا از خانومی بابت ارسال به موقع و نظم خوبش ممنونم.. بعد از چندین تجربه بد از دیجی کالا و اسنپ شاپ واقعا خانومی همیشه خوب عمل میکنه بدون دیرکرد یا بی نظمی ... دم همتون تو بخش های مختلف گرم,0,true,2026-02-15T09:52:29.2233523+03:30,مثبت,0.79,مقایسه با رقبا | ارسال کالا | بو و رایحه | رضایت کلی,مقایسه با رقبا,,false,ندارد,false,
کرم مرطوب کننده مدل بی کمپلکس اویل پلاس 400میل,https://www.khanoumi.com/products/comeon--moisturizing--oily-b-complex-cream-22890,کرم و مرطوب‌کننده صورت,بعد زدنش روی پوست خیلی احساس خنکی میده و نسبت ب حجمش خیلی ب صرفه هست,0,true,2026-01-30T14:55:44.4476417+03:30,خنثی,0.35,تجربه محصول,تجربه محصول,,false,ندارد,false,
کرم مرطوب کننده مدل بی کمپلکس اویل پلاس 400میل,https://www.khanoumi.com/products/comeon--moisturizing--oily-b-complex-cream-22890,کرم و مرطوب‌کننده صورت,خیلی خوبه آبرسلنی خوبی داره بوشم خوبه,0,true,2025-12-29T12:01:19.3708842+03:30,مثبت,0.91,رضایت کلی,رضایت کلی,,false,ندارد,false,
کرم مرطوب کننده مدل بی کمپلکس اویل پلاس 400میل,https://www.khanoumi.com/products/comeon--moisturizing--oily-b-complex-cream-22890,کرم و مرطوب‌کننده صورت,خیلی خوب و عالی،،منکه راضیم هم جذب خوبی داره هم چسبناک نیست هم بوی ملایم و خوبی داره و هم سنگین نیست,0,true,2025-12-28T22:16:41.4279063+03:30,مثبت,0.95,رضایت کلی | بافت محصول | بو و رایحه,بافت محصول,,false,ندارد,false,
کرم مرطوب کننده مدل بی کمپلکس اویل پلاس 400میل,https://www.khanoumi.com/products/comeon--moisturizing--oily-b-complex-cream-22890,کرم و مرطوب‌کننده صورت,عالیه من که راضیم خرید دوم هستش,0,true,2025-12-12T08:43:31.6164456+03:30,مثبت,0.95,رضایت کلی,رضایت کلی,,false,ندارد,false,
کرم مرطوب کننده مدل بی کمپلکس اویل پلاس 400میل,https://www.khanoumi.com/products/comeon--moisturizing--oily-b-complex-cream-22890,کرم و مرطوب‌کننده صورت,"بوی خوبی داره‌ و پوستو‌ حسابی نرم‌ میکنه 
ماندگاریشم‌ خیلی خوبه",0,true,2025-12-05T09:06:42.4260227+03:30,مثبت,0.79,ماندگاری | رضایت کلی | بو و رایحه,بو و رایحه,,false,ندارد,false,
کرم مرطوب کننده مدل بی کمپلکس اویل پلاس 400میل,https://www.khanoumi.com/products/comeon--moisturizing--oily-b-complex-cream-22890,کرم و مرطوب‌کننده صورت,واقعا پوست رو نرم و لطیف میکنه و از خشکی پوست جلوگیری میکنه و بوی خوب و حجم مناسبی داره,0,true,2025-12-03T09:20:14.4236549+03:30,مثبت,0.67,حجم و مقدار | بو و رایحه | حساسیت و واکنش پوست/مو,حساسیت و واکنش پوست/مو,,false,ندارد,false,
کرم مرطوب کننده مدل بی کمپلکس اویل پلاس 400میل,https://www.khanoumi.com/products/comeon--moisturizing--oily-b-complex-cream-22890,کرم و مرطوب‌کننده صورت,بار پنجمه که میخرم خیلی خوبه فقط اینبار که فرستاده بودن اون بخش آبی که برند کامان خورده پر رنگ تر از همیشه هستش و فرق داره,0,true,2025-11-26T10:12:32.5063287+03:30,مثبت,0.79,رضایت کلی | رنگ و شید,رنگ و شید,,false,ندارد,false,
کرم مرطوب کننده مدل بی کمپلکس اویل پلاس 400میل,https://www.khanoumi.com/products/comeon--moisturizing--oily-b-complex-cream-22890,کرم و مرطوب‌کننده صورت,من پوستم خیلی خشکه دستام اگزماهم داره عالی بودممنون,0,true,2025-10-17T20:34:01.8364789+03:30,مثبت,0.91,رضایت کلی,رضایت کلی,,false,ندارد,false,
کرم مرطوب کننده مدل بی کمپلکس اویل پلاس 400میل,https://www.khanoumi.com/products/comeon--moisturizing--oily-b-complex-cream-22890,کرم و مرطوب‌کننده صورت,عالیه پوست دستم رو رسن وگوشه ناخنم رو مرتب و نرم میکنه ولک های دیتم کمرنگ ترشده,0,true,2025-10-15T10:31:11.4305882+03:30,مثبت,0.79,رضایت کلی,رضایت کلی,,false,ندارد,false,
کرم مرطوب کننده مدل بی کمپلکس اویل پلاس 400میل,https://www.khanoumi.com/products/comeon--moisturizing--oily-b-complex-cream-22890,کرم و مرطوب‌کننده صورت,به عنوان مرطوب کننده استفاده میکنم حجم خوبی داره و عارضه ای نداشته درکل راضیم,0,true,2025-10-11T14:10:40.9207685+03:30,منفی,0.79,حجم و مقدار | تجربه محصول | رضایت کلی,حجم و مقدار,حجم و مقدار,true,پایین,false,
کرم مرطوب کننده مدل بی کمپلکس اویل پلاس 400میل,https://www.khanoumi.com/products/comeon--moisturizing--oily-b-complex-cream-22890,کرم و مرطوب‌کننده صورت,من انقدر ازین کرم راضی ام ک فکر کنم 20مین باره ک میخرم،سبک و زودجذب و حجم بالا، و برای دست و صورت و بدن استفاده میکنم و راضی ام,0,true,2025-09-16T17:04:04.6430774+03:30,مثبت,0.95,رضایت کلی | حجم و مقدار | تجربه محصول,حجم و مقدار,,false,ندارد,false,
کرم مرطوب کننده مدل بی کمپلکس اویل پلاس 400میل,https://www.khanoumi.com/products/comeon--moisturizing--oily-b-complex-cream-22890,کرم و مرطوب‌کننده صورت,من واسه دستم استفاده میکنم واقعا عالیه، پوستو کاملا آبرسانی میکنه و مرطوب نگه میداره.,0,true,2025-09-10T11:11:25.1682359+03:30,مثبت,0.79,رضایت کلی | تجربه محصول,تجربه محصول,,false,ندارد,false,
کرم مرطوب کننده مدل بی کمپلکس اویل پلاس 400میل,https://www.khanoumi.com/products/comeon--moisturizing--oily-b-complex-cream-22890,کرم و مرطوب‌کننده صورت,من چند روز پیش سفارش دادم با شانس یکی بخر دو تا ببر دوتا تحویل گرفتم,0,true,2025-09-08T17:37:49.2614188+03:30,خنثی,0.35,تجربه محصول | ارسال کالا,ارسال کالا,,false,ندارد,false,
کرم مرطوب کننده مدل بی کمپلکس اویل پلاس 400میل,https://www.khanoumi.com/products/comeon--moisturizing--oily-b-complex-cream-22890,کرم و مرطوب‌کننده صورت,"من اولین باره سفارش دادم این محصولو اونم با اف 50درصدی واقعا عالیه هم پوستمو حسابی لطیف و سرحال میکنه هم آرایشم رو صورتم خوب میخابه
اینم بگم از محصولا دیگه کامان برا پوستم استفاده کردم واقعا عالین برا پوست من",0,true,2025-08-28T18:06:06.8842557+00:00,مثبت,0.95,تجربه محصول | رضایت کلی,تجربه محصول,,false,ندارد,false,
کرم مرطوب کننده مدل بی کمپلکس اویل پلاس 400میل,https://www.khanoumi.com/products/comeon--moisturizing--oily-b-complex-cream-22890,کرم و مرطوب‌کننده صورت,من راضیم خوبه,0,true,2025-08-26T10:28:03.0813159+00:00,مثبت,0.91,رضایت کلی,رضایت کلی,,false,ندارد,false,
کرم مرطوب کننده مدل بی کمپلکس اویل پلاس 400میل,https://www.khanoumi.com/products/comeon--moisturizing--oily-b-complex-cream-22890,کرم و مرطوب‌کننده صورت,به نظرم عالی بود و بوی خیلی قشنگی داره، حتما پیشنهاد میکنم بخرید,0,true,2025-06-30T20:10:46.2579944+00:00,مثبت,0.91,پیشنهاد به دیگران | رضایت کلی | بو و رایحه,بو و رایحه,,false,ندارد,false,
کرم مرطوب کننده مدل بی کمپلکس اویل پلاس 400میل,https://www.khanoumi.com/products/comeon--moisturizing--oily-b-complex-cream-22890,کرم و مرطوب‌کننده صورت,توی تخفیف خریدم.. واقعا کرم خوبیه,0,true,2025-06-29T12:51:10.6351362+00:00,خنثی,0.35,تخفیف | تجربه محصول,تخفیف,,false,ندارد,false,
کرم مرطوب کننده مدل بی کمپلکس اویل پلاس 400میل,https://www.khanoumi.com/products/comeon--moisturizing--oily-b-complex-cream-22890,کرم و مرطوب‌کننده صورت,خیلی خوب بود,0,true,2025-06-21T21:01:06.3181272+00:00,مثبت,0.91,رضایت کلی,رضایت کلی,,false,ندارد,false,
کرم مرطوب کننده مدل بی کمپلکس اویل پلاس 400میل,https://www.khanoumi.com/products/comeon--moisturizing--oily-b-complex-cream-22890,کرم و مرطوب‌کننده صورت,من این محصول رو خریدم در تخفیفات خیلی قیمتش عالی بود و حجمش خیلی زیاد بود,0,true,2025-06-19T13:42:36.9063668+00:00,مثبت,0.79,تخفیف | تجربه محصول | رضایت کلی,تخفیف,,false,ندارد,false,
کرم مرطوب کننده مدل بی کمپلکس اویل پلاس 400میل,https://www.khanoumi.com/products/comeon--moisturizing--oily-b-complex-cream-22890,کرم و مرطوب‌کننده صورت,اولین باره خرید کردم راضیم از کیفیتش,0,true,2025-06-14T20:17:48.6046264+00:00,مثبت,0.79,کیفیت محصول | رضایت کلی,کیفیت محصول,,false,ندارد,false,
کرم مرطوب کننده مدل بی کمپلکس اویل پلاس 400میل,https://www.khanoumi.com/products/comeon--moisturizing--oily-b-complex-cream-22890,کرم و مرطوب‌کننده صورت,درسته حجمش نسبت به قیمتش خوبه ولی واقعاً بوی خوبی نداره کیفیت هم کاملا معمولی,0,true,2025-06-14T13:23:15.518527+00:00,مثبت,0.67,کیفیت محصول | بو و رایحه | نارضایتی کلی,کیفیت محصول,,false,ندارد,false,
کرم مرطوب کننده مدل بی کمپلکس اویل پلاس 400میل,https://www.khanoumi.com/products/comeon--moisturizing--oily-b-complex-cream-22890,کرم و مرطوب‌کننده صورت,"خیلی عالیه
فقط تا میریم توی تخفیف بخریم سریع بر میگرده به قیمت قبل",0,true,2025-06-09T21:08:05.2274896+00:00,مثبت,0.79,تخفیف | رضایت کلی | قیمت,تخفیف,,false,ندارد,false,
کرم مرطوب کننده مدل بی کمپلکس اویل پلاس 400میل,https://www.khanoumi.com/products/comeon--moisturizing--oily-b-complex-cream-22890,کرم و مرطوب‌کننده صورت,حجمش زیاده و سبک ، آبرسان خوبیه ، پیشنهاد میکنم چون واقعا به صرفه س و کیفیت خوبی داره,0,true,2025-06-09T14:31:24.480381+00:00,مثبت,0.79,پیشنهاد به دیگران | کیفیت محصول | قیمت,قیمت,,false,ندارد,false,
کرم مرطوب کننده مدل بی کمپلکس اویل پلاس 400میل,https://www.khanoumi.com/products/comeon--moisturizing--oily-b-complex-cream-22890,کرم و مرطوب‌کننده صورت,حجمش خیلی خوبو زیاد بود و به شدت بوی خوبی داری و ماندگاری و مرطوب سازی طولانس مدت داره,0,true,2025-04-01T13:27:58.459425+00:00,مثبت,0.67,ماندگاری | بو و رایحه | رضایت کلی,بو و رایحه,,false,ندارد,false,
کرم مرطوب کننده مدل بی کمپلکس اویل پلاس 400میل,https://www.khanoumi.com/products/comeon--moisturizing--oily-b-complex-cream-22890,کرم و مرطوب‌کننده صورت,خیلییییی خوب بود بود من تو تخفیف خریدم فکر نمیکردم حجمش انقدر زیاد باشه,0,true,2025-03-13T01:05:47.1497689+00:00,مثبت,0.91,تخفیف | تجربه محصول | رضایت کلی,تخفیف,,false,ندارد,false,
کرم مرطوب کننده مدل بی کمپلکس اویل پلاس 400میل,https://www.khanoumi.com/products/comeon--moisturizing--oily-b-complex-cream-22890,کرم و مرطوب‌کننده صورت,سبک و عالی,0,true,2025-03-07T10:59:36.0257363+00:00,مثبت,0.67,رضایت کلی,رضایت کلی,,false,ندارد,false,
کرم مرطوب کننده مدل بی کمپلکس اویل پلاس 400میل,https://www.khanoumi.com/products/comeon--moisturizing--oily-b-complex-cream-22890,کرم و مرطوب‌کننده صورت,بهترین مرطوب کننده دنیا من پوستم چرب هست وقتی ک میزنم اصلا دست و صورتم چرب نمیکنه یه مرطوب کنندگی خیلی خوب ب پوست میده بوش هم ک معرکه,0,true,2025-01-25T03:58:45.5468961+00:00,مثبت,0.91,رضایت کلی | بو و رایحه,بو و رایحه,,false,ندارد,false,
کرم مرطوب کننده مدل بی کمپلکس اویل پلاس 400میل,https://www.khanoumi.com/products/comeon--moisturizing--oily-b-complex-cream-22890,کرم و مرطوب‌کننده صورت,عالیه عطر معرکه ای داره,0,true,2025-01-13T02:25:56.2548353+00:00,مثبت,0.79,رضایت کلی,رضایت کلی,,false,ندارد,false,
کرم مرطوب کننده مدل بی کمپلکس اویل پلاس 400میل,https://www.khanoumi.com/products/comeon--moisturizing--oily-b-complex-cream-22890,کرم و مرطوب‌کننده صورت,"آبـــرسانیش بــرا پــوست صــورت مــن ک خشـــک و حســاسه عالـــیه
بـــوی ملایــم و عالــی داره
بافــت نــرم و سبــکی داره
زود جــذب میــشه
بــراق نمیکنــه
در کــل عالــیه",0,true,2024-12-04T11:41:47.3075577+00:00,خنثی,0.35,تجربه محصول,تجربه محصول,,false,ندارد,false,
کرم مرطوب کننده مدل بی کمپلکس اویل پلاس 400میل,https://www.khanoumi.com/products/comeon--moisturizing--oily-b-complex-cream-22890,کرم و مرطوب‌کننده صورت,من هرشب بدنم رو با این مرطوب نگه میدارم پوستم واقعا نفس میکشه اصلا چرب نمیکنه و حالت روغنی نداره مرطوب کننده خیلی خوبیه برای بدن,0,true,2024-11-28T11:26:49.7877792+00:00,مثبت,0.67,رضایت کلی,رضایت کلی,,false,ندارد,false,
کرم مرطوب کننده مدل بی کمپلکس اویل پلاس 400میل,https://www.khanoumi.com/products/comeon--moisturizing--oily-b-complex-cream-22890,کرم و مرطوب‌کننده صورت,سلام کرم خوب وخوش بویی هست حجمش هم بالاست ,0,true,2024-09-14T13:12:46+00:00,مثبت,0.67,رضایت کلی,رضایت کلی,,false,ندارد,false,
کرم مرطوب کننده مدل بی کمپلکس اویل پلاس 400میل,https://www.khanoumi.com/products/comeon--moisturizing--oily-b-complex-cream-22890,کرم و مرطوب‌کننده صورت,"عالی
خالم استفاده میکرد و بهم پیشنهاد داد
من توی یکسال نزدیک سه تا ازش رو استفاده کردم کاملا راضی بودم
حتی برای پوست صورت هم مناسبه و مصرف میکنم
توی خریدش شک نکنید
ممنون از خانومی ، بسته بندی عالی بود و سلفون دورش پیچیده بودن که کاملا سالم به دستم رسید و نشتی نداشت",0,true,2024-05-30T13:27:12+00:00,مثبت,0.95,بسته‌بندی | رضایت کلی | تجربه محصول | ارسال کالا | سؤال و ابهام,ارسال کالا,,false,ندارد,false,
کرم مرطوب کننده مدل بی کمپلکس اویل پلاس 400میل,https://www.khanoumi.com/products/comeon--moisturizing--oily-b-complex-cream-22890,کرم و مرطوب‌کننده صورت,موجود کنید دیگه .اوووه,0,true,2024-02-25T16:12:18+00:00,خنثی,0.35,موجودی کالا,موجودی کالا,,false,ندارد,false,
کرم مرطوب کننده بی کمپلکس اویل فری 400میل,https://www.khanoumi.com/products/comeon--moisturizing--oilfree-b-complex-cream-22891,کرم و مرطوب‌کننده صورت,نداریم رو دستش، فوق العادس. فوق سبک و زود جذب,0,true,2026-07-11T01:54:23.9289272+03:30,خنثی,0.35,رضایت کلی,رضایت کلی,,false,ندارد,false,
کرم مرطوب کننده بی کمپلکس اویل فری 400میل,https://www.khanoumi.com/products/comeon--moisturizing--oilfree-b-complex-cream-22891,کرم و مرطوب‌کننده صورت,"فکر کنم 10ساله که تنها کرمی که به صورتم میزنم و سازگاره همینه
واقعا عالیه
قیمتش هم خوبه",0,true,2026-05-20T20:50:51.0888505+03:30,مثبت,0.91,رضایت کلی | بافت محصول,بافت محصول,,false,ندارد,false,
کرم مرطوب کننده بی کمپلکس اویل فری 400میل,https://www.khanoumi.com/products/comeon--moisturizing--oilfree-b-complex-cream-22891,کرم و مرطوب‌کننده صورت,بوش مردونست، خوشم میاد. اگه یه شوینده صورت غیرصابونی تهیه کنید و بعدش استفاده کنید قشنگ آبرسانی میکنه و چروک های سطحی پوست کم میشه. در کنارش محصولاتی رتینولی و ضد آفتاب روتین خوبی میشه برا پوست.,0,true,2026-04-14T19:06:46.4944165+03:30,خنثی,0.35,ترکیبات | بو و رایحه | تجربه محصول,بو و رایحه,,false,ندارد,false,
کرم مرطوب کننده بی کمپلکس اویل فری 400میل,https://www.khanoumi.com/products/comeon--moisturizing--oilfree-b-complex-cream-22891,کرم و مرطوب‌کننده صورت,برای پوست چرب من عالیه اصلا حساسیت زا نیست سالهاست استفاده میکنم,0,true,2025-09-23T13:30:36.6385025+03:30,مثبت,0.91,حساسیت و واکنش پوست/مو | رضایت کلی | تجربه محصول | نیاز به مشاوره,حساسیت و واکنش پوست/مو,حساسیت و واکنش پوست/مو,true,بالا,false,
کرم مرطوب کننده بی کمپلکس اویل فری 400میل,https://www.khanoumi.com/products/comeon--moisturizing--oilfree-b-complex-cream-22891,کرم و مرطوب‌کننده صورت,خیلی خیلی عالیه، ممنونم از خانومی,0,true,2024-09-08T11:27:41+00:00,مثبت,0.91,رضایت کلی,رضایت کلی,,false,ندارد,false,
کرم مرطوب کننده بی کمپلکس اویل فری 400میل,https://www.khanoumi.com/products/comeon--moisturizing--oilfree-b-complex-cream-22891,کرم و مرطوب‌کننده صورت,"به نسبت حجم و میزان اثر گذاریش ، محصول به صرفه و مناسبیه . من در کنار بمب آبرسان بنفش از همین برند ازش استفاده میکنم و عملکردش برام رضایت بخش بود . 
بوی عطری زیادی داره ولی من عطرشو میپسندم 
یکم طول میکشه تا حالت چسبندگیش از بین بره 
در کل راضی بودم . عااالی نه ولی خوبه . ",0,true,2024-04-14T15:56:58+00:00,مثبت,0.91,تجربه محصول | حجم و مقدار | قیمت | بو و رایحه | رضایت کلی,قیمت,,false,ندارد,false,
کرم مرطوب کننده بی کمپلکس اویل فری 400میل,https://www.khanoumi.com/products/comeon--moisturizing--oilfree-b-complex-cream-22891,کرم و مرطوب‌کننده صورت,خیلی این کرومو دوست دارم ما سه تا خواهریم و ی پوست خشک ی چرب و منم که مختلطم من و خواهرم که بوستای چرب و مختلط داریم خیلی جوش میزنیم ولی با این خیلی احتمالش کمه در حالی که خییلیم خوب ابرسانی میکنه و مرطوب میکنه و اون خواهرم که پوستش انقدر خشکه تاحالا حتی یدونه جوشم تجربه نکرده 😂این تنها کرمیه که کاملا پوستشو نرم و مرطوب میکنه عالیه به نظرم برای هرنوع پوستی ,0,true,2023-09-09T11:32:24+00:00,مثبت,0.91,رضایت کلی | حساسیت و واکنش پوست/مو,حساسیت و واکنش پوست/مو,,false,ندارد,false,
کرم مرطوب کننده بی کمپلکس اویل فری 400میل,https://www.khanoumi.com/products/comeon--moisturizing--oilfree-b-complex-cream-22891,کرم و مرطوب‌کننده صورت,خیلی خوبهههه من اصلا واسه خریدش تحقیق نکردم چون قبلاً مدل تیوپی ش رو خریده بودم اول فقط من استفاده میکردم ولی بعد آنقدر خوب بود 3 تایی استفاده میکردیم برای همین تصمیم گرفتیم که بزرگش رو بگیریم و این هم عالییی بود البته اولش چون سفت بود و هوا سرد بود انگار سفت شده بود و نمیومد ولی بعدش عالییی شد,1,true,2023-01-22T18:30:51+00:00,مثبت,0.95,رضایت کلی | بافت محصول,بافت محصول,,false,ندارد,false,
کرم مرطوب کننده بی کمپلکس اویل فری 400میل,https://www.khanoumi.com/products/comeon--moisturizing--oilfree-b-complex-cream-22891,کرم و مرطوب‌کننده صورت,عالیهههه بوش خیلی خوبه و اصلا چرب نمیکنه پوستو. زود جذب میشه و بعد استفاده پوست خیلی لطیف و روشن میشه😍,20,true,2020-09-29T01:06:38+00:00,مثبت,0.95,رضایت کلی | بو و رایحه,بو و رایحه,,false,ندارد,false,
کرم مرطوب کننده بی کمپلکس اویل فری 400میل,https://www.khanoumi.com/products/comeon--moisturizing--oilfree-b-complex-cream-22891,کرم و مرطوب‌کننده صورت,عالیه.من از این کرم برای پوست چرب دوتا کاسه ای و دوتا پمپیشو تموم کردم و بازم شارژش میکنم.عالیه ,1,true,2020-08-26T15:18:02+00:00,مثبت,0.95,رضایت کلی | نیاز به مشاوره,نیاز به مشاوره,,false,ندارد,false,
کرم مرطوب کننده بی کمپلکس اویل فری 400میل,https://www.khanoumi.com/products/comeon--moisturizing--oilfree-b-complex-cream-22891,کرم و مرطوب‌کننده صورت,بوشو اصلا دوست نداشتم.باهاش جوش زدم ,1,true,2020-08-10T22:23:54+00:00,خنثی,0.35,حساسیت و واکنش پوست/مو,حساسیت و واکنش پوست/مو,,false,ندارد,false,
کرم مرطوب کننده بی کمپلکس اویل فری 400میل,https://www.khanoumi.com/products/comeon--moisturizing--oilfree-b-complex-cream-22891,کرم و مرطوب‌کننده صورت,بی نظیره کرمش پیشنهاد میکنم ,9,true,2020-04-23T12:51:27+00:00,مثبت,0.67,پیشنهاد به دیگران,پیشنهاد به دیگران,,false,ندارد,false,
کرم مرطوب کننده بی کمپلکس اویل فری 400میل,https://www.khanoumi.com/products/comeon--moisturizing--oilfree-b-complex-cream-22891,کرم و مرطوب‌کننده صورت,من این محصول رو برای بار سوم شارژ میکنم خیلی نرم و خوب میکنه پوستو,10,true,2020-04-03T12:11:14+00:00,مثبت,0.67,تجربه محصول | موجودی کالا,موجودی کالا,,false,ندارد,false,
کرم مرطوب کننده بی کمپلکس اویل فری 400میل,https://www.khanoumi.com/products/comeon--moisturizing--oilfree-b-complex-cream-22891,کرم و مرطوب‌کننده صورت,خیلی عالی و بصرفه,10,true,2020-02-22T18:11:02+00:00,مثبت,0.67,رضایت کلی,رضایت کلی,,false,ندارد,false,
کرم مرطوب کننده بی کمپلکس اویل فری 400میل,https://www.khanoumi.com/products/comeon--moisturizing--oilfree-b-complex-cream-22891,کرم و مرطوب‌کننده صورت,كرم فري اويل كامان بسيار نرم و خوشبو هست و اصلا چربي روي پوست نميمونه,11,true,2019-10-23T14:31:32+00:00,خنثی,0.35,بو و رایحه | تجربه محصول,بو و رایحه,,false,ندارد,false,
کرم مرطوب کننده بی کمپلکس اویل فری 400میل,https://www.khanoumi.com/products/comeon--moisturizing--oilfree-b-complex-cream-22891,کرم و مرطوب‌کننده صورت,تما محصولات کامان عالی هستن مرطوب کننده پمپی بی نظیره ,4,true,2019-10-21T16:29:39+00:00,مثبت,0.67,تجربه محصول | رضایت کلی,تجربه محصول,,false,ندارد,false,
کرم مرطوب کننده بی کمپلکس اویل فری 400میل,https://www.khanoumi.com/products/comeon--moisturizing--oilfree-b-complex-cream-22891,کرم و مرطوب‌کننده صورت,زود جذبه حالت چرب نداره و مقرون بصرفه ست ,4,true,2019-10-21T13:52:02+00:00,خنثی,0.35,تجربه محصول,تجربه محصول,,false,ندارد,false,
کرم مرطوب کننده بی کمپلکس اویل فری 400میل,https://www.khanoumi.com/products/comeon--moisturizing--oilfree-b-complex-cream-22891,کرم و مرطوب‌کننده صورت,عالیه من‌واقعا ازش راضیم تا مدت طولانی‌ پوست منو‌مرطوب‌نگه میداره بدون‌اینکه جوش بزنم و‌بدون‌اینکه احساس خفگی روی‌پوستم‌ بکنم,5,true,2019-09-12T09:22:34+00:00,مثبت,0.95,رضایت کلی | حساسیت و واکنش پوست/مو,حساسیت و واکنش پوست/مو,,false,ندارد,false,
کرم مرطوب کننده بی کمپلکس اویل فری 400میل,https://www.khanoumi.com/products/comeon--moisturizing--oilfree-b-complex-cream-22891,کرم و مرطوب‌کننده صورت,کرم خوبیه ولی داروخونه اینو ارزان تر میده نمیدونم چرا تو سایت گرونتره؟ که تازه هزینه ارسال هم حساب کنیم اصلا نمیصرفه,49,true,2019-03-24T16:34:10+00:00,خنثی,0.35,ارسال کالا | قیمت | سایت و اپلیکیشن,ارسال کالا,,false,ندارد,false,
کرم مرطوب کننده بی کمپلکس اویل فری 400میل,https://www.khanoumi.com/products/comeon--moisturizing--oilfree-b-complex-cream-22891,کرم و مرطوب‌کننده صورت,چه زود  تموم شد ،شارژ کنید لطفا,6,true,2019-03-02T10:28:01.5833333+00:00,خنثی,0.35,موجودی کالا | ماندگاری,موجودی کالا,موجودی کالا,true,متوسط,false,
کرم مرطوب کننده مدل بی کمپلکس اویل پلاس 400میل,https://www.khanoumi.com/products/comeon--moisturizing--oily-b-complex-cream-22890,کرم و مرطوب‌کننده صورت,جز بهتریناس 😍,0,true,2023-07-03T10:30:21+00:00,مثبت,0.67,رضایت کلی,رضایت کلی,,false,ندارد,false,
کرم مرطوب کننده مدل بی کمپلکس اویل پلاس 400میل,https://www.khanoumi.com/products/comeon--moisturizing--oily-b-complex-cream-22890,کرم و مرطوب‌کننده صورت,عالیه کرمش،همیشه برای دست ازش استفاده میکنیم خانوادگی،،چون پوستم چربه به صورتم نمیزنم,1,true,2022-10-06T14:24:46+00:00,مثبت,0.79,رضایت کلی,رضایت کلی,,false,ندارد,false,
کرم مرطوب کننده مدل بی کمپلکس اویل پلاس 400میل,https://www.khanoumi.com/products/comeon--moisturizing--oily-b-complex-cream-22890,کرم و مرطوب‌کننده صورت,ما خانوادگی پوست خشکی داریم و همیشه این کرم و تهیه میکنیم همگی راضی هستیم حجم بالایی ام داره راحت 2 ماه جواب کل خانواده رو میده,31,true,2020-09-12T11:43:59+00:00,مثبت,0.67,حجم و مقدار,حجم و مقدار,,false,ندارد,false,
کرم مرطوب کننده مدل بی کمپلکس اویل پلاس 400میل,https://www.khanoumi.com/products/comeon--moisturizing--oily-b-complex-cream-22890,کرم و مرطوب‌کننده صورت,بسیار عالی، در کنترل خشکی ناشی از پسوریازیس بسیار بسیار موثر است,39,true,2020-06-27T08:04:10+00:00,مثبت,0.67,رضایت کلی,رضایت کلی,,false,ندارد,false,
کرم مرطوب کننده مدل بی کمپلکس اویل پلاس 400میل,https://www.khanoumi.com/products/comeon--moisturizing--oily-b-complex-cream-22890,کرم و مرطوب‌کننده صورت,به جرات میتونم بگم جزو بهترین مرطوب کننده ها هستش و من بازهم میخوام ازش سفارش بدم ,8,true,2020-01-17T17:06:11+00:00,مثبت,0.67,رضایت کلی,رضایت کلی,,false,ندارد,false,
کرم مرطوب کننده مدل بی کمپلکس اویل پلاس 400میل,https://www.khanoumi.com/products/comeon--moisturizing--oily-b-complex-cream-22890,کرم و مرطوب‌کننده صورت,این مدل اویل فری باعث جوش زدن میشه؟,2,true,2019-11-07T19:14:30+00:00,خنثی,0.35,حساسیت و واکنش پوست/مو,حساسیت و واکنش پوست/مو,,false,ندارد,false,
کرم مرطوب کننده مدل بی کمپلکس اویل پلاس 400میل,https://www.khanoumi.com/products/comeon--moisturizing--oily-b-complex-cream-22890,کرم و مرطوب‌کننده صورت,از خانمی سفارشش دادم.بوش معرکه است و ازش راضیم تعریفاتی ازش میشه حقشه واقعا! فقط نمیدونم غلظت مدل کاسه ای و پمپی با هم فرق داره یا نداره؟,12,true,2019-04-18T22:29:26.5166667+00:00,مثبت,0.79,بافت محصول | بو و رایحه | رضایت کلی,بافت محصول,,false,ندارد,false,
کرم شیر احیا کننده بدن,https://www.khanoumi.com/products/echos-aqua-marina-body-milk-22923,کرم و مرطوب‌کننده صورت,برای سلولیت خوبه؟! ,2,true,2019-12-02T14:24:31+00:00,مثبت,0.67,رضایت کلی,رضایت کلی,,false,ندارد,false,
کرم شیر احیا کننده بدن,https://www.khanoumi.com/products/echos-aqua-marina-body-milk-22923,کرم و مرطوب‌کننده صورت,"من این محصول رو در تخفیف از خانمی خریدم و راضی هستم
پوست رو چرب نمی‌کنه و بوی خیلی خوبی داره",5,true,2019-11-20T20:36:54+00:00,خنثی,0.35,تخفیف | تجربه محصول | بو و رایحه | رضایت کلی,تخفیف,,false,ندارد,false,
ماسک مو ضدزردی 500میلی لیتر,https://www.khanoumi.com/products/echos-anti-yellow-mask-22926,نرم‌کننده و ماسک مو,من گرفتم خیلی راضی بودم ازش ,1,true,2020-01-24T14:40:51+00:00,مثبت,0.67,تجربه محصول,تجربه محصول,,false,ندارد,false,
ادوپرفیوم مردانه گلادیاتور 100 میلی لیتر,https://www.khanoumi.com/products/jacsaf-perfume-22928,عطر و ادکلن,نسبت به قیمت فوق العاده بود,0,true,2026-05-17T16:23:49.4829179+03:30,مثبت,0.67,قیمت | رضایت کلی,قیمت,,false,ندارد,false,
ادوپرفیوم مردانه گلادیاتور 100 میلی لیتر,https://www.khanoumi.com/products/jacsaf-perfume-22928,عطر و ادکلن,ماندگاری خوب . پخش بو متوسط . درکل بوشم که تِق هرمس فوق العادست,0,true,2026-04-06T00:55:31.6484824+03:30,مثبت,0.67,ماندگاری | رضایت کلی | بو و رایحه,بو و رایحه,,false,ندارد,false,
ادوپرفیوم مردانه گلادیاتور 100 میلی لیتر,https://www.khanoumi.com/products/jacsaf-perfume-22928,عطر و ادکلن,ماندگاری اصل نداره. مفتم ارزونه,0,true,2025-03-14T08:14:08.2577676+00:00,خنثی,0.35,ماندگاری | قیمت | اصالت کالا,اصالت کالا,,false,ندارد,false,
ادوپرفیوم مردانه گلادیاتور 100 میلی لیتر,https://www.khanoumi.com/products/jacsaf-perfume-22928,عطر و ادکلن,واقعا عالی بابام خیلی خوشش اومد بیشتر سلیقه اییه زیاد بوی چوب هم نمیداد,0,true,2024-12-31T10:19:54.3036024+00:00,مثبت,0.67,بو و رایحه | رضایت کلی,بو و رایحه,,false,ندارد,false,
ادوپرفیوم مردانه گلادیاتور 100 میلی لیتر,https://www.khanoumi.com/products/jacsaf-perfume-22928,عطر و ادکلن,خیلی خوشم نیومد رایحه تندی داره,0,true,2024-12-25T20:38:58.4904209+00:00,خنثی,0.35,بو و رایحه,بو و رایحه,,false,ندارد,false,
ادوپرفیوم مردانه گلادیاتور 100 میلی لیتر,https://www.khanoumi.com/products/jacsaf-perfume-22928,عطر و ادکلن,برای همسرم خریدم خیلی خوش بو‌ هست. و نسبت به قیمتش ماندگاریش خوبه در کل به نسبت قیمت راضیم,0,true,2024-11-29T15:08:26.2689658+00:00,مثبت,0.91,ماندگاری | قیمت | بو و رایحه | تجربه محصول | رضایت کلی,قیمت,,false,ندارد,false,
ادوپرفیوم مردانه گلادیاتور 100 میلی لیتر,https://www.khanoumi.com/products/jacsaf-perfume-22928,عطر و ادکلن,بسیار خوشبو و ماندگاریش هم خوبه. من هفته پیش سفارش دادم و موجود بود,0,true,2024-10-25T06:53:56.4696829+00:00,مثبت,0.67,ماندگاری | بو و رایحه | موجودی کالا | تجربه محصول,موجودی کالا,,false,ندارد,false,
ادوپرفیوم مردانه دارک ماسک 100میلی لیتر,https://www.khanoumi.com/products/jacsaf-perfume-22932,عطر و ادکلن,ماندگاری خیلی زیاد تا چند روز روی لباس میمونه،حتی بعداز شستن، خوشبو با پخش زیاد,0,true,2026-04-24T01:44:20.9332801+03:30,خنثی,0.35,ماندگاری | بو و رایحه,بو و رایحه,,false,ندارد,false,
ادوپرفیوم مردانه دارک ماسک 100میلی لیتر,https://www.khanoumi.com/products/jacsaf-perfume-22932,عطر و ادکلن,دارای الکل بسیار و باعث سر درد میشه پیشنهاد نمیکنم اصلا ماندگاری نداره,0,true,2025-01-12T06:44:34.9160246+00:00,خنثی,0.35,ماندگاری,ماندگاری,,false,ندارد,false,
ادوپرفیوم مردانه دارک ماسک 100میلی لیتر,https://www.khanoumi.com/products/jacsaf-perfume-22932,عطر و ادکلن,عالیه فوق العادس چندین ساله استفاده دارم.ماندگاری فوق العاده,0,true,2024-10-24T14:18:48.3385876+00:00,مثبت,0.91,رضایت کلی | ماندگاری,ماندگاری,,false,ندارد,false,
ادوپرفيوم مردانه  اف 713 ميلی لیتر  ژک ساف,https://www.khanoumi.com/products/jacsaf-perfume-22936,عطر و ادکلن,بوی عالی,0,true,2025-10-28T16:53:02.3596762+03:30,مثبت,0.67,بو و رایحه | رضایت کلی,بو و رایحه,,false,ندارد,false,
ادوپرفيوم مردانه  اف 713 ميلی لیتر  ژک ساف,https://www.khanoumi.com/products/jacsaf-perfume-22936,عطر و ادکلن,واقعا بوی عالی و ماندگاری به نسبت خوب,0,true,2025-05-12T08:37:45.3982757+00:00,مثبت,0.79,ماندگاری | بو و رایحه | رضایت کلی,بو و رایحه,,false,ندارد,false,
ادوپرفيوم مردانه  اف 713 ميلی لیتر  ژک ساف,https://www.khanoumi.com/products/jacsaf-perfume-22936,عطر و ادکلن,خیلی خیلی خیلی خوش بوعه,0,true,2025-03-27T13:18:46.3239646+00:00,خنثی,0.35,تجربه محصول,تجربه محصول,,false,ندارد,false,
ادوپرفيوم مردانه  اف 713 ميلی لیتر  ژک ساف,https://www.khanoumi.com/products/jacsaf-perfume-22936,عطر و ادکلن,خیلی بی کیفیت فقط بوی الکل میده,0,true,2025-02-24T11:08:09.5111996+00:00,منفی,0.67,کیفیت محصول | بو و رایحه,کیفیت محصول,کیفیت محصول | بو و رایحه,true,متوسط,false,
ادوپرفيوم مردانه  اف 713 ميلی لیتر  ژک ساف,https://www.khanoumi.com/products/jacsaf-perfume-22936,عطر و ادکلن,عالی بود اصل ماندگاری فوق العاده بالا و پخش بوی عالی و بوووووووی فوق العاده شک نکنید توی خریدش,0,true,2025-02-09T07:18:55.1613225+00:00,مثبت,0.95,رضایت کلی | ماندگاری | بو و رایحه | اصالت کالا,اصالت کالا,,false,ندارد,false,
ادوپرفيوم مردانه  اف 713 ميلی لیتر  ژک ساف,https://www.khanoumi.com/products/jacsaf-perfume-22936,عطر و ادکلن,اولش بوی تندی داره که اگه حساس هستید میتونه باعث سردرد بشه، ولی بعد که میمونه بهتر میشه، ماندگاری بالایی هم نداره,0,true,2025-01-31T06:04:54.766325+00:00,خنثی,0.35,ماندگاری | بو و رایحه,بو و رایحه,,false,ندارد,false,
ادوپرفیوم زنانه مدل Night Wish حجم 100میلی لیتر,https://www.khanoumi.com/products/jacsaf-perfume-22937,عطر و ادکلن,فوق العادسسسس,0,true,2026-06-19T02:24:47.8677474+03:30,خنثی,0.35,رضایت کلی,رضایت کلی,,false,ندارد,false,
ادوپرفیوم زنانه مدل Night Wish حجم 100میلی لیتر,https://www.khanoumi.com/products/jacsaf-perfume-22937,عطر و ادکلن,من یبار  سفارش دادم  خیلی راضی بودم  بوی خوب ماندگاری بالا و برای همین دوباره ک تخفیف  خورده بود خریدم  ولی اینبار بوی الکل میداد واصلا  بوی خوب قبلی رو نداشت,0,true,2025-05-18T18:15:41.5931879+00:00,مثبت,0.91,تخفیف | بو و رایحه | ماندگاری | تجربه محصول,تخفیف,,false,ندارد,false,
ادوپرفیوم زنانه مدل Night Wish حجم 100میلی لیتر,https://www.khanoumi.com/products/jacsaf-perfume-22937,عطر و ادکلن,هم بوی خوبی داره و هم به نسبت قیمتش ماندگاری خوبی هم داره.من برای دومین بار می‌خوام سفارش بدم,0,true,2025-03-14T08:45:14.1032612+00:00,خنثی,0.35,ماندگاری | بو و رایحه,بو و رایحه,,false,ندارد,false,
ادوپرفیوم زنانه مدل Night Wish حجم 100میلی لیتر,https://www.khanoumi.com/products/jacsaf-perfume-22937,عطر و ادکلن,بوی خوبی داره و ماندگاری متوسط,0,true,2025-03-08T02:12:59.1617879+00:00,خنثی,0.35,ماندگاری | بو و رایحه,بو و رایحه,,false,ندارد,false,
ادوپرفیوم زنانه مدل Night Wish حجم 100میلی لیتر,https://www.khanoumi.com/products/jacsaf-perfume-22937,عطر و ادکلن,من که به واقع پولم رو دورریختم، بسیار بدبو، بوی الکل می ده و آزار دهنده هست، توصیه می کنم به هیچ عنوان نخرید چون هم پولتون رو دور ریختید و هم باید خرید تون رو بندازید دور و برید سراغ یک خرید دیگه,0,true,2025-02-08T10:58:33.2591831+00:00,خنثی,0.35,بو و رایحه,بو و رایحه,,false,ندارد,false,
ادوپرفیوم زنانه مدل Night Wish حجم 100میلی لیتر,https://www.khanoumi.com/products/jacsaf-perfume-22937,عطر و ادکلن,این عطر بوی تندی داره و باعث سردرد میشه,0,true,2025-01-21T03:08:27.1431979+00:00,خنثی,0.35,بو و رایحه,بو و رایحه,,false,ندارد,false,
ادوپرفیوم زنانه مدل Night Wish حجم 100میلی لیتر,https://www.khanoumi.com/products/jacsaf-perfume-22937,عطر و ادکلن,فک کنم تمام کسایی که تعریف کردن سازنده و عوامل شزکت این ادکلن بدبو هستن. نه بوی خوبی داره نه ماندگاری,0,true,2025-01-20T19:23:44.082747+00:00,خنثی,0.35,ماندگاری | بو و رایحه,بو و رایحه,,false,ندارد,false,
ادوپرفیوم زنانه مدل Night Wish حجم 100میلی لیتر,https://www.khanoumi.com/products/jacsaf-perfume-22937,عطر و ادکلن,بوی خوب و ماندگاری قابل قبول,0,true,2024-12-13T20:07:29.855451+00:00,مثبت,0.67,ماندگاری | بو و رایحه,بو و رایحه,,false,ندارد,false,
ادوپرفیوم زنانه مدل Night Wish حجم 100میلی لیتر,https://www.khanoumi.com/products/jacsaf-perfume-22937,عطر و ادکلن,"عالی ، هر موقع زدمش و جایی رفتم همه خوششون اومده و ازم پرسیدن عطرت چیه 
ممنون از خانومی",0,true,2024-12-13T15:28:53.8484173+00:00,مثبت,0.79,رضایت کلی,رضایت کلی,,false,ندارد,false,
ادوپرفیوم زنانه مدل Night Wish حجم 100میلی لیتر,https://www.khanoumi.com/products/jacsaf-perfume-22937,عطر و ادکلن,ماندگاری بوی خوبی داره,0,true,2024-12-10T06:22:06.2620687+00:00,خنثی,0.35,ماندگاری | بو و رایحه,بو و رایحه,,false,ندارد,false,
ادوپرفیوم زنانه مدل Night Wish حجم 100میلی لیتر,https://www.khanoumi.com/products/jacsaf-perfume-22937,عطر و ادکلن,لطفا تخفیف بیشتر بزارید,0,true,2024-12-08T10:01:12.8716179+00:00,خنثی,0.35,تخفیف,تخفیف,,false,ندارد,false,
ادوپرفیوم زنانه مدل Night Wish حجم 100میلی لیتر,https://www.khanoumi.com/products/jacsaf-perfume-22937,عطر و ادکلن,"خیلی فوق العاده س 
ماندگاری بالا  عالیههه",0,true,2024-12-06T21:06:45.0187919+00:00,مثبت,0.91,ماندگاری | رضایت کلی,ماندگاری,,false,ندارد,false,
ادوپرفیوم زنانه مدل Night Wish حجم 100میلی لیتر,https://www.khanoumi.com/products/jacsaf-perfume-22937,عطر و ادکلن,ماندگاری عالی,0,true,2024-12-06T07:32:50.766311+00:00,مثبت,0.67,ماندگاری | رضایت کلی,ماندگاری,,false,ندارد,false,
ادوپرفیوم زنانه مدل Night Wish حجم 100میلی لیتر,https://www.khanoumi.com/products/jacsaf-perfume-22937,عطر و ادکلن,این ادکلن رو من تا الان دو بار خریدم واقعا بوی خیلی خوبی داره,0,true,2024-12-02T09:50:27.3306281+00:00,مثبت,0.67,بو و رایحه | تجربه محصول | رضایت کلی,بو و رایحه,,false,ندارد,false,
ادوپرفیوم زنانه مدل Night Wish حجم 100میلی لیتر,https://www.khanoumi.com/products/jacsaf-perfume-22937,عطر و ادکلن,من این ادکلن رو آبان ماه سفارش دادم . ماندگاری و پخش بو در حد صفر و هیچگونه رد بویی بجا نمیزاره . ماندگاری هم در حد نیم‌ساعت,0,true,2024-11-16T14:08:18.1748449+00:00,خنثی,0.35,ماندگاری | بو و رایحه | تجربه محصول,بو و رایحه,,false,ندارد,false,
ادوپرفیوم زنانه مدل Night Wish حجم 100میلی لیتر,https://www.khanoumi.com/products/jacsaf-perfume-22937,عطر و ادکلن,جزو بهترین ادکلن هایی بود ک خریدم پخش بوش فوق العاده اس خیلی راضیم از خریدم,0,true,2024-10-31T07:09:16.0628088+00:00,مثبت,0.95,رضایت کلی | تجربه محصول | بو و رایحه,بو و رایحه,,false,ندارد,false,
ادوپرفیوم زنانه مدل Night Wish حجم 100میلی لیتر,https://www.khanoumi.com/products/jacsaf-perfume-22937,عطر و ادکلن,خشبو با ماندگاری بالا,0,true,2024-10-10T06:29:55.9124216+00:00,خنثی,0.35,ماندگاری,ماندگاری,,false,ندارد,false,
ادوپرفیوم زنانه مدل Night Wish حجم 100میلی لیتر,https://www.khanoumi.com/products/jacsaf-perfume-22937,عطر و ادکلن,بوی خیلی آرام بخشی داره ماندگاری و پخش بوی نرمالی هم داره,0,true,2024-09-09T13:01:11+00:00,خنثی,0.35,ماندگاری | بو و رایحه,بو و رایحه,,false,ندارد,false,
ادوپرفیوم زنانه مدل Night Wish حجم 100میلی لیتر,https://www.khanoumi.com/products/jacsaf-perfume-22937,عطر و ادکلن,وای من عاشق بوش شدم,0,true,2024-07-25T15:54:07+00:00,خنثی,0.35,بو و رایحه,بو و رایحه,,false,ندارد,false,
ادوپرفیوم زنانه مدل Night Wish حجم 100میلی لیتر,https://www.khanoumi.com/products/jacsaf-perfume-22937,عطر و ادکلن,ماندگاری و بوی خیلی خوبی داره,0,true,2024-04-25T12:50:54+00:00,مثبت,0.67,ماندگاری | بو و رایحه | رضایت کلی,بو و رایحه,,false,ندارد,false,
ادوپرفیوم مردانه اف اف 100 میلی لیتر,https://www.khanoumi.com/products/jacsaf-perfume-22943,عطر و ادکلن,من چند ساله از این پرفیوم استفاده میکنم خیلی خوش بو هست و رد بو داره،کلا محصولات ژک سافت عالی هستند،از خانومی هم بخاطر قیمت مناسب و ارسال به موقع متشکرم,0,true,2025-10-19T12:57:58.1439926+03:30,مثبت,0.67,بو و رایحه | تجربه محصول | ارسال کالا | قیمت | رضایت کلی,ارسال کالا,,false,ندارد,false,
ادوپرفیوم مردانه اف اف 100 میلی لیتر,https://www.khanoumi.com/products/jacsaf-perfume-22943,عطر و ادکلن,عالیه,0,true,2024-12-28T22:15:25.5229093+00:00,مثبت,0.79,رضایت کلی,رضایت کلی,,false,ندارد,false,
ادوپرفیوم مردانه اف اف 100 میلی لیتر,https://www.khanoumi.com/products/jacsaf-perfume-22943,عطر و ادکلن,ادکلن دبل اِف  ژک ساف عاااالیه و من همیشه خرید میزنم ممنون از خانومی و محصولات خوبشون,0,true,2024-10-24T14:17:39.9019044+00:00,مثبت,0.91,رضایت کلی | تجربه محصول,تجربه محصول,,false,ندارد,false,
ادوپرفیوم مردانه اف اف 100 میلی لیتر,https://www.khanoumi.com/products/jacsaf-perfume-22943,عطر و ادکلن,"تاحالا دوبار خریدم ازش
بوی شیرین و گرمی داره 
ماندگاریش خوبه 
خط بوهم داره",0,true,2024-09-15T07:46:05+00:00,مثبت,0.67,ماندگاری | بو و رایحه | تجربه محصول | حجم و مقدار,بو و رایحه,,false,ندارد,false,
ادوپرفیوم مردانه اف اف 100 میلی لیتر,https://www.khanoumi.com/products/jacsaf-perfume-22943,عطر و ادکلن,ممنون از خانومی بهترین ادکلن ,0,true,2024-01-06T09:23:38+00:00,مثبت,0.79,رضایت کلی,رضایت کلی,,false,ندارد,false,
ادوپرفیوم مردانه ویکتور 100 میلی لیتر,https://www.khanoumi.com/products/jacsaf-perfume-22949,عطر و ادکلن,سری قبل که خرید‌کردم واقعا راضی بودم ،دوستان‌ خیلیا طبق نظرات خرید‌ میکنن ،درحد امکان نظر درست و‌واقعی  رو  کامنت کنید ممنون,0,true,2026-03-20T13:02:33.7364503+03:30,مثبت,0.79,رضایت کلی,رضایت کلی,,false,ندارد,false,
ادوپرفیوم مردانه ویکتور 100 میلی لیتر,https://www.khanoumi.com/products/jacsaf-perfume-22949,عطر و ادکلن,الکل خالصه ماندگاریش صفره,0,true,2025-08-26T08:11:28.9182583+00:00,خنثی,0.35,ماندگاری,ماندگاری,,false,ندارد,false,
ادوپرفیوم مردانه ویکتور 100 میلی لیتر,https://www.khanoumi.com/products/jacsaf-perfume-22949,عطر و ادکلن,"عالی ترین بود ، حتی بوش رو نمیدونستم ولی خرید کردم و بهترین خرید ادکلن بود ، برای هدیه خریدمش و اصلاپشیمون نیستم ازش هم بوش و هم موندگاریش عالیه 
ممنون از محصول خوبتون",0,true,2025-07-04T07:05:14.3512431+00:00,مثبت,0.95,رضایت کلی | خرید هدیه | تجربه محصول | بو و رایحه | نارضایتی کلی,بو و رایحه,,false,ندارد,false,
ادوپرفیوم مردانه ویکتور 100 میلی لیتر,https://www.khanoumi.com/products/jacsaf-perfume-22949,عطر و ادکلن,لطفا موجودش کنید,0,true,2024-06-29T20:03:36+00:00,خنثی,0.35,موجودی کالا,موجودی کالا,,false,ندارد,false,
ادوپرفیوم مردانه ویکتور 100 میلی لیتر,https://www.khanoumi.com/products/jacsaf-perfume-22949,عطر و ادکلن,خیلی خوب بود من دوسش داشتم پیشنهاد میکنم,0,true,2024-06-22T12:01:17+00:00,مثبت,0.95,پیشنهاد به دیگران | رضایت کلی,پیشنهاد به دیگران,,false,ندارد,false,
ادو تویلت مردانه  کنکوردیا اسپرت,https://www.khanoumi.com/products/my-concordia-sport-eau-de-toilette-for-men-22950,عطر و ادکلن,"با سلام 
ممنون بابت سایت خوبتون .. من این عطر و قبلا برام کادو اورده بودن چون از بو و رایحه دلنشینش خوشم اومد از طریق سایت خانومی سفارش دادم و خیلی راضی بودم .. مرسی ",5,true,2019-02-04T17:30:25.8133333+00:00,مثبت,0.91,بو و رایحه | سایت و اپلیکیشن | خرید هدیه | تجربه محصول | رضایت کلی,سایت و اپلیکیشن,,false,ندارد,false,
عطر زنانه نوت,https://www.khanoumi.com/products/my-eau-de-toilette-for-women-22954,عطر و ادکلن,منم ازین عطر سفارش دادم و بوش واقعا ماندگاره.بوی خوبی هم داره .در ضمن هدیه برند مای که کیف آرایش بود رو هم برام ارسال کردن به همراه دو رنگ لاک از برند گلدن رز به عنوان هدیه خرید اول.ممنونم از خانومی به خاطر کیفیت خوب محصولاتش و خوش قول بودنش,6,true,2019-07-30T15:12:43.3966667+00:00,مثبت,0.91,خرید هدیه | بو و رایحه | تجربه محصول | ارسال کالا | کیفیت محصول | رنگ و شید | رضایت کلی,ارسال کالا,,false,ندارد,false,
عطر زنانه پینک پرل,https://www.khanoumi.com/products/my-eau-de-toilette-for-women-22955,عطر و ادکلن,"من  خیلی از بوی این عطر راضی نبودم سردرد میگیرم از بوش
یه بوی معموووولی و یکم هم شبیه عطرهای مشهد هست",7,true,2019-07-16T09:59:15.7266667+00:00,منفی,0.67,بو و رایحه | نارضایتی کلی,بو و رایحه,بو و رایحه | نارضایتی کلی,true,متوسط,false,
عطر زنانه پینک پرل,https://www.khanoumi.com/products/my-eau-de-toilette-for-women-22955,عطر و ادکلن,خسته نباشید،امروز این عطر به دستم رسید واقعا خوشبو هست،خیلی خوشم اومد،مرسی,10,true,2019-03-05T22:48:44.5033333+00:00,مثبت,0.67,بو و رایحه | ارسال کالا | رضایت کلی,ارسال کالا,,false,ندارد,false,
ادو تویلت مردانه کنکوردیا چمپ 75میل,https://www.khanoumi.com/products/my-concordia-champ-eau-de-toilette-for-men-22956,عطر و ادکلن,بوش عالیه همسرم خیلی خوشش اومد ماندگاریشم خوبه,1,true,2019-05-01T10:21:19.1366667+00:00,مثبت,0.91,ماندگاری | رضایت کلی | بو و رایحه,بو و رایحه,,false,ندارد,false,
ادو تویلت مردانه کنکوردیا چمپ 75میل,https://www.khanoumi.com/products/my-concordia-champ-eau-de-toilette-for-men-22956,عطر و ادکلن,من این ادکلنو سفارش دادم واقعا بوش خوب بود ی بوی ملایمی داره زیاد تند نیس... من خیلی خوشم اومد,6,true,2019-03-12T12:32:08.4466667+00:00,مثبت,0.79,بو و رایحه | تجربه محصول,بو و رایحه,,false,ندارد,false,
