نام محصول,لینک محصول,متن کامنت,تعداد لایک,خریدار,تاریخ ثبت,احساس نظر,اطمینان احساس,دسته‌بندی‌ها,دسته اصلی
لوسیون بستنی بیسکوئیتی تقویت وآبرسانی موی رنگ شده و آسیب دیده,https://www.khanoumi.com/products/biol-biscuit-ice-cream-lotion-25208,فوق العاده موهارو خشک میکنه اصلاهییییچ تاثیری نداره. من ریزش یددی گرفتم بعد استفاده... اصلا انگار اب زدی ب موهات. هیچ تاثیری نداره. بدتر خشکشون میکنه و شونه زدن رو سخت میکنه.,7,true,2020-02-10T07:58:24+00:00,مثبت,0.95,محصول | اصل بودن کالا,محصول
لوسیون بستنی بیسکوئیتی تقویت وآبرسانی موی رنگ شده و آسیب دیده,https://www.khanoumi.com/products/biol-biscuit-ice-cream-lotion-25208,اصلا خوب نیس موهامو عین چوب کرد روی موی خیس هم زدم ولی باز عین چوب شد.ب.انگار اب زدی به موهات اصلا خوب نیست,3,true,2020-01-05T08:35:18+00:00,خنثی,0.35,محصول | اصل بودن کالا,محصول
لوسیون بستنی بیسکوئیتی تقویت وآبرسانی موی رنگ شده و آسیب دیده,https://www.khanoumi.com/products/biol-biscuit-ice-cream-lotion-25208,منکه عاشق این محصول شدم.موهارو کاملا نرم میکنه و حالت میده.از اون خشکی قبل دیگه خبری نیست.خیلی راضی بودم ازش.بوی خیلی خوبی داره.البته بعد مدتی از روی مو میپره بوش ولی عالیه عاشقش میشید,4,true,2020-01-03T18:37:40+00:00,مثبت,0.91,محصول,محصول
لوسیون بستنی بیسکوئیتی تقویت وآبرسانی موی رنگ شده و آسیب دیده,https://www.khanoumi.com/products/biol-biscuit-ice-cream-lotion-25208,من بعد از استفاده هیچ تغییری احساس نکردم متاسفانه,3,true,2020-01-03T15:23:20+00:00,منفی,0.67,سایر,سایر
لوسیون بستنی بیسکوئیتی تقویت وآبرسانی موی رنگ شده و آسیب دیده,https://www.khanoumi.com/products/biol-biscuit-ice-cream-lotion-25208,من حدود ۲ ماهه دهرم استفاده میکنم واقعا راضیم ازش,10,true,2019-11-07T14:06:27+00:00,مثبت,0.79,سایر,سایر
لوسیون بستنی بیسکوئیتی تقویت وآبرسانی موی رنگ شده و آسیب دیده,https://www.khanoumi.com/products/biol-biscuit-ice-cream-lotion-25208,موها رو نرم میکنه، بعد حمام روی موهام که یکم نمدار میزنم و میبافم بعد چندساعت که موهام باز میکنم  فر و حالت دار میشه، پایین موهام خیلی خشک و موخوره میزنه لوسیون بستنی آبرسانی و نرمی خوبی به پایین موهام میده. در کل راضیم 🙂,16,true,2019-10-27T11:29:29+00:00,مثبت,0.91,محصول,محصول
لوسیون بستنی بیسکوئیتی تقویت وآبرسانی موی رنگ شده و آسیب دیده,https://www.khanoumi.com/products/biol-biscuit-ice-cream-lotion-25208,بوی خیلی خوبی داره و مو رو خیلی نرم میکنه😍,8,true,2019-10-22T01:27:38+00:00,مثبت,0.79,محصول,محصول
لوسیون بستنی بیسکوئیتی تقویت وآبرسانی موی رنگ شده و آسیب دیده,https://www.khanoumi.com/products/biol-biscuit-ice-cream-lotion-25208,به نسبت حجمش قیمت خوبی داره بوش خیلی خوبه ولی زیاد نمیمونه . موهارو حالت دار میکنه.,4,true,2019-10-12T22:20:09+00:00,مثبت,0.95,محصول | قیمت,محصول
لوسیون بستنی بیسکوئیتی تقویت وآبرسانی موی رنگ شده و آسیب دیده,https://www.khanoumi.com/products/biol-biscuit-ice-cream-lotion-25208,خیلی خفنههههه مخصوصا بوی خوبش,3,true,2019-10-12T11:32:49+00:00,مثبت,0.67,محصول,محصول
لوسیون بستنی بیسکوئیتی تقویت وآبرسانی موی رنگ شده و آسیب دیده,https://www.khanoumi.com/products/biol-biscuit-ice-cream-lotion-25208,از این محصول خیلی راضی ام واقعا موهام نرم میکنه.برای کسانی که موهای خشک و وز دارن خیلی مناسبه.,8,true,2019-10-08T23:11:55+00:00,مثبت,0.79,محصول,محصول
لوسیون بستنی بیسکوئیتی تقویت وآبرسانی موی رنگ شده و آسیب دیده,https://www.khanoumi.com/products/biol-biscuit-ice-cream-lotion-25208,من این نوعش انتخاب کردم ازش راضی ام اما خیلی بزنی مو رو چرب میکنه ,5,true,2019-10-07T10:52:42+00:00,مثبت,0.79,محصول,محصول
لوسیون بستنی بیسکوئیتی تقویت وآبرسانی موی رنگ شده و آسیب دیده,https://www.khanoumi.com/products/biol-biscuit-ice-cream-lotion-25208,خیلی خوشبوئه و موهارو نرم میکنه,3,false,2019-10-06T14:24:38+00:00,خنثی,0.35,محصول,محصول
لوسیون بستنی بیسکوئیتی تقویت وآبرسانی موی رنگ شده و آسیب دیده,https://www.khanoumi.com/products/biol-biscuit-ice-cream-lotion-25208,من همیشه مشکل خشکی نوک مو دارم یکی دوسانت نوک موهام همیشه خشکه اینو اسپری کردم نوک موهام نرم ولطیف شد راضی هستم ,11,true,2019-09-27T09:35:45+00:00,مثبت,0.67,محصول,محصول
لوسیون بستنی شکلاتی تقویت و ترمیم کننده موی نازک و آسیب دیده حجم 400 میلی لیتر,https://www.khanoumi.com/products/biol-chocolate-ice-cream-lotion-25209,تاثیری نداره,0,true,2026-08-13T00:18:54.9352558+03:30,خنثی,0.35,سایر,سایر
لوسیون بستنی شکلاتی تقویت و ترمیم کننده موی نازک و آسیب دیده حجم 400 میلی لیتر,https://www.khanoumi.com/products/biol-chocolate-ice-cream-lotion-25209,نمی دونم چطوری به این میگید خوب ، مزخرف تر از این محصول ندیدم,0,true,2026-07-19T13:45:29.2794541+03:30,مثبت,0.67,محصول,محصول
لوسیون بستنی شکلاتی تقویت و ترمیم کننده موی نازک و آسیب دیده حجم 400 میلی لیتر,https://www.khanoumi.com/products/biol-chocolate-ice-cream-lotion-25209,من به خاطر نظر بقیه گرفتم بوش خیلی مزخرف بوی سوسک کش میده اصلا راضی نبودم به خاطر بوس اصلا استفاده نکردم ببینم چ جوری محصولش,0,true,2026-07-14T02:20:24.1546013+03:30,منفی,0.67,محصول | اصل بودن کالا,اصل بودن کالا
لوسیون بستنی شکلاتی تقویت و ترمیم کننده موی نازک و آسیب دیده حجم 400 میلی لیتر,https://www.khanoumi.com/products/biol-chocolate-ice-cream-lotion-25209,عالی هستش واقعا من بوش و خیلی دوست دارم من حموم به حموم استفاده میکنم و فقط پایین موهام و میزنم من راضی هستم,0,true,2026-06-23T10:26:00.8211654+03:30,مثبت,0.79,محصول,محصول
لوسیون بستنی شکلاتی تقویت و ترمیم کننده موی نازک و آسیب دیده حجم 400 میلی لیتر,https://www.khanoumi.com/products/biol-chocolate-ice-cream-lotion-25209,خیلی خوبه,0,true,2026-06-07T20:11:13.4992759+03:30,مثبت,0.91,سایر,سایر
لوسیون بستنی شکلاتی تقویت و ترمیم کننده موی نازک و آسیب دیده حجم 400 میلی لیتر,https://www.khanoumi.com/products/biol-chocolate-ice-cream-lotion-25209,"واقعا عالیه بوی به شدت خوبی داره اگه خیلی بزنی چربه میکنه یخورده ولی واقعا چیز خوبه
وزی مو رو از بین میبره 
اصلا عالیهههه",0,true,2026-05-04T12:42:20.5996429+03:30,مثبت,0.95,محصول | اصل بودن کالا,محصول
لوسیون بستنی شکلاتی تقویت و ترمیم کننده موی نازک و آسیب دیده حجم 400 میلی لیتر,https://www.khanoumi.com/products/biol-chocolate-ice-cream-lotion-25209,من به صورت نداوم ازش استفاده نمیکنم صرفا حموم به حموم بنابراین از تاثیرش نمیتونم خیلی بگم ولی بوش عالیهههه واقعا حرف نداره تا حموم بعد بوش میمونه شیرین و ملایمه بازخورد خوبیم ازش داشتم,0,false,2026-04-26T16:44:00.9188094+03:30,مثبت,0.91,محصول,محصول
لوسیون بستنی شکلاتی تقویت و ترمیم کننده موی نازک و آسیب دیده حجم 400 میلی لیتر,https://www.khanoumi.com/products/biol-chocolate-ice-cream-lotion-25209,خیلی خوبه هرکس میگه بده بلد نیست ازش استفاده کنه. اگه به طور منظم ازش استفاده بشه موهارو عالی می‌کنه . موها نرم نرم می‌کنه و صاف. ضد حرارت محشریه. چند ساله ازش استفاده میکنم و موهام تقویت کرده . باید منظم و روزانه استفاده کرد تا ببینید تاثیرش,0,true,2026-04-18T21:18:00.667755+03:30,مثبت,0.95,محصول,محصول
لوسیون بستنی شکلاتی تقویت و ترمیم کننده موی نازک و آسیب دیده حجم 400 میلی لیتر,https://www.khanoumi.com/products/biol-chocolate-ice-cream-lotion-25209,بیشتر بو داره تا تاثیر..تاثیرش انی هست و اونطوری که باید مو رو مرطوب نگه نمیداره اگه فقط بوی محصول براتون مهمه میتونید تهیه کنید,0,false,2026-04-17T15:26:40.6011688+03:30,خنثی,0.35,محصول,محصول
لوسیون بستنی شکلاتی تقویت و ترمیم کننده موی نازک و آسیب دیده حجم 400 میلی لیتر,https://www.khanoumi.com/products/biol-chocolate-ice-cream-lotion-25209,تاثیر خیلی زیادی نداره بوشم موندگار نیست درکل پیشنهاد نمیشه,0,false,2026-04-12T01:08:01.0784513+03:30,منفی,0.67,محصول,محصول
لوسیون بستنی شکلاتی تقویت و ترمیم کننده موی نازک و آسیب دیده حجم 400 میلی لیتر,https://www.khanoumi.com/products/biol-chocolate-ice-cream-lotion-25209,من بیشتر بعنوان عطر مو ازش استفاده میکردم یا وقتایی که میخوام موهامو فر کنم قبلش یکم میزنم خوبه ولی تاثیر خیلی زیادی نداره,0,true,2026-04-10T15:43:36.6396115+03:30,مثبت,0.79,محصول,محصول
لوسیون بستنی شکلاتی تقویت و ترمیم کننده موی نازک و آسیب دیده حجم 400 میلی لیتر,https://www.khanoumi.com/products/biol-chocolate-ice-cream-lotion-25209,اثرش زود ازبین میره بوی بیسکوییت میده انگاری بیسکوییت ریختی تو سرت من خوشم نیومد,0,false,2026-04-02T08:32:02.9207709+03:30,خنثی,0.35,محصول,محصول
لوسیون بستنی شکلاتی تقویت و ترمیم کننده موی نازک و آسیب دیده حجم 400 میلی لیتر,https://www.khanoumi.com/products/biol-chocolate-ice-cream-lotion-25209,توی مسافرت به مهتی فرفری و خشک پسرام زدم... فرشون جون گرفت و دیگه خبری از وزوزی شدن نبود. آمدم دوتا سفترش بدم برای هر کدوم یکی,0,false,2026-03-15T02:43:08.010208+03:30,منفی,0.67,محصول,محصول
لوسیون بستنی شکلاتی تقویت و ترمیم کننده موی نازک و آسیب دیده حجم 400 میلی لیتر,https://www.khanoumi.com/products/biol-chocolate-ice-cream-lotion-25209,من بستنی بیسکویتی و مدل 10 کاره رو داشتم و راضی بودم، ولی این مدل بوش رو دوست ندارم و بنظرم نه تنها کاری نمیکنه موهام هم بعد استفاده خشک میشه,0,true,2026-03-11T13:40:27.8516346+03:30,مثبت,0.67,محصول,محصول
لوسیون بستنی شکلاتی تقویت و ترمیم کننده موی نازک و آسیب دیده حجم 400 میلی لیتر,https://www.khanoumi.com/products/biol-chocolate-ice-cream-lotion-25209,بدرد نمی خوره .انداختم دور,0,false,2026-03-05T14:00:17.6371035+03:30,مثبت,0.67,سایر,سایر
لوسیون بستنی شکلاتی تقویت و ترمیم کننده موی نازک و آسیب دیده حجم 400 میلی لیتر,https://www.khanoumi.com/products/biol-chocolate-ice-cream-lotion-25209,اصلأ خوب نیست .فقط بو شکلات میده همین,0,false,2026-03-05T13:58:33.1817927+03:30,منفی,0.79,محصول | اصل بودن کالا,اصل بودن کالا
لوسیون بستنی شکلاتی تقویت و ترمیم کننده موی نازک و آسیب دیده حجم 400 میلی لیتر,https://www.khanoumi.com/products/biol-chocolate-ice-cream-lotion-25209,من عاشقشم بوی خیلی خوبی به مو میده،مو رو لطیف و خوش حالت نگه میداره گزینه مناسب برای اوناییکه فر دائم کردن مرسی از خانومی,0,true,2026-01-16T02:31:50.0422603+03:30,مثبت,0.95,محصول,محصول
لوسیون بستنی شکلاتی تقویت و ترمیم کننده موی نازک و آسیب دیده حجم 400 میلی لیتر,https://www.khanoumi.com/products/biol-chocolate-ice-cream-lotion-25209,بار اوله که استفاده میکنم،فعلا با بوش خیلی حال کردم تا ببینم تاثیرش رو سلامت موهام به چه صورته،در ضمن مو رو چرب نمیکنه,0,true,2025-12-01T15:14:59.6977713+03:30,خنثی,0.35,محصول,محصول
لوسیون بستنی شکلاتی تقویت و ترمیم کننده موی نازک و آسیب دیده حجم 400 میلی لیتر,https://www.khanoumi.com/products/biol-chocolate-ice-cream-lotion-25209,بوی خوبی داره ولی تاثیر خاصی نداره,0,false,2025-12-01T12:28:50.4596026+03:30,مثبت,0.67,محصول,محصول
لوسیون بستنی شکلاتی تقویت و ترمیم کننده موی نازک و آسیب دیده حجم 400 میلی لیتر,https://www.khanoumi.com/products/biol-chocolate-ice-cream-lotion-25209,من خیلی راضی بودم برای موی فر ازش برای روزمره و بعد از حمام خیلی از موهارو خوب میکرد و نرم و خوشبو بود. وزیر رو تا حدودی می‌گرفت و و تقریبا دو ماه ازش استفاده کردم,0,true,2025-11-30T15:04:48.2951974+03:30,مثبت,0.79,محصول,محصول
لوسیون بستنی شکلاتی تقویت و ترمیم کننده موی نازک و آسیب دیده حجم 400 میلی لیتر,https://www.khanoumi.com/products/biol-chocolate-ice-cream-lotion-25209,من واقعا تاثیر خاصی ازش ندیدم.قبل سشوار میزنم موهام یکم حالت سفت و خشک میگیره.بوش خیلی خوبه,0,true,2025-11-27T11:45:11.1357177+03:30,مثبت,0.91,محصول,محصول
لوسیون بستنی شکلاتی تقویت و ترمیم کننده موی نازک و آسیب دیده حجم 400 میلی لیتر,https://www.khanoumi.com/products/biol-chocolate-ice-cream-lotion-25209,خیلی بو داره تاثیر عمیقی هم نداره فقط همون روز که میزنین یه نرمی متناسبی به موهاتون میده,0,false,2025-11-23T10:37:27.8058657+03:30,خنثی,0.35,محصول,محصول
لوسیون بستنی شکلاتی تقویت و ترمیم کننده موی نازک و آسیب دیده حجم 400 میلی لیتر,https://www.khanoumi.com/products/biol-chocolate-ice-cream-lotion-25209,بوی خیلی خوبی داره و اصن سر بوش عاشقش میزنی ک هی بزنی به موهات ولی خب نباید اونقدر انتطار داشته باشی ازش که بتونی استایل کنی موهاتو یا حالت بدی فقط وز موهارو میگیره,0,true,2025-11-23T03:49:15.8856864+03:30,ترکیبی,0.79,محصول,محصول
لوسیون بستنی شکلاتی تقویت و ترمیم کننده موی نازک و آسیب دیده حجم 400 میلی لیتر,https://www.khanoumi.com/products/biol-chocolate-ice-cream-lotion-25209,اصلا راضی نیستم و استفادش هم نکردم فقط بوی خوبی میده همین,0,false,2025-11-15T00:02:23.1505392+03:30,منفی,0.67,محصول | اصل بودن کالا,اصل بودن کالا
لوسیون بستنی شکلاتی تقویت و ترمیم کننده موی نازک و آسیب دیده حجم 400 میلی لیتر,https://www.khanoumi.com/products/biol-chocolate-ice-cream-lotion-25209,بوی خوبی داره و برای استایل کردن مو خوبه و من برای اینکه یکم موهام نرم تر بشه استفاده میکنم ولی بیشتر برای موهای فر مناسبه من موهام خیلی لخته و بعدش سشوار نکشید بهتره,0,true,2025-11-12T20:29:20.4165454+03:30,مثبت,0.91,محصول,محصول
لوسیون بستنی شکلاتی تقویت و ترمیم کننده موی نازک و آسیب دیده حجم 400 میلی لیتر,https://www.khanoumi.com/products/biol-chocolate-ice-cream-lotion-25209,بوش خوبه ولی تاثیر انچنانی نداره برای مو,0,true,2025-10-25T17:52:04.1007825+03:30,مثبت,0.79,محصول,محصول
لوسیون بستنی شکلاتی تقویت و ترمیم کننده موی نازک و آسیب دیده حجم 400 میلی لیتر,https://www.khanoumi.com/products/biol-chocolate-ice-cream-lotion-25209,بوش باحاله ولی اگر حجم زیاد ازش به موهاتون بزنید بوش تو مخی میشه,0,false,2025-09-30T10:47:08.5482638+03:30,خنثی,0.35,محصول,محصول
لوسیون بستنی شکلاتی تقویت و ترمیم کننده موی نازک و آسیب دیده حجم 400 میلی لیتر,https://www.khanoumi.com/products/biol-chocolate-ice-cream-lotion-25209,خیلی خوب بود بوی خیلی خوبی داره و تونستم باهاش خیلی خوب موهای رو استایل فر بدم و حالت فر موهام رو نگه میداره البته من وقتی موهام نرم دار و خیس هست ازش استفاده میکنم,0,true,2025-09-17T11:44:09.9945765+03:30,مثبت,0.95,محصول,محصول
لوسیون بستنی شکلاتی تقویت و ترمیم کننده موی نازک و آسیب دیده حجم 400 میلی لیتر,https://www.khanoumi.com/products/biol-chocolate-ice-cream-lotion-25209,"بوش خیلی خوبههه 
من بیشتر عطری استفاده میکنم ازش",0,true,2025-09-17T00:10:27.5805652+03:30,مثبت,0.91,محصول,محصول
لوسیون بستنی شکلاتی تقویت و ترمیم کننده موی نازک و آسیب دیده حجم 400 میلی لیتر,https://www.khanoumi.com/products/biol-chocolate-ice-cream-lotion-25209,عالیه ولی بشرطی که به عنوان ماسک مو ازش استفاده نکنید بعد از سشوار کشیدن یا قبلش بزنید وز موهارو میگیره و خیلی خوبه,0,true,2025-09-09T12:00:01.5902765+03:30,مثبت,0.95,محصول,محصول
لوسیون بستنی شکلاتی تقویت و ترمیم کننده موی نازک و آسیب دیده حجم 400 میلی لیتر,https://www.khanoumi.com/products/biol-chocolate-ice-cream-lotion-25209,عالیه,0,true,2025-09-08T01:58:15.6502196+03:30,مثبت,0.79,سایر,سایر
لوسیون بستنی شکلاتی تقویت و ترمیم کننده موی نازک و آسیب دیده حجم 400 میلی لیتر,https://www.khanoumi.com/products/biol-chocolate-ice-cream-lotion-25209,برای موهای من خوب بود و بعد حمام برای نرم کردن مو استفاده میکنم ،مدتی هست موهام خشک و آسیب پذیر شده نمی‌دونم بخاطر این هست یا اسپری حرارتی,0,true,2025-09-04T20:45:53.077968+03:30,مثبت,0.79,محصول,محصول
لوسیون بستنی شکلاتی تقویت و ترمیم کننده موی نازک و آسیب دیده حجم 400 میلی لیتر,https://www.khanoumi.com/products/biol-chocolate-ice-cream-lotion-25209,"خیلی محصول خوبی برای موهای نازک هستش 
لطفاً تخفیف بیشتری برای این محصول و محصولات مو بزنید",0,true,2025-08-12T16:07:38.0927485+00:00,مثبت,0.67,محصول | قیمت,محصول
لوسیون بستنی شکلاتی تقویت و ترمیم کننده موی نازک و آسیب دیده حجم 400 میلی لیتر,https://www.khanoumi.com/products/biol-chocolate-ice-cream-lotion-25209,خیلی خوبه بوی خوب میده نرم میکنه,0,true,2025-07-30T18:19:43.3202663+00:00,مثبت,0.95,محصول,محصول
لوسیون بستنی شکلاتی تقویت و ترمیم کننده موی نازک و آسیب دیده حجم 400 میلی لیتر,https://www.khanoumi.com/products/biol-chocolate-ice-cream-lotion-25209,راضیم، حدودا 2 ماهی میشه استفاده می کنم و باعث میشه موها نرم بشه,0,true,2025-07-23T16:06:36.6429094+00:00,مثبت,0.79,محصول,محصول
لوسیون بستنی شکلاتی تقویت و ترمیم کننده موی نازک و آسیب دیده حجم 400 میلی لیتر,https://www.khanoumi.com/products/biol-chocolate-ice-cream-lotion-25209,اصلا پیشنهاد نمیکنم واقعا افتضاح من موهام تمام دکلره هست و چند سال ماسک مو پنتن طلایی میزدم عالی بود ،از وقتی این ماسک و خریدم بعد از دو هفته استفاده تمام ساقه های موهام خرد شده و تکه تکه موهام کنده میشه واقعا افتضاحه اصلا امتحان نکنید .,0,false,2025-07-22T17:30:42.4025677+00:00,ترکیبی,0.9,محصول | اصل بودن کالا,محصول
لوسیون بستنی شکلاتی تقویت و ترمیم کننده موی نازک و آسیب دیده حجم 400 میلی لیتر,https://www.khanoumi.com/products/biol-chocolate-ice-cream-lotion-25209,"اول اینکه باید روی موی نم دار استفاده بشه 
بعد بوش شکلاتیه ‌خیلی خوشبوئه من راضی بودم ازش
موها رو هم به شدت نرم و حالت دار میکنه",0,true,2025-07-01T15:10:40.9441155+00:00,مثبت,0.67,محصول,محصول
لوسیون بستنی شکلاتی تقویت و ترمیم کننده موی نازک و آسیب دیده حجم 400 میلی لیتر,https://www.khanoumi.com/products/biol-chocolate-ice-cream-lotion-25209,من زیاد راضی نبودن,0,true,2025-06-29T07:53:54.2441713+00:00,منفی,0.67,محصول,محصول
لوسیون بستنی شکلاتی تقویت و ترمیم کننده موی نازک و آسیب دیده حجم 400 میلی لیتر,https://www.khanoumi.com/products/biol-chocolate-ice-cream-lotion-25209,با سلام محصول رو به همراه هدیه دریافت کردم کارش عالی موهای من بخاطر دکلره سوخته و وز شده بود با دوسه بار استفادهدکاملا نتیجه ی مثبتش رو متوجه شدم خیلی هم خوشبو,0,true,2025-06-05T21:22:58.0848753+00:00,مثبت,0.67,محصول,محصول
لوسیون بستنی شکلاتی تقویت و ترمیم کننده موی نازک و آسیب دیده حجم 400 میلی لیتر,https://www.khanoumi.com/products/biol-chocolate-ice-cream-lotion-25209,حواستون باشه مداوم ازش استفاده نکنید و به ریشه موهاتونم به هیچ وجه نخوره وگرنه ریزش موی شدیدی میگیرید که اونوقت با هیچ محصولی جبران نمیشه,0,false,2025-06-03T21:55:07.5674459+00:00,خنثی,0.35,محصول,محصول
لوسیون بستنی شکلاتی تقویت و ترمیم کننده موی نازک و آسیب دیده حجم 400 میلی لیتر,https://www.khanoumi.com/products/biol-chocolate-ice-cream-lotion-25209,"هم با تخفیف خریدم هم یکی هدیه ارسال کردید خیلی ممنونم.
موهارا نرم و براق میکنه البته به ریشه نباید بخوره.",0,false,2025-06-02T04:48:15.856757+00:00,مثبت,0.67,محصول | تحویل و ارسال | قیمت,محصول
لوسیون بستنی شکلاتی تقویت و ترمیم کننده موی نازک و آسیب دیده حجم 400 میلی لیتر,https://www.khanoumi.com/products/biol-chocolate-ice-cream-lotion-25209,سلام برای باز کردن گره مو خوبه ولی مناسب مو چرب نیست چون زودتر چرب میشه ولی حالت دهی خوبی داره نسبت به قیمتش خوبه نمیشه انتظار بیشتری با این بوجه داشته باشیم,0,false,2025-04-19T20:37:43.7937172+00:00,مثبت,0.67,محصول | قیمت,محصول
لوسیون بستنی شکلاتی تقویت و ترمیم کننده موی نازک و آسیب دیده حجم 400 میلی لیتر,https://www.khanoumi.com/products/biol-chocolate-ice-cream-lotion-25209,عالییییی بود هم به موها حالت میده هم بوی خیلی خوشمزه ای داره,0,true,2025-04-06T12:12:31.0086162+00:00,مثبت,0.67,محصول,محصول
لوسیون بستنی شکلاتی تقویت و ترمیم کننده موی نازک و آسیب دیده حجم 400 میلی لیتر,https://www.khanoumi.com/products/biol-chocolate-ice-cream-lotion-25209,افتضاحه این محصول خیلی نظرات مثبت داره واقعا نمیدونم چرا رسما هیچ کاری نمیکنه انگاری فقط موهارو چسبونک میکنه واقعا کاراییشو نمیدونم پولمو‌ رسما‌ ریختم دور ته کاراییش اینه یکم گره باز کنه,0,false,2025-03-27T12:32:22.9909846+00:00,منفی,0.67,محصول,محصول
لوسیون بستنی شکلاتی تقویت و ترمیم کننده موی نازک و آسیب دیده حجم 400 میلی لیتر,https://www.khanoumi.com/products/biol-chocolate-ice-cream-lotion-25209,به شدت موها رو چرب می کنه و فقط برا نوک موها مناسبه,0,false,2025-03-20T20:47:10.5736387+00:00,خنثی,0.35,محصول,محصول
لوسیون بستنی شکلاتی تقویت و ترمیم کننده موی نازک و آسیب دیده حجم 400 میلی لیتر,https://www.khanoumi.com/products/biol-chocolate-ice-cream-lotion-25209,پس از استفاده از این محصول موهام خیلی شدید ریزش گرفت و اصلا پیشنهاد نمیکنم، به طوری مه این محصول رو قطع کردم و واقعا شاهد کاهش ریزش موهام بودم,0,false,2025-03-09T15:18:21.2223438+00:00,خنثی,0.35,محصول | اصل بودن کالا,محصول
لوسیون بستنی شکلاتی تقویت و ترمیم کننده موی نازک و آسیب دیده حجم 400 میلی لیتر,https://www.khanoumi.com/products/biol-chocolate-ice-cream-lotion-25209,ب شدت باعث ریزش مو میشه,0,false,2025-02-25T10:50:23.9146117+00:00,خنثی,0.35,محصول,محصول
لوسیون بستنی شکلاتی تقویت و ترمیم کننده موی نازک و آسیب دیده حجم 400 میلی لیتر,https://www.khanoumi.com/products/biol-chocolate-ice-cream-lotion-25209,"بعده دو هفته استفاده دارم نظر میدم،تا الان ازش راضیم،بوش یه بویی بین شکلات و نارگیله،نه مو رو چسبناک میکنه نه باعث ریزش مو میشه
40 دقیقه بعد از حموم که مو یکم نم داره استفاده کنید روی موی خشک یا خیس نباید مصرف شه خیلیم نزنید فکر کنید هرچی بیشتر بزنید تاثیرش بیشتره",0,true,2025-02-24T11:20:33.3840758+00:00,مثبت,0.79,محصول,محصول
لوسیون بستنی شکلاتی تقویت و ترمیم کننده موی نازک و آسیب دیده حجم 400 میلی لیتر,https://www.khanoumi.com/products/biol-chocolate-ice-cream-lotion-25209,"با چندین سری استفاده ازش ریزش موی شدید گرفتم و پوست سرم که با موهام برخورد داره خارش گرفته چون من با فاصله خبلی زیادی هم از ریشه میزنم ولی توی حمام بلاخره این مواد همراه اب به ریشه مو برخورد میکنه
به هیچ وجه پیشنهاد نمیکنم
دوستان قدر موهای خودتون رو بدونید و هرمحصولی رو استفاده نکنید 
از محصولاتی که برخوردشون به ریشه مشکلی نداشته باشه و محتویاتش بی ضرر باشه و ترجیحا محصولات ارگانیک استفاده کنید و نتیجشو ببینید",0,true,2025-02-22T03:31:39.6806821+00:00,منفی,0.67,محصول | اصل بودن کالا,اصل بودن کالا
لوسیون بستنی شکلاتی تقویت و ترمیم کننده موی نازک و آسیب دیده حجم 400 میلی لیتر,https://www.khanoumi.com/products/biol-chocolate-ice-cream-lotion-25209,بوی خوبی داره ولی خود محصول اونقدر که تعریفش می‌کردند خوب نبود تاثیر زیادی روی مو نمی‌زارع و مو رو یه حالت چسبناک می‌کنه و اون نرمی و لطافت بهش نمیده,0,true,2025-02-17T21:43:28.4957496+00:00,مثبت,0.67,محصول,محصول
لوسیون بستنی شکلاتی تقویت و ترمیم کننده موی نازک و آسیب دیده حجم 400 میلی لیتر,https://www.khanoumi.com/products/biol-chocolate-ice-cream-lotion-25209,عالیه بوی خیلی خوبی داره بنظرم بخرید,0,true,2025-02-09T18:04:52.3324596+00:00,مثبت,0.95,محصول,محصول
لوسیون بستنی شکلاتی تقویت و ترمیم کننده موی نازک و آسیب دیده حجم 400 میلی لیتر,https://www.khanoumi.com/products/biol-chocolate-ice-cream-lotion-25209,بوی خیلی خیلی خوبی داره,0,true,2025-02-08T12:30:48.380688+00:00,مثبت,0.79,محصول,محصول
لوسیون بستنی شکلاتی تقویت و ترمیم کننده موی نازک و آسیب دیده حجم 400 میلی لیتر,https://www.khanoumi.com/products/biol-chocolate-ice-cream-lotion-25209,لطفا تخفیف خوب بزارید سبدمو تکمیل کنم,0,false,2025-02-04T13:47:40.075196+00:00,ترکیبی,0.66,محصول | قیمت,محصول
لوسیون بستنی شکلاتی تقویت و ترمیم کننده موی نازک و آسیب دیده حجم 400 میلی لیتر,https://www.khanoumi.com/products/biol-chocolate-ice-cream-lotion-25209,بعد یه مدت ریزش مو میاره.,0,false,2024-12-28T11:05:31.5220228+00:00,خنثی,0.35,محصول,محصول
لوسیون بستنی شکلاتی تقویت و ترمیم کننده موی نازک و آسیب دیده حجم 400 میلی لیتر,https://www.khanoumi.com/products/biol-chocolate-ice-cream-lotion-25209,کیفیتشخوب بود خوشم اومد,0,true,2024-12-23T11:03:18.8887545+00:00,مثبت,0.79,محصول,محصول
لوسیون بستنی شکلاتی تقویت و ترمیم کننده موی نازک و آسیب دیده حجم 400 میلی لیتر,https://www.khanoumi.com/products/biol-chocolate-ice-cream-lotion-25209,موهای من خیلی وز و خشک بود و بعد حمام به شدت گره میخورد و شونه نمیشد ولی با زدن این لوسیون خیلی موهام نرم و لطیف شد و خیلی راحت میشه شونه کرد,0,true,2024-12-13T17:41:01.214578+00:00,خنثی,0.35,محصول,محصول
لوسیون بستنی شکلاتی تقویت و ترمیم کننده موی نازک و آسیب دیده حجم 400 میلی لیتر,https://www.khanoumi.com/products/biol-chocolate-ice-cream-lotion-25209,خیلی خوبه ، جنس مو رو خوب میکنه و اگه 1 سال ازش به طور مرتب استفاده کنید موهای سوخته رو درمان میکنه ، برای مهمونی ام میشه ازش استفاده کرد موهارو حالت پذیر تر میکنه و مدل موی خیس به موهاتون میده,0,true,2024-12-13T05:45:12.4611848+00:00,مثبت,0.95,محصول,محصول
لوسیون بستنی شکلاتی تقویت و ترمیم کننده موی نازک و آسیب دیده حجم 400 میلی لیتر,https://www.khanoumi.com/products/biol-chocolate-ice-cream-lotion-25209,فقط بو داره هیچ تاثیر دیگه ای نداره اونم محدود,0,true,2024-12-08T18:11:51.6041584+00:00,خنثی,0.35,محصول,محصول
لوسیون بستنی شکلاتی تقویت و ترمیم کننده موی نازک و آسیب دیده حجم 400 میلی لیتر,https://www.khanoumi.com/products/biol-chocolate-ice-cream-lotion-25209,محشره. موهام عالی کرده. بوش ک نگم خیلی خوش بوئه. خیلی سریع دستم رسید. واقعا ممنون. اصلا مو چرب نمیکنه.,0,true,2024-12-06T19:16:39.5798324+00:00,مثبت,0.67,محصول | تحویل و ارسال | اصل بودن کالا,محصول
لوسیون بستنی شکلاتی تقویت و ترمیم کننده موی نازک و آسیب دیده حجم 400 میلی لیتر,https://www.khanoumi.com/products/biol-chocolate-ice-cream-lotion-25209,چند سال هست که همین ماسک مو رو میخرم و راضیم.,0,true,2024-10-20T13:59:15.5169116+00:00,مثبت,0.79,محصول,محصول
لوسیون بستنی شکلاتی تقویت و ترمیم کننده موی نازک و آسیب دیده حجم 400 میلی لیتر,https://www.khanoumi.com/products/biol-chocolate-ice-cream-lotion-25209,به شدت خوش بو بود من خیلی راضی ام,0,true,2024-10-16T10:08:45.7596801+00:00,مثبت,0.79,محصول,محصول
لوسیون بستنی شکلاتی تقویت و ترمیم کننده موی نازک و آسیب دیده حجم 400 میلی لیتر,https://www.khanoumi.com/products/biol-chocolate-ice-cream-lotion-25209,خیلی خوب بود وقتی از حموم میومدم بیرون موهام خیلی وز و خشک میشد به سختی شونه میکردم ولی این لوسیون موهامو نرم و ابریشمی میکنه خیلی راضیم ازش فقط خیلی کم چربه,0,true,2024-10-15T18:54:07.3443388+00:00,مثبت,0.95,محصول,محصول
لوسیون بستنی شکلاتی تقویت و ترمیم کننده موی نازک و آسیب دیده حجم 400 میلی لیتر,https://www.khanoumi.com/products/biol-chocolate-ice-cream-lotion-25209,بسیار عالیه ,0,true,2024-09-20T17:07:29+00:00,مثبت,0.79,سایر,سایر
لوسیون بستنی شکلاتی تقویت و ترمیم کننده موی نازک و آسیب دیده حجم 400 میلی لیتر,https://www.khanoumi.com/products/biol-chocolate-ice-cream-lotion-25209,عالی و خوشبو,0,true,2024-06-24T17:03:56+00:00,مثبت,0.67,محصول,محصول
لوسیون بستنی شکلاتی تقویت و ترمیم کننده موی نازک و آسیب دیده حجم 400 میلی لیتر,https://www.khanoumi.com/products/biol-chocolate-ice-cream-lotion-25209,لطفا تخفیف بزنید,0,false,2024-06-22T10:26:30+00:00,خنثی,0.35,قیمت,قیمت
لوسیون بستنی شکلاتی تقویت و ترمیم کننده موی نازک و آسیب دیده حجم 400 میلی لیتر,https://www.khanoumi.com/products/biol-chocolate-ice-cream-lotion-25209,چرا موجود نمیکنید,0,false,2024-05-14T11:13:07+00:00,خنثی,0.35,محصول,محصول
لوسیون بستنی شکلاتی تقویت و ترمیم کننده موی نازک و آسیب دیده حجم 400 میلی لیتر,https://www.khanoumi.com/products/biol-chocolate-ice-cream-lotion-25209,موجود کنید ,0,false,2024-05-04T11:33:33+00:00,خنثی,0.35,محصول,محصول
لوسیون بستنی شکلاتی تقویت و ترمیم کننده موی نازک و آسیب دیده حجم 400 میلی لیتر,https://www.khanoumi.com/products/biol-chocolate-ice-cream-lotion-25209,موجود کنید,0,false,2024-03-21T23:23:01+00:00,خنثی,0.35,محصول,محصول
لوسیون بستنی شکلاتی تقویت و ترمیم کننده موی نازک و آسیب دیده حجم 400 میلی لیتر,https://www.khanoumi.com/products/biol-chocolate-ice-cream-lotion-25209,بوی خوبی داره ولی تأثیر زیادی روی خوش حالتی موها نداره,1,true,2023-07-11T11:29:41+00:00,مثبت,0.67,محصول,محصول
لوسیون بستنی شکلاتی تقویت و ترمیم کننده موی نازک و آسیب دیده حجم 400 میلی لیتر,https://www.khanoumi.com/products/biol-chocolate-ice-cream-lotion-25209,این لوسیون و من از سایت خانومی خریدم و خیلی راضی هستم. بوی بسیار خوبی داره و موهارو نرم و لطیف میکنه. من یه مقداری از لوسیون و کف دستم میریزم و به آرومی روی ساقه موهام میکشم. وز موهامو خیلی کمتر میکنه و باعث میشه نرم بشن. موهای من رنگ شده است و یه مقداری خشک و آسیب دیده شده. استفاده از این لوسیون خشکی موهامو کمتر کرده و به موهام حالت ابریشمی داده. با توجه به قمت مناسبی که داره ارزش خرید داره. ,3,false,2022-04-24T13:53:46+00:00,مثبت,0.91,محصول | قیمت,محصول
لوسیون بستنی شکلاتی تقویت و ترمیم کننده موی نازک و آسیب دیده حجم 400 میلی لیتر,https://www.khanoumi.com/products/biol-chocolate-ice-cream-lotion-25209,من یه مدته دارم استفاده می کنم خیلی عالیه ، موها رو نرم می کنه ، یکم وزِش رو میگیره ، اصلا چرب نیس ، خوشبو ، دوسش دارم خیلی ، فقط موقع استفاده مستقیم روی مو نزنین ، بزنین کف دست بعد روی مو تا بهتر پخش بشه,6,true,2021-10-25T17:55:16+00:00,مثبت,0.91,محصول | اصل بودن کالا,محصول
لوسیون بستنی شکلاتی تقویت و ترمیم کننده موی نازک و آسیب دیده حجم 400 میلی لیتر,https://www.khanoumi.com/products/biol-chocolate-ice-cream-lotion-25209,نباید انتظار معجزه داشت و من قبل حموم به دم موهام که خشکه میزنم و وقتی میام بیرونم برای اینکه بوی خوبی داره و روی مو میمونه ازش استفاده میکنم و راضیم,13,true,2020-11-19T12:35:36+00:00,مثبت,0.91,محصول,محصول
لوسیون بستنی شکلاتی تقویت و ترمیم کننده موی نازک و آسیب دیده حجم 400 میلی لیتر,https://www.khanoumi.com/products/biol-chocolate-ice-cream-lotion-25209,عالیه خیلی خوبه من وقتی که تموم شد دیگه ازش شارژ نکردم و گفتم این لوسیون کار خاصی نمیکنه!!! (طبق نظرات کاربران) اما بعد از دو الی سه ماه، موهام دوباره خشک و کمی وز شد، ولی وقتی دوباره از این محصول رو شارژ کردم، آبرسانی عالی‌ش درخشندگی رو به موهام برگردوند🧡,12,true,2020-11-06T20:54:05+00:00,مثبت,0.95,محصول,محصول
لوسیون بستنی شکلاتی تقویت و ترمیم کننده موی نازک و آسیب دیده حجم 400 میلی لیتر,https://www.khanoumi.com/products/biol-chocolate-ice-cream-lotion-25209,خیلیییی خوشبو هستش فقط زیاد نباید زد چون یه مقداری چرب میشه ,9,true,2020-09-29T01:01:55+00:00,خنثی,0.35,محصول,محصول
لوسیون بستنی شکلاتی تقویت و ترمیم کننده موی نازک و آسیب دیده حجم 400 میلی لیتر,https://www.khanoumi.com/products/biol-chocolate-ice-cream-lotion-25209,موها رو نرم و لطیف میکنه راضیم ازش واقعا به صرفس,3,true,2020-08-21T22:15:04+00:00,مثبت,0.79,محصول,محصول
لوسیون بستنی شکلاتی تقویت و ترمیم کننده موی نازک و آسیب دیده حجم 400 میلی لیتر,https://www.khanoumi.com/products/biol-chocolate-ice-cream-lotion-25209,چندماهی هست ک از این محصول استفاده میکنم. طبق تعریفایی ک ازش شده بود خریدمش ولی کار خاصی نمیکنه و بیشتر ب درد موهایی میخوره ک سالمن و مشکل خاصی ندارن و اینکه نرمی ک ب مو میده برای همون چنددیقه ی بعداز استفادش هستش,4,true,2020-07-25T22:13:53+00:00,خنثی,0.35,محصول,محصول
لوسیون بستنی شکلاتی تقویت و ترمیم کننده موی نازک و آسیب دیده حجم 400 میلی لیتر,https://www.khanoumi.com/products/biol-chocolate-ice-cream-lotion-25209,۳ ۴دفه ازش استفاده کردم، تاثیری نداره کلا، کلی زیاد زدم، حتی میگفتن موها رو چرب میکنه نکرد. کلا هیچ کاری نمیکنه.,6,true,2020-05-18T18:35:30+00:00,خنثی,0.35,محصول,محصول
لوسیون بستنی شکلاتی تقویت و ترمیم کننده موی نازک و آسیب دیده حجم 400 میلی لیتر,https://www.khanoumi.com/products/biol-chocolate-ice-cream-lotion-25209,حدود یک ماهی هست که دارم ازش استفاده میکنم بوی خیلی خوبی داره و موها رو هم نرم و لطیف میکنه اما انتظار معجزه نباید ازش داشته باشید. در کل راضیم ازش :-),4,true,2020-05-06T11:51:58+00:00,مثبت,0.95,محصول,محصول
لوسیون بستنی شکلاتی تقویت و ترمیم کننده موی نازک و آسیب دیده حجم 400 میلی لیتر,https://www.khanoumi.com/products/biol-chocolate-ice-cream-lotion-25209,حدود یک ماهی هست که دارم ازش استفاده میکنم بوی خیلی خوبی داره و موها رو هم نرم و لطیف میکنه اما انتظار معجزه نباید ازش داشته باشید. در کل راضیم ازش :-),0,true,2020-05-06T11:51:31+00:00,مثبت,0.95,محصول,محصول
لوسیون بستنی شکلاتی تقویت و ترمیم کننده موی نازک و آسیب دیده حجم 400 میلی لیتر,https://www.khanoumi.com/products/biol-chocolate-ice-cream-lotion-25209,خیلی راضیم مو رو نرم و خوش بو میکنه,2,true,2020-03-29T00:35:36+00:00,مثبت,0.79,محصول,محصول
لوسیون بستنی شکلاتی تقویت و ترمیم کننده موی نازک و آسیب دیده حجم 400 میلی لیتر,https://www.khanoumi.com/products/biol-chocolate-ice-cream-lotion-25209,من همیشه روغن  مختلف برای موهام استفاده میکردم یا سرم دوفاز اولین بار کرم مو خریدم کیفیتش در حد روغن ارگان یا گلیس .... برای موهان نبود یا حالت دهیش کم بود وز مو هم نگرفت فقط بوش و موندگاری بوش راضی بودم . ,2,true,2020-03-22T03:26:14+00:00,مثبت,0.67,محصول,محصول
لوسیون بستنی شکلاتی تقویت و ترمیم کننده موی نازک و آسیب دیده حجم 400 میلی لیتر,https://www.khanoumi.com/products/biol-chocolate-ice-cream-lotion-25209,برای من که موهای نازک و آسیب دیده ای دارم و خیلی موهام میریزه واقعا یه حس تازکی و زندگی به موهام میده موهامونرم میکنه بوی خوبی داره و مورو چرب هم نمیکنه,4,true,2020-03-15T04:35:26+00:00,مثبت,0.67,محصول,محصول
لوسیون بستنی شکلاتی تقویت و ترمیم کننده موی نازک و آسیب دیده حجم 400 میلی لیتر,https://www.khanoumi.com/products/biol-chocolate-ice-cream-lotion-25209,وای هزار امتیاز کمه براش ... محشرهههههههههههههههههههه .... انقدر بوش خوبه واقعا می خوام بخورمش .. از خود کاکائو هم خوشبو تره ... نرمم میکنه و بوش موندگاره .. همه مزه هاشو میخوام بگیرم بخورم ❤😂😂😂😂😂,7,true,2020-03-11T02:29:48+00:00,مثبت,0.79,محصول,محصول
لوسیون بستنی شکلاتی تقویت و ترمیم کننده موی نازک و آسیب دیده حجم 400 میلی لیتر,https://www.khanoumi.com/products/biol-chocolate-ice-cream-lotion-25209,"خیلی عالیه واقعاااا و خیلی هم به موهای اسیب دیده من کمک کرد من حدود ۴ ماهه دارم استفاده میکنم 
",3,true,2020-03-06T15:29:55+00:00,مثبت,0.79,محصول,محصول
لوسیون بستنی شکلاتی تقویت و ترمیم کننده موی نازک و آسیب دیده حجم 400 میلی لیتر,https://www.khanoumi.com/products/biol-chocolate-ice-cream-lotion-25209,عالییییییییییییییییییییییییییییییییییییییییییییییییییییییییی در یک کلام🤩🤩🤩🤩🤩🤩🤩🤩🤩🤩🤩😍😍😍😍😍😍😍💜🧡💛💚💙❤💜🧡💛💚💙❤💜🧡💛💚💙❤,2,true,2020-02-28T12:20:45+00:00,مثبت,0.67,سایر,سایر
لوسیون بستنی شکلاتی تقویت و ترمیم کننده موی نازک و آسیب دیده حجم 400 میلی لیتر,https://www.khanoumi.com/products/biol-chocolate-ice-cream-lotion-25209,"حجم خیلی بالایی نسبت به قیمتش داره و بویه خوبی داره اصلا سنگین نیس و موهارو چرب نمیکن.
نرم کنندگی خوبی داره و مورو خوش حالت میکن من از همون بار اول که استفاده کردم تاثیر خیلی خوبی داشت برام و خیلی راضیم",2,true,2020-02-20T21:01:14+00:00,مثبت,0.95,محصول | اصل بودن کالا | قیمت,محصول
لوسیون بستنی شکلاتی تقویت و ترمیم کننده موی نازک و آسیب دیده حجم 400 میلی لیتر,https://www.khanoumi.com/products/biol-chocolate-ice-cream-lotion-25209,دوسش دارم آدم دوسداره بخورتش 😂💖😍,3,true,2020-01-31T20:05:48+00:00,خنثی,0.35,سایر,سایر
لوسیون بستنی شکلاتی تقویت و ترمیم کننده موی نازک و آسیب دیده حجم 400 میلی لیتر,https://www.khanoumi.com/products/biol-chocolate-ice-cream-lotion-25209,سرم موي خوبيه مو هارو نرم ميكنه اما اصلااا وز رو نميگيره صرفا موهارو نرم ميكنه اما خوبه ,6,true,2020-01-12T20:02:38+00:00,مثبت,0.95,محصول | اصل بودن کالا,محصول
لوسیون بستنی شکلاتی تقویت و ترمیم کننده موی نازک و آسیب دیده حجم 400 میلی لیتر,https://www.khanoumi.com/products/biol-chocolate-ice-cream-lotion-25209,این ماسک مو فوق العاده س موهامو نرم و خوش حالت کرده و بوی خیلییی خوبی میده و از همه مهمتر حجم زیادشه مرسی از خانومی😍😍,5,true,2020-01-09T16:28:39+00:00,مثبت,0.91,محصول,محصول
لوسیون بستنی شکلاتی تقویت و ترمیم کننده موی نازک و آسیب دیده حجم 400 میلی لیتر,https://www.khanoumi.com/products/biol-chocolate-ice-cream-lotion-25209,من این محصول و گرفتم واقعاااا میشه گفت در نوع خودش فوق العاده اس بوی شیرکاکائو میده قشنگ 😍😍 ماندگاریش روی مو خوبه یعنی وقتی نرم‌کنه مو رو همونجوری تا دو سه روز نرم‌میمونه من که خیلی راضی بودم,4,false,2020-01-07T22:53:51+00:00,مثبت,0.95,محصول,محصول
لوسیون بستنی شکلاتی تقویت و ترمیم کننده موی نازک و آسیب دیده حجم 400 میلی لیتر,https://www.khanoumi.com/products/biol-chocolate-ice-cream-lotion-25209,محشر و فوق العاده.اونایی که میگن موهاشونو خشک میکنه شاید روی موهای نمدار اسپری نکردن یا اصلا بیخود میکنن میگن.این محصول کیفیت عالی داره بوی خفن و خوردنی و ماندگاری متوسط اما خوب.حجم زیاد و عدم چربی یا سنگینی روی مو.بیول محصولاتش بینهایت عالیه,5,true,2020-01-06T00:04:28+00:00,مثبت,0.95,محصول | اصل بودن کالا,محصول
لوسیون بستنی شکلاتی تقویت و ترمیم کننده موی نازک و آسیب دیده حجم 400 میلی لیتر,https://www.khanoumi.com/products/biol-chocolate-ice-cream-lotion-25209,افتضاح تر از این نداریم ، موهامو خشک و وز و کدر کرد ، فقط مناسب سطل آشغاله,2,true,2019-12-31T22:24:36+00:00,منفی,0.67,محصول,محصول
لوسیون بستنی شکلاتی تقویت و ترمیم کننده موی نازک و آسیب دیده حجم 400 میلی لیتر,https://www.khanoumi.com/products/biol-chocolate-ice-cream-lotion-25209,این لوسیون عالیهه چقدر بوش خوبه موهارو نرم و لطیف میکنه ممنون از خانومی به خاطر محصولات عالیشون,3,true,2019-12-28T09:51:47+00:00,مثبت,0.95,محصول,محصول
لوسیون بستنی شکلاتی تقویت و ترمیم کننده موی نازک و آسیب دیده حجم 400 میلی لیتر,https://www.khanoumi.com/products/biol-chocolate-ice-cream-lotion-25209,خیلی‌خوبه‌من‌توحرا‌جمعه‌خریدم‌میتونم‌به‌جرات‌فوقالعاده‌ست‌حتی‌روی‌موهای‌من‌که‌فر‌جواب‌داده‌باعث‌شده‌فرام‌قشنگ‌تر‌بایسته,10,true,2019-12-08T11:45:16+00:00,مثبت,0.79,محصول,محصول
لوسیون بستنی شکلاتی تقویت و ترمیم کننده موی نازک و آسیب دیده حجم 400 میلی لیتر,https://www.khanoumi.com/products/biol-chocolate-ice-cream-lotion-25209,من همین مدل شکلات بستنی اش رو گرفتم . اصلا راضی نبودم .موهام خشک تر و وز تر شد,5,false,2019-12-08T11:42:27+00:00,منفی,0.79,محصول | اصل بودن کالا,اصل بودن کالا
لوسیون بستنی شکلاتی تقویت و ترمیم کننده موی نازک و آسیب دیده حجم 400 میلی لیتر,https://www.khanoumi.com/products/biol-chocolate-ice-cream-lotion-25209,عالیه ،حرف نداره ،موهای خشک ووزدارم نرم لطیف شده،مرسی خانومی🌹,10,true,2019-12-01T13:27:20.9166667+00:00,منفی,0.67,محصول,محصول
لوسیون بستنی شکلاتی تقویت و ترمیم کننده موی نازک و آسیب دیده حجم 400 میلی لیتر,https://www.khanoumi.com/products/biol-chocolate-ice-cream-lotion-25209,من کف سرم چربه شعنی موهام یه روز بعد از حمدم چرب میشه تقریبا اما روز اوّل ساقه های موهام خیلی خشک و وزه چون آسیب دیده این مدل خوبه یا باید موهیتوشو بگیرم؟ چون شوره هم دارم ..  من تعریف این مدل شکلاتی و نیکافه ایش رو خیلی شنیدم حالا نمیدونم کدوم برام مناسبه میترسم اینو بزنم موهام چرب شه,11,false,2019-11-30T12:20:55.2566667+00:00,مثبت,0.79,محصول,محصول
لوسیون بستنی شکلاتی تقویت و ترمیم کننده موی نازک و آسیب دیده حجم 400 میلی لیتر,https://www.khanoumi.com/products/biol-chocolate-ice-cream-lotion-25209,یه محصول فوق العاده که همون بار اول که ازش استفاده میکنی تاثیرش رو حس میکنی بوی خیلی خوبی داره ، موهارو نرم میکنه و به نظرم برای کسایی که موهاشون خشکه عالیه چون خودم هم موهام خشکه هم وز ولی همون دفعه اول که ازش استفاده کردم وز موهام برطرف شد البته به این نکته هم اشاره کنم که همه ی محصولا توی زمان طولانی تاثیر قطعی و ماندگارشون رو میذارن,10,true,2019-11-28T22:26:54.87+00:00,مثبت,0.95,محصول,محصول
لوسیون بستنی شکلاتی تقویت و ترمیم کننده موی نازک و آسیب دیده حجم 400 میلی لیتر,https://www.khanoumi.com/products/biol-chocolate-ice-cream-lotion-25209,با اولین استفاده تاثیرش روی مو حس میکنید خوشبو،نرن کننده،کراتین عالللی,7,false,2019-10-24T23:25:48+00:00,خنثی,0.35,محصول,محصول
لوسیون بستنی شکلاتی تقویت و ترمیم کننده موی نازک و آسیب دیده حجم 400 میلی لیتر,https://www.khanoumi.com/products/biol-chocolate-ice-cream-lotion-25209,نسبت به قیمتش حجمش خیلی خوبه👌🏻❤,6,true,2019-10-21T17:25:32+00:00,مثبت,0.91,محصول | قیمت,محصول
لوسیون بستنی نسکافه ای تقویت کننده موی رنگ شده و آسیب دیده,https://www.khanoumi.com/products/biol-coffee-ice-cream-lotion-25210,"این محصول خیلییی بوی عالی داره و من واقعا عاشقش شدم 
اما قیمتش جدیدا خیلی گرون شده و فقط با تخفیف ویژه ارزش خرید داره",0,true,2026-05-21T21:56:16.0776485+03:30,مثبت,0.79,قیمت | محصول,قیمت
لوسیون بستنی نسکافه ای تقویت کننده موی رنگ شده و آسیب دیده,https://www.khanoumi.com/products/biol-coffee-ice-cream-lotion-25210,هم بوش خیلیی خیلییی خوبههه ، هم اینکه من موهام فره بعد حموم خشک که میشد یکم وز میشد ، اینو که میزنم فرش هم خیلی نرم و خوشگل میمونه هم اینکه دیگه وز نمیشه بوش هم تا یه دو سه ساعت رو موها هستشش,0,true,2026-05-05T00:25:51.6132934+03:30,مثبت,0.79,محصول,محصول
لوسیون بستنی نسکافه ای تقویت کننده موی رنگ شده و آسیب دیده,https://www.khanoumi.com/products/biol-coffee-ice-cream-lotion-25210,من بعد استفاده از این محصول ریزش موی شدید گرفتم با اینکه به کف سرم هم نمیزدم نصفشو اصلا دیگه استفاده نکردم واقعا داشتم کچل میشدم معلوم نیست ترکیباتش چیه که انقد باعث ریزش مو میشه,0,false,2026-04-19T23:08:03.4338209+03:30,مثبت,0.67,محصول | اصل بودن کالا,محصول
لوسیون بستنی نسکافه ای تقویت کننده موی رنگ شده و آسیب دیده,https://www.khanoumi.com/products/biol-coffee-ice-cream-lotion-25210,بوش خفه کننده س تازه من عاشق بوی نسکافه هستم، ولی خب موهای رنگ کرده منو قشنگ نرم میکنه,0,true,2026-03-25T01:33:23.4845032+03:30,خنثی,0.35,محصول,محصول
لوسیون بستنی نسکافه ای تقویت کننده موی رنگ شده و آسیب دیده,https://www.khanoumi.com/products/biol-coffee-ice-cream-lotion-25210,زیاد دوسش ندارم,0,true,2026-01-31T14:22:58.039642+03:30,خنثی,0.35,سایر,سایر
لوسیون بستنی نسکافه ای تقویت کننده موی رنگ شده و آسیب دیده,https://www.khanoumi.com/products/biol-coffee-ice-cream-lotion-25210,من عاشق این لوسیون مو هستم قبلا بیسکوئیتیشو استفاده کرده بودم ولی قهوش بوش بهتره.فقط بین این دوتا تفاوتی که هست پشت بیسکوئیتی نوشته مرطوب کننده مو ولی پشت قهوه نوشته ترمیم کننده موهای اسیب دیده که باید توجه کنید.ولی در کل خیلی محصول خوبیه,0,true,2025-11-21T17:56:59.4636649+03:30,مثبت,0.67,محصول,محصول
لوسیون بستنی نسکافه ای تقویت کننده موی رنگ شده و آسیب دیده,https://www.khanoumi.com/products/biol-coffee-ice-cream-lotion-25210,من عاشق بوشم دقیقا نسکافه ایه موهای من به شدت خشکه بعد سشوار میزنم نرم میشه و اون حالت وزی رو یه مقدار کنترل میکنه البته انتظار معجزه نداشته باشید به کف سر هم اصلا نزنید از پایین گوش بزنید,0,false,2025-10-30T18:00:32.154664+03:30,مثبت,0.67,محصول | اصل بودن کالا,محصول
لوسیون بستنی نسکافه ای تقویت کننده موی رنگ شده و آسیب دیده,https://www.khanoumi.com/products/biol-coffee-ice-cream-lotion-25210,"افتضاحه
 ریزش مو گرفتم با اینکه به کف سرم نمیزدم 
موهارو بشدت چرب و سنگین میکنه باید روزانه بری حمام خلاصه بگم که واقعا بده",0,true,2025-09-01T00:50:05.4453779+03:30,منفی,0.91,محصول,محصول
لوسیون بستنی نسکافه ای تقویت کننده موی رنگ شده و آسیب دیده,https://www.khanoumi.com/products/biol-coffee-ice-cream-lotion-25210,اصلا خوب نیست. بوی خوبی داره، خوب هم جذب میشه ولی اصلا نرم کننده یا ترمیم کنندگی نداره.,0,false,2025-07-11T08:02:47.1315199+00:00,منفی,0.67,محصول | اصل بودن کالا,اصل بودن کالا
لوسیون بستنی نسکافه ای تقویت کننده موی رنگ شده و آسیب دیده,https://www.khanoumi.com/products/biol-coffee-ice-cream-lotion-25210,خیلی بوی زننده و شیرینی داره،برای موهای رنگ شده خیلی جوابگو نیست و بیشتر موهای من رو خشک کرد.,0,true,2025-07-09T06:15:34.1947077+00:00,خنثی,0.35,محصول,محصول
لوسیون بستنی نسکافه ای تقویت کننده موی رنگ شده و آسیب دیده,https://www.khanoumi.com/products/biol-coffee-ice-cream-lotion-25210,"بوی بهشتتتت می‌دهههه‌
از بیسکوییتیش‌ خیلی بوش بهترهههه",0,false,2025-06-18T09:54:43.607535+00:00,خنثی,0.35,محصول,محصول
لوسیون بستنی نسکافه ای تقویت کننده موی رنگ شده و آسیب دیده,https://www.khanoumi.com/products/biol-coffee-ice-cream-lotion-25210,خیلی جالب نبود . البته زیاد هنوز استفاده نکردم ولی تا اینجا یه لوسیون معمولی هستش . از هیچی بهتره ولی نباید ازش توقع زیادی داشت . بوش هم اصلا ماندگاری نداره .,0,true,2025-05-31T11:58:15.543963+00:00,مثبت,0.67,محصول | اصل بودن کالا,محصول
لوسیون بستنی نسکافه ای تقویت کننده موی رنگ شده و آسیب دیده,https://www.khanoumi.com/products/biol-coffee-ice-cream-lotion-25210,کیفیت و حجم نسبت ب قیمت بسیارعالی بوی فوق العاده ای داره و بسته بندی مناسب,0,true,2025-04-27T13:50:37.1227031+00:00,مثبت,0.79,محصول | تحویل و ارسال | قیمت,محصول
لوسیون بستنی نسکافه ای تقویت کننده موی رنگ شده و آسیب دیده,https://www.khanoumi.com/products/biol-coffee-ice-cream-lotion-25210,من که ازش خیلی راضیم موهامو خیلی نرم و ابریشمی میکنه و بوش روهم دوست دارم .,0,false,2025-03-23T23:21:14.2313451+00:00,مثبت,0.79,محصول,محصول
لوسیون بستنی نسکافه ای تقویت کننده موی رنگ شده و آسیب دیده,https://www.khanoumi.com/products/biol-coffee-ice-cream-lotion-25210,"برای شونه کردن موها عالیه و بوی خوشمزه میده
اگر بوهای شیرینی دوست ندارید براتون مناسب نیست",0,true,2025-02-12T17:00:05.8177389+00:00,مثبت,0.79,محصول,محصول
لوسیون بستنی نسکافه ای تقویت کننده موی رنگ شده و آسیب دیده,https://www.khanoumi.com/products/biol-coffee-ice-cream-lotion-25210,واقعا افتضاحه بوش خیلی بده من حالت تهوع گرفتم از بوش حیف که قبول نمیکنن مرجوع کنم,0,true,2025-02-11T15:07:58.3977575+00:00,منفی,0.91,محصول,محصول
لوسیون بستنی نسکافه ای تقویت کننده موی رنگ شده و آسیب دیده,https://www.khanoumi.com/products/biol-coffee-ice-cream-lotion-25210,موهای من فر نمیتونم با این موهامو شونه کنم خشم میشه,0,true,2025-02-03T11:52:54.5619243+00:00,خنثی,0.35,محصول,محصول
لوسیون بستنی نسکافه ای تقویت کننده موی رنگ شده و آسیب دیده,https://www.khanoumi.com/products/biol-coffee-ice-cream-lotion-25210,موهامو خیلی خشک کرد و بوش رو اصلا دوست نداشتم و بنطرم اونقدر خاصیت نرم کنندگی و ابرسانی بالا نداشت و هرچی میزنم تاثیری نمیبینم,0,false,2024-12-14T09:55:47.3764185+00:00,منفی,0.67,محصول | اصل بودن کالا,اصل بودن کالا
لوسیون بستنی نسکافه ای تقویت کننده موی رنگ شده و آسیب دیده,https://www.khanoumi.com/products/biol-coffee-ice-cream-lotion-25210,جنس مو‌های من چربه و یکم‌موهای منو خشک کرد بوی خیلی خوبی داره زیاد موهامو نرم نکرد ولی باتوجه به حجمش قیمته مناسبی داره,0,true,2024-12-11T12:30:01.54257+00:00,مثبت,0.79,محصول | قیمت,محصول
لوسیون بستنی نسکافه ای تقویت کننده موی رنگ شده و آسیب دیده,https://www.khanoumi.com/products/biol-coffee-ice-cream-lotion-25210,خیلی خوبه موها رو نرم و لطیف میکنه من هم از ماسک موی داخل حمومش استفاده میکنم هم دوفازش عالی اینم بگم که شامپو بدن مارک بیول هم عالی,0,true,2024-12-10T21:26:06.2662419+00:00,مثبت,0.95,محصول,محصول
لوسیون بستنی نسکافه ای تقویت کننده موی رنگ شده و آسیب دیده,https://www.khanoumi.com/products/biol-coffee-ice-cream-lotion-25210,من موهام دکلره هست وبعد حموم قبل از سشوار کشیدن میزنم هم باعث شده موهام مثل روز اول سالم باشه هم عطر خوبی داره و مهم از همه موهارو لطیف میکنه بدون اینکه چربشون کنه,0,true,2024-07-19T22:13:48+00:00,ترکیبی,0.66,محصول,محصول
لوسیون بستنی نسکافه ای تقویت کننده موی رنگ شده و آسیب دیده,https://www.khanoumi.com/products/biol-coffee-ice-cream-lotion-25210,"شانه پذیری آسان و خوشبو و مو رو نرم میکنه . من کاکائوی اش رو هم گرفتم و بهش معتاد شدم 
باید حتما بزنم بعد حمام! عالیه",0,true,2024-07-06T17:21:47+00:00,مثبت,0.79,محصول,محصول
لوسیون بستنی نسکافه ای تقویت کننده موی رنگ شده و آسیب دیده,https://www.khanoumi.com/products/biol-coffee-ice-cream-lotion-25210,درود خوبه ولی فکر کنم برای موهای پر پشت زیاد مناسب نیست,0,true,2023-08-07T23:03:40+00:00,مثبت,0.79,محصول,محصول
لوسیون بستنی نسکافه ای تقویت کننده موی رنگ شده و آسیب دیده,https://www.khanoumi.com/products/biol-coffee-ice-cream-lotion-25210,عالیییی بود معجزههه میکنه موهای من نرم شد و خیلی کم گره میخوره صافم میکنه موهامو خیلی حالب بود بوی خوبی داره موهارو نزم و خوش حالت میکنه به نسبت قیمتش من دوسش دارم,0,false,2022-10-23T15:32:17+00:00,مثبت,0.79,محصول | قیمت,محصول
لوسیون بستنی نسکافه ای تقویت کننده موی رنگ شده و آسیب دیده,https://www.khanoumi.com/products/biol-coffee-ice-cream-lotion-25210,من این لوسیون و چند ماهه که دارم استفاده میکنم. موهام رنگ و دکلره شده و خشک و زبر شده بود. اما این لوسیون و میزنم و کاملا موهام نرم و لطیف میشه. بوی خیلی خوبی داره و گره موهارو باز میکنه. جلوی وز شدن موهارو میگیره و موهارو آبرسانی میکنه. من راضی بودم و توصیه میکنم امتحانش کنید. ,3,false,2022-02-21T15:58:56+00:00,مثبت,0.95,محصول,محصول
لوسیون بستنی نسکافه ای تقویت کننده موی رنگ شده و آسیب دیده,https://www.khanoumi.com/products/biol-coffee-ice-cream-lotion-25210,ریزش مو گرفتم باهاش موهای سرم خالی شد,3,true,2021-06-30T00:52:03+00:00,خنثی,0.35,محصول,محصول
لوسیون بستنی نسکافه ای تقویت کننده موی رنگ شده و آسیب دیده,https://www.khanoumi.com/products/biol-coffee-ice-cream-lotion-25210,من و مادرم ازاین محصول استفاده میکنیم راضی هستیم این دومین باره میگیرم موی من چربه ولی اصلا بااین چرب نمیشه وموهاموخیلی زنده ونرم میکنه,9,true,2020-08-04T03:03:08+00:00,مثبت,0.79,محصول | اصل بودن کالا,محصول
لوسیون بستنی نسکافه ای تقویت کننده موی رنگ شده و آسیب دیده,https://www.khanoumi.com/products/biol-coffee-ice-cream-lotion-25210,خیلی ماسک موی خوبیه هرچی از خوبیش بگم کم گفتم عالیه ,6,true,2020-06-25T20:11:45+00:00,مثبت,0.95,محصول,محصول
لوسیون بستنی نسکافه ای تقویت کننده موی رنگ شده و آسیب دیده,https://www.khanoumi.com/products/biol-coffee-ice-cream-lotion-25210,موهارو نرم میکنه و باعث میشه وقتی موها بهم گره خورده راحت شونه بشه. بعد از خشک شدن مو هارو حالت دار میکنه و تا حمام بعدی، مو ها خیلی نرم و حالت دار میمونه.,11,true,2020-05-05T16:45:44+00:00,خنثی,0.35,محصول,محصول
لوسیون بستنی نسکافه ای تقویت کننده موی رنگ شده و آسیب دیده,https://www.khanoumi.com/products/biol-coffee-ice-cream-lotion-25210,در ابتدا که روی موها استفاده میشه خوبه اما وقتی خشک میشه مو حالا پف پیدامیکنه و سنگین میشه‌  ,0,true,2020-05-03T17:38:09+00:00,مثبت,0.79,محصول,محصول
لوسیون بستنی نسکافه ای تقویت کننده موی رنگ شده و آسیب دیده,https://www.khanoumi.com/products/biol-coffee-ice-cream-lotion-25210,هر چقدر از کیفیت این محصول بگم بازم کمه . هم اینکه کیفیت خوبی داره و نسبت به حجم زیادش قیمت به صرفه ای داره . من که فوق العاده راضیم,6,true,2020-02-25T16:15:37+00:00,مثبت,0.95,محصول | قیمت,محصول
لوسیون بستنی نسکافه ای تقویت کننده موی رنگ شده و آسیب دیده,https://www.khanoumi.com/products/biol-coffee-ice-cream-lotion-25210,من که راضیم,4,true,2020-02-21T00:26:09+00:00,مثبت,0.79,سایر,سایر
لوسیون بستنی نسکافه ای تقویت کننده موی رنگ شده و آسیب دیده,https://www.khanoumi.com/products/biol-coffee-ice-cream-lotion-25210,"این محصول عااااااااااالیه 
من جنس موهام خیلی نازکه،هرچقد شونه میکنم ،۵ دقیقه بعد باز میپیچه تو هم
ولی از این که میزنم عین حالت کراتینه میشه،صاف و یکدست
به همه پیشنهاد میکنم حتما این محصولو تهیه کنن",9,true,2020-01-14T12:13:38+00:00,مثبت,0.79,محصول,محصول
لوسیون بستنی نسکافه ای تقویت کننده موی رنگ شده و آسیب دیده,https://www.khanoumi.com/products/biol-coffee-ice-cream-lotion-25210,جزو فوق العاده ترین ماسک مو هایی هست که استفاده کردم من موهای دکلره شده و فری دارم وقتی از این ماسک مو استفاده میکنم بدون اینکه موهامو چرب کنه آبرسانی میکنه و بوی فوق العاده خوب نسکافه میده😍,4,false,2020-01-03T11:00:36+00:00,مثبت,0.79,محصول,محصول
لوسیون بستنی نسکافه ای تقویت کننده موی رنگ شده و آسیب دیده,https://www.khanoumi.com/products/biol-coffee-ice-cream-lotion-25210,واقعا خیلی عالیه موهارو نرم میکنه سبکه😍,3,false,2019-12-03T13:40:55.6166667+00:00,مثبت,0.79,محصول,محصول
لوسیون بستنی نسکافه ای تقویت کننده موی رنگ شده و آسیب دیده,https://www.khanoumi.com/products/biol-coffee-ice-cream-lotion-25210,خیلی عالیه موهای سوخته رو خیلی عالی کرده🤩🤩🤩🤩,3,true,2019-11-29T09:42:08.3633333+00:00,مثبت,0.91,محصول,محصول
لوسیون بستنی نسکافه ای تقویت کننده موی رنگ شده و آسیب دیده,https://www.khanoumi.com/products/biol-coffee-ice-cream-lotion-25210,"سلام و عرض خسته نباشید ❤️ مرسی از خانومی بابت این محصول عالی و با کیفیت ! 
من از این ماسک مو استفاده کردم و واقعا در یک کلمه عالی و فوق العاده بود🙏🏻شدیدا پیشنهادش میکنم",6,true,2019-11-19T02:47:34+00:00,مثبت,0.95,محصول,محصول
لوسیون بستنی نسکافه ای تقویت کننده موی رنگ شده و آسیب دیده,https://www.khanoumi.com/products/biol-coffee-ice-cream-lotion-25210,سلام من اين محصول براي بار دوم استفاده ميكنم..خيلي بوي خوبي داره و قبل از استفاده از اتو مو باعث حالت دهندگي خوب ميشه..حجم بالايي داره و مو رو چرب نميكنه...و يكي از مثبت ترين نكتش داشتن قفل كه براي سفر خيلي خوبه,10,true,2019-10-21T15:35:40+00:00,مثبت,0.95,محصول,محصول
لوسیون بستنی نسکافه ای تقویت کننده موی رنگ شده و آسیب دیده,https://www.khanoumi.com/products/biol-coffee-ice-cream-lotion-25210,بوی خیلی خیلی خوبی داره موهارو نرم میکنه حجمشم نسبت به قیمتش خوبه,4,true,2019-10-07T19:18:39+00:00,مثبت,0.95,محصول | قیمت,محصول
لوسیون بستنی نسکافه ای تقویت کننده موی رنگ شده و آسیب دیده,https://www.khanoumi.com/products/biol-coffee-ice-cream-lotion-25210,نسبت ب قیمتش حجم خوبی داره راجب بوش حرف نزنم ک عالیه ی جوریه ادم دلش میخواد بخوره ب جای اینکه بزنه ب موهاش موهارو نرم میکنه من خیلی دوستش دارم,4,true,2019-10-07T18:33:16+00:00,مثبت,0.91,محصول | قیمت,محصول
لوسیون بستنی نسکافه ای تقویت کننده موی رنگ شده و آسیب دیده,https://www.khanoumi.com/products/biol-coffee-ice-cream-lotion-25210,"ماسک موی خیلی خیلی خوبیه 
من که خیلی راضیم 
مورو هم خوشبو میکنه هم یه نرمی به موهامیده",2,false,2019-10-06T23:23:16+00:00,مثبت,0.95,محصول,محصول
لوسیون بستنی نسکافه ای تقویت کننده موی رنگ شده و آسیب دیده,https://www.khanoumi.com/products/biol-coffee-ice-cream-lotion-25210,خیلی خوب مو رو نرم میکنه و بوی خیلی خوبی داره,1,false,2019-10-05T12:47:39+00:00,مثبت,0.95,محصول,محصول
لوسیون بستنی نسکافه ای تقویت کننده موی رنگ شده و آسیب دیده,https://www.khanoumi.com/products/biol-coffee-ice-cream-lotion-25210,خیلی خیلی عالیه برای موهای منی که دکلرست! خیلی موهارو نرم و خوش حالت میکنه. چه به موی خشک زدم چه نم دار. حالت کرمی داره،من به موهام میزنمو میبافمش بعد که باز میکنم اییینقدر نرم و سالم میکنه که تعجب میکنی یه محصول ایرانی این کارو کرده گرچه از نظر من بیول برند خیلی خوبیه 👍🏻 فقط من از بوی کاکائوش روی مو خیلی خوشم نیومد با اینکه عاشق کاکائوام، اما بوی بیسکوئیتیش فوق العادست,3,false,2019-10-01T08:52:17+00:00,مثبت,0.95,محصول,محصول
لوسیون بستنی نسکافه ای تقویت کننده موی رنگ شده و آسیب دیده,https://www.khanoumi.com/products/biol-coffee-ice-cream-lotion-25210,"من سه نوع از اين محصول رو خريدارى كردم عاليه
من كه راضيم با موهاى من سازگارى داره ، ممنون بيول جان ،چه بوى خوبى ميدى☺️☺️☺️",3,true,2019-09-28T18:08:21+00:00,مثبت,0.95,محصول,محصول
لوسیون بستنی نسکافه ای تقویت کننده موی رنگ شده و آسیب دیده,https://www.khanoumi.com/products/biol-coffee-ice-cream-lotion-25210,خیلی سبکه و من ازش راضیم,2,false,2019-09-28T11:11:55+00:00,مثبت,0.79,سایر,سایر
لوسیون بستنی نسکافه ای تقویت کننده موی رنگ شده و آسیب دیده,https://www.khanoumi.com/products/biol-coffee-ice-cream-lotion-25210,سلام دوستان من موهام کراتین شده است این محصول رو قبلا خریدم میخوام بدونم بعد از کراتین هم میشه ازش استفاده کرد یا مناسب نیست؟,15,false,2019-09-21T10:27:43+00:00,منفی,0.67,محصول,محصول
ادوتویلت زنانه آریو فری 50 میلی لیتر,https://www.khanoumi.com/products/odora-are-you-free-eau-de-toilette-for-women-50ml-25237,"رنگ نارنجی این عطرو من داشتم خیلی عالی بود 
دیگه پیداش نمیکنم کاش موجود بشه باز",0,true,2023-08-23T14:14:58+00:00,مثبت,0.79,محصول,محصول
لوسیون بستنی شکلاتی تقویت و ترمیم کننده موی نازک و آسیب دیده حجم 400 میلی لیتر,https://www.khanoumi.com/products/biol-chocolate-ice-cream-lotion-25209,من  پایین موهام خشک خشک شده بود ولی با ابن محصول دوباره داره احیا میشه😍😍 بوش هم که عالی و ماندگار هست,7,true,2019-10-21T16:32:06+00:00,مثبت,0.67,محصول,محصول
لوسیون بستنی شکلاتی تقویت و ترمیم کننده موی نازک و آسیب دیده حجم 400 میلی لیتر,https://www.khanoumi.com/products/biol-chocolate-ice-cream-lotion-25209,نسبت به قیمتش واقعا حجم و کیفیت خووبی داره، موها رو خیلی نرم میکنه,7,false,2019-10-17T18:31:21+00:00,خنثی,0.35,محصول | قیمت,محصول
لوسیون بستنی شکلاتی تقویت و ترمیم کننده موی نازک و آسیب دیده حجم 400 میلی لیتر,https://www.khanoumi.com/products/biol-chocolate-ice-cream-lotion-25209,این محصول خیلی خوش بو است و مو را نرم میکند اصلا هم ان را چرب نمیکند,7,true,2019-10-09T23:28:39+00:00,مثبت,0.67,محصول | اصل بودن کالا,محصول
لوسیون بستنی شکلاتی تقویت و ترمیم کننده موی نازک و آسیب دیده حجم 400 میلی لیتر,https://www.khanoumi.com/products/biol-chocolate-ice-cream-lotion-25209,اين مدل ماسك مو توي تخفيفا گرفتم  بار اول ك زدم بوش دوست نداشتم اما وقتي ك   استفاده كردم كار موهام تموم شد ي بوي ملايم خوب ميداد و از خريد راظيم👌🏻💕,11,false,2019-10-09T01:42:42+00:00,مثبت,0.67,محصول | قیمت,محصول
لوسیون بستنی شکلاتی تقویت و ترمیم کننده موی نازک و آسیب دیده حجم 400 میلی لیتر,https://www.khanoumi.com/products/biol-chocolate-ice-cream-lotion-25209,عالي بود من استفاده كردم مرسيييي,7,true,2019-10-07T13:51:11+00:00,مثبت,0.91,محصول,محصول
لوسیون بستنی شکلاتی تقویت و ترمیم کننده موی نازک و آسیب دیده حجم 400 میلی لیتر,https://www.khanoumi.com/products/biol-chocolate-ice-cream-lotion-25209,خیلی خوبه یبار خریدم دوست دارم بازم بگیرم عالی بود با تخفیفم ک بهتر 😍,5,false,2019-10-03T17:57:52+00:00,مثبت,0.95,محصول | قیمت,محصول
لوسیون بستنی شکلاتی تقویت و ترمیم کننده موی نازک و آسیب دیده حجم 400 میلی لیتر,https://www.khanoumi.com/products/biol-chocolate-ice-cream-lotion-25209,این لوسیون علاوه بر ظاهر جذابی که داره باطنش هم جذابه  و موهاتون رو خیلی خوشگل میکنه اگه تخفیف هم داشته باشه باحال تر هم میشه,9,true,2019-10-01T13:42:10+00:00,خنثی,0.35,محصول | قیمت,محصول
ضد آفتاب رنگی اس پی اف 50 مناسب پوست چرب,https://www.khanoumi.com/products/jute-oily-skin-spf50-sunscreen-cream-25248,رنگ بژ روشنش 3 درجه تیره تر از بژ روشن سینره هست برای پوست من تیره بود. کاور معمولی داره مات میشه ماندگاری نسبتا خوبی داره تنها مشکلش خیلی تیره بودنش هست اونم برای بژ روشن !!!,0,true,2026-08-26T08:37:27.0715684+03:30,مثبت,0.67,محصول,محصول
ضد آفتاب رنگی اس پی اف 50 مناسب پوست چرب,https://www.khanoumi.com/products/jute-oily-skin-spf50-sunscreen-cream-25248,بژ روشنش اصلا روشن نیست با اینکه رنگ پوست من نسبتا گندمیه و اصلا سفید نیست بازم تیره بود برام بافت و فید شدنش رو دوست داشتم ولی خیلی تیره است,0,true,2026-08-23T21:55:04.7967266+03:30,منفی,0.67,محصول | اصل بودن کالا,اصل بودن کالا
ضد آفتاب رنگی اس پی اف 50 مناسب پوست چرب,https://www.khanoumi.com/products/jute-oily-skin-spf50-sunscreen-cream-25248,خیلی روغن داره برای من یجوری بود,0,true,2026-08-22T11:00:17.6812565+03:30,خنثی,0.35,محصول,محصول
ضد آفتاب رنگی اس پی اف 50 مناسب پوست چرب,https://www.khanoumi.com/products/jute-oily-skin-spf50-sunscreen-cream-25248,"خیلی عالی بود پوشش دهی کاورش سبک بود روی پوست  
مات 
خیلی خوب بود خدایی",0,false,2026-08-21T20:32:10.2946438+03:30,مثبت,0.95,محصول,محصول
ضد آفتاب رنگی اس پی اف 50 مناسب پوست چرب,https://www.khanoumi.com/products/jute-oily-skin-spf50-sunscreen-cream-25248,من رنگ پژ روشن رو سفارش دادم و نگران این بودم که تیره نباشه ولی واقعا فوق العادست من که راضی بودم دستتون درد نکنه,0,true,2026-08-20T15:08:33.6751696+03:30,مثبت,0.67,محصول | قیمت,محصول
ضد آفتاب رنگی اس پی اف 50 مناسب پوست چرب,https://www.khanoumi.com/products/jute-oily-skin-spf50-sunscreen-cream-25248,پوشش دهی و رنگش خیلی خوب بود بافت سبکی داشت کلا راضی بودم,0,true,2026-08-14T12:00:49.756799+03:30,مثبت,0.95,محصول,محصول
ضد آفتاب رنگی اس پی اف 50 مناسب پوست چرب,https://www.khanoumi.com/products/jute-oily-skin-spf50-sunscreen-cream-25248,"ضد افتابهای زیادی استفاده کردم تمام برندهای ایرانیو داشتممم 
ژوت رو بی رنگ داشتم اما این خداسسسسس امروز رسید 
اصلا عالی کاور عالی لطیف نرمه اصلا حرف نداره",0,true,2026-08-10T01:01:40.4942806+03:30,مثبت,0.79,اصل بودن کالا | محصول | تحویل و ارسال,اصل بودن کالا
ضد آفتاب رنگی اس پی اف 50 مناسب پوست چرب,https://www.khanoumi.com/products/jute-oily-skin-spf50-sunscreen-cream-25248,پوشانندگی معمولی داره مثل خیلی از ضد افتابهای رنگی.  پوست رو یک دست میکنه . مات  هست برای پوست گندمی کمی تیره اما قابل قبوله.,0,true,2026-08-09T11:27:42.715275+03:30,خنثی,0.35,محصول,محصول
ضد آفتاب رنگی اس پی اف 50 مناسب پوست چرب,https://www.khanoumi.com/products/jute-oily-skin-spf50-sunscreen-cream-25248,من این محصول رو با قیمت 617 تومان خریدم اما بعدش تخفیف خورد و دوتای دیگه به رنگ بژ روشن سفارش دادم، چون برای پوستهایی که ایرادات جزئی داره کاور خوبی داره و جایگزین کرم پودر میشه. برای پوستهای گندمی تیره مناسبتره چون پوست من رو کمی تیره نشون میده اما با این حال به خاطر کیفیت خوبش مطمئنا از این به بعد تو سبد خریدم هست.,0,true,2026-08-07T17:52:54.7502036+03:30,ترکیبی,0.87,محصول | قیمت,محصول
ضد آفتاب رنگی اس پی اف 50 مناسب پوست چرب,https://www.khanoumi.com/products/jute-oily-skin-spf50-sunscreen-cream-25248,بسیار عالی,0,true,2026-08-06T16:53:27.8753639+03:30,مثبت,0.67,سایر,سایر
ضد آفتاب رنگی اس پی اف 50 مناسب پوست چرب,https://www.khanoumi.com/products/jute-oily-skin-spf50-sunscreen-cream-25248,من رنگ روشن گرفتم اما خیلی تیره بود اصلا رنگش به پوستم نمیاد بشدت تیره راضی نبود,0,false,2026-08-05T14:14:20.6845423+03:30,خنثی,0.35,محصول | اصل بودن کالا,محصول
ضد آفتاب رنگی اس پی اف 50 مناسب پوست چرب,https://www.khanoumi.com/products/jute-oily-skin-spf50-sunscreen-cream-25248,پوشانندگی خیلی خوبی داره هم ضد آفتابه هم کاربرد کرم پودر و داره...  من راضی هستم.,0,true,2026-08-04T15:36:25.776097+03:30,مثبت,0.91,محصول,محصول
ضد آفتاب رنگی اس پی اف 50 مناسب پوست چرب,https://www.khanoumi.com/products/jute-oily-skin-spf50-sunscreen-cream-25248,بافتش و پوشانندگیش خوبه ولی یه مشکل بزرگ داره اونم رنگشه من روشن ترینشو گرفتم اما خیلی تیرس,0,true,2026-08-04T12:22:54.6693654+03:30,مثبت,0.79,محصول,محصول
ضد آفتاب رنگی اس پی اف 50 مناسب پوست چرب,https://www.khanoumi.com/products/jute-oily-skin-spf50-sunscreen-cream-25248,بهترین ضدافتابیه که وجود داره، هم پوست و بهتر میکنه، هم جوشا رو از بین میبره، عالیه اصن ، فقط بدیش اینه مال سبزه روهاست.منم که یه کم سبزه ام برام تیره ست کاش رنگای روشن ترم بود,0,true,2026-07-31T12:20:59.3650169+03:30,مثبت,0.79,محصول,محصول
ضد آفتاب رنگی اس پی اف 50 مناسب پوست چرب,https://www.khanoumi.com/products/jute-oily-skin-spf50-sunscreen-cream-25248,"واقعا کیفتیش تغییر کرده من نزدیک پنج شیش ساله میخرم این سری 
شوکه شدم پوشانندگیش خیلیییییی کم شده",0,true,2026-07-31T10:44:58.9136637+03:30,خنثی,0.35,سایر,سایر
ضد آفتاب رنگی اس پی اف 50 مناسب پوست چرب,https://www.khanoumi.com/products/jute-oily-skin-spf50-sunscreen-cream-25248,واقعا عالیه هم ضدآفتاب وهم آبرسان ژوت من چندسال استفاده میکنم وراضی هست,0,false,2026-07-05T15:37:35.5184737+03:30,مثبت,0.91,سایر,سایر
ضد آفتاب رنگی اس پی اف 50 مناسب پوست چرب,https://www.khanoumi.com/products/jute-oily-skin-spf50-sunscreen-cream-25248,کرم خوبیه کاورش عالیه,0,true,2026-07-02T09:11:57.0928112+03:30,مثبت,0.91,محصول,محصول
ضد آفتاب رنگی اس پی اف 50 مناسب پوست چرب,https://www.khanoumi.com/products/jute-oily-skin-spf50-sunscreen-cream-25248,کاور خیلی خوب و کاملی داره به جای کرم آرایشی ازش استفاده میکنم,0,false,2026-06-25T02:43:14.5248658+03:30,مثبت,0.79,محصول,محصول
ضد آفتاب رنگی اس پی اف 50 مناسب پوست چرب,https://www.khanoumi.com/products/jute-oily-skin-spf50-sunscreen-cream-25248,من پوستم گندمی هست و بژ روشن گرفتم اما خیلی تیره هست ولی کاور خیلی خوبی داره باعث جوش و لک هم نمیشه .,0,false,2026-05-25T20:58:43.7103048+03:30,مثبت,0.79,محصول,محصول
ضد آفتاب رنگی اس پی اف 50 مناسب پوست چرب,https://www.khanoumi.com/products/jute-oily-skin-spf50-sunscreen-cream-25248,قبلا ازبیرون خریدم کاورش خوبه .درکل بدنیس,0,false,2026-05-20T14:26:30.3383038+03:30,ترکیبی,0.74,سایر,سایر
ضد آفتاب رنگی اس پی اف 50 مناسب پوست چرب,https://www.khanoumi.com/products/jute-oily-skin-spf50-sunscreen-cream-25248,من حدودا ده ساله ازاین کرم استفاده میکنم، خودم گندمی روشنم لایت بژ میخرم؛اگ زدی و‌برق افتاد با دستمال خشک رطوبتشو بگیر،من پوستم چربه و بهترین ضدافتابه چون کاور طبیعیی و بالایی داره,0,true,2026-05-19T08:21:31.3042405+03:30,مثبت,0.67,محصول,محصول
ضد آفتاب رنگی اس پی اف 50 مناسب پوست چرب,https://www.khanoumi.com/products/jute-oily-skin-spf50-sunscreen-cream-25248,خیلی عالیه هم کاورش هم رنگش مناسب پوست گندمیه و خیلی هم سبک و مات,0,false,2026-05-08T03:27:25.453441+03:30,مثبت,0.79,محصول,محصول
ضد آفتاب رنگی اس پی اف 50 مناسب پوست چرب,https://www.khanoumi.com/products/jute-oily-skin-spf50-sunscreen-cream-25248,"برای پوست چرب عالیه خیلی دیر برق میوفته پوست
من بژ روشن گرفتم که بازم تیره ولی با کانسیلر 01 وانورا عالی میشه 
کاورش هم خوبه",0,true,2026-05-08T01:09:25.6409896+03:30,مثبت,0.95,محصول,محصول
ضد آفتاب رنگی اس پی اف 50 مناسب پوست چرب,https://www.khanoumi.com/products/jute-oily-skin-spf50-sunscreen-cream-25248,"من چهار ماه هر روز دارم ازش استفاده میکنم 
خیلی عالی
کاور خوبی داره
رنگش خیلی روی پوستم میشینه
به تنهایی با یه تینت لب یه آرایش کامله٪",0,false,2026-05-04T23:44:20.0722769+03:30,مثبت,0.79,محصول,محصول
ضد آفتاب رنگی اس پی اف 50 مناسب پوست چرب,https://www.khanoumi.com/products/jute-oily-skin-spf50-sunscreen-cream-25248,من بژ روشن خریدم .جوش و جای جوش داشتم که هر دو رو خوب کاور می‌کنه....من پوستم چربه و اصلا این ضد آفتاب احساس سنگینی روی پوستم ایجاد نکرد....رنگش برای پوستهای گندمی مناسبه...در کل راضی بودم,0,true,2026-04-23T10:22:47.7089807+03:30,مثبت,0.91,محصول | اصل بودن کالا,محصول
ضد آفتاب رنگی اس پی اف 50 مناسب پوست چرب,https://www.khanoumi.com/products/jute-oily-skin-spf50-sunscreen-cream-25248,من بژ روشنشو گرفتم کاور خوبی داره ، هم ضد آفتابه هم کرم پودر ، بیشتر مناسب پوست گندمی هست و برای پوست های روشن پیشنهاد نمیکنم,0,true,2026-04-17T02:34:04.1724658+03:30,خنثی,0.35,محصول,محصول
ضد آفتاب رنگی اس پی اف 50 مناسب پوست چرب,https://www.khanoumi.com/products/jute-oily-skin-spf50-sunscreen-cream-25248,من چند ساله این محصول رو استفاده میکنم ، خیلی راضیم ،چرب نیست،ماندگاری خوبی داره،پوشش خوبی داره ،من بعنوان کرم روزمره استفاده میکنم ،عملا هم ضدافتابه و هم کرم روزمره ارایشی،,0,false,2026-04-14T12:26:51.9123091+03:30,خنثی,0.35,محصول,محصول
ضد آفتاب رنگی اس پی اف 50 مناسب پوست چرب,https://www.khanoumi.com/products/jute-oily-skin-spf50-sunscreen-cream-25248,خیلی عالی بااینکه ضدافتابه ولی کاورخیلی عالی به پوستم میده انگارفیلترمیندازی روی پوست من رنگ بژروشن گرفتم عالی بود,0,false,2026-04-05T04:20:28.7451942+03:30,مثبت,0.95,محصول,محصول
ضد آفتاب رنگی اس پی اف 50 مناسب پوست چرب,https://www.khanoumi.com/products/jute-oily-skin-spf50-sunscreen-cream-25248,سلام . بافت مخملی و سبکی داره . ولی رنگ بژ روشن برای پوست من تیره بود و در ترکیب با محصولات دیگری که داشتم تونستم رنگشو بالانس کنم .,0,false,2026-04-04T20:59:54.2167717+03:30,خنثی,0.35,محصول,محصول
ضد آفتاب رنگی اس پی اف 50 مناسب پوست چرب,https://www.khanoumi.com/products/jute-oily-skin-spf50-sunscreen-cream-25248,ضد آفتاب خوبیه، مات میشه و بو نداره،ضد آبه و بژ طبیعیش یه ذره پوست منو تیره میکنه با این حال راضی ام ازش.,0,true,2026-03-31T01:31:26.8518426+03:30,مثبت,0.91,محصول,محصول
ضد آفتاب رنگی اس پی اف 50 مناسب پوست چرب,https://www.khanoumi.com/products/jute-oily-skin-spf50-sunscreen-cream-25248,"کم پیش میاد کامنت بذارم ، واقعاااا باید از محصولی خوشم بیاد که پیشنهادش کنم 
مزایا 
فول کاور ، در حد کرم پودر
سبکه روی پوست و حس خفگی نداره 

معایب 
پوستت بخوره به لباس ، رنگ میده
رنگش نرمال نیست ، مثلا من که توی همه چی بژ طبیعی استفاده میکنم باید اینو بژ روشن استفاده کنم



در کل من کاور و سبکی برام مهم بود که ژوت راضیم کرد

بعد از تست چندین برند در نهایت ژوت انتخابم شد و الان چند ساله 2 تا 2 تا توی سبدم هست",0,true,2026-03-15T19:53:10.2859411+03:30,ترکیبی,0.87,محصول,محصول
ضد آفتاب رنگی اس پی اف 50 مناسب پوست چرب,https://www.khanoumi.com/products/jute-oily-skin-spf50-sunscreen-cream-25248,عالیه,0,true,2026-03-10T21:52:07.2209083+03:30,مثبت,0.79,سایر,سایر
ضد آفتاب رنگی اس پی اف 50 مناسب پوست چرب,https://www.khanoumi.com/products/jute-oily-skin-spf50-sunscreen-cream-25248,من پوست گندمی دارم رنگ بژ طبیعی رو خریدم خیلی عالیه از ویژگی هاش نگم براتون خیلی سبکه روی پوست و پوشانندگی خوبی داره من جای آکنه روی صورتم داشتم عالی کاور کرد ممنون از خانومی.,0,true,2026-02-26T15:50:21.4111716+03:30,مثبت,0.95,محصول,محصول
ضد آفتاب رنگی اس پی اف 50 مناسب پوست چرب,https://www.khanoumi.com/products/jute-oily-skin-spf50-sunscreen-cream-25248,افتضااااااح....همین فقط,0,true,2026-02-19T14:53:15.4776436+03:30,خنثی,0.35,سایر,سایر
ضد آفتاب رنگی اس پی اف 50 مناسب پوست چرب,https://www.khanoumi.com/products/jute-oily-skin-spf50-sunscreen-cream-25248,"سلام 
من رنگ پوستم گندمی روشنه و بژ روشن گرفتم کا مناسبه رنگش حتی خیلی خیلی خیلی کم برای من یک کوچولو تیرس یعنی می‌خوام بگم که اصلا مناسب پوست های روشن نیست 
کاورش خیلییی خوبه خوب پخش میشه اکسید نمیشه اگر با یک پنکک فیکس کنید تا چندین ساعت اصلا تکون نمیخوره و فینش مات و مخملی داره 
من پوستم پر از جوشه و قرمزی داره تقریبا خوب کاور کرد 
اما جدیدا دو تا جوش زدم که نمیدونم از این کرمه یا سایر روتینم چون کل روتینم و عوض کردم که خب کار اشتباهی بود...
اما در کل بازم میخرم",0,true,2026-02-01T15:51:31.2701916+03:30,ترکیبی,0.92,محصول | اصل بودن کالا,محصول
ضد آفتاب رنگی اس پی اف 50 مناسب پوست چرب,https://www.khanoumi.com/products/jute-oily-skin-spf50-sunscreen-cream-25248,برای پوست های گندمی بژ نچرال بهتر از بژ طبیعیه,0,false,2026-01-29T01:24:34.2451862+03:30,خنثی,0.35,محصول,محصول
ضد آفتاب رنگی اس پی اف 50 مناسب پوست چرب,https://www.khanoumi.com/products/jute-oily-skin-spf50-sunscreen-cream-25248,اصلا خوب نیس و رنگ خیلی بدی دارد,0,false,2026-01-21T20:49:27.4654445+03:30,ترکیبی,0.74,محصول | اصل بودن کالا,محصول
ضد آفتاب رنگی اس پی اف 50 مناسب پوست چرب,https://www.khanoumi.com/products/jute-oily-skin-spf50-sunscreen-cream-25248,باره دومه شارژ میکنم و فقط هم ب خانومی اعتماد دارم از ی پیچ دیگ گرفتم افتضاح بود پوستم سبزه اس و ب شدت یکدست عالی میشه رو پوست بژ طبیعیش عالیه,0,true,2026-01-14T23:02:27.3269046+03:30,مثبت,0.79,محصول,محصول
ضد آفتاب رنگی اس پی اف 50 مناسب پوست چرب,https://www.khanoumi.com/products/jute-oily-skin-spf50-sunscreen-cream-25248,"چند ساله دارم از این ضد آفتاب استفاده میکنم عالیه برای منی که پوست به شدت حساسی دارم 
پوستم چربه و واقعا بهترین ضد آفتابی هست که استفاده کردم 
اصلا جوش نمیزنه . پوستم گندمی قبلاً بژ طبیعی استفاده میکردم الان بژ روشن استفاده میکنم که مناسب تره رنگش واسم در کل راضیم",0,false,2025-12-24T15:29:28.3534498+03:30,مثبت,0.95,محصول | اصل بودن کالا,محصول
ضد آفتاب رنگی اس پی اف 50 مناسب پوست چرب,https://www.khanoumi.com/products/jute-oily-skin-spf50-sunscreen-cream-25248,کاورش عالیه و موندگاریش هم به نسبت یک ضدآفتاب خیلی خوبه. من پوستم حساسه ولی اصلا باعث جوش نشد,0,true,2025-12-24T02:18:56.444992+03:30,مثبت,0.95,محصول | اصل بودن کالا,محصول
ضد آفتاب رنگی اس پی اف 50 مناسب پوست چرب,https://www.khanoumi.com/products/jute-oily-skin-spf50-sunscreen-cream-25248,من خیلی راضی بودم 7 ساله دارم استفاده میکنم از سال 97 به پیشنهاد دکتر پوستم خریدم  تنها کرمی هست که جوش نمیزنم چون پوست چربی دارم هم ضد آفتاب هم کار یه کرم پودر با کاور عالی رو برام میکنه من که سبزه ام بژ طبیعی میگیرم من خیلی راضی بودم,0,false,2025-12-16T13:11:00.2039519+03:30,مثبت,0.95,محصول,محصول
ضد آفتاب رنگی اس پی اف 50 مناسب پوست چرب,https://www.khanoumi.com/products/jute-oily-skin-spf50-sunscreen-cream-25248,من تقریبا 5 ساله دارم از این ضد افتاب استفاده میکنم و خیلی راضیم,0,true,2025-12-12T22:28:10.2010383+03:30,مثبت,0.79,سایر,سایر
ضد آفتاب رنگی اس پی اف 50 مناسب پوست چرب,https://www.khanoumi.com/products/jute-oily-skin-spf50-sunscreen-cream-25248,رنگ و پوشش خیلی خوب و سبک و نچرالی داره,0,true,2025-12-01T15:11:59.8077536+03:30,مثبت,0.79,محصول,محصول
ضد آفتاب رنگی اس پی اف 50 مناسب پوست چرب,https://www.khanoumi.com/products/jute-oily-skin-spf50-sunscreen-cream-25248,من‌ دنبال یه کرم سبک با کاور خوب برای استفاده روزانه میخواستم و‌تصمیم گرفتم ضد افتابی رنگی بخرم ، صادقانه تمام نیاز هام برطرف شده ، اول از همه‌ ماندگاریش کاملا راضی کننده و مناسب استفاده‌ روزانست ، احساس سنگینی نمیده ، باهاش جوش نمیزنی و به خوبی بلند دقیقا همین چیزیه که از یه محصول پوست چرب میخوای ، اما کاورش ، جای جوش هام به خوبی کاور میکنه و باعث یکدست‌ شدن صورتم میشه ، تنها کامنت منفی که‌راجبش میتونم بدم احساس خشکیه و برای نتیجه بهتر ازش باید از یه ابرسان خوب استفاده کنید,0,false,2025-10-09T21:56:06.0179055+03:30,ترکیبی,0.92,محصول,محصول
ضد آفتاب رنگی اس پی اف 50 مناسب پوست چرب,https://www.khanoumi.com/products/jute-oily-skin-spf50-sunscreen-cream-25248,من قبلاازش خریدم وراضی بودم اما آخرین باری که شارژ کردم کیفیتش خیلی بد بود رقیق وبوی بسیار تندی شبیه به الکل میداد,0,true,2025-09-26T12:28:44.5225496+03:30,ترکیبی,0.79,محصول,محصول
ضد آفتاب رنگی اس پی اف 50 مناسب پوست چرب,https://www.khanoumi.com/products/jute-oily-skin-spf50-sunscreen-cream-25248,عالیه پیشنهاد میکنم,0,true,2025-09-18T04:56:12.8589189+03:30,مثبت,0.95,سایر,سایر
ضد آفتاب رنگی اس پی اف 50 مناسب پوست چرب,https://www.khanoumi.com/products/jute-oily-skin-spf50-sunscreen-cream-25248,"این ضدآفتاب برای پوست های گندمی و سبزه خوبه من هردو رنگشو دارم 
بعد از امتحان کرم های زیاد تنها کرمی بود که یکدست میکرد پوستو پوسته پوسته نمیشدماندگاری خوبیم داره",0,true,2025-08-16T14:05:43.8849498+00:00,مثبت,0.91,محصول,محصول
ضد آفتاب رنگی اس پی اف 50 مناسب پوست چرب,https://www.khanoumi.com/products/jute-oily-skin-spf50-sunscreen-cream-25248,کلا این برند هیچ محصولیش خوب نیست,0,false,2025-07-31T20:35:39.8771708+00:00,منفی,0.67,محصول,محصول
ضد آفتاب رنگی اس پی اف 50 مناسب پوست چرب,https://www.khanoumi.com/products/jute-oily-skin-spf50-sunscreen-cream-25248,خیلی بو میداد ،بوی خوب بودا ولی بوش شدید بود. چشمام رو میسوزوند,0,false,2025-05-03T17:27:08.773878+00:00,مثبت,0.79,محصول,محصول
ضد آفتاب رنگی اس پی اف 50 مناسب پوست چرب,https://www.khanoumi.com/products/jute-oily-skin-spf50-sunscreen-cream-25248,"ضد افتاب ژوت خیلی رنگش تیره هست برای پوست روشن اصلا مناسب نیست من چند بار زدم همه گفتن برنزه کردی؟
و بدتر از همه به لباس رنگ میده
حتما باید از پودر فیکس استفاده کنی تا رنگ کمتری پس بدهد",0,false,2025-04-21T19:36:42.3817912+00:00,منفی,0.95,محصول | اصل بودن کالا,اصل بودن کالا
ضد آفتاب رنگی اس پی اف 50 مناسب پوست چرب,https://www.khanoumi.com/products/jute-oily-skin-spf50-sunscreen-cream-25248,من بژ روشن گرفتم ولی تیرس رنگش وپوست من ک سفید هست رو خیلی تیره کرد ودرکل راضی نبودم,0,false,2025-04-04T05:32:24.2266704+00:00,منفی,0.67,محصول,محصول
ضد آفتاب رنگی اس پی اف 50 مناسب پوست چرب,https://www.khanoumi.com/products/jute-oily-skin-spf50-sunscreen-cream-25248,بژ طبیعی  گرفتم و رنگ پوستم سبزه اس و رنگش تیره اس و نشد استفاده  کنم,0,false,2025-03-25T13:19:17.1939658+00:00,خنثی,0.35,محصول,محصول
ضد آفتاب رنگی اس پی اف 50 مناسب پوست چرب,https://www.khanoumi.com/products/jute-oily-skin-spf50-sunscreen-cream-25248,سلام،رنگ بژ روشن اش، تیره هست، من فک میکردم، روشن باشه، اینطور نیست، پوشش خوبه,0,true,2025-03-24T08:44:58.2033424+00:00,منفی,0.79,محصول,محصول
ضد آفتاب رنگی اس پی اف 50 مناسب پوست چرب,https://www.khanoumi.com/products/jute-oily-skin-spf50-sunscreen-cream-25248,برای مصرف روزانه واقعا خوبه. نزدیک دوساله که از ژوت استفاده میکنم.,0,true,2025-02-28T18:16:43.5122437+00:00,مثبت,0.79,سایر,سایر
ضد آفتاب رنگی اس پی اف 50 مناسب پوست چرب,https://www.khanoumi.com/products/jute-oily-skin-spf50-sunscreen-cream-25248,کرم خوبیه پوشانندگی خوبی داره،من پوستم گندمی بژ روشن گرفتم خوب بود ،زیاد روشن نبود ،فقط بوی خاک میده,0,false,2024-12-31T11:05:50.7313659+00:00,مثبت,0.95,محصول,محصول
ضد آفتاب رنگی اس پی اف 50 مناسب پوست چرب,https://www.khanoumi.com/products/jute-oily-skin-spf50-sunscreen-cream-25248,"عالیه ولی با اینکه بژ روشن رو سفارش دادم ولی بازم تیره ست
بافت سبکی داره و خیلی سریع جذب پوست میشه",0,true,2024-12-07T17:36:41.351302+00:00,مثبت,0.79,محصول,محصول
ضد آفتاب رنگی اس پی اف 50 مناسب پوست چرب,https://www.khanoumi.com/products/jute-oily-skin-spf50-sunscreen-cream-25248,واقعا عالی . بینظیر مثلش نیست ,0,false,2024-09-24T18:55:01+00:00,مثبت,0.67,سایر,سایر
ضد آفتاب رنگی اس پی اف 50 مناسب پوست چرب,https://www.khanoumi.com/products/jute-oily-skin-spf50-sunscreen-cream-25248,عالیه من استفاده میکنم خوب جذب میشه حرف نداره,0,false,2024-08-25T18:19:25+00:00,مثبت,0.91,سایر,سایر
ضد آفتاب رنگی اس پی اف 50 مناسب پوست چرب,https://www.khanoumi.com/products/jute-oily-skin-spf50-sunscreen-cream-25248,کرم خوبیه پوشانندگیشم خوبه منتها رنگ روشنشو من خریدم بازهم تیره اس. خیلی رنگدونه اش زیاده,0,false,2024-07-23T17:16:36+00:00,مثبت,0.91,محصول,محصول
ضد آفتاب رنگی اس پی اف 50 مناسب پوست چرب,https://www.khanoumi.com/products/jute-oily-skin-spf50-sunscreen-cream-25248,من بژ طبیعی میخرم و راضی ام اصلا پوستو چرب نمیکنه روی پوست میشینه ,0,true,2024-07-03T10:56:38+00:00,مثبت,0.91,محصول | اصل بودن کالا,محصول
ضد آفتاب رنگی اس پی اف 50 مناسب پوست چرب,https://www.khanoumi.com/products/jute-oily-skin-spf50-sunscreen-cream-25248,خیلی خیلی راحت تو صورت پخش میشه اصلا غلیظ نیست و میشه کاملا به اندازه ضد آفتاب بدون رنگ زد. و از همه مهمتر به لباس پس نمیده,0,true,2024-06-22T07:56:50+00:00,منفی,0.79,محصول | اصل بودن کالا,اصل بودن کالا
ضد آفتاب رنگی اس پی اف 50 مناسب پوست چرب,https://www.khanoumi.com/products/jute-oily-skin-spf50-sunscreen-cream-25248,من بژ روشنش رو سفارش دادم ولی بازم  خیلی تیرس راضی نیستم در کل,0,true,2024-06-08T23:28:15+00:00,منفی,0.67,سایر,سایر
ضد آفتاب رنگی اس پی اف 50 مناسب پوست چرب,https://www.khanoumi.com/products/jute-oily-skin-spf50-sunscreen-cream-25248,چرا ضدافتابای پوست خشک رو شارژ نمیکنین لطفااا شارژ کنین تا سبد خریدمونو کامل کنیمد,0,false,2024-04-22T22:11:34+00:00,منفی,0.67,محصول,محصول
ضد آفتاب رنگی اس پی اف 50 مناسب پوست چرب,https://www.khanoumi.com/products/jute-oily-skin-spf50-sunscreen-cream-25248,من قبلا استفاده کرده بودم ،خوب بود و مجددا بعد از چند سال سفارش دادم، پوشانندگی فوق العاده بالایی داره و رنگ بژ روشن بازهم تیره است. و کاملا بدون چربی هست,0,true,2024-04-14T09:43:44+00:00,مثبت,0.79,محصول,محصول
ضد آفتاب رنگی اس پی اف 50 مناسب پوست چرب,https://www.khanoumi.com/products/jute-oily-skin-spf50-sunscreen-cream-25248,واقعا خوب هست من سه سال هست استفاده میکنم و سبک هشت با پوشانندگی عالی,0,true,2024-03-25T20:50:07+00:00,مثبت,0.79,سایر,سایر
ضد آفتاب رنگی اس پی اف 50 مناسب پوست چرب,https://www.khanoumi.com/products/jute-oily-skin-spf50-sunscreen-cream-25248,بافتش خیلی سبک و خوب بود کاور خوبی هم داشت ماندگاریشم خوبه اما رنگش خیلی تیرس من پوستم گندمیه و رنگ بژ روشنش رو که گرفتم برام خیلی تیره بود و بعد ک روی پوست میموند و اکسید میشد تیره تر هم میشد,0,true,2024-02-25T22:30:59+00:00,مثبت,0.95,محصول,محصول
ضد آفتاب رنگی اس پی اف 50 مناسب پوست چرب,https://www.khanoumi.com/products/jute-oily-skin-spf50-sunscreen-cream-25248,تازه خریدم. و برای من که پوستم روشنه،  رنگ بژ روشن هم حتی تیره هست.,0,true,2024-02-15T10:01:18+00:00,خنثی,0.35,محصول,محصول
ضد آفتاب رنگی اس پی اف 50 مناسب پوست چرب,https://www.khanoumi.com/products/jute-oily-skin-spf50-sunscreen-cream-25248,منم بژ روشنشو گرفتم ولی یه کم تیره است,0,false,2024-02-12T01:21:09+00:00,خنثی,0.35,سایر,سایر
ضد آفتاب رنگی اس پی اف 50 مناسب پوست چرب,https://www.khanoumi.com/products/jute-oily-skin-spf50-sunscreen-cream-25248,از نظر پوشش و پخش کرم عالیه بنده پوستم روشنه این کرم لایت بژش یک درجه تیره تره.,0,true,2023-12-30T15:11:28+00:00,مثبت,0.79,محصول,محصول
ضد آفتاب رنگی اس پی اف 50 مناسب پوست چرب,https://www.khanoumi.com/products/jute-oily-skin-spf50-sunscreen-cream-25248,واقعا عالیه,0,true,2023-12-21T12:40:57+00:00,مثبت,0.79,سایر,سایر
ضد آفتاب رنگی اس پی اف 50 مناسب پوست چرب,https://www.khanoumi.com/products/jute-oily-skin-spf50-sunscreen-cream-25248,کیفیت و رنگ عالی هست ،برای پوست سفید شاید تیره باشه اما برای پوست های معمولی و بژ خیلی طبیعی هست,1,true,2023-06-24T11:40:01+00:00,مثبت,0.67,محصول,محصول
ضد آفتاب رنگی اس پی اف 50 مناسب پوست چرب,https://www.khanoumi.com/products/jute-oily-skin-spf50-sunscreen-cream-25248,بژ روشن گرفتم بازم تیره ست بعد جایی از صورت رو بارونی کرم پاک میشه کاش رنگ روشن ترم داشت,1,false,2023-06-10T12:59:04+00:00,خنثی,0.35,محصول,محصول
ضد آفتاب رنگی اس پی اف 50 مناسب پوست چرب,https://www.khanoumi.com/products/jute-oily-skin-spf50-sunscreen-cream-25248,بژ روشنش برای پوست من که سبزه هستمم تیره هستش،کلا که یه جوریه قهوه ای میشه رو پوست. اصلا راضی نیستم,2,true,2023-05-31T01:13:18+00:00,منفی,0.79,محصول | اصل بودن کالا,اصل بودن کالا
ضد آفتاب رنگی اس پی اف 50 مناسب پوست چرب,https://www.khanoumi.com/products/jute-oily-skin-spf50-sunscreen-cream-25248,رنگش برای پوست های سفید و گندمی روشن خیلی تیرست قشنگ نارنجی میکنه پوست رو ولی پوشش دهی خوبی داشت کاش رنگ روشن ترش، رو داشتند بژ روشن نیست نارنجی تیرست واقعا ولی ضد آفتاب بیرنگ ژوت خیلی خوبه پوست رو شاداب میکنه,3,false,2023-05-30T13:04:01+00:00,مثبت,0.95,محصول,محصول
ضد آفتاب رنگی اس پی اف 50 مناسب پوست چرب,https://www.khanoumi.com/products/jute-oily-skin-spf50-sunscreen-cream-25248,"من بژ طبیعی شوگرفتم خیلی تیره اس انگار رنگ قرمز میمالی ب پوستت
فقط بیرنگش خوب بود واقعا بیرنگه",2,false,2023-04-17T14:04:47+00:00,مثبت,0.79,محصول,محصول
ضد آفتاب رنگی اس پی اف 50 مناسب پوست چرب,https://www.khanoumi.com/products/jute-oily-skin-spf50-sunscreen-cream-25248,این ضد آفتاب برای پوست چرب عالیه. خیلی روی پوست سبکه و اصلا حس چربی و سنگینی نمیده. پوست و نرم میکنه و خاصیت آبرسانی داره. باعث خشکی پوست نمیشه و پوشانندگی خیلی خوبی داره.,4,false,2023-01-09T09:02:11+00:00,مثبت,0.95,محصول | اصل بودن کالا,محصول
ضد آفتاب رنگی اس پی اف 50 مناسب پوست چرب,https://www.khanoumi.com/products/jute-oily-skin-spf50-sunscreen-cream-25248,رنگ بژ روشنش برای پوستهای گندمی مناسبه.پوشش دهی عااالی در حد کرمپودره. خیلی بافتش سبکه و اصلا برق نمیوفته.من رنگ بژ تیره اش روهم دارم که برای برنزه کردن مناسبه.ضد آفتاب بی رنگ ژوت روهم استفاده کردم.به نظرم علاوه بر خاصیت ضدآفتابش، خیلی پوست رو آبرسانی و شاداب میکنه.در کل من خیلی راضی بودم.,8,false,2022-10-26T20:30:53+00:00,خنثی,0.35,محصول | اصل بودن کالا,محصول
ضد آفتاب رنگی اس پی اف 50 مناسب پوست چرب,https://www.khanoumi.com/products/jute-oily-skin-spf50-sunscreen-cream-25248,ضد افتاب خوب و سبکیه ول با اینکه من پوست گندمی و روشنی دارم وبژ روشن و‌کرفتم خیلی تیره بود خیلی ,6,false,2022-08-12T12:33:51+00:00,مثبت,0.67,محصول,محصول
ضد آفتاب رنگی اس پی اف 50 مناسب پوست چرب,https://www.khanoumi.com/products/jute-oily-skin-spf50-sunscreen-cream-25248,رنگ لایت بژ گرفتم خیلی تیره بود,6,true,2022-04-28T21:47:10+00:00,خنثی,0.35,محصول,محصول
ضد آفتاب رنگی اس پی اف 50 مناسب پوست چرب,https://www.khanoumi.com/products/jute-oily-skin-spf50-sunscreen-cream-25248,من رنگ بژ طبيعي خريدم ولي خييييلي تيره هست بدرد سياهپوستاي افريقايي ميخوره درين حد تيره هست,8,true,2022-04-25T15:47:22+00:00,منفی,0.67,محصول,محصول
ضد آفتاب رنگی اس پی اف 50 مناسب پوست چرب,https://www.khanoumi.com/products/jute-oily-skin-spf50-sunscreen-cream-25248,من رنگ بژ روشنش رو گرفتم با اینکه پوستم سبزه و گندمیه خیلی تیره میشه انگار ولی ب جز رنگش ماندگاری و همه چیش عالی بود حیف رنگش یکم ناراحت کنندس برام,10,true,2022-02-01T15:31:31+00:00,مثبت,0.79,محصول,محصول
ضد آفتاب رنگی اس پی اف 50 مناسب پوست چرب,https://www.khanoumi.com/products/jute-oily-skin-spf50-sunscreen-cream-25248,رنگ بژ طبیعی رو برای مادرم گرفتم ولی تناژ نارنجی داشت، پوشش‌دهی کمی هم داره!,5,false,2022-01-25T00:43:02+00:00,خنثی,0.35,محصول,محصول
ضد آفتاب رنگی اس پی اف 50 مناسب پوست چرب,https://www.khanoumi.com/products/jute-oily-skin-spf50-sunscreen-cream-25248,من بژ روشنش‌ رو از خانومی گرفتم.خیلی عالیه و راضیم،دیگه کرم پودر نمیزنم و برای بار دوم سفارشش میدم.,10,true,2021-08-18T22:46:50+00:00,مثبت,0.95,محصول,محصول
ضد آفتاب رنگی اس پی اف 50 مناسب پوست چرب,https://www.khanoumi.com/products/jute-oily-skin-spf50-sunscreen-cream-25248,عالییی هم ماندگاری و هم رنگش. مثل کرمپودره,23,false,2020-09-20T00:41:01+00:00,مثبت,0.67,محصول,محصول
ضد آفتاب رنگی اس پی اف 50 انواع پوست,https://www.khanoumi.com/products/jute-spf50-sunscreen-cream-25249,من چند ساله میگیرم اما اینسری گرفتم این کرم رو متاسفانه پوشش دهی کم شده .اصلا رنگ نداره 5دقیقه رنگش مشخصه بعد انگار نه انگار کرم زدیم آبکی شده دیگه غلظت نداره کلا ناراضی بودم,0,true,2026-08-28T16:09:45.9427091+03:30,منفی,0.79,محصول | اصل بودن کالا,اصل بودن کالا
ضد آفتاب رنگی اس پی اف 50 انواع پوست,https://www.khanoumi.com/products/jute-spf50-sunscreen-cream-25249,تازه خریدم بژ روشن،خیییلی تیرست واقعا پولمو دور ریختم متاسفم واقعا,0,false,2026-08-28T11:47:22.8096633+03:30,منفی,0.67,محصول,محصول
ضد آفتاب رنگی اس پی اف 50 انواع پوست,https://www.khanoumi.com/products/jute-spf50-sunscreen-cream-25249,کیفیتش خیلی بد شد افتضاح انگار آبه,0,true,2026-08-27T10:38:33.4268891+03:30,منفی,0.79,محصول,محصول
ضد آفتاب رنگی اس پی اف 50 انواع پوست,https://www.khanoumi.com/products/jute-spf50-sunscreen-cream-25249,"سلام 
من خیلی وقته از بژ روشن استفاده میکنم گندمیه پوستم رو پوست واقعا سبک و خوش رنگ بود اما اینبار که دوتا سفارش دادم واقعا افتضاح بود کلا فقط میگی روغن با کمی رنگ رو پوستت میمالی که هم میماسه  و بشدت بدرنگ و خیلی چرب میشه پوست",0,true,2026-08-22T13:12:22.5792122+03:30,منفی,0.79,محصول,محصول
ضد آفتاب رنگی اس پی اف 50 انواع پوست,https://www.khanoumi.com/products/jute-spf50-sunscreen-cream-25249,محصول خوبیه فقط حواستون باشه که اگه روشنه پوستتون این محصول حتی بژ روشنشم رو پوستتون تیره اس,0,true,2026-08-04T14:56:53.5875801+03:30,مثبت,0.67,محصول,محصول
ضد آفتاب رنگی اس پی اف 50 انواع پوست,https://www.khanoumi.com/products/jute-spf50-sunscreen-cream-25249,من همیشه میگرفتم عالی بود ایندفعه ک گرفتم اصلا کیفیتش شده صفر اصلا پوشش نمیده ب صورت انگارآب دارم میزنم,0,true,2026-07-30T09:50:46.5570354+03:30,مثبت,0.79,محصول | اصل بودن کالا,محصول
ضد آفتاب رنگی اس پی اف 50 انواع پوست,https://www.khanoumi.com/products/jute-spf50-sunscreen-cream-25249,محافظتش در برابر آفتاب تهران خوبه. ولی حالت کرم پودری شدیدی داره یعنی اول کرم پودره بعد ضد آفتاب! پوشانندگی زیادی داره که بعضی ها این ویژگی رو خیلی دوست دارن. یعنی اینو بزنی دیگه کرم پودر روش نمیشه زد خودش به تنهایی کافیه. رنگشم بد نیست پوست من روشنه و رنگش توی ذوق نمیزنه,0,true,2026-07-28T17:46:18.3669797+03:30,مثبت,0.91,محصول,محصول
ضد آفتاب رنگی اس پی اف 50 انواع پوست,https://www.khanoumi.com/products/jute-spf50-sunscreen-cream-25249,"سلام
من از این ضدافتاب خیلی راضی ام.پوشانندگیش قابل قبوله.من خودم پوستم سبزه ست.بژ طبیعی برام خوبه.عکس گذاشتم تفاوت بژ روشن و طبیعی رو ببینید.هردوش برام خوبه.",0,true,2026-07-06T19:33:27.8874396+03:30,مثبت,0.95,محصول,محصول
ضد آفتاب رنگی اس پی اف 50 انواع پوست,https://www.khanoumi.com/products/jute-spf50-sunscreen-cream-25249,اقا من خیلی از این کرم خرید بار اخری ک خریدم خیلی شل و بی کیفیت بود اصلا پوشانندگی نداشت نمیدونم چرا,0,true,2026-07-05T10:15:14.1690636+03:30,ترکیبی,0.66,محصول | اصل بودن کالا,محصول
ضد آفتاب رنگی اس پی اف 50 انواع پوست,https://www.khanoumi.com/products/jute-spf50-sunscreen-cream-25249,بسیار بی کیفیت شده,0,true,2026-06-13T10:27:47.3888025+03:30,منفی,0.67,محصول,محصول
ضد آفتاب رنگی اس پی اف 50 انواع پوست,https://www.khanoumi.com/products/jute-spf50-sunscreen-cream-25249,من چند ساله از این ضد افتاب استفاده میکنم ولی این بار اخر که خریدم انگار با اب قاطی شده و اصلا کیفیت قبل رو نداره,0,true,2026-06-13T10:27:22.5704227+03:30,مثبت,0.67,محصول | اصل بودن کالا,محصول
ضد آفتاب رنگی اس پی اف 50 انواع پوست,https://www.khanoumi.com/products/jute-spf50-sunscreen-cream-25249,"خیلی ضدآفتاب خوبیه
روی پوست من که تقریبا خشکه خیلی خوب می‌شینه و پوسته پوسته نمی‌شه.
ولی نکته‌ای که هست بدرد کسایی که پوستشون روشنه نمی‌خوره و رنگ بژ روشنش هم یکمی تیره‌س و برای پوستای گندمی تا سبزه مناسبه.
ولی درکل عالیه و بازم می‌خرمش.",0,true,2026-06-05T21:15:52.3925366+03:30,ترکیبی,0.92,محصول,محصول
ضد آفتاب رنگی اس پی اف 50 انواع پوست,https://www.khanoumi.com/products/jute-spf50-sunscreen-cream-25249,رنگ بژ روشنش هم برای پوست روشن تیره هست,0,true,2026-06-05T16:46:56.5616175+03:30,خنثی,0.35,محصول,محصول
ضد آفتاب رنگی اس پی اف 50 انواع پوست,https://www.khanoumi.com/products/jute-spf50-sunscreen-cream-25249,"خیلی عالیه جنسش و رنگش هم مناسب پوست گندمی هست، کاور خیلی خوبی هم داره خیلی هم سبکه
منکه دیگه جز خریدای همیشگیم شد این برند",0,true,2026-05-16T21:26:40.5140268+03:30,مثبت,0.95,محصول,محصول
ضد آفتاب رنگی اس پی اف 50 انواع پوست,https://www.khanoumi.com/products/jute-spf50-sunscreen-cream-25249,بافت سبکی داره خیلی خوب روی پوست میشینه من رنگ بژ طبیعی رو گرفتم خیلی خوب بوده همیشه پرایم استفاده می‌کردم این دفعه اینو امتحان کردم خیلی بیشتر دوستش دارم,0,true,2026-05-14T00:07:49.1988562+03:30,مثبت,0.95,محصول,محصول
ضد آفتاب رنگی اس پی اف 50 انواع پوست,https://www.khanoumi.com/products/jute-spf50-sunscreen-cream-25249,ایندفعه که خریدم روغنش ج دا شده بود و صپرتم پر جوش شد با دوسه بار استفاده,0,true,2026-05-01T01:39:21.6896714+03:30,خنثی,0.35,محصول,محصول
ضد آفتاب رنگی اس پی اف 50 انواع پوست,https://www.khanoumi.com/products/jute-spf50-sunscreen-cream-25249,من تقریبا دوسال بود از این کرم استفاده میکردم و همیشه از خانومی تهیه میکردم..اما اینبار کرم حالت اصلی خودشو نداشت و میشه گف فاسد بود!روغن و کرم انگار از هم جدا شدن هردفعه میخاستم کرم بزنم ازش روغن میومد و با چندبار استفاده کل صورتم پر جوش های چرکی و بد شد!,0,true,2026-04-30T00:18:57.1503019+03:30,ترکیبی,0.71,محصول | اصل بودن کالا,محصول
ضد آفتاب رنگی اس پی اف 50 انواع پوست,https://www.khanoumi.com/products/jute-spf50-sunscreen-cream-25249,خیلی خوب بود,0,true,2026-04-25T11:37:25.825021+03:30,مثبت,0.91,محصول,محصول
ضد آفتاب رنگی اس پی اف 50 انواع پوست,https://www.khanoumi.com/products/jute-spf50-sunscreen-cream-25249,تست رنگ بژ روشن,0,true,2026-04-19T13:44:32.6936871+03:30,خنثی,0.35,محصول,محصول
ضد آفتاب رنگی اس پی اف 50 انواع پوست,https://www.khanoumi.com/products/jute-spf50-sunscreen-cream-25249,من خریدم ازش روغن می‌شوند بیرون,0,true,2026-04-18T14:04:34.6370588+03:30,خنثی,0.35,سایر,سایر
ضد آفتاب رنگی اس پی اف 50 انواع پوست,https://www.khanoumi.com/products/jute-spf50-sunscreen-cream-25249,محصولات بسیار عالی قیمت هاشم مناسب,0,false,2026-04-18T03:04:46.521025+03:30,مثبت,0.67,محصول | قیمت,محصول
ضد آفتاب رنگی اس پی اف 50 انواع پوست,https://www.khanoumi.com/products/jute-spf50-sunscreen-cream-25249,راضی بودم,0,true,2026-04-17T11:25:02.2764752+03:30,مثبت,0.67,محصول,محصول
ضد آفتاب رنگی اس پی اف 50 انواع پوست,https://www.khanoumi.com/products/jute-spf50-sunscreen-cream-25249,هر دو رنگشا استفاده کردم،برای ماهایی ک پوستمون ی کم تیره س عالیه،کاور خوبی داره،من راضی م,0,true,2026-04-16T10:15:45.291913+03:30,مثبت,0.95,محصول,محصول
ضد آفتاب رنگی اس پی اف 50 انواع پوست,https://www.khanoumi.com/products/jute-spf50-sunscreen-cream-25249,بژ روشن برای پوست من تیره هست، یعنی بژ طبیعی دیگه برای پوستهای کاملا سبزه میتونه خوب باشه. کلا تناژ نخودی و زرد داره هر دوتاش. به نظرم باید یک شید روشن تر از این دوتا تولید کنند . من بژ روشن با کانسیلر خیلی روشن قاطی میکنم که نزدیک به رنگ پوستم در بیاد. بافت و کیفیت کرم ولی خوبه مخملی و نرمه ، کرمش چسبنده و چرب و بدشکل نیست روی پوست.,0,true,2026-04-15T12:47:30.6743111+03:30,مثبت,0.95,محصول,محصول
ضد آفتاب رنگی اس پی اف 50 انواع پوست,https://www.khanoumi.com/products/jute-spf50-sunscreen-cream-25249,"اگر دوست عزیزی رنگ بژ روشنش رو گرفته لطفا عکس تست رنگش رو روی دستش بزاره
ممنون",0,false,2026-04-13T21:56:16.8246638+03:30,مثبت,0.67,محصول,محصول
ضد آفتاب رنگی اس پی اف 50 انواع پوست,https://www.khanoumi.com/products/jute-spf50-sunscreen-cream-25249,من همیشه بژ طبیعی رو میگیرم ولی پوستمو زرد میکنه میخوام این دفعه بژ روشن بگیرم، این یکیم زرد میکنه؟,0,false,2026-04-13T15:56:05.1483155+03:30,خنثی,0.35,محصول,محصول
ضد آفتاب رنگی اس پی اف 50 انواع پوست,https://www.khanoumi.com/products/jute-spf50-sunscreen-cream-25249,بژ طبیعی رو خریدم و رنگ پوست سبزه رو زرد میکنه,0,true,2026-04-11T00:06:57.3789354+03:30,خنثی,0.35,محصول,محصول
ضد آفتاب رنگی اس پی اف 50 انواع پوست,https://www.khanoumi.com/products/jute-spf50-sunscreen-cream-25249,کاور خیلی خوبی داره،، رنگ بژ روشنش اوکیه خیلی تیره ام نیس,0,false,2026-04-10T13:18:57.5104459+03:30,مثبت,0.79,محصول,محصول
ضد آفتاب رنگی اس پی اف 50 انواع پوست,https://www.khanoumi.com/products/jute-spf50-sunscreen-cream-25249,خیلی خوبه,0,true,2026-04-07T01:02:57.7628004+03:30,مثبت,0.91,سایر,سایر
ضد آفتاب رنگی اس پی اف 50 انواع پوست,https://www.khanoumi.com/products/jute-spf50-sunscreen-cream-25249,خیلی خوبه,0,false,2026-04-03T03:59:15.2800098+03:30,مثبت,0.91,سایر,سایر
ضد آفتاب رنگی اس پی اف 50 انواع پوست,https://www.khanoumi.com/products/jute-spf50-sunscreen-cream-25249,"من رنگ بژ روشن سفارش دادم اما با اینکه پوستم گندمیه اما خیلی تیره می‌کنه پوستمو 
از لحظه سبکی و پوشش دهی خیلی خوبه فقط من رنگش رو دوست ندارم",0,true,2026-03-22T16:34:52.3215301+03:30,مثبت,0.91,محصول,محصول
ضد آفتاب رنگی اس پی اف 50 انواع پوست,https://www.khanoumi.com/products/jute-spf50-sunscreen-cream-25249,رنگش برای پوست های سبزه خوبه,0,true,2026-03-20T15:08:12.0207586+03:30,مثبت,0.79,محصول,محصول
ضد آفتاب رنگی اس پی اف 50 انواع پوست,https://www.khanoumi.com/products/jute-spf50-sunscreen-cream-25249,"خیلی چرب  و برای براق
هست و پوشش دهی نداره انگار نه انگار کرم روی پوست زدی ولی سبک هست رضایت کافی نداشتم",0,true,2026-03-16T08:18:14.295072+03:30,خنثی,0.35,محصول,محصول
ضد آفتاب رنگی اس پی اف 50 انواع پوست,https://www.khanoumi.com/products/jute-spf50-sunscreen-cream-25249,من برای 5 بار سفازش دادم عالی بوده,0,true,2026-03-16T02:21:53.670721+03:30,مثبت,0.79,محصول,محصول
ضد آفتاب رنگی اس پی اف 50 انواع پوست,https://www.khanoumi.com/products/jute-spf50-sunscreen-cream-25249,زیر چشم منو لک انداخته  خیلی بد,0,true,2026-03-14T09:07:09.6551938+03:30,منفی,0.67,سایر,سایر
ضد آفتاب رنگی اس پی اف 50 انواع پوست,https://www.khanoumi.com/products/jute-spf50-sunscreen-cream-25249,بسیار عالیه من یبار سفارش دادم خیلی راضی بودم اینقدری ک دوست ندارم مارک دیگ استفاده کنم,0,true,2026-02-22T12:09:22.3712598+03:30,مثبت,0.91,محصول,محصول
ضد آفتاب رنگی اس پی اف 50 انواع پوست,https://www.khanoumi.com/products/jute-spf50-sunscreen-cream-25249,"من چند سریه که فقط اینو هم به عنوان کرم پودر هم ضدافتاب شارژ میکنم 
تنها کرمی که نمیماسه و ماندگاری خوب و پوشانندگی خوبیم داره",0,true,2026-02-15T10:05:25.5037425+03:30,مثبت,0.79,محصول,محصول
ضد آفتاب رنگی اس پی اف 50 انواع پوست,https://www.khanoumi.com/products/jute-spf50-sunscreen-cream-25249,"تنها بدی ک داره روشن ترین رنگش برای پوست گندمی متوسط خوبه 
بشدت پوشانددگی و کاور خوبی داره بینظیره واقعا چرب نیست برق نمیفته ماندگاری خوبی هم داره 
البته با کانسیلر بتونید صورتو ب تناژ خوبی برسونید خوبه",0,false,2026-02-13T20:15:03.661653+03:30,مثبت,0.95,محصول,محصول
ضد آفتاب رنگی اس پی اف 50 انواع پوست,https://www.khanoumi.com/products/jute-spf50-sunscreen-cream-25249,سلام بااینکه رنگ روشنشو گرفتم ولی روپوستم بازم تیره وانگاربرنزکردم.ولی خیلی خوب روی پوستم میشینه بااینکه پوستم خشکه,0,true,2026-02-11T10:59:29.802054+03:30,مثبت,0.79,محصول,محصول
ضد آفتاب رنگی اس پی اف 50 انواع پوست,https://www.khanoumi.com/products/jute-spf50-sunscreen-cream-25249,من نزدیک به دوسال میشه که استفاده میکنم و واقعا راضی ام فقط حواس تون باشه اگر پوست چرب یا خشک دارید حتما مدل مخصوص نوع پوست تون رو بگیرید و اینکه رنگ هاش برای کسایی که پوست روشن دارن توصیه نمیشه و برای پوست های گندمی روشن تا تیره و سبزه و برنزه مناسب تر هست،,0,true,2026-02-09T21:47:16.3399806+03:30,مثبت,0.67,محصول,محصول
ضد آفتاب رنگی اس پی اف 50 انواع پوست,https://www.khanoumi.com/products/jute-spf50-sunscreen-cream-25249,کرم ضدآفتاب ژوت رنگ بژ طبیعی خریدم اصلأ خوب نیست روی صورت می مونه و جذب نمیشه راضی نبودم,0,true,2026-02-08T08:50:15.8852689+03:30,منفی,0.91,محصول | اصل بودن کالا,اصل بودن کالا
ضد آفتاب رنگی اس پی اف 50 انواع پوست,https://www.khanoumi.com/products/jute-spf50-sunscreen-cream-25249,"خوب بود 
من پوستم سبزس بژ روشن سفارش دادم رنگ پوست خودم شد 
به کسایی که پوست سفید دارن پیشنهاد نمیکنم",0,true,2026-02-07T21:08:27.0158231+03:30,مثبت,0.67,محصول,محصول
ضد آفتاب رنگی اس پی اف 50 انواع پوست,https://www.khanoumi.com/products/jute-spf50-sunscreen-cream-25249,سلام ضدآفتاب خوبیه پوشش دهی خوبی داره پوست رو مخملی میکنه ولی واقعا بژ روشنش پوست روتیره میکنه,0,true,2026-02-02T10:00:06.1364951+03:30,مثبت,0.79,محصول,محصول
ضد آفتاب رنگی اس پی اف 50 انواع پوست,https://www.khanoumi.com/products/jute-spf50-sunscreen-cream-25249,"دو ستاره دادم  
برای پوست من که خشک هست دارم نظر میدم .خوبی رو پوست خیلی خوب میشینه . جوش نمیزنه  
نقاط ضعف ـ. اما پوشش دهی بسیار ضعیف و رنگ روشنش هم  تیره هست و اینکه بعد چند ساعت تیره تر هم میشه 
یعنی روش حتما پنکیک باید بزنی تا برق و چربی صورت کم بشه",0,true,2026-01-24T23:56:15.7518071+03:30,ترکیبی,0.87,محصول,محصول
ضد آفتاب رنگی اس پی اف 50 انواع پوست,https://www.khanoumi.com/products/jute-spf50-sunscreen-cream-25249,خیلی راضیم از بافت و پوشانندگیش. بار سومی هست که سفارش میدم. یکم برای پوستم تیره هست ولی با مقداری کانسیلر روشن پشت دستم میکس میکنم و بعدش روی پوست آبرسانی شده میزنم عالی میشه.,0,true,2026-01-24T15:28:20.5753133+03:30,مثبت,0.91,محصول,محصول
ضد آفتاب رنگی اس پی اف 50 انواع پوست,https://www.khanoumi.com/products/jute-spf50-sunscreen-cream-25249,رنگ بژ روشنش خیلی تیره ست,0,true,2026-01-24T11:06:59.7687532+03:30,خنثی,0.35,محصول,محصول
ضد آفتاب رنگی اس پی اف 50 انواع پوست,https://www.khanoumi.com/products/jute-spf50-sunscreen-cream-25249,خیلی خیلی عالیه،خیلی بافت سبکی داره و اصلا روی صورت چرب نمیشه.رنگ بژ روشنش واسه پوست گندمی عالیه خیلی طبیعیه رنگش,0,true,2026-01-17T16:32:15.2431213+03:30,مثبت,0.95,محصول | اصل بودن کالا,محصول
ضد آفتاب رنگی اس پی اف 50 انواع پوست,https://www.khanoumi.com/products/jute-spf50-sunscreen-cream-25249,من تازه دارم ازش استفاده میکنم توی شانس خریدم عالیه و پوشش دهی خوبی هم داره وقیمت مناسب,0,true,2026-01-12T14:47:53.0745056+03:30,مثبت,0.91,محصول | قیمت,محصول
ضد آفتاب رنگی اس پی اف 50 انواع پوست,https://www.khanoumi.com/products/jute-spf50-sunscreen-cream-25249,کاش دوستانی که خریداری کردن رنگش رو میزاشتن,0,false,2026-01-09T15:22:21.7107499+03:30,خنثی,0.35,محصول,محصول
ضد آفتاب رنگی اس پی اف 50 انواع پوست,https://www.khanoumi.com/products/jute-spf50-sunscreen-cream-25249,من بژ طبیعی این کرم رو گرفتم ولی برای پوستم تیره بود ولی در کل خوب بود تنها ایرادی که داشت همون تیره بودنش بود,0,true,2025-12-10T09:14:48.1901813+03:30,مثبت,0.79,محصول,محصول
ضد آفتاب رنگی اس پی اف 50 انواع پوست,https://www.khanoumi.com/products/jute-spf50-sunscreen-cream-25249,سومین باره خرید میکنم واقعا بی نظیره و هم پوشش عالی داره هم ماته,0,true,2025-12-08T01:05:07.542455+03:30,مثبت,0.67,محصول,محصول
ضد آفتاب رنگی اس پی اف 50 انواع پوست,https://www.khanoumi.com/products/jute-spf50-sunscreen-cream-25249,عالی عالی پیشنهاد میکنم رنگ بژ خوبی میده تن صورتی نداره برای مکاپ روزانه عالیه حتی پوشش اینقدری خوبه که برای مکاپ شب هم مناسبه,0,true,2025-11-30T22:24:52.8365257+03:30,مثبت,0.95,محصول,محصول
ضد آفتاب رنگی اس پی اف 50 انواع پوست,https://www.khanoumi.com/products/jute-spf50-sunscreen-cream-25249,"عالی،من ک خیلی دوسش دارم،برای بار سومِ سفارش دادم،رنگِ پوستم گندمی هستش هردوتا رنگشم خوبه و رو پوستم میشینه.
ماندگاری و کاورِ بالایی داره
من ک خیلی راضی م ،ممنون از خانمی",0,true,2025-11-30T14:23:02.7787161+03:30,مثبت,0.91,محصول,محصول
ضد آفتاب رنگی اس پی اف 50 انواع پوست,https://www.khanoumi.com/products/jute-spf50-sunscreen-cream-25249,من پوستم گندمیه رنگ بژ روشنشو گرفتم خیلی خوبه پوشش دهی خوبی هم داره,0,true,2025-11-30T11:41:12.9639136+03:30,مثبت,0.95,محصول,محصول
ضد آفتاب رنگی اس پی اف 50 انواع پوست,https://www.khanoumi.com/products/jute-spf50-sunscreen-cream-25249,خیلی کاور خوبی داره سبکه ماندگاری طولانی مدت روی پوست داره و تا مدت زیادی روی پوست می مونه هم ضد آفتابه هم کرم پودر من که خیلی راضیم ممنون از خانومی,0,true,2025-11-27T11:09:59.3176243+03:30,مثبت,0.95,محصول,محصول
ضد آفتاب رنگی اس پی اف 50 انواع پوست,https://www.khanoumi.com/products/jute-spf50-sunscreen-cream-25249,"چندمین باره دارم سفارش میدم مناسب پوستای گندمی و سبزه هستش ولی خیلیییی ماندگاری خوبی داره و بسیار سبک و خوش رنگه
ممنونم از خانومی بابت ارسال به موقع",0,true,2025-11-08T12:19:47.6188224+03:30,مثبت,0.79,محصول | تحویل و ارسال,محصول
ضد آفتاب رنگی اس پی اف 50 انواع پوست,https://www.khanoumi.com/products/jute-spf50-sunscreen-cream-25249,من پوستم خیلی روشن نیست رنگ بژ روشن هم گرفتم ولی واقعا برنزه میکنه پوستمو و بافت سنگینی داره,0,false,2025-10-29T16:55:15.317794+03:30,خنثی,0.35,محصول,محصول
ضد آفتاب رنگی اس پی اف 50 انواع پوست,https://www.khanoumi.com/products/jute-spf50-sunscreen-cream-25249,"با اینکه من بخاطر سفید بودن پوستم رنگ روشن رو سفارش دادم اما انگار کرم برنزه زده بودم.
البته هر بار با کرم پودر خودم ترکیب میکنم میزنم. خیلی خوب رو پوست میشینه. اگر این محصول رنگ مناسب برای پوست سفید رو هم داشته باشه، به نظرم یه ضدآفتاب باکیفیت و به صرفه است.",0,true,2025-10-14T13:03:02.1953418+03:30,مثبت,0.79,محصول,محصول
ضد آفتاب رنگی اس پی اف 50 انواع پوست,https://www.khanoumi.com/products/jute-spf50-sunscreen-cream-25249,من پوستم خشکه خیلی وقته ازش استفاده می کنم وراضیم,0,true,2025-10-13T11:10:03.5268602+03:30,مثبت,0.79,محصول,محصول
ضد آفتاب رنگی اس پی اف 50 انواع پوست,https://www.khanoumi.com/products/jute-spf50-sunscreen-cream-25249,پوست خشک و خشک تر می‌کنه ولی ماندگاری و پوشش دهیش خوبه,0,false,2025-10-11T20:47:43.8745095+03:30,مثبت,0.79,محصول,محصول
ضد آفتاب رنگی اس پی اف 50 انواع پوست,https://www.khanoumi.com/products/jute-spf50-sunscreen-cream-25249,خوبه تنها بدی که داره رنگش تیره هست,0,false,2025-10-10T12:32:18.3273432+03:30,ترکیبی,0.74,محصول,محصول
ضد آفتاب رنگی اس پی اف 50 انواع پوست,https://www.khanoumi.com/products/jute-spf50-sunscreen-cream-25249,یعنی عالی یکم حجمش کمه ولی واقعا خوبه,0,true,2025-10-08T12:12:10.7701405+03:30,مثبت,0.91,محصول,محصول
ضد آفتاب رنگی اس پی اف 50 انواع پوست,https://www.khanoumi.com/products/jute-spf50-sunscreen-cream-25249,"قشنگ نصف بیشترش خالی خالیههه و هوا داخلشه
خود کرمش خوبه",0,true,2025-09-21T19:30:56.4422121+03:30,مثبت,0.79,محصول,محصول
ضد آفتاب رنگی اس پی اف 50 انواع پوست,https://www.khanoumi.com/products/jute-spf50-sunscreen-cream-25249,روی گزینه بژ روشن میزنی عکس بژ طبیعی میاره برای خیلیا بجای بژ روشن بژ طبیعی فرستادن فک کنم. سایت اشتباه گذاشته گزینه رو,0,false,2025-09-16T22:54:11.0849813+03:30,خنثی,0.35,سایر,سایر
ضد آفتاب رنگی اس پی اف 50 انواع پوست,https://www.khanoumi.com/products/jute-spf50-sunscreen-cream-25249,من کرمو خریدم رنگ بژ روشن ولی متاسفانه خیلی تیره اس؛ و اصلا از خریدم راضی نیستم ولی خب دیگ کاری نمیشه کرد باید با ی ضد آفتاب خیلی روشن قاطیش کنم ک از تیرگیش کم بشه من صبح زدم رفتم کار دو ساعت بعدش ک اکسید شد این عمو نوروز شده بودم ب اون سیاهی,0,true,2025-09-09T09:58:28.0087408+03:30,منفی,0.67,محصول | اصل بودن کالا,اصل بودن کالا
ضد آفتاب رنگی اس پی اف 50 انواع پوست,https://www.khanoumi.com/products/jute-spf50-sunscreen-cream-25249,فوق العاده ست من پوستم مختلطه، ضد آفتاب به این سبکی ندیده بودم، کاورش هم در حد کرم‌پودره,0,true,2025-09-05T07:57:35.7059196+03:30,مثبت,0.67,محصول,محصول
ضد آفتاب رنگی اس پی اف 50 انواع پوست,https://www.khanoumi.com/products/jute-spf50-sunscreen-cream-25249,بافت سبک و خوبی داره ،رنگ بژ روشنش برای من که پوستم گندمی روشن هست تیره اس .مثل اینکه برنز کرده باشم، ماندگاریش روی پوست حدود 4 ساعت هست بعدش نیاز به تمدید داره,0,true,2025-09-03T23:24:04.1882215+03:30,مثبت,0.67,محصول,محصول
ضد آفتاب رنگی اس پی اف 50 انواع پوست,https://www.khanoumi.com/products/jute-spf50-sunscreen-cream-25249,این ضدآفتاب سبکه و برای پوست گندمی دقیقا همرنگه با پوست.کمی تناژ برنز میده.در کل ضدآفتاب های رنگی رو نمیشه به اندازه ی کافی زد.من خودم بیرنگ میزنم بعد ازین رنگیا به مقدار کم استفاده میکنم.این مدل برای پوست خشکه چون کمی چرب و نرم میکنه صورتو,0,true,2025-09-03T15:18:46.2343552+03:30,خنثی,0.35,محصول,محصول
ضد آفتاب رنگی اس پی اف 50 انواع پوست,https://www.khanoumi.com/products/jute-spf50-sunscreen-cream-25249,بد نیست,0,false,2025-08-31T21:49:24.7460595+03:30,مثبت,0.67,سایر,سایر
ضد آفتاب رنگی اس پی اف 50 انواع پوست,https://www.khanoumi.com/products/jute-spf50-sunscreen-cream-25249,زیاد جالب نبود من جنس پوستم معمولیه برام خیلی چرب بود ولی کاورش خوبه و یکم تیره اس,0,true,2025-08-28T13:12:32.8724083+00:00,مثبت,0.79,محصول,محصول
ضد آفتاب رنگی اس پی اف 50 انواع پوست,https://www.khanoumi.com/products/jute-spf50-sunscreen-cream-25249,سبکه و برای پوست صورت من که خشکه عالیه،رنگ پز روشن خریدم برای پوست گندمی و خوب بود رنگش,0,true,2025-08-19T18:19:27.6235237+00:00,مثبت,0.95,محصول,محصول
ضد آفتاب رنگی اس پی اف 50 انواع پوست,https://www.khanoumi.com/products/jute-spf50-sunscreen-cream-25249,چربه وروی صورت برق میفته,0,false,2025-08-07T07:03:57.3906042+00:00,خنثی,0.35,سایر,سایر
ضد آفتاب رنگی اس پی اف 50 انواع پوست,https://www.khanoumi.com/products/jute-spf50-sunscreen-cream-25249,من ازین ضدافتاب رنگ بژ روشن خریدم.بر خلاف گفته ی برخی افراد.بسیار سبکه.برق نمیفته رو صورت .من که خیلی راضی ام.رنگ پوستم گندمی روشنه که بژ روشن کاملا به پوستم میاد...دوباره هم شارژش میکنم.,0,true,2025-07-28T17:56:28.2539539+00:00,مثبت,0.79,محصول,محصول
ضد آفتاب رنگی اس پی اف 50 انواع پوست,https://www.khanoumi.com/products/jute-spf50-sunscreen-cream-25249,رنگ بژ روشنش رو صورتم به رنگ زردی میزنه و بافتشم بد نیست ولی به نظر من یکم سنگین و چربه اگه میخواید با این کلا کرم پودر و حذف کنید پیشنهادش نمیکنم چون رنگ خوبی نداره,0,true,2025-07-07T05:13:08.9761936+00:00,منفی,0.67,محصول,محصول
ضد آفتاب رنگی اس پی اف 50 انواع پوست,https://www.khanoumi.com/products/jute-spf50-sunscreen-cream-25249,یعنی پوشش ازین بهتر ندیدم,0,true,2025-07-04T14:46:30.1277365+00:00,خنثی,0.35,محصول,محصول
ضد آفتاب رنگی اس پی اف 50 انواع پوست,https://www.khanoumi.com/products/jute-spf50-sunscreen-cream-25249,کرم خیلی خوبیه منتظرم تخفیف بزاری,0,false,2025-07-04T05:13:48.8174608+00:00,مثبت,0.79,محصول | قیمت,محصول
ضد آفتاب رنگی اس پی اف 50 انواع پوست,https://www.khanoumi.com/products/jute-spf50-sunscreen-cream-25249,من رنگ بژ طبیعی رو گرفتم پوستم خشک و حساس هست. واقعا بافت مخملی و سبکی داره و خیلی خوب رو پوست میشینه. رنگ بژ طبیعی برای منی که پوستم سبزه هست یکم تیره بود که با یکم کانسیلر و پودرفیکس عالی شد. به قدری کاور خوبی داره که میتونید به عنوان کرمپودر استفاده کنید. من دوسش داشتم.,0,true,2025-07-01T22:18:19.6352587+00:00,مثبت,0.91,محصول | اصل بودن کالا,محصول
ضد آفتاب رنگی اس پی اف 50 انواع پوست,https://www.khanoumi.com/products/jute-spf50-sunscreen-cream-25249,خیلی عاالی،من ک راضی م،کاورِ عالی با ماندگاری بالا،سبکه و چشام نمیسوزه،برای افراد گندمی بژ روشن پیشنهاد میکنم,0,true,2025-07-01T11:24:31.4781189+00:00,مثبت,0.95,محصول,محصول
ضد آفتاب رنگی اس پی اف 50 انواع پوست,https://www.khanoumi.com/products/jute-spf50-sunscreen-cream-25249,من با توجه به نظرات خریدمش امروز به دستم رسید ،،پوستم گندمی تیره اس ،لایت بژ یل همون بژ روشن رو گرفتم ،وقتی استفاده کردم دقیقا یه درجه از گردنم تیره تره  ،واسه تابستون خوبه ،،واسه پوست سبزه مناسبه ،اگر پوستتون گندمی و سفیده ،بژ روشن و طبیعی واستون مناسب نیست مگر اینکه بخواید تیره تر دیده بشید .,0,true,2025-06-28T09:20:10.4625205+00:00,مثبت,0.79,محصول | تحویل و ارسال,محصول
ضد آفتاب رنگی اس پی اف 50 انواع پوست,https://www.khanoumi.com/products/jute-spf50-sunscreen-cream-25249,"بهترین ضد آفتاب 
من هشت سال میزنم کرم پودر دارش ، عالیه هنوز پوستم نه لک آورده نه چروک شده البته از محصولات دیگه مثل آبرسان و دور چشم وفوم شستشو هم استفاده میکنم البته من اینترنتی خرید نکردم",0,false,2025-06-13T14:11:58.4071498+00:00,مثبت,0.91,محصول,محصول
ضد آفتاب رنگی اس پی اف 50 انواع پوست,https://www.khanoumi.com/products/jute-spf50-sunscreen-cream-25249,همینطور که دوستان میگن یکمی تیره هست. البته من بژ روشن رو گرفتم و با اینکه یکمی برام تیره بود، اما رنگش خیلیی خوشگل بود و خیلیی روی پوست خوب میخوابه. بوش یه ذره شیمیایی طوره. اما من کلا دوسش دارم. کاورشم عالیه. خیلی خوب همه لک های پوستم رو کاور میکنه. ولی خب برای من یه مشکل بزرگ داره. اونم این که من پوستم خیلی مستعد جوشه و از وقتی میزنمش حس میکنم یکمی جوشام بیشتر شده. در کل اگه پوستتون مستعد جوش نیست بنظرم ارزش امتحان کردن داره,0,false,2025-06-12T18:41:05.4513479+00:00,مثبت,0.95,محصول,محصول
ضد آفتاب رنگی اس پی اف 50 انواع پوست,https://www.khanoumi.com/products/jute-spf50-sunscreen-cream-25249,"عااااالیه بژ روشنش 
انشالله تو تخفیف هفتاد درصدی تولد خانومی باشه",0,true,2025-06-07T10:12:51.3130117+00:00,خنثی,0.35,قیمت,قیمت
ضد آفتاب رنگی اس پی اف 50 انواع پوست,https://www.khanoumi.com/products/jute-spf50-sunscreen-cream-25249,رنگ روشنش هم با وجود اینکه پوست من گندمیه روشنه بازم تیره بود. توصبه نمیکنم,0,true,2025-05-30T21:37:17.8620839+00:00,خنثی,0.35,محصول,محصول
ضد آفتاب رنگی اس پی اف 50 انواع پوست,https://www.khanoumi.com/products/jute-spf50-sunscreen-cream-25249,کرم ضد آفتاب عالی هست پوشش عالی هم داره قشنگ مثل یه کرم فول کاور هست من بژ روشن رو گرفتم  فقط یکم رنگش تیره هست یه کوچولو روشنتر بود عالی میشد,0,true,2025-05-09T16:25:37.7675925+00:00,مثبت,0.91,محصول,محصول
ضد آفتاب رنگی اس پی اف 50 انواع پوست,https://www.khanoumi.com/products/jute-spf50-sunscreen-cream-25249,اندازش خیلی کوچیک بود ولی کیفیتش عالی بوددد خیلی سبکه و قشنگ رو پوست میشینه من با کرم پودر صورتم پوسته پوسته میشد با این اصلا نشد و قطعا دوباره ازش سفارش میدم,0,true,2025-04-12T10:45:54.4890637+00:00,مثبت,0.67,محصول | اصل بودن کالا,محصول
ضد آفتاب رنگی اس پی اف 50 انواع پوست,https://www.khanoumi.com/products/jute-spf50-sunscreen-cream-25249,"من بژ طبیعی شو خریدم خییلی رنگ قشنگی داره روی پوستم و عالی خوابید‌ روی صورتم
نه خط افتاد 
نه ماسید
راضیم خیلیییی  تموم شه دوباره همینو میخرم",0,true,2025-04-04T18:27:51.2805318+00:00,مثبت,0.91,محصول,محصول
ضد آفتاب رنگی اس پی اف 50 انواع پوست,https://www.khanoumi.com/products/jute-spf50-sunscreen-cream-25249,بژ روشنش بشدت تیره ست انگاری برنزه کردی وقتی میزنی. اگه رنگ پوستتون روشنه اصلا پیشنهاد نمیکنم,0,true,2025-04-03T15:59:59.8084859+00:00,خنثی,0.35,محصول | اصل بودن کالا,محصول
ضد آفتاب رنگی اس پی اف 50 انواع پوست,https://www.khanoumi.com/products/jute-spf50-sunscreen-cream-25249,"سلام. من این رو خریدم . 
کاور خیلی خوبی داره. سبک هست و اصلا صورت رو چرب و براق نمیکنه که برای من گزینه خیلی عالی هست. من قبلا از مدل بدون رنگش هم استفاده کردم که واقعا عالیه.",0,true,2025-04-03T12:54:45.6678371+00:00,مثبت,0.95,محصول | اصل بودن کالا,محصول
ضد آفتاب رنگی اس پی اف 50 انواع پوست,https://www.khanoumi.com/products/jute-spf50-sunscreen-cream-25249,"من الان چند سالی هست که این کرم رو دارم استفاده میکنم...راضی هم هستم ازش
سبکه و طراوت پوست رو حفظ میکنه ولی جالب هست که توی این چند سال هربار که میگیرمش اندازه اش هی داره کوچک میشه.
البته کاور و پوشش دهی خوبی داره و من باتوجه به اینکه استفاده مدام و روزانه از دارم میتونم بگم در سال 2 ازش استفاده میکنم.
خواهش میکنم این کرم رو هم کیفیتش رو همینطوری نگهدارید هم اینکه انقدر ازش کم نکنید",0,true,2025-03-12T09:47:25.6319553+00:00,مثبت,0.79,محصول,محصول
ضد آفتاب رنگی اس پی اف 50 انواع پوست,https://www.khanoumi.com/products/jute-spf50-sunscreen-cream-25249,برای مامانم گرفتم و با اینکه پوستش خشک و مستعد جوش نیست باهاش جوش زد.,0,true,2025-03-11T13:43:44.7888685+00:00,خنثی,0.35,محصول,محصول
ضد آفتاب رنگی اس پی اف 50 انواع پوست,https://www.khanoumi.com/products/jute-spf50-sunscreen-cream-25249,عالیه عالی,0,true,2025-03-11T13:29:25.4585695+00:00,مثبت,0.91,سایر,سایر
ضد آفتاب رنگی اس پی اف 50 انواع پوست,https://www.khanoumi.com/products/jute-spf50-sunscreen-cream-25249,من رو دست این کرم ندیدم 7سال تو عروسی همه می زنم عالی,0,false,2025-03-03T15:09:58.7928762+00:00,مثبت,0.67,محصول,محصول
ضد آفتاب رنگی اس پی اف 50 انواع پوست,https://www.khanoumi.com/products/jute-spf50-sunscreen-cream-25249,پوست من خشکه هیچ کرم پودر کرمی رو قبول نمیکنه ولی این قشنگ نشست رو پوستم عالی بود,0,true,2025-02-22T20:45:12.6621246+00:00,مثبت,0.79,محصول,محصول
ضد آفتاب رنگی اس پی اف 50 انواع پوست,https://www.khanoumi.com/products/jute-spf50-sunscreen-cream-25249,عالی.,0,true,2025-02-17T12:32:39.0418795+00:00,مثبت,0.67,سایر,سایر
ضد آفتاب رنگی اس پی اف 50 انواع پوست,https://www.khanoumi.com/products/jute-spf50-sunscreen-cream-25249,لطفا تخفیف بزارید,0,false,2025-02-11T12:28:41.8405335+00:00,خنثی,0.35,قیمت,قیمت
ضد آفتاب رنگی اس پی اف 50 انواع پوست,https://www.khanoumi.com/products/jute-spf50-sunscreen-cream-25249,من رنگ بژ روشنش روخریدم ولی اصلا روشن نیست وپوستمو تیره کرد با اینکه روی جعبش هم بژ روشن نوشته.,0,true,2025-02-08T09:24:01.6465351+00:00,منفی,0.67,محصول | اصل بودن کالا,اصل بودن کالا
ضد آفتاب رنگی اس پی اف 50 انواع پوست,https://www.khanoumi.com/products/jute-spf50-sunscreen-cream-25249,عالی,0,true,2025-01-23T15:19:07.0520387+00:00,مثبت,0.67,سایر,سایر
ضد آفتاب رنگی اس پی اف 50 انواع پوست,https://www.khanoumi.com/products/jute-spf50-sunscreen-cream-25249,کاورخوبی داره.برای پوست خشک مناسبه,0,true,2025-01-20T11:42:44.2049973+00:00,مثبت,0.67,محصول,محصول
ضد آفتاب رنگی اس پی اف 50 انواع پوست,https://www.khanoumi.com/products/jute-spf50-sunscreen-cream-25249,من خیلی راضی هستم خیلی خوب روو دوستم میشینه. خیلی سبکه. رنگش به پوستم میخوره. عالیه,0,true,2025-01-19T15:38:16.2479369+00:00,مثبت,0.95,محصول,محصول
ضد آفتاب رنگی اس پی اف 50 انواع پوست,https://www.khanoumi.com/products/jute-spf50-sunscreen-cream-25249,خیلی کرم خوبیه من خیلی راضیم . لطفاً موجودش کنید,0,true,2025-01-01T11:07:35.8152392+00:00,مثبت,0.91,محصول,محصول
کرم پودر حاوی ضدآفتاب اس پی اف 30 پوست چرب,https://www.khanoumi.com/products/jute-sunscreen-foundation-cream-25251,من رنگ بژ روشنش رو گرفتم چون پوستم روشنه اما اصلا رنگش روشن نیست پوستمو تیره کردو بژ روشن اصلانبود,0,false,2025-02-08T09:19:37.2550243+00:00,خنثی,0.35,محصول | اصل بودن کالا,محصول
کرم پودر حاوی ضدآفتاب اس پی اف 30 پوست چرب,https://www.khanoumi.com/products/jute-sunscreen-foundation-cream-25251,من همیشه این محصول استفاده می کنم و خیلی راضیم,0,false,2022-02-20T13:04:19+00:00,مثبت,0.79,محصول,محصول
کرم پودر حاوی ضدآفتاب اس پی اف 30 پوست چرب,https://www.khanoumi.com/products/jute-sunscreen-foundation-cream-25251,من این محصول رو استفاده کردم و کاملا راضیم ,25,false,2020-06-13T12:04:29+00:00,مثبت,0.79,محصول,محصول
سرم ضدلک و روشن کننده صورت,https://www.khanoumi.com/products/jute-dark-spot-corrector-serum-25253,اصلا تاثیری نداشت و باعث ایجاد جوش میشه,0,false,2026-05-07T12:29:03.9256794+03:30,مثبت,0.67,اصل بودن کالا,اصل بودن کالا
سرم ضدلک و روشن کننده صورت,https://www.khanoumi.com/products/jute-dark-spot-corrector-serum-25253,من و مادرم از ضدلک نیوول خیلی بیشتر راضی بودیم,0,false,2026-04-26T15:56:08.6611046+03:30,مثبت,0.67,محصول,محصول
سرم ضدلک و روشن کننده صورت,https://www.khanoumi.com/products/jute-dark-spot-corrector-serum-25253,برای دوران بارداری قابل استفاده است ؟,0,false,2026-03-10T14:04:06.8731683+03:30,خنثی,0.35,سایر,سایر
سرم ضدلک و روشن کننده صورت,https://www.khanoumi.com/products/jute-dark-spot-corrector-serum-25253,خیلی خوبه روز و شب مصرف میکنم راضیم ازش,0,true,2026-01-12T02:15:58.3963918+03:30,مثبت,0.95,سایر,سایر
سرم ضدلک و روشن کننده صورت,https://www.khanoumi.com/products/jute-dark-spot-corrector-serum-25253,خیلی تاثیری نداشت,0,true,2025-06-29T13:32:54.5707849+00:00,خنثی,0.35,سایر,سایر
سرم ضدلک و روشن کننده صورت,https://www.khanoumi.com/products/jute-dark-spot-corrector-serum-25253,تاثیری نداشت,0,false,2025-01-07T21:18:29.1003487+00:00,خنثی,0.35,سایر,سایر
سرم ضدلک و روشن کننده صورت,https://www.khanoumi.com/products/jute-dark-spot-corrector-serum-25253,ارسال به موقع ،بسته بندی عالی،کرم بوی ملایم  و خوبی داره،اونقدری چسبناک نیست که نشه تحمل کرد، من دنبال روشن کنندگیشم، امیدوارم واقعا موثر باشه. فقط نمیدونم چرا قیمت سایتهای دیگه از تخفیف خورده خانومی هم پایین تره. اعتمادم از خانومی داره سلب میشه,0,true,2024-12-07T21:41:25.432437+00:00,مثبت,0.79,محصول | تحویل و ارسال | قیمت,محصول
سرم ضدلک و روشن کننده صورت,https://www.khanoumi.com/products/jute-dark-spot-corrector-serum-25253,فوق العاده عالیه و با اولین استفاده متوجه شفافیت پوستتون می شوید.حتی لک ها کم رنگ تر می شن,0,true,2024-08-29T10:53:01+00:00,مثبت,0.91,محصول,محصول
سرم ضدلک و روشن کننده صورت,https://www.khanoumi.com/products/jute-dark-spot-corrector-serum-25253,به طور مداوم استفاده نکردم ولی تاثیرش در شادابی پوست هست و مشکلش اون حالت چسبناکی که بعد از زدن احساس میشه,0,false,2024-06-25T23:34:11+00:00,خنثی,0.35,محصول,محصول
سرم ضدلک و روشن کننده صورت,https://www.khanoumi.com/products/jute-dark-spot-corrector-serum-25253,اصلا به درد نمیخوره هیچ تاثیری نداره ,0,true,2024-05-06T15:33:37+00:00,منفی,0.67,اصل بودن کالا,اصل بودن کالا
سرم ضدلک و روشن کننده صورت,https://www.khanoumi.com/products/jute-dark-spot-corrector-serum-25253,لطفا تخفیف بزارید ممنونم,0,true,2024-04-14T14:47:17+00:00,مثبت,0.67,قیمت,قیمت
سرم ضدلک و روشن کننده صورت,https://www.khanoumi.com/products/jute-dark-spot-corrector-serum-25253,"من این محصوول روی پوستم تاثیر خوبی داشته هم باز و شفاف شده هم باعث سفتیه پوستم شده پوستم هم خیلی مستعد جوش هستش ولی جوش هم اصلا بهم نزده تنها مشکلی که داره بقیه هم تو نظرات گفتن تاثیر زیادی توی جای لک نداره در کل راضیم
",0,false,2024-03-13T17:40:07+00:00,مثبت,0.67,محصول | اصل بودن کالا,محصول
سرم ضدلک و روشن کننده صورت,https://www.khanoumi.com/products/jute-dark-spot-corrector-serum-25253,استفاده کردم نسبت به قیمتش بد نبود,0,true,2023-11-26T12:03:26+00:00,مثبت,0.67,محصول | قیمت,محصول
سرم ضدلک و روشن کننده صورت,https://www.khanoumi.com/products/jute-dark-spot-corrector-serum-25253,استفاده کردم کوچکترین تاثیری نداشت ,0,true,2023-10-16T07:45:27+00:00,خنثی,0.35,سایر,سایر
سرم ضدلک و روشن کننده صورت,https://www.khanoumi.com/products/jute-dark-spot-corrector-serum-25253, اصلا تاثیری تو لک نداره ,0,true,2023-10-13T17:26:54+00:00,مثبت,0.67,اصل بودن کالا,اصل بودن کالا
سرم ضدلک و روشن کننده صورت,https://www.khanoumi.com/products/jute-dark-spot-corrector-serum-25253,این ژل خوب جذب پوست میشه ولی تاثیر گذاری روی لکهای پوست نداره من با یک دوره هیچ تاثیری ندیدم ,0,true,2023-07-30T13:41:45+00:00,مثبت,0.67,محصول,محصول
سرم ضدلک و روشن کننده صورت,https://www.khanoumi.com/products/jute-dark-spot-corrector-serum-25253,این سرم خیلی خوبه لطفا هرچه سریع تر موجودش کنید🙏,2,false,2023-02-04T17:13:40+00:00,مثبت,0.91,محصول,محصول
سرم ضدلک و روشن کننده صورت,https://www.khanoumi.com/products/jute-dark-spot-corrector-serum-25253,فقط میشه گفت عالیه ,3,true,2023-01-25T12:43:17+00:00,مثبت,0.79,سایر,سایر
سرم ضدلک و روشن کننده صورت,https://www.khanoumi.com/products/jute-dark-spot-corrector-serum-25253,برای بار سوم میخوام بخرمش👌🏽واقعا ارزششو داره کارش خیلی خوبه,7,true,2023-01-12T15:38:15+00:00,مثبت,0.91,سایر,سایر
سرم ضدلک و روشن کننده صورت,https://www.khanoumi.com/products/jute-dark-spot-corrector-serum-25253,ژوت برند خوبیه و محصولات با کیفیتی داره،من هرچی از این برند خریدم واقعا عالی بوده,1,false,2022-10-13T12:14:33+00:00,مثبت,0.91,محصول,محصول
سرم ضدلک و روشن کننده صورت,https://www.khanoumi.com/products/jute-dark-spot-corrector-serum-25253,من استفاده کردم ازش، عااالیه حتما بخرید,6,false,2022-08-05T18:22:16+00:00,خنثی,0.35,سایر,سایر
سرم ضدلک و روشن کننده صورت,https://www.khanoumi.com/products/jute-dark-spot-corrector-serum-25253,"خیلی زود جذب میشه
قرمزی یا مشکلی برای پوست من ایجاد نکرد
تا حدودی لک هام رو کمرنگ کرده",0,true,2022-07-29T09:21:29+00:00,خنثی,0.35,محصول,محصول
سرم ضدلک و روشن کننده صورت,https://www.khanoumi.com/products/jute-dark-spot-corrector-serum-25253,"من ۳ماهه دارم استفاده میکنم   دوبار خریدم  این محصوله گفتم حتما دوره درمان طولانیه ولی هیچ تاثیری روی لک های صورتم نداشت. فقط یکم پوست روشن میکنه 
اگه برای از بین بردن لک های ناشی از افتاب سوختگی یا جای جوش میخوایید  اصلا تاثیری نداره",14,false,2022-07-23T05:39:32+00:00,مثبت,0.67,محصول | اصل بودن کالا,محصول
سرم ضدلک و روشن کننده صورت,https://www.khanoumi.com/products/jute-dark-spot-corrector-serum-25253,برای محصولاتی از این قبیل نمیشه خیلی سریع نظر داد. بعضا باید یک یا دو دوره اصولی و کامل استفاده بشن تا مشخص بشه تاثیرگذار بودن یا نه. من از محصولات ژوت تعریف زیاد شنیده بودم. برای همین این محصول رو کگفتم امتحان کنم ببینم به کجا میرسیم.,4,false,2022-07-02T09:17:51+00:00,خنثی,0.35,محصول,محصول
سرم ضدلک و روشن کننده صورت,https://www.khanoumi.com/products/jute-dark-spot-corrector-serum-25253,ضد لک صورت ژوت استفاده کردم راضی ام،خیلی سخت لوازم آرایشی بهداشتی می‌پسندم، این با صورت من سازگار بود و نتیجه خوبی داشت. ,180,true,2022-01-03T10:01:05+00:00,مثبت,0.91,محصول,محصول
کرم آملیوکس حاوی روغن آرگان حجم 25 میل,https://www.khanoumi.com/products/jute-ameliox-cream-25254,سلام من این محصول رو 1ماهی هست خریدم و استفاده  میکنم خط خنده و خط اخم سطحی دارم.با استفاده از این محصول خیلی خیلی کم حس میکنم بهتره شده.البته مسلما باید ادامه داد .این محصول نسبت به کرم شبش،تاثیر بهتری داره,1,true,2023-08-15T14:40:34+00:00,خنثی,0.35,محصول,محصول
کرم آملیوکس حاوی روغن آرگان حجم 25 میل,https://www.khanoumi.com/products/jute-ameliox-cream-25254,من 40 روزه دارم استفاده می کنم کاملا چروک پیشونی و دور چشمم از بین رفته یکی دیگه هم سفارش دادم ,1,true,2023-05-29T13:01:22+00:00,خنثی,0.35,سایر,سایر
کرم آملیوکس حاوی روغن آرگان حجم 25 میل,https://www.khanoumi.com/products/jute-ameliox-cream-25254,تازه سفارش دادم بسته بندی عالی و سریع به دستمون رسید ولی عاشق بسته بندی و بافتش شدم بعد استفاده نتیجشو میذارم,44,true,2022-02-02T13:24:51+00:00,مثبت,0.67,تحویل و ارسال | محصول,تحویل و ارسال
کرم جوان کننده ویتالیتی,https://www.khanoumi.com/products/jute-vitality-cream-25255,من پوست خشکی دارم و میتونم بگم که هیچ تاثیر خاصی ندیدم ، بافت کرم رنگ سبز هست و شبیه پماد میمونه که چربی بالایی داره و احساس میکنم که یه تناژ هایلایتی سبزی حتی به پوست میده البته من بعد از اصلاح استفاده کردم نمیدونم برای همه اینجوره یا نه ، در خصوص ویتامین سی کیفیت متوسطی داره که به نظر بنده کرم ویتامین سی برند سی گل خیلی خیلی خیلی تاثیر گذار تر هست و فورا پوست را روشن میکنه .. این اولین تجربه خرید این محصول بود و پشیمان شدم که چرا همان برند سی گل که چندین ساله استفاده میکنم نخریدم ، درکل دوباره نمیخرمش ‌.,0,true,2026-05-07T23:33:03.0343669+03:30,مثبت,0.67,محصول | اصل بودن کالا,محصول
کرم جوان کننده ویتالیتی,https://www.khanoumi.com/products/jute-vitality-cream-25255,خیلی ابرسانی بالایی داره هم خودم هم همسرم استفاده میکنه خشکی پوستمون کلا از بین رفته و پوستمون سفت شده دوباره سفارش دادم,0,true,2026-01-30T00:24:26.8886575+03:30,خنثی,0.35,محصول,محصول
کرم جوان کننده ویتالیتی,https://www.khanoumi.com/products/jute-vitality-cream-25255,من از این محصول خریدم هیچ فایده ای نداره,0,false,2026-01-18T23:08:05.51862+03:30,خنثی,0.35,محصول,محصول
کرم جوان کننده ویتالیتی,https://www.khanoumi.com/products/jute-vitality-cream-25255,برای همسرم خریدم بوش زیاد خوب نبود و اینکه مناسب پوست چرب نیست چون خودش هم چربه و سنگینی می‌کرد روی پوستش ولی بعد چند دقیقه جذب شد امیدوارم تاثیر داشته باشه ک دوباره هم خرید بکنم,0,true,2025-10-21T13:46:25.9150011+03:30,خنثی,0.4,محصول,محصول
کرم جوان کننده ویتالیتی,https://www.khanoumi.com/products/jute-vitality-cream-25255,لطفاً تخفیف 50در صد بزنید,0,false,2024-11-28T11:12:45.8589104+00:00,خنثی,0.35,قیمت,قیمت
کرم جوان کننده ویتالیتی,https://www.khanoumi.com/products/jute-vitality-cream-25255,سلام کرم خیلی خوبیه خیلی شبکه و سریع جذب میشه من راضی بودم تا الان 3بار خریدم,0,true,2024-10-02T08:44:27.3531205+00:00,مثبت,0.91,محصول,محصول
کرم جوان کننده ویتالیتی,https://www.khanoumi.com/products/jute-vitality-cream-25255,واسه من باعث ایجاد جوش شد,0,false,2024-06-12T18:21:44+00:00,خنثی,0.35,سایر,سایر
کرم جوان کننده ویتالیتی,https://www.khanoumi.com/products/jute-vitality-cream-25255,کرم جوان کننده ژوت، یه کرم با بافت بسیار نرم و سبک بود. وقتی که استفاده کردم خیلی سریع جذب پوستم شد و اصلا چربی اضافه‌ای تولید نکرد. بعد از استفاده یه دوره منظم متوجه شدم که چروک ریز دور چشمم بر طرف شده و کاملا چهرم شفاف و پوستم روشن تر شد. کرم ژوت یک آبرسان بسیار خوب هم محسوب میشه. بعد از استفاده این کرم، پوست کاملا آبرسانی میشه و نرمی و لطافت اون کاملا احساس میشه. از این محصول به عنوان یک کرم روزانه می‌تونید استفاده کنید.,22,false,2022-05-31T09:43:07+00:00,مثبت,0.79,محصول | اصل بودن کالا,محصول
کرم جوان کننده ویتالیتی,https://www.khanoumi.com/products/jute-vitality-cream-25255,کرم خوبیه,39,false,2021-06-11T14:02:02+00:00,مثبت,0.67,محصول,محصول
کرم ضد چروک شب حجم 30 میلی لیتر,https://www.khanoumi.com/products/jute-nourishing-night-cream-25256,خوبه پوست را نرم و شاداب میکنه,0,true,2026-05-25T13:51:23.4235796+03:30,مثبت,0.79,محصول,محصول
کرم ضد چروک شب حجم 30 میلی لیتر,https://www.khanoumi.com/products/jute-nourishing-night-cream-25256,بد نبود ولی اثر خاصی نداشته من دیگه نخریدم,0,true,2026-04-20T16:04:17.9678335+03:30,مثبت,0.67,محصول,محصول
کرم ضد چروک شب حجم 30 میلی لیتر,https://www.khanoumi.com/products/jute-nourishing-night-cream-25256,من الان یک ماهه دارم ازش استفاده میکنم واقعا عالی بود فقط کاش میشد به دور چشم هم زد ولی روش نوشته نباید به دور چشم مالیده بشه,0,true,2026-03-07T17:57:15.0239161+03:30,مثبت,0.79,محصول,محصول
کرم ضد چروک شب حجم 30 میلی لیتر,https://www.khanoumi.com/products/jute-nourishing-night-cream-25256,خیلی کرم خوبی بود الان احساس میکنم صورتم شاداب تر شده و خط لبخندمم کمرنگ شده,0,true,2026-02-24T15:33:01.7185942+03:30,مثبت,0.67,محصول,محصول
کرم ضد چروک شب حجم 30 میلی لیتر,https://www.khanoumi.com/products/jute-nourishing-night-cream-25256,خیلی خوبه راضیم برای چروک های کم سطح دارند خوبه,0,true,2025-09-02T13:11:56.3843237+03:30,مثبت,0.95,سایر,سایر
کرم ضد چروک شب حجم 30 میلی لیتر,https://www.khanoumi.com/products/jute-nourishing-night-cream-25256,واقعا عالی بود. تمامش کردم . باید بزنی به پوستت تا ببینی چه حسی داره,0,true,2024-12-14T06:38:02.4861512+00:00,مثبت,0.79,محصول,محصول
کرم ضد چروک شب حجم 30 میلی لیتر,https://www.khanoumi.com/products/jute-nourishing-night-cream-25256,بیست روزی هست خریدم وخیلی ازش راضی هستم واقعااثرش عالیه.فقط سرپمپش خوب کار نمیکنه.خریدش روتوصبه میکنم.,0,true,2024-08-16T20:44:55+00:00,مثبت,0.79,محصول,محصول
کرم ضد چروک شب حجم 30 میلی لیتر,https://www.khanoumi.com/products/jute-nourishing-night-cream-25256, تازه به دستم رسیده هنوز استفاده نکردم. به نظر محصول با کیفیتی میاد ,0,true,2024-06-22T03:04:29+00:00,خنثی,0.35,محصول | تحویل و ارسال,محصول
کرم ضد چروک شب حجم 30 میلی لیتر,https://www.khanoumi.com/products/jute-nourishing-night-cream-25256,بسته بندی اش خوشگله اما واقعا هیچ تاثیری ندیدم با توجه به قیمت بالاش. ضدافتاب ژوت رو هم خریدم بیرنگشو حالت سفیدی رو پوست میمونه,0,false,2024-06-18T14:30:43+00:00,خنثی,0.35,محصول | تحویل و ارسال | قیمت,محصول
کرم ضد چروک شب حجم 30 میلی لیتر,https://www.khanoumi.com/products/jute-nourishing-night-cream-25256,من برای مامانم گرفتم. از کیفیت کار راضی هستن. منم خیلی از بسته بندی محصول خوشم اومد.,0,true,2023-10-07T21:51:54+00:00,مثبت,0.67,تحویل و ارسال | محصول,تحویل و ارسال
کرم ضد چروک شب حجم 30 میلی لیتر,https://www.khanoumi.com/products/jute-nourishing-night-cream-25256,سلام.من طبق نظر دوستان این محصول رو نزدیک2ماهه خریدم.اما تاثیری در رفع چروک و شفافیت پوست نداشت(خط اخم وخنده سطحی دارم)فقط حالت نرم کنندگی داره ,2,true,2023-08-15T14:37:09+00:00,خنثی,0.35,محصول,محصول
کرم ضد چروک شب حجم 30 میلی لیتر,https://www.khanoumi.com/products/jute-nourishing-night-cream-25256,من خیلی راضیم چروک های صورتم کاملا پر شده ,2,true,2023-05-29T13:02:21+00:00,مثبت,0.79,سایر,سایر
کرم ضد چروک شب حجم 30 میلی لیتر,https://www.khanoumi.com/products/jute-nourishing-night-cream-25256,چروک صورت یکی از علائم بالا رفتن است که به دلایل مختلفی مانند کم آبی، قرار گرفتن دربرابر آفتاب و ... ایجاد می شود. این مسئله غیرقابل حذف است، اما با استفاده از محصولات مراقبت پوست و ضدچروک شما می توانید این مسئله را کنترل کنید. کرم ضد چروک به پوست آبرسانی کرده و به آن خاصیت ارتجاعی می بخشد. این محصول ضدالتهاب بوده و به جوانسازی پوست شما کمک می کند.وجود ویتامین در ترکیبات این کرم به افزایش سلامت پوست شما کمک شایانی می کند. ,4,false,2022-10-09T12:04:05+00:00,خنثی,0.35,محصول,محصول
کرم ضد چروک شب حجم 30 میلی لیتر,https://www.khanoumi.com/products/jute-nourishing-night-cream-25256,مادرم از این استفاده میکنه خیلی صورتش صاف شده و کم کم داره چروک هاش پر میشع و صورتش روشن شده,86,false,2020-05-04T14:17:57+00:00,خنثی,0.35,سایر,سایر
کرم دور چشم مدل Hydrolyzed,https://www.khanoumi.com/products/jute-eye-contour-cream-25257,یعنی میخواین ببینید آیا یه محصول میتونه خیلی سریع اثر بد خودشو نشون بده این محصول رو بخرین... یعنی کاش وازلینی چیزی میریختن تو قوطی میدادن... خشک و چروک میکنه زیر چشم رو,0,true,2026-05-16T11:07:00.1425068+03:30,منفی,0.91,محصول,محصول
کرم دور چشم مدل Hydrolyzed,https://www.khanoumi.com/products/jute-eye-contour-cream-25257,مرطوب کننده خوبی هست ولی برای من باعث ایجاد میلیا شد,0,false,2026-03-22T00:45:15.7902205+03:30,مثبت,0.67,سایر,سایر
کرم دور چشم مدل Hydrolyzed,https://www.khanoumi.com/products/jute-eye-contour-cream-25257,"خیلی بد بود
لحظه ای که زدمش پوست چشمم داغ کرد
تمام پوست چشمم اگزما زد
و نوک تیوپش ترک خورد بعد یه مدت
مستقیم انداختمش دور",0,false,2026-02-21T16:22:52.9672371+03:30,منفی,0.79,محصول,محصول
کرم دور چشم مدل Hydrolyzed,https://www.khanoumi.com/products/jute-eye-contour-cream-25257,عالیه دمتون گرم,0,false,2025-10-10T09:49:47.052198+03:30,مثبت,0.79,سایر,سایر
کرم دور چشم مدل Hydrolyzed,https://www.khanoumi.com/products/jute-eye-contour-cream-25257,بعد از چندین روز استفاده پوست زیر چشممو خشک کرد و حالت پوسته پوسته شد,0,true,2024-07-13T13:33:49+00:00,خنثی,0.35,محصول,محصول
کرم دور چشم مدل Hydrolyzed,https://www.khanoumi.com/products/jute-eye-contour-cream-25257,خیلی تاثیر خاصی روی تیرگی زیر چشم نداشت,0,true,2024-07-01T12:50:55+00:00,خنثی,0.35,سایر,سایر
کرم دور چشم مدل Hydrolyzed,https://www.khanoumi.com/products/jute-eye-contour-cream-25257,"خود کرم خوب بود، البته دیر جذب بود که نمیدونم جزو نکات مثبت محسوب میشه یا نه.
اما نکتهای که توی ذوق زد کیفیت پایین بستهبندیش بود که بعد از حدود سه هفته استفاده، سر محصول شکست و داخل درش گیر کرد برای همین دیگه درش بسته نمیشه و زود داره خشک میشه. این مسئله برای من عجیب بود چون نه تو کیف میذارم نه فشار خاصی بهش وارد کردم.",6,true,2023-06-13T15:13:04+00:00,مثبت,0.79,محصول | تحویل و ارسال,محصول
کرم دور چشم مدل Hydrolyzed,https://www.khanoumi.com/products/jute-eye-contour-cream-25257,روی چین و چروک اثری نداره و فقط جنبه رطوبت رسانی داره,1,false,2023-06-11T15:20:16+00:00,خنثی,0.35,محصول,محصول
کرم دور چشم مدل Hydrolyzed,https://www.khanoumi.com/products/jute-eye-contour-cream-25257,این کرم پف و تیرگی دور چشم کاهش داد😍واقعا راضی هستم از این کرم. بهترین محصول برای دور چشم هست.,5,false,2023-02-22T08:15:49+00:00,مثبت,0.79,محصول,محصول
کرم دور چشم مدل Hydrolyzed,https://www.khanoumi.com/products/jute-eye-contour-cream-25257,مرطوب کنندگیش خوبه اما ایجاد ملیا کرد,4,true,2022-10-29T00:41:15+00:00,مثبت,0.79,سایر,سایر
کرم دور چشم مدل Hydrolyzed,https://www.khanoumi.com/products/jute-eye-contour-cream-25257,"من از این دور چشم بسیار راضی هستم
",5,true,2022-05-17T18:36:29+00:00,مثبت,0.67,سایر,سایر
کرم دور چشم مدل Hydrolyzed,https://www.khanoumi.com/products/jute-eye-contour-cream-25257,کرم دور چشم ژوت، یک محصول رده متوسط هست که فرمولاسیون خوبی داره و باعث بهبود تیرگی، چین و چروک های ریز میشه. پوست دور چشم به دلیل نازک بودن در معرض چین و چروک قرار داره. معمولا کرم های دور چشم اگر از سنین پایین مصرف بشن می‌تونن از ایجاد خطوط زیاد و پیری پوست جلوگیری کنه. اگر دنبال یک کرم دور چشم سبک با کبفیت خوب هستید، کرم دور چشم ژوت، گزینه مناسبی برای شماست.,30,false,2022-02-01T08:34:36+00:00,مثبت,0.79,محصول,محصول
کرم دور چشم مدل Hydrolyzed,https://www.khanoumi.com/products/jute-eye-contour-cream-25257,من برای پیشگیری از چروک و تیرگی اطراف چشمم این محصول رو خریدم و راضی بودم. تونست اون مقدار چروک و سیاهی که هست رو بهبود بده. در کل من خیلی نگران بودم که پوستم به این محصولات واکنش بده ولی این اتفاق نیوفتاد. در کل راضی بودم و احتمالا مجدد تمدیدش کنم.,9,false,2022-01-30T15:56:18+00:00,ترکیبی,0.92,محصول | قیمت,محصول
کرم دور چشم مدل Hydrolyzed,https://www.khanoumi.com/products/jute-eye-contour-cream-25257,"کرم دور چشم خوبیه ،چروکهای اطراف چشمم رو بخوبی صاف کرده فورا تاثیرش رو دیدم .
.",8,false,2021-11-12T23:52:25+00:00,مثبت,0.79,محصول,محصول
کرم دور چشم مدل Hydrolyzed,https://www.khanoumi.com/products/jute-eye-contour-cream-25257,به نظر من که عالی بود البته من پوستم هیچ حساسیت خاصی نداره و این کرمدور چشمم رو مرطوب میکرد و میلیا هم نزد,10,true,2020-11-23T00:26:29+00:00,مثبت,0.79,محصول,محصول
کرم دور چشم مدل Hydrolyzed,https://www.khanoumi.com/products/jute-eye-contour-cream-25257,کرم دور چشم خوبیه من چند ماه دارم و رطوبت رسانی خوبی داره برای پایه آرایش زیر کانسیلر هم مناسب هست .اما میلیا هم ممکنه ایجاد کنه,16,false,2020-10-01T22:10:18+00:00,مثبت,0.79,محصول,محصول
کرم دور چشم مدل Hydrolyzed,https://www.khanoumi.com/products/jute-eye-contour-cream-25257,من حدود یک هفته استفاده کردم. دور چشم می ماسه و اصلا جذب نمی شه. من که اثری ازش ندیدم.,15,false,2020-09-23T12:38:05+00:00,منفی,0.67,محصول | اصل بودن کالا,اصل بودن کالا
کرم دور چشم مدل Hydrolyzed,https://www.khanoumi.com/products/jute-eye-contour-cream-25257,محصول خیلی خوبیه من خیلی دور چشمم تیره شده بود الان چند دوره اس از این محصول استفاده میکنم خیلی راضیم تیرگی اش کاملا برطرف شده ,66,false,2020-04-22T17:43:31+00:00,مثبت,0.95,محصول,محصول
کرم آنتی آکنه,https://www.khanoumi.com/products/jute-anti-acne-cream-25258,من شبها قبل از خواب استفاده میکنم چون یکم حس چربی و سنگینی به پوست میده اما خیلی تاثیر گذاره و واقعا نسبت به قیمتی که داره ارزش خریدش بالاست.,0,true,2026-04-13T09:05:29.9094593+03:30,مثبت,0.67,قیمت | محصول,قیمت
کرم آنتی آکنه,https://www.khanoumi.com/products/jute-anti-acne-cream-25258,برای بار سوم این محصول رو شارژ میکنم عالی هستش,0,true,2026-04-02T23:11:19.5002128+03:30,مثبت,0.67,محصول,محصول
کرم آنتی آکنه,https://www.khanoumi.com/products/jute-anti-acne-cream-25258,این محصول برای جوش عالی هستش برای استفاده کل صورت نیست فقط اگر تک و توک جوش میزنید روی جوش استفاده کنید دو روزه جوشتون از بین میره,0,false,2025-10-17T19:12:43.4571579+03:30,مثبت,0.67,محصول,محصول
کرم آنتی آکنه,https://www.khanoumi.com/products/jute-anti-acne-cream-25258,به پیشنهاد داروساز از این کرم برای جوش های زیرپوستی پیشانی استفاده کردم و کاملا جواب گرفتم. دیگه جوش زیرپوستی ندارم و حتی پوست پیشانیم یک درجه روشن تر شده. هرشب روی پوست تمیز ناحیه مورد نظر بزنید و صبح بعدش حتما بشورید. ضدآفتاب هم فراموش نشه,0,true,2025-05-31T18:11:08.7688476+00:00,مثبت,0.67,محصول,محصول
کرم آنتی آکنه,https://www.khanoumi.com/products/jute-anti-acne-cream-25258,تاثیری نداشت برام,0,false,2025-01-07T21:17:10.5387906+00:00,خنثی,0.35,سایر,سایر
کرم آنتی آکنه,https://www.khanoumi.com/products/jute-anti-acne-cream-25258,من جوش های صورتم بعد از استفاده از این محصول بیشتر شد قبلش کم تر جوش داشتم الان خیلی زیاد شد,0,false,2024-07-27T16:23:34+00:00,خنثی,0.35,محصول,محصول
کرم آنتی آکنه,https://www.khanoumi.com/products/jute-anti-acne-cream-25258,برای پوست چرب سنگینه ولی از جوش جلوگیری میکنه,1,false,2023-08-06T01:58:48+00:00,خنثی,0.35,محصول,محصول
کرم آنتی آکنه,https://www.khanoumi.com/products/jute-anti-acne-cream-25258,وقتی استفاده میکنم پوستمو خشک میکنه با اینکه پوست من چربه ولی باعث میشه پوسته پوسته بشه روی گونه هام,0,false,2023-04-25T15:57:35+00:00,خنثی,0.35,محصول,محصول
کرم آنتی آکنه,https://www.khanoumi.com/products/jute-anti-acne-cream-25258,من از وقتی استفاده کردم صورتم برون ریزی کرد و جوشای ریز ریختم و نمیدونم حساسیت کردم یا خاصیت برون ریزی داره,7,false,2023-03-13T02:04:38+00:00,خنثی,0.35,سایر,سایر
کرم آنتی آکنه,https://www.khanoumi.com/products/jute-anti-acne-cream-25258,دلایل مختلفی وجود دارد که باعث ایجاد جوش و آکنه برروی پوست شما می شود که گاها جلوگیری از آن غیرممکن است، اما شما با استفاده از محصولات مراقبت پوست مناسب می توانید به رفع آن ها کمک کنید. کرم ضدآکنه ژوت محصولی ضدالتهاب، ضدآکنه، ضدقارچ و ضدباکتری است که به خوبی به نیازهای پوست شما پاسخ داده و به رفع جوش و آکنه کمک می کند. این محصول به پاکسازی پوست کمک کرده و موجب رفع جوش های سرسیاه و سرسفید می شود. ,5,false,2022-10-11T11:36:43+00:00,مثبت,0.67,محصول | خدمات و پشتیبانی,محصول
کرم آنتی آکنه,https://www.khanoumi.com/products/jute-anti-acne-cream-25258,خیلی خوبه اگ مرتب استفاده بشه 90 درصد جای جوشو از بین میبره,5,true,2022-08-04T16:55:09+00:00,مثبت,0.91,سایر,سایر
کرم آنتی آکنه,https://www.khanoumi.com/products/jute-anti-acne-cream-25258,"من این‌محصول و استفاده میکنم خیلی خوبه
پوست و زود برق نمیندازه و توی منافذ واقعا تاثیر داره",59,true,2020-10-19T18:35:29+00:00,مثبت,0.91,محصول,محصول
ضد آفتاب رنگی اس پی اف 50 انواع پوست,https://www.khanoumi.com/products/jute-spf50-sunscreen-cream-25249,"خیلی خوبه و راضیم ازش مجدد شارژ کردم 
من پوستم معمولی 
ضد آفتاب بافت سبک و طبیعی داره",0,true,2024-12-16T17:38:25.5309624+00:00,مثبت,0.95,محصول,محصول
ضد آفتاب رنگی اس پی اف 50 انواع پوست,https://www.khanoumi.com/products/jute-spf50-sunscreen-cream-25249,باسلام، ضد افتاب بسیار خوبی است، خوب روی پوست میشینه,0,true,2024-12-05T21:23:50.6700833+00:00,مثبت,0.79,محصول,محصول
ضد آفتاب رنگی اس پی اف 50 انواع پوست,https://www.khanoumi.com/products/jute-spf50-sunscreen-cream-25249,واقعا ضد آفتاب عالی هست اصلا سنگین نیست و پوشش خیلی خوبی داره. بهترین ضد آفتابیه که تا الان استفاده کردم.,0,true,2024-12-02T06:56:57.0808768+00:00,مثبت,0.67,محصول | اصل بودن کالا,محصول
ضد آفتاب رنگی اس پی اف 50 انواع پوست,https://www.khanoumi.com/products/jute-spf50-sunscreen-cream-25249,پوستم گندمی روشنه یه کوچولو تیره می‌کنه ولی به حدی پوشش دهی قوی ولی بافت سبکی داره هر وقت میزنم میگن پوستت چ‌خوب شده .باهاش جوش نزدم تاثیر بدی هم نداشت,0,true,2024-11-28T22:43:44.9166641+00:00,مثبت,0.79,محصول,محصول
ضد آفتاب رنگی اس پی اف 50 انواع پوست,https://www.khanoumi.com/products/jute-spf50-sunscreen-cream-25249,ای جاااانم  بشدت عالی من بژطبیعی گرفتم خیییییلی سبک.خوش رنگ.بافت مخملی.اولین ضدآفتابی بود ک من سخت پسند رو راضی کرد.,0,false,2024-11-13T20:21:14.7816302+00:00,مثبت,0.79,محصول,محصول
ضد آفتاب رنگی اس پی اف 50 انواع پوست,https://www.khanoumi.com/products/jute-spf50-sunscreen-cream-25249,رنگش برنز میکنه برای منی که پوستم سفید هیت ولی دوس دارم تناژش رو،منتها باهاش جوش‌های چرکی ریز زدم,0,false,2024-10-25T12:50:16.4660418+00:00,خنثی,0.35,محصول,محصول
ضد آفتاب رنگی اس پی اف 50 انواع پوست,https://www.khanoumi.com/products/jute-spf50-sunscreen-cream-25249,من بژ طبیعی خریدم و روی پوست ام عالی بود کاور خوبی داره و رنگش به پوستم میخورد برای رنگ پوست سبزه خیلی خوبه .حس سنگینی نداشتم راضی ام ازش,0,true,2024-10-15T17:43:41.9242301+00:00,مثبت,0.95,محصول,محصول
ضد آفتاب رنگی اس پی اف 50 انواع پوست,https://www.khanoumi.com/products/jute-spf50-sunscreen-cream-25249,من پوستم چربه و این کرم باعث شد خیلی جوش های ریز ریز چرکی بزنم,0,true,2024-10-13T21:28:33.5395501+00:00,خنثی,0.35,محصول,محصول
ضد آفتاب رنگی اس پی اف 50 انواع پوست,https://www.khanoumi.com/products/jute-spf50-sunscreen-cream-25249,سلام من رنگ روشن این کرم رو گرفتم به شدت تیرست.برای کسایی که آرایش برنزه میکنن خوبه,0,false,2024-09-30T16:46:10+00:00,مثبت,0.79,محصول,محصول
ضد آفتاب رنگی اس پی اف 50 انواع پوست,https://www.khanoumi.com/products/jute-spf50-sunscreen-cream-25249,بژ روشن اش رو خریدم که خیلی برنزه اس نه روشن راضی نبودم,0,true,2024-09-29T09:36:08+00:00,منفی,0.67,محصول,محصول
ضد آفتاب رنگی اس پی اف 50 انواع پوست,https://www.khanoumi.com/products/jute-spf50-sunscreen-cream-25249,"ضد آفتاب ژوت را اولین بار است جایگزین برند دیگری کردم
و در کویر خراسان جنوبی سر کار استفاده کردم
واقعاً راضی بودم",0,false,2024-07-28T12:54:12+00:00,مثبت,0.67,محصول,محصول
ضد آفتاب رنگی اس پی اف 50 انواع پوست,https://www.khanoumi.com/products/jute-spf50-sunscreen-cream-25249,"عالیه
دیگه لازم به استفاده از کرم پودر نداره وکاور خوبی داره",0,true,2024-06-23T12:01:39+00:00,مثبت,0.67,محصول,محصول
ضد آفتاب رنگی اس پی اف 50 انواع پوست,https://www.khanoumi.com/products/jute-spf50-sunscreen-cream-25249,سلام لطفا رنگ بژ روشن رو شارژ کنید,0,true,2024-06-18T05:06:47+00:00,خنثی,0.35,محصول,محصول
ضد آفتاب رنگی اس پی اف 50 انواع پوست,https://www.khanoumi.com/products/jute-spf50-sunscreen-cream-25249,خیلی خیلی خوب,0,true,2024-06-12T09:49:01+00:00,مثبت,0.79,سایر,سایر
ضد آفتاب رنگی اس پی اف 50 انواع پوست,https://www.khanoumi.com/products/jute-spf50-sunscreen-cream-25249,مات با پوشانندگی خوب و یکدست..در کل کرم خوبیه,0,true,2024-06-02T11:22:35+00:00,مثبت,0.79,محصول,محصول
ضد آفتاب رنگی اس پی اف 50 انواع پوست,https://www.khanoumi.com/products/jute-spf50-sunscreen-cream-25249,رنگ بژ طبیعی برای پوست های گندمی و تیره مناسبه اگر پوست روشن و سفیدی دارید بژ روشن مناسبه,0,true,2024-05-08T13:36:57+00:00,خنثی,0.35,محصول,محصول
ضد آفتاب رنگی اس پی اف 50 انواع پوست,https://www.khanoumi.com/products/jute-spf50-sunscreen-cream-25249,رنگ خیلی روشنش از برنزه هم تیره تر هست،حتی مناسب پوست های خیلی روشن هم نیست.پوشانندگی خوبی داره ولی بخاطر رنگ تیره ای که داره اصلا پیشنهاد نمیکنم.,0,true,2024-05-04T20:36:54+00:00,مثبت,0.67,محصول | اصل بودن کالا,محصول
ضد آفتاب رنگی اس پی اف 50 انواع پوست,https://www.khanoumi.com/products/jute-spf50-sunscreen-cream-25249,رنگ بژ روشنش رو خریدم خیلی تیره اس انگار برنزه کردی,0,true,2024-04-23T17:00:30+00:00,خنثی,0.35,محصول,محصول
ضد آفتاب رنگی اس پی اف 50 انواع پوست,https://www.khanoumi.com/products/jute-spf50-sunscreen-cream-25249,تخفیف چرا نمیزارین رنگ بژشو ,0,true,2023-11-23T15:38:22+00:00,خنثی,0.35,محصول | قیمت,محصول
ضد آفتاب رنگی اس پی اف 50 انواع پوست,https://www.khanoumi.com/products/jute-spf50-sunscreen-cream-25249,"چند ساله این ضد افتاب رو میزنم از همه لحاظ عالیه 
سبکه پوست رو براق نمیکنه کاورش عالیه غیر ممکنه غیر ژوت چیز دیگه ایی بخرم",0,false,2023-11-13T00:17:29+00:00,مثبت,0.95,محصول,محصول
ضد آفتاب رنگی اس پی اف 50 انواع پوست,https://www.khanoumi.com/products/jute-spf50-sunscreen-cream-25249,چرا شارژ نمیکنید این محصول رو ؟؟,0,true,2023-10-10T23:01:08+00:00,خنثی,0.35,محصول,محصول
ضد آفتاب رنگی اس پی اف 50 انواع پوست,https://www.khanoumi.com/products/jute-spf50-sunscreen-cream-25249,من کرم ضد آفتاب الارو میزدم چند سال ،ولی 2 باره این ضد آفتاب ژوت گرفتم خیلی خوب بود  ,0,true,2023-09-18T17:28:09+00:00,مثبت,0.91,محصول,محصول
ضد آفتاب رنگی اس پی اف 50 انواع پوست,https://www.khanoumi.com/products/jute-spf50-sunscreen-cream-25249,من بژ روشنش رو گرفتم ولی روی پوست من که گندمی هستم رنگ پوستم هست زیاد روشن نیست,4,true,2023-03-21T21:29:35+00:00,خنثی,0.35,محصول,محصول
ضد آفتاب رنگی اس پی اف 50 انواع پوست,https://www.khanoumi.com/products/jute-spf50-sunscreen-cream-25249,بسیار بهتر از اونکه میخواستم بود بافت مخملی داره ,2,true,2023-03-14T07:31:11+00:00,خنثی,0.35,محصول,محصول
ضد آفتاب رنگی اس پی اف 50 انواع پوست,https://www.khanoumi.com/products/jute-spf50-sunscreen-cream-25249,کرم پودر خوب و طبیعی داره ولی خاصیت ضد افتابی خوبی نداره,2,true,2022-07-24T14:11:55+00:00,خنثی,0.35,محصول,محصول
ضد آفتاب رنگی اس پی اف 50 انواع پوست,https://www.khanoumi.com/products/jute-spf50-sunscreen-cream-25249,یکی از بهترین ضدآفتاب که دارم خیلی خوب روی پوستم می‌خوابه پوستم خشک مختلط حساس هم هست ،ضدافتاب ژوت یکی از بهترین ضدآفتاب که دارم چندین بار هم شارژش کردم,4,false,2022-06-25T17:34:33+00:00,مثبت,0.95,محصول,محصول
ضد آفتاب رنگی اس پی اف 50 انواع پوست,https://www.khanoumi.com/products/jute-spf50-sunscreen-cream-25249,ضد آفتاب خیلی خوبیه فقط رنگش خیلی تیره است. من بژ طبیعی گرفتم که برای پوستم که سفیده خیلی تیره است,0,false,2022-06-21T15:50:59+00:00,مثبت,0.79,محصول,محصول
ضد آفتاب رنگی اس پی اف 50 انواع پوست,https://www.khanoumi.com/products/jute-spf50-sunscreen-cream-25249,عالیه دو ساله ازش استفاده میکنم دیگه کرم پودر نخریدم چون کاور خوبی داره و ضد آفتاب هم هست جوش و لک هم نداشته,15,true,2022-04-26T15:42:11+00:00,مثبت,0.91,محصول,محصول
ضد آفتاب رنگی اس پی اف 50 انواع پوست,https://www.khanoumi.com/products/jute-spf50-sunscreen-cream-25249,من استفاده میکنم بجای کرم پودر چون خیلی راضیم ‌فقط همین محصول رو میگیرم به نظرم خیلی خوب جذب پوست میشه وبه هرکی هم معرفی کردم راضی بوده,25,false,2022-03-10T12:20:07+00:00,مثبت,0.95,محصول,محصول
شامپو مخصوص موهای چرب,https://www.khanoumi.com/products/jute-greasy-hair-shampoo-25261,به نظرم شامپوی خوبی بود چون هم ریزش مو رو کم میکنه هم چربی مو رو متعادل میکنه,0,true,2022-01-22T08:45:30+00:00,مثبت,0.67,محصول,محصول
لوسیون بدن نارگیل,https://www.khanoumi.com/products/jute-coco-lotion-25264,به درد نخوروچسبناک من از رو نظرات خریدم نمیدونم چطور به بوی بد این میگین فوق العاده,0,true,2026-08-12T11:45:02.1056429+03:30,ترکیبی,0.66,محصول,محصول
لوسیون بدن نارگیل,https://www.khanoumi.com/products/jute-coco-lotion-25264,من عاشقش شدم. بوی خیلی خوبی داره پوست رو مرطوب می‌کنه.و حجم خوبی داره. می‌خوام دوباره شارژش کنم,0,true,2026-04-18T12:58:10.0571806+03:30,مثبت,0.91,محصول,محصول
لوسیون بدن نارگیل,https://www.khanoumi.com/products/jute-coco-lotion-25264,برای من که پوست بدنم بشدت خشکه مناسب بود هم پوستمو نرم کرد هم حس چربی بهم نمیده,0,true,2024-01-07T14:51:31+00:00,منفی,0.67,محصول,محصول
لوسیون بدن نارگیل,https://www.khanoumi.com/products/jute-coco-lotion-25264,من اصلا توصیه نمیکنم . وقتی استفاده میکنی پوست چسبناک میشه و طول میکشه تا جذب بشه ,0,true,2023-11-25T19:33:28+00:00,منفی,0.79,محصول | اصل بودن کالا,اصل بودن کالا
لوسیون بدن نارگیل,https://www.khanoumi.com/products/jute-coco-lotion-25264,بوی نارگیلش خوبه ولی ماندگاریش متاسفانه کمه و بعد از زدن این لوسیون حس خوبی دارم.,0,true,2022-07-27T16:24:15+00:00,ترکیبی,0.87,محصول,محصول
لوسیون بدن نارگیل,https://www.khanoumi.com/products/jute-coco-lotion-25264,من مادرم اگزما(خشکی پوست) داره و همیشه پاییز و زمستون پوستش ترک ترک میشد،اما از وقتی از این محصول استفاده می‌کنه واقعا راضیه و حسابی پوستشو مرطوب کرده، بوش هم ک فوق العاااادس اصلا ارامبخشه و ناب,32,true,2020-12-27T11:40:14+00:00,مثبت,0.79,محصول | اصل بودن کالا,محصول
کرم آبرسان مدل هیدراکتیو حجم 120 میلی لیتر,https://www.khanoumi.com/products/jute-hydra-active-cream-25265,ابرسانیه خوبی میکنه مخصوصا که باقی روتین رعایت بشه؛ در کل محصولات ژوت رضایت بخشه,0,true,2026-08-29T13:23:57.1784658+03:30,مثبت,0.67,محصول,محصول
کرم آبرسان مدل هیدراکتیو حجم 120 میلی لیتر,https://www.khanoumi.com/products/jute-hydra-active-cream-25265,من پوستم مختلط قبلااز این آبرسان استفاده میکردم و خیلی راضی بودم اما و فقط روش زده بود آبرسان ولی الان که اومده میبینم نوشته مرطوب کننده و آبرسان و الان یک ماهه که استفاده میکنم زود جذبه اما وقتی دست رو پوستم میکشم حسه چربی داره رو پوست و باهاش جوش زدم,0,true,2026-08-27T20:26:13.5806688+03:30,مثبت,0.67,محصول,محصول
کرم آبرسان مدل هیدراکتیو حجم 120 میلی لیتر,https://www.khanoumi.com/products/jute-hydra-active-cream-25265,خیلی حجمش کمه و قیمتش بالاست تاثیر خاصی هم نداره,0,true,2026-08-12T23:34:17.5364784+03:30,خنثی,0.35,محصول | قیمت,محصول
کرم آبرسان مدل هیدراکتیو حجم 120 میلی لیتر,https://www.khanoumi.com/products/jute-hydra-active-cream-25265,من واسه اولین بار با اینکه زیاد مطمئن نبودم خریدم هم قیمتش اقتصادی بود هم حجم بالا واقعا راضی بودم و بوی بدی نداشت و ابرسانی خوبی داره من پوستم خشک کاملا جذب میشد خواستم بعداستفاده کامل نظرم بگم اگه کیفیتش الان بد شد و بدبو هست اطلاع ندارم,0,false,2026-08-12T13:58:07.223457+03:30,ترکیبی,0.79,محصول | قیمت,محصول
کرم آبرسان مدل هیدراکتیو حجم 120 میلی لیتر,https://www.khanoumi.com/products/jute-hydra-active-cream-25265,"برای صورت اصلا خوب نیست
بوی خیلی تندی داره و واقعا سنگین و چربه 
اگر پوستتون چرب باشه که دیگه احساس خفگی میکنید
من که برای دستم ازش استفاده میکنم",0,false,2026-08-11T22:57:44.4028486+03:30,منفی,0.79,محصول | اصل بودن کالا,اصل بودن کالا
کرم آبرسان مدل هیدراکتیو حجم 120 میلی لیتر,https://www.khanoumi.com/products/jute-hydra-active-cream-25265,نمیدونم چطور انقد ازش تعریف کردن واقعا بوش زننده هست بوی تندی داره حالم بد میشه ابرسانم نیست به حدی چربه که یه ذره بیشتر بزنید نمیدونید چطوری پخشش کنید اصلا جذب نمیشه صدرحمت به وازلین منی که پوستم دهیدراته هست که هر کرمی میزنم میکشه داخل این انگار یه لایه رو پوست میمونه و پوست رو خفه میکنه قشنگ احساس میکنم پوستم نفس نمیکشه واقعا مزخرفترین ابرسانه پشیمونم از انتخابش,0,true,2026-08-03T08:10:22.0136096+03:30,منفی,0.95,محصول | اصل بودن کالا,اصل بودن کالا
کرم آبرسان مدل هیدراکتیو حجم 120 میلی لیتر,https://www.khanoumi.com/products/jute-hydra-active-cream-25265,من دو بار خریدم و تمدید کردم الان متوجه شدم بعد از چند دوره استفاده بشدت کومدون زا هست و اصلا برای پوست خشک و دهیدراته توصیه نمیکنم. بشدت صورتم و مخصوصا قسمت چانه و دور دهان پر از کومدون میشه,0,true,2026-08-03T00:34:19.5732367+03:30,خنثی,0.35,محصول | اصل بودن کالا,محصول
کرم آبرسان مدل هیدراکتیو حجم 120 میلی لیتر,https://www.khanoumi.com/products/jute-hydra-active-cream-25265,بسیاررر عالـیه. تازه به دستم رسیده.  یکبار استفاده کـردم. سریع جذب پوست میشه. رطوبت رسانیش عالی. تا چند ساعت پوست رو نرم ولطیف نگه می داره. چـه بوی خـوبی داره  من پوستم مختلطه. مناسب همه . هست. حتما دوباره تمـدیدش میکنم.,0,true,2026-07-30T16:20:41.8411354+03:30,مثبت,0.67,محصول | تحویل و ارسال,محصول
کرم آبرسان مدل هیدراکتیو حجم 120 میلی لیتر,https://www.khanoumi.com/products/jute-hydra-active-cream-25265,"من پوستم چربه
آبرسان خوب و اقتصادی‌ای هستش نسبت به قیمتی که داره، البته با تخفیف‌های خانومی. 
اینکه چندمین باره که شارژش می‌کنم از دستم در رفته.",0,true,2026-07-23T12:38:07.6252659+03:30,مثبت,0.67,قیمت | محصول,قیمت
کرم آبرسان مدل هیدراکتیو حجم 120 میلی لیتر,https://www.khanoumi.com/products/jute-hydra-active-cream-25265,بهترین آبرسان من چهارسال که ازش استفاده میکنم,0,true,2026-07-23T00:36:38.4069158+03:30,مثبت,0.67,تحویل و ارسال,تحویل و ارسال
کرم آبرسان مدل هیدراکتیو حجم 120 میلی لیتر,https://www.khanoumi.com/products/jute-hydra-active-cream-25265,"خیلییییی خوبه 
فقط اگه با محصولات عطری مشکل دارید نخرید",0,true,2026-07-14T13:53:25.2269267+03:30,مثبت,0.79,محصول,محصول
کرم آبرسان مدل هیدراکتیو حجم 120 میلی لیتر,https://www.khanoumi.com/products/jute-hydra-active-cream-25265,خیلی خوب بود دوتا ازش استفاده کردم ولی خیلی قیمتش بالارفته نمیصرفه  بخری,0,true,2026-07-13T01:36:05.7094594+03:30,مثبت,0.91,محصول | قیمت,محصول
کرم آبرسان مدل هیدراکتیو حجم 120 میلی لیتر,https://www.khanoumi.com/products/jute-hydra-active-cream-25265,من اولین باره از این آبرسان استفاده میکنم. قشنگ آبرسانی میکنه و بوی خوبی داره,0,true,2026-07-10T14:14:56.1586067+03:30,مثبت,0.67,محصول,محصول
کرم آبرسان مدل هیدراکتیو حجم 120 میلی لیتر,https://www.khanoumi.com/products/jute-hydra-active-cream-25265,آب رسان خوبیه اولش انگار خیلی چرب و سنگینه ولی زود جذب پوست میشه و دقیقا بعد یکبار استفاده ازش میتونید تاثیرشو ببینید,0,true,2026-07-05T03:12:30.3727469+03:30,مثبت,0.67,محصول,محصول
کرم آبرسان مدل هیدراکتیو حجم 120 میلی لیتر,https://www.khanoumi.com/products/jute-hydra-active-cream-25265,من پوستم چرب و معمولیه وقتی استفاده میکنم احساس سنگینی و خفگی روی پوستم دارم بخاطرهمین کم روب پوستم میزنم و روی نواحی چرب مثل بینی و پیشونی نمیزنم.البته این محصول به دلیل غلظتش برای پوست من بیشتر کار مرطوب کننده رو انجام میده نه ابرسان.,0,false,2026-07-04T20:43:10.1155586+03:30,خنثی,0.35,محصول,محصول
کرم آبرسان مدل هیدراکتیو حجم 120 میلی لیتر,https://www.khanoumi.com/products/jute-hydra-active-cream-25265,من دو ساله استفاده میکنم جذب پوست میشه بسیار عالی استفاده از این ابرسان رو پیشنهاد میکنم,0,true,2026-06-29T21:08:59.3250453+03:30,مثبت,0.91,محصول,محصول
کرم آبرسان مدل هیدراکتیو حجم 120 میلی لیتر,https://www.khanoumi.com/products/jute-hydra-active-cream-25265,راضیم ازش.یکم بدی پرتقال میده فقط.کاراییش خوبه فقط بوش زیاده,0,true,2026-06-29T17:57:36.0450161+03:30,مثبت,0.91,محصول,محصول
کرم آبرسان مدل هیدراکتیو حجم 120 میلی لیتر,https://www.khanoumi.com/products/jute-hydra-active-cream-25265,"این هفتمین باره که از این ابرسان میگیرم و استفاده میکنم 
مردونش هم گرفتم اونم خیلی خوبه",0,true,2026-06-28T17:11:38.3903463+03:30,مثبت,0.91,سایر,سایر
کرم آبرسان مدل هیدراکتیو حجم 120 میلی لیتر,https://www.khanoumi.com/products/jute-hydra-active-cream-25265,خیلی فوق‌العادست من سومین دفعه هستش ک دارم میخرم و واقعا نتیجه گرفتم ازش,0,true,2026-06-26T00:41:56.2905038+03:30,خنثی,0.35,محصول,محصول
کرم آبرسان مدل هیدراکتیو حجم 120 میلی لیتر,https://www.khanoumi.com/products/jute-hydra-active-cream-25265,من برای مادرم که پوست خشکی داره تهیه کردم و واقعا راضی بودند,0,true,2026-06-23T12:45:42.1066937+03:30,مثبت,0.67,محصول,محصول
کرم آبرسان مدل هیدراکتیو حجم 120 میلی لیتر,https://www.khanoumi.com/products/jute-hydra-active-cream-25265,کرم خوبیه من برا زیر ضدافتابم میزنم راضیم,0,true,2026-06-21T11:55:54.0289819+03:30,مثبت,0.91,محصول,محصول
کرم آبرسان مدل هیدراکتیو حجم 120 میلی لیتر,https://www.khanoumi.com/products/jute-hydra-active-cream-25265,خوب,0,true,2026-06-20T23:08:20.5456921+03:30,مثبت,0.67,سایر,سایر
کرم آبرسان مدل هیدراکتیو حجم 120 میلی لیتر,https://www.khanoumi.com/products/jute-hydra-active-cream-25265,خوب بود تمومش کردم حجمشم خوب بود,0,true,2026-06-20T23:00:42.7624465+03:30,مثبت,0.95,محصول,محصول
کرم آبرسان مدل هیدراکتیو حجم 120 میلی لیتر,https://www.khanoumi.com/products/jute-hydra-active-cream-25265,من تمام ابرسان ها را تست کردم حتی برند های مختلف خارجی. هیچ کدوم به اندازه ی ژوت برای من خوب نبوده. البته سازگاری هر پوست فرق داره . اما برای من ژوت بهترینه,0,true,2026-06-20T00:55:38.42375+03:30,مثبت,0.67,محصول,محصول
کرم آبرسان مدل هیدراکتیو حجم 120 میلی لیتر,https://www.khanoumi.com/products/jute-hydra-active-cream-25265,من هربار که اومدم سفارش ثبت کنم یکی از این آبرسان‌ها داخل سبدم بوده از بس که به پوستم میشینه. خیلی خوب آبرسانی میکنه پوست رو در حدی که انگار پوستت آبداره. به هرکی هم معرفی کردم راضی بوده,0,true,2026-06-15T19:40:59.0998648+03:30,ترکیبی,0.9,محصول,محصول
کرم آبرسان مدل هیدراکتیو حجم 120 میلی لیتر,https://www.khanoumi.com/products/jute-hydra-active-cream-25265,به عنوان یه مرطوب کننده خیلی خوبه سنگین نیست و حجم خیلی خوبی داره برای من باعث جوش نشد و بوی ملایمی هم داره,0,false,2026-06-12T15:24:10.8507425+03:30,منفی,0.91,محصول,محصول
کرم آبرسان مدل هیدراکتیو حجم 120 میلی لیتر,https://www.khanoumi.com/products/jute-hydra-active-cream-25265,عالی و بینظیر,0,true,2026-06-10T13:35:13.5594504+03:30,مثبت,0.67,سایر,سایر
کرم آبرسان مدل هیدراکتیو حجم 120 میلی لیتر,https://www.khanoumi.com/products/jute-hydra-active-cream-25265,بوی ملایم و خوبی داره ،زود جذب هم هست و در کل کرم خوبیه،حجم خیلی خوبی هم داره,0,true,2026-06-10T13:25:11.444201+03:30,مثبت,0.95,محصول,محصول
کرم آبرسان مدل هیدراکتیو حجم 120 میلی لیتر,https://www.khanoumi.com/products/jute-hydra-active-cream-25265,عالی بود چند سال پیش این محصول رو داشتم و دوباره سفارش دادم فرمول هیچ تغییری نکرده بود و این عالی بود یکم بو داره اما اذیت کننده نیست و برای پوست خشک من تا الان خوب بوده,0,true,2026-06-08T21:29:07.7042177+03:30,مثبت,0.95,محصول,محصول
کرم آبرسان مدل هیدراکتیو حجم 120 میلی لیتر,https://www.khanoumi.com/products/jute-hydra-active-cream-25265,اصلا تاثیر خاصی نداره عادیه.انقدر هم نمی ارزه,0,true,2026-06-06T21:56:41.0808146+03:30,مثبت,0.67,اصل بودن کالا,اصل بودن کالا
کرم آبرسان مدل هیدراکتیو حجم 120 میلی لیتر,https://www.khanoumi.com/products/jute-hydra-active-cream-25265,خیلی عطر زیادی داره ، شبیه بوی الکل .,0,true,2026-06-02T18:07:34.3847193+03:30,خنثی,0.35,محصول,محصول
کرم آبرسان مدل هیدراکتیو حجم 120 میلی لیتر,https://www.khanoumi.com/products/jute-hydra-active-cream-25265,عطرش زیاده اذیت میکنه,0,true,2026-06-01T12:48:35.7047387+03:30,خنثی,0.35,محصول,محصول
کرم آبرسان مدل هیدراکتیو حجم 120 میلی لیتر,https://www.khanoumi.com/products/jute-hydra-active-cream-25265,سه بار زدم تاثیرش رو دیدم عالیه,0,true,2026-05-27T20:52:58.9878495+03:30,مثبت,0.79,سایر,سایر
کرم آبرسان مدل هیدراکتیو حجم 120 میلی لیتر,https://www.khanoumi.com/products/jute-hydra-active-cream-25265,"عالیه! عاشقش شدم و حتما بازم میخرمش. 
خیلی بهتر از آبرسان لافارره، نیاز به کرم مرطوب هم نداره دیگه",0,true,2026-05-23T22:12:35.0748119+03:30,مثبت,0.79,محصول,محصول
کرم آبرسان مدل هیدراکتیو حجم 120 میلی لیتر,https://www.khanoumi.com/products/jute-hydra-active-cream-25265,"منم برای سومین باره سفارش میدم ابرسانیش فوق العادیت 
حتی برای پوست خیلی خشک هم جوابه یه قطرش 
سبکه و تا چندین ساعت نرمیش روی پوستتون میمونه 
بوی خیلی خوبی هم میده اصلا زیاد نیست 
بوی ملایم و خیلی خوبی داره",0,true,2026-05-18T10:01:50.9189551+03:30,مثبت,0.91,محصول | اصل بودن کالا,محصول
کرم آبرسان مدل هیدراکتیو حجم 120 میلی لیتر,https://www.khanoumi.com/products/jute-hydra-active-cream-25265,"خیلی کرم خوبیه واقعا پوست رو ابرسانی میکنه برای من که سد دفاعی پوستم آسیب دیده بود خیلی خوب جواب داد
ولی اگر به محصولات بو دار حساسیت دارید یا خوشتون نمیاد عطر داشته باشه محصولی که استفاده میکنید نگیرید
چون من خودم واقعا هر بار از بوش اذیت شدم",0,false,2026-05-14T12:54:08.3577887+03:30,مثبت,0.95,محصول,محصول
کرم آبرسان مدل هیدراکتیو حجم 120 میلی لیتر,https://www.khanoumi.com/products/jute-hydra-active-cream-25265,من بارها این کرم رو شارژ کردم و خیلی راضی بودم، ولی متاسفانه این سری واقعا عطرش اذیت کننده ست، باعث شده آلرژیم عود کنه,0,true,2026-05-12T23:10:52.14584+03:30,ترکیبی,0.71,محصول,محصول
کرم آبرسان مدل هیدراکتیو حجم 120 میلی لیتر,https://www.khanoumi.com/products/jute-hydra-active-cream-25265,من بالای پنج سال هست از این کرم استفاده میکنم و خیلی راضی بودم، این سری آخر بشدت کیفیتش افت کرده و بوی عطرش هم خیلی زننده شده,0,true,2026-05-11T22:59:46.1009492+03:30,مثبت,0.67,محصول,محصول
کرم آبرسان مدل هیدراکتیو حجم 120 میلی لیتر,https://www.khanoumi.com/products/jute-hydra-active-cream-25265,برای پوست که بسیار خشک و بی آبه خیلی عالی بود و مجدد تمدیدش میکنم,0,true,2026-05-10T13:00:43.4922572+03:30,مثبت,0.79,محصول,محصول
کرم آبرسان مدل هیدراکتیو حجم 120 میلی لیتر,https://www.khanoumi.com/products/jute-hydra-active-cream-25265,مجدد تمدیدش کردم برای من که پوستم خشکه عالی بود تا چند روز نیازی به استفاده از هیچ مرطوب رسانی ندارم . درواقع به پوست من افتاد و دوباره خریدم و راضی هستم ، حجمش هم نسبتا خوب بود,0,true,2026-05-07T23:35:15.7541642+03:30,مثبت,0.95,محصول,محصول
کرم آبرسان مدل هیدراکتیو حجم 120 میلی لیتر,https://www.khanoumi.com/products/jute-hydra-active-cream-25265,خیلی عطریه قبلا اینجوری نبود,0,false,2026-05-03T22:39:01.5038098+03:30,خنثی,0.35,محصول,محصول
کرم آبرسان مدل هیدراکتیو حجم 120 میلی لیتر,https://www.khanoumi.com/products/jute-hydra-active-cream-25265,عطرش زیاده ولی مرطوب کنندگی و آبرسانیش خوبه,0,true,2026-05-03T11:54:00.3227371+03:30,مثبت,0.79,محصول,محصول
کرم آبرسان مدل هیدراکتیو حجم 120 میلی لیتر,https://www.khanoumi.com/products/jute-hydra-active-cream-25265,برای دومین بار از سایت خریدم و مجدد سفارش دادم، برای من که پوست خشک و دهیدراته داشتم خوب بود. نرمی و لطافت پوست تا چند روز تضمین میکنه و این عالیه,0,true,2026-05-01T21:39:29.5274284+03:30,مثبت,0.95,محصول,محصول
کرم آبرسان مدل هیدراکتیو حجم 120 میلی لیتر,https://www.khanoumi.com/products/jute-hydra-active-cream-25265,"بشدت عطری شده و بوی زننده ای داره.
قبلا اینحوری نبود که",0,true,2026-04-30T22:59:20.7929752+03:30,خنثی,0.35,محصول,محصول
کرم آبرسان مدل هیدراکتیو حجم 120 میلی لیتر,https://www.khanoumi.com/products/jute-hydra-active-cream-25265,من پوستم حساس و مختلطه ، عطر و بوش یکم زیاده ، و صورت من باهاش جوش میزنه ولی ابرسانی خوبی داره,0,true,2026-04-28T19:52:52.4271273+03:30,مثبت,0.67,محصول,محصول
کرم آبرسان مدل هیدراکتیو حجم 120 میلی لیتر,https://www.khanoumi.com/products/jute-hydra-active-cream-25265,فقط بخاطر عطری بودن زیادیش برای پوست صورت خیلی امن به نظر نمیاد درمالیفت و راکوتن انتخاب خیلی بهترین,0,false,2026-04-28T19:33:52.0846645+03:30,مثبت,0.67,محصول,محصول
کرم آبرسان مدل هیدراکتیو حجم 120 میلی لیتر,https://www.khanoumi.com/products/jute-hydra-active-cream-25265,این محصول خوبه اونی که برای خواهرم گرفتم عالی و کم بو اونی که برای خودم اومدم معمولی در حد مرطوب کننده و آنقدر بوی عطرش زیاده که نمیشه استفاده کرد یا اگر کسی حساسیت داشته باشه اذیت میشه,0,true,2026-04-28T10:43:50.6333543+03:30,مثبت,0.91,محصول,محصول
کرم آبرسان مدل هیدراکتیو حجم 120 میلی لیتر,https://www.khanoumi.com/products/jute-hydra-active-cream-25265,زود جذبه و آبرسانی خوبی می‌کنه ، اما عطر تندی داره,0,true,2026-04-26T21:26:45.8113491+03:30,مثبت,0.67,محصول,محصول
کرم آبرسان مدل هیدراکتیو حجم 120 میلی لیتر,https://www.khanoumi.com/products/jute-hydra-active-cream-25265,اصن راضی نبودم منی که پوستم معمولی و خشکه رو چرب کرده جوری که صورتم عرق میکنه,0,true,2026-04-24T02:26:36.0294653+03:30,منفی,0.67,محصول,محصول
کرم آبرسان مدل هیدراکتیو حجم 120 میلی لیتر,https://www.khanoumi.com/products/jute-hydra-active-cream-25265,خیلی معطر هست. برام قابل تحمل نیست. نمیتونم ازش استفاده کنم,0,true,2026-04-22T17:25:27.0492475+03:30,خنثی,0.35,محصول,محصول
کرم آبرسان مدل هیدراکتیو حجم 120 میلی لیتر,https://www.khanoumi.com/products/jute-hydra-active-cream-25265,"برای من ک پوستم چربه خیلی عالیه 
اصلا چربی نداره بافت خیلی سبکی داره 
من چندساله دارم استفاده میکنم 
خیلی راضیم 
چندتا سفارش دادم",0,true,2026-04-21T15:04:21.6716215+03:30,مثبت,0.91,محصول | اصل بودن کالا,محصول
کرم آبرسان مدل هیدراکتیو حجم 120 میلی لیتر,https://www.khanoumi.com/products/jute-hydra-active-cream-25265,بد نیس ینی خیلی معمولیع تواین رنج ابرسان سیمپل بیشتر اوکیه,0,false,2026-04-18T23:25:29.115654+03:30,منفی,0.67,محصول,محصول
کرم آبرسان مدل هیدراکتیو حجم 120 میلی لیتر,https://www.khanoumi.com/products/jute-hydra-active-cream-25265,بد نیست من زیاد دوست نداشتم، هنوز نتونستم یه آبرسان خوب پیدا کنم، یا جوش میزنم یا جواب نمیده,0,true,2026-04-17T13:55:35.5094984+03:30,مثبت,0.79,سایر,سایر
کرم آبرسان مدل هیدراکتیو حجم 120 میلی لیتر,https://www.khanoumi.com/products/jute-hydra-active-cream-25265,2،3سال پیش که خریدم خیلی خوب بود عالی و امسال 1404اسفندماه که خریدم افتضاح بوش انقدر بده حد نداره حالت ابرسانیشم افتضاح میسوزونه پوستو و اینکه چرب طورم هست خلاصه اصلی رلضی کننده نیست اینم نوشتم بقیه بدونند,0,true,2026-04-17T12:39:55.5020367+03:30,مثبت,0.95,محصول | اصل بودن کالا,محصول
کرم آبرسان مدل هیدراکتیو حجم 120 میلی لیتر,https://www.khanoumi.com/products/jute-hydra-active-cream-25265,"بو خیلی بدی داره برای صورت قابل استفاده نیست 
ارزش خرید ندارد",0,true,2026-04-16T12:31:33.8708918+03:30,منفی,0.79,محصول | قیمت,محصول
کرم آبرسان مدل هیدراکتیو حجم 120 میلی لیتر,https://www.khanoumi.com/products/jute-hydra-active-cream-25265,هرچی آبرسان میخریدم باز پوسته پوسته میشد صورتم،یه جورایی این جنبه درنانی داشت برام،پوستمو عالی کرد,0,true,2026-04-15T21:04:58.6275585+03:30,مثبت,0.67,محصول,محصول
کرم آبرسان مدل هیدراکتیو حجم 120 میلی لیتر,https://www.khanoumi.com/products/jute-hydra-active-cream-25265,من چندمین باره که شارژ میکنم پوستمم به شدت خشکه اما این محصول رو خیلی دوست داشتم، قیمتشم مناسبه نسبت به حجمش,0,true,2026-04-12T20:47:23.9168666+03:30,مثبت,0.67,محصول | قیمت,محصول
کرم آبرسان مدل هیدراکتیو حجم 120 میلی لیتر,https://www.khanoumi.com/products/jute-hydra-active-cream-25265,"من بعد از تست انواع مدل های ابرسان دو سال بود مداوم از این محصول استفاده میکردم،و از آبرسان ژوت بسیار راضی بودم ولی این سری خیلی درب و داغون شده بوی خیییییلی بدی میده اصلا به کیفیت قبل نیست.
بسته بندی و همه چی مثل سری های قبله ولی بوی بشدت بدی میده...",0,true,2026-04-12T12:26:05.3372157+03:30,ترکیبی,0.92,محصول | تحویل و ارسال | اصل بودن کالا,محصول
کرم آبرسان مدل هیدراکتیو حجم 120 میلی لیتر,https://www.khanoumi.com/products/jute-hydra-active-cream-25265,راضی نبودم .فوری جذب میشه و انگارابرسان نزدی .اگه بعدش مرطوب کننده نزنی پوستت خشک میمونه,0,true,2026-04-11T16:20:35.5105447+03:30,منفی,0.67,محصول,محصول
کرم آبرسان مدل هیدراکتیو حجم 120 میلی لیتر,https://www.khanoumi.com/products/jute-hydra-active-cream-25265,جدید کیفیتش اومده پایین و خوب نیست,0,false,2026-04-11T09:54:08.1467873+03:30,منفی,0.67,محصول,محصول
کرم آبرسان مدل هیدراکتیو حجم 120 میلی لیتر,https://www.khanoumi.com/products/jute-hydra-active-cream-25265,پوست من حساس بود و با این کرم حسابی میسوخت و بعد قرمز می‌شد برای پوست حساس اصلا پیشنهاد نمیکنم,0,false,2026-04-11T01:59:09.7569842+03:30,خنثی,0.35,محصول | اصل بودن کالا,محصول
کرم آبرسان مدل هیدراکتیو حجم 120 میلی لیتر,https://www.khanoumi.com/products/jute-hydra-active-cream-25265,من پوست صورتم چربه. برای صورت اصلا پیشنهاد نمیکنم چون چرب سنگینه. برای دست  اما خیلی خوبه,0,false,2026-04-11T01:10:48.4929781+03:30,مثبت,0.91,محصول | اصل بودن کالا,محصول
کرم آبرسان مدل هیدراکتیو حجم 120 میلی لیتر,https://www.khanoumi.com/products/jute-hydra-active-cream-25265,"عالیه 
آبرسانی فوق العاده میکنه 
برای بار چندمِ که سفارش میدم",0,true,2026-04-11T00:31:32.6004847+03:30,مثبت,0.91,سایر,سایر
کرم آبرسان مدل هیدراکتیو حجم 120 میلی لیتر,https://www.khanoumi.com/products/jute-hydra-active-cream-25265,خیلی خوبه برای پوست چرب چون چربی کمی داره آبرسانی بالایی داره بسیار عالیی,0,true,2026-04-10T23:54:21.1885465+03:30,مثبت,0.95,محصول,محصول
کرم آبرسان مدل هیدراکتیو حجم 120 میلی لیتر,https://www.khanoumi.com/products/jute-hydra-active-cream-25265,چند سال استفاده کردم خوب بود ولی جدیدگرفتم اصلا خوب نیست کیفیتش خیلی اومده پایین دیگه نمیخرم,0,false,2026-04-10T22:39:32.0253086+03:30,خنثی,0.35,محصول | اصل بودن کالا,محصول
کرم آبرسان مدل هیدراکتیو حجم 120 میلی لیتر,https://www.khanoumi.com/products/jute-hydra-active-cream-25265,بعد از ده مدل تست کردن آبرسان های مختلف این بهترین چیزیه که تا الان گرفتم پوستم نرم شد جوش نزدم و چرب نیست,0,true,2026-04-08T22:25:22.5571163+03:30,مثبت,0.67,محصول,محصول
کرم آبرسان مدل هیدراکتیو حجم 120 میلی لیتر,https://www.khanoumi.com/products/jute-hydra-active-cream-25265,"بیشتر  مرطوب کننده تا ابرسان یه حالت ژل کرمی داره
خیلی عطریه 
و بسته بندی بدی داشت پاره شده بود کارتن
 معمولیه برای بار دوم شارژ نمی کنم",0,true,2026-04-08T14:22:14.385758+03:30,منفی,0.67,محصول | تحویل و ارسال,محصول
کرم آبرسان مدل هیدراکتیو حجم 120 میلی لیتر,https://www.khanoumi.com/products/jute-hydra-active-cream-25265,خوبه ولی یکمی سنگینه و صورتو میسوزونه,0,false,2026-04-07T11:00:57.1514338+03:30,مثبت,0.79,سایر,سایر
کرم آبرسان مدل هیدراکتیو حجم 120 میلی لیتر,https://www.khanoumi.com/products/jute-hydra-active-cream-25265,واقعا راضی بودم هم کیفیت هم آبرسانی همه چیش خوب بود,0,true,2026-04-03T20:49:21.0315229+03:30,مثبت,0.91,محصول,محصول
کرم آبرسان مدل هیدراکتیو حجم 120 میلی لیتر,https://www.khanoumi.com/products/jute-hydra-active-cream-25265,کیفیت متوسطی داره و بوی خیلی زیادی داره ! اگر به بو حساسید اصلا سراغش نرید,0,false,2026-03-31T12:43:40.4231281+03:30,مثبت,0.67,محصول | اصل بودن کالا,محصول
کرم آبرسان مدل هیدراکتیو حجم 120 میلی لیتر,https://www.khanoumi.com/products/jute-hydra-active-cream-25265,ابرسان خوبیه راضیم واقعااا,0,false,2026-03-30T23:24:05.8858212+03:30,مثبت,0.91,سایر,سایر
کرم آبرسان مدل هیدراکتیو حجم 120 میلی لیتر,https://www.khanoumi.com/products/jute-hydra-active-cream-25265,خیلی بوی الکل میده واقعا اذیت کننده است .. روی پوستم فک کنم جذب نمیشه چون برای ساعت ها حالت لزجی روی پوست میمونه ک این حس رو میده به ادم ک اصلا جذب نشده .. من که دیگ شارژش نمیکنم,0,true,2026-03-30T22:39:14.336249+03:30,منفی,0.67,محصول | اصل بودن کالا,اصل بودن کالا
کرم آبرسان مدل هیدراکتیو حجم 120 میلی لیتر,https://www.khanoumi.com/products/jute-hydra-active-cream-25265,من استفاده کردم راضی نبودم دیگه شارژش نکردم بوش خیلی اذیتم میکرد,0,true,2026-03-26T03:27:07.3792957+03:30,منفی,0.67,محصول,محصول
کرم آبرسان مدل هیدراکتیو حجم 120 میلی لیتر,https://www.khanoumi.com/products/jute-hydra-active-cream-25265,واقعا از بهترین آبرسانهاست حال خوب پوستم و حس میکنم,0,true,2026-03-25T19:09:22.7286739+03:30,مثبت,0.79,محصول,محصول
کرم آبرسان مدل هیدراکتیو حجم 120 میلی لیتر,https://www.khanoumi.com/products/jute-hydra-active-cream-25265,فکر میکنم ترکیباتش عوض شده مثل قبل نیست، این بار بوی تند و نا مطلوبی داشت و باعث جوش شد! و من که سالها شارژش میکردم دیگه کلا گذاشتمش کنار. راضی نبودم.,0,true,2026-03-21T14:10:38.5185788+03:30,منفی,0.67,محصول,محصول
کرم آبرسان مدل هیدراکتیو حجم 120 میلی لیتر,https://www.khanoumi.com/products/jute-hydra-active-cream-25265,عالی بود,0,true,2026-03-20T21:45:59.887046+03:30,مثبت,0.79,محصول,محصول
کرم آبرسان مدل هیدراکتیو حجم 120 میلی لیتر,https://www.khanoumi.com/products/jute-hydra-active-cream-25265,اینو بخاطر تخفیف خوبیی که داشت گرفتم انگار هیچی به پوستم نمیزدم پوستم تیره و خشک شده بود .,0,true,2026-03-17T04:42:49.1834376+03:30,مثبت,0.67,محصول | قیمت,محصول
کرم آبرسان مدل هیدراکتیو حجم 120 میلی لیتر,https://www.khanoumi.com/products/jute-hydra-active-cream-25265,آبرسانی میکنه، سریع جذب میشه فقط بوووووووووش تند,0,true,2026-03-16T15:32:26.7234787+03:30,خنثی,0.35,محصول,محصول
کرم آبرسان مدل هیدراکتیو حجم 120 میلی لیتر,https://www.khanoumi.com/products/jute-hydra-active-cream-25265,اصلا خوب نیست جذب پوست نمیشه,0,false,2026-03-13T03:35:02.4564579+03:30,منفی,0.79,محصول | اصل بودن کالا,اصل بودن کالا
کرم آبرسان مدل هیدراکتیو حجم 120 میلی لیتر,https://www.khanoumi.com/products/jute-hydra-active-cream-25265,"سلام تشکرمیکنم از عوامل سایت خانومی که تو این شرایط ناآرام بسته هارو به موقع تحویل دادن
این ابرسان برای پوست های چرب کمی سنگینه باید به عنوان مرطوب کننده استفاده بشه نه ابرسان",0,true,2026-03-10T14:24:43.6508351+03:30,خنثی,0.35,محصول | تحویل و ارسال,محصول
کرم آبرسان مدل هیدراکتیو حجم 120 میلی لیتر,https://www.khanoumi.com/products/jute-hydra-active-cream-25265,‌بوی ادکلن میده ک بنظرم خوب نیست محصولات پوستی انقدر رایحه داشته باشن,0,false,2026-03-10T10:19:32.134769+03:30,منفی,0.67,محصول,محصول
کرم آبرسان مدل هیدراکتیو حجم 120 میلی لیتر,https://www.khanoumi.com/products/jute-hydra-active-cream-25265,بد نیست,0,true,2026-03-06T19:29:50.9660942+03:30,مثبت,0.67,سایر,سایر
کرم آبرسان مدل هیدراکتیو حجم 120 میلی لیتر,https://www.khanoumi.com/products/jute-hydra-active-cream-25265,یک ماه استفاده کردم و فرای بار دوم خریدم آبرسانی خوبی داره و برخلاف نظر بعضیا بسیار خوشبو هستش,0,true,2026-03-02T12:19:43.6020636+03:30,مثبت,0.67,محصول,محصول
کرم آبرسان مدل هیدراکتیو حجم 120 میلی لیتر,https://www.khanoumi.com/products/jute-hydra-active-cream-25265,سریع جذب میشه فوق العاده سبک فقط بوی تندی میده اگر کسی حساس هست نمیتونه تحمل کنه,0,true,2026-02-23T22:13:33.9465457+03:30,مثبت,0.67,محصول,محصول
کرم آبرسان مدل هیدراکتیو حجم 120 میلی لیتر,https://www.khanoumi.com/products/jute-hydra-active-cream-25265,راضی نبودم ازش انگار اصلا جذب پوست نمیشه,0,true,2026-02-17T22:56:29.5347619+03:30,خنثی,0.35,محصول | اصل بودن کالا,محصول
کرم آبرسان مدل هیدراکتیو حجم 120 میلی لیتر,https://www.khanoumi.com/products/jute-hydra-active-cream-25265,خوبه,0,false,2026-02-17T00:35:34.794005+03:30,مثبت,0.79,سایر,سایر
کرم آبرسان مدل هیدراکتیو حجم 120 میلی لیتر,https://www.khanoumi.com/products/jute-hydra-active-cream-25265,همیشه کیفیتش خوب بود، سری آخر که توی بلک فرایدی خریدم اصلا کیفیت قبل رو نداشت، بوی خیلی بدی ام میداد,0,true,2026-02-15T12:48:35.8575068+03:30,مثبت,0.79,محصول | اصل بودن کالا,محصول
کرم آبرسان مدل هیدراکتیو حجم 120 میلی لیتر,https://www.khanoumi.com/products/jute-hydra-active-cream-25265,خیلی چربه ، مثل کرم دست و صورت های معمولیه،اصلا برای پوست چرب مناسب نیست، پشیمون شدم از خریدم و اصلا تکرارش نمیکنم,0,true,2026-02-14T20:04:07.8841511+03:30,مثبت,0.67,محصول | اصل بودن کالا,محصول
کرم آبرسان مدل هیدراکتیو حجم 120 میلی لیتر,https://www.khanoumi.com/products/jute-hydra-active-cream-25265,"ابرسان سبک مناسب پوست و با قیمت مناسب
چندساله ازش استفاده میکنم خیلی خوبه،پوستم نسبتا چربه",0,true,2026-02-13T02:15:46.0602242+03:30,مثبت,0.91,محصول | قیمت,محصول
کرم آبرسان مدل هیدراکتیو حجم 120 میلی لیتر,https://www.khanoumi.com/products/jute-hydra-active-cream-25265,عالیه ، سبک و زود جذب ولی مرطوب کننده است و آبرسان نیست,0,true,2026-02-09T13:08:10.5185286+03:30,مثبت,0.79,سایر,سایر
کرم آبرسان مدل هیدراکتیو حجم 120 میلی لیتر,https://www.khanoumi.com/products/jute-hydra-active-cream-25265,خیلی سبکه و زود جذب میشه دوستانی که نوشتن دیر جذب میشه نمیدونم چطور این نظر رو دادن ولی من که بافت کرم رو دوست ندارم روی پوستم حس کنم اینو میپسندم چون زود جذب میشه. بوی بدی هم نداره من چند ساله ازش استفاده میکنم راضیم.,0,true,2026-02-01T22:28:47.2206876+03:30,مثبت,0.91,محصول,محصول
کرم آبرسان مدل هیدراکتیو حجم 120 میلی لیتر,https://www.khanoumi.com/products/jute-hydra-active-cream-25265,بوی تندی داره باعث حساس شدن چشم میشه,0,false,2026-01-20T10:37:11.1607277+03:30,خنثی,0.35,محصول,محصول
کرم آبرسان مدل هیدراکتیو حجم 120 میلی لیتر,https://www.khanoumi.com/products/jute-hydra-active-cream-25265,"بوی زیادش جوریه انگار داری عطر به پوستت میزنی تا کرم ولی بوی گل فروشی میده. 
غیراز این رطوبت رسانی من ازش ندیدم حتی احساس کردم پوستمو خشک تر میکنه عطرش مصنوعی و زیادو بنظر محصول خوبی نمیاد. درلحظه که میزنی حسش خوبه و بافت خوبی داره اما رطوبت رسانی نمیکرد برام",0,true,2026-01-19T22:16:39.6933834+03:30,مثبت,0.79,محصول,محصول
کرم آبرسان مدل هیدراکتیو حجم 120 میلی لیتر,https://www.khanoumi.com/products/jute-hydra-active-cream-25265,خیلی بوی بد و تندی میده و خیلی سنگینه روی پوست. من ک اصن دوسش نداشتم,0,false,2026-01-19T13:30:29.9170067+03:30,منفی,0.67,محصول,محصول
کرم آبرسان مدل هیدراکتیو حجم 120 میلی لیتر,https://www.khanoumi.com/products/jute-hydra-active-cream-25265,تازه رسیده و دارم ازش استفاده میکنم واقعا راضیم و خیلی خوب آبرسانی میکنه,0,true,2026-01-17T21:38:42.1432637+03:30,مثبت,0.95,تحویل و ارسال,تحویل و ارسال
کرم آبرسان مدل هیدراکتیو حجم 120 میلی لیتر,https://www.khanoumi.com/products/jute-hydra-active-cream-25265,من تقریبا هرچی کرم معروف هم بود به خاطر تبلیغات بالا گرفتم. مثلا اوردینری جوش زیر پوستی زدم زیاد. سیمپل گرفتم میلیا زدم . تنها کرمی که به پوستم جواب میده همینه و واقعا راضی هستم. بستگی داره به هر پوست ممکنه یک نفر براش سیمپل عالی باشه یک نفر دیگه اوردینری برای من این عالی بود,0,true,2026-01-17T11:30:30.9669249+03:30,مثبت,0.95,محصول,محصول
کرم آبرسان مدل هیدراکتیو حجم 120 میلی لیتر,https://www.khanoumi.com/products/jute-hydra-active-cream-25265,واقعاااا راضیم از خریدم آبرسان خیلییی خوبیه هم جای جوش هامو کم رنگ کرده هم پوستمو خوب آبرسانی میکنه و هم سبکه,0,true,2026-01-13T23:50:01.8637415+03:30,مثبت,0.95,محصول,محصول
کرم آبرسان مدل هیدراکتیو حجم 120 میلی لیتر,https://www.khanoumi.com/products/jute-hydra-active-cream-25265,بسیار سبک ، مرطوب کنندگی بالا ،ابرسان و زود جذب هست من پوست خشک دارم و هربار استفاده میکنم جوری لطافت میده به پوست که تا چند روز احساس میکنم اصلا نیازی به هیچ کرمی ندارم . درضمن چهره رو باز میکنه خیلی پوست رو شفاف میکنه من البته از روغن رزماری کنارش استفاده میکردم صورتمو بشدت با نشاط و لطیف نشون داد,0,true,2026-01-13T23:23:47.3015899+03:30,مثبت,0.67,محصول | اصل بودن کالا,محصول
کرم آبرسان مدل هیدراکتیو حجم 120 میلی لیتر,https://www.khanoumi.com/products/jute-hydra-active-cream-25265,خیلی خوبه، سریع جذب میشه، بو نداره که اذیت کنه، برای بار دوم خریدمش.,0,true,2026-01-11T22:43:20.8830559+03:30,مثبت,0.91,محصول,محصول
کرم آبرسان مدل هیدراکتیو حجم 120 میلی لیتر,https://www.khanoumi.com/products/jute-hydra-active-cream-25265,"بو یه چیز نسبیه از نظر بعضیا بده از نظر من خیلی بوی شیکی داره
و بیشتر بخاطر غلیظ بودن مواده که چرب بنظر میاد یکماهه استفاده میکنم و فکر میکنم بد نباشه مناسب با تایپ پوستتون باید انتخاب کنید",0,true,2026-01-11T16:15:34.702313+03:30,منفی,0.91,محصول,محصول
کرم مرطوب کننده هیدرا اکتیو تیوپی 70میلی لیتر,https://www.khanoumi.com/products/jute-tube-hydra-active-cream-25266,یکی بگه بهم این مرطوب کنندست یا اب رسانه؟؟؟,0,true,2026-07-19T22:23:05.5239933+03:30,خنثی,0.35,سایر,سایر
کرم مرطوب کننده هیدرا اکتیو تیوپی 70میلی لیتر,https://www.khanoumi.com/products/jute-tube-hydra-active-cream-25266,سری اول که سفارش دادم خیلی خوب بود ،،،بار دوم اصلا جالب نبود و خیلی بد بو شده بود,0,false,2026-07-19T20:03:18.7189242+03:30,مثبت,0.91,محصول | اصل بودن کالا,محصول
کرم مرطوب کننده هیدرا اکتیو تیوپی 70میلی لیتر,https://www.khanoumi.com/products/jute-tube-hydra-active-cream-25266,من تاثیر خاصی ندبدم چون اصلا نتونستم ازش استفاده کنم بخاطر بوی بدی که داره واقعا بوش حال بهم زنه,0,true,2026-07-14T02:56:36.8904594+03:30,ترکیبی,0.74,محصول | اصل بودن کالا,محصول
کرم مرطوب کننده هیدرا اکتیو تیوپی 70میلی لیتر,https://www.khanoumi.com/products/jute-tube-hydra-active-cream-25266,من چندین ساله از این مرطوب‌کننده استفاده میکنم ، پوستم مختلط هست ، نه جوش زدم نه چیزی ، سبک و زود جذبه و برف نمیندازه، برای استفاده روزمره گزینه خوبیه,0,true,2026-06-07T12:40:58.2628943+03:30,مثبت,0.67,محصول,محصول
کرم مرطوب کننده هیدرا اکتیو تیوپی 70میلی لیتر,https://www.khanoumi.com/products/jute-tube-hydra-active-cream-25266,من اصلا جوش نمیزدم. این کرم که استفاده میکنم باعث شده صورتم جوش‌های ریز بزنه و قرمزی و خارش ایجاد کرده,0,true,2026-05-25T17:57:15.5540653+03:30,منفی,0.67,محصول | اصل بودن کالا,اصل بودن کالا
کرم مرطوب کننده هیدرا اکتیو تیوپی 70میلی لیتر,https://www.khanoumi.com/products/jute-tube-hydra-active-cream-25266,برای من باعث جوش زیر پوستی شد باقی مونده شو برای دستم استفاده کردم,0,true,2026-05-18T12:11:56.8407519+03:30,خنثی,0.35,محصول,محصول
کرم مرطوب کننده هیدرا اکتیو تیوپی 70میلی لیتر,https://www.khanoumi.com/products/jute-tube-hydra-active-cream-25266,متاسفانه کرمیه که عطر خیلی بالایی داده.من که دوسش نداشتم,0,true,2026-05-15T23:15:48.0422162+03:30,منفی,0.67,محصول,محصول
کرم مرطوب کننده هیدرا اکتیو تیوپی 70میلی لیتر,https://www.khanoumi.com/products/jute-tube-hydra-active-cream-25266,من از جای دیگه تهیه میکنم و نزدیک 4 ساله دارم فقط از همین آبرسان میزنم چون اصلا باهاش جوش نمیزنم و جای لک هم خیلی خوب از بین میبره,0,false,2026-05-13T00:31:02.1246476+03:30,مثبت,0.91,اصل بودن کالا,اصل بودن کالا
کرم مرطوب کننده هیدرا اکتیو تیوپی 70میلی لیتر,https://www.khanoumi.com/products/jute-tube-hydra-active-cream-25266,اصلا کرم خوبی نیست .,0,true,2026-05-02T11:17:49.3935863+03:30,خنثی,0.35,محصول | اصل بودن کالا,محصول
کرم مرطوب کننده هیدرا اکتیو تیوپی 70میلی لیتر,https://www.khanoumi.com/products/jute-tube-hydra-active-cream-25266,تاثیر خاصی ازش ندیدم بدنبود,0,false,2026-04-05T22:50:32.8887103+03:30,مثبت,0.67,محصول,محصول
کرم مرطوب کننده هیدرا اکتیو تیوپی 70میلی لیتر,https://www.khanoumi.com/products/jute-tube-hydra-active-cream-25266,عالیه بنظرممممم,0,false,2026-03-16T21:59:32.2527085+03:30,مثبت,0.79,سایر,سایر
کرم مرطوب کننده هیدرا اکتیو تیوپی 70میلی لیتر,https://www.khanoumi.com/products/jute-tube-hydra-active-cream-25266,قبلاً خالم داشت چون ازش استفاده کرده بودم خریدم ولی بوش کاملا متفاوت بود و این ی بو الکلی میده و بوش کلا تغییر کرده و مرطوب کنندگیش قبل بهتر و ماندگار تر بود حس میکنم.,0,false,2026-01-24T11:15:08.3045557+03:30,خنثی,0.35,محصول,محصول
کرم مرطوب کننده هیدرا اکتیو تیوپی 70میلی لیتر,https://www.khanoumi.com/products/jute-tube-hydra-active-cream-25266,"من دو روزه دارم استفاده میکنم
پوستم چرپ و دهیدراته و مستعد جوشه
آبرسانیش قویه و باهاش جوش نزدم ولی یکم پوست و براق میکنه",0,true,2026-01-22T21:28:08.3790124+03:30,خنثی,0.35,محصول,محصول
کرم مرطوب کننده هیدرا اکتیو تیوپی 70میلی لیتر,https://www.khanoumi.com/products/jute-tube-hydra-active-cream-25266,بار دومه میخرم با اینکه پوستم چربه ولی این مدلش بیشتر مناسبم بود,0,true,2025-12-11T15:50:02.0408821+03:30,خنثی,0.35,محصول,محصول
کرم مرطوب کننده هیدرا اکتیو تیوپی 70میلی لیتر,https://www.khanoumi.com/products/jute-tube-hydra-active-cream-25266,سلام من خیلی راضیم خداروشکر قیمت بسته بندی کیفیت عالیه,0,true,2025-12-09T16:17:40.0822875+03:30,مثبت,0.95,تحویل و ارسال | محصول | قیمت,تحویل و ارسال
کرم مرطوب کننده هیدرا اکتیو تیوپی 70میلی لیتر,https://www.khanoumi.com/products/jute-tube-hydra-active-cream-25266,من دو تا خریدم تو تخفیف،با اینکه کلا پوستم خیلی سازگاره و جوش نمیزنه،با این کرم وحشتناک جوش میزدم ،اصلا حس آبرسانی رو نداشت و بیشتر پوستو چرب میکرد،اصلا توصیه نمیکنم خریدشو،ضمنا دوستمم تجربه ی منو داشت تو استفاده ازین کرم,0,true,2025-10-23T13:33:11.5510741+03:30,منفی,0.67,محصول | اصل بودن کالا | قیمت,اصل بودن کالا
کرم مرطوب کننده هیدرا اکتیو تیوپی 70میلی لیتر,https://www.khanoumi.com/products/jute-tube-hydra-active-cream-25266,این مرطوب‌کننده ژوت فوقالعاده اس خریدش رو پیشنهاد میکنم مرسی خانومی,0,true,2025-10-08T13:35:24.7970189+03:30,مثبت,0.95,سایر,سایر
کرم مرطوب کننده هیدرا اکتیو تیوپی 70میلی لیتر,https://www.khanoumi.com/products/jute-tube-hydra-active-cream-25266,این کرم فقط یه آبرسانه و مرطوب کننده نیست. وقتی هم می‌زنید باید حتما بعدش مرطوب کننده بزنید تا آبرسانی انجام بشه و روی پوست حفظ بشه وگرنه خیلی زود روی پوست خشک میشه و پوست رو خشک تر هم میکنه. بنظرم معمولی بود,0,false,2025-10-04T12:36:49.9004407+03:30,خنثی,0.35,محصول,محصول
کرم مرطوب کننده هیدرا اکتیو تیوپی 70میلی لیتر,https://www.khanoumi.com/products/jute-tube-hydra-active-cream-25266,خیلی سبکه عالیه دوسش دارم وهربار شارژش میکنم,0,false,2025-09-24T14:54:36.0911397+03:30,مثبت,0.79,سایر,سایر
کرم مرطوب کننده هیدرا اکتیو تیوپی 70میلی لیتر,https://www.khanoumi.com/products/jute-tube-hydra-active-cream-25266,بوش و کیفیتشو دوست داشتم,0,true,2025-09-02T13:12:44.1664481+03:30,مثبت,0.67,محصول,محصول
کرم مرطوب کننده هیدرا اکتیو تیوپی 70میلی لیتر,https://www.khanoumi.com/products/jute-tube-hydra-active-cream-25266,من ازش راضیم در حد یه مرطوب کننده اقتصادی انتظاراتمو برآورده کرد و بازم ازش خریدم و بازم میخرم اگه قیمتش مناسب بمونه,0,true,2025-08-19T07:09:04.5064406+00:00,مثبت,0.79,محصول | قیمت,محصول
کرم مرطوب کننده هیدرا اکتیو تیوپی 70میلی لیتر,https://www.khanoumi.com/products/jute-tube-hydra-active-cream-25266,دوسش داشتم,0,true,2025-08-14T02:46:09.8427126+00:00,خنثی,0.35,سایر,سایر
کرم مرطوب کننده هیدرا اکتیو تیوپی 70میلی لیتر,https://www.khanoumi.com/products/jute-tube-hydra-active-cream-25266,اصلا خوب نیست. بافت سنگینی داره و حس چربی خیلی بالا.,0,true,2025-08-05T11:17:09.1635212+00:00,منفی,0.79,محصول | اصل بودن کالا,اصل بودن کالا
کرم مرطوب کننده هیدرا اکتیو تیوپی 70میلی لیتر,https://www.khanoumi.com/products/jute-tube-hydra-active-cream-25266,زود جذب.برای پوست من باعث جوش نشد.درمان خشکی زیاد پوست,0,false,2025-07-18T06:19:14.9006318+00:00,خنثی,0.35,محصول,محصول
کرم مرطوب کننده هیدرا اکتیو تیوپی 70میلی لیتر,https://www.khanoumi.com/products/jute-tube-hydra-active-cream-25266,"شارژ 4ام هستش 
برای روزمره خوب و اقتصادی تر از مارک های خارجیه ...",0,true,2025-07-08T12:42:49.8450671+00:00,مثبت,0.67,سایر,سایر
کرم مرطوب کننده هیدرا اکتیو تیوپی 70میلی لیتر,https://www.khanoumi.com/products/jute-tube-hydra-active-cream-25266,"من خریدم
ابرسانی که اصلا نداشت
هم خودم باهاش جوش زدم شدید
هم برای دوستم خریدم جوش زد",0,false,2025-07-06T09:13:16.5391808+00:00,منفی,0.67,اصل بودن کالا,اصل بودن کالا
کرم مرطوب کننده هیدرا اکتیو تیوپی 70میلی لیتر,https://www.khanoumi.com/products/jute-tube-hydra-active-cream-25266,برای من سوزش نداشت و خیلی هم آبرسانی خوبی کرد. به نظر من بستگی داره به پوستتون.  من پوستم خیلی خشک بود عالی جواب داد,0,true,2025-07-02T22:34:05.0804339+00:00,مثبت,0.91,محصول,محصول
کرم مرطوب کننده هیدرا اکتیو تیوپی 70میلی لیتر,https://www.khanoumi.com/products/jute-tube-hydra-active-cream-25266,فقط برای دست خوبه در حد معمول مرطوب میکنه برای من که جوش زد,0,true,2025-06-15T21:39:45.9902102+00:00,مثبت,0.79,محصول,محصول
کرم مرطوب کننده هیدرا اکتیو تیوپی 70میلی لیتر,https://www.khanoumi.com/products/jute-tube-hydra-active-cream-25266,باعث سوزش پوست میشه و من دوبار باهاش جوش زدم,0,true,2025-06-09T06:02:10.27393+00:00,خنثی,0.35,محصول,محصول
کرم مرطوب کننده هیدرا اکتیو تیوپی 70میلی لیتر,https://www.khanoumi.com/products/jute-tube-hydra-active-cream-25266,بسار بوی تندی داره و اصلا آبرسانی نداره در حد یک مرطوب کننده معمولیه و اگر  پوستت حساس باشه باعث سوزش پوست میشه,0,false,2025-06-04T04:13:00.0603168+00:00,مثبت,0.67,محصول | اصل بودن کالا,محصول
کرم مرطوب کننده هیدرا اکتیو تیوپی 70میلی لیتر,https://www.khanoumi.com/products/jute-tube-hydra-active-cream-25266,افتضاح,0,true,2025-05-03T21:40:26.3804374+00:00,منفی,0.67,سایر,سایر
کرم مرطوب کننده هیدرا اکتیو تیوپی 70میلی لیتر,https://www.khanoumi.com/products/jute-tube-hydra-active-cream-25266,به شدت خوشبو خوشبو خوشبو . زیاد آبرسانی ندارن و برای پوستهای متوسط خوبه,0,true,2025-05-01T16:15:01.3563876+00:00,مثبت,0.79,محصول,محصول
کرم مرطوب کننده هیدرا اکتیو تیوپی 70میلی لیتر,https://www.khanoumi.com/products/jute-tube-hydra-active-cream-25266,من استفاده کردم تو تخفیف 50 درصد خیلی قیمت خوبی داشت حجم کمی داره اما کیفیتش خوبه و بوی خوبی هم داره مرطوب کنندگیش هم تاحد قابل قبولی هست و راضی کننده اس اگر تو تخفیف خرید شه,0,true,2025-04-18T11:50:42.3067396+00:00,مثبت,0.95,محصول | قیمت,محصول
کرم مرطوب کننده هیدرا اکتیو تیوپی 70میلی لیتر,https://www.khanoumi.com/products/jute-tube-hydra-active-cream-25266,کرم خوبیه ولی کیفیت آن چنان بالایی نداره.من به عنوان کرم صورت برای روزمره استفاده میکنم.چندباری هم خرید کردم از همین برند ولی کیفیتش معمولی هستش,0,true,2025-03-29T08:37:25.0759753+00:00,مثبت,0.67,محصول,محصول
کرم مرطوب کننده هیدرا اکتیو تیوپی 70میلی لیتر,https://www.khanoumi.com/products/jute-tube-hydra-active-cream-25266,بعنوان یک کرم آبرسانی اصلا آبرسانی نداره,0,false,2025-03-07T05:54:15.3475183+00:00,مثبت,0.67,محصول | اصل بودن کالا,محصول
کرم مرطوب کننده هیدرا اکتیو تیوپی 70میلی لیتر,https://www.khanoumi.com/products/jute-tube-hydra-active-cream-25266,مرطوب کنندگیش خوبه اما به شدت بوش زیاده,0,true,2025-02-19T09:55:08.9632073+00:00,مثبت,0.79,محصول,محصول
کرم مرطوب کننده هیدرا اکتیو تیوپی 70میلی لیتر,https://www.khanoumi.com/products/jute-tube-hydra-active-cream-25266,"من از این کرم برای مرطوب کردن صورتم قبل شیو استفاده می‌کنم
خیلی بوش خوبه و مرطوب کنندگی بالایی داره",0,true,2025-02-01T22:42:34.3109724+00:00,مثبت,0.79,محصول,محصول
کرم مرطوب کننده هیدرا اکتیو تیوپی 70میلی لیتر,https://www.khanoumi.com/products/jute-tube-hydra-active-cream-25266,بعنوان مرطوب کننده گرفتم ولی آبرسانه.سبکه ، بوی تندی داره،میزان آبرسانیشم متوسطه .پوست من بهش حساسیت داد متاسفانه,0,true,2025-01-29T13:23:51.68406+00:00,منفی,0.67,محصول,محصول
کرم مرطوب کننده هیدرا اکتیو تیوپی 70میلی لیتر,https://www.khanoumi.com/products/jute-tube-hydra-active-cream-25266,سلام من خریدم مثل کرم مرطوب کننده میمونه ابرسانی نداره رد چربی میذاره رو پوست .,0,true,2025-01-22T21:36:04.028036+00:00,خنثی,0.35,محصول,محصول
کرم مرطوب کننده هیدرا اکتیو تیوپی 70میلی لیتر,https://www.khanoumi.com/products/jute-tube-hydra-active-cream-25266,"به نظرم برا استفاده روی دست خوبه ولی برای صورت اصلا توصیه نمیکنم
پوست من چربه بعد از استفاده از این آبرسان روی پوست صورتم احساس چربی و سنگینی میکنم",0,false,2025-01-20T05:44:30.5768692+00:00,خنثی,0.35,محصول | اصل بودن کالا,محصول
کرم مرطوب کننده هیدرا اکتیو تیوپی 70میلی لیتر,https://www.khanoumi.com/products/jute-tube-hydra-active-cream-25266,"من خودم از آبرسان راکوتن استفاده میکردم و این رو به عنوان مرطوب‌کننده گرفتم و حالا میبینم ک آبرسانه
بوی زیادی داره ولی درکل بد نبوده",0,false,2025-01-08T14:44:17.9273891+00:00,مثبت,0.67,محصول,محصول
کرم مرطوب کننده هیدرا اکتیو تیوپی 70میلی لیتر,https://www.khanoumi.com/products/jute-tube-hydra-active-cream-25266,من مدت هاست ک استفاده میکنم کرم سبکیه و احساس چربی نمیده در کل کرم خوبیه,0,true,2025-01-06T06:09:57.6509383+00:00,مثبت,0.67,محصول,محصول
کرم مرطوب کننده هیدرا اکتیو تیوپی 70میلی لیتر,https://www.khanoumi.com/products/jute-tube-hydra-active-cream-25266,خیلی عطر زیادی داره من خوشم نیومد,0,true,2025-01-03T15:46:26.6810014+00:00,خنثی,0.35,محصول,محصول
کرم مرطوب کننده هیدرا اکتیو تیوپی 70میلی لیتر,https://www.khanoumi.com/products/jute-tube-hydra-active-cream-25266,من چهار ساله از این آبرسان استفاده میکنم و واقعا عالیه قبلاً اسکین کد استفاده میکردم اما چون خیلی گرون شد ژوت رو جایگزین کردم و واقعا هم راضیم من پوستم خشک و مختلط هست و این آبرسان برام عالی بوده,0,true,2024-12-29T21:47:26.9902128+00:00,مثبت,0.95,محصول | قیمت,محصول
کرم مرطوب کننده هیدرا اکتیو تیوپی 70میلی لیتر,https://www.khanoumi.com/products/jute-tube-hydra-active-cream-25266,پوست من مختلط هست، شخصا از استفاده اش راضی نبودم، سبک نبود زود جذب نمیشد، و به نظرم ابرسانی خاصی نداشت، بیشتر حس خشکی بعد از استفاده مداوم,0,true,2024-12-29T12:53:00.919764+00:00,منفی,0.67,محصول,محصول
کرم مرطوب کننده هیدرا اکتیو تیوپی 70میلی لیتر,https://www.khanoumi.com/products/jute-tube-hydra-active-cream-25266,اسانسش خیلی تند شده,0,true,2024-12-03T21:19:20.4523765+00:00,خنثی,0.35,سایر,سایر
کرم مرطوب کننده هیدرا اکتیو تیوپی 70میلی لیتر,https://www.khanoumi.com/products/jute-tube-hydra-active-cream-25266,کرم خوبی بود من که راضی بودم بافت سبک و حس خوبی داشت,0,true,2024-11-12T23:07:42.6134788+00:00,مثبت,0.91,محصول,محصول
کرم مرطوب کننده هیدرا اکتیو تیوپی 70میلی لیتر,https://www.khanoumi.com/products/jute-tube-hydra-active-cream-25266,من طبق نظرات خریدم که خیلی تعریف مثبت داشت ولی متاسفانه پشیمونم پوست من مختلطه ولی اصلا رو پوست سبک نیست من پوستم مختلط رو به خشکه و اصلا راضی نبودم نمیدونم چجوری یسری با پوست چرب راضین,0,true,2024-11-09T10:53:15.147583+00:00,منفی,0.91,محصول | اصل بودن کالا,اصل بودن کالا
کرم مرطوب کننده هیدرا اکتیو تیوپی 70میلی لیتر,https://www.khanoumi.com/products/jute-tube-hydra-active-cream-25266,"من مدت طولانی از این مرطوب کننده استفاده میکنم‌
مرطوب کننده های خارجی که اصلا تکلیف اصل بودنشون مشخص نیست.
بین برندهای ایرانی
اول پرایم
بعد این برند
که با توجه به قیمت من این رو به عنوان کرم داخل کیف و دست استفاده میکنم
24 ساعته پرایم رو برای صورت",0,true,2024-11-07T00:49:13.0720126+00:00,مثبت,0.91,اصل بودن کالا | محصول | قیمت,اصل بودن کالا
کرم مرطوب کننده هیدرا اکتیو تیوپی 70میلی لیتر,https://www.khanoumi.com/products/jute-tube-hydra-active-cream-25266,عالی,0,true,2024-11-06T09:29:55.4124009+00:00,مثبت,0.67,سایر,سایر
کرم مرطوب کننده هیدرا اکتیو تیوپی 70میلی لیتر,https://www.khanoumi.com/products/jute-tube-hydra-active-cream-25266,به نظرم قبلا کیفیتش بهتر بود.تازگیا پوستمو میسوزونه.با وجودیکه بارها شارژش کردم ولی دیگه مصرف نمیکنم.,0,true,2024-11-04T08:14:40.9055039+00:00,خنثی,0.35,محصول,محصول
کرم مرطوب کننده هیدرا اکتیو تیوپی 70میلی لیتر,https://www.khanoumi.com/products/jute-tube-hydra-active-cream-25266,بهترین آبرسان برای کسایی که پوست خیلی چربی دارن,0,true,2024-10-20T17:48:40.3377797+00:00,مثبت,0.67,محصول,محصول
کرم مرطوب کننده هیدرا اکتیو تیوپی 70میلی لیتر,https://www.khanoumi.com/products/jute-tube-hydra-active-cream-25266,بار دومه سفارش میدم خیلی راضی ام چون نه چرب میکنه نه جوش میزنم,0,true,2024-10-02T08:57:17.0956335+00:00,مثبت,0.79,سایر,سایر
کرم مرطوب کننده هیدرا اکتیو تیوپی 70میلی لیتر,https://www.khanoumi.com/products/jute-tube-hydra-active-cream-25266,مرطوب کنندگی بالایی داره و خوشبوعه,0,true,2024-08-30T00:57:58+00:00,خنثی,0.35,محصول,محصول
کرم مرطوب کننده هیدرا اکتیو تیوپی 70میلی لیتر,https://www.khanoumi.com/products/jute-tube-hydra-active-cream-25266,تخفیف بزاریننننننن,0,true,2024-08-22T08:52:34+00:00,خنثی,0.35,قیمت,قیمت
کرم مرطوب کننده هیدرا اکتیو تیوپی 70میلی لیتر,https://www.khanoumi.com/products/jute-tube-hydra-active-cream-25266,من تا حالا چندین بار این آبرسان و فوم شوینده ژوت رو شارژ کردم چون خیلی راضی بودم اما این سری مثل سری های قبل نبود برام انگار چربی کرم بیشتر شده بود دیگه مثل قبل سبک و زو جذب نبود و پوست کنار بینیم رو هم میسوزوند,0,true,2024-08-12T14:52:22+00:00,مثبت,0.67,محصول,محصول
کرم مرطوب کننده هیدرا اکتیو تیوپی 70میلی لیتر,https://www.khanoumi.com/products/jute-tube-hydra-active-cream-25266,کرم خوبیه ولی قبلا بیشتر بر پایه آب بود و بهتر بود، اخیرا بیشتر بر پایه چربی هست,0,true,2024-08-09T00:55:06+00:00,مثبت,0.67,محصول,محصول
کرم مرطوب کننده هیدرا اکتیو تیوپی 70میلی لیتر,https://www.khanoumi.com/products/jute-tube-hydra-active-cream-25266,خیلی عالی بود برای من,0,true,2024-07-30T00:13:53+00:00,مثبت,0.79,محصول,محصول
کرم مرطوب کننده هیدرا اکتیو تیوپی 70میلی لیتر,https://www.khanoumi.com/products/jute-tube-hydra-active-cream-25266,ینی واقعا مگه میشه ی ابرسان اینجوری معجزه کنه عالیی نخری باختی ,0,true,2024-07-27T22:36:03+00:00,مثبت,0.67,سایر,سایر
کرم مرطوب کننده هیدرا اکتیو تیوپی 70میلی لیتر,https://www.khanoumi.com/products/jute-tube-hydra-active-cream-25266,"من توی دوران استفاده از راکوتان هستم و این آبرسان جزو بهترین ها بود برای پوست من 
هم آبرسانیش عالیه
هم چرب نمیکنه
هم زود جذب میشه
بوی خوبی ام داره",0,true,2024-07-08T23:10:20+00:00,خنثی,0.35,محصول,محصول
کرم مرطوب کننده هیدرا اکتیو تیوپی 70میلی لیتر,https://www.khanoumi.com/products/jute-tube-hydra-active-cream-25266,"یه تخفیف عالی لافارر و ژوت بزارید
این کرم عالیه",0,true,2024-07-03T10:30:09+00:00,مثبت,0.91,محصول | قیمت,محصول
کرم مرطوب کننده هیدرا اکتیو تیوپی 70میلی لیتر,https://www.khanoumi.com/products/jute-tube-hydra-active-cream-25266,"من دارمش عالیه، کاش یه تخفیف عالی براش بزارید من نو تخفیف 70 درصدی خریدم، بازم میخوام
نمیشه ژوت و لافارر رو باهم تخفیف بزنید
ارساام رایگان",0,true,2024-07-03T10:29:36+00:00,مثبت,0.91,قیمت,قیمت
کرم مرطوب کننده هیدرا اکتیو تیوپی 70میلی لیتر,https://www.khanoumi.com/products/jute-tube-hydra-active-cream-25266,"خیلی دوسش دارم یکی از بهترین آبرسان هایی که داشتم 
بوش خوبه خیلیییی هم  سبک و زود جذبه",0,true,2024-07-02T21:31:19+00:00,مثبت,0.91,محصول,محصول
کرم مرطوب کننده هیدرا اکتیو تیوپی 70میلی لیتر,https://www.khanoumi.com/products/jute-tube-hydra-active-cream-25266,خیلی بوی بدی داشت.. ,0,true,2024-05-24T16:51:39+00:00,منفی,0.67,محصول,محصول
کرم مرطوب کننده هیدرا اکتیو تیوپی 70میلی لیتر,https://www.khanoumi.com/products/jute-tube-hydra-active-cream-25266,خیلی ازش راضیم سریع جذب میشه نسبت ب قیمتش ک عاالی,0,false,2024-05-23T14:34:09+00:00,مثبت,0.79,قیمت,قیمت
کرم مرطوب کننده هیدرا اکتیو تیوپی 70میلی لیتر,https://www.khanoumi.com/products/jute-tube-hydra-active-cream-25266,"با توجه به نظرات گرفتم اصلا راضی نیستم
مخصوصا برای پوست چرب
فقط برا دست استفاده میکنم",0,false,2024-05-13T02:26:19+00:00,منفی,0.79,محصول | اصل بودن کالا,اصل بودن کالا
کرم مرطوب کننده هیدرا اکتیو تیوپی 70میلی لیتر,https://www.khanoumi.com/products/jute-tube-hydra-active-cream-25266,آره واقعا خوشبو زود جذب و عالی هست منم خریدم خیلی عالی زود جذب میشه و سبک میشه پوست,0,true,2024-05-12T04:02:25+00:00,مثبت,0.79,محصول,محصول
کرم مرطوب کننده هیدرا اکتیو تیوپی 70میلی لیتر,https://www.khanoumi.com/products/jute-tube-hydra-active-cream-25266,تو این رنج قیمت بهترین آبرسانه حدود 8ساله ک طرفدارشم عالیه,0,false,2024-04-25T17:07:26+00:00,مثبت,0.91,قیمت,قیمت
کرم مرطوب کننده هیدرا اکتیو تیوپی 70میلی لیتر,https://www.khanoumi.com/products/jute-tube-hydra-active-cream-25266,یکی از بهترین انتخابا,0,false,2024-04-23T15:05:10+00:00,مثبت,0.67,سایر,سایر
کرم مرطوب کننده هیدرا اکتیو تیوپی 70میلی لیتر,https://www.khanoumi.com/products/jute-tube-hydra-active-cream-25266,با توجه به قیمتش اب رسان خیلی خوبیه کاملا سبکه و خاصیت اب رسانی داره و باعث چرب شدن پوست نمیشه,0,true,2024-04-09T09:40:24+00:00,مثبت,0.79,محصول | قیمت,محصول
کرم مرطوب کننده هیدرا اکتیو تیوپی 70میلی لیتر,https://www.khanoumi.com/products/jute-tube-hydra-active-cream-25266,کرم خوبیه بافتش خیلی سبکه و زود جذبه و ابرسانی خوبی میکنه من پوستم چربه و باهاش جوش نزدم,0,false,2024-04-05T02:36:52+00:00,مثبت,0.79,محصول,محصول
کرم مرطوب کننده هیدرا اکتیو تیوپی 70میلی لیتر,https://www.khanoumi.com/products/jute-tube-hydra-active-cream-25266,فوق العاده سبک و عالی.,0,true,2024-03-24T14:46:54+00:00,مثبت,0.79,سایر,سایر
کرم مرطوب کننده هیدرا اکتیو تیوپی 70میلی لیتر,https://www.khanoumi.com/products/jute-tube-hydra-active-cream-25266,بوی خیلییی زیادی داره و اذیت کنندس,0,true,2024-03-20T12:57:56+00:00,خنثی,0.35,محصول,محصول
کرم مرطوب کننده هیدرا اکتیو تیوپی 70میلی لیتر,https://www.khanoumi.com/products/jute-tube-hydra-active-cream-25266,"نمیدونم چرا وقتی استفاده میکنم 
پوستم بشدت سیاه میشه",0,true,2024-03-19T11:32:57+00:00,خنثی,0.35,محصول,محصول
کرم مرطوب کننده هیدرا اکتیو تیوپی 70میلی لیتر,https://www.khanoumi.com/products/jute-tube-hydra-active-cream-25266,پوستم چربه بعد حموم استفاده میکردم مرطوب کنندگیه خوبی داره ولی اصلا محصولی نیست که روزانه بخوام استفاده کنم برای ماهی چهار پنج استفاده نهایتا مناسبه چون باعث ایجاد کومدون میشه رو پوستم,0,true,2024-03-07T13:59:05+00:00,مثبت,0.79,محصول | اصل بودن کالا,محصول
کرم مرطوب کننده هیدرا اکتیو تیوپی 70میلی لیتر,https://www.khanoumi.com/products/jute-tube-hydra-active-cream-25266,"من چندین ساله ازش استفاده میکنم ولی تازگیا فهمیدم انگار الکل داره داخلش و تصمیم دارم دیگه شارژش نکنم
تاثیر چندان زیادی تو هیدراته کردن پوست نداره دلیل استفادم بیشتر این بود که چربی نداشت و باعث جوش نمیشد 
حتی روند خوب شدن جوش رو هم سریع تر میکرد ",0,false,2024-03-02T16:15:38+00:00,مثبت,0.67,محصول,محصول
کرم مرطوب کننده هیدرا اکتیو تیوپی 70میلی لیتر,https://www.khanoumi.com/products/jute-tube-hydra-active-cream-25266,بنظرم اصلا واسه پوستای چرب مناسب نیست باعث جوش شد، فقط واسه دست میشه ازش استفاده کرد,0,false,2024-02-26T01:44:10+00:00,مثبت,0.67,محصول | اصل بودن کالا,محصول
کرم مرطوب کننده هیدرا اکتیو تیوپی 70میلی لیتر,https://www.khanoumi.com/products/jute-tube-hydra-active-cream-25266,حجمش خوبه .. حالت ژل کرم داره و بوی خوبی میده..ابرسانی خوبی هم داره و بهتره با مرطوب کننده استفاده بشه.,0,true,2024-02-10T15:45:28+00:00,مثبت,0.95,محصول,محصول
کرم مرطوب کننده هیدرا اکتیو تیوپی 70میلی لیتر,https://www.khanoumi.com/products/jute-tube-hydra-active-cream-25266,نسبت به قیمتش واقعا کیفیت خوبی داره و بعد اولین استفاده اثرشو میزاره، غیر از خودم برا کسایی که دوسشون دارم  هم خریدم ,0,true,2024-01-26T12:53:31+00:00,مثبت,0.79,محصول | قیمت,محصول
کرم مرطوب کننده هیدرا اکتیو تیوپی 70میلی لیتر,https://www.khanoumi.com/products/jute-tube-hydra-active-cream-25266,بیشتر بافتش آبرسان تا مرطوب کننده و فکر میکنم نیاز به مرطوب کننده بعد از استفاده ازش باشه,0,true,2024-01-01T15:54:25+00:00,خنثی,0.35,محصول,محصول
کرم مرطوب کننده هیدرا اکتیو تیوپی 70میلی لیتر,https://www.khanoumi.com/products/jute-tube-hydra-active-cream-25266,"من این محصول و ی هفته ست که استفاده میکنم بافت کاملا آب ژل داره سریع جذب پوست میشه و سبکه 
با توجه به قیمتش بنظرم محصول خوبیه 
پوست من چربه باعث جوش هم نشد",0,true,2023-12-16T12:31:49+00:00,مثبت,0.67,محصول | قیمت,محصول
کرم مرطوب کننده هیدرا اکتیو تیوپی 70میلی لیتر,https://www.khanoumi.com/products/jute-tube-hydra-active-cream-25266, پوستو نرم میکنه ابرسانیش هم عالیه و باعث جوش نمیشه ,0,true,2023-12-04T21:08:24+00:00,مثبت,0.79,محصول,محصول
کرم مرطوب کننده هیدرا اکتیو تیوپی 70میلی لیتر,https://www.khanoumi.com/products/jute-tube-hydra-active-cream-25266,این کرم واقعا عالیه و اقتصادی فقط اگر هیالورونیک اسید هم داشت محشر بود,0,true,2023-11-20T14:22:51+00:00,مثبت,0.79,محصول,محصول
کرم مرطوب کننده هیدرا اکتیو تیوپی 70میلی لیتر,https://www.khanoumi.com/products/jute-tube-hydra-active-cream-25266,این کرم آبرسانه وقتی به صورت میزنی کاملا نم دار میکنه پوست و ،بعد چند دقیقه جذب میشه و مرطوب و نرم میشه پوست.کرم خیلی خوبیه ,3,true,2023-10-23T00:51:54+00:00,مثبت,0.79,محصول,محصول
کرم مرطوب کننده هیدرا اکتیو تیوپی 70میلی لیتر,https://www.khanoumi.com/products/jute-tube-hydra-active-cream-25266,عالیه عالی از هرنظری که فکرش بکنید,0,true,2023-10-14T10:35:44+00:00,مثبت,0.91,سایر,سایر
کرم مرطوب کننده هیدرا اکتیو تیوپی 70میلی لیتر,https://www.khanoumi.com/products/jute-tube-hydra-active-cream-25266,کرم خوبیه پوست رو نرم میکنه و بوی خوبی داره ,0,false,2023-08-07T23:47:53+00:00,مثبت,0.79,محصول,محصول
کرم مرطوب کننده هیدرا اکتیو تیوپی 70میلی لیتر,https://www.khanoumi.com/products/jute-tube-hydra-active-cream-25266,خیلی دوسش دارم به نظرم بوی کول واتر رو میده که عاشقشم.من پمپیش رو میخرم همیشه هم حجمش بیشتره هم استفاده ش راحت تره.کاراییش عالیه.باعث جوش نمیشه.سبک و زود جذبه,1,true,2023-07-24T20:15:06+00:00,مثبت,0.91,محصول,محصول
کرم مرطوب کننده هیدرا اکتیو تیوپی 70میلی لیتر,https://www.khanoumi.com/products/jute-tube-hydra-active-cream-25266,واقعا عالیه کیفیت مناسب سبک ژلهای زود جذب آبرسانی مناسب و کافی قیمت مناسب پکیجینگ صاف و لاغر که تو کیف راحت جا میشه دمشون گرم واقعا عالیه,2,true,2023-06-27T01:07:56+00:00,مثبت,0.95,محصول | قیمت,محصول
کرم مرطوب کننده هیدرا اکتیو تیوپی 70میلی لیتر,https://www.khanoumi.com/products/jute-tube-hydra-active-cream-25266,"عاشق بوی این کرم هستم. زمانی که اوایل کورونا به خاطر الکل پوست دستم ملتهب شده بود این کرم معجزه کرد.
ماندگاری خوبی هم داره و زمان نسبتاً زیادی به حجمش میمونه",1,true,2023-03-26T17:20:19+00:00,مثبت,0.67,محصول,محصول
کرم مرطوب کننده هیدرا اکتیو تیوپی 70میلی لیتر,https://www.khanoumi.com/products/jute-tube-hydra-active-cream-25266,خوب بود برای پوست نرمال,0,true,2023-01-02T16:55:21+00:00,مثبت,0.79,محصول,محصول
کرم مرطوب کننده هیدرا اکتیو تیوپی 70میلی لیتر,https://www.khanoumi.com/products/jute-tube-hydra-active-cream-25266,روش نوشته آبرسان بافت ژله ای سبکی داره خیلی زود جذب میشه و باعث جوش نشد من خیلی راضی ام ازش عالیه نسبت ب قیمتش👍🏻,5,true,2022-11-01T14:55:34+00:00,خنثی,0.35,محصول | قیمت,محصول
کرم مرطوب کننده هیدرا اکتیو تیوپی 70میلی لیتر,https://www.khanoumi.com/products/jute-tube-hydra-active-cream-25266,یکم حالت ژل مانند داره و خیلی سریع جذب میشه...به نظرم خیلی مناسب پوست چربه....من خودم پوستم خشکه و مجبور شدم حجم بیشتری به نسبت بقیه کرم هایی که داشتم بزنم...خیلی سبکه...بوی خوبی داره....من خوشم اومد....پوست رو چرب نمیکنه و برای قبل آرایش خیلی خوبه.,4,true,2022-11-01T06:46:29+00:00,مثبت,0.95,محصول,محصول
کرم مرطوب کننده هیدرا اکتیو تیوپی 70میلی لیتر,https://www.khanoumi.com/products/jute-tube-hydra-active-cream-25266,من پوست نرمال روبه چرب دارم و این محصولو خریداری کردم وجوش نزدم اصلا چرب نیست و خیلیم نسبت ب آبرسانهای دیگه آبکی نیست درکل خوب بود,4,true,2022-07-27T16:30:56+00:00,منفی,0.91,محصول | اصل بودن کالا,اصل بودن کالا
کرم مرطوب کننده هیدرا اکتیو تیوپی 70میلی لیتر,https://www.khanoumi.com/products/jute-tube-hydra-active-cream-25266,كرم خوبيه بافتش حالت ژل مانند هست و رطوبت رساني خيلي خوبي داره رو پوست،شايد براي پوستهاي خيلي چرب يكم چرب باشه ولي دركل خيلي سبكه ومدت زيادي پوست رو مرطوب نگه ميداره,3,true,2022-06-24T14:51:24+00:00,مثبت,0.91,محصول,محصول
کرم مرطوب کننده هیدرا اکتیو تیوپی 70میلی لیتر,https://www.khanoumi.com/products/jute-tube-hydra-active-cream-25266,"یه کرم قیمت مناسب و عاااالی
اصلا پوست را چرب نمیکنه در حالیکه آبرسانی میکنه",3,true,2022-05-10T17:06:55+00:00,مثبت,0.67,محصول | اصل بودن کالا | قیمت,محصول
کرم مرطوب کننده هیدرا اکتیو تیوپی 70میلی لیتر,https://www.khanoumi.com/products/jute-tube-hydra-active-cream-25266,ابرسان ومرطوب کننده عالیه در کل با این قیمت خیلی خوبه مرسی از خانمی,1,true,2022-04-30T04:12:46+00:00,مثبت,0.95,قیمت,قیمت
کرم مرطوب کننده هیدرا اکتیو تیوپی 70میلی لیتر,https://www.khanoumi.com/products/jute-tube-hydra-active-cream-25266,این کرم مرطوب کننده رو من از سایت خانومی خریدم. بافت خیلی سبکی داره و پوست و کاملا آبرسانی میکنه. من پوست چرب و مختلطی دارم و باهاش جوش نزدم. خشکی پوست و کاملا برطرف میکنه و پوست نرم و لطیف میشه. بوی خوبی داره و زود جذبه. پیشنهاد میکنم حتما امتحانش کنید.,7,false,2022-04-25T11:13:03+00:00,مثبت,0.91,محصول,محصول
کرم مرطوب کننده هیدرا اکتیو تیوپی 70میلی لیتر,https://www.khanoumi.com/products/jute-tube-hydra-active-cream-25266,کرم ابرسان خوبیه، برای پوست من که چرب نیست اما مستعد جوشه، خیلی خوب و سبکه,2,true,2022-03-04T14:34:01+00:00,مثبت,0.91,محصول,محصول
کرم مرطوب کننده هیدرا اکتیو تیوپی 70میلی لیتر,https://www.khanoumi.com/products/jute-tube-hydra-active-cream-25266,بوی زیادی داره و مرطوب کنندگی عاالی داره. دوستش دارم,3,true,2022-02-28T23:17:57+00:00,خنثی,0.35,محصول,محصول
کرم مرطوب کننده هیدرا اکتیو تیوپی 70میلی لیتر,https://www.khanoumi.com/products/jute-tube-hydra-active-cream-25266,آبرسان هست ومرطوب کننده نیست کاملا شکل ابکی داره و اصلا باعث جوش نشد برای من که خیلی نستعد جوشم ,3,true,2022-01-06T22:17:20+00:00,مثبت,0.67,اصل بودن کالا,اصل بودن کالا
سرم ضد لک و روشن کننده بدن,https://www.khanoumi.com/products/jute-body-spot-serum-25267,این سرم یه لایه برداری ملایم یاز پوست انجام میده و باعث میشه پوست روشن تر بشه. باعث حس چسبندگی و چربی روی پوست نمیشه. تاثیرش خوبه و تیرگی پوست و کمتر میکنه. ,2,false,2023-01-09T08:41:21+00:00,مثبت,0.79,محصول,محصول
سرم ضد لک و روشن کننده بدن,https://www.khanoumi.com/products/jute-body-spot-serum-25267,عالی بود . مداوم استفاده باید شود .,78,true,2022-01-11T15:04:50+00:00,مثبت,0.79,محصول,محصول
فوم شستشو صورت مناسب پوست چرب و مستعد جوش حجم 150 میلی لیتر,https://www.khanoumi.com/products/jute-cleansing-foam-for-oily-skin-25268,"ببین بهترینه بهترین
من خودم از خانومی گرفتم ولی با شماره ای که اسنپ داشت
و من پوستم مختلطه و کنازش از ابرسان سری کیت و ضدجوش نوآکنه استفاده میکردم و به جرئت میتونم بگم بعد 2 یا 3 روز جوش های چرکی رو خشک میکرد
استفاده از این فوم چربی پوستمو کاهش داد و باعث شد دیگه جوشای بزرگ نزنم
ولی واقعاااا نسبت به قیمت حجمش خیلی کمه
ولی میارزه خیلی خوبه",0,false,2026-08-28T17:33:08.7698997+03:30,مثبت,0.95,محصول | قیمت,محصول
فوم شستشو صورت مناسب پوست چرب و مستعد جوش حجم 150 میلی لیتر,https://www.khanoumi.com/products/jute-cleansing-foam-for-oily-skin-25268,"من 7 8 بار استفاده کردم ازش، متاسفانه به پوستم نمیسازه و رو چربیش اثری نداشت قبلا یه برند استفاده 
میکردم تاثیراتش رو پوستم واضح بود ولی نرم میکنه پوستو و بوی خوش ملایمی داره",0,true,2026-08-07T11:54:10.8917672+03:30,منفی,0.67,محصول,محصول
فوم شستشو صورت مناسب پوست چرب و مستعد جوش حجم 150 میلی لیتر,https://www.khanoumi.com/products/jute-cleansing-foam-for-oily-skin-25268,برای پوست چرب عالیه پوست رو یکم نرم میکنه و منافذ رو میبنده,0,true,2026-07-30T23:41:49.6805416+03:30,مثبت,0.79,محصول,محصول
فوم شستشو صورت مناسب پوست چرب و مستعد جوش حجم 150 میلی لیتر,https://www.khanoumi.com/products/jute-cleansing-foam-for-oily-skin-25268,"اولین بار از داروخانه گرفته بودم خیلی راضیم پوستم چربه
برای بار چندمه ک میخرمش چندساله دارم استفاده میکنم هم بوی خوبی داره هم پاک کنندگیش خوبه جوشارو از بین می‌بره قیمتشم خیلی خوبه",0,true,2026-07-26T13:49:50.0273573+03:30,مثبت,0.95,محصول | قیمت,محصول
فوم شستشو صورت مناسب پوست چرب و مستعد جوش حجم 150 میلی لیتر,https://www.khanoumi.com/products/jute-cleansing-foam-for-oily-skin-25268,من این فوم رو برای اولین بار طبق نظرات خریدم برای منی که پوست معمولی رو به چرب دارم واقعاا مناسب بود چندروز اول یه مقدار پوستم بهش واکنش داد اما به مرور خیلی بهتر شد برام نه پوستم رو خشک کرد و نه جوش زدم باهاش بعدش هم با تونر پوستتون رو تمیز کنید عالی میشه,0,true,2026-06-27T20:18:22.0636453+03:30,مثبت,0.67,محصول,محصول
فوم شستشو صورت مناسب پوست چرب و مستعد جوش حجم 150 میلی لیتر,https://www.khanoumi.com/products/jute-cleansing-foam-for-oily-skin-25268,"این فوم رو دکتر پوست برام نوشت و گفت 5 دقیقه بذارم رو پوستم بمونه و بعد ابکش کنم
در کنار تمیز کردن پوست ابرسانی هم انجام میده
در کل عالیه پیشنهاد میشه",0,false,2026-05-09T08:40:21.1769474+03:30,مثبت,0.91,محصول,محصول
فوم شستشو صورت مناسب پوست چرب و مستعد جوش حجم 150 میلی لیتر,https://www.khanoumi.com/products/jute-cleansing-foam-for-oily-skin-25268,پوست چرب و جوش دار دارم.شوینده مناسبیه.کامل تمییز می‌کنه و حس خشکی و کش اومدن به پوست نمیده....بعد از شستشو حس خوبی داره ولی رنگ پوست رو باز نمیکنه....بوی خوبی میده....حجمش خوبه و در کل پیشنهاد میشه,0,true,2026-04-23T10:21:11.6166412+03:30,مثبت,0.91,محصول,محصول
فوم شستشو صورت مناسب پوست چرب و مستعد جوش حجم 150 میلی لیتر,https://www.khanoumi.com/products/jute-cleansing-foam-for-oily-skin-25268,فومش غلظت خوبی داره پاک کنندگیشم به نسبت خوبه یکم  برای من ، حالت کشیدگی صورت حس میشه،،، ولی بنظر من بوش زیاد و عطریه,0,true,2026-04-08T06:46:23.2548795+03:30,مثبت,0.91,محصول,محصول
فوم شستشو صورت مناسب پوست چرب و مستعد جوش حجم 150 میلی لیتر,https://www.khanoumi.com/products/jute-cleansing-foam-for-oily-skin-25268,اولین باره استفاده می کنم تو تخفیفات گرفتمش پاک کنندگی خوبی داره من پوست مختلط دارم و بعد شستشو صورتم پوست پوست نشد . فقط اینکه باید خیلی با آب بشوری‌ش چون دیر پاک میشه و یه احساس لیزی و یکمی کشیدگی پوست بهت دست میده,0,true,2026-04-03T08:10:08.7306076+03:30,مثبت,0.67,محصول | قیمت,محصول
فوم شستشو صورت مناسب پوست چرب و مستعد جوش حجم 150 میلی لیتر,https://www.khanoumi.com/products/jute-cleansing-foam-for-oily-skin-25268,از کیفیتش همین بگم که وقتی صورتمو شستم باهاش انقدسبک شد پوستم که انگار از جلسه فیشیال اومدم,0,true,2026-03-26T03:38:56.9037909+03:30,خنثی,0.35,محصول,محصول
فوم شستشو صورت مناسب پوست چرب و مستعد جوش حجم 150 میلی لیتر,https://www.khanoumi.com/products/jute-cleansing-foam-for-oily-skin-25268,عالیه این فوم پوست رو خشک نمیکنه و خیلی سریع از رو پوست پاک میشه,0,true,2026-02-26T15:17:08.374826+03:30,مثبت,0.79,محصول,محصول
فوم شستشو صورت مناسب پوست چرب و مستعد جوش حجم 150 میلی لیتر,https://www.khanoumi.com/products/jute-cleansing-foam-for-oily-skin-25268,محصول با کیفیتی بود من بعد از 2ماه استفاده نظر میدم .چون خودم از روی نظرات دوستان خرید میکنم گفتم مطمین شم بعد نظر بدم.نه پوست و خشک می‌کنه نه چرب عالیه,0,true,2026-02-02T13:19:47.7711601+03:30,ترکیبی,0.74,محصول,محصول
فوم شستشو صورت مناسب پوست چرب و مستعد جوش حجم 150 میلی لیتر,https://www.khanoumi.com/products/jute-cleansing-foam-for-oily-skin-25268,نسبت به قیمتش کیفیت خوبی داره و جوش هارو کم میکنه، در عین حال باعث خشکی پوست نمیشه.,0,true,2026-01-28T23:06:38.3883734+03:30,مثبت,0.79,محصول | قیمت,محصول
فوم شستشو صورت مناسب پوست چرب و مستعد جوش حجم 150 میلی لیتر,https://www.khanoumi.com/products/jute-cleansing-foam-for-oily-skin-25268,عالی بود اصلا پوست رو خشک نمیکنه جوش و جای جوش رو هم از بین میبره,0,true,2026-01-20T14:06:02.2740852+03:30,مثبت,0.91,محصول | اصل بودن کالا,محصول
فوم شستشو صورت مناسب پوست چرب و مستعد جوش حجم 150 میلی لیتر,https://www.khanoumi.com/products/jute-cleansing-foam-for-oily-skin-25268,من بعد از دوماه استفاده اومدم نظر بدم واقعا عالی بود راضی بودم بعد از شست و شو احساس سبکی میده و اصلا پوست رو خشک ممکنه.فقط ریمل رو یکم سخت پاک می‌کنه که من بعدش میسلار واتر میزنم.عالیه در کل حتما بخرید,0,true,2026-01-03T23:20:17.2866047+03:30,مثبت,0.95,محصول | اصل بودن کالا,محصول
فوم شستشو صورت مناسب پوست چرب و مستعد جوش حجم 150 میلی لیتر,https://www.khanoumi.com/products/jute-cleansing-foam-for-oily-skin-25268,پاک کنندگی خوبی داره برای پوستای چرب عالیه,0,true,2025-12-09T19:19:53.7477395+03:30,مثبت,0.91,محصول,محصول
فوم شستشو صورت مناسب پوست چرب و مستعد جوش حجم 150 میلی لیتر,https://www.khanoumi.com/products/jute-cleansing-foam-for-oily-skin-25268,بهتریننننن جوشامو از بین بردددد,0,false,2025-11-19T14:18:44.7476179+03:30,مثبت,0.67,محصول,محصول
فوم شستشو صورت مناسب پوست چرب و مستعد جوش حجم 150 میلی لیتر,https://www.khanoumi.com/products/jute-cleansing-foam-for-oily-skin-25268,خیلی فوم خوبیه ب پوست بعد از شست شو لطافت خاصی میده,0,true,2025-10-31T09:22:40.3908083+03:30,مثبت,0.67,محصول,محصول
فوم شستشو صورت مناسب پوست چرب و مستعد جوش حجم 150 میلی لیتر,https://www.khanoumi.com/products/jute-cleansing-foam-for-oily-skin-25268,از فوم های دیگه خیلی بهتره فوم های پوست چرب دیگه ای ک استفاده کردم به شدت پوستم خشک و شکننده می‌شد,0,true,2025-09-30T12:29:30.6832695+03:30,خنثی,0.35,محصول,محصول
فوم شستشو صورت مناسب پوست چرب و مستعد جوش حجم 150 میلی لیتر,https://www.khanoumi.com/products/jute-cleansing-foam-for-oily-skin-25268,اصلأ برای من خوب نبود,0,false,2025-08-20T22:31:57.6000137+00:00,مثبت,0.67,محصول | اصل بودن کالا,محصول
فوم شستشو صورت مناسب پوست چرب و مستعد جوش حجم 150 میلی لیتر,https://www.khanoumi.com/products/jute-cleansing-foam-for-oily-skin-25268,واقعا محصول خیلی خوبی بود از نظر قیمت عالی بود,0,false,2025-05-16T09:07:00.8375595+00:00,مثبت,0.95,محصول | قیمت,محصول
فوم شستشو صورت مناسب پوست چرب و مستعد جوش حجم 150 میلی لیتر,https://www.khanoumi.com/products/jute-cleansing-foam-for-oily-skin-25268,"بسیار بسیار باکیفیت و عالی 
زودتر از زمانی که تعیین شده بود بدستم رسید 
 واقعا رضایت بخش بود",0,true,2025-04-10T16:04:58.5187999+00:00,ترکیبی,0.66,محصول | تحویل و ارسال,محصول
فوم شستشو صورت مناسب پوست چرب و مستعد جوش حجم 150 میلی لیتر,https://www.khanoumi.com/products/jute-cleansing-foam-for-oily-skin-25268,من دانشجوام و برای منی که درآمد بالایی ندارم این محصول واقعا کار کرد و خیلی اقتصادی و خوبه ؛,0,false,2025-03-09T09:48:47.8736208+00:00,مثبت,0.79,محصول,محصول
فوم شستشو صورت مناسب پوست چرب و مستعد جوش حجم 150 میلی لیتر,https://www.khanoumi.com/products/jute-cleansing-foam-for-oily-skin-25268,به نظرم کیفیت متوسطی داره,0,true,2025-03-08T20:07:18.3396391+00:00,خنثی,0.35,محصول,محصول
فوم شستشو صورت مناسب پوست چرب و مستعد جوش حجم 150 میلی لیتر,https://www.khanoumi.com/products/jute-cleansing-foam-for-oily-skin-25268,سلام لطفا شوینده را موجود کنید,0,true,2025-01-04T08:58:38.4090768+00:00,خنثی,0.35,محصول,محصول
فوم شستشو صورت مناسب پوست چرب و مستعد جوش حجم 150 میلی لیتر,https://www.khanoumi.com/products/jute-cleansing-foam-for-oily-skin-25268,لطفا موجود کنید,0,true,2025-01-01T10:38:24.7594291+00:00,خنثی,0.35,محصول,محصول
فوم شستشو صورت مناسب پوست چرب و مستعد جوش حجم 150 میلی لیتر,https://www.khanoumi.com/products/jute-cleansing-foam-for-oily-skin-25268,عالی برای پوست چرب خشک نمیکنه,0,false,2024-12-15T09:39:26.8940959+00:00,مثبت,0.67,محصول,محصول
فوم شستشو صورت مناسب پوست چرب و مستعد جوش حجم 150 میلی لیتر,https://www.khanoumi.com/products/jute-cleansing-foam-for-oily-skin-25268,معمولی,0,true,2024-11-30T10:21:05.1513654+00:00,خنثی,0.35,محصول,محصول
فوم شستشو صورت مناسب پوست چرب و مستعد جوش حجم 150 میلی لیتر,https://www.khanoumi.com/products/jute-cleansing-foam-for-oily-skin-25268,عالیهههه,0,true,2024-11-13T07:16:53.9474708+00:00,مثبت,0.79,سایر,سایر
فوم شستشو صورت مناسب پوست چرب و مستعد جوش حجم 150 میلی لیتر,https://www.khanoumi.com/products/jute-cleansing-foam-for-oily-skin-25268,از هر فوم مخصوص پوست چربی که تا حالا استفاده کردم بهتره دوباره شارژ میکنم حتما,0,true,2024-10-20T10:55:42.645626+00:00,خنثی,0.35,محصول,محصول
فوم شستشو صورت مناسب پوست چرب و مستعد جوش حجم 150 میلی لیتر,https://www.khanoumi.com/products/jute-cleansing-foam-for-oily-skin-25268,تا حالا چند بار شارژش مردم خیلی عالیه در کنار پاک کنندگی خوبی که داره اصلا احساس خشکی و کشیدگی به پوست من نداد,0,false,2024-08-12T14:57:05+00:00,مثبت,0.95,محصول | اصل بودن کالا,محصول
فوم شستشو صورت مناسب پوست چرب و مستعد جوش حجم 150 میلی لیتر,https://www.khanoumi.com/products/jute-cleansing-foam-for-oily-skin-25268,برا پوستای مختلط و نرمال مناسبه، یکبار استفاده کردم فومش غلظت خیلی خوبی داره... تو برندای ایرانی این مورد ندیدم در کل دوسش دارم. ,0,true,2024-05-29T15:56:52+00:00,مثبت,0.79,محصول,محصول
فوم شستشو صورت مناسب پوست چرب و مستعد جوش حجم 150 میلی لیتر,https://www.khanoumi.com/products/jute-cleansing-foam-for-oily-skin-25268,عالیه، کف زیادی میکنه ب صرفس کنترل چرپی داره من ک خیلی راضییییم بهتر از فوم های نوتروژینا و .... هس ,0,true,2024-03-03T23:58:09+00:00,مثبت,0.91,سایر,سایر
فوم شستشو صورت مناسب پوست چرب و مستعد جوش حجم 150 میلی لیتر,https://www.khanoumi.com/products/jute-cleansing-foam-for-oily-skin-25268,فوم خوبیه. غلیظه، پاک کنندگی خوبی داره . با توجه به ترکیباتش واقعا همه چی داره ,0,false,2024-02-26T09:28:53+00:00,مثبت,0.79,سایر,سایر
فوم شستشو صورت مناسب پوست چرب و مستعد جوش حجم 150 میلی لیتر,https://www.khanoumi.com/products/jute-cleansing-foam-for-oily-skin-25268,"من یک دوره هست که دارم ازش استفاده میکنم،پاک کننده ی ملایمی هست و پوستمو خشک نکرد
من که خیلی راضی هستم",0,true,2023-06-12T11:07:33+00:00,مثبت,0.67,محصول,محصول
فوم شستشو صورت مناسب پوست چرب و مستعد جوش حجم 150 میلی لیتر,https://www.khanoumi.com/products/jute-cleansing-foam-for-oily-skin-25268,"واقعا به نسبت قیمتش عالیه، پاک کنندگی خوب،اصلا حس کشیدگی به پوست نمیده  ،با تخفیف های عالیتون باز هم خریدم
قبل از استفاده از فوم،اگر آرایش دارید و ضد افتاب رنگی استفاده کردید، حتما با میسلارواتر پاک کنید،بعد فوم ،اینطوری پوست عالی تمیز میشه",0,true,2023-05-24T13:55:53+00:00,مثبت,0.95,محصول | قیمت | اصل بودن کالا,محصول
فوم شستشو صورت مناسب پوست چرب و مستعد جوش حجم 150 میلی لیتر,https://www.khanoumi.com/products/jute-cleansing-foam-for-oily-skin-25268,پوست من مختلطه و تقریبا یکسالی هست ک از این فوم استفاده میکنم و عاااالیه پوستو خشک نمیکنه و حس کشیدگی ب پوست نمیده، ولی دقت کنین ک با روتین درست اگر کرم رنگی زده باشید حتما قبل از استفاده از ژل یا فوم شستشو حالا هر برندی که باشه قبلش باید با میسلار صورتتون رو پاک کنین . ممنون از خانومی بابت تخفیفای خوبش من تو تخفیف گرفتم 🌹,8,true,2022-12-27T21:54:10+00:00,مثبت,0.79,محصول | قیمت,محصول
فوم شستشو صورت مناسب پوست چرب و مستعد جوش حجم 150 میلی لیتر,https://www.khanoumi.com/products/jute-cleansing-foam-for-oily-skin-25268,اصلا برای من خوب نبود دوبار باید بزنم تا ضدآفتاب معمولی رو از روی پوستم پاک کنه کریم گریم ک دیگه هیچی... ,3,true,2022-11-24T01:36:22+00:00,مثبت,0.67,محصول | اصل بودن کالا,محصول
فوم شستشو صورت مناسب پوست چرب و مستعد جوش حجم 150 میلی لیتر,https://www.khanoumi.com/products/jute-cleansing-foam-for-oily-skin-25268,من این فوم شستشو رو مدتیه که استفاده میکنم. پوستم چرب و مختلطه و به نظرم خیلی برای نوع پوست من خوب بود. چربی پوستمو کنترل میکنه و باهاش اصلا جوش نزدم. بعد شستشو حالت خشکی و کشیدگی ایجاد نمیکنه و پوست نرم و لطیف میشه. قیمت مناسبی هم داره و ارزش خرید داره.,25,false,2022-09-24T14:44:06+00:00,مثبت,0.95,محصول | قیمت | اصل بودن کالا,محصول
فوم شستشوی پوست نرمال تا خشک,https://www.khanoumi.com/products/jute-cleansing-foam-for-dry-to-normal-skin-25269,"نسبت به قیمت حجمش کمه برید 100 تومان کمتر ژل شستشوی ار یو اوکی بگیرید
ولی خیلی خوب تمیزمیکنه
ولی اریو اوکتی بهتره",0,true,2026-08-03T00:39:32.0126765+03:30,مثبت,0.79,محصول | قیمت,محصول
فوم شستشوی پوست نرمال تا خشک,https://www.khanoumi.com/products/jute-cleansing-foam-for-dry-to-normal-skin-25269,خیلی راضیم ازش قدرت پاکنندگی خوبی داره بوی ملایمی هم داره,0,true,2026-07-20T13:08:21.0415156+03:30,مثبت,0.91,محصول,محصول
فوم شستشوی پوست نرمال تا خشک,https://www.khanoumi.com/products/jute-cleansing-foam-for-dry-to-normal-skin-25269,واقعا حس تمیزی به پوست میده من ازش راضی بودم,0,true,2026-06-29T03:25:37.7972708+03:30,مثبت,0.67,محصول,محصول
فوم شستشوی پوست نرمال تا خشک,https://www.khanoumi.com/products/jute-cleansing-foam-for-dry-to-normal-skin-25269,پوست رو خوب تمیز میکنه،راضیم ازش,0,true,2026-04-09T11:27:43.1678873+03:30,مثبت,0.91,محصول,محصول
فوم شستشوی پوست نرمال تا خشک,https://www.khanoumi.com/products/jute-cleansing-foam-for-dry-to-normal-skin-25269,بنظرم خوب تمیز می‌کنه و بوی خیلی خوبی هم داره من راضیم,0,true,2026-03-29T02:46:11.6995734+03:30,مثبت,0.95,محصول,محصول
فوم شستشوی پوست نرمال تا خشک,https://www.khanoumi.com/products/jute-cleansing-foam-for-dry-to-normal-skin-25269,این محصول واقعا عالیه خیلی نرم و روشن میکنه پوستو,0,false,2026-03-22T04:31:46.4221107+03:30,مثبت,0.79,محصول,محصول
فوم شستشوی پوست نرمال تا خشک,https://www.khanoumi.com/products/jute-cleansing-foam-for-dry-to-normal-skin-25269,خوب بود راضی بودم پوستو نرم میکنه و خشک نمیشه اما قیمتش جدیدا منطقی نیست نمیارزه,0,true,2026-03-06T01:51:23.9537398+03:30,مثبت,0.91,محصول | قیمت,محصول
فوم شستشوی پوست نرمال تا خشک,https://www.khanoumi.com/products/jute-cleansing-foam-for-dry-to-normal-skin-25269,نسبت به قیمتش خوبه ارزش خرید داره وواقعا آلودگی روپاک می کنه وحس کشش نمیده به پوست,0,true,2026-01-12T15:43:17.1129191+03:30,مثبت,0.91,قیمت | محصول,قیمت
فوم شستشوی پوست نرمال تا خشک,https://www.khanoumi.com/products/jute-cleansing-foam-for-dry-to-normal-skin-25269,خوبه،پوستو خشک نمکنه،,0,true,2025-12-28T22:24:28.8163297+03:30,مثبت,0.79,محصول,محصول
فوم شستشوی پوست نرمال تا خشک,https://www.khanoumi.com/products/jute-cleansing-foam-for-dry-to-normal-skin-25269,"من چند بار از این فوم استفاده کروم همه چیش عالیع
اما ایندفعه دوتا سفارش دادم با این که یه مدله رنگشون باهم فرق داشت یکی بی رنگ یکی سبز آبی بود برای پوست خشک تا نرمال
اما قبلا کاملا آبی بود",0,true,2025-04-03T20:35:27.8899428+00:00,مثبت,0.67,محصول,محصول
فوم شستشوی پوست نرمال تا خشک,https://www.khanoumi.com/products/jute-cleansing-foam-for-dry-to-normal-skin-25269,اصلا راضی نبودم,0,true,2024-11-27T13:41:28.5904575+00:00,منفی,0.79,محصول | اصل بودن کالا,اصل بودن کالا
فوم شستشوی پوست نرمال تا خشک,https://www.khanoumi.com/products/jute-cleansing-foam-for-dry-to-normal-skin-25269,خوب نبود راضی نبودم اصلا,0,true,2024-11-25T18:27:07.1432529+00:00,منفی,0.79,محصول | اصل بودن کالا,اصل بودن کالا
فوم شستشوی پوست نرمال تا خشک,https://www.khanoumi.com/products/jute-cleansing-foam-for-dry-to-normal-skin-25269,"من زیاد راضی نبودم 
بوش رو دوست نداشتم",0,true,2024-10-17T06:20:32.4422267+00:00,منفی,0.67,محصول,محصول
فوم شستشوی پوست نرمال تا خشک,https://www.khanoumi.com/products/jute-cleansing-foam-for-dry-to-normal-skin-25269,"من از داروخانه خریدم به اجبار چون سفر بودم
ولی مشتریش شدم چون خیلیییی خوب تمیز می کنه پوست رو",0,false,2024-09-26T00:29:23+00:00,مثبت,0.67,محصول,محصول
فوم شستشوی پوست نرمال تا خشک,https://www.khanoumi.com/products/jute-cleansing-foam-for-dry-to-normal-skin-25269,"راضی بودم خوبه
خیلی عمقی تمیز نمیکنه حتما بهتره اسکراب هم بکنید ولی این فوم خوب بود در سطح معمولی خوب ",0,true,2024-01-02T22:13:48+00:00,مثبت,0.95,محصول,محصول
فوم شستشوی پوست نرمال تا خشک,https://www.khanoumi.com/products/jute-cleansing-foam-for-dry-to-normal-skin-25269,میشه دوباره شارژش کنید🥲🥲🥲🥲,0,true,2022-12-21T14:45:16+00:00,خنثی,0.35,سایر,سایر
فوم شستشوی پوست نرمال تا خشک,https://www.khanoumi.com/products/jute-cleansing-foam-for-dry-to-normal-skin-25269,یکی از راهکارهای کاربردی برای داشتن پوستی سالم و شاداب پاکسازی صورت از لوازم آرایشی و آلودگی هاست. با استفاده از فوم های شستشو این نیاز پوست شما به خوبی برطرف می کند. این محصول دارای قدرت پاک کنندگی عمیق بوده و برای افرادی که دارای پوست خشک و حساس هستند، مناسب و کاربردی است. فوم شستشو ژوت دارای خاصیت لایه برداری بوده و به شما کمک می کند تا پوستی سالم و شاداب داشته باشید. ,2,false,2022-08-10T08:30:38+00:00,مثبت,0.67,محصول,محصول
فوم شستشوی پوست نرمال تا خشک,https://www.khanoumi.com/products/jute-cleansing-foam-for-dry-to-normal-skin-25269,پوست من خشکه و اولین بار به دستور پزشک از این شوینده استفاده کردم و خیلی ازش راضی هستم و الان چهار سال یا بیشتر هست که دارم استفاده میکنم ,0,true,2022-05-10T00:40:34+00:00,مثبت,0.67,محصول,محصول
فوم شستشوی پوست نرمال تا خشک,https://www.khanoumi.com/products/jute-cleansing-foam-for-dry-to-normal-skin-25269,من پوستم خشکه و خیلی از این محصول راضی ام.غلظت خوبی داره،پاک کنندگیش هم خوبه و اصلا باعث خشکی پوست نمیشه.,16,false,2022-02-08T17:29:18+00:00,مثبت,0.95,محصول | اصل بودن کالا,محصول
کرم ضد آفتاب اس پی اف 50 آقایان,https://www.khanoumi.com/products/jute-men-sunscreen-cream-spf50-25270,خوب بود,0,true,2024-11-20T18:15:37.533526+00:00,مثبت,0.79,محصول,محصول
کرم آبرسان مدل هیدراکتیو حجم 120 میلی لیتر,https://www.khanoumi.com/products/jute-hydra-active-cream-25265,واقعا خوبه واقعا به نصبت قیمتش,0,false,2026-01-10T00:52:18.6878427+03:30,مثبت,0.79,قیمت,قیمت
کرم آبرسان مدل هیدراکتیو حجم 120 میلی لیتر,https://www.khanoumi.com/products/jute-hydra-active-cream-25265,من استفاده کردم وقتی پوست نم داره استفاده کنید واقعه عالیه,0,true,2026-01-07T15:59:10.0222099+03:30,مثبت,0.79,محصول,محصول
کرم آبرسان مدل هیدراکتیو حجم 120 میلی لیتر,https://www.khanoumi.com/products/jute-hydra-active-cream-25265,من ازش خیلی راضیم تقریبا یک ساله مداوم استفاده میکنم در حد نیاز مرطوب کننده که باید تقریبا زیاد هم زد حجمش بد نیست ولی بیشتر بود بهترم بود,0,true,2026-01-04T16:28:37.7801822+03:30,مثبت,0.91,محصول,محصول
کرم آبرسان مدل هیدراکتیو حجم 120 میلی لیتر,https://www.khanoumi.com/products/jute-hydra-active-cream-25265,خیلی دوسش دارم خیلی بافت لطفی داره,0,true,2026-01-03T20:56:43.8576004+03:30,خنثی,0.35,محصول,محصول
کرم آبرسان مدل هیدراکتیو حجم 120 میلی لیتر,https://www.khanoumi.com/products/jute-hydra-active-cream-25265,خیلی سبک و زود جذب، بوی خوبی ام میده حتما بخرید,0,true,2026-01-02T02:04:10.6877302+03:30,مثبت,0.67,محصول,محصول
کرم آبرسان مدل هیدراکتیو حجم 120 میلی لیتر,https://www.khanoumi.com/products/jute-hydra-active-cream-25265,"بسیار عالیییی 
سبک و اصلا صورتو چرب نمیکنه 
آبرسانی عمیق میکنه 
بوی خیلی ملایم و خوبی داره 
خیلی خوبه",0,true,2025-12-27T10:13:37.6460936+03:30,مثبت,0.95,محصول | اصل بودن کالا,محصول
کرم آبرسان مدل هیدراکتیو حجم 120 میلی لیتر,https://www.khanoumi.com/products/jute-hydra-active-cream-25265,رطوبت رسانی بالا و بوی خوبی داره زودم جذب میشه,0,true,2025-12-25T10:22:41.598942+03:30,مثبت,0.67,محصول,محصول
کرم آبرسان مدل هیدراکتیو حجم 120 میلی لیتر,https://www.khanoumi.com/products/jute-hydra-active-cream-25265,من از این محصول تقریبا راضی بودم,0,false,2025-12-24T15:03:46.9268795+03:30,مثبت,0.67,محصول,محصول
کرم آبرسان مدل هیدراکتیو حجم 120 میلی لیتر,https://www.khanoumi.com/products/jute-hydra-active-cream-25265,"یکی از بهترین آبرسان هایی هست که استفاده کردم
هنوز فقط 20 درصد ازش رو استفاده کردم ولی خیلی خیلی پوستم رو شفاف و شاداب تر کرده",0,true,2025-12-18T00:02:40.4801018+03:30,مثبت,0.67,محصول,محصول
کرم آبرسان مدل هیدراکتیو حجم 120 میلی لیتر,https://www.khanoumi.com/products/jute-hydra-active-cream-25265,راضیم ازش.,0,true,2025-12-17T23:09:37.0762111+03:30,مثبت,0.79,سایر,سایر
کرم آبرسان مدل هیدراکتیو حجم 120 میلی لیتر,https://www.khanoumi.com/products/jute-hydra-active-cream-25265,"به پوست من خیلی میساخت عالیه من حتی زیر میکاپم استفاده کردم عالیه کرم پودر عالی میشینه رو پوست
اما به مادرم اصلا نساخت فک کنم مناسب همه نباشه",0,true,2025-12-14T23:03:50.2448235+03:30,مثبت,0.95,محصول | اصل بودن کالا,محصول
کرم آبرسان مدل هیدراکتیو حجم 120 میلی لیتر,https://www.khanoumi.com/products/jute-hydra-active-cream-25265,اصلا فکر نمیکردم عنقد خوب باشه تا الان بهترین ابرسانم بود پوستتو قشنگ مثل بچه میکنه سبکو زودجذبه اثرشم ماندگاره,0,false,2025-12-12T22:48:57.3815253+03:30,مثبت,0.67,محصول | اصل بودن کالا,محصول
کرم آبرسان مدل هیدراکتیو حجم 120 میلی لیتر,https://www.khanoumi.com/products/jute-hydra-active-cream-25265,دفعه دومی هست ک این آبرسانو میخرم ب نسبت قیمت عالیه و اصلا چربی نداره و سریع جذی پوست میشه من ک واقعا راضی ام,0,true,2025-12-09T22:12:14.2376844+03:30,مثبت,0.91,محصول | اصل بودن کالا | قیمت,محصول
کرم آبرسان مدل هیدراکتیو حجم 120 میلی لیتر,https://www.khanoumi.com/products/jute-hydra-active-cream-25265,من راضیم پوستم نرم نرم میشه میزنم بوشم خوبه,0,true,2025-12-09T14:12:18.6914765+03:30,مثبت,0.95,محصول,محصول
کرم آبرسان مدل هیدراکتیو حجم 120 میلی لیتر,https://www.khanoumi.com/products/jute-hydra-active-cream-25265,آبرسانی خوبی داره و سریع خشک میشه من که راضیم,0,true,2025-12-08T16:38:14.5238439+03:30,مثبت,0.91,سایر,سایر
کرم آبرسان مدل هیدراکتیو حجم 120 میلی لیتر,https://www.khanoumi.com/products/jute-hydra-active-cream-25265,خیلی عالی بود و واقعا راضی بودم حس سبکیه و زود جذب میشه,0,false,2025-12-07T21:11:43.1420697+03:30,مثبت,0.91,محصول,محصول
کرم آبرسان مدل هیدراکتیو حجم 120 میلی لیتر,https://www.khanoumi.com/products/jute-hydra-active-cream-25265,بسیار مرطوب کننده و عالی .. من پوست خشکی دارم تمام روز کلا صورتمو نرم نگه میداره و آبرسانی خوبی داره به شرطی که در کنار دیگر محصولات مراقبتی و نرم کننده استفاده کنید حتما,0,true,2025-12-07T17:51:20.6559313+03:30,مثبت,0.79,محصول,محصول
کرم آبرسان مدل هیدراکتیو حجم 120 میلی لیتر,https://www.khanoumi.com/products/jute-hydra-active-cream-25265,تا ابد فقط از این آبرسان ژوت استفاده میکنم عالیه,0,true,2025-12-07T15:42:31.4429927+03:30,ترکیبی,0.74,سایر,سایر
کرم آبرسان مدل هیدراکتیو حجم 120 میلی لیتر,https://www.khanoumi.com/products/jute-hydra-active-cream-25265,عالیه,0,true,2025-12-07T12:34:23.2996137+03:30,مثبت,0.79,سایر,سایر
کرم آبرسان مدل هیدراکتیو حجم 120 میلی لیتر,https://www.khanoumi.com/products/jute-hydra-active-cream-25265,خیلیییی خوبه خیلی سبکه و راحت جذب میشه,0,true,2025-12-04T23:38:39.4205248+03:30,مثبت,0.79,سایر,سایر
کرم آبرسان مدل هیدراکتیو حجم 120 میلی لیتر,https://www.khanoumi.com/products/jute-hydra-active-cream-25265,"کمتر از یک ماهه که دارم استفاده میکنم توی چند روز اول اثرشو دیدم، منافذم بسته تر شده، پوستم شفاف تر و روشن تر شده، تا حالا 3 تا ازش خریدم
واقعا معجزه میکنه این آبرسان",0,true,2025-12-03T19:20:13.7280128+03:30,خنثی,0.35,محصول | تحویل و ارسال,محصول
کرم آبرسان مدل هیدراکتیو حجم 120 میلی لیتر,https://www.khanoumi.com/products/jute-hydra-active-cream-25265,بنظرم کرم بدی نیست امیدوارم پوستم باهاش جوش نزنه. ولی روش نوشته بدون روغن بعد رو جلدش نوشته حاوی روغن زیتون و ...کلا جذبش سریع نیست و اولش یکم سنگینه باید زمان بدین. ولی پوست رو خوب نرم و لطیف میکنه,0,true,2025-12-01T11:09:41.9324723+03:30,ترکیبی,0.71,محصول,محصول
کرم آبرسان مدل هیدراکتیو حجم 120 میلی لیتر,https://www.khanoumi.com/products/jute-hydra-active-cream-25265,آبرسانیش خوبه، هیچ بوی خاصی نداره,0,true,2025-11-30T23:43:13.2457914+03:30,مثبت,0.79,محصول,محصول
کرم آبرسان مدل هیدراکتیو حجم 120 میلی لیتر,https://www.khanoumi.com/products/jute-hydra-active-cream-25265,من همیشه استفاده میکنم و خیلی سبک و مرطوب هست و سریع جذب پوست میشه . اصلا هم حساسیت بهم نداده,0,true,2025-11-30T14:52:15.1758583+03:30,مثبت,0.67,محصول | اصل بودن کالا,محصول
کرم آبرسان مدل هیدراکتیو حجم 120 میلی لیتر,https://www.khanoumi.com/products/jute-hydra-active-cream-25265,خیلی آبرسان خوبیه تاحالا چند بار سفارش دادم لطفا سریع شارژش کنید سبد خریدم تکمیل بشه,0,false,2025-11-29T09:08:43.0541479+03:30,ترکیبی,0.66,سایر,سایر
کرم آبرسان مدل هیدراکتیو حجم 120 میلی لیتر,https://www.khanoumi.com/products/jute-hydra-active-cream-25265,بچه ها من چند ساااله دارم این ابرسانو استفاده میکنم‌و‌همیشه از همه لحاظ راضی بودم ،ولی این بار دو هفتس تازه سفارش دادم دقیقا تمام‌دو هفته پوست من جوش میزنه منی که هیچ وقت جوش نداشتم ،نمیدونم چی تو ترکیباتش تغیر دادن,0,true,2025-11-29T09:03:35.5716302+03:30,مثبت,0.67,محصول,محصول
کرم آبرسان مدل هیدراکتیو حجم 120 میلی لیتر,https://www.khanoumi.com/products/jute-hydra-active-cream-25265,بوی بشدت تندی داره از خریدم پشیمونم یبار استفاده کردم دیگ حاصز نیستم بزنم ب پوستم,0,true,2025-11-29T00:11:42.0577677+03:30,منفی,0.79,محصول,محصول
کرم آبرسان مدل هیدراکتیو حجم 120 میلی لیتر,https://www.khanoumi.com/products/jute-hydra-active-cream-25265,"عالیه 
پوست رو خیلی خوب آبرسانی میکنه",0,true,2025-11-28T20:57:31.1671292+03:30,مثبت,0.95,محصول,محصول
کرم آبرسان مدل هیدراکتیو حجم 120 میلی لیتر,https://www.khanoumi.com/products/jute-hydra-active-cream-25265,برای من خیلی خوب بود و واقعا پوستمو آبرسانی کرد,0,true,2025-11-28T09:38:42.2096523+03:30,مثبت,0.91,محصول,محصول
کرم آبرسان مدل هیدراکتیو حجم 120 میلی لیتر,https://www.khanoumi.com/products/jute-hydra-active-cream-25265,پوستم خشک و دهیدراته بود به خوبی آبرسانی و جذب میشه جوری که اگر کمی منافذ صورتتو فشار بدی خودت متوجه میشی زیر پوستت آب افتاده,0,true,2025-11-27T23:09:05.6377213+03:30,ترکیبی,0.66,محصول,محصول
کرم آبرسان مدل هیدراکتیو حجم 120 میلی لیتر,https://www.khanoumi.com/products/jute-hydra-active-cream-25265,من چند ساله دارم از این برای صورتم استفاده میکنم نه جوش میزنم نه چربه و نه حس سنگینی رو پوستم احساس میکنم,0,true,2025-11-27T17:17:22.6135984+03:30,خنثی,0.35,محصول,محصول
کرم آبرسان مدل هیدراکتیو حجم 120 میلی لیتر,https://www.khanoumi.com/products/jute-hydra-active-cream-25265,با توجه به نظرات مثبت خریدمش ولی خیلی به درد نخور بود. اصلا جذب نمیشه و نهایتا باید خودت از روی پوست پاکش کنی و آبرسانی خاصی هم نداره. در حد یه کرم مرطوب کننده دسته!,0,true,2025-11-25T18:52:02.3404941+03:30,منفی,0.67,محصول | اصل بودن کالا,اصل بودن کالا
کرم آبرسان مدل هیدراکتیو حجم 120 میلی لیتر,https://www.khanoumi.com/products/jute-hydra-active-cream-25265,یکی از بهترین آبرسان هاست,0,true,2025-11-25T16:49:38.2585147+03:30,مثبت,0.67,سایر,سایر
کرم آبرسان مدل هیدراکتیو حجم 120 میلی لیتر,https://www.khanoumi.com/products/jute-hydra-active-cream-25265,بهترین آبرسانی ک داشتم یکسال استفاده میکنم هیچ آبرسانی جز این با پوستم سازگار نیست,0,true,2025-11-24T20:32:16.7938298+03:30,مثبت,0.67,محصول,محصول
کرم آبرسان مدل هیدراکتیو حجم 120 میلی لیتر,https://www.khanoumi.com/products/jute-hydra-active-cream-25265,مضخرفه,0,false,2025-11-23T17:39:00.9569323+03:30,خنثی,0.35,سایر,سایر
کرم آبرسان مدل هیدراکتیو حجم 120 میلی لیتر,https://www.khanoumi.com/products/jute-hydra-active-cream-25265,واقعا عالیه بوی خوبی داره پوست روشاداب می کنه,0,true,2025-11-23T11:55:39.0685286+03:30,مثبت,0.91,محصول,محصول
کرم آبرسان مدل هیدراکتیو حجم 120 میلی لیتر,https://www.khanoumi.com/products/jute-hydra-active-cream-25265,بوی خیلی تندی داره ،رو پوست هم خوب جذب نمیشه،سنگینه,0,true,2025-11-14T11:21:13.1519281+03:30,منفی,0.67,محصول,محصول
کرم آبرسان مدل هیدراکتیو حجم 120 میلی لیتر,https://www.khanoumi.com/products/jute-hydra-active-cream-25265,خیییلی چربه ... بوی پارافین هم قشنگ حس میشه برای صورت گرفتم ولی یکی دوبار زدم دیدم افتضاحه بقیه اش برای دستام استفاده کردم,0,false,2025-11-12T09:07:41.9954532+03:30,منفی,0.67,محصول,محصول
کرم آبرسان مدل هیدراکتیو حجم 120 میلی لیتر,https://www.khanoumi.com/products/jute-hydra-active-cream-25265,خیلی عالیه آبرسانی میکنه بدون اینکه جوش بزنی,0,true,2025-11-10T15:24:41.994438+03:30,ترکیبی,0.74,سایر,سایر
کرم آبرسان مدل هیدراکتیو حجم 120 میلی لیتر,https://www.khanoumi.com/products/jute-hydra-active-cream-25265,عالیه بهترین بو,0,true,2025-11-08T18:57:59.2722968+03:30,مثبت,0.91,محصول,محصول
کرم آبرسان مدل هیدراکتیو حجم 120 میلی لیتر,https://www.khanoumi.com/products/jute-hydra-active-cream-25265,افتضاااااااااااااااح بوی بدی میده حال آدم بهم میخوره,0,true,2025-11-04T13:20:22.9626587+03:30,منفی,0.67,محصول,محصول
کرم آبرسان مدل هیدراکتیو حجم 120 میلی لیتر,https://www.khanoumi.com/products/jute-hydra-active-cream-25265,"دوبار خرید کردم
کیفیت خوبی داره
چربی زیاد نداره و برای پوس چرب مناسب هست
بوی کمی هم داره که خوب و مطبوعه",0,true,2025-11-02T16:18:18.2570219+03:30,مثبت,0.91,محصول,محصول
کرم آبرسان مدل هیدراکتیو حجم 120 میلی لیتر,https://www.khanoumi.com/products/jute-hydra-active-cream-25265,روی صورت حالت لزج دارن اصلا خوشم نیومد,0,false,2025-11-02T01:41:38.0123525+03:30,مثبت,0.67,اصل بودن کالا,اصل بودن کالا
کرم آبرسان مدل هیدراکتیو حجم 120 میلی لیتر,https://www.khanoumi.com/products/jute-hydra-active-cream-25265,"واقعا برای انواع پوست مناسبه پوست من خیلی خشک که در حد نورمال هیدراته کرد پوستم رو 
پوست همسرم مختلط و مستعد جوش و با منافذ باز 
چربی پوستش کنترل مرد به کم شدن منافذش خیلی کمک کرد اینقدر تغییر پوست هر دوتامون مشهود بود که برای دومین بار خودش این کرم سفارش داد و ما داریم برای بار دوم از این محصول استفاده می‌کنیم نسبت حجم و قیمت و کیفیت واقعا خوب و منصفانه است مخصوصا اگر تخفیف هم داشته باشه 
مرسی خانومی",0,true,2025-10-28T00:26:37.0826909+03:30,مثبت,0.79,محصول | قیمت,محصول
کرم آبرسان مدل هیدراکتیو حجم 120 میلی لیتر,https://www.khanoumi.com/products/jute-hydra-active-cream-25265,بهترین مرطوب وابرسان،انتخاب واخرم ژوت,0,true,2025-10-26T00:48:38.7882402+03:30,مثبت,0.67,سایر,سایر
کرم آبرسان مدل هیدراکتیو حجم 120 میلی لیتر,https://www.khanoumi.com/products/jute-hydra-active-cream-25265,خیلی خوبه زود جذب می‌شه حالت چربی روی پوست نداره و التیام بخش هست.,0,true,2025-10-24T18:21:15.3757708+03:30,مثبت,0.91,محصول,محصول
کرم آبرسان مدل هیدراکتیو حجم 120 میلی لیتر,https://www.khanoumi.com/products/jute-hydra-active-cream-25265,من دوماهه ازاین محصول استفاده میکنم ،،،راضی ام ازش,0,true,2025-10-18T13:33:35.5180829+03:30,مثبت,0.79,محصول,محصول
کرم آبرسان مدل هیدراکتیو حجم 120 میلی لیتر,https://www.khanoumi.com/products/jute-hydra-active-cream-25265,واسه صورت مناسب نیست ، پوست صورت باهاش عرق میکنه و جوش زیر پوستی زدم باهاش ولی واسه بدن و دست خوبه,0,true,2025-10-18T11:16:09.4786+03:30,ترکیبی,0.79,محصول,محصول
کرم آبرسان مدل هیدراکتیو حجم 120 میلی لیتر,https://www.khanoumi.com/products/jute-hydra-active-cream-25265,محصول خوبیه عطر خوبی داره من چندبار خرید داشتم.لطفا تخفیف بزارید.,0,true,2025-10-16T16:35:12.8372762+03:30,مثبت,0.79,محصول | قیمت,محصول
کرم آبرسان مدل هیدراکتیو حجم 120 میلی لیتر,https://www.khanoumi.com/products/jute-hydra-active-cream-25265,کرم خوبیه پوست رو چرب نمیکنه بوش هم خوبه,0,false,2025-10-16T15:48:59.6691082+03:30,مثبت,0.91,محصول,محصول
کرم آبرسان مدل هیدراکتیو حجم 120 میلی لیتر,https://www.khanoumi.com/products/jute-hydra-active-cream-25265,محصول خیلی خوبیه تا حالا چندبار شارژش کردم لطفا تخفیف بیشتر بزارید,0,false,2025-10-13T13:07:07.7898011+03:30,مثبت,0.79,محصول | قیمت,محصول
کرم آبرسان مدل هیدراکتیو حجم 120 میلی لیتر,https://www.khanoumi.com/products/jute-hydra-active-cream-25265,من دو ساله استفاده میکنم راضی هستم,0,true,2025-10-13T12:44:39.4960261+03:30,مثبت,0.67,سایر,سایر
کرم آبرسان مدل هیدراکتیو حجم 120 میلی لیتر,https://www.khanoumi.com/products/jute-hydra-active-cream-25265,سنگینه،الکل داره،عطرشم زیاده,0,true,2025-10-12T10:53:43.8433983+03:30,خنثی,0.35,محصول,محصول
کرم آبرسان مدل هیدراکتیو حجم 120 میلی لیتر,https://www.khanoumi.com/products/jute-hydra-active-cream-25265,من سه سال استفاده میکنم واقعا راضیم مرسی خانومی,0,true,2025-10-08T13:32:38.5368079+03:30,مثبت,0.91,سایر,سایر
کرم آبرسان مدل هیدراکتیو حجم 120 میلی لیتر,https://www.khanoumi.com/products/jute-hydra-active-cream-25265,وقتی جذب میشه پوست رو خشک میکنه زیاد خوشم نیومد,0,true,2025-10-07T16:45:05.2123454+03:30,خنثی,0.35,محصول,محصول
کرم آبرسان مدل هیدراکتیو حجم 120 میلی لیتر,https://www.khanoumi.com/products/jute-hydra-active-cream-25265,به محض اینکه کرمو میزنم پوستم چند درجه تیره میشه و با اینکه پوست خشکی دارم باهاش جوش مبزنم اصلا پیشنهاد نمیکنم,0,true,2025-09-29T15:34:59.4578099+03:30,خنثی,0.35,محصول | اصل بودن کالا,محصول
کرم آبرسان مدل هیدراکتیو حجم 120 میلی لیتر,https://www.khanoumi.com/products/jute-hydra-active-cream-25265,اصلا خاصیت آبرسانی نداره افتضاحه,0,true,2025-09-26T11:48:41.7987743+03:30,مثبت,0.79,اصل بودن کالا,اصل بودن کالا
کرم آبرسان مدل هیدراکتیو حجم 120 میلی لیتر,https://www.khanoumi.com/products/jute-hydra-active-cream-25265,اصلا بوی الکل و بدی نداره بوی ملایمی داره فقط نسبت به قبل ها که استفاده میکردم اینسری بافتش سنگین شده و همش حالت چرم رو صورت هست واسه دست استفاده کرد,0,true,2025-09-23T10:52:57.6827745+03:30,مثبت,0.79,محصول | اصل بودن کالا,محصول
کرم آبرسان مدل هیدراکتیو حجم 120 میلی لیتر,https://www.khanoumi.com/products/jute-hydra-active-cream-25265,"سلام دوستان 

دیدگاه هر شخصی با دیگری متفاوت بنظر من بوی بدی نداره ، به شدت و سرعت جذب پوست میشه و برای مدل و تایپ پوستی من بسیار عالی ، پوست بنده معمولی هستش.",0,true,2025-09-21T15:22:25.3111847+03:30,مثبت,0.79,محصول,محصول
کرم آبرسان مدل هیدراکتیو حجم 120 میلی لیتر,https://www.khanoumi.com/products/jute-hydra-active-cream-25265,افتضاح ترین ابرسانی که میتونید بخرید.به شدت بوی الکل میده و خیلی دیر جذب میشه.رو پوست که میزنی اصلا حس ابرسانی نمیده بدتر سنگینه رو پوست,0,true,2025-09-20T13:13:07.3688761+03:30,مثبت,0.67,محصول | اصل بودن کالا,محصول
کرم آبرسان مدل هیدراکتیو حجم 120 میلی لیتر,https://www.khanoumi.com/products/jute-hydra-active-cream-25265,بوی خوب و ملایم بدیش اینه وقتی استفاده میکنم پوستم یه حالت چرب و براق داره,0,true,2025-09-19T02:03:18.6858832+03:30,ترکیبی,0.66,محصول,محصول
کرم آبرسان مدل هیدراکتیو حجم 120 میلی لیتر,https://www.khanoumi.com/products/jute-hydra-active-cream-25265,"خیلی سنگینه روی 
پوست",0,true,2025-09-18T19:14:36.9771728+03:30,خنثی,0.35,محصول,محصول
کرم آبرسان مدل هیدراکتیو حجم 120 میلی لیتر,https://www.khanoumi.com/products/jute-hydra-active-cream-25265,خیلی عالی و خوشبو .‌سریع جذب میشه من با اینکه صورتم چربه میزنم به صورتم احساس سبکی میکنم . به دست هم عالیه,0,true,2025-09-16T01:33:45.5869546+03:30,مثبت,0.91,محصول,محصول
کرم آبرسان مدل هیدراکتیو حجم 120 میلی لیتر,https://www.khanoumi.com/products/jute-hydra-active-cream-25265,من آبرسان و ضدآفتاب شو خریدم اصلا راضی نیستم آبرسان و که استفاده میکنم اصلا جذب پوستم نمیشه حس سنگینی میکنم,0,true,2025-09-15T10:04:32.5645415+03:30,منفی,0.67,اصل بودن کالا | محصول,اصل بودن کالا
کرم آبرسان مدل هیدراکتیو حجم 120 میلی لیتر,https://www.khanoumi.com/products/jute-hydra-active-cream-25265,خیلی خوب بود بار دوم که سفارش میدم,0,true,2025-09-12T14:35:08.0630664+03:30,مثبت,0.91,محصول,محصول
کرم آبرسان مدل هیدراکتیو حجم 120 میلی لیتر,https://www.khanoumi.com/products/jute-hydra-active-cream-25265,وقتی میزنم حس سنگینی رو پوستم دارم تا وقتی کاملا جذب بشه بعضی وقتا هم یکم پوستم سوزش میگیره در کل خوشم نیومد ازش,0,false,2025-09-10T17:32:39.5497941+03:30,خنثی,0.35,محصول,محصول
کرم آبرسان مدل هیدراکتیو حجم 120 میلی لیتر,https://www.khanoumi.com/products/jute-hydra-active-cream-25265,من پوست خیلی حساسی دارم این محصول خیلی خوب بود برای من پوستو خیلی نرم و مخملی میکنه. قبل استفاده هر کرم آبرسان صورتتون رو خییس کنید. خیلی بیشتر تاثیر میذاره.,0,true,2025-09-06T20:02:58.6346549+03:30,مثبت,0.91,محصول,محصول
کرم آبرسان مدل هیدراکتیو حجم 120 میلی لیتر,https://www.khanoumi.com/products/jute-hydra-active-cream-25265,"من که سفارش دادم کامل پر نبود و یک هفته ای تموم شد.
کرمش هم عطری هست",0,true,2025-09-05T22:29:45.0278597+03:30,خنثی,0.35,محصول,محصول
کرم آبرسان مدل هیدراکتیو حجم 120 میلی لیتر,https://www.khanoumi.com/products/jute-hydra-active-cream-25265,من خیلی ازش راضیم,0,true,2025-09-05T02:35:29.2327096+03:30,مثبت,0.79,سایر,سایر
کرم آبرسان مدل هیدراکتیو حجم 120 میلی لیتر,https://www.khanoumi.com/products/jute-hydra-active-cream-25265,آبرسانی خیلی عالی داره .من چند سال دارم استفاده میکنم و فوق العاده است,0,true,2025-09-03T17:17:37.3392042+03:30,مثبت,0.79,سایر,سایر
کرم آبرسان مدل هیدراکتیو حجم 120 میلی لیتر,https://www.khanoumi.com/products/jute-hydra-active-cream-25265,خیلی عالیه بار دومی که سفارش میدم به خاطر لایه برداری که میزنم پوست صورتم به شدت خشک و کم آب میشه واقعا آبرسانی داره,0,true,2025-08-31T00:03:38.627267+03:30,مثبت,0.79,محصول,محصول
کرم آبرسان مدل هیدراکتیو حجم 120 میلی لیتر,https://www.khanoumi.com/products/jute-hydra-active-cream-25265,عالیه,0,false,2025-08-28T06:53:57.723798+00:00,مثبت,0.79,سایر,سایر
کرم آبرسان مدل هیدراکتیو حجم 120 میلی لیتر,https://www.khanoumi.com/products/jute-hydra-active-cream-25265,"سلام
متاسفانه اصلا کیفیت خوبی نداره، به‌شدت بافت سنگین و چربی داره و اصلا مناسب پوست صورت نیست چون باعث جوش میشه. توصیه میکنم تهیه نکنید این محصولو اگر به پوستتون اهمیت میدین.",0,true,2025-08-27T16:25:33.2844017+00:00,ترکیبی,0.74,محصول | اصل بودن کالا,محصول
کرم آبرسان مدل هیدراکتیو حجم 120 میلی لیتر,https://www.khanoumi.com/products/jute-hydra-active-cream-25265,من که راضی نبودم خیلی چربه و دیر جذبه اشتباه کردم ک گرفتمش اگه پوستتون چربه اصلا نخرید,0,true,2025-08-25T22:00:00.483183+00:00,خنثی,0.35,محصول | اصل بودن کالا,محصول
کرم آبرسان مدل هیدراکتیو حجم 120 میلی لیتر,https://www.khanoumi.com/products/jute-hydra-active-cream-25265,کرم خوبیه سبکه ولی برای تابستون پوست چرب رو خیلی چرب تر میکنه من زمستونا ازش استفاده میکنم,0,true,2025-08-21T07:19:16.3993176+00:00,مثبت,0.67,محصول,محصول
کرم آبرسان مدل هیدراکتیو حجم 120 میلی لیتر,https://www.khanoumi.com/products/jute-hydra-active-cream-25265,"خواهشا به محض اینکه تموم شد بازم شارژش کنید 
فوق العاده هست",0,true,2025-08-20T11:49:21.8614353+00:00,مثبت,0.67,محصول,محصول
کرم آبرسان مدل هیدراکتیو حجم 120 میلی لیتر,https://www.khanoumi.com/products/jute-hydra-active-cream-25265,روی پوست حس سنگینی میده,0,true,2025-08-19T08:42:39.014558+00:00,خنثی,0.35,محصول,محصول
کرم آبرسان مدل هیدراکتیو حجم 120 میلی لیتر,https://www.khanoumi.com/products/jute-hydra-active-cream-25265,اصلا کیفیت دوسال پیشو نداره .رقیق بود زود جذب میشد واصلا چربی بجا نمیزاشت اما الان که خریدم غلیظه به شدت چربه به زور جذب میشه و خیلی چربه و جوشهای چرکی زدم,0,true,2025-08-18T09:30:52.5559192+00:00,مثبت,0.79,محصول | اصل بودن کالا,محصول
کرم آبرسان مدل هیدراکتیو حجم 120 میلی لیتر,https://www.khanoumi.com/products/jute-hydra-active-cream-25265,عالیه من هر روز استفاده میکنم,0,true,2025-08-16T21:29:51.6566124+00:00,مثبت,0.79,سایر,سایر
کرم آبرسان مدل هیدراکتیو حجم 120 میلی لیتر,https://www.khanoumi.com/products/jute-hydra-active-cream-25265,"خوبه بازم میخرم ازش 
واسه پوست صورت",0,true,2025-08-15T11:56:19.0821244+00:00,مثبت,0.79,محصول,محصول
کرم آبرسان مدل هیدراکتیو حجم 120 میلی لیتر,https://www.khanoumi.com/products/jute-hydra-active-cream-25265,عالیه هم چربی مناسبی داره هم آبرسانه,0,true,2025-08-12T20:34:02.9640293+00:00,مثبت,0.79,سایر,سایر
کرم آبرسان مدل هیدراکتیو حجم 120 میلی لیتر,https://www.khanoumi.com/products/jute-hydra-active-cream-25265,بوی خوبی داره، بافتش هم مناسبه و ابرسانی خوبی انجام میده,0,true,2025-07-25T11:28:02.7944572+00:00,مثبت,0.79,محصول,محصول
کرم آبرسان مدل هیدراکتیو حجم 120 میلی لیتر,https://www.khanoumi.com/products/jute-hydra-active-cream-25265,من برای دستم استفاده میکنم هر شب قبل خواب به دستهام میزنم خیلی عالی بوده هم چروک دستهام کم شده هم خیلی نرم و روشن شده,0,true,2025-07-23T21:21:30.6032538+00:00,مثبت,0.79,محصول,محصول
کرم آبرسان مدل هیدراکتیو حجم 120 میلی لیتر,https://www.khanoumi.com/products/jute-hydra-active-cream-25265,خیلی محصول خوبیه منکه ازش راضیم پوست دستم که بعد هر ظرف شستن خشک و پوسته پوسته میشد با استفاده از این محصول دیگه نمیشه و من فقط برای دست استفاده میکنم،برای منکه خوب بود پیشنهاد میکنم شماهم استفاده کنین,0,true,2025-07-19T19:33:45.0657135+00:00,مثبت,0.95,محصول,محصول
کرم آبرسان مدل هیدراکتیو حجم 120 میلی لیتر,https://www.khanoumi.com/products/jute-hydra-active-cream-25265,چربه و زیاد جالب نیست,0,false,2025-07-17T21:21:42.1690617+00:00,خنثی,0.35,سایر,سایر
کرم آبرسان مدل هیدراکتیو حجم 120 میلی لیتر,https://www.khanoumi.com/products/jute-hydra-active-cream-25265,خوب بود من دوست داشتم,0,true,2025-07-15T20:15:08.8640194+00:00,مثبت,0.91,محصول,محصول
کرم آبرسان مدل هیدراکتیو حجم 120 میلی لیتر,https://www.khanoumi.com/products/jute-hydra-active-cream-25265,من پوستم خشک هست. و به این صورت استفاده میکنم. اول با ژل شست و شو دیپ سنس که مربوط به پوست حساسه و بوی گلاب میده صورتم رو میشورم. بعد تونر ویتالایر صورتی رنگ که مربوط به پوست حساسه با پد می زنم و بعدش این کرم رو میزنم. برای من باعث شده جوش زیر پوستی هامم از بین بره و خیلی خوب بوده. درست میگن کرم چربی هست اما برای من که پوستم خشکه خیلی بهتر از کرم ها و سرم های قیمت بالا جواب داده. خیلی خوب پوستم رو مرطوب نگه میداره و از خشکی درآورده. به نظر من بستگی داره به پوست خودتون,0,true,2025-07-13T12:19:57.918598+00:00,مثبت,0.95,محصول | قیمت,محصول
کرم آبرسان مدل هیدراکتیو حجم 120 میلی لیتر,https://www.khanoumi.com/products/jute-hydra-active-cream-25265,ارسال به موقع بود و من این کالا رو به همراه هدیه دریافت کردم ممنون از خانمی,0,true,2025-07-12T08:33:43.3482403+00:00,منفی,0.67,محصول | تحویل و ارسال,محصول
کرم آبرسان مدل هیدراکتیو حجم 120 میلی لیتر,https://www.khanoumi.com/products/jute-hydra-active-cream-25265,بیشتر یک کرم مرطوب کنندست .تا آبرسان .چرب هست .بیشتر بدرد پوست خشک میخوره,0,false,2025-07-11T20:58:28.4978975+00:00,منفی,0.67,محصول,محصول
کرم آبرسان مدل هیدراکتیو حجم 120 میلی لیتر,https://www.khanoumi.com/products/jute-hydra-active-cream-25265,راضی بودم پوست طولانی مدت مرطوب میمونه.. اینطور نیست که زود جذب شه و پوست بعد 3 ساعت دوباره خشک شه,0,false,2025-07-06T14:09:45.934845+00:00,مثبت,0.67,محصول,محصول
کرم آبرسان مدل هیدراکتیو حجم 120 میلی لیتر,https://www.khanoumi.com/products/jute-hydra-active-cream-25265,برای منی که پوست خشک و حساسی دارم خیلی خوب بود و خیلی راضی بودم . کمی چرب و شل مانند هست ولی برای من خیلی جوابگو و خوب بود,0,true,2025-07-02T22:32:19.835971+00:00,مثبت,0.95,محصول,محصول
کرم آبرسان مدل هیدراکتیو حجم 120 میلی لیتر,https://www.khanoumi.com/products/jute-hydra-active-cream-25265,اصلا خوب نبود آبکی و چرب...پوستم باهاش جوش زد,0,false,2025-06-28T09:33:11.0327351+00:00,خنثی,0.4,محصول | اصل بودن کالا,محصول
کرم آبرسان مدل هیدراکتیو حجم 120 میلی لیتر,https://www.khanoumi.com/products/jute-hydra-active-cream-25265,کمی پوست رو چرب میکنه و بوی عطری تندی داره,0,true,2025-06-28T04:24:33.7634682+00:00,خنثی,0.35,محصول,محصول
کرم آبرسان مدل هیدراکتیو حجم 120 میلی لیتر,https://www.khanoumi.com/products/jute-hydra-active-cream-25265,چربه,0,false,2025-06-25T14:44:12.4516355+00:00,خنثی,0.35,سایر,سایر
کرم آبرسان مدل هیدراکتیو حجم 120 میلی لیتر,https://www.khanoumi.com/products/jute-hydra-active-cream-25265,چندساله من فقط از این آبرسان استفاده میکنم و خیلی راضی ام,0,true,2025-06-24T05:50:45.525451+00:00,مثبت,0.79,سایر,سایر
کرم آبرسان مدل هیدراکتیو حجم 120 میلی لیتر,https://www.khanoumi.com/products/jute-hydra-active-cream-25265,من پوستم خشکه برای صورتم قبل اینکه کرم آرایشی بزنم استفاده میکنم خوبه و البته برای دست که خیلی عالیه کامل پوست رو نرم می‌کنه,0,true,2025-06-13T21:52:28.3220623+00:00,مثبت,0.95,محصول,محصول
کرم آبرسان مدل هیدراکتیو حجم 120 میلی لیتر,https://www.khanoumi.com/products/jute-hydra-active-cream-25265,منم خیلی راضی بودم,0,false,2025-06-11T23:21:46.9910288+00:00,مثبت,0.67,محصول,محصول
کرم آبرسان مدل هیدراکتیو حجم 120 میلی لیتر,https://www.khanoumi.com/products/jute-hydra-active-cream-25265,خوب بود کرمش اولین بار گرفتم فقط بسته بندیش بی‌کیفیت بودش,0,false,2025-06-11T23:20:54.3699873+00:00,ترکیبی,0.79,محصول | تحویل و ارسال,محصول
کرم آبرسان مدل هیدراکتیو حجم 120 میلی لیتر,https://www.khanoumi.com/products/jute-hydra-active-cream-25265,بیشتر شبیه مرطوب کننده ی سادست تا ابرسان و بافت سبکی نداره,0,false,2025-06-10T22:24:17.7060111+00:00,خنثی,0.35,محصول,محصول
کرم آبرسان مدل هیدراکتیو حجم 120 میلی لیتر,https://www.khanoumi.com/products/jute-hydra-active-cream-25265,این کرم خاصیت مرطوب کنندگی نداره و بیشتر چرب کننده هست .میزان چربیش فقط زیاده و من احساس میکنم داخلش وازلین هست,0,false,2025-06-10T06:22:24.2606988+00:00,خنثی,0.35,محصول,محصول
ژل بهداشتی بانوان مدل 01 حجم 150 میلی لیتر,https://www.khanoumi.com/products/lafarrerr-genital-cleansing-gel-25304,هم خوشبوعه هم پی اچ مناسب داره,0,true,2026-05-30T14:56:03.6886822+03:30,خنثی,0.35,محصول,محصول
ژل بهداشتی بانوان مدل 01 حجم 150 میلی لیتر,https://www.khanoumi.com/products/lafarrerr-genital-cleansing-gel-25304,سلام من از خانومی خرید نکردم از این ولی خواستم نظرمو بگم شاید کمک شد در خرید ببینید آبکی هست مراقبش نباشی شر شر میریزه اگه پوستتون حساس باشه سوزش میاره من قبل این از ژنو استفاده میکردم اصلا سوزش نداشتم ولی لافارر سوزش آورد,0,false,2026-05-24T01:32:27.9644743+03:30,منفی,0.67,محصول | اصل بودن کالا,اصل بودن کالا
ژل بهداشتی بانوان مدل 01 حجم 150 میلی لیتر,https://www.khanoumi.com/products/lafarrerr-genital-cleansing-gel-25304,درجه یک، نمیسوزونه و بوی خیلی خوبی داره، من موقع شیردهی برای شستشوی زیربغل هم استفاده کردم بوی تند عرق رو تا یک روز از بین می‌بره قشنگ,0,true,2026-03-25T01:17:06.2954658+03:30,مثبت,0.79,محصول,محصول
ژل بهداشتی بانوان مدل 01 حجم 150 میلی لیتر,https://www.khanoumi.com/products/lafarrerr-genital-cleansing-gel-25304,از وقتی زدم کلی میلیا دراوردم در صورتی که میگن میلیا فقط برای صورته  تا حالا تو زندگیم همچین چیزی ندیدم الان مجبورم برم دکتر و درمان رو شروع کنم واقعا بزرگ ترین اشتباهم بود استفاده ازین محصول,0,true,2026-03-24T01:40:57.2762557+03:30,خنثی,0.35,محصول,محصول
ژل بهداشتی بانوان مدل 01 حجم 150 میلی لیتر,https://www.khanoumi.com/products/lafarrerr-genital-cleansing-gel-25304,من ازین محصول استفاده کردم خیلی راضی بودم اینبار میخوام پمپیشو بخرم از همین برند. این یکم سخته چون ژلش رقیق بود موقع استفاده ولی بنظرم پمپی راحته و اینکه هیچ واکنشی ندیدم نسبت به ترکیباتش واقعا خوبه بوشم خوبه,0,false,2025-09-03T00:13:59.6337996+03:30,مثبت,0.95,محصول,محصول
ژل بهداشتی بانوان مدل 01 حجم 150 میلی لیتر,https://www.khanoumi.com/products/lafarrerr-genital-cleansing-gel-25304,عالی,0,true,2025-02-21T17:34:18.4934571+00:00,مثبت,0.67,سایر,سایر
ژل بهداشتی بانوان مدل 01 حجم 150 میلی لیتر,https://www.khanoumi.com/products/lafarrerr-genital-cleansing-gel-25304,خوبه بعد از استفاده حس تمیزی و طراوت میده,0,true,2025-02-04T13:47:21.5934926+00:00,مثبت,0.79,سایر,سایر
ژل بهداشتی بانوان مدل 01 حجم 150 میلی لیتر,https://www.khanoumi.com/products/lafarrerr-genital-cleansing-gel-25304,پاکنندگیش خوبه ولی خیلی عطریه و بوی زیادی داره برای کسایی که عطری دوست دارن خوبه,0,false,2024-10-19T16:56:48.7269677+00:00,مثبت,0.95,محصول,محصول
ژل بهداشتی بانوان مدل 01 حجم 150 میلی لیتر,https://www.khanoumi.com/products/lafarrerr-genital-cleansing-gel-25304,لطفا موجودش کنید,0,false,2024-10-03T08:15:19.3875743+00:00,خنثی,0.35,محصول,محصول
ژل بهداشتی بانوان مدل 01 حجم 150 میلی لیتر,https://www.khanoumi.com/products/lafarrerr-genital-cleansing-gel-25304,با کیفیت و بدون ایجاد حساسیت ,0,true,2024-08-31T00:11:42+00:00,منفی,0.67,محصول,محصول
ژل بهداشتی بانوان مدل 01 حجم 150 میلی لیتر,https://www.khanoumi.com/products/lafarrerr-genital-cleansing-gel-25304,"بهترین محصول لافار میشه گفت ژلهای بهداشتیش هست واقعا عالی هستن از برندهای خارجی هم کیفیت بالاتری دارند
",0,false,2024-07-19T17:59:22+00:00,مثبت,0.79,محصول,محصول
ژل بهداشتی بانوان مدل 01 حجم 150 میلی لیتر,https://www.khanoumi.com/products/lafarrerr-genital-cleansing-gel-25304,من ازش یه تیوپ کامل استفاده کردم عالی بوده تمیز کنندگی و بوی عالی داره برای کسایی که به بو حساسیت ندارن انتخاب عالی هست به شدت پیشنهاد میشه,0,true,2024-06-22T23:26:54+00:00,مثبت,0.95,محصول,محصول
ژل بهداشتی بانوان مدل 01 حجم 150 میلی لیتر,https://www.khanoumi.com/products/lafarrerr-genital-cleansing-gel-25304, درسته که بوی بسیاار خوب و ملیحی داره  اما اگه فردی هستید که دائما مستعد خارش و عفونت هستید به نظرم اصلا بهتون پیشنهاد نمیکنم و استفاده نکنید چون ممکنه با یه بار استفاده به خاطر عطری بودن محصول دچار خارش و عفونت بشید اما اگه مشکلی ندارید در این باره محصول خوبیه مثل بقیه محصولات این برند,0,true,2024-06-02T16:40:09+00:00,مثبت,0.79,محصول | اصل بودن کالا,محصول
ژل بهداشتی بانوان مدل 01 حجم 150 میلی لیتر,https://www.khanoumi.com/products/lafarrerr-genital-cleansing-gel-25304,بدون ایجاد حساسیت,0,true,2024-05-06T08:52:19+00:00,منفی,0.67,سایر,سایر
ژل بهداشتی بانوان مدل 01 حجم 150 میلی لیتر,https://www.khanoumi.com/products/lafarrerr-genital-cleansing-gel-25304,این ژل عالیه. تیوپی میگیرم که بتونم با خودم ببرم سفر. برای استفاده روزانه نیست اما هفته ای یک یا دوبار استفاده میکنم و حس تازگی و تمیزی میده و بوی خوبی داره البته بوش نمیمونه,0,true,2023-11-26T20:23:42+00:00,مثبت,0.91,محصول,محصول
ژل بهداشتی بانوان مدل 01 حجم 150 میلی لیتر,https://www.khanoumi.com/products/lafarrerr-genital-cleansing-gel-25304,بوی خیلی زیادی داره که باعث حساسیت و خارش میشه. اصلا راضی نبودم,0,true,2023-11-18T16:47:21+00:00,منفی,0.79,محصول | اصل بودن کالا,اصل بودن کالا
ژل بهداشتی بانوان مدل 01 حجم 150 میلی لیتر,https://www.khanoumi.com/products/lafarrerr-genital-cleansing-gel-25304,خانوما نباید از ژل استفاده کنن چون باعث خشکی و اگه مثل این بو داشته باشه خودش مستعد عفونته تنها خوبی که من ازش دیدم خارش داشته باشید کمتر میکنه و اینکه نباید روزانه از ژل استفاده کرد نهایتن هفته ای دو بار,2,true,2023-10-20T12:46:08+00:00,مثبت,0.67,محصول,محصول
ژل بهداشتی بانوان مدل 01 حجم 150 میلی لیتر,https://www.khanoumi.com/products/lafarrerr-genital-cleansing-gel-25304,"این محصول فوق العادست و عفونت های سطحی رو از بین میبره
 👍من که به شدت راضیم",0,true,2023-10-14T19:55:21+00:00,مثبت,0.79,محصول,محصول
ژل بهداشتی بانوان مدل 01 حجم 150 میلی لیتر,https://www.khanoumi.com/products/lafarrerr-genital-cleansing-gel-25304,محصول خوبیه و بوی خیلی مطبوعی داره,1,true,2023-09-30T14:47:40+00:00,مثبت,0.67,محصول,محصول
ژل بهداشتی بانوان مدل 01 حجم 150 میلی لیتر,https://www.khanoumi.com/products/lafarrerr-genital-cleansing-gel-25304,نسبت به قیمتش خیلی معمولیه بوشم من دوست نداشتم,1,true,2023-08-17T13:27:53+00:00,خنثی,0.35,محصول | قیمت,محصول
ژل بهداشتی بانوان مدل 01 حجم 150 میلی لیتر,https://www.khanoumi.com/products/lafarrerr-genital-cleansing-gel-25304,بوی خیلی خوبی داره من که ازش،راضیم,1,true,2023-07-20T11:35:20+00:00,مثبت,0.95,محصول,محصول
ژل بهداشتی بانوان مدل 01 حجم 150 میلی لیتر,https://www.khanoumi.com/products/lafarrerr-genital-cleansing-gel-25304,رایحه لطیف و دوست داشتنیای داره❤,0,true,2023-07-19T14:27:25+00:00,خنثی,0.35,سایر,سایر
ژل بهداشتی بانوان مدل 01 حجم 150 میلی لیتر,https://www.khanoumi.com/products/lafarrerr-genital-cleansing-gel-25304,خیلی خوبه گزینه مناسبی هست,0,true,2023-06-26T16:17:30+00:00,مثبت,0.91,سایر,سایر
ژل بهداشتی بانوان مدل 01 حجم 150 میلی لیتر,https://www.khanoumi.com/products/lafarrerr-genital-cleansing-gel-25304,واقعا عالیه... هرچقدر تعریف کنم کمه... بوی عالی، استفاده راحت، کف مناسب، اینا به کنار، عفونت های سطحی رو براحتی ازبین میبره. یه حس خوب و خاطرجمعی باهاش دارم. ممنون از سایت خانومی ,3,true,2023-06-04T13:45:00+00:00,مثبت,0.95,محصول,محصول
ژل بهداشتی بانوان مدل 01 حجم 150 میلی لیتر,https://www.khanoumi.com/products/lafarrerr-genital-cleansing-gel-25304,"من برای دومین بار میخوام سفارش بدم خیلی راضیم 
ناحیه تناسلی رو تمیز تمیز میکنه بدون اینکه پوست رو خشک کنه",1,true,2023-05-18T02:23:38+00:00,ترکیبی,0.82,محصول,محصول
ژل بهداشتی بانوان مدل 01 حجم 150 میلی لیتر,https://www.khanoumi.com/products/lafarrerr-genital-cleansing-gel-25304,من به توصیه جاری عزیزم خرید کردم عالی پیشنهاد میکنم استفاده کنید,2,true,2023-05-10T13:36:02+00:00,مثبت,0.95,سایر,سایر
ژل بهداشتی بانوان مدل 01 حجم 150 میلی لیتر,https://www.khanoumi.com/products/lafarrerr-genital-cleansing-gel-25304,بوش عااالیه,0,true,2023-05-01T23:08:03+00:00,خنثی,0.35,محصول,محصول
ژل بهداشتی بانوان مدل 01 حجم 150 میلی لیتر,https://www.khanoumi.com/products/lafarrerr-genital-cleansing-gel-25304,خیلی خوبه😍 بوی بد ناحیه تناسلی رو از بین میبره,0,false,2023-04-03T17:37:08+00:00,مثبت,0.79,محصول,محصول
ژل بهداشتی بانوان مدل 01 حجم 150 میلی لیتر,https://www.khanoumi.com/products/lafarrerr-genital-cleansing-gel-25304,عالیه بهترین ژل بانوان,7,true,2022-05-21T13:22:58+00:00,مثبت,0.91,سایر,سایر
ژل بهداشتی بانوان مدل 01 حجم 150 میلی لیتر,https://www.khanoumi.com/products/lafarrerr-genital-cleansing-gel-25304,این ژل بوی خوبی داره و بوی بد ناحیه تناسلی رو کامل از بین میبره. همچنین می تونید از این محصول به صورت روزانه استفاده نمایید. ,15,false,2022-02-16T09:15:16+00:00,ترکیبی,0.66,محصول,محصول
ژل بهداشتی بانوان مدل 01 حجم 150 میلی لیتر,https://www.khanoumi.com/products/lafarrerr-genital-cleansing-gel-25304,من که خیلی دوسش داشتم ، بوی خوبی هم داره و باعث جوش برای من نشد,15,false,2022-01-23T17:33:15+00:00,مثبت,0.67,محصول,محصول
ژل بهداشتی بانوان مدل 01 حجم 150 میلی لیتر,https://www.khanoumi.com/products/lafarrerr-genital-cleansing-gel-25304,خیلی خوبه😍 بوی خوبی میده و اصلا باعث سوزش و خارش نمیشه,116,true,2020-06-26T20:22:42+00:00,مثبت,0.95,محصول | اصل بودن کالا,محصول
کرم مرطوب کننده هیدرا اکتیو تیوپی 70میلی لیتر,https://www.khanoumi.com/products/jute-tube-hydra-active-cream-25266,من سفارش دادم کرم خوبیه فقط دوکاره نیست آبرسان هست,4,true,2021-11-11T14:50:44+00:00,مثبت,0.67,محصول,محصول
کرم مرطوب کننده هیدرا اکتیو تیوپی 70میلی لیتر,https://www.khanoumi.com/products/jute-tube-hydra-active-cream-25266,"عالی بود
",34,false,2020-09-12T09:16:04+00:00,مثبت,0.79,محصول,محصول
محلول دوفاز پاک کننده آرایش صورت,https://www.khanoumi.com/products/lafarrerr-gentle-two-phase-make-up-remover-25305,به نظرم‌خیلی بد بو و تند و تیزه برای منی که پوست چربی دارم اصلا خوب نبود,0,false,2026-04-15T20:43:19.2205995+03:30,منفی,0.67,محصول | اصل بودن کالا,اصل بودن کالا
محلول دوفاز پاک کننده آرایش صورت,https://www.khanoumi.com/products/lafarrerr-gentle-two-phase-make-up-remover-25305,"یه جوری خوبه که بعدش هیچ میسلار واتری جز این رو ترجیح نمیدین. 
قدرت پاک کنندگیش عالیه و چشم رو اصلا نمیسوزونه 
از طرفی اصلا پوست رو خشک نمیکنه و حتی لطیف و نرم میکنه و منافذ رو تا حدودی میبنده",0,true,2026-02-26T01:43:42.7881125+03:30,مثبت,0.95,اصل بودن کالا | محصول,اصل بودن کالا
محلول دوفاز پاک کننده آرایش صورت,https://www.khanoumi.com/products/lafarrerr-gentle-two-phase-make-up-remover-25305,کیفیتش خیلی خوبه اما قیمتش الکی بالاس با تخفیف 50 درصد هم نمیشه خریدش,0,false,2025-10-07T16:50:40.1449456+03:30,مثبت,0.91,قیمت | محصول,قیمت
محلول دوفاز پاک کننده آرایش صورت,https://www.khanoumi.com/products/lafarrerr-gentle-two-phase-make-up-remover-25305,چرا بین همه محصولاتتون گرون هست,0,false,2025-06-05T08:15:22.4799673+00:00,خنثی,0.35,محصول | قیمت,محصول
محلول دوفاز پاک کننده آرایش صورت,https://www.khanoumi.com/products/lafarrerr-gentle-two-phase-make-up-remover-25305,تخفیف بزارین لطفا,0,false,2025-02-23T07:07:14.7137198+00:00,خنثی,0.35,قیمت,قیمت
محلول دوفاز پاک کننده آرایش صورت,https://www.khanoumi.com/products/lafarrerr-gentle-two-phase-make-up-remover-25305,لطفا تخفیف بیشتر ب، ارین گروووونه,0,false,2025-02-23T07:04:32.0522329+00:00,خنثی,0.35,قیمت,قیمت
محلول دوفاز پاک کننده آرایش صورت,https://www.khanoumi.com/products/lafarrerr-gentle-two-phase-make-up-remover-25305,عالی کلمه ای دیگه نمیشع براش وصف کرد بی نظیره واقعا تو ی حرکت اول تماما پاک میکنه,0,false,2024-12-12T13:27:45.0716504+00:00,مثبت,0.67,سایر,سایر
محلول دوفاز پاک کننده آرایش صورت,https://www.khanoumi.com/products/lafarrerr-gentle-two-phase-make-up-remover-25305,بی نظیر,0,true,2024-08-01T08:00:10+00:00,خنثی,0.35,سایر,سایر
محلول دوفاز پاک کننده آرایش صورت,https://www.khanoumi.com/products/lafarrerr-gentle-two-phase-make-up-remover-25305,من خودم ادم شاغلم تایم خیلی رسیدگی ب پوست رو ندارم ولی واقعا این خوبه قشنگ تو یک چشم بهم زدن ارایشو پاک میکنه و واقعا عالیه,0,true,2023-07-11T21:51:54+00:00,مثبت,0.95,محصول | تحویل و ارسال,محصول
محلول دوفاز پاک کننده آرایش صورت,https://www.khanoumi.com/products/lafarrerr-gentle-two-phase-make-up-remover-25305,اولین ویژگی مثبتی که این محصول داره، بافت بسیار سبک و نرم اونه. در زمان استفاده اصلا نیازی نیست که پد رو بیش از اندازه روی پوست بکشید و تنها با یک بار کشیدن تمام مواد آرایشی به خوبی و بدون پخش شدن از روی پوست پاک میشه. برای شخص من ایجاد حساسیت و یا سوزش نکرد. اما بعد از استفاده لازم دیدم که مجدد صورتم رو با آب شستشو بدم. ,9,false,2022-05-01T15:11:19+00:00,منفی,0.79,محصول | اصل بودن کالا,اصل بودن کالا
محلول دوفاز پاک کننده آرایش صورت,https://www.khanoumi.com/products/lafarrerr-gentle-two-phase-make-up-remover-25305,خوبه من ازش راضی ام و باید بگم که اینکه هنگام پاک کردن ریمل دور چشم رو سیاه میکنه یا نه، بستگی به ریمل داره!!! ,16,false,2020-06-25T20:08:08+00:00,مثبت,0.95,سایر,سایر
محلول دوفاز پاک کننده آرایش صورت,https://www.khanoumi.com/products/lafarrerr-gentle-two-phase-make-up-remover-25305,این محلول حکم میسلار را دارد ک مرحله اول روتین است؟!,37,false,2019-11-13T11:57:17+00:00,خنثی,0.35,سایر,سایر
کرم ضد درد دمو پلاس,https://www.khanoumi.com/products/lafarrerr-demulcent-cream-25306,واسه مامانم سفارش دادم و خیلی راضیه ازش واسه رفع درد کتف کمر پا و همجا موثره و بلافاصله کمتر شدن دردو احساس میکنی,0,true,2026-01-19T12:45:45.0939267+03:30,مثبت,0.79,محصول | اصل بودن کالا,محصول
کرم ضد درد دمو پلاس,https://www.khanoumi.com/products/lafarrerr-demulcent-cream-25306,به خاطر داشتن 2 تا بچه بازیگوش در منزل، تا به حال چند بار از این محصول سفارش دادم و از نظر کاهش درد و بهبود سریعتر کبودی رضایت دارم، فقط اگر ممکن هست دوباره تخفیف 40 یا 50 درصد براش در نظر بگیرین، خیلی گرون شده.,0,true,2024-03-17T06:58:41+00:00,خنثی,0.35,محصول | قیمت,محصول
کرم ضد درد دمو پلاس,https://www.khanoumi.com/products/lafarrerr-demulcent-cream-25306,واقعا درد رو از بین میبره حتی بلافاصله بعد از پیچ خوردگی مچ پا،برای کمردرد و زانو درد و کوفتگی عالیه,0,true,2023-12-22T09:17:05+00:00,مثبت,0.91,اصل بودن کالا,اصل بودن کالا
کرم ضد درد دمو پلاس,https://www.khanoumi.com/products/lafarrerr-demulcent-cream-25306,به محض استفاده درد از بین میره من راضیم ,25,true,2020-10-10T00:08:42+00:00,مثبت,0.79,سایر,سایر
کرم ضد درد مدل Demulcent حجم 60 میلی لیتر,https://www.khanoumi.com/products/lafarrerr-demulcent-cream-25307,ورزشکارم و سال هاست که از این محصول استفاده میکنم. برای وقتی که ساعد پام از ساعت های طولانی ورزش درد میگیره. یا حتی وقتی مچ پام پیچ خورد و درگیر کشیدگی شدم، هر بار که مچ پام ورم میکنه از این محصول استفاده میکنم و معجزه میکنه. بدون هیچ سوزش و داغی و .....,0,false,2026-08-22T13:12:05.5286239+03:30,منفی,0.67,محصول,محصول
کرم ضد درد مدل Demulcent حجم 60 میلی لیتر,https://www.khanoumi.com/products/lafarrerr-demulcent-cream-25307,من از داروخانه گرفتم 1 تومن خنده داره و خیلی کوچیکه,0,false,2026-08-17T02:05:52.256657+03:30,خنثی,0.35,سایر,سایر
کرم ضد درد مدل Demulcent حجم 60 میلی لیتر,https://www.khanoumi.com/products/lafarrerr-demulcent-cream-25307,خوبه,0,false,2026-07-09T19:26:30.4647393+03:30,مثبت,0.79,سایر,سایر
کرم ضد درد مدل Demulcent حجم 60 میلی لیتر,https://www.khanoumi.com/products/lafarrerr-demulcent-cream-25307,برای رفع کبودی عالیه,0,true,2026-01-28T23:27:55.5470974+03:30,مثبت,0.79,محصول,محصول
کرم ضد درد مدل Demulcent حجم 60 میلی لیتر,https://www.khanoumi.com/products/lafarrerr-demulcent-cream-25307,"برای رفع کبودی خیلی اثر گذاره 
کبودی شدید روند طبیعی رفع شدنش ده الی دوازده روزه اما حدود چهار روزه برطرف میکنه",0,false,2026-01-22T19:39:54.5955405+03:30,خنثی,0.35,محصول,محصول
کرم ضد درد مدل Demulcent حجم 60 میلی لیتر,https://www.khanoumi.com/products/lafarrerr-demulcent-cream-25307,من برای کمردرد گرفتم اصلا تاثیری نداشت,0,true,2026-01-19T08:39:51.1784166+03:30,مثبت,0.67,اصل بودن کالا,اصل بودن کالا
کرم ضد درد مدل Demulcent حجم 60 میلی لیتر,https://www.khanoumi.com/products/lafarrerr-demulcent-cream-25307,من بعد از تزریق فیلر کبودی و ورم داشتم روی صورتم، دکتر این کرم رو برام نوشت و استفاده کردم واقعا تو مدت کمی تاثیرشو دیدم و کبودی ها کمتر و کمتر شد,0,false,2026-01-18T01:18:16.9923542+03:30,خنثی,0.35,محصول,محصول
کرم ضد درد مدل Demulcent حجم 60 میلی لیتر,https://www.khanoumi.com/products/lafarrerr-demulcent-cream-25307,"لبمو فیلر زدم این کرمو زدم کبودیمو خوب کرد
دست مادرمم  از ارنج تا پایین کبود سیاه بود این کرم رو زد فرداش کبودیای سیاه زرد شده بود و چند روز بعد کاملا خوب شد بخرید عالیه",0,false,2026-01-12T16:48:49.5774869+03:30,مثبت,0.95,محصول,محصول
کرم ضد درد مدل Demulcent حجم 60 میلی لیتر,https://www.khanoumi.com/products/lafarrerr-demulcent-cream-25307,برای رفع کبودی خیلی خوبه,0,false,2025-11-16T23:38:12.1727479+03:30,مثبت,0.91,محصول,محصول
کرم ضد درد مدل Demulcent حجم 60 میلی لیتر,https://www.khanoumi.com/products/lafarrerr-demulcent-cream-25307,عاااااالیییییییه عااااااااااالییییی,0,false,2025-11-15T22:45:25.6045286+03:30,خنثی,0.35,سایر,سایر
کرم ضد درد مدل Demulcent حجم 60 میلی لیتر,https://www.khanoumi.com/products/lafarrerr-demulcent-cream-25307,میشه برای تسکین درد شکم و کمر زمان قاعدگی استفاده کرد؟,0,false,2025-09-21T19:58:57.0519158+03:30,خنثی,0.35,سایر,سایر
کرم ضد درد مدل Demulcent حجم 60 میلی لیتر,https://www.khanoumi.com/products/lafarrerr-demulcent-cream-25307,من واسه زانو درد دکتر برام نوشت خیلی خیلی خوب بود,0,false,2025-09-13T15:11:08.8191868+03:30,مثبت,0.91,محصول,محصول
کرم ضد درد مدل Demulcent حجم 60 میلی لیتر,https://www.khanoumi.com/products/lafarrerr-demulcent-cream-25307,برای بعد عمل بینی عالیییی من تا روز هفتم تموم کبودیم رفت,0,false,2025-06-24T22:43:41.2135578+00:00,مثبت,0.67,محصول,محصول
کرم ضد درد مدل Demulcent حجم 60 میلی لیتر,https://www.khanoumi.com/products/lafarrerr-demulcent-cream-25307,در خرید این محصول شک نکنید ، دردهای خیلی شدید رو تسکین میده ، واقعا تاثیرش رو دیدم عااااالیه ، فوق العادس,0,false,2024-12-12T22:18:20.1550121+00:00,خنثی,0.35,محصول,محصول
کرم ضد درد مدل Demulcent حجم 60 میلی لیتر,https://www.khanoumi.com/products/lafarrerr-demulcent-cream-25307,من برای جوش استفاده میکنم التهاب جوش هارو کم‌میکنه راضیم,0,true,2024-12-05T08:52:03.2087235+00:00,مثبت,0.79,سایر,سایر
کرم ضد درد مدل Demulcent حجم 60 میلی لیتر,https://www.khanoumi.com/products/lafarrerr-demulcent-cream-25307,برای گردن درد هم خوبه؟؟؟,0,false,2024-11-06T16:25:03.5970927+00:00,مثبت,0.79,سایر,سایر
کرم ضد درد مدل Demulcent حجم 60 میلی لیتر,https://www.khanoumi.com/products/lafarrerr-demulcent-cream-25307,توروخدا موجود کنین .لازمه,0,true,2024-10-01T23:07:41+00:00,خنثی,0.35,محصول,محصول
کرم ضد درد مدل Demulcent حجم 60 میلی لیتر,https://www.khanoumi.com/products/lafarrerr-demulcent-cream-25307,داشتن یدونه ازین کرم تو هر خونه ای واجبه بنظرم چون خیلی کاربردیه.یه تاثیر فوق العاده ش اینکه درمورد ناخنم جواب میده.من بخاطر ریموو بعد کاشت خیلی صدف ناخنم نازک شده بود و برام دردناک بود روزی چندبار این کرم رو روی ناخنم زدم نتیجش عالی بود,0,false,2024-01-17T18:22:26+00:00,مثبت,0.91,محصول,محصول
کرم ضد درد مدل Demulcent حجم 60 میلی لیتر,https://www.khanoumi.com/products/lafarrerr-demulcent-cream-25307,خیلی خوبه برای کاهش درد زانو و پا,0,true,2024-01-17T09:06:03+00:00,مثبت,0.91,سایر,سایر
کرم ضد درد مدل Demulcent حجم 60 میلی لیتر,https://www.khanoumi.com/products/lafarrerr-demulcent-cream-25307,من از این کرم گرفتم،قبل از جراحی بینی استفاده کردم کبودی هام خیلی کم بود و بعد از عمل زدم روی کبودی ها تاثیر خوبی داشت,0,true,2023-11-11T23:22:31+00:00,مثبت,0.79,محصول,محصول
کرم ضد درد مدل Demulcent حجم 60 میلی لیتر,https://www.khanoumi.com/products/lafarrerr-demulcent-cream-25307,برای درد بورسیت پا استفاده کردم طبق تجویز پزشک در من هیچ اثر بهبودی نداشت,1,false,2023-01-29T19:46:28+00:00,خنثی,0.35,محصول,محصول
کرم ضد درد مدل Demulcent حجم 60 میلی لیتر,https://www.khanoumi.com/products/lafarrerr-demulcent-cream-25307,من بعد از جراحی بینی از این کرم استفاده کردم. تا حدودی درد گونه هام رو کم کرد و خیلی خوب تونست کبودی های اطراف چشمم رو کم رنگ کنه. اگر اهل ورزش کردن هستید و یا به تازگی جراحی کردید، این کرم می تونه در تسکین درد و بهبود کبودی کمک زیادی بهتون بکنه.,0,false,2022-12-04T09:41:05+00:00,مثبت,0.79,محصول,محصول
کرم ضد درد مدل Demulcent حجم 60 میلی لیتر,https://www.khanoumi.com/products/lafarrerr-demulcent-cream-25307,عالیهههه هم کبودی رو از بین می‌بره و هم درد رو تسکین میده 🤤👌,18,false,2022-07-01T19:50:34+00:00,مثبت,0.79,محصول,محصول
کرم آبرسان مدل هیدراکتیو حجم 120 میلی لیتر,https://www.khanoumi.com/products/jute-hydra-active-cream-25265,سلام من از این کرم  چندباری است که ازش استفاده میکنم  و بسیار راضی هستم و مشکلی نداشتم ، دوباره سفارش دادم,0,true,2025-06-07T21:05:36.6460592+00:00,مثبت,0.67,محصول,محصول
کرم آبرسان مدل هیدراکتیو حجم 120 میلی لیتر,https://www.khanoumi.com/products/jute-hydra-active-cream-25265,واقعا کرم سبک و خوبیه نمیدونم چرا انقدر بدشو گفتن تو نظرات لطفا فیشیال برید منافذتون تمیز باشه وگرنه هیچ کرمی بهتون نمیسازه تاثیر نداره و اینک رو پوست تمیز و نمدار بزنید.بوی اونقدر زننده ای نداره این موردم سلیقه ایه,0,false,2025-05-16T16:00:38.7955725+00:00,منفی,0.79,محصول,محصول
کرم آبرسان مدل هیدراکتیو حجم 120 میلی لیتر,https://www.khanoumi.com/products/jute-hydra-active-cream-25265,سری قبلیش باالان فرق داره و خیلی بهتر بود الان چربیش زیاده وبرای منی که پوستم حساسه باعث جوش میشه برای همین فقط برای دستام استفاده میکنم,0,true,2025-05-15T02:34:33.8247322+00:00,خنثی,0.35,محصول,محصول
کرم آبرسان مدل هیدراکتیو حجم 120 میلی لیتر,https://www.khanoumi.com/products/jute-hydra-active-cream-25265,من که خیلی راضیم هم سبکه هم اصلا جوش نزدم باهاش با اینکه  پوستم خیلی حساسه در کل خیلی راضیم و دوباره میخرم,0,true,2025-05-14T11:56:12.4404336+00:00,مثبت,0.95,محصول | اصل بودن کالا,محصول
کرم آبرسان مدل هیدراکتیو حجم 120 میلی لیتر,https://www.khanoumi.com/products/jute-hydra-active-cream-25265,سلام خیلی خوبه. البته با توجه به کامنت ها برای یه سری پوستها خوب نیس اگه پوست معمولی دارید خوبه براش اگه حساس هست حتما زیرش تونر مناسب پوستتون بزنید بعد استفاده کنید,0,true,2025-04-26T11:02:09.5984399+00:00,مثبت,0.95,محصول,محصول
کرم آبرسان مدل هیدراکتیو حجم 120 میلی لیتر,https://www.khanoumi.com/products/jute-hydra-active-cream-25265,یه بار استفاده کردم پوستم به شدن سوخت، قبلا از این برند آبرسان گرفته بودم ولی مشکی نداشتم. این مدلش پوستمو سوزوند,0,true,2025-04-19T21:00:02.107683+00:00,خنثی,0.35,محصول,محصول
کرم آبرسان مدل هیدراکتیو حجم 120 میلی لیتر,https://www.khanoumi.com/products/jute-hydra-active-cream-25265,"نخرید به درد نخوره 
جوش‌زا دیر جذب و بی کیفیت",0,false,2025-04-18T09:37:13.0993553+00:00,منفی,0.67,محصول,محصول
کرم آبرسان مدل هیدراکتیو حجم 120 میلی لیتر,https://www.khanoumi.com/products/jute-hydra-active-cream-25265,من بعد حمام استفاده میکنم و پوستمم چربه ولی اصلا جوش نزد بوی خوب و ملایمی داره زود جذب پوست میشه و پوست رو خیلی نرم میکنه.,0,false,2025-04-14T12:22:51.6119593+00:00,مثبت,0.79,محصول | اصل بودن کالا,محصول
کرم آبرسان مدل هیدراکتیو حجم 120 میلی لیتر,https://www.khanoumi.com/products/jute-hydra-active-cream-25265,خیلی بد و مسخرست روی صورت میماسه و جذب نمیشه,0,true,2025-04-12T19:28:20.1319203+00:00,منفی,0.67,سایر,سایر
کرم آبرسان مدل هیدراکتیو حجم 120 میلی لیتر,https://www.khanoumi.com/products/jute-hydra-active-cream-25265,"بوش خیلی خوبه بنظرم 
بافتشم خیلی خوبه 
آبرسانی خیلی زیادی نداره ولی بدم نیس
من.ازش ناراضی نبودم",0,true,2025-04-03T16:38:06.9455745+00:00,مثبت,0.95,محصول,محصول
کرم آبرسان مدل هیدراکتیو حجم 120 میلی لیتر,https://www.khanoumi.com/products/jute-hydra-active-cream-25265,کرم سبکی هست، اصلا چرب نمیکنه پوست رو، بسته به سلیقه بویایی تون، بوی خیلی تند ولی خوبی داره! دقیقا بوی گلهای درخت مگنولیا رو داره که تو شمال زیاده، البته مگنولیای سفید,0,true,2025-03-24T17:18:38.4475539+00:00,خنثی,0.35,محصول | تحویل و ارسال | اصل بودن کالا,محصول
کرم آبرسان مدل هیدراکتیو حجم 120 میلی لیتر,https://www.khanoumi.com/products/jute-hydra-active-cream-25265,باعث جوش میشه,0,true,2025-03-23T10:52:47.1717334+00:00,خنثی,0.35,سایر,سایر
کرم آبرسان مدل هیدراکتیو حجم 120 میلی لیتر,https://www.khanoumi.com/products/jute-hydra-active-cream-25265,به نظرم خیلی خوب بود من پوست م خشکه ، زود جذب میشد و چرب نبود,0,true,2025-03-21T23:37:59.5218605+00:00,مثبت,0.91,محصول,محصول
کرم آبرسان مدل هیدراکتیو حجم 120 میلی لیتر,https://www.khanoumi.com/products/jute-hydra-active-cream-25265,حجمش کمه زودتموم میشه,0,true,2025-03-17T10:28:17.7519127+00:00,خنثی,0.35,محصول,محصول
کرم آبرسان مدل هیدراکتیو حجم 120 میلی لیتر,https://www.khanoumi.com/products/jute-hydra-active-cream-25265,روی پوست تمیز اگه استفاده کنید و بعدش مرطوب کننده بزنید ابرسانی لازم رو داره حساسیت هم ایجاد نمیکنه,0,true,2025-03-10T09:19:14.5795755+00:00,خنثی,0.35,محصول,محصول
کرم آبرسان مدل هیدراکتیو حجم 120 میلی لیتر,https://www.khanoumi.com/products/jute-hydra-active-cream-25265,"توی کامنتا خوندم که باعث جوش میشه و بوی خیلی بدی داره
درصورتی که اصلا اینجوری نیست 
خیلی سبک و زود جذب میشه، رایحه فوق العاده داره و به مرور زمان پوست و روشن میکنه",0,false,2025-03-08T09:43:55.4501252+00:00,ترکیبی,0.74,محصول | اصل بودن کالا,محصول
کرم آبرسان مدل هیدراکتیو حجم 120 میلی لیتر,https://www.khanoumi.com/products/jute-hydra-active-cream-25265,من این‌کرم رو تهیه کردم ، خیلی بد بود و آبرسانی نداشت اصلا,0,true,2025-03-07T05:50:10.7671986+00:00,منفی,0.91,محصول | اصل بودن کالا,اصل بودن کالا
کرم آبرسان مدل هیدراکتیو حجم 120 میلی لیتر,https://www.khanoumi.com/products/jute-hydra-active-cream-25265,پوست من مختلط هست بعد از استفاده پوستم چرب میشد که دیگه استفاده نکردم.,0,true,2025-03-03T17:57:16.2862164+00:00,خنثی,0.35,محصول,محصول
کرم آبرسان مدل هیدراکتیو حجم 120 میلی لیتر,https://www.khanoumi.com/products/jute-hydra-active-cream-25265,خیلی بد بود حس چرب شدن ب آدم دست میده تا آبرسان,0,true,2025-03-03T05:17:45.5136677+00:00,منفی,0.79,محصول,محصول
کرم آبرسان مدل هیدراکتیو حجم 120 میلی لیتر,https://www.khanoumi.com/products/jute-hydra-active-cream-25265,خوب بود من خریدم معمولیه,0,true,2025-02-28T23:44:30.437594+00:00,مثبت,0.79,محصول,محصول
کرم آبرسان مدل هیدراکتیو حجم 120 میلی لیتر,https://www.khanoumi.com/products/jute-hydra-active-cream-25265,کرم بسیار عالی با جذب سریع و اصلا حالت چربی به پوست نمیده.,0,true,2025-02-28T20:36:57.6629519+00:00,مثبت,0.79,محصول | اصل بودن کالا,محصول
کرم آبرسان مدل هیدراکتیو حجم 120 میلی لیتر,https://www.khanoumi.com/products/jute-hydra-active-cream-25265,بوی بدی داره تا بحال کرمی به این بد بویی نداشتم ولی به سرعت جذب میشه و البته من فقط برای دست استفاده می کنم.,0,true,2025-02-28T14:15:32.6299324+00:00,خنثی,0.35,محصول,محصول
کرم آبرسان مدل هیدراکتیو حجم 120 میلی لیتر,https://www.khanoumi.com/products/jute-hydra-active-cream-25265,جذبش خوبه ولی بوی خیلی بدی داره تا بحال کرم نخریدم که بوی گند بده,0,true,2025-02-28T12:27:13.9939606+00:00,ترکیبی,0.92,محصول,محصول
کرم آبرسان مدل هیدراکتیو حجم 120 میلی لیتر,https://www.khanoumi.com/products/jute-hydra-active-cream-25265,پوست من مختلط هستش فوق العاده خوب بود برای صورتم و بیشتر از اون زود جذبیش هستش که خیلی برام مهم بود که خداروشکر خیلی زود جذبه و بعدش اصلا حس چربی ندارین باهاش,0,true,2025-02-25T16:01:07.5884613+00:00,مثبت,0.95,محصول | اصل بودن کالا,محصول
کرم آبرسان مدل هیدراکتیو حجم 120 میلی لیتر,https://www.khanoumi.com/products/jute-hydra-active-cream-25265,به نظرات توجه نکردم و برای پوست چرب خریدم که متاسفانه باعث جوش میشه,0,true,2025-02-22T08:29:17.6877045+00:00,منفی,0.67,محصول,محصول
کرم آبرسان مدل هیدراکتیو حجم 120 میلی لیتر,https://www.khanoumi.com/products/jute-hydra-active-cream-25265,"نمیدونم چرا در نظرها نوشتن این کرم سنگینه
من با اینکه پوست چربی دارم این سبک ترین ابرسانی بود که استفاده کردم و اصلا هم باعث جوش نشد",0,true,2025-02-20T14:58:50.2956557+00:00,مثبت,0.67,محصول | اصل بودن کالا,محصول
کرم آبرسان مدل هیدراکتیو حجم 120 میلی لیتر,https://www.khanoumi.com/products/jute-hydra-active-cream-25265,هم جوش زیر پوستی زدم هم جوش های التهابی. توصیه نمیکنم,0,true,2025-02-19T20:54:03.8550422+00:00,منفی,0.67,محصول,محصول
کرم آبرسان مدل هیدراکتیو حجم 120 میلی لیتر,https://www.khanoumi.com/products/jute-hydra-active-cream-25265,بادوبار استفاده جوش زدم برا پوست مختلط و مستعد جوش اصلا خوب نیست,0,true,2025-02-17T08:56:04.6212011+00:00,منفی,0.79,محصول | اصل بودن کالا,اصل بودن کالا
کرم آبرسان مدل هیدراکتیو حجم 120 میلی لیتر,https://www.khanoumi.com/products/jute-hydra-active-cream-25265,"برای خرید محصولات با تخفیف اینجا اول از داروخانه یا جای دیگه قیمت بگیرین.
اینجا معمولا قیمت کالا رو خیلی بالا میزنن بعد روش تخفیف میذارن میشه قیمت اصلی محصول ...بعضو وقتا با تخفیف هم میبینی بازم قیمتش در مقایسه بالاس",0,false,2025-02-16T13:46:52.3125347+00:00,مثبت,0.67,قیمت | محصول | اصل بودن کالا,قیمت
کرم آبرسان مدل هیدراکتیو حجم 120 میلی لیتر,https://www.khanoumi.com/products/jute-hydra-active-cream-25265,هنوز یک بار استفاده کردم ولی به نظر خوب میاد,0,true,2025-02-15T12:39:12.2602114+00:00,مثبت,0.67,سایر,سایر
کرم آبرسان مدل هیدراکتیو حجم 120 میلی لیتر,https://www.khanoumi.com/products/jute-hydra-active-cream-25265,من استفاده کردم به نظرم برای پوستهای خیلی خشک مناسب نیست آبرسانیش کمه برای پوست من زیادجالب نبود,0,true,2025-02-13T10:57:33.615954+00:00,خنثی,0.35,محصول,محصول
کرم آبرسان مدل هیدراکتیو حجم 120 میلی لیتر,https://www.khanoumi.com/products/jute-hydra-active-cream-25265,سری جدیدهاش عطرش خیلی زیاد و آبکیه، قدیم عالی بود خیلی خراب کرد,0,false,2025-02-12T16:46:47.6329305+00:00,مثبت,0.79,محصول,محصول
کرم آبرسان مدل هیدراکتیو حجم 120 میلی لیتر,https://www.khanoumi.com/products/jute-hydra-active-cream-25265,اصلا خوب نیست،با یکبار مصرف جوش زدم,0,true,2025-02-11T14:25:13.5768027+00:00,منفی,0.79,اصل بودن کالا,اصل بودن کالا
کرم آبرسان مدل هیدراکتیو حجم 120 میلی لیتر,https://www.khanoumi.com/products/jute-hydra-active-cream-25265,من برای بدن ازش استفاده میکنم و ابرسانی قوی داره فقط اینسری که خریدم ازشون بسته ش پلمپ نبود و پاره شده بود,0,true,2025-02-10T12:21:54.2675911+00:00,منفی,0.67,محصول | تحویل و ارسال,محصول
کرم آبرسان مدل هیدراکتیو حجم 120 میلی لیتر,https://www.khanoumi.com/products/jute-hydra-active-cream-25265,چرا تخفیفش رو برداشتینننن؟؟؟ لطفا دوباره بذارید به شبدمون اضافش کنیمم,0,false,2025-02-09T16:25:29.0752818+00:00,منفی,0.67,محصول | قیمت,محصول
کرم آبرسان مدل هیدراکتیو حجم 120 میلی لیتر,https://www.khanoumi.com/products/jute-hydra-active-cream-25265,فقط برای دست خوبه خیلی چربه و روی پوست صورت سنگینه,0,false,2025-02-08T19:51:50.9818169+00:00,مثبت,0.79,محصول,محصول
کرم آبرسان مدل هیدراکتیو حجم 120 میلی لیتر,https://www.khanoumi.com/products/jute-hydra-active-cream-25265,چرب نیست و ابرسانه به درد پوست خیلی خشک ننیخوره عطرش زیاده ولی نورد پسند منه,0,false,2025-02-07T19:28:34.1226442+00:00,خنثی,0.35,محصول,محصول
کرم آبرسان مدل هیدراکتیو حجم 120 میلی لیتر,https://www.khanoumi.com/products/jute-hydra-active-cream-25265,افتضااااح بشدت سنگینه و باعث جوش میشه,0,true,2025-02-07T19:19:16.1881574+00:00,خنثی,0.35,سایر,سایر
کرم آبرسان مدل هیدراکتیو حجم 120 میلی لیتر,https://www.khanoumi.com/products/jute-hydra-active-cream-25265,"به شدت عطریه و باعث سوزش پوست میشه 
قبلا خیلی بهتر بود  از وقتی پکش تغییر کرد کیفیتش اومد پایین",0,true,2025-02-03T20:00:14.280351+00:00,خنثی,0.35,محصول,محصول
کرم آبرسان مدل هیدراکتیو حجم 120 میلی لیتر,https://www.khanoumi.com/products/jute-hydra-active-cream-25265,"تخفیف رو زیاد کنین 
قیمت خیلی بالاست",0,false,2025-01-29T17:49:25.8590806+00:00,خنثی,0.35,قیمت,قیمت
کرم آبرسان مدل هیدراکتیو حجم 120 میلی لیتر,https://www.khanoumi.com/products/jute-hydra-active-cream-25265,بافت سبکی داره ولی اگ پوست خشکی دارین بیش از پنج بار در روز باید استفاده کنید,0,true,2025-01-28T11:37:29.4496143+00:00,خنثی,0.35,محصول,محصول
کرم آبرسان مدل هیدراکتیو حجم 120 میلی لیتر,https://www.khanoumi.com/products/jute-hydra-active-cream-25265,خیلی سبک و خوبه,0,true,2025-01-27T08:36:28.3133295+00:00,مثبت,0.79,سایر,سایر
کرم آبرسان مدل هیدراکتیو حجم 120 میلی لیتر,https://www.khanoumi.com/products/jute-hydra-active-cream-25265,آبرسانی خوبی داره و بافتش سبکه,0,true,2025-01-24T12:08:21.7362545+00:00,مثبت,0.67,محصول,محصول
کرم آبرسان مدل هیدراکتیو حجم 120 میلی لیتر,https://www.khanoumi.com/products/jute-hydra-active-cream-25265,"عالیه

لطفاً زودتر موجود کنید تا من خریدمو نهایی کنم",0,false,2025-01-19T10:18:25.4325898+00:00,مثبت,0.79,محصول,محصول
کرم آبرسان مدل هیدراکتیو حجم 120 میلی لیتر,https://www.khanoumi.com/products/jute-hydra-active-cream-25265,روش یک دور نوشته اویل فری بعد توی ترکیباتش روغن بادوم و زیتون داره ؟! جالبه,0,false,2025-01-07T20:19:42.9241589+00:00,خنثی,0.35,سایر,سایر
کرم آبرسان مدل هیدراکتیو حجم 120 میلی لیتر,https://www.khanoumi.com/products/jute-hydra-active-cream-25265,راضی ام همیشه از آبرسان ژوت استفاده میکنم خوبه,0,true,2025-01-05T17:45:37.0435467+00:00,مثبت,0.95,سایر,سایر
کرم آبرسان مدل هیدراکتیو حجم 120 میلی لیتر,https://www.khanoumi.com/products/jute-hydra-active-cream-25265,ابرسانیه عالی داره با پوست من که خیلی سازگار بود بوی خیلی خوبی هم داره در کل من که راضیم ولی دیگه ازش نمیخرم چون ترجیح میدم مارکای مختلقو امتحان کنم,0,false,2025-01-05T02:55:50.368789+00:00,مثبت,0.95,محصول,محصول
کرم آبرسان مدل هیدراکتیو حجم 120 میلی لیتر,https://www.khanoumi.com/products/jute-hydra-active-cream-25265,آبرسانی خوبی داره ولی یکم بوش تنده,0,false,2024-12-31T19:37:51.2850742+00:00,مثبت,0.67,محصول,محصول
کرم آبرسان مدل هیدراکتیو حجم 120 میلی لیتر,https://www.khanoumi.com/products/jute-hydra-active-cream-25265,خوبه,0,false,2024-12-31T05:35:42.9746838+00:00,مثبت,0.79,سایر,سایر
کرم آبرسان مدل هیدراکتیو حجم 120 میلی لیتر,https://www.khanoumi.com/products/jute-hydra-active-cream-25265,دوسش دارم یک هفتس ازش استفاده میکنم وباعث شده منافذبازم بسته بشه خیلی پوستمو لطیف کرده بااینکه وقتی میزنمش پوستم برق میزنه ولی باعث جوش نشده,0,false,2024-12-30T20:19:45.5732274+00:00,خنثی,0.35,محصول | تحویل و ارسال,محصول
کرم آبرسان مدل هیدراکتیو حجم 120 میلی لیتر,https://www.khanoumi.com/products/jute-hydra-active-cream-25265,پوست من جنس اش معمولی بود ولی کاملا ریخت بهم و کل صورت ام پر جوش زیرپوستی شد,0,true,2024-12-28T11:02:05.43934+00:00,خنثی,0.35,محصول,محصول
کرم آبرسان مدل هیدراکتیو حجم 120 میلی لیتر,https://www.khanoumi.com/products/jute-hydra-active-cream-25265,بافت رقیق و سبکی داره بوی خوبی هم داره برای پوست چرب عالی,0,false,2024-12-15T09:33:56.7631614+00:00,مثبت,0.79,محصول,محصول
کرم آبرسان مدل هیدراکتیو حجم 120 میلی لیتر,https://www.khanoumi.com/products/jute-hydra-active-cream-25265,"ابرسان معمولییه باعث جوش نشد برا منی که پوستم چربه 
ولی با این قیمت ابرسان های بهتر زیاده",0,true,2024-12-11T12:25:34.6920967+00:00,خنثی,0.35,محصول | قیمت,محصول
کرم آبرسان مدل هیدراکتیو حجم 120 میلی لیتر,https://www.khanoumi.com/products/jute-hydra-active-cream-25265,"من تقریبا تمومش کردم برای ا‌ولین بار و خیلی راضیم ازش
هم پوستمو ابرسانی کرده هم باعث جوش نشد برام من پوستم خیلی حساسه
پیشنهادش میکنم حتما",0,true,2024-12-11T05:34:19.3031693+00:00,مثبت,0.91,محصول,محصول
کرم آبرسان مدل هیدراکتیو حجم 120 میلی لیتر,https://www.khanoumi.com/products/jute-hydra-active-cream-25265,سومین بار مارک ژوت خریدم سبک و نرم وخوش جذب هست بسیار ممنون از خانومی این وسایل کاربردی رو لطفا همیشه خفیف بزارید,0,true,2024-12-08T21:39:33.6523892+00:00,مثبت,0.67,سایر,سایر
کرم آبرسان مدل هیدراکتیو حجم 120 میلی لیتر,https://www.khanoumi.com/products/jute-hydra-active-cream-25265,من برای بچه م خریدم،بافت سبکی داره و پوست رو چرب نمیکنه،راضی بودم,0,true,2024-12-08T13:41:36.010651+00:00,منفی,0.67,محصول,محصول
کرم آبرسان مدل هیدراکتیو حجم 120 میلی لیتر,https://www.khanoumi.com/products/jute-hydra-active-cream-25265,پوستو چرب میکنه و برای من باعث جوش شد ، در کل دوسش نداشتم  ابرسان ژنو خیلی خیلی بهتره,0,false,2024-12-06T20:31:34.1551516+00:00,خنثی,0.35,محصول,محصول
کرم آبرسان مدل هیدراکتیو حجم 120 میلی لیتر,https://www.khanoumi.com/products/jute-hydra-active-cream-25265,من حدود دو ساله که دارم استفاده میکنم به نسبت قیمتش خیلی آبرسان خوبیه ، پوست رو درخشان میکنه اما محصولات امسالش به شدت اسانسش زیاد شده و رایحه اش اذیتت کننده است,0,true,2024-12-03T21:18:47.5551104+00:00,مثبت,0.67,محصول | قیمت,محصول
کرم آبرسان مدل هیدراکتیو حجم 120 میلی لیتر,https://www.khanoumi.com/products/jute-hydra-active-cream-25265,برای پوستی که روزاسه داره خیلی بده و باعث ملتهب تر شدنش میشه. برای پوست چرب هم مناسب نیست. اسانسش خیلی زیاده.,0,false,2024-12-03T05:38:25.957722+00:00,منفی,0.79,محصول,محصول
کرم آبرسان مدل هیدراکتیو حجم 120 میلی لیتر,https://www.khanoumi.com/products/jute-hydra-active-cream-25265,واقعا عالی و پوست خیلی لطیف میکنه,0,true,2024-12-02T01:07:41.4644531+00:00,مثبت,0.67,محصول,محصول
کرم آبرسان مدل هیدراکتیو حجم 120 میلی لیتر,https://www.khanoumi.com/products/jute-hydra-active-cream-25265,وقتی میزنی رو پوست یه بافت عجیبی داره کل پوست اول سفید میکنه پخش میشه دیر جذب میشه من بوشم دوست ندارم بو کرم مرطوب کننده ها 10 هزارتومنی میده,0,false,2024-11-29T10:57:21.283983+00:00,خنثی,0.35,محصول,محصول
کرم آبرسان مدل هیدراکتیو حجم 120 میلی لیتر,https://www.khanoumi.com/products/jute-hydra-active-cream-25265,برای کسی که هرروز استفاده میکنه به صرفه است و کیفیت قابل قبولی داره، بعضی وقتا احساس کردم زیادی پوستو چرب میکنه باید کم بزنید,0,true,2024-11-25T21:25:51.1222914+00:00,خنثی,0.35,محصول,محصول
کرم آبرسان مدل هیدراکتیو حجم 120 میلی لیتر,https://www.khanoumi.com/products/jute-hydra-active-cream-25265,ابرسان خوبیه بوی خوبی هم داره,0,true,2024-11-23T09:42:38.5870292+00:00,مثبت,0.79,محصول,محصول
کرم آبرسان مدل هیدراکتیو حجم 120 میلی لیتر,https://www.khanoumi.com/products/jute-hydra-active-cream-25265,من پوست نسبتا مستعد جوشی داشتم ولی واسه من واقعا عالی عمل کرد و خشکی پوستمو تا مقدار زیادی گرفت و پوستم خیلی نرم تر شد و بعد استفاده ی 3ماهه هم هیچ ویژگی بدی ازش ندیدم واقعا,0,false,2024-11-21T18:09:53.5331366+00:00,ترکیبی,0.71,محصول,محصول
کرم آبرسان مدل هیدراکتیو حجم 120 میلی لیتر,https://www.khanoumi.com/products/jute-hydra-active-cream-25265,برای من ک پوست چرب و حساسی دارم خوب نبود جوش زیر پوستی زدم و منافذم باز و ملتهب شد,0,false,2024-11-16T12:53:03.0540894+00:00,خنثی,0.4,محصول,محصول
کرم آبرسان مدل هیدراکتیو حجم 120 میلی لیتر,https://www.khanoumi.com/products/jute-hydra-active-cream-25265,دیرجذبه و بذای من که پوستم چرب بود اصلا مرطوب کننده مناسبی نبود ،پیشنهاد نمیکنم,0,true,2024-11-04T19:33:41.5534671+00:00,خنثی,0.35,محصول | اصل بودن کالا,محصول
کرم آبرسان مدل هیدراکتیو حجم 120 میلی لیتر,https://www.khanoumi.com/products/jute-hydra-active-cream-25265,"بنده اولین بار بود ک از خانومی خرید کردم و سعی کردم از نظر دوستان استفاده کنم خوشبختانه نظرات بسیار کاربردی و مفید بود و من از خریدم کاملا راضی هستم
کرم فوق العاده خوب و سبک",0,true,2024-11-04T14:09:32.1773143+00:00,مثبت,0.91,محصول,محصول
کرم آبرسان مدل هیدراکتیو حجم 120 میلی لیتر,https://www.khanoumi.com/products/jute-hydra-active-cream-25265,حجم کمی داره و معمولیه,0,true,2024-10-18T20:23:24.7618385+00:00,خنثی,0.35,محصول,محصول
کرم آبرسان مدل هیدراکتیو حجم 120 میلی لیتر,https://www.khanoumi.com/products/jute-hydra-active-cream-25265,زیاد جالب نبود,0,true,2024-10-16T08:58:00.3827447+00:00,خنثی,0.35,محصول,محصول
کرم آبرسان مدل هیدراکتیو حجم 120 میلی لیتر,https://www.khanoumi.com/products/jute-hydra-active-cream-25265,"یکی از بهترین آبرسان هایی بود که مصرف کردم اما حجمش خیلی کم بود و زود تموم شد
به نسبت قیمتش کیفیت بالایی داشت اما حجمش کم بود
در کل خوب بود اما شارژش نمیکنم",0,true,2024-10-14T07:58:20.0230701+00:00,مثبت,0.91,محصول | قیمت,محصول
کرم آبرسان مدل هیدراکتیو حجم 120 میلی لیتر,https://www.khanoumi.com/products/jute-hydra-active-cream-25265,خوب بود ب نظرم و اینکه پوست رو خیلی نرم میکرد البته تازه اسفاده میکنم اگر باهاش جوش نزنم عالیه بوی خیلی ملایم و خوبی داشت,0,true,2024-10-06T20:11:10.697222+00:00,مثبت,0.95,محصول,محصول
کرم آبرسان مدل هیدراکتیو حجم 120 میلی لیتر,https://www.khanoumi.com/products/jute-hydra-active-cream-25265,آبرسانی خوبی داره پوست رو چرب و براق نمی‌کنه بعد از استفاده پوست روشن تر و شفاف تر میشه,0,true,2024-10-06T15:09:19.883012+00:00,مثبت,0.67,محصول,محصول
کرم آبرسان مدل هیدراکتیو حجم 120 میلی لیتر,https://www.khanoumi.com/products/jute-hydra-active-cream-25265,برای دوستم خرید کردم عالی بود خیلی راضیه,0,true,2024-09-28T03:58:57+00:00,مثبت,0.91,محصول,محصول
کرم آبرسان مدل هیدراکتیو حجم 120 میلی لیتر,https://www.khanoumi.com/products/jute-hydra-active-cream-25265,عالیه واقعا,0,true,2024-09-23T22:16:53+00:00,مثبت,0.79,سایر,سایر
کرم آبرسان مدل هیدراکتیو حجم 120 میلی لیتر,https://www.khanoumi.com/products/jute-hydra-active-cream-25265,خیلی خوب برای پوست چرب هم خوبه دوباره میخرمش,0,true,2024-09-20T17:29:12+00:00,مثبت,0.95,محصول,محصول
کرم آبرسان مدل هیدراکتیو حجم 120 میلی لیتر,https://www.khanoumi.com/products/jute-hydra-active-cream-25265,خوب بود ,0,true,2024-09-20T16:51:46+00:00,مثبت,0.79,محصول,محصول
کرم آبرسان مدل هیدراکتیو حجم 120 میلی لیتر,https://www.khanoumi.com/products/jute-hydra-active-cream-25265,من پوست خشکی دارم ، خیلی سبکه و چرب و روغنی نیس که اذیت کنه من راضی ام ولی ذر روز باید چندبار بزنین,0,true,2024-09-16T02:58:59+00:00,مثبت,0.79,محصول,محصول
کرم آبرسان مدل هیدراکتیو حجم 120 میلی لیتر,https://www.khanoumi.com/products/jute-hydra-active-cream-25265,من پوست چربی دارم ولی دور دهانم حساسیت فصلی داشتم خشک و تیره شده بود با این آبرسان تا حد زیادی برطرف شد ممنون واقعا راضیم بوی بد نداره و زود جذب میشه ,0,true,2024-09-14T11:20:35+00:00,مثبت,0.95,محصول,محصول
کرم آبرسان مدل هیدراکتیو حجم 120 میلی لیتر,https://www.khanoumi.com/products/jute-hydra-active-cream-25265,خوبه مناسب پوست خشکه بافتش متوسطه در کل خوبه ,0,false,2024-09-09T14:28:48+00:00,مثبت,0.95,محصول,محصول
کرم آبرسان مدل هیدراکتیو حجم 120 میلی لیتر,https://www.khanoumi.com/products/jute-hydra-active-cream-25265,من پوستم چربه راضیم ازش اما کاش قیمتش کمتر بود,0,false,2024-09-01T01:05:04+00:00,مثبت,0.79,محصول | قیمت,محصول
کرم آبرسان مدل هیدراکتیو حجم 120 میلی لیتر,https://www.khanoumi.com/products/jute-hydra-active-cream-25265,پوست من خشکه و میتونم بگم عالی بود برای پوستم....زود جذب میشه و اصلا چربی رو پوست حس نمیکنی,0,true,2024-08-31T16:17:09+00:00,مثبت,0.91,محصول | اصل بودن کالا,محصول
کرم آبرسان مدل هیدراکتیو حجم 120 میلی لیتر,https://www.khanoumi.com/products/jute-hydra-active-cream-25265,بافتش مثل وازلین میمونه انگار. خوشم نمیاد ازش ,0,false,2024-08-30T02:52:15+00:00,خنثی,0.35,محصول,محصول
کرم آبرسان مدل هیدراکتیو حجم 120 میلی لیتر,https://www.khanoumi.com/products/jute-hydra-active-cream-25265,برای پوست مختلط اصلا پیشنهاد نمیکنم عطریه و باعث جوش میشه بشدت,0,true,2024-08-26T13:50:55+00:00,خنثی,0.35,محصول | اصل بودن کالا,محصول
کرم آبرسان مدل هیدراکتیو حجم 120 میلی لیتر,https://www.khanoumi.com/products/jute-hydra-active-cream-25265,روش زده بدون روغن بعد توی ترکیباتش روغن زیتوت و روغن بادام داره هیچ گونه آبرسانی نداره و فقط مرطوب میکنه واسه پوست چرب اصلاااااا پیشنهاد نمیکنم,0,false,2024-08-22T15:57:49+00:00,منفی,0.67,محصول | اصل بودن کالا,اصل بودن کالا
کرم آبرسان مدل هیدراکتیو حجم 120 میلی لیتر,https://www.khanoumi.com/products/jute-hydra-active-cream-25265,"واقعا محصول فوقالعادهایه، بافت خیلی خوبی رو پوست چرب داره و بر پایه آب بودنش که دیگه قابل توصیف نیست، 
واقعا پیشنهاد میکنم",0,true,2024-08-17T10:16:20+00:00,مثبت,0.67,محصول,محصول
کرم آبرسان مدل هیدراکتیو حجم 120 میلی لیتر,https://www.khanoumi.com/products/jute-hydra-active-cream-25265,خیلی ازش راضیم زود جذب میشه اصلا حالت چربی به پوست نمیده,0,true,2024-08-12T14:50:18+00:00,مثبت,0.91,محصول | اصل بودن کالا,محصول
کرم آبرسان مدل هیدراکتیو حجم 120 میلی لیتر,https://www.khanoumi.com/products/jute-hydra-active-cream-25265,"اصلا حالت آبرسان نداره و خیلی چربه 
برای پوست چرب مناسب نیست",0,true,2024-08-12T04:26:00+00:00,مثبت,0.67,محصول | اصل بودن کالا,محصول
کرم آبرسان مدل هیدراکتیو حجم 120 میلی لیتر,https://www.khanoumi.com/products/jute-hydra-active-cream-25265,تصورم چیز دیگه ای بود. نسبتا دیر جذبه و عطر و بوی زیادی داره که برای من خوشایند نبود.,0,true,2024-08-11T21:29:47+00:00,خنثی,0.35,محصول,محصول
کرم آبرسان مدل هیدراکتیو حجم 120 میلی لیتر,https://www.khanoumi.com/products/jute-hydra-active-cream-25265,خیلی دیر جذب میشه ولی خوبه,0,true,2024-08-11T12:33:19+00:00,مثبت,0.79,سایر,سایر
کرم آبرسان مدل هیدراکتیو حجم 120 میلی لیتر,https://www.khanoumi.com/products/jute-hydra-active-cream-25265,پوست من خشکه و این کرم برام عالی بود لطفا تخفیف بزارید ک بازم شارژ کنم,0,true,2024-08-11T06:45:03+00:00,مثبت,0.79,محصول | قیمت,محصول
کرم آبرسان مدل هیدراکتیو حجم 120 میلی لیتر,https://www.khanoumi.com/products/jute-hydra-active-cream-25265,عالی,0,true,2024-07-31T08:44:12+00:00,مثبت,0.67,سایر,سایر
کرم آبرسان مدل هیدراکتیو حجم 120 میلی لیتر,https://www.khanoumi.com/products/jute-hydra-active-cream-25265,کرم خوبیه. چون جنس قوطیش خیلی سفته. یه مقدار تهش میمونه که نمیشه استفاده کرد. باید اره بشه,0,true,2024-07-12T19:01:04+00:00,مثبت,0.67,محصول,محصول
کرم آبرسان مدل هیدراکتیو حجم 120 میلی لیتر,https://www.khanoumi.com/products/jute-hydra-active-cream-25265,"کرم خوبیه
ابرسانیه خوبی داره",0,true,2024-07-06T14:28:20+00:00,مثبت,0.79,محصول,محصول
کرم آبرسان مدل هیدراکتیو حجم 120 میلی لیتر,https://www.khanoumi.com/products/jute-hydra-active-cream-25265,پوست منو چرب کرد و باهاش جوش زدم,0,false,2024-07-05T01:34:09+00:00,خنثی,0.35,محصول,محصول
کرم آبرسان مدل هیدراکتیو حجم 120 میلی لیتر,https://www.khanoumi.com/products/jute-hydra-active-cream-25265,سلام لطفا موجود کنید ,0,true,2024-06-22T21:03:28+00:00,خنثی,0.35,محصول,محصول
کرم آبرسان مدل هیدراکتیو حجم 120 میلی لیتر,https://www.khanoumi.com/products/jute-hydra-active-cream-25265,میشه موجود شه توی تخفیفات دوباره بخریم من یکی ازتون گرفتم خیلی خوبه باز میخوام بگیرم لطفن شارژ بشه ,0,true,2024-06-17T10:16:01+00:00,مثبت,0.91,محصول | قیمت,محصول
کرم آبرسان مدل هیدراکتیو حجم 120 میلی لیتر,https://www.khanoumi.com/products/jute-hydra-active-cream-25265,من پارسال خرید کردم خیلی عالی بود لطفا مجدد شارژ کنید,0,true,2024-06-16T19:39:08+00:00,مثبت,0.79,محصول | تحویل و ارسال,محصول
کرم آبرسان مدل هیدراکتیو حجم 120 میلی لیتر,https://www.khanoumi.com/products/jute-hydra-active-cream-25265,سلام خسته نباشید من دفعه ی دوممه که این کرم رو خریدم و این کرم عالی ممنون از سایت خانمی,0,true,2024-06-13T15:15:05+00:00,مثبت,0.79,محصول,محصول
کرم آبرسان مدل هیدراکتیو حجم 120 میلی لیتر,https://www.khanoumi.com/products/jute-hydra-active-cream-25265,ابرسان خوبیه من راضی بودم. اولین بار بود سفارش دادم. باهاش جوش نزدم,0,true,2024-06-12T19:25:49+00:00,مثبت,0.79,محصول,محصول
کرم آبرسان مدل هیدراکتیو حجم 120 میلی لیتر,https://www.khanoumi.com/products/jute-hydra-active-cream-25265,لطفااا  موجود کنین,0,false,2024-06-10T22:08:03+00:00,خنثی,0.35,محصول,محصول
محلول دو فاز نرم کننده و حالت دهنده مو,https://www.khanoumi.com/products/lafarrerr-two-phase-hair-conditioner-25308,برای موهای نازک خوبه؟ چون نوشته موهارو نرم میکنه،باعث ‌نمیشه مو به کف سر بچسبه؟,0,false,2026-03-02T12:42:43.1796117+03:30,مثبت,0.79,محصول,محصول
محلول دو فاز نرم کننده و حالت دهنده مو,https://www.khanoumi.com/products/lafarrerr-two-phase-hair-conditioner-25308,موها رو کثیف میکنه، حتی حموم هم میری از ساقه مو پاک نمیشه، همون لحظه مو رو صاف میکنه بعدش مو به صورت افتضاح گره میخوره.,0,false,2025-01-08T13:48:13.5299143+00:00,منفی,0.67,محصول,محصول
محلول دو فاز نرم کننده و حالت دهنده مو,https://www.khanoumi.com/products/lafarrerr-two-phase-hair-conditioner-25308,شارژ نمیشه؟,0,false,2024-11-09T18:16:33.8705461+00:00,خنثی,0.35,سایر,سایر
محلول دو فاز نرم کننده و حالت دهنده مو,https://www.khanoumi.com/products/lafarrerr-two-phase-hair-conditioner-25308,لطفا قبل از عید موجود کنید,0,true,2024-03-05T19:54:48+00:00,خنثی,0.35,محصول,محصول
محلول دو فاز نرم کننده و حالت دهنده مو,https://www.khanoumi.com/products/lafarrerr-two-phase-hair-conditioner-25308,دو فاز خیلی خوبیه. این که مو کمی خشک میشه خاصیت اسپری های دوفاز می تونه باشه ولی موخوره های من از وقتی استفاده می کنم از این محصول بهتر شده. ,0,false,2023-06-28T16:45:12+00:00,مثبت,0.79,محصول,محصول
محلول دو فاز نرم کننده و حالت دهنده مو,https://www.khanoumi.com/products/lafarrerr-two-phase-hair-conditioner-25308,ضمن تشکر از خانمی بابت سایت بی نظیرتون من این محصول رو خریداری کردم از خانمی بوی خیلی خوبی داره بلافاصله بعد استفاده به مو حجم میده ولی متاسفانه برای شانه پذیری راحت و باز کردن گره مو ایجاد شده بعد حمام مناسب نبود چون گره را باز نمی کرد باوجود اینکه موهای من لخت هست ولی تاثیری در شانه پذیری راحت نداشت,1,true,2023-02-19T09:25:14+00:00,ترکیبی,0.71,محصول | اصل بودن کالا,محصول
محلول دو فاز نرم کننده و حالت دهنده مو,https://www.khanoumi.com/products/lafarrerr-two-phase-hair-conditioner-25308,دوستان گفتن بوی خوبی داره.اما بنظر من بو نداره.اما موهارو خیلی نرم میکنه.من موهام فر و وزه.راضی بودم ازش خیلی.بدون اینکه مورو چرب کنه نرم و لطیف میکنه,1,true,2023-01-27T09:42:53+00:00,ترکیبی,0.79,محصول,محصول
محلول دو فاز نرم کننده و حالت دهنده مو,https://www.khanoumi.com/products/lafarrerr-two-phase-hair-conditioner-25308,فوق العاده بوی خوبی داره. من قبل از سشوار و اتو مو به موهام اسپری میکنم. هم موهارو نرم میکنه و هم اینکه باعث میشه حرارت به موها آسیب نزنه. ,1,true,2022-12-04T08:40:34+00:00,مثبت,0.79,محصول,محصول
محلول دو فاز نرم کننده و حالت دهنده مو,https://www.khanoumi.com/products/lafarrerr-two-phase-hair-conditioner-25308,بوی فوق العاده خوبی داره. من قبل سشوار و اتو کشیدن روی موهام اسپری می کنم تا حدودی از آسیب دیدن موها بر اثر گرما جلوگیری می کنه و باعث نرم شدن و بهبود شانه پذیری موها میشه.,48,true,2022-02-06T11:00:50+00:00,مثبت,0.79,محصول,محصول
شامپو ضد ریزش ماینوکسی برای موهای خشک 250 میل,https://www.khanoumi.com/products/lafarrerr-minoxi-anti-hair-loss-shampoo-for-dry-hair-25309,خیلی معمولیه،اصلا بانصف این قیمتم نمی ارزه بخری,0,false,2026-07-14T01:16:17.8597692+03:30,مثبت,0.67,محصول | اصل بودن کالا | قیمت,محصول
شامپو ضد ریزش ماینوکسی برای موهای خشک 250 میل,https://www.khanoumi.com/products/lafarrerr-minoxi-anti-hair-loss-shampoo-for-dry-hair-25309,استفاده کردم و خوبه ، اما قیمتش خیلی بالا رفته .میشه جایگزین بهتری پیدا کرد.,0,false,2026-06-02T17:24:48.5949644+03:30,مثبت,0.79,قیمت,قیمت
شامپو ضد ریزش ماینوکسی برای موهای خشک 250 میل,https://www.khanoumi.com/products/lafarrerr-minoxi-anti-hair-loss-shampoo-for-dry-hair-25309,"انقد راضی ام که به همه پیشنهاد میکنم واقعا بی نظیر ریزش موهام خیلیییییی کم شده 
موهام نرم شده و‌ از اون خشکی که داشت خارج شده
فوق العادس من تو تخفیف گرفتم
لطفا بازم تخفیف خوب بزارید",0,true,2026-05-05T02:22:46.314781+03:30,مثبت,0.95,محصول | قیمت,محصول
شامپو ضد ریزش ماینوکسی برای موهای خشک 250 میل,https://www.khanoumi.com/products/lafarrerr-minoxi-anti-hair-loss-shampoo-for-dry-hair-25309,برای مامانم گرفتم جنس موهامون یکیه ولی مامانم بهش ساخت و راضی بود اما برای خودم تاثیری نداشت، بنظرم بستگی خودتون داره بسازه یا نه,0,true,2025-04-22T20:15:13.7713469+00:00,مثبت,0.67,محصول,محصول
شامپو ضد ریزش ماینوکسی برای موهای خشک 250 میل,https://www.khanoumi.com/products/lafarrerr-minoxi-anti-hair-loss-shampoo-for-dry-hair-25309,این شامپو برای تمامی افرادی که موهای خشک و رنگ شده آسیب دیده دارن به نظر من مناسبه. موهای من جنسش معمولی بود و بعد از رنگ کردن خیلی خشک شد. با استفاده تدریجی از این شامپو به طور مرتب ، از شدت خشکی که داشت خارج شد و واقع نرمی قابل توجهی پیدا کرد. تنها مشکلش اینه که خیلی کف نمیکنه. ولی برای موهای خشک عالی بود,0,false,2023-04-04T17:05:58+00:00,مثبت,0.79,محصول,محصول
شامپو ضد ریزش ماینوکسی برای موهای خشک 250 میل,https://www.khanoumi.com/products/lafarrerr-minoxi-anti-hair-loss-shampoo-for-dry-hair-25309,برای موهای خشک من شامپو لافارر عالی عمل کرده چون با رطوبترسانی که به همراه داره باعث تغذیه موها میشه. این شامپو از ریزش موها جلوگیری میکنه.واقعا تمام خواص و مواد این شامپو داره. من فوق العاده ازش راضی هستم.,0,false,2023-03-28T14:05:51+00:00,مثبت,0.91,محصول,محصول
شامپو ضد ریزش ماینوکسی برای موهای خشک 250 میل,https://www.khanoumi.com/products/lafarrerr-minoxi-anti-hair-loss-shampoo-for-dry-hair-25309,عالی..عالی..,0,false,2023-02-20T01:11:31+00:00,مثبت,0.79,سایر,سایر
شامپو ضد ریزش ماینوکسی برای موهای خشک 250 میل,https://www.khanoumi.com/products/lafarrerr-minoxi-anti-hair-loss-shampoo-for-dry-hair-25309,موهای من خشکه و یه مدتی هست که میریزه و به همین خاطر شامپو ضدریزش ماینوکسی برای موهای خشک لافارر رو از پیشنهادهای ویژه فروشگاه اینترنتی خانومی سفارش دادم. این محصول رو حدود یه ماهه که به طور منظم استفاده میکنم و برای کاهش و رفع ریزش موهام خیلی موثر بوده. شامپو لافارر  به خوبی موها و پوست سر رو تمیز میکنه، رشد موهام رو بهتر کرده و باعث افزایش ضخامت و مقاومت اونا شده.,2,false,2022-10-28T16:37:56+00:00,مثبت,0.79,محصول,محصول
شامپو ضد ریزش ماینوکسی برای موهای خشک 250 میل,https://www.khanoumi.com/products/lafarrerr-minoxi-anti-hair-loss-shampoo-for-dry-hair-25309,محصولات خانومی همیشه با کیفیت هستند و ئر این مورد نباید شک کرد حداقل خیالت راحته بابت کیفیت,7,false,2021-08-22T16:10:31+00:00,خنثی,0.35,محصول,محصول
شامپو ضد ریزش ماینوکسی برای موهای چرب 250 میل,https://www.khanoumi.com/products/lafarrerr-minoxi-anti--hair-loss-shampoo-for-oily-hair-25310,چرا دیگ این شامپو هیچ جا پیدا نمیشه؟؟؟؟ من موهام عادت کرده به این شامپو و هر شامپوی دیگ ای میزنم موهام میریزه,0,true,2025-02-22T08:48:23.0280185+00:00,خنثی,0.35,محصول,محصول
شامپو ضد ریزش ماینوکسی برای موهای چرب 250 میل,https://www.khanoumi.com/products/lafarrerr-minoxi-anti--hair-loss-shampoo-for-oily-hair-25310,سلام این شامپوواقعآ عالیه لطفآ شارژ کنین با قیمت مناسب ممنون,0,true,2024-10-17T16:00:53.9201697+00:00,مثبت,0.91,محصول | قیمت,محصول
شامپو ضد ریزش ماینوکسی برای موهای چرب 250 میل,https://www.khanoumi.com/products/lafarrerr-minoxi-anti--hair-loss-shampoo-for-oily-hair-25310,"من این شامپو رو اصلا دوست نداشتم، تاثیر خاصی رو من نداشت، شادابی ساقه موهامم از بین رفت تقریبا.
شامپوی موچرب کامان یا فولیکا رو که قبلش استفاده میکردم راضیتر بودم با اینکه ارزون ترم هستن. حالا شاید برای شما جواب بده روی موی من که خوب نبود",0,false,2024-08-04T13:19:32+00:00,منفی,0.79,محصول | اصل بودن کالا | قیمت,اصل بودن کالا
شامپو ضد ریزش ماینوکسی برای موهای چرب 250 میل,https://www.khanoumi.com/products/lafarrerr-minoxi-anti--hair-loss-shampoo-for-oily-hair-25310,شامپو خوبی است من یک دوره مصرف کردم و واقعا اثر خوبی داشت,0,true,2024-07-30T02:14:15+00:00,مثبت,0.79,محصول,محصول
شامپو ضد ریزش ماینوکسی برای موهای چرب 250 میل,https://www.khanoumi.com/products/lafarrerr-minoxi-anti--hair-loss-shampoo-for-oily-hair-25310,من نتیجه خوبی از این شامپو نگرفتم. ریزش موهام بدتر شد، چربی موهامم اصلا بهتر نشد,0,false,2024-07-23T18:44:58+00:00,منفی,0.67,محصول | اصل بودن کالا,اصل بودن کالا
شامپو ضد ریزش ماینوکسی برای موهای چرب 250 میل,https://www.khanoumi.com/products/lafarrerr-minoxi-anti--hair-loss-shampoo-for-oily-hair-25310,"خیلی شامپو خوبیه من دوباره شارژ کردم 
از خانومی ممنونم که هم تخفیف خوب میزاره
هم به موقع بدستمون میرسونه
فقط فقط این بار ی مقدار آلمینیوم روی شامپو باز شده بود
 ی کم شامپو ازش ریخته بود بیرون
بازم ممنون خانومی
",0,true,2024-05-18T12:11:07+00:00,مثبت,0.91,محصول | قیمت,محصول
شامپو ضد ریزش ماینوکسی برای موهای چرب 250 میل,https://www.khanoumi.com/products/lafarrerr-minoxi-anti--hair-loss-shampoo-for-oily-hair-25310,همسرم موهاش بسیار چرب هست جوری که حتما باید روزانه سرش رو بشوره و ریزش هم داشت، از وقتی از این شامپو استفاده میکنه بسیار راضیه، ریزش موهاش خیلی کم شده و چربی سرش کنترل شده، الان دوباره میخوام براش سفارش بدم.,0,true,2024-03-10T21:54:14+00:00,ترکیبی,0.66,محصول,محصول
شامپو ضد ریزش ماینوکسی برای موهای چرب 250 میل,https://www.khanoumi.com/products/lafarrerr-minoxi-anti--hair-loss-shampoo-for-oily-hair-25310,منم یه بار تو تخفیف ها خریدم و واقعا راضیم درسته قیمتش زیاده ولی تخفیف میخوره می ارزه,1,false,2023-05-17T10:23:21+00:00,مثبت,0.79,قیمت,قیمت
شامپو ضد ریزش ماینوکسی برای موهای چرب 250 میل,https://www.khanoumi.com/products/lafarrerr-minoxi-anti--hair-loss-shampoo-for-oily-hair-25310,"نسبت به قیمت بالایی ک داره یک شامپو خیلی معمولی هست 
منکه تفاوت چندانی احساس نکردم و دوباره نمیخرم",1,false,2023-03-09T16:00:01+00:00,خنثی,0.35,محصول | قیمت,محصول
شامپو ضد ریزش ماینوکسی برای موهای چرب 250 میل,https://www.khanoumi.com/products/lafarrerr-minoxi-anti--hair-loss-shampoo-for-oily-hair-25310,یک سال هست استفاده میکنم و راضی هستم,0,true,2022-11-30T10:37:44+00:00,مثبت,0.67,سایر,سایر
شامپو ضد ریزش ماینوکسی برای موهای چرب 250 میل,https://www.khanoumi.com/products/lafarrerr-minoxi-anti--hair-loss-shampoo-for-oily-hair-25310,این شامپو محصول مناسبی برای موهای چرب هستش با تنظیم ترشح غدد چربی پوست میزان چربی موها رو کاهش میده و از ریزش موها جلوگیری می کنه. من از این محصول استفاده نکردم ولی در کل برند لافارر محصولات خوبی تولید می کنه و تعریف این شامپو رو زیاد شنیدم. ,4,false,2022-02-20T08:42:09+00:00,مثبت,0.67,محصول,محصول
شامپو ضد ریزش ماینوکسی برای موهای چرب 250 میل,https://www.khanoumi.com/products/lafarrerr-minoxi-anti--hair-loss-shampoo-for-oily-hair-25310,روزای اول خیلی خوب بود منی که هر روز باید دوش بگیرم بخاطر چربی موهام به هفته ای سه روز رسبد اما یه مدت که گذشت اثرش از بین رفت ریزش موهام هم بیشتر شد راضی نبودم ,15,false,2022-01-14T20:13:47+00:00,ترکیبی,0.79,محصول,محصول
شامپو ضد ریزش ماینوکسی برای موهای معمولی و نازک 250 میل,https://www.khanoumi.com/products/lafarrerr-monoxi-anti-hair-loss-shampoo-for-normal-hair-25311,خیلی وقته موجود نیست میشه موجود کنید لطفااا,0,true,2024-11-21T14:53:27.3584028+00:00,خنثی,0.35,محصول,محصول
شامپو ضد ریزش ماینوکسی برای موهای معمولی و نازک 250 میل,https://www.khanoumi.com/products/lafarrerr-monoxi-anti-hair-loss-shampoo-for-normal-hair-25311,عالیه,0,false,2023-12-25T14:30:52+00:00,مثبت,0.79,سایر,سایر
شامپو ضد ریزش ماینوکسی برای موهای معمولی و نازک 250 میل,https://www.khanoumi.com/products/lafarrerr-monoxi-anti-hair-loss-shampoo-for-normal-hair-25311,جنس موهای من معمولی و خیلی نازکه، دچار ریزش شدید شده و به همین دلیل شامپو ضدریزش ماینوکسی لافارر رو از فروشگاه اینترنتی خانومی سفارش دادم. حدود یک ماه و نیمه به صورت منظم از این محصول استفاده میکنم و تاثیرات مثبتی برام داشته. این شامپو علاوه بر شستشو و پاکسازی موها و پوست سرم باعث تقویت ساختار مو میشه و در افزایش ضخامت و استحکام اون هم تاثیرگذار بوده. شامپو لافارر رطوبت موها رو حفظ میکنه و موجب کاهش و قطع ریزش مو هم میشه.,4,false,2022-09-26T16:42:47+00:00,خنثی,0.35,محصول,محصول
شامپو ضد ریزش ماینوکسی برای موهای معمولی و نازک 250 میل,https://www.khanoumi.com/products/lafarrerr-monoxi-anti-hair-loss-shampoo-for-normal-hair-25311,به موی من ک اصلا نساخت موهامو خیلی خشک میکرد خوب نبود,11,false,2022-01-04T15:29:31+00:00,مثبت,0.67,محصول | اصل بودن کالا,محصول
کرم آبرسان مدل هیدراکتیو حجم 120 میلی لیتر,https://www.khanoumi.com/products/jute-hydra-active-cream-25265,"من برای بار سوم آبرسان ژوت رو شارژ کردم واقعا عالیه بوی خوبی میده وقتی روی پوست میزنی احساس خنک شدن و آبرسانی رو حس میکنی و خیلی زود جذب میشه و حس چربی و سنگینی نداره  .
مرطوب کنندشو بار اوله که میخرم ولی همین چندباری که زدم رضایت بخش  و خوب بود .
خیلی زودتر از چیزی که حدس میزدم به دستم رسید ممنونم از خانومی",0,true,2024-05-30T14:40:05+00:00,مثبت,0.95,محصول | تحویل و ارسال,محصول
کرم آبرسان مدل هیدراکتیو حجم 120 میلی لیتر,https://www.khanoumi.com/products/jute-hydra-active-cream-25265,لطفا تخفیف بذارین سبد خرید رو نهایی کنم زودتر,0,true,2024-05-30T13:14:10+00:00,منفی,0.67,قیمت,قیمت
کرم آبرسان مدل هیدراکتیو حجم 120 میلی لیتر,https://www.khanoumi.com/products/jute-hydra-active-cream-25265,"تخفیف بیشتر بذارید لطفااا
",0,false,2024-05-27T20:53:48+00:00,خنثی,0.35,قیمت,قیمت
کرم آبرسان مدل هیدراکتیو حجم 120 میلی لیتر,https://www.khanoumi.com/products/jute-hydra-active-cream-25265,تخفیف نداره چرا تخفیف بزنید خانومی,0,true,2024-05-25T14:28:45+00:00,خنثی,0.35,قیمت,قیمت
کرم آبرسان مدل هیدراکتیو حجم 120 میلی لیتر,https://www.khanoumi.com/products/jute-hydra-active-cream-25265,ابرسان فوق العاده هست نسبت به قیمتش،پوست رو واعا ابرسانی میکنه،بعد از استفاده احساس لوچ بودن نداره،به سرعت جذب میشه و بعد چندبار استفاده متوجه میشید که پوستتون تغییر کرده و دیگه هشک یا دی هیدراته نیستش,0,true,2024-05-21T12:40:17+00:00,مثبت,0.67,محصول | قیمت,محصول
کرم آبرسان مدل هیدراکتیو حجم 120 میلی لیتر,https://www.khanoumi.com/products/jute-hydra-active-cream-25265,تخفیف بزارین برای امروز سبدمو ببندم,0,true,2024-05-21T10:44:33+00:00,منفی,0.67,محصول | قیمت,محصول
کرم آبرسان مدل هیدراکتیو حجم 120 میلی لیتر,https://www.khanoumi.com/products/jute-hydra-active-cream-25265,تخفیف بزارید براش لطفا,0,false,2024-05-14T09:31:13+00:00,خنثی,0.35,قیمت,قیمت
کرم آبرسان مدل هیدراکتیو حجم 120 میلی لیتر,https://www.khanoumi.com/products/jute-hydra-active-cream-25265,بار اول که سفارش دادم خیلی عالی بود، سری دوم شکل ظاهری دقیقا مشابه سری اول هست اما بوی تندی داره، باعث خارش و قرمزی پوستم شد,0,true,2024-05-11T19:56:21+00:00,مثبت,0.79,محصول,محصول
کرم آبرسان مدل هیدراکتیو حجم 120 میلی لیتر,https://www.khanoumi.com/products/jute-hydra-active-cream-25265,همین که باهاش جوش نزدم ی دنیااس,0,true,2024-05-10T17:34:59+00:00,خنثی,0.35,سایر,سایر
کرم آبرسان مدل هیدراکتیو حجم 120 میلی لیتر,https://www.khanoumi.com/products/jute-hydra-active-cream-25265,"باراول چندماه پیش که گرفتمش وااااقعا عالی بود هم بوی خوبی داشت هم غیرجوش زا و سبک بود 
دوهفته قبل که مجدد سفارشش دادم کااااملا متفاوت با باراول بود و بوی پلاستیک میداد و برای اولین بار تو عمرم صورتم ورم کرد وزیر یه چشمم اومد بالا بعداستفاده ازش واقعا نمیفهمم چرا باید یه محصول اینطوری داغون بشه تو شارژ بعدیش",0,true,2024-05-09T19:14:24+00:00,ترکیبی,0.87,محصول,محصول
کرم آبرسان مدل هیدراکتیو حجم 120 میلی لیتر,https://www.khanoumi.com/products/jute-hydra-active-cream-25265,لطفا موجودش کنید,0,false,2024-05-04T09:41:22+00:00,خنثی,0.35,محصول,محصول
کرم آبرسان مدل هیدراکتیو حجم 120 میلی لیتر,https://www.khanoumi.com/products/jute-hydra-active-cream-25265,شارژش کنید توروخدا هی میام بخرم ناموجوده,0,true,2024-04-25T11:22:09+00:00,خنثی,0.35,محصول,محصول
کرم آبرسان مدل هیدراکتیو حجم 120 میلی لیتر,https://www.khanoumi.com/products/jute-hydra-active-cream-25265,"موجودش کنید لطفا
",0,true,2024-04-24T12:35:00+00:00,خنثی,0.35,محصول,محصول
کرم آبرسان مدل هیدراکتیو حجم 120 میلی لیتر,https://www.khanoumi.com/products/jute-hydra-active-cream-25265,دومین بار هست این محصول رو میخرم و به دوستانم هم سفارش کردم و اونها هم راضی بودن,0,true,2024-04-21T09:32:23+00:00,مثبت,0.67,محصول,محصول
کرم آبرسان مدل هیدراکتیو حجم 120 میلی لیتر,https://www.khanoumi.com/products/jute-hydra-active-cream-25265,میشه موجودش کنید خیلی وقته منتظرشم ,0,true,2024-04-20T10:51:12+00:00,خنثی,0.35,محصول,محصول
کرم آبرسان مدل هیدراکتیو حجم 120 میلی لیتر,https://www.khanoumi.com/products/jute-hydra-active-cream-25265,"بسته بندی خیلی خوب 
بوی خیلی خوب
 قیمت مناسب",0,false,2024-04-15T10:51:52+00:00,مثبت,0.95,تحویل و ارسال | محصول | قیمت,تحویل و ارسال
کرم آبرسان مدل هیدراکتیو حجم 120 میلی لیتر,https://www.khanoumi.com/products/jute-hydra-active-cream-25265,خیلی خوبو سبکه و خوشبو,0,true,2024-04-15T02:51:48+00:00,مثبت,0.79,محصول,محصول
کرم آبرسان مدل هیدراکتیو حجم 120 میلی لیتر,https://www.khanoumi.com/products/jute-hydra-active-cream-25265,کرم سبکی  هست.  تیوپیش رو هم خریدم.  راضی ام.ممنون خانومی,0,true,2024-04-12T14:05:18+00:00,مثبت,0.91,محصول,محصول
کرم آبرسان مدل هیدراکتیو حجم 120 میلی لیتر,https://www.khanoumi.com/products/jute-hydra-active-cream-25265,کرم خوب و سبکی هست ,0,true,2024-04-07T17:18:02+00:00,مثبت,0.67,محصول,محصول
کرم آبرسان مدل هیدراکتیو حجم 120 میلی لیتر,https://www.khanoumi.com/products/jute-hydra-active-cream-25265,"بوش واقعا خوبه و اصلا  اصلا زننده نیست برخلاف اینایی که میگن
فعلا مدت کمی هست استفاده میکنم جوش نزدم .. 
پوستم هم مختلطه
سریع جذب میشه و مات میکنه اینو خیلی دوست دارم
در کل راضی ام نسبت به قیمت خوبه کاراییش",0,true,2024-04-05T18:03:45+00:00,مثبت,0.95,محصول | اصل بودن کالا | قیمت,محصول
کرم آبرسان مدل هیدراکتیو حجم 120 میلی لیتر,https://www.khanoumi.com/products/jute-hydra-active-cream-25265,عالیه،بار اول ک استفاده کنید کاملا متوجه میشید،پوست و خیلی نرم میکنه آبرسانیش فوق العادس،حس سنگینی اصلا ب پوست نمیده،زود جدب میشه و فاقد چربیه،بوی خوبی هم داره،تموم شد دوباره شارژش میکنم،ممنون از خانومی,0,true,2024-04-05T01:20:09+00:00,مثبت,0.91,محصول | اصل بودن کالا,محصول
کرم آبرسان مدل هیدراکتیو حجم 120 میلی لیتر,https://www.khanoumi.com/products/jute-hydra-active-cream-25265,من برای صورتم کامل استفادش کردم ،،آبرسانیش متوسط روبه ضعیف بود،شایدم من پوستم نیاز به ابرسان قوی تری داره،درکل بافت سبک و نرمی داشت و بوی ملایم و تا حدی پوستمو نرم و لطیف میکرد ولی ماندگاریش ضعیفه و به عمق پوست نمیرفت،کافیه یه قطره آب به صورت بخوره شسته میشد.ولی باعث جوش و اکنه و دونه سیاه و اینجور چیزا اصلا نشد.,0,true,2024-04-03T19:01:32+00:00,منفی,0.91,محصول | اصل بودن کالا,اصل بودن کالا
کرم آبرسان مدل هیدراکتیو حجم 120 میلی لیتر,https://www.khanoumi.com/products/jute-hydra-active-cream-25265,"با پوست من سازگار نبود کلی جوش زدم بعد از چند بار استفاده. 
پوست من تقریبا چربه ",0,true,2024-04-01T02:28:25+00:00,خنثی,0.35,محصول,محصول
کرم آبرسان مدل هیدراکتیو حجم 120 میلی لیتر,https://www.khanoumi.com/products/jute-hydra-active-cream-25265,بوش بده،باعث خارش میشه ،برق میندازه و برای پوست چرب اصلا مناسب نیست..,0,true,2024-03-21T20:30:30+00:00,منفی,0.91,محصول | اصل بودن کالا,اصل بودن کالا
کرم آبرسان مدل هیدراکتیو حجم 120 میلی لیتر,https://www.khanoumi.com/products/jute-hydra-active-cream-25265,عالی البته من تو تخفیف خریدم برای پوستهای خشک عالی,0,true,2024-03-17T23:37:07+00:00,مثبت,0.79,محصول | قیمت,محصول
کرم آبرسان مدل هیدراکتیو حجم 120 میلی لیتر,https://www.khanoumi.com/products/jute-hydra-active-cream-25265,سبک ترین آبرسانی که دیدمه حتما حتما پیشنهاد میشه در ضمن حجمش خیلی زیاد نیست من برای صورتم استفاده میکنم بعد شست و شو نهایت 2 ماه بتونین استفاده کنین ,0,true,2024-03-10T13:44:20+00:00,مثبت,0.67,محصول,محصول
کرم آبرسان مدل هیدراکتیو حجم 120 میلی لیتر,https://www.khanoumi.com/products/jute-hydra-active-cream-25265,موجود کنید لطفا ,0,true,2024-03-05T20:22:08+00:00,خنثی,0.35,محصول,محصول
کرم آبرسان مدل هیدراکتیو حجم 120 میلی لیتر,https://www.khanoumi.com/products/jute-hydra-active-cream-25265,واقعا عالیه اینقد سبکه و زود جذب ک حد نداره,0,true,2024-03-03T15:05:01+00:00,مثبت,0.79,سایر,سایر
کرم آبرسان مدل هیدراکتیو حجم 120 میلی لیتر,https://www.khanoumi.com/products/jute-hydra-active-cream-25265, آبرسانیش خوبه اما ب وضوح بوی ویکس میده هر چند بعد چند دقیقه میره ,0,true,2024-03-02T20:34:23+00:00,مثبت,0.79,محصول,محصول
کرم آبرسان مدل هیدراکتیو حجم 120 میلی لیتر,https://www.khanoumi.com/products/jute-hydra-active-cream-25265,یک ابرسان عالی و بسیار سبکه ,0,true,2024-03-01T00:40:14+00:00,مثبت,0.67,سایر,سایر
کرم آبرسان مدل هیدراکتیو حجم 120 میلی لیتر,https://www.khanoumi.com/products/jute-hydra-active-cream-25265,بعد از استفاده حالت چسبندگی و سنگین داره برای پوست چرب و مختلط و استفاده از آبرسان به صورت پمپی سخته. پمپ در مدل جدید عوض شده ولی دهانه ش خیلی بزرگه و آبرسان خشک میشه دائم,0,false,2024-02-29T11:41:49+00:00,خنثی,0.35,محصول,محصول
کرم آبرسان مدل هیدراکتیو حجم 120 میلی لیتر,https://www.khanoumi.com/products/jute-hydra-active-cream-25265,بعد استفاده رو پوست حالت چسبپنکی میده از کرم خوشم نیومد,0,true,2024-02-20T11:31:53+00:00,خنثی,0.35,محصول,محصول
کرم آبرسان مدل هیدراکتیو حجم 120 میلی لیتر,https://www.khanoumi.com/products/jute-hydra-active-cream-25265,"عالی بود
",0,true,2024-02-19T22:14:05+00:00,مثبت,0.79,محصول,محصول
کرم آبرسان مدل هیدراکتیو حجم 120 میلی لیتر,https://www.khanoumi.com/products/jute-hydra-active-cream-25265,من که خیلی راضیم ,0,false,2024-02-19T11:09:58+00:00,مثبت,0.79,سایر,سایر
کرم آبرسان مدل هیدراکتیو حجم 120 میلی لیتر,https://www.khanoumi.com/products/jute-hydra-active-cream-25265,خوبه و بوی خوبی داره ممنون از خانومی,0,true,2024-02-15T01:13:35+00:00,مثبت,0.95,محصول,محصول
کرم آبرسان مدل هیدراکتیو حجم 120 میلی لیتر,https://www.khanoumi.com/products/jute-hydra-active-cream-25265,پوست من حدودی خشک و اما مستعد آکنه هست اما این محصول اصلا جوش نزدم با استفاده یک هفته و روزی دوبار دارم نظر میدم اوکی بود؛؛ فقط در نظر داشته باشید ابرسان باید روی پوست تمیز و شسته و کمی خیس زده  بشه امیدوارم تاثیر گذارم باشه,0,true,2024-02-13T15:17:31+00:00,مثبت,0.67,محصول | اصل بودن کالا,محصول
کرم آبرسان مدل هیدراکتیو حجم 120 میلی لیتر,https://www.khanoumi.com/products/jute-hydra-active-cream-25265,یکم دیگه تخفیفشو بیشتر کنین سفارشم ثبت کنم مرسییی,0,true,2024-02-04T14:03:57+00:00,مثبت,0.67,قیمت,قیمت
کرم آبرسان مدل هیدراکتیو حجم 120 میلی لیتر,https://www.khanoumi.com/products/jute-hydra-active-cream-25265,من راضی بودم ،در حد قیمتش آبرسان خوبیه ،برای بار دوم میخرمش ,0,true,2024-02-03T23:43:19+00:00,مثبت,0.79,محصول | قیمت,محصول
کرم آبرسان مدل هیدراکتیو حجم 120 میلی لیتر,https://www.khanoumi.com/products/jute-hydra-active-cream-25265,تخفیف بزارین برای امروزززززز,0,true,2024-01-29T16:49:13+00:00,خنثی,0.35,قیمت,قیمت
کرم آبرسان مدل هیدراکتیو حجم 120 میلی لیتر,https://www.khanoumi.com/products/jute-hydra-active-cream-25265,لطفا تخفیف 50 درصد رو دوباره بزارین رو محصولات ژوت,0,true,2024-01-27T12:36:55+00:00,خنثی,0.35,محصول | قیمت,محصول
کرم آبرسان مدل هیدراکتیو حجم 120 میلی لیتر,https://www.khanoumi.com/products/jute-hydra-active-cream-25265,خیلی خیلی معمولی بود به نسبت قیمتش حجم خیلی کمی داشت,0,false,2024-01-16T11:11:27+00:00,خنثی,0.35,محصول | قیمت,محصول
کرم آبرسان مدل هیدراکتیو حجم 120 میلی لیتر,https://www.khanoumi.com/products/jute-hydra-active-cream-25265,ابرسانی در حد معمولو بوی خوبی هم نداشت ,0,true,2024-01-13T14:48:00+00:00,منفی,0.67,محصول,محصول
کرم آبرسان مدل هیدراکتیو حجم 120 میلی لیتر,https://www.khanoumi.com/products/jute-hydra-active-cream-25265,برای پوست خشک مناسب نیست ,0,true,2024-01-13T09:36:23+00:00,خنثی,0.35,محصول,محصول
کرم آبرسان مدل هیدراکتیو حجم 120 میلی لیتر,https://www.khanoumi.com/products/jute-hydra-active-cream-25265,آبرسان بدی نیست و مرطوب کنندگی خوبی داره که شاید برای پوست های چرب خوب نباشه،بدیش اینه که خیلی بو و عطرتندی داره واسه صورت,0,true,2024-01-08T01:40:48+00:00,مثبت,0.79,محصول,محصول
کرم آبرسان مدل هیدراکتیو حجم 120 میلی لیتر,https://www.khanoumi.com/products/jute-hydra-active-cream-25265,سبک زود جذب و قدرت ابرسانی بالا .کلا دبگه فقط از همین استفاده میکنم,0,true,2024-01-07T14:49:19+00:00,خنثی,0.35,سایر,سایر
کرم آبرسان مدل هیدراکتیو حجم 120 میلی لیتر,https://www.khanoumi.com/products/jute-hydra-active-cream-25265,خیلی آبرسان خوبیه واقعا سبکه و پوست رو هم کاملا آبرسانی میکنه,0,true,2023-12-26T20:02:45+00:00,مثبت,0.67,محصول,محصول
کرم آبرسان مدل هیدراکتیو حجم 120 میلی لیتر,https://www.khanoumi.com/products/jute-hydra-active-cream-25265,پوستم چربه رو پوستم سنگینه و حالت چسبندگی و خارش داره ,0,true,2023-12-05T03:11:02+00:00,خنثی,0.35,محصول,محصول
کرم آبرسان مدل هیدراکتیو حجم 120 میلی لیتر,https://www.khanoumi.com/products/jute-hydra-active-cream-25265,برای من عالی بود,0,true,2023-11-24T11:57:42+00:00,مثبت,0.79,محصول,محصول
کرم آبرسان مدل هیدراکتیو حجم 120 میلی لیتر,https://www.khanoumi.com/products/jute-hydra-active-cream-25265,"لطفا تخفیف 50 درصدی اعمال کنید رو این محصول، ، 3 روزه سبد خریدم نصفه مونده 

راند به راند تخفیفارو تغییر میدین خب اینجوری نمیتونیم سبد رو تکمیل کنیم، یا تشکر",0,false,2023-11-23T16:06:58+00:00,خنثی,0.35,محصول | قیمت,محصول
کرم آبرسان مدل هیدراکتیو حجم 120 میلی لیتر,https://www.khanoumi.com/products/jute-hydra-active-cream-25265,قشنگ به پوست حال میده پوست من خیلی خشک بود خیلی بهتر شده برای من که پوستم خشک بود خوبه,0,true,2023-11-20T10:48:39+00:00,مثبت,0.79,محصول,محصول
کرم آبرسان مدل هیدراکتیو حجم 120 میلی لیتر,https://www.khanoumi.com/products/jute-hydra-active-cream-25265,من راضی ام به پوست جون میده,0,true,2023-11-06T18:57:52+00:00,مثبت,0.79,محصول,محصول
کرم آبرسان مدل هیدراکتیو حجم 120 میلی لیتر,https://www.khanoumi.com/products/jute-hydra-active-cream-25265,سلام این کرم ابرسان رو من اولین بار هست خریدم بعد از استفاده باید مرطوب کننده روش استفاده بشه؟؟,0,false,2023-10-30T16:46:54+00:00,خنثی,0.35,محصول,محصول
کرم آبرسان مدل هیدراکتیو حجم 120 میلی لیتر,https://www.khanoumi.com/products/jute-hydra-active-cream-25265,سلام...منو خواهرم ب فاصله ی ماه از هم این آبرسان خریدیم ..برای خواهرم ب پوست ساخت ..بو وغلظت با اونیکی ک من گرفتم فرق داشت ..ب پوستم نساخت ..علتش چی میتونه باشه .,0,true,2023-10-18T00:24:55+00:00,مثبت,0.67,محصول | اصل بودن کالا,محصول
کرم آبرسان مدل هیدراکتیو حجم 120 میلی لیتر,https://www.khanoumi.com/products/jute-hydra-active-cream-25265,لطفا تخفیفشو50 درصد کنید,2,true,2023-10-10T19:07:31+00:00,خنثی,0.35,قیمت,قیمت
کرم آبرسان مدل هیدراکتیو حجم 120 میلی لیتر,https://www.khanoumi.com/products/jute-hydra-active-cream-25265,لطفا تخفیف بالا برای این محصول هم اعمال کنید ممنون,2,true,2023-09-20T10:10:10+00:00,مثبت,0.67,محصول | قیمت,محصول
کرم آبرسان مدل هیدراکتیو حجم 120 میلی لیتر,https://www.khanoumi.com/products/jute-hydra-active-cream-25265,آبرسان خوبی هست من چندین ساله استفاده میکنم این مابین آبرسانهای زیادی استفاده کردم ولی این خیلی خوب بود اما سری آخر که تیرماه بود که گرفتم از خانومی بوش مثل بوی قبلی ها نبود و اینکه مدل ظرفش هم تغییر کرده اما در کل کرم خوبیه کرم های آبرسان دیگه هیالونیک اسید دارن به مرور زمان آب زیر پوستو میگیرن و پوستو خشک میکنن,2,true,2023-09-12T10:54:04+00:00,مثبت,0.95,محصول,محصول
کرم آبرسان مدل هیدراکتیو حجم 120 میلی لیتر,https://www.khanoumi.com/products/jute-hydra-active-cream-25265,"اینا دوتا از آبرسان های مورد علاقم هستن
ژوت نسبت به مورینگا سبک تره و اگه پوستی چربی دارین واستون مناسب تره",0,true,2023-08-14T14:58:18+00:00,خنثی,0.35,محصول,محصول
کرم آبرسان مدل هیدراکتیو حجم 120 میلی لیتر,https://www.khanoumi.com/products/jute-hydra-active-cream-25265,"من پوست چرب و حساس و مستعد جوش دارم
مرطوب کننده های زیادی رو استفاده کردم این بهترین بوده پوستو واقعا آبرسانی میکنه باعث زیرپوستی نمیشه خیلی راضی هستم پوست گردن من برعکس صورتم خیلی خشکه من به گردنم هم میزنم خیلی عالیه ",1,true,2023-08-01T17:19:32+00:00,مثبت,0.79,محصول,محصول
کرم آبرسان مدل هیدراکتیو حجم 120 میلی لیتر,https://www.khanoumi.com/products/jute-hydra-active-cream-25265,بیشتر مرطوب کنندس تا آبرسان و پوستو چرب میکنه و یکم برق میندازه و من باهاش جوش نزدم و بوی عطری داره,2,true,2023-07-22T16:37:47+00:00,خنثی,0.35,محصول,محصول
کرم آبرسان مدل هیدراکتیو حجم 120 میلی لیتر,https://www.khanoumi.com/products/jute-hydra-active-cream-25265,"خیلی کرم خوبیه
من پوستم چربه هم باعث جوش نمیشه و هم ابرسانیش خیلی خوبه. صورتم برق نمیوفته",2,true,2023-07-12T21:53:50+00:00,مثبت,0.95,محصول,محصول
کرم آبرسان مدل هیدراکتیو حجم 120 میلی لیتر,https://www.khanoumi.com/products/jute-hydra-active-cream-25265,من از این آبرسان برای پوست صورتم استفاده میکنم..بعد پاک کردن ارایش صورتم یکم خشک میشه ازش استفاده میکنم و همینطور بعد حمام،اما اگر پوست دستتون خشکه برای دست مناسب نیست،برای صورت مناسبه چون چربی نداره،زود جذبه و خشکی صورت رو از بین میبره.من راضی بودم یکسالی هست استفاده میکنم,8,true,2023-07-08T18:15:16+00:00,مثبت,0.67,محصول,محصول
کرم آبرسان مدل هیدراکتیو حجم 120 میلی لیتر,https://www.khanoumi.com/products/jute-hydra-active-cream-25265,ابرسان خوشبوییه ولی برای من سنگین بود و پوستمو سنگین میکرد و حس خوبی نداشت... پوستم بعد از یه مدت کلا یه ...حالی شد,2,true,2023-07-07T17:32:22+00:00,منفی,0.67,محصول,محصول
کرم آبرسان مدل هیدراکتیو حجم 120 میلی لیتر,https://www.khanoumi.com/products/jute-hydra-active-cream-25265,خیلی خوب ابرسانی میکنه ولی اولش که میزنین یه ذره نوچ میشه پوستتون ولی بد خوب میشه در کل به نظرم خیلی خوبه,2,false,2023-07-06T02:11:51+00:00,ترکیبی,0.92,محصول,محصول
کرم آبرسان مدل هیدراکتیو حجم 120 میلی لیتر,https://www.khanoumi.com/products/jute-hydra-active-cream-25265,من دو ساله از آبرسان ژوت استفاده میکنم، خیییلی راضی  هستم 🙏🙏کی موجود میشه،خواهش میکنم شارژش کنید؟,1,true,2023-07-03T04:14:59+00:00,مثبت,0.67,محصول,محصول
کرم آبرسان مدل هیدراکتیو حجم 120 میلی لیتر,https://www.khanoumi.com/products/jute-hydra-active-cream-25265,همراه همیشگی منه و بافت سبکی داره,0,false,2023-06-19T09:45:34+00:00,خنثی,0.35,محصول,محصول
کرم آبرسان مدل هیدراکتیو حجم 120 میلی لیتر,https://www.khanoumi.com/products/jute-hydra-active-cream-25265,من قبلا از مرطوب کننده مخصوص پوست حساس و خشک ژوت استفاده میکردم و راضی بودم این سری هیدرا اکتیو سفارش دادم و تقریبا ده روزه استفاده مبکنم و خیلی راضیم بوی خوبی داره هر چند من پوستم حساسه اما با این کرم واکنش نداد,1,true,2023-04-10T14:15:55+00:00,مثبت,0.95,محصول,محصول
کرم آبرسان مدل هیدراکتیو حجم 120 میلی لیتر,https://www.khanoumi.com/products/jute-hydra-active-cream-25265,من حدودا یکساله که از ابرسان های ژوت استفاده میکنم زمستون از ابرسان مخصوص پوست خشک و حساس استفاده میکنم و فصلای دیگ ازهمین مدل و از هرنظر راضی هستم ابرسان فوق العاده جذب سریع جوش نمیزنه وچرب نیست و برای من خیلی عالی بود,2,false,2023-04-05T11:33:22+00:00,مثبت,0.95,محصول,محصول
کرم آبرسان مدل هیدراکتیو حجم 120 میلی لیتر,https://www.khanoumi.com/products/jute-hydra-active-cream-25265,بنظر من این کرم عالیه قشنگ رطوبت مورد نیاز پوستو بهش میده جوش نمیزنی با اینک برای همه نوع پوسته و من پوستم چرب بود، و اینکه واقعا بصرفه هستش یک پمپش قشنگ برای کل صورت کافیه فک کنم نزدیک 10 تا تیوپ تا حالا ازش استفاده کرده باشم,1,true,2023-03-29T04:50:16+00:00,مثبت,0.79,محصول,محصول
کرم آبرسان مدل هیدراکتیو حجم 120 میلی لیتر,https://www.khanoumi.com/products/jute-hydra-active-cream-25265,محصول خوبیه اگر ممکنه تخفیفش رو برای نوروز بیشتر کنید,3,true,2023-03-28T12:04:06+00:00,مثبت,0.67,محصول | قیمت,محصول
کرم آبرسان مدل هیدراکتیو حجم 120 میلی لیتر,https://www.khanoumi.com/products/jute-hydra-active-cream-25265,من پوستم چربی ازش استفاده میکنم عالیه ،بودم فوقالعاده ست من که عاشقشم ,3,true,2023-03-06T11:05:30+00:00,مثبت,0.95,محصول,محصول
کرم آبرسان مدل هیدراکتیو حجم 120 میلی لیتر,https://www.khanoumi.com/products/jute-hydra-active-cream-25265,من پوستم خیلی خشکه ،و حتی پوسته پوسته میشد و خیلی از برند های ایرانی و خارجی و امتحان کردم،بهترین آبرسان هست از نظر من حس شادابی و لطافت و به پوست میده و واقعا راضیم,7,true,2023-02-08T16:58:32+00:00,مثبت,0.91,محصول,محصول
کرم آبرسان مدل هیدراکتیو حجم 120 میلی لیتر,https://www.khanoumi.com/products/jute-hydra-active-cream-25265,من راضی ام خیلی عالی بود ,4,true,2023-02-05T14:54:36+00:00,مثبت,0.95,محصول,محصول
کرم آبرسان مدل هیدراکتیو حجم 120 میلی لیتر,https://www.khanoumi.com/products/jute-hydra-active-cream-25265,لطفاً شارژ کنید ,5,false,2023-01-06T00:00:34+00:00,خنثی,0.35,سایر,سایر
کرم آبرسان مدل هیدراکتیو حجم 120 میلی لیتر,https://www.khanoumi.com/products/jute-hydra-active-cream-25265,مرطوب کننده خوبیه برای پوست نرمال,0,true,2023-01-02T16:50:30+00:00,مثبت,0.67,محصول,محصول
کرم آبرسان مدل هیدراکتیو حجم 120 میلی لیتر,https://www.khanoumi.com/products/jute-hydra-active-cream-25265,خیلی وقته منتظریم چرا موجود نمیشه؟!,5,true,2022-12-19T16:22:24+00:00,خنثی,0.35,محصول,محصول
کرم آبرسان مدل هیدراکتیو حجم 120 میلی لیتر,https://www.khanoumi.com/products/jute-hydra-active-cream-25265,آبرسان سبک و خوبیه، عطری نیست و بوی خیلی ملایمی داره,8,true,2022-08-06T00:58:17+00:00,منفی,0.67,محصول,محصول
کرم آبرسان مدل هیدراکتیو حجم 120 میلی لیتر,https://www.khanoumi.com/products/jute-hydra-active-cream-25265,واقعا آبرسانی می کنه و پوست تازه و زنده می شه، من پوستم چربه اما این کرم اصلا چرب نیست روی پوست و اصلا صورتم جوش نزد باهاش! ,9,true,2022-06-23T00:13:12+00:00,خنثی,0.35,محصول | اصل بودن کالا,محصول
کرم آبرسان مدل هیدراکتیو حجم 120 میلی لیتر,https://www.khanoumi.com/products/jute-hydra-active-cream-25265,من پوستم معمولی رو به خشکه.خیلی برام خوب بود و واقعا در ویژگی اصلی محصول هرچی نوشته من دیدم درسته.اما دیدم دوستان در نظرات نوشتن بوی عطری داره.بله یه کرم خوب نباید عطر داشته باشه ولی من باهاش اوکی هستم و دوباره تمدیدش میکنم با توجه به اینکه اینجا قیمتش تخفیف خوبی خورده.اگه قرار باشه تخفیف نداشته باشه ترجیح میدم این قیمت یه آبرسان دیگه استفاده کنم تا ژوت مدل هیدرااکتیو چون تمام رضایت من با تخفیفی که داره باعث میشه بخرمش ,25,true,2022-06-16T17:13:45+00:00,مثبت,0.95,محصول | قیمت | اصل بودن کالا,محصول
کرم آبرسان مدل هیدراکتیو حجم 120 میلی لیتر,https://www.khanoumi.com/products/jute-hydra-active-cream-25265,پوست من چرب هست این کرم برام خیلی خوب بوده و سریع جذب میشه برام باعث جوش نشده چند باره که تمدید میکنم,2,true,2022-05-29T16:09:12+00:00,مثبت,0.91,محصول,محصول
کرم آبرسان مدل هیدراکتیو حجم 120 میلی لیتر,https://www.khanoumi.com/products/jute-hydra-active-cream-25265,این محصول قدرت آبرسانی خوبی داره و راحت جذب پوست میشه. من از استفاده ازش راضی بودم و به نظرم کرم خوب و مناسبیه. با توجه به تجربه خودم افرادی که دارای پوست چرب هستند هم میتونن از این آبرسان استفاده کنند چون چربی اضافی روی پوست ایجاد نمیکنه و صرفا به رفع خشکی پوست کمک میکنه. ,23,false,2022-02-01T08:51:49+00:00,مثبت,0.91,محصول,محصول
کرم آبرسان مدل هیدراکتیو حجم 120 میلی لیتر,https://www.khanoumi.com/products/jute-hydra-active-cream-25265,"خوبه ولی بوی عطرش زیاده
تخصصی نیست معمولیه",3,true,2022-01-20T02:08:09+00:00,مثبت,0.79,محصول,محصول
کرم آبرسان مدل هیدراکتیو حجم 120 میلی لیتر,https://www.khanoumi.com/products/jute-hydra-active-cream-25265,من پوستم خشک نیست ولی وقتی کرمپودر یا ضدافتاب میزدم ترک می خورد و پوست پوست میشد چون دهیدراتست ولی با این کرم بعد چندبار استفاده مشکلم رفع شد.بوی خاصی هم نداره.ابرسانی خوب و زود جذب هستش,12,true,2022-01-03T12:07:32+00:00,مثبت,0.67,محصول,محصول
کرم آبرسان مدل هیدراکتیو حجم 120 میلی لیتر,https://www.khanoumi.com/products/jute-hydra-active-cream-25265,"راضی ام ازش دوباره هم تمدیدش میکنم 
پوست من چربه وقتی میزنم خیلی حس خوبی میده بوی خاصی نداره دوسش دارم",5,true,2021-11-23T11:25:04+00:00,مثبت,0.91,محصول,محصول
کرم آبرسان مدل هیدراکتیو حجم 120 میلی لیتر,https://www.khanoumi.com/products/jute-hydra-active-cream-25265,بوی عطر فوق العاده تند و غیرقابل تحملی داره,2,true,2021-09-26T02:13:56+00:00,مثبت,0.67,محصول,محصول
کرم آبرسان مدل هیدراکتیو حجم 120 میلی لیتر,https://www.khanoumi.com/products/jute-hydra-active-cream-25265,آبرسان عالیه و واسه من باعث جوش نشد,9,false,2021-09-16T00:59:25+00:00,مثبت,0.79,سایر,سایر
کرم آبرسان مدل هیدراکتیو حجم 120 میلی لیتر,https://www.khanoumi.com/products/jute-hydra-active-cream-25265,ابرسان و مرطوب کننده خوبیه بافتش خوبه بوی خاصی نداره زود جذبه چربی هم میشه گفت نداره و خیلی خیلی کمه,17,true,2021-07-01T13:10:58+00:00,مثبت,0.91,محصول,محصول
 ژل گیاهی خنک کننده و ضد درد آیس رولی,https://www.khanoumi.com/products/lafarrerr-herbal-ice-roll-on-25312,خیلی ژل خوبیه واسه درد پاها و بدن عالیه عالی,21,false,2020-05-13T11:11:24+00:00,مثبت,0.91,سایر,سایر
ژل گیاهی خنک کننده و ضد درد آیس,https://www.khanoumi.com/products/lafarrerr-herbal-ice-gel-25313,خوبه,0,false,2024-07-10T11:03:36+00:00,مثبت,0.79,سایر,سایر
ژل گیاهی خنک کننده و ضد درد آیس,https://www.khanoumi.com/products/lafarrerr-herbal-ice-gel-25313,ژل گیاهی و ضد درد آیس لافارر یک محصول التیام بخش و تسکین دهنده درد است که با خنک کردن پوست به افزایش جریان خون کمک می کند. این محصول علاوه بر التهاب و درد، به رفع کبودی های پوستی نیز کمک می کند. این محصول برای افرادی که براثر ورزش دچار آسیب دیدگی شده اند نیز مناسب است. ,0,false,2022-12-11T08:49:13+00:00,خنثی,0.35,محصول,محصول
ژل گیاهی خنک کننده و ضد درد آیس,https://www.khanoumi.com/products/lafarrerr-herbal-ice-gel-25313,. کرم بسیار کوچک است که بعد از 3 یا 4 بار مصرف تمام میشود و نسبت به قیمتش حجم کمی دارد,14,true,2020-08-04T09:17:23+00:00,خنثی,0.35,محصول | قیمت,محصول
سرم پوست روشن کننده ویتامین سی 20 درصد ضد پیری,https://www.khanoumi.com/products/lafarrerr-perfect-skin-serum-25314,تاثیر خیلی خوبی داره ،قشنگ ویتامین سی هستا اما متاسفانه قیمتش بالا رفته.,0,false,2026-05-07T20:46:21.5392379+03:30,ترکیبی,0.79,قیمت,قیمت
سرم پوست روشن کننده ویتامین سی 20 درصد ضد پیری,https://www.khanoumi.com/products/lafarrerr-perfect-skin-serum-25314,مزخرف ترین محصولی که تا حالا گرفتم، واقعا پولتونو دور میریزید,0,false,2026-05-01T22:25:51.7774884+03:30,خنثی,0.35,محصول,محصول
سرم پوست روشن کننده ویتامین سی 20 درصد ضد پیری,https://www.khanoumi.com/products/lafarrerr-perfect-skin-serum-25314,پوست منو داغون کرد,0,false,2026-01-20T17:41:50.7089672+03:30,منفی,0.67,محصول,محصول
سرم پوست روشن کننده ویتامین سی 20 درصد ضد پیری,https://www.khanoumi.com/products/lafarrerr-perfect-skin-serum-25314,اصلا تاثیری نداره,0,false,2025-11-23T16:31:32.8666558+03:30,مثبت,0.67,اصل بودن کالا,اصل بودن کالا
سرم پوست روشن کننده ویتامین سی 20 درصد ضد پیری,https://www.khanoumi.com/products/lafarrerr-perfect-skin-serum-25314,اگه تخفیف 50 درصد بزارین من حتمااا می‌خرم چون لافارر یکی از خالص ترین سرم‌های ویتامین ث رو تولید کرده. من ضد آفتاب مینرال لافارر رو هم می‌زنم عالیه، بالاترین محافظت در برابر آفتاب رو داره برام,0,false,2025-11-16T07:52:49.845393+03:30,مثبت,0.79,قیمت,قیمت
سرم پوست روشن کننده ویتامین سی 20 درصد ضد پیری,https://www.khanoumi.com/products/lafarrerr-perfect-skin-serum-25314,از مصرفش راضی بودم اما واقعاً دیگه با این قیمت نمی‌خرم اصلاً مقرون به صرفه نیست.,0,true,2025-08-25T14:05:10.4156858+00:00,خنثی,0.35,محصول | اصل بودن کالا | قیمت,محصول
سرم پوست روشن کننده ویتامین سی 20 درصد ضد پیری,https://www.khanoumi.com/products/lafarrerr-perfect-skin-serum-25314,حال تولید کننده این محصول به نظرم خوب نیست. با این قیمت میشه یه روتین پوستی کامل داشت...,0,false,2025-07-13T15:44:34.8774947+00:00,منفی,0.67,محصول | قیمت,محصول
سرم پوست روشن کننده ویتامین سی 20 درصد ضد پیری,https://www.khanoumi.com/products/lafarrerr-perfect-skin-serum-25314,بدون کوچکترین تاثیر,0,false,2025-06-29T20:17:32.3813809+00:00,منفی,0.67,سایر,سایر
سرم پوست روشن کننده ویتامین سی 20 درصد ضد پیری,https://www.khanoumi.com/products/lafarrerr-perfect-skin-serum-25314,اصلا تأثیری نداشت,0,false,2025-02-08T14:21:37.5736508+00:00,مثبت,0.67,اصل بودن کالا,اصل بودن کالا
سرم پوست روشن کننده ویتامین سی 20 درصد ضد پیری,https://www.khanoumi.com/products/lafarrerr-perfect-skin-serum-25314,"من چندین دوره ازش استفاده کردم ولی هیچ تاثیری نداشت 
اصلا راضی نبودم",0,true,2024-12-30T16:39:45.3364325+00:00,منفی,0.79,محصول | اصل بودن کالا,اصل بودن کالا
سرم پوست روشن کننده ویتامین سی 20 درصد ضد پیری,https://www.khanoumi.com/products/lafarrerr-perfect-skin-serum-25314,"نسبت به قیمتش واقعا ارزش نداره 
اونقدری تاثیر نداره
چون سیلیکونی همون لحظه که میزنی پوست روشن تر میشه",0,false,2024-11-25T19:39:20.8197198+00:00,خنثی,0.35,محصول | قیمت,محصول
سرم پوست روشن کننده ویتامین سی 20 درصد ضد پیری,https://www.khanoumi.com/products/lafarrerr-perfect-skin-serum-25314,هیچ تاثیری نداشت این محصول و قیمتش اصلا با کیفیتش برابری نمی‌کنه.,0,false,2024-10-14T17:34:22.2422503+00:00,مثبت,0.67,محصول | اصل بودن کالا | قیمت,محصول
سرم پوست روشن کننده ویتامین سی 20 درصد ضد پیری,https://www.khanoumi.com/products/lafarrerr-perfect-skin-serum-25314,برای بار چهارم این محصول رو خرید باتوجه به اینکه پوستم چربه و جوش میزنه برای من خیلی خوب بود و بعد از استفاده تاثیرش کاملا مشهوده البته من از داروی خوراکی برای کنترل جوش و چربی پوستم استفاده میکنم. قیمتش با محصولات خارجی برابری میکنه و خیلی بالا رفته که با توجه به کیفیتش به نظرم زیاده,0,true,2024-06-30T08:27:00+00:00,مثبت,0.91,محصول | قیمت,محصول
سرم پوست روشن کننده ویتامین سی 20 درصد ضد پیری,https://www.khanoumi.com/products/lafarrerr-perfect-skin-serum-25314,حتما با تجویز دکتر بگیریدیش، من سرخود خریدم و پوستم جوشای وحشتناک چرکی میزد که با مراجعه به دکتر فهمیدم اصلا برای پوست من مناسب نیست,0,false,2024-06-26T11:50:58+00:00,مثبت,0.67,محصول | اصل بودن کالا,محصول
سرم پوست روشن کننده ویتامین سی 20 درصد ضد پیری,https://www.khanoumi.com/products/lafarrerr-perfect-skin-serum-25314,"منم این محصول رو استفاده کردم هیچ تاثیری نداشت 
",0,false,2024-06-10T13:52:56+00:00,خنثی,0.35,محصول,محصول
سرم پوست روشن کننده ویتامین سی 20 درصد ضد پیری,https://www.khanoumi.com/products/lafarrerr-perfect-skin-serum-25314,برای من اصلا مناسب نبود و بعد از دوبار استفاده صورتم سوزش پیدا کرد حالا رو دستم مونده متاسفانه به درد همه نوع پوستی نمیخوره,0,true,2024-03-31T00:56:26+00:00,منفی,0.79,محصول | اصل بودن کالا,اصل بودن کالا
سرم پوست روشن کننده ویتامین سی 20 درصد ضد پیری,https://www.khanoumi.com/products/lafarrerr-perfect-skin-serum-25314,وای چرا تخفیفا برداشتین.لطفا باز تخفیف پنجاه درصدو بذارید ,0,false,2024-03-16T17:03:41+00:00,خنثی,0.35,قیمت,قیمت
سرم پوست روشن کننده ویتامین سی 20 درصد ضد پیری,https://www.khanoumi.com/products/lafarrerr-perfect-skin-serum-25314,لطفا همه محصولات لافارر رو دوباره تخفیف پنجاه درصد بزارید ,0,false,2024-03-09T16:47:05+00:00,خنثی,0.35,محصول | قیمت,محصول
سرم پوست روشن کننده ویتامین سی 20 درصد ضد پیری,https://www.khanoumi.com/products/lafarrerr-perfect-skin-serum-25314,دوباره تخفیفشو زیاد کنید لطفا دیروز هفتصد تومن بود ,0,false,2024-03-06T11:53:17+00:00,خنثی,0.35,محصول | قیمت,محصول
سرم پوست روشن کننده ویتامین سی 20 درصد ضد پیری,https://www.khanoumi.com/products/lafarrerr-perfect-skin-serum-25314,سلام من جدید خریدم ولی وقتی میزنم پوست اطراف بینی و بخصوص پشت لبم سوزش زیادی داره..,0,true,2023-12-15T00:08:30+00:00,خنثی,0.35,محصول,محصول
سرم پوست روشن کننده ویتامین سی 20 درصد ضد پیری,https://www.khanoumi.com/products/lafarrerr-perfect-skin-serum-25314,والا من چندماه خریدم تغییر خاصی توی خودم احساس نکردم، نه میتونم بگم عالی نه میتونم بگم بد. ولی اولش که میرنم پوستم نرم میکنه و بافتش سبک راحت جذب میشه، نسبت به قیمتش حجمش خیلی کم ,0,false,2023-11-09T15:25:11+00:00,ترکیبی,0.71,محصول | قیمت,محصول
سرم پوست روشن کننده ویتامین سی 20 درصد ضد پیری,https://www.khanoumi.com/products/lafarrerr-perfect-skin-serum-25314,وقتی محصولات خارجی با کیفت عالی نصف این قیمت هست چرا محصول ایرانی استفاده کنیم اون ,18,false,2023-07-30T14:56:00+00:00,مثبت,0.67,محصول | قیمت,محصول
سرم پوست روشن کننده ویتامین سی 20 درصد ضد پیری,https://www.khanoumi.com/products/lafarrerr-perfect-skin-serum-25314,بعد از هر بار  استفاده روشن شدن و نرم شدن پوست رو حس میکنی اما برای من به اندازه مصرف 20 روز بود یعنی این حجم با این قیمت اصلا نمی ارزه ,12,true,2023-07-30T12:43:49+00:00,منفی,0.67,محصول | اصل بودن کالا | قیمت,اصل بودن کالا
سرم پوست روشن کننده ویتامین سی 20 درصد ضد پیری,https://www.khanoumi.com/products/lafarrerr-perfect-skin-serum-25314,من تعریف زیاد شنیدم.استفاده کردم هیچ تاثیری نداشت,20,false,2023-02-02T11:10:35+00:00,خنثی,0.35,سایر,سایر
سرم پوست روشن کننده ویتامین سی 20 درصد ضد پیری,https://www.khanoumi.com/products/lafarrerr-perfect-skin-serum-25314,منم استفاده کردم تاثیر ندیدم,17,false,2023-01-24T14:38:55+00:00,خنثی,0.35,سایر,سایر
سرم پوست روشن کننده ویتامین سی 20 درصد ضد پیری,https://www.khanoumi.com/products/lafarrerr-perfect-skin-serum-25314,اصلاً خوب نیست هیچ تاثیری نداره روی پوست جذب نمیشه سرم نیست خیلی سفت بود حتی حالت کرمم نبود,20,true,2023-01-13T20:32:36+00:00,منفی,0.79,محصول | اصل بودن کالا,اصل بودن کالا
سرم پوست روشن کننده ویتامین سی 20 درصد ضد پیری,https://www.khanoumi.com/products/lafarrerr-perfect-skin-serum-25314,خیلی ازش تعریف شنیده بودم ولی متاسفانه اثری ندیدم,22,false,2022-11-28T22:54:35+00:00,منفی,0.67,محصول,محصول
سرم پوست روشن کننده ویتامین سی 20 درصد ضد پیری,https://www.khanoumi.com/products/lafarrerr-perfect-skin-serum-25314,من ب طور مرتب ار این محصول استفاده کردم ولی تاثیر چشمگیری ندیدم,22,false,2022-11-24T21:34:19+00:00,خنثی,0.35,محصول,محصول
سرم پوست روشن کننده ویتامین سی 20 درصد ضد پیری,https://www.khanoumi.com/products/lafarrerr-perfect-skin-serum-25314,سرم پوست ویتامین سی لافارر، یکی از محصولات بسیار خوب و باکیفیت ایرانی بود که استفاده کردم. سریع جذب پوست شد و در کوتاه ترین زمان نتیجه بخش بود. سرم لافارر تونست لک های ریز روی گونم رو از بین ببره و پوستم رو کاملا صاف و یکدست کنه. اگر دنبال یک محصول ایرانی باکیفیت هستید حتما این سرم پوست رو استفاده کنید.,31,false,2022-11-23T16:29:14.09+00:00,مثبت,0.67,محصول,محصول
سرم پوست روشن کننده ویتامین سی 20 درصد ضد پیری,https://www.khanoumi.com/products/lafarrerr-perfect-skin-serum-25314,"من تقریبا دو هفته اس که هر شب استفاده میکنم بنظرم پوستم سفت شده
",2,false,2022-10-31T09:16:51+00:00,خنثی,0.35,محصول,محصول
سرم پوست روشن کننده ویتامین سی 20 درصد ضد پیری,https://www.khanoumi.com/products/lafarrerr-perfect-skin-serum-25314,واقها عالیه من تا حالا ۳تا ازش استفاده کردم پوست رو روشن و سفت میکنه,8,true,2022-05-10T18:32:10+00:00,مثبت,0.79,محصول,محصول
سرم پوست روشن کننده ویتامین سی 20 درصد ضد پیری,https://www.khanoumi.com/products/lafarrerr-perfect-skin-serum-25314,به شدت عالیه تاثیر در همون لحظه داره منافذ و جمع میکنه و پوست و روشن میکنه فقط خیلی زود تموم میشه حس میکنم حباب هوا بینش زیاده😑😂,23,false,2022-02-06T18:02:57+00:00,مثبت,0.79,محصول,محصول
سرم پوست روشن کننده ویتامین سی 20 درصد ضد پیری,https://www.khanoumi.com/products/lafarrerr-perfect-skin-serum-25314,"سلام 
من یک دوره از این کرم استفاده کردم پوستم خشک و حساسه خیلی راضی بودم هم در کاهش چین و چروک و هم نرمی و لطافت پوست موثره فقط به نسبت حجمش قیمتش خیلی زیاده.",20,true,2022-02-02T11:44:11+00:00,مثبت,0.67,محصول | قیمت,محصول
سرم پوست روشن کننده ویتامین سی 20 درصد ضد پیری,https://www.khanoumi.com/products/lafarrerr-perfect-skin-serum-25314,من واقعا هیچ تاثیری ندیدم.حجمش هم خیلی کم ,15,false,2022-01-19T17:56:05+00:00,خنثی,0.35,محصول,محصول
سرم پوست روشن کننده ویتامین سی 20 درصد ضد پیری,https://www.khanoumi.com/products/lafarrerr-perfect-skin-serum-25314,حدودا یک ماهی هست که از سرم روشن کننده لافارر به طور منظم استفاده می‌کنم و احساس می‌کنم پوستم روشن تر شده و لک‌های کوچیکی که به خاطر جای جوش روی صورتم مونده بوده خیلی کمرنگ شدن. این سرم خیلی سبکه و اصلا روی پوست ایجاد حس چربی و سنگینی نمیکنه و سریع جذب میشه. در طول مدتی که از سرم ویتامین سی لافارر استفاده کردم پوستم همیشه رطوبت کافی داشته و اصلا خشک نشده. این سرم به کمتر شدن خطوط ریز روی پوستم هم کمک کرده و من از خریدش راضی بودم و به دوستام هم پیشنهادش کردم.,13,false,2022-01-17T21:38:43+00:00,مثبت,0.79,محصول | اصل بودن کالا,محصول
سرم پوست روشن کننده ویتامین سی 20 درصد ضد پیری,https://www.khanoumi.com/products/lafarrerr-perfect-skin-serum-25314,هیچ تاثیری نداشت,10,false,2022-01-13T22:05:50+00:00,خنثی,0.35,سایر,سایر
سرم پوست روشن کننده ویتامین سی 20 درصد ضد پیری,https://www.khanoumi.com/products/lafarrerr-perfect-skin-serum-25314,دوماه مصرف کردم تاثیری ندیدم. فکر میکردم با این قیمت خوب باشه,7,false,2022-01-10T01:39:07+00:00,مثبت,0.67,قیمت,قیمت
سرم پوست روشن کننده ویتامین سی 20 درصد ضد پیری,https://www.khanoumi.com/products/lafarrerr-perfect-skin-serum-25314,خوب هست من راضی هستم ممنون,2,false,2021-12-29T22:29:45+00:00,مثبت,0.91,سایر,سایر
سرم پوست روشن کننده ویتامین سی 20 درصد ضد پیری,https://www.khanoumi.com/products/lafarrerr-perfect-skin-serum-25314,یه دور مصرف کردم تاثیری نداشت ,10,true,2021-11-14T11:04:14+00:00,خنثی,0.35,سایر,سایر
سرم پوست روشن کننده ویتامین سی 20 درصد ضد پیری,https://www.khanoumi.com/products/lafarrerr-perfect-skin-serum-25314,سلام . من پس دو ماه استفاده مداوم هیچ تاثیر مثبتی رو پوستم ندیدم. و بخاطر این از خریدم راضی نبودم .,23,false,2021-09-15T21:48:41+00:00,منفی,0.67,محصول,محصول
سرم پوست روشن کننده ویتامین سی 20 درصد ضد پیری,https://www.khanoumi.com/products/lafarrerr-perfect-skin-serum-25314,سرم خوبيه، با استفاده منظم و البته در درازمدت (حداقل ٢ ماه) باعث شد كه پوستم سفت و روشن بشه. من راضى بودم و جواب داد روى پوست من,164,false,2020-09-28T19:54:34+00:00,مثبت,0.79,محصول,محصول
ضد آفتاب و ضد لک رنگی SPF40  مناسب پوست چرب و آکنه دار,https://www.khanoumi.com/products/lafarrerr-anti-spot-tinted-sunscreen-cream-for-oily-and-acne-prone-skin-25315,دیگه واقعا ارزشی نداره بخری حالا خوبه ایرانی,0,true,2026-08-30T10:29:21.0595453+03:30,مثبت,0.79,سایر,سایر
ضد آفتاب و ضد لک رنگی SPF40  مناسب پوست چرب و آکنه دار,https://www.khanoumi.com/products/lafarrerr-anti-spot-tinted-sunscreen-cream-for-oily-and-acne-prone-skin-25315,بیخود ترین ضد آفتاب.موندم چرا اینقد قیمتش بالاس,0,false,2026-07-22T00:12:08.2435502+03:30,خنثی,0.35,محصول | قیمت,محصول
ضد آفتاب و ضد لک رنگی SPF40  مناسب پوست چرب و آکنه دار,https://www.khanoumi.com/products/lafarrerr-anti-spot-tinted-sunscreen-cream-for-oily-and-acne-prone-skin-25315,وااااقعا نخرید هیچ ارزشی نداره واقعا بدترین خریدم بود,0,false,2026-07-08T18:33:44.3178853+03:30,مثبت,0.79,محصول,محصول
ضد آفتاب و ضد لک رنگی SPF40  مناسب پوست چرب و آکنه دار,https://www.khanoumi.com/products/lafarrerr-anti-spot-tinted-sunscreen-cream-for-oily-and-acne-prone-skin-25315,اصلا روی پوست خوب نمی‌خوابه زودم برق میندازه و چربی پس میده,0,false,2026-07-07T22:07:12.5977135+03:30,خنثی,0.35,محصول | اصل بودن کالا,محصول
ضد آفتاب و ضد لک رنگی SPF40  مناسب پوست چرب و آکنه دار,https://www.khanoumi.com/products/lafarrerr-anti-spot-tinted-sunscreen-cream-for-oily-and-acne-prone-skin-25315,"خیلی گرونه چ خبره واقعا مقدارش کمه
و اینکه هیچ تاثیری رو لک نداره فقط کاور میکنه",0,true,2026-07-06T01:50:03.67559+03:30,خنثی,0.35,قیمت,قیمت
ضد آفتاب و ضد لک رنگی SPF40  مناسب پوست چرب و آکنه دار,https://www.khanoumi.com/products/lafarrerr-anti-spot-tinted-sunscreen-cream-for-oily-and-acne-prone-skin-25315,اصلا با این قیمت ارزش خرید نداره,0,false,2026-06-17T22:00:46.4802842+03:30,خنثی,0.35,قیمت | اصل بودن کالا,قیمت
ضد آفتاب و ضد لک رنگی SPF40  مناسب پوست چرب و آکنه دار,https://www.khanoumi.com/products/lafarrerr-anti-spot-tinted-sunscreen-cream-for-oily-and-acne-prone-skin-25315,افتضاح مثل ماست میمونه رو پوست انگار یه من کرم مالیدی,0,false,2026-06-17T13:36:04.3042441+03:30,منفی,0.67,محصول,محصول
ضد آفتاب و ضد لک رنگی SPF40  مناسب پوست چرب و آکنه دار,https://www.khanoumi.com/products/lafarrerr-anti-spot-tinted-sunscreen-cream-for-oily-and-acne-prone-skin-25315,من پوستم روشنه و رنگ روشنش مثل گچ میمونه روی صورت میماسه و اصلا این قیمت واسش منطقی نیست اصلا خوب نبود روی پوستم پوستم نرماله,0,false,2026-05-31T21:35:39.0131645+03:30,مثبت,0.67,محصول | اصل بودن کالا | قیمت,محصول
ضد آفتاب و ضد لک رنگی SPF40  مناسب پوست چرب و آکنه دار,https://www.khanoumi.com/products/lafarrerr-anti-spot-tinted-sunscreen-cream-for-oily-and-acne-prone-skin-25315,"بعد اینکه میزنی رو صورت تغییر رنگ میده!چه خبره این قیمت
رسما سواستفاده از شرایط موجوده
رو لک تاثیر چندانی نداره فقط کاورش میکنه",0,false,2026-05-23T00:31:48.7286814+03:30,خنثی,0.35,محصول | قیمت,محصول
ضد آفتاب و ضد لک رنگی SPF40  مناسب پوست چرب و آکنه دار,https://www.khanoumi.com/products/lafarrerr-anti-spot-tinted-sunscreen-cream-for-oily-and-acne-prone-skin-25315,به نظرم فقط اگه خیییلی سفید پوست هستین رنگ لایت بخرین چون تقریبا رنگ گچه. مدیوم انتخاب بهتری بود برای من که اشتباه انتخاب کردم. و نکته مهم دیگه اینکه به درد پوستهای خییلی چرب می‌خوره اگه پوستتون مثل من چرب و دهیتراته‌ست خوب نیست چون بافتش خیلی سفت و خشکه,0,false,2026-05-19T03:22:25.4811928+03:30,منفی,0.67,محصول,محصول
ضد آفتاب و ضد لک رنگی SPF40  مناسب پوست چرب و آکنه دار,https://www.khanoumi.com/products/lafarrerr-anti-spot-tinted-sunscreen-cream-for-oily-and-acne-prone-skin-25315,چندساله استفاده میکنم سبک و پوشش دهی خیلی خوبی داره و با پوست من سازگاره،،،ولی این همممممه افزایش قیمت؟؟؟؟؟؟؟هیچ برندی اینقدر افزایش قیمت نداده،،نمیشه دیگه خرید محصولات لافارر,0,true,2026-05-18T10:34:36.2958757+03:30,مثبت,0.79,محصول | قیمت,محصول
ضد آفتاب و ضد لک رنگی SPF40  مناسب پوست چرب و آکنه دار,https://www.khanoumi.com/products/lafarrerr-anti-spot-tinted-sunscreen-cream-for-oily-and-acne-prone-skin-25315,"برای پوستای سفید خیلی سفید میکنه 
کاور خوبی داره ولی وقتی می‌زنی اصلا طبیعی رو پوست نیست مشخصه کرم زدی حتی اگر خیلی کم بزنی  
باعث جوش نمیشه",0,false,2026-05-16T02:20:02.5620103+03:30,مثبت,0.79,محصول | اصل بودن کالا,محصول
ضد آفتاب و ضد لک رنگی SPF40  مناسب پوست چرب و آکنه دار,https://www.khanoumi.com/products/lafarrerr-anti-spot-tinted-sunscreen-cream-for-oily-and-acne-prone-skin-25315,به نظر من عالیه کاره کرم پودر رو میکنه فقط رنگشو دقت کنین اگه پوستتون سفید نیست مدیوم رو بگیرین چون لایتش خیلی روشنه,0,true,2026-05-12T23:36:33.7989812+03:30,مثبت,0.79,محصول,محصول
ضد آفتاب و ضد لک رنگی SPF40  مناسب پوست چرب و آکنه دار,https://www.khanoumi.com/products/lafarrerr-anti-spot-tinted-sunscreen-cream-for-oily-and-acne-prone-skin-25315,سلام بافتش سفت و غلیظه رنگ شماره1 گرفتم خیلی روشنه برای من که گندمی هستم ، چون غلیظه پخش کردنش به تنهایی سخته من همراه با ابرسان میزنم یعنی نقطه نقطه که اینو میزارم رو پوستم ابرسانم نقطه نقطه میزارم بعد شروع میکنم ب پخش کردن و اینجوری راحت راحت کل صورت پوشش داده میشه بدون خشکی و تا ساعتها هم میمونه و برای تمدید فقط رو گونه هام چون لک دارن تمدید میکنم، بتازگی مینرال رنگیشو خریدم چون فیزیکیه و برای کسانی که لک دارن خیلی بهتره اونو تهیه کنن و مینرالش پخشش خیلی راحته و کاورشم خوبه و رنگشم عالیه دیگه سفید گچی نمیشم من در کل به همه مینرال پیشنهاد میدم تا این.و پیشنهاد اخرم برای پوستهای چرب اینکه قبلش یه تونر بزنن همین برندو من تونرش رو دارم میزنم بعد چندثانیه با روشی که گفتم میزنمش,0,false,2026-05-01T14:43:30.9172816+03:30,مثبت,0.95,محصول,محصول
ضد آفتاب و ضد لک رنگی SPF40  مناسب پوست چرب و آکنه دار,https://www.khanoumi.com/products/lafarrerr-anti-spot-tinted-sunscreen-cream-for-oily-and-acne-prone-skin-25315,"قشنگ می تونید جایگزین یه کرم پودر عالی بکنیدش پوشش عالی و مخملی 
فقط واقعیت با وجود علاقه ی زیادم و رضایتم نتونستم خرید بزنم قیمتش خیلی گرونه تخفیف هم نداره هیچوقت",0,false,2026-04-28T02:32:18.0889723+03:30,مثبت,0.79,قیمت | محصول,قیمت
ضد آفتاب و ضد لک رنگی SPF40  مناسب پوست چرب و آکنه دار,https://www.khanoumi.com/products/lafarrerr-anti-spot-tinted-sunscreen-cream-for-oily-and-acne-prone-skin-25315,بااااورم نمیشه قیمتش شده یک و 200 !!! شدیدا رو پوست برق میندازه و اکسید و تیره میشه ، من 2 سال پیش خریدم و رو دستم موند,0,false,2026-04-15T13:42:27.8931922+03:30,خنثی,0.35,محصول | قیمت,محصول
ضد آفتاب و ضد لک رنگی SPF40  مناسب پوست چرب و آکنه دار,https://www.khanoumi.com/products/lafarrerr-anti-spot-tinted-sunscreen-cream-for-oily-and-acne-prone-skin-25315,محصولات لافارر فقط الکی گرونه بی کیفت محض ، اردن و مای خیلی خیلی از لافترر بهترن,0,false,2026-04-06T21:18:33.1510741+03:30,خنثی,0.35,قیمت | محصول,قیمت
ضد آفتاب و ضد لک رنگی SPF40  مناسب پوست چرب و آکنه دار,https://www.khanoumi.com/products/lafarrerr-anti-spot-tinted-sunscreen-cream-for-oily-and-acne-prone-skin-25315,"متاسفانه کیفیتش به شدت افت کرده؛من و مادرم قبلا از این ضدافتاب استفاده میکردیم کیفیتش عالی بود ولی الان هم کدر میشه رو صورت بعد چند دقیقه هم خیلی میماسه
و در کل به شدتتتتتتتت بی کیفیت شده",0,true,2026-03-17T22:58:38.922745+03:30,ترکیبی,0.87,محصول,محصول
ضد آفتاب و ضد لک رنگی SPF40  مناسب پوست چرب و آکنه دار,https://www.khanoumi.com/products/lafarrerr-anti-spot-tinted-sunscreen-cream-for-oily-and-acne-prone-skin-25315,"پوستتون رو به شدت کدر میکنه و اصلا پخش نمیشه  و رو صورت میماسه 
من که اصلا راضی نبودم و حیف پولی که دادم",0,true,2026-02-26T12:47:59.7943199+03:30,منفی,0.91,محصول | اصل بودن کالا,اصل بودن کالا
ضد آفتاب و ضد لک رنگی SPF40  مناسب پوست چرب و آکنه دار,https://www.khanoumi.com/products/lafarrerr-anti-spot-tinted-sunscreen-cream-for-oily-and-acne-prone-skin-25315,چندین بار شارژش کردم و همیشه راضی بودم ...,0,true,2026-02-07T11:45:08.8961682+03:30,مثبت,0.67,محصول,محصول
ضد آفتاب و ضد لک رنگی SPF40  مناسب پوست چرب و آکنه دار,https://www.khanoumi.com/products/lafarrerr-anti-spot-tinted-sunscreen-cream-for-oily-and-acne-prone-skin-25315,اصلا خوب نبود دیگه نمی گیرمش,0,false,2026-01-28T18:25:30.7420052+03:30,خنثی,0.4,محصول | اصل بودن کالا,محصول
ضد آفتاب و ضد لک رنگی SPF40  مناسب پوست چرب و آکنه دار,https://www.khanoumi.com/products/lafarrerr-anti-spot-tinted-sunscreen-cream-for-oily-and-acne-prone-skin-25315,"رنگ لایتش واسه پوست گندمی رو به روشن خوبه .من با ضد افتاب بی رنگش قاطی میکنم و میزنم
کاور خوبی داره و اصلا سنگین نیس و پوست برق نمیزنه.بهتراز کرم پودره",0,false,2026-01-18T09:51:04.3754312+03:30,مثبت,0.95,محصول | اصل بودن کالا,محصول
ضد آفتاب و ضد لک رنگی SPF40  مناسب پوست چرب و آکنه دار,https://www.khanoumi.com/products/lafarrerr-anti-spot-tinted-sunscreen-cream-for-oily-and-acne-prone-skin-25315,"این ک داخلش ضد لک داره خوبه ولی روی پوست خیلی میماسه و جالب نمیشه حتما باید قبلش ابرسان برنی 
دی دی کرم لافارر خیلی کیفیتش بالاتر از این مدل ضد افتابشه 
دی دی کرمش هم بافتش مخملیه هم بوی خوبی میده هم ضد افتاب داخلش داره هم خیلی سبکه",0,true,2026-01-08T14:36:40.6075935+03:30,مثبت,0.91,محصول,محصول
ضد آفتاب و ضد لک رنگی SPF40  مناسب پوست چرب و آکنه دار,https://www.khanoumi.com/products/lafarrerr-anti-spot-tinted-sunscreen-cream-for-oily-and-acne-prone-skin-25315,متاسفانه جدیدا روشن‌ترین رنگش هم برای پوست تیره‌ست اما قبلا یه رنگ روشن تولید میکرد که خیلی خوب بود,0,true,2025-11-23T14:15:01.6845354+03:30,ترکیبی,0.87,محصول,محصول
ضد آفتاب و ضد لک رنگی SPF40  مناسب پوست چرب و آکنه دار,https://www.khanoumi.com/products/lafarrerr-anti-spot-tinted-sunscreen-cream-for-oily-and-acne-prone-skin-25315,اصلا خوب نیست بعد از نیم ساعت روی پوست کدر و تیره میشه  و برای پوست های خشک و مختلط مناسب نیست,0,true,2025-11-23T09:51:04.623394+03:30,منفی,0.79,محصول | اصل بودن کالا,اصل بودن کالا
ضد آفتاب و ضد لک رنگی SPF40  مناسب پوست چرب و آکنه دار,https://www.khanoumi.com/products/lafarrerr-anti-spot-tinted-sunscreen-cream-for-oily-and-acne-prone-skin-25315,"من پوست گندمی دارم و شماره 02 گرفتم 
اما نسبت به قیمتش از کیفیتش راضی نبودم چندان
پوشش دهی نداره زیاد 
اما بی بی کرم که همیشه میگرفتم با اینکه ارزوتر بود اما پوشش دهی خوبی داشت",0,true,2025-11-17T17:17:26.1939078+03:30,خنثی,0.35,محصول | قیمت,محصول
ضد آفتاب و ضد لک رنگی SPF40  مناسب پوست چرب و آکنه دار,https://www.khanoumi.com/products/lafarrerr-anti-spot-tinted-sunscreen-cream-for-oily-and-acne-prone-skin-25315,اولین ضد افتاب رنگی که برای پوست های روشن ی چیزی تولید کرده همینه اگه پوستتون خیلی روشنه بازم تیرس ولی خب نسبت به ضد افتابای رنگی دیگ باز بهتره من‌روشنترین رنگش رو گرفتم,0,true,2025-11-03T23:58:06.4318905+03:30,خنثی,0.35,محصول,محصول
ضد آفتاب و ضد لک رنگی SPF40  مناسب پوست چرب و آکنه دار,https://www.khanoumi.com/products/lafarrerr-anti-spot-tinted-sunscreen-cream-for-oily-and-acne-prone-skin-25315,افتضاحه,0,false,2025-10-29T14:11:46.8636874+03:30,منفی,0.67,سایر,سایر
ضد آفتاب و ضد لک رنگی SPF40  مناسب پوست چرب و آکنه دار,https://www.khanoumi.com/products/lafarrerr-anti-spot-tinted-sunscreen-cream-for-oily-and-acne-prone-skin-25315,این ضدآفتاب پوشانندگی خیلی بالایی داره و خیلی سبک هست . فقط رنگ لایت خیلی سفید هستش . من پوستم یه چیزی بین میدیوم و لایت هست که متاسفانه این ضدآفتاب برای رنگ پوست گندمی روشن محصولی تولید نمیکنه,0,true,2025-10-28T14:33:50.4701157+03:30,منفی,0.67,محصول,محصول
ضد آفتاب و ضد لک رنگی SPF40  مناسب پوست چرب و آکنه دار,https://www.khanoumi.com/products/lafarrerr-anti-spot-tinted-sunscreen-cream-for-oily-and-acne-prone-skin-25315,من زیاد راضی نبودم بافتش خیلی سنگین و رنگش خیلی سرده حتی برای سفید پوست ها هم خیلی رنگ سردیه,0,false,2025-09-28T19:08:25.107111+03:30,منفی,0.67,محصول,محصول
ضد آفتاب و ضد لک رنگی SPF40  مناسب پوست چرب و آکنه دار,https://www.khanoumi.com/products/lafarrerr-anti-spot-tinted-sunscreen-cream-for-oily-and-acne-prone-skin-25315,به عنوان ضدآفتاب خیلی سنگینه و برای استفاده روزانه جالب نیس بنظرم، ولی برای دوستانی ک کرم پودر استفاده میکنن خوبه،من تو تخفیف گرفتم ولی خب با این قیمت ضدآفتاب های ازین بهتر زیاده,0,true,2025-08-09T22:06:21.914533+00:00,مثبت,0.79,قیمت | محصول,قیمت
ضد آفتاب و ضد لک رنگی SPF40  مناسب پوست چرب و آکنه دار,https://www.khanoumi.com/products/lafarrerr-anti-spot-tinted-sunscreen-cream-for-oily-and-acne-prone-skin-25315,"دوسه ساله استفاده میکنم 
خوبیش اینه پوشانندگی داره 
لک هارو کم کم از بین میبره
موندگاریش خوبه
ولی خیلی خشکه من که پوستم چربه خوب بود ولی حتما باید آبرسان میزدم
الان بعد دو سه سال متوجه شدم باعث چروک های ریز روی پوستم شده بخاطر خشکی که داشت بخصوص روی پیشانی و زیر چشمم که الان باید برم دنبال درمان اونا",0,false,2025-07-22T07:34:25.3050612+00:00,مثبت,0.95,محصول,محصول
ضد آفتاب و ضد لک رنگی SPF40  مناسب پوست چرب و آکنه دار,https://www.khanoumi.com/products/lafarrerr-anti-spot-tinted-sunscreen-cream-for-oily-and-acne-prone-skin-25315,برای ضد آفتاب پوشش زیادی داره کرم خوبیه فقط قیمتش نسبت به مشابه بالاست درکل بخوام بگم از کیفیت خودش راضی بودم,0,true,2025-07-19T08:43:19.4705861+00:00,مثبت,0.79,محصول | قیمت,محصول
ضد آفتاب و ضد لک رنگی SPF40  مناسب پوست چرب و آکنه دار,https://www.khanoumi.com/products/lafarrerr-anti-spot-tinted-sunscreen-cream-for-oily-and-acne-prone-skin-25315,"من دارمش.مدیومش رو.یه بار یه قطره ازش پرید رو لباسم.هوا داشت آخه.باورتون نمیشه.اما هر چی شستمش با ماشین لباسشویی،لکش نرفت.ببینین دیگه رو پوست چجوری میچسبه.اتفاقا وقتی میخوام با میسلار از روی پوستم پاکش کنم هم خیلی سخت پاک میشه.آرایشی هست بیشتر.
مراقبتی نیست.خیلی هم گرونه.",0,false,2025-07-12T20:12:53.6995735+00:00,خنثی,0.35,محصول | قیمت,محصول
ضد آفتاب و ضد لک رنگی SPF40  مناسب پوست چرب و آکنه دار,https://www.khanoumi.com/products/lafarrerr-anti-spot-tinted-sunscreen-cream-for-oily-and-acne-prone-skin-25315,با این قیمت اصلا ارزش خرید نداره,0,true,2025-07-07T10:27:06.3093302+00:00,خنثی,0.35,قیمت | اصل بودن کالا,قیمت
ضد آفتاب و ضد لک رنگی SPF40  مناسب پوست چرب و آکنه دار,https://www.khanoumi.com/products/lafarrerr-anti-spot-tinted-sunscreen-cream-for-oily-and-acne-prone-skin-25315,عالیییییی ازش راضیم ولی قیمتش خیلی رفته بالا,0,true,2025-06-30T16:49:33.6156244+00:00,مثبت,0.91,قیمت,قیمت
ضد آفتاب و ضد لک رنگی SPF40  مناسب پوست چرب و آکنه دار,https://www.khanoumi.com/products/lafarrerr-anti-spot-tinted-sunscreen-cream-for-oily-and-acne-prone-skin-25315,"اصلا به قیمتش نمی ارزه کلا محصولات لافارر گرونن و به نسبت قیمتشون کارایی خوبی ندارن 
من رنگ روشنش رو تهیه کردم باید روی پوست مرطوب کننده بزنید بعد از این استفاده کنید وگرنه خشکه میزنه روی پوست
با نصف این قیمت ضد افتاب های خیلی بهتری تو بازار هست",0,true,2025-06-21T12:32:22.1980168+00:00,مثبت,0.79,محصول | قیمت | اصل بودن کالا,محصول
ضد آفتاب و ضد لک رنگی SPF40  مناسب پوست چرب و آکنه دار,https://www.khanoumi.com/products/lafarrerr-anti-spot-tinted-sunscreen-cream-for-oily-and-acne-prone-skin-25315,من چند سال از این کرم استفاده کردم سبک و کاور متوسط رو به پایین برای استفاده روزانه ولی الان خیلی گرون شده به این قیمت اصلا نمی ارزه,0,true,2025-06-09T17:38:52.1810311+00:00,منفی,0.67,قیمت | محصول | اصل بودن کالا,اصل بودن کالا
ضد آفتاب و ضد لک رنگی SPF40  مناسب پوست چرب و آکنه دار,https://www.khanoumi.com/products/lafarrerr-anti-spot-tinted-sunscreen-cream-for-oily-and-acne-prone-skin-25315,"من خودم اولین بار بود این محصول رو سفارش دادم و رنگ مدیوم رو گرفتم ، خیلی پوشانندگی نداره و کار خاصی نمیکنه ، من با توجه به کامنت ها یه توقع دیگه داشتم 
با این پول هم اصلا نمی ارزه و پول مارکش رو میگیره ، من دیگه سفارشش نمیدم
شما هم اگه میخواین حداقل یه بار سفارش بدین خودتون متوجه میشید",0,true,2025-06-06T14:07:13.9154969+00:00,منفی,0.79,محصول | اصل بودن کالا,اصل بودن کالا
ضد آفتاب و ضد لک رنگی SPF40  مناسب پوست چرب و آکنه دار,https://www.khanoumi.com/products/lafarrerr-anti-spot-tinted-sunscreen-cream-for-oily-and-acne-prone-skin-25315,خوبه ولی خیلی گرون شده نمیصرفه واقعا,0,true,2025-06-01T07:05:25.4674683+00:00,مثبت,0.79,قیمت,قیمت
ضد آفتاب و ضد لک رنگی SPF40  مناسب پوست چرب و آکنه دار,https://www.khanoumi.com/products/lafarrerr-anti-spot-tinted-sunscreen-cream-for-oily-and-acne-prone-skin-25315,کاور بالایی داره تا چندین ساعت روی پوست بدون تغییر میمونه اما خب به خاطر همین کاور بالا پوست را در طولانی مدت به شدت دهیدراته و مستعد چروک میکنه. این تجربه من بعد از حدود یکسال استفادست . هر روز ازش استفاده نکنین,0,false,2025-05-31T17:36:51.0077559+00:00,منفی,0.67,محصول,محصول
ضد آفتاب و ضد لک رنگی SPF40  مناسب پوست چرب و آکنه دار,https://www.khanoumi.com/products/lafarrerr-anti-spot-tinted-sunscreen-cream-for-oily-and-acne-prone-skin-25315,عالییییییییییییییییی و هر روز گرونتر از دیروز ولی ب نظرم پوشش عالی و کیفیت خوبی داره,0,false,2025-05-25T20:25:34.8766334+00:00,مثبت,0.95,محصول | قیمت,محصول
ضد آفتاب و ضد لک رنگی SPF40  مناسب پوست چرب و آکنه دار,https://www.khanoumi.com/products/lafarrerr-anti-spot-tinted-sunscreen-cream-for-oily-and-acne-prone-skin-25315,"خیلی کرم عالی
قیمتش خیلی گرون شده
لطفا تخفیف 50 درصد بزنید لطفا",0,true,2025-05-11T13:03:18.0317382+00:00,مثبت,0.67,قیمت | محصول,قیمت
ضد آفتاب و ضد لک رنگی SPF40  مناسب پوست چرب و آکنه دار,https://www.khanoumi.com/products/lafarrerr-anti-spot-tinted-sunscreen-cream-for-oily-and-acne-prone-skin-25315,به نطرمن که برنز ورنگ متوسط اسنفاده کردم نسبت به قیمتش خیلی معمولیه,0,false,2025-05-07T19:25:33.4261178+00:00,خنثی,0.35,محصول | قیمت,محصول
ضد آفتاب و ضد لک رنگی SPF40  مناسب پوست چرب و آکنه دار,https://www.khanoumi.com/products/lafarrerr-anti-spot-tinted-sunscreen-cream-for-oily-and-acne-prone-skin-25315,کاملا مناسب برای اشخاصی که پوست مختلط یا چرب دارن. پوشانندگی عالی داره. فقط برای من، کلا بیشتر از چند ساعت رو پوستم نمی‌ذاشتم بمونه و حس میکردم یکم ماسیده. پوست من خیلی چربه برای همین ممکنه علت این بوده باشه. اگر اونقدر حساسیت بالایی نسبت به این چیزا ندارید باید بگم تا چندین ساعت روی پوستتون بدون تغییر می‌مونه,0,true,2025-05-01T07:36:47.0007338+00:00,ترکیبی,0.66,محصول,محصول
ضد آفتاب و ضد لک رنگی SPF40  مناسب پوست چرب و آکنه دار,https://www.khanoumi.com/products/lafarrerr-anti-spot-tinted-sunscreen-cream-for-oily-and-acne-prone-skin-25315,رنگ مدیوم  پوست های چرب رو خریداری کردم خیلی سبکه و چربی کمی داره چندسال هست استفاده میکنم و ازش راضی هستم ولی درکنارش ضدآفتاب بی رنگ همین مارک رو هم میزنم چون پوشانندگی خوبی داره.,0,true,2025-04-10T20:28:33.7882577+00:00,مثبت,0.79,محصول,محصول
ضد آفتاب و ضد لک رنگی SPF40  مناسب پوست چرب و آکنه دار,https://www.khanoumi.com/products/lafarrerr-anti-spot-tinted-sunscreen-cream-for-oily-and-acne-prone-skin-25315,رنگ مدیوم که پرطرفداره چرا عموما موجودی نداره,0,false,2025-03-01T11:44:56.4156624+00:00,خنثی,0.35,محصول,محصول
ضد آفتاب و ضد لک رنگی SPF40  مناسب پوست چرب و آکنه دار,https://www.khanoumi.com/products/lafarrerr-anti-spot-tinted-sunscreen-cream-for-oily-and-acne-prone-skin-25315,چرا نه تخفیف داره نه رنگبندیش کامله,0,true,2025-02-24T08:57:52.3336921+00:00,خنثی,0.35,محصول | قیمت,محصول
ضد آفتاب و ضد لک رنگی SPF40  مناسب پوست چرب و آکنه دار,https://www.khanoumi.com/products/lafarrerr-anti-spot-tinted-sunscreen-cream-for-oily-and-acne-prone-skin-25315,لطفا  تخفیف زیاد بذارین,0,false,2025-02-23T05:42:45.699892+00:00,خنثی,0.35,قیمت,قیمت
ضد آفتاب و ضد لک رنگی SPF40  مناسب پوست چرب و آکنه دار,https://www.khanoumi.com/products/lafarrerr-anti-spot-tinted-sunscreen-cream-for-oily-and-acne-prone-skin-25315,چرا هیچ تخفیفی برای این محصول ندارین,0,false,2025-02-22T09:40:02.1151506+00:00,خنثی,0.35,محصول | قیمت,محصول
ضد آفتاب و ضد لک رنگی SPF40  مناسب پوست چرب و آکنه دار,https://www.khanoumi.com/products/lafarrerr-anti-spot-tinted-sunscreen-cream-for-oily-and-acne-prone-skin-25315,چرا همه محصولات لافارر تخفیف داره غیر این،،،لطفا تخفیف بزارید,0,false,2025-02-22T09:38:22.6511754+00:00,خنثی,0.35,قیمت | محصول,قیمت
ضد آفتاب و ضد لک رنگی SPF40  مناسب پوست چرب و آکنه دار,https://www.khanoumi.com/products/lafarrerr-anti-spot-tinted-sunscreen-cream-for-oily-and-acne-prone-skin-25315,خواهشمندیم تخفیف بزارین,0,true,2025-02-20T11:56:07.2278493+00:00,خنثی,0.35,قیمت,قیمت
ضد آفتاب و ضد لک رنگی SPF40  مناسب پوست چرب و آکنه دار,https://www.khanoumi.com/products/lafarrerr-anti-spot-tinted-sunscreen-cream-for-oily-and-acne-prone-skin-25315,چرا هیچ تخفیفی نداره،،خیلی گرون شده,0,false,2025-02-20T09:13:28.146346+00:00,خنثی,0.35,قیمت,قیمت
ضد آفتاب و ضد لک رنگی SPF40  مناسب پوست چرب و آکنه دار,https://www.khanoumi.com/products/lafarrerr-anti-spot-tinted-sunscreen-cream-for-oily-and-acne-prone-skin-25315,عالیه ولی خواهشا تخفیف بزارید خیلی گرونه,0,true,2025-02-19T10:35:12.6822436+00:00,مثبت,0.79,قیمت,قیمت
ضد آفتاب و ضد لک رنگی SPF40  مناسب پوست چرب و آکنه دار,https://www.khanoumi.com/products/lafarrerr-anti-spot-tinted-sunscreen-cream-for-oily-and-acne-prone-skin-25315,عالیه فقط خواهش میکنم تخفیف بزارین خیلی گرونه,0,true,2025-02-18T09:33:03.1599283+00:00,مثبت,0.79,قیمت,قیمت
ضد آفتاب و ضد لک رنگی SPF40  مناسب پوست چرب و آکنه دار,https://www.khanoumi.com/products/lafarrerr-anti-spot-tinted-sunscreen-cream-for-oily-and-acne-prone-skin-25315,عالی عالی بینظیر من حتی مراسم های رسمی و عروسی هم فقط از این کرم میزنم لطفا تخفیف بزارید,0,false,2025-02-15T08:37:47.3540054+00:00,مثبت,0.79,محصول | قیمت,محصول
ضد آفتاب و ضد لک رنگی SPF40  مناسب پوست چرب و آکنه دار,https://www.khanoumi.com/products/lafarrerr-anti-spot-tinted-sunscreen-cream-for-oily-and-acne-prone-skin-25315,بدترین ضدآفتابی بود ک خریدم.,0,false,2025-02-14T09:24:19.3254775+00:00,منفی,0.79,محصول,محصول
ضد آفتاب و ضد لک رنگی SPF40  مناسب پوست چرب و آکنه دار,https://www.khanoumi.com/products/lafarrerr-anti-spot-tinted-sunscreen-cream-for-oily-and-acne-prone-skin-25315,برای رنگ مدیوم تخفیف بیشتر بزارین...عالیه لافارر,0,true,2025-02-10T14:57:05.9064925+00:00,مثبت,0.79,محصول | قیمت,محصول
ضد آفتاب و ضد لک رنگی SPF40  مناسب پوست چرب و آکنه دار,https://www.khanoumi.com/products/lafarrerr-anti-spot-tinted-sunscreen-cream-for-oily-and-acne-prone-skin-25315,لطفا رنگ برنز رو شارژ کنید,0,true,2025-02-07T09:45:05.6499238+00:00,خنثی,0.35,محصول,محصول
ضد آفتاب و ضد لک رنگی SPF40  مناسب پوست چرب و آکنه دار,https://www.khanoumi.com/products/lafarrerr-anti-spot-tinted-sunscreen-cream-for-oily-and-acne-prone-skin-25315,سلام لطفا رنگ برنز رو موجود کنید,0,true,2025-02-06T13:34:44.4791221+00:00,خنثی,0.35,محصول,محصول
ضد آفتاب و ضد لک رنگی SPF40  مناسب پوست چرب و آکنه دار,https://www.khanoumi.com/products/lafarrerr-anti-spot-tinted-sunscreen-cream-for-oily-and-acne-prone-skin-25315,1هفته دارم استفاده میکنم و راضیم ، یکم صورت برق میافتهه ،اما درکل خوب رو صورت میشینه,0,false,2025-02-05T16:55:34.4772674+00:00,مثبت,0.91,سایر,سایر
ضد آفتاب و ضد لک رنگی SPF40  مناسب پوست چرب و آکنه دار,https://www.khanoumi.com/products/lafarrerr-anti-spot-tinted-sunscreen-cream-for-oily-and-acne-prone-skin-25315,لطفا رنگ برنز رو موجود کنید,0,true,2025-02-05T11:47:08.8633728+00:00,خنثی,0.35,محصول,محصول
ضد آفتاب و ضد لک رنگی SPF40  مناسب پوست چرب و آکنه دار,https://www.khanoumi.com/products/lafarrerr-anti-spot-tinted-sunscreen-cream-for-oily-and-acne-prone-skin-25315,مدیوم رو بیارید با تخفیف,0,true,2025-01-28T16:48:36.9300558+00:00,خنثی,0.35,قیمت,قیمت
ضد آفتاب و ضد لک رنگی SPF40  مناسب پوست چرب و آکنه دار,https://www.khanoumi.com/products/lafarrerr-anti-spot-tinted-sunscreen-cream-for-oily-and-acne-prone-skin-25315,خیلی دیر دیر موجود میکنین رنگ روشن و من الان 1ماهه نمیتونم بخرمش هربار میزنه ناموجود,0,true,2025-01-28T14:07:09.2471121+00:00,خنثی,0.35,محصول,محصول
ضد آفتاب و ضد لک رنگی SPF40  مناسب پوست چرب و آکنه دار,https://www.khanoumi.com/products/lafarrerr-anti-spot-tinted-sunscreen-cream-for-oily-and-acne-prone-skin-25315,کرم عالیه..من 3ساله ازش استفاده می کنم..جوش ولک نمیزنم..ازمحصولات خارجی خیلی بهتره..اول زیر کرم ضدافتاب بدون چربی لافارر رومیزنم وبعد ازاین کرم استفاده میکنم..لطفا تخفیف بزارین...,0,true,2025-01-27T06:43:09.4243205+00:00,ترکیبی,0.74,محصول | قیمت,محصول
ضد آفتاب و ضد لک رنگی SPF40  مناسب پوست چرب و آکنه دار,https://www.khanoumi.com/products/lafarrerr-anti-spot-tinted-sunscreen-cream-for-oily-and-acne-prone-skin-25315,به نظرمن اصلا کرم خوبی نیست بااین قیمت گزینه های بهتری هست چربه وکلا روپوست خوب نمیشینه وبعداز دوساعت احساس خفگی وبدی روپوست داره,0,false,2025-01-19T22:04:00.5113365+00:00,منفی,0.79,محصول | اصل بودن کالا | قیمت,اصل بودن کالا
ضد آفتاب و ضد لک رنگی SPF40  مناسب پوست چرب و آکنه دار,https://www.khanoumi.com/products/lafarrerr-anti-spot-tinted-sunscreen-cream-for-oily-and-acne-prone-skin-25315,"اصلا راضی نبودم این ضد آفتاب ارزش هزینه کردن نداره
یکبار واسه امتحان خریدم و اصلا مجدد خرید نکردم",0,false,2025-01-19T14:40:53.9180949+00:00,منفی,0.67,اصل بودن کالا | محصول | قیمت,اصل بودن کالا
ضد آفتاب و ضد لک رنگی SPF40  مناسب پوست چرب و آکنه دار,https://www.khanoumi.com/products/lafarrerr-anti-spot-tinted-sunscreen-cream-for-oily-and-acne-prone-skin-25315,اصلا کرم خوبی نیست خیلی سنگین وچربه وقتی میزنی روپوست برق میندازه بعد یکی دو ساعت هم روی صورت میماسه وارایشت روغلیظ نشون میده رنگشم برای من که پوستم گندمیه تیره س.درکل توصیه نمیکنم,0,false,2025-01-06T21:43:34.333333+00:00,منفی,0.67,محصول | اصل بودن کالا,اصل بودن کالا
ضد آفتاب و ضد لک رنگی SPF40  مناسب پوست چرب و آکنه دار,https://www.khanoumi.com/products/lafarrerr-anti-spot-tinted-sunscreen-cream-for-oily-and-acne-prone-skin-25315,پوشش دهیش چطوره؟؟,0,false,2025-01-06T18:26:36.3452623+00:00,خنثی,0.35,محصول,محصول
ضد آفتاب و ضد لک رنگی SPF40  مناسب پوست چرب و آکنه دار,https://www.khanoumi.com/products/lafarrerr-anti-spot-tinted-sunscreen-cream-for-oily-and-acne-prone-skin-25315,خیلی گرونه. اگر قراره انقدر پول کرم ایرانی بدم یه کم‌بیشتر میزارم خارجی میگیرم,0,false,2025-01-06T15:24:09.8847923+00:00,منفی,0.67,قیمت | محصول,قیمت
ضد آفتاب و ضد لک رنگی SPF40  مناسب پوست چرب و آکنه دار,https://www.khanoumi.com/products/lafarrerr-anti-spot-tinted-sunscreen-cream-for-oily-and-acne-prone-skin-25315,موجود کنید لطفا رنگ مدیوم رو با تخفیف ویژه,0,true,2025-01-04T14:32:03.049931+00:00,خنثی,0.35,محصول | قیمت,محصول
ضد آفتاب و ضد لک رنگی SPF40  مناسب پوست چرب و آکنه دار,https://www.khanoumi.com/products/lafarrerr-anti-spot-tinted-sunscreen-cream-for-oily-and-acne-prone-skin-25315,لافارر که عالیه....ولی من رنگ لایت خریدم اصلا خوشم نیومد...رنگ مدیوم میخوااام..چرا موجود نمیکنید؟ خیلی وقته منتظرم...لطفا با تخفیف زیاد موجودش کنید,0,true,2024-12-16T08:15:12.655821+00:00,مثبت,0.91,محصول | اصل بودن کالا | قیمت,محصول
ضد آفتاب و ضد لک رنگی SPF40  مناسب پوست چرب و آکنه دار,https://www.khanoumi.com/products/lafarrerr-anti-spot-tinted-sunscreen-cream-for-oily-and-acne-prone-skin-25315,لطفا تخفیف کرم لافارر بیشتر کنید تو بلک فرایدی هم این محصول تخفیف نداشت,0,true,2024-12-10T10:16:06.8235647+00:00,خنثی,0.35,محصول | قیمت,محصول
ضد آفتاب و ضد لک رنگی SPF40  مناسب پوست چرب و آکنه دار,https://www.khanoumi.com/products/lafarrerr-anti-spot-tinted-sunscreen-cream-for-oily-and-acne-prone-skin-25315,اصلا کیفیت و ارزش خرید نداره,0,false,2024-12-08T11:08:44.3948498+00:00,خنثی,0.35,محصول | اصل بودن کالا | قیمت,محصول
ضد آفتاب و ضد لک رنگی SPF40  مناسب پوست چرب و آکنه دار,https://www.khanoumi.com/products/lafarrerr-anti-spot-tinted-sunscreen-cream-for-oily-and-acne-prone-skin-25315,ضدآفتاب محبوب من لافارر هست ک تخفیف نداره,0,true,2024-12-08T08:19:18.6543645+00:00,خنثی,0.35,محصول | قیمت,محصول
ضد آفتاب و ضد لک رنگی SPF40  مناسب پوست چرب و آکنه دار,https://www.khanoumi.com/products/lafarrerr-anti-spot-tinted-sunscreen-cream-for-oily-and-acne-prone-skin-25315,عالی عالی حرف نداره,0,false,2024-12-06T20:20:09.6133414+00:00,خنثی,0.35,سایر,سایر
ضد آفتاب و ضد لک رنگی SPF40  مناسب پوست چرب و آکنه دار,https://www.khanoumi.com/products/lafarrerr-anti-spot-tinted-sunscreen-cream-for-oily-and-acne-prone-skin-25315,این ضدآفتاب با قیمتی که داره اصلا ارزش خرید نداره از بس سنگینه و صورت رو پرآرایش نشون میده,0,false,2024-12-04T06:48:02.8119094+00:00,خنثی,0.35,قیمت | اصل بودن کالا,قیمت
ضد آفتاب و ضد لک رنگی SPF40  مناسب پوست چرب و آکنه دار,https://www.khanoumi.com/products/lafarrerr-anti-spot-tinted-sunscreen-cream-for-oily-and-acne-prone-skin-25315,میشه لطفا موجود کنید تا سبد را ببندم,0,false,2024-11-30T15:24:22.9407977+00:00,منفی,0.67,محصول,محصول
ضد آفتاب و ضد لک رنگی SPF40  مناسب پوست چرب و آکنه دار,https://www.khanoumi.com/products/lafarrerr-anti-spot-tinted-sunscreen-cream-for-oily-and-acne-prone-skin-25315,با سلام لطفاً تا فردا لافارر رنگ روشن رو شارژ کنید ممنون میشم,0,false,2024-11-27T15:11:14.1433317+00:00,مثبت,0.67,محصول,محصول
ضد آفتاب و ضد لک رنگی SPF40  مناسب پوست چرب و آکنه دار,https://www.khanoumi.com/products/lafarrerr-anti-spot-tinted-sunscreen-cream-for-oily-and-acne-prone-skin-25315,خیلی بده، من پوستم چرب و گندمیه، این ضدآفتاب پوست رو خیییییلی برق میندازه، من رنگ روشنش رو گرفتم بعد از 2ساعت انگار روی صورتم زغال کشیدم ازبس اکسید و تیره میشه. به هیییچ کس پیشنهادش نمیکنم. بی رنگ همین مارک کیفیتش خیلی بهتره پوست رو مات و مخملی میکنه,0,true,2024-11-27T05:20:10.6896485+00:00,منفی,0.91,محصول,محصول
ضد آفتاب و ضد لک رنگی SPF40  مناسب پوست چرب و آکنه دار,https://www.khanoumi.com/products/lafarrerr-anti-spot-tinted-sunscreen-cream-for-oily-and-acne-prone-skin-25315,باسلام آیا امکانش است باز هم از رنگ روشن لافارر شارژ کنید خیلی زود تمام شد.,0,false,2024-11-26T17:01:57.8394578+00:00,خنثی,0.35,محصول,محصول
ضد آفتاب و ضد لک رنگی SPF40  مناسب پوست چرب و آکنه دار,https://www.khanoumi.com/products/lafarrerr-anti-spot-tinted-sunscreen-cream-for-oily-and-acne-prone-skin-25315,کرم خوبیه برا من که پوست چرب دارم و جوش میزنه ولی رنگ متوسط خرید کردم واسه من سفید بود خودم گندمی م .نمیدونم رنگ برنزه ش خوبه .یا اینکه بعد چند ساعت میماسه و رنگ تیره روی پوستم میزاره؟؟؟,0,true,2024-11-23T08:59:30.0048327+00:00,مثبت,0.91,محصول,محصول
ضد آفتاب و ضد لک رنگی SPF40  مناسب پوست چرب و آکنه دار,https://www.khanoumi.com/products/lafarrerr-anti-spot-tinted-sunscreen-cream-for-oily-and-acne-prone-skin-25315,منتظر تخفیف هستم تا خرید کنم ....خیلی عالیه و راضی ام و اوکی,0,true,2024-11-22T18:14:29.4387253+00:00,مثبت,0.95,قیمت,قیمت
ضد آفتاب و ضد لک رنگی SPF40  مناسب پوست چرب و آکنه دار,https://www.khanoumi.com/products/lafarrerr-anti-spot-tinted-sunscreen-cream-for-oily-and-acne-prone-skin-25315,ضدافتابم تموم شده منتظرم یه تخفیف عالی بزارین تا بخرم.قیمتش خیلی بالاس,0,false,2024-11-16T15:10:11.1482693+00:00,مثبت,0.67,قیمت | محصول,قیمت
ضد آفتاب و ضد لک رنگی SPF40  مناسب پوست چرب و آکنه دار,https://www.khanoumi.com/products/lafarrerr-anti-spot-tinted-sunscreen-cream-for-oily-and-acne-prone-skin-25315,لطفاااااا تخفیف 50 درصد بزارینننننن,0,true,2024-11-12T21:47:45.0163247+00:00,خنثی,0.35,قیمت,قیمت
ضد آفتاب و ضد لک رنگی SPF40  مناسب پوست چرب و آکنه دار,https://www.khanoumi.com/products/lafarrerr-anti-spot-tinted-sunscreen-cream-for-oily-and-acne-prone-skin-25315,لطفا تخفیف بزارین و موجود کنید من 3سال دارم استفاده میکنم و بی نظیره این کرم,0,true,2024-11-12T10:46:29.0514364+00:00,خنثی,0.35,محصول | قیمت,محصول
ضد آفتاب و ضد لک رنگی SPF40  مناسب پوست چرب و آکنه دار,https://www.khanoumi.com/products/lafarrerr-anti-spot-tinted-sunscreen-cream-for-oily-and-acne-prone-skin-25315,سلام لطفاً موجود بشه,0,false,2024-11-06T20:59:01.1263438+00:00,خنثی,0.35,محصول,محصول
ضد آفتاب و ضد لک رنگی SPF40  مناسب پوست چرب و آکنه دار,https://www.khanoumi.com/products/lafarrerr-anti-spot-tinted-sunscreen-cream-for-oily-and-acne-prone-skin-25315,لطفاً تخفیف بزارید براش,0,false,2024-11-03T17:09:11.1958593+00:00,خنثی,0.35,قیمت,قیمت
ضد آفتاب و ضد لک رنگی SPF40  مناسب پوست چرب و آکنه دار,https://www.khanoumi.com/products/lafarrerr-anti-spot-tinted-sunscreen-cream-for-oily-and-acne-prone-skin-25315,لطفا رنگ بژ روشن رو موجود کنین,0,true,2024-10-30T04:47:19.7627578+00:00,خنثی,0.35,محصول,محصول
ضد آفتاب و ضد لک رنگی SPF40  مناسب پوست چرب و آکنه دار,https://www.khanoumi.com/products/lafarrerr-anti-spot-tinted-sunscreen-cream-for-oily-and-acne-prone-skin-25315,پوشش دهی عالی وسبک,0,true,2024-10-28T07:42:47.1575549+00:00,مثبت,0.67,محصول,محصول
ضد آفتاب و ضد لک رنگی SPF40  مناسب پوست چرب و آکنه دار,https://www.khanoumi.com/products/lafarrerr-anti-spot-tinted-sunscreen-cream-for-oily-and-acne-prone-skin-25315,سلام من این و میخام توروخدایکم بیشترتخفیف بزارید.یکم هزینه ش بالاست برام ممنون میشم لطف کنیددرحقم,0,false,2024-10-27T12:31:36.5121728+00:00,مثبت,0.67,قیمت,قیمت
ضد آفتاب و ضد لک رنگی SPF40  مناسب پوست چرب و آکنه دار,https://www.khanoumi.com/products/lafarrerr-anti-spot-tinted-sunscreen-cream-for-oily-and-acne-prone-skin-25315,عالیهههه بی نظیره,0,false,2024-10-18T04:33:06.5395621+00:00,مثبت,0.79,سایر,سایر
ضد آفتاب و ضد لک رنگی SPF40  مناسب پوست چرب و آکنه دار,https://www.khanoumi.com/products/lafarrerr-anti-spot-tinted-sunscreen-cream-for-oily-and-acne-prone-skin-25315,کرم خیلی خوبیه هم خیلی خوب کاور میده هم روی پوست خوب می‌خوابه ،لطفا براش تخفیف بزارید,0,true,2024-10-14T20:26:19.8793835+00:00,مثبت,0.95,محصول | قیمت,محصول
ضد آفتاب و ضد لک رنگی SPF40  مناسب پوست چرب و آکنه دار,https://www.khanoumi.com/products/lafarrerr-anti-spot-tinted-sunscreen-cream-for-oily-and-acne-prone-skin-25315,رنگ روشن رو شارژ کنید,0,false,2024-10-14T16:08:46.869042+00:00,خنثی,0.35,محصول,محصول
ضد آفتاب و ضد لک رنگی SPF40  مناسب پوست چرب و آکنه دار,https://www.khanoumi.com/products/lafarrerr-anti-spot-tinted-sunscreen-cream-for-oily-and-acne-prone-skin-25315,کی تخفیف میزاریدددد,0,false,2024-10-14T16:07:52.8838762+00:00,خنثی,0.35,قیمت,قیمت
ضد آفتاب و ضد لک رنگی SPF40  مناسب پوست چرب و آکنه دار,https://www.khanoumi.com/products/lafarrerr-anti-spot-tinted-sunscreen-cream-for-oily-and-acne-prone-skin-25315,چند ساله همین ضدآفتاب رو استفاده میکنم و کاملا راضیم ,0,true,2024-09-26T07:55:30+00:00,مثبت,0.79,سایر,سایر
ضد آفتاب و ضد لک رنگی SPF40  مناسب پوست چرب و آکنه دار,https://www.khanoumi.com/products/lafarrerr-anti-spot-tinted-sunscreen-cream-for-oily-and-acne-prone-skin-25315,"از خریدش پشیمونم ، با این که زیرش آبرسان زدم بازم ماسید.
خیلی پودرش زیاده ، و شماره یکش خیلی سفید میکنه ، 
اصلا پیشنهادش نمیکنم ",0,true,2024-09-12T15:40:23+00:00,منفی,0.79,محصول | اصل بودن کالا,اصل بودن کالا
ضد آفتاب و ضد لک رنگی SPF40  مناسب پوست چرب و آکنه دار,https://www.khanoumi.com/products/lafarrerr-anti-spot-tinted-sunscreen-cream-for-oily-and-acne-prone-skin-25315,اگه زیرسازی خوب انجام بشه و کاملا پخشش کنید، فینیش خیلیی خوبی روی پوست داره,0,true,2024-09-04T22:18:22+00:00,مثبت,0.79,محصول,محصول
ضد آفتاب و ضد لک رنگی SPF40  مناسب پوست چرب و آکنه دار,https://www.khanoumi.com/products/lafarrerr-anti-spot-tinted-sunscreen-cream-for-oily-and-acne-prone-skin-25315,"کرم خیلی خوبیه پوست رو یکدست میکنه
",0,false,2024-09-04T14:35:58+00:00,مثبت,0.79,محصول,محصول
ضد آفتاب و ضد لک رنگی SPF40  مناسب پوست چرب و آکنه دار,https://www.khanoumi.com/products/lafarrerr-anti-spot-tinted-sunscreen-cream-for-oily-and-acne-prone-skin-25315,"توی تخفیف ها خریدمش الان دوساله ک استفاده میکنم ازش واقعا ضدآفتاب خوبیه و دیگه هیچ استفاده ای از کرم پودر نمیکنم
ممنون از خانومی و تخفیف هاش
بازم تخفیف بذارید",0,true,2024-09-03T08:34:56+00:00,خنثی,0.35,قیمت | محصول,قیمت
کرم ضد آفتاب و ضد لک رنگی مدل SPF40 مناسب پوست نرمال و خشک حجم 40 میلی لیتر,https://www.khanoumi.com/products/lafarrerr-anti-spot-tinted-sunscreen-cream-for-dry-skin-25316,قیمتش کمی بالاست ولی برای پوست من بسیار عالی بود.بعد از یک مرطوب کننده،خوب روی پوست میخوابه و کاملا جای کرم پودر رو میگیره.پوست منو خشک و یا چرب نکرد کاملا خوب بود.راضی بودم,0,true,2026-08-29T22:42:23.1306288+03:30,مثبت,0.95,محصول | قیمت,محصول
کرم ضد آفتاب و ضد لک رنگی مدل SPF40 مناسب پوست نرمال و خشک حجم 40 میلی لیتر,https://www.khanoumi.com/products/lafarrerr-anti-spot-tinted-sunscreen-cream-for-dry-skin-25316,ضدآفتاب محبوبمه خیلی گرون شد ولی هر چی خریدم مثل این نبود,0,true,2026-08-13T08:21:36.809774+03:30,خنثی,0.35,محصول | قیمت,محصول
کرم ضد آفتاب و ضد لک رنگی مدل SPF40 مناسب پوست نرمال و خشک حجم 40 میلی لیتر,https://www.khanoumi.com/products/lafarrerr-anti-spot-tinted-sunscreen-cream-for-dry-skin-25316,خیلی کرم خوبیه اما گرونه دیگه نمیتونم تهیه کنم لطفا تخفیف بیشتری بذارین.,0,true,2026-08-11T12:43:37.8669469+03:30,مثبت,0.67,قیمت | محصول,قیمت
کرم ضد آفتاب و ضد لک رنگی مدل SPF40 مناسب پوست نرمال و خشک حجم 40 میلی لیتر,https://www.khanoumi.com/products/lafarrerr-anti-spot-tinted-sunscreen-cream-for-dry-skin-25316,برای پوست روشن کدوم رنگش خوبه نه خیلی روشن باشه  شبیه روح شی نه خیلی تیره,0,false,2026-08-03T18:39:11.8363247+03:30,مثبت,0.79,محصول,محصول
کرم ضد آفتاب و ضد لک رنگی مدل SPF40 مناسب پوست نرمال و خشک حجم 40 میلی لیتر,https://www.khanoumi.com/products/lafarrerr-anti-spot-tinted-sunscreen-cream-for-dry-skin-25316,واقعا فوق العادس من پوستم گندمی و سفید هست و رنگ لایت و میخرم حتی چندین ساله برای مهمونی و مجالس هم کرم پودر و پنکک استفاده نمیکنم کاور عالی داره فقط خیلی گرون شده من از 500 تومن دارم میخرم تا همین اخرین بار 1 تومن خریدم واقعا الان گرون شده,0,true,2026-07-09T19:35:49.6039695+03:30,منفی,0.67,محصول | قیمت,محصول
کرم ضد آفتاب و ضد لک رنگی مدل SPF40 مناسب پوست نرمال و خشک حجم 40 میلی لیتر,https://www.khanoumi.com/products/lafarrerr-anti-spot-tinted-sunscreen-cream-for-dry-skin-25316,"راضی بودم 
پوشانندگی خوبی داره ولی من پوستم روشنه حتی رنگ لایت هم برا من کمی تیره هست 
بوی خوبی هم داره یکم بافت چربی داره ولی اگه با پودر فیکس بشه مشکلی ایجاد نمیکنه",0,true,2026-05-09T14:27:50.0247233+03:30,ترکیبی,0.87,محصول | اصل بودن کالا,محصول
کرم ضد آفتاب و ضد لک رنگی مدل SPF40 مناسب پوست نرمال و خشک حجم 40 میلی لیتر,https://www.khanoumi.com/products/lafarrerr-anti-spot-tinted-sunscreen-cream-for-dry-skin-25316,خیلی ضد آفتاب خوبیه ولی خیلی قیمتش بالاست لطفا ی تخفیف خوب بزارید که باز بتونیم تهیه کنیم,0,false,2026-05-09T01:26:44.0399248+03:30,مثبت,0.79,قیمت,قیمت
کرم ضد آفتاب و ضد لک رنگی مدل SPF40 مناسب پوست نرمال و خشک حجم 40 میلی لیتر,https://www.khanoumi.com/products/lafarrerr-anti-spot-tinted-sunscreen-cream-for-dry-skin-25316,من الان یکسال هست استفاده میکنم خیلی راضی هستم لطفاً تخفیف بیشتر بزاری قیمتش خیلی بالا رفته,0,true,2026-04-17T07:55:50.0375914+03:30,مثبت,0.67,قیمت,قیمت
کرم ضد آفتاب و ضد لک رنگی مدل SPF40 مناسب پوست نرمال و خشک حجم 40 میلی لیتر,https://www.khanoumi.com/products/lafarrerr-anti-spot-tinted-sunscreen-cream-for-dry-skin-25316,بسیار عالی و با کیفیت من همیشه استفاده میکنم عالیه فقط باید متناسب با پوستتون خرید کنید.,0,false,2026-03-20T19:42:23.4008418+03:30,مثبت,0.91,محصول,محصول
کرم ضد آفتاب و ضد لک رنگی مدل SPF40 مناسب پوست نرمال و خشک حجم 40 میلی لیتر,https://www.khanoumi.com/products/lafarrerr-anti-spot-tinted-sunscreen-cream-for-dry-skin-25316,اصلا خوب نیست اصلاااا سنگینه پوسته پوسته میشه پوست باهاش ...,0,false,2026-03-19T15:43:44.3343876+03:30,منفی,0.91,محصول | اصل بودن کالا,اصل بودن کالا
کرم ضد آفتاب و ضد لک رنگی مدل SPF40 مناسب پوست نرمال و خشک حجم 40 میلی لیتر,https://www.khanoumi.com/products/lafarrerr-anti-spot-tinted-sunscreen-cream-for-dry-skin-25316,من سالهاست مصرف میکنم ، اما خیلی گرون شده ، به عنوان محصول داخلی و‌حجمش خیلی گرون شده تقریبا داره دوبرابر میشه، دفعه دیگه ترجیح میدم دوبرابر هزینه کنم اما محصول وارداتی تهیه کنم.,0,false,2026-02-21T17:32:53.8948981+03:30,خنثی,0.35,محصول | قیمت,محصول
کرم ضد آفتاب و ضد لک رنگی مدل SPF40 مناسب پوست نرمال و خشک حجم 40 میلی لیتر,https://www.khanoumi.com/products/lafarrerr-anti-spot-tinted-sunscreen-cream-for-dry-skin-25316,پوست رو به شدت خشک میکنه بااینکه من پوستم چربه خوب نیست,0,false,2026-02-07T22:40:28.2292549+03:30,منفی,0.67,محصول,محصول
کرم ضد آفتاب و ضد لک رنگی مدل SPF40 مناسب پوست نرمال و خشک حجم 40 میلی لیتر,https://www.khanoumi.com/products/lafarrerr-anti-spot-tinted-sunscreen-cream-for-dry-skin-25316,بی نظیر,0,true,2026-01-15T22:48:29.7575478+03:30,خنثی,0.35,سایر,سایر
کرم ضد آفتاب و ضد لک رنگی مدل SPF40 مناسب پوست نرمال و خشک حجم 40 میلی لیتر,https://www.khanoumi.com/products/lafarrerr-anti-spot-tinted-sunscreen-cream-for-dry-skin-25316,من گرفتم عالی بود خیلی راضی بودم مجددا سفارش دادم,0,true,2025-11-14T13:57:11.1469625+03:30,مثبت,0.91,محصول,محصول
کرم ضد آفتاب و ضد لک رنگی مدل SPF40 مناسب پوست نرمال و خشک حجم 40 میلی لیتر,https://www.khanoumi.com/products/lafarrerr-anti-spot-tinted-sunscreen-cream-for-dry-skin-25316,من گرفتم و افتضاح بود.حیف اینهمه پول که رفت پاش.نگیرید اصلا به درد نمیخوره,0,false,2025-11-01T08:32:16.8423106+03:30,منفی,0.79,محصول | اصل بودن کالا,اصل بودن کالا
کرم ضد آفتاب و ضد لک رنگی مدل SPF40 مناسب پوست نرمال و خشک حجم 40 میلی لیتر,https://www.khanoumi.com/products/lafarrerr-anti-spot-tinted-sunscreen-cream-for-dry-skin-25316,لافارر چی تو خودت دیدی که اینقدر همه چیز رو گرون کردی؟؟؟بابا ما داریم محصول ای انی می خریم که هم به نفعمون باشه هم حمایت کنیم,0,false,2025-09-08T02:04:47.3889124+03:30,خنثی,0.35,محصول | قیمت,محصول
کرم ضد آفتاب و ضد لک رنگی مدل SPF40 مناسب پوست نرمال و خشک حجم 40 میلی لیتر,https://www.khanoumi.com/products/lafarrerr-anti-spot-tinted-sunscreen-cream-for-dry-skin-25316,من نمیدونم چی شده انقدر یهو گرون شده ولی ضد افتاب خوبی بود برای پوست من که نرماله یکم خشک بود,0,true,2025-08-28T13:16:54.9255999+00:00,مثبت,0.67,محصول | قیمت,محصول
کرم ضد آفتاب و ضد لک رنگی مدل SPF40 مناسب پوست نرمال و خشک حجم 40 میلی لیتر,https://www.khanoumi.com/products/lafarrerr-anti-spot-tinted-sunscreen-cream-for-dry-skin-25316,تا جاییکه میدونم لافارر برند خوبیه ولی این کرم اصلا خوب نیست. پوست رو کاملا خشک میکنه، حتی دادم چند نفر تست کردن اصلا خوب نیست. انگار ماست خشک مالیدی به صورت,0,false,2025-08-13T22:30:27.039836+00:00,منفی,0.91,محصول | اصل بودن کالا,اصل بودن کالا
کرم ضد آفتاب و ضد لک رنگی مدل SPF40 مناسب پوست نرمال و خشک حجم 40 میلی لیتر,https://www.khanoumi.com/products/lafarrerr-anti-spot-tinted-sunscreen-cream-for-dry-skin-25316,پوست من سفید روشن هست و مناسبترین رنگ در کل ضدآفتاب های ایرانی دار همه برای من تیره هستن رنگ لایت عالیه،قوام کرم پودری دار نمیماسه و سنگین نیست و بعد 5 6 ساعت یکم روی بینی چرب میشه خیلی گرون شده به 1 میلیون نمیارزه ولی در تخفیف خوبه.در کل راضی هستم جای لک و جوش م میپوشونه,0,false,2025-07-30T08:41:45.9339739+00:00,مثبت,0.95,محصول | قیمت,محصول
کرم ضد آفتاب و ضد لک رنگی مدل SPF40 مناسب پوست نرمال و خشک حجم 40 میلی لیتر,https://www.khanoumi.com/products/lafarrerr-anti-spot-tinted-sunscreen-cream-for-dry-skin-25316,من برام جای تعجب داره چرا این برند اینقدر گرونه،خیلی هم معمولیه تو برند های ایرانی تازه کم حجم نصف کرمهاش هوای تا میزنی تموم میشه اگه قرار باشه یک میلیون خورده ایی به یه کرم ضد آفتاب معمولی که نصف حجمش هوای بدم میرم از بقیه برندهای خوب ایرانی مثلاً کرم پودرفلوئیدی کالیستا رو میخرم تازه با این پول دوتا میخرم یا میرم یه کرم پودر خارجی میخرم دلیل نمیشه ما برند خارجی نمیخریم تا برندهای خوب خودمون رو حمایت کنیم تا رونق بدیم به اقتصاد خودمون اینجوری گرون فروشی کنن،این جوری که برند لافارر قیمت رو محصولاتش می‌ذاره خودشو با لانکوم،کلینیک مقایسه می‌کنه ،کاشکی کیفیتم مقایسه میکردن بد نبود,0,false,2025-07-28T21:18:01.2548788+00:00,ترکیبی,0.79,محصول | قیمت,محصول
کرم ضد آفتاب و ضد لک رنگی مدل SPF40 مناسب پوست نرمال و خشک حجم 40 میلی لیتر,https://www.khanoumi.com/products/lafarrerr-anti-spot-tinted-sunscreen-cream-for-dry-skin-25316,لافارا تمام محصولاتش خوبه به غیر از این کرم افتضاحه نخرید,0,false,2025-07-20T09:36:21.8407034+00:00,ترکیبی,0.74,محصول,محصول
کرم ضد آفتاب و ضد لک رنگی مدل SPF40 مناسب پوست نرمال و خشک حجم 40 میلی لیتر,https://www.khanoumi.com/products/lafarrerr-anti-spot-tinted-sunscreen-cream-for-dry-skin-25316,انقدر روشنه رنگش که اصلا نمیشه زد رو صورت  اندازه یه عدس بزنی رو پوست شبیه لامپ مهتابی میشی .با طیف رنگی که تو سایت گذاشته خیلی فرق داره,0,true,2025-07-10T04:37:40.8236783+00:00,منفی,0.67,محصول | اصل بودن کالا,اصل بودن کالا
کرم ضد آفتاب و ضد لک رنگی مدل SPF40 مناسب پوست نرمال و خشک حجم 40 میلی لیتر,https://www.khanoumi.com/products/lafarrerr-anti-spot-tinted-sunscreen-cream-for-dry-skin-25316,برای پوست خشک یا مختلط اصلا مناسب نیست و من رنگ روشنش رو خریدم حدود نیم نیم ساعت که رو صورت می مونه تیره میشه و رو پوست میماسه,0,false,2025-06-29T07:34:44.6518993+00:00,منفی,0.67,محصول | اصل بودن کالا,اصل بودن کالا
کرم ضد آفتاب و ضد لک رنگی مدل SPF40 مناسب پوست نرمال و خشک حجم 40 میلی لیتر,https://www.khanoumi.com/products/lafarrerr-anti-spot-tinted-sunscreen-cream-for-dry-skin-25316,واااای منم خریدم افتضاحه... فقط پوست صورت رو دون دون میکنه,0,false,2025-06-12T05:51:34.4247251+00:00,منفی,0.67,محصول,محصول
کرم ضد آفتاب و ضد لک رنگی مدل SPF40 مناسب پوست نرمال و خشک حجم 40 میلی لیتر,https://www.khanoumi.com/products/lafarrerr-anti-spot-tinted-sunscreen-cream-for-dry-skin-25316,اگر مشکلات پوستی خودتون بدونید وبعد نسبت به پوستتون خرید کنید به این مشکلات نمیخورید دو سال این کرم استفاده میکنم از همه بابت عالی هست پوشش عالی رنگ عالی طبیعی واقعا نیاز به کرم ارایشی نیست من لک اوردم نه جوش زدم چون اصلا زد جوش هست,0,false,2025-06-09T20:54:37.487438+00:00,مثبت,0.91,محصول | اصل بودن کالا,محصول
کرم ضد آفتاب و ضد لک رنگی مدل SPF40 مناسب پوست نرمال و خشک حجم 40 میلی لیتر,https://www.khanoumi.com/products/lafarrerr-anti-spot-tinted-sunscreen-cream-for-dry-skin-25316,آشغال به معنای واقعی دلیل لک صورت و جوش,0,true,2025-05-30T17:24:34.5661159+00:00,خنثی,0.35,سایر,سایر
کرم ضد آفتاب و ضد لک رنگی مدل SPF40 مناسب پوست نرمال و خشک حجم 40 میلی لیتر,https://www.khanoumi.com/products/lafarrerr-anti-spot-tinted-sunscreen-cream-for-dry-skin-25316,اصلا اصلا بااین قیمتا نخرید،تو رنج کیفیتش تا300یا400 می ارزه,0,false,2025-05-26T22:39:20.7626373+00:00,مثبت,0.79,اصل بودن کالا | محصول | قیمت,اصل بودن کالا
کرم ضد آفتاب و ضد لک رنگی مدل SPF40 مناسب پوست نرمال و خشک حجم 40 میلی لیتر,https://www.khanoumi.com/products/lafarrerr-anti-spot-tinted-sunscreen-cream-for-dry-skin-25316,بدترین و افتضاح تربن ضد آفتابی که میتونید داشته باشید,0,false,2025-05-19T06:24:04.0897215+00:00,منفی,0.91,سایر,سایر
کرم ضد آفتاب و ضد لک رنگی مدل SPF40 مناسب پوست نرمال و خشک حجم 40 میلی لیتر,https://www.khanoumi.com/products/lafarrerr-anti-spot-tinted-sunscreen-cream-for-dry-skin-25316,"بعد دوسال استفاده فهمیدم دلیل جوش زدن هامه
.خیلیی کرم سنگینه ولی پوشش و محافظت خوبی داره",0,true,2025-05-17T14:01:22.7840216+00:00,مثبت,0.67,محصول,محصول
کرم ضد آفتاب و ضد لک رنگی مدل SPF40 مناسب پوست نرمال و خشک حجم 40 میلی لیتر,https://www.khanoumi.com/products/lafarrerr-anti-spot-tinted-sunscreen-cream-for-dry-skin-25316,افتضاح پوشت خیلی خشک میکنه قبلش آبرسان بزنی هم خشک مفتم نمی ارزه,0,true,2025-05-13T18:16:54.0788077+00:00,منفی,0.67,سایر,سایر
کرم ضد آفتاب و ضد لک رنگی مدل SPF40 مناسب پوست نرمال و خشک حجم 40 میلی لیتر,https://www.khanoumi.com/products/lafarrerr-anti-spot-tinted-sunscreen-cream-for-dry-skin-25316,اصلا تخفیف 50 یا 70 درصدی شامل محصولاتی که خریدار داره نمیشه چرا؟ این محصول خوبه البته اگه زیرش یه آبرسان و یا یک ضدآفتاب سبک دیگه استفاده بشه وگرنه خودش به تنهایی بشدت پوستو خشک می‌کنه بنابراین با این قیمت نمیصرفه,0,true,2025-05-11T07:31:32.2127372+00:00,مثبت,0.91,محصول | قیمت | اصل بودن کالا,محصول
کرم ضد آفتاب و ضد لک رنگی مدل SPF40 مناسب پوست نرمال و خشک حجم 40 میلی لیتر,https://www.khanoumi.com/products/lafarrerr-anti-spot-tinted-sunscreen-cream-for-dry-skin-25316,بنظرم بدرد نمیخوره رو پوست نمی نشینه برای من که خوب نبود,0,true,2025-05-10T12:37:16.6156535+00:00,مثبت,0.67,محصول,محصول
کرم ضد آفتاب و ضد لک رنگی مدل SPF40 مناسب پوست نرمال و خشک حجم 40 میلی لیتر,https://www.khanoumi.com/products/lafarrerr-anti-spot-tinted-sunscreen-cream-for-dry-skin-25316,دو ساله استفاده میکنم نمیماسه و کاورش عالیه اما هم جوش زدم هم اینکه روی پوست خشک بدون آبرسان نمی‌شینه,0,true,2025-04-26T09:53:48.0708121+00:00,ترکیبی,0.79,محصول,محصول
کرم ضد آفتاب و ضد لک رنگی مدل SPF40 مناسب پوست نرمال و خشک حجم 40 میلی لیتر,https://www.khanoumi.com/products/lafarrerr-anti-spot-tinted-sunscreen-cream-for-dry-skin-25316,اصلا خوب نیست خیلی سنگینه پوست را خیلی بدرنگ میکنه پیشنهاد نمیکنم,0,false,2025-04-17T17:51:33.5232994+00:00,منفی,0.95,محصول | اصل بودن کالا,اصل بودن کالا
کرم ضد آفتاب و ضد لک رنگی مدل SPF40 مناسب پوست نرمال و خشک حجم 40 میلی لیتر,https://www.khanoumi.com/products/lafarrerr-anti-spot-tinted-sunscreen-cream-for-dry-skin-25316,لافارر ثابت شده ست,0,true,2025-04-06T15:44:57.8301964+00:00,خنثی,0.35,سایر,سایر
کرم ضد آفتاب و ضد لک رنگی مدل SPF40 مناسب پوست نرمال و خشک حجم 40 میلی لیتر,https://www.khanoumi.com/products/lafarrerr-anti-spot-tinted-sunscreen-cream-for-dry-skin-25316,این محصول رو واسه مامانم میخرم. پوستش بسیار خشکه. این ضدافتاب رنگی روتین هر روزشه و خیلی راضیه,0,true,2025-03-09T08:28:28.4598374+00:00,مثبت,0.67,محصول,محصول
کرم ضد آفتاب و ضد لک رنگی مدل SPF40 مناسب پوست نرمال و خشک حجم 40 میلی لیتر,https://www.khanoumi.com/products/lafarrerr-anti-spot-tinted-sunscreen-cream-for-dry-skin-25316,با اینکه مال پوست خشک هست با وجود اینکه زیرش مرطوب کننده میزنم پوست را خیلی خشک میکنه اصلا روی صورت نمیخوابه خیلی چروک ها را کلاغی میکنه. اصلا راضی نیستم. پولمو ریختم سطل آشغال,0,false,2025-02-23T12:27:08.0426342+00:00,منفی,0.67,محصول | اصل بودن کالا,اصل بودن کالا
کرم ضد آفتاب و ضد لک رنگی مدل SPF40 مناسب پوست نرمال و خشک حجم 40 میلی لیتر,https://www.khanoumi.com/products/lafarrerr-anti-spot-tinted-sunscreen-cream-for-dry-skin-25316,لطفا رنگ شماره یک رو موجودددد کنیددد,0,true,2025-02-13T10:20:31.7105976+00:00,خنثی,0.35,محصول,محصول
کرم ضد آفتاب و ضد لک رنگی مدل SPF40 مناسب پوست نرمال و خشک حجم 40 میلی لیتر,https://www.khanoumi.com/products/lafarrerr-anti-spot-tinted-sunscreen-cream-for-dry-skin-25316,لطفا ضد آفتاب رنگی لافارر مدیوم رادوباره شارژ کنید,0,false,2025-02-03T15:02:11.8014022+00:00,خنثی,0.35,محصول,محصول
کرم ضد آفتاب و ضد لک رنگی مدل SPF40 مناسب پوست نرمال و خشک حجم 40 میلی لیتر,https://www.khanoumi.com/products/lafarrerr-anti-spot-tinted-sunscreen-cream-for-dry-skin-25316,لطفا کرم لافارر مناسب پوست خشک و نرمال رنگ مدیوم رو شارژ کنید خیلی وقته منتظرم,0,true,2025-01-30T04:00:00.2930133+00:00,خنثی,0.35,محصول,محصول
کرم ضد آفتاب و ضد لک رنگی مدل SPF40 مناسب پوست نرمال و خشک حجم 40 میلی لیتر,https://www.khanoumi.com/products/lafarrerr-anti-spot-tinted-sunscreen-cream-for-dry-skin-25316,چرا رنگ متوسط موجود نمیشه میخوام ثبت سفارش بزنم,0,false,2025-01-27T12:18:35.0162528+00:00,خنثی,0.35,محصول,محصول
کرم ضد آفتاب و ضد لک رنگی مدل SPF40 مناسب پوست نرمال و خشک حجم 40 میلی لیتر,https://www.khanoumi.com/products/lafarrerr-anti-spot-tinted-sunscreen-cream-for-dry-skin-25316,لطفا رنگ روشن رو دوباره شارژ کنید,0,true,2025-01-22T04:01:56.3585678+00:00,خنثی,0.35,محصول,محصول
کرم ضد آفتاب و ضد لک رنگی مدل SPF40 مناسب پوست نرمال و خشک حجم 40 میلی لیتر,https://www.khanoumi.com/products/lafarrerr-anti-spot-tinted-sunscreen-cream-for-dry-skin-25316,لطفا نرمال و خشک رنگ روشن رو شارژ کنید من منتظ خریدم,0,true,2025-01-21T11:30:12.6473627+00:00,خنثی,0.35,محصول,محصول
کرم ضد آفتاب و ضد لک رنگی مدل SPF40 مناسب پوست نرمال و خشک حجم 40 میلی لیتر,https://www.khanoumi.com/products/lafarrerr-anti-spot-tinted-sunscreen-cream-for-dry-skin-25316,لطفا مخصوص پوست نرمال و خشک رنگ روشن یا طبیعی را شارژ کنید من میخوام ثبت سفارش کنم منتظر این محصول هستم.,0,false,2025-01-07T07:38:20.3882582+00:00,خنثی,0.35,محصول,محصول
کرم ضد آفتاب و ضد لک رنگی مدل SPF40 مناسب پوست نرمال و خشک حجم 40 میلی لیتر,https://www.khanoumi.com/products/lafarrerr-anti-spot-tinted-sunscreen-cream-for-dry-skin-25316,عالیه خیلی با پوست من سازگاره تخفیف بیشتر بزارید خرید کنم دوباره,0,true,2025-01-02T10:34:40.7551195+00:00,مثبت,0.79,محصول | قیمت,محصول
کرم ضد آفتاب و ضد لک رنگی مدل SPF40 مناسب پوست نرمال و خشک حجم 40 میلی لیتر,https://www.khanoumi.com/products/lafarrerr-anti-spot-tinted-sunscreen-cream-for-dry-skin-25316,چرا مدیوم پوست چرب رو تخفیف نمیزارین واسش؟,0,false,2024-12-30T16:07:52.4434449+00:00,خنثی,0.35,محصول | قیمت,محصول
کرم ضد آفتاب و ضد لک رنگی مدل SPF40 مناسب پوست نرمال و خشک حجم 40 میلی لیتر,https://www.khanoumi.com/products/lafarrerr-anti-spot-tinted-sunscreen-cream-for-dry-skin-25316,لطفاً دوباره شارژ کنید رنگ روشن رو,0,true,2024-11-28T09:08:25.2437999+00:00,خنثی,0.35,محصول,محصول
کرم ضد آفتاب و ضد لک رنگی مدل SPF40 مناسب پوست نرمال و خشک حجم 40 میلی لیتر,https://www.khanoumi.com/products/lafarrerr-anti-spot-tinted-sunscreen-cream-for-dry-skin-25316,لطفا برای پوست خشک را موجود کنید رنگ طبیعی,0,true,2024-11-27T08:47:16.4350966+00:00,خنثی,0.35,محصول,محصول
کرم ضد آفتاب و ضد لک رنگی مدل SPF40 مناسب پوست نرمال و خشک حجم 40 میلی لیتر,https://www.khanoumi.com/products/lafarrerr-anti-spot-tinted-sunscreen-cream-for-dry-skin-25316,این ضدآفتاب صورت را خیلی خشک میکنه حتما باید زیرش مرطوب کننده بزنی با اینحال بازم پوست را خشک میکنه اصلا رطوبت نداره خیلی سنگینه و رو پوست نمیخوابه. چین و چروکهای پوست را بیشتر نشون میده. اصلا دوستش نداشتم,0,true,2024-11-22T08:28:32.6479992+00:00,مثبت,0.79,محصول | اصل بودن کالا,محصول
کرم ضد آفتاب و ضد لک رنگی مدل SPF40 مناسب پوست نرمال و خشک حجم 40 میلی لیتر,https://www.khanoumi.com/products/lafarrerr-anti-spot-tinted-sunscreen-cream-for-dry-skin-25316,عالیه لطفاموجودکنین,0,true,2024-11-11T09:15:07.1819663+00:00,مثبت,0.79,محصول,محصول
کرم ضد آفتاب و ضد لک رنگی مدل SPF40 مناسب پوست نرمال و خشک حجم 40 میلی لیتر,https://www.khanoumi.com/products/lafarrerr-anti-spot-tinted-sunscreen-cream-for-dry-skin-25316,چرا شارژ نمیکنین؟,0,true,2024-11-02T21:58:59.4668469+00:00,خنثی,0.35,سایر,سایر
کرم ضد آفتاب و ضد لک رنگی مدل SPF40 مناسب پوست نرمال و خشک حجم 40 میلی لیتر,https://www.khanoumi.com/products/lafarrerr-anti-spot-tinted-sunscreen-cream-for-dry-skin-25316,سلام ضمن تشکر از شما، لطفا موجودش کنین,0,false,2024-10-31T21:03:30.5433688+00:00,خنثی,0.35,محصول,محصول
کرم ضد آفتاب و ضد لک رنگی مدل SPF40 مناسب پوست نرمال و خشک حجم 40 میلی لیتر,https://www.khanoumi.com/products/lafarrerr-anti-spot-tinted-sunscreen-cream-for-dry-skin-25316,من خریداری کردم رنگ شماره 2خیلی خوب بود. لطفا موجود کنید,0,false,2024-10-31T09:38:13.9470077+00:00,مثبت,0.91,محصول,محصول
کرم ضد آفتاب و ضد لک رنگی مدل SPF40 مناسب پوست نرمال و خشک حجم 40 میلی لیتر,https://www.khanoumi.com/products/lafarrerr-anti-spot-tinted-sunscreen-cream-for-dry-skin-25316,لطفاً موجود کنین,0,true,2024-10-24T07:33:10.4426199+00:00,خنثی,0.35,محصول,محصول
کرم ضد آفتاب و ضد لک رنگی مدل SPF40 مناسب پوست نرمال و خشک حجم 40 میلی لیتر,https://www.khanoumi.com/products/lafarrerr-anti-spot-tinted-sunscreen-cream-for-dry-skin-25316,سلام من مناسب پوست چرب گرفتم خیلی راضیم خیلی خوب رو پوستم میشینه و زمان که میگذره بهترم میشه خیلی راضیم تو آف 40 درصد هم گرفتمش,0,true,2024-10-21T13:49:19.4822514+00:00,مثبت,0.95,محصول,محصول
کرم ضد آفتاب و ضد لک رنگی مدل SPF40 مناسب پوست نرمال و خشک حجم 40 میلی لیتر,https://www.khanoumi.com/products/lafarrerr-anti-spot-tinted-sunscreen-cream-for-dry-skin-25316,خیلی غلیظه بافتش رو پوست میماسه,0,false,2024-10-13T11:09:25.1669144+00:00,خنثی,0.35,محصول,محصول
کرم ضد آفتاب و ضد لک رنگی مدل SPF40 مناسب پوست نرمال و خشک حجم 40 میلی لیتر,https://www.khanoumi.com/products/lafarrerr-anti-spot-tinted-sunscreen-cream-for-dry-skin-25316,رنگ روشنش خیلیییییی روشنه. اگه در حالت عادی از هر کرمی شماره یک رو سفارش میدین بازم پیشنهاد میکنم که روشن اینو سفارش ندین چون مثل ماست میشید.کیفیتشم معمولیه.,0,true,2024-10-10T20:11:36.6042781+00:00,مثبت,0.79,محصول,محصول
کرم ضد آفتاب و ضد لک رنگی مدل SPF40 مناسب پوست نرمال و خشک حجم 40 میلی لیتر,https://www.khanoumi.com/products/lafarrerr-anti-spot-tinted-sunscreen-cream-for-dry-skin-25316,تو رو حضرت عباس تخفیف 50 درصد بزارین,0,false,2024-10-10T15:10:32.3318407+00:00,خنثی,0.35,قیمت,قیمت
کرم ضد آفتاب و ضد لک رنگی مدل SPF40 مناسب پوست نرمال و خشک حجم 40 میلی لیتر,https://www.khanoumi.com/products/lafarrerr-anti-spot-tinted-sunscreen-cream-for-dry-skin-25316,خیلی پوست رو خشک میکنه حتی قبلش ابرسان کلینیک میزنم باز تمام پوست کشیده میشه رنگش هم یه مدت بعدنیم ساعت اینا.تغییر رنگ میده ناراضی بودم کلا,0,true,2024-10-08T07:53:39.6099759+00:00,ترکیبی,0.66,محصول,محصول
کرم ضد آفتاب و ضد لک رنگی مدل SPF40 مناسب پوست نرمال و خشک حجم 40 میلی لیتر,https://www.khanoumi.com/products/lafarrerr-anti-spot-tinted-sunscreen-cream-for-dry-skin-25316,"من رنگ روشنش رو گرفتم ولی رنگ طبیعی نداره و خیلی خیلی روشنه 
برای پوست نرمال و خشک بود ولی انقدر خودش خشکه که اصلا روی پوست نمیشینه
در کل راضی نبودم",0,true,2024-09-29T09:37:59+00:00,خنثی,0.35,محصول | اصل بودن کالا,محصول
کرم ضد آفتاب و ضد لک رنگی مدل SPF40 مناسب پوست نرمال و خشک حجم 40 میلی لیتر,https://www.khanoumi.com/products/lafarrerr-anti-spot-tinted-sunscreen-cream-for-dry-skin-25316,من کرم مناسب پوست چرب گرفتم،ولی اصلا روی پوستم خوب نمیشینه و بعد از یک ساعت اطراف چانه و لبهام خط میندازه،روی تیوپ نوشته ضد لک ولی بااینکه 8ماهی هست که استفاده میکنم تغییری ندیدم,0,false,2024-09-28T14:37:03+00:00,خنثی,0.35,محصول | اصل بودن کالا,محصول
کرم ضد آفتاب و ضد لک رنگی مدل SPF40 مناسب پوست نرمال و خشک حجم 40 میلی لیتر,https://www.khanoumi.com/products/lafarrerr-anti-spot-tinted-sunscreen-cream-for-dry-skin-25316,"سلام من طبق نظرات و تعریفایی که از لافار نوشته بودن خریدم اما واقعا راضی نبودم. با اینکه برای پوست خشک هست اما خیلی خشکه و خوب پخش نمیشه با اینکه حتما زیرش مرطوب کننده و ابرسان میزدم. گفتم بنویسم که اگه خیلی یکی مثل من مجذوب نظرات مثبت شده وقتی رسید دستش خیلی توی ذوقش نخوره
بابت میزان محافظتش واقعا اطلاعاتی ندارم",0,false,2024-09-17T18:30:35+00:00,منفی,0.79,محصول | تحویل و ارسال,محصول
کرم ضد آفتاب و ضد لک رنگی مدل SPF40 مناسب پوست نرمال و خشک حجم 40 میلی لیتر,https://www.khanoumi.com/products/lafarrerr-anti-spot-tinted-sunscreen-cream-for-dry-skin-25316,خوبه ,0,true,2024-09-13T13:39:52+00:00,مثبت,0.79,سایر,سایر
کرم ضد آفتاب و ضد لک رنگی مدل SPF40 مناسب پوست نرمال و خشک حجم 40 میلی لیتر,https://www.khanoumi.com/products/lafarrerr-anti-spot-tinted-sunscreen-cream-for-dry-skin-25316,پوستم چرب از رنگ روشن پوست خشک استفاده میکنم فقط قبلش باید نرم کننده بزنیم راضیم ازش ,0,true,2024-09-09T18:25:52+00:00,مثبت,0.79,محصول,محصول
کرم ضد آفتاب و ضد لک رنگی مدل SPF40 مناسب پوست نرمال و خشک حجم 40 میلی لیتر,https://www.khanoumi.com/products/lafarrerr-anti-spot-tinted-sunscreen-cream-for-dry-skin-25316,پوستم خشکه و خیلی خوب رو پوست میشینه ,0,false,2024-09-09T16:41:25+00:00,مثبت,0.79,محصول,محصول
کرم ضد آفتاب و ضد لک رنگی مدل SPF40 مناسب پوست نرمال و خشک حجم 40 میلی لیتر,https://www.khanoumi.com/products/lafarrerr-anti-spot-tinted-sunscreen-cream-for-dry-skin-25316,هم خیلی سنگینه، هم روی پوست نمیشینه، پوست من چربه و وقتی اینو زدم صورتم پر از جوش شد!,0,false,2024-09-08T16:52:05+00:00,خنثی,0.35,محصول,محصول
کرم ضد آفتاب و ضد لک رنگی مدل SPF40 مناسب پوست نرمال و خشک حجم 40 میلی لیتر,https://www.khanoumi.com/products/lafarrerr-anti-spot-tinted-sunscreen-cream-for-dry-skin-25316,"راضی بودم پوشانندگی خوبی داره و پوستو چرب نمیکنه 
پوستم روشنه رنگ متوسطش برای پوستم مناسب بود",0,true,2024-09-08T15:22:10+00:00,مثبت,0.79,محصول,محصول
کرم ضد آفتاب و ضد لک رنگی مدل SPF40 مناسب پوست نرمال و خشک حجم 40 میلی لیتر,https://www.khanoumi.com/products/lafarrerr-anti-spot-tinted-sunscreen-cream-for-dry-skin-25316,عالیه. پوشش دهی خیلی خوبی داره. روی پوست میشینه.,0,true,2024-09-08T15:04:29+00:00,مثبت,0.95,محصول,محصول
کرم ضد آفتاب و ضد لک رنگی مدل SPF40 مناسب پوست نرمال و خشک حجم 40 میلی لیتر,https://www.khanoumi.com/products/lafarrerr-anti-spot-tinted-sunscreen-cream-for-dry-skin-25316,من مدیوم رو خریدم به نظرم سنگینه خوب روی پوست پخش نمیشه نمره 6 از 10,0,true,2024-09-06T13:37:32+00:00,مثبت,0.67,محصول,محصول
کرم ضد آفتاب و ضد لک رنگی مدل SPF40 مناسب پوست نرمال و خشک حجم 40 میلی لیتر,https://www.khanoumi.com/products/lafarrerr-anti-spot-tinted-sunscreen-cream-for-dry-skin-25316,پوشش دهی خوبی نداره و نصب به قیمتش خیلی کوچیکه,0,true,2024-08-31T16:06:08+00:00,منفی,0.67,محصول | قیمت,محصول
کرم ضد آفتاب و ضد لک رنگی مدل SPF40 مناسب پوست نرمال و خشک حجم 40 میلی لیتر,https://www.khanoumi.com/products/lafarrerr-anti-spot-tinted-sunscreen-cream-for-dry-skin-25316,خیلی سفید میکنه حتی متوسطش لک نمیپوشونه اصلا توصیه نمیشه ,0,true,2024-08-23T23:48:18+00:00,منفی,0.79,اصل بودن کالا,اصل بودن کالا
کرم ضد آفتاب و ضد لک رنگی مدل SPF40 مناسب پوست نرمال و خشک حجم 40 میلی لیتر,https://www.khanoumi.com/products/lafarrerr-anti-spot-tinted-sunscreen-cream-for-dry-skin-25316,لطفا دوباره تخفیف 40 به بالا برای ضدآفتاب رنگی مناسب پوست نرمال و خشک بزارید ممنون,0,true,2024-07-22T19:25:46+00:00,مثبت,0.67,محصول | قیمت,محصول
کرم ضد آفتاب و ضد لک رنگی مدل SPF40 مناسب پوست نرمال و خشک حجم 40 میلی لیتر,https://www.khanoumi.com/products/lafarrerr-anti-spot-tinted-sunscreen-cream-for-dry-skin-25316,خوب بود سبکه پوشانندگی خوبی داشت ولی مدیومشم خیلی روشن میکنه,0,false,2024-07-10T08:53:16+00:00,مثبت,0.91,محصول,محصول
کرم ضد آفتاب و ضد لک رنگی مدل SPF40 مناسب پوست نرمال و خشک حجم 40 میلی لیتر,https://www.khanoumi.com/products/lafarrerr-anti-spot-tinted-sunscreen-cream-for-dry-skin-25316,من پوستم روشنه ..رنگ مدیوم گرفتم ....عالی بود ,0,true,2024-07-01T22:00:27+00:00,مثبت,0.79,محصول,محصول
کرم ضد آفتاب و ضد لک رنگی مدل SPF40 مناسب پوست نرمال و خشک حجم 40 میلی لیتر,https://www.khanoumi.com/products/lafarrerr-anti-spot-tinted-sunscreen-cream-for-dry-skin-25316,من پوستم روشنه؛ لایتشو گرفتم خیلی بازم سفید میکنه، بافتشم جالب نیست خشکه. در کل توصیه نمیشه نسبت به قیمتش,0,true,2024-06-12T13:05:22+00:00,منفی,0.67,محصول | قیمت,محصول
کرم ضد آفتاب و ضد لک رنگی مدل SPF40 مناسب پوست نرمال و خشک حجم 40 میلی لیتر,https://www.khanoumi.com/products/lafarrerr-anti-spot-tinted-sunscreen-cream-for-dry-skin-25316,فوووووق العاده بود . پوشانندگی بالا و بسیار سبک و بشششدت خوشبو ,0,true,2024-06-09T15:41:36+00:00,خنثی,0.35,محصول,محصول
کرم ضد آفتاب و ضد لک رنگی مدل SPF40 مناسب پوست نرمال و خشک حجم 40 میلی لیتر,https://www.khanoumi.com/products/lafarrerr-anti-spot-tinted-sunscreen-cream-for-dry-skin-25316,"بسیارعالی بود. جذبش عالیه، پوشش دهی عالی، مات جذاب
رنگ متوسطش روخریدم. کاملا طبیعی . ",0,true,2024-06-08T19:45:04+00:00,مثبت,0.95,محصول,محصول
کرم ضد آفتاب و ضد لک رنگی مدل SPF40 مناسب پوست نرمال و خشک حجم 40 میلی لیتر,https://www.khanoumi.com/products/lafarrerr-anti-spot-tinted-sunscreen-cream-for-dry-skin-25316,چرا قیمت رنگاش با هم فرق داره .قیمت یکسان بذارین,0,false,2024-06-03T12:07:06+00:00,خنثی,0.35,قیمت | محصول,قیمت
کرم ضد آفتاب و ضد لک رنگی مدل SPF40 مناسب پوست نرمال و خشک حجم 40 میلی لیتر,https://www.khanoumi.com/products/lafarrerr-anti-spot-tinted-sunscreen-cream-for-dry-skin-25316,من همیشه میگیرم عالیه یکم میزنی کامل پوشش میده اما این سری گرفتم نمیدونم چرا مدیومش خیلی بی رنگ بود قبلا اینجوری نبود,0,true,2024-05-31T09:05:47+00:00,مثبت,0.79,محصول,محصول
کرم ضد آفتاب و ضد لک رنگی مدل SPF40 مناسب پوست نرمال و خشک حجم 40 میلی لیتر,https://www.khanoumi.com/products/lafarrerr-anti-spot-tinted-sunscreen-cream-for-dry-skin-25316,لطفا تخفیف پنجاه به بالا بزارید ممنون,0,false,2024-05-13T23:01:17+00:00,مثبت,0.67,قیمت,قیمت
کرم ضد آفتاب و ضد لک رنگی مدل SPF40 مناسب پوست نرمال و خشک حجم 40 میلی لیتر,https://www.khanoumi.com/products/lafarrerr-anti-spot-tinted-sunscreen-cream-for-dry-skin-25316,"عالی 
لافارر بی نظیر",0,true,2024-05-13T21:25:59+00:00,مثبت,0.67,سایر,سایر
کرم ضد آفتاب و ضد لک رنگی مدل SPF40 مناسب پوست نرمال و خشک حجم 40 میلی لیتر,https://www.khanoumi.com/products/lafarrerr-anti-spot-tinted-sunscreen-cream-for-dry-skin-25316,عالی,0,true,2024-05-13T16:51:58+00:00,مثبت,0.67,سایر,سایر
کرم ضد آفتاب و ضد لک رنگی مدل SPF40 مناسب پوست نرمال و خشک حجم 40 میلی لیتر,https://www.khanoumi.com/products/lafarrerr-anti-spot-tinted-sunscreen-cream-for-dry-skin-25316,لطفا برای رنگ برنزش هم تخفیف 40 درصد به بالا بزارید بتونیم خریداری کنیم,0,false,2024-05-10T19:40:33+00:00,خنثی,0.35,محصول | قیمت,محصول
کرم ضد آفتاب و ضد لک رنگی مدل SPF40 مناسب پوست نرمال و خشک حجم 40 میلی لیتر,https://www.khanoumi.com/products/lafarrerr-anti-spot-tinted-sunscreen-cream-for-dry-skin-25316,"من از کاورش خوشم میاد 
خوب پخش میشه 
تنهامشکلش اینه که اکسید میشه .شماره 1 رو گرفتم باز یکم وقتی میمونه تیره میشه ",0,true,2024-05-07T03:05:34+00:00,مثبت,0.67,محصول,محصول
کرم ضد آفتاب و ضد لک رنگی مدل SPF40 مناسب پوست نرمال و خشک حجم 40 میلی لیتر,https://www.khanoumi.com/products/lafarrerr-anti-spot-tinted-sunscreen-cream-for-dry-skin-25316,پوشانندگی عالیییییی کاش زودتر خریده بودم,0,true,2024-04-27T18:59:09+00:00,مثبت,0.67,محصول,محصول
کرم ضد آفتاب و ضد لک رنگی مدل SPF40 مناسب پوست نرمال و خشک حجم 40 میلی لیتر,https://www.khanoumi.com/products/lafarrerr-anti-spot-tinted-sunscreen-cream-for-dry-skin-25316,لطفاً تخفیف 50 درصد بزارین ,0,true,2024-04-25T05:17:24+00:00,خنثی,0.35,قیمت,قیمت
کرم ضد آفتاب و ضد لک رنگی مدل SPF40 مناسب پوست نرمال و خشک حجم 40 میلی لیتر,https://www.khanoumi.com/products/lafarrerr-anti-spot-tinted-sunscreen-cream-for-dry-skin-25316,چرا قیمتش با مخصوص پوست چرب فرق داره. ب اندازه اون تخفیف بذارین,0,false,2024-04-24T17:48:20+00:00,خنثی,0.35,قیمت | محصول,قیمت
کرم ضد آفتاب و ضد لک رنگی مدل SPF40 مناسب پوست نرمال و خشک حجم 40 میلی لیتر,https://www.khanoumi.com/products/lafarrerr-anti-spot-tinted-sunscreen-cream-for-dry-skin-25316,من خیلی راضیم جذب پوست میشه و رو پوست میخوابه و پوست و صاف و روشن میکنه تو تخفیف 50 درصد گرفتم خدا رو شکر راضیم فقط باید قبلش مرطوب کننده بزنم ,0,true,2024-04-02T23:37:31+00:00,مثبت,0.95,محصول | قیمت,محصول
کرم ضد آفتاب و ضد لک رنگی مدل SPF40 مناسب پوست نرمال و خشک حجم 40 میلی لیتر,https://www.khanoumi.com/products/lafarrerr-anti-spot-tinted-sunscreen-cream-for-dry-skin-25316,امروز محصولاتی که سفارش داده بودم به دستم رسیدن از ضد آفتاب لافارر که استفاده کردم خیلی عالی بود، سرعت جذب بالایی داشت و منافذ باز پوستم رو عالی پوشش داد از رنگش هم کاملا راضی بودم، فقط یکمی پوست رو خشک می کنه که قبلش بهتره از مرطوب کننده استفاده بشه ,0,true,2024-03-31T13:43:59+00:00,مثبت,0.95,محصول | تحویل و ارسال,محصول
کرم ضد آفتاب و ضد لک رنگی مدل SPF40 مناسب پوست نرمال و خشک حجم 40 میلی لیتر,https://www.khanoumi.com/products/lafarrerr-anti-spot-tinted-sunscreen-cream-for-dry-skin-25316,این کرم واقعا فوق العادست. من رنگ پوستم گندمی رو به روشن هست لایتش رو سفارش دادم رنگش عالیه موندگاریش عالیه، پوشانندگیش عالیه، کلا همه جوره فوق العادست. فقط اینکه قیمتش بالاست من توی تخفیف بالا خریدم.,0,true,2024-03-22T00:22:17+00:00,مثبت,0.95,محصول | قیمت,محصول
کرم ضد آفتاب و ضد لک رنگی مدل SPF40 مناسب پوست نرمال و خشک حجم 40 میلی لیتر,https://www.khanoumi.com/products/lafarrerr-anti-spot-tinted-sunscreen-cream-for-dry-skin-25316,اگه پوستتون سفید نیست حتما تیره ترین رنگ رو بگیرین. من خیلی مدیوم گرفتم شبیه روح شدم. حتما هم قبلش باید مرطوب کننده بزنین,0,true,2024-03-06T10:08:33+00:00,خنثی,0.35,محصول,محصول
کرم ضد آفتاب و ضد لک رنگی مدل SPF40 مناسب پوست نرمال و خشک حجم 40 میلی لیتر,https://www.khanoumi.com/products/lafarrerr-anti-spot-tinted-sunscreen-cream-for-dry-skin-25316,کرم من به دستم رسیدواقعا کرمش عالیه با اینکه پوستم چربه نظرات رو خوندم همین مخصوص پوست معمولی رو سفارش دادم من که راضیم دلم میخواد یکی دیگه سفارش بدم همون چیزی بود که میخواستم توی تخفیف هم خریدم عالیه ,0,false,2024-03-05T09:04:47+00:00,ترکیبی,0.92,محصول | تحویل و ارسال | قیمت,محصول
کرم ضد آفتاب و ضد لک رنگی مدل SPF40 مناسب پوست نرمال و خشک حجم 40 میلی لیتر,https://www.khanoumi.com/products/lafarrerr-anti-spot-tinted-sunscreen-cream-for-dry-skin-25316,خوب نیست ,0,false,2024-03-03T13:33:36+00:00,منفی,0.67,سایر,سایر
کرم ضد آفتاب و ضد لک رنگی مدل SPF40 مناسب پوست نرمال و خشک حجم 40 میلی لیتر,https://www.khanoumi.com/products/lafarrerr-anti-spot-tinted-sunscreen-cream-for-dry-skin-25316,خریدش رو توصیه نمی کنم کیفیت رنگ خوبی نداشت با اینکه برای پوست خشک رو گرفتم اصلاً روی پوست خوب نمیشینه و رنگش هم بعد از مدتی کوتاه روی پوست خیلی کثیف و تیکه تیکه میشه ,0,true,2024-03-02T09:15:19+00:00,منفی,0.79,محصول | اصل بودن کالا,اصل بودن کالا
کرم ضد آفتاب و ضد لک رنگی مدل SPF40 مناسب پوست نرمال و خشک حجم 40 میلی لیتر,https://www.khanoumi.com/products/lafarrerr-anti-spot-tinted-sunscreen-cream-for-dry-skin-25316,"من هشتم ازتون خرید کردم الان صدتومن کمتر از دو روز پیش تخفیف گذاشتید....
کاش دیرتر میخریدم",0,false,2024-02-29T21:19:03+00:00,خنثی,0.35,قیمت,قیمت
کرم ضد آفتاب و ضد لک رنگی مدل SPF40 مناسب پوست نرمال و خشک حجم 40 میلی لیتر,https://www.khanoumi.com/products/lafarrerr-anti-spot-tinted-sunscreen-cream-for-dry-skin-25316,قبلا خیلی رنگش خوب بود روی پوست ولی متاسفانه اخرین باری که گرفتم خیلی روی پوست بدرنگ وکثیف بود,0,false,2024-02-28T12:35:58+00:00,ترکیبی,0.87,محصول,محصول
کرم ضد آفتاب و ضد لک رنگی مدل SPF40 مناسب پوست نرمال و خشک حجم 40 میلی لیتر,https://www.khanoumi.com/products/lafarrerr-anti-spot-tinted-sunscreen-cream-for-dry-skin-25316,خب باید بگم در مقایسه با فلویید پیکسل رنگی واقعا اینو بیشتر دوست داشتم پیکسل روی پوست اکسید میشه و بعد از چند ساعت تیکه تیکه میشه ولی این خیلی طبیعی تره و با تایم طولانی اکسید نمیشه ,0,true,2024-02-11T02:11:27+00:00,مثبت,0.67,محصول | تحویل و ارسال,محصول
کرم ضد آفتاب و ضد لک رنگی مدل SPF40 مناسب پوست نرمال و خشک حجم 40 میلی لیتر,https://www.khanoumi.com/products/lafarrerr-anti-spot-tinted-sunscreen-cream-for-dry-skin-25316,عالیه پیشنهاد میکنم. پوستم خشکه و سبزه، رنگ متوسطش رو گرفتم. ممنون از خانومی ,0,true,2024-02-07T08:35:31+00:00,مثبت,0.95,محصول,محصول
کرم ضد آفتاب و ضد لک رنگی مدل SPF40 مناسب پوست نرمال و خشک حجم 40 میلی لیتر,https://www.khanoumi.com/products/lafarrerr-anti-spot-tinted-sunscreen-cream-for-dry-skin-25316,"من پوستم خشکه ولی این کرم با اینکه مخصوص پوست های خشکه اصلا خوب ننشست رو پوستم
رنگ متوسط هم اصلا مناسب گندمی ها نیست 
گندمی ها حتما برنز بگیرن و اشتباه منو مرتکب نشن تا پشیمون نشن",0,false,2024-02-04T23:08:21+00:00,ترکیبی,0.87,محصول | اصل بودن کالا,محصول
کرم ضد آفتاب و ضد لک رنگی مدل SPF40 مناسب پوست نرمال و خشک حجم 40 میلی لیتر,https://www.khanoumi.com/products/lafarrerr-anti-spot-tinted-sunscreen-cream-for-dry-skin-25316,تو جشنواره فردا این محصول تخفیف داره؟,0,true,2024-02-02T13:39:00+00:00,خنثی,0.35,محصول | قیمت,محصول
ضد آفتاب و ضد لک SPF 30 بدون رنگ پوست چرب و آکنه دار,https://www.khanoumi.com/products/lafarrerr-anti-spot-spf30-sunscreen-cream-for-oily-and-acne-prone-skin-25317,بنظرم جزو بهترین ضدآفتاب هاست خیلی خوب روی پوست می شینه چربی نداره سریع جذب میشه فقط قیمتش یکم بالاست,0,true,2026-07-14T09:10:09.8753543+03:30,مثبت,0.91,محصول | قیمت,محصول
ضد آفتاب و ضد لک SPF 30 بدون رنگ پوست چرب و آکنه دار,https://www.khanoumi.com/products/lafarrerr-anti-spot-spf30-sunscreen-cream-for-oily-and-acne-prone-skin-25317,بار اول بی رنگ بود و به پوستم سازگار بود بار دوم که خریدم سفید بود حتی تا دوساعت بعدم سفید بود روپوستم افتضاح انداختم دور,0,true,2026-04-30T09:19:00.452735+03:30,منفی,0.67,محصول,محصول
ضد آفتاب و ضد لک SPF 30 بدون رنگ پوست چرب و آکنه دار,https://www.khanoumi.com/products/lafarrerr-anti-spot-spf30-sunscreen-cream-for-oily-and-acne-prone-skin-25317,تو خریدش شک نکن,0,true,2026-04-29T20:45:08.6464344+03:30,خنثی,0.35,سایر,سایر
ضد آفتاب و ضد لک SPF 30 بدون رنگ پوست چرب و آکنه دار,https://www.khanoumi.com/products/lafarrerr-anti-spot-spf30-sunscreen-cream-for-oily-and-acne-prone-skin-25317,به پوست من که چرب و پرتقالی بود نمیساخت و جوشای ریز میزدم,0,true,2026-04-28T17:20:12.6432145+03:30,خنثی,0.35,محصول,محصول
ضد آفتاب و ضد لک SPF 30 بدون رنگ پوست چرب و آکنه دار,https://www.khanoumi.com/products/lafarrerr-anti-spot-spf30-sunscreen-cream-for-oily-and-acne-prone-skin-25317,من الان چهار باره خریدم و واقعا راضی بودم ‌.,0,false,2026-04-24T00:04:43.4928242+03:30,مثبت,0.67,محصول,محصول
ضد آفتاب و ضد لک SPF 30 بدون رنگ پوست چرب و آکنه دار,https://www.khanoumi.com/products/lafarrerr-anti-spot-spf30-sunscreen-cream-for-oily-and-acne-prone-skin-25317,الان دیدم چند نفر دیگه هم گفتن انگار خاک‌ریزه داره قبلاً این طور نبود االان این طوریه واقعا نمی‌دونم بخرم یا نه. دوبار خریدم این طور بوده,0,true,2026-04-22T02:48:22.5523879+03:30,خنثی,0.35,محصول,محصول
ضد آفتاب و ضد لک SPF 30 بدون رنگ پوست چرب و آکنه دار,https://www.khanoumi.com/products/lafarrerr-anti-spot-spf30-sunscreen-cream-for-oily-and-acne-prone-skin-25317,من مدتهاست استفاده میکنم و راضی بودم. سری جدید که خریدم موقع آنلاین روی پوست دونه‌های ریز روی پوست حس میشه انگار اسکراب داره,0,true,2026-04-22T02:45:57.6995283+03:30,مثبت,0.67,محصول,محصول
ضد آفتاب و ضد لک SPF 30 بدون رنگ پوست چرب و آکنه دار,https://www.khanoumi.com/products/lafarrerr-anti-spot-spf30-sunscreen-cream-for-oily-and-acne-prone-skin-25317,اصلاً راضی نیستم کاملاً پوست خشک و پوسته پوسته میشه و فرداش یه عالمه جوش رو صورتت میبینی، با اینکه چرب نیست ولی پوست‌و داغون میکنه,0,true,2026-04-01T17:27:27.9594088+03:30,منفی,0.91,محصول | اصل بودن کالا,اصل بودن کالا
ضد آفتاب و ضد لک SPF 30 بدون رنگ پوست چرب و آکنه دار,https://www.khanoumi.com/products/lafarrerr-anti-spot-spf30-sunscreen-cream-for-oily-and-acne-prone-skin-25317,خیلی ضد آفتاب خوبیه,0,false,2026-02-27T17:37:37.8940618+03:30,مثبت,0.67,سایر,سایر
ضد آفتاب و ضد لک SPF 30 بدون رنگ پوست چرب و آکنه دار,https://www.khanoumi.com/products/lafarrerr-anti-spot-spf30-sunscreen-cream-for-oily-and-acne-prone-skin-25317,خوبه بد نیست با این قیمت ضد آفتاب های بهتری هم هست,0,true,2026-02-27T13:41:34.1294626+03:30,منفی,0.67,قیمت,قیمت
ضد آفتاب و ضد لک SPF 30 بدون رنگ پوست چرب و آکنه دار,https://www.khanoumi.com/products/lafarrerr-anti-spot-spf30-sunscreen-cream-for-oily-and-acne-prone-skin-25317,"بین ضدافتابای ایرانی این لافارر خیلی خوب بوده برای من
پوستو برق نمی‌ندازه،زود جذبه،بو نداره،در کل خوبه",0,true,2026-02-13T19:54:29.2419871+03:30,مثبت,0.67,محصول,محصول
ضد آفتاب و ضد لک SPF 30 بدون رنگ پوست چرب و آکنه دار,https://www.khanoumi.com/products/lafarrerr-anti-spot-spf30-sunscreen-cream-for-oily-and-acne-prone-skin-25317,پوست فوق العاده چربی دارم و بهترین ضدافتاب روزانه ای بود که تا حالاخریدم،اصلا پوستمو تحریک نمیکنه که بیشتر چرب بشه,0,true,2026-02-09T16:13:20.5138812+03:30,مثبت,0.91,محصول | اصل بودن کالا,محصول
ضد آفتاب و ضد لک SPF 30 بدون رنگ پوست چرب و آکنه دار,https://www.khanoumi.com/products/lafarrerr-anti-spot-spf30-sunscreen-cream-for-oily-and-acne-prone-skin-25317,خیلی خوبه برا پوست چربو خیلی چرب یک ذره چربی رو پوست باقی نمیزاره انگار هیچی نزدی مخصوصا اگه بخوای مقدار زیاد بزنی خیلی خوبه کامل جذب میشه زیرش یه مرطوب کننده مخصوص پوست چربم باید زد البته,0,true,2026-01-24T21:36:32.4141417+03:30,مثبت,0.95,محصول,محصول
ضد آفتاب و ضد لک SPF 30 بدون رنگ پوست چرب و آکنه دار,https://www.khanoumi.com/products/lafarrerr-anti-spot-spf30-sunscreen-cream-for-oily-and-acne-prone-skin-25317,نصبت به قیمتش مناسب و کاربردی,0,true,2026-01-21T20:47:10.8436062+03:30,خنثی,0.35,قیمت,قیمت
ضد آفتاب و ضد لک SPF 30 بدون رنگ پوست چرب و آکنه دار,https://www.khanoumi.com/products/lafarrerr-anti-spot-spf30-sunscreen-cream-for-oily-and-acne-prone-skin-25317,از لحاظ کیفیت و ضدِ آفتاب بودنش واقعا خوبه‌ ولیی‌ فکر میکنم به پوست همه نمی‌سازه. روی‌ صورت،پوست‌ پوست  میشه و ممکنه باهاش جوش ریز یا زیرپوستی‌ بزنین ولی به پوست مامانم کاملا‌ می‌سازه و ازش راضیه‌.,0,true,2026-01-18T13:12:28.8970166+03:30,مثبت,0.91,محصول,محصول
ضد آفتاب و ضد لک SPF 30 بدون رنگ پوست چرب و آکنه دار,https://www.khanoumi.com/products/lafarrerr-anti-spot-spf30-sunscreen-cream-for-oily-and-acne-prone-skin-25317,برای پوست چرب واقعا عالیه من سالهاست استفاده میکنم,0,true,2026-01-01T14:20:22.6730719+03:30,مثبت,0.79,محصول,محصول
ضد آفتاب و ضد لک SPF 30 بدون رنگ پوست چرب و آکنه دار,https://www.khanoumi.com/products/lafarrerr-anti-spot-spf30-sunscreen-cream-for-oily-and-acne-prone-skin-25317,"من این کرم رو که مناسب پوست چرب هست بیش از یکسال استفاده میکنم و ازش راضی هستم.
خیلی سریع جاب میشه و کاملا بی رنگه
پوست رو چرب نمیکنه و ماتِ
بنظرم با بعضی برندهای خارجی از نظر کیفیت در یک سطح هستن و لازم نیست پول اضافی بدید که برند خارجی که کیفیتش با این کرم ایرانی یکی هست رو بخرید
البته گفتم با بعضی کرم ها نه همه کرم ها
کلا از برند لافارر راضی ام و تنها برند ایرانی که استفاده میکنم و ارزش خرید داره",0,true,2026-01-01T08:42:13.0307982+03:30,مثبت,0.91,محصول | قیمت,محصول
ضد آفتاب و ضد لک SPF 30 بدون رنگ پوست چرب و آکنه دار,https://www.khanoumi.com/products/lafarrerr-anti-spot-spf30-sunscreen-cream-for-oily-and-acne-prone-skin-25317,سبک و عالیی,0,true,2025-12-18T16:30:17.6458401+03:30,مثبت,0.67,سایر,سایر
ضد آفتاب و ضد لک SPF 30 بدون رنگ پوست چرب و آکنه دار,https://www.khanoumi.com/products/lafarrerr-anti-spot-spf30-sunscreen-cream-for-oily-and-acne-prone-skin-25317,این محصول برای منی که پوستم مختلط بود باعث جوش های ریز و زیر پوستی شد و من مصرفش رو قطع کردم,0,true,2025-12-01T00:57:20.6721003+03:30,خنثی,0.35,محصول,محصول
ضد آفتاب و ضد لک SPF 30 بدون رنگ پوست چرب و آکنه دار,https://www.khanoumi.com/products/lafarrerr-anti-spot-spf30-sunscreen-cream-for-oily-and-acne-prone-skin-25317,به نظرم برای پوست چرب و منافذ دار عالیه چربی اصلا چربی نداره و مات و کنترل هم میکنه چربی رو خیلی سبک و زود جذبه و به مرور پوست صاف و  یکدست میشه,0,false,2025-11-29T18:29:11.1831906+03:30,مثبت,0.67,محصول | اصل بودن کالا,محصول
ضد آفتاب و ضد لک SPF 30 بدون رنگ پوست چرب و آکنه دار,https://www.khanoumi.com/products/lafarrerr-anti-spot-spf30-sunscreen-cream-for-oily-and-acne-prone-skin-25317,پوست من خیلی چرب و مستعد جوشه   بافت قشنگی داشت حتی بعد 4 ساعت هم سنگینی خاصی رو صورت نداشت  در کل راضی بودم,0,false,2025-11-25T20:06:08.1439997+03:30,منفی,0.67,محصول,محصول
ضد آفتاب و ضد لک SPF 30 بدون رنگ پوست چرب و آکنه دار,https://www.khanoumi.com/products/lafarrerr-anti-spot-spf30-sunscreen-cream-for-oily-and-acne-prone-skin-25317,اصلا ازین ضدآفتاب راضی نیستم وقتی میزنی به پوستت همش پوسته پوسته میشه و پوست رو خیلی خیلی خشک میکنه,0,true,2025-11-15T17:15:38.029325+03:30,خنثی,0.35,محصول | اصل بودن کالا,محصول
ضد آفتاب و ضد لک SPF 30 بدون رنگ پوست چرب و آکنه دار,https://www.khanoumi.com/products/lafarrerr-anti-spot-spf30-sunscreen-cream-for-oily-and-acne-prone-skin-25317,به شدت کرم بد وبی کیفیتیه پوست چرب منو انقد خشک میکنه که همش پوسته پوسته میشه مجبورشدم بزنم به پوست دستم,0,false,2025-11-11T13:05:05.6355651+03:30,منفی,0.79,محصول,محصول
ضد آفتاب و ضد لک SPF 30 بدون رنگ پوست چرب و آکنه دار,https://www.khanoumi.com/products/lafarrerr-anti-spot-spf30-sunscreen-cream-for-oily-and-acne-prone-skin-25317,"تازه رسیده دستم
قبلا ژیناژن میزدم، این دفعه لافارر خریدم، کامل روی پوست جذب میشه و اصلا انگار هیچی نزدی به صورتت، به نظرم این بهتره",0,true,2025-11-10T07:17:17.3580368+03:30,مثبت,0.67,محصول | تحویل و ارسال | اصل بودن کالا,محصول
ضد آفتاب و ضد لک SPF 30 بدون رنگ پوست چرب و آکنه دار,https://www.khanoumi.com/products/lafarrerr-anti-spot-spf30-sunscreen-cream-for-oily-and-acne-prone-skin-25317,یکی از ویژگی های خوبش کیفیت با قیمت مناسب بود ولی هر دفعه داره گرون تر میشه اگه میخواید هزینه کنید یه ضد آفتاب بهتر بگیرید اصلااااا با توجه به حجم و کیفیتش قیمت مناسبی نداره دیگه خرید نمیکنم‌ با اینکه یک سال ازش استفاده کردم,0,true,2025-09-28T07:34:39.3937864+03:30,مثبت,0.79,محصول | قیمت | اصل بودن کالا,محصول
ضد آفتاب و ضد لک SPF 30 بدون رنگ پوست چرب و آکنه دار,https://www.khanoumi.com/products/lafarrerr-anti-spot-spf30-sunscreen-cream-for-oily-and-acne-prone-skin-25317,خیلی ضد آفتاب خوبیه 4 ساله ازش استفاده میکنم،فقط چرا اینقدر گرون شده مگه ایرانی نیستش؟!,0,true,2025-09-21T15:16:46.6955921+03:30,مثبت,0.67,قیمت,قیمت
ضد آفتاب و ضد لک SPF 30 بدون رنگ پوست چرب و آکنه دار,https://www.khanoumi.com/products/lafarrerr-anti-spot-spf30-sunscreen-cream-for-oily-and-acne-prone-skin-25317,امروزسفارشم دستم رسید،لافارر50،ممنون از خانومی که تخفیف گذاشت،کاش میشد بشه دو سه تای دیگه هم سفارش میدادم،تاریخ داربود،لافارر برای من بسیار عالیه،صورتم لک داره،کاملا پوشش میده،پوست صورتمو که دست میکشم مث مخمل صاف ویکدست،خانومی عزیز لطفاً لافارر رو همیشه تو تخفیف 50 درصد به بالا بذار.ممنونم,0,false,2025-09-04T14:34:40.7534671+03:30,مثبت,0.95,محصول | قیمت | تحویل و ارسال,محصول
ضد آفتاب و ضد لک SPF 30 بدون رنگ پوست چرب و آکنه دار,https://www.khanoumi.com/products/lafarrerr-anti-spot-spf30-sunscreen-cream-for-oily-and-acne-prone-skin-25317,من برای کمرنگ شدن لک گرفته بودم و یکماه مدام استفاده میکردم حتی تو خونه چند بار میزدم،کامل لک صورتم کمرنگ و یکدست شد ولی طی یکماه،چون صورتم مستعد جوش بود،کلی جوش ریز زد و بعد این جوش ها یکی یکی بزرگ شدن...برای ازبین بردن لک عالی ولی باعث جوش زیر پوستی میشه من اس پی اف سی شو گرفته بودم کسی که سابقه جوش داره اصلا استفاده نکنه,0,false,2025-09-03T21:51:25.3093326+03:30,مثبت,0.79,محصول | اصل بودن کالا,محصول
ضد آفتاب و ضد لک SPF 30 بدون رنگ پوست چرب و آکنه دار,https://www.khanoumi.com/products/lafarrerr-anti-spot-spf30-sunscreen-cream-for-oily-and-acne-prone-skin-25317,من چند سالی میشه از این‌محصول استفاده میکنم عالی بوده و راضی بودم ولی پارسال آخرین خریدم اصلا راضی نبودم چون وقتی میزدم رو صورتم حالت زبری داشت انگار خاک ریزه داشته باشه وقتی روی صورت ماساژ میدادم الان هم که قصد خریدشو دارم دودل شدم,0,true,2025-08-31T00:14:42.1022594+03:30,مثبت,0.67,محصول | تحویل و ارسال | اصل بودن کالا,محصول
ضد آفتاب و ضد لک SPF 30 بدون رنگ پوست چرب و آکنه دار,https://www.khanoumi.com/products/lafarrerr-anti-spot-spf30-sunscreen-cream-for-oily-and-acne-prone-skin-25317,واقعا ضد آفتاب عالی هستش اصلا حس سنگینی و چربی رو پوست به جا نمیزاره,0,true,2025-08-10T08:45:08.0686145+00:00,مثبت,0.79,محصول | اصل بودن کالا,محصول
ضد آفتاب و ضد لک SPF 30 بدون رنگ پوست چرب و آکنه دار,https://www.khanoumi.com/products/lafarrerr-anti-spot-spf30-sunscreen-cream-for-oily-and-acne-prone-skin-25317,عالی.ارزش خریدشو داره.پوستو مات میکنه,0,true,2025-08-05T11:08:13.5505502+00:00,مثبت,0.79,محصول | قیمت,محصول
ضد آفتاب و ضد لک SPF 30 بدون رنگ پوست چرب و آکنه دار,https://www.khanoumi.com/products/lafarrerr-anti-spot-spf30-sunscreen-cream-for-oily-and-acne-prone-skin-25317,برای پوست چرب عالیه و فک نمیکنم بهتر از این وجود داشته باشه که اینجوری فینیش مات داشته باشه و نماسه و رد سفیدی هم نداشته باشه تنها مشکلش قیمت بالاشه وگرنه برند لافارر حرف ندارع,0,true,2025-06-28T17:57:55.7983067+00:00,منفی,0.79,محصول | قیمت,محصول
ضد آفتاب و ضد لک SPF 30 بدون رنگ پوست چرب و آکنه دار,https://www.khanoumi.com/products/lafarrerr-anti-spot-spf30-sunscreen-cream-for-oily-and-acne-prone-skin-25317,من راضیم میزنم سبک ولی اگه رنگی همبن قیمت بود عالی میشد چون این کاملا بی رنگه,0,false,2025-06-09T18:15:51.7582424+00:00,مثبت,0.91,محصول | قیمت,محصول
ضد آفتاب و ضد لک SPF 30 بدون رنگ پوست چرب و آکنه دار,https://www.khanoumi.com/products/lafarrerr-anti-spot-spf30-sunscreen-cream-for-oily-and-acne-prone-skin-25317,عالی بود بهترین ضد افتاب برای پوست چرب که 12 ساعتم بمونه نمیماسه و سفیدک نمیزنه,0,true,2025-06-09T17:58:59.9117564+00:00,مثبت,0.91,محصول,محصول
ضد آفتاب و ضد لک SPF 30 بدون رنگ پوست چرب و آکنه دار,https://www.khanoumi.com/products/lafarrerr-anti-spot-spf30-sunscreen-cream-for-oily-and-acne-prone-skin-25317,من این محصول رو سال گذشته از خانومی خریدم، سبکه ولی اینکه گفتن لکها رو‌ کمرنگ می‌کنه فقط توهمه.در ضمن وقتی استفاده میکنم احساس میکنم داخلش خاک داره و احساس زبری داره که حس بدی رو منتقل میکنه و چون اولین بار بود این برند رو می‌گرفتم ،نمیدونم همبنطوریه ، یا این مورد ،به این شکل بوده. در کل زیاد ازش خوشم نیومد و به کسی پیشنهاد نمیکنم,0,true,2025-06-08T11:43:02.751438+00:00,منفی,0.79,محصول,محصول
ضد آفتاب و ضد لک SPF 30 بدون رنگ پوست چرب و آکنه دار,https://www.khanoumi.com/products/lafarrerr-anti-spot-spf30-sunscreen-cream-for-oily-and-acne-prone-skin-25317,مدل مناسب پوست چربش بشدت چربی پوستو میگیره ‌حتی باعث خشکی پوست هم میشه قیمت بالایی داره و حجم بسیار کم,0,true,2025-05-28T09:35:44.339917+00:00,خنثی,0.35,محصول | قیمت,محصول
ضد آفتاب و ضد لک SPF 30 بدون رنگ پوست چرب و آکنه دار,https://www.khanoumi.com/products/lafarrerr-anti-spot-spf30-sunscreen-cream-for-oily-and-acne-prone-skin-25317,عالیه پلی نوسان قیمت شدیدی داره,0,true,2025-05-25T20:24:28.0859146+00:00,مثبت,0.79,قیمت,قیمت
ضد آفتاب و ضد لک SPF 30 بدون رنگ پوست چرب و آکنه دار,https://www.khanoumi.com/products/lafarrerr-anti-spot-spf30-sunscreen-cream-for-oily-and-acne-prone-skin-25317,خیــــلی کوچیکه,0,false,2025-05-24T17:51:39.7386222+00:00,خنثی,0.35,سایر,سایر
ضد آفتاب و ضد لک SPF 30 بدون رنگ پوست چرب و آکنه دار,https://www.khanoumi.com/products/lafarrerr-anti-spot-spf30-sunscreen-cream-for-oily-and-acne-prone-skin-25317,ضد آفتاب خوبیه ولی قیمتش خیلی بالاس و حجمش کمه زود تموم میشه,0,true,2025-05-21T19:34:16.6855169+00:00,مثبت,0.67,محصول | قیمت,محصول
ضد آفتاب و ضد لک SPF 30 بدون رنگ پوست چرب و آکنه دار,https://www.khanoumi.com/products/lafarrerr-anti-spot-spf30-sunscreen-cream-for-oily-and-acne-prone-skin-25317,ممنونم از سایت خانومی بابت دقت به سفارشات و کیفیت محصولاتشون! زود ارسال کردن واقعا,0,true,2025-04-21T11:51:43.1192614+00:00,مثبت,0.67,محصول | تحویل و ارسال,محصول
ضد آفتاب و ضد لک SPF 30 بدون رنگ پوست چرب و آکنه دار,https://www.khanoumi.com/products/lafarrerr-anti-spot-spf30-sunscreen-cream-for-oily-and-acne-prone-skin-25317,دفعه سوم هست که این ضد آفتاب و از خانومی میخرم سبک و زود جذبه انگار چیزی نزدی,0,true,2025-04-20T06:46:22.9796346+00:00,خنثی,0.35,سایر,سایر
ضد آفتاب و ضد لک SPF 30 بدون رنگ پوست چرب و آکنه دار,https://www.khanoumi.com/products/lafarrerr-anti-spot-spf30-sunscreen-cream-for-oily-and-acne-prone-skin-25317,فک میکنم حدودا یکسال و نیم هست دارم ازش استفاده میکنم و تنها ضدآفتابی هست که تمدید میکنم با کمک خانومی از تخفیفاتش بهرمند میشم خیلی خوبه که همیشه شارژ هست داخل سایت,0,true,2025-04-13T20:53:55.2012648+00:00,مثبت,0.91,قیمت,قیمت
ضد آفتاب و ضد لک SPF 30 بدون رنگ پوست چرب و آکنه دار,https://www.khanoumi.com/products/lafarrerr-anti-spot-spf30-sunscreen-cream-for-oily-and-acne-prone-skin-25317,عالیه هم زود جذب میشه هم جوش ایجاد نمیکنه و هم خیلیی سبکه بهترین ضد افتابی عه که تا حالا به پوستم ساختهه,0,true,2025-04-04T13:27:53.9092796+00:00,مثبت,0.91,محصول,محصول
ضد آفتاب و ضد لک SPF 30 بدون رنگ پوست چرب و آکنه دار,https://www.khanoumi.com/products/lafarrerr-anti-spot-spf30-sunscreen-cream-for-oily-and-acne-prone-skin-25317,پوستم چربه و بعد استفاده زیادی پوستمو خشک کرد و پوست پوست میشد,0,true,2025-04-02T19:08:07.3381689+00:00,خنثی,0.35,محصول,محصول
ضد آفتاب و ضد لک SPF 30 بدون رنگ پوست چرب و آکنه دار,https://www.khanoumi.com/products/lafarrerr-anti-spot-spf30-sunscreen-cream-for-oily-and-acne-prone-skin-25317,"بهترین ضدافتاب ایرانی برای پوست چرب 
فوق العاده ست",0,true,2025-04-02T09:09:11.5312228+00:00,مثبت,0.79,محصول,محصول
ضد آفتاب و ضد لک SPF 30 بدون رنگ پوست چرب و آکنه دار,https://www.khanoumi.com/products/lafarrerr-anti-spot-spf30-sunscreen-cream-for-oily-and-acne-prone-skin-25317,چرب نمیکنه و ماته‌، باعث جوش نمیشه. انتخابمه‌ همیشه.,0,true,2025-03-22T20:35:37.620225+00:00,خنثی,0.35,سایر,سایر
ضد آفتاب و ضد لک SPF 30 بدون رنگ پوست چرب و آکنه دار,https://www.khanoumi.com/products/lafarrerr-anti-spot-spf30-sunscreen-cream-for-oily-and-acne-prone-skin-25317,"ضدآفتاب خیلی خوبیه
برای من عالی بود حتی پوستو روشن تر کرد",0,false,2025-03-22T01:34:40.2660219+00:00,مثبت,0.95,محصول,محصول
ضد آفتاب و ضد لک SPF 30 بدون رنگ پوست چرب و آکنه دار,https://www.khanoumi.com/products/lafarrerr-anti-spot-spf30-sunscreen-cream-for-oily-and-acne-prone-skin-25317,پوستم چربه بعد استفاده یه حالت مات داشت ن خشک کرد پوستمو ن چربی به جا گذاشت، خیلییی سبک بود زود شد رد سفیدی ننداخت من راضی ام ولی حجمش کمه تو تخفیف برای خرید خوبه,0,true,2025-03-01T15:11:19.9699229+00:00,مثبت,0.95,محصول | قیمت,محصول
ضد آفتاب و ضد لک SPF 30 بدون رنگ پوست چرب و آکنه دار,https://www.khanoumi.com/products/lafarrerr-anti-spot-spf30-sunscreen-cream-for-oily-and-acne-prone-skin-25317,فکر کنم تاحالا 15 تا ازش خریدم. سبکه ولی برق میندازه و با پودر فیکس رفعش میکنم,0,true,2025-02-25T16:20:44.8648286+00:00,منفی,0.67,اصل بودن کالا,اصل بودن کالا
ضد آفتاب و ضد لک SPF 30 بدون رنگ پوست چرب و آکنه دار,https://www.khanoumi.com/products/lafarrerr-anti-spot-spf30-sunscreen-cream-for-oily-and-acne-prone-skin-25317,"حجمش کم 
تو تخفیف خوبه بخرید 
یکم صورت رو خشک می‌کنه
برا صورتهای خیلی چرب خوبه",0,true,2025-02-18T05:59:19.4558954+00:00,مثبت,0.95,محصول | قیمت,محصول
ضد آفتاب و ضد لک SPF 30 بدون رنگ پوست چرب و آکنه دار,https://www.khanoumi.com/products/lafarrerr-anti-spot-spf30-sunscreen-cream-for-oily-and-acne-prone-skin-25317,به پوست من نساخت پوستم لک افتاد,0,false,2025-02-15T12:20:11.8261712+00:00,خنثی,0.35,محصول,محصول
ضد آفتاب و ضد لک SPF 30 بدون رنگ پوست چرب و آکنه دار,https://www.khanoumi.com/products/lafarrerr-anti-spot-spf30-sunscreen-cream-for-oily-and-acne-prone-skin-25317,من چند ساله استفاده میکنم بسیار راضی هستم اگه چند روز نزنم جوش میزنم,0,false,2025-02-06T14:07:42.6131628+00:00,مثبت,0.67,سایر,سایر
ضد آفتاب و ضد لک SPF 30 بدون رنگ پوست چرب و آکنه دار,https://www.khanoumi.com/products/lafarrerr-anti-spot-spf30-sunscreen-cream-for-oily-and-acne-prone-skin-25317,تنها ضدآفتابی که به پوستم افتاد و ازش راضی بودم همین بود. هم سبک هست هم اینکه سریع جذب پوست میشه,0,true,2025-02-06T08:05:25.9642662+00:00,مثبت,0.67,محصول,محصول
ضد آفتاب و ضد لک SPF 30 بدون رنگ پوست چرب و آکنه دار,https://www.khanoumi.com/products/lafarrerr-anti-spot-spf30-sunscreen-cream-for-oily-and-acne-prone-skin-25317,قیمتش نسبت به حجمش واقعا الکی گرونه و اینکه کلا محصولات لافارر یک بوی خاصی میدن فرقی نمیکنه ضد افتابش باشه یا کرم دور چشمش و اینکه برای منی ک پوستم چرب و مقداری مستعد جوش هست بدتر هم شده از موقعی ک زدم نمیگم برند بدیه اصلا اما به پوست من نساخته و اینکه مقدار چربیش هم به نظرم یکم زیاده یعنی وقتی میزنی پوست چرب میشه باید با پودر فیکس فیکسش کنی تا این حالت چرب بودنش از بین بره ک این کار رو هم پیشنهاد نمیکنم چون باعث جوش زدن پوست میشه,0,true,2025-02-04T12:09:00.9256648+00:00,منفی,0.79,محصول | اصل بودن کالا | قیمت,اصل بودن کالا
ضد آفتاب و ضد لک SPF 30 بدون رنگ پوست چرب و آکنه دار,https://www.khanoumi.com/products/lafarrerr-anti-spot-spf30-sunscreen-cream-for-oily-and-acne-prone-skin-25317,کیفیتش واقعا عالی هست و من تا الان هر چی غیر از لافارر خریدم بعد پشیمون شدم و مجدد برگشتم به همین مدل ولی متاسفانه حجمش کمه و قیمتش خیلی زیاد بالا میره. اوایل زیر 100 تومن میخریدم!,0,true,2025-01-30T10:42:35.4750501+00:00,ترکیبی,0.79,محصول | قیمت | خدمات و پشتیبانی,محصول
ضد آفتاب و ضد لک SPF 30 بدون رنگ پوست چرب و آکنه دار,https://www.khanoumi.com/products/lafarrerr-anti-spot-spf30-sunscreen-cream-for-oily-and-acne-prone-skin-25317,"این محصول فوق العاده عالیه بافت بسیار سبک و بی رنگی داره 
فقط برای من وقتی ارسال شده بود پلمپ نبود",0,true,2025-01-27T06:32:19.0706284+00:00,مثبت,0.91,محصول | تحویل و ارسال,محصول
ضد آفتاب و ضد لک SPF 30 بدون رنگ پوست چرب و آکنه دار,https://www.khanoumi.com/products/lafarrerr-anti-spot-spf30-sunscreen-cream-for-oily-and-acne-prone-skin-25317,اصلا ضد آفتاب خوبی نیست هم گرونه هم حجم کمی داره روی صورتم بمونه جوشای زیرپوستی و سر سیاه میزنم اصلا توصیه نمیکنم,0,true,2025-01-26T15:10:39.6112929+00:00,منفی,0.79,محصول | اصل بودن کالا | قیمت,اصل بودن کالا
ضد آفتاب و ضد لک SPF 30 بدون رنگ پوست چرب و آکنه دار,https://www.khanoumi.com/products/lafarrerr-anti-spot-spf30-sunscreen-cream-for-oily-and-acne-prone-skin-25317,ضدافتاب خوبیه,0,false,2025-01-19T08:07:20.6434991+00:00,مثبت,0.67,سایر,سایر
ضد آفتاب و ضد لک SPF 30 بدون رنگ پوست چرب و آکنه دار,https://www.khanoumi.com/products/lafarrerr-anti-spot-spf30-sunscreen-cream-for-oily-and-acne-prone-skin-25317,"از خریدم راضیم چون اصلا متوجه نمیشی چیزی رو پوستته
نه سنگینه نه چربه نه سفیدک میزنه نه جوش میزنی باهاش نه باعث عرق کردن میشه
پوست من چربه و این واقعا برای پوستم خوب بود
قیمتش تو تخفیف خوبه",0,true,2024-12-25T11:32:14.3816665+00:00,مثبت,0.95,محصول | قیمت | اصل بودن کالا,محصول
ضد آفتاب و ضد لک SPF 30 بدون رنگ پوست چرب و آکنه دار,https://www.khanoumi.com/products/lafarrerr-anti-spot-spf30-sunscreen-cream-for-oily-and-acne-prone-skin-25317,ضد آفتاب خیلی خوبی هست بافت نرم داره خیلی خیلی زود جذب میشه اصلأ رد سفیدی نمیزاره سبک هست,0,false,2024-12-23T22:15:46.0632521+00:00,مثبت,0.91,محصول | اصل بودن کالا,محصول
ضد آفتاب و ضد لک SPF 30 بدون رنگ پوست چرب و آکنه دار,https://www.khanoumi.com/products/lafarrerr-anti-spot-spf30-sunscreen-cream-for-oily-and-acne-prone-skin-25317,واقعا جزو بهترین هاس مخصوصا برا کسایی که پوست چرب دارن ولی کاش یکم حجمش زیاد بود,0,true,2024-12-15T15:44:33.3998704+00:00,مثبت,0.67,محصول,محصول
ضد آفتاب و ضد لک SPF 30 بدون رنگ پوست چرب و آکنه دار,https://www.khanoumi.com/products/lafarrerr-anti-spot-spf30-sunscreen-cream-for-oily-and-acne-prone-skin-25317,"عالیهههههههه 
میزنی جوری مات و سبک 
ولی دور گونم کمی لک شده فکر کنم ازینه",0,true,2024-12-13T06:37:24.0166698+00:00,مثبت,0.79,سایر,سایر
ضد آفتاب و ضد لک SPF 30 بدون رنگ پوست چرب و آکنه دار,https://www.khanoumi.com/products/lafarrerr-anti-spot-spf30-sunscreen-cream-for-oily-and-acne-prone-skin-25317,کرم خیلی خوبیه.سبکهو راضی بودم تااینکه پوستم پر جوش شد مخصوصا زیرپوستی .البته دوستام ک چند باریه شارژ میکنن خیلی راضی بودن.,0,false,2024-12-06T14:00:59.975118+00:00,مثبت,0.95,محصول,محصول
ضد آفتاب و ضد لک SPF 30 بدون رنگ پوست چرب و آکنه دار,https://www.khanoumi.com/products/lafarrerr-anti-spot-spf30-sunscreen-cream-for-oily-and-acne-prone-skin-25317,بهترین,0,false,2024-11-25T19:30:04.5336883+00:00,مثبت,0.67,سایر,سایر
ضد آفتاب و ضد لک SPF 30 بدون رنگ پوست چرب و آکنه دار,https://www.khanoumi.com/products/lafarrerr-anti-spot-spf30-sunscreen-cream-for-oily-and-acne-prone-skin-25317,"خیلی خیلی عالی بود 
بهترین ضد آفتابی بود که اسفاده کردم اصلا چرب نیست یه حالت پودری و مخملی به پوست میده.",0,false,2024-10-22T18:18:28.7144714+00:00,مثبت,0.79,محصول | اصل بودن کالا,محصول
ضد آفتاب و ضد لک SPF 30 بدون رنگ پوست چرب و آکنه دار,https://www.khanoumi.com/products/lafarrerr-anti-spot-spf30-sunscreen-cream-for-oily-and-acne-prone-skin-25317,سلام وقت بخیر ، کیفیت کار رو دوست داشتم لطفا برای این محصول تخفیف لحاظ کنید تا بتونم دوباره بخرمش,0,true,2024-10-21T12:57:14.8675124+00:00,مثبت,0.67,محصول | قیمت,محصول
ضد آفتاب و ضد لک SPF 30 بدون رنگ پوست چرب و آکنه دار,https://www.khanoumi.com/products/lafarrerr-anti-spot-spf30-sunscreen-cream-for-oily-and-acne-prone-skin-25317,"من پوست چربی دارم و ضد آفتاب‌های زیادی رو امتحان کردم اما همشون یا رد سفیدی مینداختن یا خیلی برق میزد پوست.این ضد آفتاب عالیه نه رد میذاره و نه برق میندازه
اصلا باعث جوش هم‌نمیشه
بالای ده بار هست که تمدیدش میکنم
اما چندتا نکته هم داره یکی حجمش که به نسبت قیمتش خیلی کمه و زود تموم میشه
اطراف چشم اصلا نباید بخوره و نمیشه روی این کرم پنکک زد چون ضدآفتاب حالت ماسیدن میگیره
لطفا تخفیف خوبی بذارید تا دوباره بگیرمش",0,true,2024-10-20T07:37:45.4497313+00:00,مثبت,0.95,محصول | اصل بودن کالا | قیمت,محصول
ضد آفتاب و ضد لک SPF 30 بدون رنگ پوست چرب و آکنه دار,https://www.khanoumi.com/products/lafarrerr-anti-spot-spf30-sunscreen-cream-for-oily-and-acne-prone-skin-25317,"عالی ترین ضد آفتابه
نه رد سفیدی میندازه، نه حس چربی میده و نه حس سنگینی روی پوست
محافظتش هم خوبه من اس‌پی‌اف50 رو هم داشتم
لطفا موجودش کنین",0,false,2024-10-14T14:15:09.1501381+00:00,مثبت,0.91,محصول,محصول
ضد آفتاب و ضد لک SPF 30 بدون رنگ پوست چرب و آکنه دار,https://www.khanoumi.com/products/lafarrerr-anti-spot-spf30-sunscreen-cream-for-oily-and-acne-prone-skin-25317,درسته که برق نمیندازه و ماته اما حس به شدت خشکی به پوستم میده جوری که بعدش نمیتونم پنکیک بزنم و کرم پودر هم بزنم سنگین میشه، در کل بافتش رو دوست نداشتم. قیمتش هم به حجمش نمی ارزه. پوست من مختلطه,0,false,2024-10-12T21:31:59.1005881+00:00,خنثی,0.35,محصول | قیمت,محصول
ضد آفتاب و ضد لک SPF 30 بدون رنگ پوست چرب و آکنه دار,https://www.khanoumi.com/products/lafarrerr-anti-spot-spf30-sunscreen-cream-for-oily-and-acne-prone-skin-25317,"خیلی سبکه و اصلا چرب نیست. ضد آفتابای مختلفیو تا حالا استفاده کردم و این از همه شون بهتر بوده . جوشنمیزنم باهاش
اما برق داره تقریبا و روش پودر فیکس میزنم. والبته بعد یه ساعت دستتو بکشی روش پیل میشه
بنظرم همه ضدآفتابا همینن پیل میشن.سبکی مهمه",0,true,2024-09-26T12:52:05+00:00,منفی,0.79,اصل بودن کالا | محصول,اصل بودن کالا
ضد آفتاب و ضد لک SPF 30 بدون رنگ پوست چرب و آکنه دار,https://www.khanoumi.com/products/lafarrerr-anti-spot-spf30-sunscreen-cream-for-oily-and-acne-prone-skin-25317,عالیه برای پوست چرب و جوشدار ,0,true,2024-09-25T11:50:45+00:00,مثبت,0.79,محصول,محصول
ضد آفتاب و ضد لک SPF 30 بدون رنگ پوست چرب و آکنه دار,https://www.khanoumi.com/products/lafarrerr-anti-spot-spf30-sunscreen-cream-for-oily-and-acne-prone-skin-25317,میشه لطفا موجود کنیو خیلی خوب زود من 3 بار ازش گرفتم ,0,true,2024-09-24T18:23:29+00:00,مثبت,0.79,محصول,محصول
ضد آفتاب و ضد لک SPF 30 بدون رنگ پوست چرب و آکنه دار,https://www.khanoumi.com/products/lafarrerr-anti-spot-spf30-sunscreen-cream-for-oily-and-acne-prone-skin-25317,بهترین ضد آفتاب ایرانیه ,0,true,2024-09-20T17:31:08+00:00,مثبت,0.67,سایر,سایر
ضد آفتاب و ضد لک SPF 30 بدون رنگ پوست چرب و آکنه دار,https://www.khanoumi.com/products/lafarrerr-anti-spot-spf30-sunscreen-cream-for-oily-and-acne-prone-skin-25317,با اینکه حجمش کمه و زود تمام میشه ولی بهترین برای پوست های چرب ,0,true,2024-09-14T19:37:23+00:00,مثبت,0.67,محصول,محصول
ضد آفتاب و ضد لک SPF 30 بدون رنگ پوست چرب و آکنه دار,https://www.khanoumi.com/products/lafarrerr-anti-spot-spf30-sunscreen-cream-for-oily-and-acne-prone-skin-25317,بهترییین ضد آفتابی که تا الان استفاده کردم .. به هیچ عنوان پوست رو چرب نمیکنه،کنترل چربی داره ، زود جذب میشه ،بی رنگه ، واسه پوست چرب و مستعد آکنه بهترین گزینس بعد استفاده یه پوست نرم و مخملی بدون برق و چربی تحویلتون میده . فقط لطفااا بیشتر تخفیف بزارید چون حجمش خیلی کمه زود تموم میشه. ممنون از خانومی,0,false,2024-09-13T04:00:44+00:00,ترکیبی,0.74,محصول | تحویل و ارسال | قیمت,محصول
ضد آفتاب و ضد لک SPF 30 بدون رنگ پوست چرب و آکنه دار,https://www.khanoumi.com/products/lafarrerr-anti-spot-spf30-sunscreen-cream-for-oily-and-acne-prone-skin-25317,"عالیههههه
 کوچیکه، ولی واقعا ماهه ماه مخملی و خوشبو سبک زودجذب",0,true,2024-08-31T15:37:20+00:00,مثبت,0.79,محصول,محصول
ضد آفتاب و ضد لک SPF 30 بدون رنگ پوست چرب و آکنه دار,https://www.khanoumi.com/products/lafarrerr-anti-spot-spf30-sunscreen-cream-for-oily-and-acne-prone-skin-25317,"خیلی خوب است رد سفیدی نمیاندازد
سبک است اما یکم دیر جذب میشه
بوی خوبی نداره
مناسب استفاده روزانه",0,false,2024-08-28T20:21:14+00:00,مثبت,0.67,محصول,محصول
ضد آفتاب و ضد لک SPF 30 بدون رنگ پوست چرب و آکنه دار,https://www.khanoumi.com/products/lafarrerr-anti-spot-spf30-sunscreen-cream-for-oily-and-acne-prone-skin-25317,قبلاً تخفیف ها بیشتر بود برای محصولات لافارر لطفاً تخفیفش رو بیشتر کنید ممنون ,0,false,2024-08-25T18:07:57+00:00,مثبت,0.67,محصول | قیمت,محصول
ضد آفتاب و ضد لک SPF 30 بدون رنگ پوست چرب و آکنه دار,https://www.khanoumi.com/products/lafarrerr-anti-spot-spf30-sunscreen-cream-for-oily-and-acne-prone-skin-25317,"عالی ترین برای من عاشقشم
فکر کنم 10 باره که شارژش میکنم
تنها بدی حجم کمه",0,true,2024-08-23T14:18:17+00:00,ترکیبی,0.74,محصول,محصول
ضد آفتاب و ضد لک SPF 30 بدون رنگ پوست چرب و آکنه دار,https://www.khanoumi.com/products/lafarrerr-anti-spot-spf30-sunscreen-cream-for-oily-and-acne-prone-skin-25317,"من این محصول رو برای اولین بار خریدم و خیلی سبک و به راحتی جذب پوست میشه و وقتی خواهرم که ترکیه زندگی میکنه این ضد آفتاب رو تست کرد گفت تا حالا آنقدر ضد آفتاب سبک و خوبی نزده بودم. تنها موردی که داره اندازه کوچیکشه، به همه کسایی که پوست چرب دارن پیشنهاد میکنم
من حتی روی این ضدآفتاب ب ب کرم درماتیپیک رو میزنم که پوستم رو عالی و یکدست میکنه.",0,true,2024-08-22T23:48:39+00:00,مثبت,0.95,محصول | تحویل و ارسال,محصول
ضد آفتاب و ضد لک SPF 30 بدون رنگ پوست چرب و آکنه دار,https://www.khanoumi.com/products/lafarrerr-anti-spot-spf30-sunscreen-cream-for-oily-and-acne-prone-skin-25317,اولش که خریدم خوب بود و فکر میکردم خوبه تو نظر ها هم نوشتم که راضیم اما بعد ی مدت باعث جوش شد و توی افتاب صورتم برق می افتاد.راضی نبودم خیلی,0,true,2024-08-22T18:59:48+00:00,مثبت,0.95,محصول,محصول
ضد آفتاب و ضد لک SPF 30 بدون رنگ پوست چرب و آکنه دار,https://www.khanoumi.com/products/lafarrerr-anti-spot-spf30-sunscreen-cream-for-oily-and-acne-prone-skin-25317,یه بوی خاصی داره و بشدت رد سفیدی داره و حس نوچ بودن داره و نسبت به بقیه ضد آفتاب ها قیمتش بالاعه اما کیفیت برابر یا کمتره,0,false,2024-08-22T16:21:20+00:00,خنثی,0.35,محصول | قیمت,محصول
ضد آفتاب و ضد لک SPF 30 بدون رنگ پوست چرب و آکنه دار,https://www.khanoumi.com/products/lafarrerr-anti-spot-spf30-sunscreen-cream-for-oily-and-acne-prone-skin-25317,این ضدآفتاب رو اصلا دوس ندارم ، با اینکه پوستم چربه اما حس خشکی ب صورتم میده ,0,true,2024-08-15T18:38:34+00:00,منفی,0.67,محصول | اصل بودن کالا,اصل بودن کالا
ضد آفتاب و ضد لک SPF 30 بدون رنگ پوست چرب و آکنه دار,https://www.khanoumi.com/products/lafarrerr-anti-spot-spf30-sunscreen-cream-for-oily-and-acne-prone-skin-25317,محافظت خوبی داره ولی برای پوستای چرب یکم سنگینه و باعث جوش میشه. حجمش نسبت به قیمتش کمه . در کل چیز خاصی ازش ندیدم که ضدآفتابای دیگه نداشته باشن. ,0,true,2024-08-15T00:06:28+00:00,مثبت,0.67,محصول | قیمت,محصول
ضد آفتاب و ضد لک SPF 30 بدون رنگ پوست چرب و آکنه دار,https://www.khanoumi.com/products/lafarrerr-anti-spot-spf30-sunscreen-cream-for-oily-and-acne-prone-skin-25317,عالیترین ضدآفتاب ایرانی برای پوست چرب...حتی اگه آفتاب هم نباشه میزنم چون به خاطر مواد گیاهی ای که داره چربی پوستمو کنترل میکنه و صاف میشه پوستم,0,true,2024-08-06T22:57:49+00:00,مثبت,0.67,محصول,محصول
ضد آفتاب و ضد لک SPF 30 بدون رنگ پوست چرب و آکنه دار,https://www.khanoumi.com/products/lafarrerr-anti-spot-spf30-sunscreen-cream-for-oily-and-acne-prone-skin-25317,خیلی خوبه چون پایه آب داره به صورت بعد زدن جذب پوست میشه و آرایش و اصلا خراب نمیکنه و چربی از خودش پس نمیده براق نمیکنه و سنگین نیست رو پوست من اس پی اف 50 هم خریدم به نظرم اون یه کمی از این سنگین تر هست ولی هر دو عالیه,0,true,2024-08-04T10:08:58+00:00,مثبت,0.95,محصول | اصل بودن کالا,محصول
ضد آفتاب و ضد لک SPF 30 بدون رنگ پوست چرب و آکنه دار,https://www.khanoumi.com/products/lafarrerr-anti-spot-spf30-sunscreen-cream-for-oily-and-acne-prone-skin-25317,اصلا صورتو چرب نمیکنه خیلی خوب و عالی بود,0,true,2024-07-24T01:38:13+00:00,مثبت,0.67,محصول | اصل بودن کالا,محصول
ضد آفتاب و ضد لک SPF 30 بدون رنگ پوست چرب و آکنه دار,https://www.khanoumi.com/products/lafarrerr-anti-spot-spf30-sunscreen-cream-for-oily-and-acne-prone-skin-25317,خوبه ولی بعد دو ساعت پوست و چرب میکنه و برق میندازه ولی برای پوست چرب نسبت به بقیه ضد افتابایی که استفاده کردم خوب بوده,0,true,2024-07-20T15:09:36+00:00,مثبت,0.95,محصول,محصول
ضد آفتاب و ضد لک SPF 30 بدون رنگ پوست چرب و آکنه دار,https://www.khanoumi.com/products/lafarrerr-anti-spot-spf30-sunscreen-cream-for-oily-and-acne-prone-skin-25317,کرم خیلی خوبیه ولی خیلی قیمتش بالاست 20 روزه تموم می شه,0,true,2024-07-13T08:21:58+00:00,مثبت,0.79,محصول | قیمت,محصول
ضد آفتاب و ضد لک SPF 30 بدون رنگ پوست چرب و آکنه دار,https://www.khanoumi.com/products/lafarrerr-anti-spot-spf30-sunscreen-cream-for-oily-and-acne-prone-skin-25317,عالیه من خیلی راضیم,0,false,2024-07-09T01:52:36+00:00,مثبت,0.95,سایر,سایر
ضد آفتاب و ضد لک SPF 30 بدون رنگ پوست چرب و آکنه دار,https://www.khanoumi.com/products/lafarrerr-anti-spot-spf30-sunscreen-cream-for-oily-and-acne-prone-skin-25317,خوبه سریع جذب پوستم شد و چرب نکرد پوستمو واسه منی که به شدت پوستم چربه خیلی خوبه فقط فک نمیکردم اندازش کوچیک باشه,0,true,2024-07-07T14:04:10+00:00,منفی,0.67,محصول,محصول
ضد آفتاب و ضد لک SPF 30 بدون رنگ پوست چرب و آکنه دار,https://www.khanoumi.com/products/lafarrerr-anti-spot-spf30-sunscreen-cream-for-oily-and-acne-prone-skin-25317,خیلی خوبه فقط چشم رو میسوزونه ,0,false,2024-07-06T09:57:31+00:00,مثبت,0.91,سایر,سایر
ضد آفتاب و ضد لک SPF 30 بدون رنگ پوست چرب و آکنه دار,https://www.khanoumi.com/products/lafarrerr-anti-spot-spf30-sunscreen-cream-for-oily-and-acne-prone-skin-25317,"خیلی خوب بود بافت سبکی داره که برای پوست چرب عالیه زود جذب میشه و سنگین نیست یه مقدار حجمش کمه یه بوی خاصی داره که شاید بعضیا خوششون نیاد اما وقتی جذب پوستتون شد بوش میره
",0,true,2024-07-03T13:51:48+00:00,مثبت,0.95,محصول,محصول
ضد آفتاب و ضد لک SPF 30 بدون رنگ پوست چرب و آکنه دار,https://www.khanoumi.com/products/lafarrerr-anti-spot-spf30-sunscreen-cream-for-oily-and-acne-prone-skin-25317,تنها ضدافتابیه که توی تابستان خوزستان جواب میده,0,true,2024-06-30T15:34:18+00:00,خنثی,0.35,سایر,سایر
ضد آفتاب و ضد لک SPF 30 بدون رنگ پوست چرب و آکنه دار,https://www.khanoumi.com/products/lafarrerr-anti-spot-spf30-sunscreen-cream-for-oily-and-acne-prone-skin-25317,"ب شدت عالیه مخصوصا واسه پوست چرب 
اصلا هیچ چربی نمیزاره رو پوست ",0,true,2024-06-30T12:18:59+00:00,مثبت,0.91,محصول | اصل بودن کالا,محصول
ضد آفتاب و ضد لک SPF 30 بدون رنگ پوست چرب و آکنه دار,https://www.khanoumi.com/products/lafarrerr-anti-spot-spf30-sunscreen-cream-for-oily-and-acne-prone-skin-25317,بسیار عالی,0,true,2024-06-28T16:16:47+00:00,مثبت,0.67,سایر,سایر
ضد آفتاب و ضد لک SPF 30 بدون رنگ پوست چرب و آکنه دار,https://www.khanoumi.com/products/lafarrerr-anti-spot-spf30-sunscreen-cream-for-oily-and-acne-prone-skin-25317,خیلی ضد آفتاب خوبیه میزنی فوری جذب میشه اصلا رد سفیدی نمیزاره و مات میشه رو پوست,0,true,2024-06-25T15:16:49+00:00,مثبت,0.79,محصول | اصل بودن کالا,محصول
ضد آفتاب و ضد لک SPF 30 بدون رنگ پوست چرب و آکنه دار,https://www.khanoumi.com/products/lafarrerr-anti-spot-spf30-sunscreen-cream-for-oily-and-acne-prone-skin-25317,محصول خوبیه سریع جذب پوست میشه ,0,true,2024-06-23T19:04:18+00:00,مثبت,0.67,محصول,محصول
ضد آفتاب و ضد لک SPF 30 بدون رنگ پوست چرب و آکنه دار,https://www.khanoumi.com/products/lafarrerr-anti-spot-spf30-sunscreen-cream-for-oily-and-acne-prone-skin-25317,"خیلی خوبه هم از لحاظ قیمت و هم از لحاظ کیفیت 
سریع جذب پوست نیشه رد سفیدی نمیندازه خلاصه ک عالیه",0,true,2024-06-17T11:27:17+00:00,مثبت,0.95,محصول | قیمت,محصول
ضد آفتاب و ضد لک SPF 30 بدون رنگ پوست چرب و آکنه دار,https://www.khanoumi.com/products/lafarrerr-anti-spot-spf30-sunscreen-cream-for-oily-and-acne-prone-skin-25317,بی شک عالیترینه,0,true,2024-06-17T09:43:55+00:00,مثبت,0.67,سایر,سایر
کرم ضد آفتاب و ضد لک بی رنگ مدل SPF50 مناسب پوست چرب و آکنه دار حجم 40 میلی لیتر,https://www.khanoumi.com/products/lafarrerr-anti-spot-spf50-sunscreen-cream-for-oily-and-acne-prone-skin-25318,من شاید 5 بار از این محصول رو شارژ کرده باشم از فروشگاه های مختلف، به کلی بافتش خوبه و مخملیه و سریع جذب میشه، با این که کلا برند لافارر همه محصولاتش خوبه و به پوست من میسازه و خیلی دوستش دارم اما صادقانه بگم گاهی توی ضدآفتاب هاش یه بافت دون دونی وجود داره که وقتی پخشش میکنی روی پوست، کامل حس میشه و حتی اذیت میکنه پوست رو. انگار خوب ترکیب نشده باشه، یه همچین چیزی، نمیدونم چیه ولی مثل بافت قهوه که توی دست لمسش کنی، البته خیلی ریز ولی حس میشه و یه جوریه.,0,false,2026-08-30T00:00:53.2246717+03:30,مثبت,0.91,محصول,محصول
کرم ضد آفتاب و ضد لک بی رنگ مدل SPF50 مناسب پوست چرب و آکنه دار حجم 40 میلی لیتر,https://www.khanoumi.com/products/lafarrerr-anti-spot-spf50-sunscreen-cream-for-oily-and-acne-prone-skin-25318,اصلا خوب نبود,0,false,2026-08-28T13:45:19.6988176+03:30,خنثی,0.4,محصول | اصل بودن کالا,محصول
کرم ضد آفتاب و ضد لک بی رنگ مدل SPF50 مناسب پوست چرب و آکنه دار حجم 40 میلی لیتر,https://www.khanoumi.com/products/lafarrerr-anti-spot-spf50-sunscreen-cream-for-oily-and-acne-prone-skin-25318,"ضد افتاب مورد علاقم 
خیلی سال ازش استفاده میکنم و ازش بشدت راضی ام",0,true,2026-08-28T12:28:44.7983345+03:30,مثبت,0.79,محصول,محصول
کرم ضد آفتاب و ضد لک بی رنگ مدل SPF50 مناسب پوست چرب و آکنه دار حجم 40 میلی لیتر,https://www.khanoumi.com/products/lafarrerr-anti-spot-spf50-sunscreen-cream-for-oily-and-acne-prone-skin-25318,من نمیدونم این دونه های داخلش برای چیه؟ پوست رو اذیت میکنه زمان استفاده. و‌ در نهایت پیل هم میشه,0,true,2026-08-23T15:42:50.4228354+03:30,خنثی,0.35,محصول,محصول
کرم ضد آفتاب و ضد لک بی رنگ مدل SPF50 مناسب پوست چرب و آکنه دار حجم 40 میلی لیتر,https://www.khanoumi.com/products/lafarrerr-anti-spot-spf50-sunscreen-cream-for-oily-and-acne-prone-skin-25318,پپستمو بعدش انگار خشک میکنه ، بو و اون دون دونای توشو دوست ندارم ، بد نیست ، حجمشم کمه بنظرم یکم روش پول بزار سنتلا بگیری بهتره,0,true,2026-08-19T07:49:11.8874827+03:30,مثبت,0.67,محصول | تحویل و ارسال,محصول
کرم ضد آفتاب و ضد لک بی رنگ مدل SPF50 مناسب پوست چرب و آکنه دار حجم 40 میلی لیتر,https://www.khanoumi.com/products/lafarrerr-anti-spot-spf50-sunscreen-cream-for-oily-and-acne-prone-skin-25318,تو برندهای ایرانی ضدآفتاب لافارر خیلی خوبه من پوستم چربه ولی این کرم حس چربی اضافه به پوست نمیده و سبکه,0,true,2026-08-11T22:07:04.2386849+03:30,مثبت,0.91,محصول,محصول
کرم ضد آفتاب و ضد لک بی رنگ مدل SPF50 مناسب پوست چرب و آکنه دار حجم 40 میلی لیتر,https://www.khanoumi.com/products/lafarrerr-anti-spot-spf50-sunscreen-cream-for-oily-and-acne-prone-skin-25318,من دوسش دارم. ریسک نمیکنم که چیز جدید استفاده کنمو از وقتی میزنم جوش هام کمتر شده و اصلا سفیدک نمیزنه و نمی ماسه رو پوستم به اصطلاح. ولی قیمتش به خصوص رنگی هاش خیلی گرون شده.,0,true,2026-08-11T10:26:55.7106115+03:30,منفی,0.67,محصول | قیمت | اصل بودن کالا,اصل بودن کالا
کرم ضد آفتاب و ضد لک بی رنگ مدل SPF50 مناسب پوست چرب و آکنه دار حجم 40 میلی لیتر,https://www.khanoumi.com/products/lafarrerr-anti-spot-spf50-sunscreen-cream-for-oily-and-acne-prone-skin-25318,"یکم سخت روی پوست پخش میشه اما خیلی سبکه و رد سفیدی و رد چربی نداره.برای زیر میکاپ مناسبه
بو هم نداره و باعث جوش و حساسیت هم نشد",0,true,2026-08-11T01:46:14.0030377+03:30,خنثی,0.35,محصول,محصول
کرم ضد آفتاب و ضد لک بی رنگ مدل SPF50 مناسب پوست چرب و آکنه دار حجم 40 میلی لیتر,https://www.khanoumi.com/products/lafarrerr-anti-spot-spf50-sunscreen-cream-for-oily-and-acne-prone-skin-25318,کرم سبکی هست چند ساله استفاده میکنم فقط داره خیلی گرون میشه,0,true,2026-08-10T16:53:42.9291716+03:30,خنثی,0.35,محصول | قیمت,محصول
کرم ضد آفتاب و ضد لک بی رنگ مدل SPF50 مناسب پوست چرب و آکنه دار حجم 40 میلی لیتر,https://www.khanoumi.com/products/lafarrerr-anti-spot-spf50-sunscreen-cream-for-oily-and-acne-prone-skin-25318,من پوستم چربه ، بر خلاف بقیه ضد افتاب ها که پوست رو بعد چند ساعت چرب میکنه ، این ضد افتاب ساعتها رو پوست بددن هیچی چربی میمونه ، بعد از استفاده سریع مات میشه ، من چند ساله انتخابم همینه,0,false,2026-07-30T00:22:52.1949652+03:30,منفی,0.67,محصول,محصول
کرم ضد آفتاب و ضد لک بی رنگ مدل SPF50 مناسب پوست چرب و آکنه دار حجم 40 میلی لیتر,https://www.khanoumi.com/products/lafarrerr-anti-spot-spf50-sunscreen-cream-for-oily-and-acne-prone-skin-25318,"من سه ساله که مداوم از این ضد آفتاب استفاده می کنم ، بافت سبکی داره ، سریع جذب میشه و اصلا ردی از سفیدی نداره و پوست رو براق هم نمی کنه. 
تنها ایرادی که میشه بهش گرفت حجم کم و قیمت بالا هست .",0,true,2026-07-29T11:32:01.3283695+03:30,مثبت,0.67,محصول | اصل بودن کالا | قیمت,محصول
کرم ضد آفتاب و ضد لک بی رنگ مدل SPF50 مناسب پوست چرب و آکنه دار حجم 40 میلی لیتر,https://www.khanoumi.com/products/lafarrerr-anti-spot-spf50-sunscreen-cream-for-oily-and-acne-prone-skin-25318,دوسش نداشتم و توصیه نمیکنم,0,true,2026-07-26T21:54:03.744771+03:30,منفی,0.67,سایر,سایر
کرم ضد آفتاب و ضد لک بی رنگ مدل SPF50 مناسب پوست چرب و آکنه دار حجم 40 میلی لیتر,https://www.khanoumi.com/products/lafarrerr-anti-spot-spf50-sunscreen-cream-for-oily-and-acne-prone-skin-25318,خیلی پوست رو برق میزنه وقتی میزنی دوسش نداشتم,0,true,2026-07-23T16:16:01.9593509+03:30,خنثی,0.35,محصول,محصول
کرم ضد آفتاب و ضد لک بی رنگ مدل SPF50 مناسب پوست چرب و آکنه دار حجم 40 میلی لیتر,https://www.khanoumi.com/products/lafarrerr-anti-spot-spf50-sunscreen-cream-for-oily-and-acne-prone-skin-25318,بین برندای ضد افتاب ایرانی با اختلاف بهرینه برای پوست چرب,0,false,2026-07-18T18:17:29.6380413+03:30,خنثی,0.35,محصول,محصول
کرم ضد آفتاب و ضد لک بی رنگ مدل SPF50 مناسب پوست چرب و آکنه دار حجم 40 میلی لیتر,https://www.khanoumi.com/products/lafarrerr-anti-spot-spf50-sunscreen-cream-for-oily-and-acne-prone-skin-25318,من گرفتم خیلی بد بود روغنش جدا از کرم شده بود.  حس میکردم فقط روغن میزنم ب پوستم,0,true,2026-07-14T09:27:50.0357469+03:30,منفی,0.79,محصول,محصول
کرم ضد آفتاب و ضد لک بی رنگ مدل SPF50 مناسب پوست چرب و آکنه دار حجم 40 میلی لیتر,https://www.khanoumi.com/products/lafarrerr-anti-spot-spf50-sunscreen-cream-for-oily-and-acne-prone-skin-25318,"من 3 دوره ازش استفاده کردم
دوسش داشتم
پوست من خیلی زود برق میفته ولی این عالی بود
البته من لک نداشتم روی روشن شدن پوست هم به نظرم تاثیری نداشت",0,true,2026-07-11T11:37:35.9259605+03:30,مثبت,0.79,محصول,محصول
کرم ضد آفتاب و ضد لک بی رنگ مدل SPF50 مناسب پوست چرب و آکنه دار حجم 40 میلی لیتر,https://www.khanoumi.com/products/lafarrerr-anti-spot-spf50-sunscreen-cream-for-oily-and-acne-prone-skin-25318,برای من روی پوستم پیل میشد اصلا توصیه نمیکنم,0,true,2026-07-05T16:52:42.8498374+03:30,منفی,0.79,محصول | اصل بودن کالا,اصل بودن کالا
کرم ضد آفتاب و ضد لک بی رنگ مدل SPF50 مناسب پوست چرب و آکنه دار حجم 40 میلی لیتر,https://www.khanoumi.com/products/lafarrerr-anti-spot-spf50-sunscreen-cream-for-oily-and-acne-prone-skin-25318,"حجمش یکم تو ذوقم زد و اینکه تا درش رو باز میکنی حجم زیادی غیرقابل کنترل خارج میشه که کلی هدر رفت داره. ولی بافتش خیلی خاص بود
تنها ایرادش حجمشه این هم روتین پوستی منه",0,true,2026-06-21T23:27:10.6687205+03:30,منفی,0.67,محصول,محصول
کرم ضد آفتاب و ضد لک بی رنگ مدل SPF50 مناسب پوست چرب و آکنه دار حجم 40 میلی لیتر,https://www.khanoumi.com/products/lafarrerr-anti-spot-spf50-sunscreen-cream-for-oily-and-acne-prone-skin-25318,محصول خیلی خوبه و برای پوست من که حساس و دارای کک ومکه خیلی خوبه و خیلی راحت و سریع جذب میشه و اصلا سنگینی ندارم روی پوست، ولی با این قیمت عجیب غریب فکر نکنم دوباره بتونم شارژ کنم,0,false,2026-06-07T12:10:58.6158499+03:30,مثبت,0.95,محصول | اصل بودن کالا | قیمت,محصول
کرم ضد آفتاب و ضد لک بی رنگ مدل SPF50 مناسب پوست چرب و آکنه دار حجم 40 میلی لیتر,https://www.khanoumi.com/products/lafarrerr-anti-spot-spf50-sunscreen-cream-for-oily-and-acne-prone-skin-25318,من چندسال استفاده میکردم خیلی خوب بود ولی دوتای آخریه به نصفه که رسید دونه های ریزی مثل شن داخلش بود که پوستمو اذیت میکرد خراش میداد.کیفیتش رو از دست داده و حالا هم که قیمتش اینقدر فضایی شده با توجه به افت کیفیت،ارزش خرید نداره.,0,true,2026-06-01T19:55:23.110724+03:30,مثبت,0.79,محصول | قیمت | تحویل و ارسال,محصول
کرم ضد آفتاب و ضد لک بی رنگ مدل SPF50 مناسب پوست چرب و آکنه دار حجم 40 میلی لیتر,https://www.khanoumi.com/products/lafarrerr-anti-spot-spf50-sunscreen-cream-for-oily-and-acne-prone-skin-25318,اصلا بصرفه نیست بااین قیمت برای کسی که هروز میخواد استفاده کنه نهایتاً دوماه یکبار باید تهیه کنه چخبره این همه افزایش قیمت  من دیگه شارژش نمیکنم همچین کرم خاصی ام نیستش اخرش یکم پیل میشه,0,true,2026-05-25T13:11:07.6471547+03:30,منفی,0.67,قیمت | محصول | اصل بودن کالا,اصل بودن کالا
کرم ضد آفتاب و ضد لک بی رنگ مدل SPF50 مناسب پوست چرب و آکنه دار حجم 40 میلی لیتر,https://www.khanoumi.com/products/lafarrerr-anti-spot-spf50-sunscreen-cream-for-oily-and-acne-prone-skin-25318,از نظر کیفیت کرم خوبیه. بافتش خیلی سبکه اصلا احساس سنگینی روی پوست نداره راحت جذب میشه و بافتش مخملی ب پوست میده.من خیلی مارکهارو امتحان کردم تا ب پوستم بخوره و الان چند سالی هست استفاده میکنم اما الان قیمتش خیلی عجیب و غریب شده و اصلا نمیصرفه,0,false,2026-05-25T08:38:24.5179671+03:30,مثبت,0.67,محصول | اصل بودن کالا | قیمت,محصول
کرم ضد آفتاب و ضد لک بی رنگ مدل SPF50 مناسب پوست چرب و آکنه دار حجم 40 میلی لیتر,https://www.khanoumi.com/products/lafarrerr-anti-spot-spf50-sunscreen-cream-for-oily-and-acne-prone-skin-25318,من چندساله از این ضدآفتاب استفاده میکنم واقعا راضی هستم اما دیگه با این قیمت نمیتونم بخرم، خیلی قیمتش زیاد شده,0,false,2026-05-23T23:12:57.6561228+03:30,مثبت,0.67,قیمت,قیمت
کرم ضد آفتاب و ضد لک بی رنگ مدل SPF50 مناسب پوست چرب و آکنه دار حجم 40 میلی لیتر,https://www.khanoumi.com/products/lafarrerr-anti-spot-spf50-sunscreen-cream-for-oily-and-acne-prone-skin-25318,من از این محصول استفاده کردم و حتی اگر هیچ اکنه ای روی پوست شما نباشه هزاران اکنه تشکیل میشه خیلی چربی میزاره رو پوست فوقلاده سنگین هست با این قیمتی که داره زد افتاب سنتلا خیلی بهتر و خوب تر هست من نزدیک سه سال از این محصول استفاده کردم و افتضاحه,0,false,2026-05-23T10:22:16.7832653+03:30,ترکیبی,0.66,محصول | قیمت,محصول
کرم ضد آفتاب و ضد لک بی رنگ مدل SPF50 مناسب پوست چرب و آکنه دار حجم 40 میلی لیتر,https://www.khanoumi.com/products/lafarrerr-anti-spot-spf50-sunscreen-cream-for-oily-and-acne-prone-skin-25318,من این ضدافتاب رو تا الان سه بار شارژ کردم و راضی بودم ولی واقعا تو این شرایط اقتصادی قیمتش اصلا منصفانه نیست اگه تخفیف بزارین ممنونم,0,true,2026-05-20T13:13:15.8561513+03:30,مثبت,0.91,قیمت | محصول | اصل بودن کالا,قیمت
کرم ضد آفتاب و ضد لک بی رنگ مدل SPF50 مناسب پوست چرب و آکنه دار حجم 40 میلی لیتر,https://www.khanoumi.com/products/lafarrerr-anti-spot-spf50-sunscreen-cream-for-oily-and-acne-prone-skin-25318,"باورم نمیشه دارم همچین قیمت هایی می بینم برای ضد آفتاب محبوبم.
اصولا ضد آفتاب باید قیمتی داشته باشه که بتونید راحت تهیه کنید و دلتون بیاد مرتب شارژش کنید.
و حالا که دارم همچین قیمتی برای صد آفتابم می بینم به این فکر می کنم که این همه ناز پوستم رو کشیدم،چی شد؟!",0,true,2026-05-19T15:11:39.4610694+03:30,خنثی,0.35,قیمت | محصول,قیمت
کرم ضد آفتاب و ضد لک بی رنگ مدل SPF50 مناسب پوست چرب و آکنه دار حجم 40 میلی لیتر,https://www.khanoumi.com/products/lafarrerr-anti-spot-spf50-sunscreen-cream-for-oily-and-acne-prone-skin-25318,"ضدآفتاب خیلی خوبی هستش و رد چربی نداره
ولی این قیمت به حجمش نمی خونه",0,false,2026-05-18T21:57:40.8292699+03:30,مثبت,0.79,محصول | قیمت,محصول
کرم ضد آفتاب و ضد لک بی رنگ مدل SPF50 مناسب پوست چرب و آکنه دار حجم 40 میلی لیتر,https://www.khanoumi.com/products/lafarrerr-anti-spot-spf50-sunscreen-cream-for-oily-and-acne-prone-skin-25318,تقریبا 3 ساله دارم استفاده میکنم و واقعا راضیم. قیمتش همیشه بالا بود ولی الان اینقدر گرون شده که هیچ جوره نمیشه خرید. 1میلیون و 600 ارزش یه ضد آفتاب 50 میلی رو نداره واقعاا!!!!!!!!!,0,true,2026-05-17T18:53:17.1360679+03:30,مثبت,0.79,قیمت | محصول,قیمت
کرم ضد آفتاب و ضد لک بی رنگ مدل SPF50 مناسب پوست چرب و آکنه دار حجم 40 میلی لیتر,https://www.khanoumi.com/products/lafarrerr-anti-spot-spf50-sunscreen-cream-for-oily-and-acne-prone-skin-25318,"اصلا خوب نیست ، نه بو نه بافتش 
پوستو کثیف نشون میده و حجمش هم کمه
الان با این قیمت اصلا صرفه ی خرید هم نداره",0,false,2026-05-17T11:27:23.4288708+03:30,منفی,0.67,محصول | اصل بودن کالا | قیمت,اصل بودن کالا
کرم ضد آفتاب و ضد لک بی رنگ مدل SPF50 مناسب پوست چرب و آکنه دار حجم 40 میلی لیتر,https://www.khanoumi.com/products/lafarrerr-anti-spot-spf50-sunscreen-cream-for-oily-and-acne-prone-skin-25318,کیفیت خوبی داشت اما اصلا ارزش اینکه دوبرابر قبل هزینه کنی نداره.,0,true,2026-05-14T23:25:09.6856863+03:30,مثبت,0.91,محصول | اصل بودن کالا | قیمت,محصول
کرم ضد آفتاب و ضد لک بی رنگ مدل SPF50 مناسب پوست چرب و آکنه دار حجم 40 میلی لیتر,https://www.khanoumi.com/products/lafarrerr-anti-spot-spf50-sunscreen-cream-for-oily-and-acne-prone-skin-25318,افتضاحه,0,false,2026-05-14T20:16:34.420469+03:30,منفی,0.67,سایر,سایر
کرم ضد آفتاب و ضد لک بی رنگ مدل SPF50 مناسب پوست چرب و آکنه دار حجم 40 میلی لیتر,https://www.khanoumi.com/products/lafarrerr-anti-spot-spf50-sunscreen-cream-for-oily-and-acne-prone-skin-25318,من دیگه این ضد افتابو نمیخرم چون پوستم خشکه بیشتر خشک تر میشه اصلا یه جوریه قیمتشم ک الکی گرونه نه کیفیت داره نه چیزی,0,false,2026-05-13T16:07:04.2583955+03:30,مثبت,0.67,محصول | قیمت | اصل بودن کالا,محصول
کرم ضد آفتاب و ضد لک بی رنگ مدل SPF50 مناسب پوست چرب و آکنه دار حجم 40 میلی لیتر,https://www.khanoumi.com/products/lafarrerr-anti-spot-spf50-sunscreen-cream-for-oily-and-acne-prone-skin-25318,این کالا اگه به دلیل مواد وارداتی که داشته و الان وارد نمیشه گرون شده که کاملا مناقضه،چون اگه مواد نیست تولید هم باید متوقف شه ،اگر غیر اینه باید دلیل گرونیش با این شدت  رو بدونیم,0,false,2026-05-13T15:43:29.9201903+03:30,منفی,0.67,محصول | قیمت,محصول
کرم ضد آفتاب و ضد لک بی رنگ مدل SPF50 مناسب پوست چرب و آکنه دار حجم 40 میلی لیتر,https://www.khanoumi.com/products/lafarrerr-anti-spot-spf50-sunscreen-cream-for-oily-and-acne-prone-skin-25318,این قیمت با این حجم واقعا وحشتناکه! اون هم یه برند ایرانی و کاملا معمولی که فقط صرفا جایگزین برندهای خوب خارجی شده تا حدالامکان بتونه نصف تاثیر اونارو بذاره. جای تاسف داره این قیمتها..,0,false,2026-05-12T13:14:29.2083963+03:30,مثبت,0.67,محصول | قیمت,محصول
کرم ضد آفتاب و ضد لک بی رنگ مدل SPF50 مناسب پوست چرب و آکنه دار حجم 40 میلی لیتر,https://www.khanoumi.com/products/lafarrerr-anti-spot-spf50-sunscreen-cream-for-oily-and-acne-prone-skin-25318,دلیل این همه گرونی لافارر رو نمیدونم.کیفیت خاصی هم نداره.من که اصلا از محصولاتش راضی نیستم,0,true,2026-05-07T16:58:50.1729474+03:30,منفی,0.79,محصول | اصل بودن کالا | قیمت,اصل بودن کالا
کرم ضد آفتاب و ضد لک بی رنگ مدل SPF50 مناسب پوست چرب و آکنه دار حجم 40 میلی لیتر,https://www.khanoumi.com/products/lafarrerr-anti-spot-spf50-sunscreen-cream-for-oily-and-acne-prone-skin-25318,واقعا راضی هستم ازش,0,true,2026-05-05T08:18:48.3779789+03:30,مثبت,0.67,سایر,سایر
کرم ضد آفتاب و ضد لک بی رنگ مدل SPF50 مناسب پوست چرب و آکنه دار حجم 40 میلی لیتر,https://www.khanoumi.com/products/lafarrerr-anti-spot-spf50-sunscreen-cream-for-oily-and-acne-prone-skin-25318,اصلا بافت جالبی نداره، موقع زدنش حس زبری زیر دست حس میکنم و رد سفید هم میندازه، جذب پوست هم نمیشه انگار چون دو ساعت بعدش دست میکشی از رو پوست بلند میشه. باز هم لافارر ناامیدم کرد دیگه هیچی ازش نمیگیرم.,0,true,2026-05-04T01:33:10.3251341+03:30,مثبت,0.67,محصول | اصل بودن کالا,محصول
کرم ضد آفتاب و ضد لک بی رنگ مدل SPF50 مناسب پوست چرب و آکنه دار حجم 40 میلی لیتر,https://www.khanoumi.com/products/lafarrerr-anti-spot-spf50-sunscreen-cream-for-oily-and-acne-prone-skin-25318,به طرز عجیبی اصلا مناسب پوست چرب نیست. رد سفیدی میذاره باید صبر کنید که جذب بشه. پوست رو به شدت براق میکنه. حین ماساژ هم متوجه شدم خیلی زبره. ابرسانی هم نداره.,0,false,2026-04-28T16:16:50.2054456+03:30,مثبت,0.67,محصول | اصل بودن کالا,محصول
کرم ضد آفتاب و ضد لک بی رنگ مدل SPF50 مناسب پوست چرب و آکنه دار حجم 40 میلی لیتر,https://www.khanoumi.com/products/lafarrerr-anti-spot-spf50-sunscreen-cream-for-oily-and-acne-prone-skin-25318,این محصول خیلی فوق العادست، سبکه، خیلی زود جذب میشه، پوست رو براق نمیکنه، ماندگاری بالایی داره، تو آفتاب شدید هم واقعا پاسخگوعه، من باهاش نه جوش زدم نه کک و مک و نه پوستم زیر آفتاب تیره شد. الان دو ساله که دارم استفاده میکنم و همیشه هم از خانومی خریدم. لطفا موجودش کنید,0,true,2026-04-27T12:39:13.5227967+03:30,خنثی,0.35,محصول | خدمات و پشتیبانی,محصول
کرم ضد آفتاب و ضد لک بی رنگ مدل SPF50 مناسب پوست چرب و آکنه دار حجم 40 میلی لیتر,https://www.khanoumi.com/products/lafarrerr-anti-spot-spf50-sunscreen-cream-for-oily-and-acne-prone-skin-25318,اصلا ارزش خرید نداره . چربه . پوستو برق میندازه و باعث جوش میشه,0,false,2026-04-24T23:01:06.0329219+03:30,خنثی,0.35,محصول | اصل بودن کالا | قیمت,محصول
کرم ضد آفتاب و ضد لک بی رنگ مدل SPF50 مناسب پوست چرب و آکنه دار حجم 40 میلی لیتر,https://www.khanoumi.com/products/lafarrerr-anti-spot-spf50-sunscreen-cream-for-oily-and-acne-prone-skin-25318,"ضدافتاب خوبیه 
من چندباری استفاده کردم ازش ولی حجمش خیلی کمه 
قیمتشم خیلی بالا رفته 
ولی در کل راضی کننده هست",0,true,2026-04-24T22:43:55.970428+03:30,مثبت,0.91,محصول | قیمت,محصول
کرم ضد آفتاب و ضد لک بی رنگ مدل SPF50 مناسب پوست چرب و آکنه دار حجم 40 میلی لیتر,https://www.khanoumi.com/products/lafarrerr-anti-spot-spf50-sunscreen-cream-for-oily-and-acne-prone-skin-25318,"سبکه زود جذب میشه برای پوست من که جوش دار بود جوش جدید نیاورد ولی پیل میشه موقع زدن رو صورت 
و حجمش کمه نسبت به قیمتش به نظر من",0,true,2026-04-24T14:35:39.6506971+03:30,خنثی,0.35,محصول | قیمت,محصول
