نام محصول,لینک محصول,متن کامنت,تعداد لایک,خریدار,تاریخ ثبت,احساس نظر,اطمینان احساس,دسته‌بندی‌ها,دسته اصلی
روغن ترمیم کننده پوست 60میل,https://www.khanoumi.com/products/bio-oil-specialist-skincare-19140,موجودش کنیددد😔هرچی من میخوام که تموم شده.,0,false,2017-12-05T16:08:52.19+00:00,خنثی,0.35,محصول,محصول
روغن ترمیم کننده پوست 60میل,https://www.khanoumi.com/products/bio-oil-specialist-skincare-19140,شارژش کنید لطفا من از سبد خریدم حذف شد میخوامش😟😟😟,0,true,2017-11-30T13:01:43.0433333+00:00,منفی,0.67,سایر,سایر
روغن ترمیم کننده پوست 60میل,https://www.khanoumi.com/products/bio-oil-specialist-skincare-19140,"من ٧ ماهه باردارم و هر روز از اين محصول استفاده ميكنم،و خيلي راضيم ...
تا حالا هم نه تنها اصلا هيچ تركي نخوردم  بلكه پوست شكمم هم شفاف تر شده",4,false,2017-11-26T00:22:19.62+00:00,مثبت,0.91,محصول | اصل بودن کالا,محصول
روغن ترمیم کننده پوست 60میل,https://www.khanoumi.com/products/bio-oil-specialist-skincare-19140,لطفا موجودش كنيد,6,true,2017-11-15T11:06:15.21+00:00,خنثی,0.35,محصول,محصول
روغن ترمیم کننده پوست 60میل,https://www.khanoumi.com/products/bio-oil-specialist-skincare-19140,لطفا موجود كنيد,8,true,2017-11-14T02:10:03.0733333+00:00,خنثی,0.35,محصول,محصول
روغن ترمیم کننده پوست 60میل,https://www.khanoumi.com/products/bio-oil-specialist-skincare-19140,لطفاااا شارژش کنید.خیلی منتظرش بودم ولی تموم شد زود :(,10,false,2017-11-13T20:04:35.39+00:00,خنثی,0.35,محصول,محصول
کرم  ویتامین سی 200 میلی  لیتر,https://www.khanoumi.com/products/jey-cream-19142,کرم خوبی هست بافتش به صورتی هست که انگار یک لایه روس پوست میگیره ولی زود جذب پوست میشه، میزان چربیش هم خوب هست,1,true,2022-09-20T15:25:48+00:00,مثبت,0.79,محصول,محصول
کرم  ویتامین سی 200 میلی  لیتر,https://www.khanoumi.com/products/jey-cream-19142,رو خود محصول مشخصه نوشته 200ml,1,false,2018-11-17T17:21:21.1566667+00:00,خنثی,0.35,محصول,محصول
کرم  ویتامین سی 200 میلی  لیتر,https://www.khanoumi.com/products/jey-cream-19142,سلام چرا زدین دویست میلی. ولی تو اطلاعات محصول. خورده. پنجاه میلی. الان کدوم حجم درسته ؟,0,false,2018-10-22T12:40:18.8666667+00:00,خنثی,0.35,محصول,محصول
کرم  مولتی ویتامین,https://www.khanoumi.com/products/jey-cream-19143,نمیدونم چی بگم انتظار خفن بودن نداشته باشین برا دم دستی خوبه کارخاصی نمیکنه,0,true,2026-04-13T02:12:56.9305393+03:30,خنثی,0.35,محصول,محصول
  اسپری نگهدارنده حالت مو کلاسیک تافت,https://www.khanoumi.com/products/schwarzkopf-taft-classic-hairspray-19144,این محصول موجود نمی کنید ؟,0,false,2024-12-21T08:11:00.0489915+00:00,خنثی,0.35,محصول,محصول
کیت رنگ مو نیم ست پالت,https://www.khanoumi.com/products/schwarzkopf-palette-intensive-colour-cream-19148,"چند میل هستش؟
",34,false,2017-11-17T22:17:05.95+00:00,خنثی,0.35,سایر,سایر
کیت رنگ مو دلوکس  پالت,https://www.khanoumi.com/products/schwarzkopf-palette-deluxe-hair-colour-19149,چند میل هستش؟,14,false,2017-11-17T22:17:19.0233333+00:00,خنثی,0.35,سایر,سایر
روغن مغذی  ضد موخوره,https://www.khanoumi.com/products/schwarzkopf-gliss-oil-nutritive-split-ends-fluid-19154,این ماسک محححشره بعد از اولین استفاده نتیجشو میبینین، بوی خوبی داره، خیلیی حالت خوبی ب مو میده،بر پایه آبه و مو رو چرب نمیکنه، باید ب نوک موها زده بشه، بی صبرانه منتظر شارژ شدنش هستم 😍,0,false,2023-11-01T18:21:03+00:00,مثبت,0.79,محصول,محصول
روغن مو میلیون گلاس گلیس,https://www.khanoumi.com/products/schwarzkopf-gliss-million-gloss-crystal-oil-19155,سلام لطفاً این محصول و موجود کنید,0,false,2025-02-17T15:22:14.6478829+00:00,خنثی,0.35,محصول,محصول
سرم ترمیم کننده مو 19 کاره,https://www.khanoumi.com/products/schwarzkopf-gliss-total-repair-wonder-serum-spray-19156,چرا کسانی که محصولات رو میخرن نمیان دربارشون نظر بدن؟ خواهش میکنم هرکس محصولی رو میخره بیاد نظرشو بگه تا بقیه هم بتونن استفاده کنن، من از محصولات گلیس هرکدوم که داشتم تا حالا خیلی راضی بودم به جز این، تاثیر مفیدی که نداره، باعث شده موهای من به شدت کدر و زبر و خشن بشه اصلا راضی نیستم از این,10,true,2018-04-07T18:34:34.5233333+00:00,منفی,0.79,محصول | اصل بودن کالا,اصل بودن کالا
اسپری ترمیم کننده و محافظ در برابر حرارت,https://www.khanoumi.com/products/schwarzkopf-gliss-total-repair-heat-protection-spray-19157,شارژ نمیکنین؟؟؟!!!,0,false,2024-10-25T08:09:30.0387631+00:00,خنثی,0.35,سایر,سایر
اسپری ترمیم کننده و محافظ در برابر حرارت,https://www.khanoumi.com/products/schwarzkopf-gliss-total-repair-heat-protection-spray-19157,دیگه نمیارید ازین محصول؟؟ کــــــــــی؟,6,false,2018-02-25T18:54:54.8166667+00:00,خنثی,0.35,محصول,محصول
 شیر بدن روغن طلایی سفت کننده پوست,https://www.khanoumi.com/products/bielenda-golden-oils-ultra-firming-body-milk-19193,خانومی این محصولو موجود کن منتظرشیم.,2,false,2018-02-11T19:10:22.5766667+00:00,خنثی,0.35,محصول,محصول
 شیر بدن روغن طلایی سفت کننده پوست,https://www.khanoumi.com/products/bielenda-golden-oils-ultra-firming-body-milk-19193,بسیار عالی است. پوست رو تا مدت ها نرم نگه میداره مثل پنبه و اکلیل های خیلی ریزی داره که زیر نور آفتاب روی بدن معلوم میشه. ولی بوش معمولیه. ,2,true,2018-01-09T13:15:20.07+00:00,ترکیبی,0.71,محصول,محصول
 شیر بدن روغن طلایی مغذی بدن,https://www.khanoumi.com/products/bielenda-golden-oils-ultra-nourishing-body-milk-19194,عالی..کرم  مغذی ونرم کننده برای پوست خشک عالی.,1,true,2017-12-15T11:29:50.7266667+00:00,مثبت,0.79,محصول,محصول
 شیر بدن روغن طلایی مغذی بدن,https://www.khanoumi.com/products/bielenda-golden-oils-ultra-nourishing-body-milk-19194,اين حالت روغني داره يا مثل لوسيون كرمي؟,2,false,2017-11-25T12:38:20.4933333+00:00,خنثی,0.35,محصول,محصول
روغن صورت روغن آرگان و رتینول,https://www.khanoumi.com/products/bielenda-argan-face-oil-19195,موجود نميكنيد اين محصول رو؟,7,false,2018-02-17T14:11:57.5066667+00:00,خنثی,0.35,محصول,محصول
روغن صورت روغن آرگان و رتینول,https://www.khanoumi.com/products/bielenda-argan-face-oil-19195,من اين روغن رو گرفتم واقعا ازش راضي هستم پوستم مختلط هستش ، بخاطر همين هرشب استفاده نميكنم اول كه ميزني سنگينه ولي خيلي خوب و سريع جذب پوست ميشه دوستام گفتن پوستم كمي روشنتر شده .تازه من به دست و باهامم ميزنم با اينكه نوشته صورت ,2,true,2018-01-12T22:18:06.48+00:00,مثبت,0.91,محصول,محصول
روغن صورت روغن آرگان و رتینول,https://www.khanoumi.com/products/bielenda-argan-face-oil-19195,"سلام
من این محصولو برای مامانم گرفتم..ازش راضی هستن...مامانم پوست نرمالی داشتن اما داره پوستشون خشک میشه...این روغن خیلی خوب جذب پوستشون میشه و ب گفته خودشون با استفاده  از این روغن حس طراوت میکنن...ب نظر خودمم هم ب پوستشون افتاده.مامانم 48 ساله هستن..برای پوست من مناسب نبود پوستم چربه. سنگینه برام...کلا بنظرم برای پوست خشک خیلی خوبه..خودمم 29 سالمه...دوباره برای مامانم میخرمش...",2,true,2018-01-09T14:45:03.67+00:00,مثبت,0.95,محصول,محصول
روغن صورت روغن آرگان و رتینول,https://www.khanoumi.com/products/bielenda-argan-face-oil-19195,من این محصول رو گرفتم . پوستم چربه حس میکنم که قراره باهاش جوش بزنم و منافذم باز شه اخه دیر جذب میشه و یکم سنگینه . باز بعد از استفاده اعلام میکنم نتبجه رو ,0,true,2018-01-05T15:33:37.4466667+00:00,خنثی,0.35,محصول,محصول
روغن صورت روغن آرگان و رتینول,https://www.khanoumi.com/products/bielenda-argan-face-oil-19195,سلام..من دارم استفاده میکنم حدود ۲،۳هفتست ولی اثری از روشنی نرمی تو پوستم ندیدم بعداز شستشو ..بوی خیلی بدی هم داره انگار امگا توش هست .. در کل دارم استفاده میکنم ،اخرش رو هم گزارش میدم,3,true,2017-12-25T05:37:25.85+00:00,منفی,0.67,محصول,محصول
ادوتویلت مردانه المپیان اسپرت,https://www.khanoumi.com/products/emper-prive-olympian-sports-eau-de-toilette-19196,بوی فوق العاده ای داره. حیف که تموم شده و مجدد شارژ نمیشه. من کل تهرانو زیر و رو کردم ک پیداش کنم اما نشد. خانومی لطفا شارژش کن واقعا بوی محشری داره,1,true,2019-11-29T00:56:28+00:00,مثبت,0.67,محصول,محصول
ادوتویلت مردانه المپیان اسپرت,https://www.khanoumi.com/products/emper-prive-olympian-sports-eau-de-toilette-19196,این ادکلن واسه من اشانتیون اومد، بوش خوبه ولی ب نظرم زیاد تلخ نیس. ماندگاری قابل قبولی هم داره نسبت ب قیمتش، اما زیاد پخش بو نداره,0,true,2018-12-07T15:48:04.4+00:00,مثبت,0.79,محصول | قیمت,محصول
ادوتویلت مردانه المپیان اسپرت,https://www.khanoumi.com/products/emper-prive-olympian-sports-eau-de-toilette-19196,میشه بگین از ۱ تا ۱۰ چقد تلخه؟,0,false,2018-11-20T13:19:20.1433333+00:00,خنثی,0.35,سایر,سایر
ادوتویلت مردانه المپیان اسپرت,https://www.khanoumi.com/products/emper-prive-olympian-sports-eau-de-toilette-19196,بوی خوبی داره/وقتی بمونه خوشبو تر میشه/موندگاری ۵/۱۰,0,true,2018-04-12T11:23:00.6866667+00:00,مثبت,0.67,محصول,محصول
ادوتویلت مردانه المپیان اسپرت,https://www.khanoumi.com/products/emper-prive-olympian-sports-eau-de-toilette-19196,شانس لطفا,2,true,2018-01-04T17:09:58.9933333+00:00,خنثی,0.35,سایر,سایر
ماسک پیل  آف  چای سبز و شکوفه پرتقال,https://www.khanoumi.com/products/freeman-green-tea-and-orange-blossom-mask-19197,من پوستم خشکه میتونم از این ماسک استفاده کنم؟!,18,false,2018-02-17T13:47:57.1366667+00:00,خنثی,0.35,محصول,محصول
ماسک خاک رسی صورت عسل  و روغن درخت چای,https://www.khanoumi.com/products/freeman-manuka-honey-and-tea-tree-mask-19198,سلام ایکاش تو اسفند ماه رو تمام ماسک ها و اسکراب ها و شوینده های فیری من یک تخفیف حسابی میگذاشتید دم عیدی و ما مشتریان خانومی را خوشحال میکردید 😊😊😊😊,6,true,2019-02-18T14:47:21.7066667+00:00,خنثی,0.35,قیمت,قیمت
ماسک خاک رسی صورت عسل  و روغن درخت چای,https://www.khanoumi.com/products/freeman-manuka-honey-and-tea-tree-mask-19198,خيلي خوبه واسه پوست من معجزه كرد ,4,true,2018-06-09T18:50:54.0066667+00:00,مثبت,0.91,محصول,محصول
ماسک خاک رسی صورت عسل  و روغن درخت چای,https://www.khanoumi.com/products/freeman-manuka-honey-and-tea-tree-mask-19198,ماسک خوبیه برای پوست چرب واقعا پوست رو مات میکنه و اینکه جوش ها رو کوچیک میکنه دوسش دارم ❤❤,2,false,2018-06-06T17:12:39.73+00:00,مثبت,0.67,محصول,محصول
ماسک خاک رسی صورت عسل  و روغن درخت چای,https://www.khanoumi.com/products/freeman-manuka-honey-and-tea-tree-mask-19198,"اسم دقیقش اینه --- > ماسک صورت خاک رسی و پاکسازی کننده عسل مانوکا و روغن درخت چای
",10,false,2018-02-26T17:56:44.2666667+00:00,خنثی,0.35,سایر,سایر
ماسک صورت خاک رسی الماس معدنی,https://www.khanoumi.com/products/freeman-diamond-mineral-rinse-mask-19199,لطفا توشانس بزاریدش..,4,true,2019-02-01T16:21:39.72+00:00,خنثی,0.35,سایر,سایر
ماسک صورت خاک رسی الماس معدنی,https://www.khanoumi.com/products/freeman-diamond-mineral-rinse-mask-19199,تا فردا میه باز الماسشو‌ شارژ کنین؟ من از عصر منتظرم شارژ شه ,3,true,2018-12-22T22:06:27.5866667+00:00,خنثی,0.35,سایر,سایر
ماسک صورت خاک رسی الماس معدنی,https://www.khanoumi.com/products/freeman-diamond-mineral-rinse-mask-19199,یعنی چیییییی ۳ دقیقه ازین که اومد رو سایت تموم شد من منتظرم از یک ساعت پیش  بالا نمیومود سایتم,1,true,2018-12-22T22:04:34.0833333+00:00,خنثی,0.35,محصول,محصول
ماسک صورت خاک رسی الماس معدنی,https://www.khanoumi.com/products/freeman-diamond-mineral-rinse-mask-19199,وقتی استفاده میکنی یه حس خنکی خوبی میده و چند درجه روشن تر.پوست رو لطیف و یه دست میکنه و حس خوبی میده. تمام خصوصیتایی ک نوشته داره. فقط بعدش حتما از آبرسان و مرطوب کنندتون استفاده کنید.,3,true,2018-11-18T16:49:00.9966667+00:00,مثبت,0.79,محصول,محصول
ماسک صورت خاک رسی الماس معدنی,https://www.khanoumi.com/products/freeman-diamond-mineral-rinse-mask-19199,"من این ماسک رو خریدم و دیروز به دستم رسید
با اولین استفاده پوست رو لطیف میکنه و بوی خوبی داره
اما دونه های اسکرابش خیلی درشته و نمیشه زیاد پوست رو ماساژ داد
و اینکه من فکر میکردم ازین ماسکهاست که به صورت لایه ای از روی پوست برداشته میشه،اما باید با شستشو از روی پوست پاکش کرد،البته در توضیحات ذکر شده بود اما من دقت نکرده بودم
امیدوارم در طولانی مدت اثر خوبی بگذاره",1,true,2018-11-12T10:49:39.71+00:00,مثبت,0.79,محصول | تحویل و ارسال,محصول
ماسک صورت خاک رسی الماس معدنی,https://www.khanoumi.com/products/freeman-diamond-mineral-rinse-mask-19199,وای عـالی بود این ماسک،احساس سبکی پوست شفاف کاش،دچتا خریده بودم,4,true,2018-08-25T14:52:19.0166667+00:00,خنثی,0.35,محصول,محصول
ماسک صورت خاک رسی الماس معدنی,https://www.khanoumi.com/products/freeman-diamond-mineral-rinse-mask-19199,با یکبار مصرف هم پوست را سفید و نرم می کنه. فقط مواظب باشید بیشتر از دو بار در هفته استفاده نکنید که پوست را خشک می کند. دانه های اسکرابش خیلی زبر نیست ولی خاصیت لایه برداریش زیاده. اطراف بینی و هرجای دیگری که پوست نازک دارد با احتیاط مصرف کنید.,3,true,2018-08-11T11:35:37.9866667+00:00,خنثی,0.35,محصول,محصول
ماسک صورت خاک رسی الماس معدنی,https://www.khanoumi.com/products/freeman-diamond-mineral-rinse-mask-19199,"دوسش داشتم پوست رو خنک میده و بوی خوبی داره 
",4,true,2018-07-11T14:12:58.2833333+00:00,مثبت,0.67,محصول,محصول
ماسک صورت خاک رسی الماس معدنی,https://www.khanoumi.com/products/freeman-diamond-mineral-rinse-mask-19199,دووسش دارم👍👍پوستو روشن و خنننک میکنه👌,5,true,2018-03-10T11:00:51.8466667+00:00,خنثی,0.35,محصول,محصول
ماسک صورت خاک رسی الماس معدنی,https://www.khanoumi.com/products/freeman-diamond-mineral-rinse-mask-19199,ماسک خوبیه.حس خوبی میده بوی خوبی داره و بعد از استفاده پوست روشن میشه,6,false,2018-02-23T20:51:08.6333333+00:00,مثبت,0.91,محصول,محصول
ماسک صورت خاک رسی الماس معدنی,https://www.khanoumi.com/products/freeman-diamond-mineral-rinse-mask-19199,من این ماسک رو تازه گرفتم و چند بار هم استفاده کردم واقعا خوبه مخصوصا کم کم پوست رو روشن و صاف میکنه که واقعا محسوسه ❤👍,17,false,2017-12-04T19:38:02.2166667+00:00,مثبت,0.79,محصول,محصول
ماسک صورت خیارو نمک صورتی,https://www.khanoumi.com/products/freeman-cucumber-and-pink-salt-mask-19200,"چرا اینقدر باعث سوزش میشه؟
ب خاطر حساسیت پوستیه یا مکانیزمه پاک کنندگیشه؟
لطفا راهنمایی کنید",0,false,2025-04-25T17:59:56.2298842+00:00,خنثی,0.35,محصول,محصول
ماسک صورت خیارو نمک صورتی,https://www.khanoumi.com/products/freeman-cucumber-and-pink-salt-mask-19200,عالیه ,0,false,2023-01-24T12:52:16+00:00,مثبت,0.79,سایر,سایر
ماسک صورت خیارو نمک صورتی,https://www.khanoumi.com/products/freeman-cucumber-and-pink-salt-mask-19200,خيلي خوب بود من پوستم چربه ازش راضيم تو بار اول جوشام رو برد,9,true,2018-06-05T18:52:36.1333333+00:00,مثبت,0.95,محصول,محصول
ماسک صورت خیارو نمک صورتی,https://www.khanoumi.com/products/freeman-cucumber-and-pink-salt-mask-19200,پوست منو خیلی سوزوند :(,14,true,2018-05-02T23:50:32.25+00:00,خنثی,0.35,محصول,محصول
ماسک صورت خیارو نمک صورتی,https://www.khanoumi.com/products/freeman-cucumber-and-pink-salt-mask-19200,من این ماسک رو سفارش دادم میتونم بگم فوق العاده ست.بعدش کاملا تغییرات پوستم رو به چشم دیدم.تمام منافذ صورتم رو بیت و کاملا پاکسازی کرد.جز ماسک هاییه که میخوام همیشه ازش استفاده کنم.ممنون از محصولات با کیفیتتون,18,false,2018-04-27T18:38:26.27+00:00,مثبت,0.79,محصول,محصول
ماسک صورت خیارو نمک صورتی,https://www.khanoumi.com/products/freeman-cucumber-and-pink-salt-mask-19200,شانسسسسس لطفاااااا,10,false,2018-04-16T10:48:34.9033333+00:00,خنثی,0.35,سایر,سایر
ماسک صورت خیارو نمک صورتی,https://www.khanoumi.com/products/freeman-cucumber-and-pink-salt-mask-19200,شانسسسسس لطفا، اصلا از بلک فرایدی امسال راضی نبودم، پارسال خیلی بهتر بود,9,false,2017-11-23T12:13:33.74+00:00,خنثی,0.35,محصول | تحویل و ارسال | اصل بودن کالا,محصول
ماسک صورت کرمی بابونه و عسلک,https://www.khanoumi.com/products/freeman-honeydew-and-chamomile-sleeping-mask-19201,علت سوزش پوست دهیدراته بودن پوست صورت یا همون کم آب بودن پوست صورته که وقتی این کم ابی رفع بشه دیگه اون حس سوزش رو نخواهید داشت . من یک شب در میون میزنم و واقعا عالیه . ,0,false,2020-12-18T04:42:18+00:00,مثبت,0.79,محصول,محصول
ماسک صورت کرمی بابونه و عسلک,https://www.khanoumi.com/products/freeman-honeydew-and-chamomile-sleeping-mask-19201,سلام . این پکیج قدیمی هستش  و بعد سه سال عوض میشه.تو سایت فریمن پکیج جدیدش هست.پس این پکی ک گذاشتین تاریخ گذشتست,6,false,2018-11-21T00:07:45.7266667+00:00,خنثی,0.35,سایر,سایر
ماسک صورت کرمی بابونه و عسلک,https://www.khanoumi.com/products/freeman-honeydew-and-chamomile-sleeping-mask-19201,علت سوزش پوست. در حین استفاده از ماسک چیه؟,9,false,2018-05-01T21:15:32.4466667+00:00,خنثی,0.35,محصول,محصول
ماسک صورت کرمی بابونه و عسلک,https://www.khanoumi.com/products/freeman-honeydew-and-chamomile-sleeping-mask-19201,وقت بخیر ، هر شب باید این ماسک رو استفاده کرد؟ یا دو یار در هفته؟,5,true,2018-04-09T19:49:45.4+00:00,خنثی,0.35,سایر,سایر
ماسک صورت کرمی بابونه و عسلک,https://www.khanoumi.com/products/freeman-honeydew-and-chamomile-sleeping-mask-19201,سلام من از این ماسک استفاده کردم اولش میسوزه پوست صورتم نباید ازش استفاده کنم ؟؟؟؟؟,3,true,2018-03-19T19:56:53.01+00:00,خنثی,0.35,محصول,محصول
شامپو استوایی پاپایا و انبه,https://www.khanoumi.com/products/freeman-papaya-and-mango-shampoo-19202,موهای منو خیلی خشک کرد کیفیتش از شامپوهای صحت هم پایینتره!,0,true,2019-03-27T13:02:47.7266667+00:00,خنثی,0.35,محصول,محصول
شامپو استوایی پاپایا و انبه,https://www.khanoumi.com/products/freeman-papaya-and-mango-shampoo-19202,برای موی رنگ شده و خشک شده یه شامپوی خیلی ایده آله و اثر دهیش واقعا حس می شه تازه بوشم که اصلا عااالیه حس خوبی میده استفادش💕,8,true,2018-04-05T20:10:22.3033333+00:00,مثبت,0.79,محصول | اصل بودن کالا,محصول
نرم کننده استوایی پاپایا و لیمو,https://www.khanoumi.com/products/freeman-papaya-and-lemon-conditioner-19205,موهامو واقعا درخشنده می کنه. ازش راضی بودم,0,true,2020-01-16T17:23:03+00:00,مثبت,0.67,محصول,محصول
نرم کننده استوایی پاپایا و لیمو,https://www.khanoumi.com/products/freeman-papaya-and-lemon-conditioner-19205,من از این نرم کننده راضی نیستم به نظرم نسبت به فولیکا که قبلا میزدم هیچ مزیتی نداره تازه به موهای من حالت چسبندگی میده و موهام بیشتر گره میخوره ...,1,false,2019-11-30T11:52:05+00:00,منفی,0.67,محصول,محصول
نرم کننده استوایی پاپایا و لیمو,https://www.khanoumi.com/products/freeman-papaya-and-lemon-conditioner-19205,بیشتر آبرسان هست تا نرم کننده و منم راضی بودم، چون موهای من فره و نرم کنندگی زیاد باعث بی حالتی موهام میشه. درخشان کنندگیشم عالیه,4,true,2019-02-21T20:32:49.3433333+00:00,مثبت,0.91,محصول,محصول
نرم کننده استوایی پاپایا و نارگیل,https://www.khanoumi.com/products/freeman-papaya-and-coconut-conditioner-19206,برای من خیلی خوب بود دوستش دارم موهامو نرم کرد و گره موهام راحت باز شد به خاطر رنگ مو موهام کمی سخت شونه میشدن ولی الان راحت شدم ,0,true,2019-08-06T22:11:02.81+00:00,مثبت,0.91,محصول,محصول
نرم کننده استوایی پاپایا و نارگیل,https://www.khanoumi.com/products/freeman-papaya-and-coconut-conditioner-19206,متاسفانه اصلا جالب نبود  اصلا خاصیت نرم کنندگی نداشت حتی در حد محصولات داخی مثل اوه هم نیست ,1,true,2019-08-04T16:04:48.54+00:00,منفی,0.91,محصول | اصل بودن کالا,اصل بودن کالا
نرم کننده استوایی پاپایا و نارگیل,https://www.khanoumi.com/products/freeman-papaya-and-coconut-conditioner-19206,اصلا خوب نبود اصلا نرم کننده نبود,1,false,2019-03-06T13:27:27.6633333+00:00,منفی,0.67,محصول | اصل بودن کالا,اصل بودن کالا
نرم کننده استوایی پاپایا و نارگیل,https://www.khanoumi.com/products/freeman-papaya-and-coconut-conditioner-19206,اصلا خوب نبود اصلا نرم کننده نبود,1,false,2019-03-06T13:27:27.1466667+00:00,منفی,0.67,محصول | اصل بودن کالا,اصل بودن کالا
نرم کننده استوایی پاپایا و نارگیل,https://www.khanoumi.com/products/freeman-papaya-and-coconut-conditioner-19206,اصلا خوب نبود اصلا نرم کننده نبود,0,false,2019-03-06T13:27:26.6333333+00:00,منفی,0.67,محصول | اصل بودن کالا,اصل بودن کالا
نرم کننده استوایی پاپایا و نارگیل,https://www.khanoumi.com/products/freeman-papaya-and-coconut-conditioner-19206,اصلا خوب نبود اصلا نرم کننده نبود,0,false,2019-03-06T13:27:26.1166667+00:00,منفی,0.67,محصول | اصل بودن کالا,اصل بودن کالا
نرم کننده استوایی پاپایا و نارگیل,https://www.khanoumi.com/products/freeman-papaya-and-coconut-conditioner-19206,اصلا خوب نبود اصلا نرم کننده نبود,0,false,2019-03-06T13:27:25.6166667+00:00,منفی,0.67,محصول | اصل بودن کالا,اصل بودن کالا
نرم کننده استوایی پاپایا و نارگیل,https://www.khanoumi.com/products/freeman-papaya-and-coconut-conditioner-19206,اصلا خوب نبود اصلا نرم کننده نبود,0,false,2019-03-06T13:27:25.6+00:00,منفی,0.67,محصول | اصل بودن کالا,اصل بودن کالا
نرم کننده مو استوایی پاپایا و آواپوهی,https://www.khanoumi.com/products/freeman-papaya-and-awapuhi-conditioner-19207,خیلی خوشم اومد یه نرم کننده خیلی دلپسند بوشم که واقعا عالیه,19,true,2018-04-05T19:48:32.71+00:00,مثبت,0.79,محصول,محصول
ماسک مو استوایی پاپایا و انبه,https://www.khanoumi.com/products/freeman-papaya-and-mango-conditioner-19208,من از اين ماسك مو رو خيلي دوس داشتم بار سومه دارم ازش استفاده ميكنم عاليه😍😍😍❤️,3,true,2019-09-28T15:08:22+00:00,مثبت,0.79,محصول,محصول
ماسک مو استوایی پاپایا و انبه,https://www.khanoumi.com/products/freeman-papaya-and-mango-conditioner-19208,به نظرم افتضاح ترین چیزی بود که تو زندگیم خریدم و حیف پول چون هم بوش خیلی بده هم مثل وازلین میمونه هم ریزش مو گرفتم اصلا ارزش خرید نداره,2,true,2019-09-22T11:08:38+00:00,منفی,0.91,محصول | اصل بودن کالا | قیمت,اصل بودن کالا
ماسک مو استوایی پاپایا و انبه,https://www.khanoumi.com/products/freeman-papaya-and-mango-conditioner-19208,به نظرم افتضاح ترین چیزی بود که تو زندگیم خریدم و حیف پول چون هم بوش خیلی بده هم مثل وازلین میمونه هم ریزش مو گرفتم اصلا ارزش خرید نداره,2,true,2019-09-22T11:08:28+00:00,منفی,0.91,محصول | اصل بودن کالا | قیمت,اصل بودن کالا
ماسک مو استوایی پاپایا و انبه,https://www.khanoumi.com/products/freeman-papaya-and-mango-conditioner-19208,بوی فوق العاده ای داره اما برای من ک موهای بلتدی دارم متاسفانه حجمش خیلی کم بود میشه این پول رو گذاشت و باهاش ماسک موی بهتری رو خرید حجمش خیلی کم بود و ب نظرم اون چیزی نبود ک ازش تعریف میکردن ارزش خرید نداره ,5,false,2019-06-02T19:23:00.7733333+00:00,منفی,0.67,محصول | قیمت,محصول
ماسک مو استوایی پاپایا و انبه,https://www.khanoumi.com/products/freeman-papaya-and-mango-conditioner-19208,"اصلا راضی نبودم
ریزش مو پیدا کردم بعد از استفاده از این ماسک
حجم خیلی زیادش هم خالی بود ",4,false,2019-04-28T10:18:15.6333333+00:00,منفی,0.79,محصول | اصل بودن کالا,اصل بودن کالا
ماسک مو استوایی پاپایا و انبه,https://www.khanoumi.com/products/freeman-papaya-and-mango-conditioner-19208,خیلی ماسک ضعیفیه. ارزش خرید نداره,8,true,2019-02-15T09:57:55.4533333+00:00,منفی,0.79,قیمت,قیمت
ماسک مو استوایی پاپایا و انبه,https://www.khanoumi.com/products/freeman-papaya-and-mango-conditioner-19208,نسبت به قیمتش خیلی ضعیفه،ماسکای خیلی بهتری هم قیمت این تو بازار هستن,6,true,2019-01-15T04:41:50.0333333+00:00,منفی,0.67,قیمت,قیمت
ماسک مو استوایی پاپایا و انبه,https://www.khanoumi.com/products/freeman-papaya-and-mango-conditioner-19208,منم خریدم نصف بسته هوا بود البته ماسک اووکادو فریمن هم که گرفتم اونم کم داشت نسبت به بستش، درکل دوباره بخوام بگیرم دیگه اینو انتخاب نمیکنم ,5,true,2018-12-07T22:18:06.6866667+00:00,خنثی,0.35,محصول | تحویل و ارسال,محصول
ماسک مو استوایی پاپایا و انبه,https://www.khanoumi.com/products/freeman-papaya-and-mango-conditioner-19208,سلام من امروز بسته کالا مو دریافت کردم. اولا که هیچ پلمپی زیر درب نبود و باز بود و نصفش خالی بود. متوجه نمیشم روش نوشته 150 میل ولی داخلش 50 میل داره ؟,6,true,2018-08-29T19:59:16.62+00:00,خنثی,0.35,محصول | تحویل و ارسال,محصول
ماسک مو استوایی پاپایا و انبه,https://www.khanoumi.com/products/freeman-papaya-and-mango-conditioner-19208,خیلی ماسک خوبیه با اینکه چربه و خیلی باید بشوریش ولی بعد لطافت میده به موها,6,true,2018-05-23T00:09:31.17+00:00,مثبت,0.67,محصول,محصول
رژلب قلمی,https://www.khanoumi.com/products/cosart-slim-stick-19210,سلتم ..چرا از این برند هیچی تخفیف نخورد من خیلی صبر کردم,6,false,2018-11-25T00:30:06.3866667+00:00,خنثی,0.35,قیمت,قیمت
رژلب ژلی الگانس,https://www.khanoumi.com/products/cosart-gel-lipstick-elegance--952-19211,"سلام من این محصول رو استفاده نکردم فقط برای ثبت‌ نظرم مجبور به امتیازدهی شدم
 این محصول رو دیگه موجود نمی‌کنید ؟",0,false,2025-02-20T13:10:55.9004966+00:00,خنثی,0.35,محصول,محصول
رژلب الگانس,https://www.khanoumi.com/products/cosart-lipstick-elegance-19212,میشه شانس ّبذارین من‌بخرم؟؟؟,4,false,2018-11-25T00:30:43.9366667+00:00,خنثی,0.35,سایر,سایر
اسکراب صورت حاوی گریپ فروت مناسب انواع پوست حجم 175 میلی لیتر,https://www.khanoumi.com/products/freeman-pink-grapefruit-exfoliating-scrub-19214,این محصول یکی از بهترین اسکراب هاییه که من تا الان استفاده کردم و واقعا تاثیراتش رو دیدم. این محصول به خوبی جوش‌های سرسیاه و آلودگی‌ها رو از روی پوست پاک میکنه و همزمان باعث نرمی و لطافت پوست شما میشه. این اسکراب بوی خوبی داره و بدون شک شما هم از استفاده از این محصول رضایت خواهید داشت. من شخصا این اسکراب رو مجدد شارژ میکنم چون به طراوت پوست من خیلی کمک میکنه.,5,false,2022-02-01T08:46:07+00:00,مثبت,0.79,محصول,محصول
اسکراب صورت حاوی گریپ فروت مناسب انواع پوست حجم 175 میلی لیتر,https://www.khanoumi.com/products/freeman-pink-grapefruit-exfoliating-scrub-19214,اسکراب گریپ فروت رو من خریدم مثل آب میمونه و اصلا هیچ لایه برداری انجام نمیده ,5,true,2021-12-10T11:18:33+00:00,مثبت,0.67,محصول | اصل بودن کالا,محصول
اسکراب صورت حاوی گریپ فروت مناسب انواع پوست حجم 175 میلی لیتر,https://www.khanoumi.com/products/freeman-pink-grapefruit-exfoliating-scrub-19214,خیلی رقیقه و رو پوست من هیچ تاثیری نداشت,3,true,2021-07-02T20:34:22+00:00,خنثی,0.35,محصول,محصول
اسکراب صورت حاوی گریپ فروت مناسب انواع پوست حجم 175 میلی لیتر,https://www.khanoumi.com/products/freeman-pink-grapefruit-exfoliating-scrub-19214,رقیقتر از اسکراب آناناس ولی عالی راضی بودم,3,false,2020-10-30T18:52:11+00:00,مثبت,0.79,محصول,محصول
اسکراب صورت حاوی گریپ فروت مناسب انواع پوست حجم 175 میلی لیتر,https://www.khanoumi.com/products/freeman-pink-grapefruit-exfoliating-scrub-19214,"عالی پاک کننده روزنه ها
ازبین بردن جوش های سرسیاه دونه های زیرپوستی
 بوی عالی و خوشمزه
نرم کننده
روشن کننده💜💜💜💜",3,true,2020-03-14T03:40:04+00:00,مثبت,0.79,محصول,محصول
اسکراب صورت حاوی گریپ فروت مناسب انواع پوست حجم 175 میلی لیتر,https://www.khanoumi.com/products/freeman-pink-grapefruit-exfoliating-scrub-19214,این اسکراب رو چندین ماهه استفاده میکنم،دانه های ریزی داره و ملایم لایه برداری میکنه و پوست بعد از هر بار استفاده نرم و شاداب میشه,0,true,2020-02-26T18:42:01+00:00,خنثی,0.35,محصول,محصول
اسکراب صورت حاوی گریپ فروت مناسب انواع پوست حجم 175 میلی لیتر,https://www.khanoumi.com/products/freeman-pink-grapefruit-exfoliating-scrub-19214,"دوست و همراه همیشگیمه :) بهترین اسکراب دنیا
صورتم نرم و لطیف و تمیز میشه بعد استفاده",2,true,2020-02-21T00:07:10+00:00,مثبت,0.67,سایر,سایر
اسکراب صورت حاوی گریپ فروت مناسب انواع پوست حجم 175 میلی لیتر,https://www.khanoumi.com/products/freeman-pink-grapefruit-exfoliating-scrub-19214,خیلی رقیقه,1,false,2020-01-12T15:05:13+00:00,خنثی,0.35,سایر,سایر
اسکراب صورت حاوی گریپ فروت مناسب انواع پوست حجم 175 میلی لیتر,https://www.khanoumi.com/products/freeman-pink-grapefruit-exfoliating-scrub-19214,اسکراب گریپ فروت فریمن بافت ژلی دارد و حاوی دانه های ریز برای اسکراب است و از پوست لایه برداری ملایمی میکند. البته اگر بافت سفت تری داشت و دانه های درست تر کار اسکراب را بهتر انجام میداد,4,true,2019-10-21T11:32:09+00:00,خنثی,0.35,محصول,محصول
اسکراب صورت حاوی گریپ فروت مناسب انواع پوست حجم 175 میلی لیتر,https://www.khanoumi.com/products/freeman-pink-grapefruit-exfoliating-scrub-19214,عالی عالی عالی,3,true,2019-10-17T11:32:20+00:00,مثبت,0.91,سایر,سایر
اسکراب صورت حاوی گریپ فروت مناسب انواع پوست حجم 175 میلی لیتر,https://www.khanoumi.com/products/freeman-pink-grapefruit-exfoliating-scrub-19214,بوی خیلی خوبی داره و پوست منو واقعا شاداب کرده,1,true,2019-10-04T15:00:03+00:00,مثبت,0.79,محصول,محصول
اسکراب صورت حاوی گریپ فروت مناسب انواع پوست حجم 175 میلی لیتر,https://www.khanoumi.com/products/freeman-pink-grapefruit-exfoliating-scrub-19214,"قبلانظردادم عالیه حرف نداره نرم کننده روشن کننده و پاکسازی عالی 
فقط خانومی تخفیف بیشتربزار.",2,true,2019-10-04T12:27:46+00:00,منفی,0.67,قیمت,قیمت
اسکراب صورت حاوی گریپ فروت مناسب انواع پوست حجم 175 میلی لیتر,https://www.khanoumi.com/products/freeman-pink-grapefruit-exfoliating-scrub-19214,واقعا یکی از بهترین اسکراب‌هایی هست که داشتم، فوق‌العاده خوشبو با دونه‌های ریز که خیلی ملایم اسکراب می‌کنه و برای پوست حساس من عالی بود. تاثیرش بعد از شستن کامل حس میشه. ,0,true,2019-10-04T06:19:40+00:00,مثبت,0.95,محصول,محصول
اسکراب صورت حاوی گریپ فروت مناسب انواع پوست حجم 175 میلی لیتر,https://www.khanoumi.com/products/freeman-pink-grapefruit-exfoliating-scrub-19214,برای اسکراب ملایم خوبه,0,true,2019-10-03T17:16:30+00:00,مثبت,0.79,محصول,محصول
اسکراب صورت حاوی گریپ فروت مناسب انواع پوست حجم 175 میلی لیتر,https://www.khanoumi.com/products/freeman-pink-grapefruit-exfoliating-scrub-19214,سلام من واقعا ازش راضیم جداازاینک بوی خیلی خوبی داره هم موقع ماساژروی صورت حس خوبی میده هم وقتی میشوریش حس طراوت و تازگی و سبکی میده روشن کنندس واقعا روزنه ها روتمیزمیکنه من دوربینیم روزنه دارم واقعا بدرد بخوره.ازخانومی میخوام ماسکای فیری منو تخفیف بیشتری بزارن ک بتونیم تهیه کنیم ..ممنون,6,true,2019-09-18T11:35:45+00:00,مثبت,0.95,محصول | قیمت,محصول
اسکراب صورت حاوی گریپ فروت مناسب انواع پوست حجم 175 میلی لیتر,https://www.khanoumi.com/products/freeman-pink-grapefruit-exfoliating-scrub-19214,کسایی که استفاده کردن لطفا بگن این ماسک چطور بوده,2,true,2019-07-28T14:02:34.3233333+00:00,خنثی,0.35,محصول,محصول
اسکراب صورت حاوی گریپ فروت مناسب انواع پوست حجم 175 میلی لیتر,https://www.khanoumi.com/products/freeman-pink-grapefruit-exfoliating-scrub-19214,ماسک ها استفاده شده نیستند من از نمایندگی اصلی فریمن هم خرید کردم پلمپ شده نبودند و کاملا هم پر نیستند و کمی فضای خالی داره ماسک ها,4,false,2019-07-25T16:50:17.3466667+00:00,مثبت,0.67,اصل بودن کالا | محصول | تحویل و ارسال,اصل بودن کالا
اسکراب صورت حاوی گریپ فروت مناسب انواع پوست حجم 175 میلی لیتر,https://www.khanoumi.com/products/freeman-pink-grapefruit-exfoliating-scrub-19214,محصولات فیری من به صورت مستقیم از وارد کننده اصلی تامین میشود و خانومی در امر بسته لندی دخل و تصرفی ندارد و محصولات پلمپ خاصی ندارند. به همین صورت تامین و برای شما ارسال میشوند,13,false,2019-04-08T15:59:48.9+00:00,مثبت,0.67,تحویل و ارسال | محصول | اصل بودن کالا,تحویل و ارسال
اسکراب صورت حاوی گریپ فروت مناسب انواع پوست حجم 175 میلی لیتر,https://www.khanoumi.com/products/freeman-pink-grapefruit-exfoliating-scrub-19214,فکر نمیکنم استفاده شده باشه ماسکها من از خود امریکا خریدم پلمپ نبود,11,false,2019-04-08T13:43:41.94+00:00,خنثی,0.35,محصول | تحویل و ارسال,محصول
اسکراب صورت حاوی گریپ فروت مناسب انواع پوست حجم 175 میلی لیتر,https://www.khanoumi.com/products/freeman-pink-grapefruit-exfoliating-scrub-19214,من میخوام اسکراب پا رو سفارش بدم اما توی نظرات کاربران که میخونم اکثرا گفتن ماسک های فریمن استفاده شده بودن و پلمپ نبودن اینجوری واقعا آدم نمیتونه اعتماد کنه و محصولی رو سفارش بده,5,false,2019-03-31T08:31:38.76+00:00,منفی,0.91,محصول | تحویل و ارسال,محصول
اسکراب صورت حاوی گریپ فروت مناسب انواع پوست حجم 175 میلی لیتر,https://www.khanoumi.com/products/freeman-pink-grapefruit-exfoliating-scrub-19214,باسلام چندتا محصول فریمن خریدم از سایتتون ولی کاملا مشخص محصولات استفاده شده هستند,10,true,2019-03-30T16:40:50.2566667+00:00,خنثی,0.35,محصول,محصول
اسکراب صورت حاوی گریپ فروت مناسب انواع پوست حجم 175 میلی لیتر,https://www.khanoumi.com/products/freeman-pink-grapefruit-exfoliating-scrub-19214,سلام از این ماسک چندبار در هفته میشه استفاده کرد؟,2,true,2019-02-18T14:40:03.3966667+00:00,خنثی,0.35,سایر,سایر
اسکراب صورت حاوی گریپ فروت مناسب انواع پوست حجم 175 میلی لیتر,https://www.khanoumi.com/products/freeman-pink-grapefruit-exfoliating-scrub-19214,زهره عزیز؛ لطفا از بخش خریدهای من به امور مشتریان پیام ارسال بفرمایید تا مشکل شم بررسی و حل شود. ,0,false,2018-12-22T15:52:17.1466667+00:00,خنثی,0.35,محصول | تحویل و ارسال,محصول
اسکراب صورت حاوی گریپ فروت مناسب انواع پوست حجم 175 میلی لیتر,https://www.khanoumi.com/products/freeman-pink-grapefruit-exfoliating-scrub-19214,بعد دوبار سفارش ک دفعه اول اشتباها سوپرفروت فرستادین و ایندفعه بدستم رسید تیوپ خالیه و جای ۱۷۵ میل ۱۵۰ میل هس..انگار ازش استفاده شد واقعا ناراحتم از سایت خانومی ک اعتمادم خدشه دار شد.,8,false,2018-12-20T22:51:51.8033333+00:00,منفی,0.67,تحویل و ارسال,تحویل و ارسال
اسکراب صورت حاوی گریپ فروت مناسب انواع پوست حجم 175 میلی لیتر,https://www.khanoumi.com/products/freeman-pink-grapefruit-exfoliating-scrub-19214,چرا اول با تخفیف بالاتر زدین این محصولو ولی بعدش تخفیف کم شد,3,false,2017-12-21T05:17:55+00:00,خنثی,0.35,قیمت | محصول,قیمت
ادو پرفیوم زنانه مدل لا وی ابل حجم 100 میلی لیتر,https://www.khanoumi.com/products/lancome-la-vie-est-belle-100ml-19235,چندین ساله مرتب تمدیدش میکنم.ماندگاری و پخش بو و قدرت رایحه عالی,10,false,2020-10-02T23:32:33+00:00,مثبت,0.67,محصول,محصول
ادو پرفیوم زنانه مدل La Vie Est Belle حجم 75 میلی لیتر,https://www.khanoumi.com/products/lancome-la-vie-est-belle-75ml-19236,رسما بوی شربت سینه میده و افتضاحه,0,false,2025-06-06T09:33:21.7835073+00:00,منفی,0.67,محصول,محصول
ادو پرفیوم زنانه مدل La Vie Est Belle حجم 75 میلی لیتر,https://www.khanoumi.com/products/lancome-la-vie-est-belle-75ml-19236,بهترین وخوش بو ترین عطره بنظرم,0,false,2023-12-20T08:16:07+00:00,مثبت,0.67,محصول,محصول
ادو پرفیوم زنانه مدل ترزور لانویی حجم 75 میلی لیتر,https://www.khanoumi.com/products/lancome-tresor-la-nuit-19238,چرا قيمت بدون تخفيف اين عطر از ٤٤٠٠٠٠ تومان شد ٥٢٠٠٠٠ تومان در مدت يك هفته ؟؟!!!,2,false,2018-01-08T23:42:26.39+00:00,منفی,0.67,قیمت | محصول,قیمت
سرم تقویت کننده مژه و ابرو,https://www.khanoumi.com/products/farmasi-eyebrow-and-lash-serum-19240,بنظرتون این بهتره یا فولیکا لطفا جواب بدید نمیدونم کدومو بگیرم,0,false,2026-08-06T13:06:13.3169835+03:30,مثبت,0.67,محصول,محصول
سرم تقویت کننده مژه و ابرو,https://www.khanoumi.com/products/farmasi-eyebrow-and-lash-serum-19240,این تقویت مژه و ابرو برند فارماسی واقعااااا تاثیر خوبی داشته برای من، لطفاااا موجودش کنید,0,false,2026-01-11T07:18:42.354065+03:30,مثبت,0.79,محصول,محصول
سرم تقویت کننده مژه و ابرو,https://www.khanoumi.com/products/farmasi-eyebrow-and-lash-serum-19240,این محصول بهترینه از همه ی تقویت مژه و ابرو ها بهتره خواهش میکنم موجودش کنید,0,false,2025-11-08T09:41:53.4722758+03:30,مثبت,0.67,محصول,محصول
سرم تقویت کننده مژه و ابرو,https://www.khanoumi.com/products/farmasi-eyebrow-and-lash-serum-19240,این محصول واقعا عالیه. دوباره موجودش کنید لطفا,0,true,2025-08-23T05:59:48.5869693+00:00,مثبت,0.79,محصول,محصول
سرم تقویت کننده مژه و ابرو,https://www.khanoumi.com/products/farmasi-eyebrow-and-lash-serum-19240,چرا چندوقته که موجود نمیکنید این محصول رو واقعا محصول خیلی خوبیه,0,false,2025-05-25T21:37:14.8197125+00:00,مثبت,0.79,محصول,محصول
سرم تقویت کننده مژه و ابرو,https://www.khanoumi.com/products/farmasi-eyebrow-and-lash-serum-19240,موجود کنید لطفا,0,true,2024-12-16T16:36:19.2333366+00:00,خنثی,0.35,محصول,محصول
سرم تقویت کننده مژه و ابرو,https://www.khanoumi.com/products/farmasi-eyebrow-and-lash-serum-19240,لاکچری کوین رو من استفاده کردم،روی مژه های من تاثیر نداشت ,0,false,2024-08-06T02:35:16+00:00,خنثی,0.35,سایر,سایر
سرم تقویت کننده مژه و ابرو,https://www.khanoumi.com/products/farmasi-eyebrow-and-lash-serum-19240,"کسی از این محصول استفاده کرده؟بعداز قطع باعث ریزش نمیشه؟
این محصول بهتره یا لاکچری کوین؟",0,false,2024-03-31T18:22:20+00:00,خنثی,0.35,محصول,محصول
سرم تقویت کننده مژه و ابرو,https://www.khanoumi.com/products/farmasi-eyebrow-and-lash-serum-19240,سلام لطفاً موجودش کنید با تخفیف,0,false,2024-03-06T11:15:08+00:00,خنثی,0.35,محصول | قیمت,محصول
محلول میسلار پاک کننده آرایش مناسب انواع پوست حجم 100 میلی لیتر,https://www.khanoumi.com/products/bioderma-sensibio-h2o-make-up-removing-micelle-solution-19242,"پوست رو خشک نمیکنه،بوی اذیت کننده نداره،انگار اب میزنی ب صورتت،ولی با قدرت پاک کنندگی بالا،من راضیم
ممنون خانومی😍",5,true,2020-11-18T20:50:32+00:00,مثبت,0.91,محصول,محصول
محلول میسلار پاک کننده آرایش مناسب انواع پوست حجم 100 میلی لیتر,https://www.khanoumi.com/products/bioderma-sensibio-h2o-make-up-removing-micelle-solution-19242,"پاک کنندگیش خوبه 
منتها پوست رو بشدت قرمز می کنه. و ساعت ها قرمزی روی پوست بجا می مونه ",0,true,2020-11-16T14:38:01+00:00,مثبت,0.79,محصول,محصول
محلول میسلار پاک کننده آرایش مناسب انواع پوست حجم 100 میلی لیتر,https://www.khanoumi.com/products/bioderma-sensibio-h2o-make-up-removing-micelle-solution-19242,عالیه👌🏼,4,false,2020-09-29T15:51:43+00:00,مثبت,0.79,سایر,سایر
محلول میسلار پاک کننده آرایش مناسب انواع پوست حجم 100 میلی لیتر,https://www.khanoumi.com/products/bioderma-sensibio-h2o-make-up-removing-micelle-solution-19242,من یدونه از این خوشگلای جینگلی برای خریدم هدیه گرفتم .مرسی خانومی😍😍.هرچند قرار بود دوتابدین 😏😏کیفیتشو نمیدونم چقد خوبه فلا که مجذوب کوچولیشم🤗😬😌,1,true,2020-08-24T01:18:57+00:00,منفی,0.79,محصول,محصول
محلول میسلار پاک کننده آرایش مناسب انواع پوست حجم 100 میلی لیتر,https://www.khanoumi.com/products/bioderma-sensibio-h2o-make-up-removing-micelle-solution-19242,خیلی میسلار خوبیه.من که راضیممم😍,4,false,2020-07-08T12:57:26+00:00,مثبت,0.91,سایر,سایر
محلول میسلار پاک کننده آرایش مناسب انواع پوست حجم 100 میلی لیتر,https://www.khanoumi.com/products/bioderma-sensibio-h2o-make-up-removing-micelle-solution-19242,من این میسلار رو تو تخفیف خریداری کردم وعالیه ،پوست من خیلی حساس وبا این محلول هیچ مشکلی ندارم،شدیداً پیشنهاد میشه,3,true,2020-03-30T01:03:25+00:00,مثبت,0.67,محصول | قیمت,محصول
محلول میسلار پاک کننده آرایش مناسب انواع پوست حجم 100 میلی لیتر,https://www.khanoumi.com/products/bioderma-sensibio-h2o-make-up-removing-micelle-solution-19242,این میسلار واقعا عالیه ،خیلی سبک و با قدرت پاک کنندگی کامل ،من بزرگترش رو سفارش دادم ،نه چشم میسوزونه.، نه باعث جوش شد،,3,true,2020-02-25T22:25:36+00:00,مثبت,0.79,سایر,سایر
محلول میسلار پاک کننده آرایش مناسب انواع پوست حجم 100 میلی لیتر,https://www.khanoumi.com/products/bioderma-sensibio-h2o-make-up-removing-micelle-solution-19242,سایزش برا مسافرت ایده آله و پاک کنندگیشم عالیه. پوستو کاملا تمیز و لطیف می کنه.,3,true,2020-02-25T14:18:59+00:00,مثبت,0.79,محصول,محصول
محلول میسلار پاک کننده آرایش مناسب انواع پوست حجم 100 میلی لیتر,https://www.khanoumi.com/products/bioderma-sensibio-h2o-make-up-removing-micelle-solution-19242,من برای پاک کردن آرایش چشم ازش استفاده میکنم و آرایش رو به خوبی پاک میکنه و راضیم,0,true,2020-02-24T08:30:26+00:00,مثبت,0.91,سایر,سایر
محلول میسلار پاک کننده آرایش مناسب انواع پوست حجم 100 میلی لیتر,https://www.khanoumi.com/products/bioderma-sensibio-h2o-make-up-removing-micelle-solution-19242,من پوستم چرب خیلی راضیم و کامل ارایش رو پاک میکنه و باعث حساسیت و جوش هم نشده من پوستم مستعد اکنه هست و ازین محصول خیلی راضیم،پوست رو خشک هم‌نمیکنه,2,true,2020-02-21T12:40:38+00:00,مثبت,0.95,محصول,محصول
محلول میسلار پاک کننده آرایش مناسب انواع پوست حجم 100 میلی لیتر,https://www.khanoumi.com/products/bioderma-sensibio-h2o-make-up-removing-micelle-solution-19242,خیییلی از این میسلار  راضی ام و حتما بزرگترش رو می خرم ، آرایش چشم رو هم راحت پاک میکنه,4,true,2020-02-20T21:09:51+00:00,مثبت,0.79,سایر,سایر
محلول میسلار پاک کننده آرایش مناسب انواع پوست حجم 100 میلی لیتر,https://www.khanoumi.com/products/bioderma-sensibio-h2o-make-up-removing-micelle-solution-19242,بهترین پاک کننده است بخدا ...مثل نداره و عالی تر از عالیه هم برا پاک کردن صورت هم دور چشم,2,true,2020-01-11T14:32:27+00:00,مثبت,0.79,سایر,سایر
محلول میسلار پاک کننده آرایش مناسب انواع پوست حجم 100 میلی لیتر,https://www.khanoumi.com/products/bioderma-sensibio-h2o-make-up-removing-micelle-solution-19242,بهترین پاک کننده ای که تا امروز استفاده کردم عالیه,1,true,2019-12-25T02:16:16+00:00,مثبت,0.91,سایر,سایر
محلول میسلار پاک کننده آرایش مناسب انواع پوست حجم 100 میلی لیتر,https://www.khanoumi.com/products/bioderma-sensibio-h2o-make-up-removing-micelle-solution-19242,من این میسلارو دو روزه گرفتم ،خیلی خوشم میاد ازش ،قدرت پاک کنندگیش خوبه ، مخصوصا برا دور چشم من تو آف گرفتم تموم بشه حتما بزرگترشو میخرم,3,true,2019-11-11T15:49:59+00:00,مثبت,0.79,محصول,محصول
محلول میسلار پاک کننده آرایش مناسب انواع پوست حجم 100 میلی لیتر,https://www.khanoumi.com/products/bioderma-sensibio-h2o-make-up-removing-micelle-solution-19242,"من که عاشق این میسلارواتر کوچولوی دوست داشتنیم قدرت پاک کنندگیش فوق العاده ست✔️ از خفن ترین محصولاتیه ک تا به حال داشتم و
 و دوست دارم هزاربار تکرارش کنم",6,true,2019-10-22T00:42:16+00:00,مثبت,0.67,محصول,محصول
محلول میسلار پاک کننده آرایش مناسب انواع پوست حجم 100 میلی لیتر,https://www.khanoumi.com/products/bioderma-sensibio-h2o-make-up-removing-micelle-solution-19242,خیلی جیگر واقعا هم تو جیب جامیشه حال میده مال مسافرت بردن,3,true,2019-10-21T16:37:58+00:00,خنثی,0.35,سایر,سایر
محلول میسلار پاک کننده آرایش مناسب انواع پوست حجم 100 میلی لیتر,https://www.khanoumi.com/products/bioderma-sensibio-h2o-make-up-removing-micelle-solution-19242,واقعا از این محصول راضیم ، مارک های مختلفی و امتحان کردم اما کاملا مشخصه که  این محصول کیفیتش بالاتره ، برای چشم های حساس خیلی خوبه برعکس مارک های دیگه چشم و نمیسوزه,1,true,2019-10-20T01:05:40+00:00,مثبت,0.95,محصول,محصول
محلول میسلار پاک کننده آرایش مناسب انواع پوست حجم 100 میلی لیتر,https://www.khanoumi.com/products/bioderma-sensibio-h2o-make-up-removing-micelle-solution-19242,قدرت پاک کنندگی خوبی داره راضیم از خریدش,0,false,2019-10-19T23:19:11+00:00,مثبت,0.91,سایر,سایر
محلول میسلار پاک کننده آرایش مناسب انواع پوست حجم 100 میلی لیتر,https://www.khanoumi.com/products/bioderma-sensibio-h2o-make-up-removing-micelle-solution-19242,بسيار محصول خوبيه براي پاك كردن آرايش كل صورت ,0,true,2019-10-19T13:58:09+00:00,مثبت,0.67,محصول,محصول
محلول میسلار پاک کننده آرایش مناسب انواع پوست حجم 100 میلی لیتر,https://www.khanoumi.com/products/bioderma-sensibio-h2o-make-up-removing-micelle-solution-19242,اين محصول عاليه تموم شه حتما سايز بزرگترشو ميخرم ,0,true,2019-10-15T15:01:31+00:00,مثبت,0.79,محصول,محصول
محلول میسلار پاک کننده آرایش مناسب انواع پوست حجم 100 میلی لیتر,https://www.khanoumi.com/products/bioderma-sensibio-h2o-make-up-removing-micelle-solution-19242,واقعا عالیه و با یه کم ازش تمام ارایش پاک میشه منکه خیلی راضیم,1,true,2019-10-05T18:45:39+00:00,مثبت,0.95,سایر,سایر
محلول میسلار پاک کننده آرایش مناسب انواع پوست حجم 100 میلی لیتر,https://www.khanoumi.com/products/bioderma-sensibio-h2o-make-up-removing-micelle-solution-19242,میسلار خوبیه، به نظر من بهتر از گارنیره,0,true,2019-09-20T16:29:02+00:00,مثبت,0.67,سایر,سایر
محلول میسلار پاک کننده آرایش مناسب انواع پوست حجم 100 میلی لیتر,https://www.khanoumi.com/products/bioderma-sensibio-h2o-make-up-removing-micelle-solution-19242,عالی هست لذت پاک کردن آرایش با این محصول,2,true,2019-08-18T02:55:24.74+00:00,مثبت,0.67,محصول,محصول
محلول میسلار پاک کننده آرایش مناسب انواع پوست حجم 100 میلی لیتر,https://www.khanoumi.com/products/bioderma-sensibio-h2o-make-up-removing-micelle-solution-19242,این محلول تو هدایا تاریخ انقضاش کیه لطفا حواب بدین تا جشنواره تموم نشده,11,false,2019-06-10T02:15:12.3466667+00:00,منفی,0.67,محصول,محصول
محلول میسلار پاک کننده آرایش مناسب انواع پوست حجم 100 میلی لیتر,https://www.khanoumi.com/products/bioderma-sensibio-h2o-make-up-removing-micelle-solution-19242,بسته بندیش خیلی با نمکه میشه ببریش مسافرت چون کوچیکه ولی از نظر کارایی با گارنیه یکی بود ,14,true,2019-02-27T19:59:05.2166667+00:00,خنثی,0.35,تحویل و ارسال | محصول,تحویل و ارسال
محلول میسلار پاک کننده آرایش مناسب انواع پوست حجم 100 میلی لیتر,https://www.khanoumi.com/products/bioderma-sensibio-h2o-make-up-removing-micelle-solution-19242,هيچ پاك كننده آرايشي به اندازه اين محصول براي پوست  صورت و دور چشم عالي نيست. من با وجود پوست بسيار  حساس واقعا ازش راضيم.,17,true,2019-02-24T08:28:38.6366667+00:00,مثبت,0.67,محصول,محصول
محلول میسلار پاک کننده آرایش مناسب انواع پوست حجم 100 میلی لیتر,https://www.khanoumi.com/products/bioderma-sensibio-h2o-make-up-removing-micelle-solution-19242,لطفا دوباره بذارین تو شانس تا بخریم,17,true,2019-02-20T13:12:43.6466667+00:00,خنثی,0.35,سایر,سایر
محلول میسلار پاک کننده آرایش مناسب انواع پوست حجم 100 میلی لیتر,https://www.khanoumi.com/products/bioderma-sensibio-h2o-make-up-removing-micelle-solution-19242,من میخواستم تو شانس بخرمش تا فرم ادرس و .... رو ثبت کنم از آف در اومد و روی فاکتور نهایی قیمت اصلی بود😢,5,true,2019-02-20T13:11:29+00:00,مثبت,0.67,اصل بودن کالا | محصول | قیمت,اصل بودن کالا
محلول میسلار پاک کننده آرایش مناسب انواع پوست حجم 100 میلی لیتر,https://www.khanoumi.com/products/bioderma-sensibio-h2o-make-up-removing-micelle-solution-19242,عالى,1,true,2019-02-04T03:15:14.8066667+00:00,خنثی,0.35,سایر,سایر
محلول میسلار پاک کننده آرایش مناسب انواع پوست حجم 100 میلی لیتر,https://www.khanoumi.com/products/bioderma-sensibio-h2o-make-up-removing-micelle-solution-19242,چرا دیگه این محصولات رو شارژ نمیکنید؟ محصولات  بیودرما عالین!!,3,false,2018-07-14T20:56:46.4066667+00:00,مثبت,0.67,محصول,محصول
محلول میسلار پاک کننده آرایش مناسب انواع پوست حجم 100 میلی لیتر,https://www.khanoumi.com/products/bioderma-sensibio-h2o-make-up-removing-micelle-solution-19242,موجود کنید لطفا,7,false,2018-03-06T07:33:20.6433333+00:00,خنثی,0.35,محصول,محصول
محلول میسلار پاک کننده آرایش مناسب انواع پوست حجم 100 میلی لیتر,https://www.khanoumi.com/products/bioderma-sensibio-h2o-make-up-removing-micelle-solution-19242,میشه اینو موجود کنین تو شانس بزارین؟ ضمنا اگه ممکنه باز اون آفر 9999 تومنی رو روش بزارین خیلی خوب میشه,10,false,2018-01-26T20:45:42.3733333+00:00,مثبت,0.79,محصول,محصول
محلول میسلار پاک کننده آرایش مناسب انواع پوست حجم 100 میلی لیتر,https://www.khanoumi.com/products/bioderma-sensibio-h2o-make-up-removing-micelle-solution-19242,شارژ کنید لطفا با تخفیف,2,false,2018-01-06T07:32:07.08+00:00,خنثی,0.35,قیمت,قیمت
محلول میسلار پاک کننده آرایش مناسب انواع پوست حجم 100 میلی لیتر,https://www.khanoumi.com/products/bioderma-sensibio-h2o-make-up-removing-micelle-solution-19242,لطفا در شانس قرار بدید,6,false,2017-12-23T12:24:06.1966667+00:00,منفی,0.67,سایر,سایر
محلول میسلار پاک کننده آرایش مناسب انواع پوست حجم 100 میلی لیتر,https://www.khanoumi.com/products/bioderma-sensibio-h2o-make-up-removing-micelle-solution-19242,شانس لطفا,4,false,2017-12-19T08:53:47.49+00:00,خنثی,0.35,سایر,سایر
محلول میسلار پاک کننده آرایش مناسب انواع پوست حجم 100 میلی لیتر,https://www.khanoumi.com/products/bioderma-sensibio-h2o-make-up-removing-micelle-solution-19242,با سلام...دوباره شانس بذرید لطفا ..تا امدم بخرم تموم شد:(,9,false,2017-12-14T12:36:04.9266667+00:00,خنثی,0.35,محصول,محصول
ماسک صورت حاوی خاک رس و جلبک قرمز مناسب پوست چرب و مختلط حجم 50 میلی لیتر,https://www.khanoumi.com/products/loreal-pure-mask-19243,لطفا موجود کنید عالیه,0,false,2025-05-18T08:40:47.4181163+00:00,مثبت,0.79,محصول,محصول
ماسک صورت حاوی خاک رس و جلبک قرمز مناسب پوست چرب و مختلط حجم 50 میلی لیتر,https://www.khanoumi.com/products/loreal-pure-mask-19243,این محصول عالیه و پوست و کاملا پاکسازی میکنه. بعدش پوست کاملا شفاف و لطیف میشه و حس خوبی به پوست میده. لایه بردار خوبیه و تمام الودگی و چربی پوست و از بین میبره. هفته ای دو بار استفاده ازش برای پوست خیلی خوبه.,1,false,2022-12-06T13:53:24+00:00,مثبت,0.95,محصول,محصول
ماسک صورت حاوی خاک رس و جلبک قرمز مناسب پوست چرب و مختلط حجم 50 میلی لیتر,https://www.khanoumi.com/products/loreal-pure-mask-19243,من پوستم چربه روز اول که زدم پوستم واقعا شفاف شد ولی فرداش یه عالمه جوش زدم فکر میکنم برای پوست چرب مناسب نباشه,14,false,2019-04-17T02:15:52.8066667+00:00,خنثی,0.35,محصول,محصول
ماسک صورت حاوی خاک رس و جلبک قرمز مناسب پوست چرب و مختلط حجم 50 میلی لیتر,https://www.khanoumi.com/products/loreal-pure-mask-19243,خیلی حس خوبی به پوست میده . من هفته ای دو بار استفاده میکنم و خیلی راضیم ,13,true,2019-03-09T18:39:21.2866667+00:00,مثبت,0.91,محصول,محصول
ماسک صورت حاوی خاک رس و جلبک قرمز مناسب پوست چرب و مختلط حجم 50 میلی لیتر,https://www.khanoumi.com/products/loreal-pure-mask-19243,لطفا این محصول رو تو شانس قرار بدین سپاس,66,false,2018-04-15T21:05:12+00:00,ترکیبی,0.66,محصول,محصول
ماسک صورت حاوی خاک رس و ذغال مناسب پوست های کدر و خسته حجم 50 میلی لیتر,https://www.khanoumi.com/products/loreal-detox-mask-19244,ماسک صورت از محصولات مراقبت پوست است که برای پاکسازی صورت بکار رفته و به خوبی منافذ پوست را تمیز می کند. ماسک صورت رس و ذغال لورال به پاکسازی و سم زدایی پوست شما کمک کرده و با تسهیل تنفس پوست کدری و تیرگی آن را از بین می برد. شما می توانید این محصول را تا 3 بار در هفته نیز استفاده کرده و برای داشتن پوستی سالم و شاداب تلاش کنید. ,0,false,2022-10-11T11:30:22+00:00,مثبت,0.67,محصول,محصول
ماسک صورت حاوی خاک رس و ذغال مناسب پوست های کدر و خسته حجم 50 میلی لیتر,https://www.khanoumi.com/products/loreal-detox-mask-19244,سلام وقت بخیر ببخشید من چطورمیتونم سفارشمو لغوکنم؟مبلغ سفارش روچطور باید تحویل بگیرم؟,14,true,2019-02-18T04:28:48.4933333+00:00,خنثی,0.35,محصول | تحویل و ارسال,محصول
ماسک صورت حاوی خاک رس و ذغال مناسب پوست های کدر و خسته حجم 50 میلی لیتر,https://www.khanoumi.com/products/loreal-detox-mask-19244,"خيلي خوبه
به سرعت چربي اضافي پوستو خشك ميكنه و منافذو پاكسازي ميكنه",7,true,2019-02-13T04:00:20.0566667+00:00,مثبت,0.91,محصول,محصول
ماسک صورت حاوی خاک رس و ذغال مناسب پوست های کدر و خسته حجم 50 میلی لیتر,https://www.khanoumi.com/products/loreal-detox-mask-19244,لطفا این محصول رو توی قسمت شانس بذارید ممنون,25,false,2018-08-19T15:21:51.11+00:00,مثبت,0.67,محصول,محصول
ماسک صورت حاوی خاک رس و ذغال مناسب پوست های کدر و خسته حجم 50 میلی لیتر,https://www.khanoumi.com/products/loreal-detox-mask-19244,این محصول عالیه به سرعت خشک میشه و تمام منافذ پوستو تمیز میکنه و باعث درخشش پوست میشه خییییلیییی خووووبه,27,true,2018-03-31T00:15:33.9733333+00:00,مثبت,0.79,محصول,محصول
ماسک صورت حاوی خاک رس و اکالیپتوس مدل Arindirici حجم 50 میلی لیتر,https://www.khanoumi.com/products/loreal-purity-mask-19245,سلام میشه تمامی محصولات لورال را شارژ کنید؟؟؟ من آبرسان لورال میخوام,35,false,2019-07-07T16:35:36.8333333+00:00,خنثی,0.35,محصول,محصول
کیت 3 عددی ضد جوش مناسب پوست چرب,https://www.khanoumi.com/products/dado-sens-anti-acne-kit-19249,دو بار خریدم خیلی خوبه کاش رولش موجود کنید,2,true,2018-11-25T19:59:44.2033333+00:00,مثبت,0.91,محصول,محصول
کیت 3 عددی ضد جوش مناسب پوست چرب,https://www.khanoumi.com/products/dado-sens-anti-acne-kit-19249,در کل خوبه ولی اثرش موقتیه.,2,false,2018-11-21T13:02:08.3433333+00:00,مثبت,0.79,محصول,محصول
کیت 3 عددی ضد جوش مناسب پوست چرب,https://www.khanoumi.com/products/dado-sens-anti-acne-kit-19249,عالییییه,1,true,2018-11-02T14:24:08.1366667+00:00,مثبت,0.67,سایر,سایر
کیت 3 عددی ضد جوش مناسب پوست چرب,https://www.khanoumi.com/products/dado-sens-anti-acne-kit-19249,من تازه سفارش دادم با کلی وسواس و بررسی نظرات دوستان/ بیشتر برای جای جوش میخام بگیرم.... امیدوارم رضایت بخش باشه,1,true,2018-10-14T23:08:23.3466667+00:00,خنثی,0.35,سایر,سایر
کیت 3 عددی ضد جوش مناسب پوست چرب,https://www.khanoumi.com/products/dado-sens-anti-acne-kit-19249,بله عزیزم انقضا حدود یکسال دارد,6,true,2018-07-20T01:45:07+00:00,خنثی,0.35,سایر,سایر
کیت 3 عددی ضد جوش مناسب پوست چرب,https://www.khanoumi.com/products/dado-sens-anti-acne-kit-19249,آیا تاریخ انقضا داره؟؟؟؟؟؟ اگر داره میخوام خرید کنم ,8,true,2018-06-23T01:02:29.0066667+00:00,خنثی,0.35,سایر,سایر
کیت 3 عددی ضد جوش مناسب پوست چرب,https://www.khanoumi.com/products/dado-sens-anti-acne-kit-19249,من اينو سفارش دادم فقط اميدوارم كه خوب باشه,4,true,2018-06-17T03:12:03.8133333+00:00,مثبت,0.67,سایر,سایر
کیت 3 عددی ضد جوش مناسب پوست چرب,https://www.khanoumi.com/products/dado-sens-anti-acne-kit-19249,من برای اولین بار کیت رو برای خواهرم ک جوش و جای جوش زیادی داشت تهیه کردم بعد ۲هفته هیچ اثری از جوش و جای جوش ها نبود بعد خودمم گرفتم همراه ژل قوی ضد جوش و کیت ضد چروک و کرم نرم کننده ی کرم پودری ک برای استفاده روزانه بدون کرم پودر حرف نداره و بوی تندشون برای طبیعی و بدون اسانس بدونشون هست!ممنون از سایت خانومیو محصولات خوب و اورجینالشون 🌹🙏,6,true,2018-06-16T18:16:02.7233333+00:00,ترکیبی,0.92,محصول | اصل بودن کالا,محصول
کیت 3 عددی ضد جوش مناسب پوست چرب,https://www.khanoumi.com/products/dado-sens-anti-acne-kit-19249,عالیه,2,true,2018-06-16T18:12:23.2433333+00:00,مثبت,0.79,سایر,سایر
کیت 3 عددی ضد جوش مناسب پوست چرب,https://www.khanoumi.com/products/dado-sens-anti-acne-kit-19249,"بعد از یک ماه و نیم استفاده ی مداوم دارم دوباره نظر میدم:شاید بتونین تونر بهتری هم پیدا کنین یا ماسک ضد جوش بهتر!اما همه ی این ها باهم و با قیمت خوب شانس ده ده واقعا ارزش خرید داره.پوستم تقریبا صاف شده و ازجوش زدن های مداوم خلاص شدم.در کنار این محصول ژل کرم ضدجوش ایوروشه رو هم از خانومی خریده بودم و استفاده کردم.
(درضمن قرمزی هایی ک روی تونرش جمع میشه طبیعیه.برای همه هست.)",3,true,2018-06-11T13:36:52.7066667+00:00,مثبت,0.79,محصول | قیمت,محصول
کیت 3 عددی ضد جوش مناسب پوست چرب,https://www.khanoumi.com/products/dado-sens-anti-acne-kit-19249,اين چندروز تعطيلي ميشه با كسي ارتباط برقرار كرد ياخير؟؟؟,1,true,2018-06-03T23:26:20.3766667+00:00,خنثی,0.35,سایر,سایر
کیت 3 عددی ضد جوش مناسب پوست چرب,https://www.khanoumi.com/products/dado-sens-anti-acne-kit-19249,"سلام اين محصول ديروز به دست من رسيده، از رولش استفاده كردم
اما تازه الان ميخواستم از تونرش استفاده كنم كه ديدم طبق گفته خانم شريفي داخل تونر رگه هاي نارنجيه كه وقتي تكون ميدي حل ميشه و ثابت كه ميشه مياد روش
بسته بندي ماسك هم كه خيلي از شكل افتاده
 واقعا برام تعجب برانگيزه و ميترسم استفاده كنم 
بايد چه كاري بكنم من؟",0,true,2018-06-03T23:23:55.02+00:00,خنثی,0.35,تحویل و ارسال | محصول,تحویل و ارسال
کیت 3 عددی ضد جوش مناسب پوست چرب,https://www.khanoumi.com/products/dado-sens-anti-acne-kit-19249,سلام بابا پس از کجا متوجه بشیم واقعا تتثیر داره یاخیر یا حساسیت زا هست یا خیر کل امتیازهام که یک درصدش بیشتره!! کسی راهنماییم کنه من پوستم چرب مستعد آکنه و حساس هستش,1,false,2018-05-30T21:32:36.1133333+00:00,خنثی,0.35,محصول,محصول
کیت 3 عددی ضد جوش مناسب پوست چرب,https://www.khanoumi.com/products/dado-sens-anti-acne-kit-19249,"لیلای عزیز
لطفا مشکل به وجود آمده رو به تلگرام پشتیبان بفرستین و یا با شماره تماس پشتیبانی تماس بگبربن حتما بررسی میکنند.
",0,false,2018-05-26T13:48:24.4333333+00:00,خنثی,0.35,خدمات و پشتیبانی,خدمات و پشتیبانی
کیت 3 عددی ضد جوش مناسب پوست چرب,https://www.khanoumi.com/products/dado-sens-anti-acne-kit-19249,من برای بار دوم هست که این پک رو گرفتم...   سه روز پیش پک جدید به دستم رسید اما امروز داخل تونر رنگ های نارنجی دیدم.  حل میشه و دوباره بعد از مدتی روی تونر یک لایه نارنجی میاسته.   ماسک هم که له شده بود. حالا مهم نیست اما این انگار فاسد شده....  من چجوری پیگیری کنم؟.    مسلما قصد ندارم بخاطر جوش کل پوستم و داغون کنم ,1,true,2018-05-25T15:26:43.11+00:00,منفی,0.67,محصول | تحویل و ارسال | خدمات و پشتیبانی,محصول
کیت 3 عددی ضد جوش مناسب پوست چرب,https://www.khanoumi.com/products/dado-sens-anti-acne-kit-19249,خیلی عالی,1,true,2018-05-24T21:40:11.0666667+00:00,مثبت,0.67,سایر,سایر
کیت 3 عددی ضد جوش مناسب پوست چرب,https://www.khanoumi.com/products/dado-sens-anti-acne-kit-19249,میبخشید من چند روز پیش این بسته رو خریدم ولی جوریه که اصلا آکبند نیست انگار باز شده و پاره هستش و ماسکشو انگار فشار دادن له شده اینو من چطور پیگیر باشم؟؟,2,true,2018-05-23T22:01:47.2166667+00:00,منفی,0.67,تحویل و ارسال | اصل بودن کالا,اصل بودن کالا
کیت 3 عددی ضد جوش مناسب پوست چرب,https://www.khanoumi.com/products/dado-sens-anti-acne-kit-19249,"من این بسته رو تو شانس خریدم و حدودا دو هفته ازش استفاده میکنم.ب نظرم خیلی ارزش خرید داره.چون تمام محصولات مورد نظر فردی که پوست مستعد جوش داره رو فراهم میکنه.تونر,ماسک,رول ضد جوش.",6,true,2018-05-01T10:03:17+00:00,مثبت,0.67,محصول | تحویل و ارسال | قیمت,محصول
کیت 3 عددی ضد جوش مناسب پوست چرب,https://www.khanoumi.com/products/dado-sens-anti-acne-kit-19249,خیلی ایده آله همشون عالی هستن بخرید پشیمون نمیشید,4,true,2018-04-05T20:22:49.6766667+00:00,مثبت,0.79,محصول,محصول
کیت 3 عددی ضد جوش مناسب پوست چرب,https://www.khanoumi.com/products/dado-sens-anti-acne-kit-19249,"رول ضد جوش و مرتب استفاده کنید جواب میده رو جوش .........
ماسکشم خوبه ولی خیییلییی بوی بدی میده ..........
تونرشم خوبه بوش خیلی تنده ولی خوش بووو ولیییی شدیدا الکیه بوی الکل و کامل احساس میکنید ولی پاک کنندگیش خوبه
در کل این محصول متوسطه...انتظار بیشتری ازش داشتم",13,true,2018-03-11T13:14:49.64+00:00,ترکیبی,0.92,محصول,محصول
کیت 3 عددی ضد جوش مناسب پوست چرب,https://www.khanoumi.com/products/dado-sens-anti-acne-kit-19249,سلام.تازه این محصول رو خریدم.اما متاسفانه ماسکی که گذاشته شده یک گوشه بسته سوراخ هست.چون فلزی هست مشخصه قبلا سوراخ شده.از نظر بهداشتی دچار مشکل میشه.نمیشه؟,0,true,2018-03-05T14:02:12.0966667+00:00,منفی,0.67,محصول | تحویل و ارسال,محصول
کیت 3 عددی ضد جوش مناسب پوست چرب,https://www.khanoumi.com/products/dado-sens-anti-acne-kit-19249,"من اين محصولو گرفتم  عالي بودش
تونرش تنها به اين قيمت ميارزه ",2,true,2018-02-26T19:51:01.9466667+00:00,مثبت,0.79,محصول | قیمت,محصول
کیت 3 عددی ضد جوش مناسب پوست چرب,https://www.khanoumi.com/products/dado-sens-anti-acne-kit-19249,"وزن بسته و محتوا و حجم  هريك مشابه وزن بسته هاى تكيست؟
چون دراينجااشاره به وزن نشده",0,true,2018-02-21T14:42:37.51+00:00,خنثی,0.35,تحویل و ارسال | محصول,تحویل و ارسال
کیت 3 عددی ضد جوش مناسب پوست چرب,https://www.khanoumi.com/products/dado-sens-anti-acne-kit-19249,من الان پكو  ثبت كردم كامل ميگرمش؟ يا مثل حانيه ميشم؟,0,true,2018-02-21T02:13:21.6133333+00:00,خنثی,0.35,سایر,سایر
کیت 3 عددی ضد جوش مناسب پوست چرب,https://www.khanoumi.com/products/dado-sens-anti-acne-kit-19249,سلام ببخشید من کد تخفیف dadogifw9 رو که میزنم چرا اعمال نمیشه؟,4,true,2017-12-27T13:28:02.98+00:00,خنثی,0.35,قیمت,قیمت
کیت 3 عددی ضد جوش مناسب پوست چرب,https://www.khanoumi.com/products/dado-sens-anti-acne-kit-19249,چرا تونر و از پک حدف کردین؟ وقتی قراره موقع ارسال نباشه اصلا چرا تبلیغ دروغ میکنید اینکار کلاه برداریه دیگه ازتون خرید نمیکنم,12,true,2017-12-26T11:45:11.46+00:00,مثبت,0.67,محصول | تحویل و ارسال | اصل بودن کالا,محصول
کیت 3 عددی ضدچروک پوست مناسب پوست نرمال و خشک,https://www.khanoumi.com/products/dado-sens-aniti-age-kit-19250,خیلی عالیه ه😍,0,false,2020-11-03T22:12:39+00:00,مثبت,0.79,سایر,سایر
کیت 3 عددی ضدچروک پوست مناسب پوست نرمال و خشک,https://www.khanoumi.com/products/dado-sens-aniti-age-kit-19250,کاربر گرامی خانم زهرا سعیدی عزیز؛ لطفا مشکل خود را از بخش خریدهای من به امور مشتریان ارسال بفرمایید تا بررسی شود. ,0,false,2019-01-05T16:44:08.2166667+00:00,خنثی,0.35,محصول | تحویل و ارسال,محصول
کیت 3 عددی ضدچروک پوست مناسب پوست نرمال و خشک,https://www.khanoumi.com/products/dado-sens-aniti-age-kit-19250,سلام من این محصول رو امروز دریافت کردم و چیزی که خیلی تو ذوقم خورد این بود که فقط 8 ماه تاریخ داشت خانومی عزیز لطفا محصولاتی که تاریخ شون زیر 1سال هست رو اعلام کنید و اینکه اشانتیون هم با اینکه تو فاکتور ذکر شده اما من اشانتیونی دریافت نکردم من که واقعا انتظار اینو نداشتم,6,true,2018-10-20T18:06:57.1533333+00:00,خنثی,0.35,محصول,محصول
کیت 3 عددی ضدچروک پوست مناسب پوست نرمال و خشک,https://www.khanoumi.com/products/dado-sens-aniti-age-kit-19250,واسه چه سنیه؟,2,true,2018-09-01T18:56:14.2266667+00:00,خنثی,0.35,سایر,سایر
کیت 3 عددی ضدچروک پوست مناسب پوست نرمال و خشک,https://www.khanoumi.com/products/dado-sens-aniti-age-kit-19250,لطفا این کرم ها رو به صورت جداگانه هم موجود کنید,10,false,2018-01-29T15:38:59.0966667+00:00,خنثی,0.35,محصول,محصول
کیت 3 عددی ضدچروک پوست مناسب پوست نرمال و خشک,https://www.khanoumi.com/products/dado-sens-aniti-age-kit-19250,لطفا این کرم ها رو به صورت جداگانه هم موجود کنید,4,false,2018-01-29T15:38:58.5833333+00:00,خنثی,0.35,محصول,محصول
کیت 3 عددی ضدچروک پوست مناسب پوست نرمال و خشک,https://www.khanoumi.com/products/dado-sens-aniti-age-kit-19250,با سلام..شانس لطفا,6,false,2017-12-24T13:35:18.7+00:00,خنثی,0.35,سایر,سایر
کیت 3 عددی ضدچروک پوست مناسب پوست نرمال و خشک,https://www.khanoumi.com/products/dado-sens-aniti-age-kit-19250,با سلام..شانس لطفا,2,false,2017-12-24T13:35:18.5266667+00:00,خنثی,0.35,سایر,سایر
اسپری بدن مردانه مدل آرامیس حجم 200 میلی لیتر,https://www.khanoumi.com/products/ecco-perfumed-deodorant-spray-19254,اصلا خوب نیست.روی بدن که می مونه خیلی بوی بدی میده,6,true,2018-04-11T09:18:49.7866667+00:00,منفی,0.79,محصول | اصل بودن کالا,اصل بودن کالا
اسپری بدن مردانه مدل آرامیس حجم 200 میلی لیتر,https://www.khanoumi.com/products/ecco-perfumed-deodorant-spray-19254,بوش جالب نبود که,6,true,2018-03-07T18:40:00.3066667+00:00,خنثی,0.35,محصول,محصول
اسپری بدن مردانه مدل آرامیس حجم 200 میلی لیتر,https://www.khanoumi.com/products/ecco-perfumed-deodorant-spray-19254,زیاد تعریفی نداره,4,true,2018-03-02T12:32:15.4233333+00:00,خنثی,0.35,سایر,سایر
اسپری بدن مردانه مدل لالیک انکر نویر حجم 200 میلی لیتر,https://www.khanoumi.com/products/ecco-perfumed-deodorant-spray-19265,بوشُ دوس دارم.راضی کنندس,0,false,2026-04-11T13:26:50.6789629+03:30,مثبت,0.67,محصول,محصول
اسپری بدن زنانه مدل کوکو شنل حجم 200 میلی لیتر,https://www.khanoumi.com/products/ecco-perfumed-deodorant-spray-19266,موجودش کنید لطفا,1,false,2019-02-08T00:37:26.9366667+00:00,خنثی,0.35,محصول,محصول
اسپری بدن زنانه مدل هوگو باس فم حجم 200 میلی لیتر,https://www.khanoumi.com/products/ecco-perfumed-deodorant-spray-19271,لطفت این رایحه رو موجود کنید. هر جا میگردم پیدا نمیشه,0,false,2023-11-21T16:43:16+00:00,خنثی,0.35,محصول,محصول
اسپری بدن زنانه مدل فلورا بای گوچی حجم 200 میلی لیتر,https://www.khanoumi.com/products/ecco-perfumed-deodorant-spray-19294,این قیمتش درست نوشته شده؟!!!!!!,0,false,2018-11-17T00:17:58.6866667+00:00,خنثی,0.35,قیمت,قیمت
‫پنکک دوکاره مدل تراکوتا مناسب انواع پوست وزن 10 گرم ,https://www.khanoumi.com/products/note-terracotta-powder-19295,من از پنکک و کرم پودر نوت استفاده کردم و اصلا راضی نبودم با توجه به قیمتش خیلی با کیفیت تر توقع میره که باشه,0,false,2026-07-20T18:57:12.92336+03:30,منفی,0.79,محصول | اصل بودن کالا | قیمت,اصل بودن کالا
‫پنکک دوکاره مدل تراکوتا مناسب انواع پوست وزن 10 گرم ,https://www.khanoumi.com/products/note-terracotta-powder-19295,خیلی خوب بود . من موکا خریدم برای زیر گونم استفاه میکنم . یکم تیرس ولی خوش رنگه . پیگمنت بسیار بسیار بالایی داره . به نظر من حتما ارزش خرید داره,0,true,2026-01-05T12:51:26.3035926+03:30,مثبت,0.95,محصول | قیمت,محصول
‫پنکک دوکاره مدل تراکوتا مناسب انواع پوست وزن 10 گرم ,https://www.khanoumi.com/products/note-terracotta-powder-19295,هایلایتر و رژگونه ی خوبیه,1,true,2022-10-31T13:24:03+00:00,مثبت,0.67,سایر,سایر
‫پنکک دوکاره مدل تراکوتا مناسب انواع پوست وزن 10 گرم ,https://www.khanoumi.com/products/note-terracotta-powder-19295,من شماره‌ی ۰۱ (STAR DUST) رو دارم که طلاییه. به عنوان هایلایتر بیشتر کاربرد داره چون براقه و اکلیل‌های ریز داره؛ گرچه رو پوست صورت من که تیره‌تر از گندمیه خودش رو نشون نمی‌ده. حجمش زیاده و بوش خوبه.,10,false,2019-11-02T00:51:33+00:00,مثبت,0.79,محصول,محصول
‫پنکک دوکاره مدل تراکوتا مناسب انواع پوست وزن 10 گرم ,https://www.khanoumi.com/products/note-terracotta-powder-19295,رژ گونه و  هایلارتر عالی عاشقشم، شاید برای پوستتای برنز بشه به کل صورت زد بجای پنکیک ولی باز منطقی نیست، خیلی شاین داره,6,false,2018-12-27T15:57:32.1733333+00:00,مثبت,0.79,محصول,محصول
‫پنکک دوکاره مدل تراکوتا مناسب انواع پوست وزن 10 گرم ,https://www.khanoumi.com/products/note-terracotta-powder-19295,این محصول پنکیک نیست و هایلایتره و کیفیت بالایی داره!,29,false,2018-02-10T23:03:15.76+00:00,خنثی,0.35,محصول,محصول
‫پنکک دوکاره مدل تراکوتا مناسب انواع پوست وزن 10 گرم ,https://www.khanoumi.com/products/note-terracotta-powder-19295,جنسش عالیه,9,true,2018-02-09T18:36:34.6566667+00:00,مثبت,0.79,محصول,محصول
پنکک چرب مدل لومینوس سیلک مناسب پوستهای خشک و مستعد جوش وزن 10 گرم,https://www.khanoumi.com/products/note-luminous-silk-cream-powder-19296,من این محصول رو قبلا استفاده کردم و چرب بود و حالت کرمی داشت راضی بودم میخواستم مجدد سفارش بدم که دفعه بعدی پودری رو برای من فرستادم و به دلیل اینکه مغایرت ارسال محصول داشت اصلا راضی نیستم,0,true,2025-08-22T09:33:45.083831+00:00,منفی,0.79,محصول | تحویل و ارسال | اصل بودن کالا,اصل بودن کالا
پنکک چرب مدل لومینوس سیلک مناسب پوستهای خشک و مستعد جوش وزن 10 گرم,https://www.khanoumi.com/products/note-luminous-silk-cream-powder-19296,من پوست گندمی دارم شماره 3 خریدم که خیلی روشنه در ضمن نوشته شده پنکک چرب درحالیکه اصلا چرب نیست و پوست من که خشکه رو خشک تر میکنه و مجبورم زیرش کلی آبرسان بزنم  به دلیل مغایرت توضیحات با محصول به نظرم امتیاز خوبی نداره,0,true,2025-07-26T09:02:55.6317731+00:00,منفی,0.79,محصول | اصل بودن کالا,اصل بودن کالا
پنکک چرب مدل لومینوس سیلک مناسب پوستهای خشک و مستعد جوش وزن 10 گرم,https://www.khanoumi.com/products/note-luminous-silk-cream-powder-19296,چرا میزنید تخفیف پنجاه درصد بعد که میخایم سفارش بدیم فقط رنگ تیرش تخفیف خورده؟؟؟,0,false,2025-02-18T07:29:18.9846832+00:00,منفی,0.67,قیمت | محصول,قیمت
پنکک چرب مدل لومینوس سیلک مناسب پوستهای خشک و مستعد جوش وزن 10 گرم,https://www.khanoumi.com/products/note-luminous-silk-cream-powder-19296,"شماره 3 یک مقدار تیره هست در کل سنگینه 
ولی کاور خوبی داره",0,true,2025-02-07T13:54:23.827007+00:00,مثبت,0.67,سایر,سایر
پنکک چرب مدل لومینوس سیلک مناسب پوستهای خشک و مستعد جوش وزن 10 گرم,https://www.khanoumi.com/products/note-luminous-silk-cream-powder-19296,خیلی کاور خوبی داره...من سه بار تاحالا این پنکک رو شارژ کردم خیلی دوسش دارم و شماره02 برای پوست گندمی فوق العادس,0,true,2024-12-13T18:49:04.977337+00:00,مثبت,0.67,محصول,محصول
پنکک چرب مدل لومینوس سیلک مناسب پوستهای خشک و مستعد جوش وزن 10 گرم,https://www.khanoumi.com/products/note-luminous-silk-cream-powder-19296,پنکیک عالی هست من 02 رو گرفتم  برای بار دوم  بدون هیچ زیر سازی استفاده میکنم با اینکه پوستم کمی خشک هست  عالی رو صورت میخابه اگر با بلندر بزنید من بلندر هم نمناک کردم زدم بازم عالی شد هردو روش خشک و نمناک کردن بلندر عالی میشه,0,true,2024-11-03T20:45:12.8186967+00:00,مثبت,0.91,محصول,محصول
پنکک چرب مدل لومینوس سیلک مناسب پوستهای خشک و مستعد جوش وزن 10 گرم,https://www.khanoumi.com/products/note-luminous-silk-cream-powder-19296,"بهترین پنککی که تاحالا استفاده کردم.
از هر لحاظ خوبه.البته به پوستم مونده .پوسته من معمولیه.",0,false,2024-10-28T04:59:37.3386363+00:00,مثبت,0.91,محصول,محصول
پنکک چرب مدل لومینوس سیلک مناسب پوستهای خشک و مستعد جوش وزن 10 گرم,https://www.khanoumi.com/products/note-luminous-silk-cream-powder-19296,خیلی خوب کاور بالا داره ولی ماندگاریش یکم پایین واسه من که پوست مختلط دارم یکم زود چرب میشه ولی در کل خیلی راضی بودم ,0,true,2024-07-07T11:20:23+00:00,مثبت,0.91,محصول,محصول
پنکک چرب مدل لومینوس سیلک مناسب پوستهای خشک و مستعد جوش وزن 10 گرم,https://www.khanoumi.com/products/note-luminous-silk-cream-powder-19296,تخفیف بالا  بگذارید لطفا ,0,false,2024-05-18T15:01:57+00:00,خنثی,0.35,قیمت,قیمت
پنکک چرب مدل لومینوس سیلک مناسب پوستهای خشک و مستعد جوش وزن 10 گرم,https://www.khanoumi.com/products/note-luminous-silk-cream-powder-19296,نظراتو خوندم شماره 02رو گفته بودن خوبه ولی واقعا رنگش بد بود و بیشتر به عنوان رژگونه میشه استفاده کرد چون به صورتی میزنه و کاور خوبی هم نداشت برای پوست خشک هم مناسب نیست حتی مرطوب کننده بزنید زیرش با این پول برند های بهتر میتونید بخرید ,0,false,2024-05-04T03:22:56+00:00,ترکیبی,0.79,محصول,محصول
پنکک چرب مدل لومینوس سیلک مناسب پوستهای خشک و مستعد جوش وزن 10 گرم,https://www.khanoumi.com/products/note-luminous-silk-cream-powder-19296,پوست من سفید نیست ولی از گندمی روشن تره و شماره 1 رو گرفتم و راضی هستم. ,0,true,2024-04-17T12:00:01+00:00,مثبت,0.67,محصول,محصول
پنکک چرب مدل لومینوس سیلک مناسب پوستهای خشک و مستعد جوش وزن 10 گرم,https://www.khanoumi.com/products/note-luminous-silk-cream-powder-19296,نمیدونم کدوم شماره رو بردارم 1 یا 2,0,false,2024-04-08T21:03:37+00:00,خنثی,0.35,سایر,سایر
پنکک چرب مدل لومینوس سیلک مناسب پوستهای خشک و مستعد جوش وزن 10 گرم,https://www.khanoumi.com/products/note-luminous-silk-cream-powder-19296,سلام من پوستم سفیده چه شماره ای بایدبگیرم؟,0,false,2024-02-12T16:50:51+00:00,خنثی,0.35,محصول,محصول
پنکک چرب مدل لومینوس سیلک مناسب پوستهای خشک و مستعد جوش وزن 10 گرم,https://www.khanoumi.com/products/note-luminous-silk-cream-powder-19296,خوب نیست,0,true,2024-01-10T00:47:17+00:00,منفی,0.67,سایر,سایر
پنکک چرب مدل لومینوس سیلک مناسب پوستهای خشک و مستعد جوش وزن 10 گرم,https://www.khanoumi.com/products/note-luminous-silk-cream-powder-19296,پوشانندگی خوبی داره ، حتما قبلش آبرسان و بعدش پودر فیکس استفاده کنید,0,false,2024-01-02T23:26:37+00:00,ترکیبی,0.66,اصل بودن کالا,اصل بودن کالا
پنکک چرب مدل لومینوس سیلک مناسب پوستهای خشک و مستعد جوش وزن 10 گرم,https://www.khanoumi.com/products/note-luminous-silk-cream-powder-19296,"واسه پوست سبزه شماره چندمناسبه
",0,false,2023-12-23T12:02:15+00:00,خنثی,0.35,محصول,محصول
پنکک چرب مدل لومینوس سیلک مناسب پوستهای خشک و مستعد جوش وزن 10 گرم,https://www.khanoumi.com/products/note-luminous-silk-cream-powder-19296,من این پنکک رو نزدیک 5،6 ماه پیش گرفتم ولی از بس دوستش داشتم و استفاده کردم دیگه اخراشه، مات و به شدتتتتت مخملی میکنه پوستو عالیه,1,false,2023-09-13T19:21:31+00:00,مثبت,0.79,محصول,محصول
پنکک چرب مدل لومینوس سیلک مناسب پوستهای خشک و مستعد جوش وزن 10 گرم,https://www.khanoumi.com/products/note-luminous-silk-cream-powder-19296,میشه لطفا شماره 2 و 3 شو موجود کنید,1,false,2023-01-23T22:11:07+00:00,خنثی,0.35,محصول,محصول
پنکک چرب مدل لومینوس سیلک مناسب پوستهای خشک و مستعد جوش وزن 10 گرم,https://www.khanoumi.com/products/note-luminous-silk-cream-powder-19296,پوشش دهی عالی داره به جای کرم پودر و پنکک همینو تنها میشه زد کاورش عالیه و روی پوست نمیماسه و سنگین نیست ,2,true,2022-11-25T05:57:51+00:00,مثبت,0.91,محصول,محصول
پنکک چرب مدل لومینوس سیلک مناسب پوستهای خشک و مستعد جوش وزن 10 گرم,https://www.khanoumi.com/products/note-luminous-silk-cream-powder-19296,من این کرم رو دوسال پیش گرفتم شماره 02 واقعا پوشانندگیش عالی بود و حتی توی مراسم ها ازش استفاده میکردم همه میگفتن کرمپودرت چیه خیلی طبیعی و خوبه,11,false,2020-11-25T10:18:56+00:00,مثبت,0.95,محصول,محصول
پنکک چرب مدل لومینوس سیلک مناسب پوستهای خشک و مستعد جوش وزن 10 گرم,https://www.khanoumi.com/products/note-luminous-silk-cream-powder-19296,من سه سال پیش خریدم فوق العاده بود، سبک با پوشانندگی بالا👍👍👍,13,false,2020-10-11T23:19:11+00:00,مثبت,0.67,محصول,محصول
پنکک چرب مدل لومینوس سیلک مناسب پوستهای خشک و مستعد جوش وزن 10 گرم,https://www.khanoumi.com/products/note-luminous-silk-cream-powder-19296,من اینو خریدم، شبیه کرم پودره بیشتر تا پنکک. جوش میاره. با چند بار استفاده کلی جوش زدم. اصلا رو پوست نمیخوابه. قیمتشم بالاست. اصلا راضی نبودم. من بعد از خوندن نظرات خریدم، که متاسفانه  خیلی خیلی مغایرت داشت با نظرات. ,61,true,2019-08-24T23:14:23.7733333+00:00,منفی,0.79,محصول | اصل بودن کالا | قیمت,اصل بودن کالا
پنکک چرب مدل لومینوس سیلک مناسب پوستهای خشک و مستعد جوش وزن 10 گرم,https://www.khanoumi.com/products/note-luminous-silk-cream-powder-19296,من خیلی راضی بودم.. کاورش عالیه اما یکم سنگینه و برای مصرف روزانه مناسب نیست,7,true,2019-02-02T09:17:01.0066667+00:00,مثبت,0.91,محصول,محصول
پنکک چرب مدل لومینوس سیلک مناسب پوستهای خشک و مستعد جوش وزن 10 گرم,https://www.khanoumi.com/products/note-luminous-silk-cream-powder-19296,شانس لطفا,4,false,2018-12-25T11:24:16.59+00:00,خنثی,0.35,سایر,سایر
پنکک چرب مدل لومینوس سیلک مناسب پوستهای خشک و مستعد جوش وزن 10 گرم,https://www.khanoumi.com/products/note-luminous-silk-cream-powder-19296,پوست صورت من گندمی روشنه و نسبتا خشکه و کک و مک داره. شماره ۰۲ (بژ طبیعی) رو گرفتم. رنگ پوستمه و پوشانندگی خوبی داره به خصوص برای لک های صورتم. به تنهایی هم خوبه اما اگر همراه کرم پودر استفاده بشه، عالی می شه (نمای مخملی می ده),7,true,2018-10-29T12:13:33.1566667+00:00,مثبت,0.95,محصول,محصول
پنکک چرب مدل لومینوس سیلک مناسب پوستهای خشک و مستعد جوش وزن 10 گرم,https://www.khanoumi.com/products/note-luminous-silk-cream-powder-19296,گرون شده😭😭😭😭,4,true,2018-10-28T13:14:03.0233333+00:00,خنثی,0.35,قیمت,قیمت
پنکک چرب مدل لومینوس سیلک مناسب پوستهای خشک و مستعد جوش وزن 10 گرم,https://www.khanoumi.com/products/note-luminous-silk-cream-powder-19296,من پوستم چرب و جوشداره ولی این پنکک خیلی سازگاری خوبی با پوستم داره وپوشش خوبی هم داره . من از شماره 04 استفاده میکنم و واقعا ازش راضیم . لطفا تو شانس 10:10 بذارین . ممنون,10,true,2018-07-01T17:25:51.27+00:00,مثبت,0.95,محصول,محصول
پنکک چرب مدل لومینوس سیلک مناسب پوستهای خشک و مستعد جوش وزن 10 گرم,https://www.khanoumi.com/products/note-luminous-silk-cream-powder-19296,من پوستم گندمی روشن هست. ۰۴ رو خریدم بژ طبیعی. واقعا ازش راضیم. پوشانندگی بالا. ماندگاری بالا و جمع کننده منافذ پوست هست. پوستم هم چرب هست. اصلا احساس سنگینی و چربی نمیکنم.,11,false,2018-04-29T00:21:27.6066667+00:00,مثبت,0.91,محصول | اصل بودن کالا,محصول
پنکک چرب مدل لومینوس سیلک مناسب پوستهای خشک و مستعد جوش وزن 10 گرم,https://www.khanoumi.com/products/note-luminous-silk-cream-powder-19296,لطفا شماره 02  رو شارژ کنید,9,true,2018-02-01T00:02:31.9533333+00:00,خنثی,0.35,سایر,سایر
‫پنکک فشرده ابریشمی مناسب انواع پوست وزن 10 گرم,https://www.khanoumi.com/products/note-luminous-silk-compact-powder-19297,یکی از لوازم آرایشی که بسیاری از بانوان به استفاده از آن تمایل دارند، پنکک‌ها هستند. پنکک ها رطوبت و چربی اضافی پوست را گرفته و به دلیل بافت سبک و پودری احساس سنگینی برروی پوست ایجاد نخواهد کرد. پنکک فشرده نوت دارای فاقد پارابن بوده و به دلیل جلوه مات برای استفاده روزانه گزینه ای مناسب است. روغن آرگان موجود در این محصول از خشکی پوست جلوگیری کرده و آسیبی به پوست وارد نخواهد کرد.,2,false,2022-07-13T08:14:53+00:00,خنثی,0.35,محصول,محصول
‫پنکک فشرده ابریشمی مناسب انواع پوست وزن 10 گرم,https://www.khanoumi.com/products/note-luminous-silk-compact-powder-19297,پنکک یکی از محصولات آرایشی است که به تکمیل آرایش شما به بهترین شکل کمک می کند. برند نوت هم یک برند شناخته شده است که محصولاتش از کیفیت بالایی برخوردار هستند و افراد زیادی از این محصولات استفاده می کنید. پنکک نوت دارای ماهیتی ابریشمی و مات است بنابراین به خوبی برروی پوست صورت شما می‌نشیند. این محصول فاقد پارابن است بنابراین آسیبی به پوست شما وارد نمی‌کند. ,3,false,2022-06-29T09:02:23+00:00,مثبت,0.79,محصول,محصول
‫پنکک فشرده ابریشمی مناسب انواع پوست وزن 10 گرم,https://www.khanoumi.com/products/note-luminous-silk-compact-powder-19297,پنکک یکی از محصولات آرایشیه، که بیشترین کاربرد رو داره و می‌تونه خیلی مفید واقع بشه. پنکک نوت، یک محصول فوق العاده است که بافت بسیار نرم و سبکی دارد. با استفاده از این پنکک پوست صورتم صاف و یکدست شد و دوام کرم پودر و زیبایی آرایشم بالا رفت. با توجه به این که مدت زمان زیادی روی پوستم بود، اصلا نماسید و تا شب کاملا بدون هیچ عیب و نقصی روی پوست صورتم موند. استفاده از پنکک نوت رو به همه توصیه می‌کنم.,4,false,2022-02-08T08:46:02+00:00,مثبت,0.91,محصول | اصل بودن کالا,محصول
‫پنکک فشرده ابریشمی مناسب انواع پوست وزن 10 گرم,https://www.khanoumi.com/products/note-luminous-silk-compact-powder-19297,خیلی عالیه سبک و مخملی پوشانندگیش بالا نیست برای اونایی که پوستشون لک اینا داره فک نکنم کاور کنه ولی رنگ طبیعی و خوبی داره برای روز مره عالیه من چندمین باره دارم میخرمش ,1,true,2021-08-16T08:14:54+00:00,مثبت,0.95,محصول,محصول
‫پنکک فشرده ابریشمی مناسب انواع پوست وزن 10 گرم,https://www.khanoumi.com/products/note-luminous-silk-compact-powder-19297,"پنکیکش سبک و مخملیه و خوب روی پوست میشینه و رنگش تند و زننده نیست. بنظرم برای پوستای چرب مناسب هست.
پوستم گندمی روشنه شماره ۰۲ برای من خوب بود.
",11,true,2020-02-20T23:02:05+00:00,مثبت,0.91,محصول,محصول
‫پنکک فشرده ابریشمی مناسب انواع پوست وزن 10 گرم,https://www.khanoumi.com/products/note-luminous-silk-compact-powder-19297,راضي نبودم پوشانندگيش كمه,2,true,2019-12-01T16:08:00+00:00,منفی,0.67,محصول,محصول
‫پنکک فشرده ابریشمی مناسب انواع پوست وزن 10 گرم,https://www.khanoumi.com/products/note-luminous-silk-compact-powder-19297,سلام لطفا 1 و 2 رو شارژ کنید,10,false,2019-03-06T13:02:48.75+00:00,خنثی,0.35,سایر,سایر
‫پنکک فشرده ابریشمی مناسب انواع پوست وزن 10 گرم,https://www.khanoumi.com/products/note-luminous-silk-compact-powder-19297,آیناز عزی؛ قیمت گذاری توسط برند انجام میشه  خانومی در قیم گذاری دخل و تصرفی ندارد. ,1,false,2018-10-13T16:59:25.19+00:00,خنثی,0.35,قیمت,قیمت
‫پنکک فشرده ابریشمی مناسب انواع پوست وزن 10 گرم,https://www.khanoumi.com/products/note-luminous-silk-compact-powder-19297,قيمتشو خود كمپانى ارزان تر میده  كه😐,10,false,2018-10-13T15:36:36+00:00,خنثی,0.35,قیمت,قیمت
‫پنکک فشرده ابریشمی مناسب انواع پوست وزن 10 گرم,https://www.khanoumi.com/products/note-luminous-silk-compact-powder-19297,سلام لطفاشماره 1 روشارژکنیدممنون,2,false,2018-09-23T08:18:09.0066667+00:00,مثبت,0.67,سایر,سایر
‫پنکک فشرده ابریشمی مناسب انواع پوست وزن 10 گرم,https://www.khanoumi.com/products/note-luminous-silk-compact-powder-19297,لطفا میشه شماره صفر چهارشو دوباره شارژ کنین .من یه دونه خریدم دوباره میخوام .لطفااااا,0,false,2018-07-16T13:47:59.4633333+00:00,خنثی,0.35,سایر,سایر
‫پنکک فشرده ابریشمی مناسب انواع پوست وزن 10 گرم,https://www.khanoumi.com/products/note-luminous-silk-compact-powder-19297,سلام.من پوستم گندمیه.رنگ صفر چهارشو خریدم.واقعا عالی بود.ممنون از خانومی.راضیم ازت ⁦♥️⁩⁦♥️⁩⁦♥️⁩,0,false,2018-07-16T10:33:16.1533333+00:00,مثبت,0.95,محصول,محصول
‫پنکک فشرده ابریشمی مناسب انواع پوست وزن 10 گرم,https://www.khanoumi.com/products/note-luminous-silk-compact-powder-19297,زینو عزیز این محصول پنکک فشرده می باشد و بافت پودری (گچی)  ندارد,0,false,2018-05-26T14:07:49.8033333+00:00,خنثی,0.35,محصول,محصول
‫پنکک فشرده ابریشمی مناسب انواع پوست وزن 10 گرم,https://www.khanoumi.com/products/note-luminous-silk-compact-powder-19297,سلام میخاستم ببینم این ی نوع کرمپودر فشرده اس یا حالت گچی داره؟؟ ,0,false,2018-05-20T11:16:16.7166667+00:00,خنثی,0.35,محصول,محصول
‫پنکک فشرده ابریشمی مناسب انواع پوست وزن 10 گرم,https://www.khanoumi.com/products/note-luminous-silk-compact-powder-19297,پوست من گندمی روشن هست یعنی همون بژ طبیعی. برای این رنگ از پوست رنگ شنی یا همون ۰۴ کاملا رنگ پوست هست و من ازش خیلی راضیم. فوق العاده سبک و پوشانندگی بالا. واقعا ابریشمی,3,true,2018-04-29T15:25:17.1966667+00:00,مثبت,0.91,محصول,محصول
‫پنکک فشرده ابریشمی مناسب انواع پوست وزن 10 گرم,https://www.khanoumi.com/products/note-luminous-silk-compact-powder-19297,پوشانندگی خوب، سبک، عدم ماسیدگی، به معنای واقعی ابریشمی، دارای رایحه البته کم,8,true,2018-02-25T16:31:44.4966667+00:00,مثبت,0.67,سایر,سایر
‫پنکک مدل سیلک لومینوس با پوشش مخملی مناسب انواع پوست وزن 10 گرم,https://www.khanoumi.com/products/note-luminous-silk-compact-powder-19298,خیلی راضیم ، ولی حتما قبلش مرطوب کننده به پوستتون بزنید که بهتر بشینه رو پوست,0,true,2026-08-17T06:29:28.0647867+03:30,مثبت,0.79,محصول,محصول
‫پنکک مدل سیلک لومینوس با پوشش مخملی مناسب انواع پوست وزن 10 گرم,https://www.khanoumi.com/products/note-luminous-silk-compact-powder-19298,خیلی محصول خوبیه و تا شب پوستم برق نمیفته من شماره 204 دارم چون آفتاب گرفته بودم پوستم تیره بود، عالیه رنگش برام، ولی یهو چرا قیمتش از 500 شد 900 !!!,0,true,2025-11-11T23:33:25.1925375+03:30,مثبت,0.91,محصول | قیمت,محصول
‫پنکک مدل سیلک لومینوس با پوشش مخملی مناسب انواع پوست وزن 10 گرم,https://www.khanoumi.com/products/note-luminous-silk-compact-powder-19298,اصلا راضی نبودم دون دون رو صورت میمونه و پوست رو خیلی بد میکنه,0,true,2025-08-11T09:18:42.2532445+00:00,منفی,0.91,محصول | اصل بودن کالا,اصل بودن کالا
‫پنکک مدل سیلک لومینوس با پوشش مخملی مناسب انواع پوست وزن 10 گرم,https://www.khanoumi.com/products/note-luminous-silk-compact-powder-19298,اصلا خوب نیست,0,true,2025-03-07T12:24:50.8202604+00:00,منفی,0.79,اصل بودن کالا,اصل بودن کالا
‫پنکک مدل سیلک لومینوس با پوشش مخملی مناسب انواع پوست وزن 10 گرم,https://www.khanoumi.com/products/note-luminous-silk-compact-powder-19298,برای پوست سبزه 02 بهتره یا 04؟ یکی دو درجه میخوام روشن بشه که طبیعی باشه,0,false,2025-02-15T17:54:26.7797901+00:00,خنثی,0.35,محصول,محصول
‫پنکک مدل سیلک لومینوس با پوشش مخملی مناسب انواع پوست وزن 10 گرم,https://www.khanoumi.com/products/note-luminous-silk-compact-powder-19298,سلام خانمی چرا تخفیف نمیزنی 6 ماهه قیمتش همینه,0,false,2025-02-09T04:41:30.3967142+00:00,خنثی,0.35,قیمت,قیمت
‫پنکک مدل سیلک لومینوس با پوشش مخملی مناسب انواع پوست وزن 10 گرم,https://www.khanoumi.com/products/note-luminous-silk-compact-powder-19298,اصلأ راضی نبودم هیچ کاری نمیکنه,0,false,2025-01-21T23:28:11.7400025+00:00,منفی,0.79,محصول | اصل بودن کالا,اصل بودن کالا
‫پنکک مدل سیلک لومینوس با پوشش مخملی مناسب انواع پوست وزن 10 گرم,https://www.khanoumi.com/products/note-luminous-silk-compact-powder-19298,من رنگ شماره 2 رو سفارش دادم پوستم سبزه هست ولی میخواستم یکم پوستمو روشن کنه این شماره خوب بود و روی صورتم خوب نشست و تیره نشد تا شب. یه پد هم داره که توی عکس هست. در کل توی تخفیف پیشنهادش میکنم.,0,true,2024-07-21T11:48:12+00:00,مثبت,0.95,محصول | قیمت,محصول
‫پنکک مدل سیلک لومینوس با پوشش مخملی مناسب انواع پوست وزن 10 گرم,https://www.khanoumi.com/products/note-luminous-silk-compact-powder-19298,"بر اساس دیدگاه خریداران کد 202 رو برای پوست سفید و روشن سفارش دادم ولی مناسب نبود تناژ رنگی که داره به پوست های برنزه و سولار رفته بیشتر میخوره 
مخملی هست بسته بندی خوبی داره مات روی صورت میمونه ",0,true,2024-06-26T13:56:41+00:00,مثبت,0.67,محصول | تحویل و ارسال,محصول
‫پنکک مدل سیلک لومینوس با پوشش مخملی مناسب انواع پوست وزن 10 گرم,https://www.khanoumi.com/products/note-luminous-silk-compact-powder-19298,من برای استفاده روزانه خریدم و راضی ام. رنگ 02 رو سفارش دادم و برای پوست من که سفید مایل به زردم رنگ خیلی خوب و نزدیکیه. انگار که پوست خودمه و بافتشم مخملیه.,0,true,2024-06-16T12:41:42+00:00,مثبت,0.95,محصول,محصول
‫پنکک مدل سیلک لومینوس با پوشش مخملی مناسب انواع پوست وزن 10 گرم,https://www.khanoumi.com/products/note-luminous-silk-compact-powder-19298,خیلی خیلی معمولی ، شماره 2 گرفتم پوستم گندمی روشن هست اما پوستمو تیره کرد کاور بالایی هم نداره دوستانی ک گفتن مات و مخملی هست اصلا اینجور نیس ,0,true,2024-05-16T05:14:58+00:00,مثبت,0.67,محصول | اصل بودن کالا,محصول
‫پنکک مدل سیلک لومینوس با پوشش مخملی مناسب انواع پوست وزن 10 گرم,https://www.khanoumi.com/products/note-luminous-silk-compact-powder-19298,سلام زیر این پنکیک یه پنکیک روشن دیگه هم برای سایه زدن هست,0,false,2024-05-10T21:55:53+00:00,خنثی,0.35,سایر,سایر
‫پنکک مدل سیلک لومینوس با پوشش مخملی مناسب انواع پوست وزن 10 گرم,https://www.khanoumi.com/products/note-luminous-silk-compact-powder-19298,خانمی تخفیف بیشتر بزار خواهشا,0,true,2024-04-07T01:18:48+00:00,خنثی,0.35,قیمت,قیمت
‫پنکک مدل سیلک لومینوس با پوشش مخملی مناسب انواع پوست وزن 10 گرم,https://www.khanoumi.com/products/note-luminous-silk-compact-powder-19298,رنگ 202 تیره نیست برای پوست سفید روشن؟!,0,false,2024-04-03T18:06:58+00:00,خنثی,0.35,محصول,محصول
‫پنکک مدل سیلک لومینوس با پوشش مخملی مناسب انواع پوست وزن 10 گرم,https://www.khanoumi.com/products/note-luminous-silk-compact-powder-19298,بی نهایت با کیفیت و درجه یک ,0,true,2024-03-29T14:31:02+00:00,خنثی,0.35,محصول,محصول
‫پنکک مدل سیلک لومینوس با پوشش مخملی مناسب انواع پوست وزن 10 گرم,https://www.khanoumi.com/products/note-luminous-silk-compact-powder-19298,"من همیشه رنگ طبیعی کرم پودر و پنکک میخرم پوستم روشن رو به گندمی هست شماره 02 برام خیلی روشن بود .
رو پوستم هم خوب ننشست البته زیرش ضد آفتاب رنگی زدم .چی بزنم که بشینه رو پوستم ",0,true,2024-03-05T17:36:35+00:00,مثبت,0.67,محصول,محصول
‫پنکک مدل سیلک لومینوس با پوشش مخملی مناسب انواع پوست وزن 10 گرم,https://www.khanoumi.com/products/note-luminous-silk-compact-powder-19298,برای پوست گندمی روشن شماره 202بهتره یا02,0,true,2024-02-25T01:55:30+00:00,خنثی,0.35,محصول,محصول
‫پنکک مدل سیلک لومینوس با پوشش مخملی مناسب انواع پوست وزن 10 گرم,https://www.khanoumi.com/products/note-luminous-silk-compact-powder-19298,سلام وقت بخیر شماره 02 روشنه یا رنگش متوسطه؟ ,0,false,2024-02-24T11:18:16+00:00,خنثی,0.35,محصول,محصول
‫پنکک مدل سیلک لومینوس با پوشش مخملی مناسب انواع پوست وزن 10 گرم,https://www.khanoumi.com/products/note-luminous-silk-compact-powder-19298,برای پوست سبزه چه شماره ای بهتر هست؟,0,false,2024-02-23T12:51:38+00:00,خنثی,0.35,محصول,محصول
‫پنکک مدل سیلک لومینوس با پوشش مخملی مناسب انواع پوست وزن 10 گرم,https://www.khanoumi.com/products/note-luminous-silk-compact-powder-19298,پوستم روشنه کدوم رنگش مناسبه؟,0,false,2024-02-23T08:35:47+00:00,خنثی,0.35,محصول,محصول
‫پنکک مدل سیلک لومینوس با پوشش مخملی مناسب انواع پوست وزن 10 گرم,https://www.khanoumi.com/products/note-luminous-silk-compact-powder-19298,واقعا عالیه هم کاورش هم رنگش من 202 گرفتم برای پوستم سفیده خوبه کلا محصولات نوت اکثرا خوبن,0,true,2024-02-13T17:20:07+00:00,مثبت,0.95,محصول,محصول
‫پنکک مدل سیلک لومینوس با پوشش مخملی مناسب انواع پوست وزن 10 گرم,https://www.khanoumi.com/products/note-luminous-silk-compact-powder-19298,خیلی معمولیه یه برند دیگع بخرید,0,true,2024-02-11T18:19:39+00:00,خنثی,0.35,محصول,محصول
‫پنکک مدل سیلک لومینوس با پوشش مخملی مناسب انواع پوست وزن 10 گرم,https://www.khanoumi.com/products/note-luminous-silk-compact-powder-19298,آیا 02رنگش طبیعی ؟بیشتر تخفیف بذارید خریداری کنیم ,0,true,2024-02-06T13:09:25+00:00,خنثی,0.35,محصول | قیمت,محصول
‫پنکک مدل سیلک لومینوس با پوشش مخملی مناسب انواع پوست وزن 10 گرم,https://www.khanoumi.com/products/note-luminous-silk-compact-powder-19298,چرا تخفیفش اینقد کمه,0,false,2024-01-12T17:51:33+00:00,خنثی,0.35,قیمت,قیمت
‫پنکک مدل سیلک لومینوس با پوشش مخملی مناسب انواع پوست وزن 10 گرم,https://www.khanoumi.com/products/note-luminous-silk-compact-powder-19298,خوبه ,0,true,2023-12-30T23:26:11+00:00,مثبت,0.79,سایر,سایر
‫پنکک مدل سیلک لومینوس با پوشش مخملی مناسب انواع پوست وزن 10 گرم,https://www.khanoumi.com/products/note-luminous-silk-compact-powder-19298,سلام. کاور مسبتا خوبی داره ، کک و مک ها رو محو نمیکنه ولی برای استفاده روزانه خوبه. من پوستم گندمی هست طبق نظرات قبلی رنگ 202 رو خریدم و واقعا راضیم. رنگش ی شادابی به صورت میده.,0,true,2023-12-05T07:10:09+00:00,مثبت,0.95,محصول,محصول
‫پنکک مدل سیلک لومینوس با پوشش مخملی مناسب انواع پوست وزن 10 گرم,https://www.khanoumi.com/products/note-luminous-silk-compact-powder-19298,چرا تخفیفات رو برمیدارید؟؟همین یه ذره تخفیف هم میزارید هر دقیقه تغییر میدین خب این چه وضعشه؟؟؟,0,true,2023-11-28T07:17:37+00:00,خنثی,0.35,قیمت,قیمت
‫پنکک مدل سیلک لومینوس با پوشش مخملی مناسب انواع پوست وزن 10 گرم,https://www.khanoumi.com/products/note-luminous-silk-compact-powder-19298,خواهش میکنم تو تخفیفات بیشتر قرار بدین چرا برا پنکیک تخفیف زیاد نمیزارین ,4,false,2023-10-23T12:01:17+00:00,منفی,0.67,قیمت,قیمت
‫پنکک مدل سیلک لومینوس با پوشش مخملی مناسب انواع پوست وزن 10 گرم,https://www.khanoumi.com/products/note-luminous-silk-compact-powder-19298,"سلام تمام خرید هامو اینترنتی انجام میدم اما اورجینال بودن و تاریخ و مشخصات کالا خیلی برام مهمه از خانومی خرید کردم و به جرات میتونم بگم بهترین سایت برای کسانی هست که کالای اورجینال و با کیفیت میخوان
سپاسگزارم از محصولات و تخفیف های فوق العاده و بسته بندی و تحویل عالیتون",2,true,2023-10-14T15:53:31+00:00,مثبت,0.95,محصول | تحویل و ارسال | اصل بودن کالا | قیمت,محصول
‫پنکک مدل سیلک لومینوس با پوشش مخملی مناسب انواع پوست وزن 10 گرم,https://www.khanoumi.com/products/note-luminous-silk-compact-powder-19298,وای این عالیهه دوست همیشگی منه اما روز به روزم گرون تره متاسفانه ,1,false,2023-10-12T21:48:53+00:00,ترکیبی,0.79,قیمت,قیمت
‫پنکک مدل سیلک لومینوس با پوشش مخملی مناسب انواع پوست وزن 10 گرم,https://www.khanoumi.com/products/note-luminous-silk-compact-powder-19298,"من شماره 02 که بژ طبیعی هست رو توی تخفیف خریدم به 
 معنای واقعی کلمه فوق العاده اس هم یه پوشش مخملی به صورت میده و هم ماندگاری کرمپودر و کانسیلر رو به شدت بالا میبره و بهترین پنکیک توی این رنج قیمت هستش حتما پیشنهادش میکنم ",0,true,2023-09-03T21:15:12+00:00,مثبت,0.91,محصول | قیمت,محصول
‫پنکک مدل سیلک لومینوس با پوشش مخملی مناسب انواع پوست وزن 10 گرم,https://www.khanoumi.com/products/note-luminous-silk-compact-powder-19298,"بهترین پنکیکی که میشه استفاده کرد و ازش تا ابد راضی بود همینه 
صورت و جوری شاداب نشون میده که واقعا لذت میبری از استفادش
هم خیلی سبکه هم پوشانندگی داره هم پوست رو خشک نمیکنه من که ازش خیلی راضی هستم و همیشه هم از خانومی خریدم ",2,true,2023-05-15T13:40:36+00:00,مثبت,0.79,محصول,محصول
‫پنکک مدل سیلک لومینوس با پوشش مخملی مناسب انواع پوست وزن 10 گرم,https://www.khanoumi.com/products/note-luminous-silk-compact-powder-19298,لطفا شماره روشنشم موجود کنید,1,true,2023-02-20T17:59:37+00:00,خنثی,0.35,محصول,محصول
‫پنکک مدل سیلک لومینوس با پوشش مخملی مناسب انواع پوست وزن 10 گرم,https://www.khanoumi.com/products/note-luminous-silk-compact-powder-19298,ا با توجه به نظرسنجی ها خریدم اصلا پوشش نداره و رنگ 204 برنزه و تیره هست,6,false,2022-10-29T12:26:36+00:00,منفی,0.67,محصول | اصل بودن کالا,اصل بودن کالا
‫پنکک مدل سیلک لومینوس با پوشش مخملی مناسب انواع پوست وزن 10 گرم,https://www.khanoumi.com/products/note-luminous-silk-compact-powder-19298,اگر دنبال یک پنکک با کاور بالا و ماندگاری طولانی مدت هستید، حتما نوت رو امتحان کنید. پنکک نوت پیگمنت بسیار بالایی داره و در عین حال خیلی سبکه. به راحتی روی پوست می‌شینه و اصلا ماسیده و یا پخش نمیشه. رنگ بندی متنوعی داره و هر فردی می تونه به راحتی با هر تناژ پوستی از اون استفاده کنه. یکی دیگه از ویژگی‌های خیلی خوبی که داره، فرمولاسیون سبک و گیاهی اونه که اصلا باعث ایجاد حساسیت و یا ایجاد جوش در پوست نمیشه. هم به عنوان یک محصول روزانه و هم به عنوان یک محصول جهت استفاده در مجالس و مهمانی ها می تونید از این محصول استفاده کنید,20,false,2022-10-01T16:13:16+00:00,مثبت,0.95,محصول | اصل بودن کالا,محصول
‫پنکک مدل سیلک لومینوس با پوشش مخملی مناسب انواع پوست وزن 10 گرم,https://www.khanoumi.com/products/note-luminous-silk-compact-powder-19298,من ٢٠٢ رو خريدم، عاااااليه,6,true,2022-08-10T15:52:33+00:00,خنثی,0.35,سایر,سایر
‫پنکک مدل سیلک لومینوس با پوشش مخملی مناسب انواع پوست وزن 10 گرم,https://www.khanoumi.com/products/note-luminous-silk-compact-powder-19298,شماره ۲۰۲بارنگ پوست گندمی روشن همخونی داره وکاورش رو خیلی دوست دارم ,2,true,2022-06-16T17:01:03+00:00,خنثی,0.35,محصول,محصول
‫پنکک مدل سیلک لومینوس با پوشش مخملی مناسب انواع پوست وزن 10 گرم,https://www.khanoumi.com/products/note-luminous-silk-compact-powder-19298,خیلی پنکیک خوبیه، خیلی سبکه و پوشانندگی خوبی داره من شماره 02 اش رو میخرم همیشه,4,false,2022-06-13T16:20:45+00:00,مثبت,0.79,سایر,سایر
‫پنکک مدل سیلک لومینوس با پوشش مخملی مناسب انواع پوست وزن 10 گرم,https://www.khanoumi.com/products/note-luminous-silk-compact-powder-19298,شماره ٢٠٤ بسيار خوشرنگ و عالي,16,true,2022-01-04T07:17:35+00:00,مثبت,0.67,محصول,محصول
‫پودر برنزه کننده حاوی ویتامین E,https://www.khanoumi.com/products/note-bronzing-powder-19299,خانومی عزیز لطفا شماره 30 این محصول رو شارژ کنید عالیه,0,false,2026-07-11T19:44:01.6610109+03:30,مثبت,0.79,محصول,محصول
‫پودر برنزه کننده حاوی ویتامین E,https://www.khanoumi.com/products/note-bronzing-powder-19299,"عالیه واقعا من شماره 30 رو گرفتم 
یه شاین خوشکلی هم داره و پیکمنتش عالیه خیلی راحت هم پخش میشه",0,true,2026-01-18T12:42:17.2935308+03:30,مثبت,0.95,تحویل و ارسال,تحویل و ارسال
‫پودر برنزه کننده حاوی ویتامین E,https://www.khanoumi.com/products/note-bronzing-powder-19299,لطفاً موجودکنید,0,false,2024-10-12T15:16:36.5905777+00:00,خنثی,0.35,محصول,محصول
‫پودر برنزه کننده حاوی ویتامین E,https://www.khanoumi.com/products/note-bronzing-powder-19299,پنکک برنزر من کاملا خرد شده و پودر به دستم رسید .خواهش میکنم محصولات پودری رو خوب بسته بندی کنید.,0,true,2024-08-19T23:48:56+00:00,مثبت,0.67,تحویل و ارسال | محصول,تحویل و ارسال
‫پودر برنزه کننده حاوی ویتامین E,https://www.khanoumi.com/products/note-bronzing-powder-19299,اولین ویژگی مثبت این پودر برنز، پیپگمنت بالای اونه. دقیقا همون چیزی که برای برنز شدن لازمه. به راحتی و با یک حرکت روی پوست میشینه و اصلا ماسیدگی نداره. ماندگاری نسبتا طولانی داره و برای منی که پوست نرمالی داشتم، نیاز به تمدید نداشت. در مقابل نور آفتاب درخشش طبیعی این برنزر بسیار بسیار طبیعی و زیباست. علاوه بر این، می‌تونید از این برنزر به عنوان هایلایتر هم استفاده کنید. در کل پیشنهاد می کنم. عالیه.,3,false,2022-10-01T16:20:58+00:00,مثبت,0.95,محصول | اصل بودن کالا,محصول
‫پودر برنزه کننده حاوی ویتامین E,https://www.khanoumi.com/products/note-bronzing-powder-19299,کیفیت عالی ای داره و به راحتی بِلِند میشه و خیلی پودری نیست,3,false,2019-10-22T15:32:13+00:00,مثبت,0.79,محصول,محصول
‫پودر برنزه کننده حاوی ویتامین E,https://www.khanoumi.com/products/note-bronzing-powder-19299,آیا دارای پیگمنت درخشان است یا مات؟,14,false,2019-07-26T22:47:46.9366667+00:00,خنثی,0.35,سایر,سایر
‫پودر برنزه کننده حاوی ویتامین E,https://www.khanoumi.com/products/note-bronzing-powder-19299, دوباره تو آف بياد لطفا,13,true,2018-11-18T18:32:04.13+00:00,خنثی,0.35,سایر,سایر
‫پودر برنزه کننده حاوی ویتامین E,https://www.khanoumi.com/products/note-bronzing-powder-19299,"شماره 30 تیره ترین رنگ این برنزر هست پس چرا اینجا نوشتین شماره 10-برنز تیره؟
اینو شفاف کنید که اگه خرید کردیم رنگ روشن جای تیره نیاد واسمون:|",5,false,2018-07-02T01:17:33.1833333+00:00,خنثی,0.35,محصول,محصول
‫پودر برنزه کننده حاوی ویتامین E,https://www.khanoumi.com/products/note-bronzing-powder-19299,من کد ۲۰ شو گرفتم ، خیلی خوبه و پیگمنت نارنجی نداره اصلا ، برای پوستهای روشن برنزش خیلی طبیعی میشه,5,false,2018-05-16T22:52:12.86+00:00,مثبت,0.79,محصول | اصل بودن کالا,محصول
‫پودر برنزه کننده حاوی ویتامین E,https://www.khanoumi.com/products/note-bronzing-powder-19299,ارزش خرید با این قیمت نداره اصلا. خود محصول بی کیفیت و بسته بندی خود برند افتضاح,0,true,2018-03-15T15:35:13.46+00:00,منفی,0.79,تحویل و ارسال | محصول | قیمت | اصل بودن کالا,اصل بودن کالا
‫پودر برنزه کننده حاوی ویتامین E,https://www.khanoumi.com/products/note-bronzing-powder-19299,من که اینو سفارش دادم به جاش کرم پودرشو فرستادن مرجوع کردنشم که کلی مراحل مختلف داره منم از خیرش گذشتم😢,2,true,2018-03-09T22:38:05.2966667+00:00,خنثی,0.35,محصول,محصول
‫خط چشم کوزه ای حاوی روغن بادام شیرین,https://www.khanoumi.com/products/note-mascara-dipliner-19300,واقعا افتضاح درش درجا خراب شد باز کردنش هم خیلی سخته,0,false,2026-05-02T01:09:27.2009477+03:30,منفی,0.67,سایر,سایر
‫خط چشم کوزه ای حاوی روغن بادام شیرین,https://www.khanoumi.com/products/note-mascara-dipliner-19300,نوکش خیلی ضخیمه,0,true,2026-04-29T19:43:59.8505304+03:30,خنثی,0.35,سایر,سایر
‫خط چشم کوزه ای حاوی روغن بادام شیرین,https://www.khanoumi.com/products/note-mascara-dipliner-19300,بنظرم کیفیت و‌ رنگ عالیی داره و خوش دسته پیشنهاد میکنم,0,true,2026-03-10T08:20:43.2391539+03:30,مثبت,0.91,محصول,محصول
‫خط چشم کوزه ای حاوی روغن بادام شیرین,https://www.khanoumi.com/products/note-mascara-dipliner-19300,خیلی خوشرنگ‌و خوش دسته راحتم شسته میشه بوی خوب بادومم میده ممنون,0,true,2026-01-27T20:16:20.2243307+03:30,مثبت,0.79,محصول,محصول
‫خط چشم کوزه ای حاوی روغن بادام شیرین,https://www.khanoumi.com/products/note-mascara-dipliner-19300,خیلی راضیم خیلی خوش دسته,0,true,2023-01-01T08:38:58+00:00,مثبت,0.79,سایر,سایر
‫خط چشم کوزه ای حاوی روغن بادام شیرین,https://www.khanoumi.com/products/note-mascara-dipliner-19300,خیلی بد و بی کیفیته. اصلا توصیه نمیکنم. کلا تا حالا نشده محصولی از این برند نوت بگیرم راضی باشم به جز لاک ناخن البته.,11,true,2018-11-21T12:48:28.8633333+00:00,منفی,0.91,محصول | اصل بودن کالا,اصل بودن کالا
‫خط چشم کوزه ای حاوی روغن بادام شیرین,https://www.khanoumi.com/products/note-mascara-dipliner-19300,سلام ببخشید این خط چشمش مویی هست ,4,false,2018-11-19T16:59:39.2933333+00:00,خنثی,0.35,محصول,محصول
‫خط چشم کوزه ای حاوی روغن بادام شیرین,https://www.khanoumi.com/products/note-mascara-dipliner-19300,چند میله؟,1,true,2018-11-19T16:30:48.5266667+00:00,خنثی,0.35,سایر,سایر
‫خط چشم کوزه ای حاوی روغن بادام شیرین,https://www.khanoumi.com/products/note-mascara-dipliner-19300,سلام  تو رو خدا هر چه سریعتیر منو راهنمایی کنید من سفارش دادم کرمپودرو کلی وسایل دیگه ولی اون تاریخی که زدم مشکلی پیش اومده و عازم سفرم چیکار کنمممممم چطوری تاریخو تغییر بدم ,1,false,2018-06-14T03:24:48.4233333+00:00,منفی,0.67,محصول,محصول
‫خط چشم کوزه ای حاوی روغن بادام شیرین,https://www.khanoumi.com/products/note-mascara-dipliner-19300,توی صفحه اول برنامه گفتید محصولات نوت با قیمت بالای 20 هزار تومن ارسال رایگان دارن. من میخواسم اینو بخرم. پس چرا ارسالش رایگان نیس ؟؟,0,false,2018-02-23T16:22:02+00:00,خنثی,0.35,تحویل و ارسال | محصول | قیمت,تحویل و ارسال
‫خط چشم ماژیکی مقاوم در برابر آب و تعریق,https://www.khanoumi.com/products/note-precision-liner-19301,به هیچ وجه ضد آب نبود!!!!!,4,true,2019-02-04T21:47:17.6966667+00:00,خنثی,0.35,محصول,محصول
‫خط چشم ماژیکی مقاوم در برابر آب و تعریق,https://www.khanoumi.com/products/note-precision-liner-19301,اين خط چشم ضد حساسيته؟,1,false,2018-11-28T18:15:30.9533333+00:00,خنثی,0.35,سایر,سایر
‫خط چشم ماژیکی مقاوم در برابر آب و تعریق,https://www.khanoumi.com/products/note-precision-liner-19301,براقیت این خط چشم اصلا به اون صورت نیست. به نظر من ایده اله. ماندگاری خیلی خوبی داره,10,false,2018-04-17T04:11:20.3+00:00,مثبت,0.91,محصول | اصل بودن کالا,محصول
‫خط چشم ماژیکی مقاوم در برابر آب و تعریق,https://www.khanoumi.com/products/note-precision-liner-19301,مهناز عزیز یرند نوت خط چشم مات ندارد. میتونین از خط چشم مات ضد آب برند گلدن رز استفاده کنید,1,false,2018-04-03T09:55:02.4733333+00:00,خنثی,0.35,سایر,سایر
‫خط چشم ماژیکی مقاوم در برابر آب و تعریق,https://www.khanoumi.com/products/note-precision-liner-19301,خط چشم مات نداره نوت؟! 🙁,3,false,2018-03-29T15:36:50.3233333+00:00,خنثی,0.35,سایر,سایر
‫خط چشم مویی ضد حساسیت,https://www.khanoumi.com/products/note-mascara-eyeliner-19302,"امروز به دستم رسیده  قلم موی خیلی ظریفی داره به نظرم کیفیت خوبی هم داره و 
طولانی مدت تو روز میشه استفاده کرد",0,true,2026-08-23T11:13:39.5264296+03:30,مثبت,0.79,محصول | تحویل و ارسال,محصول
‫خط چشم مویی ضد حساسیت,https://www.khanoumi.com/products/note-mascara-eyeliner-19302,عالی بود کیفیت و رنگ و ماندگاری بازم تمدید میکنم,0,false,2026-08-20T01:54:34.0446653+03:30,مثبت,0.79,محصول,محصول
‫خط چشم مویی ضد حساسیت,https://www.khanoumi.com/products/note-mascara-eyeliner-19302,بهترین چیزی که تا الان خریدم از خانومی,0,true,2026-08-01T21:08:02.2665731+03:30,مثبت,0.67,سایر,سایر
‫خط چشم مویی ضد حساسیت,https://www.khanoumi.com/products/note-mascara-eyeliner-19302,خط چشم خیلی خوبیه .پیشنهاد میدم تهیه اش کنید . سریع به دستم رسید .,0,true,2026-07-31T08:51:48.1583994+03:30,مثبت,0.91,تحویل و ارسال,تحویل و ارسال
‫خط چشم مویی ضد حساسیت,https://www.khanoumi.com/products/note-mascara-eyeliner-19302,خدایی خط چشم خوبیه من هم میرم سر کار هم بعدش میرم باشگاه تقریبا 90 درصدش رو چشم اوکی میمونه. حجمشم مناسبه,0,true,2026-05-27T15:24:52.8015+03:30,مثبت,0.67,محصول,محصول
‫خط چشم مویی ضد حساسیت,https://www.khanoumi.com/products/note-mascara-eyeliner-19302,واقعا عالیه بدون هیچ نقصی,0,true,2026-05-14T12:18:05.6435953+03:30,ترکیبی,0.74,سایر,سایر
‫خط چشم مویی ضد حساسیت,https://www.khanoumi.com/products/note-mascara-eyeliner-19302,بی نظیره . توصیه میکنم .,0,true,2026-04-29T16:33:35.1669717+03:30,مثبت,0.79,سایر,سایر
‫خط چشم مویی ضد حساسیت,https://www.khanoumi.com/products/note-mascara-eyeliner-19302,خوب بود حساسیت نداد رنگش مشکی مشکیه و کشیدن باهاش راحته,0,true,2026-04-27T19:22:07.2615321+03:30,مثبت,0.79,محصول,محصول
‫خط چشم مویی ضد حساسیت,https://www.khanoumi.com/products/note-mascara-eyeliner-19302,رنگ مشکی خوبی داره، قلم روانی داره، راحت میشه خط چشم کشید مخصوصا برای کسایی که طرفدار خط چشم نازک هستن، اصلا نمیریزه و راحت شسته میشه و زیرچشم‌ رو سیاه نمیکنه، عالیه. اما من تو تخفیف خریدمش,0,true,2026-04-22T12:16:47.6787256+03:30,منفی,0.79,محصول | اصل بودن کالا | قیمت,اصل بودن کالا
‫خط چشم مویی ضد حساسیت,https://www.khanoumi.com/products/note-mascara-eyeliner-19302,خط چشم خوب بود ، ارزش خرید داره من حساسیت دارم ولی چشممو نسوزوند,0,true,2026-04-18T20:46:42.5238858+03:30,مثبت,0.91,محصول | قیمت,محصول
‫خط چشم مویی ضد حساسیت,https://www.khanoumi.com/products/note-mascara-eyeliner-19302,با توجه به نظر بقیه دوستان خریدم و واقعا دوسش دارم، هم خیلی مشکیه، هم مانگاریش خوبه، همم راحت شسته میشه و اذیت نمیکنه,0,true,2026-04-16T22:20:08.9108552+03:30,مثبت,0.79,سایر,سایر
‫خط چشم مویی ضد حساسیت,https://www.khanoumi.com/products/note-mascara-eyeliner-19302,هنوز استفاده نکردم ولی روی دستم تست کردم و با ملی شستن دست پاک نشدن و سیاهی عم پس نداد ‌برای کسایی مه دنبال خط وشم موندگار هستن عالیه .قلمش هم خیلی ظریف و خوبه,0,true,2026-03-31T17:05:08.0194341+03:30,مثبت,0.95,محصول,محصول
‫خط چشم مویی ضد حساسیت,https://www.khanoumi.com/products/note-mascara-eyeliner-19302,عالیه یه خط چشم سبک و خوب و رون با یک موی خوب,0,true,2026-01-17T16:32:40.7329592+03:30,مثبت,0.95,محصول,محصول
‫خط چشم مویی ضد حساسیت,https://www.khanoumi.com/products/note-mascara-eyeliner-19302,عالیه من خیلی وقته استفاده میکنم خیلی روونه,0,true,2026-01-08T00:36:04.0343714+03:30,مثبت,0.79,سایر,سایر
‫خط چشم مویی ضد حساسیت,https://www.khanoumi.com/products/note-mascara-eyeliner-19302,خیلیییی عالیه از خریدش پشیمون نمیشید,0,true,2026-01-05T20:54:54.9322135+03:30,مثبت,0.91,محصول,محصول
‫خط چشم مویی ضد حساسیت,https://www.khanoumi.com/products/note-mascara-eyeliner-19302,خط چشم خیلی خوبی هستش با فرچه ی نازک و اصلا پخش نمیشه,0,true,2026-01-05T07:25:12.3521855+03:30,مثبت,0.67,اصل بودن کالا,اصل بودن کالا
‫خط چشم مویی ضد حساسیت,https://www.khanoumi.com/products/note-mascara-eyeliner-19302,بهترین خط چشمی که داشتم باکیفیت وعالی,0,true,2025-12-06T17:02:11.6928413+03:30,مثبت,0.79,محصول,محصول
‫خط چشم مویی ضد حساسیت,https://www.khanoumi.com/products/note-mascara-eyeliner-19302,"عکسی که گذاشتم دقیقا بعد از 12 ساعت مداوم این خط چشمه که هم خوابیدم هم صورتمو آب زدم ولی تازه داره پاک میشه
من خیلی ازش راضی ام، ماندگاری بالایی داره در عین حال مشکیه، سیاه نمیکنه و ریزش نداره. حتی موقع کشیدن اگر دو سه بار روی یه خط تکراری بکشید گوله گوله و جمع نمیشه. پیشنهاد میکنم اگر به خط چشم مویی عادت دارید حتما بخرید و از دستش ندید.",0,true,2025-10-19T22:47:42.622447+03:30,خنثی,0.35,محصول,محصول
‫خط چشم مویی ضد حساسیت,https://www.khanoumi.com/products/note-mascara-eyeliner-19302,خیلی خوبه مشکی و روان با قلم نازک ماندگاری خوب,0,true,2025-07-31T10:14:18.1731019+00:00,مثبت,0.95,محصول,محصول
‫خط چشم مویی ضد حساسیت,https://www.khanoumi.com/products/note-mascara-eyeliner-19302,عالی بینظیر,0,true,2025-06-01T14:18:10.5030481+00:00,مثبت,0.67,سایر,سایر
‫خط چشم مویی ضد حساسیت,https://www.khanoumi.com/products/note-mascara-eyeliner-19302,بسیار عالی. من هیچ وقت خط چشم مویی نداشتم ولی کیفیت و ویژگی این خط چشم شگفت‌زده‌م کرد. با کلی تردید خریدمش ولی الان اینقدر راضیم که از این به بعد همین رو خریداری میکنم. جلوه مات و کاملا مشکی. برای کسایی که به این حالت علاقه مند هستن گزینه خیلی خوبیه,0,true,2025-05-01T07:39:56.6918708+00:00,مثبت,0.95,محصول,محصول
‫خط چشم مویی ضد حساسیت,https://www.khanoumi.com/products/note-mascara-eyeliner-19302,بنظرم خط چشم خوبیه محصولات نوت واقعا با کیفیت هستن من همیشه حساسیت میزنم ولی با این خط چشم اصلا حساسیت نگرفتم.خیلی مشکی و روون و باریکه دوباره شارژ میکنم,0,true,2025-04-21T20:31:49.2112402+00:00,مثبت,0.79,محصول | اصل بودن کالا,محصول
‫خط چشم مویی ضد حساسیت,https://www.khanoumi.com/products/note-mascara-eyeliner-19302,بعد از گذشت چند ساعت تیکه تیکه میشه و میریزه,0,true,2025-03-01T08:05:16.1576458+00:00,خنثی,0.35,سایر,سایر
‫خط چشم مویی ضد حساسیت,https://www.khanoumi.com/products/note-mascara-eyeliner-19302,من دوسش داشتم خیلی کار باهاش راحته چون خیلی نازکه و ضدحساسیت هست.,0,true,2025-02-06T23:01:00.1976854+00:00,خنثی,0.35,سایر,سایر
‫خط چشم مویی ضد حساسیت,https://www.khanoumi.com/products/note-mascara-eyeliner-19302,خط چشم بسیار عالی و مات و خیلی راحت میشه باهاش خط چشم کشید,0,true,2024-12-28T09:47:52.5614403+00:00,مثبت,0.67,سایر,سایر
‫خط چشم مویی ضد حساسیت,https://www.khanoumi.com/products/note-mascara-eyeliner-19302,عالیه,0,true,2024-12-06T21:11:46.9165473+00:00,مثبت,0.79,سایر,سایر
‫خط چشم مویی ضد حساسیت,https://www.khanoumi.com/products/note-mascara-eyeliner-19302,خیلی خوب بود و راحت میشد باهاش کار کرد,0,true,2024-12-06T09:53:30.9915212+00:00,مثبت,0.91,محصول,محصول
‫خط چشم مویی ضد حساسیت,https://www.khanoumi.com/products/note-mascara-eyeliner-19302,سلام . سری اول که گرفتم خیلی راضی بودم ولی تو خرید جدیدم فکر میکنم کیفیت قبل رو نداره ولی برای استفاده روزمره خوبه,0,true,2024-12-04T12:53:45.4865712+00:00,مثبت,0.91,محصول,محصول
‫خط چشم مویی ضد حساسیت,https://www.khanoumi.com/products/note-mascara-eyeliner-19302,"همینکه وقتی برای روزمره استفاده میکنم و می‌دونم متریالش ضد حساسیت و سالم هست برام کافیه 
دوسش دارمم",0,true,2024-11-26T20:07:46.8604383+00:00,خنثی,0.35,سایر,سایر
‫خط چشم مویی ضد حساسیت,https://www.khanoumi.com/products/note-mascara-eyeliner-19302,من کامنت ها رو که خوندم خریدمش اما متاسفانه اصلا راضی نبودم.خیلی زود پاک میشه,0,true,2024-10-25T11:52:18.0565685+00:00,منفی,0.91,محصول | اصل بودن کالا,اصل بودن کالا
‫خط چشم مویی ضد حساسیت,https://www.khanoumi.com/products/note-mascara-eyeliner-19302,"خیلی راضیم،
پوست پوست نمیشه ، نمیریزه ، پخش نمیشه، قلمش روونه، کاملا مشکیه، بازم میخرم ازش",0,true,2024-10-17T12:29:01.133711+00:00,مثبت,0.79,محصول,محصول
‫خط چشم مویی ضد حساسیت,https://www.khanoumi.com/products/note-mascara-eyeliner-19302,واقعا کیفیتش عالیه، از خریدش پشیمون نمیشید,0,true,2024-09-20T10:22:33+00:00,مثبت,0.91,محصول,محصول
‫خط چشم مویی ضد حساسیت,https://www.khanoumi.com/products/note-mascara-eyeliner-19302,خوبه ضد آب بود ,0,true,2024-07-09T19:50:30+00:00,مثبت,0.79,محصول,محصول
‫خط چشم مویی ضد حساسیت,https://www.khanoumi.com/products/note-mascara-eyeliner-19302,خوبه باهاش راحتم و کاربردیه، با اینکه من پف چشم دارم ولی زود پاک نمیشه و تا چهار پنج ساعتی بدون نیاز به تجدید جوابگو هست، دوسش داشتم,0,true,2023-08-09T14:10:48+00:00,ترکیبی,0.79,سایر,سایر
‫خط چشم مویی ضد حساسیت,https://www.khanoumi.com/products/note-mascara-eyeliner-19302,محشره 😘,0,true,2022-12-07T23:20:28+00:00,خنثی,0.35,سایر,سایر
‫خط چشم مویی ضد حساسیت,https://www.khanoumi.com/products/note-mascara-eyeliner-19302,برای جلوه بیشتر چشم ها شما می توانید از خط چشم استفاده کنید. خط چشم مویی نوت دارای استاندارد وگان بوده و به دلیل خشک شدن سریع، روی صورت شما پخش نمی شود. این محصول ضدحساسیت است و به دلیل ماندگاری طولانی مدت، برای مراسم های مهم قابل استفاده است. این محصول  فاقد پارابن و عطر است بنابراین آسیبی به پوست شما وارد نخواهد کرد. این محصول حاوی ویتامین ای بوده و به رشد مژه های شما کمک می کند. ,0,false,2022-10-19T08:48:52+00:00,خنثی,0.35,محصول,محصول
‫خط چشم مویی ضد حساسیت,https://www.khanoumi.com/products/note-mascara-eyeliner-19302,یه خط چشم مشکی پر رنگ با ماندگاری عاااالی و تقریبا ضد اب. با سر باریکش میشه یه خط چشم باریک و خوب کشید. واسه حرفه ای ها خوبه.,27,false,2018-04-17T04:05:00.56+00:00,مثبت,0.91,محصول,محصول
‫خط چشم مویی ضد حساسیت,https://www.khanoumi.com/products/note-mascara-eyeliner-19302,به جرات میگم بدترین خط چشمی ک داشتم...خیلی سخت میشه ازش استفاده کرد و سرش اصلا یکدست نیست و خط رو کج میکشه,31,false,2018-04-12T11:30:15.0566667+00:00,منفی,0.91,اصل بودن کالا,اصل بودن کالا
‫رژ گونه,https://www.khanoumi.com/products/note-luminous-silk-compact-blusher-19303,"یه رژگونه بسیار جمع و جور ، با پیگمت بالا و بافت نرم 
شماره 08 گرفتم رنگش ملایم اصلا تو ذوق نمیزنه",0,false,2026-08-18T12:42:20.9219595+03:30,منفی,0.67,محصول | اصل بودن کالا,اصل بودن کالا
‫رژ گونه,https://www.khanoumi.com/products/note-luminous-silk-compact-blusher-19303,عالیه،سال هاست از این برند خریدم،و یه ویژگی مثبت بارها از دستتونم بیفته نمیشکنه.رنگای کم رنگ تر باید چند لایه بزنید،ولی تناژ تیره تر ها به صرفه ترن،البته بستگی به سلیقه ام داره که جه تناژی دوست دارین،پیشنهاد من تیر تر هاست,0,true,2026-08-07T10:50:33.7469422+03:30,مثبت,0.91,محصول,محصول
‫رژ گونه,https://www.khanoumi.com/products/note-luminous-silk-compact-blusher-19303,واقعا محصول خوبیه و پیگمنت خوبی داره.,0,true,2026-05-05T22:11:05.2000914+03:30,مثبت,0.79,محصول,محصول
‫رژ گونه,https://www.khanoumi.com/products/note-luminous-silk-compact-blusher-19303,"عالیه  
برای پوست چرب ماندگاری خوبی داره و اصلا تکون نمیخوره",0,false,2026-04-19T18:37:54.6960748+03:30,مثبت,0.79,محصول | اصل بودن کالا,محصول
‫رژ گونه,https://www.khanoumi.com/products/note-luminous-silk-compact-blusher-19303,پیگمنت بالایی داره و موندگاریش هم خوب بود,0,true,2026-04-10T01:10:39.5698081+03:30,مثبت,0.79,محصول,محصول
‫رژ گونه,https://www.khanoumi.com/products/note-luminous-silk-compact-blusher-19303,رنگ 06 خیلییی ملیح و خوبه,0,true,2026-03-11T21:10:13.5743331+03:30,مثبت,0.79,محصول,محصول
‫رژ گونه,https://www.khanoumi.com/products/note-luminous-silk-compact-blusher-19303,خودش خوبه حتی بوش هم خوبه,0,true,2026-03-11T21:09:33.2958099+03:30,مثبت,0.95,محصول,محصول
‫رژ گونه,https://www.khanoumi.com/products/note-luminous-silk-compact-blusher-19303,قبلا 08 رو داشتم و تازه 02 رو خریدم. رنگ‌های جذابی داره. 02 صورت رو شاداب میکنه و خیلی ملیحه. ماندگاریش خیلی بالا نیست ولی در کل خوبه. راضیم ازش.,0,true,2026-01-12T18:45:30.5441258+03:30,مثبت,0.95,محصول,محصول
‫رژ گونه,https://www.khanoumi.com/products/note-luminous-silk-compact-blusher-19303,کیفیت خوبی داره، چند سال استفاده کردم ولی آخرین بار که دی ماه 404 گرفتمش رنگش فرق کرده. رنگ 06 صورتی شنی استفاده می‌کردم ولی این بار که خریدمش به جای صورتی، تناژ هلویی داره.برای همین امتیازش رو کم کردم.,0,true,2026-01-07T16:16:06.8585439+03:30,مثبت,0.79,محصول,محصول
‫رژ گونه,https://www.khanoumi.com/products/note-luminous-silk-compact-blusher-19303,من رنگ 2رو گرفتم رنگ گلبهی هست برای پوست های روشن عالیه و صورت رو شاداب میکنه ولی یک مقدار حالت گچی داره و خیلی ماندگاری نداره البته من روی کرم ضد آفتاب بی رنگ زدم و نمیدونم روی کرم پودر به چه صورت هستش,0,true,2026-01-05T08:07:57.5576583+03:30,مثبت,0.79,محصول,محصول
‫رژ گونه,https://www.khanoumi.com/products/note-luminous-silk-compact-blusher-19303,موندگاریش معموله پیگمنتش خوبه ولی خیلی کوچیکه بود انتظار نداشتم ولی رنگش خیلی قشنگه,0,true,2025-12-25T12:58:59.5032423+03:30,مثبت,0.79,محصول,محصول
‫رژ گونه,https://www.khanoumi.com/products/note-luminous-silk-compact-blusher-19303,خیلی رنگ شاد و خوبی  داره من که خوشم اومد و اینکه من رنگ 001 رو گرفتم!,0,true,2025-12-11T17:57:49.1939661+03:30,مثبت,0.67,محصول,محصول
‫رژ گونه,https://www.khanoumi.com/products/note-luminous-silk-compact-blusher-19303,"رنگ 02 گرفتم و یه تم شاداب به صورتم داد 
به مراتب بیشتر استفاده کنی پر رنگ تر میشه اما اگر کم بزنی واقعا زیبا و خوش رنگه 
من پوستم گندمی سبزست که خیلی خوشم اومد به پوستم نشست",0,true,2025-11-11T16:25:34.4022211+03:30,خنثی,0.35,محصول,محصول
‫رژ گونه,https://www.khanoumi.com/products/note-luminous-silk-compact-blusher-19303,دوستان کدوم رنگش نود پررنگه؟,0,false,2025-08-04T21:48:08.6094781+00:00,خنثی,0.35,محصول,محصول
‫رژ گونه,https://www.khanoumi.com/products/note-luminous-silk-compact-blusher-19303,روز مره استفاده میکنم ماندگاریش پایینه ولی تقریبا راضیم,0,true,2025-04-03T10:06:13.4530589+00:00,مثبت,0.79,محصول,محصول
‫رژ گونه,https://www.khanoumi.com/products/note-luminous-silk-compact-blusher-19303,"شماره 08 هشت رو گرفتم،خیلی نرم و لطیفه و روی پوست محشر میشینه،دوستانی که میخوان بخرن فقط توجه داشته باشین دو درجه رنگش روشن‌تر از توی عکسه باید سه لایه بزنی تا رنگش مشخص بشه.
تشکر از سایت خانومی برای ارسال سالم وتمیزو شیک
امیدوارم انقدر محصولاتتون رو ارزون بذارید تمام خانومای گل ایرانمان بخرن و آراسته بشن.",0,true,2025-02-04T13:47:36.2064319+00:00,خنثی,0.35,محصول | تحویل و ارسال | قیمت,محصول
‫رژ گونه,https://www.khanoumi.com/products/note-luminous-silk-compact-blusher-19303,خیلیییی عالیه من رنگ مسی رو دارم و الان رنگ هلویی روشن رو میخوام لطفن تخفیف پنجاه یا هفتاد درصدی بزارید خانومی عزیز,0,true,2025-01-21T19:42:52.9549854+00:00,مثبت,0.79,محصول | قیمت,محصول
‫رژ گونه,https://www.khanoumi.com/products/note-luminous-silk-compact-blusher-19303,یکی از زیباترین پکیجینگ هارو داره و خیلی کیوته ماندگاری قابل قبول خیلی دوسش دارم ولی کوچیک تر ازاونیه ک تصور میکنید اما درکل راضیم,0,true,2025-01-04T12:44:27.1632975+00:00,مثبت,0.79,محصول,محصول
‫رژ گونه,https://www.khanoumi.com/products/note-luminous-silk-compact-blusher-19303,شماره 02 رو خیلی‌ دوست داشتم. لطفا 01 و 06 رو هم موجود کنید,0,false,2025-01-04T08:07:14.643734+00:00,مثبت,0.67,محصول,محصول
‫رژ گونه,https://www.khanoumi.com/products/note-luminous-silk-compact-blusher-19303,شماره های 3و6 لطفا شارژ کنید .,0,false,2024-12-29T12:01:41.0636266+00:00,خنثی,0.35,سایر,سایر
‫رژ گونه,https://www.khanoumi.com/products/note-luminous-silk-compact-blusher-19303,خانومی لطفا رنگ 6 رو تخفیف زیاد بزارید تا بتونم بخرم,0,false,2024-12-25T12:38:35.1292728+00:00,خنثی,0.35,محصول | قیمت,محصول
‫رژ گونه,https://www.khanoumi.com/products/note-luminous-silk-compact-blusher-19303,امروز به دستم رسید امتحان کردم رنگ هلویی روشن رنگش با رنگ سایت متفاوت بود روشن تر بود اما خیییییییلی خوشرنگ پیگمنت عااالیییی و مات و طبیعی هرچی بگم ازش کمه یه رنگ دیگه شم دارم سفارش میذارم,0,true,2024-12-02T20:57:31.736138+00:00,خنثی,0.35,محصول | تحویل و ارسال,محصول
‫رژ گونه,https://www.khanoumi.com/products/note-luminous-silk-compact-blusher-19303,خانومی لطفا تخفیف بیشتر بزارید تا خریدددد کنم,0,false,2024-11-04T06:18:51.7129128+00:00,خنثی,0.35,قیمت,قیمت
‫رژ گونه,https://www.khanoumi.com/products/note-luminous-silk-compact-blusher-19303,"شماره 6ابن رژگونه محشره 
صورتی خیلی نازی هست",0,false,2024-10-10T17:37:47.7144819+00:00,خنثی,0.35,سایر,سایر
‫رژ گونه,https://www.khanoumi.com/products/note-luminous-silk-compact-blusher-19303,اولین ویژگی مثبت محصولات نوت که همیشه نظر من رو به خودش جلب کرده، ماندگاری طولانی مدت بدون تغییر بافت و ماسیدگیه محصولاتش روی پوسته. باید بگم این ویژگی رو توی رژگونه‌هاشم دیدم. بافت بسیار سبکی داشت و پیگمنت بالا. خیلی راحت روی گونه‌هام نشست و با وجود ماسک زدن اصلا تغییری نکرد و روی پوست پخش نشد. پیشنهاد می کنم امتحان کنید.,5,false,2022-10-01T13:31:20+00:00,منفی,0.67,محصول | اصل بودن کالا,اصل بودن کالا
‫رژ گونه,https://www.khanoumi.com/products/note-luminous-silk-compact-blusher-19303,من شماره ۰۷ را گرفتم اصلا توناژقرمزی ندارد و ببشتر قهوه ای هست رنگش بد نیست ,0,true,2021-12-20T00:48:07+00:00,مثبت,0.79,محصول | اصل بودن کالا,محصول
‫رژ گونه,https://www.khanoumi.com/products/note-luminous-silk-compact-blusher-19303,من شماره ۷ رنگ مسی رو گرفتم خیلی خیلی خوشگله رو گونه یه رنگ قرمز قشنگه که صورتو شاداب نشون میده پیگمنتشم عالیه😍ولی براشی که داره اصلا خوب نیس زبره و فقط رژگونه رو میتراشه,10,true,2020-06-17T19:04:34+00:00,مثبت,0.95,محصول | اصل بودن کالا,محصول
‫رژ گونه,https://www.khanoumi.com/products/note-luminous-silk-compact-blusher-19303,شماره ٦ صورتي خيلي كمرنگه كه فقط به پوست روشن مياد؟؟؟,15,false,2020-01-13T01:58:25+00:00,خنثی,0.35,محصول,محصول
‫رژ گونه,https://www.khanoumi.com/products/note-luminous-silk-compact-blusher-19303,این رژ گونه براش مخصوص هم داره؟؟؟؟جلوه ی نهایی ماته دیگه؟؟؟؟,7,true,2020-01-02T16:24:44+00:00,خنثی,0.35,سایر,سایر
‫رژ گونه,https://www.khanoumi.com/products/note-luminous-silk-compact-blusher-19303,من شماره ۶ رو گرفتم فوق العاده قشنگه و به پوست های روشن میاد,1,true,2019-12-07T20:11:14+00:00,مثبت,0.67,محصول,محصول
‫رژ گونه,https://www.khanoumi.com/products/note-luminous-silk-compact-blusher-19303,لطفا بگید جلوه نهایی مات یا شاین؟؟,2,true,2019-08-26T11:06:06.2066667+00:00,خنثی,0.35,سایر,سایر
‫رژ گونه,https://www.khanoumi.com/products/note-luminous-silk-compact-blusher-19303,لطفاً ٠٦ رو هم موجود كنين من هر محصولى ميخوام بخرم موجود نيست خيلي ميخوره تو ذوق آدم,9,false,2018-12-11T05:51:22.02+00:00,خنثی,0.35,محصول,محصول
‫رژ گونه,https://www.khanoumi.com/products/note-luminous-silk-compact-blusher-19303,سلام لطفا شماره۰۶ رو موجود کنید,9,false,2018-12-10T11:32:42.8833333+00:00,خنثی,0.35,محصول,محصول
‫رژ گونه,https://www.khanoumi.com/products/note-luminous-silk-compact-blusher-19303,شماره 1 رو موجود کن خانووووومییی :*,16,false,2018-07-20T19:53:31.48+00:00,خنثی,0.35,محصول,محصول
‫رژ گونه,https://www.khanoumi.com/products/note-luminous-silk-compact-blusher-19303,رنگ دانه خیلی بالایی داره. رنگ ۰۵ خیلی قشنگه. اما با عکسی که اینجاست فرق داره. دوستش دارم. محصولات نوت خیلی عالین,7,false,2018-04-17T04:29:54.7466667+00:00,مثبت,0.67,محصول,محصول
‫رژ گونه,https://www.khanoumi.com/products/note-luminous-silk-compact-blusher-19303,لطفاً رنگ ٠٥ رو موجود كنيد .,8,false,2018-03-06T13:11:05.6133333+00:00,خنثی,0.35,محصول,محصول
‫رژ گونه,https://www.khanoumi.com/products/note-luminous-silk-compact-blusher-19303,عالیه واقعا.پیکمنتش حرف نداره و رنگش هم همینطور.من شماره ۰۸رو خریدم و واقعا راضیم👌,3,true,2018-02-26T11:53:10.35+00:00,مثبت,0.95,محصول | تحویل و ارسال,محصول
‫رژ گونه,https://www.khanoumi.com/products/note-luminous-silk-compact-blusher-19303,من شماره 06 رو خریدم رنگش و دوست دارم کاملا مثل عکسه از خریدم راضی هستم ممنون😽❤,3,false,2018-02-05T20:06:36.86+00:00,مثبت,0.79,محصول,محصول
‫رژ گونه تراکوتا فاقد پارابن,https://www.khanoumi.com/products/note-terracotta-blusher-19304,رنگ رز گلدشو گرفتم ولی خیلی کمرنگتر از رنگی هست که تو تصویره,0,true,2026-04-29T00:27:16.1550012+03:30,خنثی,0.35,محصول,محصول
‫رژ گونه تراکوتا فاقد پارابن,https://www.khanoumi.com/products/note-terracotta-blusher-19304,پیگمنت خوبی داره نرمه ولی رنگ 02خیلی  بیرنگه باید چند بار بزنی ،ماندگاری متوسط به پایین,0,true,2026-04-06T02:24:08.4296508+03:30,مثبت,0.67,محصول,محصول
‫رژ گونه تراکوتا فاقد پارابن,https://www.khanoumi.com/products/note-terracotta-blusher-19304,سلام.به نظر من این محصول اصلا رژگونه نیست.هایلایتر هست.ولی برای کاربرد دیگه خیلی خوش رنگ هست و شاین دار هست.همه چیش عالیه.فقط رژگونه نیست.اصلا پر رنگ نیست برای رژگونه,0,true,2026-01-15T18:20:21.2474384+03:30,مثبت,0.79,محصول | اصل بودن کالا,محصول
‫رژ گونه تراکوتا فاقد پارابن,https://www.khanoumi.com/products/note-terracotta-blusher-19304,رنگ 02 رو گرفتم از لحاظ پکیج خوبه از لحاظ کیفیت خوبه اما پیگمنتش کمه ولی در کل راضیم,0,true,2025-12-15T11:04:47.764343+03:30,مثبت,0.95,محصول,محصول
‫رژ گونه تراکوتا فاقد پارابن,https://www.khanoumi.com/products/note-terracotta-blusher-19304,رنگ اجری قشنگی داره یکم شاین داره من 04 خریدم ولی باز شده بود به قسمت هایی هم ترک خورده بود خورد شده بود ک اصلا خوشم نیومد,0,true,2025-03-08T20:26:02.5701895+00:00,مثبت,0.67,محصول | اصل بودن کالا,محصول
‫رژ گونه تراکوتا فاقد پارابن,https://www.khanoumi.com/products/note-terracotta-blusher-19304,خواهش لطفن روی تمامی محصولات نوت تا قبل از عید نوروز تخفیف 50 الی80 درصدی بزارید,0,false,2025-02-22T17:03:31.9105286+00:00,خنثی,0.35,محصول | قیمت,محصول
‫رژ گونه تراکوتا فاقد پارابن,https://www.khanoumi.com/products/note-terracotta-blusher-19304,خیلی حجمش زیاد و بزرگه فقط رنگش با اونی که سفارش میدید پرنگتره,0,true,2025-01-28T12:27:53.2141299+00:00,خنثی,0.35,محصول,محصول
‫رژ گونه تراکوتا فاقد پارابن,https://www.khanoumi.com/products/note-terracotta-blusher-19304,خوش رنگ هست ولی کسایی که خیلی نمیخوان توی چشم باش و پر رنگ کمتر بزنن ولی درکل قشنگ هست من 04 گرفتم,0,true,2024-11-27T10:25:16.8377313+00:00,خنثی,0.35,محصول,محصول
‫رژ گونه تراکوتا فاقد پارابن,https://www.khanoumi.com/products/note-terracotta-blusher-19304,خیلی خوش رنگه. لطفا تخفیفش رو بیشتر کنین,0,false,2024-11-23T11:54:20.4089013+00:00,خنثی,0.35,محصول | قیمت,محصول
‫رژ گونه تراکوتا فاقد پارابن,https://www.khanoumi.com/products/note-terracotta-blusher-19304,کد 01 خیلی خوشرنگ و شیکه,0,true,2024-10-29T10:15:46.8732728+00:00,خنثی,0.35,محصول,محصول
‫رژ گونه تراکوتا فاقد پارابن,https://www.khanoumi.com/products/note-terracotta-blusher-19304,رنگش خیلیییی لایته بیشتر هایلایتر تا رژگونه ,0,true,2024-07-18T09:07:57+00:00,خنثی,0.35,محصول,محصول
‫رژ گونه تراکوتا فاقد پارابن,https://www.khanoumi.com/products/note-terracotta-blusher-19304,من اصلا دوست نداشتم، هیچ رنگی نداره و فقط ادمو اکلیلی میکنه اگه قصد خرید دارید به هیچ وجه رنگ بژ گلد رو پیشنهاد نمیکنم.,0,true,2024-02-23T12:58:50+00:00,منفی,0.79,محصول | اصل بودن کالا,اصل بودن کالا
‫رژ گونه تراکوتا فاقد پارابن,https://www.khanoumi.com/products/note-terracotta-blusher-19304,رنگ رز گلد رو اصلا پیشنهاد نمیکنم.چون اصلا رنگ نداره و فقط بعنوان هایلایتر میشه استفاده کرد..اما رنگ اجری گلدش قشنگه,0,true,2023-06-19T17:34:34+00:00,منفی,0.67,محصول | اصل بودن کالا,اصل بودن کالا
‫رژ گونه تراکوتا فاقد پارابن,https://www.khanoumi.com/products/note-terracotta-blusher-19304,رنگ بژ رز گلد خریدم و محصول واقعی از تصویر سایت خیلی روشنتر هست. تقریبا هم رنگ پنکیک شماره 2 هست. ,0,true,2022-12-07T12:04:02+00:00,خنثی,0.35,محصول,محصول
‫رژ گونه تراکوتا فاقد پارابن,https://www.khanoumi.com/products/note-terracotta-blusher-19304,این رژگونه قیمت مناسبی روی سایت خانومی داشت و من از خریدش خیلی راضی بودم. یه شاین خیلی خوبی داره و مثل هایلایتر یه برق قشنگی روی پوست ایجاد میکنه. خیلی رنگ شیکی داره و پیگمنتش خیلی خوبه. روی پوست نرمه و ماندگاری خوبی هم داره. حجمش زیاده و مدت زیادی میشه ازش استفاده کرد و  ارزش خرید داره.,1,false,2022-10-29T08:53:21+00:00,مثبت,0.95,محصول | قیمت,محصول
‫رژ گونه تراکوتا فاقد پارابن,https://www.khanoumi.com/products/note-terracotta-blusher-19304,با سلام ممنون از خانومی من رنگ بژ گلدشو خریدم واقعا خیلی شیک و خشگله,7,true,2020-11-12T06:32:20+00:00,مثبت,0.67,محصول,محصول
‫رژ گونه تراکوتا فاقد پارابن,https://www.khanoumi.com/products/note-terracotta-blusher-19304,رزگلدش خیلیییی خوشرنگه,12,true,2020-05-04T17:42:07+00:00,خنثی,0.35,محصول,محصول
‫رژ لب جامد بادوام,https://www.khanoumi.com/products/note-long-wearing-lipstick-19305,کیفیت نداره. رنگش هم با رنگ تصویر خیلی فرق داره. اصلا ارزش خرید نداره,0,true,2025-12-23T08:11:48.4043331+03:30,خنثی,0.35,محصول | اصل بودن کالا | قیمت,محصول
‫رژ لب جامد بادوام,https://www.khanoumi.com/products/note-long-wearing-lipstick-19305,"بی کیفیت و ماندگاری نداره 
نمی دونم چرا الکی تعریف می کنند",0,false,2025-01-13T13:30:34.5609207+00:00,منفی,0.67,محصول,محصول
‫رژ لب جامد بادوام,https://www.khanoumi.com/products/note-long-wearing-lipstick-19305,"کیفیت عالی داره این رژ پیشنهاد میکنم.
رنگ شماره 12 خیلی خوشرنگه",0,true,2024-12-29T12:18:33.773245+00:00,مثبت,0.95,محصول,محصول
‫رژ لب جامد بادوام,https://www.khanoumi.com/products/note-long-wearing-lipstick-19305,اصلا ماندگاری خوبی نداشت به راحتی پخش میشه و خیلی خیلی چربه,0,false,2024-06-13T09:18:38+00:00,خنثی,0.35,محصول | اصل بودن کالا,محصول
‫رژ لب جامد بادوام,https://www.khanoumi.com/products/note-long-wearing-lipstick-19305,من شماره 05 خریدم رنگش صورتی باربیه نه گلبهی که نوشتن ماندگاری و بو خوبی داره و بافتش روی لب خیلی خوبه در عین حال که ماته احساس نرمی روی لب داره ,0,true,2023-09-09T17:49:01+00:00,مثبت,0.95,محصول,محصول
‫رژ لب جامد بادوام,https://www.khanoumi.com/products/note-long-wearing-lipstick-19305,"من رنگ قرمز شماره 09 رو گرفتم ولی رنگش اصلا به رنگی که داخل عکس بود شباهتی نداشت.
شماره 09 رو هم زیرش نوشته بود bronzed pink اما توی سایت نوشته بودن قرمز که هیچ شباهتی به رنگش نداشت متاسفانه. امتیازی هم که دادم صرفا به خاطر محصول نبود؛ اتفاقا کیفیت محصول به نسبت خوب بود سبک و نرم بود و لب رو خشک نمی کرد. ولی به خاطر این تناقض یک امتیاز به نظرم منصفانه ترین امتیاز هستش. ممنون میشم پیگیری کنید.",4,true,2022-12-31T19:08:56+00:00,مثبت,0.95,محصول | اصل بودن کالا | خدمات و پشتیبانی,محصول
‫رژ لب جامد بادوام,https://www.khanoumi.com/products/note-long-wearing-lipstick-19305,رژلب نوت یک رژلب بادوام برای استفاده روزانه است. بافت بسیار نرمی داره و به راحتی روی لب کشیده میشه. اصلا پخش نمیشه و روی لب ماسیده هم نمیشه. رایحه بسیار خوبی داره و جلوه بسیار خوبی به لب میده. با توجه به کیفیت و قیمتی که داره بهترین گزینه جهت استفاده روزانه می‌تونه باشه. رنگبندی کامل این رژ با تمامی سلیقه‌ها هماهنگه و همه افراد می‌تونن از این رژلب استفاده کنن.,10,false,2022-05-08T09:57:29+00:00,مثبت,0.79,محصول | اصل بودن کالا | قیمت,محصول
‫رژ لب جامد بادوام,https://www.khanoumi.com/products/note-long-wearing-lipstick-19305,شماره 12 رنگ جگری واقعا خوشرنگه، خیلی هم عالی رو لب میشینه,4,true,2021-06-26T03:11:05+00:00,مثبت,0.67,محصول,محصول
‫رژ لب جامد بادوام,https://www.khanoumi.com/products/note-long-wearing-lipstick-19305,کیفیت و ماندگاری خوبی داره حتما باید زیرش از بالم لب استفاده شه من شماره 17 رو گرفتم ولی وقتی از نزدیک دیدم به نظرم بهترین رنگش شماره 13 هست,6,true,2021-05-28T21:49:35+00:00,مثبت,0.79,محصول,محصول
‫رژ لب جامد بادوام,https://www.khanoumi.com/products/note-long-wearing-lipstick-19305,من شماره ۴ رو خریدم خیلی خوش رنگه😍,6,false,2020-05-27T14:59:00+00:00,خنثی,0.35,محصول,محصول
‫رژ لب جامد بادوام,https://www.khanoumi.com/products/note-long-wearing-lipstick-19305,من رنگ10 صورتی نوت گرفتم خیلی خوب و دخترونس بوی خوبیم داره,3,true,2020-05-18T19:30:23+00:00,مثبت,0.91,محصول,محصول
‫رژ لب جامد بادوام,https://www.khanoumi.com/products/note-long-wearing-lipstick-19305,من شماره 04 رو دارم و رنگش کم رنگ تر از عکس هست باید با رنگ پر رنگ تری زده بشه.بوی خیلی خوبی هم داره کمی براقه,4,false,2020-04-21T23:09:10+00:00,مثبت,0.79,محصول,محصول
‫رژ لب جامد بادوام,https://www.khanoumi.com/products/note-long-wearing-lipstick-19305,من شماره ۰۴ رو گرفتم بوی خیلی خوبی داره و نرمه کمی برق میزنه فقط رنگش روشن تر از عکسشه خوبه با رنگ پر رنگ تر قاطی بشه,3,false,2020-04-12T22:39:20+00:00,مثبت,0.95,محصول,محصول
‫رژ لب جامد بادوام,https://www.khanoumi.com/products/note-long-wearing-lipstick-19305, رو لب میماسه و رنگشم صورتی تصویر نیست ,5,true,2020-04-11T16:46:22+00:00,خنثی,0.35,محصول,محصول
‫رژ لب جامد بادوام,https://www.khanoumi.com/products/note-long-wearing-lipstick-19305,رژ لب خوشبویی و بافت خیلی نرمی داره فقط تو انتخاب رنگ خیلی توجه کنید چون با چیزی که تو عکس دیده میشه یکم متفاوته👌🏻,2,true,2020-04-09T12:30:42+00:00,خنثی,0.35,محصول,محصول
‫رژ لب جامد بادوام,https://www.khanoumi.com/products/note-long-wearing-lipstick-19305,بوی بدی داره یه ذره لب پوسته پوسته میشه ماندگاری خوبی داره,1,true,2020-04-05T15:20:20+00:00,ترکیبی,0.66,محصول,محصول
‫رژ لب جامد بادوام,https://www.khanoumi.com/products/note-long-wearing-lipstick-19305,رنگش رو لب ، صورتی روشنه و ازش‌ راضی ام,1,true,2020-04-01T10:20:53+00:00,مثبت,0.79,محصول,محصول
‫رژ لب جامد بادوام,https://www.khanoumi.com/products/note-long-wearing-lipstick-19305,نرمه موندگاریشم خوبه فقط رنگش با عکس فرق داره و روی لب کاملا متفاوته که انتخاب رنگو مشکل میکنه,11,true,2020-02-23T12:50:17+00:00,مثبت,0.79,محصول,محصول
‫رژ لب جامد بادوام,https://www.khanoumi.com/products/note-long-wearing-lipstick-19305,ماندگاریش خوبه و لب رو خشک نمیکنه.اما اگر کسی حساس به بوی رژ باشه شاید نتونه استفاده کنه,4,true,2020-02-22T20:30:15+00:00,مثبت,0.79,محصول,محصول
‫رژ لب جامد بادوام,https://www.khanoumi.com/products/note-long-wearing-lipstick-19305,vfd,3,false,2019-03-14T16:06:18.9633333+00:00,خنثی,0.35,سایر,سایر
‫رژ لب جامد بادوام,https://www.khanoumi.com/products/note-long-wearing-lipstick-19305,منم این رژ سفارش دادم رنگ رز هندی اش نمیدونم بوی خوبی نداره اصلا و به شدت روی لب میماسه انگار خراب شده و رنگش اصلا اونی نیست که توی عکس انتخاب کردم به شدت رنگش روشن,15,true,2018-12-06T14:07:04.0933333+00:00,منفی,0.91,محصول | اصل بودن کالا,اصل بودن کالا
‫رژ لب جامد بادوام,https://www.khanoumi.com/products/note-long-wearing-lipstick-19305,شیرین عزیز، حتما در بخش خریدهای من خودتان به امور مشتریان پیام بدهید تا جبران کنند,1,false,2018-12-04T10:00:30.43+00:00,منفی,0.79,محصول,محصول
‫رژ لب جامد بادوام,https://www.khanoumi.com/products/note-long-wearing-lipstick-19305,رنگای واقعی با چیزی که اینجا نشون میده خیلیییییی فرق میکنه! من رنگ گلبهی رو با تصور همین رنگی که اینحا نشون میده خریدم ولی چیزی که به دستم رسید رنگ گچ بود! بوی شیرین بدی هم داره! ولی انصافا موندگاریش خوبه,3,true,2018-11-28T21:42:52.1+00:00,ترکیبی,0.79,محصول | تحویل و ارسال,محصول
‫رژ لب جامد بادوام,https://www.khanoumi.com/products/note-long-wearing-lipstick-19305,"سلام 
من تو حراجمعه از سایت شما خرید کردم و همین رنگ (بادمجانی تیره)  از همین رژ جامد رو سفارش دادم منتها رژی که برای من فرستادید رژ مایع شماره 18  هست یه قرمز براق که اول اینکه سفارش من نیست دوم اینکه به هیچ عنوان ممکن نیست من از این رنگ. رژ استفاده کنم 
انگار پولمو دور ریختم ",0,true,2018-11-26T15:41:37.8766667+00:00,خنثی,0.35,محصول,محصول
‫رژ لب جامد بادوام,https://www.khanoumi.com/products/note-long-wearing-lipstick-19305,ماندگاریش خیلی خوبه ... رنگ های خیلی قشنگی داره ,5,true,2018-08-01T12:38:23.6733333+00:00,مثبت,0.91,محصول,محصول
‫رژ لب جامد مات حاوی روغن ماکادمیا و ویتامین E,https://www.khanoumi.com/products/note-mattemoist-lipstick-19306,ماندگاری خیلی کم,0,false,2026-06-27T01:20:40.5198894+03:30,خنثی,0.35,محصول,محصول
‫رژ لب جامد مات حاوی روغن ماکادمیا و ویتامین E,https://www.khanoumi.com/products/note-mattemoist-lipstick-19306,از حجمش و ماندگاریش بسیار راضیم اما قیمتش به نسبت اینکه محصول ایرانی هست بالاست,0,true,2026-05-19T19:18:17.6106358+03:30,مثبت,0.79,محصول | قیمت,محصول
‫رژ لب جامد مات حاوی روغن ماکادمیا و ویتامین E,https://www.khanoumi.com/products/note-mattemoist-lipstick-19306,خیلی ماندگاریش پایینه,0,false,2026-04-27T13:11:34.517636+03:30,خنثی,0.35,محصول,محصول
‫رژ لب جامد مات حاوی روغن ماکادمیا و ویتامین E,https://www.khanoumi.com/products/note-mattemoist-lipstick-19306,کیفیتش خوبه و زیاد چرب نیست که زود پاک بشه ولی خشکی که باعث ترک ترک شدن بشه هم نیست درکل کیفیتش مطلوبه ولی من رنگی که انتخاب کردم به اسم صورتی چرک ثبت شده انا کاملا بنفشه و خیلی پر رنگ تره,0,true,2026-01-02T00:48:39.7210043+03:30,مثبت,0.79,محصول,محصول
‫رژ لب جامد مات حاوی روغن ماکادمیا و ویتامین E,https://www.khanoumi.com/products/note-mattemoist-lipstick-19306,چرا یه برند ایرانی باید همچین قیمیتی داشته باشه؟,0,false,2025-08-03T19:50:02.4964699+00:00,خنثی,0.35,سایر,سایر
‫رژ لب جامد مات حاوی روغن ماکادمیا و ویتامین E,https://www.khanoumi.com/products/note-mattemoist-lipstick-19306,به درد نمیخوره ،ماندگاری صفر درصد ، پیگمنتشم خوب نیست,0,false,2025-03-21T17:14:22.1431591+00:00,منفی,0.67,محصول,محصول
‫رژ لب جامد مات حاوی روغن ماکادمیا و ویتامین E,https://www.khanoumi.com/products/note-mattemoist-lipstick-19306,خسته نباشید، رژلب‌های نوت بدون سرب و‌پارابن هستن؟ خانم‌های باردار میتونن استفاده کنن؟,0,false,2025-01-14T12:32:09.9850873+00:00,منفی,0.67,سایر,سایر
‫رژ لب جامد مات حاوی روغن ماکادمیا و ویتامین E,https://www.khanoumi.com/products/note-mattemoist-lipstick-19306,جلوه و رنگ خوبی داره اما ماندگاری نه,0,false,2024-12-28T12:25:23.8644731+00:00,مثبت,0.67,محصول,محصول
‫رژ لب جامد مات حاوی روغن ماکادمیا و ویتامین E,https://www.khanoumi.com/products/note-mattemoist-lipstick-19306,خیلی خشک بود و اصلا نمیتونستم ازش استفاده کنم,0,false,2024-07-19T18:26:02+00:00,منفی,0.67,محصول | اصل بودن کالا,اصل بودن کالا
‫رژ لب جامد مات حاوی روغن ماکادمیا و ویتامین E,https://www.khanoumi.com/products/note-mattemoist-lipstick-19306,رنگ صورتی ابریشمی رو گرفتم،خوشرنگه،بافتش هم خوبه،فقط خیلی زود درش ترک خورد و شکست،جنس بدنه ش و طراحیش خوب نیست,0,true,2024-03-08T23:47:17+00:00,ترکیبی,0.66,محصول,محصول
‫رژ لب جامد مات حاوی روغن ماکادمیا و ویتامین E,https://www.khanoumi.com/products/note-mattemoist-lipstick-19306,سلام لطفاً رو رنگ 304 تخفیف 50درصد بزارید..خوب چکار کنیم گناه داریم,0,false,2024-02-19T14:47:28+00:00,مثبت,0.67,محصول | قیمت,محصول
‫رژ لب جامد مات حاوی روغن ماکادمیا و ویتامین E,https://www.khanoumi.com/products/note-mattemoist-lipstick-19306,سلام.من به اشتباه رنگ 313 رو سفارش دادم میخواستم 314 کاراملی رو سفارش بدم .ولی رنگش قشنگ بود و ماندگاری خوبی داره و خیلی سبکه من که راضی بودم,2,true,2022-12-07T01:53:56+00:00,ترکیبی,0.79,محصول,محصول
‫رژ لب جامد مات حاوی روغن ماکادمیا و ویتامین E,https://www.khanoumi.com/products/note-mattemoist-lipstick-19306,رژلب نوت خیلی نرم و روونه و بافت خیلی خوبی داره. روی لب پوسته پوسته نمیشه و نمیماسه. لب و خشک نمیکنه و رطوبت لب حفظ میشه. رنگ بندی خیلی خوبی داره و برای هر نوع سلیقه مناسبه. قیمتش مناسبه و کیفیت خوبی هم داره.,8,true,2022-10-29T09:03:15+00:00,مثبت,0.95,محصول | قیمت,محصول
‫رژ لب جامد مات حاوی روغن ماکادمیا و ویتامین E,https://www.khanoumi.com/products/note-mattemoist-lipstick-19306,ماندگاری خوبی داره ماته و رنگش زیباست اما بعد از مدتی که رو لبه تیکه تیکه میشه,28,true,2018-11-25T20:02:43.9+00:00,مثبت,0.67,محصول,محصول
‫رژ لب جامد مات حاوی روغن ماکادمیا و ویتامین E,https://www.khanoumi.com/products/note-mattemoist-lipstick-19306,سلام منم رنگ صورتی رو انتخاب کردم ولی با بدون تخفیف بود.لطفا برسی کنید.,39,false,2018-11-23T07:55:29.1466667+00:00,منفی,0.67,محصول | قیمت,محصول
‫رژ لب جامد مات حاوی روغن ماکادمیا و ویتامین E,https://www.khanoumi.com/products/note-mattemoist-lipstick-19306,زدید ۶۳ درصد تخفیف اما هر رنگی رو که انتحاب میکنم همون قسمت اصلی رو نشون میده,66,false,2018-11-23T05:02:55.9533333+00:00,مثبت,0.67,محصول | اصل بودن کالا | قیمت,محصول
‫رژ لب جامد مات حاوی روغن ماکادمیا و ویتامین E,https://www.khanoumi.com/products/note-mattemoist-lipstick-19306,شماره ای که زدید واسه رنگا دقیقا همونا هستن؟ دقیقا رنگایی هستن که سایت نوت قرار داده ؟ ,2,true,2018-11-17T21:14:14.6366667+00:00,خنثی,0.35,محصول,محصول
‫رژ لب جامد مات حاوی روغن ماکادمیا و ویتامین E,https://www.khanoumi.com/products/note-mattemoist-lipstick-19306,سلام خانومی من الان بسته ام رسید اشانتیوناش چرا نیووومده من انتخاب کردم 🙁😔,9,true,2018-02-06T17:19:28.07+00:00,خنثی,0.35,تحویل و ارسال,تحویل و ارسال
‫رژ لب جامد مغذی,https://www.khanoumi.com/products/note-ultra-rich-color-lipstick-19307,"خیلی جنسش چربه. اصلا دوست نداشتم. با نوتی که شکلش مکعبیه خیلی فرق داشت. مکعبی بخرین این سریش خوب نبود.
 رنگشم به نارنجی میزد و منی که پوستم سفیده حتی خیلی روشن بود.",0,true,2026-04-20T01:35:47.9409196+03:30,منفی,0.67,محصول | اصل بودن کالا,اصل بودن کالا
‫رژ لب جامد مغذی,https://www.khanoumi.com/products/note-ultra-rich-color-lipstick-19307,عاشق محصولات نوتم  ببینید ماندگاری زیاد بالایی نداره ولی برای استفاده روزانه عالیهه به مرور   یه جلوه طبیعی پیدا میکنه لب رو پوسته پوسته نمیکنه   خلاصه من دوستش داشتم,0,false,2026-04-19T18:37:05.0066145+03:30,مثبت,0.79,محصول,محصول
‫رژ لب جامد مغذی,https://www.khanoumi.com/products/note-ultra-rich-color-lipstick-19307,من این رژ رنگ شیر شکلاتی خریدم خیلی کیفیت خوبی داره رنگشم عالیع فقط یکم تناژ نارنجی داره,0,true,2024-12-29T12:16:59.1286204+00:00,مثبت,0.91,محصول,محصول
‫رژ لب جامد مغذی,https://www.khanoumi.com/products/note-ultra-rich-color-lipstick-19307,من شماره 6 گرفتم،خوشرنگ و سبکه و رنگ گلبهی ملایمی داره,0,true,2023-12-31T00:07:20+00:00,خنثی,0.35,محصول,محصول
‫رژ لب جامد مغذی,https://www.khanoumi.com/products/note-ultra-rich-color-lipstick-19307,"اونایی که از این رژ لب راضی بودن میشه بگن لباشون چجوریه که این روش نمیماسه؟
من پرتقالیشو گرفتم و اصلا خوشم نیومد خیلی روشن و بیحاله و وقتی میزنی یه لایه ضخیم میزاره روی لب که کلا میماسه و اصن خوب پخش نمیشه",6,true,2022-12-05T17:51:31+00:00,مثبت,0.67,محصول | اصل بودن کالا,محصول
‫رژ لب جامد مغذی,https://www.khanoumi.com/products/note-ultra-rich-color-lipstick-19307,رنگ بندی این رژلب خیلی جذاب و کاربردیه. بافت نرم و مخملی هم داره . مغذی هم هست و اصلا لب ها رو خشک نمیکنه.,2,false,2022-11-01T14:27:53.8433333+00:00,مثبت,0.67,محصول | اصل بودن کالا,محصول
‫رژ لب جامد مغذی,https://www.khanoumi.com/products/note-ultra-rich-color-lipstick-19307,"سلام من دو رنگ از این رژ رو خریداری کردم اگر بخوام از رنگش بگم خیلی خوشرنگه، چربه و به شدت رو لب میماسه 
اما نکته ای که خیلی به نظر من اومده جنس پکیج رژ هست 
از پلاستیک فوق العاده بی کیفیت استفاده شده و شاید باور نکنید ولی بعد از 1 هفته که داخل کیف بوده و فقط 1 بار استفاده شده هر دو تاش شکسته جوری که درش دیگه بسته نمیمونه همچنین برند نوت که هک شده روی دیواره هم پاک شده  
خلاصه خریدش رو پیشنهاد نمیکنم ",17,true,2021-12-18T07:32:45+00:00,منفی,0.79,محصول | تحویل و ارسال,محصول
‫رژ لب جامد مغذی,https://www.khanoumi.com/products/note-ultra-rich-color-lipstick-19307,من اصلا راضی نبودم.رنگش اصلا اونی نبود ک عکسش هست.حتی شبیه هم نبود,3,true,2021-09-25T21:23:00+00:00,منفی,0.91,محصول | اصل بودن کالا,اصل بودن کالا
‫رژ لب جامد مغذی,https://www.khanoumi.com/products/note-ultra-rich-color-lipstick-19307,رژ فوق العاده سبک و خوشبوئیه.لب هارو خشک نمیکنه و موندگاری نسبتا خوبی داره.,18,true,2020-02-20T22:47:01+00:00,مثبت,0.79,محصول,محصول
‫رژ لب جامد مغذی,https://www.khanoumi.com/products/note-ultra-rich-color-lipstick-19307,"من شماره ی 03 رو دارم، بافت نرمی داره. رنگش نسبتاً روشنه و تقریباً کرم با ته نارنجیه، پوشش خوبی هم داره.
توجه داشته باشین که این مدل رژهای مغذی نوت مات نیست و براقه (بدون اکلیل).
",7,false,2019-12-23T01:21:28+00:00,ترکیبی,0.66,محصول,محصول
‫رژ لب جامد مغذی,https://www.khanoumi.com/products/note-ultra-rich-color-lipstick-19307,من شماره 21 که شرابی هست سفارش دادم و یه قرمز بسیار بدرنگ برام ارسال شده ,12,true,2019-11-18T10:31:20+00:00,منفی,0.67,تحویل و ارسال | محصول,تحویل و ارسال
‫رژ لب جامد مغذی,https://www.khanoumi.com/products/note-ultra-rich-color-lipstick-19307,عاليه، نرم و خوشرنگ ، بدون ماسيدگي,4,true,2019-01-21T15:46:49.3766667+00:00,ترکیبی,0.74,محصول,محصول
‫رژ لب جامد مغذی,https://www.khanoumi.com/products/note-ultra-rich-color-lipstick-19307,"شارژ میشه باز تا اخر هفته?
",6,false,2018-11-19T16:56:45.1466667+00:00,خنثی,0.35,سایر,سایر
‫رژ لب جامد مغذی,https://www.khanoumi.com/products/note-ultra-rich-color-lipstick-19307,لطفا بازارچه 😊,3,false,2018-11-02T23:11:08.7466667+00:00,خنثی,0.35,سایر,سایر
‫رژ لب جامد مغذی,https://www.khanoumi.com/products/note-ultra-rich-color-lipstick-19307,من استفاده کردم خیلی لبارو نرم میکنه ولی خوبیه برندش کلا اینه که رو. حیوونا تست نمیشه ,6,true,2018-07-21T20:06:27.21+00:00,مثبت,0.67,سایر,سایر
‫رژ لب مایع بادوام مدل Long Wearing Lipgloss,https://www.khanoumi.com/products/note-long-wearing-lipgloss-19308,من خیلی این محصول رو دوس دارم چرا رنگای مختلفشو موجود نمیکنید خصوصا شماره 16,0,false,2026-05-13T03:00:59.2195174+03:30,خنثی,0.35,محصول,محصول
‫رژ لب مایع بادوام مدل Long Wearing Lipgloss,https://www.khanoumi.com/products/note-long-wearing-lipgloss-19308,به نسبت قیمت کیفیت نداره ، زود پاک میشه ، ولی خوشگله مث برق لب رنگیه,0,true,2024-09-18T13:45:44+00:00,خنثی,0.35,محصول | قیمت,محصول
‫رژ لب مایع بادوام مدل Long Wearing Lipgloss,https://www.khanoumi.com/products/note-long-wearing-lipgloss-19308,لطفا شماره 07 شو شارژ کنید,0,false,2024-04-16T11:32:55+00:00,خنثی,0.35,سایر,سایر
‫رژ لب مایع بادوام مدل Long Wearing Lipgloss,https://www.khanoumi.com/products/note-long-wearing-lipgloss-19308,من شماره 24 برنزه رو گرفتم اصلا رنگ ندارع مثل برق لب میمونه..خیلی خیلی ازعکسش بی رنگ تره.من راضی نبودم از خریدم.با این قیمت بالا کیفیت چندانی نداشت.,0,true,2023-12-20T12:20:25+00:00,خنثی,0.35,محصول | اصل بودن کالا | قیمت,محصول
‫رژ لب مایع بادوام مدل Long Wearing Lipgloss,https://www.khanoumi.com/products/note-long-wearing-lipgloss-19308,"شماره 09 رو گرفتم رنگ صورتی دخترونه و قشنگی داره که به نظرم به پوست های با رنگ های روشن بیشتر میاد، پوست من سبزه هست،به نظرم ماندگاری زیادی 
 نداره،و حالت چسبناکی رو لب ایجاد میکنه و خشک نمیشه که این رو  اصلا دوست ندارم ،لب رو نرم میکنه  در کل برای افرادی که دوست دارن رژ رو لب خشک بشه و حالت خیسی نداشته باشه مناسب نیست ",0,true,2023-07-13T01:10:23+00:00,منفی,0.67,محصول | اصل بودن کالا,اصل بودن کالا
‫رژ لب مایع بادوام مدل Long Wearing Lipgloss,https://www.khanoumi.com/products/note-long-wearing-lipgloss-19308,اولین ویژگی مثبتی که این محصول داره، اینه که خیلی زود روی لب خشک میشه و اصلا پوسته پوسته نمیشه. ماندگاری نسبتا طولانی مدتی داره و از ترک خوردن لب نیز جلوگیری می کنه. غلظت این رژلب بالاست و خیلی راحت روی لب کشیده میشه و نیازی به دوبار کشیده شدن روی لب نداره. رنگبندی این رژلب کامله و هر فردی با هر رنگ پوستی که داره می‌تونه از این محصول استفاده کنه.,10,false,2022-06-14T10:24:33+00:00,مثبت,0.67,محصول | اصل بودن کالا,محصول
‫رژ لب مایع بادوام مدل Long Wearing Lipgloss,https://www.khanoumi.com/products/note-long-wearing-lipgloss-19308,من رنگ صورتي جيغشو دارم كلا اهل ليپ گلاس نيستم ولي اين واقعا عاليه اينايي كه نوشتن مخمليه چرا دروغ ميگين روي محصولم حتي نوشته ليپ گلاس😂خلاصه اگه فك ميكنيد رژ لب مخمليه نخريد چون ليپ گلاس و واقعا با كيفيت و بادوامه من عاشقشم,7,false,2021-07-24T14:50:12+00:00,مثبت,0.91,محصول,محصول
‫رژ لب مایع بادوام مدل Long Wearing Lipgloss,https://www.khanoumi.com/products/note-long-wearing-lipgloss-19308,من رنگ ۱۸روخریدم که نوشته قرمز سرخابی،ولی صورتیه اصلاً قرمز نیست،و بیشتر شاین و برق هست تا رنگ،ولی قشنگ حجم میده لبها رو,15,true,2021-06-27T14:39:50+00:00,منفی,0.67,محصول | اصل بودن کالا,اصل بودن کالا
‫رژ لب مایع بادوام مدل Long Wearing Lipgloss,https://www.khanoumi.com/products/note-long-wearing-lipgloss-19308,من رنگ قهوه ای صورتی گرفتم ولی بیشتر قهوه ای متمایل به بنفش تیره س! براقه و درکل خوبه,6,true,2021-06-23T18:51:57+00:00,مثبت,0.79,محصول,محصول
‫رژ لب مایع بادوام مدل Long Wearing Lipgloss,https://www.khanoumi.com/products/note-long-wearing-lipgloss-19308,این رنگش خو شگله,4,false,2020-05-09T15:30:47+00:00,خنثی,0.35,محصول,محصول
‫رژ لب مایع بادوام مدل Long Wearing Lipgloss,https://www.khanoumi.com/products/note-long-wearing-lipgloss-19308,رژ خیلی خوبیه مخملی میکنه لبو,1,false,2020-04-19T18:47:41+00:00,مثبت,0.79,محصول,محصول
‫رژ لب مایع بادوام مدل Long Wearing Lipgloss,https://www.khanoumi.com/products/note-long-wearing-lipgloss-19308,اصلا دوستش نداشتم.انگار فقط برق لب میزنی,3,true,2020-04-18T11:10:31+00:00,مثبت,0.67,اصل بودن کالا,اصل بودن کالا
‫رژ لب مایع بادوام مدل Long Wearing Lipgloss,https://www.khanoumi.com/products/note-long-wearing-lipgloss-19308,"من شماره ی ۰۹ (توت فرنگی روشن) سفارش دادم اما برام ۰۱(وانیلی) رو اشتباهی فرستادین 
حالا چیکار کنم؟
خیلی ناراحت شدم من اون رنگشو دوست داشتم",2,true,2020-03-29T16:04:35+00:00,مثبت,0.67,محصول,محصول
‫رژ لب مایع بادوام مدل Long Wearing Lipgloss,https://www.khanoumi.com/products/note-long-wearing-lipgloss-19308,"بافت عالی و سبک
شاین جذاب ",0,true,2020-03-29T15:00:22+00:00,مثبت,0.67,محصول,محصول
‫رژ لب مایع بادوام مدل Long Wearing Lipgloss,https://www.khanoumi.com/products/note-long-wearing-lipgloss-19308,"من ۰۶ گرفتم
رو لب تقریبا رنگ نود داره بیشتر برقش دیده میشه اما بازم راضیم رژ خوبیه بنظرم",1,true,2020-03-03T11:47:57+00:00,مثبت,0.91,محصول,محصول
‫رژ لب مایع بادوام مدل Long Wearing Lipgloss,https://www.khanoumi.com/products/note-long-wearing-lipgloss-19308,من رژ لب بادوام نوت شماره ۰۹ رنگ توت فرنگی روشن رو خریدم از سایت.خیلی خوشرنگه .خیلی براق و درخشانه.واسه پوستای روشن خیلی شیک میشه.,6,true,2020-02-24T12:30:06+00:00,خنثی,0.35,محصول,محصول
‫رژ لب مایع بادوام مدل Long Wearing Lipgloss,https://www.khanoumi.com/products/note-long-wearing-lipgloss-19308,من رژلب نوت رنگ گوجه ایی قرمز شماره ۲۱ رو گرفتم خیلی خیلی خوش رنگ و براق و درخشان هست.بسیار ماندگار است .بوش هم که ملایم و عالیه.,11,true,2020-02-24T12:15:14+00:00,مثبت,0.79,محصول,محصول
‫رژ لب مایع بادوام مدل Long Wearing Lipgloss,https://www.khanoumi.com/products/note-long-wearing-lipgloss-19308,من شماره ۰۱ رو دارم خیلی خوشرنگه,5,true,2020-02-20T21:08:23+00:00,خنثی,0.35,محصول,محصول
‫رژ لب مایع بادوام مدل Long Wearing Lipgloss,https://www.khanoumi.com/products/note-long-wearing-lipgloss-19308,خیلی خوشبوه 😍 من عاشق بوشم مثه بیسکوییت میمونه، من رنگ رز دارم واسه پوستای روشن خیلی جلوه قشنگی داره ,8,true,2018-12-30T14:01:31.1066667+00:00,خنثی,0.35,محصول,محصول
‫رژ لب مایع بادوام مدل Long Wearing Lipgloss,https://www.khanoumi.com/products/note-long-wearing-lipgloss-19308,رنگش خیلی ملایم تر از رنگ هست که نشون میده تو سایت و اینکه خیلی بوی خوبی داره ,14,true,2018-11-20T14:28:18.0666667+00:00,مثبت,0.67,محصول,محصول
‫رژ لب مایع بادوام مدل Long Wearing Lipgloss,https://www.khanoumi.com/products/note-long-wearing-lipgloss-19308,شاانس لطفاااا,9,false,2018-11-02T15:16:32.3833333+00:00,خنثی,0.35,سایر,سایر
‫رژ لب مایع بادوام مدل Long Wearing Lipgloss,https://www.khanoumi.com/products/note-long-wearing-lipgloss-19308,دقیق رنگ رژ من هم اصلا اون چیزی که تو سایت گذاشتن نیس و قابل استفاده نیس,24,true,2018-04-10T18:10:29.2966667+00:00,مثبت,0.67,محصول | اصل بودن کالا,محصول
‫رژ لب مایع بادوام مدل Long Wearing Lipgloss,https://www.khanoumi.com/products/note-long-wearing-lipgloss-19308," رنگ رژی که به دستم رسید با تصویر سایت اصلا مطابقت نداره
خواهشا رسیدگی کنید",39,true,2018-02-01T13:39:10.3233333+00:00,مثبت,0.67,تحویل و ارسال | محصول | اصل بودن کالا,تحویل و ارسال
‫رژ لب مایع مات دارای استاندارد وگان,https://www.khanoumi.com/products/note-mattemoist-lipgloss-19309,"حس ش روی لب خوبه
بوش خوبه
قیمتش خوبه
برند نوت توی برند های ایرانی کیفیت خوبی داره.
میخوام بازم سفارش یک قرمز زرشکی بدم که با قرمز نارنجی ترکیب کنم.",0,true,2026-06-29T14:17:39.275793+03:30,مثبت,0.95,محصول | قیمت,محصول
‫رژ لب مایع مات دارای استاندارد وگان,https://www.khanoumi.com/products/note-mattemoist-lipgloss-19309,"با این قیمت، اصلا ارزش خرید نداره 
موندگاری نداره اصلا، کاردبردش به رژ گونه و سایه بیشتر میخوره تا رژ لب",0,false,2026-05-20T22:14:40.5681991+03:30,منفی,0.67,اصل بودن کالا | قیمت | محصول,اصل بودن کالا
‫رژ لب مایع مات دارای استاندارد وگان,https://www.khanoumi.com/products/note-mattemoist-lipgloss-19309,اصلا جذب نمیشه همینطوری روی لب میمونه انگار پودره میریزه پایین,0,true,2026-04-27T13:31:41.8373243+03:30,منفی,0.67,محصول | اصل بودن کالا,اصل بودن کالا
‫رژ لب مایع مات دارای استاندارد وگان,https://www.khanoumi.com/products/note-mattemoist-lipgloss-19309,رو لب میماسه و خشک نمیشه مایع هست کلا,0,false,2026-04-22T00:11:34.0255174+03:30,خنثی,0.35,سایر,سایر
‫رژ لب مایع مات دارای استاندارد وگان,https://www.khanoumi.com/products/note-mattemoist-lipgloss-19309,"رنگ 410 بژ رز 
 البته روی لب رنگش خیلی نود و ملایم‌تره",0,false,2026-04-17T17:20:25.315133+03:30,خنثی,0.35,محصول,محصول
‫رژ لب مایع مات دارای استاندارد وگان,https://www.khanoumi.com/products/note-mattemoist-lipgloss-19309,من 410 بژ رز رو سفارش دادم رنگش تو عکس پررنگ افتاده دقیقا یچی تو مایه‌های کد 411 وانیلیه رنگش... فقط دقت کنین  رنگش خاصه خییلی نوده شاید به هرکسی نیاد ولی من راضی بودم پوستم سبزه‌ست فک نمیکردم بهم بیاد.. کاملا ماته اصلا  هم چسبندگی نداره ولی خب به نسبت قیمتش بنظرم کیفیتش چندان عالی هم نیست‌,0,false,2026-04-15T00:42:25.6976675+03:30,مثبت,0.67,محصول | اصل بودن کالا | قیمت,محصول
‫رژ لب مایع مات دارای استاندارد وگان,https://www.khanoumi.com/products/note-mattemoist-lipgloss-19309,"رژ سبک خوش رنگ و لطیف 
لب خشک نمیکنه و با خارجی ها میشه مقایسه کرد",0,false,2026-04-09T15:09:18.7182849+03:30,خنثی,0.35,محصول,محصول
‫رژ لب مایع مات دارای استاندارد وگان,https://www.khanoumi.com/products/note-mattemoist-lipgloss-19309,رنگ 411 وانیلی سفارش دادم خیلی خوش رنگه و پیشنهاد میکنم,0,true,2026-03-28T18:13:03.8861309+03:30,مثبت,0.79,محصول,محصول
‫رژ لب مایع مات دارای استاندارد وگان,https://www.khanoumi.com/products/note-mattemoist-lipgloss-19309,من شماره 3 شو گرفتم همون رنگی که میخواستم و خیلی لطیف و خوشبوئه ولی مات نیست و خشک نمیشه.,0,true,2026-03-14T15:19:10.3383816+03:30,خنثی,0.35,محصول,محصول
‫رژ لب مایع مات دارای استاندارد وگان,https://www.khanoumi.com/products/note-mattemoist-lipgloss-19309,من چنتا از رنگاشو خریدم با عکساشون یخرده تفاوت دارن باید از چنتا سایت رنگاشو ببینید تا مطمئن بشید همون رنگی هستش که میخواین..درکل خیلی لطیفه و خوب روی لب می شینه بوی ملایم و خوبی هم داره,0,true,2026-03-10T01:46:06.7219826+03:30,مثبت,0.79,محصول,محصول
‫رژ لب مایع مات دارای استاندارد وگان,https://www.khanoumi.com/products/note-mattemoist-lipgloss-19309,افتزاح اصلا پیشنهاد نمیشه پاک میشه سریع,0,true,2026-01-20T12:47:37.2862529+03:30,خنثی,0.35,اصل بودن کالا,اصل بودن کالا
‫رژ لب مایع مات دارای استاندارد وگان,https://www.khanoumi.com/products/note-mattemoist-lipgloss-19309,راضی نبودم،براش رژ همون روز اول کنده شد و عملا برام بلااستفاده شد,0,true,2026-01-18T12:49:35.8547979+03:30,منفی,0.67,محصول,محصول
‫رژ لب مایع مات دارای استاندارد وگان,https://www.khanoumi.com/products/note-mattemoist-lipgloss-19309,"من چنتا رنگش رو دارم موندگاری اصلن نداره ولی لطیف و سبکه
واقعن نمیدونم استاندارد وگان که نوشته شده درسته یا نه
اینم بگم اصلن بوی بد و تند نداره خیلی ملایمه
راحت هم روی لب کشیده میشه
من بازم ترجیح میدم بخرم ولی متاسفانه خیلی گرون شده",0,true,2025-12-23T16:05:43.3703751+03:30,خنثی,0.35,محصول | اصل بودن کالا | قیمت,محصول
‫رژ لب مایع مات دارای استاندارد وگان,https://www.khanoumi.com/products/note-mattemoist-lipgloss-19309,رژلب خوبیه لطیف و خوش بوء و لب رو خشک نمیکنه ولی موندگاری نداره و زود از روی لب میره,0,true,2025-11-29T12:59:00.345828+03:30,مثبت,0.67,محصول,محصول
‫رژ لب مایع مات دارای استاندارد وگان,https://www.khanoumi.com/products/note-mattemoist-lipgloss-19309,بهترین رژ لب مایع بنظر من مال همین برند هست.رو لب سبک و خیلی عالی.رنگبندیش محشره.بقیه برندا رنگبندی جیغ و بدی دارن.اما نوت رنگ بندی ملیح و قشنگی داره واقعا.خوشبو هم هست,0,false,2025-11-13T19:24:13.8340511+03:30,ترکیبی,0.79,محصول,محصول
‫رژ لب مایع مات دارای استاندارد وگان,https://www.khanoumi.com/products/note-mattemoist-lipgloss-19309,این محصول به عنوان رژ افتضاحه اما ب عنوان سایه و رژ گونه ازش بزنید و بعد فیدش کنید عاشقش میشید,0,false,2025-06-07T01:46:18.1823184+00:00,منفی,0.67,محصول,محصول
‫رژ لب مایع مات دارای استاندارد وگان,https://www.khanoumi.com/products/note-mattemoist-lipgloss-19309,اصلی راضی نبودم .موندگاری نداره لبم خشک میکنه .,0,true,2025-05-06T04:32:36.9491809+00:00,منفی,0.79,محصول | اصل بودن کالا,اصل بودن کالا
‫رژ لب مایع مات دارای استاندارد وگان,https://www.khanoumi.com/products/note-mattemoist-lipgloss-19309,من شماره 409 سفارش دادم رنگ صورتی هست,0,true,2024-12-09T18:04:15.5294595+00:00,خنثی,0.35,محصول,محصول
‫رژ لب مایع مات دارای استاندارد وگان,https://www.khanoumi.com/products/note-mattemoist-lipgloss-19309,جالب نیست نه ماندگاریش و نه رنگ,0,true,2024-09-18T18:02:08+00:00,خنثی,0.35,محصول,محصول
‫رژ لب مایع مات دارای استاندارد وگان,https://www.khanoumi.com/products/note-mattemoist-lipgloss-19309,خیلی بده پوست لب مو ترک ترک و خشک میکنه راحت پاک میشه و اصلا موندگاری نداره ,0,true,2024-09-18T13:43:30+00:00,ترکیبی,0.74,محصول | اصل بودن کالا,محصول
‫رژ لب مایع مات دارای استاندارد وگان,https://www.khanoumi.com/products/note-mattemoist-lipgloss-19309,خیلی خوبه پوست لب رو مرطوب نگه میداره و باعث خشکی نمی شه,0,true,2024-07-17T03:12:39+00:00,مثبت,0.91,محصول,محصول
‫رژ لب مایع مات دارای استاندارد وگان,https://www.khanoumi.com/products/note-mattemoist-lipgloss-19309,برای استفاده روزانه خوبه اما برای مهمونی اصلا ماندگاری نداره در مقایسه با رژ مایع کیس می مور فلورمار ,0,true,2024-07-09T19:48:53+00:00,مثبت,0.91,محصول | اصل بودن کالا,محصول
‫رژ لب مایع مات دارای استاندارد وگان,https://www.khanoumi.com/products/note-mattemoist-lipgloss-19309,این رو داشتم خیلی سریع پخش می شد وقتی هم پخش می شد راحت پاک نمی شد,0,false,2024-07-05T23:32:22+00:00,خنثی,0.35,سایر,سایر
‫رژ لب مایع مات دارای استاندارد وگان,https://www.khanoumi.com/products/note-mattemoist-lipgloss-19309,من رنگ 404 رو دارم یه رژ عالی ماته ولی نه خشکه نه ترک میخوره بافت عالی یه کوچولو حجم هم میده به لب .عالیه ,0,false,2024-06-20T23:49:46+00:00,مثبت,0.95,محصول,محصول
‫رژ لب مایع مات دارای استاندارد وگان,https://www.khanoumi.com/products/note-mattemoist-lipgloss-19309,اصلا ماندگاری نداره، پوسته پوسته میشه و پخش میشه دور لب اصلا راضی نبودم,0,true,2024-02-23T02:41:31+00:00,منفی,0.67,محصول | اصل بودن کالا,اصل بودن کالا
‫رژ لب مایع مات دارای استاندارد وگان,https://www.khanoumi.com/products/note-mattemoist-lipgloss-19309,خوشرنگ و سبک,0,true,2024-01-10T00:52:55+00:00,خنثی,0.35,محصول,محصول
‫رژ لب مایع مات دارای استاندارد وگان,https://www.khanoumi.com/products/note-mattemoist-lipgloss-19309,اصلا ماندگاری نداره ,0,false,2024-01-04T17:43:10+00:00,مثبت,0.67,محصول | اصل بودن کالا,محصول
‫رژ لب مایع مات دارای استاندارد وگان,https://www.khanoumi.com/products/note-mattemoist-lipgloss-19309,ماندگاری نداره ,0,true,2023-12-30T23:24:58+00:00,خنثی,0.35,محصول,محصول
‫رژ لب مایع مات دارای استاندارد وگان,https://www.khanoumi.com/products/note-mattemoist-lipgloss-19309,خانومی تخفیف این رژو ببر بالا ,1,true,2023-10-19T19:09:43+00:00,خنثی,0.35,قیمت,قیمت
‫رژ لب مایع مات دارای استاندارد وگان,https://www.khanoumi.com/products/note-mattemoist-lipgloss-19309,تخفیف این رژ رو بیش تر کنید تا سفارش بدیم,2,true,2023-10-07T19:02:49+00:00,منفی,0.67,قیمت,قیمت
‫رژ لب مایع مات دارای استاندارد وگان,https://www.khanoumi.com/products/note-mattemoist-lipgloss-19309,تخفیف 50 درصدی برای این رژ بذارین میخوام سفارش بدم,2,true,2023-10-05T12:50:11+00:00,منفی,0.67,قیمت,قیمت
‫رژ لب مایع مات دارای استاندارد وگان,https://www.khanoumi.com/products/note-mattemoist-lipgloss-19309,رنگ قشنگی داره و لب رو پوسته پوسته نمیکنه .اما اصلا دوام نداره و بسرعت پاک میشه .و همین عدم ماندگاری بزرگترین نقطه ضعفش هست,1,false,2023-06-08T19:20:34+00:00,منفی,0.67,محصول | اصل بودن کالا,اصل بودن کالا
‫رژ لب مایع مات دارای استاندارد وگان,https://www.khanoumi.com/products/note-mattemoist-lipgloss-19309,من شماره 414 رو داشتم خیلی خوش رنگ  بود رنگ کرمی داشت اون موقعی ک از سایت خرید کردم  موجود نداشت شماره 416 رو داشت منم گفتم دو شماره دیگ گرفتم ولی به شدت تییییرس به شدت  ,0,true,2023-04-28T11:40:05+00:00,خنثی,0.35,محصول,محصول
‫رژ لب مایع مات دارای استاندارد وگان,https://www.khanoumi.com/products/note-mattemoist-lipgloss-19309,رژلب مایع مات نوت دارای بافتی نرم و سبکه و نمایی مات روی لب ها داره. این محصول ماندگاری بالایی داره و سطح لب رو به خوبی پوشش میده. در ترکیباتش از ویتامین ای استفاده شده بنابراین بعد از استفاده پوست نرم میشه. این محصول فاقد پارابنه و برای ساختش از تست های حیوانی استفاده نشده است. ,2,false,2023-03-29T17:37:33+00:00,مثبت,0.67,محصول,محصول
‫رژ لب مایع مات دارای استاندارد وگان,https://www.khanoumi.com/products/note-mattemoist-lipgloss-19309,دوستان توجه کنید که ضد آب و خشک شدنی نیست کاملا چربه اما جلوه ی براق نداره.برای کسایی که لبای خشکی دارن خوبه,4,false,2023-01-04T18:24:47+00:00,مثبت,0.79,سایر,سایر
‫رژ لب مایع مات دارای استاندارد وگان,https://www.khanoumi.com/products/note-mattemoist-lipgloss-19309,خشک نمیشه روی لب و به هرجا بخوره رنگی میشه فکر میکردم خشک بشه ,4,true,2022-12-08T00:47:12+00:00,خنثی,0.35,محصول,محصول
‫رژ لب مایع مات دارای استاندارد وگان,https://www.khanoumi.com/products/note-mattemoist-lipgloss-19309,لطفا برای انتخاب رنگ اینطور عکس بزارید خانومی جان.,12,false,2022-11-24T03:02:08+00:00,خنثی,0.35,محصول,محصول
‫رژ لب مایع مات دارای استاندارد وگان,https://www.khanoumi.com/products/note-mattemoist-lipgloss-19309,یکی از مهم ترین ویژگی‌هایی که رژلب مایع باید داشته باشه، ماندگاری و پوسته پوسته نشدن اونه. رژلب نت یکی از بهترین رژلب های مایع بود که استفاده کردم. بافت خیلی روان و سبکی داشت و به راحتی روی لب کشیده شد. اصلا خشک نشد و پوسته پوسته نشد. در تمام مدتی که روی لبم بود تغییر رنگ نداد و پخش هم نشد. رژلب نت یک انتخاب بسیار عالی برای مصرف روزانه است.,13,false,2022-07-30T09:17:47+00:00,مثبت,0.67,محصول | اصل بودن کالا,محصول
‫رژ لب مایع مات دارای استاندارد وگان,https://www.khanoumi.com/products/note-mattemoist-lipgloss-19309,کیفیتش خوبه ولی حتی ۱ درصد هم مات نیست ,5,true,2021-07-26T01:08:46+00:00,مثبت,0.79,محصول,محصول
‫رژ لب مایع مات دارای استاندارد وگان,https://www.khanoumi.com/products/note-mattemoist-lipgloss-19309,واقعا خیلی عالیه .من 408 رو خریدم و خیلی راضیم. ,7,true,2021-06-09T10:38:03+00:00,مثبت,0.95,سایر,سایر
‫رژ لب مایع مات دارای استاندارد وگان,https://www.khanoumi.com/products/note-mattemoist-lipgloss-19309,خیلی بد بود..و ماندگاری نداره و به راحتی پاک میشه...خیلی هم چربه...بهترین رژی که از خانمی سفارش دادم میلیون کیسِس بلور دیزاین بود..😑,17,true,2020-08-04T16:49:31+00:00,ترکیبی,0.74,محصول,محصول
‫رژ لب مایع مات دارای استاندارد وگان,https://www.khanoumi.com/products/note-mattemoist-lipgloss-19309,خیلی خوش رنگه من خیلی دوسشون دارم چندین تا ازش دارم,3,false,2020-06-10T13:36:11+00:00,خنثی,0.35,محصول,محصول
‫رژ لب مایع مات دارای استاندارد وگان,https://www.khanoumi.com/products/note-mattemoist-lipgloss-19309,"من شماره 405 دارم تن قرمز و نارنجی داره
بوی خیلی خوبی داره و سبکه ماندگاری نداره ولی لبو نرم و مرطوب‌ میکنه خشک نیست ",5,false,2020-05-27T01:38:10+00:00,مثبت,0.79,محصول,محصول
‫رژ لب مایع مات دارای استاندارد وگان,https://www.khanoumi.com/products/note-mattemoist-lipgloss-19309,بوی بسیار عالی داره، رنگ بندی متنوع و جذابی داره، ممنونم خانومی,3,true,2019-10-17T20:07:12+00:00,مثبت,0.79,محصول,محصول
‫رژ لب مایع مات دارای استاندارد وگان,https://www.khanoumi.com/products/note-mattemoist-lipgloss-19309,چرا زديد تخفيف ولي نداره,15,false,2018-11-23T02:47:00.0266667+00:00,خنثی,0.35,قیمت,قیمت
‫رژ لب مایع مات دارای استاندارد وگان,https://www.khanoumi.com/products/note-mattemoist-lipgloss-19309,415 رو دارم. بنفشه ولی به شدت تیره است. یعنی در این حد که میتونه  برای هالوین استفاده بشه  :)),16,true,2018-08-19T16:48:49.2633333+00:00,خنثی,0.35,سایر,سایر
‫رژ لب مایع مات دارای استاندارد وگان,https://www.khanoumi.com/products/note-mattemoist-lipgloss-19309,سلام من رنگ ۴۰۱ گرفتم بیشتر از اینکه قهوه ای باشه رنگ لبه ولی اصلا دوام نداره و حتی دست میکشی پاک میشه. میشه لطفا بفرمایید تو سایت رژ لب مایع ۲۴ ساعته هم دارید یا خیر؟,10,false,2018-06-09T18:18:00.2733333+00:00,منفی,0.67,محصول | اصل بودن کالا,اصل بودن کالا
‫رژ لب مایع مات دارای استاندارد وگان,https://www.khanoumi.com/products/note-mattemoist-lipgloss-19309,میشه لطفا ۴۰۴ این رژ رو موجود کنید؟,8,true,2018-04-18T14:05:27.7+00:00,خنثی,0.35,محصول,محصول
‫رژ لب مایع مات دارای استاندارد وگان,https://www.khanoumi.com/products/note-mattemoist-lipgloss-19309,هم رنگهاش قشنگه و هم کیفیت خوبی داره.,2,true,2018-03-14T18:22:53.04+00:00,مثبت,0.79,محصول,محصول
‫رژ لب مایع مات دارای استاندارد وگان,https://www.khanoumi.com/products/note-mattemoist-lipgloss-19309,اولا که تا چن روز پیش با طرح ارسال رایگان ۲۰تومن بود چرا عرض چن روز گرونترش کردید، دوما هم که اصلا راضی نبودم از این رژ چون بعد خشک شدن هم وقتی دست میزنید خیلی راحت پاک میشه و ماندگاری خیلییییی کمی داره،بنظرم رژ مات گلدن رز بهتر از اینه ،البته من هر دو رو تست طلا کردم و هردوشون سرب دار از اب دراومدن,5,true,2018-02-14T17:00:44.8+00:00,منفی,0.79,محصول | تحویل و ارسال | اصل بودن کالا | قیمت,اصل بودن کالا
‫رژ لب مایع مات دارای استاندارد وگان,https://www.khanoumi.com/products/note-mattemoist-lipgloss-19309,من رنگ شماره 416 خریدم که نوشته شد بود بنفش.. وقتی برام آوردن اصلا همرنگ چیزی که تو عکسش بود نبود..حتما تست رنگ رو قبل از خرید ببینید..,4,true,2018-02-10T12:24:34.8433333+00:00,مثبت,0.67,محصول | اصل بودن کالا,محصول
‫رژ لب مایع مات دارای استاندارد وگان,https://www.khanoumi.com/products/note-mattemoist-lipgloss-19309,از لحاظ کیفیت واقعا سطح بالاست.  رنگ۴۰۵خریدم. خیلی فانتزی و خوشرنگه. ,1,true,2018-02-09T15:10:26.62+00:00,خنثی,0.35,محصول,محصول
‫رژ لب مایع مات دارای استاندارد وگان,https://www.khanoumi.com/products/note-mattemoist-lipgloss-19309,سلام رنگ شماره 416 به نظر آجری میاد یا واقعا قهوه ایه؟؟,1,false,2018-02-02T21:09:51.66+00:00,خنثی,0.35,محصول,محصول
‫رژ لب مایع مرطوب کننده,https://www.khanoumi.com/products/note-hydra-color-lipgloss-19310,لطفا موجود کنید ,0,false,2024-03-07T19:20:48+00:00,خنثی,0.35,محصول,محصول
‫رژ لب مایع مرطوب کننده,https://www.khanoumi.com/products/note-hydra-color-lipgloss-19310,رنگ بژنارنجی رو تو بلک فرایدی خریدم یه کمی رنگش با چیزی که اینحا دیدم متفاوت بود ولی خیلی راضی ام،سبکِ و بوی خوبی داره،دوسش دارم و البته پشیمونم که چرا رنگای بیشتری نخریدم,1,true,2018-12-06T22:28:51.2066667+00:00,ترکیبی,0.92,محصول,محصول
‫رژ لب مایع مرطوب کننده,https://www.khanoumi.com/products/note-hydra-color-lipgloss-19310,اصلا راضی نیستم.. خیلی چسبناک و سنگینه رو لب. رنگ روشن گرفتم بیشتر شبیه برق لبه. فقط بوی خوبی داره,1,true,2018-07-02T00:14:29.52+00:00,منفی,0.67,محصول | اصل بودن کالا,اصل بودن کالا
‫رژ لب مایع مرطوب کننده,https://www.khanoumi.com/products/note-hydra-color-lipgloss-19310,من شماره شش و سیزده رو گرفتم ، مرطوب کننده ی عالی خوشمزه و خوشبو . ,1,true,2018-06-27T19:14:00.7733333+00:00,مثبت,0.67,محصول,محصول
‫رژ لب مایع مرطوب کننده,https://www.khanoumi.com/products/note-hydra-color-lipgloss-19310,شماره 17 و 18 و 23 موجود کنید،  رنگبندیاش کامل نیست ,6,false,2018-04-14T18:00:40.42+00:00,خنثی,0.35,محصول,محصول
‫رژ لب مایع مرطوب کننده,https://www.khanoumi.com/products/note-hydra-color-lipgloss-19310,یه رژ بی کیفیت چسبنده که زودم پاک میشه اصلا راضی نیستم,2,true,2018-04-10T17:47:57.7166667+00:00,منفی,0.91,محصول | اصل بودن کالا,اصل بودن کالا
‫ریمل بلند کننده حاوی حاوی روغن بادام و ویتامین E,https://www.khanoumi.com/products/note-long-lash-mascara-19311,خیلی ریمل خوبیه~بلند کننده،تفکیک کننده.عالیه,3,true,2019-08-12T14:25:28.9566667+00:00,مثبت,0.91,سایر,سایر
‫ریمل حجم دهنده حاوی آنتی اکسیدان,https://www.khanoumi.com/products/note-ultra-volume-mascara-19312,لطفا این ریمل رو هم تو شانس بلک فرایدی قرار بدید. ممنون میشم ❤,2,false,2018-11-19T17:29:19.5566667+00:00,ترکیبی,0.66,سایر,سایر
‫ریمل دو کاره,https://www.khanoumi.com/products/note-perfect-lash-mascara-19313,خیلی عالیه. مخصوصا واسه مژه های کوتاه . ,15,false,2018-03-30T00:54:47.96+00:00,مثبت,0.79,سایر,سایر
ریمل بلند کننده حرفه ای مژه,https://www.khanoumi.com/products/note-lash-master-mascara-19314,عالی بود واقعا، البته من قبلش از محلول اکسلیا استفاده کرده بودم و مژه هام رشد خوبی داشتن و ازین ریمل که استفاده میکنم همه فکر میکنن کاشت مژه انجام دادم  زیر چشم نمیریزه و اگه با دقت بزنین اصلا مژه ها رو نمی چسبونه,0,true,2026-05-20T10:27:18.4949512+03:30,مثبت,0.95,محصول | اصل بودن کالا,محصول
ریمل بلند کننده حرفه ای مژه,https://www.khanoumi.com/products/note-lash-master-mascara-19314,ریمل  پرحجم  بود و عالی,0,true,2026-01-17T20:58:49.2465014+03:30,مثبت,0.67,محصول,محصول
ریمل بلند کننده حرفه ای مژه,https://www.khanoumi.com/products/note-lash-master-mascara-19314,گول اسمشو نخورید جالب نیس,0,true,2025-08-16T05:35:13.9849867+00:00,خنثی,0.35,سایر,سایر
ریمل بلند کننده حرفه ای مژه,https://www.khanoumi.com/products/note-lash-master-mascara-19314,متاسفانه زیر چشم میریزه و‌سیاه میکنه،اصلا پیشنهاد نمیدم.,0,false,2025-06-07T13:51:53.2476685+00:00,منفی,0.67,اصل بودن کالا,اصل بودن کالا
ریمل بلند کننده حرفه ای مژه,https://www.khanoumi.com/products/note-lash-master-mascara-19314,اصن دوست نداشتم و زیر چشم میریزه,0,false,2025-05-27T12:01:28.6694515+00:00,خنثی,0.35,سایر,سایر
ریمل بلند کننده حرفه ای مژه,https://www.khanoumi.com/products/note-lash-master-mascara-19314,خیلی گران و‌اصلا بلند نمیکنه بدرد نمیخوره,0,true,2025-05-22T22:25:38.1786735+00:00,خنثی,0.4,اصل بودن کالا | قیمت,اصل بودن کالا
ریمل بلند کننده حرفه ای مژه,https://www.khanoumi.com/products/note-lash-master-mascara-19314,خوب نبود,0,false,2025-05-18T09:24:07.9493177+00:00,خنثی,0.4,محصول,محصول
ریمل بلند کننده حرفه ای مژه,https://www.khanoumi.com/products/note-lash-master-mascara-19314,"بلند میکنه 
حجم نمیده
زیر چشم میریزه
پیشنهاد نمیکنم
با این قیمت ریملای بهتریم هست",0,false,2025-05-18T09:14:41.75751+00:00,منفی,0.67,محصول | قیمت,محصول
ریمل بلند کننده حرفه ای مژه,https://www.khanoumi.com/products/note-lash-master-mascara-19314,افتضاحه واقعا . بلند نمیکنه .زیرچشم میریزه.گرونم هست .,0,true,2025-05-16T18:48:08.2063764+00:00,منفی,0.67,قیمت,قیمت
ریمل بلند کننده حرفه ای مژه,https://www.khanoumi.com/products/note-lash-master-mascara-19314,به هیچ وجه بلند نمیکنه و زیر چشم میریزه,0,true,2025-04-21T17:12:26.2893382+00:00,خنثی,0.35,سایر,سایر
ریمل بلند کننده حرفه ای مژه,https://www.khanoumi.com/products/note-lash-master-mascara-19314,مژه ها رو به هم میچسبونه ، بلندکنندگی ام نداره اصلا و زیر چشم میریزه و پاک کردنش اصلا راحت نیست .... با این قیمت ریمل های خیلی بهتری توی بازار هست,0,false,2025-04-21T07:20:52.5909303+00:00,منفی,0.79,اصل بودن کالا | محصول | قیمت,اصل بودن کالا
ریمل بلند کننده حرفه ای مژه,https://www.khanoumi.com/products/note-lash-master-mascara-19314,زیر چشم نمیریره ولی اصلاا مژه رو بلند نمیکنه,0,true,2025-03-17T12:50:22.2712577+00:00,منفی,0.67,اصل بودن کالا,اصل بودن کالا
ریمل بلند کننده حرفه ای مژه,https://www.khanoumi.com/products/note-lash-master-mascara-19314,من گرفتم خیلیم استفاده کردم خوبه نه زیر چشم میریزه نه سیاه میکنه پلکو بنظرم خ‌به ولی دنبال یه ریمل ازین بهترم,0,true,2025-03-10T07:23:48.7089293+00:00,مثبت,0.79,سایر,سایر
ریمل بلند کننده حرفه ای مژه,https://www.khanoumi.com/products/note-lash-master-mascara-19314,زیر چشمو سیاه میکنه ولی خوبه,0,true,2025-02-24T20:40:11.3593513+00:00,مثبت,0.79,محصول,محصول
ریمل بلند کننده حرفه ای مژه,https://www.khanoumi.com/products/note-lash-master-mascara-19314,اصلا راضی نبودم تبلیغاتتون بیشتر بود تا کیفیت محصول,0,false,2025-01-12T10:13:36.2361428+00:00,منفی,0.79,محصول | اصل بودن کالا,اصل بودن کالا
ریمل بلند کننده حرفه ای مژه,https://www.khanoumi.com/products/note-lash-master-mascara-19314,اصللللا راضی نبودم,0,true,2025-01-01T09:23:53.8481381+00:00,خنثی,0.35,محصول | اصل بودن کالا,محصول
ریمل بلند کننده حرفه ای مژه,https://www.khanoumi.com/products/note-lash-master-mascara-19314,نسبت به قیمتش زیاد خوب نیست، حجم که اصلا نمیده، یکم بلند میکنه ولی به جاش فرم مژه رو قشنگ میکنه، ولی پیشنهاد نمیکنم,0,true,2024-12-16T21:57:14.6704447+00:00,منفی,0.91,محصول | اصل بودن کالا | قیمت,اصل بودن کالا
ریمل بلند کننده حرفه ای مژه,https://www.khanoumi.com/products/note-lash-master-mascara-19314,نسبت به تعریفی که از کارآیی این ریمل شده ضعیفه 60 درصد واقعیت داره . به خاطر ضد آب بودنش بهش امتیاز دادم نه کارآیی,0,true,2024-12-13T09:41:45.4830037+00:00,منفی,0.67,محصول,محصول
ریمل بلند کننده حرفه ای مژه,https://www.khanoumi.com/products/note-lash-master-mascara-19314,اصلا راضی نبودم,0,true,2024-11-26T17:05:47.2191747+00:00,منفی,0.79,محصول | اصل بودن کالا,اصل بودن کالا
ریمل بلند کننده حرفه ای مژه,https://www.khanoumi.com/products/note-lash-master-mascara-19314,اصلا راضی نیستم ازش,0,true,2024-11-02T19:18:58.0715766+00:00,منفی,0.79,اصل بودن کالا,اصل بودن کالا
ریمل بلند کننده حرفه ای مژه,https://www.khanoumi.com/products/note-lash-master-mascara-19314,"عالی بود 
من چند سال کاشت مژه داشتم و همه مژهام ریخته بود بعد از چند ماه تقویت این ریمل رو خریدم باورم نمیشد انقدر مژهامو بلند میکنه اولش از خریدش شک داشتم اما الان از خریدم راضیم",0,true,2024-10-21T16:55:02.6954961+00:00,مثبت,0.95,محصول,محصول
ریمل بلند کننده حرفه ای مژه,https://www.khanoumi.com/products/note-lash-master-mascara-19314,"اصلا خوب نیست
نه حجم دهندس نه بلند میشه مژه",0,false,2024-07-10T19:49:55+00:00,منفی,0.79,محصول | اصل بودن کالا,اصل بودن کالا
ریمل بلند کننده حرفه ای مژه,https://www.khanoumi.com/products/note-lash-master-mascara-19314,خوبه بیشتر حجم دهنده هست و ساخت ایران,0,true,2024-06-29T12:05:41+00:00,مثبت,0.79,محصول,محصول
ریمل بلند کننده حرفه ای مژه,https://www.khanoumi.com/products/note-lash-master-mascara-19314,"عالی 
حالت فر هم به مژه میده ",0,true,2024-06-08T12:23:33+00:00,مثبت,0.67,سایر,سایر
ریمل بلند کننده حرفه ای مژه,https://www.khanoumi.com/products/note-lash-master-mascara-19314,"نسبت به قیمتی که داره زیاد تعریفی نداره و ضعیفه. ریمل های قیمت مناسبتر تر هست ک خیلی بیشتر ازین مژه هارو حالت میده و بلند میکنه. ی ریمل معمولیه
",0,true,2024-05-13T22:59:32+00:00,مثبت,0.67,قیمت | محصول,قیمت
ریمل بلند کننده حرفه ای مژه,https://www.khanoumi.com/products/note-lash-master-mascara-19314,بعد از یه ساعت میریزه و زیر چشم سیاه میشه,0,false,2024-03-10T13:38:58+00:00,خنثی,0.35,سایر,سایر
ریمل بلند کننده حرفه ای مژه,https://www.khanoumi.com/products/note-lash-master-mascara-19314,برند نوت واقعا عالی هست این ریمل هم بهترین ریمل بلند کننده و سبک هست ,0,true,2023-10-14T16:12:07+00:00,مثبت,0.79,سایر,سایر
ریمل بلند کننده حرفه ای مژه,https://www.khanoumi.com/products/note-lash-master-mascara-19314,من مژه های صاف و بی حالتی دارم، بعد از چندبار استفاده به شدت برای بلندکردن و حالت دادن موثر عمل کرد و خیلییییی دوسش دارم,1,false,2023-08-21T08:29:27+00:00,خنثی,0.35,محصول,محصول
ریمل بلند کننده حرفه ای مژه,https://www.khanoumi.com/products/note-lash-master-mascara-19314,ریمل بسیار خوبی هست هم راحت پاک میشه.مژه ها رو به طور طبیعی زیبا و مشکی و بلند می کنه.در کل عاااالی,1,false,2022-12-01T12:02:14+00:00,مثبت,0.67,سایر,سایر
ریمل بلند کننده حرفه ای مژه,https://www.khanoumi.com/products/note-lash-master-mascara-19314,این ریمل معمولی هستش، متاستفانه زود زیر چشم می ریزه,3,false,2022-08-16T01:31:22+00:00,خنثی,0.35,محصول,محصول
ریمل بلند کننده حرفه ای مژه,https://www.khanoumi.com/products/note-lash-master-mascara-19314,این ریمل برای افرادی که مژه های کوتاهی دارن خوبه زیاد حجم نمیده بیشتر بلند کننده هست. برای استفاده روزانه انتخاب مناسبیه,4,false,2022-03-02T16:09:24+00:00,مثبت,0.79,محصول,محصول
ریمل بلند کننده حرفه ای مژه,https://www.khanoumi.com/products/note-lash-master-mascara-19314,به نظرمن اصلاخوب نیست اولین باربودخریدم میریزه زیرچشم.انگارمژه های خودتن تغییرش خیلی کمه فقط خوبی که داره مژه روطبیعی نشون میده,2,true,2021-10-07T11:35:32+00:00,منفی,0.67,محصول | اصل بودن کالا,اصل بودن کالا
ریمل بلند کننده حرفه ای مژه,https://www.khanoumi.com/products/note-lash-master-mascara-19314,اولین بار این ریمل رو استفاده میکنم با توجه به نظر کاربران خریدم ولی متاسفانه جز بدترین ریملهایی که تا الان استفاده کردم نه مژه رو بلند می‌کنه نه حجم میده برعکس مژه رو کم حجم و معمولی می‌کنه ریزش شدیدم زیر چشم داره در کل بی نهایت از خریدم ناراضی ام⁦☹️⁩⁦☹️⁩⁦☹️⁩,30,true,2020-09-04T22:03:56+00:00,ترکیبی,0.92,محصول,محصول
ریمل بلند کننده حرفه ای مژه,https://www.khanoumi.com/products/note-lash-master-mascara-19314,خیلی طبیعی مژه رو بلند میکنه خیلی عالیه من دوسش دارم,8,false,2020-05-26T15:16:56+00:00,مثبت,0.79,سایر,سایر
ریمل بلند کننده حرفه ای مژه,https://www.khanoumi.com/products/note-lash-master-mascara-19314,به مژه حالت طبیعی میده.حجم دهندگیش خوبه. راحت پاک میشه.اطراف چشم رو سیاه نمیکنه,12,false,2020-04-29T15:21:56+00:00,مثبت,0.79,محصول,محصول
ریمل بلند کننده حرفه ای مژه,https://www.khanoumi.com/products/note-lash-master-mascara-19314,هیچ کاری نمیکنه,5,false,2018-09-04T23:21:05.2666667+00:00,خنثی,0.35,سایر,سایر
ریمل بلند کننده حرفه ای مژه,https://www.khanoumi.com/products/note-lash-master-mascara-19314,با سلام ریمل بلند کننده سبک و خوبیه اما خیلی طبیعی حالت میده برا کسانی ک مژه های سیخ و بی حالت دارند اصلا مناسب نیست . حجمی هم نمیده. فقط همونطور ک از اسمش پیداس بلند کننده اس,13,true,2018-03-08T20:41:13.94+00:00,خنثی,0.35,محصول | اصل بودن کالا,محصول
ریمل بلند کننده فوق العاده لش  کد,https://www.khanoumi.com/products/note-lash-code-mascara-19315,تو ایرانیا از بهترین هاست,0,true,2026-05-14T16:26:14.6040969+03:30,مثبت,0.67,سایر,سایر
ریمل بلند کننده فوق العاده لش  کد,https://www.khanoumi.com/products/note-lash-code-mascara-19315,در کل خوب نبود,0,true,2026-04-22T12:12:29.9101462+03:30,خنثی,0.4,محصول,محصول
ریمل بلند کننده فوق العاده لش  کد,https://www.khanoumi.com/products/note-lash-code-mascara-19315,من خریدم خوب بود,0,false,2026-02-15T21:26:32.4998296+03:30,مثبت,0.79,محصول,محصول
ریمل بلند کننده فوق العاده لش  کد,https://www.khanoumi.com/products/note-lash-code-mascara-19315,من امروز تازه زدم..بافتش خیلی سبک بود..مژه هام رو خیلی خوب بلند کرد..فقط یه کم چسبندگی داشت که با پرس ابرو حلش کردم,0,true,2025-03-05T11:07:45.5169413+00:00,مثبت,0.79,محصول,محصول
ریمل بلند کننده فوق العاده لش  کد,https://www.khanoumi.com/products/note-lash-code-mascara-19315,مزخرف,0,true,2025-03-03T21:34:12.1504741+00:00,خنثی,0.35,سایر,سایر
ریمل بلند کننده فوق العاده لش  کد,https://www.khanoumi.com/products/note-lash-code-mascara-19315,ریملش چیز خاصی نیست چون مواد کمی داره زیاد برای من که مژه هام کم پشتن جواب نداد,0,true,2025-02-23T18:01:51.9181138+00:00,خنثی,0.35,محصول,محصول
ریمل بلند کننده فوق العاده لش  کد,https://www.khanoumi.com/products/note-lash-code-mascara-19315,ریمل جالبی نیست,0,true,2025-02-11T12:25:46.0683956+00:00,خنثی,0.35,سایر,سایر
ریمل بلند کننده فوق العاده لش  کد,https://www.khanoumi.com/products/note-lash-code-mascara-19315,ریمل نوت، راضی نبودم,0,true,2024-09-19T23:28:30+00:00,منفی,0.67,محصول,محصول
ریمل بلند کننده فوق العاده لش  کد,https://www.khanoumi.com/products/note-lash-code-mascara-19315,ریمل عالی وخوبی هستش من راضیم وپیشنهاد میکنم ,0,false,2024-08-13T10:30:13+00:00,مثبت,0.95,سایر,سایر
ریمل بلند کننده فوق العاده لش  کد,https://www.khanoumi.com/products/note-lash-code-mascara-19315,موادش زیاده به خاطر همین مژه ها به هم میچسبه، یه ریزش داره یه مقدار. در کل خیلی راضی نیستم به نظرم ریمل ایزادورا خیلی بهتره.,0,true,2024-03-31T20:50:54+00:00,منفی,0.67,محصول,محصول
ریمل بلند کننده فوق العاده لش  کد,https://www.khanoumi.com/products/note-lash-code-mascara-19315,از خرید این ریمل راضی نیستم خوب نیست ,0,true,2024-03-18T05:05:03+00:00,منفی,0.79,سایر,سایر
ریمل بلند کننده فوق العاده لش  کد,https://www.khanoumi.com/products/note-lash-code-mascara-19315,ریمل بسیار خوب و سبک,0,true,2023-07-09T22:56:32+00:00,مثبت,0.67,سایر,سایر
ریمل بلند کننده فوق العاده لش  کد,https://www.khanoumi.com/products/note-lash-code-mascara-19315,"لطفاً شارژش کنید،🥲
خیلی وقته موجود نیست",0,false,2023-03-27T02:32:37+00:00,خنثی,0.35,محصول,محصول
ریمل بلند کننده فوق العاده لش  کد,https://www.khanoumi.com/products/note-lash-code-mascara-19315,"سلام وقت بخیر
این ریمل کی مجددا شارژ میشه ",0,false,2023-03-12T11:12:14+00:00,خنثی,0.35,سایر,سایر
ریمل بلند کننده فوق العاده لش  کد,https://www.khanoumi.com/products/note-lash-code-mascara-19315,"لطفاً شارژش کنید
",0,false,2023-02-18T01:35:32+00:00,خنثی,0.35,سایر,سایر
ریمل بلند کننده فوق العاده لش  کد,https://www.khanoumi.com/products/note-lash-code-mascara-19315,این ریمل خیلی خوب بود و من از خریدش راضی بودم. بیشتر برای بلند کردن مژه ها خوبه و مژه های ریز و کوتاهم حالت میده حتی. کاملا مشکیه و ریزش نداره. روی چشم سبکه و احساس سنگینی ایجاد نمیکنه. برای آرایش ملایم روزانه خیلی خوبه. قیمتشم مناسبه و ارزش خرید داره,1,false,2022-10-31T08:23:15+00:00,مثبت,0.95,محصول | قیمت,محصول
ریمل بلند کننده فوق العاده لش  کد,https://www.khanoumi.com/products/note-lash-code-mascara-19315,این ریمل رو من قبلاً گرفتم از داروخانه. برای استفاده روزانه عالیه. هم حجم میده هم مژه ها رو بلند میکنه. من مژه هام خیلی کم و کوتاهن اما از این ریمل واقعاً راضی ام.,5,false,2018-11-09T23:18:50+00:00,مثبت,0.95,محصول,محصول
ریمل بلند کننده فوق العاده لش  کد,https://www.khanoumi.com/products/note-lash-code-mascara-19315,خیلی ریمل بدیه چرا اینقدر گرون شد؟واقعا ریمل خوبی نیس,3,false,2018-08-05T09:05:07+00:00,ترکیبی,0.66,قیمت,قیمت
ریمل بلند کننده فوق العاده لش  کد,https://www.khanoumi.com/products/note-lash-code-mascara-19315,سلام لطفا ريما ولوم اكت volom act  نوترو رو هم شارژ كنيد تا بتونيم در تخفيف نوت خريد كنيم ممنون,10,false,2018-03-07T20:29:04.73+00:00,مثبت,0.67,قیمت,قیمت
ریمل چهار کاره حرفه ای حجم 12 میلی لیتر,https://www.khanoumi.com/products/note-real-look-mascara-19316,"من یبار خریدمش واقعا راضی نبودم 
استفاده نمرده گذاشتم کنار",0,false,2026-08-23T16:04:14.679274+03:30,منفی,0.67,محصول,محصول
ریمل چهار کاره حرفه ای حجم 12 میلی لیتر,https://www.khanoumi.com/products/note-real-look-mascara-19316,بدرد نمی خوره تازه سر درد هم می گیرم باهاش,0,false,2026-01-22T12:45:24.291429+03:30,مثبت,0.67,سایر,سایر
ریمل چهار کاره حرفه ای حجم 12 میلی لیتر,https://www.khanoumi.com/products/note-real-look-mascara-19316,اصلا بدرد نمیخوره واقعا حیف اون پولی که بیخودی هدر رفت,0,false,2025-07-31T23:18:32.4521816+00:00,خنثی,0.4,اصل بودن کالا,اصل بودن کالا
ریمل چهار کاره حرفه ای حجم 12 میلی لیتر,https://www.khanoumi.com/products/note-real-look-mascara-19316,خیلی بدهههه,0,false,2025-06-27T14:58:43.5877383+00:00,منفی,0.79,سایر,سایر
ریمل چهار کاره حرفه ای حجم 12 میلی لیتر,https://www.khanoumi.com/products/note-real-look-mascara-19316,اصلا نخریدپولتون هدرمیره من ازخریدش پشیمانم تمام اون چیزهایی که راجع به کیفیت این محصول میگن همش دروغ وتبلیغاته,0,false,2025-06-22T19:32:53.5175482+00:00,مثبت,0.67,محصول | اصل بودن کالا,محصول
ریمل چهار کاره حرفه ای حجم 12 میلی لیتر,https://www.khanoumi.com/products/note-real-look-mascara-19316,واقعا افتضاح حیف پول که دادم جای این آشغال,0,true,2025-05-06T11:14:34.0177914+00:00,منفی,0.67,سایر,سایر
ریمل چهار کاره حرفه ای حجم 12 میلی لیتر,https://www.khanoumi.com/products/note-real-look-mascara-19316,واقعا نه کیفیت داره نه مژه ها رو بلند میکنه آبکیه موقع زدن ریمل پخش میشه دور چشم,0,true,2025-02-18T05:48:28.7546117+00:00,خنثی,0.35,محصول,محصول
ریمل چهار کاره حرفه ای حجم 12 میلی لیتر,https://www.khanoumi.com/products/note-real-look-mascara-19316,اولش خوب بود ولی بعد یکی دو ماه خشک خشک شد.کلا ده بارم نزدم.و اینکه علاوه بر اینکه میریزه حتی با شوینده هم به سختی پاک میشه,1,true,2023-01-11T14:58:28+00:00,مثبت,0.79,محصول,محصول
ریمل چهار کاره حرفه ای حجم 12 میلی لیتر,https://www.khanoumi.com/products/note-real-look-mascara-19316,معمولی و خوبه برای استفاده روزانه در حد طبیعی بلند می کنه و حجم میده، اما زیر چشم می ریزه.,1,false,2022-08-16T01:30:17+00:00,مثبت,0.79,محصول,محصول
ریمل چهار کاره حرفه ای حجم 12 میلی لیتر,https://www.khanoumi.com/products/note-real-look-mascara-19316, اصلا راضی نیستم .نه حجم میده نه بلند میکنه نه حالت میده ,20,true,2021-06-13T13:41:07+00:00,منفی,0.79,محصول | اصل بودن کالا,اصل بودن کالا
ریمل چهار کاره حرفه ای حجم 12 میلی لیتر,https://www.khanoumi.com/products/note-real-look-mascara-19316,متوسطه رو به خوبه,2,false,2020-05-04T01:45:21+00:00,مثبت,0.79,سایر,سایر
ریمل چهار کاره حرفه ای حجم 12 میلی لیتر,https://www.khanoumi.com/products/note-real-look-mascara-19316,عالی نیست بدم نیست و مهم‌ترین عیبی که داره زود خشک میشه ,9,false,2019-10-11T02:25:22+00:00,خنثی,0.4,سایر,سایر
ریمل چهار کاره حرفه ای حجم 12 میلی لیتر,https://www.khanoumi.com/products/note-real-look-mascara-19316,"افتضاح ترین ریملی که تو عمرم داشتم،
شدیدا از خریدش پشیمونم و اصلا شبیه به توضیحاتتون نیست",8,true,2019-07-16T14:12:40+00:00,منفی,0.79,محصول | اصل بودن کالا,اصل بودن کالا
ریمل چهار کاره حرفه ای حجم 12 میلی لیتر,https://www.khanoumi.com/products/note-real-look-mascara-19316,دارمش عالیه,27,false,2018-03-04T16:56:20.8566667+00:00,مثبت,0.79,سایر,سایر
ریمل حجم دهنده مدل Volume Act حجم 16 میلی لیتر,https://www.khanoumi.com/products/note-volume-act-mascara-19317,خوبه راضیم بهترین ریملی بود که تا الان داشتم,0,false,2026-08-09T14:33:18.8863312+03:30,مثبت,0.95,محصول,محصول
ریمل حجم دهنده مدل Volume Act حجم 16 میلی لیتر,https://www.khanoumi.com/products/note-volume-act-mascara-19317,اصلا خوب نبود,0,true,2026-08-09T11:46:03.0899399+03:30,خنثی,0.4,محصول | اصل بودن کالا,محصول
ریمل حجم دهنده مدل Volume Act حجم 16 میلی لیتر,https://www.khanoumi.com/products/note-volume-act-mascara-19317,عالی هست من سه تا خرید داشتم باز هم انتخابم همین هست نچرال هست و برای روزمره عالیه,0,false,2026-08-05T15:06:18.7032489+03:30,مثبت,0.91,سایر,سایر
ریمل حجم دهنده مدل Volume Act حجم 16 میلی لیتر,https://www.khanoumi.com/products/note-volume-act-mascara-19317,من که راضیم،10 ماه پیش خریدم هنوز که خشک نشده،ریزش هم نداره,0,true,2026-07-26T23:07:34.039793+03:30,مثبت,0.79,سایر,سایر
ریمل حجم دهنده مدل Volume Act حجم 16 میلی لیتر,https://www.khanoumi.com/products/note-volume-act-mascara-19317,متاسفانه راضی نبودم,0,false,2026-07-21T21:09:39.8406646+03:30,منفی,0.79,محصول,محصول
ریمل حجم دهنده مدل Volume Act حجم 16 میلی لیتر,https://www.khanoumi.com/products/note-volume-act-mascara-19317,من واسه مامانم خریدم و واقعااا راضی بودم مژه هارو خیلی خیلی خیلی نچرال بلند میکنه و خیلی سبکه واقعا عالیه,0,false,2026-07-19T13:54:42.3203101+03:30,مثبت,0.91,محصول,محصول
ریمل حجم دهنده مدل Volume Act حجم 16 میلی لیتر,https://www.khanoumi.com/products/note-volume-act-mascara-19317,منم تازه خریدم اصلااااا راضی نیستم نخرید,0,false,2026-07-06T01:19:49.147789+03:30,خنثی,0.35,اصل بودن کالا,اصل بودن کالا
ریمل حجم دهنده مدل Volume Act حجم 16 میلی لیتر,https://www.khanoumi.com/products/note-volume-act-mascara-19317,من که راضی نیستم خیلی زود موادش خشک میشه پاک کردنش یکم مشکله زیاد هم حجیم و بلند نمیکنه,0,true,2026-06-09T15:49:03.7433455+03:30,منفی,0.67,محصول,محصول
ریمل حجم دهنده مدل Volume Act حجم 16 میلی لیتر,https://www.khanoumi.com/products/note-volume-act-mascara-19317,به نسبت قیمتش ریمل خوبی نبود انتظار بیشتری داشتم,0,true,2026-05-25T19:46:37.323282+03:30,منفی,0.67,محصول | قیمت,محصول
ریمل حجم دهنده مدل Volume Act حجم 16 میلی لیتر,https://www.khanoumi.com/products/note-volume-act-mascara-19317,ریمل مشکی و خوبیه،ولی موقع پاک کردن کل صورتو سیاه میکنه,0,true,2026-05-23T21:21:54.7770704+03:30,مثبت,0.67,محصول,محصول
ریمل حجم دهنده مدل Volume Act حجم 16 میلی لیتر,https://www.khanoumi.com/products/note-volume-act-mascara-19317,تو این رنج قیمت خوبه میرزه بلند هم میکنه تا حدودی,0,true,2026-05-22T23:41:16.1293858+03:30,مثبت,0.79,قیمت,قیمت
ریمل حجم دهنده مدل Volume Act حجم 16 میلی لیتر,https://www.khanoumi.com/products/note-volume-act-mascara-19317,با توجه به قیمتش ارزش خرید نداره دیگه با این قیمت میشه ریمل های بهتری خرید، چون ریزش داره و زیر چشم رو سیاه میکنه,0,false,2026-05-12T08:36:27.9937346+03:30,منفی,0.67,قیمت,قیمت
ریمل حجم دهنده مدل Volume Act حجم 16 میلی لیتر,https://www.khanoumi.com/products/note-volume-act-mascara-19317,ریزش زیادی داره بعد از چند ساعت کامل خورده هاش میریزه,0,false,2026-05-10T20:59:54.8371258+03:30,خنثی,0.35,سایر,سایر
ریمل حجم دهنده مدل Volume Act حجم 16 میلی لیتر,https://www.khanoumi.com/products/note-volume-act-mascara-19317,اصلن راضی نبودم,0,true,2026-05-05T08:50:13.0385037+03:30,منفی,0.79,محصول | اصل بودن کالا,اصل بودن کالا
ریمل حجم دهنده مدل Volume Act حجم 16 میلی لیتر,https://www.khanoumi.com/products/note-volume-act-mascara-19317,جوری که نوشتن حجم دهنده هست اصلا نیست فقط بلند میکنه و در کل ریمل معمولی هست اگه توقع انچنانی از یک ریمل دارید این و نخرید,0,true,2026-04-18T20:48:36.8810584+03:30,منفی,0.67,محصول | اصل بودن کالا,اصل بودن کالا
ریمل حجم دهنده مدل Volume Act حجم 16 میلی لیتر,https://www.khanoumi.com/products/note-volume-act-mascara-19317,"عالی 
بلند کننده و طبیعی",0,true,2026-04-03T02:00:49.5214075+03:30,مثبت,0.67,سایر,سایر
ریمل حجم دهنده مدل Volume Act حجم 16 میلی لیتر,https://www.khanoumi.com/products/note-volume-act-mascara-19317,عاااالیه,0,false,2026-03-31T01:13:08.467582+03:30,خنثی,0.35,سایر,سایر
ریمل حجم دهنده مدل Volume Act حجم 16 میلی لیتر,https://www.khanoumi.com/products/note-volume-act-mascara-19317,محصول خیلی خوبیه و واقعا ارزش خرید داره و مژه هارو عین سوسک به هم نمیچسبونه,0,false,2026-03-16T17:57:31.0934349+03:30,مثبت,0.91,محصول | قیمت,محصول
ریمل حجم دهنده مدل Volume Act حجم 16 میلی لیتر,https://www.khanoumi.com/products/note-volume-act-mascara-19317,خیلی خوبه مژه هارو بلند میکنه حجم خوبی داره,0,true,2026-03-14T21:11:07.6715472+03:30,مثبت,0.95,محصول,محصول
ریمل حجم دهنده مدل Volume Act حجم 16 میلی لیتر,https://www.khanoumi.com/products/note-volume-act-mascara-19317,خیلی خوبه هم مژه هارو مشکی میکنه هم بلند و حجیم,0,false,2026-01-30T16:43:19.8078584+03:30,مثبت,0.91,سایر,سایر
ریمل حجم دهنده مدل Volume Act حجم 16 میلی لیتر,https://www.khanoumi.com/products/note-volume-act-mascara-19317,سلام بنطرم خیلی خوبه,0,true,2026-01-15T17:18:46.4618848+03:30,مثبت,0.91,سایر,سایر
ریمل حجم دهنده مدل Volume Act حجم 16 میلی لیتر,https://www.khanoumi.com/products/note-volume-act-mascara-19317,بلند کنندگی خوبی داره ولی حجم دهی ضعیفی داره و ریزش نداره .حتی وقتی اب هم میخوره زیر چشم سیاه نمیشه و راحت شسته میشه .نظرم دررابطه با چسبندگی مژه ها هم اینه که مژه های من به هم نچسبید,0,true,2026-01-14T15:34:03.7998045+03:30,ترکیبی,0.71,محصول,محصول
ریمل حجم دهنده مدل Volume Act حجم 16 میلی لیتر,https://www.khanoumi.com/products/note-volume-act-mascara-19317,"اینایی که نوشتن حجم نمیده، توقعتون از ریمل چیه مگه؟
خیلی هم عااااالی حجم میده. و بلند می‌کنه
و کاملا مشکی هست
اصلا هم نمیریزه

من خیلی راضی بودم ازش",0,true,2026-01-04T13:21:57.7757435+03:30,خنثی,0.35,محصول | اصل بودن کالا,محصول
ریمل حجم دهنده مدل Volume Act حجم 16 میلی لیتر,https://www.khanoumi.com/products/note-volume-act-mascara-19317,خوب بود راضیم فقط بلندمیکنه پرکننده نیست,0,true,2025-11-29T15:35:03.228361+03:30,مثبت,0.95,محصول,محصول
ریمل حجم دهنده مدل Volume Act حجم 16 میلی لیتر,https://www.khanoumi.com/products/note-volume-act-mascara-19317,این ریمل در اوایل استفاده عین ریمل های فیک عمل می‌کنه اما بعد از مدتی که استفاده میکنی عاشقش میشی نمی دونم علتش اینه فرچه اوایل مقدار کمی ماده داره,0,true,2025-11-28T23:16:04.7003455+03:30,منفی,0.67,اصل بودن کالا,اصل بودن کالا
ریمل حجم دهنده مدل Volume Act حجم 16 میلی لیتر,https://www.khanoumi.com/products/note-volume-act-mascara-19317,عالی روزای اول چون رقیق هست کم حجم ولی یکم که میمونه عالیه به همه توصیه میکنم,0,true,2025-11-28T11:01:30.5937771+03:30,مثبت,0.95,محصول,محصول
ریمل حجم دهنده مدل Volume Act حجم 16 میلی لیتر,https://www.khanoumi.com/products/note-volume-act-mascara-19317,حجم نمیده و میریزه,0,true,2025-11-28T01:23:35.9071806+03:30,خنثی,0.35,محصول,محصول
ریمل حجم دهنده مدل Volume Act حجم 16 میلی لیتر,https://www.khanoumi.com/products/note-volume-act-mascara-19317,من استفاده کردم خوب بود دوباره ام سفارش دادم,0,true,2025-11-19T11:49:07.0235197+03:30,مثبت,0.79,محصول,محصول
ریمل حجم دهنده مدل Volume Act حجم 16 میلی لیتر,https://www.khanoumi.com/products/note-volume-act-mascara-19317,حجم کمی داره و بعد از چند ساعت کمی می ریزه,0,true,2025-11-15T15:14:42.6411112+03:30,خنثی,0.35,محصول,محصول
ریمل حجم دهنده مدل Volume Act حجم 16 میلی لیتر,https://www.khanoumi.com/products/note-volume-act-mascara-19317,اصلا حجم دهی نداره و تعریفایی که ازش شده الکیه! مژه هارو به هم میچسبونه و حتی اونقدی مشکی هم نمیکنه دیگه نمیخرم ازش,0,false,2025-11-15T13:43:29.9746236+03:30,مثبت,0.67,محصول | اصل بودن کالا,محصول
ریمل حجم دهنده مدل Volume Act حجم 16 میلی لیتر,https://www.khanoumi.com/products/note-volume-act-mascara-19317,"من اولین بار بود از برند نوت ریمل گرفتم و با توجه به براش نسبتا بزرگ و پُرش مژه هارو واقعا مرتب در میاره خیلی شیک و یک دست مژه هارو بلند و پر میکنه 
توقع معجزه ازش نداشته باشین برای روزمره خوبه 
و من خیلی از اینکه مژه هارو الکی بلند و بهم چسبیده نمیکنه خوشم اومد",0,true,2025-11-11T16:17:32.3017636+03:30,مثبت,0.79,محصول,محصول
ریمل حجم دهنده مدل Volume Act حجم 16 میلی لیتر,https://www.khanoumi.com/products/note-volume-act-mascara-19317,اصلا به پولش نمیرزه. نه رنگ میده و نه بلند میکنه مژرو.,0,true,2025-11-09T12:47:38.1906121+03:30,مثبت,0.67,محصول | اصل بودن کالا,محصول
ریمل حجم دهنده مدل Volume Act حجم 16 میلی لیتر,https://www.khanoumi.com/products/note-volume-act-mascara-19317,با نظرات اینجا خریدمش، مشکی مشکی و پر مواد هست، من مژه هان خیلی بلند میخواشتم حجم بده ک آنطور م باید حجم نمیده بعم، ولی در کل خوبه,0,true,2025-11-08T15:21:15.9907769+03:30,ترکیبی,0.87,محصول,محصول
ریمل حجم دهنده مدل Volume Act حجم 16 میلی لیتر,https://www.khanoumi.com/products/note-volume-act-mascara-19317,خیلی خوبه زیر چشم نمیزیزه اصلا مژه ام دون دون میکنه,0,true,2025-11-07T08:17:42.330035+03:30,خنثی,0.35,اصل بودن کالا,اصل بودن کالا
ریمل حجم دهنده مدل Volume Act حجم 16 میلی لیتر,https://www.khanoumi.com/products/note-volume-act-mascara-19317,"خیلی ریمل خوب و عالی ای هست
حدود یکسال باهاش کار کردم حجم دهندگی خوبی داره و راضی بودم بعد یکسال تازه تموم شد.مجدد خرید کردم.",0,true,2025-10-31T13:00:33.8781024+03:30,مثبت,0.95,محصول,محصول
ریمل حجم دهنده مدل Volume Act حجم 16 میلی لیتر,https://www.khanoumi.com/products/note-volume-act-mascara-19317,"خیلی خوبه واقعا دوسش دارم 
مژه ها رو بلند و دونه دونه میکنه
خیلی وقته دارمش حجمش بالاست و خشک نشده اصلا",0,true,2025-10-27T10:13:33.3518166+03:30,مثبت,0.79,محصول | اصل بودن کالا,محصول
ریمل حجم دهنده مدل Volume Act حجم 16 میلی لیتر,https://www.khanoumi.com/products/note-volume-act-mascara-19317,من استفاده کردم واصلا راضی نبودم مژه ها به هم می‌چسبه وشکل بدی میگیره,0,true,2025-10-25T14:53:04.9077799+03:30,منفی,0.91,محصول | اصل بودن کالا,اصل بودن کالا
ریمل حجم دهنده مدل Volume Act حجم 16 میلی لیتر,https://www.khanoumi.com/products/note-volume-act-mascara-19317,بهترین ریمیل اصلا به هیچ عنوان زیر چشم نمیریزه من خودم چون خیلی حساسم رو این موضوع,0,false,2025-10-16T23:29:16.7514666+03:30,مثبت,0.79,محصول | اصل بودن کالا,محصول
ریمل حجم دهنده مدل Volume Act حجم 16 میلی لیتر,https://www.khanoumi.com/products/note-volume-act-mascara-19317,از خریدم راضیم,0,true,2025-10-15T19:19:09.5740712+03:30,مثبت,0.79,سایر,سایر
ریمل حجم دهنده مدل Volume Act حجم 16 میلی لیتر,https://www.khanoumi.com/products/note-volume-act-mascara-19317,خوب و با کیفیت. از خریدش راضی‌ام,0,true,2025-10-07T08:28:48.8768271+03:30,مثبت,0.79,محصول,محصول
ریمل حجم دهنده مدل Volume Act حجم 16 میلی لیتر,https://www.khanoumi.com/products/note-volume-act-mascara-19317,ریملش عالیه,0,true,2025-10-07T03:41:14.890654+03:30,مثبت,0.79,سایر,سایر
ریمل حجم دهنده مدل Volume Act حجم 16 میلی لیتر,https://www.khanoumi.com/products/note-volume-act-mascara-19317,ریمل خوب و با کیفیتیه,0,true,2025-09-28T14:24:11.2013119+03:30,مثبت,0.67,محصول,محصول
ریمل حجم دهنده مدل Volume Act حجم 16 میلی لیتر,https://www.khanoumi.com/products/note-volume-act-mascara-19317,با اختلاف، بهترین ریمل جهااان.,0,true,2025-09-18T01:16:31.1594759+03:30,مثبت,0.67,سایر,سایر
ریمل حجم دهنده مدل Volume Act حجم 16 میلی لیتر,https://www.khanoumi.com/products/note-volume-act-mascara-19317,خیلی راحت با آب شسته میشه. یه ریمل سبک و طبیعیه و بهم نمیچسبونه مژه هارو,0,true,2025-09-10T16:55:57.3018746+03:30,خنثی,0.35,محصول,محصول
ریمل حجم دهنده مدل Volume Act حجم 16 میلی لیتر,https://www.khanoumi.com/products/note-volume-act-mascara-19317,خیلی ریزش داره اصلا توصیه نمیکنم,0,true,2025-09-05T05:01:43.4781207+03:30,منفی,0.79,اصل بودن کالا,اصل بودن کالا
ریمل حجم دهنده مدل Volume Act حجم 16 میلی لیتر,https://www.khanoumi.com/products/note-volume-act-mascara-19317,باید دوبار پشت سر هم ریمل رو بزنید حجم مورد نظر رو ببینید,0,true,2025-09-04T15:25:18.4251487+03:30,خنثی,0.35,محصول,محصول
ریمل حجم دهنده مدل Volume Act حجم 16 میلی لیتر,https://www.khanoumi.com/products/note-volume-act-mascara-19317,نسبت به قیمتش اصلا حجم دهی نداره،به قیمتش نمیارزه,0,true,2025-06-14T12:24:49.6442134+00:00,مثبت,0.67,قیمت | محصول | اصل بودن کالا,قیمت
ریمل حجم دهنده مدل Volume Act حجم 16 میلی لیتر,https://www.khanoumi.com/products/note-volume-act-mascara-19317,"با توجه به این قیمت انتظار کیفیت خیلی بالاتری داشتم
البته زیر چشم ریزش نداره ولی حجم دهنگی آنچنانی نداره
کلا میشه با این قیمت ریمل های بهتری خرید",0,true,2025-06-10T19:00:11.9820634+00:00,خنثی,0.35,محصول | قیمت,محصول
ریمل حجم دهنده مدل Volume Act حجم 16 میلی لیتر,https://www.khanoumi.com/products/note-volume-act-mascara-19317,امروز به دستم رسید زیاد جالب نبود حجم نمی‌ده اصلا,0,false,2025-06-02T23:41:27.9339998+00:00,منفی,0.67,محصول | تحویل و ارسال | اصل بودن کالا,اصل بودن کالا
ریمل حجم دهنده مدل Volume Act حجم 16 میلی لیتر,https://www.khanoumi.com/products/note-volume-act-mascara-19317,حجم دهنده نیست، ریزش هم داره,0,false,2025-05-28T08:36:49.0432575+00:00,خنثی,0.35,محصول,محصول
ریمل حجم دهنده مدل Volume Act حجم 16 میلی لیتر,https://www.khanoumi.com/products/note-volume-act-mascara-19317,کیفیت خیلی خوب. مژه ها رو بلند می کنه و رنگش خیلی مشکیه. زیر چشم پخش نمیشه و موقع شستن خیلی راحت شسته میشه.,0,true,2025-05-09T21:26:17.4383382+00:00,مثبت,0.79,محصول,محصول
ریمل حجم دهنده مدل Volume Act حجم 16 میلی لیتر,https://www.khanoumi.com/products/note-volume-act-mascara-19317,سلام. سفارش من الان رسید خیلی عالی بود. واقعا به موقع و آن تایم هستید. گفته بودید سفارش پونزدهم تا هفدهم میرسه دقیقا امروز شونزدهمه. عالی. کیفیت و همه چی عالی ممنونم ازتون,0,false,2025-05-06T14:05:22.0925006+00:00,مثبت,0.95,محصول | تحویل و ارسال,محصول
ریمل حجم دهنده مدل Volume Act حجم 16 میلی لیتر,https://www.khanoumi.com/products/note-volume-act-mascara-19317,پیشنهاد نمیکنم ، موادش واقعا حجم دهنده نیست,0,false,2025-05-02T16:42:38.0894965+00:00,منفی,0.67,محصول,محصول
ریمل حجم دهنده مدل Volume Act حجم 16 میلی لیتر,https://www.khanoumi.com/products/note-volume-act-mascara-19317,بشدت عالیه پیشنهاد میکنم ارزش خرید داره قشنگ مژه ها را بلند و حجیم میکنه رنگ مشکی فوق العاده داره حساسیت نمیده دیگه فقط همین مدل میگیرم,0,true,2025-04-22T20:27:55.221029+00:00,مثبت,0.95,محصول | قیمت,محصول
ریمل حجم دهنده مدل Volume Act حجم 16 میلی لیتر,https://www.khanoumi.com/products/note-volume-act-mascara-19317,افتضاح ن بلند میکنه ن حجم میده نسبت به قیمت اصلا نمی ارزه,0,true,2025-04-16T15:36:02.0231083+00:00,منفی,0.79,محصول | اصل بودن کالا | قیمت,اصل بودن کالا
ریمل حجم دهنده مدل Volume Act حجم 16 میلی لیتر,https://www.khanoumi.com/products/note-volume-act-mascara-19317,"به نظر من خیلی خوب بود
با این که حجم دهنده بود مژه های منو بلند هم کرد
راضی بودم",0,true,2025-04-16T11:38:09.1165592+00:00,مثبت,0.95,محصول,محصول
ریمل حجم دهنده مدل Volume Act حجم 16 میلی لیتر,https://www.khanoumi.com/products/note-volume-act-mascara-19317,در حدی که مژه خودتون فقط یه کم مشکی تر کنه حرفه ای هست .انتظار دیگه ای ازش نداشته باشید.کالیستا خیلی بهتر از اینه.,0,true,2025-04-07T06:03:34.1712588+00:00,خنثی,0.35,سایر,سایر
ریمل حجم دهنده مدل Volume Act حجم 16 میلی لیتر,https://www.khanoumi.com/products/note-volume-act-mascara-19317,اصلا خوب نیست,0,false,2025-03-27T07:44:01.9151735+00:00,منفی,0.79,اصل بودن کالا,اصل بودن کالا
ریمل حجم دهنده مدل Volume Act حجم 16 میلی لیتر,https://www.khanoumi.com/products/note-volume-act-mascara-19317,من خیلی ازش راضیم,0,true,2025-03-26T08:02:25.1995575+00:00,مثبت,0.79,سایر,سایر
ریمل حجم دهنده مدل Volume Act حجم 16 میلی لیتر,https://www.khanoumi.com/products/note-volume-act-mascara-19317,اصلا راضی نیستم فقط مژه هارو بلند میکنه وزیر چشم میریزه افتضاحه,0,true,2025-03-15T00:13:41.3036439+00:00,منفی,0.91,اصل بودن کالا,اصل بودن کالا
ریمل حجم دهنده مدل Volume Act حجم 16 میلی لیتر,https://www.khanoumi.com/products/note-volume-act-mascara-19317,حجم که نمیده هیچ، حالت مژه هارو هم از بین میبره.. ولی سیاه میکنه اما میشه یه مژه سیاه خیس بد حالت..,0,true,2025-02-25T09:09:44.0961781+00:00,منفی,0.67,محصول,محصول
ریمل حجم دهنده مدل Volume Act حجم 16 میلی لیتر,https://www.khanoumi.com/products/note-volume-act-mascara-19317,تا به حال ریمل به این مزخرفی نخریده بودم,0,true,2025-02-21T20:49:24.4387309+00:00,خنثی,0.35,محصول,محصول
ریمل حجم دهنده مدل Volume Act حجم 16 میلی لیتر,https://www.khanoumi.com/products/note-volume-act-mascara-19317,اصلا راضی نبودم حجم نمیده فقط سیاهه .,0,true,2025-01-31T15:40:04.7165884+00:00,منفی,0.79,محصول | اصل بودن کالا,اصل بودن کالا
ریمل حجم دهنده مدل Volume Act حجم 16 میلی لیتر,https://www.khanoumi.com/products/note-volume-act-mascara-19317,مژه ها رو سیاه می کنه،ولی ایردش اینه که بعد از چند ساعت دو چشم رو سیاه می کنه،وموقع شستن دو چشم رو سیاه می کنه,0,true,2025-01-30T23:20:03.132715+00:00,خنثی,0.35,محصول,محصول
ریمل حجم دهنده مدل Volume Act حجم 16 میلی لیتر,https://www.khanoumi.com/products/note-volume-act-mascara-19317,خوب نیست گول ظاهرشو نخورید دوستان ، با توجه به بقیه ریمل ها تو رنج قیمت خیلی پایین تر این ریمل اصلا مقرون بصرفه و خوب نیست.,0,true,2025-01-27T11:45:17.3180625+00:00,منفی,0.67,اصل بودن کالا | قیمت,اصل بودن کالا
ریمل حجم دهنده مدل Volume Act حجم 16 میلی لیتر,https://www.khanoumi.com/products/note-volume-act-mascara-19317,حجم دهنده نیست زیاد ولی بلندکننده مژه انکار هیت حس سبکی داره ولی وقتی میشوری پای چشم ها سیاه سیاه میشه دوستان گفتن سیاه نمیشه تعجب کردم,0,true,2025-01-24T07:54:11.928019+00:00,خنثی,0.35,محصول,محصول
ریمل حجم دهنده مدل Volume Act حجم 16 میلی لیتر,https://www.khanoumi.com/products/note-volume-act-mascara-19317,"خریدم اما پشیمون شدم زیر چشم رو سیاه می‌کنه، حس بدی دست میده به آدم 
همینطور موقع شستن اصلا ضد آب نیست افتضاحه",0,true,2025-01-21T16:23:08.9708386+00:00,منفی,0.79,محصول | اصل بودن کالا,اصل بودن کالا
ریمل حجم دهنده مدل Volume Act حجم 16 میلی لیتر,https://www.khanoumi.com/products/note-volume-act-mascara-19317,"اصلا خوب نبود و وقتی به دستم رسید خورد تو ذوقم. 
موا داخلش انگار که خشک شده بود. باید دو یا سه بار بزنم تا درست مژه رو پررنگ کنه.
اصلا راضی نبودم و دیگه نمیخرمش. انگار که اخرای انقضاء این محصول بود که با تخفیف بالا فروخته شد و اصلا ارزشش رو نداشت.",0,true,2025-01-21T08:16:43.3117806+00:00,منفی,0.67,محصول | اصل بودن کالا | تحویل و ارسال | قیمت,اصل بودن کالا
ریمل حجم دهنده مدل Volume Act حجم 16 میلی لیتر,https://www.khanoumi.com/products/note-volume-act-mascara-19317,اصلا خوب نیست.,0,false,2025-01-18T20:49:29.3803904+00:00,منفی,0.79,اصل بودن کالا,اصل بودن کالا
ریمل حجم دهنده مدل Volume Act حجم 16 میلی لیتر,https://www.khanoumi.com/products/note-volume-act-mascara-19317,اصلا حالت دهندگی و حجم دهندگی ندارههههه,0,false,2025-01-16T17:50:26.7950375+00:00,مثبت,0.67,محصول | اصل بودن کالا,محصول
ریمل حجم دهنده مدل Volume Act حجم 16 میلی لیتر,https://www.khanoumi.com/products/note-volume-act-mascara-19317,به هیچ عنوان نمیشه گفت این ریمل حجم دهنده س این ریمل فقط مزیتش خیلی مشکی بودنشه وگرنه دریغ از یه اپسیلون حجم,0,false,2025-01-16T13:11:29.2979428+00:00,خنثی,0.35,محصول,محصول
ریمل حجم دهنده مدل Volume Act حجم 16 میلی لیتر,https://www.khanoumi.com/products/note-volume-act-mascara-19317,من خریدم اما راضی نبودم اصلا حجمی به مژه ها نمیده و بدتر مژه هارو کم حجم نشون میده اما به راحتی تمیز میشه و زیرچشم نمیریزه و زیر چشم رو سیاه نمیکنه,0,true,2025-01-13T15:42:56.2494338+00:00,منفی,0.67,محصول | اصل بودن کالا,اصل بودن کالا
ریمل حجم دهنده مدل Volume Act حجم 16 میلی لیتر,https://www.khanoumi.com/products/note-volume-act-mascara-19317,فقط میتونم بگم افتضاحه,0,true,2025-01-08T11:17:05.2486159+00:00,منفی,0.67,سایر,سایر
ریمل حجم دهنده مدل Volume Act حجم 16 میلی لیتر,https://www.khanoumi.com/products/note-volume-act-mascara-19317,متاسفانه هیچ حجمی به مژه نمیده و حتی توی حالت دادن به مژه ضعیف هست.به طور کلی من خرید این ریمل رو اصلا توصیه نمیکنم.توی این قیمت ریمل های خیلی بهتری میتونید تهیه کنید,0,true,2025-01-05T14:16:36.900651+00:00,منفی,0.95,محصول | اصل بودن کالا | قیمت,اصل بودن کالا
ریمل حجم دهنده مدل Volume Act حجم 16 میلی لیتر,https://www.khanoumi.com/products/note-volume-act-mascara-19317,بدترین ریملیه ک خریدم,0,true,2025-01-04T05:43:21.9317358+00:00,منفی,0.79,سایر,سایر
ریمل حجم دهنده مدل Volume Act حجم 16 میلی لیتر,https://www.khanoumi.com/products/note-volume-act-mascara-19317,به هیچ عنوان راضی نیستم اصلا اصلا ریمل خوبی نیست حجم نمیده و به هیچ عنوان حالت نمیده فاجعه,0,false,2025-01-02T20:44:53.8287332+00:00,منفی,0.95,اصل بودن کالا | محصول,اصل بودن کالا
ریمل حجم دهنده مدل Volume Act حجم 16 میلی لیتر,https://www.khanoumi.com/products/note-volume-act-mascara-19317,این ریمل اصلا خوب نیست و به هیچ عنوان حجم نمی‌ده یه کم فقط بلند می‌کنه، حس می‌کنم پولم رو ریختم تو جوب,0,true,2024-12-30T05:25:59.6917749+00:00,منفی,0.79,محصول | اصل بودن کالا,اصل بودن کالا
ریمل حجم دهنده مدل Volume Act حجم 16 میلی لیتر,https://www.khanoumi.com/products/note-volume-act-mascara-19317,ریمل خوبیه اما حجم دهنده نیست بهتره بگیم بلند کننده ست کلا. و وقتی شسته میشه خیلی بدجور سیاه نمیشه راحت شسته میشه. و انگار بعد از یکی دو ساعت مژه هات یکم معمولی میشه.,0,true,2024-12-20T23:25:51.7764697+00:00,مثبت,0.79,محصول,محصول
ریمل حجم دهنده مدل Volume Act حجم 16 میلی لیتر,https://www.khanoumi.com/products/note-volume-act-mascara-19317,"من چند ماهه دارم 
گلوله گلوله میشه 
مژه هارو میچسبونه 
مزیتاش 
با آب راحت شسته میشه 
حس سنگینی نداره",0,true,2024-12-18T08:54:20.454342+00:00,خنثی,0.35,محصول,محصول
ریمل حجم دهنده مدل Volume Act حجم 16 میلی لیتر,https://www.khanoumi.com/products/note-volume-act-mascara-19317,ریمل بدی نیست ولی اینجوری که نوشته حجم دهنده و حرفه ای و چنین تعریف هایی خب نبود  واقعا یکم زیادی ازش تعریف شده مثبت به مدل معمولی از یک ریمل یه ذره بهتره همین ریزش هم داره زیر چشم,0,true,2024-12-16T17:36:58.7632169+00:00,مثبت,0.67,محصول,محصول
ریمل حجم دهنده مدل Volume Act حجم 16 میلی لیتر,https://www.khanoumi.com/products/note-volume-act-mascara-19317,اصلا حجم‌دهنده نیست فقط کمی مژه رو بلند میکنه. انتظار بهتری داشتم ولی پشیمونم از خریدش.,0,true,2024-12-15T11:58:21.0010896+00:00,ترکیبی,0.79,محصول | اصل بودن کالا,محصول
ریمل حجم دهنده مدل Volume Act حجم 16 میلی لیتر,https://www.khanoumi.com/products/note-volume-act-mascara-19317,"خیلی راضیم ازش 
جز بهترین ریملایی که داشتمه",0,true,2024-12-12T18:13:39.4482175+00:00,مثبت,0.91,سایر,سایر
ریمل حجم دهنده مدل Volume Act حجم 16 میلی لیتر,https://www.khanoumi.com/products/note-volume-act-mascara-19317,عجیبه تمام نظرات میگن خوب نیست و مژه هارو بهم میچسبونه! ولی برای من نه تنها مژه هارو بلند کرد و حجم داد بلکه نچسبوند! و اصلا هم نمیریزه تا چندین ساعت تکون نمیخوره! من که راضی ام!,0,true,2024-12-07T13:50:39.0771907+00:00,خنثی,0.35,محصول | اصل بودن کالا,محصول
ریمل حجم دهنده مدل Volume Act حجم 16 میلی لیتر,https://www.khanoumi.com/products/note-volume-act-mascara-19317,من امروز به دستم رسید ریمل خوبیه راضیم,0,true,2024-12-05T18:28:36.8578411+00:00,مثبت,0.91,تحویل و ارسال,تحویل و ارسال
ریمل حجم دهنده مدل Volume Act حجم 16 میلی لیتر,https://www.khanoumi.com/products/note-volume-act-mascara-19317,اصلا ریمیل خوبی نیست، چشم رو میسوزونه,0,true,2024-12-04T11:53:51.3510536+00:00,خنثی,0.35,اصل بودن کالا,اصل بودن کالا
ریمل حجم دهنده مدل Volume Act حجم 16 میلی لیتر,https://www.khanoumi.com/products/note-volume-act-mascara-19317,اصلا ریمل خوبی نیست نه حجم دهی داره نه بلندکنندگی فقط مژه هارو بهم میچسبونه,0,false,2024-12-01T21:26:40.0606223+00:00,خنثی,0.35,محصول | اصل بودن کالا,محصول
ریمل حجم دهنده مدل Volume Act حجم 16 میلی لیتر,https://www.khanoumi.com/products/note-volume-act-mascara-19317,"خوبه به نسبت 
مژه هارو بلند میکنه ولی اصلا حجم نمیده برای استفاده روزمره بد نیست",0,true,2024-11-28T11:21:26.1294361+00:00,مثبت,0.79,محصول | اصل بودن کالا,محصول
ریمل حجم دهنده مدل Volume Act حجم 16 میلی لیتر,https://www.khanoumi.com/products/note-volume-act-mascara-19317,"ریمل خوبی نیست دوستان
مزه هارو بهم میچسبونه و فقط بلند میکنه",0,true,2024-11-27T18:35:05.2133006+00:00,منفی,0.67,محصول,محصول
ریمل حجم دهنده مدل Volume Act حجم 16 میلی لیتر,https://www.khanoumi.com/products/note-volume-act-mascara-19317,اصلا ریمل خوبی نیس وبر خلاف توضیحاتش که گفته حجم میده اصلا حجمی نمیده و مژه ها رو فقط پر رنگ میکنه.من اصلا راضی نبودم و پیشنهاد نمیدم,0,true,2024-11-26T17:57:19.0225137+00:00,منفی,0.79,محصول | اصل بودن کالا,اصل بودن کالا
ریمل حجم دهنده مدل Volume Act حجم 16 میلی لیتر,https://www.khanoumi.com/products/note-volume-act-mascara-19317,راضی نیستم اصلا حجم نمیده و مژه ها بهم میچسبن,0,true,2024-11-26T06:08:36.2362916+00:00,منفی,0.79,محصول | اصل بودن کالا,اصل بودن کالا
ریمل حجم دهنده مدل Volume Act حجم 16 میلی لیتر,https://www.khanoumi.com/products/note-volume-act-mascara-19317,ریمل خوبیه سبک هست,0,true,2024-11-17T20:22:03.2576908+00:00,مثبت,0.67,سایر,سایر
ریمل حجم دهنده مدل Volume Act حجم 16 میلی لیتر,https://www.khanoumi.com/products/note-volume-act-mascara-19317,"من استفاده کردم دور چشمم نریخت 
راضی ام",0,true,2024-11-11T13:47:30.5226248+00:00,مثبت,0.79,سایر,سایر
ریمل حجم دهنده مدل Volume Act حجم 16 میلی لیتر,https://www.khanoumi.com/products/note-volume-act-mascara-19317,راضی نیستم,0,false,2024-11-02T10:37:02.6042104+00:00,منفی,0.67,سایر,سایر
ریمل حجم دهنده مدل Volume Act حجم 16 میلی لیتر,https://www.khanoumi.com/products/note-volume-act-mascara-19317,من چهار ماهه این ریمل رو تهیه کردم ، بسیار عالیه، خیلی سبکه، اصلا روی چشم احساس نمیشه، حس سنگینی نمیده، به هیچ عنوان زیر چشم نمیریزه، من از خانومی نخریدم از نمایندگی نوت جزیره کیش خریدم. خیلی پره و مشکی,0,false,2024-10-30T04:19:11.0973001+00:00,مثبت,0.91,اصل بودن کالا,اصل بودن کالا
ریمل حجم دهنده مدل Volume Act حجم 16 میلی لیتر,https://www.khanoumi.com/products/note-volume-act-mascara-19317,سلام منم تازه خریدم احساس می کردم خیلی بهتر باشه من دوستش ندارم,0,true,2024-10-28T09:15:04.6082878+00:00,خنثی,0.35,سایر,سایر
ریمل حجم دهنده مدل Volume Act حجم 16 میلی لیتر,https://www.khanoumi.com/products/note-volume-act-mascara-19317,اصلا انتظارم برآورده نشد ‌و خوشم نیومد خیلی ریمل ضعیفی بود,0,true,2024-10-24T20:31:29.5089727+00:00,ترکیبی,0.66,محصول | اصل بودن کالا,محصول
ریمل حجم دهنده مدل Volume Act حجم 16 میلی لیتر,https://www.khanoumi.com/products/note-volume-act-mascara-19317,من خیلی دوسش دارم،و نکته خیلی خوبی که داره اینه که،اصلا اصلا اصلا روی مژه حسش نمیکنید،با اینکه مژه رو پر و بلند میکنه.,0,true,2024-10-16T15:18:07.2243746+00:00,مثبت,0.95,اصل بودن کالا,اصل بودن کالا
ریمل حجم دهنده مدل Volume Act حجم 16 میلی لیتر,https://www.khanoumi.com/products/note-volume-act-mascara-19317,بد نیست,0,true,2024-10-03T14:49:06.3184014+00:00,مثبت,0.67,سایر,سایر
ریمل حجم دهنده مدل Volume Act حجم 16 میلی لیتر,https://www.khanoumi.com/products/note-volume-act-mascara-19317, خیلی بعد از مدتی میریزه و زیر چشم رو سیاه میکنه واقعا نسبت به قیمتش نمی ارزه من ریمل بنفش کاپیتان رو دارم نصف این قیمت داره ولی ماندگاری خیلی بیشتر از اینه,0,false,2024-09-16T17:25:33+00:00,خنثی,0.35,قیمت | محصول,قیمت
ریمل حجم دهنده مدل Volume Act حجم 16 میلی لیتر,https://www.khanoumi.com/products/note-volume-act-mascara-19317,"یک ریمل مناسب روزمره 
بلند کننده فوق العاده 
اما حجم دهی نداره به اون صورت
",0,true,2024-09-13T01:40:46+00:00,مثبت,0.67,محصول,محصول
‫پالت سایه چشم 4 عددی,https://www.khanoumi.com/products/note-luminous-silk-quattro-eyeshadow-19318,من میگم اولین ویژگی مثبتی که سایه چشم باید داشته باشه، ماندگاری اونه. این که بتونه بدون پخش شدن و یا ماسیدگی مدت زمان طولانی روی پلک باقی بمونه. و سایه چشم گلدن رز، دقیقا همین ویژگی رو داره. علاوه بر این، فرمولاسیون بسیار خوبی داره و اصلا موجب ایجاد حساسیت نمیشه. رنگهای پرکاربردی هم داره و به راحتی همه می تونن استفاده کنن.,4,false,2022-10-01T16:07:12+00:00,ترکیبی,0.79,محصول | اصل بودن کالا,محصول
‫پالت سایه چشم 4 عددی,https://www.khanoumi.com/products/note-luminous-silk-quattro-eyeshadow-19318,عالیه اصلا ریزش نداره,0,false,2020-09-09T22:34:13+00:00,مثبت,0.67,اصل بودن کالا,اصل بودن کالا
‫پالت سایه چشم 4 عددی,https://www.khanoumi.com/products/note-luminous-silk-quattro-eyeshadow-19318,پیگمنت خوبی داره. من شماره ۰۲ رو دارم رنگهای قشنگی داره بخصوص رنگ صورتیش.,2,false,2019-09-29T03:01:15+00:00,مثبت,0.67,محصول,محصول
‫پالت سایه چشم 4 عددی,https://www.khanoumi.com/products/note-luminous-silk-quattro-eyeshadow-19318,"عاااالیه
حرف نداره
واقعا راضی ام
هم کیفیت خوب 
هم اینکه عکس با رنگ واقعی کاملا هماهنگ بود
ممنون",6,true,2019-09-13T20:52:13+00:00,مثبت,0.67,محصول,محصول
‫پالت سایه چشم 4 عددی,https://www.khanoumi.com/products/note-luminous-silk-quattro-eyeshadow-19318,رنگ سایه واقعی یعنی همین شماره 1 با عکس سایت فرق داره به نظرم. ولی در کل ماندگاری خوبی داره و رضایت بخش هست,0,true,2019-08-18T02:52:53.3266667+00:00,مثبت,0.67,محصول,محصول
‫پالت سایه چشم 4 عددی,https://www.khanoumi.com/products/note-luminous-silk-quattro-eyeshadow-19318,من این پالت خریدم ولی متاسفانه رنگش از عکس تیره تر بود!,3,true,2018-10-16T16:00:01.2566667+00:00,منفی,0.67,محصول,محصول
‫پالت سایه چشم 4 عددی,https://www.khanoumi.com/products/note-luminous-silk-quattro-eyeshadow-19318,این سایه شاین هست واسه هایلایتر هم می شه استفاده کرد,11,true,2018-03-09T22:31:37.4433333+00:00,خنثی,0.35,سایر,سایر
‫پالت سایه چشم 4 عددی,https://www.khanoumi.com/products/note-luminous-silk-quattro-eyeshadow-19318,شااااانس لطفااا 03عالیه😻🙈,4,false,2018-03-02T13:32:36.9966667+00:00,مثبت,0.79,سایر,سایر
‫پالت سایه چشم 4 عددی,https://www.khanoumi.com/products/note-luminous-silk-quattro-eyeshadow-19318,"سلام
ببخشید شاین هستن همه اشون یا مات؟",4,true,2018-02-20T02:17:17.3366667+00:00,خنثی,0.35,سایر,سایر
‫سایه چشم ابریشمی تکی,https://www.khanoumi.com/products/note-luminous-silk-mono-eyeshadow-19319,من مشکی شو سفارش دادم پیکمنتش خوبه و پکیجینگ خیلی خوبی داره ولی خوب ماندگاریش متوسطه در کل راضی ام ازش مرسی از خانومی,0,true,2026-07-14T16:02:46.8213973+03:30,مثبت,0.95,محصول | تحویل و ارسال,محصول
‫سایه چشم ابریشمی تکی,https://www.khanoumi.com/products/note-luminous-silk-mono-eyeshadow-19319,اصلا پیگمنتش بالا نیست و یه هاله مشکی هست ممنون میشم با نظرات اشتباه و دروغ مردم را گمراه نکنید,0,true,2026-06-27T14:23:50.1330074+03:30,مثبت,0.79,اصل بودن کالا,اصل بودن کالا
‫سایه چشم ابریشمی تکی,https://www.khanoumi.com/products/note-luminous-silk-mono-eyeshadow-19319,تو توضیحات نوشته که برس مخصوص براتون ارسال میشه ولی اینطور نیست,0,true,2026-05-23T10:22:08.8490009+03:30,خنثی,0.35,تحویل و ارسال,تحویل و ارسال
‫سایه چشم ابریشمی تکی,https://www.khanoumi.com/products/note-luminous-silk-mono-eyeshadow-19319,"رنگ01دارم . داخل‌عکس‌ کرمی‌روشن‌پودریه
اما درواقعیت‌‌رنگش‌سفیدشاین‌ریز بافت‌نرم‌ .
آینه‌بزرگ‌داره‌حجمش‌نسبت‌به‌بقیه‌سایه‌تکی‌هازیاده .‌بقیه‌پلت‌های‌نوت‌‌گرفتم بدون‌بو هستند اما تکی‌ها بوی‌لوازم‌آرایشی‌وروغن‌ میده .",0,false,2026-05-15T01:21:20.3041825+03:30,منفی,0.67,محصول,محصول
‫سایه چشم ابریشمی تکی,https://www.khanoumi.com/products/note-luminous-silk-mono-eyeshadow-19319,رنگ 04 اصلا سورمه ای نیست دوستان مشکی خاکستری هست خیلی هم خوشرنگه,0,true,2026-04-10T09:22:30.8910385+03:30,مثبت,0.67,محصول | اصل بودن کالا,محصول
‫سایه چشم ابریشمی تکی,https://www.khanoumi.com/products/note-luminous-silk-mono-eyeshadow-19319,من که خیلییی راضی ام,0,false,2026-03-11T20:16:56.738903+03:30,مثبت,0.79,سایر,سایر
‫سایه چشم ابریشمی تکی,https://www.khanoumi.com/products/note-luminous-silk-mono-eyeshadow-19319,دوستان نوت ترکیه ای هست . ایرانی نیست,0,false,2026-02-01T00:07:52.8248038+03:30,خنثی,0.35,سایر,سایر
‫سایه چشم ابریشمی تکی,https://www.khanoumi.com/products/note-luminous-silk-mono-eyeshadow-19319,رنگ 12 مشکی هست؟؟,0,false,2026-01-23T23:03:55.7368236+03:30,خنثی,0.35,محصول,محصول
‫سایه چشم ابریشمی تکی,https://www.khanoumi.com/products/note-luminous-silk-mono-eyeshadow-19319,رنگ 01 تهیه کردم خیلی بسته بندی عالی داره تو کیف جا میشه راحت مامدگاریش هم بی نظیره فقط یه شاین ریز داره که اگه نبود دیگه فوق العاده میشد,0,true,2026-01-16T10:24:28.482853+03:30,خنثی,0.35,تحویل و ارسال | محصول,تحویل و ارسال
‫سایه چشم ابریشمی تکی,https://www.khanoumi.com/products/note-luminous-silk-mono-eyeshadow-19319,سایه خوبیه .پیگمنتش خوبه .,0,true,2025-08-27T14:46:32.5802924+00:00,مثبت,0.91,سایر,سایر
‫سایه چشم ابریشمی تکی,https://www.khanoumi.com/products/note-luminous-silk-mono-eyeshadow-19319,سلام عزیزان رنگ 09 به رنگ صورتی میخوره؟,0,false,2025-05-04T12:19:22.058115+00:00,خنثی,0.35,محصول,محصول
‫سایه چشم ابریشمی تکی,https://www.khanoumi.com/products/note-luminous-silk-mono-eyeshadow-19319,"ریزش نداره
با انگشت بهتر پشت چشم بلند میشه
رنگشم دوست داشتم شماره 07 رو گرفتم
اما خیلییی شاینی نیست",0,true,2025-02-02T14:32:33.7463486+00:00,مثبت,0.67,محصول,محصول
‫سایه چشم ابریشمی تکی,https://www.khanoumi.com/products/note-luminous-silk-mono-eyeshadow-19319,سایه نوت یکی از بهترین سایه های ایرانی بود که استفاده کردم. رنگبندی عالی داشت. و به راحتی پخش شد. باید به این نکته هم اشاره کنم که طولانی مدت روی پلک باقی می مونه و اصلا ریزش هم نداره. به راحتی هم توی کیف آرایش جا میشه.,0,false,2023-04-03T22:55:37+00:00,مثبت,0.91,محصول | اصل بودن کالا,محصول
‫سایه چشم ابریشمی تکی,https://www.khanoumi.com/products/note-luminous-silk-mono-eyeshadow-19319,سلام،من شماره 18 رو گرفتم،جنسش عالیه،براق،الان میخوام رنگروشن بگیرم،13 رنگ روشنه؟ و اینکه 1 و 2 هم براق و ابریشمی هستن یا حالت پودری دارن؟,0,true,2023-01-16T14:54:35+00:00,مثبت,0.79,محصول,محصول
‫سایه چشم ابریشمی تکی,https://www.khanoumi.com/products/note-luminous-silk-mono-eyeshadow-19319,همه رنگاش خیلی قشنگه. بافت نرمی داره و پیگمنتش هم خیلی خوب هست. ماندگاری نسبتا خوبی هم داره. بهتون پیشنهاد می کنم حتما اینکارو تهیه کنید و از کیفیت بی نظیرش لذت ببرید. ,0,false,2022-11-26T16:35:11+00:00,مثبت,0.95,محصول,محصول
‫سایه چشم ابریشمی تکی,https://www.khanoumi.com/products/note-luminous-silk-mono-eyeshadow-19319,بسیار خوشرنگ و زیبا بافت نرم و پیگمنت عالی و تاریخ انقضای بالایی ام داشت ,2,true,2021-09-26T12:04:49+00:00,مثبت,0.67,محصول,محصول
‫سایه چشم ابریشمی تکی,https://www.khanoumi.com/products/note-luminous-silk-mono-eyeshadow-19319,خیلی خوبه و ماندگاریه بالایی داره...من رنگ ۰۸ رو برای ابرو استفاده میکنم و خیلییی راضیم,4,true,2020-11-08T12:59:03+00:00,مثبت,0.95,محصول,محصول
‫سایه چشم ابریشمی تکی,https://www.khanoumi.com/products/note-luminous-silk-mono-eyeshadow-19319,چرا باز میشه تخفیف نداره؟؟؟,9,false,2018-11-24T11:42:18.54+00:00,خنثی,0.35,قیمت,قیمت
‫سایه چشم ابریشمی تکی,https://www.khanoumi.com/products/note-luminous-silk-mono-eyeshadow-19319,چرا تولیست آفرا هست ولی بازش که میکنم همچن قیمت اصلیه فقط؟!!,19,true,2018-11-20T20:08:23.98+00:00,مثبت,0.67,اصل بودن کالا | قیمت,اصل بودن کالا
‫سایه چشم ابریشمی تکی,https://www.khanoumi.com/products/note-luminous-silk-mono-eyeshadow-19319,"سارا جان
شماره 04 به رنگ سرمه ای می باشد
",4,false,2018-05-14T13:12:36.98+00:00,خنثی,0.35,محصول,محصول
‫سایه چشم ابریشمی تکی,https://www.khanoumi.com/products/note-luminous-silk-mono-eyeshadow-19319,شماره 04 مشکی یا سورمیه ای هستش ؟,0,false,2018-05-12T23:04:44.9266667+00:00,خنثی,0.35,سایر,سایر
‫سایه چشم ابریشمی تکی,https://www.khanoumi.com/products/note-luminous-silk-mono-eyeshadow-19319,عالی,4,false,2018-04-15T01:34:59.23+00:00,مثبت,0.67,سایر,سایر
‫پالت سایه چشم Professional,https://www.khanoumi.com/products/note-professional-eyeshadow-19320,من‌105تهیه‌کردم .طیف‌رنگیش‌خیلی زیباست. بو بد نمیده .,0,true,2026-04-17T00:22:11.7808558+03:30,مثبت,0.67,محصول,محصول
‫پالت سایه چشم Professional,https://www.khanoumi.com/products/note-professional-eyeshadow-19320,"شماره 104 رو توی تخفیف سفارش دادم عالیه
پیگمنت عالی 
فقط براشش جالب نیس باید تهیه کنید",0,true,2026-03-15T14:49:35.004421+03:30,مثبت,0.91,قیمت,قیمت
‫پالت سایه چشم Professional,https://www.khanoumi.com/products/note-professional-eyeshadow-19320,"بافت نرم و سبکی داره 
پیگمنتش عالیه
از تست رنگبندیش عکس گذاشتم تا بقیه بتونن بهتر انتخاب بکنن
من برای روزمره گرفتم و فعلا روی چشمم تستش نکردم ولی تا اینجای کار عالی بوده ممنونم",0,true,2026-02-19T14:39:46.0345396+03:30,مثبت,0.95,محصول,محصول
‫پالت سایه چشم Professional,https://www.khanoumi.com/products/note-professional-eyeshadow-19320,۱۰۵ عالیه,2,false,2020-04-29T01:45:49+00:00,مثبت,0.79,سایر,سایر
‫پالت سایه چشم Professional,https://www.khanoumi.com/products/note-professional-eyeshadow-19320,پیگمنت خوبی داره. شماره ۱۰۵ عالیه.,5,false,2019-09-29T03:04:05+00:00,مثبت,0.91,سایر,سایر
‫پالت سایه چشم Professional,https://www.khanoumi.com/products/note-professional-eyeshadow-19320,"رنگاشو شارژ نمیکنید؟
",25,false,2018-05-25T21:51:15.7833333+00:00,خنثی,0.35,محصول,محصول
‫پالت سایه چشم Professional,https://www.khanoumi.com/products/note-professional-eyeshadow-19320,شاااانس لطفا شماره 105خیلیییی خوبه😻,22,false,2018-03-02T13:26:48.5033333+00:00,مثبت,0.79,سایر,سایر
‫پالت سایه چشم Professional,https://www.khanoumi.com/products/note-professional-eyeshadow-19320,پلت۱۰۴شارژکنیدلطفا🙏🏻,28,false,2018-02-18T11:21:57.2733333+00:00,خنثی,0.35,سایر,سایر
‫پالت سایه چشم Professional,https://www.khanoumi.com/products/note-professional-eyeshadow-19320,واقعا پلت شماره ١٠٤ رنگ هاش عاليه اميدوارم زودي موجود شه ,11,true,2018-02-08T23:12:37.7766667+00:00,مثبت,0.79,محصول,محصول
‫پالت سایه چشم Professional,https://www.khanoumi.com/products/note-professional-eyeshadow-19320,سلام ، پلت قهوه ای موجود نیست ؟ ,2,false,2018-02-06T18:23:46.63+00:00,خنثی,0.35,محصول,محصول
‫کانسیلر استیکی فاقد پارابن و رایحه,https://www.khanoumi.com/products/note-full-coverage-stick-concelear-19321,اصلا خوب نیست,0,false,2026-04-16T16:27:20.9870553+03:30,منفی,0.79,اصل بودن کالا,اصل بودن کالا
‫کانسیلر استیکی فاقد پارابن و رایحه,https://www.khanoumi.com/products/note-full-coverage-stick-concelear-19321,کانسیلر خوبیه ولی طولانی مدت زیر چشم رو خط میندازه و کاورش متوسطه,0,true,2026-04-02T01:09:56.261251+03:30,مثبت,0.67,سایر,سایر
‫کانسیلر استیکی فاقد پارابن و رایحه,https://www.khanoumi.com/products/note-full-coverage-stick-concelear-19321,میشه بگید حجمش چه قدر هست چند بار ازش استفاده کردید تا تموم شد,0,false,2026-03-04T13:20:12.3549733+03:30,خنثی,0.35,محصول,محصول
‫کانسیلر استیکی فاقد پارابن و رایحه,https://www.khanoumi.com/products/note-full-coverage-stick-concelear-19321,خیلی خشکه و خط میندازه کاپر پایینی داره,0,false,2026-02-12T15:08:16.1039404+03:30,خنثی,0.35,سایر,سایر
‫کانسیلر استیکی فاقد پارابن و رایحه,https://www.khanoumi.com/products/note-full-coverage-stick-concelear-19321,کانسیلر خوبیه ولی حتما زیرش باید آبرسان بزنید که درست فید شه،کاورشم در حد متوسطه,0,false,2025-10-26T12:18:03.4117009+03:30,مثبت,0.67,سایر,سایر
‫کانسیلر استیکی فاقد پارابن و رایحه,https://www.khanoumi.com/products/note-full-coverage-stick-concelear-19321,"خیلی خوب و طبیعیه و برعکس بقیه کانسیرلر های استیکی ل
اصلا چربیش زیاد نیست و راحت هم بلند میشه چه با دست چه با بیوتی بلندر",0,false,2025-01-21T17:35:29.5573142+00:00,مثبت,0.91,اصل بودن کالا,اصل بودن کالا
‫کانسیلر استیکی فاقد پارابن و رایحه,https://www.khanoumi.com/products/note-full-coverage-stick-concelear-19321,کاور و ماندگاری بالا,0,false,2023-01-04T17:57:31+00:00,خنثی,0.35,محصول,محصول
‫کانسیلر استیکی فاقد پارابن و رایحه,https://www.khanoumi.com/products/note-full-coverage-stick-concelear-19321, با این وجود که استیکی بود، خیلی راحت و نرم روی پوستم کشیده شد. خیلی راحت هم بلند شد اما مشکل جدی که داشت، برای کاور بالا، نیاز به استفاده 2بار داره.,0,false,2022-12-25T09:09:18+00:00,خنثی,0.35,محصول,محصول
‫کانسیلر استیکی فاقد پارابن و رایحه,https://www.khanoumi.com/products/note-full-coverage-stick-concelear-19321,وقتی میمونه رو صورت خیلی خشک میشه و کاور خوبی هم نداره، رنگش هم قشنگ و طبیعی نیست. در کل راضی نبودم,10,true,2021-09-15T03:10:17+00:00,منفی,0.79,محصول,محصول
‫کانسیلر استیکی فاقد پارابن و رایحه,https://www.khanoumi.com/products/note-full-coverage-stick-concelear-19321,به درد نخور اصلا کاور نداره وقتی میخوای بِلِند کنی همش میپره,19,true,2019-07-04T00:49:45.4966667+00:00,منفی,0.67,اصل بودن کالا,اصل بودن کالا
‫کانسیلر استیکی فاقد پارابن و رایحه,https://www.khanoumi.com/products/note-full-coverage-stick-concelear-19321,.,8,false,2019-03-01T00:59:07.62+00:00,خنثی,0,سایر,سایر
‫کانسیلر استیکی فاقد پارابن و رایحه,https://www.khanoumi.com/products/note-full-coverage-stick-concelear-19321,"خیلی جالبه  اینکه دیروزپیام تحویل به واحد بسته بندی اومده امروز که چک کرده مرحله ثبت سفارش بود معنیش چیه؟؟
",2,true,2019-02-18T11:07:14.8066667+00:00,خنثی,0.35,تحویل و ارسال | محصول,تحویل و ارسال
‫کانسیلر استیکی فاقد پارابن و رایحه,https://www.khanoumi.com/products/note-full-coverage-stick-concelear-19321,کانسیلر رو دور چشم هم میشه استفاده کرد یا باید برای دور چشم حتما کانسیلر مخصوص استفاده بشه ؟,10,false,2018-03-09T00:45:44.84+00:00,خنثی,0.35,سایر,سایر
‫کانسیلر مایع دور چشم,https://www.khanoumi.com/products/note-full-coverage-liquid-concelear-19322,"من جدا خورد تو ذوقم
1 ساعت بعد کلا قدرت کاورش می ره
تو خطوط جمع می شه شدید
حجمش کمه
اولین بار بود می خریدمش و اخرین باره",0,true,2026-04-21T13:29:08.6491848+03:30,خنثی,0.35,محصول,محصول
‫کانسیلر مایع دور چشم,https://www.khanoumi.com/products/note-full-coverage-liquid-concelear-19322,اگ پوشانندگی زیاد میخای نه ولی برای روزانه بیضرر ترین و عالیه,0,true,2026-04-03T10:26:16.5300549+03:30,مثبت,0.79,سایر,سایر
‫کانسیلر مایع دور چشم,https://www.khanoumi.com/products/note-full-coverage-liquid-concelear-19322,"حجمش کمه اما با کیفیت همونه که میخام بار سومه میخرمش سبک و پوشانندگی متوسط کلا زود پخش میشه 
من ک عاشقشم",0,true,2026-04-03T10:25:40.8786892+03:30,مثبت,0.67,محصول,محصول
‫کانسیلر مایع دور چشم,https://www.khanoumi.com/products/note-full-coverage-liquid-concelear-19322,اصلا خوب نیست هیچی رو کاور نمیکنه,0,true,2026-02-16T22:59:50.8736389+03:30,منفی,0.79,اصل بودن کالا,اصل بودن کالا
‫کانسیلر مایع دور چشم,https://www.khanoumi.com/products/note-full-coverage-liquid-concelear-19322,"خیلی کانسیلر خوبیه واقعا سنگین نیست و خوب پخش میشه 
فقط حجمش بنظرم کمه 
من طبق نظرات دوستان که پوستم گندمی روشنه شماره دو رو خریدم
که بنظرم اشتباهه که کانسلیر رو همرنگ پوستت بخری 
سری بعدی شماره یکشو میخرم که از پوستم روشنتره",0,true,2026-02-05T20:57:06.2868759+03:30,خنثی,0.35,محصول,محصول
‫کانسیلر مایع دور چشم,https://www.khanoumi.com/products/note-full-coverage-liquid-concelear-19322,مزخرف ترینه گرونم هست,0,false,2026-01-22T01:48:04.3954317+03:30,خنثی,0.35,قیمت,قیمت
‫کانسیلر مایع دور چشم,https://www.khanoumi.com/products/note-full-coverage-liquid-concelear-19322,من از این محصول خیلی راضی بودم هم سبک هست هم خط نمیفته قیمتش هم مناسب بود,0,true,2025-11-06T15:58:05.4501591+03:30,مثبت,0.67,محصول | قیمت,محصول
‫کانسیلر مایع دور چشم,https://www.khanoumi.com/products/note-full-coverage-liquid-concelear-19322,واقعاااا افتضاح بود اصلا راضی نبودم یه باز استفاده کردم فقط به نظرم ارزش نداره اصلاااااا,0,true,2025-10-22T21:07:35.7079147+03:30,منفی,0.95,محصول | اصل بودن کالا,اصل بودن کالا
‫کانسیلر مایع دور چشم,https://www.khanoumi.com/products/note-full-coverage-liquid-concelear-19322,من پوستم روشنه شماره 2 رو گرفتم مناسبه رنگش فقط گابرینی کاورش یکم‌ بهتر از اینه اونو شماره 3 گرفتم در کل خوبه بد نیس,0,false,2025-05-20T06:39:49.2447598+00:00,ترکیبی,0.74,محصول,محصول
‫کانسیلر مایع دور چشم,https://www.khanoumi.com/products/note-full-coverage-liquid-concelear-19322,سلام کانسیلر خوبیه بازهم شارژش میکنم,0,false,2025-04-10T04:09:52.9396501+00:00,مثبت,0.67,سایر,سایر
‫کانسیلر مایع دور چشم,https://www.khanoumi.com/products/note-full-coverage-liquid-concelear-19322,به نظر من خیلی خوبه من که هروقت استفاده کردم همه اسم کانسیلرمو پرسیدن,0,true,2025-01-18T05:25:02.4527048+00:00,مثبت,0.91,محصول | تحویل و ارسال,محصول
‫کانسیلر مایع دور چشم,https://www.khanoumi.com/products/note-full-coverage-liquid-concelear-19322,سلام خیلی دوستش دارم واقعا بینظیره تو خریدش شک نکنیدفقط بوی خوبی نداره,0,false,2025-01-17T17:02:01.7048799+00:00,منفی,0.67,محصول,محصول
‫کانسیلر مایع دور چشم,https://www.khanoumi.com/products/note-full-coverage-liquid-concelear-19322,دوسش دارم.، کاورش خوبه ولی فقط یکم بافتش خشکه.,0,true,2024-12-19T10:59:45.9556206+00:00,مثبت,0.79,محصول,محصول
‫کانسیلر مایع دور چشم,https://www.khanoumi.com/products/note-full-coverage-liquid-concelear-19322,حجم کم، کاور نداره، بافت خشکی داره، فید نمیشه، حالت ماسیده داره زیر چشم، ماندگاری خیلی کم، قیمت بالا,0,false,2024-11-27T10:19:30.1646476+00:00,خنثی,0.35,محصول | قیمت,محصول
‫کانسیلر مایع دور چشم,https://www.khanoumi.com/products/note-full-coverage-liquid-concelear-19322,اصلا کاور نداره,0,false,2024-11-25T19:28:39.1385604+00:00,منفی,0.67,اصل بودن کالا,اصل بودن کالا
‫کانسیلر مایع دور چشم,https://www.khanoumi.com/products/note-full-coverage-liquid-concelear-19322,کاورش خوب نیست اصلا,0,false,2024-11-25T19:18:54.1140024+00:00,منفی,0.79,اصل بودن کالا,اصل بودن کالا
‫کانسیلر مایع دور چشم,https://www.khanoumi.com/products/note-full-coverage-liquid-concelear-19322,"خیلی کوچولو موچولوئه ولی سورپرایز شدم اصلا زیر چشم جمع نشد و برق نیفتاد مات و خوب بود
پوستم روشنه شماره 1 رو گرفتم فقط درجا باید فید بشه چون زود خشک میشه",0,true,2024-10-23T18:40:42.5657179+00:00,مثبت,0.91,محصول | اصل بودن کالا,محصول
‫کانسیلر مایع دور چشم,https://www.khanoumi.com/products/note-full-coverage-liquid-concelear-19322,کاور خوبی نداشت، روی پوست هم نمیشینه,0,true,2024-01-20T18:48:46+00:00,منفی,0.67,محصول,محصول
‫کانسیلر مایع دور چشم,https://www.khanoumi.com/products/note-full-coverage-liquid-concelear-19322,سلام لطفا روی رنگ 1و2این محصول تخفیف بیشتری بزارید ممنون,0,false,2023-11-27T16:52:21+00:00,مثبت,0.67,محصول | قیمت,محصول
‫کانسیلر مایع دور چشم,https://www.khanoumi.com/products/note-full-coverage-liquid-concelear-19322,من محصولات نوت رو خیلی استفاده میکنم ولی کانسیلرش رو تازه استفاده کردم باید بگم که حجمش خیلی کمه و خیلی کوچیکه اگه پوستتون خیلی سفید و روشنه کد 01 رو بگیرید یکم بوی تندی داره ولی کاورش خوبه رنگ طبیعی داره و زیرچشم خشک نمیشه و چروک نمیندازه زود بلندش کنید که جاش نمونه  چون زود  رو پست خشک میشه چشمای من زیرش پف داره و کمی تیرس ولی اصلا رنگ خاکستری نگرفت محصول خیلی خوبیه اون ی ستاره ک کم دادم بحاطر بوش هست اونقد بوی غلیظی نداره ولی من کلا از بوش خوشم نیومد :) ,0,false,2023-11-07T12:26:39+00:00,مثبت,0.95,محصول | تحویل و ارسال | اصل بودن کالا,محصول
‫کانسیلر مایع دور چشم,https://www.khanoumi.com/products/note-full-coverage-liquid-concelear-19322,کدوم کد روشن ترینشه؟؟؟؟؟,0,false,2023-10-18T01:02:26+00:00,خنثی,0.35,سایر,سایر
‫کانسیلر مایع دور چشم,https://www.khanoumi.com/products/note-full-coverage-liquid-concelear-19322,شماره 02 برای پوست گندمی روشن خوبه ولی پوشانندگی نداره,1,true,2023-10-11T11:52:17+00:00,مثبت,0.79,محصول,محصول
‫کانسیلر مایع دور چشم,https://www.khanoumi.com/products/note-full-coverage-liquid-concelear-19322,"من شماره 03 رو گرفتم و رنگ پوستم گندمی هست یکم روشنه که به گفته دوستان بعد از یه مدت اکسید میشه و به همون رنگ روشن نمیمونه من دوسش داشتم سبکه فقط تنها مشکلش اینه ک حجمش کمه و باید شارژ بشه هی 
ممنون میشیم تخفیف بیشتر واسه ماها روش بزارین",2,true,2023-08-06T09:16:11+00:00,مثبت,0.67,محصول | قیمت,محصول
‫کانسیلر مایع دور چشم,https://www.khanoumi.com/products/note-full-coverage-liquid-concelear-19322,من شماره 02 رو خریدم که حالت سغیدی داره، بد نیست این رنگ اما فکر میکنم برای پوست من که گندمی هست شماره 03 بهتر باشه چون به نظرم توناژ نخودی داشته باشه و این بیشتر با رنگ پوست من همخوانی داشته باشه ، در کل نسبتاً کانسیلر خوبی هست اما پوشانندگیش متوسط هستش.,0,true,2023-02-13T11:20:44+00:00,مثبت,0.79,محصول,محصول
‫کانسیلر مایع دور چشم,https://www.khanoumi.com/products/note-full-coverage-liquid-concelear-19322,بافت خیلی خوب و سبکی داره. خیلی راحت روی پوست کشیده میشه و به راحتی هم روی پوست فید میشه. رنگبندی کاملی هم داره. من این محصول رو برای بار دوم خریدم و خیلی راضیم. به نظرم گزینه بسیار خوبی برای استفاده روزانه و مهمانی است.,3,false,2022-12-25T09:16:38+00:00,مثبت,0.95,محصول,محصول
‫کانسیلر مایع دور چشم,https://www.khanoumi.com/products/note-full-coverage-liquid-concelear-19322,این کانسیلر کاور خیلی طبیعی و ماندگاری بالایی داره. برای استفاده روزانه عالیه و زیر چشم جمع نمیشه و نمیماسه. خیلی سبکه و من پیشنهاد میکنم قبلش کرم زیر چشم بزنید تا پوست مرطوب و اماده بشه. اینجوری کانسیلر راحت تر روی بافت پوست قرار میگیره. ,13,false,2022-04-25T11:02:34+00:00,مثبت,0.95,محصول,محصول
‫کانسیلر مایع دور چشم,https://www.khanoumi.com/products/note-full-coverage-liquid-concelear-19322,افتضاحه اولا کمه دوما کاورش بالا نیست واقعا کانسیلری نبود که بخوام دوباره شارژش کنم,19,false,2020-11-20T00:14:11+00:00,منفی,0.67,محصول,محصول
‫کانسیلر مایع دور چشم,https://www.khanoumi.com/products/note-full-coverage-liquid-concelear-19322,"پوشانندگیش خوبه و سبکه اگه پوستتون خشکه قبلش مرطوب کننده استفاده کنید.
پوستم گندمی روشنه شماره 02 مناسب پوست من بود.",10,true,2020-02-20T22:53:57+00:00,مثبت,0.79,محصول,محصول
‫کانسیلر مایع دور چشم,https://www.khanoumi.com/products/note-full-coverage-liquid-concelear-19322,من رنگ ۰۲ رو دارم پوستم گندمیه ازش راضیم کاور خوبی داره من با پلت کانتور و هایلایت وت اند وایلد شماره ۲ رنگ زردش زیر چشممو ست میکنم تناژ رنگی جفتشون زردِ خیلی خوب با هم مچ میشن فقط حتما باید قبل کانسیلر کرم دور چشم بزنین چون بافت خشکی داره تنها مشکلشم اینه که حجمش کمه خیلی کوچولو موچوله زود تموم میشه 🤦🏼‍♀️,63,true,2019-10-25T16:59:51+00:00,مثبت,0.95,محصول,محصول
‫کانسیلر مایع دور چشم,https://www.khanoumi.com/products/note-full-coverage-liquid-concelear-19322,سلام، کیفیتش خوبه و راحت پخش میشه شماره 1 رو داشتم ولی بدیش اینه که حجمش کمه و خیلی زود تموم میشه اما کاورش خیلی عالیه.,10,false,2019-08-19T09:12:10.8833333+00:00,ترکیبی,0.92,محصول,محصول
‫کانسیلر مایع دور چشم,https://www.khanoumi.com/products/note-full-coverage-liquid-concelear-19322,سلام ..من پوستم سفیده باید کدوم رنگ و بگیرم؟شماه ۳ خوبه برام؟یا ۱باید باشه؟,7,false,2019-07-12T21:19:55.62+00:00,مثبت,0.79,محصول,محصول
‫کانسیلر مایع دور چشم,https://www.khanoumi.com/products/note-full-coverage-liquid-concelear-19322,کانسیلرش عالی بود. یکی از بهترین کانسیلرهایی که تا حالا استفاده کردم. رنگ شماره 1 رو شارژ کنید لطفا چند ماهه منتظش هستم.,14,true,2018-12-24T09:58:27.4166667+00:00,مثبت,0.91,محصول,محصول
‫کانسیلر مایع دور چشم,https://www.khanoumi.com/products/note-full-coverage-liquid-concelear-19322,آذین عزیز/ ممنون بابت نظر ودقت شما، عکس های  رنگ محصول مجددا به روز رسانی  شدند .,1,false,2018-06-23T18:25:59.5866667+00:00,مثبت,0.67,محصول,محصول
‫کانسیلر مایع دور چشم,https://www.khanoumi.com/products/note-full-coverage-liquid-concelear-19322,چرا رنگ بندیش اشتباهه همه جا 01از همه روشن ترا ولی اینجا از همه تیره تر شده!!,6,false,2018-06-22T11:25:33.2533333+00:00,خنثی,0.35,محصول,محصول
‫کانسیلر مایع دور چشم,https://www.khanoumi.com/products/note-full-coverage-liquid-concelear-19322,رنگ سه رو موجود کنین لطفا,14,true,2018-06-16T02:05:54.0566667+00:00,خنثی,0.35,محصول,محصول
‫کانسیلر مایع دور چشم,https://www.khanoumi.com/products/note-full-coverage-liquid-concelear-19322,تمام محصولات نوت به نظرم با کیفیت و عالی هستن. این کانسیلر هم همین طور. ,13,true,2018-04-17T04:09:16.0766667+00:00,مثبت,0.67,محصول,محصول
‫کانسیلر مایع دور چشم,https://www.khanoumi.com/products/note-full-coverage-liquid-concelear-19322,من شماره ۰۲ رو گرفتم با اینکه پوستم سفیده اما حس میکنم برام یکم روشنه! اما از کیفیتش راضیم،پوشانندگی خوبی داره و برای استفاده روزانه مناسب نیست،اما برای مهمونی و جشن عالیه و اصلا تکون نمیخوره،برای کسایی ک پوست خشکی دارن توصیه میکنم قبلش کرم دور چشم بزنن.,9,true,2018-04-14T03:25:30.6166667+00:00,مثبت,0.95,محصول | اصل بودن کالا,محصول
‫کانسیلر مایع دور چشم,https://www.khanoumi.com/products/note-full-coverage-liquid-concelear-19322,"من پوستم گندمی هست و شماره ۱ این محصول رو گرفتم... دوسش دارم ولی برای پوستم روشنه
سیاهی دور چشمم رو پوشش میده و در کل راضی ام",7,true,2018-04-01T18:25:47.4466667+00:00,مثبت,0.79,محصول,محصول
‫کانسیلر مایع دور چشم,https://www.khanoumi.com/products/note-full-coverage-liquid-concelear-19322,کانسیلر خوبیه نسبتا کاور خوبی داره من شماره ۳ رو ک استخونیه گرفتم ازش راضیم بنظرم رنگ شماره ۱ هم باید خوب باشه سری بعد رنگ ۱ رو میگیرم,2,true,2018-03-08T20:43:17.6533333+00:00,مثبت,0.95,محصول,محصول
‫کانسیلر مایع دور چشم,https://www.khanoumi.com/products/note-full-coverage-liquid-concelear-19322,رنگ 3روشنه را تیره,4,false,2018-03-06T23:49:38.3033333+00:00,خنثی,0.35,محصول,محصول
‫کانسیلر مایع دور چشم,https://www.khanoumi.com/products/note-full-coverage-liquid-concelear-19322,رنگهاشو مجدد شارژ کنید,12,false,2018-02-01T00:46:36.66+00:00,خنثی,0.35,محصول,محصول
‫کرم پودر برنزه کننده,https://www.khanoumi.com/products/note-sun-glow-foundation-19323,لطفا موجودش کنین ,0,false,2024-03-24T15:39:04+00:00,خنثی,0.35,محصول,محصول
‫کرم پودر برنزه کننده,https://www.khanoumi.com/products/note-sun-glow-foundation-19323,به عنوان برنزر خوبه، اکلیل های ریز داره و براقه ولی توقع پوشش زیاد نداشته باشین. به نظر من باید روی کرم پودر یا حداقل BB یا CC کرم زد که جلوه ی بهتری داشته باشه.,20,false,2020-07-30T04:03:56+00:00,مثبت,0.79,محصول,محصول
ریمل حجم دهنده مدل Volume Act حجم 16 میلی لیتر,https://www.khanoumi.com/products/note-volume-act-mascara-19317,مژه ها روی برس نمیخوابه، به عنوان کسی که مرتب از ریمل لورال استفاده میکردم ، اصلا قابل مقایسه نیستن. ضعیفترین ریمل لورال 6 به هیچ این ریمل رو میزنه. حجم دهندگی اصلا نداره. یه ریمل خیلی خیلی معمولی و روزانه,0,true,2024-09-05T21:54:11+00:00,مثبت,0.67,محصول | اصل بودن کالا,محصول
ریمل حجم دهنده مدل Volume Act حجم 16 میلی لیتر,https://www.khanoumi.com/products/note-volume-act-mascara-19317,معمولی هست و مژه را به هم میچسبونه ولی بلند کننده است ,0,false,2024-08-13T12:44:41+00:00,خنثی,0.35,محصول,محصول
ریمل حجم دهنده مدل Volume Act حجم 16 میلی لیتر,https://www.khanoumi.com/products/note-volume-act-mascara-19317,با توجه به قیمتش خیلی معمولیه بنظرم کالیستا خیلی بهتره اصلا حتی تو تخفیف هم گرونه انقد باید بزنی تا مژه رنگ بگیره حجم دهی هم نداره من خودم شخصا کالیستا رو ترجیح میدم,0,true,2024-08-02T23:01:00+00:00,مثبت,0.67,قیمت | محصول | اصل بودن کالا,قیمت
ریمل حجم دهنده مدل Volume Act حجم 16 میلی لیتر,https://www.khanoumi.com/products/note-volume-act-mascara-19317,اصلا خوب نیست مژه هارو بهم میچسبونه ,0,true,2024-07-30T14:34:51+00:00,منفی,0.79,محصول | اصل بودن کالا,اصل بودن کالا
ریمل حجم دهنده مدل Volume Act حجم 16 میلی لیتر,https://www.khanoumi.com/products/note-volume-act-mascara-19317,از نظر من فقط بلند کننده است مژه هارو به هم میچسبونه و اصلا نمیتونه مژه ها رو جدا کنه  من از مدل دیگه نوت استفاده کرده بودم اما از این مدل اصلا رضایت ندارم ,0,true,2024-07-08T12:40:57+00:00,خنثی,0.35,محصول | اصل بودن کالا,محصول
ریمل حجم دهنده مدل Volume Act حجم 16 میلی لیتر,https://www.khanoumi.com/products/note-volume-act-mascara-19317,ریمل خوبیه واسه استفاده ی روزمره  بلند کنندس بیشتر تا پرپشت کننده ولی اگه زیاد بزنید خیلی زیاد حجم هم میده اصلا زسر چشم نمیریزه  سنگین هم نیست من تو اف گرفتم راضی بودم,0,false,2024-07-06T22:39:09+00:00,مثبت,0.91,محصول | اصل بودن کالا,محصول
ریمل حجم دهنده مدل Volume Act حجم 16 میلی لیتر,https://www.khanoumi.com/products/note-volume-act-mascara-19317,تخفیف بزارین,0,true,2024-06-23T00:24:08+00:00,خنثی,0.35,قیمت,قیمت
ریمل حجم دهنده مدل Volume Act حجم 16 میلی لیتر,https://www.khanoumi.com/products/note-volume-act-mascara-19317,واقعا عالیه و برای کسایی که میخوان آرایش طبیعی داشته باشن انتخاب خاصیه. من یه بار مارک دیگه ای گرفتم و واقعا پشیمون شدم دیگه فقط همین ریمل رو شارژ میکنم,0,true,2024-05-24T12:19:26+00:00,ترکیبی,0.74,محصول,محصول
ریمل حجم دهنده مدل Volume Act حجم 16 میلی لیتر,https://www.khanoumi.com/products/note-volume-act-mascara-19317,نسبت به قیمت بالایی که داره کیفیت نداره ,0,true,2024-04-21T21:16:00+00:00,خنثی,0.35,محصول | قیمت,محصول
ریمل حجم دهنده مدل Volume Act حجم 16 میلی لیتر,https://www.khanoumi.com/products/note-volume-act-mascara-19317,من از این ریمل استفاده کردم. حجم دهی مناسبی داره. و نکته خیلی مهمی که هست اینه که اصلا باعث ریزش مژه نمیشه. من چشمم خیلی حساس و برندهای ایرانی استفاده کردم که ریزش مژه داشتم. نکته خیلی خوبه دیگه هم اینه که به هیچ عنوان رو چشم سنگینی نمیکنه. حجم دهی معمولی و نچرالی داره ,0,false,2024-04-18T23:51:16+00:00,مثبت,0.95,محصول | اصل بودن کالا,محصول
ریمل حجم دهنده مدل Volume Act حجم 16 میلی لیتر,https://www.khanoumi.com/products/note-volume-act-mascara-19317,"تخفیف 50 ٪بگذارید مرسی
",0,true,2024-03-18T17:20:28+00:00,مثبت,0.67,قیمت,قیمت
ریمل حجم دهنده مدل Volume Act حجم 16 میلی لیتر,https://www.khanoumi.com/products/note-volume-act-mascara-19317,"ریمل معمولی هست اما خوبیش اینه که دیر خشک میشه و مژه ها رو نمیچسبونه، ریزش نداره و زیر چشم رو سیاه نمیکنه و براحتی هم شسته میشه، ضد حساسیته.راضی ام ازش 
برای مصرف روزانه عالیه",0,true,2024-03-12T16:49:03+00:00,مثبت,0.95,محصول,محصول
ریمل حجم دهنده مدل Volume Act حجم 16 میلی لیتر,https://www.khanoumi.com/products/note-volume-act-mascara-19317,"خیلی معمولی هستش و با نوت های گدشته فرق میکنه کیفیتش    
باتوجه به قیمت بالاش توقع بیشتری داشتم ",0,true,2024-02-21T00:44:35+00:00,خنثی,0.35,محصول | قیمت,محصول
ریمل حجم دهنده مدل Volume Act حجم 16 میلی لیتر,https://www.khanoumi.com/products/note-volume-act-mascara-19317,تنها ریملی که من الان چندساله تکراش میکنم خیلی خوبه,0,true,2024-02-13T17:21:22+00:00,مثبت,0.91,سایر,سایر
ریمل حجم دهنده مدل Volume Act حجم 16 میلی لیتر,https://www.khanoumi.com/products/note-volume-act-mascara-19317,ریمل خوبیه ولی حجم دهندگی زیادی نداره خیلی معمولیه، و یه عیب دیگه ش اینه که خیلی مژه رو خشک میکنه,0,false,2024-02-05T11:46:25+00:00,مثبت,0.67,محصول,محصول
ریمل حجم دهنده مدل Volume Act حجم 16 میلی لیتر,https://www.khanoumi.com/products/note-volume-act-mascara-19317,ریمل خوبیه,0,false,2023-11-22T20:52:23+00:00,مثبت,0.67,سایر,سایر
ریمل حجم دهنده مدل Volume Act حجم 16 میلی لیتر,https://www.khanoumi.com/products/note-volume-act-mascara-19317,ریمل خوبیه در کل نمیریزه روزانه هم میشه استفاده کرد منتها حجم دهیش خیلی زیاد نیست... و قیمتش بالاعه ,0,false,2023-11-22T19:43:26+00:00,منفی,0.67,محصول | قیمت,محصول
ریمل حجم دهنده مدل Volume Act حجم 16 میلی لیتر,https://www.khanoumi.com/products/note-volume-act-mascara-19317,ریمل خوبیه من یک سال دارمش عالی,0,true,2023-11-05T18:58:32+00:00,مثبت,0.79,سایر,سایر
ریمل حجم دهنده مدل Volume Act حجم 16 میلی لیتر,https://www.khanoumi.com/products/note-volume-act-mascara-19317,ریمل خوبیه اما قیمتش بالاست,1,true,2023-10-14T17:55:40+00:00,مثبت,0.67,قیمت,قیمت
ریمل حجم دهنده مدل Volume Act حجم 16 میلی لیتر,https://www.khanoumi.com/products/note-volume-act-mascara-19317,ریمل سبکیه اونطوری نیست که خیلی بلند و پر و مشکی کنه خیلی طبیعی به مژه ها یکم حالت میده و بلند میکنه ,0,true,2023-09-26T02:26:57+00:00,خنثی,0.35,سایر,سایر
ریمل حجم دهنده مدل Volume Act حجم 16 میلی لیتر,https://www.khanoumi.com/products/note-volume-act-mascara-19317,ریمل خوبیه لطفا در تخفیف 50 درصد بذارید ,4,true,2023-07-03T15:27:05+00:00,مثبت,0.67,قیمت,قیمت
ریمل حجم دهنده مدل Volume Act حجم 16 میلی لیتر,https://www.khanoumi.com/products/note-volume-act-mascara-19317,بلند کنندگی خوبی داره ولی مشکی مشکی نیست,0,true,2023-06-30T09:17:18+00:00,مثبت,0.67,سایر,سایر
ریمل حجم دهنده مدل Volume Act حجم 16 میلی لیتر,https://www.khanoumi.com/products/note-volume-act-mascara-19317,ریمل محبوب منه و همه جا ازش استفاده میکنم,1,false,2023-06-19T09:35:32+00:00,خنثی,0.35,محصول,محصول
ریمل حجم دهنده مدل Volume Act حجم 16 میلی لیتر,https://www.khanoumi.com/products/note-volume-act-mascara-19317,ریمل خیلی خوبیه من که راضی بودم,3,false,2023-02-06T23:58:57+00:00,مثبت,0.91,محصول,محصول
ریمل حجم دهنده مدل Volume Act حجم 16 میلی لیتر,https://www.khanoumi.com/products/note-volume-act-mascara-19317,ریمل خیلی خوبیه چندین ماهه ازش استفاده می کنم هم به خوبی حجم میده و هم بلند کنندست مخصوصا اگر چندین بار طی یه میکاپ استفاده بشه،سبکه و برای من راضی کنندست .هم برای میکاپ میشه ازش استفاده کرد و هم استفاده ی روزانه,12,true,2023-01-05T00:58:36+00:00,مثبت,0.95,محصول,محصول
ریمل حجم دهنده مدل Volume Act حجم 16 میلی لیتر,https://www.khanoumi.com/products/note-volume-act-mascara-19317,  ریمل نوت رضایتم و جلب نکرد و حجم دهنده نبود ,5,false,2022-12-29T22:53:41+00:00,خنثی,0.35,محصول,محصول
ریمل حجم دهنده مدل Volume Act حجم 16 میلی لیتر,https://www.khanoumi.com/products/note-volume-act-mascara-19317,ریمل خوبیه خوش حالت و بلند کننده است حجم دهی معمولی داره ولی یکم ریزش داره برای تابستون اصلا خوب نیست چند ماهه دارم استفاده میکنم هنوزم موادش زیاده ,9,true,2022-11-25T05:50:20+00:00,منفی,0.67,محصول | اصل بودن کالا,اصل بودن کالا
ریمل حجم دهنده مدل Volume Act حجم 16 میلی لیتر,https://www.khanoumi.com/products/note-volume-act-mascara-19317,با سلام. به نظر من هم بلند کننده س تا حجم دهنده. برای استفاده روزانه خوبه. با تشکر,14,true,2022-01-22T13:43:27+00:00,مثبت,0.79,محصول,محصول
ریمل حجم دهنده مدل Volume Act حجم 16 میلی لیتر,https://www.khanoumi.com/products/note-volume-act-mascara-19317,من این ریمل رو به پیشنهاد خانومی تو تخفیف جعبه صورتی خریدم خیلی عالی و باکیفیت هست و برای استفاده روزانه واقعا مناسبه مژه ها رو بهم نمیچسبونه و بیشتر بلند کننده است و حجم دهندگی خیلی طبیعی هم به مژه ها میده. بهتون پیشنهاد می کنم حتما این ریمل رو تهیه کنید.,25,true,2021-12-27T09:53:12+00:00,مثبت,0.91,محصول | قیمت,محصول
ریمل حجم دهنده مدل Volume Act حجم 16 میلی لیتر,https://www.khanoumi.com/products/note-volume-act-mascara-19317,این ریمل برای اونها که دنبال مژه پرپشت و مشکی هستن وبه هیچ عنوان پای چشم نمی ریزه من واقعا ازش راضی هستم .بااینکه دوتا ازش دارم دوباره میخوام بخرم🙂,49,true,2021-12-18T21:16:14+00:00,مثبت,0.67,سایر,سایر
ریمل حجم دهنده مدل Volume Act حجم 16 میلی لیتر,https://www.khanoumi.com/products/note-volume-act-mascara-19317,اصلا راضی نیستم.فیزیک خوبی نداره،فرچه اش بده و مواد رو تیکه تیکه به خودش میگیره ب همین دلیل هم مژه هارو به هم می چسبونه .بیشتر هم بلند کننده ست تا حجم دهنده,8,true,2021-11-09T18:50:51+00:00,منفی,0.95,محصول | اصل بودن کالا,اصل بودن کالا
ریمل حجم دهنده مدل Volume Act حجم 16 میلی لیتر,https://www.khanoumi.com/products/note-volume-act-mascara-19317,من راضیم و دومین بارهست که می خرم مژه ها رو نمی چسبونه و ریزش نداره,3,true,2021-10-30T22:42:56+00:00,مثبت,0.79,محصول,محصول
ریمل حجم دهنده مدل Volume Act حجم 16 میلی لیتر,https://www.khanoumi.com/products/note-volume-act-mascara-19317,اصلا خوب نیست فرچه خوبی نداره و مواد رو به خودش نمیگیره ,6,true,2021-08-22T18:04:09+00:00,منفی,0.91,محصول | اصل بودن کالا,اصل بودن کالا
ریمل حجم دهنده مدل Volume Act حجم 16 میلی لیتر,https://www.khanoumi.com/products/note-volume-act-mascara-19317,حجم نمیده ، من مژه هام بلند بود و کم حجم این ریمل مناسب من نبود اصلا بلند کنندگیشم اونقدری نیست که قابل توجه باشه برای استفاده روزانه شاید خوب باشه ,4,true,2021-08-18T22:34:23+00:00,خنثی,0.35,محصول | اصل بودن کالا,محصول
ریمل حجم دهنده مدل Volume Act حجم 16 میلی لیتر,https://www.khanoumi.com/products/note-volume-act-mascara-19317,حجم دهیش برای یه بار زدن معمولیه و خیلی طبیعی ولی بخوای پرتر بشه مژه ها دو الی سه بار روی هم بزنی خوبه راحت هم پاک میشه ریزش نداشت ارزش خرید داره مخصوصا توی تخفیف,2,true,2021-08-16T08:06:06+00:00,مثبت,0.67,محصول | قیمت,محصول
ریمل حجم دهنده مدل Volume Act حجم 16 میلی لیتر,https://www.khanoumi.com/products/note-volume-act-mascara-19317,امروز دومین باره که ازش زدم خوشم اومد آنچنان حجم نمیده ولی مژه ها رو خوشگل میکنه و بلند. مشکیه حالت مژه ها رو تا ساعت ها حفظ میکنه. برس خوبی داره که مژه ها رو تک تک و جدا میکنه و بهم نمیچسبونه,6,true,2021-06-10T04:45:28+00:00,مثبت,0.67,محصول,محصول
ریمل حجم دهنده مدل Volume Act حجم 16 میلی لیتر,https://www.khanoumi.com/products/note-volume-act-mascara-19317,"ریمل معلومی هست,مژه هارو بلند میکنه اما یه ایراد بزرگ داره و اون اینه که مژه هارو میچسبونه به هم درواقع بلند کننده هست نه پرپشت کننده 😐
",8,true,2021-06-02T12:45:12+00:00,خنثی,0.35,محصول,محصول
ریمل حجم دهنده مدل Volume Act حجم 16 میلی لیتر,https://www.khanoumi.com/products/note-volume-act-mascara-19317,این محصول خوبیه,10,false,2020-04-29T01:44:21+00:00,مثبت,0.67,محصول,محصول
ریمل حجم دهنده مدل Volume Act حجم 16 میلی لیتر,https://www.khanoumi.com/products/note-volume-act-mascara-19317,عالیه,6,false,2020-04-26T18:07:52+00:00,مثبت,0.79,سایر,سایر
ریمل حجم دهنده مدل Volume Act حجم 16 میلی لیتر,https://www.khanoumi.com/products/note-volume-act-mascara-19317,بسیار عالی و پر پشت کننده,14,true,2019-09-28T17:13:24+00:00,مثبت,0.67,سایر,سایر
ریمل حجم دهنده مدل Volume Act حجم 16 میلی لیتر,https://www.khanoumi.com/products/note-volume-act-mascara-19317,قیمتش دقیقا دوبل شده!!!! ,16,false,2018-09-02T10:50:31.9566667+00:00,خنثی,0.35,قیمت,قیمت
ریمل حجم دهنده مدل Volume Act حجم 16 میلی لیتر,https://www.khanoumi.com/products/note-volume-act-mascara-19317,لطفا در شانس بذارین,14,true,2018-07-23T14:31:54.07+00:00,خنثی,0.35,سایر,سایر
ریمل حجم دهنده مدل Volume Act حجم 16 میلی لیتر,https://www.khanoumi.com/products/note-volume-act-mascara-19317,سلام لطفا این محصول رو در شانس بگذارید.,22,false,2018-06-07T10:28:21.6533333+00:00,خنثی,0.35,محصول,محصول
ریمل حجم دهنده مدل Volume Act حجم 16 میلی لیتر,https://www.khanoumi.com/products/note-volume-act-mascara-19317,واقعا ریمل خوبیه ,5,true,2018-06-02T21:22:07.9466667+00:00,مثبت,0.67,سایر,سایر
‫کرم پودر پمپی مات کننده قوی مناسب پوست چرب حجم 35 میلی لیتر,https://www.khanoumi.com/products/note-mattifying-extreme-wear--foundation-19324,واقعا عالی برای من که پوست صورتم بعد از مدتی چرب میشه واقعا مات میکنه به همراه پودر فیکس میزنم تا چندین ساعت چرب نمیشه,0,true,2026-08-07T01:27:56.3297853+03:30,ترکیبی,0.66,محصول | اصل بودن کالا,محصول
‫کرم پودر پمپی مات کننده قوی مناسب پوست چرب حجم 35 میلی لیتر,https://www.khanoumi.com/products/note-mattifying-extreme-wear--foundation-19324,کرم معمولیه پوشانندگی ضعیف,0,false,2026-05-16T02:50:30.1346829+03:30,منفی,0.67,محصول,محصول
‫کرم پودر پمپی مات کننده قوی مناسب پوست چرب حجم 35 میلی لیتر,https://www.khanoumi.com/products/note-mattifying-extreme-wear--foundation-19324,رنگ 01 اصلا شارژ نمیکنید,0,false,2026-05-01T18:04:53.440608+03:30,منفی,0.67,محصول | اصل بودن کالا,اصل بودن کالا
‫کرم پودر پمپی مات کننده قوی مناسب پوست چرب حجم 35 میلی لیتر,https://www.khanoumi.com/products/note-mattifying-extreme-wear--foundation-19324,معمولیه به نظرم برای دم دستی خوبه ولی اکر بخواییم روی پوست بشینه حتما باید با یه کرم پودر دیگه ترکیبش کنیم تا بهتر بشینه روی پوست من شماره 13 رو خریدم رنگش رو دوست دارم یک تیره است نه زردی داره و نه قرمزی خوشرنگه کلا من از رنگ روشن استفاده نمیکنم,0,true,2026-04-20T08:48:41.5655845+03:30,مثبت,0.79,محصول,محصول
‫کرم پودر پمپی مات کننده قوی مناسب پوست چرب حجم 35 میلی لیتر,https://www.khanoumi.com/products/note-mattifying-extreme-wear--foundation-19324,خیلی محصول خوبی هست فقط من رنگ پوستم گندمی هست و بژ رز گرفتم باید بژ عسلی میگرفتم ولی خیلی خوب کاور میکنه و نمیماسه,0,true,2026-04-18T08:48:55.4072243+03:30,مثبت,0.91,محصول,محصول
‫کرم پودر پمپی مات کننده قوی مناسب پوست چرب حجم 35 میلی لیتر,https://www.khanoumi.com/products/note-mattifying-extreme-wear--foundation-19324,من پوستم گندمی خیلی روشنه یه درجه بعد از سفید شماره 10خریدم قشنگ هم رنگ پوستمه و خیلی محصول خوبی هم هستش خوب فید میشه نمیماسه و مات می‌کنه و طبیعی هم هست,0,true,2026-04-11T21:10:00.9428364+03:30,مثبت,0.79,محصول,محصول
‫کرم پودر پمپی مات کننده قوی مناسب پوست چرب حجم 35 میلی لیتر,https://www.khanoumi.com/products/note-mattifying-extreme-wear--foundation-19324,پوشانندگی خوبی نداره,0,false,2026-04-11T03:13:45.1025576+03:30,منفی,0.67,سایر,سایر
‫کرم پودر پمپی مات کننده قوی مناسب پوست چرب حجم 35 میلی لیتر,https://www.khanoumi.com/products/note-mattifying-extreme-wear--foundation-19324,از همه نظر بینظیرهههههه,0,false,2026-03-05T21:33:48.7442237+03:30,خنثی,0.35,سایر,سایر
‫کرم پودر پمپی مات کننده قوی مناسب پوست چرب حجم 35 میلی لیتر,https://www.khanoumi.com/products/note-mattifying-extreme-wear--foundation-19324,"با پرایمر ژنوبایوتیک یه ترکیب فوق العادست
یه هفته بزن بعدش تازه پوستت ک عادت کرد میفهمی چ معجزه ایه هر چقدر بیشتر میمونه روی پوست قشنگ تر و نچرال تر میشه خودت لذت میبری...منی ک پوست ب شدت چرب با منافذ زیاد دارم، اینو میگم",0,true,2026-02-22T02:27:19.6053386+03:30,خنثی,0.35,محصول,محصول
‫کرم پودر پمپی مات کننده قوی مناسب پوست چرب حجم 35 میلی لیتر,https://www.khanoumi.com/products/note-mattifying-extreme-wear--foundation-19324,من چندین سال از این کرم پودر استفاده کردم این سربع از خانومی سفارش دادم ...متاسفانه باید بگم بوی گندددد میداد همونطوری انداختم سطل اشغال لطفا انصاف داشته باشید,0,true,2026-01-24T12:50:12.260092+03:30,منفی,0.67,محصول,محصول
‫کرم پودر پمپی مات کننده قوی مناسب پوست چرب حجم 35 میلی لیتر,https://www.khanoumi.com/products/note-mattifying-extreme-wear--foundation-19324,بدترین کرم پودر ایرانی با اختلاف به سرعت روی پوست اکسید میشه کاور ضعیفی داره و روغن زیادی پس میده,0,false,2025-11-23T16:38:01.8886207+03:30,منفی,0.91,محصول,محصول
‫کرم پودر پمپی مات کننده قوی مناسب پوست چرب حجم 35 میلی لیتر,https://www.khanoumi.com/products/note-mattifying-extreme-wear--foundation-19324,میشه شماره 11 شارژ کنید لطفااا,0,false,2025-02-24T09:36:27.6321039+00:00,خنثی,0.35,سایر,سایر
‫کرم پودر پمپی مات کننده قوی مناسب پوست چرب حجم 35 میلی لیتر,https://www.khanoumi.com/products/note-mattifying-extreme-wear--foundation-19324,خیلی کاورش خوبه سبکه جوش نمیزنم چندبار خریدم موجودکنید لطفا,0,true,2025-01-21T09:14:03.0679013+00:00,مثبت,0.79,محصول,محصول
‫کرم پودر پمپی مات کننده قوی مناسب پوست چرب حجم 35 میلی لیتر,https://www.khanoumi.com/products/note-mattifying-extreme-wear--foundation-19324,کسی بوده که با استفاده از این کرم پودر صورتش جوش بزنه؟ ممنون میشم راهنماییم کنین,0,false,2025-01-06T11:53:09.0043961+00:00,مثبت,0.67,محصول,محصول
‫کرم پودر پمپی مات کننده قوی مناسب پوست چرب حجم 35 میلی لیتر,https://www.khanoumi.com/products/note-mattifying-extreme-wear--foundation-19324,خیلی خوبه کاورش خوبه و یه حالت مخملی قشنگی  داره و روی پوست  نمی‌ماسه و جذب میشه,0,false,2024-11-02T08:23:00.7327879+00:00,مثبت,0.95,محصول,محصول
‫کرم پودر پمپی مات کننده قوی مناسب پوست چرب حجم 35 میلی لیتر,https://www.khanoumi.com/products/note-mattifying-extreme-wear--foundation-19324,رنگ 11 یژ عسلیشو گرفتم .. ولی کاملا همرنگ پوستم بود باید شماره 10میگرفتم کمی رنگ پوستم روشن میشد.. پوشانندگیشم متوسطه ..توقع داشتم بهتر میبود ..,0,true,2024-09-06T22:09:36+00:00,خنثی,0.35,محصول,محصول
‫کرم پودر پمپی مات کننده قوی مناسب پوست چرب حجم 35 میلی لیتر,https://www.khanoumi.com/products/note-mattifying-extreme-wear--foundation-19324,پوستم چربه و نگممم براتون که چقدر عالیه اصلا بعد استفاده از این مدل کرمپودر نوت بقیه کرمپودر هاتو میندازی کنار برای مهمونی عااالیه البته برای روزانه ام اصلا سنگین نیست خیلی ام ماته یه بافت ابریشمی داره ممنون از خانومی بابت تخفیف عالیه این محصول,0,true,2024-09-01T00:29:56+00:00,مثبت,0.95,محصول | اصل بودن کالا | قیمت,محصول
‫کرم پودر پمپی مات کننده قوی مناسب پوست چرب حجم 35 میلی لیتر,https://www.khanoumi.com/products/note-mattifying-extreme-wear--foundation-19324,"برای پوست چرب عالیه
ب نظر من فقط کسایی ک پوست چرب دارن استفاده کنن
ی حالت مخملی رو پوست میده 
من پوستم گندمیه شماره 10 میزنم..",0,true,2024-07-29T13:37:36+00:00,مثبت,0.79,محصول,محصول
‫کرم پودر پمپی مات کننده قوی مناسب پوست چرب حجم 35 میلی لیتر,https://www.khanoumi.com/products/note-mattifying-extreme-wear--foundation-19324,من از جای دیگه خریدم ولی نظرمو میگم برای کسایی که میخوان خرید کنن بدونن چطوریه خیلی خشکه من پوستم مختلطه و اصلا روی پوستم خوب پخش نمیشه و نمیخوابه با وجود مرطوب کننده زیادی ک زیرش میزنم قسمت های خشک پوست کاملا پوسته پوسته میشه و میماسه کاورش خوب نیست به نظرم برای کسایی مناسبه که پوست صاف و یکدستی دارن و فقط ی کاور مخملی سبک میخوان,0,false,2024-05-04T15:01:31+00:00,منفی,0.79,محصول | اصل بودن کالا,اصل بودن کالا
‫کرم پودر پمپی مات کننده قوی مناسب پوست چرب حجم 35 میلی لیتر,https://www.khanoumi.com/products/note-mattifying-extreme-wear--foundation-19324,خیلی خوبه خدایی کاور بالایی داره,0,true,2024-04-02T16:06:16+00:00,مثبت,0.91,سایر,سایر
‫کرم پودر پمپی مات کننده قوی مناسب پوست چرب حجم 35 میلی لیتر,https://www.khanoumi.com/products/note-mattifying-extreme-wear--foundation-19324,من کرم پودر تا دلتون بخواد امتحان کردم. این جزء معمولی ها بوده. اگه پوستتون خشکه اصلا و ابدا گزینه مناسبی براتون نیست. حتی افرادی که پوست چرب دارن هم باید مرطوب کننده بزنن زیرش. با دست اصلا پخش نمیشه و حتما باید پد داشته باشید اما بعد از این که زدید پوشش مخملی خوبی داره و دوامش هم خوبه. این رنگ استخوانی عه و برای افراد با رنگ روشن مناسبه حتی اگه یکم گندمی هم باشی تو ذوق میزنه,0,true,2024-02-23T12:48:23+00:00,ترکیبی,0.87,محصول | اصل بودن کالا,محصول
‫کرم پودر پمپی مات کننده قوی مناسب پوست چرب حجم 35 میلی لیتر,https://www.khanoumi.com/products/note-mattifying-extreme-wear--foundation-19324,من خریدمش اصلا رو پوستم نمیخابه دوبار تلاش کردم ازش استفاده کنم ولی اصلا نشد و صورتمو شستم,1,true,2023-10-21T14:22:38+00:00,خنثی,0.35,محصول | اصل بودن کالا,محصول
‫کرم پودر پمپی مات کننده قوی مناسب پوست چرب حجم 35 میلی لیتر,https://www.khanoumi.com/products/note-mattifying-extreme-wear--foundation-19324,کرم پودر خیلی خوبی بود . قشنگ مات کرد ,10,true,2023-07-17T13:04:20+00:00,مثبت,0.79,محصول,محصول
‫کرم پودر پمپی مات کننده قوی مناسب پوست چرب حجم 35 میلی لیتر,https://www.khanoumi.com/products/note-mattifying-extreme-wear--foundation-19324,پوشانندگی نچرال ولی کاملی داره صورتو قشنگ صاف و مات میکنه و مقدار کمش هم اثر خوبی میزاره اما با این قیمت و این حجم که حتی وقتی کم استفاده کنی زود تموم بشه اصلا نمی ارزه و کرم پودرهایی با همین کیفیت و قیمت پایینتر وجود داره,5,false,2023-06-09T23:13:44+00:00,خنثی,0.35,محصول | قیمت | اصل بودن کالا,محصول
‫کرم پودر پمپی مات کننده قوی مناسب پوست چرب حجم 35 میلی لیتر,https://www.khanoumi.com/products/note-mattifying-extreme-wear--foundation-19324,سلام شماره 10 مجدد شارژ کنید لطفاااااا ممنون,1,false,2023-06-03T12:16:37+00:00,مثبت,0.67,سایر,سایر
‫کرم پودر پمپی مات کننده قوی مناسب پوست چرب حجم 35 میلی لیتر,https://www.khanoumi.com/products/note-mattifying-extreme-wear--foundation-19324,برای پوست های چرب عالیه و راحت و پوست میخوابه . پوشانندگی نسبتا خوبی داره ,2,true,2023-04-19T12:54:08+00:00,مثبت,0.91,محصول,محصول
‫کرم پودر پمپی مات کننده قوی مناسب پوست چرب حجم 35 میلی لیتر,https://www.khanoumi.com/products/note-mattifying-extreme-wear--foundation-19324,سلام چرا انقدر دیر شارژ میشه من از قبل از عید سفارشامو نگه داشتم که شارژ کنین ولی متاسفانه شارژ نمیشه ,1,true,2023-03-29T10:51:23+00:00,مثبت,0.67,محصول,محصول
‫کرم پودر پمپی مات کننده قوی مناسب پوست چرب حجم 35 میلی لیتر,https://www.khanoumi.com/products/note-mattifying-extreme-wear--foundation-19324,شماره صفر نه این کرم پودر رو موجود کنید. ,2,true,2023-01-28T14:34:52+00:00,خنثی,0.35,محصول,محصول
‫کرم پودر پمپی مات کننده قوی مناسب پوست چرب حجم 35 میلی لیتر,https://www.khanoumi.com/products/note-mattifying-extreme-wear--foundation-19324,پوشانندگیشو من اصلا راضی نیستم، روی پوست خوب نمیخوابه,5,true,2022-12-01T12:07:44+00:00,منفی,0.91,محصول | اصل بودن کالا,اصل بودن کالا
‫کرم پودر پمپی مات کننده قوی مناسب پوست چرب حجم 35 میلی لیتر,https://www.khanoumi.com/products/note-mattifying-extreme-wear--foundation-19324,"کرم پودر نوت، یک کرم پودر با کاور خیلی بالاست که به سرعت جذب پوست میشه و به راحتی قابل پخش شدنه. اصلا روی صورت نمی ماسه و پوسته پوسته نمیشه. پوست صورت رو کاملا مات و یکدست می کنه و اصلا جلوه براق و درخشانی نداره.
یکی از مزیت‌های اصلی دیگه این کرم، رنگبندی کامل و متنوع اونه. هر نوع رنگ پوستی که داشته باشید، به راحتی می‌تونید از این محصول استفاده کنید.
",110,false,2022-02-16T08:46:20+00:00,مثبت,0.91,محصول | اصل بودن کالا,محصول
‫کرم پودر پمپی مات کننده قوی مناسب پوست چرب حجم 35 میلی لیتر,https://www.khanoumi.com/products/note-mattifying-extreme-wear--foundation-19324,ماندگاری خیلی کمی داره در حد یک ساعت کاورش تو یک ساعت اول خوبه اما کرم پودر خیلی خشکی هست و خوب روی پوست نمیخوابه من پوستم چرب و مختلطه ,44,false,2021-12-28T22:43:45+00:00,مثبت,0.91,محصول,محصول
‫کرم پودر پمپی مات کننده قوی مناسب پوست چرب حجم 35 میلی لیتر,https://www.khanoumi.com/products/note-mattifying-extreme-wear--foundation-19324,برای استفاده روزانه یکم سنگین بود ولی پوشش خوبی داره ,43,false,2020-10-01T13:55:33+00:00,مثبت,0.67,محصول,محصول
‫کرم پودر پمپی مات کننده قوی مناسب پوست چرب حجم 35 میلی لیتر,https://www.khanoumi.com/products/note-mattifying-extreme-wear--foundation-19324,"عالیه دخترامن یک ساله استفاده میکنم😍😍😍😍😍😍

",22,false,2020-01-22T03:58:39+00:00,مثبت,0.79,سایر,سایر
‫کرم پودر پمپی مات کننده قوی مناسب پوست چرب حجم 35 میلی لیتر,https://www.khanoumi.com/products/note-mattifying-extreme-wear--foundation-19324,سلام من از شماره m13کرم پودر کالیستا استفاده میکنم کدوم شماره از کرم پودر نوت مناسب منه ؟؟؟,80,false,2019-11-26T00:39:15.9333333+00:00,خنثی,0.35,محصول,محصول
‫کرم پودر پمپی مات کننده قوی مناسب پوست چرب حجم 35 میلی لیتر,https://www.khanoumi.com/products/note-mattifying-extreme-wear--foundation-19324,پوشش دهی و ماندگاری خیلی خوبی داره و برای من که پوست چربی دارم واقعا خوب بود و تمام روز مات میمونه.,17,true,2019-10-25T13:30:55+00:00,مثبت,0.95,محصول,محصول
‫کرم پودر پمپی مات کننده قوی مناسب پوست چرب حجم 35 میلی لیتر,https://www.khanoumi.com/products/note-mattifying-extreme-wear--foundation-19324,برای پوست چرب مناسبه،دوام زیادی داری و یه بویی داره که اگه به بو حساسین شاید اذیت کننده باشه براتون,6,false,2019-10-19T14:40:44+00:00,خنثی,0.35,محصول,محصول
‫کرم پودر پمپی مات کننده قوی مناسب پوست چرب حجم 35 میلی لیتر,https://www.khanoumi.com/products/note-mattifying-extreme-wear--foundation-19324,من كه راضي بودم كاش بازم از اون تخفيفاي خوب بزاريد,4,true,2019-10-11T09:20:37+00:00,مثبت,0.79,محصول | قیمت,محصول
‫کرم پودر پمپی مات کننده قوی مناسب پوست چرب حجم 35 میلی لیتر,https://www.khanoumi.com/products/note-mattifying-extreme-wear--foundation-19324,عالی بود واقعا,4,true,2019-09-25T19:11:44+00:00,مثبت,0.79,محصول,محصول
‫کرم پودر پمپی مات کننده قوی مناسب پوست چرب حجم 35 میلی لیتر,https://www.khanoumi.com/products/note-mattifying-extreme-wear--foundation-19324,من داشتم اصلا راضی نبودم مثل چسب میچسبه به پوست و اصلا برای من که پوست چربی دارم مات کنندگی نداشت وجوش زدم  ونصف بیشترش مونده یکساله,7,true,2019-08-08T16:08:34.9466667+00:00,منفی,0.67,محصول | اصل بودن کالا,اصل بودن کالا
‫کرم پودر پمپی مات کننده قوی مناسب پوست چرب حجم 35 میلی لیتر,https://www.khanoumi.com/products/note-mattifying-extreme-wear--foundation-19324,"سلام وقت بخیر. من پوستم روشنه چه, شماره ای خوبه برام. و اینکه پوستم نرماله ولی زود صورتم عرق می کنه. آیا برام مناسبه این کرم. ممنون میشم جواب بدین",25,false,2019-07-04T15:40:15.6733333+00:00,ترکیبی,0.87,محصول,محصول
‫کرم پودر پمپی مات کننده قوی مناسب پوست چرب حجم 35 میلی لیتر,https://www.khanoumi.com/products/note-mattifying-extreme-wear--foundation-19324,من یکساله فقط دارم ازاین کرم پودراستفاده میکنم واقعا عالیه ودرمانی هم هست ,17,false,2019-07-02T18:43:18.8733333+00:00,مثبت,0.79,محصول,محصول
‫کرم پودر پمپی مات کننده قوی مناسب پوست چرب حجم 35 میلی لیتر,https://www.khanoumi.com/products/note-mattifying-extreme-wear--foundation-19324,من یکساله فقط دارم ازاین کرم پودراستفاده میکنم واقعا عالیه ودرمانی هم هست ,4,false,2019-07-02T18:43:18.3866667+00:00,مثبت,0.79,محصول,محصول
‫کرم پودر پمپی مات کننده قوی مناسب پوست چرب حجم 35 میلی لیتر,https://www.khanoumi.com/products/note-mattifying-extreme-wear--foundation-19324,رژگونه نوت رو نمیارید؟؟؟؟,0,false,2019-06-23T22:19:15.0566667+00:00,خنثی,0.35,سایر,سایر
‫کرم پودر پمپی مات کننده قوی مناسب پوست چرب حجم 35 میلی لیتر,https://www.khanoumi.com/products/note-mattifying-extreme-wear--foundation-19324,سلام من از این محصول استفاده کردم اما اون کاور بالا که ازش انتظار میرفت نداره ولی سبک و طبیعی هست,1,false,2019-06-14T20:54:16.69+00:00,خنثی,0.35,محصول,محصول
‫کرم پودر پمپی مات کننده قوی مناسب پوست چرب حجم 35 میلی لیتر,https://www.khanoumi.com/products/note-mattifying-extreme-wear--foundation-19324,خب چرا ۱۳ شارژ نمیکیییییییییید!!!!!!!!!یک سال  بیشتره که منتظرم اینجا شارژ بشه ولی نمیشه...!حراج هم که میخواین بزارید کالاهاتون ناقصهههه الان,28,false,2018-11-17T13:50:13.6333333+00:00,خنثی,0.35,سایر,سایر
‫کرم پودر پمپی مات کننده قوی مناسب پوست چرب حجم 35 میلی لیتر,https://www.khanoumi.com/products/note-mattifying-extreme-wear--foundation-19324,بله. عوضش کرم دبورا پرفکت می اینجا کمتر از سایت های دیگه است، پس نمیشه ایراد گرفت ,2,false,2018-07-26T11:30:11+00:00,خنثی,0.35,محصول,محصول
‫کرم پودر پمپی مات کننده قوی مناسب پوست چرب حجم 35 میلی لیتر,https://www.khanoumi.com/products/note-mattifying-extreme-wear--foundation-19324,قیمت محصولات نوت سایت شما چرا انقد بالاست این کرم و سایت دیگه خیلی کمتر گذاشته است,22,false,2018-07-26T11:03:38+00:00,خنثی,0.35,محصول | قیمت,محصول
‫کرم پودر پمپی مات کننده قوی مناسب پوست چرب حجم 35 میلی لیتر,https://www.khanoumi.com/products/note-mattifying-extreme-wear--foundation-19324,حقیقتا مات کنندگی قویی داشت. واسه پوست خیلی چرب مناسبه. رنگ استخوانی برای پوست گندمی روشن مناسبه,9,true,2018-06-07T18:35:31.61+00:00,خنثی,0.35,محصول,محصول
‫کرم پودر پمپی مات کننده قوی مناسب پوست چرب حجم 35 میلی لیتر,https://www.khanoumi.com/products/note-mattifying-extreme-wear--foundation-19324,"زهرای عزیز
این محصول دارای پوشش قوی می باشد و کاملا عیوب پوست را میپوشاند ولی برای استفاده به طور روزانه توصیه نمی شود. برای استفاده روزانه از کرم پودر های سبکتر با پوشانندگی متوسط میتوانید استفاده کنید.
",7,false,2018-04-30T11:53:26.0333333+00:00,منفی,0.67,محصول,محصول
‫کرم پودر پمپی مات کننده قوی مناسب پوست چرب حجم 35 میلی لیتر,https://www.khanoumi.com/products/note-mattifying-extreme-wear--foundation-19324,سلام میشه لطف کنید بگید این کرم مناسب استفاده روزانه هست؟ ,13,false,2018-04-26T11:14:59.4733333+00:00,خنثی,0.35,محصول,محصول
‫کرم پودر پمپی مات کننده قوی مناسب پوست چرب حجم 35 میلی لیتر,https://www.khanoumi.com/products/note-mattifying-extreme-wear--foundation-19324,رنگ پژ عسلی ۱۱همون ۰۵ رنگ بند قبلی هست ؟ چون اونم پژ عسلی بود یعنی تفاوت رنگی نداره ؟,1,false,2018-04-10T19:28:00.3233333+00:00,خنثی,0.35,محصول,محصول
‫کرم پودر پمپی مات کننده قوی مناسب پوست چرب حجم 35 میلی لیتر,https://www.khanoumi.com/products/note-mattifying-extreme-wear--foundation-19324,سلام لطف میکنید رنگ مناسب پوست گندمی رو شارژ کنید ممنونم.,12,false,2018-03-13T11:40:05.5066667+00:00,مثبت,0.67,محصول,محصول
‫کرم پودر پمپی مات کننده قوی مناسب پوست چرب حجم 35 میلی لیتر,https://www.khanoumi.com/products/note-mattifying-extreme-wear--foundation-19324,لطفا رنگ استخوانی را شارژ کند من الان 1 ماهه همش چک میکنم ولی تموم شده ,10,false,2018-03-12T16:33:17.0666667+00:00,خنثی,0.35,محصول,محصول
‫کرم پودر پمپی مات کننده قوی مناسب پوست چرب حجم 35 میلی لیتر,https://www.khanoumi.com/products/note-mattifying-extreme-wear--foundation-19324,لطفا رنگ استخوانی رو شارژ کنید لطفااا😭😭😭,26,false,2018-02-22T14:10:21.4+00:00,خنثی,0.35,محصول,محصول
‫کرم پودر پمپی مات کننده قوی مناسب پوست چرب حجم 35 میلی لیتر,https://www.khanoumi.com/products/note-mattifying-extreme-wear--foundation-19324,"سلام 
ممنون ميشم رنگ هاي روشن اين كرم پودر براي پوست هاي گندمي روشن هم شارژ كنيد ، مرسي از سايت خوبتان",28,false,2018-02-18T09:46:16.9966667+00:00,مثبت,0.91,محصول,محصول
‫کرم پودر پمپی مات کننده قوی مناسب پوست چرب حجم 35 میلی لیتر,https://www.khanoumi.com/products/note-mattifying-extreme-wear--foundation-19324,"سلام
هیچکدوم  از کرم پودراتون رنگ روشنش شارژ نیس. بااینکه این برند رو تازه رو نمایی کردین. ",21,false,2018-02-02T09:35:55.51+00:00,خنثی,0.35,محصول,محصول
‫کرم پودر پمپی مات کننده قوی مناسب پوست چرب حجم 35 میلی لیتر,https://www.khanoumi.com/products/note-mattifying-extreme-wear--foundation-19324,رنگ‎هاش خیلی تیره است. شماره 9 رو شارژ کنید,17,false,2018-02-01T11:50:59.3466667+00:00,خنثی,0.35,محصول,محصول
کرم پودر پمپی مدل Detox And Protect با spf15 حجم 35 میلی لیتر,https://www.khanoumi.com/products/note-detox-and-protect-foundation-19325,بسیار سبک و راحت بلند میشه با کاور متوسط,0,true,2026-08-28T22:43:57.6146737+03:30,خنثی,0.35,سایر,سایر
کرم پودر پمپی مدل Detox And Protect با spf15 حجم 35 میلی لیتر,https://www.khanoumi.com/products/note-detox-and-protect-foundation-19325,"من شماره 10رو خریدم رنگ روشن داره با تناژ هلویی ، برای رفتن به رستورانی یا یک جایی که ارایش ملایم میخوایم خوبه
اما برای جشنایی مثل عروسی کاور بالایی نداره اگر میخواید میکاپتون کاور زیاد داشته باشه انتظارتون براورده نمیکنه
موندگاریش خوبه هرچقدر رو صورت میمونه نماش بهتر میشه
مات نیست طبیعیه یه برق باحالی میفته رو صورت انگار پوستتون شادابه برق چربی نیست
فقط اولش یه بویی داره اما رو صورت پخش میشه دیگه نمیفهمید میره بوش
من درباره رنگش خیلی استرس داشتم ولی راضیم پوستم نسبت به این رنگ کرمپودر زرد تره یه خورده ولی خیلی جزیی معلومه 
عکسم میزارم استفاده کنید 
خیلی سریع خشک میشه خیلی خوب پخش میشه یه بخشایی که بافت مرده هست تابلو نمیکنه پوسته نمیده پچی نمیشه
من خودم برای روزمره اینا میخرم دوباره ولی برای میکاپ مجلسی نه یا روش پنکک میزنم یا کاوردارتر میخرم",0,true,2026-08-23T17:56:51.3679541+03:30,مثبت,0.95,محصول,محصول
کرم پودر پمپی مدل Detox And Protect با spf15 حجم 35 میلی لیتر,https://www.khanoumi.com/products/note-detox-and-protect-foundation-19325,خیلی سبک و ماته بدون چربی ولی پوشانندگی زیادی نداره,0,true,2026-07-11T14:23:19.1947048+03:30,منفی,0.67,سایر,سایر
کرم پودر پمپی مدل Detox And Protect با spf15 حجم 35 میلی لیتر,https://www.khanoumi.com/products/note-detox-and-protect-foundation-19325,من راضی بودم ازش,0,true,2026-05-11T22:49:48.5096798+03:30,مثبت,0.67,محصول,محصول
کرم پودر پمپی مدل Detox And Protect با spf15 حجم 35 میلی لیتر,https://www.khanoumi.com/products/note-detox-and-protect-foundation-19325,"من قبلا این برند رو از بازار بزرگ خریدم که فیک بود.ولی این سری از خانومی خریدم اصل بود،این یکی خیلی بوی خوبی داره.کاورش خوبه و برای روزمره سبکه.من راضی ام ازش..
فقط یه نکته که اگه مصرف تون کمه حتما توی تابستون بزارید توی یخچال که فاسد نشه.
کلا لوازم ارایشی رو توی گرما نزارید که خراب می شن مخصوصا اونهایی که روی پوست قرار می گیرن",0,false,2026-04-27T09:05:30.8367718+03:30,ترکیبی,0.92,محصول | اصل بودن کالا,محصول
کرم پودر پمپی مدل Detox And Protect با spf15 حجم 35 میلی لیتر,https://www.khanoumi.com/products/note-detox-and-protect-foundation-19325,برای دوست روشن که صورت یکم گرم تره شماره09خوبه یعنی رو به سفید هلویی نباشه پوست اون‌شخص یکم زردی داشته باشه ولی اگه پوستتون سفید هلویی هست رنگ 010بهتر من که خیلی راضی ام خیلی کرم پودر خوشگلیه‌ روی پوست,0,false,2026-04-18T13:39:31.8291527+03:30,مثبت,0.95,محصول,محصول
کرم پودر پمپی مدل Detox And Protect با spf15 حجم 35 میلی لیتر,https://www.khanoumi.com/products/note-detox-and-protect-foundation-19325,یک سوال برای پوست روشن وانیلی خوبه؟,0,false,2026-04-13T17:09:50.3223848+03:30,مثبت,0.79,محصول,محصول
کرم پودر پمپی مدل Detox And Protect با spf15 حجم 35 میلی لیتر,https://www.khanoumi.com/products/note-detox-and-protect-foundation-19325,"عرض سلام و وقت بخیر 
بنده از این محصول تهیه کردم . از هر لحاظ راضی هستم .
رنگش ، کاورش ، بوی ملایم و سبک بودن کرم ، و بروز بودن تاریخ .
ممنونم از فروشگاه خوبتون و محصول نوت 
ممنونم باب",0,true,2026-01-18T13:24:20.7934266+03:30,مثبت,0.95,محصول,محصول
کرم پودر پمپی مدل Detox And Protect با spf15 حجم 35 میلی لیتر,https://www.khanoumi.com/products/note-detox-and-protect-foundation-19325,من قبلا استفاده کردم کرم پودر نوت شماره 14 برا پوست گندمی خییلی خوبه الانم دوباره از همین صفحه سفارش دادم .زیرش یه سرم یا مرطوب کننده بزنید خیییلی خوب کاور میکنه .,0,false,2025-12-13T12:46:46.0418752+03:30,مثبت,0.91,محصول,محصول
کرم پودر پمپی مدل Detox And Protect با spf15 حجم 35 میلی لیتر,https://www.khanoumi.com/products/note-detox-and-protect-foundation-19325,"من 13 شو داشتم امروز 11 شم خریدم بنظرم برای پوست گندمی 11 خیلی قشنگ تره چرا که 13 کمی تم زردی داشت اما 11 پوست رو سر حال تر و خوش رنگ تر میکنه 
چند ساله که از کرم پودر نوت استفاده میکنم یکم قلق داره که صاف و یک دست روی پوست بشینه و من ازش راضیم",0,true,2025-11-11T16:15:31.9086586+03:30,مثبت,0.79,محصول,محصول
کرم پودر پمپی مدل Detox And Protect با spf15 حجم 35 میلی لیتر,https://www.khanoumi.com/products/note-detox-and-protect-foundation-19325,"از هرچی که خریده بودم تا الان بهتر بود 
شماره ده رو خریدم   بوی خوب و رنگ هلویی نچرال 
خیلی خوب میخوابه رو صورت",0,true,2025-06-26T06:58:33.8899799+00:00,مثبت,0.91,محصول,محصول
کرم پودر پمپی مدل Detox And Protect با spf15 حجم 35 میلی لیتر,https://www.khanoumi.com/products/note-detox-and-protect-foundation-19325,به نظرم خیلی بد بود هم بوی بسیار بدی داشت هم عین آب میمونه میزنی اصلا هم کاور نداره من رنگ وانیلی گرفتم در صورتیکه من همه محصولات نوت تا الان گرفتم عالی بودند,0,true,2025-05-06T09:09:45.2885265+00:00,ترکیبی,0.9,محصول | اصل بودن کالا,محصول
کرم پودر پمپی مدل Detox And Protect با spf15 حجم 35 میلی لیتر,https://www.khanoumi.com/products/note-detox-and-protect-foundation-19325,کرمپودر سبکی هست براحتی پخش میشه. پوشانندگی متوسط. رنگ 10 وانیلی مناسب پوست سفید است.,0,true,2025-05-04T17:21:01.2574237+00:00,خنثی,0.35,محصول,محصول
کرم پودر پمپی مدل Detox And Protect با spf15 حجم 35 میلی لیتر,https://www.khanoumi.com/products/note-detox-and-protect-foundation-19325,از محصولات نوت اصلا راضی نیستم فقط ریملشو استفاده نکردم و نمیتونم نظر بدم بقیه محصولاتش نسبت ب قیمت بالاش کیفیت پایینی داشت,0,false,2025-05-03T21:01:10.8293036+00:00,منفی,0.67,محصول | اصل بودن کالا | قیمت,اصل بودن کالا
کرم پودر پمپی مدل Detox And Protect با spf15 حجم 35 میلی لیتر,https://www.khanoumi.com/products/note-detox-and-protect-foundation-19325,"من از جایی دیگه خریدم نمیدونم فیک هستش یا نه 
با اونی که داشتم فرق میکنه",0,true,2025-04-05T22:18:33.4420348+00:00,مثبت,0.67,اصل بودن کالا,اصل بودن کالا
کرم پودر پمپی مدل Detox And Protect با spf15 حجم 35 میلی لیتر,https://www.khanoumi.com/products/note-detox-and-protect-foundation-19325,میشه شماره 11 شارژ کنید,0,false,2025-01-31T10:45:53.0030085+00:00,خنثی,0.35,سایر,سایر
کرم پودر پمپی مدل Detox And Protect با spf15 حجم 35 میلی لیتر,https://www.khanoumi.com/products/note-detox-and-protect-foundation-19325,لطفا رنگ هاشو شارژ کنید,0,false,2025-01-17T16:40:33.417975+00:00,خنثی,0.35,محصول,محصول
کرم پودر پمپی مدل Detox And Protect با spf15 حجم 35 میلی لیتر,https://www.khanoumi.com/products/note-detox-and-protect-foundation-19325,کرم پودر خوبیه  خیلی سبکه به راحتی پخش میشه پوست رو خشک نمیکنه  خیلی خوب به دستم رسید تاریخ انقضای خوبی هم داشت فقط پیگمنت کمی داره، کمی بیشتر از ضد افتاب!  ولی در کل پیشنهاد میکنم,0,true,2024-12-12T16:26:02.2954886+00:00,مثبت,0.79,محصول | تحویل و ارسال,محصول
کرم پودر پمپی مدل Detox And Protect با spf15 حجم 35 میلی لیتر,https://www.khanoumi.com/products/note-detox-and-protect-foundation-19325,خواهشا شماره 09رو موجود کنید رنگ‌استخونی,0,false,2024-12-06T05:37:48.3343706+00:00,خنثی,0.35,محصول,محصول
کرم پودر پمپی مدل Detox And Protect با spf15 حجم 35 میلی لیتر,https://www.khanoumi.com/products/note-detox-and-protect-foundation-19325,برای گندمی روشن کدوم شماره اوکی هست,0,false,2024-12-02T05:06:21.2955132+00:00,خنثی,0.35,سایر,سایر
کرم پودر پمپی مدل Detox And Protect با spf15 حجم 35 میلی لیتر,https://www.khanoumi.com/products/note-detox-and-protect-foundation-19325,تخفیف 50 درصد بذارید لطفا,0,true,2024-10-31T14:51:58.4188248+00:00,خنثی,0.35,قیمت,قیمت
کرم پودر پمپی مدل Detox And Protect با spf15 حجم 35 میلی لیتر,https://www.khanoumi.com/products/note-detox-and-protect-foundation-19325,موجود کنید,0,true,2024-10-15T09:40:07.4518002+00:00,خنثی,0.35,محصول,محصول
کرم پودر پمپی مدل Detox And Protect با spf15 حجم 35 میلی لیتر,https://www.khanoumi.com/products/note-detox-and-protect-foundation-19325,عالیه حتی بهتر از استی لادر و کرم های گرون قیمت,0,false,2024-10-03T15:09:58.8850077+00:00,مثبت,0.79,قیمت | محصول,قیمت
کرم پودر پمپی مدل Detox And Protect با spf15 حجم 35 میلی لیتر,https://www.khanoumi.com/products/note-detox-and-protect-foundation-19325,خوب بود,0,true,2024-10-03T14:47:47.9374819+00:00,مثبت,0.79,محصول,محصول
کرم پودر پمپی مدل Detox And Protect با spf15 حجم 35 میلی لیتر,https://www.khanoumi.com/products/note-detox-and-protect-foundation-19325,توصیه نمی کنم و راضی نبودم از کیفیت و حجمش ,0,true,2024-09-10T14:19:01+00:00,منفی,0.79,محصول,محصول
کرم پودر پمپی مدل Detox And Protect با spf15 حجم 35 میلی لیتر,https://www.khanoumi.com/products/note-detox-and-protect-foundation-19325,برای پوست چرب مناسبه؟,0,false,2024-08-28T23:29:40+00:00,خنثی,0.35,محصول,محصول
کرم پودر پمپی مدل Detox And Protect با spf15 حجم 35 میلی لیتر,https://www.khanoumi.com/products/note-detox-and-protect-foundation-19325,لطفا مجدد تخفیف بذارید,0,false,2024-07-22T13:53:41+00:00,خنثی,0.35,قیمت,قیمت
کرم پودر پمپی مدل Detox And Protect با spf15 حجم 35 میلی لیتر,https://www.khanoumi.com/products/note-detox-and-protect-foundation-19325,"خوبه ولی زیاد کاور نمیکنه 
شماره 11 برا پوست گندمی مناسبه ",0,true,2024-06-08T21:26:16+00:00,مثبت,0.79,محصول,محصول
کرم پودر پمپی مدل Detox And Protect با spf15 حجم 35 میلی لیتر,https://www.khanoumi.com/products/note-detox-and-protect-foundation-19325,خیلی محصول خوبیه، لطفا موجودش کنین,0,true,2024-06-07T11:50:45+00:00,مثبت,0.67,محصول,محصول
کرم پودر پمپی مدل Detox And Protect با spf15 حجم 35 میلی لیتر,https://www.khanoumi.com/products/note-detox-and-protect-foundation-19325,پوستم روشن هست بنظرتون چه شماره ی بگیرم ,0,true,2024-05-24T14:57:24+00:00,خنثی,0.35,محصول,محصول
کرم پودر پمپی مدل Detox And Protect با spf15 حجم 35 میلی لیتر,https://www.khanoumi.com/products/note-detox-and-protect-foundation-19325,تخفیفاتشو زیادد کنید ,0,true,2024-05-22T18:55:48+00:00,خنثی,0.35,قیمت,قیمت
کرم پودر پمپی مدل Detox And Protect با spf15 حجم 35 میلی لیتر,https://www.khanoumi.com/products/note-detox-and-protect-foundation-19325,چند ساله که از این کرم پودر میخرم.برای پوست گندمی شماره ی دهش عالیه و سبکم هست.,0,true,2024-04-18T01:51:40+00:00,مثبت,0.79,محصول,محصول
کرم پودر پمپی مدل Detox And Protect با spf15 حجم 35 میلی لیتر,https://www.khanoumi.com/products/note-detox-and-protect-foundation-19325,من کرم پودر بالنوم روبا قیمت مناسب تر از فروشگاه مادام مد خرید خیلیم راضیم,0,false,2024-04-14T16:15:31+00:00,مثبت,0.79,محصول | قیمت,محصول
کرم پودر پمپی مدل Detox And Protect با spf15 حجم 35 میلی لیتر,https://www.khanoumi.com/products/note-detox-and-protect-foundation-19325,پایه ثابت لوازم ارایشم خیلییییی خفنه,0,false,2024-01-08T19:25:04+00:00,خنثی,0.35,محصول,محصول
کرم پودر پمپی مدل Detox And Protect با spf15 حجم 35 میلی لیتر,https://www.khanoumi.com/products/note-detox-and-protect-foundation-19325,برای رنگ پوست گندمی متمایل به سبزه کدوم شمارش خوبه ؟!,0,false,2023-12-26T15:11:01+00:00,مثبت,0.79,محصول,محصول
کرم پودر پمپی مدل Detox And Protect با spf15 حجم 35 میلی لیتر,https://www.khanoumi.com/products/note-detox-and-protect-foundation-19325,"کرم پودر خوبیه،کاورش متوسطه،لک رو خوب کاور میکنه و جوش های التهابی هم تاحدودی،بافتشم یه چیز نرماله نه خیلی خشکه نه خیلی رقیق واسه پوست من که مختلطه خیلی خوب بود و روش خیلی خوب میشینه و نمیماسه،برقم چندان نمیندازه 
من شماره 12 اش رو گرفتم که واسه من که پوستم نسبتا گندمی هست تیره بود و یه رنگ کاراملی طور داشت که اگه پوستتون روشن باشه یا باید خیلی کم بزنید یا با کرم دیگه ای مخلوط کنید
",0,false,2023-12-19T20:55:08+00:00,مثبت,0.95,محصول,محصول
کرم پودر پمپی مدل Detox And Protect با spf15 حجم 35 میلی لیتر,https://www.khanoumi.com/products/note-detox-and-protect-foundation-19325,لطفا 13 رو موجود کنید,0,false,2023-12-18T21:02:11+00:00,خنثی,0.35,محصول,محصول
کرم پودر پمپی مدل Detox And Protect با spf15 حجم 35 میلی لیتر,https://www.khanoumi.com/products/note-detox-and-protect-foundation-19325,"با توجه به نظرات مثبت خریداری کردم شماره ی 9و13 پوستم گندمی روشن هست
13 پست برنزه خوشکلی روی پوستم داره  اما متاسفانه هیچ کدام جذب خوبی ندارن اصلا روی پوست خوب نمیشینه
کیفیت شیشه طوری هست که به نظر میرسه فیک باشه 
شماره 9 مناسب پوست گندمی روشن نیست خیلی سفید هست 
",0,true,2023-12-18T04:32:29+00:00,ترکیبی,0.79,محصول | اصل بودن کالا | تحویل و ارسال,محصول
کرم پودر پمپی مدل Detox And Protect با spf15 حجم 35 میلی لیتر,https://www.khanoumi.com/products/note-detox-and-protect-foundation-19325,رنگ وانیلیا،برای پوست گندمی من ،پوشش دهی کمی داشت و من باید تیره تر میگرفتم.این شماره برای پوست های گندمی کاور خویی نداره.,0,true,2023-12-17T13:30:07+00:00,خنثی,0.35,محصول,محصول
کرم پودر پمپی مدل Detox And Protect با spf15 حجم 35 میلی لیتر,https://www.khanoumi.com/products/note-detox-and-protect-foundation-19325,اصلا کاور نداره و رو پوست نمیخوابه، خیلی ناراضی ام,0,true,2023-12-13T09:38:50+00:00,ترکیبی,0.66,محصول | اصل بودن کالا,محصول
کرم پودر پمپی مدل Detox And Protect با spf15 حجم 35 میلی لیتر,https://www.khanoumi.com/products/note-detox-and-protect-foundation-19325,سلام لطفا شماره 01 رو شارژ کنید خیلی گشتم ولی پیداش نکردم، رنگ بژ طبیعی میشه,1,true,2023-09-22T13:40:59+00:00,خنثی,0.35,محصول,محصول
کرم پودر پمپی مدل Detox And Protect با spf15 حجم 35 میلی لیتر,https://www.khanoumi.com/products/note-detox-and-protect-foundation-19325,"پارسال شماره 11 گرفتم برای پوست روشن عالی میشه یکم صورتی طوره...اینبار شماره 13گرفتم که نخودی و پژ رنگش عالیه...خیلی راضی ام 
بهترین کرم پودر دنیاس به نظرم😍 چندوقت پیش میبلین گرفتم عین گچ میچسبه به صورت حتی نمیشه پخشش کرد دوباره برگشتم به نوت و 13 رو سفارش دادم",6,true,2023-05-22T13:29:29+00:00,مثبت,0.95,محصول | تحویل و ارسال | خدمات و پشتیبانی,محصول
کرم پودر پمپی مدل Detox And Protect با spf15 حجم 35 میلی لیتر,https://www.khanoumi.com/products/note-detox-and-protect-foundation-19325,من از خانومی خریدم پوستم چربه اما اصلا رو پوست نمیخوابید توصیه نمیکنم برای پوست چربا,2,false,2023-05-11T13:42:13+00:00,خنثی,0.35,محصول | اصل بودن کالا,محصول
کرم پودر پمپی مدل Detox And Protect با spf15 حجم 35 میلی لیتر,https://www.khanoumi.com/products/note-detox-and-protect-foundation-19325,لطفا شماره 11 رو شارژ کنید🙏🏻,3,false,2023-02-28T21:37:49+00:00,خنثی,0.35,سایر,سایر
کرم پودر پمپی مدل Detox And Protect با spf15 حجم 35 میلی لیتر,https://www.khanoumi.com/products/note-detox-and-protect-foundation-19325,این کرم پودر پوشش دهی خیلی خوبی داره و خیلی روی پوست سبکه. اصلا حس سنگینی و چربی ایجاد نمیکنه. برای استفاده روزانه خیلی خوبه. رنگهای مختلفی داره و میتونید با توجه به رنگ پوستتون انتخاب کنید. spf15 داره و تست حیوانی هم نداره. پوست نرم و یکدست میکنه و ارزش خرید داره,8,false,2022-10-17T08:45:31+00:00,مثبت,0.95,محصول | اصل بودن کالا | قیمت,محصول
کرم پودر پمپی مدل Detox And Protect با spf15 حجم 35 میلی لیتر,https://www.khanoumi.com/products/note-detox-and-protect-foundation-19325,عالی بود دفعه دومه که شارژش میکنم ,2,false,2022-08-03T11:54:59+00:00,مثبت,0.79,محصول,محصول
کرم پودر پمپی مدل Detox And Protect با spf15 حجم 35 میلی لیتر,https://www.khanoumi.com/products/note-detox-and-protect-foundation-19325,واسه رنگ پوست گندمی حالا یه خورده تیره 11مناسبه یا 10,40,false,2021-06-10T01:14:47+00:00,خنثی,0.35,محصول,محصول
کرم پودر پمپی مدل Detox And Protect با spf15 حجم 35 میلی لیتر,https://www.khanoumi.com/products/note-detox-and-protect-foundation-19325,من شماره ۱۰ این کرم پودر رو دارم واقعا عالیه رنگشم مناسبه پوستم بود رنگ پوستم گندمیه ,17,false,2019-07-02T19:26:19.83+00:00,مثبت,0.79,محصول,محصول
کرم پودر پمپی مدل Detox And Protect با spf15 حجم 35 میلی لیتر,https://www.khanoumi.com/products/note-detox-and-protect-foundation-19325,من از این کرم پودر داشتم ولی اصلا شماره هاش اینطور نبود درضمن فیک هم نبود تو سایت نوت هم مثل رنگ بندی و نوشته های کرم من بود و فوق العاده بود برای من,59,false,2018-06-03T00:09:13.9733333+00:00,مثبت,0.91,محصول | اصل بودن کالا,محصول
‫کرم پودر جوان کننده مناسب انواع پوست حجم 35 میلی لیتر,https://www.khanoumi.com/products/note-rejuvenating-foundation-19326,بهترینههههه من انقد از کاورش راضیممم,0,true,2026-08-20T16:16:18.9469651+03:30,مثبت,0.91,سایر,سایر
‫کرم پودر جوان کننده مناسب انواع پوست حجم 35 میلی لیتر,https://www.khanoumi.com/products/note-rejuvenating-foundation-19326,"برای من بوی خیلی شدیدی داشت کاور متوسط 
پوستم خشک و گندمی",0,true,2026-08-15T14:42:41.9796455+03:30,خنثی,0.35,محصول,محصول
‫کرم پودر جوان کننده مناسب انواع پوست حجم 35 میلی لیتر,https://www.khanoumi.com/products/note-rejuvenating-foundation-19326,من رنگ پوستم گندمی روشن هست و کرم رز رو سفارش دادم ولی بعد از استفاده یه مقدار اکسید و تیره تر میشه که من دوست داشتم روشن تر بود ولی کرم خوبی هست ولی نیاز به زیرساز درستی  داره وگرنه به خوبی پخش و یکدست نمیشه,0,true,2026-06-12T09:26:03.495457+03:30,مثبت,0.91,محصول,محصول
‫کرم پودر جوان کننده مناسب انواع پوست حجم 35 میلی لیتر,https://www.khanoumi.com/products/note-rejuvenating-foundation-19326,"خیلی عالی و سبکه.. من از کاورش راضی بودم و حتی برای عروسی هم استفاده کردم
اگر از کاورش راضی نبودین میتونید یک تا دو شماره بالاتر بگیرید
من شماره 10 رو خریدم ک خیلی نچراله اما خواهرم 12 تفاوت اینجاس ک برای خواهرم کاملا کاورش بیشتر بود",0,true,2026-06-11T08:39:12.8097188+03:30,مثبت,0.67,محصول,محصول
‫کرم پودر جوان کننده مناسب انواع پوست حجم 35 میلی لیتر,https://www.khanoumi.com/products/note-rejuvenating-foundation-19326,"عالیه اصلا حسش نمیکنم وقتی میکاپ میکنم بی‌نظیره 
اصلا هم جوش نمیده و حساسیت نداره فقط کاورش برا روزمرگی خوبه",0,true,2026-05-08T02:02:37.7135974+03:30,مثبت,0.79,اصل بودن کالا,اصل بودن کالا
‫کرم پودر جوان کننده مناسب انواع پوست حجم 35 میلی لیتر,https://www.khanoumi.com/products/note-rejuvenating-foundation-19326,عالی,0,true,2026-04-08T20:10:05.2317877+03:30,مثبت,0.67,سایر,سایر
‫کرم پودر جوان کننده مناسب انواع پوست حجم 35 میلی لیتر,https://www.khanoumi.com/products/note-rejuvenating-foundation-19326,ببخشید  من واسه مراسم خاص میخوام کاور بالا و ماندگاری خوبی داشته باشه کدوم کرم پودر خوبه؟,0,false,2026-03-07T19:46:19.5047467+03:30,مثبت,0.91,محصول,محصول
‫کرم پودر جوان کننده مناسب انواع پوست حجم 35 میلی لیتر,https://www.khanoumi.com/products/note-rejuvenating-foundation-19326,من تازه گرفتم اصلا راضی نبودم، پوست من مختلط هست،پوسته پوسته شد روی صورتم وپوشش دهی نداشت,0,true,2026-01-24T02:05:57.4714541+03:30,منفی,0.79,محصول | اصل بودن کالا,اصل بودن کالا
‫کرم پودر جوان کننده مناسب انواع پوست حجم 35 میلی لیتر,https://www.khanoumi.com/products/note-rejuvenating-foundation-19326,من رنگ 13 رو گرفتم کاملا مناسب رنگ پوستم بود چروک نمیشه اما پوشانندگی عجیب و غریب نداره,0,false,2026-01-18T15:38:38.9340737+03:30,خنثی,0.35,محصول,محصول
‫کرم پودر جوان کننده مناسب انواع پوست حجم 35 میلی لیتر,https://www.khanoumi.com/products/note-rejuvenating-foundation-19326,اکه قبلش پرایمر بزنی و بعد ازین استفاده کنی و بعدم پودر فیکس عالیه من پوستم فوق العاده چرب هست اصلا روغن پس نمیده بعد از چند ساعت واقعا کرم پودر عالی ای هست,0,true,2026-01-14T18:20:33.6923679+03:30,مثبت,0.95,محصول | اصل بودن کالا,محصول
‫کرم پودر جوان کننده مناسب انواع پوست حجم 35 میلی لیتر,https://www.khanoumi.com/products/note-rejuvenating-foundation-19326,من از جایی دیگه خریدم اینجا دیدم هست خریدم و واقعا کرم نرم مخملی میشه رو پوست عالیه فقط کاش تخفیف بزارین,0,false,2025-11-23T14:49:20.8875615+03:30,مثبت,0.79,محصول | قیمت,محصول
‫کرم پودر جوان کننده مناسب انواع پوست حجم 35 میلی لیتر,https://www.khanoumi.com/products/note-rejuvenating-foundation-19326,من بسیار راضی بودم هم پوشانندگیش خوبه هم سبک هست هم طبیعیه روی صورت خیلی خوبه,0,true,2025-11-06T15:59:25.6351561+03:30,مثبت,0.95,محصول,محصول
‫کرم پودر جوان کننده مناسب انواع پوست حجم 35 میلی لیتر,https://www.khanoumi.com/products/note-rejuvenating-foundation-19326,کرم پودر خوبیه برای پوست خشک و واقعا آبرسانه اما کاورش معمولیه,0,false,2025-10-23T14:55:22.7553089+03:30,مثبت,0.67,محصول,محصول
‫کرم پودر جوان کننده مناسب انواع پوست حجم 35 میلی لیتر,https://www.khanoumi.com/products/note-rejuvenating-foundation-19326,میشه روی پوست دست رنگاشو بذارید تشخیص بدیم کدومو بخریم؟,0,false,2025-08-12T19:59:32.0334046+00:00,منفی,0.67,محصول,محصول
‫کرم پودر جوان کننده مناسب انواع پوست حجم 35 میلی لیتر,https://www.khanoumi.com/products/note-rejuvenating-foundation-19326,بسیار کرم سبکی هست. مات و تا مقدار چشم گیری کاور خیلی خوبی داره . ماندگاری بالایی داره بسیار راضی بودم هم برای خودم هم مادرم استفاده کردیم بسیار عالی بود .,0,true,2025-08-02T04:18:21.4131534+00:00,مثبت,0.95,محصول,محصول
‫کرم پودر جوان کننده مناسب انواع پوست حجم 35 میلی لیتر,https://www.khanoumi.com/products/note-rejuvenating-foundation-19326,"فوق العاده کرم سبک و نرم و طبیعی 
عالیه",0,true,2025-06-09T19:01:25.6841591+00:00,مثبت,0.91,محصول,محصول
‫کرم پودر جوان کننده مناسب انواع پوست حجم 35 میلی لیتر,https://www.khanoumi.com/products/note-rejuvenating-foundation-19326,من راضی نبودم، خیلی ضعیف بود و زود هم حالت چروک و پوست پوست میشه,0,true,2025-01-22T14:02:47.2038121+00:00,خنثی,0.4,محصول,محصول
‫کرم پودر جوان کننده مناسب انواع پوست حجم 35 میلی لیتر,https://www.khanoumi.com/products/note-rejuvenating-foundation-19326,یه سوال چرا بعضی از رنگا تخفیف بالاتر دارن بعضیا هیچ تخفیف ندارن,0,false,2024-12-23T19:45:57.4177815+00:00,خنثی,0.35,قیمت | محصول,قیمت
‫کرم پودر جوان کننده مناسب انواع پوست حجم 35 میلی لیتر,https://www.khanoumi.com/products/note-rejuvenating-foundation-19326,من خیلی ازش راضی‌ام. بافت قشنگی داره,0,true,2024-12-11T18:44:44.6420499+00:00,مثبت,0.67,محصول,محصول
‫کرم پودر جوان کننده مناسب انواع پوست حجم 35 میلی لیتر,https://www.khanoumi.com/products/note-rejuvenating-foundation-19326,تنها کرمپودریه که شارژ میکنم پوست من خشکه برای پوست من عالیه واقعا,0,false,2024-11-25T19:01:25.0161116+00:00,مثبت,0.79,محصول,محصول
‫کرم پودر جوان کننده مناسب انواع پوست حجم 35 میلی لیتر,https://www.khanoumi.com/products/note-rejuvenating-foundation-19326,"عالی بود واقعا بی نظیر بود 
من که خیلی دوس داشتم",0,true,2024-10-31T11:50:28.9561714+00:00,مثبت,0.79,محصول,محصول
‫کرم پودر جوان کننده مناسب انواع پوست حجم 35 میلی لیتر,https://www.khanoumi.com/products/note-rejuvenating-foundation-19326,بهترین کرم پودری که خریدم همین بود خیلی سبکه و اصلا حس نمیشه موجود کنین.,0,true,2024-09-22T19:05:29+00:00,خنثی,0.35,محصول | اصل بودن کالا,محصول
‫کرم پودر جوان کننده مناسب انواع پوست حجم 35 میلی لیتر,https://www.khanoumi.com/products/note-rejuvenating-foundation-19326,"برای مصرف روزانه مناسبه 
اگر کرمپودر خیلی کاور بالا میخواید این کرم مناسبتون نیست
من پوستم خشکه این کرمپودر محصول مناسبی واسه استفاده روزانه است 
سبکه، کیکی نمیشه و کاور نسبتا خوبی داره",0,false,2024-09-14T17:21:19+00:00,مثبت,0.67,محصول,محصول
‫کرم پودر جوان کننده مناسب انواع پوست حجم 35 میلی لیتر,https://www.khanoumi.com/products/note-rejuvenating-foundation-19326,"کاورش خیلی خوب بود 
 خیلی رون سبک خوش رنگ و مات
تنها نکته بدش أین بود که یکم بو عطر میداد ",0,true,2024-07-27T13:34:28+00:00,مثبت,0.79,محصول,محصول
‫کرم پودر جوان کننده مناسب انواع پوست حجم 35 میلی لیتر,https://www.khanoumi.com/products/note-rejuvenating-foundation-19326,من راضی نبودم پوشش خوبی ندارد خیلی معمولیه ,0,true,2023-10-22T19:03:49+00:00,منفی,0.79,محصول,محصول
‫کرم پودر جوان کننده مناسب انواع پوست حجم 35 میلی لیتر,https://www.khanoumi.com/products/note-rejuvenating-foundation-19326,برای داشتن یک میکاپ کامل و بدون نقص انتخاب کرم پودر مناسب نقش مهم و حیاتی دارد. برای افرادی که تمایل دارند یک کرم پودر مرغوب با برند شناخته شده داشته باشند، کرم پودر نوت گزینه کاملا مناسبی است. این کرم پودر دارای پوشش دهی بالاست و به دلیل داشتن ویتامین ای و اس پی اف به سلامت و جوانی پوست شما کمک شایانی می‌کند. همچنین این محصول از بروز چروک و علائم پیری در پوست شما جلوگیری می کند. اگر شما هم جزو افرادی هستید که از محصولات وگان استفاده می کنند این کرم گزینه مناسبی است. ,17,false,2022-07-31T08:20:02+00:00,منفی,0.67,محصول,محصول
‫کرم پودر جوان کننده مناسب انواع پوست حجم 35 میلی لیتر,https://www.khanoumi.com/products/note-rejuvenating-foundation-19326,مهم‌ترین ویژگی که این کرم پودر داره، پوشانندگی بالای اونه. با استفاده از این کرم، پوست صورت کاملا صاف و یکدست میشه و تا چند ساعت بدون این که تغییری بکنه، ثابت باقی می‌مونه. حتی توی دمای شرجی و رطوبت هم ماندگاری بسیاری خوبی داره. بهتون توصیه می‌کنم اگر تو هوای شرجی بودید و خیلی عرق کردید فقط یک دستمال تمیز رو به صورت ضربه‌ای روی صورتتون بذارید و بردارید. با این کار کیفیت کرم پودرتون حفظ میشه. یکی دیگه از ویژگی‌های مثبت این کرم،  sfp 15  اونه که می‌تونه از پوست شما در برابر اشعه آفتاب محافظت کنه. کرم پودر نوت دارای رنگ بندی متنوع است و هر فردی با هر نوع پوستی می‌تونه از این محصول استفاده کنه.,21,false,2022-02-22T10:43:33+00:00,مثبت,0.79,محصول,محصول
‫کرم پودر جوان کننده مناسب انواع پوست حجم 35 میلی لیتر,https://www.khanoumi.com/products/note-rejuvenating-foundation-19326,کرم پودر خوبیه و پوشانندگی خیلی خوبی هم داره و برای استفاده روزانه هم مناسبه👌🏻,21,true,2020-07-30T16:10:44+00:00,مثبت,0.91,محصول,محصول
‫کرم پودر جوان کننده مناسب انواع پوست حجم 35 میلی لیتر,https://www.khanoumi.com/products/note-rejuvenating-foundation-19326,من این کرم پودر و دیروز خریدم پوشش خوبه من پوستم گندمی روشنه شماره ده خریدم و واقعا راضی ام یه پوشانندگی سبک و عالی ,30,false,2020-06-22T13:30:43+00:00,مثبت,0.95,محصول,محصول
‫کرم پودر جوان کننده مناسب انواع پوست حجم 35 میلی لیتر,https://www.khanoumi.com/products/note-rejuvenating-foundation-19326,من این مارک کرم پودر و زدم و بعدش تمام صورتم ملتهب شد و دونه زد یعنی نقطه نقطه پوست صورتم دونه شد...با مارک کالیستا هم این مشکلو داشتم دقیقا,25,false,2020-06-13T03:15:25+00:00,خنثی,0.35,محصول,محصول
‫کرم پودر جوان کننده مناسب انواع پوست حجم 35 میلی لیتر,https://www.khanoumi.com/products/note-rejuvenating-foundation-19326,من بژ طبيعي گرفتم رنگش خوبه ولي بدون اين جوشام كمتر ديده ميشن اصلا جوشارو نميپوشونه دورش سفيدك ميزنه,2,true,2019-12-01T16:06:16+00:00,ترکیبی,0.71,محصول | اصل بودن کالا,محصول
‫کرم پودر جوان کننده مناسب انواع پوست حجم 35 میلی لیتر,https://www.khanoumi.com/products/note-rejuvenating-foundation-19326,برای مصارف روزانه عالی بود😍,3,true,2019-10-03T20:31:19+00:00,مثبت,0.79,محصول,محصول
‫کرم پودر جوان کننده مناسب انواع پوست حجم 35 میلی لیتر,https://www.khanoumi.com/products/note-rejuvenating-foundation-19326,پوشش خیلی خوبی داره.. رنگ بندیشم خیلی خوبه ب پوست ایرانیا میخوره ولی برای استفاده روزانه مناسب نیس(کمی سنگینه) ک البته با این پوشش کامل طبیعیه ,4,false,2019-10-02T00:11:29+00:00,مثبت,0.95,محصول,محصول
‫کرم پودر جوان کننده مناسب انواع پوست حجم 35 میلی لیتر,https://www.khanoumi.com/products/note-rejuvenating-foundation-19326,چرا تخفیف ها اعمال نمیشن؟,23,false,2018-11-23T23:23:07.2466667+00:00,خنثی,0.35,قیمت,قیمت
‫کرم پودر جوان کننده مناسب انواع پوست حجم 35 میلی لیتر,https://www.khanoumi.com/products/note-rejuvenating-foundation-19326,منظورم از تموم شدن يعني اينكه زدين با تخفيف ميزنيم روش قيمت اصلي بر ميگرده ازتونم ميپرسيم ميگين تعدادش سريع تموم شده با اين قيمت😐,21,false,2018-11-22T22:07:49+00:00,مثبت,0.67,قیمت | محصول | اصل بودن کالا,قیمت
‫کرم پودر جوان کننده مناسب انواع پوست حجم 35 میلی لیتر,https://www.khanoumi.com/products/note-rejuvenating-foundation-19326,ساعت ١٠؛٥ دقيقه هست چجوري تو ٥ دقيقه اين كرم پودر تموم شد واقعا حراجتون دروغه,34,false,2018-11-22T22:06:14.7333333+00:00,خنثی,0.35,محصول,محصول
‫کرم پودر جوان کننده مناسب انواع پوست حجم 35 میلی لیتر,https://www.khanoumi.com/products/note-rejuvenating-foundation-19326,کرم پودر خوبیه مرطوبه و خیلی سنگین و مات نیست. ولی من رنگ ۰۸ رو دارم که دلم میخواست رنگ ۰۷ رو بگیرم که یکم روشن تر باشه ولی متاسفانه فقط رنگای تیره تر دارید,5,false,2018-08-15T14:06:29.81+00:00,ترکیبی,0.71,محصول,محصول
‫کرم پودر جوان کننده مناسب انواع پوست حجم 35 میلی لیتر,https://www.khanoumi.com/products/note-rejuvenating-foundation-19326,کرم پودر خوبیه و کلملا طبیعی هست روی پوست.ا ما کلا تناژ همه رنگاش تیره است. من پوستم روشنه. همیشه بژ روشن میگیرم. این محصول رو شماره 10 گرقتم. اما برام تیره بود. احتمالا دفع بعد رنگ 9رو سفارش بدم.,7,false,2018-08-12T21:47:12.01+00:00,ترکیبی,0.71,محصول,محصول
‫کرم پودر جوان کننده مناسب انواع پوست حجم 35 میلی لیتر,https://www.khanoumi.com/products/note-rejuvenating-foundation-19326,"من امروز اين محصول استفاده كردم بنظرم بعنوان يه كرم پودر سبك ، پوشش متوسط و مات كه بنظر من خوبه  و چون ضدآفتاب داره راضي ام ازش
همينطور رنگ بژ طبيعي اش خريدم كه خيلي خيلي صورت و طبيعي نشون ميده",8,true,2018-05-01T14:21:34.58+00:00,مثبت,0.95,محصول,محصول
‫کرم پودر جوان کننده مناسب انواع پوست حجم 35 میلی لیتر,https://www.khanoumi.com/products/note-rejuvenating-foundation-19326,خيلييييي عالي بود فقط نميدونم چرا چشمو اولش ميسوزونه سفارش دادم.کاش توي شانس هم بزارين ,8,false,2018-04-26T17:34:04.9233333+00:00,منفی,0.79,محصول,محصول
‫کرم پودر جوان کننده مناسب انواع پوست حجم 35 میلی لیتر,https://www.khanoumi.com/products/note-rejuvenating-foundation-19326,اشانتیون این محصول برای من ارسال شد و استفاده کردم ،واقعا عالی و سبکه ،زود جذب میشه پوششم خوب و ماته .خیلی راضی بودم و حتما میخرم...,9,false,2018-04-19T19:55:27.48+00:00,مثبت,0.91,محصول | تحویل و ارسال,محصول
‫کرم پودر جوان کننده مناسب انواع پوست حجم 35 میلی لیتر,https://www.khanoumi.com/products/note-rejuvenating-foundation-19326,هیچکدوم از اینا که میگن نیس فقط یه کرم پودر ساده اس برین توضیخات همین کالارو تو سایت دیگه ننوشته,1,true,2018-04-10T17:49:36+00:00,خنثی,0.35,محصول,محصول
‫کرم پودر جوان کننده مناسب انواع پوست حجم 35 میلی لیتر,https://www.khanoumi.com/products/note-rejuvenating-foundation-19326,روی پوست سبک نیست پیشنهاد نمی کنم,0,true,2018-02-24T23:26:50.79+00:00,منفی,0.67,محصول,محصول
‫کرم پودر جوان کننده مناسب انواع پوست حجم 35 میلی لیتر,https://www.khanoumi.com/products/note-rejuvenating-foundation-19326,شانننننس لطفا,3,false,2018-02-20T14:10:43.2733333+00:00,خنثی,0.35,سایر,سایر
‫کرم پودر جوان کننده مناسب انواع پوست حجم 35 میلی لیتر,https://www.khanoumi.com/products/note-rejuvenating-foundation-19326,من پوستم گندمی،کدوم رنگش برای من مناسبه؟,7,true,2018-02-05T12:23:53.2433333+00:00,خنثی,0.35,محصول,محصول
‫کرم پودر جوان کننده مناسب انواع پوست حجم 35 میلی لیتر,https://www.khanoumi.com/products/note-rejuvenating-foundation-19326,تا وقتی ارسال رایگان داره رنگ های دیگه رو شارژ نمیکنین؟😭,1,true,2018-02-01T04:06:23.3933333+00:00,خنثی,0.35,محصول | تحویل و ارسال,محصول
‫کرم پودر جوان کننده مناسب انواع پوست حجم 35 میلی لیتر,https://www.khanoumi.com/products/note-rejuvenating-foundation-19326,کمی چشمم میسوزاند و ازاردهنده است پوشش خوبی داره اماندگاریه بالا یی داره اما رنگبندیش برای پوست من که روشنه مناسب نیست برای گندمی ها مناسبه,1,true,2018-01-28T15:23:15.0833333+00:00,مثبت,0.67,محصول,محصول
‫کرم پودر مرطوب کننده مناسب پوست خشک حجم 35 میلی لیتر,https://www.khanoumi.com/products/note-luminous-moisturizing-foundation-19327,خیلی کرم خوبیه من پوستم چربه و قشنگ رو پوستم میشینه مخملی هست کاش خانومی یه تخفیف خوب بزنه من آخرین بار 498 بود خریدم,0,true,2026-05-30T16:38:31.9555882+03:30,مثبت,0.79,محصول | قیمت,محصول
‫کرم پودر مرطوب کننده مناسب پوست خشک حجم 35 میلی لیتر,https://www.khanoumi.com/products/note-luminous-moisturizing-foundation-19327,"کرم خیلی خوب و سبکی بود قشنگ رو پوست میشینه و یه بو خیلی خوبی داره 
ولی حتما یکی دو درجه از رنگ پوست خودتون روشن تر انتخاب کنید",0,false,2026-04-25T17:47:35.4502803+03:30,مثبت,0.95,محصول,محصول
‫کرم پودر مرطوب کننده مناسب پوست خشک حجم 35 میلی لیتر,https://www.khanoumi.com/products/note-luminous-moisturizing-foundation-19327,میشه روی پوست دست رنگاشو بذارید تشخیص بدیم کدومو بخریم,0,false,2025-08-12T19:58:54.1725987+00:00,منفی,0.67,محصول,محصول
‫کرم پودر مرطوب کننده مناسب پوست خشک حجم 35 میلی لیتر,https://www.khanoumi.com/products/note-luminous-moisturizing-foundation-19327,"راضی بودم فقط زود اکسید میشه
یه درجه از پوستتون روشن تر بگیرین حل میشه",0,true,2025-07-06T15:58:40.2269046+00:00,مثبت,0.67,محصول,محصول
‫کرم پودر مرطوب کننده مناسب پوست خشک حجم 35 میلی لیتر,https://www.khanoumi.com/products/note-luminous-moisturizing-foundation-19327,عالی خیلی عالی,0,false,2025-04-08T08:53:35.7906946+00:00,مثبت,0.79,سایر,سایر
‫کرم پودر مرطوب کننده مناسب پوست خشک حجم 35 میلی لیتر,https://www.khanoumi.com/products/note-luminous-moisturizing-foundation-19327,"من پوست خشکی دارم برای همین این کرم خیلی برای من مناسبه.
شماره 10 رو خریدم، رنگش طبیعی و گندمی روشن هست.
توقع دوام خیلی زیاد نداشته باشید ولی در مجموع کرمی خوبیه.",0,true,2025-03-23T12:10:35.1508474+00:00,مثبت,0.67,محصول,محصول
‫کرم پودر مرطوب کننده مناسب پوست خشک حجم 35 میلی لیتر,https://www.khanoumi.com/products/note-luminous-moisturizing-foundation-19327,لطفاً تخفیف بالا بذارید,0,false,2024-12-16T03:39:06.4699894+00:00,خنثی,0.35,قیمت,قیمت
‫کرم پودر مرطوب کننده مناسب پوست خشک حجم 35 میلی لیتر,https://www.khanoumi.com/products/note-luminous-moisturizing-foundation-19327,لطفا شارژ کنید لطفاااا,0,false,2024-12-08T21:49:51.7488848+00:00,خنثی,0.35,سایر,سایر
‫کرم پودر مرطوب کننده مناسب پوست خشک حجم 35 میلی لیتر,https://www.khanoumi.com/products/note-luminous-moisturizing-foundation-19327,عالی,0,true,2024-12-02T11:04:04.9597896+00:00,مثبت,0.67,سایر,سایر
‫کرم پودر مرطوب کننده مناسب پوست خشک حجم 35 میلی لیتر,https://www.khanoumi.com/products/note-luminous-moisturizing-foundation-19327,کرم به این خوبی تاحالا نمی ریدم. عالیه. کاورشم به اندازه س. فقط کاش ارزونتر بود.,0,true,2024-11-20T05:35:05.9478044+00:00,منفی,0.91,محصول | قیمت,محصول
‫کرم پودر مرطوب کننده مناسب پوست خشک حجم 35 میلی لیتر,https://www.khanoumi.com/products/note-luminous-moisturizing-foundation-19327,من نمیدونم کدوم رنگو انتخاب کنم پوستم گندمی روشنه و تناژ زردی داره پوستم,0,false,2024-09-23T20:44:48+00:00,خنثی,0.35,محصول,محصول
‫کرم پودر مرطوب کننده مناسب پوست خشک حجم 35 میلی لیتر,https://www.khanoumi.com/products/note-luminous-moisturizing-foundation-19327,برای پوست خشک خوبه ولی اصلا کاور نداره,0,true,2024-07-23T01:57:22+00:00,مثبت,0.67,محصول | اصل بودن کالا,محصول
‫کرم پودر مرطوب کننده مناسب پوست خشک حجم 35 میلی لیتر,https://www.khanoumi.com/products/note-luminous-moisturizing-foundation-19327, نه پوشش دهی داره نه ماندگاری داره، کرم هایی با قیمت پایین تر از این مارک بهترن,0,true,2024-05-03T00:57:45+00:00,خنثی,0.35,محصول | قیمت,محصول
‫کرم پودر مرطوب کننده مناسب پوست خشک حجم 35 میلی لیتر,https://www.khanoumi.com/products/note-luminous-moisturizing-foundation-19327,کاور خوبی نداره ,0,true,2024-04-02T01:41:58+00:00,منفی,0.67,سایر,سایر
‫کرم پودر مرطوب کننده مناسب پوست خشک حجم 35 میلی لیتر,https://www.khanoumi.com/products/note-luminous-moisturizing-foundation-19327,اینکه هیچ راهنمایی برای انتخاب رنگ کرم پودر نداشتید اصلا خوب نیست .من که نتونستم از روی همین عکس کرم پودر بخرم,0,false,2024-03-15T10:10:06+00:00,منفی,0.79,محصول | اصل بودن کالا,اصل بودن کالا
‫کرم پودر مرطوب کننده مناسب پوست خشک حجم 35 میلی لیتر,https://www.khanoumi.com/products/note-luminous-moisturizing-foundation-19327,2 تا کد 09 گرفتم. هنوز استفاده نکردم ولی این برند رو دوست دارم.,0,true,2024-02-15T00:03:50+00:00,خنثی,0.35,سایر,سایر
‫کرم پودر مرطوب کننده مناسب پوست خشک حجم 35 میلی لیتر,https://www.khanoumi.com/products/note-luminous-moisturizing-foundation-19327,رنگ گندمیش خیلی خوبه. برای پوست خشک عالیه آبرسانه و روی پوست به راحتی میخوابه. برای تاثیر بهتر، قبل استفاده حتما آبرسان بزنید.,0,true,2024-01-10T23:38:20+00:00,مثبت,0.95,محصول,محصول
‫کرم پودر مرطوب کننده مناسب پوست خشک حجم 35 میلی لیتر,https://www.khanoumi.com/products/note-luminous-moisturizing-foundation-19327,سه ساله این کرمو رنگ هلویی خریدم زیباترین کرم پودره واقعا. با براش بزنید حتما. فوق العاده ست,0,true,2023-12-19T02:02:51+00:00,مثبت,0.67,محصول,محصول
‫کرم پودر مرطوب کننده مناسب پوست خشک حجم 35 میلی لیتر,https://www.khanoumi.com/products/note-luminous-moisturizing-foundation-19327,من 09 استخونی خریدم خییییلی سفیده ,0,true,2023-12-16T15:13:42+00:00,خنثی,0.35,سایر,سایر
‫کرم پودر مرطوب کننده مناسب پوست خشک حجم 35 میلی لیتر,https://www.khanoumi.com/products/note-luminous-moisturizing-foundation-19327,"من گندمی خریدم خیلی هلویی عه رو صورتم و تناژ زردی داره
حقیقتا از رنگش خوشم نیومد پوشانندگیش اگه پوست بی عیب و ایرادی داشته باشی کافیه و اینکه پخش کردنش رو صورت آسون و راحت نیست و من نشونه ای از مرطوب بودنش ندیدم باید حتما مرطوب کننده بزنید زیرش",0,true,2023-12-11T11:48:55+00:00,خنثی,0.35,محصول,محصول
‫کرم پودر مرطوب کننده مناسب پوست خشک حجم 35 میلی لیتر,https://www.khanoumi.com/products/note-luminous-moisturizing-foundation-19327,عسلی برای پوست گندمی مناسبه؟,0,true,2023-10-19T15:00:50+00:00,خنثی,0.35,محصول,محصول
‫کرم پودر مرطوب کننده مناسب پوست خشک حجم 35 میلی لیتر,https://www.khanoumi.com/products/note-luminous-moisturizing-foundation-19327,لطفا شماره09رو موجود کنید,0,false,2023-10-13T12:49:01+00:00,خنثی,0.35,محصول,محصول
‫کرم پودر مرطوب کننده مناسب پوست خشک حجم 35 میلی لیتر,https://www.khanoumi.com/products/note-luminous-moisturizing-foundation-19327,"شماره 9موجود نمیشه؟
",0,false,2023-10-12T14:49:48+00:00,خنثی,0.35,محصول,محصول
‫کرم پودر مرطوب کننده مناسب پوست خشک حجم 35 میلی لیتر,https://www.khanoumi.com/products/note-luminous-moisturizing-foundation-19327,عالی واقعا حرف نداره من شماره 9 گرفتم مناسب پوست گندمی سفید هست,1,true,2023-05-23T11:56:42+00:00,مثبت,0.67,محصول,محصول
‫کرم پودر مرطوب کننده مناسب پوست خشک حجم 35 میلی لیتر,https://www.khanoumi.com/products/note-luminous-moisturizing-foundation-19327,لطفا موجود کنید کرم پودر های نوت رو من خیلی وقته منتظرم,2,false,2023-04-01T02:43:35+00:00,خنثی,0.35,محصول,محصول
‫کرم پودر مرطوب کننده مناسب پوست خشک حجم 35 میلی لیتر,https://www.khanoumi.com/products/note-luminous-moisturizing-foundation-19327,من از این کرم پودر برای مصرف روزانه استفاده میکنم ، پوستم خشک هست و این کرم پودر با مرطوب کنندگی که داره از خشکی جلوگیری میکنه ، در کل خیلی ازش راضی هستم و برای بار سوم هم خریدمش ,3,true,2023-03-24T23:27:56+00:00,مثبت,0.67,محصول,محصول
‫کرم پودر مرطوب کننده مناسب پوست خشک حجم 35 میلی لیتر,https://www.khanoumi.com/products/note-luminous-moisturizing-foundation-19327,بنظرم که خوب بود ماسیده نمیشه... در کل خوب بود ,0,true,2023-02-23T19:07:51+00:00,منفی,0.79,محصول,محصول
‫کرم پودر مرطوب کننده مناسب پوست خشک حجم 35 میلی لیتر,https://www.khanoumi.com/products/note-luminous-moisturizing-foundation-19327,کرم پودر یکی از اصلی ترین محصولات آرایشی است که برای داشتن یک آرایش کامل باید از آن استفاده کنید. کرم پودر مرطوب کننده نوت با آبرسانی عمیق به پوست مانع از خشکی آن شده و جلوه ای طبیعی برروی صورت شما دارد. این محصول ماندگاری بالایی داشته و از بروز علائم پیری در پوست شما جلوگیری می کند. شما می توانید این محصول را به صورت روزانه نیز استفاده کنید. ,12,false,2022-10-11T11:20:28+00:00,مثبت,0.67,محصول | اصل بودن کالا,محصول
‫کرم پودر مرطوب کننده مناسب پوست خشک حجم 35 میلی لیتر,https://www.khanoumi.com/products/note-luminous-moisturizing-foundation-19327,کاورش در حد متوسطه..کرم پودرش رقیقه و برای من که پوستم گندمی رو به روشنه رنگ دومشو گرفتم خوب بود ولی به نسبت گردنم یکم تیره تر بود شماره یکشو بگیرید بهتره فکر میکنم. چون با گذشت زمان یه مقدار اکسید هم میشه..اگر پوست خشکی دارین بخرین .در کل راضیم ازش,14,true,2021-06-02T11:03:56+00:00,مثبت,0.95,محصول,محصول
‫کرم پودر مرطوب کننده مناسب پوست خشک حجم 35 میلی لیتر,https://www.khanoumi.com/products/note-luminous-moisturizing-foundation-19327,من خيلي راضيم خيلي طبيعيه و اصلا ماسيده نميشه كاش باز تخفيف بخوره :(,25,true,2019-02-09T08:02:24.2266667+00:00,مثبت,0.67,اصل بودن کالا | قیمت,اصل بودن کالا
‫کرم پودر مرطوب کننده مناسب پوست خشک حجم 35 میلی لیتر,https://www.khanoumi.com/products/note-luminous-moisturizing-foundation-19327,سلام من رنگ کرم پودررواشتباه سفارش دادم.متاسفانه هرکاری میکنم نمیتونم کنسلش کنم.لطفاراهنمایی کنید,17,true,2018-12-14T11:40:59.4266667+00:00,منفی,0.67,محصول,محصول
‫کرم پودر مرطوب کننده مناسب پوست خشک حجم 35 میلی لیتر,https://www.khanoumi.com/products/note-luminous-moisturizing-foundation-19327,من پوست خیلی خشکی دارم  و از این کرم راضیم . کاور بالایی نداره ولی برای استفاده ی روزانه مناسبه .,11,true,2018-05-05T14:40:52.3233333+00:00,مثبت,0.79,محصول,محصول
‫کرم پودر مرطوب کننده مناسب پوست خشک حجم 35 میلی لیتر,https://www.khanoumi.com/products/note-luminous-moisturizing-foundation-19327,سلام لطفا در همین ایام عید داخل شانس بزارین🙏,7,false,2018-03-29T01:50:46.45+00:00,خنثی,0.35,سایر,سایر
‫کرم پودر مرطوب کننده مناسب پوست خشک حجم 35 میلی لیتر,https://www.khanoumi.com/products/note-luminous-moisturizing-foundation-19327,من زیرش مرطوب کننده میزنم خیلی خوبه رو پوستم...کاملا طبیعیه.. پوستم گندمی متوسط رو به روشنه شماره ۱۲ رو گرفتم کاملا متناسب پوستم بود,9,false,2018-02-25T00:15:19.9+00:00,مثبت,0.91,محصول,محصول
‫کرم پودر مرطوب کننده مناسب پوست خشک حجم 35 میلی لیتر,https://www.khanoumi.com/products/note-luminous-moisturizing-foundation-19327, یکم چرب میشه ولی به پوشانندگی و طبیعی بودنش خیلی ارزش داره,9,true,2018-02-23T15:33:02.57+00:00,خنثی,0.35,محصول,محصول
‫کرم پودر مرطوب کننده مناسب پوست خشک حجم 35 میلی لیتر,https://www.khanoumi.com/products/note-luminous-moisturizing-foundation-19327,ب عنوان کسی ک خیلیییییی برای کرم پودر هزینه کرده و دنبال برندهای خوب هست میگم پوست خیلی خشکی دارم و اکثر کرم پودرا رو پوستم ترک میخوره اما امروز که از این کرم زدم به وضوووووح تاثیرشو دیدم طبیعی بودن براق نبودن مرطوب شدن پوست و ماندگاری بسیار عالی از ویژگی های این کرم هست. من کاملا راضی بودم و قطعا تمام بشه دوباره میگیرم. ممنون از سایت خیلی خوبتون,12,true,2018-02-07T22:43:38.8933333+00:00,مثبت,0.95,محصول | قیمت,محصول
‫مداد ابرو دارای استاندارد وگان,https://www.khanoumi.com/products/note-eyebrow-pencil-19328,لطفا رنگ قهوه ای تیره(خرمایی) و مشکی رو شارژ کنین,0,false,2023-01-30T20:41:10+00:00,خنثی,0.35,محصول,محصول
‫مداد ابرو دارای استاندارد وگان,https://www.khanoumi.com/products/note-eyebrow-pencil-19328,من رنگ مشکی رو خریدم و خیلی راضیم.,5,true,2020-08-12T21:02:58+00:00,مثبت,0.79,محصول,محصول
‫مداد ابرو دارای استاندارد وگان,https://www.khanoumi.com/products/note-eyebrow-pencil-19328,خیلی خوبه من مشکی خریدم راضی ام ازش بازم میخوام شارژش کنم ارزش خرید داره مخصوصا تو تخفیف ک عالیه پیشنهاد میشه,5,true,2020-08-08T13:57:50+00:00,مثبت,0.95,قیمت,قیمت
‫مداد ابرو دارای استاندارد وگان,https://www.khanoumi.com/products/note-eyebrow-pencil-19328,بافتش سبکه.نرمه ماندگاریش خوبه. فقط یکم تفاوت رنگ داره با اون چیزی ک تو سایته,4,false,2020-05-04T15:20:06+00:00,مثبت,0.79,محصول,محصول
‫مداد ابرو دارای استاندارد وگان,https://www.khanoumi.com/products/note-eyebrow-pencil-19328,رنگ قهوه ای روشن رو سفارش دادم ولی اصلا قهوه ای نیست.,1,true,2020-01-14T14:42:43+00:00,مثبت,0.67,محصول | اصل بودن کالا,محصول
‫مداد ابرو دارای استاندارد وگان,https://www.khanoumi.com/products/note-eyebrow-pencil-19328,قهوه ای روشن نیست حتی متوسط هم نیست خیلی تیره است,6,false,2018-06-18T10:11:46.8233333+00:00,خنثی,0.35,سایر,سایر
‫مداد ابرو دارای استاندارد وگان,https://www.khanoumi.com/products/note-eyebrow-pencil-19328,رنک مشکی رو موجود کنید لطفا,7,false,2018-06-04T12:07:08.3633333+00:00,خنثی,0.35,محصول,محصول
‫مداد ابرو دارای استاندارد وگان,https://www.khanoumi.com/products/note-eyebrow-pencil-19328,من رنگ وسط رو خریدم خیلی خوبه. ماندگاری و رنگ دانه هاش زیاده. راحت کشیده میشه. به خاطر رنگ زیادی که داره میشه یه مداد رو برای مدت خیلی طولانی استفاده کرد. راضیم ازش,20,true,2018-04-15T01:31:56.78+00:00,مثبت,0.95,محصول,محصول
‫مداد ابرو دارای استاندارد وگان,https://www.khanoumi.com/products/note-eyebrow-pencil-19328,پیشنهاد می کنم بخرید,8,true,2018-03-01T11:25:05.5466667+00:00,مثبت,0.67,سایر,سایر
‫مداد چشم اسموکی دو سر دارای سری محو کننده آرایش,https://www.khanoumi.com/products/note-smokey-eye-pencil-19329,چشم و ناحیه اطراف آن بسیار حساس هستند بنابراین باید در انتخاب محصول برای آرایش چشم دقت لازم وجود داشته باشد. مداد چشم اسموکی نوت دارای استاندارد وگان بوده و باعث بروز حساسیت نمی شود. این مداد جلوه زیبایی داشته و به دلیل داشتن سری مناسب به خوبی محو شده است. این محصول ماندگاری مناسبی داشته و به همین دلیل برای مراسم های مهم و استفاده روزانه مناسب است. ,0,false,2022-10-19T08:53:17+00:00,مثبت,0.67,محصول,محصول
‫مداد چشم اسموکی دو سر دارای سری محو کننده آرایش,https://www.khanoumi.com/products/note-smokey-eye-pencil-19329,مداد خیلی نرمی هست ومثل مداد شمعی میمونه کیفیتش خوبه ولی ضداب نیست.,2,true,2020-02-20T22:49:28+00:00,مثبت,0.79,محصول,محصول
‫مداد چشم اسموکی دو سر دارای سری محو کننده آرایش,https://www.khanoumi.com/products/note-smokey-eye-pencil-19329,این مداد برای داخل چشم هم استفاده میشه؟,7,true,2019-11-27T13:22:42+00:00,خنثی,0.35,سایر,سایر
‫مداد چشم اسموکی دو سر دارای سری محو کننده آرایش,https://www.khanoumi.com/products/note-smokey-eye-pencil-19329,خیلی مشکی و خوبه، با اون اسفنج تهش هم میشه فید کردش. من راضیم,6,true,2019-09-06T12:21:54+00:00,مثبت,0.95,سایر,سایر
‫مداد چشم اسموکی دو سر دارای سری محو کننده آرایش,https://www.khanoumi.com/products/note-smokey-eye-pencil-19329,سلام میخوام بدونم زیر چشم نمیریزه و سیاه نمیکنه ؟و ماندگاریش خوبه ؟,0,true,2019-08-06T11:01:24.7633333+00:00,ترکیبی,0.74,محصول,محصول
‫مداد چشم اسموکی دو سر دارای سری محو کننده آرایش,https://www.khanoumi.com/products/note-smokey-eye-pencil-19329,سلام،مداد چشم نرم و خوبیه،ولی ضد آب نیست!!!توی توضیحاتش نوشته ضد آب,3,true,2019-07-15T18:03:37.41+00:00,مثبت,0.67,سایر,سایر
‫مداد چشم اسموکی دو سر دارای سری محو کننده آرایش,https://www.khanoumi.com/products/note-smokey-eye-pencil-19329,خیلی عالیه😍,0,false,2018-12-02T13:44:54.24+00:00,مثبت,0.79,سایر,سایر
‫مداد چشم اسموکی دو سر دارای سری محو کننده آرایش,https://www.khanoumi.com/products/note-smokey-eye-pencil-19329,شانس لطفا,4,false,2018-11-20T04:29:47.45+00:00,خنثی,0.35,سایر,سایر
‫مداد چشم اسموکی دو سر دارای سری محو کننده آرایش,https://www.khanoumi.com/products/note-smokey-eye-pencil-19329,لطفا رنگ مسی شارژ بشه........ من توی سبد خریدم داشتمش اما قبل تکمیل خرید تموم شد,3,true,2018-04-11T11:44:11.1233333+00:00,منفی,0.67,محصول,محصول
‫مداد چشم اسموکی دو سر دارای سری محو کننده آرایش,https://www.khanoumi.com/products/note-smokey-eye-pencil-19329,من هم مشکیش رو گرفتم هم مسی، فوق العاده روون و نرمه ، من رنگ مسیش رو هم خیلی دوست دارم ، یه جورایی هم قهوه ای-مسیه و اکلیل داره توش,9,true,2018-03-11T22:45:15.6266667+00:00,مثبت,0.67,محصول,محصول
‫مداد چشم اسموکی دو سر دارای سری محو کننده آرایش,https://www.khanoumi.com/products/note-smokey-eye-pencil-19329,اگه میخوایین توی  چشما تونو بکشید بنظرم اصلاااااا این مداد خوب نیست خیلی باید بکشید تا رنگ بده ولی اگه بخوایین به عنوان خط چشم استفاده کنید باید بگم عااالیه رون و پر رنگه  محو کنشم کلا چیز خاصی نیست ...                              ,6,true,2018-03-11T13:00:08.5633333+00:00,منفی,0.79,محصول | اصل بودن کالا,اصل بودن کالا
‫مداد چشم اسموکی دو سر دارای سری محو کننده آرایش,https://www.khanoumi.com/products/note-smokey-eye-pencil-19329,لطفا شارژ کنید,1,false,2018-02-19T10:07:48.24+00:00,خنثی,0.35,سایر,سایر
‫مداد چشم پیچی وزن 10 گرم,https://www.khanoumi.com/products/note-intense-look-eye-pencil-19330,خيلي عاليه،چشم من فوق العاده حساسه،از وقتي اين مدادوگرفتم راحت شدم ديگه.,4,true,2019-10-15T11:00:35+00:00,مثبت,0.91,سایر,سایر
‫مداد چشم پیچی وزن 10 گرم,https://www.khanoumi.com/products/note-intense-look-eye-pencil-19330,اصلا خوب نیست خییییلییی زیر چشم میریزه,20,true,2018-02-23T15:34:35.38+00:00,منفی,0.79,اصل بودن کالا,اصل بودن کالا
‫مداد چشم پیچی هایلایت,https://www.khanoumi.com/products/note-automatic-highliter-pencil-19331,کیفیت خوبی نداشت و خیلی زودم تموم شد. نمیدونم واقعا این قیمت بالاش چه توجیهی داره!,6,true,2018-11-21T12:53:58.8566667+00:00,منفی,0.79,محصول | قیمت,محصول
‫مداد چشم پیچی هایلایت,https://www.khanoumi.com/products/note-automatic-highliter-pencil-19331,واقعا محصول بیخودیه . گوشه چشم جمع میشه و حالت خمیری داره . من اصلا راضی نبودم :(,5,true,2018-07-15T07:56:19.8266667+00:00,منفی,0.79,محصول | اصل بودن کالا,اصل بودن کالا
‫مداد چشم مغذی,https://www.khanoumi.com/products/note-ultra-rich-color-eye-pencil-19332,عالی بود رنگش و نرمیش، نقره ای خریدم,0,true,2024-05-06T16:16:04+00:00,مثبت,0.79,محصول,محصول
‫مداد چشم مغذی,https://www.khanoumi.com/products/note-ultra-rich-color-eye-pencil-19332,سبک و خوشرنگ هست.فقط ماندگاری پایینی داره و زود پاک میشه.,0,true,2024-03-31T19:34:46+00:00,خنثی,0.35,محصول,محصول
‫مداد چشم مغذی,https://www.khanoumi.com/products/note-ultra-rich-color-eye-pencil-19332,مدت هاست رنگ هاش شارژ نشده. لطفا موجود کنید,0,false,2024-03-09T01:28:11+00:00,خنثی,0.35,محصول,محصول
‫مداد چشم مغذی,https://www.khanoumi.com/products/note-ultra-rich-color-eye-pencil-19332,رنگ سبز یشکی رو گرفتم رنگش خوبه اما اصلا ماندگاری و کیفیت نداره و میریزه,0,true,2023-12-08T13:24:33+00:00,مثبت,0.91,محصول | اصل بودن کالا,محصول
‫مداد چشم مغذی,https://www.khanoumi.com/products/note-ultra-rich-color-eye-pencil-19332,چرا رنگ قهوه ای و نسکافه ای شارژ نمیشه؟,0,false,2023-12-02T14:42:51+00:00,خنثی,0.35,محصول,محصول
‫مداد چشم مغذی,https://www.khanoumi.com/products/note-ultra-rich-color-eye-pencil-19332,سلام مشکیش شارژ نمیشه؟,3,false,2023-08-01T13:36:06+00:00,خنثی,0.35,سایر,سایر
‫مداد چشم مغذی,https://www.khanoumi.com/products/note-ultra-rich-color-eye-pencil-19332,رنگ و کیفیت خوبی دارد ,0,true,2023-06-20T07:01:42+00:00,مثبت,0.79,محصول,محصول
‫مداد چشم مغذی,https://www.khanoumi.com/products/note-ultra-rich-color-eye-pencil-19332,من دو شماره 04 و 10 رو خریدم . خیلی عالیه . هم کیفیتش هم رنگاش. من که خیلی راضی بودم,0,true,2022-11-13T15:56:14+00:00,مثبت,0.91,محصول,محصول
‫مداد چشم مغذی,https://www.khanoumi.com/products/note-ultra-rich-color-eye-pencil-19332,چشم و محدوده اطراف آن از حساس ترین نقاط صورت هستند به همین دلیل باید از محصولات مناسب و غیرمضر برای آن ها استفاده کرد. مداد چشم نوت دارای رنگدانه قوی است و جلوه زیبایی برروی صورت دارد. علاوه بر آن به دلیل داشتن مواد مغذی و خاصیت آبرسانی آسیبی به چسم و پوست اطراف آن وارد نکرده و شما می توانید با خیالی آسوده از آن استفاده کنید. این محصول فاقد پارابن و عطر است به همین دلیل حساسیتی برای شما ایجاد نخواهد کرد. عدم انجام تست حیوانی برای ساخت این محصول آن را به یک گزینه مناسب برای طرفداران حقوق حیوانات تبدیل کرده است. ,5,false,2022-11-01T08:28:17+00:00,منفی,0.67,محصول,محصول
‫مداد چشم مغذی,https://www.khanoumi.com/products/note-ultra-rich-color-eye-pencil-19332,خیلی شیکه کیفیتشم خوبه ولی یکم زیر چشم می‌ریزه . من به عنوان سایه ازش استفاده میکنم خیلی شیک میشه رنگ قهوه ایش,1,true,2020-09-29T10:58:30+00:00,مثبت,0.79,محصول,محصول
‫مداد چشم مغذی,https://www.khanoumi.com/products/note-ultra-rich-color-eye-pencil-19332,خانم‌ها این مداد برای داخل چشم خوبه و پر رنگ هستش ,5,false,2020-08-14T08:57:39+00:00,مثبت,0.79,محصول,محصول
‫مداد چشم مغذی,https://www.khanoumi.com/products/note-ultra-rich-color-eye-pencil-19332,من رنگ نقره ایی رو گرفتم خیلی پیگمنت خوبی داره و نرمه و راحت میشه باهاش کار کرد.,5,true,2020-08-12T21:04:43+00:00,مثبت,0.67,محصول,محصول
‫مداد چشم مغذی,https://www.khanoumi.com/products/note-ultra-rich-color-eye-pencil-19332,من سبز یشمی گرفتم خوشگله ها خیلی هم نرم و پیگمنتشم خوبه امااا واس زیر چشم میریزه پخش میشه موندگاری هم حتی رو پلک نداره ب نظر من تو شگفت انگیز فقط ارزش خرید داره چون قیمت اصلی واقعا کیفیت بهترم گیر میاد من ۲۵ خریدم راضی ام نسبت ب این قیمت,5,true,2020-08-08T13:54:21+00:00,مثبت,0.95,قیمت | محصول | اصل بودن کالا,قیمت
‫مداد چشم مغذی,https://www.khanoumi.com/products/note-ultra-rich-color-eye-pencil-19332,من رنگ نسکافه ای رو سفارش دادم، هم رنگش خوبه هم کیفیت مداد👌,0,true,2020-06-14T18:55:46+00:00,مثبت,0.79,محصول,محصول
‫مداد چشم مغذی,https://www.khanoumi.com/products/note-ultra-rich-color-eye-pencil-19332,من رنگ اسپرسو شماره 09 رو خریدم رنگ قهوه ای تیره داره و واقا زیباست پیگمنتش خیلی بالاست و مخملی و نرمه. و البته برای داخل چشم اصلا مناسب نیست.,3,true,2020-05-20T12:34:01+00:00,منفی,0.67,محصول | اصل بودن کالا,اصل بودن کالا
‫مداد چشم مغذی,https://www.khanoumi.com/products/note-ultra-rich-color-eye-pencil-19332,من اول نقره ایشو گرفتم واسه داخل چشمم استفاده کردم و خیلی راضی بودم ولی رنگای دیگه ش رو که گرفتم نه مث اون نرم بود نه قابل استفاده واسه داخل چشم بود و نه اونقد پیگمنت داشت,2,true,2020-05-12T22:01:38+00:00,مثبت,0.67,محصول,محصول
‫مداد چشم مغذی,https://www.khanoumi.com/products/note-ultra-rich-color-eye-pencil-19332,من رنگ اسپرسو رو خريدم و واقعا نرم و مخملي هست همون چيزي كه انتظار داشتم و از خريدم راضي هستم ,3,true,2020-05-12T19:32:07+00:00,مثبت,0.67,محصول,محصول
‫مداد چشم مغذی,https://www.khanoumi.com/products/note-ultra-rich-color-eye-pencil-19332,رنگش خوب و نرمه.ولی بادوام و ضد اب نیست.زود پاک میشه,0,true,2020-05-12T18:26:39+00:00,مثبت,0.67,محصول,محصول
‫مداد چشم مغذی,https://www.khanoumi.com/products/note-ultra-rich-color-eye-pencil-19332,چهار رنگ 05 ، 06 ، 07 ، 08 رو گرفتم و خيلي دوسشون دارم نرم و موندگارن ، درضمن رنگ 08(يشمي) خيلي خوشرنگتر از ايني هست که ميبينيد,0,true,2020-04-26T20:27:16+00:00,خنثی,0.35,محصول,محصول
‫مداد چشم مغذی,https://www.khanoumi.com/products/note-ultra-rich-color-eye-pencil-19332,خیلی خوب بود من که دوستش داشتم .,1,true,2020-04-16T00:05:44+00:00,مثبت,0.91,محصول,محصول
‫مداد چشم مغذی,https://www.khanoumi.com/products/note-ultra-rich-color-eye-pencil-19332,من خیلی خوشم اومد هم رنگش هم نرم بودنش،ولی یه ذره پخش میشه,0,true,2020-04-05T15:22:40+00:00,خنثی,0.35,محصول,محصول
‫مداد چشم مغذی,https://www.khanoumi.com/products/note-ultra-rich-color-eye-pencil-19332,مداد با کیفیته.خیلی نرم و راحت به چشم کشیده میشه و رنگشم زود پخش نمیشه من رنگ سرمه ایشو برداشتم ولی فکرکنم رنگای دیگش قشنگتر باشن برای چشم مثلا آبی,1,true,2020-03-03T12:36:55+00:00,خنثی,0.35,محصول,محصول
‫مداد چشم مغذی,https://www.khanoumi.com/products/note-ultra-rich-color-eye-pencil-19332,"من رنگ ۰۳ و ۰۴ رو گرفتم
۰۴ خیلیییی زیباس، اما ۰۴ معمولیه
پخش هم میشه اما واقعا نرمه
راضی ام",2,true,2020-03-03T11:51:15+00:00,مثبت,0.79,محصول,محصول
‫مداد چشم مغذی,https://www.khanoumi.com/products/note-ultra-rich-color-eye-pencil-19332,کیفیت خیلی خوبی داره ممنون از خانمی💜,1,true,2020-02-29T16:58:33+00:00,مثبت,0.67,محصول,محصول
‫مداد چشم مغذی,https://www.khanoumi.com/products/note-ultra-rich-color-eye-pencil-19332,مداد خوبیه من توی شانس گرفتم،رنگ ابی لاجوردی,1,true,2020-02-26T11:39:32+00:00,مثبت,0.67,محصول,محصول
‫مداد چشم مغذی,https://www.khanoumi.com/products/note-ultra-rich-color-eye-pencil-19332,"خانمایی که خریدید یه سوال دارم 
این مداد برای داخل چشم خوبه?",7,false,2019-10-20T16:24:26+00:00,مثبت,0.79,سایر,سایر
‫مداد چشم مغذی,https://www.khanoumi.com/products/note-ultra-rich-color-eye-pencil-19332,خيلي خوبه،اصلن پخش نميشه و راحت هم پاك ميشه,2,true,2019-09-29T21:28:01+00:00,مثبت,0.79,اصل بودن کالا,اصل بودن کالا
‫مداد چشم مغذی,https://www.khanoumi.com/products/note-ultra-rich-color-eye-pencil-19332,من مشکی این مداد رو گرفتم و راضی هستم از رنگ و نرمیش که باعث میشه کار باهاش راحت باشه.,1,true,2019-05-02T19:48:45.6266667+00:00,مثبت,0.67,محصول,محصول
‫مداد چشم مغذی,https://www.khanoumi.com/products/note-ultra-rich-color-eye-pencil-19332,چرا یه مداد چشمی که چرب هس و زود پاک میشه ، باید در عرض دو هفته قیمتش دو برابر باشه؟؟  بابا یخورده رعایت حال مردمو کنین. حداقل پول پستو بردارییین. بخدا خیلیا بخاطر همین پول پست 7و8 تومنی نمیان چیزی سفارش بدن. ,54,true,2018-08-27T15:41:02+00:00,منفی,0.67,تحویل و ارسال | محصول | قیمت,تحویل و ارسال
‫مداد چشم مغذی,https://www.khanoumi.com/products/note-ultra-rich-color-eye-pencil-19332,خیلی زود پاک میشه,10,true,2018-06-26T19:49:25.16+00:00,خنثی,0.35,سایر,سایر
‫مداد لب مغذی,https://www.khanoumi.com/products/note-ultra-rich-color-lip-pencil-19333,"من شماره 03 رو خریدم که هم رنگه لبمه و باید چند بار تکرار کنم 
 تا پر رنگ تر بشه و رنگش به چشم بیاد و مات هستش که خیلی خوبه  ",0,true,2023-08-27T12:58:21+00:00,مثبت,0.91,محصول,محصول
‫مداد لب مغذی,https://www.khanoumi.com/products/note-ultra-rich-color-lip-pencil-19333,مداد نرمیه من شماره 03 رو خریدم ک یه رنگ طبیعی و قشنگیه👌🏻🥹,0,true,2023-02-23T16:48:04+00:00,خنثی,0.35,محصول,محصول
‫مداد لب مغذی,https://www.khanoumi.com/products/note-ultra-rich-color-lip-pencil-19333,خیلی خشک بود من فکر میکردم مداد مغزی بایدنرم باشه ولی برعکس خشک بود نمیدونم,3,true,2020-10-11T22:07:50+00:00,خنثی,0.35,محصول,محصول
‫مداد لب مغذی,https://www.khanoumi.com/products/note-ultra-rich-color-lip-pencil-19333,"من شماره ۰۴ رو خریدم یه رنگ صورتی باربی داره به پوستای سفید بیشتر میاد. پر رنگه خیلی نرمه، خیلی دوسش داشتم
انقدر با کیفیته که رنگای دیگشم میخوام بگیرم. ",2,true,2020-08-09T16:48:39+00:00,خنثی,0.35,محصول,محصول
‫مداد لب مغذی,https://www.khanoumi.com/products/note-ultra-rich-color-lip-pencil-19333,۰۶ و ۰۵خیلی خوش رنگن واقعا جنسشم سبکه مرسی از تخفیف خوب خانمی,4,true,2020-06-08T08:51:43+00:00,خنثی,0.35,محصول | قیمت,محصول
‫مداد لب مغذی,https://www.khanoumi.com/products/note-ultra-rich-color-lip-pencil-19333,عالی از هر نظر.من شماره ی 06رو خریدم که قرمزه,1,true,2020-05-18T17:54:54+00:00,مثبت,0.67,سایر,سایر
‫مداد لب مغذی,https://www.khanoumi.com/products/note-ultra-rich-color-lip-pencil-19333,واقعا عالی بود پشیمون چرا دوتا نخریدم,0,true,2020-04-21T20:21:15+00:00,ترکیبی,0.74,محصول,محصول
‫مداد لب مغذی,https://www.khanoumi.com/products/note-ultra-rich-color-lip-pencil-19333,سلام این مداد بسیار سبک هستش و دروازه وقتی رو لب میزنین انگارفقط دارین رنگی میکنین لبتونووهیچی احساس نمیشه کاملاطبیعیه رنگش واصلاحاضرنیستم خودشونشون نمیده مخصوصا برای دختراودانشجوها موقع دانشگاه رفتن خیلی مناسبه ماندگاریه خوبی داره حالت مات و جنسش میشه گفت خشکه ولی نه خشک بد خشکی که باعث طبیعی بودنش میشه انگار لب خودتونه پوست لب روهم خشک نمیکنه,11,true,2018-03-15T15:52:25.35+00:00,منفی,0.67,محصول | اصل بودن کالا,اصل بودن کالا
‫مداد لب مغذی,https://www.khanoumi.com/products/note-ultra-rich-color-lip-pencil-19333,سلام خسته نباشید ببخشید که مجبورم اینجا پیام بذارم من سبد خریدم و تکمیل کردم اما یه محصول هم میخواستم اونم فرمژه لتی بود که اصلا کلا از محصولاتتون برداشتین نمیدونم چرا محصول به این خوبی و برداشتین؟! من سبدخریدم معطل همین محصوله لطفاتاشنبه 19اسفند بذارینش که من تکمیل خرید کنم معطل نشم ممنون,8,true,2018-03-09T10:46:03.3066667+00:00,ترکیبی,0.92,محصول | اصل بودن کالا,محصول
‫لاک ناخن با نمای براق,https://www.khanoumi.com/products/note-nail-enamel-19334,در یک کلام افتضاحه اصلا رنگ نداره 😂 اگر تخفیف نخورده بود عمرا اینهمه پول میدادم واسش ,7,true,2018-11-24T12:04:44+00:00,منفی,0.79,محصول | اصل بودن کالا | قیمت,اصل بودن کالا
‫لاک ناخن با نمای براق,https://www.khanoumi.com/products/note-nail-enamel-19334,کیفیت گلدن رز خیلی بهتره .این خیلی ابکیه باید حتما ۲بار بزنیم تا رنگ تازه خودشو نشون بده .تازه گلدن رز کمی ارزون تر هم هست,8,true,2018-08-30T09:06:30.43+00:00,منفی,0.79,محصول | قیمت,محصول
‫لاک ناخن با نمای براق,https://www.khanoumi.com/products/note-nail-enamel-19334,من اخیرا لاک رنگ آلبالویی نوت رو خریداری کردم، منتها به نظر من آنچنان از کیفیت خوبی برخوردار نیست و لاک های گلدن رز نسبتا بهتر هستن. حالا با اینکه من رنگ آلبالویی گرفتم بار اول که زدم مثل آبرنگ بود بار دوم که زدم تازه شد مثل لاک، اونم قرمز گوجه ای. ,8,true,2018-07-28T19:42:49.12+00:00,مثبت,0.79,محصول,محصول
‫لاک ناخن با نمای براق,https://www.khanoumi.com/products/note-nail-enamel-19334,اصلا خوب نیست . بی کیفیت و کم رنگ,4,false,2018-07-22T06:49:49.61+00:00,منفی,0.67,محصول | اصل بودن کالا,اصل بودن کالا
‫لاک ناخن با نمای براق,https://www.khanoumi.com/products/note-nail-enamel-19334,"من راضی نبودم. رنگش ک با چیزی ک فکر میکردم خیلی فرق داشت. جنسش هم اصلا خوب نبود خیلی زود با چند بار شستن دست تمامش پوسته شد و کنده شد.
",3,true,2018-03-26T00:34:09.9733333+00:00,منفی,0.67,محصول | اصل بودن کالا,اصل بودن کالا
‫لاک ناخن با نمای براق,https://www.khanoumi.com/products/note-nail-enamel-19334,حتما موقع انتخاب این محصول برید تو سایت ها رنگ اصلی هر شماره رو چک کنید چون من سفارش دادم و بعدش که سفارشم رسید چند شماره کم رنگ تر از رنگی بود که میخواستم . رنگ دانه ی قوی داره و زود خشک میشه از نظر رنگ واقعا خوبه,5,true,2018-03-18T00:37:35.29+00:00,مثبت,0.91,محصول | اصل بودن کالا | تحویل و ارسال,محصول
‫لاک ناخن با نمای براق,https://www.khanoumi.com/products/note-nail-enamel-19334,رنگ ارسالی اشتباه بودش، اما نزدیک بود به رنگ انتخابیم، باید بگم بسیار بی‌کیفیت، لاکهای برند مای و ساویز با یک دوم قیمت بسیار باکیفیت تر هستن، این لاک با اینکه رنگدانه قوی داره،  کدره و زود لب پر میشه ، نقطه قوتش فاقد مواد مضر بودن و زود خشک شدنشه. ,3,true,2018-03-14T02:06:33.1066667+00:00,منفی,0.67,محصول | تحویل و ارسال | قیمت,محصول
‫لاک ناخن با نمای براق,https://www.khanoumi.com/products/note-nail-enamel-19334,"به جای شماره 62 شماره 13 ارسال کردید که هیچ شباهت رنگی ندارند,اینکه با افزایش سفارش ها,دقت در ارسال کاهش پیدا کنه اصلا قابل قبول نیست",2,true,2018-03-10T12:37:52.4066667+00:00,مثبت,0.67,محصول | تحویل و ارسال | اصل بودن کالا,محصول
‫لاک ناخن با نمای براق,https://www.khanoumi.com/products/note-nail-enamel-19334,سلام کاش رنگاشو هم کنارش مینوشتید تا راحتر بشه انتخاب کرد,6,false,2018-02-26T15:48:25.04+00:00,خنثی,0.35,محصول,محصول
ست  ریمل  کولوسال اکسپرس   و مداد چشم مستر دراما,https://www.khanoumi.com/products/maybelline-colo-ssal-volum-express-mascara-19337,ريملش بعد ٥،٦ ساعت ميريزه ،اما مدادش خيلي خوبه 👍,0,true,2018-07-05T10:07:10.6233333+00:00,مثبت,0.91,سایر,سایر
ست  ریمل  کولوسال اکسپرس   و مداد چشم مستر دراما,https://www.khanoumi.com/products/maybelline-colo-ssal-volum-express-mascara-19337,ريملش خيلي خوب حجم داد و بلند ميكنه،مدادشم خيلي نرم و موندگار,1,true,2018-07-02T15:25:02.41+00:00,مثبت,0.79,محصول,محصول
ست  ریمل  کولوسال اکسپرس   و مداد چشم مستر دراما,https://www.khanoumi.com/products/maybelline-colo-ssal-volum-express-mascara-19337,شانس لطفا,1,false,2018-04-17T20:25:39.88+00:00,خنثی,0.35,سایر,سایر
ست  ریمل  کولوسال اکسپرس   و مداد چشم مستر دراما,https://www.khanoumi.com/products/maybelline-colo-ssal-volum-express-mascara-19337,چرا قیمت محصولاتو زیاد میکنید و بعد الکی تخفیف میزنید که مثلا رفته تو  شانس؟!!تو خیلی از محصولات اینو دیدم !قیمت این ست تو سایتهای دیگه بدون تخفیف همینه!!!,15,false,2018-01-01T11:04:56.3533333+00:00,منفی,0.67,قیمت | محصول,قیمت
ریمل پوش آپ آنجل,https://www.khanoumi.com/products/maybelline-push-up-angel-mascara-19340,مژه هاتون رو ثابت رو به بالا نگه میداره ججم دهنده نیست بیشار بلند کننده است به مقدار ریمل زدن باهاش سخته اینم عکس فرچه شه,0,false,2019-10-19T14:52:46+00:00,خنثی,0.35,سایر,سایر
ریمل پوش آپ آنجل,https://www.khanoumi.com/products/maybelline-push-up-angel-mascara-19340,من چند ماهه که ازش استفاده میکنم خیلی طبیعیه و مژه هارو به هم نمیچسبونه,3,false,2019-10-05T17:18:43+00:00,خنثی,0.35,محصول,محصول
ریمل پوش آپ آنجل,https://www.khanoumi.com/products/maybelline-push-up-angel-mascara-19340,من ازش راضی ام و خیلی دوسش دارم,6,true,2019-09-05T02:29:33+00:00,مثبت,0.79,سایر,سایر
ریمل پوش آپ آنجل,https://www.khanoumi.com/products/maybelline-push-up-angel-mascara-19340,عالیه,2,true,2019-09-04T02:33:14+00:00,مثبت,0.79,سایر,سایر
ریمل پوش آپ آنجل,https://www.khanoumi.com/products/maybelline-push-up-angel-mascara-19340,من درحال حاضر بعنوان ریمل دوم ازش استفاده میکنم.اول فرمژه و بعد ریمل دلخواهم رو میزنم،کمی صبر میکنم تا ریمل رو مژه هام نیمه خشک بشه،بعد یه دوره سریع اینو میزنم بخاطر فرم برس و دندونه هاش و اینکه مواد اضافی رو برسش جمع نمیشه،بعنوان شونه مژه عالی عمل میکنه و مژه ها رو جدا و دون میکنه.حتما برسش رو بعد از تموم شدنش میشورم و نگه میدارم,5,true,2019-08-13T19:51:39.6733333+00:00,مثبت,0.67,محصول,محصول
ریمل پوش آپ آنجل,https://www.khanoumi.com/products/maybelline-push-up-angel-mascara-19340,من این ریمل تو آف خریدم.مژه های خودم هم بلند هم پر واسه مژه های من خوب بود چون بیشتر مد نظرم اینکه که مژه هام مشکی تر بشه. ایرادش اینه که دیرخشک میشه.به قیمتی که من خریدم خوبه ولی به قیمت اصلی خودش نمی ارزه خرید,1,true,2019-08-07T12:45:17+00:00,مثبت,0.91,اصل بودن کالا | قیمت | محصول,اصل بودن کالا
ریمل پوش آپ آنجل,https://www.khanoumi.com/products/maybelline-push-up-angel-mascara-19340,"فرچه این ریمل عجیب‌ترین اختراع بشره. 
بعد از زدنش مژه‌هام کلا میشه ۴ تا دونه 
یه آب هم بهش بخوره تا پایین چونه پخش میشه. 
فقط خیلی مژه رو بلند میکنه همین ",6,true,2019-07-03T10:46:48.3366667+00:00,خنثی,0.35,سایر,سایر
ریمل پوش آپ آنجل,https://www.khanoumi.com/products/maybelline-push-up-angel-mascara-19340,هم مژه ها رو لیفت میکنه هم بلند و مشکی و یکمم حجم میده و اصلا هم بهم نمیچسبن،فرچه متفاوتی داره ولی در کل خوبه ارزش خرید داره,6,false,2019-06-16T12:58:40.2133333+00:00,مثبت,0.79,محصول | اصل بودن کالا | قیمت,محصول
ریمل پوش آپ آنجل,https://www.khanoumi.com/products/maybelline-push-up-angel-mascara-19340,افتضاح بوود اصلا نخرید انگار  نه انگارریمل زدم !!!! مژه هامم ریزش گرفت,2,true,2019-06-09T13:18:05.0133333+00:00,ترکیبی,0.66,محصول | اصل بودن کالا,محصول
ریمل پوش آپ آنجل,https://www.khanoumi.com/products/maybelline-push-up-angel-mascara-19340,به مژه ها چندان حجمی نمیده فقط بلند و دونه دونه میکنه.با توجه به اسمش و فرم برسش من فک میکردم به مژه هام حالت خوبی بده اما نوع موادش جوریه که مژه های من رو پایین آورد و فر شون رو از بین برد.شاید برای کساییکه مژه هاشون ذاتا فر و پر هست بهتر باشه,2,true,2019-05-31T00:17:59.3933333+00:00,ترکیبی,0.79,محصول,محصول
ریمل پوش آپ آنجل,https://www.khanoumi.com/products/maybelline-push-up-angel-mascara-19340,ریمل خوبیه دوسش دارم 😊 هم مژه هارو بلند میکنه هم حجم خوبی میده، فقط وقتی فرچشو میبینین ممکنه تعجب کنین اولش ولی جالبه 😂,0,false,2019-05-25T14:30:49.8833333+00:00,مثبت,0.79,محصول,محصول
ریمل پوش آپ آنجل,https://www.khanoumi.com/products/maybelline-push-up-angel-mascara-19340,ریمل خوبیه مژه هارو بلند میکنه و دونه دونه میکنه و چسبندگی ایجاد نمیکنه و مشکی هم هست ،خیلیم سبکِ وقتی استفاده میکنم سنگینی حس نمیکنم اصلا،فقط کاش فرچه اش این مدلی نبود ,3,true,2019-04-16T16:39:47.5066667+00:00,خنثی,0.35,محصول | اصل بودن کالا,محصول
ریمل پوش آپ آنجل,https://www.khanoumi.com/products/maybelline-push-up-angel-mascara-19340,سلام. لطفا ریمل میبلین بنفش رو موجود کنید .لطفا,0,false,2019-04-12T18:23:02.6366667+00:00,خنثی,0.35,محصول,محصول
ریمل پوش آپ آنجل,https://www.khanoumi.com/products/maybelline-push-up-angel-mascara-19340,راضیم ازش مژه رو خوب بلند میکنه و تقریبا نمیچسبونه ممنون خانومی,3,true,2019-03-10T20:05:58.7266667+00:00,مثبت,0.79,محصول,محصول
ریمل پوش آپ آنجل,https://www.khanoumi.com/products/maybelline-push-up-angel-mascara-19340,خیلی راضیم ازش فرچه جالبی داره لازم نیست اصلا چندبار فرچه رو داخل مواد بزنید همون یکبار کافیه تا فرمم بده به مژه ها . واقعا مژه ها رو بلند و مشکی میکنه من خیلی راضیم ,4,true,2019-03-06T14:00:29.6633333+00:00,ترکیبی,0.9,محصول | اصل بودن کالا,محصول
ریمل پوش آپ آنجل,https://www.khanoumi.com/products/maybelline-push-up-angel-mascara-19340,من ازش خیلی راضی هستم هم بلند میکنه هم یه کم حجم میده و گره نمیخوره البته من مژه هام بلنده ,9,true,2019-02-27T20:01:46.9866667+00:00,مثبت,0.67,محصول,محصول
ریمل پوش آپ آنجل,https://www.khanoumi.com/products/maybelline-push-up-angel-mascara-19340,اخر بخريم يا نخريم ؟؟؟ ,17,false,2018-12-30T13:54:56.7666667+00:00,خنثی,0.35,سایر,سایر
ریمل پوش آپ آنجل,https://www.khanoumi.com/products/maybelline-push-up-angel-mascara-19340,مرسی که نظراتتون رو به اشتراک میذارید,4,false,2018-12-30T12:52:42.1766667+00:00,مثبت,0.67,سایر,سایر
ریمل پوش آپ آنجل,https://www.khanoumi.com/products/maybelline-push-up-angel-mascara-19340,اصلا حجم دهنده نیست. بدتر احساس میکنم کم پشت نشون میده مژه هامو. فقط بلند میکنه. و خوب حالت میده. نیازی به فرموژه نداره. ,10,true,2018-09-29T22:30:00.0666667+00:00,مثبت,0.91,محصول | اصل بودن کالا,محصول
ریمل پوش آپ آنجل,https://www.khanoumi.com/products/maybelline-push-up-angel-mascara-19340,فقط مژه ها رو بلند میکنه . واسه مژه های کم پشت مناسب نیست اصلا,7,false,2018-05-22T10:02:07.9+00:00,منفی,0.67,اصل بودن کالا,اصل بودن کالا
دستگاه فیس براش شارژی مدل  پرفکت سونیک اف 800,https://www.khanoumi.com/products/cute-skin-face-brush-19347,"مریم عزیز
سلام، لطفا در قسمت خرید های من به پشتیبانی پیام بدین تا مشکلتون رو بررسی کنن. با تشکر",0,false,2018-06-30T16:00:32+00:00,منفی,0.67,خدمات و پشتیبانی,خدمات و پشتیبانی
دستگاه فیس براش شارژی مدل  پرفکت سونیک اف 800,https://www.khanoumi.com/products/cute-skin-face-brush-19347,من این دستگاه رو تو تخفیف عید فطر خریداری کردم برای من سه تا براش فرستادین با دو تا درپوش، براش بدن درپوش نذاشتین به همین دلیل من نمیتونم به دستگاه وصلش کنم و اون دو تا درپوش هم کوچیکه برای این که بذارم روی براش بدن. درپوش براش بدن رو برام میفرستین؟ چون این طوری نمیتونم ازش استفاده کنم چون دسترسی به تلگرام ندارم مجبور شدم اینجا پیام بدم تشکر از فروشگاه شما ,0,true,2018-06-29T02:28:57.2966667+00:00,منفی,0.95,محصول | قیمت,محصول
دستگاه فیس براش شارژی مدل  پرفکت سونیک اف 800,https://www.khanoumi.com/products/cute-skin-face-brush-19347,سلام فرق این مدل با اف ۸۰۲ چیه ؟,4,false,2018-03-09T02:06:01.6066667+00:00,خنثی,0.35,سایر,سایر
دستگاه فیس براش شارژی مدل  پرفکت سونیک اف 800,https://www.khanoumi.com/products/cute-skin-face-brush-19347,فرق این مدل با مدل f900 که اوتم شارژی هست چیه؟ این از اون گردن تره,2,false,2018-02-27T22:45:54.5733333+00:00,خنثی,0.35,سایر,سایر
دستگاه فیس براش شارژی مدل  پرفکت سونیک اف 800,https://www.khanoumi.com/products/cute-skin-face-brush-19347,"سلام,هر روز استفاده کنیم مشکلی نداره پوست و نازک و خشک نمیکنه؟",2,true,2018-02-25T08:55:18.2666667+00:00,خنثی,0.35,محصول,محصول
دستگاه فیس براش شارژی ادونس سونیک اف 802,https://www.khanoumi.com/products/cute-skin-face-brush-19348,من یک ساله از این فیس براش استفاده میکنم واقعا عالیه پوستم شفاف تر شده و کمتر چرب میشه و جوش نمیزنه,0,true,2019-10-05T22:03:37+00:00,مثبت,0.79,محصول,محصول
دستگاه فیس براش شارژی ادونس سونیک اف 802,https://www.khanoumi.com/products/cute-skin-face-brush-19348,خانم توسلیان عزیز؛ لطفا از بخش خریدهای من به امورمشتریان پیام ارسال بفرمایید,0,false,2019-02-26T17:02:51.1766667+00:00,خنثی,0.35,محصول | تحویل و ارسال,محصول
دستگاه فیس براش شارژی ادونس سونیک اف 802,https://www.khanoumi.com/products/cute-skin-face-brush-19348,سلام من این کالا امروز ۷اسفند به دستم رسید اماتاریخ گارنتی اون فقط تا ۲۸اسفند ۹۷ هست لطفا راهنمایی کنید,7,true,2019-02-26T15:40:01.66+00:00,خنثی,0.35,تحویل و ارسال,تحویل و ارسال
دستگاه فیس براش شارژی ادونس سونیک اف 802,https://www.khanoumi.com/products/cute-skin-face-brush-19348,لطفا فرق هاشون رو هم بنويسيد,18,false,2018-03-05T23:46:06+00:00,خنثی,0.35,سایر,سایر
دستگاه فیس براش شارژی ادونس سونیک اف 802,https://www.khanoumi.com/products/cute-skin-face-brush-19348,ویبراتوری هست یا چرخشی,19,false,2018-02-21T14:03:50.89+00:00,خنثی,0.35,سایر,سایر
دستگاه فیس براش شارژی سونیک مدل  اف 901,https://www.khanoumi.com/products/cute-skin-face-brush-19349,سلام خسته نباشید. این محصول چرخشی هست یا به صورت لرزشی کار میکنه؟,5,false,2018-07-29T12:04:20.7366667+00:00,مثبت,0.79,محصول,محصول
دستگاه فیس براش شارژی سونیک مدل  اف 901,https://www.khanoumi.com/products/cute-skin-face-brush-19349,من از این میخوام ولی رنگای دیگش چرا موجود نیست.☹,3,false,2018-06-02T23:40:42.28+00:00,خنثی,0.35,محصول,محصول
دستگاه فیس براش شارژی سونیک مدل  اف 901,https://www.khanoumi.com/products/cute-skin-face-brush-19349,"دو هفته ست که این دستگاه و از سایت خانومی خریدم...خیلی از خریدم راضی ام، پوستم خشک هست و پوست پوسته میشه و همیشه به خاطر همین پوست پوسته شدن موقع ارایش کردن اذیت میشدم چون بیشتر به چشم میومد...ولی تو این مدت از این دستگاه استفاده کردم همراه با میسلار مرطوب 3 در 1 بلیندا واقعا راحت شدم...
مرسی خانومی❤",8,true,2018-03-08T13:28:24.6333333+00:00,مثبت,0.91,محصول,محصول
دستگاه  فیس براش شارژی سونیک مدل اف 900,https://www.khanoumi.com/products/cute-skin-face-brush-19350,من این فیس براش رو حدود یکسال پیش در تخفیف black friday خانومی عزیز خریدم و بسیار راضی هستم ، پوستم بسیار تمیزتر شده و خیلی کمتر جوش میزنم . ,1,true,2019-09-30T10:28:57+00:00,مثبت,0.67,محصول | قیمت,محصول
دستگاه  فیس براش شارژی سونیک مدل اف 900,https://www.khanoumi.com/products/cute-skin-face-brush-19350,توساینای دیگ خییییییلی ارزونتزه,8,false,2019-02-23T11:49:34.4866667+00:00,خنثی,0.35,قیمت,قیمت
دستگاه  فیس براش شارژی سونیک مدل اف 900,https://www.khanoumi.com/products/cute-skin-face-brush-19350,چه فرقي با مدل ٥ سر دارد با توجه به اختلاف قيمتي كه با ان مدل دارد ؟,27,false,2017-12-23T16:41:35.77+00:00,خنثی,0.35,قیمت,قیمت
دستگاه فیس براش باطری دار پریتی سونیک801,https://www.khanoumi.com/products/cute-skin-face-brush-19351,"اگه می خواین پوستتونو خیلی تمیز و عمیق بشورید پیشنهادش می کنم.
قبل از اینکه شویندتونو روش بریزید براششو خیس کنید صورتتونم خیس کنید تا خوب کف کنه.",2,true,2020-08-09T21:07:43+00:00,مثبت,0.79,محصول,محصول
دستگاه فیس براش باطری دار پریتی سونیک801,https://www.khanoumi.com/products/cute-skin-face-brush-19351,من یک ساله که این فیس براش رو دارم. مصرف باتری ش خیلی کمه. شستشوی عالی داره و لایه های خشک رو پاک میکنه. واقعا راضی هستم ,7,true,2020-02-24T08:24:55+00:00,مثبت,0.79,سایر,سایر
دستگاه فیس براش باطری دار پریتی سونیک801,https://www.khanoumi.com/products/cute-skin-face-brush-19351,در یک کلام عااالی,3,true,2020-01-01T23:27:08+00:00,خنثی,0.35,سایر,سایر
دستگاه فیس براش باطری دار پریتی سونیک801,https://www.khanoumi.com/products/cute-skin-face-brush-19351,خانم کیانی عزیز، این مدل لرزشی است و دارای دو سرعت لرزش برای شستشوی ملایم و عمقی می باشد. ,4,false,2019-07-07T16:58:28.6066667+00:00,خنثی,0.35,محصول,محصول
دستگاه فیس براش باطری دار پریتی سونیک801,https://www.khanoumi.com/products/cute-skin-face-brush-19351,ببخشید این مدل لرزشی هست یا چرخشی,2,false,2019-07-06T18:18:04.8866667+00:00,خنثی,0.35,سایر,سایر
دستگاه فیس براش باطری دار پریتی سونیک801,https://www.khanoumi.com/products/cute-skin-face-brush-19351,منم ازش راضیم,5,true,2019-05-21T19:15:07.6033333+00:00,مثبت,0.79,سایر,سایر
دستگاه فیس براش باطری دار پریتی سونیک801,https://www.khanoumi.com/products/cute-skin-face-brush-19351,"عاليييييي عاليييييييي به نظرم واقعااا ارزش خريد داره
يك ماهه دارم استفاده ميكنم ازش خيليييي خوبه",3,true,2019-05-18T13:23:00.4866667+00:00,مثبت,0.95,قیمت,قیمت
دستگاه فیس براش باطری دار پریتی سونیک801,https://www.khanoumi.com/products/cute-skin-face-brush-19351,"در قسمت باتری محصولی که برای من ارسال شده اصلا باز نمیشه 
به شدت سفت هست طوری که هنوز نتونستم ازش استفاده کنم",10,true,2019-03-02T23:06:20.6066667+00:00,منفی,0.67,تحویل و ارسال | محصول | اصل بودن کالا,اصل بودن کالا
دستگاه فیس براش باطری دار پریتی سونیک801,https://www.khanoumi.com/products/cute-skin-face-brush-19351,گد تخفیف ۸۰۱ چیه من نمیتونم بدون تخیف بخرم؟؟؟؟,4,true,2019-02-25T11:27:54.3433333+00:00,مثبت,0.67,قیمت,قیمت
دستگاه فیس براش باطری دار پریتی سونیک801,https://www.khanoumi.com/products/cute-skin-face-brush-19351,من دیدم صورتیش تو تخفیف بود وقتی ثبت کردم دیگه ندیدمش هواسمم  نبود که مبلغو ببینم زدم تخفیف نخوردش ,1,true,2019-02-24T18:32:05.4066667+00:00,خنثی,0.35,محصول | قیمت,محصول
دستگاه فیس براش باطری دار پریتی سونیک801,https://www.khanoumi.com/products/cute-skin-face-brush-19351,لطفا کد بن را در مرحله ثبت ادرس در کارد مربوط به بن وارد بفرمایید و حتما ثبت بن را بزنید ,2,false,2019-02-23T17:23:42.8766667+00:00,خنثی,0.35,محصول,محصول
دستگاه فیس براش باطری دار پریتی سونیک801,https://www.khanoumi.com/products/cute-skin-face-brush-19351,سلام من یک کد تخفیف دارم چطور میتونم ازش استفاده کنم؟,4,true,2019-02-23T16:56:26.43+00:00,خنثی,0.35,قیمت,قیمت
دستگاه فیس براش باطری دار پریتی سونیک801,https://www.khanoumi.com/products/cute-skin-face-brush-19351,سلام خسته نباشین چرا دیشب ک من سفارش دادم ارسال رایگان نبود😕,2,true,2019-02-20T04:37:25.39+00:00,خنثی,0.35,محصول | تحویل و ارسال,محصول
دستگاه فیس براش باطری دار پریتی سونیک801,https://www.khanoumi.com/products/cute-skin-face-brush-19351,ممنون از پیگیری سایت خانومی..الان براش کیوت اسکین من که داخل جعبه نبود جداگانه ارسال و با پیگیری همکاران به دستم رسید..ظاهرا مشکل از بسته بندی خود کیوت اسکین بوده و خانومی دخل و تصرفی نداشته..ممنون,15,true,2018-06-20T11:14:53.9666667+00:00,خنثی,0.35,تحویل و ارسال | محصول | خدمات و پشتیبانی,تحویل و ارسال
دستگاه فیس براش باطری دار پریتی سونیک801,https://www.khanoumi.com/products/cute-skin-face-brush-19351,سفارش من الان به دستم رسید ، به جای 2 براش 1 براش داخلش بیود. این چه وضعیه؟؟؟  برای چی بستهای که پلمپ نیست ارسال کردین برای من؟؟؟ تلفن هم که همش اشغاله.. نتیجه اعتماد ما اینه؟؟؟,65,true,2018-06-17T10:16:39.96+00:00,خنثی,0.35,تحویل و ارسال | محصول,تحویل و ارسال
دستگاه فیس براش باطری دار پریتی سونیک801,https://www.khanoumi.com/products/cute-skin-face-brush-19351,خواهشا تو حراجتون قرار بدین,4,false,2018-06-14T16:57:32.5866667+00:00,منفی,0.67,سایر,سایر
دستگاه فیس براش باطری دار پریتی سونیک801,https://www.khanoumi.com/products/cute-skin-face-brush-19351,فرزانه عزیز بله مدل 801 لرزشی است,3,false,2018-03-10T16:21:23.3866667+00:00,خنثی,0.35,سایر,سایر
دستگاه فیس براش باطری دار پریتی سونیک801,https://www.khanoumi.com/products/cute-skin-face-brush-19351,این مدل لرزشی هست؟,2,false,2018-03-10T14:10:28.4633333+00:00,خنثی,0.35,سایر,سایر
دستگاه فیس  براش  چرخشی تاچ بیوتی مدل اف 700,https://www.khanoumi.com/products/cute-skin-face-brush-19352,سلام کدوم یکی از سری های یدک کیوت اسکین به این دستگاه متصل میشن؟,1,true,2019-09-09T08:31:53+00:00,خنثی,0.35,سایر,سایر
دستگاه فیس  براش  چرخشی تاچ بیوتی مدل اف 700,https://www.khanoumi.com/products/cute-skin-face-brush-19352,سلام ببخشید این مدل چه فرقی با مدل ۵ سر داره؟ کاراییشون یکیه؟ از لحاظ چرخش و ضربه,14,false,2018-03-06T01:45:31.31+00:00,خنثی,0.35,محصول,محصول
دستگاه فیس  براش  چرخشی تاچ بیوتی مدل اف 700,https://www.khanoumi.com/products/cute-skin-face-brush-19352,"سلام - این دستگاه با مدل دیگری که 5 سر هستش چه فرقی داره؟
https://www.khanoumi.com/cute-skin-face-brush-17759",8,false,2018-03-05T12:42:55.81+00:00,خنثی,0.35,سایر,سایر
دستگاه فیس  براش  چرخشی تاچ بیوتی مدل اف 700,https://www.khanoumi.com/products/cute-skin-face-brush-19352,سرکار  خانم  Leila   Gorji ، این دستگاه باتوجه  به  نام  محصول  و  ویژگی  های  نوشته  شده  ، چرخشی  عمل می کند . منظور  از  لرزش ،نوع  عملکرد سرعت  آن  است,4,false,2018-02-28T11:01:29.29+00:00,خنثی,0.35,محصول,محصول
دستگاه فیس  براش  چرخشی تاچ بیوتی مدل اف 700,https://www.khanoumi.com/products/cute-skin-face-brush-19352,این دستگاه هم میچرخه و هم میلرزه؟ چون بالاش نوشتین چرخشی ولی توضیحاتش از لرزاننده گفته؟,0,false,2018-02-27T22:43:28.0266667+00:00,خنثی,0.35,سایر,سایر
دستگاه فیس براش باطری دار مدل  تاچ بیوتی سونیک اف701,https://www.khanoumi.com/products/cute-skin-face-brush-19353,این کالا هم شامل تخفیف 25درصد میشه یا نه؟,1,false,2018-12-13T18:36:08.8366667+00:00,خنثی,0.35,قیمت,قیمت
دستگاه فیس براش باطری دار مدل  تاچ بیوتی سونیک اف701,https://www.khanoumi.com/products/cute-skin-face-brush-19353,من از این محصول کاملا راضی هستم ولی سری هاش رو پیدا نمیکنیم لطفا سری این محصول رو موجود کنید,2,false,2018-11-25T10:10:14.4766667+00:00,مثبت,0.67,محصول,محصول
دستگاه فیس براش باطری دار مدل  تاچ بیوتی سونیک اف701,https://www.khanoumi.com/products/cute-skin-face-brush-19353,"آیا ب این مدل سری های بدن و سنگ پا هم میشه وصل کرد؟
با توجه ب اینکه باتری میخوره میشه با خیال راحت زیر دوش ازش استفاده کرد؟
",10,false,2018-03-13T03:08:32.6733333+00:00,منفی,0.67,سایر,سایر
سری یدک  برس آرایشی  سونیک,https://www.khanoumi.com/products/cute-skin-face-brush-19355,تمام کرم پودر رو به خودش جذب میکنه اصلا از این سری یدک راضی نیستم,0,false,2019-11-21T22:29:20+00:00,خنثی,0.35,محصول | اصل بودن کالا,محصول
سری یدک  برس آرایشی  سونیک,https://www.khanoumi.com/products/cute-skin-face-brush-19355,من دیروز دستگاه رو سفارش دادم و این سری رو نداشتین اگه امروز سفارش بدم‌ با سفارش قبلیم میاد؟؟؟,0,false,2019-02-27T02:09:59.53+00:00,منفی,0.67,سایر,سایر
اسپری موهای رنگ شده,https://www.khanoumi.com/products/bielenda-color-keratin-ap-studio-19358,موهاروخشک میکنه راضی نبودم,3,true,2018-04-21T09:13:27.2533333+00:00,منفی,0.67,محصول,محصول
ماسک کراتین مو رنگ شده,https://www.khanoumi.com/products/bielenda-color-keratin-ap-studio-19361,در یک کلمه افتضاحه! نه تنها نرم نمیکنه بلکه مو رو خیلی خشک و بی حالت میکنه هیچی نزنی سنگینتره,1,false,2018-07-23T16:54:29.23+00:00,منفی,0.67,محصول,محصول
ماسک مو کراتین موهای آسیب دیده,https://www.khanoumi.com/products/bielenda-repair-keratin-ap-studio-19363,افتضاح ترین ماسک مویی بود که استفاده کردم! موهای من دکلره شده ست و من ماسک موهای زیادی از برندهای مختلف استفاده کردم. بعضیا متوسط و بعضیا خوب بود ولی این یکی افتضاح بود. بجای اینکه موهامو آبرسانی و نرم کنه کاملا خشک و بی حالت شد و اگه موهامو فقط با شامپوی خالی میشستم اینقدر افتضاح نمیشد!,14,false,2018-03-31T13:53:05.4433333+00:00,ترکیبی,0.79,محصول,محصول
پاک کننده آرایش دو فاز آرگان,https://www.khanoumi.com/products/bielenda-2-phase-argan-oil-make-up-remover-19364,خوب پاک نمیکنه و دور چشم رو میسوزونه روغنی هم نیست,3,true,2018-04-21T09:14:31.5566667+00:00,منفی,0.67,سایر,سایر
پاک کننده آرایش دو فاز آرگان,https://www.khanoumi.com/products/bielenda-2-phase-argan-oil-make-up-remover-19364,اين محصول دوباره موجود نميشه؟,2,false,2018-02-22T10:38:55.74+00:00,خنثی,0.35,محصول,محصول
پاک کننده آرایش دو فاز آووکادو,https://www.khanoumi.com/products/bielenda-2-phase-avocado-make-up-remover-19365,پاك كننده ملايم و خوبيه و الودگي رو پاك ميكنه,0,true,2019-10-08T08:45:23+00:00,مثبت,0.67,محصول,محصول
پاک کننده آرایش دو فاز آووکادو,https://www.khanoumi.com/products/bielenda-2-phase-avocado-make-up-remover-19365,پاك كننده خوبي براي پوست و ارايش چشمها هست,0,true,2019-10-08T08:33:49+00:00,مثبت,0.67,محصول,محصول
پاک کننده آرایش دو فاز آووکادو,https://www.khanoumi.com/products/bielenda-2-phase-avocado-make-up-remover-19365,من که خیلی راضیم آرایش چشمم خیلی خوب پاک میکنه,6,true,2018-03-14T11:03:10.3266667+00:00,مثبت,0.95,سایر,سایر
پاک کننده آرایش دو فاز عصاره پنبه,https://www.khanoumi.com/products/bielenda-2-phase-cotton-make-up-remover-19366,کیفیت خیلی بالایی داره و من واقعا راضیم برای آرایش چشم و لب استفاده میکنم و پاک کنندگی فوق العاده بالایی داره,6,false,2019-04-23T15:59:30.8066667+00:00,مثبت,0.91,محصول,محصول
پاک کننده آرایش دو فاز عصاره پنبه,https://www.khanoumi.com/products/bielenda-2-phase-cotton-make-up-remover-19366,"خیلی کم چربه و بعد از اینکه ارایش چشم رو پاک میکنی حتما باید بشوری .ولی هر آرایشی هر چقد سنگین و ضدآب رو به راحتی پاک میکنه  و واسه چشم من که حساسه مث معجزس.
من اثر تقویت کنندگیش رو واقعا به چشم دیدم ",11,true,2018-09-18T13:53:51.7833333+00:00,خنثی,0.35,محصول,محصول
پاک کننده آرایش چشم و مژه مصنوعی,https://www.khanoumi.com/products/bielenda-micellar-liquid-eye-and-extended-lashes-make-up-remover-19367,من اینو خیلی وقته دارم واقعا غلیظترین آرایشارو خوبِ خوب پاک میکنه راضیم ازش ,4,true,2019-05-06T11:54:53.15+00:00,مثبت,0.95,سایر,سایر
روغن پاک کننده صورت گل رز,https://www.khanoumi.com/products/bielenda-rose-oil-face-washing-19368,لطفا این محصول را شارژ کنید ممنون,5,false,2018-08-24T00:56:41.0466667+00:00,مثبت,0.67,محصول,محصول
روغن پاک کننده صورت آرگان و رتینول,https://www.khanoumi.com/products/bielenda-argan-oil-face-washing-19369,کیفیت این محصول عالیه من سه سال استفاده میکنم و اولین محصولیه که صورتمو خشک نمیکنه پوستم بسیار لطیف میشه و جوشهای زیرپوستی هم کم میشن,1,true,2019-06-11T09:39:40.0366667+00:00,مثبت,0.79,محصول,محصول
روغن پاک کننده صورت آرگان و رتینول,https://www.khanoumi.com/products/bielenda-argan-oil-face-washing-19369,شانس لطفا,8,true,2018-04-23T16:49:29.04+00:00,خنثی,0.35,سایر,سایر
روغن پاک کننده صورت آرگان و رتینول,https://www.khanoumi.com/products/bielenda-argan-oil-face-washing-19369,شانس لطفا,9,false,2018-01-09T11:52:04.58+00:00,خنثی,0.35,سایر,سایر
روغن پاک کننده  آرگان,https://www.khanoumi.com/products/bielenda-argan-oil-face-washing-19370,هر چقدر بگم عالی کم گفتم من که عاشقشم هم جای جوش رو کمرنگ میکنه هم آرایش رو کامل پاک میکنه و هم پوست رو خشک نمیکنه لطفا دوباره موجود کنید مال من داره تمام میشه🙏🌹❤️,1,true,2019-10-03T01:54:53+00:00,مثبت,0.79,محصول,محصول
روغن پاک کننده  آرگان,https://www.khanoumi.com/products/bielenda-argan-oil-face-washing-19370,لطفا موجود کنید,6,true,2018-12-23T07:34:39.8666667+00:00,خنثی,0.35,محصول,محصول
سرم روز و شب رتینول,https://www.khanoumi.com/products/bielenda-retinol-face-serum-19371,من خیلی راضیم حس خیلی خوبی به پوستم میده و سرحال و شاداب به نظر میاد,12,true,2018-07-23T11:21:36.2833333+00:00,مثبت,0.95,محصول,محصول
سرم شب ویتامین سی,https://www.khanoumi.com/products/bielenda-glycol-and-vitamin-c-face-serum-19372,الان ۲ هفته است استفاده میکنم. بوی بسیار بدی داره و حالت چسبناکی به پوست صورت میده. ولی در این ۲هفته بسیار پوستم را روشن و شاداب کرده. یک سری لکه ها را هم کمرنگ تر کرده,16,true,2019-08-27T18:00:53.7966667+00:00,منفی,0.67,محصول,محصول
سرم شب ویتامین سی,https://www.khanoumi.com/products/bielenda-glycol-and-vitamin-c-face-serum-19372,این سرم برای اطراف چشم قابل استفاده هست؟  ,22,false,2018-08-19T11:58:44.2566667+00:00,خنثی,0.35,سایر,سایر
امولسیون  پاک کننده صورت ویتامین سی,https://www.khanoumi.com/products/bielenda-glycol-and-vitamin-c-emulsion-19373,راضی بودم,3,true,2019-04-13T15:57:37.15+00:00,مثبت,0.67,محصول,محصول
سرم روز و شب هیالورون,https://www.khanoumi.com/products/bielenda-hylauron-face-serum-19374,"من الان این سرم رو از سایت دیگر به قیمت کمتر خریدم
چرا تفاوت قیمت؟؟؟
البته کمی آف هم خورده بود ولی باز هم اینهمه تفاوت قیمت!!!
البته اگه منصف باشیم خیلی چیزای دیگه اونور تقریبا دو برابر اینجا قیمتشه",5,false,2018-07-04T04:01:23+00:00,خنثی,0.35,قیمت | محصول,قیمت
سرم صورت دو فاز گل رز,https://www.khanoumi.com/products/bielenda-rose-serum-19376,سلام براى پوست هاى چرب هم مناسبه؟,11,false,2018-11-05T15:46:37.8966667+00:00,خنثی,0.35,محصول,محصول
روغن مرطوب کننده و نرم کننده صورت گل رز,https://www.khanoumi.com/products/bielenda-rose-serum-19377,این محصول و کرم روز و شبش محدودیت سنی دارن؟,2,true,2018-08-24T00:55:12.7833333+00:00,خنثی,0.35,محصول,محصول
محلول میسلار رطوبت رسان,https://www.khanoumi.com/products/bielenda-moisturizing-micellar-water-19378,در مجموع خوبه مشکلی تا الان نداشتم ,0,false,2020-03-10T10:46:54+00:00,مثبت,0.79,محصول,محصول
محلول میسلار رطوبت رسان,https://www.khanoumi.com/products/bielenda-moisturizing-micellar-water-19378,معمولیه,0,true,2019-10-05T16:45:19+00:00,خنثی,0.35,محصول,محصول
محلول میسلار رطوبت رسان,https://www.khanoumi.com/products/bielenda-moisturizing-micellar-water-19378,من این محصول رو برای بار دوم سفارش میدم چشم رو نمی سوزنه و آرایش ضد آب رو هم خوب پاک میکنه با اینکه پوست و چشم من حساسه با این محصول جوش نزدم و هیچ مشکلی نداشتم سایزشم که بزرگه قشنگ ده یا یازده ماه میشه استفاده کرد,0,true,2019-09-04T10:19:30.9866667+00:00,مثبت,0.67,محصول,محصول
محلول میسلار رطوبت رسان,https://www.khanoumi.com/products/bielenda-moisturizing-micellar-water-19378,"خيلي خوب ارايشو پاك ميكنه و خيلي به صرفس
براي ٦-٧ ماه ميشه استفاده كرد
ارايش چشمم من باش پاك ميكنم نميسوزونه
فقط مزش تلخه😑",9,false,2018-06-06T10:24:36.6266667+00:00,مثبت,0.79,سایر,سایر
آب میسلار پاک  کننده آرایش گل رز,https://www.khanoumi.com/products/bielenda-rose-micellar-water-19379,لطفا این محصول را شارژ کنید و در شانس قرار بدین ممنون,8,false,2018-08-24T00:53:47.4233333+00:00,ترکیبی,0.66,محصول,محصول
ژل شستشو و اسکراب لیمو و خیار,https://www.khanoumi.com/products/bielenda-cucumber-and-lime-scrub-19380,لطفا محصول را شارژ کنید تشکر ,0,false,2024-05-10T10:50:28+00:00,خنثی,0.35,محصول,محصول
ژل شستشو و اسکراب لیمو و خیار,https://www.khanoumi.com/products/bielenda-cucumber-and-lime-scrub-19380,محصول بسایر خوبی هست. من پوست خیلی چربی دارم و واقعا پوستم رو مات میکنه,3,true,2020-01-16T17:16:31+00:00,مثبت,0.67,محصول,محصول
ژل شستشو و اسکراب لیمو و خیار,https://www.khanoumi.com/products/bielenda-cucumber-and-lime-scrub-19380,عالیه این محصول بعد از استفاده احساس سبکی روی پوست بوجود میاد,7,false,2019-02-16T17:24:07.3933333+00:00,مثبت,0.79,محصول,محصول
ژل شستشو و اسکراب لیمو و خیار,https://www.khanoumi.com/products/bielenda-cucumber-and-lime-scrub-19380,من از اين محصول استفاده كردم خيلى خوب و عمقى پوست رو تميز ميكنه,16,true,2018-09-15T11:51:38.7833333+00:00,مثبت,0.67,محصول,محصول
بالم لب با رایحه تمشک,https://www.khanoumi.com/products/bielenda-lip-balm-19381,قيمتش بالاس به نظرم ولي فقط وقتي شب تا صبح ميزني خوبه ,0,true,2019-08-11T15:11:38.1566667+00:00,مثبت,0.79,قیمت,قیمت
بالم لب با رایحه تمشک,https://www.khanoumi.com/products/bielenda-lip-balm-19381,بوش عالیه و به نظرم خیلی لب رو نرم میکنه من که ازش راضی بودم نسبت به قیمت,1,true,2019-06-04T01:54:34.1466667+00:00,مثبت,0.91,محصول | قیمت,محصول
بالم لب هندوانه,https://www.khanoumi.com/products/bielenda-lip-balm-19383,من محصولات بدن بی لیندا رو خیلی دوس دارم ولی بالم لبش اصلا چیزی نبود که انتظار داشتم‌.تو این رنج قیمت مارکای خیلی بهتری هست,10,false,2018-09-20T20:40:19.2066667+00:00,منفی,0.79,محصول | اصل بودن کالا | قیمت,اصل بودن کالا
کرم ضد آفتاب پوست چرب و مختلط,https://www.khanoumi.com/products/bielenda-spf-30-protective-face-cream-19385,ضد آفتاب عالی هست. من 3 ساله دارم ازش استفاده می کنم و پوستم چرب و حساسه، اصلا باعث جوش و براق شدن پوستم نمیشه,1,true,2020-01-16T17:12:41+00:00,مثبت,0.79,محصول | اصل بودن کالا,محصول
کرم ضد آفتاب پوست چرب و مختلط,https://www.khanoumi.com/products/bielenda-spf-30-protective-face-cream-19385,این کرم رو بر اساس نظر خانمی که گفته بودن اصلا احساس چربی نمی‌کنی، خریدم. با اینکه پوست من مختلطه و خیلی هم چرب نیست، اما این کرم کاملاً صورتم رو برق می‌ندازه و جلوی زیبایی نداره. مات نیست، اما بی‌رنگه.,1,true,2019-02-28T12:21:53.3366667+00:00,مثبت,0.67,محصول | اصل بودن کالا,محصول
کرم ضد آفتاب پوست چرب و مختلط,https://www.khanoumi.com/products/bielenda-spf-30-protective-face-cream-19385,خیلی عالی اصلا احساس چربی نمیکنی! خیلی سبک! خوبیه که داره بی رنگ بی رنگ! به عنوان مرطوب کننده زیر آرایش هم میشه استفاده کرد ,5,true,2018-08-28T21:30:54.0566667+00:00,مثبت,0.91,محصول | اصل بودن کالا,محصول
کرم ضد آفتاب پوست چرب و مختلط,https://www.khanoumi.com/products/bielenda-spf-30-protective-face-cream-19385,ببخشید ضد آفتاب این مارک هم مخصوص پوست چرب و هم مخصوص پوست خشک رنگی هستند یا فاقد رنگ؟,3,false,2018-07-23T15:11:54.6666667+00:00,خنثی,0.35,محصول,محصول
ژل پاک کننده صورت زغال  چوب,https://www.khanoumi.com/products/bielenda-carbon-face-cleansing-gel-19387,سلام... موجود کنید لطفا,1,false,2019-02-27T17:51:03.69+00:00,خنثی,0.35,محصول,محصول
ژل پاک کننده صورت زغال  چوب,https://www.khanoumi.com/products/bielenda-carbon-face-cleansing-gel-19387,"سلام.اینو کی موجود می کنید؟
",4,false,2018-06-23T18:49:31.64+00:00,خنثی,0.35,محصول,محصول
اسکراب پاک کننده 3 کاره زغال چوب,https://www.khanoumi.com/products/bielenda-carbon-face-cleansing-paste-19388,من از این محصول بسیار راضی ام پوست رو تمییز و شفاف میکنه،ممنون خانومی🌹,8,true,2018-06-23T01:58:49.8933333+00:00,مثبت,0.91,محصول,محصول
کرم صورت رتینول روز و شب بالای 50 سال,https://www.khanoumi.com/products/bielenda-retinol-face-cream-19391,شانس لطفا,10,false,2018-04-28T10:47:39.7+00:00,خنثی,0.35,سایر,سایر
کرم روز و شب کلاژن بالای 50 سال,https://www.khanoumi.com/products/bielenda-collagen-face-cream-19393,عالیه,0,false,2026-05-05T22:02:54.16266+03:30,مثبت,0.79,سایر,سایر
کرم روز و شب گل رز,https://www.khanoumi.com/products/bielenda-rose-face-cream-19394,این محصول برای چه رنج سنی مناسبه؟ ,18,false,2018-08-19T12:05:27.44+00:00,خنثی,0.35,محصول,محصول
کرم روز ویتامین سی SPF 20,https://www.khanoumi.com/products/bielenda-glycol-and-vitamin-c-day-cream-19395,این محصول برای چه رنج سنی مناسبه؟ ,4,false,2018-08-19T12:02:30.4366667+00:00,خنثی,0.35,محصول,محصول
ماسک ژلی آبرسان یک بار مصرف,https://www.khanoumi.com/products/bielenda-hydro-booster-jelly-mask-19399,در هر بسته چند عدد ماسک موجوده؟,1,false,2019-09-20T13:30:05+00:00,خنثی,0.35,محصول | تحویل و ارسال,محصول
ماسک ژلی آبرسان یک بار مصرف,https://www.khanoumi.com/products/bielenda-hydro-booster-jelly-mask-19399,من که از این ماسک بسیار راضی ام. رایحه العاده ای داره که تا روی صورت هست آدم ازش لذت می بره. بعد از شستشو هم منافذ پوست را  می بنده و هم نرم و لطیف می کنه . بعلاوه خاصیت آبرسانی فوق العاده اش. من که به بقیه محصولات بی یلندا حساسیت دارم این ماسک فوق العاده بهم می سازه.,2,false,2019-08-05T13:22:10.2266667+00:00,مثبت,0.95,محصول,محصول
ماسک ژلی آبرسان یک بار مصرف,https://www.khanoumi.com/products/bielenda-hydro-booster-jelly-mask-19399,این ماسک واقعا آبرسان فوق العاده ایه و اون حجمی ک تو یک بسته ش هست برا ۴ دفعه استفاده کل صورت کافیه در کل برا پوست های کم آب توصیه می کنمش,6,true,2019-03-15T12:55:34.8966667+00:00,مثبت,0.79,محصول | تحویل و ارسال,محصول
ماسک لیفتینگ یک بار مصرف,https://www.khanoumi.com/products/bielenda-lifting-anti-wrinkle-face-3d-mask-19401,سلام برای اولین بار ازش استفاده کردم حس خوبی داشت و واقعا پوست را سفت تر کرد فقط یک کم قیمتش بالاس برای اینکه یک بار مصرفه ایکاش کمی قیمتش پایین تر بود میشد چند تا خرید ,30,true,2019-02-18T14:44:19.19+00:00,مثبت,0.67,محصول | قیمت,محصول
بالم لب,https://www.khanoumi.com/products/ellaro-lip-balm-19402,این بالم لب واقعا خوبه و لبا رو نرم میکنه اما پکیجینگش زیاد خوب نیست و یکم اگه بی دقتی کنید میشکنه خود بال لبش یا اینکه کج میشه ولی در کل من راضی ام ازش,0,true,2026-07-27T01:46:56.1502976+03:30,مثبت,0.91,سایر,سایر
بالم لب,https://www.khanoumi.com/products/ellaro-lip-balm-19402,بوی خوبی داره.سنگین نیست.پکیجینگ باکیفیتی ام داره,0,true,2026-07-17T18:00:12.6701786+03:30,مثبت,0.67,محصول,محصول
بالم لب,https://www.khanoumi.com/products/ellaro-lip-balm-19402,من راضیم ازش خوشبوعه، پکیجینگش عالیه و توی کیف باز نمیشه، لبارو نرم میکنه,0,true,2026-06-30T19:25:49.8153506+03:30,مثبت,0.95,محصول,محصول
بالم لب,https://www.khanoumi.com/products/ellaro-lip-balm-19402,اصلا خوب نیست با این قیمت خیلییییی چیزای بهتری میتونید بخرید خیلیییی هم شکننده‌ست و زود محتویاتش میشکنه و غیرقابل استفاده میشه. حیف اون همه پول,0,false,2026-05-31T14:12:08.9513864+03:30,منفی,0.79,اصل بودن کالا | قیمت,اصل بودن کالا
بالم لب,https://www.khanoumi.com/products/ellaro-lip-balm-19402,عالیه,0,true,2026-04-25T08:46:25.4929098+03:30,مثبت,0.79,سایر,سایر
بالم لب,https://www.khanoumi.com/products/ellaro-lip-balm-19402,ضعیف،اصلا مثل قبل نیست,0,true,2026-04-18T20:09:58.9169021+03:30,ترکیبی,0.66,اصل بودن کالا,اصل بودن کالا
بالم لب,https://www.khanoumi.com/products/ellaro-lip-balm-19402,عالیععع، من برند دیپ سنس و دکتر ژیلا خیلی استفاده کردم اصلا بدرد نمیخوردن، این عالیه شب میزنم، صبح لبام نرم و لطیف شده و ترک های لب رو هم 70 درصد کم میکنه، و همیشه مرطوبه لب,0,false,2026-04-07T19:54:37.9623003+03:30,مثبت,0.95,اصل بودن کالا,اصل بودن کالا
بالم لب,https://www.khanoumi.com/products/ellaro-lip-balm-19402,"خیلی خوبه قشنگ لب رو نرم میکنه و انگار خونرسانی لب رو زیاد میکنه 
لب شیک میشه بعد استفاده ازش
به نظرم از دکتر ژیلا بهتره",0,true,2026-04-02T13:32:52.3917515+03:30,مثبت,0.91,سایر,سایر
بالم لب,https://www.khanoumi.com/products/ellaro-lip-balm-19402,بوش و نرم کنندگی عالیه خیلی راضی بودم,0,true,2026-03-15T19:24:01.419033+03:30,مثبت,0.91,محصول,محصول
بالم لب,https://www.khanoumi.com/products/ellaro-lip-balm-19402,عالیه,0,true,2026-02-10T23:54:30.6864097+03:30,مثبت,0.79,سایر,سایر
بالم لب,https://www.khanoumi.com/products/ellaro-lip-balm-19402,خیلی عالیه، نرمه و بوی بدی هم نداره,0,true,2026-02-01T16:23:57.004068+03:30,مثبت,0.91,محصول,محصول
بالم لب,https://www.khanoumi.com/products/ellaro-lip-balm-19402,از همه بالم لب‌های دیگه برام بهتر بوده، فقط مراقب باشید خیلی بالا نیاریدش چون لق هست ممکنه بشکنه در حدی که فقط با لب برخورد کنه، پیشنهادش میکنم,0,true,2026-01-22T15:37:47.3184786+03:30,مثبت,0.67,محصول,محصول
بالم لب,https://www.khanoumi.com/products/ellaro-lip-balm-19402,معمولی، بعد از زدن چربی روی لب میمونه و ابرسانی معمولی داره,0,true,2026-01-21T09:47:53.5958909+03:30,خنثی,0.35,محصول,محصول
بالم لب,https://www.khanoumi.com/products/ellaro-lip-balm-19402,خوب بود,0,true,2026-01-14T12:15:21.2859852+03:30,مثبت,0.79,محصول,محصول
بالم لب,https://www.khanoumi.com/products/ellaro-lip-balm-19402,بهترین بالم لب منکه عاشقشم,0,true,2026-01-05T13:16:28.1529283+03:30,مثبت,0.79,سایر,سایر
بالم لب,https://www.khanoumi.com/products/ellaro-lip-balm-19402,فوق العاده است,0,true,2026-01-03T22:34:27.4907851+03:30,مثبت,0.67,سایر,سایر
بالم لب,https://www.khanoumi.com/products/ellaro-lip-balm-19402,خیییییلی خوبه,0,true,2025-12-29T19:18:51.1948148+03:30,مثبت,0.79,سایر,سایر
بالم لب,https://www.khanoumi.com/products/ellaro-lip-balm-19402,لطفا موجود کنید خیلی عالیه,0,true,2025-09-10T02:31:00.0919877+03:30,مثبت,0.79,محصول,محصول
بالم لب,https://www.khanoumi.com/products/ellaro-lip-balm-19402,من همیشه از یه برند دیگه استفاده میکردم برای بالم لب. اینو خیلی اتفاقی چون تعریفشو شنیده بودم از یه داروخانه که داشتش خریدم. واقعا در یه لول دیگه ست.. خیلی عالیه.. خیلی عالی. من بالم لب کامان رو هرچند ساعت تمدید میکردم تا نرمی لبمو نگه داره و خشک نشه ولی این عالی بود. یه بار صبح زدم و تا الان لبم نرمه و خشک نشده.. . بالم لب کامان هم نسبت به قیمت خودش عالیه ولی واقعا الارو یه چیز دیگست و غیرقابل مقایسه بود. بسته بندیش شیک و خوب بود. بافتش خیلی نرمه و یکم اولش شاید فکرکنین لبتونو چرب میکنه اما بعد یه 5 دقیقه ای جذب میشه قشنگ. بوش هم یکم خاص بود.. مثلا مثل بوی ترکیبی از محصولات گیاهیه.. خلاصه که ازش خیلی راضی بودم. اگه مثل من لباتون خشکه و ترک میخوره میتونه براتون گزینه خوبی باشه که حتی یه بارم شده امتحانش کنین. ارزشش رو داره.,0,false,2025-06-29T14:17:14.3889894+00:00,مثبت,0.95,محصول | تحویل و ارسال | قیمت,محصول
بالم لب,https://www.khanoumi.com/products/ellaro-lip-balm-19402,موجود کنید لطفا,0,false,2024-12-09T22:43:13.397604+00:00,خنثی,0.35,محصول,محصول
بالم لب,https://www.khanoumi.com/products/ellaro-lip-balm-19402,بهترین بالم لبی بود که استفاده کردم,0,true,2024-11-27T21:35:28.0507252+00:00,مثبت,0.67,محصول,محصول
بالم لب,https://www.khanoumi.com/products/ellaro-lip-balm-19402,لطفا موجود کنید میخوام سفارش بدم,0,true,2024-11-11T11:54:28.5432563+00:00,منفی,0.67,محصول,محصول
بالم لب,https://www.khanoumi.com/products/ellaro-lip-balm-19402,خوبه به نظرم,0,true,2024-08-22T15:39:25+00:00,مثبت,0.79,سایر,سایر
بالم لب,https://www.khanoumi.com/products/ellaro-lip-balm-19402,بهترین بالم لبی که استفاده کردم. از این گرونتر هم خریده بودم قبلا، ولی هیچی این نمیشه ,0,true,2024-06-02T23:39:38+00:00,مثبت,0.67,محصول | قیمت,محصول
بالم لب,https://www.khanoumi.com/products/ellaro-lip-balm-19402,بوق خوبی داره ،نرم کننده س،روزی دو بار میزنم و حدود یکساله دارمش،دیگه آخراشه,0,false,2024-03-08T23:42:08+00:00,مثبت,0.67,محصول,محصول
بالم لب,https://www.khanoumi.com/products/ellaro-lip-balm-19402,بصورت یک لایه روی لب باقی میمونه اما چرب نیست,1,true,2023-11-04T10:44:54+00:00,خنثی,0.35,محصول,محصول
بالم لب,https://www.khanoumi.com/products/ellaro-lip-balm-19402,بالم خوبیه سفیدک نمیزنه و چربیش اذیت کننده نیست,4,true,2021-08-01T18:22:28+00:00,منفی,0.67,سایر,سایر
بالم لب,https://www.khanoumi.com/products/ellaro-lip-balm-19402,واقعا عالیه ترک های بعد ترمیم میکنه از بین میبره خیلی عالیه ,11,false,2020-05-04T16:41:13+00:00,مثبت,0.95,سایر,سایر
کرم دست و بدن توت,https://www.khanoumi.com/products/seagull-hand-and-body-cream-19404,عالیه هم ابرسانیه خوبی داره هم مرطوب کنندگی از بوشم که نگم واستون,2,true,2021-12-29T15:38:52+00:00,مثبت,0.91,محصول,محصول
کرم دست و بدن توت,https://www.khanoumi.com/products/seagull-hand-and-body-cream-19404,عاشق بوشم.بوی خیلی خیلی خوبی داره.هربار استفادش میکنم بوش قشنگ حس میشه رو صورت و دست.مرطوب کنندگی خوبی هم داره و حجمشم زیاده و تا مدتها میمونه.رنگ خوشگلی هم داره کرمش.یکمی مایل به بنفشِ.جذابه در کل,34,false,2020-01-03T18:35:24+00:00,مثبت,0.91,محصول,محصول
کرم دست و بدن انبه,https://www.khanoumi.com/products/seagull-mango-hand-and-body-cream-19405,میتونه جایگزین مناسبی برای لوسیون های گران قیمت باشه. ,1,true,2019-10-10T11:29:24+00:00,خنثی,0.35,قیمت,قیمت
کرم دست و بدن انبه,https://www.khanoumi.com/products/seagull-mango-hand-and-body-cream-19405,من چون عاشق انبه هستم خریدمش، با اینکه بوش یکم فرق داره ولی در کل راضیم و دوستش دارم، برای بدنم استفاده میکنم و کاملا نرم و مرطوب میکنه، اصلا چرب نیست و سریع جذب میشه,4,true,2019-06-03T22:35:55.3666667+00:00,ترکیبی,0.71,محصول | اصل بودن کالا,محصول
ژل شستشوی صورت مرطوب کننده و ضد آلودگی هوا مناسب پوست چرب حجم 200 میلی لیتر,https://www.khanoumi.com/products/cinere-anti-pollution-daily-face-wash-19406,خوبه مشکلی ندارع,0,true,2026-08-27T12:04:19.0968216+03:30,مثبت,0.79,سایر,سایر
ژل شستشوی صورت مرطوب کننده و ضد آلودگی هوا مناسب پوست چرب حجم 200 میلی لیتر,https://www.khanoumi.com/products/cinere-anti-pollution-daily-face-wash-19406,من خیلی وقت استفاده میکنم راضیم ملایمه ومشکلی نداره,0,false,2026-08-19T20:24:39.1869161+03:30,مثبت,0.79,محصول,محصول
ژل شستشوی صورت مرطوب کننده و ضد آلودگی هوا مناسب پوست چرب حجم 200 میلی لیتر,https://www.khanoumi.com/products/cinere-anti-pollution-daily-face-wash-19406,"تو عمرم شوینده به این داغونی و افتضاحی ندیده بودم، قشنگ با اولین بار که استفاده کردم به طرز افتضاحی جوش زدم ولی باز بهش فرصت دادم گفتم شاید مشکل یچیز دیگه باشه و پوستمو داغون کرد.
اگه پوست چرب و مستعد جوش دارین به هیچ عنوان سمتش نرین",0,false,2026-08-16T13:28:34.8741514+03:30,منفی,0.95,محصول,محصول
ژل شستشوی صورت مرطوب کننده و ضد آلودگی هوا مناسب پوست چرب حجم 200 میلی لیتر,https://www.khanoumi.com/products/cinere-anti-pollution-daily-face-wash-19406,خیلی خوبه عمیق تمیز میکنه بدون اینکه خیلی خشک کنه پوستو و ارایشو هم خیلی خوب پاک میکنه,0,true,2026-08-11T18:37:11.5330208+03:30,مثبت,0.95,محصول,محصول
ژل شستشوی صورت مرطوب کننده و ضد آلودگی هوا مناسب پوست چرب حجم 200 میلی لیتر,https://www.khanoumi.com/products/cinere-anti-pollution-daily-face-wash-19406,عاشق فوم شستشو سینره ام چندین ساله ازش استفاده میکنم و ب شدت راضی ام,0,true,2026-08-06T18:30:00.4840219+03:30,مثبت,0.79,سایر,سایر
ژل شستشوی صورت مرطوب کننده و ضد آلودگی هوا مناسب پوست چرب حجم 200 میلی لیتر,https://www.khanoumi.com/products/cinere-anti-pollution-daily-face-wash-19406,"با اینکه پوست مختلط و عادی داشتم اما مناسب پوست من نبود و پوستم به شدت خشک کرد
با وجود اینکه ابرسان و مرطوب کننده هم استفاده کردم",0,true,2026-08-06T09:08:23.3427338+03:30,خنثی,0.35,محصول,محصول
ژل شستشوی صورت مرطوب کننده و ضد آلودگی هوا مناسب پوست چرب حجم 200 میلی لیتر,https://www.khanoumi.com/products/cinere-anti-pollution-daily-face-wash-19406,"این شوینده خیلی خوبه و پوست رو اصلا خشک نمیکنه و ملایمه  
اگه پوست چربی دارید این شوینده رو پیشنهاد میکنم بخرید",0,true,2026-08-05T11:49:53.2542253+03:30,مثبت,0.95,محصول | اصل بودن کالا,محصول
ژل شستشوی صورت مرطوب کننده و ضد آلودگی هوا مناسب پوست چرب حجم 200 میلی لیتر,https://www.khanoumi.com/products/cinere-anti-pollution-daily-face-wash-19406,به نسبت قیمتش خیلی خوبه بعدش حتما آبرسان بزنین که پوست خشک نشه,0,true,2026-08-03T10:04:37.7689827+03:30,مثبت,0.91,محصول | قیمت,محصول
ژل شستشوی صورت مرطوب کننده و ضد آلودگی هوا مناسب پوست چرب حجم 200 میلی لیتر,https://www.khanoumi.com/products/cinere-anti-pollution-daily-face-wash-19406,عالیه,0,true,2026-08-02T22:24:29.69159+03:30,مثبت,0.79,سایر,سایر
ژل شستشوی صورت مرطوب کننده و ضد آلودگی هوا مناسب پوست چرب حجم 200 میلی لیتر,https://www.khanoumi.com/products/cinere-anti-pollution-daily-face-wash-19406,بوی خوبی داره .یه حالت مرطوب کننده ای هم داره و پوست نرم میشه,0,true,2026-08-01T11:55:32.7277541+03:30,مثبت,0.67,محصول,محصول
ژل شستشوی صورت مرطوب کننده و ضد آلودگی هوا مناسب پوست چرب حجم 200 میلی لیتر,https://www.khanoumi.com/products/cinere-anti-pollution-daily-face-wash-19406,"شویندگی ملایمی داره انتظار پاک کردن آرایش قویی نداشته باشین .یکم پوست خشک میکنه که همیشه باید بعد شستشو صورت از آبرسان و مرطوب کننده استفاده کرد پس این خشکی به نظرم عادی.
در کل برای من مناسب بوده و چندین بار شارژش کردم چون پاک کنندگی ملایمش به پوست آسیب نمیزنه.",0,true,2026-07-31T11:24:12.2052278+03:30,خنثی,0.35,محصول,محصول
ژل شستشوی صورت مرطوب کننده و ضد آلودگی هوا مناسب پوست چرب حجم 200 میلی لیتر,https://www.khanoumi.com/products/cinere-anti-pollution-daily-face-wash-19406,"اول اینکه عطریه 
دومم پوست رو خشک میکنه من پوستم چربه ولی باهاش احساس سوزش پیدا میکنم
سوم دیگه تکرارش نمیکنم",0,true,2026-07-28T18:46:43.3093141+03:30,خنثی,0.35,محصول,محصول
ژل شستشوی صورت مرطوب کننده و ضد آلودگی هوا مناسب پوست چرب حجم 200 میلی لیتر,https://www.khanoumi.com/products/cinere-anti-pollution-daily-face-wash-19406,توی این رنج قیمت یکی از بهتریناس‌,0,true,2026-07-28T07:37:56.2642314+03:30,مثبت,0.67,قیمت,قیمت
ژل شستشوی صورت مرطوب کننده و ضد آلودگی هوا مناسب پوست چرب حجم 200 میلی لیتر,https://www.khanoumi.com/products/cinere-anti-pollution-daily-face-wash-19406,بنظرم معمولی بود من استفاده میکردم بعدش پوستم براق و یکم حالته چربی ب خودش میگرفت,0,true,2026-07-27T01:14:20.7116999+03:30,خنثی,0.35,محصول,محصول
ژل شستشوی صورت مرطوب کننده و ضد آلودگی هوا مناسب پوست چرب حجم 200 میلی لیتر,https://www.khanoumi.com/products/cinere-anti-pollution-daily-face-wash-19406,خوبه برای پوست چرب،خیلی صورت رو خشک نمیکنه ،پیشنهاد میشه,0,true,2026-07-25T17:08:55.026116+03:30,مثبت,0.67,محصول,محصول
ژل شستشوی صورت مرطوب کننده و ضد آلودگی هوا مناسب پوست چرب حجم 200 میلی لیتر,https://www.khanoumi.com/products/cinere-anti-pollution-daily-face-wash-19406,من چند ماهه استفاده میکنم. راضی ام,0,false,2026-07-22T02:22:14.7722534+03:30,مثبت,0.79,سایر,سایر
ژل شستشوی صورت مرطوب کننده و ضد آلودگی هوا مناسب پوست چرب حجم 200 میلی لیتر,https://www.khanoumi.com/products/cinere-anti-pollution-daily-face-wash-19406,بوی خوبی داره و پوستو خشک نمیکنه و پاک کنندگی خوبی داره راضی بودم ازش,0,false,2026-07-22T00:04:17.8009037+03:30,مثبت,0.91,محصول,محصول
ژل شستشوی صورت مرطوب کننده و ضد آلودگی هوا مناسب پوست چرب حجم 200 میلی لیتر,https://www.khanoumi.com/products/cinere-anti-pollution-daily-face-wash-19406,چندمین باره ک دارم استفاده میکنم هم ملایمه هم پاک کنندگی خوبی داره و پوست رو هم خشک نمیکنه راضی بودم ازش,0,true,2026-07-20T03:01:25.7332849+03:30,خنثی,0.35,محصول,محصول
ژل شستشوی صورت مرطوب کننده و ضد آلودگی هوا مناسب پوست چرب حجم 200 میلی لیتر,https://www.khanoumi.com/products/cinere-anti-pollution-daily-face-wash-19406,حالم ب هم خورد حیف پولم,0,true,2026-07-04T22:02:31.6126716+03:30,خنثی,0.35,سایر,سایر
ژل شستشوی صورت مرطوب کننده و ضد آلودگی هوا مناسب پوست چرب حجم 200 میلی لیتر,https://www.khanoumi.com/products/cinere-anti-pollution-daily-face-wash-19406,ن خیلی قوی ن خیلی ملایم. پاک کنندگی خوب. یکم حس گشیدگی ک با مرطوب کننده حل میشه.حجمش هم خوبه. واقعا میصرفه,0,false,2026-06-09T10:50:26.5085441+03:30,مثبت,0.91,محصول,محصول
ژل شستشوی صورت مرطوب کننده و ضد آلودگی هوا مناسب پوست چرب حجم 200 میلی لیتر,https://www.khanoumi.com/products/cinere-anti-pollution-daily-face-wash-19406,به نسبت قیمت محصول خوبیه,0,true,2026-06-06T19:40:40.0271492+03:30,مثبت,0.67,محصول | قیمت,محصول
ژل شستشوی صورت مرطوب کننده و ضد آلودگی هوا مناسب پوست چرب حجم 200 میلی لیتر,https://www.khanoumi.com/products/cinere-anti-pollution-daily-face-wash-19406,واقعا پوست رو تمیز و خوب می‌کنه. منی که پوستم خیلی چربه واقعا بعد شستشو احساس خیلی خوبی دارم. یه کم کشیدگی صورت بعد شستشو احساس میشه که با مصرف یه ذره آبرسان کامل از بین می‌ره و در کل عالیه من واقعا راضیم. نسبت به قیمتش واقعا کیفیت خوبی داره و مجدد حتما شارژش می‌کنم.,0,true,2026-06-06T13:38:36.1512505+03:30,مثبت,0.95,محصول | قیمت,محصول
ژل شستشوی صورت مرطوب کننده و ضد آلودگی هوا مناسب پوست چرب حجم 200 میلی لیتر,https://www.khanoumi.com/products/cinere-anti-pollution-daily-face-wash-19406,پمپ و در پوشش با سری قبلی که خریدم تفاوت داره عکسشو گذاشتم ببینید. یک سال هر روز ازش استفاده کردم دقیقا همون  چیزی که نیاز پوسته نه خیلی قوی که خشک کنه پوسته نه ضعیف که چربی پوست بمونه.. دو هفته از تموم شدنش گذشت تمام پوست صورتم پر از جوش شد فهمیدم این یک سال بخاطر این محصول بود که جوش نمیزدم فوری شارژش کردم,0,true,2026-06-03T16:49:33.9154536+03:30,منفی,0.67,محصول,محصول
ژل شستشوی صورت مرطوب کننده و ضد آلودگی هوا مناسب پوست چرب حجم 200 میلی لیتر,https://www.khanoumi.com/products/cinere-anti-pollution-daily-face-wash-19406,عاااالیه بعد شستشو پوستم خشک و پوست پوستی نمیشه خیلی خوبم تمیز میکنه,0,true,2026-05-31T00:11:14.4799143+03:30,منفی,0.79,محصول,محصول
ژل شستشوی صورت مرطوب کننده و ضد آلودگی هوا مناسب پوست چرب حجم 200 میلی لیتر,https://www.khanoumi.com/products/cinere-anti-pollution-daily-face-wash-19406,من پوست مختلطی دارم دوبار این محصولو خریدم دفعه اول عالی بود بعد استفاده اصلا پوستم خشک نمیشد و نرم بود چربی صورتو کنترل میکرد ، دفعه دوم ک خریدم بعد شستشو پوستم به شدت خشک میشه و سفیدک میزنه,0,true,2026-05-28T13:07:09.3292174+03:30,مثبت,0.91,محصول | اصل بودن کالا,محصول
ژل شستشوی صورت مرطوب کننده و ضد آلودگی هوا مناسب پوست چرب حجم 200 میلی لیتر,https://www.khanoumi.com/products/cinere-anti-pollution-daily-face-wash-19406,ژل شستشوی خوبیهههه، بعد از شتسشتو یه حس خوبی به پوست میده و پوست رو نرم میکنه,0,true,2026-05-26T15:29:31.7741577+03:30,مثبت,0.79,محصول,محصول
ژل شستشوی صورت مرطوب کننده و ضد آلودگی هوا مناسب پوست چرب حجم 200 میلی لیتر,https://www.khanoumi.com/products/cinere-anti-pollution-daily-face-wash-19406,بهترین ژل سشتشو من خیلی ژل امتحان کردم پلی این عالیه هم نیکاپو خوب پاک میکنه و هم باعث خشکی پوست نمیشه بینظیره قیمتشم مناسبه,0,false,2026-05-23T17:00:50.8720301+03:30,مثبت,0.95,محصول | قیمت,محصول
ژل شستشوی صورت مرطوب کننده و ضد آلودگی هوا مناسب پوست چرب حجم 200 میلی لیتر,https://www.khanoumi.com/products/cinere-anti-pollution-daily-face-wash-19406,به پوست من که خیلی چربه اصلا نساخت کلی باهاش جوشای زیرپوستی ریختم اونم تو همون یکی دوبار استفاده اول،تازه اونم بعد دوساعت پوستمو بیشتر چرب میکرد,0,true,2026-05-23T13:16:14.9832931+03:30,مثبت,0.67,محصول | اصل بودن کالا,محصول
ژل شستشوی صورت مرطوب کننده و ضد آلودگی هوا مناسب پوست چرب حجم 200 میلی لیتر,https://www.khanoumi.com/products/cinere-anti-pollution-daily-face-wash-19406,راضیم ازش،قدرت پاک کنندگی خوبی داره و بوی خوبی داره به پوست من که مختلط سازگاره,0,false,2026-05-23T06:30:10.2044569+03:30,مثبت,0.95,محصول,محصول
ژل شستشوی صورت مرطوب کننده و ضد آلودگی هوا مناسب پوست چرب حجم 200 میلی لیتر,https://www.khanoumi.com/products/cinere-anti-pollution-daily-face-wash-19406,"من چندساله ازش استفاده میکنم عالی برای پوست چرب 
از اونروز که استفاده کردم حتی یدونه جوش هم نزدم کلا راضی هستم",0,true,2026-05-22T12:41:28.0292475+03:30,مثبت,0.79,محصول,محصول
ژل شستشوی صورت مرطوب کننده و ضد آلودگی هوا مناسب پوست چرب حجم 200 میلی لیتر,https://www.khanoumi.com/products/cinere-anti-pollution-daily-face-wash-19406,به نظر من کیفیت خوبی داره ،راضی هستم از خریدش,0,true,2026-05-21T09:40:36.4364263+03:30,مثبت,0.91,محصول,محصول
ژل شستشوی صورت مرطوب کننده و ضد آلودگی هوا مناسب پوست چرب حجم 200 میلی لیتر,https://www.khanoumi.com/products/cinere-anti-pollution-daily-face-wash-19406,عالیه,0,true,2026-05-20T22:43:11.7387909+03:30,مثبت,0.79,سایر,سایر
ژل شستشوی صورت مرطوب کننده و ضد آلودگی هوا مناسب پوست چرب حجم 200 میلی لیتر,https://www.khanoumi.com/products/cinere-anti-pollution-daily-face-wash-19406,"از روزی ک ازش زدم پوستم هنوز ب خودش نیومده 
پولتونو بندازین دور ولی ب این ندین مزخرف",0,false,2026-05-17T01:15:19.4400136+03:30,خنثی,0.35,محصول,محصول
ژل شستشوی صورت مرطوب کننده و ضد آلودگی هوا مناسب پوست چرب حجم 200 میلی لیتر,https://www.khanoumi.com/products/cinere-anti-pollution-daily-face-wash-19406,عالیهههه عالیییی من پوستم چرب و مستعد جوشه ولی با این شوینده هم چربیش کنترل میشه هم جوش نمیزنم خشک نمیکنه و باعث کشیدگی نمیشه پوستمم روشن میکنه دومین باره که شارژش کردم خیلی بهتر از سیمپله,0,true,2026-05-15T15:22:29.8476731+03:30,مثبت,0.91,محصول,محصول
ژل شستشوی صورت مرطوب کننده و ضد آلودگی هوا مناسب پوست چرب حجم 200 میلی لیتر,https://www.khanoumi.com/products/cinere-anti-pollution-daily-face-wash-19406,بوی خوبی داره پاک کنندگی خوبی داره باعث خشک شدن پوست نمیشه در کنترل چربی پوست هم عملکرد خوبی داره.,0,true,2026-05-14T18:46:48.6888264+03:30,مثبت,0.91,محصول,محصول
ژل شستشوی صورت مرطوب کننده و ضد آلودگی هوا مناسب پوست چرب حجم 200 میلی لیتر,https://www.khanoumi.com/products/cinere-anti-pollution-daily-face-wash-19406,چند سری استفاده میکنم خیلی خوبه پوست رو خشک نمیکنه و پاک کنندگی خوبی داره,0,true,2026-05-13T17:11:49.1649919+03:30,مثبت,0.95,محصول,محصول
ژل شستشوی صورت مرطوب کننده و ضد آلودگی هوا مناسب پوست چرب حجم 200 میلی لیتر,https://www.khanoumi.com/products/cinere-anti-pollution-daily-face-wash-19406,بوی خوبی داره و بعد اینکه زدی صورتشو خشک نمیکنه به نظرم خوبه,0,true,2026-05-07T22:06:30.0627328+03:30,مثبت,0.91,محصول,محصول
ژل شستشوی صورت مرطوب کننده و ضد آلودگی هوا مناسب پوست چرب حجم 200 میلی لیتر,https://www.khanoumi.com/products/cinere-anti-pollution-daily-face-wash-19406,عالیههه. بهترین شوینده صورت چرب. 2 تومن پول سراو ی دادم. ولی هیچ کدوم سینره نمیشه,0,true,2026-05-04T12:58:39.1718925+03:30,مثبت,0.91,سایر,سایر
ژل شستشوی صورت مرطوب کننده و ضد آلودگی هوا مناسب پوست چرب حجم 200 میلی لیتر,https://www.khanoumi.com/products/cinere-anti-pollution-daily-face-wash-19406,واقعا عالیه ، پاک کنندگی قوی داره هبچ سیاهی زیر چشم نمیمونه و پوست رو روشن میکنه واقعا عالیه,0,true,2026-05-03T18:41:47.6091379+03:30,مثبت,0.95,محصول,محصول
ژل شستشوی صورت مرطوب کننده و ضد آلودگی هوا مناسب پوست چرب حجم 200 میلی لیتر,https://www.khanoumi.com/products/cinere-anti-pollution-daily-face-wash-19406,من یکبار استفاده کردم خوب بود الان باز تمدید کردم راضیم درکل ازش,0,true,2026-04-29T11:19:58.8095919+03:30,مثبت,0.95,محصول,محصول
ژل شستشوی صورت مرطوب کننده و ضد آلودگی هوا مناسب پوست چرب حجم 200 میلی لیتر,https://www.khanoumi.com/products/cinere-anti-pollution-daily-face-wash-19406,من خیلی راضی بودم تمیز کنندگی خوب و صبح که پا میشدم میدیدم پوستم روشنو تمیزه و‌تا حدی از جوش جلوگیری میکنه,0,false,2026-04-20T20:49:23.8635078+03:30,مثبت,0.79,محصول,محصول
ژل شستشوی صورت مرطوب کننده و ضد آلودگی هوا مناسب پوست چرب حجم 200 میلی لیتر,https://www.khanoumi.com/products/cinere-anti-pollution-daily-face-wash-19406,محصول وسطی ک دافی بود اصلا بدرد نمی خورد اما سنیره اینبار خرید سومم هست خیلی عالیه خشکی ندارع پوست رو قرمز نمی کنه وقتی صورتمو باهاش می شورم بعد مرطوب کننده درمالیفت استفاده می کنم هر دو برای پوست چرب بعد اینا زد آفتاب پرودرما برای پوست چرب استفاده می کنم و عالییع همشو از خانومی خرید می کنم,0,true,2026-04-20T11:05:10.7787991+03:30,مثبت,0.95,محصول | اصل بودن کالا,محصول
ژل شستشوی صورت مرطوب کننده و ضد آلودگی هوا مناسب پوست چرب حجم 200 میلی لیتر,https://www.khanoumi.com/products/cinere-anti-pollution-daily-face-wash-19406,خیلی خوبه پوست رو بعد شستن روشنتر میکنه و اصلا خشک نمیکنه پوستو,0,false,2026-04-16T20:31:52.8962231+03:30,مثبت,0.79,محصول | اصل بودن کالا,محصول
ژل شستشوی صورت مرطوب کننده و ضد آلودگی هوا مناسب پوست چرب حجم 200 میلی لیتر,https://www.khanoumi.com/products/cinere-anti-pollution-daily-face-wash-19406,دومین باره سفارش میدم ،پوستم چربه اصلا باعث خشکیو کشیدگی نمیشه و خوشبو هستش,0,true,2026-04-09T11:44:14.7035452+03:30,مثبت,0.67,محصول | اصل بودن کالا,محصول
ژل شستشوی صورت مرطوب کننده و ضد آلودگی هوا مناسب پوست چرب حجم 200 میلی لیتر,https://www.khanoumi.com/products/cinere-anti-pollution-daily-face-wash-19406,پوست من خیلی چرب و آکنه داره ولی این اولین ژل شستشویی بود که خیلی ازش راضی بودم. با باقی شوینده ها در طول روز هم پوستم چرب میشد و به خاطر چربی جوش میزد ولی با این محصول اصلا اینطوری نشد به علاوه قسمتای خشک صورتمم بیش از حد خشک نشد و احساس کشیدگی نکردم,0,true,2026-04-06T14:21:53.2826191+03:30,مثبت,0.79,محصول | اصل بودن کالا,محصول
ژل شستشوی صورت مرطوب کننده و ضد آلودگی هوا مناسب پوست چرب حجم 200 میلی لیتر,https://www.khanoumi.com/products/cinere-anti-pollution-daily-face-wash-19406,پوست من خیلی جوش میزد ولی واقعا به صورتم ساخت و الان دیگه خیلی کمتر شده جوشان 4 امین باره سفارش میدم,0,true,2026-04-04T10:59:40.4103111+03:30,خنثی,0.35,محصول,محصول
ژل شستشوی صورت مرطوب کننده و ضد آلودگی هوا مناسب پوست چرب حجم 200 میلی لیتر,https://www.khanoumi.com/products/cinere-anti-pollution-daily-face-wash-19406,"سنگین و تهاجمی امکان اینکه باعث التهاب و خشکی و کشیدگی پوست صورتتون بشه زیاده و اگه پوستتون چرب و جوشدار و حساس هستش بهتون پیشنهاد نمیکنم . مناسب پوست های حساس نیست . 
ولی حجمش خوبه و اگه پوست حساسی ندارید میتونید بگیرید چون‌ پاک کنندگی عمیقی داره ولی در کنارش بعداز استفاده بلافاصله باید از آبرسان قوی استفاده کنید که پوستتون خشک و کِدِر نشه .",0,false,2026-04-02T22:06:47.9993735+03:30,مثبت,0.79,محصول | اصل بودن کالا,محصول
ژل شستشوی صورت مرطوب کننده و ضد آلودگی هوا مناسب پوست چرب حجم 200 میلی لیتر,https://www.khanoumi.com/products/cinere-anti-pollution-daily-face-wash-19406,پوستم چرب هست دوسال هست که استفاده میکنم و راضی هستم,0,true,2026-04-02T21:10:37.0661505+03:30,مثبت,0.67,محصول,محصول
ژل شستشوی صورت مرطوب کننده و ضد آلودگی هوا مناسب پوست چرب حجم 200 میلی لیتر,https://www.khanoumi.com/products/cinere-anti-pollution-daily-face-wash-19406,پوستمو خشک نکرد باعث جوش نشد و ولی برای ارایش غلیظ حتما بعد از میسلار استفاده کنین,0,false,2026-04-01T17:37:50.5175263+03:30,خنثی,0.35,محصول,محصول
ژل شستشوی صورت مرطوب کننده و ضد آلودگی هوا مناسب پوست چرب حجم 200 میلی لیتر,https://www.khanoumi.com/products/cinere-anti-pollution-daily-face-wash-19406,اصلا قشنگ صورت رو تمیز نمیکنه من دوسش ندارم,0,true,2026-03-31T11:13:19.6849024+03:30,مثبت,0.67,اصل بودن کالا,اصل بودن کالا
ژل شستشوی صورت مرطوب کننده و ضد آلودگی هوا مناسب پوست چرب حجم 200 میلی لیتر,https://www.khanoumi.com/products/cinere-anti-pollution-daily-face-wash-19406,پوست منو خیلی خشک کرد بوی بد ندارها ولی من دوسش نداشتم درکل راضی نبودم,0,false,2026-03-31T02:57:36.8436302+03:30,خنثی,0.4,محصول,محصول
ژل شستشوی صورت مرطوب کننده و ضد آلودگی هوا مناسب پوست چرب حجم 200 میلی لیتر,https://www.khanoumi.com/products/cinere-anti-pollution-daily-face-wash-19406,"یک ستاره هم زیاده
اصلا نگیرید مخصوصا کسانیکه پوستشون معمولیه 
به شدت چرب میکنه و جوش زا هستش
من مورینگا دارم بشدت راضی ام",0,false,2026-03-26T01:37:52.0965627+03:30,مثبت,0.91,محصول | اصل بودن کالا,محصول
ژل شستشوی صورت مرطوب کننده و ضد آلودگی هوا مناسب پوست چرب حجم 200 میلی لیتر,https://www.khanoumi.com/products/cinere-anti-pollution-daily-face-wash-19406,"من دوساله استفاده میکنم چربی پوست را بخوبی کنترل میکنه
حتما اگه شب استفاده بشه آلودگی وچربیها را عالی پاک میکنه وموجب کنترل جوش زدن میشه ،بعدش کرم آبرسان هم بزنید عالیه",0,false,2026-03-23T16:15:55.2563811+03:30,مثبت,0.95,محصول,محصول
ژل شستشوی صورت مرطوب کننده و ضد آلودگی هوا مناسب پوست چرب حجم 200 میلی لیتر,https://www.khanoumi.com/products/cinere-anti-pollution-daily-face-wash-19406,مدتی زیادی هست استفاده میکنم و عالیه برای پوست های چرب و دارای جوش فعال عالیه,0,true,2026-03-18T22:42:28.3433875+03:30,مثبت,0.95,محصول,محصول
ژل شستشوی صورت مرطوب کننده و ضد آلودگی هوا مناسب پوست چرب حجم 200 میلی لیتر,https://www.khanoumi.com/products/cinere-anti-pollution-daily-face-wash-19406,چندساله دارم ازش استفاده میکنم ، پوستم چرب و جوش زا بود ، ولی کنترلش کرده ، آرایش هم به خوبی پاک می‌کنه حتی ریمل رو ، من بعدش تونر لافارر میزنم قبل از خواب ، مدت زیادی هست که جوش هام کنترل شده ،,0,true,2026-03-18T13:57:59.6536667+03:30,مثبت,0.67,محصول,محصول
ژل شستشوی صورت مرطوب کننده و ضد آلودگی هوا مناسب پوست چرب حجم 200 میلی لیتر,https://www.khanoumi.com/products/cinere-anti-pollution-daily-face-wash-19406,شونیده خوبیه کلا برند سینره جزو بهترین های ایرانیه و این محصل هم فوق العاده بود بوی خوبی خویی داره پاک کنندگی ش هم خوبه و آلودگی روزانه رو کامل پاک میکنه فقط اگر آرایش دارید حتما قبلش میسلار استفاده کنید فقط اگر مدت زمان زیادی صورت رو با این محصول بشورید و ماساژ بدید پوست رو خشک میکنه که باید با احتیاط مصرف بشه.,0,true,2026-03-17T15:29:26.6579665+03:30,مثبت,0.95,محصول,محصول
ژل شستشوی صورت مرطوب کننده و ضد آلودگی هوا مناسب پوست چرب حجم 200 میلی لیتر,https://www.khanoumi.com/products/cinere-anti-pollution-daily-face-wash-19406,واقعا راضیم عالیه بوی خیلی قشنگی داره و اصلا پوست رو کشیده نمیکنه خیلی کم خشک می‌کنه ک‌خب طبیعیه حتما بعدش ی آبرسان باید زد,0,true,2026-03-12T05:41:21.1899091+03:30,مثبت,0.95,محصول | اصل بودن کالا,محصول
ژل شستشوی صورت مرطوب کننده و ضد آلودگی هوا مناسب پوست چرب حجم 200 میلی لیتر,https://www.khanoumi.com/products/cinere-anti-pollution-daily-face-wash-19406,چند ساله ازش استفاده میکنم و راضیم، برای پوست مختلط و حساس من عالیه.,0,true,2026-03-11T18:22:13.4712813+03:30,مثبت,0.95,محصول,محصول
ژل شستشوی صورت مرطوب کننده و ضد آلودگی هوا مناسب پوست چرب حجم 200 میلی لیتر,https://www.khanoumi.com/products/cinere-anti-pollution-daily-face-wash-19406,خوبه من راضیم ازش برای شستشوی صورت قبل و بعد ارایش کاربردیه به شرطی که صورتتونو قبل شستشو با ارایش پاک کن یا میسلارواتر پاک کنید,0,false,2026-03-10T11:18:24.7849117+03:30,مثبت,0.95,سایر,سایر
ژل شستشوی صورت مرطوب کننده و ضد آلودگی هوا مناسب پوست چرب حجم 200 میلی لیتر,https://www.khanoumi.com/products/cinere-anti-pollution-daily-face-wash-19406,من قبل از روتین پوستی هرشب صورتم رو باهاش میشورم پوستم به شدت چرب و جوش زا هست چربی پوستم رو پاک میکنه خوبه ولی وقتی ارایش دارم 2یا3بار باهاش صورتم میشورم که تمیز تمیز بشه,0,false,2026-03-01T12:49:37.5050414+03:30,مثبت,0.79,محصول,محصول
ژل شستشوی صورت مرطوب کننده و ضد آلودگی هوا مناسب پوست چرب حجم 200 میلی لیتر,https://www.khanoumi.com/products/cinere-anti-pollution-daily-face-wash-19406,فوق العادس,0,true,2026-02-27T14:58:02.8239027+03:30,خنثی,0.35,سایر,سایر
ژل شستشوی صورت مرطوب کننده و ضد آلودگی هوا مناسب پوست چرب حجم 200 میلی لیتر,https://www.khanoumi.com/products/cinere-anti-pollution-daily-face-wash-19406,زیاد خوب نبود پوست من و تمیز نمیکرد باید چند بار میزدم و بعدش هم به شدت خشک میشد,0,true,2026-02-24T13:04:13.2370315+03:30,خنثی,0.4,محصول,محصول
ژل شستشوی صورت مرطوب کننده و ضد آلودگی هوا مناسب پوست چرب حجم 200 میلی لیتر,https://www.khanoumi.com/products/cinere-anti-pollution-daily-face-wash-19406,الودگی  پوست رو ازبین می بره بدون اینکه پوست خشک بشه,0,true,2026-02-17T17:45:56.2334254+03:30,منفی,0.67,محصول,محصول
ژل شستشوی صورت مرطوب کننده و ضد آلودگی هوا مناسب پوست چرب حجم 200 میلی لیتر,https://www.khanoumi.com/products/cinere-anti-pollution-daily-face-wash-19406,پوست من مختلط و و حساسه چند هفته است استفاده میکنم اوایل جوش های ریز و سفید زدم باهاش و برون ریزی داشتم اما الان خیلی بهتر شده و دیگه جوش نمیزنم پوستم رو خشک و کشیده نمیکنه و چون ارایش سنگین و زیادی انجام نمیدم برای استفاده روزانه و معمولی خوبه فقط بوی ژل رو دوست نداشتم بقیه چیزها اوکی بود,0,false,2026-01-31T11:29:24.3446035+03:30,مثبت,0.79,محصول,محصول
ژل شستشوی صورت مرطوب کننده و ضد آلودگی هوا مناسب پوست چرب حجم 200 میلی لیتر,https://www.khanoumi.com/products/cinere-anti-pollution-daily-face-wash-19406,واقعا عالی باکف فراوان وپاک کنندگی عالی,0,false,2026-01-12T01:21:14.6465039+03:30,مثبت,0.79,سایر,سایر
ژل شستشوی صورت مرطوب کننده و ضد آلودگی هوا مناسب پوست چرب حجم 200 میلی لیتر,https://www.khanoumi.com/products/cinere-anti-pollution-daily-face-wash-19406,پوست رو نرم میکنه ‌بوی خوبی داره من راضی هستم,0,true,2026-01-04T19:20:23.0588002+03:30,مثبت,0.79,محصول,محصول
ژل شستشوی صورت مرطوب کننده و ضد آلودگی هوا مناسب پوست چرب حجم 200 میلی لیتر,https://www.khanoumi.com/products/cinere-anti-pollution-daily-face-wash-19406,برای بار دوم سفارش دادم پوست چربی دارم ک خیلی خوب چربی پوستم رو کنترل کرد و جوش های صورتم رو ب مرور خشک کرد و از بین برد راضی ام ازش,0,false,2025-12-23T13:19:55.1048244+03:30,مثبت,0.95,محصول,محصول
ژل شستشوی صورت مرطوب کننده و ضد آلودگی هوا مناسب پوست چرب حجم 200 میلی لیتر,https://www.khanoumi.com/products/cinere-anti-pollution-daily-face-wash-19406,معمولیه قوی نیست ولی برای روزمره و سطحی خوبه به نظرم,0,true,2025-12-07T15:31:09.5545172+03:30,مثبت,0.79,محصول,محصول
ژل شستشوی صورت مرطوب کننده و ضد آلودگی هوا مناسب پوست چرب حجم 200 میلی لیتر,https://www.khanoumi.com/products/cinere-anti-pollution-daily-face-wash-19406,پیشنهاد میکنم.,0,true,2025-11-29T13:29:00.9593281+03:30,مثبت,0.79,سایر,سایر
ژل شستشوی صورت مرطوب کننده و ضد آلودگی هوا مناسب پوست چرب حجم 200 میلی لیتر,https://www.khanoumi.com/products/cinere-anti-pollution-daily-face-wash-19406,"بوی خیلی خوبی داره 
تا حدودیم پاک کنندگی داره ولی خیلی نیست 
اصلا صورت رو خشک نمیکنه 
ولی وقتی رسید دستم به مقداری ازش ریخته شده بود",0,true,2025-11-24T06:13:25.028966+03:30,مثبت,0.67,محصول | تحویل و ارسال | اصل بودن کالا,محصول
ژل شستشوی صورت مرطوب کننده و ضد آلودگی هوا مناسب پوست چرب حجم 200 میلی لیتر,https://www.khanoumi.com/products/cinere-anti-pollution-daily-face-wash-19406,خیلی ضعیفه اصلا قدرت نداره اصلاااااااااا,0,true,2025-11-15T00:58:57.8893753+03:30,منفی,0.91,اصل بودن کالا,اصل بودن کالا
ژل شستشوی صورت مرطوب کننده و ضد آلودگی هوا مناسب پوست چرب حجم 200 میلی لیتر,https://www.khanoumi.com/products/cinere-anti-pollution-daily-face-wash-19406,من پوستم خیلی جوش میزنه و حساسه ، به پوستم میسازه. اگر آرایش دارید اول میسلار بزنید شوینده مخصوص پاک کردن آرایشتون نیست لطفا نگید خوب پاک نمیکنه.,0,false,2025-11-12T22:40:34.2009988+03:30,منفی,0.67,محصول,محصول
ژل شستشوی صورت مرطوب کننده و ضد آلودگی هوا مناسب پوست چرب حجم 200 میلی لیتر,https://www.khanoumi.com/products/cinere-anti-pollution-daily-face-wash-19406,"من استفاده میکنم خیلی خوبه فقط بعدش باید یه آبرسان بزنید 
باعث جوشم نشد 
پاک کنندگیشم عالیه",0,false,2025-11-08T21:09:40.4519434+03:30,مثبت,0.95,سایر,سایر
ژل شستشوی صورت مرطوب کننده و ضد آلودگی هوا مناسب پوست چرب حجم 200 میلی لیتر,https://www.khanoumi.com/products/cinere-anti-pollution-daily-face-wash-19406,خیلی عالیه پوستو خشک نمیکنه و ملایمه,0,true,2025-11-06T09:32:57.1973239+03:30,مثبت,0.79,محصول,محصول
ژل شستشوی صورت مرطوب کننده و ضد آلودگی هوا مناسب پوست چرب حجم 200 میلی لیتر,https://www.khanoumi.com/products/cinere-anti-pollution-daily-face-wash-19406,"محصولات خانمی همه بسیار عالی هستن
ژل شستشوی سینره را همیشه از اینجا خریداری می کنم
و بسیار راضی هستم",0,true,2025-11-06T08:59:48.550911+03:30,مثبت,0.79,محصول,محصول
ژل شستشوی صورت مرطوب کننده و ضد آلودگی هوا مناسب پوست چرب حجم 200 میلی لیتر,https://www.khanoumi.com/products/cinere-anti-pollution-daily-face-wash-19406,پاک کنندگی ب شدت ضعیفه، بوشم دوس نداشتم من,0,true,2025-11-03T01:57:58.8291059+03:30,منفی,0.67,محصول,محصول
ژل شستشوی صورت مرطوب کننده و ضد آلودگی هوا مناسب پوست چرب حجم 200 میلی لیتر,https://www.khanoumi.com/products/cinere-anti-pollution-daily-face-wash-19406,خیلی خوبه,0,true,2025-10-30T06:44:44.1764128+03:30,مثبت,0.91,سایر,سایر
ژل شستشوی صورت مرطوب کننده و ضد آلودگی هوا مناسب پوست چرب حجم 200 میلی لیتر,https://www.khanoumi.com/products/cinere-anti-pollution-daily-face-wash-19406,برای شستن ارایش قدرتش کمه ولی درکل قابله قبول هست,0,true,2025-10-24T17:29:51.9587048+03:30,خنثی,0.35,محصول,محصول
ژل شستشوی صورت مرطوب کننده و ضد آلودگی هوا مناسب پوست چرب حجم 200 میلی لیتر,https://www.khanoumi.com/products/cinere-anti-pollution-daily-face-wash-19406,من خیلی وقت این محصول رو گرفتم واستفاده میکنم برای پوست من عالی بوده وکلا محصولات سینره خوبن,0,true,2025-10-07T17:32:22.8101139+03:30,مثبت,0.91,محصول,محصول
ژل شستشوی صورت مرطوب کننده و ضد آلودگی هوا مناسب پوست چرب حجم 200 میلی لیتر,https://www.khanoumi.com/products/cinere-anti-pollution-daily-face-wash-19406,محصول خوبیه بوی بسیار خوبی داره و پوست صورت رو خشک نمیکنه در کا از خریدم راضی بودم با این بودجه خیلی خوبه و پاک کنندگی قویی هم داره,0,true,2025-10-06T12:08:17.3555379+03:30,مثبت,0.95,محصول,محصول
ژل شستشوی صورت مرطوب کننده و ضد آلودگی هوا مناسب پوست چرب حجم 200 میلی لیتر,https://www.khanoumi.com/products/cinere-anti-pollution-daily-face-wash-19406,پوست به شدت خشک می‌کنه,0,true,2025-10-05T21:23:37.9531612+03:30,خنثی,0.35,محصول,محصول
ژل شستشوی صورت مرطوب کننده و ضد آلودگی هوا مناسب پوست چرب حجم 200 میلی لیتر,https://www.khanoumi.com/products/cinere-anti-pollution-daily-face-wash-19406,قدرت پاک کنندگی بالایی داره شوینده خوبی هست پوست هم خشک نمیکنه و بوی خوبی هم داره,0,true,2025-10-04T09:08:59.7451941+03:30,مثبت,0.79,محصول,محصول
ژل شستشوی صورت مرطوب کننده و ضد آلودگی هوا مناسب پوست چرب حجم 200 میلی لیتر,https://www.khanoumi.com/products/cinere-anti-pollution-daily-face-wash-19406,عالیه.. قدرت پاک کنندگی خیلی خوبی داره. فکر میکنم برای پنجمین باره سفارش میدم,0,false,2025-09-26T12:54:19.0543957+03:30,مثبت,0.95,سایر,سایر
ژل شستشوی صورت مرطوب کننده و ضد آلودگی هوا مناسب پوست چرب حجم 200 میلی لیتر,https://www.khanoumi.com/products/cinere-anti-pollution-daily-face-wash-19406,برای پوست چرب واقعا مفید و عالی ولی اگر عادت دارین هر شب پوست صورتون رو بشورید بهتره از مدل معمولی  استفاده کنید.چون کلا شوینده هایی که برای پوست چرب هستند بعد از یه مدت استفاده مداوم پوست صورت رو خیلی خشک میکنند,0,true,2025-09-24T22:31:05.6947316+03:30,مثبت,0.67,محصول,محصول
ژل شستشوی صورت مرطوب کننده و ضد آلودگی هوا مناسب پوست چرب حجم 200 میلی لیتر,https://www.khanoumi.com/products/cinere-anti-pollution-daily-face-wash-19406,من تا حالا دوباره ازش استفاده کردم عالییی,0,true,2025-09-19T21:45:00.3894015+03:30,مثبت,0.67,سایر,سایر
ژل شستشوی صورت مرطوب کننده و ضد آلودگی هوا مناسب پوست چرب حجم 200 میلی لیتر,https://www.khanoumi.com/products/cinere-anti-pollution-daily-face-wash-19406,برای پوست چرب واقعا گزینه خوبیه,0,true,2025-09-09T16:47:13.2623298+03:30,مثبت,0.67,محصول,محصول
ژل شستشوی صورت مرطوب کننده و ضد آلودگی هوا مناسب پوست چرب حجم 200 میلی لیتر,https://www.khanoumi.com/products/cinere-anti-pollution-daily-face-wash-19406,خدایی عالی بود پوست و مثل گل تمیز و نرم می‌کنه عالیه,0,false,2025-09-08T01:05:55.5513513+03:30,مثبت,0.95,محصول,محصول
ژل شستشوی صورت مرطوب کننده و ضد آلودگی هوا مناسب پوست چرب حجم 200 میلی لیتر,https://www.khanoumi.com/products/cinere-anti-pollution-daily-face-wash-19406,خیلی راضی بودم ازش,0,true,2025-09-05T10:46:09.2108399+03:30,مثبت,0.67,محصول,محصول
ژل شستشوی صورت مرطوب کننده و ضد آلودگی هوا مناسب پوست چرب حجم 200 میلی لیتر,https://www.khanoumi.com/products/cinere-anti-pollution-daily-face-wash-19406,برای بار دوم سفارش دادم خوبه,0,true,2025-08-30T16:23:46.710137+03:30,مثبت,0.79,سایر,سایر
ژل شستشوی صورت مرطوب کننده و ضد آلودگی هوا مناسب پوست چرب حجم 200 میلی لیتر,https://www.khanoumi.com/products/cinere-anti-pollution-daily-face-wash-19406,بهترین شوینده،پوست خیلی چرب دارم که این شوینده عالی جواب میده،بوی بینظیری داره،برای بار پنجم خرید زدم,0,true,2025-08-26T12:02:40.2284045+00:00,مثبت,0.79,محصول,محصول
ژل شستشوی صورت مرطوب کننده و ضد آلودگی هوا مناسب پوست چرب حجم 200 میلی لیتر,https://www.khanoumi.com/products/cinere-anti-pollution-daily-face-wash-19406,نسبت به قیمتش واقعا قدرت پاک کنندگی بالایی داره و پوست رو‌ خشک نمیکنه,0,true,2025-08-11T07:34:37.4285685+00:00,خنثی,0.35,محصول | قیمت,محصول
ژل شستشوی صورت مرطوب کننده و ضد آلودگی هوا مناسب پوست چرب حجم 200 میلی لیتر,https://www.khanoumi.com/products/cinere-anti-pollution-daily-face-wash-19406,"بی نظیره ، بهترین شوینده ای که تا حالا استفاده کردم . من با اینکه پوستم چربه و زود به زود جوش میزنم ولی این شوینده به کنترل جوش های صورتم خیلی کمک کرد و جوش زدنم خیلی خیلی کم شد و یه صورت یک دست و صاف دارم الان .
واقعا من معجزشو دیدم و راستی بوی خوبی هم داره",0,true,2025-08-05T17:55:31.9732924+00:00,مثبت,0.79,محصول,محصول
ژل شستشوی صورت مرطوب کننده و ضد آلودگی هوا مناسب پوست چرب حجم 200 میلی لیتر,https://www.khanoumi.com/products/cinere-anti-pollution-daily-face-wash-19406,هم بوی خیلی خوبی داره هم پاک کنندگیش عالیه,0,true,2025-08-05T07:17:52.6021983+00:00,مثبت,0.95,محصول,محصول
ژل شستشوی صورت مرطوب کننده و ضد آلودگی هوا مناسب پوست چرب حجم 200 میلی لیتر,https://www.khanoumi.com/products/cinere-anti-pollution-daily-face-wash-19406,من پوستم چربو حساسه هروقت با این میشورم فرداش جوش جدید در میارم,0,true,2025-08-02T15:23:34.5646404+00:00,خنثی,0.35,محصول,محصول
ژل شستشوی صورت مرطوب کننده و ضد آلودگی هوا مناسب پوست چرب حجم 200 میلی لیتر,https://www.khanoumi.com/products/cinere-anti-pollution-daily-face-wash-19406,بنظرم شوینده خوبیه پیشنهاد میکنم,0,true,2025-07-31T19:24:00.495273+00:00,مثبت,0.91,سایر,سایر
ژل شستشوی صورت مرطوب کننده و ضد آلودگی هوا مناسب پوست چرب حجم 200 میلی لیتر,https://www.khanoumi.com/products/cinere-anti-pollution-daily-face-wash-19406,متوسطه با وجود اینکه پوستم چربه ولی خیلی خشک میکنه پوستم رو اصلا مرطوب کنندی نداره اونجوری ک میگن,0,true,2025-07-29T18:42:27.1464506+00:00,مثبت,0.67,محصول | اصل بودن کالا,محصول
ژل شستشوی صورت مرطوب کننده و ضد آلودگی هوا مناسب پوست چرب حجم 200 میلی لیتر,https://www.khanoumi.com/products/cinere-anti-pollution-daily-face-wash-19406,خوبه بد نیست فقط اینکه مایعش یکم زرده این خودش اینطوریه یا خرابه؟,0,true,2025-07-28T15:10:50.8235357+00:00,منفی,0.67,سایر,سایر
ژل شستشوی صورت مرطوب کننده و ضد آلودگی هوا مناسب پوست چرب حجم 200 میلی لیتر,https://www.khanoumi.com/products/cinere-anti-pollution-daily-face-wash-19406,سلام، با مقدار خیلی کم از ژل صورت  ، خوب شسته میشه، قبلاهم استفاده کردم خیلی راضیم ، صورتم بشدت چرب هست و این ژل شستشو مناسب پوست چربه,0,true,2025-07-27T21:13:49.9327353+00:00,مثبت,0.91,محصول,محصول
ژل شستشوی صورت مرطوب کننده و ضد آلودگی هوا مناسب پوست چرب حجم 200 میلی لیتر,https://www.khanoumi.com/products/cinere-anti-pollution-daily-face-wash-19406,پوست منو خیلی خشک میکنه و آنگاه کش میاد این که میگه مرطوب کننده اصلا اینطور نبود,0,true,2025-07-25T20:49:45.3274559+00:00,مثبت,0.67,محصول | اصل بودن کالا,محصول
ژل شستشوی صورت مرطوب کننده و ضد آلودگی هوا مناسب پوست چرب حجم 200 میلی لیتر,https://www.khanoumi.com/products/cinere-anti-pollution-daily-face-wash-19406,خوبه پاک کنندگی خوبی. داره با اینکه صورتم چربه  ولی بازم بعد شست و شو خیلی خشک میشع,0,true,2025-07-16T18:29:00.9517891+00:00,مثبت,0.91,سایر,سایر
ژل شستشوی صورت مرطوب کننده و ضد آلودگی هوا مناسب پوست خشک و معمولی حجم 200 میلی لیتر,https://www.khanoumi.com/products/cinere-anti-pollution-daily-face-wash-19407,"وقتی 14 سالم بود صورت یه عالمه جوش چربی لکه داشت با این محصول اشنا شدمم تا الان که شده 19 سالمم ازش استفاده کردم برام عالی بوده 
پاک کنندگی بالا از بین بردن جوش و جای جوش واقعا نمیدونم از خوبیش چی بگمم فقطط ممنون از این برند و محصول",0,false,2026-06-28T18:55:47.2017978+03:30,مثبت,0.79,محصول,محصول
ژل شستشوی صورت مرطوب کننده و ضد آلودگی هوا مناسب پوست خشک و معمولی حجم 200 میلی لیتر,https://www.khanoumi.com/products/cinere-anti-pollution-daily-face-wash-19407,پاک کنندگی خوبی داره و راضیم,0,true,2026-06-27T13:20:32.9034306+03:30,مثبت,0.91,سایر,سایر
ژل شستشوی صورت مرطوب کننده و ضد آلودگی هوا مناسب پوست خشک و معمولی حجم 200 میلی لیتر,https://www.khanoumi.com/products/cinere-anti-pollution-daily-face-wash-19407,عالی,0,true,2026-06-20T23:05:24.6751796+03:30,مثبت,0.67,سایر,سایر
ژل شستشوی صورت مرطوب کننده و ضد آلودگی هوا مناسب پوست خشک و معمولی حجم 200 میلی لیتر,https://www.khanoumi.com/products/cinere-anti-pollution-daily-face-wash-19407,برای منی که پوست خیلی خشکی دارم خوب بود الانم داره کم کم تموم میشه و میخوام دوباره همینو بخرم,0,true,2026-06-20T22:58:58.356535+03:30,مثبت,0.79,محصول,محصول
ژل شستشوی صورت مرطوب کننده و ضد آلودگی هوا مناسب پوست خشک و معمولی حجم 200 میلی لیتر,https://www.khanoumi.com/products/cinere-anti-pollution-daily-face-wash-19407,"من دو سری از این محصول استفاده کردم 
قدرت پاک کنندگی آنچنانی نداره یه چیز کاملا معمولی به حساب میاد 
شاید وقتی بار اول استفاده میکنید حس کنید نرم شده پوستتون اما اگر بخواید آرایش باهاش پاک کنید اون موقع میبینید زیاااااد قدرت پاک کنندگی نداره 
پوست من به شخصه بهش عادت کرد و اتفاقا الانا خشک ترش میکنه",0,false,2026-06-09T20:45:05.2819329+03:30,خنثی,0.35,محصول,محصول
ژل شستشوی صورت مرطوب کننده و ضد آلودگی هوا مناسب پوست خشک و معمولی حجم 200 میلی لیتر,https://www.khanoumi.com/products/cinere-anti-pollution-daily-face-wash-19407,برای من عالی بود,0,true,2026-05-13T06:51:54.9400326+03:30,مثبت,0.79,محصول,محصول
ژل شستشوی صورت مرطوب کننده و ضد آلودگی هوا مناسب پوست خشک و معمولی حجم 200 میلی لیتر,https://www.khanoumi.com/products/cinere-anti-pollution-daily-face-wash-19407,من راضی ام برای پوست من مناسب بود,0,true,2026-04-28T23:09:09.0072618+03:30,مثبت,0.79,محصول,محصول
ژل شستشوی صورت مرطوب کننده و ضد آلودگی هوا مناسب پوست خشک و معمولی حجم 200 میلی لیتر,https://www.khanoumi.com/products/cinere-anti-pollution-daily-face-wash-19407,بنظرم پاک کنندگی زیادی نداره، کف کمی میکنه، حقیقتا خوشم نیومد ی چیز خیلییییی معمولی، پوست هم بعدش حتا نرم نمیشه,0,true,2026-04-13T18:09:36.8725951+03:30,خنثی,0.35,محصول,محصول
ژل شستشوی صورت مرطوب کننده و ضد آلودگی هوا مناسب پوست خشک و معمولی حجم 200 میلی لیتر,https://www.khanoumi.com/products/cinere-anti-pollution-daily-face-wash-19407,"بچه ها واقعا خواهرانه بهتون میگم نخرید
من پوستم به این راحتیا واکنش نشون نمیده اصلا واکنش نشون نمیده هیچوقت اما هر بار اینو استفاده کردم پوستم قرمز شد حالت کهیر شد وقتیم کرم میزنم به شدت میسوزه",0,true,2026-04-08T00:23:15.3759936+03:30,منفی,0.67,محصول | اصل بودن کالا,اصل بودن کالا
ژل شستشوی صورت مرطوب کننده و ضد آلودگی هوا مناسب پوست خشک و معمولی حجم 200 میلی لیتر,https://www.khanoumi.com/products/cinere-anti-pollution-daily-face-wash-19407,پوست من معمولیه و هر بار باهاش صورتمو میشستم پوستمو خشک می کرد. و احساس می کنم بعد یک دور مصرف واقعا به پوستم آسیب زده، الان خیلی پوستم ضعیف تر شده نسبت به قبلاً که هیچی جوش نمی زدم، الان جوش میزنم و خارش بیشتری دارم.,0,false,2026-03-27T13:42:37.0672169+03:30,منفی,0.67,محصول,محصول
ژل شستشوی صورت مرطوب کننده و ضد آلودگی هوا مناسب پوست خشک و معمولی حجم 200 میلی لیتر,https://www.khanoumi.com/products/cinere-anti-pollution-daily-face-wash-19407,من خیلی راضی هستم. بعد از شست و شوی صورت، پوستم اصلا خشک نمیشه,0,true,2026-03-25T16:43:39.4673776+03:30,خنثی,0.35,محصول | اصل بودن کالا,محصول
ژل شستشوی صورت مرطوب کننده و ضد آلودگی هوا مناسب پوست خشک و معمولی حجم 200 میلی لیتر,https://www.khanoumi.com/products/cinere-anti-pollution-daily-face-wash-19407,خوبه ولی دور لب خشک میشه,0,false,2026-02-26T01:27:38.1804947+03:30,مثبت,0.79,سایر,سایر
ژل شستشوی صورت مرطوب کننده و ضد آلودگی هوا مناسب پوست خشک و معمولی حجم 200 میلی لیتر,https://www.khanoumi.com/products/cinere-anti-pollution-daily-face-wash-19407,چند ماهی میشه که ازش استفاده میکنم. کاملا برای پوست های حساس مناسبه. اصلا پوست رو خشک نمیکنه فقط اگه آرایش خیلی غلیظی داشته باشی باید قبلش با مسلار استفاده کنی.,0,true,2026-01-18T19:16:48.2340937+03:30,مثبت,0.67,محصول | اصل بودن کالا,محصول
ژل شستشوی صورت مرطوب کننده و ضد آلودگی هوا مناسب پوست خشک و معمولی حجم 200 میلی لیتر,https://www.khanoumi.com/products/cinere-anti-pollution-daily-face-wash-19407,عالیه این ژل شستشو دوهفته اس دستم رسیده من و شوهرم داریم استفاده میکنیم اگر تموم بشه دوباره میگیرم خوشبو و تمیز کنندگیش عالیه,0,true,2025-12-28T15:31:26.4447932+03:30,مثبت,0.95,محصول | تحویل و ارسال,محصول
ژل شستشوی صورت مرطوب کننده و ضد آلودگی هوا مناسب پوست خشک و معمولی حجم 200 میلی لیتر,https://www.khanoumi.com/products/cinere-anti-pollution-daily-face-wash-19407,چهار ساله استفاده میکنم و شوینده ملایم و خوشبو . به پوستم عالی سازگاره .و اصلا حاضر نیستم بهش خیانت کنم .,0,true,2025-12-02T13:58:13.8069646+03:30,خنثی,0.35,محصول | اصل بودن کالا,محصول
ژل شستشوی صورت مرطوب کننده و ضد آلودگی هوا مناسب پوست خشک و معمولی حجم 200 میلی لیتر,https://www.khanoumi.com/products/cinere-anti-pollution-daily-face-wash-19407,خیلی محصول خوبیه,0,true,2025-11-24T00:06:14.039+03:30,مثبت,0.67,محصول,محصول
ژل شستشوی صورت مرطوب کننده و ضد آلودگی هوا مناسب پوست خشک و معمولی حجم 200 میلی لیتر,https://www.khanoumi.com/products/cinere-anti-pollution-daily-face-wash-19407,عالی بود، پاک کنندگی خوبی داره و رایحه خوشبو و تمیز.,0,false,2025-10-08T14:04:50.9206937+03:30,مثبت,0.91,محصول,محصول
ژل شستشوی صورت مرطوب کننده و ضد آلودگی هوا مناسب پوست خشک و معمولی حجم 200 میلی لیتر,https://www.khanoumi.com/products/cinere-anti-pollution-daily-face-wash-19407,خیلی عالیه من 6 ماهه دارم ازش استفاده میکنم ، با اینکه پوست من مختلط بود ولی کاملا خشکی موضعی و از بین برد و عالیه,0,true,2025-10-05T21:36:48.3579705+03:30,مثبت,0.95,محصول,محصول
ژل شستشوی صورت مرطوب کننده و ضد آلودگی هوا مناسب پوست خشک و معمولی حجم 200 میلی لیتر,https://www.khanoumi.com/products/cinere-anti-pollution-daily-face-wash-19407,حداقل ده ساله دارم از این ژل شستشو استفاده میکنم و بسیار راضی ام برای پوست های حساس عالیه فقط برای شستشو خالی برای آرایش خوب نیست قبلش یا آرایش پاک کن آرایش تون رو پاک کنید,0,true,2025-08-28T17:42:51.7107918+00:00,مثبت,0.91,محصول,محصول
ژل شستشوی صورت مرطوب کننده و ضد آلودگی هوا مناسب پوست خشک و معمولی حجم 200 میلی لیتر,https://www.khanoumi.com/products/cinere-anti-pollution-daily-face-wash-19407,"خیلی عالیه 
پوستم رو روشن کرده 
اصلا هم جوش نزدم",0,true,2025-07-21T10:50:37.4792749+00:00,مثبت,0.91,محصول | اصل بودن کالا,محصول
ژل شستشوی صورت مرطوب کننده و ضد آلودگی هوا مناسب پوست خشک و معمولی حجم 200 میلی لیتر,https://www.khanoumi.com/products/cinere-anti-pollution-daily-face-wash-19407,محصول خوبیه ولی قیمتش یه وفعه خیلی بالا رفت، من بار اول 60 تومن خریدم,0,true,2025-07-19T17:30:15.8195949+00:00,مثبت,0.67,محصول | قیمت,محصول
ژل شستشوی صورت مرطوب کننده و ضد آلودگی هوا مناسب پوست خشک و معمولی حجم 200 میلی لیتر,https://www.khanoumi.com/products/cinere-anti-pollution-daily-face-wash-19407,به نظرم محصول خوبی هست نسبت به قیمتش ،البته من در حراجی خریدم ، کیفیت خوبی داره ولی نسبت به چیزی که تو عکس نشون میدم کوچیک تره و وقتی که من پمپش رو باز کردم یه مقدار ازش ریخت انگار که اون قسمت سریش خراب بود,0,false,2025-06-17T10:16:42.0728408+00:00,ترکیبی,0.87,محصول | قیمت,محصول
ژل شستشوی صورت مرطوب کننده و ضد آلودگی هوا مناسب پوست خشک و معمولی حجم 200 میلی لیتر,https://www.khanoumi.com/products/cinere-anti-pollution-daily-face-wash-19407,"پوست من خشکه ،شوینده معمولیه پوست من رو خشک نکرد نرم هم میکنه 
اما پاک کنندگیش حس میکنم ضعیفه اما درکل راضی بودم",0,true,2025-06-10T03:08:19.4558506+00:00,ترکیبی,0.71,محصول,محصول
ژل شستشوی صورت مرطوب کننده و ضد آلودگی هوا مناسب پوست خشک و معمولی حجم 200 میلی لیتر,https://www.khanoumi.com/products/cinere-anti-pollution-daily-face-wash-19407,عالی یدونه جوشم نمیزنم از وقتی دارمش,0,true,2025-06-01T07:40:29.7514562+00:00,مثبت,0.67,سایر,سایر
ژل شستشوی صورت مرطوب کننده و ضد آلودگی هوا مناسب پوست خشک و معمولی حجم 200 میلی لیتر,https://www.khanoumi.com/products/cinere-anti-pollution-daily-face-wash-19407,شوینده ملایمیه و‌ مناسب استفاده روزانه‌س. من پوستم خشکه و این شوینده مناسبه واسم. بوی ملایمی هم داره,0,true,2025-04-30T18:55:01.1976255+00:00,خنثی,0.35,محصول,محصول
ژل شستشوی صورت مرطوب کننده و ضد آلودگی هوا مناسب پوست خشک و معمولی حجم 200 میلی لیتر,https://www.khanoumi.com/products/cinere-anti-pollution-daily-face-wash-19407,برای مادرم تهیه کردم پوستش خشکه و خیلی راضیه ،فقط بسته بندیش مناسب نبود و مقداری ریخته بود,0,true,2025-03-26T12:46:47.5309939+00:00,مثبت,0.67,محصول | تحویل و ارسال,محصول
ژل شستشوی صورت مرطوب کننده و ضد آلودگی هوا مناسب پوست خشک و معمولی حجم 200 میلی لیتر,https://www.khanoumi.com/products/cinere-anti-pollution-daily-face-wash-19407,خوبه,0,true,2025-02-28T22:47:27.6715995+00:00,مثبت,0.79,سایر,سایر
ژل شستشوی صورت مرطوب کننده و ضد آلودگی هوا مناسب پوست خشک و معمولی حجم 200 میلی لیتر,https://www.khanoumi.com/products/cinere-anti-pollution-daily-face-wash-19407,حدود 4 سال است که استفاده می کنم و راضی هستم.,0,true,2025-01-27T12:46:13.3059317+00:00,مثبت,0.67,سایر,سایر
ژل شستشوی صورت مرطوب کننده و ضد آلودگی هوا مناسب پوست خشک و معمولی حجم 200 میلی لیتر,https://www.khanoumi.com/products/cinere-anti-pollution-daily-face-wash-19407,برای پوست خشک من خوب راضی ام,0,true,2025-01-13T01:08:32.4139832+00:00,مثبت,0.91,محصول,محصول
ژل شستشوی صورت مرطوب کننده و ضد آلودگی هوا مناسب پوست خشک و معمولی حجم 200 میلی لیتر,https://www.khanoumi.com/products/cinere-anti-pollution-daily-face-wash-19407,من پوست خشک و حساسی دارم،چند باره از این شوینده میگیرم و راضیم،قیمت مناسبی داره و کاراییش خوبه,0,true,2024-12-03T06:29:00.610118+00:00,مثبت,0.95,محصول | قیمت,محصول
ژل شستشوی صورت مرطوب کننده و ضد آلودگی هوا مناسب پوست خشک و معمولی حجم 200 میلی لیتر,https://www.khanoumi.com/products/cinere-anti-pollution-daily-face-wash-19407,من پوست معمولی دارم شویندگی خوبی داره برای من بسیار عالی بود بعد از شستشو کمی احساس خشکی داشتم ولی خیلی سریع پوستم لطیف و نرم میشود ، دوباره شارژ می کنم ,0,true,2024-08-20T10:48:16+00:00,مثبت,0.91,محصول,محصول
ژل شستشوی صورت مرطوب کننده و ضد آلودگی هوا مناسب پوست خشک و معمولی حجم 200 میلی لیتر,https://www.khanoumi.com/products/cinere-anti-pollution-daily-face-wash-19407,من دو بار گرفتم شارژ کردم پیشنهاد هم دادم به دوستام ولی الان بعد از مدت استفاده احساس میکنم به صورت اون پاک کنندگی عمیق رو نمیده و زیادی ملایمه دو دلم برای شارژ دوباره ,0,true,2024-08-17T23:41:01+00:00,مثبت,0.67,محصول,محصول
ژل شستشوی صورت مرطوب کننده و ضد آلودگی هوا مناسب پوست خشک و معمولی حجم 200 میلی لیتر,https://www.khanoumi.com/products/cinere-anti-pollution-daily-face-wash-19407,پاک کنندگی خوبی داره ولی پوست رو خشک میکنه,0,false,2024-05-11T20:05:48+00:00,مثبت,0.67,محصول,محصول
ژل شستشوی صورت مرطوب کننده و ضد آلودگی هوا مناسب پوست خشک و معمولی حجم 200 میلی لیتر,https://www.khanoumi.com/products/cinere-anti-pollution-daily-face-wash-19407,"واسه پوست چرب مناسبه.
منی که پوستم معمولیه . پوستم رو خشک کرد . مخصوصا دور لبام به شدت خشک شد. خیلی بد بود . از خریدم پشیمونم. اگه پوست معمولی و خشک دارید اصلا  این محصول را نخرید",0,true,2024-04-29T13:18:41+00:00,ترکیبی,0.92,محصول | اصل بودن کالا,محصول
ژل شستشوی صورت مرطوب کننده و ضد آلودگی هوا مناسب پوست خشک و معمولی حجم 200 میلی لیتر,https://www.khanoumi.com/products/cinere-anti-pollution-daily-face-wash-19407,اصلا خوب نیس دیروز رسید بدستم پوست مو بشدت خشک کرد و پوست پوست,0,true,2024-04-09T08:47:33+00:00,ترکیبی,0.74,محصول | تحویل و ارسال | اصل بودن کالا,محصول
ژل شستشوی صورت مرطوب کننده و ضد آلودگی هوا مناسب پوست خشک و معمولی حجم 200 میلی لیتر,https://www.khanoumi.com/products/cinere-anti-pollution-daily-face-wash-19407,شوینده قوی ای هست ولی پوست منو خشک میکنه,0,true,2024-04-08T20:27:06+00:00,خنثی,0.35,محصول,محصول
ژل شستشوی صورت مرطوب کننده و ضد آلودگی هوا مناسب پوست خشک و معمولی حجم 200 میلی لیتر,https://www.khanoumi.com/products/cinere-anti-pollution-daily-face-wash-19407,من جدیدا این شوینده رو گرفتم و خیلی راضیم.بوی ملایم و مناسبی داره و پوست رو اصلا خشک نمیکنه.پوستم بعد استفاده نرم و لطیف تر میشه.به شدت از این محصول راضیم بهترین شوینده ای بوده که استفاده کردم ,0,true,2024-04-07T22:34:01+00:00,مثبت,0.95,محصول | اصل بودن کالا,محصول
ژل شستشوی صورت مرطوب کننده و ضد آلودگی هوا مناسب پوست خشک و معمولی حجم 200 میلی لیتر,https://www.khanoumi.com/products/cinere-anti-pollution-daily-face-wash-19407,پاک کنندگی خیلی خوبی داره و پوست رو نرم میکنه. اصلا تو پوستم خشکی و کشیدگی احساس نکردم.,0,true,2024-03-12T10:31:11+00:00,مثبت,0.91,محصول | اصل بودن کالا,محصول
ژل شستشوی صورت مرطوب کننده و ضد آلودگی هوا مناسب پوست خشک و معمولی حجم 200 میلی لیتر,https://www.khanoumi.com/products/cinere-anti-pollution-daily-face-wash-19407,دیشب گذاشتم سبد خرید 50 درصد تخفیف روش بود امروز میخواستم سبد سفارش کنم شده بود 25 درصد چرا واقعا تو یه روز,0,true,2024-02-20T12:31:31+00:00,منفی,0.79,محصول | قیمت,محصول
ژل شستشوی صورت مرطوب کننده و ضد آلودگی هوا مناسب پوست خشک و معمولی حجم 200 میلی لیتر,https://www.khanoumi.com/products/cinere-anti-pollution-daily-face-wash-19407,لطفاً تخفیف محصول رو بیشتر کنید ,0,true,2024-02-20T09:04:44+00:00,خنثی,0.35,محصول | قیمت,محصول
ژل شستشوی صورت مرطوب کننده و ضد آلودگی هوا مناسب پوست خشک و معمولی حجم 200 میلی لیتر,https://www.khanoumi.com/products/cinere-anti-pollution-daily-face-wash-19407,بسته بندی عالی،ارسال به موقع ،خیلی خوبه پوست رو کامل تمیز میکنه ،بوی خیلی خوبی داره ،پوست رو نرم و لطیف میکنه,0,true,2024-01-21T07:10:24+00:00,مثبت,0.95,محصول | تحویل و ارسال,محصول
ژل شستشوی صورت مرطوب کننده و ضد آلودگی هوا مناسب پوست خشک و معمولی حجم 200 میلی لیتر,https://www.khanoumi.com/products/cinere-anti-pollution-daily-face-wash-19407,عاااااااااااااااااااااااااااااااالیه,0,true,2023-12-27T13:19:47+00:00,خنثی,0.35,سایر,سایر
ژل شستشوی صورت مرطوب کننده و ضد آلودگی هوا مناسب پوست خشک و معمولی حجم 200 میلی لیتر,https://www.khanoumi.com/products/cinere-anti-pollution-daily-face-wash-19407,خیلی خوب,0,true,2023-11-05T13:02:54+00:00,مثبت,0.79,سایر,سایر
ژل شستشوی صورت مرطوب کننده و ضد آلودگی هوا مناسب پوست خشک و معمولی حجم 200 میلی لیتر,https://www.khanoumi.com/products/cinere-anti-pollution-daily-face-wash-19407,شوینده ی مناسبیه چند ساله استفاده میکنم. بعد از شستشو لطافت و نرمی پوست احساس میشه,1,true,2023-07-24T20:49:02+00:00,خنثی,0.35,محصول,محصول
ژل شستشوی صورت مرطوب کننده و ضد آلودگی هوا مناسب پوست خشک و معمولی حجم 200 میلی لیتر,https://www.khanoumi.com/products/cinere-anti-pollution-daily-face-wash-19407,پوست منو خشک میکنه و حس کشیدگی داره,1,false,2023-07-09T01:13:00+00:00,خنثی,0.35,محصول,محصول
ژل شستشوی صورت مرطوب کننده و ضد آلودگی هوا مناسب پوست خشک و معمولی حجم 200 میلی لیتر,https://www.khanoumi.com/products/cinere-anti-pollution-daily-face-wash-19407,مواد ارایشی رو کامل تمیز نمیکنه .روی پوست روان نیس.از معمولی هم پایین تره,5,true,2023-04-11T09:24:23+00:00,خنثی,0.35,محصول,محصول
ژل شستشوی صورت مرطوب کننده و ضد آلودگی هوا مناسب پوست خشک و معمولی حجم 200 میلی لیتر,https://www.khanoumi.com/products/cinere-anti-pollution-daily-face-wash-19407,کالا پلمب نبود و اصلا راضی نیستم,7,true,2022-11-24T23:44:38+00:00,منفی,0.79,محصول | اصل بودن کالا,اصل بودن کالا
ژل شستشوی صورت مرطوب کننده و ضد آلودگی هوا مناسب پوست خشک و معمولی حجم 200 میلی لیتر,https://www.khanoumi.com/products/cinere-anti-pollution-daily-face-wash-19407,بار سوم یا چهارمیه که این محصول و میخرم و همیشه آرایشم رو باهاش پاک میکنم و باید بگم که قدرت پاک کنندگی خییییلی خوبی داره و اصلا هم صورت رو خشک نمیکنه :),4,true,2022-11-06T09:00:54+00:00,مثبت,0.79,محصول | اصل بودن کالا,محصول
ژل شستشوی صورت مرطوب کننده و ضد آلودگی هوا مناسب پوست خشک و معمولی حجم 200 میلی لیتر,https://www.khanoumi.com/products/cinere-anti-pollution-daily-face-wash-19407,"من برای پوست چربش و استفاده میکنم و راضی هستم
قیمتشم مناسبه",7,false,2022-06-11T11:05:54+00:00,مثبت,0.67,محصول | قیمت,محصول
ژل شستشوی صورت مرطوب کننده و ضد آلودگی هوا مناسب پوست خشک و معمولی حجم 200 میلی لیتر,https://www.khanoumi.com/products/cinere-anti-pollution-daily-face-wash-19407,بعد از استفاده فقط پوست مو نرم کرد.. مرطوب کنندگی نداشت و حتی پوستم خشک تر شد.. ولی چون تست حیوانی انجام ندادن امتیاز بالا میدم 💚,6,false,2021-11-14T22:28:21+00:00,خنثی,0.35,محصول,محصول
ژل شستشوی صورت مرطوب کننده و ضد آلودگی هوا مناسب پوست خشک و معمولی حجم 200 میلی لیتر,https://www.khanoumi.com/products/cinere-anti-pollution-daily-face-wash-19407,نسبت به قیمتش و حجمش خوبه. یک  مشکلی که داره اینه که جنس شیشه رنگی و ماته و نمیفهمی چقدر دیگه مونده و کی تموم میشه. بعد از شستن یکذره پوست رو میکشه و برای پوست خشک مناسب نیست خیلی ولی برای پوست هاس معمولی اوکیه.,20,true,2021-08-01T01:13:37+00:00,مثبت,0.79,محصول | قیمت,محصول
ژل شستشوی صورت مرطوب کننده و ضد آلودگی هوا مناسب پوست خشک و معمولی حجم 200 میلی لیتر,https://www.khanoumi.com/products/cinere-anti-pollution-daily-face-wash-19407,خیلی بد بود پوستو کامل تمیز نمیکنه و بعد استفاده هم پوستو خشک می‌کنه دوسش نداشتم,23,true,2021-06-21T20:44:31+00:00,منفی,0.79,محصول,محصول
ژل شستشوی صورت مرطوب کننده و ضد آلودگی هوا مناسب پوست خشک و معمولی حجم 200 میلی لیتر,https://www.khanoumi.com/products/cinere-anti-pollution-daily-face-wash-19407,ازاین فیس‌واشِ سینره راضیم پمپی بودنش ازنقاط قوتشه یکم رقیقه ولی حتی بامقدارکمی هم کف میکنه وشوینده‌ی ملایمیه برای منکه پوستم مختطه روبه خشکه مناسب بود!!,7,false,2020-07-08T14:03:26+00:00,مثبت,0.79,محصول,محصول
ژل شستشوی صورت مرطوب کننده و ضد آلودگی هوا مناسب پوست خشک و معمولی حجم 200 میلی لیتر,https://www.khanoumi.com/products/cinere-anti-pollution-daily-face-wash-19407,خیلی خوب و سبکه🤩,0,false,2020-07-06T01:39:13+00:00,مثبت,0.79,سایر,سایر
ژل شستشوی صورت مرطوب کننده و ضد آلودگی هوا مناسب پوست خشک و معمولی حجم 200 میلی لیتر,https://www.khanoumi.com/products/cinere-anti-pollution-daily-face-wash-19407,واس کسایی که پوستشون خشک و معمولیه خوبه منم استفاده میکنم راضیم,4,true,2020-05-23T15:06:20+00:00,مثبت,0.95,محصول,محصول
ژل شستشوی صورت مرطوب کننده و ضد آلودگی هوا مناسب پوست خشک و معمولی حجم 200 میلی لیتر,https://www.khanoumi.com/products/cinere-anti-pollution-daily-face-wash-19407,منم این محصول رو استفاده میکنم و خیلی راضی ام .متاسفانه عکسشو نمی تونم بارگذاری کنم,1,true,2019-10-25T19:44:50+00:00,ترکیبی,0.74,محصول,محصول
ژل شستشوی صورت مرطوب کننده و ضد آلودگی هوا مناسب پوست خشک و معمولی حجم 200 میلی لیتر,https://www.khanoumi.com/products/cinere-anti-pollution-daily-face-wash-19407,سلام . ژل شستشو خوبيه و پوست خشك نميكنه و من راضيم ,5,true,2019-10-21T21:08:17+00:00,منفی,0.67,محصول,محصول
ژل شستشوی صورت مرطوب کننده و ضد آلودگی هوا مناسب پوست خشک و معمولی حجم 200 میلی لیتر,https://www.khanoumi.com/products/cinere-anti-pollution-daily-face-wash-19407,سلام . شستشو خوبيه و پوست صورت خشك نميكنه و من راضيم ,0,true,2019-10-21T21:04:53+00:00,منفی,0.67,محصول,محصول
ژل شستشوی صورت مرطوب کننده و ضد آلودگی هوا مناسب پوست خشک و معمولی حجم 200 میلی لیتر,https://www.khanoumi.com/products/cinere-anti-pollution-daily-face-wash-19407,سلام. من که خیلی از این محصول راضیم. حتی تفاوت قبل و بعد استفادش رو دوستانم هم متوجه شدند. من پوست خیلی خشکی دارم. هیچ کرمی رو صورتم نمیخوابید از بس که پوست پوست میشد. ولی از وقتی این ژل رو میزنم با خیال راحت کرم میزنم به پوستم. عالیه,2,false,2019-09-23T08:17:52+00:00,مثبت,0.95,محصول,محصول
ژل شستشوی صورت مرطوب کننده و ضد آلودگی هوا مناسب پوست خشک و معمولی حجم 200 میلی لیتر,https://www.khanoumi.com/products/cinere-anti-pollution-daily-face-wash-19407,من اين محصول رو از فروشگاه هاي زنجيره كوروش با قيمت كمتر خريدم ميشه گفت بد نيست خشكي زيادي به پوست نميده و پوستو نميكشه اما براي من كه پوستم خشكه با اينكه مناسب پوست خشك رو خريدم حتما بايد مرطوب كننده بزنم در كل بد نيست,30,true,2018-04-24T15:36:00.97+00:00,مثبت,0.79,محصول | قیمت,محصول
ژل شوینده آنتی پولوشن  مخصوص آقایان,https://www.khanoumi.com/products/cinere-anti-pollution-daily-face-wash-19408,پوست من مختلط جوشداره پاک کنندگی خوبی داره اما پوستو خشک میکنه و حالت کشیدگی میده به پوست تازه سورفکتانت های یونی و غیر یونی زیادی داره که برای گزینه روزانه اصلا خوب نیست,0,true,2024-12-03T16:38:47.2451755+00:00,منفی,0.67,محصول | اصل بودن کالا,اصل بودن کالا
ژل شوینده آنتی پولوشن  مخصوص آقایان,https://www.khanoumi.com/products/cinere-anti-pollution-daily-face-wash-19408,محصول خوبیه . کیفیتش بهتر از ژل بانوانشه . پوست چرب و بخوبی تمیز میکنه و تا حد زیادی آکنه و جوش سرسیاه و از بین میبره.,0,true,2024-08-15T00:28:58+00:00,مثبت,0.79,محصول,محصول
ژل شوینده آنتی پولوشن  مخصوص آقایان,https://www.khanoumi.com/products/cinere-anti-pollution-daily-face-wash-19408,ممنون از خانومی,0,true,2023-08-20T15:56:36+00:00,مثبت,0.67,سایر,سایر
ژل شوینده آنتی پولوشن  مخصوص آقایان,https://www.khanoumi.com/products/cinere-anti-pollution-daily-face-wash-19408,ممنون از خانومی,1,true,2023-03-09T10:05:17+00:00,مثبت,0.67,سایر,سایر
ژل شوینده آنتی پولوشن  مخصوص آقایان,https://www.khanoumi.com/products/cinere-anti-pollution-daily-face-wash-19408,خیلی عالیه من راضی ام پوست رو تمیز میکنه ، خشک نمیکنه ، پوست رو روشن میکنه,1,true,2022-12-03T13:31:48+00:00,مثبت,0.95,محصول,محصول
ژل شوینده آنتی پولوشن  مخصوص آقایان,https://www.khanoumi.com/products/cinere-anti-pollution-daily-face-wash-19408,من یکبار مصرف کردم خیلی راضی بودم پوست رو خشک نمیکنه یه جورایی متعادله  ، الان میخوام دوباره سفارش بدم ,3,true,2022-11-27T17:42:58+00:00,ترکیبی,0.66,محصول,محصول
ژل شوینده آنتی پولوشن  مخصوص آقایان,https://www.khanoumi.com/products/cinere-anti-pollution-daily-face-wash-19408," 
شوینده ی ملایم که پوست رو خشک نمی کنه.من ازخریدش راضی هستم",12,true,2020-07-12T07:10:49+00:00,مثبت,0.67,محصول,محصول
ژل شوینده آنتی پولوشن  مخصوص آقایان,https://www.khanoumi.com/products/cinere-anti-pollution-daily-face-wash-19408,شوینده ی بسیار عالی و خوش بو.به شدت توصیه میکنم.,17,false,2020-07-11T08:00:57+00:00,مثبت,0.91,محصول,محصول
سرم مو اسلیم مناسب انواع مو حجم 100 میلی لیتر,https://www.khanoumi.com/products/echos-slim-serum-19410,بسیار عالی هم بوی خوبی داره هم موها را بسیار نرم و درخشان میکنه,0,true,2020-10-27T13:26:06+00:00,مثبت,0.79,محصول,محصول
سرم مو اسلیم مناسب انواع مو حجم 100 میلی لیتر,https://www.khanoumi.com/products/echos-slim-serum-19410,من اینو گرفتم و اصلا راضی نبودم بدتر موهامو خشک میکنه,1,true,2020-03-22T18:12:54+00:00,منفی,0.67,محصول | اصل بودن کالا,اصل بودن کالا
ژل شستشوی صورت مرطوب کننده و ضد آلودگی هوا مناسب پوست چرب حجم 200 میلی لیتر,https://www.khanoumi.com/products/cinere-anti-pollution-daily-face-wash-19406,خیلی خوبه,0,true,2025-07-15T20:45:11.6940652+00:00,مثبت,0.91,سایر,سایر
ژل شستشوی صورت مرطوب کننده و ضد آلودگی هوا مناسب پوست چرب حجم 200 میلی لیتر,https://www.khanoumi.com/products/cinere-anti-pollution-daily-face-wash-19406,بار شومه که شارژش میکنم.رو دستش ندیدم. قدرت پاک کنندگیش عالیه و پوستمو تمیز میکنه,0,true,2025-07-07T12:11:07.7155675+00:00,مثبت,0.79,محصول,محصول
ژل شستشوی صورت مرطوب کننده و ضد آلودگی هوا مناسب پوست چرب حجم 200 میلی لیتر,https://www.khanoumi.com/products/cinere-anti-pollution-daily-face-wash-19406,واقعا عالیه حرف نداره چند سال استفاده میکنم,0,false,2025-07-05T21:45:59.9102207+00:00,منفی,0.79,سایر,سایر
ژل شستشوی صورت مرطوب کننده و ضد آلودگی هوا مناسب پوست چرب حجم 200 میلی لیتر,https://www.khanoumi.com/products/cinere-anti-pollution-daily-face-wash-19406,برای پوستهای خیلی چرب خوبه من پوستم مختلطه خیلی خشکش کردچون خیلی قدرت پاک کنندگیش بالاست,0,true,2025-06-07T18:13:24.3278312+00:00,مثبت,0.79,محصول,محصول
ژل شستشوی صورت مرطوب کننده و ضد آلودگی هوا مناسب پوست چرب حجم 200 میلی لیتر,https://www.khanoumi.com/products/cinere-anti-pollution-daily-face-wash-19406,"فکر کنم دوساله استفاده میکنم ، خیلی عالیه 
چربی پوست رو کنترل می‌کنه و باعث جوش نمیشه و اتفاقا جوش هارو زودتر خشک می‌کنه",0,true,2025-06-05T19:43:13.4186454+00:00,مثبت,0.79,محصول,محصول
ژل شستشوی صورت مرطوب کننده و ضد آلودگی هوا مناسب پوست چرب حجم 200 میلی لیتر,https://www.khanoumi.com/products/cinere-anti-pollution-daily-face-wash-19406,خیلی خوبه اصلا جوش نمیزنم واقعا راضی بودم لطفا شارژ کنید,0,true,2025-05-30T18:26:50.8435903+00:00,مثبت,0.91,محصول | اصل بودن کالا,محصول
ژل شستشوی صورت مرطوب کننده و ضد آلودگی هوا مناسب پوست چرب حجم 200 میلی لیتر,https://www.khanoumi.com/products/cinere-anti-pollution-daily-face-wash-19406,خوبه برای پوست من که مستعد جوشم ، پوستمو خشک نکرد,0,false,2025-05-28T14:37:52.9627066+00:00,مثبت,0.79,محصول,محصول
ژل شستشوی صورت مرطوب کننده و ضد آلودگی هوا مناسب پوست چرب حجم 200 میلی لیتر,https://www.khanoumi.com/products/cinere-anti-pollution-daily-face-wash-19406,استفاده کردم و راضی بودم,0,false,2025-05-25T20:23:40.0915713+00:00,مثبت,0.67,محصول,محصول
ژل شستشوی صورت مرطوب کننده و ضد آلودگی هوا مناسب پوست چرب حجم 200 میلی لیتر,https://www.khanoumi.com/products/cinere-anti-pollution-daily-face-wash-19406,نسبت به قیمتش واقعا عالیه من چند ساله استفاده میکنم.پاک کنندگی عمقی داره,0,true,2025-05-03T11:46:30.408646+00:00,مثبت,0.79,قیمت,قیمت
ژل شستشوی صورت مرطوب کننده و ضد آلودگی هوا مناسب پوست چرب حجم 200 میلی لیتر,https://www.khanoumi.com/products/cinere-anti-pollution-daily-face-wash-19406,من پوست چرب و مختلطی دارم خیلی با پوست من سازگار هست پوست رو کاملا تمیز و باعث خشکی نمیشه.,0,false,2025-05-02T09:36:44.6266775+00:00,خنثی,0.35,محصول,محصول
ژل شستشوی صورت مرطوب کننده و ضد آلودگی هوا مناسب پوست چرب حجم 200 میلی لیتر,https://www.khanoumi.com/products/cinere-anti-pollution-daily-face-wash-19406,پاک کنندگی خوبی داره,0,true,2025-05-01T21:36:22.0516769+00:00,مثبت,0.67,سایر,سایر
ژل شستشوی صورت مرطوب کننده و ضد آلودگی هوا مناسب پوست چرب حجم 200 میلی لیتر,https://www.khanoumi.com/products/cinere-anti-pollution-daily-face-wash-19406,شوینده صورت خیلی خوبیه.,0,true,2025-04-27T05:21:28.7067768+00:00,مثبت,0.79,سایر,سایر
ژل شستشوی صورت مرطوب کننده و ضد آلودگی هوا مناسب پوست چرب حجم 200 میلی لیتر,https://www.khanoumi.com/products/cinere-anti-pollution-daily-face-wash-19406,خوب هست ولی کمی باعث خشکی پوست میشه,0,true,2025-04-21T23:00:15.9651617+00:00,مثبت,0.67,محصول,محصول
ژل شستشوی صورت مرطوب کننده و ضد آلودگی هوا مناسب پوست چرب حجم 200 میلی لیتر,https://www.khanoumi.com/products/cinere-anti-pollution-daily-face-wash-19406,پوستم مختلطه پاک کنندگی خوبی داره من خودم مرتب ابرسان میزنم ولی یکم نسبت به حجمش گرونه,0,true,2025-04-05T19:48:31.0253073+00:00,مثبت,0.67,محصول | قیمت,محصول
ژل شستشوی صورت مرطوب کننده و ضد آلودگی هوا مناسب پوست چرب حجم 200 میلی لیتر,https://www.khanoumi.com/products/cinere-anti-pollution-daily-face-wash-19406,خیلی پوست رو خشک میکنه من با این که پوستم چربه هردفعه از این استفاده کردم پوستم کاملا خشک شده,0,false,2025-03-22T17:31:32.249262+00:00,خنثی,0.35,محصول,محصول
ژل شستشوی صورت مرطوب کننده و ضد آلودگی هوا مناسب پوست چرب حجم 200 میلی لیتر,https://www.khanoumi.com/products/cinere-anti-pollution-daily-face-wash-19406,"بدترین برند و شوینده صورت ، پوست به شدت خشک و کشیده میشه و دچار اگزما
اصلا نخرید",0,false,2025-03-21T05:43:37.8716154+00:00,ترکیبی,0.74,محصول | اصل بودن کالا,محصول
ژل شستشوی صورت مرطوب کننده و ضد آلودگی هوا مناسب پوست چرب حجم 200 میلی لیتر,https://www.khanoumi.com/products/cinere-anti-pollution-daily-face-wash-19406,کلا محصولات سینره رو دوست دارم هم شوینده هم ضد آفتاب هم تونرش رو استفاده کردم عالیه,0,true,2025-03-03T12:25:33.7873409+00:00,مثبت,0.79,محصول,محصول
ژل شستشوی صورت مرطوب کننده و ضد آلودگی هوا مناسب پوست چرب حجم 200 میلی لیتر,https://www.khanoumi.com/products/cinere-anti-pollution-daily-face-wash-19406,"برای همسرم گرفتم
پوست چربی دارن  
پوستشون نرم شده و به نظرم چربی پوست کنترل شده
 راضی هستیم",0,true,2025-02-26T15:47:53.3995503+00:00,مثبت,0.67,محصول,محصول
ژل شستشوی صورت مرطوب کننده و ضد آلودگی هوا مناسب پوست چرب حجم 200 میلی لیتر,https://www.khanoumi.com/products/cinere-anti-pollution-daily-face-wash-19406,من از بهترین دوستم هدیه گرفتم بار اول و واقعا عالی بود.پاک کنندگی و نرم کنندگی خیلی خوبی داره.احساس سبک بودن میده و باعث جوش و خشک شدن پوست نمیشه.برای بار دوم خریدمش,0,false,2025-02-24T13:08:10.89677+00:00,مثبت,0.95,محصول,محصول
ژل شستشوی صورت مرطوب کننده و ضد آلودگی هوا مناسب پوست چرب حجم 200 میلی لیتر,https://www.khanoumi.com/products/cinere-anti-pollution-daily-face-wash-19406,خیلی با کیفیت و عالی و من خیلی راضی هستم,0,true,2025-02-22T12:31:16.024061+00:00,مثبت,0.79,محصول,محصول
ژل شستشوی صورت مرطوب کننده و ضد آلودگی هوا مناسب پوست چرب حجم 200 میلی لیتر,https://www.khanoumi.com/products/cinere-anti-pollution-daily-face-wash-19406,خیلی عالی,0,false,2025-02-20T10:08:12.7373006+00:00,مثبت,0.67,سایر,سایر
ژل شستشوی صورت مرطوب کننده و ضد آلودگی هوا مناسب پوست چرب حجم 200 میلی لیتر,https://www.khanoumi.com/products/cinere-anti-pollution-daily-face-wash-19406,خیلی معمولیه.نسبت به بقیه شوینده های که داشتم راضی نبودم.دیگه شارژ نمیکنم,0,true,2025-02-11T05:29:00.5728555+00:00,منفی,0.67,محصول,محصول
ژل شستشوی صورت مرطوب کننده و ضد آلودگی هوا مناسب پوست چرب حجم 200 میلی لیتر,https://www.khanoumi.com/products/cinere-anti-pollution-daily-face-wash-19406,"واقعا شوینده ی بدی بود.پوستم به شدت جوش زد
حتی دادم مادرمم استفاده کنه پوست اونم جوش زد.",0,true,2025-02-10T19:35:08.4435542+00:00,منفی,0.67,محصول,محصول
ژل شستشوی صورت مرطوب کننده و ضد آلودگی هوا مناسب پوست چرب حجم 200 میلی لیتر,https://www.khanoumi.com/products/cinere-anti-pollution-daily-face-wash-19406,برای من درش خراب بود,0,true,2025-02-09T13:33:40.3329212+00:00,منفی,0.67,محصول,محصول
ژل شستشوی صورت مرطوب کننده و ضد آلودگی هوا مناسب پوست چرب حجم 200 میلی لیتر,https://www.khanoumi.com/products/cinere-anti-pollution-daily-face-wash-19406,بعد چند ماه رنگش زرد شد و لکه های سیاه توی موادش هست .,0,true,2025-02-04T21:22:39.4711032+00:00,خنثی,0.35,محصول,محصول
ژل شستشوی صورت مرطوب کننده و ضد آلودگی هوا مناسب پوست چرب حجم 200 میلی لیتر,https://www.khanoumi.com/products/cinere-anti-pollution-daily-face-wash-19406,پوست خیلی خشک میکنه من راضی نبودم,0,true,2025-01-28T11:27:40.4756424+00:00,منفی,0.67,محصول,محصول
ژل شستشوی صورت مرطوب کننده و ضد آلودگی هوا مناسب پوست چرب حجم 200 میلی لیتر,https://www.khanoumi.com/products/cinere-anti-pollution-daily-face-wash-19406,من پوستم قبلا جوش میزد از وقتی روتین پوستی و رعایت میکنم اوکی شد تا اینکه اتفاقی این محصولو خریذم اما صورتم دوباره جوشای بزرگ زدو ناراضی ام بعد یکبار شست شو ام احساس میکنم خوب تمیز نمیکنه,0,false,2025-01-20T13:18:36.5046+00:00,ترکیبی,0.71,محصول,محصول
ژل شستشوی صورت مرطوب کننده و ضد آلودگی هوا مناسب پوست چرب حجم 200 میلی لیتر,https://www.khanoumi.com/products/cinere-anti-pollution-daily-face-wash-19406,برای منی که پوست چرب دارم کاملا چربی پوستم نگرفت ولی اکیه باید روزی دوبار ازش استفاده کنم صرفاً فقط پاک کنندس و تاثیر دیگه نداره,0,true,2025-01-15T23:25:26.2170354+00:00,خنثی,0.35,محصول,محصول
ژل شستشوی صورت مرطوب کننده و ضد آلودگی هوا مناسب پوست چرب حجم 200 میلی لیتر,https://www.khanoumi.com/products/cinere-anti-pollution-daily-face-wash-19406,پوستم رو کاملا خشک میکنه جوری که با آبرسان و مرطوب کننده قوی هم جبران نمیشه,0,true,2025-01-09T19:17:56.5536174+00:00,خنثی,0.35,محصول,محصول
ژل شستشوی صورت مرطوب کننده و ضد آلودگی هوا مناسب پوست چرب حجم 200 میلی لیتر,https://www.khanoumi.com/products/cinere-anti-pollution-daily-face-wash-19406,تقریبا 2ماهه استفاده میکنم قدرت پاک کنندگی خوبی داره اما روی جوش و منافذ تاثیری ندارد .. فقط پاک کننده هست,0,true,2024-12-31T12:43:51.1322417+00:00,مثبت,0.67,سایر,سایر
ژل شستشوی صورت مرطوب کننده و ضد آلودگی هوا مناسب پوست چرب حجم 200 میلی لیتر,https://www.khanoumi.com/products/cinere-anti-pollution-daily-face-wash-19406,این بهترین و مورد علاقه ترین شوینده منه هم عاشق بوشم هم قیمتش اقتصادیه هم حجم زیادی داره و هم پاک کنندگی بالایی داره,0,true,2024-12-31T10:30:42.2867838+00:00,مثبت,0.67,محصول | قیمت,محصول
ژل شستشوی صورت مرطوب کننده و ضد آلودگی هوا مناسب پوست چرب حجم 200 میلی لیتر,https://www.khanoumi.com/products/cinere-anti-pollution-daily-face-wash-19406,خوبه قدرت پاک‌کننده خوبی داره قیمت عالی مناسب پوست‌های چربه اگه پوست خشک دارید اصلا خوب نیست,0,true,2024-12-30T18:25:53.6595931+00:00,مثبت,0.79,محصول | اصل بودن کالا | قیمت,محصول
ژل شستشوی صورت مرطوب کننده و ضد آلودگی هوا مناسب پوست چرب حجم 200 میلی لیتر,https://www.khanoumi.com/products/cinere-anti-pollution-daily-face-wash-19406,بایک مقدار کم میشه شستشو کامل صورت انجام داد. ولی احساس میکنم پوستو به مرور زمان چرب میکنه و جوش میزنیم,0,false,2024-12-30T12:07:01.0144091+00:00,خنثی,0.35,محصول,محصول
ژل شستشوی صورت مرطوب کننده و ضد آلودگی هوا مناسب پوست چرب حجم 200 میلی لیتر,https://www.khanoumi.com/products/cinere-anti-pollution-daily-face-wash-19406,سینره همه محصولاتش عالیه خصوصا این ژل شستشو,0,true,2024-12-28T21:17:16.16746+00:00,مثبت,0.79,محصول,محصول
ژل شستشوی صورت مرطوب کننده و ضد آلودگی هوا مناسب پوست چرب حجم 200 میلی لیتر,https://www.khanoumi.com/products/cinere-anti-pollution-daily-face-wash-19406,حس میکنم بعد یه مدت پوستو تیره و کدر میکنه,0,false,2024-12-26T04:25:32.3058711+00:00,خنثی,0.35,محصول,محصول
ژل شستشوی صورت مرطوب کننده و ضد آلودگی هوا مناسب پوست چرب حجم 200 میلی لیتر,https://www.khanoumi.com/products/cinere-anti-pollution-daily-face-wash-19406,اصلا ازش راضی نبودم بوش اذیت میکرد قدرت پاک کنندگیشم خوب نبود,0,true,2024-12-14T20:27:00.4276287+00:00,خنثی,0.4,محصول | اصل بودن کالا,محصول
ژل شستشوی صورت مرطوب کننده و ضد آلودگی هوا مناسب پوست چرب حجم 200 میلی لیتر,https://www.khanoumi.com/products/cinere-anti-pollution-daily-face-wash-19406,فقط برای دیلی واش مناسبه و میتونم بگم عالیه پوستم به هیچ وجه خشک ممکنه ولی برای میکاپ  اصلا نیاز به شنیده قویتر دارید. پوست چرب.,0,false,2024-12-14T14:50:50.2234208+00:00,مثبت,0.91,محصول | اصل بودن کالا,محصول
ژل شستشوی صورت مرطوب کننده و ضد آلودگی هوا مناسب پوست چرب حجم 200 میلی لیتر,https://www.khanoumi.com/products/cinere-anti-pollution-daily-face-wash-19406,"پمپش خرابه و هنوز موفق به استفاده نشدم
ولی قبلا خریدم و خیلی خوب بود
پوست رو خیلی نرم میکنه",0,true,2024-12-13T18:03:52.3404102+00:00,مثبت,0.91,محصول,محصول
ژل شستشوی صورت مرطوب کننده و ضد آلودگی هوا مناسب پوست چرب حجم 200 میلی لیتر,https://www.khanoumi.com/products/cinere-anti-pollution-daily-face-wash-19406,برای چندمین بار هست که میخرم خیلی عالی,0,true,2024-12-10T12:23:23.740913+00:00,مثبت,0.67,سایر,سایر
ژل شستشوی صورت مرطوب کننده و ضد آلودگی هوا مناسب پوست چرب حجم 200 میلی لیتر,https://www.khanoumi.com/products/cinere-anti-pollution-daily-face-wash-19406,برای بار دوم سفارش میدم برای پوست حساس و چرب و دارای اگزما من مناسب بوده,0,true,2024-12-09T17:20:44.0578009+00:00,خنثی,0.35,محصول,محصول
ژل شستشوی صورت مرطوب کننده و ضد آلودگی هوا مناسب پوست چرب حجم 200 میلی لیتر,https://www.khanoumi.com/products/cinere-anti-pollution-daily-face-wash-19406,نسبت ب شویندهای دیگ هم قیمت خوبو کیفیت بالای داره من ازش راضیم,0,true,2024-12-08T11:24:09.0444469+00:00,مثبت,0.91,محصول | قیمت,محصول
ژل شستشوی صورت مرطوب کننده و ضد آلودگی هوا مناسب پوست چرب حجم 200 میلی لیتر,https://www.khanoumi.com/products/cinere-anti-pollution-daily-face-wash-19406,با توجه به قیمتش پاک کنندگی خوبی داره، اما بعد از شستشو حس کشیدگی روی پوستم ایجاد میکنه.,0,true,2024-12-06T12:59:23.5940037+00:00,مثبت,0.67,محصول | قیمت,محصول
ژل شستشوی صورت مرطوب کننده و ضد آلودگی هوا مناسب پوست چرب حجم 200 میلی لیتر,https://www.khanoumi.com/products/cinere-anti-pollution-daily-face-wash-19406,یک ساله استفاده میکنم ازش راضیم پوستمم مختلطه چربی پوستموکنترل کرده احساس کشیدگی هم نمیده,0,true,2024-12-06T05:46:01.4644083+00:00,مثبت,0.79,محصول,محصول
ژل شستشوی صورت مرطوب کننده و ضد آلودگی هوا مناسب پوست چرب حجم 200 میلی لیتر,https://www.khanoumi.com/products/cinere-anti-pollution-daily-face-wash-19406,خیلی سبکه بوس خوبی داره پوست رو‌خشک‌نمیکنه و الودگی هارو خوب‌پاک‌میکنه قیمتش هم‌مناسبه,0,true,2024-12-05T08:51:03.2545255+00:00,مثبت,0.79,محصول | قیمت,محصول
ژل شستشوی صورت مرطوب کننده و ضد آلودگی هوا مناسب پوست چرب حجم 200 میلی لیتر,https://www.khanoumi.com/products/cinere-anti-pollution-daily-face-wash-19406,با یک بار استفاده متوجه میشین که گزینه خوبی رو انتخاب کردید. من که خیلی راضی بودم.,0,true,2024-12-03T20:53:48.4450523+00:00,مثبت,0.79,محصول,محصول
ژل شستشوی صورت مرطوب کننده و ضد آلودگی هوا مناسب پوست چرب حجم 200 میلی لیتر,https://www.khanoumi.com/products/cinere-anti-pollution-daily-face-wash-19406,من برای پوست چرب پیشنهاد میکنم کاملا تمیز میکنه و آلودگی را از بین میبره,0,true,2024-12-03T07:04:17.8193821+00:00,مثبت,0.79,محصول,محصول
ژل شستشوی صورت مرطوب کننده و ضد آلودگی هوا مناسب پوست چرب حجم 200 میلی لیتر,https://www.khanoumi.com/products/cinere-anti-pollution-daily-face-wash-19406,من برای پوست چرب استفاده میکنم و کاملا راضیم ازش,0,true,2024-12-01T09:00:01.1717351+00:00,مثبت,0.79,محصول,محصول
ژل شستشوی صورت مرطوب کننده و ضد آلودگی هوا مناسب پوست چرب حجم 200 میلی لیتر,https://www.khanoumi.com/products/cinere-anti-pollution-daily-face-wash-19406,راضی کننده نبود و شارژ نمیکنم برای پوست چرب,0,true,2024-11-29T16:45:29.0533429+00:00,منفی,0.79,محصول,محصول
ژل شستشوی صورت مرطوب کننده و ضد آلودگی هوا مناسب پوست چرب حجم 200 میلی لیتر,https://www.khanoumi.com/products/cinere-anti-pollution-daily-face-wash-19406,برای پوست چرب گزینه ،ی خوبیه... من ازش راضی هستم,0,true,2024-11-28T19:51:07.0732799+00:00,مثبت,0.79,محصول,محصول
ژل شستشوی صورت مرطوب کننده و ضد آلودگی هوا مناسب پوست چرب حجم 200 میلی لیتر,https://www.khanoumi.com/products/cinere-anti-pollution-daily-face-wash-19406,عالیه,0,true,2024-11-28T15:49:48.1189236+00:00,مثبت,0.79,سایر,سایر
ژل شستشوی صورت مرطوب کننده و ضد آلودگی هوا مناسب پوست چرب حجم 200 میلی لیتر,https://www.khanoumi.com/products/cinere-anti-pollution-daily-face-wash-19406,برای بار سوم سفارش دادم،پوست خیلی چربی دارم و این شوینده بخوبی جوابگوی پوست من هست,0,false,2024-11-27T19:27:03.9759493+00:00,مثبت,0.67,محصول,محصول
ژل شستشوی صورت مرطوب کننده و ضد آلودگی هوا مناسب پوست چرب حجم 200 میلی لیتر,https://www.khanoumi.com/products/cinere-anti-pollution-daily-face-wash-19406,برای بار دومه که شارژش میکنم و به نظرم برای مسافرت بهترین میتونه باشه، چون قیمت به صرفه ای داره و پاک کنندگی خوبی داره و کسایی که مثه من دوست ندارن محصولات مراقبتی گرون برای مسافرت همراه خودشون ببرن،گزینه خوبی هست,0,true,2024-11-27T08:40:20.2296062+00:00,مثبت,0.91,قیمت | محصول,قیمت
ژل شستشوی صورت مرطوب کننده و ضد آلودگی هوا مناسب پوست چرب حجم 200 میلی لیتر,https://www.khanoumi.com/products/cinere-anti-pollution-daily-face-wash-19406,قیمت مناسب و خوبه . بعد از استفاده احساس خشکی و کشیدگی به پوست میده که باید خوب ابرسانی کنید,0,true,2024-11-27T08:30:34.1503974+00:00,مثبت,0.91,محصول | قیمت,محصول
ژل شستشوی صورت مرطوب کننده و ضد آلودگی هوا مناسب پوست چرب حجم 200 میلی لیتر,https://www.khanoumi.com/products/cinere-anti-pollution-daily-face-wash-19406,من ازش خیلی راضی بودم پوست رو خیلی خوب نمیر میکنه‌ بوی خوبی داره و پوشت رو خشک نمیکنه,0,true,2024-11-21T14:35:44.9990359+00:00,خنثی,0.35,محصول,محصول
ژل شستشوی صورت مرطوب کننده و ضد آلودگی هوا مناسب پوست چرب حجم 200 میلی لیتر,https://www.khanoumi.com/products/cinere-anti-pollution-daily-face-wash-19406,یه شوینده خیلی خیلی معمولیه در نباید انتظار بالایی ازش داشت و اینکه زیادم کف نمیکنه..قبلش من فوم استفاده کرده بودم بنظرم فوم گزینه خیلی بهتریه..,0,true,2024-11-18T21:28:32.781594+00:00,خنثی,0.35,محصول,محصول
ژل شستشوی صورت مرطوب کننده و ضد آلودگی هوا مناسب پوست چرب حجم 200 میلی لیتر,https://www.khanoumi.com/products/cinere-anti-pollution-daily-face-wash-19406,پاک کنندیگش معمولیه، کنترل چربیش معمولیه،سطحی تمیز میکنه،و بعد چند ساعت دوباره پوست چرب میشه،من قبل این محصول،فوم شست و شوی پوست چرب ژنوبایوتیک داشتم که خیلی بهتر بود،کنترل چربیش عالی بود،روشن کنندگیش هم بهتر بود.,0,true,2024-11-11T10:52:27.5330081+00:00,مثبت,0.79,محصول,محصول
ژل شستشوی صورت مرطوب کننده و ضد آلودگی هوا مناسب پوست چرب حجم 200 میلی لیتر,https://www.khanoumi.com/products/cinere-anti-pollution-daily-face-wash-19406,اصلا فکرشم نمیکردم یه ژل ایرانی با این قیمت بتونه انقد خوب باشه، اصلا ازش انتظار نداشتم ولی عالی عمل کرد، پوست رو خیلی خوب تمیز میکنه، بعد استفاده یکم احساس کشیدگی کردم که با یه ذره مرطوب کننده رفع شد. پوستم چربه و اصلا جوش نزدم,0,true,2024-11-06T17:02:26.1458046+00:00,مثبت,0.91,اصل بودن کالا | محصول | قیمت,اصل بودن کالا
ژل شستشوی صورت مرطوب کننده و ضد آلودگی هوا مناسب پوست چرب حجم 200 میلی لیتر,https://www.khanoumi.com/products/cinere-anti-pollution-daily-face-wash-19406,"خیلی عالیه من پوست چربی دارم و اصلا باهاش جوش نمیزنم
خانمی عزیز لطفا برای این محصول یه تخفیف خوب بزار",0,false,2024-10-31T12:13:15.6620075+00:00,مثبت,0.95,محصول | اصل بودن کالا | قیمت,محصول
ژل شستشوی صورت مرطوب کننده و ضد آلودگی هوا مناسب پوست چرب حجم 200 میلی لیتر,https://www.khanoumi.com/products/cinere-anti-pollution-daily-face-wash-19406,عالیه واقعا خیلی خوبه مناسب برای پوست چربه اصلا باهاش جوش نمیزنم,0,true,2024-10-23T10:26:59.8956162+00:00,مثبت,0.95,محصول | اصل بودن کالا,محصول
ژل شستشوی صورت مرطوب کننده و ضد آلودگی هوا مناسب پوست چرب حجم 200 میلی لیتر,https://www.khanoumi.com/products/cinere-anti-pollution-daily-face-wash-19406,راضی بودم,0,true,2024-10-14T13:21:08.5720245+00:00,مثبت,0.67,محصول,محصول
ژل شستشوی صورت مرطوب کننده و ضد آلودگی هوا مناسب پوست چرب حجم 200 میلی لیتر,https://www.khanoumi.com/products/cinere-anti-pollution-daily-face-wash-19406,خیلی عالیه,0,true,2024-10-13T11:14:11.0607478+00:00,مثبت,0.79,سایر,سایر
ژل شستشوی صورت مرطوب کننده و ضد آلودگی هوا مناسب پوست چرب حجم 200 میلی لیتر,https://www.khanoumi.com/products/cinere-anti-pollution-daily-face-wash-19406,راضی بودم پاک کنندگی خوبی داره,0,false,2024-10-10T05:53:32.6894269+00:00,مثبت,0.79,محصول,محصول
ژل شستشوی صورت مرطوب کننده و ضد آلودگی هوا مناسب پوست چرب حجم 200 میلی لیتر,https://www.khanoumi.com/products/cinere-anti-pollution-daily-face-wash-19406,برای پوست چرب خوبه و پاک کنندگیش خوبه خیلی راضی بودم,0,true,2024-09-25T09:44:16+00:00,مثبت,0.95,محصول,محصول
ژل شستشوی صورت مرطوب کننده و ضد آلودگی هوا مناسب پوست چرب حجم 200 میلی لیتر,https://www.khanoumi.com/products/cinere-anti-pollution-daily-face-wash-19406,فقط به درد شستن صورت در مرحله دوم بعد از استفاده از میسلار میخوره و نباید ازش توقع کنترل چربی پوست داشت. یه شوینده ملایم و معمولیه که برای افرادی با پوست معمولی خوبه.,0,true,2024-09-22T02:06:20+00:00,مثبت,0.79,محصول,محصول
ژل شستشوی صورت مرطوب کننده و ضد آلودگی هوا مناسب پوست چرب حجم 200 میلی لیتر,https://www.khanoumi.com/products/cinere-anti-pollution-daily-face-wash-19406,پوست چربی دارم و شبانه روز دوبار استفاده میکنم کف نمیکنه بصرفه هست پاک کنندگیش خیلی خوبه پوستم رو نرم و شفاف میکنه,0,true,2024-09-17T13:10:43+00:00,مثبت,0.91,محصول,محصول
ژل شستشوی صورت مرطوب کننده و ضد آلودگی هوا مناسب پوست چرب حجم 200 میلی لیتر,https://www.khanoumi.com/products/cinere-anti-pollution-daily-face-wash-19406,محصول خوبیه قدرت پاک کنندگیش متوسطه ، برای منی که پوست چربی دارم بعد شست شو پوستم رو خشک میکنه,0,true,2024-09-14T00:21:50+00:00,مثبت,0.67,محصول,محصول
ژل شستشوی صورت مرطوب کننده و ضد آلودگی هوا مناسب پوست چرب حجم 200 میلی لیتر,https://www.khanoumi.com/products/cinere-anti-pollution-daily-face-wash-19406,موجودش کنین لطفا... تنها مارکیه که صورتم رو عالی و تمیز کرده,0,true,2024-08-29T13:03:27+00:00,مثبت,0.67,محصول,محصول
ژل شستشوی صورت مرطوب کننده و ضد آلودگی هوا مناسب پوست چرب حجم 200 میلی لیتر,https://www.khanoumi.com/products/cinere-anti-pollution-daily-face-wash-19406,موجود کنید.من اولش باهاش جوش زدم و احساس خشکی میکردم ولی وقتی با فیس براش استفاده کردم پوستم خیل نرم شد باهاش و جوشامو برطرف کرد و احساس میکنم جای جوشام خیلی بهتر شده ,0,false,2024-08-21T13:53:35+00:00,خنثی,0.35,محصول,محصول
ژل شستشوی صورت مرطوب کننده و ضد آلودگی هوا مناسب پوست چرب حجم 200 میلی لیتر,https://www.khanoumi.com/products/cinere-anti-pollution-daily-face-wash-19406,"برای پوست چرب خیلی خوبه 
خوب پاک میکنه جوش و جای جوش ازبین میبره سریع. پوستو صاف میکنه 
پوست اصلا خشک نمیشه 
کف نداره 
کیفیت پاک کنندگیش در حد نیتروژنا و لایسل  هست  از هرسه برند استفاده کردم و برای همین از همین برند برای بار دوم خریدم خیلیخوبه و کثیفی ب جا نمیزاره اگ بادقت و خوب بشورید 
برای ارایش چشم قبلش حتما باید با میسلار پاک شه 
بعد شستشو هم با تونر پاک شه",0,true,2024-08-06T20:51:35+00:00,مثبت,0.95,محصول | اصل بودن کالا,محصول
ژل شستشوی صورت مرطوب کننده و ضد آلودگی هوا مناسب پوست چرب حجم 200 میلی لیتر,https://www.khanoumi.com/products/cinere-anti-pollution-daily-face-wash-19406,برای پوست مختلط هم خوبه!؟,0,true,2024-07-30T14:59:00+00:00,مثبت,0.79,محصول,محصول
ژل شستشوی صورت مرطوب کننده و ضد آلودگی هوا مناسب پوست چرب حجم 200 میلی لیتر,https://www.khanoumi.com/products/cinere-anti-pollution-daily-face-wash-19406,با توجه به قیمتی ک داره خیلی خوبه پاکنندگی خوبی داره و بعد استفاده ازشم روی پوستم احساس خشکی نمیکنم,0,true,2024-07-28T19:10:47+00:00,مثبت,0.95,محصول | قیمت,محصول
ژل شستشوی صورت مرطوب کننده و ضد آلودگی هوا مناسب پوست چرب حجم 200 میلی لیتر,https://www.khanoumi.com/products/cinere-anti-pollution-daily-face-wash-19406,پوست من چربه از نظر من خوب بود بار دوم این شوینده رو خریدم,0,true,2024-07-24T23:41:17+00:00,مثبت,0.79,محصول,محصول
ژل شستشوی صورت مرطوب کننده و ضد آلودگی هوا مناسب پوست چرب حجم 200 میلی لیتر,https://www.khanoumi.com/products/cinere-anti-pollution-daily-face-wash-19406,جوش زیر پوستی برای کسایی که پوست معمولی دارن برای پوست من مناسب نبود,0,false,2024-07-21T21:09:34+00:00,خنثی,0.35,محصول,محصول
ژل شستشوی صورت مرطوب کننده و ضد آلودگی هوا مناسب پوست چرب حجم 200 میلی لیتر,https://www.khanoumi.com/products/cinere-anti-pollution-daily-face-wash-19406,برای پوست های چرپ جوش دار عالیه خیلی خوب چربی های پوستو کنترل میکنه من پیشنهادش میکنم,0,true,2024-07-13T12:47:37+00:00,مثبت,0.95,محصول,محصول
ژل شستشوی صورت مرطوب کننده و ضد آلودگی هوا مناسب پوست چرب حجم 200 میلی لیتر,https://www.khanoumi.com/products/cinere-anti-pollution-daily-face-wash-19406,خوبه,0,true,2024-07-10T22:35:20+00:00,مثبت,0.79,سایر,سایر
ژل شستشوی صورت مرطوب کننده و ضد آلودگی هوا مناسب پوست چرب حجم 200 میلی لیتر,https://www.khanoumi.com/products/cinere-anti-pollution-daily-face-wash-19406,خیلی خوبه خوشبو من پنج ساله این محصول استفاده میگنم,0,true,2024-07-10T13:21:05+00:00,مثبت,0.91,محصول,محصول
ژل شستشوی صورت مرطوب کننده و ضد آلودگی هوا مناسب پوست چرب حجم 200 میلی لیتر,https://www.khanoumi.com/products/cinere-anti-pollution-daily-face-wash-19406,تقریبا یه هفته ست که استفاده میکنم شوینده ملایمی هست خوب کف میکنه اما پاک کنندگی معمولی داره و آرایش چشم رو یه مقدار سخت پاک میکنه باید قبلش حتما با میسلار پاک کنید بوی صابون های قدیمی رو میده و احساس خشکی به پوست نمیده موارد دیگه رو توی استفاده بلندمدت میشه فهمید تا اینجا میشه گفت خوبه,0,true,2024-07-10T10:37:55+00:00,مثبت,0.91,محصول,محصول
ژل شستشوی صورت مرطوب کننده و ضد آلودگی هوا مناسب پوست چرب حجم 200 میلی لیتر,https://www.khanoumi.com/products/cinere-anti-pollution-daily-face-wash-19406,راضی بودم خوب صورتم رو پاک میکنه و خیلی نرم میکنه,0,false,2024-07-07T03:23:03+00:00,مثبت,0.79,محصول,محصول
ژل شستشوی صورت مرطوب کننده و ضد آلودگی هوا مناسب پوست چرب حجم 200 میلی لیتر,https://www.khanoumi.com/products/cinere-anti-pollution-daily-face-wash-19406,خیلی معمولی .نه خوب نه بد,0,true,2024-07-04T01:19:30+00:00,ترکیبی,0.71,محصول,محصول
ژل شستشوی صورت مرطوب کننده و ضد آلودگی هوا مناسب پوست چرب حجم 200 میلی لیتر,https://www.khanoumi.com/products/cinere-anti-pollution-daily-face-wash-19406,پاک کنندگی خوبی نداره و پوست رو خیلی خشک میکنه من پیشنهاد نمیکنم,0,true,2024-07-02T11:35:32+00:00,منفی,0.79,محصول,محصول
ژل شستشوی صورت مرطوب کننده و ضد آلودگی هوا مناسب پوست چرب حجم 200 میلی لیتر,https://www.khanoumi.com/products/cinere-anti-pollution-daily-face-wash-19406,خوب نبود جوش زیر پوستی میده,0,false,2024-06-29T12:52:29+00:00,خنثی,0.4,محصول,محصول
ژل شستشوی صورت مرطوب کننده و ضد آلودگی هوا مناسب پوست چرب حجم 200 میلی لیتر,https://www.khanoumi.com/products/cinere-anti-pollution-daily-face-wash-19406,پوست من چربه و مستعد جوش . بعد از استفاده ازش واقعا حس می کنید پوستتون تمیز شده ولی روی پوست من باعث جوشای زیر پوستی شد ,0,true,2024-06-27T07:01:17+00:00,خنثی,0.35,محصول,محصول
ژل شستشوی صورت مرطوب کننده و ضد آلودگی هوا مناسب پوست چرب حجم 200 میلی لیتر,https://www.khanoumi.com/products/cinere-anti-pollution-daily-face-wash-19406,عالییییی بود ,0,true,2024-06-20T20:47:42+00:00,مثبت,0.67,محصول,محصول
ژل شستشوی صورت مرطوب کننده و ضد آلودگی هوا مناسب پوست چرب حجم 200 میلی لیتر,https://www.khanoumi.com/products/cinere-anti-pollution-daily-face-wash-19406,"4ساله ازش استفاده میکنم عالیه بوی خوب، پاک کنندگی عالی و قیمت مناسب حجم مناسب و نه خیلی قوی که اذیت کنه پوستو نه خیلی ضعیف
ولی بر حسب تجربم میگم که چربی پوست به خیلی چیزای دیگه بستگی داره بقیه چیزارو کنترل کنین",0,false,2024-06-19T20:25:54+00:00,ترکیبی,0.92,محصول | قیمت,محصول
ژل شستشوی صورت مرطوب کننده و ضد آلودگی هوا مناسب پوست چرب حجم 200 میلی لیتر,https://www.khanoumi.com/products/cinere-anti-pollution-daily-face-wash-19406,خوب بود ولی صورتمو بعد مدتی چرب کرد,0,true,2024-06-17T14:53:58+00:00,مثبت,0.79,محصول,محصول
ژل شستشوی صورت مرطوب کننده و ضد آلودگی هوا مناسب پوست چرب حجم 200 میلی لیتر,https://www.khanoumi.com/products/cinere-anti-pollution-daily-face-wash-19406,من پوستمم مختلط هست و برای بار دوم سفارشش دادم  خیلی خوبه,0,true,2024-06-16T17:50:38+00:00,مثبت,0.91,محصول,محصول
ژل شستشوی صورت مرطوب کننده و ضد آلودگی هوا مناسب پوست چرب حجم 200 میلی لیتر,https://www.khanoumi.com/products/cinere-anti-pollution-daily-face-wash-19406,عالیییییییییی,0,true,2024-06-15T12:57:18+00:00,مثبت,0.67,سایر,سایر
ژل شستشوی صورت مرطوب کننده و ضد آلودگی هوا مناسب پوست چرب حجم 200 میلی لیتر,https://www.khanoumi.com/products/cinere-anti-pollution-daily-face-wash-19406,خیلی خوبه بعد شستشو احساس سبکی میکنی ,0,true,2024-06-11T16:01:58+00:00,مثبت,0.91,سایر,سایر
ژل شستشوی صورت مرطوب کننده و ضد آلودگی هوا مناسب پوست چرب حجم 200 میلی لیتر,https://www.khanoumi.com/products/cinere-anti-pollution-daily-face-wash-19406,من اینو موقعی که خانمی شانس گزاشته بودن یکی بخردوتا ببر خریدم عالیه من راضیم,0,true,2024-06-11T13:38:45+00:00,مثبت,0.95,محصول,محصول
ژل شستشوی صورت مرطوب کننده و ضد آلودگی هوا مناسب پوست چرب حجم 200 میلی لیتر,https://www.khanoumi.com/products/cinere-anti-pollution-daily-face-wash-19406,من به اکثر شوینده های صورت حساسیت میدم و با اینکه پوستم چربه وقتی میزنمشون خشک و قرمز میشه و تا چندروز حالت اگزما پیدا میکنم اما این شوینده خیلی خوب بود و تمیزگنندگی خوبی هم داشت اگر قرار باشه بازم شوینده بخرم اینو میخرم برای کسایی که لایسل استفاده کردن بدونن بافتش یکم شبیه اونه,0,true,2024-06-10T01:28:32+00:00,ترکیبی,0.92,محصول,محصول
ژل شستشوی صورت مرطوب کننده و ضد آلودگی هوا مناسب پوست چرب حجم 200 میلی لیتر,https://www.khanoumi.com/products/cinere-anti-pollution-daily-face-wash-19406,راضیم ازش قدرت پاک کنندگی خوبی داره ,0,true,2024-06-10T01:09:54+00:00,مثبت,0.91,سایر,سایر
ژل شستشوی صورت مرطوب کننده و ضد آلودگی هوا مناسب پوست چرب حجم 200 میلی لیتر,https://www.khanoumi.com/products/cinere-anti-pollution-daily-face-wash-19406,این سری دوم هست که سفارش دادم از هر لحاظ عالیه قدرت تمیزکنندگی بالایی داره پوست بعدش جمع و خشک نمیشه ,0,true,2024-05-29T14:58:16+00:00,مثبت,0.79,محصول,محصول
ژل شستشوی صورت مرطوب کننده و ضد آلودگی هوا مناسب پوست چرب حجم 200 میلی لیتر,https://www.khanoumi.com/products/cinere-anti-pollution-daily-face-wash-19406,پاک کنندگی خوبی داره فقط بعدازشستشو صورت خیلی خشک و احساس کشیدگی داره وحتما باید مرطوب کننده زد,0,true,2024-05-27T16:29:34+00:00,مثبت,0.67,سایر,سایر
ژل شستشوی صورت مرطوب کننده و ضد آلودگی هوا مناسب پوست چرب حجم 200 میلی لیتر,https://www.khanoumi.com/products/cinere-anti-pollution-daily-face-wash-19406,"خیلی خوبه دوبار تمدیدش کردم
برای پوست چرب عالیه",0,true,2024-05-26T16:23:15+00:00,مثبت,0.95,محصول,محصول
ژل شستشوی صورت مرطوب کننده و ضد آلودگی هوا مناسب پوست چرب حجم 200 میلی لیتر,https://www.khanoumi.com/products/cinere-anti-pollution-daily-face-wash-19406,از لحاظ. تمیز شدن پوست خوب تمیز میکنه حالت کشیدگی نداشت به نشبت قیمت ارزش خرید داره,0,false,2024-05-23T11:58:51+00:00,مثبت,0.79,قیمت | محصول,قیمت
ژل شستشوی صورت مرطوب کننده و ضد آلودگی هوا مناسب پوست چرب حجم 200 میلی لیتر,https://www.khanoumi.com/products/cinere-anti-pollution-daily-face-wash-19406,پوست من چربه ولی این شوینده سینره پوستمو خیلی خشک میکنه و حالت کشیدکی به پوستم میده. وپوستم جوش میزنه,0,true,2024-05-20T20:02:57+00:00,خنثی,0.35,محصول,محصول
ژل شستشوی صورت مرطوب کننده و ضد آلودگی هوا مناسب پوست چرب حجم 200 میلی لیتر,https://www.khanoumi.com/products/cinere-anti-pollution-daily-face-wash-19406,بسته بندی خیلی خوب...و مدتش هم خیلی کمتر شد تا برسه دستم واقعا ممنونم ,0,true,2024-05-20T15:25:46+00:00,مثبت,0.91,تحویل و ارسال,تحویل و ارسال
ژل شستشوی صورت مرطوب کننده و ضد آلودگی هوا مناسب پوست چرب حجم 200 میلی لیتر,https://www.khanoumi.com/products/cinere-anti-pollution-daily-face-wash-19406,واقعا محصول خوبیه نسبت به قیمتش و رقباش. پاک کنندگیش رضایت بخشه و پوستو خشک نمیکنه. ,0,false,2024-05-19T21:46:33+00:00,مثبت,0.67,محصول | قیمت,محصول
ژل شستشوی صورت مرطوب کننده و ضد آلودگی هوا مناسب پوست چرب حجم 200 میلی لیتر,https://www.khanoumi.com/products/cinere-anti-pollution-daily-face-wash-19406,واسه پوست چرب عالیه ممنونم از بسته بندی خوبتون,0,true,2024-05-19T00:21:39+00:00,مثبت,0.95,تحویل و ارسال | محصول,تحویل و ارسال
ژل شستشوی صورت مرطوب کننده و ضد آلودگی هوا مناسب پوست چرب حجم 200 میلی لیتر,https://www.khanoumi.com/products/cinere-anti-pollution-daily-face-wash-19406,وقتی استفاده میکنم جوش میزنم ..,0,false,2024-05-16T10:44:29+00:00,خنثی,0.35,سایر,سایر
اسپری مو آرگان حاوی پروتئین ابریشم مناسب مو خشک و آسیب دیده حجم 100 میلی لیتر,https://www.khanoumi.com/products/echos-argan-silk-spray-19412,خیلی خوبه مورو چرب نمیکنه اما بوش زیاد جالب نیست ,5,true,2018-11-25T19:54:18.6766667+00:00,مثبت,0.91,محصول,محصول
اسپری مو آرگان حاوی پروتئین ابریشم مناسب مو خشک و آسیب دیده حجم 100 میلی لیتر,https://www.khanoumi.com/products/echos-argan-silk-spray-19412,سلام. تخفیف رمضان چی شد پس؟,7,false,2018-05-23T19:55:35.9366667+00:00,خنثی,0.35,قیمت,قیمت
سرم مو آرگان مناسب انواع مو حجم 150 میلی لیتر,https://www.khanoumi.com/products/echos-argan-fluid-19413,روغن آرگان یکی از بهترین روغن های گیاهی برای تقویت مو است که در بسیاری از محصولات مرتبط استفاده می شود. سرم مو اچ اس علاوه بر آرگان دارای کراتین و پروتئین نیز هست به همین دلیل می تواند نیازهای مو شما را به خوبی تأمین کند. این محصول دارای خاصیت آبرسانی است به همین دلیل از خشکی موهای شما جلوگیری می کند. همچنین با استفاده از این محصول شما به تقویت و ترمیم موهای خود کمک می کنید. ,0,false,2022-11-13T08:33:23+00:00,مثبت,0.79,محصول,محصول
سرم مو آرگان مناسب انواع مو حجم 150 میلی لیتر,https://www.khanoumi.com/products/echos-argan-fluid-19413,اين روغن عاليههههه😍,8,true,2020-09-05T23:52:55+00:00,مثبت,0.79,سایر,سایر
سرم مو آرگان مناسب انواع مو حجم 150 میلی لیتر,https://www.khanoumi.com/products/echos-argan-fluid-19413,لطفا دوباره این محصول رو موجود کنید.,25,false,2018-12-22T15:56:16.4833333+00:00,خنثی,0.35,محصول,محصول
ماسک مو تثبیت رنگ مو مناسب مو رنگ و دکلره شده حجم 500 میلی لیتر,https://www.khanoumi.com/products/echos-kromatik-mask-19415,"موهاي من رنگ شدس اما ،البته رنگ خيلى تيره 
اين ماسك مناسبه يا ماسك ديگه اى از اين برند؟!",10,false,2018-07-10T08:27:14.5033333+00:00,خنثی,0.35,محصول,محصول
ماسک مو آبرسان و ترمیم کننده مناسب مو آسیب دیده حجم 1000 میلی لیتر,https://www.khanoumi.com/products/echos-r-mask-19416,ه این مدل ماسک اچ اس خیلی ماسک خوبی هستش.,3,false,2020-05-18T12:12:54+00:00,مثبت,0.67,سایر,سایر
ماسک مو آبرسان و ترمیم کننده مناسب مو آسیب دیده حجم 1000 میلی لیتر,https://www.khanoumi.com/products/echos-r-mask-19416,برای من که موهای وز دارم عالی بوده,1,true,2020-05-09T16:35:52+00:00,مثبت,0.79,محصول,محصول
ماسک مو آبرسان و ترمیم کننده مناسب مو آسیب دیده حجم 1000 میلی لیتر,https://www.khanoumi.com/products/echos-r-mask-19416,"خیلی راضی ام از این ماسک 
برخلاف بقیه آبرسان ها که برعکس مو رو خشک می‌کنه این واقعا هم مو رو نرم می‌کنه هم خوش بو و موهام حتی بعد خشک کردن کمتر گره میخوره ",4,true,2019-10-21T18:03:02+00:00,مثبت,0.79,محصول,محصول
ماسک مو آبرسان و ترمیم کننده مناسب مو آسیب دیده حجم 1000 میلی لیتر,https://www.khanoumi.com/products/echos-r-mask-19416,سلام. مواد این ماسک با همون ماسک موی آبرسان عمیق 500گرمی یکسان ,5,false,2019-10-05T17:27:04+00:00,خنثی,0.35,محصول,محصول
ماسک مو آبرسان و ترمیم کننده مناسب مو آسیب دیده حجم 1000 میلی لیتر,https://www.khanoumi.com/products/echos-r-mask-19416,Aliiii,1,false,2019-10-04T12:42:23+00:00,خنثی,0.35,سایر,سایر
ماسک مو آبرسان و ترمیم کننده مناسب مو آسیب دیده حجم 1000 میلی لیتر,https://www.khanoumi.com/products/echos-r-mask-19416,"ایا این ماسک برای موهای کراتین شده مناسبه؟ لطفا یه ماسک و شامپوی موی مناسب موهای کراتین شده معرفی کنید
",8,false,2019-05-05T12:26:47.7633333+00:00,خنثی,0.35,محصول,محصول
ماسک مو آبرسان و ترمیم کننده مناسب مو آسیب دیده حجم 1000 میلی لیتر,https://www.khanoumi.com/products/echos-r-mask-19416,لطفا تخفیف بیشتری بدین,58,false,2019-04-08T13:41:07.7133333+00:00,منفی,0.67,قیمت,قیمت
ماسک مو آبرسان و ترمیم کننده مناسب مو آسیب دیده حجم 1000 میلی لیتر,https://www.khanoumi.com/products/echos-r-mask-19416,سلام وقت بخیر بین این ماسک و seliar keratin کدوم بهتره؟؟؟,7,false,2019-02-24T14:30:52.5766667+00:00,خنثی,0.35,سایر,سایر
ماسک مو آبرسان و ترمیم کننده مناسب مو آسیب دیده حجم 1000 میلی لیتر,https://www.khanoumi.com/products/echos-r-mask-19416,سایز کوچکتر این ماسک نیس چرا؟۵۰۰ میل,14,false,2018-12-15T23:48:04.86+00:00,خنثی,0.35,محصول,محصول
ماسک مو آبرسان و ترمیم کننده مناسب مو آسیب دیده حجم 1000 میلی لیتر,https://www.khanoumi.com/products/echos-r-mask-19416,اقا اینو یه تخفیف درست حسابی بذاریدخب😕,54,false,2018-11-19T16:22:42.52+00:00,خنثی,0.35,قیمت,قیمت
ماسک مو آبرسان و ترمیم کننده مناسب مو آسیب دیده حجم 1000 میلی لیتر,https://www.khanoumi.com/products/echos-r-mask-19416,چرا تخفیف ماسک مو رو نمی زارید,35,true,2018-08-30T00:30:20.9933333+00:00,خنثی,0.35,محصول | قیمت,محصول
ماسک مو آبرسان و ترمیم کننده مناسب مو آسیب دیده حجم 1000 میلی لیتر,https://www.khanoumi.com/products/echos-r-mask-19416,نوشته ارسال رایگان ولی واسه خرید هزینه ارسال گرفت.,3,true,2018-08-23T22:09:28.4733333+00:00,خنثی,0.35,تحویل و ارسال | قیمت,تحویل و ارسال
ژل شستشوی صورت مرطوب کننده و ضد آلودگی هوا مناسب پوست چرب حجم 200 میلی لیتر,https://www.khanoumi.com/products/cinere-anti-pollution-daily-face-wash-19406,نسبت به قیمت خوبه,0,true,2024-05-10T08:50:41+00:00,مثبت,0.79,قیمت,قیمت
ژل شستشوی صورت مرطوب کننده و ضد آلودگی هوا مناسب پوست چرب حجم 200 میلی لیتر,https://www.khanoumi.com/products/cinere-anti-pollution-daily-face-wash-19406,شوینده خوبیه و چربی پوستو تنظیم میکنه من 4 ساله که دارم استفاده میکنم از این محصول,0,true,2024-05-08T14:24:14+00:00,مثبت,0.67,محصول,محصول
ژل شستشوی صورت مرطوب کننده و ضد آلودگی هوا مناسب پوست چرب حجم 200 میلی لیتر,https://www.khanoumi.com/products/cinere-anti-pollution-daily-face-wash-19406,شوینده خوبیه و چربی پوستو تنظیم میکنه من 4 ساله که دارم استفاده میکنم از این محصول,0,true,2024-05-08T14:23:24+00:00,مثبت,0.67,محصول,محصول
ژل شستشوی صورت مرطوب کننده و ضد آلودگی هوا مناسب پوست چرب حجم 200 میلی لیتر,https://www.khanoumi.com/products/cinere-anti-pollution-daily-face-wash-19406,امروز به دستم رسید این محصول واقعا فوق العادس و مرسی بابت بسته بندی  فوق العاده خوب و اشانتیون داخل بسته و تحویل ب موقع ی شما ,0,true,2024-05-07T21:54:23+00:00,مثبت,0.91,تحویل و ارسال | محصول,تحویل و ارسال
ژل شستشوی صورت مرطوب کننده و ضد آلودگی هوا مناسب پوست چرب حجم 200 میلی لیتر,https://www.khanoumi.com/products/cinere-anti-pollution-daily-face-wash-19406,من قبلا از برندهای دیگه استفاده کردم و اینو برای تست خریدم و دیگه نمیخرم چون پوستمو که چرب هم هست خیلیییی خشک میکنه ,0,true,2024-05-06T16:47:37+00:00,خنثی,0.35,محصول,محصول
ژل شستشوی صورت مرطوب کننده و ضد آلودگی هوا مناسب پوست چرب حجم 200 میلی لیتر,https://www.khanoumi.com/products/cinere-anti-pollution-daily-face-wash-19406,خیلی عالی من خیلی سال دارم ازش استفاده واقعا راضی هستم پوستم چربه ولی کاش تخفیف میزارید حداقل خریدو سه تا بزارید باتشکر,0,true,2024-05-02T02:29:36+00:00,مثبت,0.79,محصول | قیمت,محصول
ژل شستشوی صورت مرطوب کننده و ضد آلودگی هوا مناسب پوست چرب حجم 200 میلی لیتر,https://www.khanoumi.com/products/cinere-anti-pollution-daily-face-wash-19406,بد نیست. پوستو خوب تمیز میکنه. بوی خوبی هم داره. ولی خیلی سخت از روی پوست پاک میشه. خیلی باید آبکشی کرد وگرنه کف روی پوست باقی میمونه.,0,true,2024-04-30T23:13:36+00:00,مثبت,0.67,محصول,محصول
ژل شستشوی صورت مرطوب کننده و ضد آلودگی هوا مناسب پوست چرب حجم 200 میلی لیتر,https://www.khanoumi.com/products/cinere-anti-pollution-daily-face-wash-19406,عالیه توصیه میکنم,0,true,2024-04-27T20:38:56+00:00,مثبت,0.95,سایر,سایر
ژل شستشوی صورت مرطوب کننده و ضد آلودگی هوا مناسب پوست چرب حجم 200 میلی لیتر,https://www.khanoumi.com/products/cinere-anti-pollution-daily-face-wash-19406,"یکی از بهترین شوینده های پوست چرب هستش، من پوست مختلط دارم بسیار عالیه هم بوی خوبی داره هم تو دراز مدت باعث کاهشش جوشایی که ریز و سفیدن بخاطر چربی صورته میشه من سالهاست استفاده میکنم و راضیم
",0,true,2024-04-24T21:24:09+00:00,مثبت,0.95,محصول,محصول
ژل شستشوی صورت مرطوب کننده و ضد آلودگی هوا مناسب پوست چرب حجم 200 میلی لیتر,https://www.khanoumi.com/products/cinere-anti-pollution-daily-face-wash-19406,عالیه برای پوست چرب ، از وقتی استفاده میکنم خیلی به ندرت جوش میزنم اونم در حد دوتا .,0,true,2024-04-24T00:10:08+00:00,مثبت,0.79,محصول,محصول
ژل شستشوی صورت مرطوب کننده و ضد آلودگی هوا مناسب پوست چرب حجم 200 میلی لیتر,https://www.khanoumi.com/products/cinere-anti-pollution-daily-face-wash-19406,بی شک بهترین ژل شست و شوی صورت برای پوستهای چرب همینه ,0,true,2024-04-23T16:37:07+00:00,مثبت,0.67,محصول,محصول
ژل شستشوی صورت مرطوب کننده و ضد آلودگی هوا مناسب پوست چرب حجم 200 میلی لیتر,https://www.khanoumi.com/products/cinere-anti-pollution-daily-face-wash-19406,راضی بودم کامل آلودگی و آرایش پوستمو پاک میکنه ,0,true,2024-04-21T17:02:02+00:00,مثبت,0.67,محصول,محصول
ژل شستشوی صورت مرطوب کننده و ضد آلودگی هوا مناسب پوست چرب حجم 200 میلی لیتر,https://www.khanoumi.com/products/cinere-anti-pollution-daily-face-wash-19406,سالهاست استفاده میکنم و عالیه .پوستم چربه و عالی تمیز میشه,0,true,2024-04-17T15:09:39+00:00,مثبت,0.91,محصول,محصول
ژل شستشوی صورت مرطوب کننده و ضد آلودگی هوا مناسب پوست چرب حجم 200 میلی لیتر,https://www.khanoumi.com/products/cinere-anti-pollution-daily-face-wash-19406,هر شوینده ای میخرم برمیگردم به همین،برای من عالی بوده,0,false,2024-04-12T00:24:45+00:00,مثبت,0.79,محصول,محصول
ژل شستشوی صورت مرطوب کننده و ضد آلودگی هوا مناسب پوست چرب حجم 200 میلی لیتر,https://www.khanoumi.com/products/cinere-anti-pollution-daily-face-wash-19406, برای پوست معمولی خوبه بنظرم  شوینده روزانه خوبه ولی آرایش شاید خیلی قوی نباشه,0,false,2024-04-08T23:29:01+00:00,مثبت,0.95,محصول,محصول
ژل شستشوی صورت مرطوب کننده و ضد آلودگی هوا مناسب پوست چرب حجم 200 میلی لیتر,https://www.khanoumi.com/products/cinere-anti-pollution-daily-face-wash-19406,نسبت به قیمت حجم و پاک کنندگی مناسبی داره برای کسایی که مصرف روزانه استفاده میکنن و ارایش سنگینی ندارن مناسبه ,0,true,2024-04-08T14:18:49+00:00,خنثی,0.35,محصول | قیمت,محصول
ژل شستشوی صورت مرطوب کننده و ضد آلودگی هوا مناسب پوست چرب حجم 200 میلی لیتر,https://www.khanoumi.com/products/cinere-anti-pollution-daily-face-wash-19406,"میتونم به جرعت بگم بهترین فیس واشی هستش که استفاده کردم و سالهاست که مصرف میکنم از زمانی که قیمتش بیست تومن بود
خیلی خوبه برای پوستای چرب و مستعد جوش",0,true,2024-04-08T11:11:51+00:00,مثبت,0.95,محصول | قیمت,محصول
ژل شستشوی صورت مرطوب کننده و ضد آلودگی هوا مناسب پوست چرب حجم 200 میلی لیتر,https://www.khanoumi.com/products/cinere-anti-pollution-daily-face-wash-19406,من پوستم چربه، و این شوینده خیلی خوب چربی پوستمو کنترل میکنه و دهیدراته اش هم نمیکنه، خیلی راضیم، پاک کنندگیشم متوسط روبه بالاست,0,true,2024-04-08T11:03:29+00:00,خنثی,0.35,محصول,محصول
ژل شستشوی صورت مرطوب کننده و ضد آلودگی هوا مناسب پوست چرب حجم 200 میلی لیتر,https://www.khanoumi.com/products/cinere-anti-pollution-daily-face-wash-19406,"پوست رو زیادی خشک میکنه 
اصلا کف زیادی نمیکنه خیلی حس خوبی نداره 
درکل خیلی راصی نیستم",0,true,2024-04-08T01:26:03+00:00,خنثی,0.35,محصول | اصل بودن کالا,محصول
ژل شستشوی صورت مرطوب کننده و ضد آلودگی هوا مناسب پوست چرب حجم 200 میلی لیتر,https://www.khanoumi.com/products/cinere-anti-pollution-daily-face-wash-19406,فیس واش معمولیه در کل . قدرت پاک کنندگی معمولی. تقریبا ملایم اما شاید کمی در بعضی افراد باعث خشکی بشه و حالت کشیدگی پوست بهشون دست بده.  برای خود من فقط بعضی وقتا اینطوری میشد . بوی عطری و خوبی هم داره.,0,true,2024-04-07T10:03:22+00:00,ترکیبی,0.79,محصول,محصول
ژل شستشوی صورت مرطوب کننده و ضد آلودگی هوا مناسب پوست چرب حجم 200 میلی لیتر,https://www.khanoumi.com/products/cinere-anti-pollution-daily-face-wash-19406,ازنظر من خیلی جالب نبود، بیش از اندازه پوستمو خشک میکرد،،با اینک پوستم چربه ،شاید بخاطر قدرت پاک کنندگی بالاشه.,0,false,2024-04-03T18:55:25+00:00,خنثی,0.35,محصول,محصول
ژل شستشوی صورت مرطوب کننده و ضد آلودگی هوا مناسب پوست چرب حجم 200 میلی لیتر,https://www.khanoumi.com/products/cinere-anti-pollution-daily-face-wash-19406,لطفا برای پوست خشک هم بیارید با تخفیف البته,0,false,2024-03-28T03:56:39+00:00,خنثی,0.35,محصول | قیمت,محصول
ژل شستشوی صورت مرطوب کننده و ضد آلودگی هوا مناسب پوست چرب حجم 200 میلی لیتر,https://www.khanoumi.com/products/cinere-anti-pollution-daily-face-wash-19406,خوبه فقط کاش بسته بندی بهتری داشته باشه فقط یه سلفون دورش پیچیده شد که باعث شد مقداری از ژل ریخته بشه ,0,true,2024-03-27T13:41:54+00:00,مثبت,0.79,تحویل و ارسال,تحویل و ارسال
ژل شستشوی صورت مرطوب کننده و ضد آلودگی هوا مناسب پوست چرب حجم 200 میلی لیتر,https://www.khanoumi.com/products/cinere-anti-pollution-daily-face-wash-19406,کیفیت خوب قیمت مناسب پوست رو خشک نمیکنه,0,true,2024-03-16T10:53:40+00:00,مثبت,0.79,محصول | قیمت,محصول
ژل شستشوی صورت مرطوب کننده و ضد آلودگی هوا مناسب پوست چرب حجم 200 میلی لیتر,https://www.khanoumi.com/products/cinere-anti-pollution-daily-face-wash-19406,عالی حرف نداره ,0,true,2024-03-15T13:56:42+00:00,منفی,0.67,سایر,سایر
ژل شستشوی صورت مرطوب کننده و ضد آلودگی هوا مناسب پوست چرب حجم 200 میلی لیتر,https://www.khanoumi.com/products/cinere-anti-pollution-daily-face-wash-19406,نسبت به قیمتش عالیه من چیز بدی ندیدم ازش.,0,true,2024-03-06T09:55:39+00:00,ترکیبی,0.74,قیمت,قیمت
ژل شستشوی صورت مرطوب کننده و ضد آلودگی هوا مناسب پوست چرب حجم 200 میلی لیتر,https://www.khanoumi.com/products/cinere-anti-pollution-daily-face-wash-19406,"عالیه 
صورتم رو کاملا تمیز می کنه و بعد از شستناحساس کشیدگی و خشکشدن پوست رو ندارم.",0,true,2024-03-03T01:38:36+00:00,مثبت,0.79,محصول,محصول
ژل شستشوی صورت مرطوب کننده و ضد آلودگی هوا مناسب پوست چرب حجم 200 میلی لیتر,https://www.khanoumi.com/products/cinere-anti-pollution-daily-face-wash-19406,واقعا چرا باید توی دو روز تخفیفات هی کمتر و کمتر بشن؟؟,0,true,2024-02-14T16:18:06+00:00,خنثی,0.35,قیمت,قیمت
ژل شستشوی صورت مرطوب کننده و ضد آلودگی هوا مناسب پوست چرب حجم 200 میلی لیتر,https://www.khanoumi.com/products/cinere-anti-pollution-daily-face-wash-19406,من بار دومه که ژل شست و شوی صورت سینره رو میخرم. واقعا عالیه. هم ملایمه هم باهاش جوش نزدم هم پاک کنندگی خوبی داره. صورتمو خشک و پوسته پوسته هم نمیکنه.البته از خانومی اینو نخریده بودم ولی بهرحال از خریدش راضیم,0,false,2024-02-05T00:40:03+00:00,مثبت,0.95,محصول,محصول
ژل شستشوی صورت مرطوب کننده و ضد آلودگی هوا مناسب پوست چرب حجم 200 میلی لیتر,https://www.khanoumi.com/products/cinere-anti-pollution-daily-face-wash-19406,تو خریدش شک نکنین.واقعا عالیه من یه ساله دارم استفاده میکنم.دیشب هم تو شانس خریدمو کامل کردم.,0,true,2024-01-15T15:12:46+00:00,مثبت,0.79,محصول,محصول
ژل شستشوی صورت مرطوب کننده و ضد آلودگی هوا مناسب پوست چرب حجم 200 میلی لیتر,https://www.khanoumi.com/products/cinere-anti-pollution-daily-face-wash-19406,"تو خریدش هیچوقت تردید نکنید.
بار دومم هست شارژ میکنم، مطالعات نشون داده پاک کننده های صورت ، مو و بدن بهتره حالت کف کننده نداشته باشند یا حداقل کف تولید کنند ، 
این ژل تولید کف نمیکنه و از همه مهمتر کمترین میزان حساسیت رو نشون داده ، پس از شسشتو موجب خشک شدن پوست نمیشه ، من این ژل رو به همراه تونر اکتیویت ویتالیر توصیه میکنم ",0,true,2024-01-14T16:59:50+00:00,ترکیبی,0.79,محصول,محصول
ژل شستشوی صورت مرطوب کننده و ضد آلودگی هوا مناسب پوست چرب حجم 200 میلی لیتر,https://www.khanoumi.com/products/cinere-anti-pollution-daily-face-wash-19406,خیلی پاک کنندگیش عالیه ولی قیمتش خیلی بالاس.تو دیجی کالا زده 89 .لطفا تخفیف بیشتر بزارین.من تاحالا 4 تا سفارش دادم.منتظر تخفیفم.ممنون خانمی,0,true,2023-12-26T03:03:41+00:00,مثبت,0.67,قیمت,قیمت
ژل شستشوی صورت مرطوب کننده و ضد آلودگی هوا مناسب پوست چرب حجم 200 میلی لیتر,https://www.khanoumi.com/products/cinere-anti-pollution-daily-face-wash-19406,توروخدا دوباره تخفیف رو بذارید,0,true,2023-12-22T01:14:50+00:00,خنثی,0.35,قیمت,قیمت
ژل شستشوی صورت مرطوب کننده و ضد آلودگی هوا مناسب پوست چرب حجم 200 میلی لیتر,https://www.khanoumi.com/products/cinere-anti-pollution-daily-face-wash-19406,خیلی عالیه پاک کنندگیش.مخصوصا منکه پوستم چربه.واقعا راضی بودم.تاحالا سه تا گرفتم .الانم چهارمی رو سفارش دادم.ممنون از خانمی,0,true,2023-12-15T00:57:38+00:00,مثبت,0.79,محصول,محصول
ژل شستشوی صورت مرطوب کننده و ضد آلودگی هوا مناسب پوست چرب حجم 200 میلی لیتر,https://www.khanoumi.com/products/cinere-anti-pollution-daily-face-wash-19406,جوشهامو کنترل نکرد حتی باعث ایجاد جوش هم شد ، قدرت پاک کنندگی اش پایینه و خیلی ملایم   من که پوستم چرب و مختلطه ازش راضی نبودم  ,0,false,2023-11-10T10:52:42+00:00,منفی,0.67,محصول,محصول
ژل شستشوی صورت مرطوب کننده و ضد آلودگی هوا مناسب پوست چرب حجم 200 میلی لیتر,https://www.khanoumi.com/products/cinere-anti-pollution-daily-face-wash-19406,"خیلی راضی ام پوست رو کامل تمیز میکنه 
برای استفاده روزانه عالیه پیشنادم اینه دوبار در طول روز استفاده بشه بعدش حتما ابرسان بزنید یکم حس کشیدگی و خشکی میده به پوست که طبیعیه پوست رو چند درجه روشن میکنه",0,true,2023-10-06T19:50:35+00:00,مثبت,0.95,محصول,محصول
ژل شستشوی صورت مرطوب کننده و ضد آلودگی هوا مناسب پوست چرب حجم 200 میلی لیتر,https://www.khanoumi.com/products/cinere-anti-pollution-daily-face-wash-19406,"من با توجه به نظرات این محصول تهیه کردم و الان میخوام نظر خودمو بگم تا بقیه استفاده کنن
رو پوست من که مخطلط هست احساس کشیدگی نمیکنم
پوست رو تمیز میکنه و بوی معمولی داره ولی مال من درش انگار گیر داشت و اذیت شدم مجبور شدم تو ظرف شوینده قبلیم بزارم",2,true,2023-09-04T12:46:17+00:00,خنثی,0.35,محصول,محصول
ژل شستشوی صورت مرطوب کننده و ضد آلودگی هوا مناسب پوست چرب حجم 200 میلی لیتر,https://www.khanoumi.com/products/cinere-anti-pollution-daily-face-wash-19406,عالیهههه.قدرت پاک کنندیش عالیهو همچنین پوستو خشک نمیکنه,1,true,2023-09-02T19:38:34+00:00,مثبت,0.95,محصول,محصول
ژل شستشوی صورت مرطوب کننده و ضد آلودگی هوا مناسب پوست چرب حجم 200 میلی لیتر,https://www.khanoumi.com/products/cinere-anti-pollution-daily-face-wash-19406,"پوست من مختلطه و تو تابستون چرب و تو زمستون خشکه من این شوینده رو تو تابستون استفاده میکردم و پاک کنندگیش خوبه ولی گاهی اوقات باید دوبار میشستم تا کامل پاک میکرد 
بعد استفاده پوست خشک نمیشه ولی بعد از دوسه ساعت دوباره چرب میشد و نمیتونست چربی رو کنترک کنه
روی جوش ها تاثیری نداشت اوایل یکم بیشتر شد جوشهای صورتم ولی بعد از استفاده مداوم دوباره مثل قبل شد
بوی چای سبز حس خوب و سالمی میداد",3,false,2023-09-01T19:07:11+00:00,مثبت,0.91,محصول,محصول
