نام محصول,لینک محصول,متن کامنت,تعداد لایک,خریدار,تاریخ ثبت,احساس نظر,اطمینان احساس,دسته‌بندی‌ها,دسته اصلی
ضد آفتاب بدون رنگ اس پی اف 50 مناسب پوست های خشک تا نرمال 50میل,https://www.khanoumi.com/products/schon-sunscreen-16638,چرب و براقه یکم، در کل با تخفیف خوبه تخفیف رو مجددا بذارید ، با تخفیف تا مبلغ 80 تومان که گذاشته بودید لطفا مجددا بذارید که سبد خرید رو تکمیل کنم,0,true,2025-02-19T10:27:54.984051+00:00,ترکیبی,0.74,قیمت | محصول,قیمت
ضد آفتاب بدون رنگ اس پی اف 50 مناسب پوست های خشک تا نرمال 50میل,https://www.khanoumi.com/products/schon-sunscreen-16638,خیلی چرب و براق مبکنه,0,true,2024-10-22T09:06:01.3597044+00:00,خنثی,0.35,سایر,سایر
ضد آفتاب بدون رنگ اس پی اف 50 مناسب پوست های خشک تا نرمال 50میل,https://www.khanoumi.com/products/schon-sunscreen-16638,برای منی که پوستم مختلطه اصلا چرب نشد صورتم و بعد چند دقیقه کامل جذب صورتم شد عالیه,0,false,2024-07-27T13:52:49+00:00,مثبت,0.67,محصول | اصل بودن کالا,محصول
ضد آفتاب بدون رنگ اس پی اف 50 مناسب پوست های خشک تا نرمال 50میل,https://www.khanoumi.com/products/schon-sunscreen-16638,خیلی چربی و باعث جوش زدن میشه رد سفیدیش هم روی پوست میمونه,0,true,2024-06-05T11:48:29+00:00,خنثی,0.35,محصول,محصول
ضد آفتاب بدون رنگ اس پی اف 50 مناسب پوست های خشک تا نرمال 50میل,https://www.khanoumi.com/products/schon-sunscreen-16638,باتوجه به قیمتش کارایی خوبی داره، ولی دیر جذب میشه، چربه و تعریق داشته باشی رد سفیدی میذاره. چشم رو میسوزه اگر تعریق کنید یا صورتتونو بشورید. خیلی نزدیک چشم هانزنید. ولی بوی خوبی داره، مرطوب کنندگی داره و نمیذاره پوست خشک بشه و همچنین قیمتشم و حجمش مناسبه.,1,false,2022-11-27T05:56:20+00:00,مثبت,0.79,محصول | قیمت,محصول
ضد آفتاب بدون رنگ اس پی اف 50 مناسب پوست های خشک تا نرمال 50میل,https://www.khanoumi.com/products/schon-sunscreen-16638,من ازش خوشم نیومد چون موقعی که صورت عرق می‌کرد یا یه ذره آب به صورت میخورد یه رد سفیدی باقی میزاشت ولی بافتش خوب و پخش کردنش آسون بود ,6,false,2021-11-15T19:16:23+00:00,مثبت,0.67,محصول,محصول
ضد آفتاب بدون رنگ اس پی اف 50 مناسب پوست های خشک تا نرمال 50میل,https://www.khanoumi.com/products/schon-sunscreen-16638,خیلی عالیه من یه ساله دارم استفاده میکنم واقعاازش راضیم,5,false,2021-07-20T14:50:31+00:00,مثبت,0.95,سایر,سایر
ضد آفتاب بدون رنگ اس پی اف 50 مناسب پوست های خشک تا نرمال 50میل,https://www.khanoumi.com/products/schon-sunscreen-16638," بشدت سنگین روی پوست و مثل گچ میمونه.
",14,false,2020-09-06T21:08:48+00:00,خنثی,0.35,محصول,محصول
ضد آفتاب بدون رنگ اس پی اف 50 مناسب پوست های خشک تا نرمال 50میل,https://www.khanoumi.com/products/schon-sunscreen-16638, چرپ و سنگین وسفید هست روی صورت.اصلا نمیشه مقداردکافی زد.اصلا توصیه نمیکنم.,11,false,2020-07-16T15:12:06+00:00,منفی,0.91,اصل بودن کالا,اصل بودن کالا
ضد آفتاب بدون رنگ اس پی اف 50 مناسب پوست های خشک تا نرمال 50میل,https://www.khanoumi.com/products/schon-sunscreen-16638,من برای دستم استفاده میکنم و واقعا عالیه و راضی ام چون دستام به نور آفتاب حساسیت داره و شدیدا به خارش میفته در حدی که ازش خون میاد ولی این ضدآفتاب خیلی خوب بود نسبت به همه محصولاتی که تا حالا استفاده کردم.,9,true,2020-06-22T11:37:33+00:00,مثبت,0.95,محصول,محصول
ضد آفتاب بدون رنگ اس پی اف 50 مناسب پوست های خشک تا نرمال 50میل,https://www.khanoumi.com/products/schon-sunscreen-16638,به شدت پوست رو سفید و بدشکل میکنه👎🏻,4,true,2019-11-29T14:46:36+00:00,منفی,0.67,محصول,محصول
ضد آفتاب بدون رنگ اس پی اف 50 مناسب پوست های خشک تا نرمال 50میل,https://www.khanoumi.com/products/schon-sunscreen-16638,من رنگ پوستم خیلی روشنه و این محصول بدی که داره اینکه پوستو خیلی روشن میکنه و من مثل عروس های ژاپنی میشد پوستم و یکی دو بار که زدم دیگه نزدم,3,false,2019-11-23T12:08:15+00:00,منفی,0.67,محصول,محصول
ضد آفتاب بدون رنگ اس پی اف 50 مناسب پوست های خشک تا نرمال 50میل,https://www.khanoumi.com/products/schon-sunscreen-16638,خیلی سبک و خوب بود. من هرکرمی رو روی صورتم نمیتونم تحمل کنم ولی این اصلا حس نمیشه (پوست من خشکه),3,false,2019-05-31T15:47:14.7766667+00:00,مثبت,0.67,محصول | اصل بودن کالا,محصول
ضد آفتاب بدون رنگ اس پی اف 50 مناسب پوست های خشک تا نرمال 50میل,https://www.khanoumi.com/products/schon-sunscreen-16638,خیلی خوبه ، من راضیم ازش,14,true,2018-04-12T12:15:49.86+00:00,مثبت,0.95,سایر,سایر
ضد آفتاب بدون رنگ فاقد چربی اس پی اف 50,https://www.khanoumi.com/products/schon-oil-free-sunscreen-16639,ضد آفتاب خوبیه سالم و پلمپ بدستم رسید پیشنهاد میکنم,0,true,2026-06-21T10:54:13.0990929+03:30,مثبت,0.79,تحویل و ارسال,تحویل و ارسال
ضد آفتاب بدون رنگ فاقد چربی اس پی اف 50,https://www.khanoumi.com/products/schon-oil-free-sunscreen-16639,"پوست مختلط و حساسی دارم. هر ضدآفتابی میزنم اذیت میکنه. ولی این مدل بیرنگ شون و بیرنگ سینره عالی بودن.
بوی ملیح داره، پوست رو اذیت نمیکنه و تا حدودی باعث تعریق پوست نمیشه. ولی بعد از 2 ساعت برق میوفته پوست و باید مجدد تمدید کنید.
سبکه و دارای کلاژن هم هست آبرسانی هم میکنه. راضی بودم و شارژش میکنم.",0,true,2026-05-10T13:00:47.8692233+03:30,مثبت,0.91,محصول,محصول
ضد آفتاب بدون رنگ فاقد چربی اس پی اف 50,https://www.khanoumi.com/products/schon-oil-free-sunscreen-16639,"سبک زود جذب و مات میمونه رو پوست
رد سفیدی هم نداره در کل پیشنهاد میکنم بخرین ضدافتاب خوبیه",0,true,2026-04-28T18:13:01.2018311+03:30,منفی,0.67,محصول,محصول
ضد آفتاب بدون رنگ فاقد چربی اس پی اف 50,https://www.khanoumi.com/products/schon-oil-free-sunscreen-16639,مات خوب وپوست نرم میکنه البته پوستم خشک,0,true,2026-04-22T19:10:09.9164656+03:30,مثبت,0.67,محصول,محصول
ضد آفتاب بدون رنگ فاقد چربی اس پی اف 50,https://www.khanoumi.com/products/schon-oil-free-sunscreen-16639,"توی عمرم از شون مارک اشغالتری ندیدم
انگار دستت رو فرو کردی توظرف روغن سرخ کردنی و زدی به صورتت حتی واسه ده سال پیشم که استفاده میکردم بدترین بود",0,false,2026-04-21T23:12:16.6616932+03:30,منفی,0.79,محصول,محصول
ضد آفتاب بدون رنگ فاقد چربی اس پی اف 50,https://www.khanoumi.com/products/schon-oil-free-sunscreen-16639,من استفاده کردم خیلی خوب بود ..هر چی لوازم آرایشی شهرمونو میگردم ازش نمی‌بینم,0,false,2026-01-19T22:47:14.1613672+03:30,مثبت,0.91,محصول,محصول
ضد آفتاب بدون رنگ فاقد چربی اس پی اف 50,https://www.khanoumi.com/products/schon-oil-free-sunscreen-16639,من پوست خشکی دارم ولی زیرش یه مرطوب کننده میزنم خیلی خوب میمونه ، بنظرم ارزش خرید داره,0,true,2025-12-16T11:07:04.9766759+03:30,مثبت,0.91,محصول | قیمت,محصول
ضد آفتاب بدون رنگ فاقد چربی اس پی اف 50,https://www.khanoumi.com/products/schon-oil-free-sunscreen-16639,پوست و تیره و چرب میکنه ضدافتاب سنگینیه,0,true,2025-10-31T22:40:24.4069128+03:30,خنثی,0.35,محصول,محصول
ضد آفتاب بدون رنگ فاقد چربی اس پی اف 50,https://www.khanoumi.com/products/schon-oil-free-sunscreen-16639,"من از این ضدآفتاب بی‌رنگ واقعاً راضی‌ام.
خیلی سبک و زودجذبه، اصلاً احساس چربی یا سنگینی نمی‌ده و روی پوست عرق نمی‌کنه، که برای من خیلی مهمه.
از طرفی بوی ملایم و خوبی هم داره که حس طراوت می‌ده.

برای استفاده‌ی روزانه کاملاً مناسبه",0,true,2025-07-16T22:09:36.6894363+00:00,مثبت,0.91,محصول | اصل بودن کالا,محصول
ضد آفتاب بدون رنگ فاقد چربی اس پی اف 50,https://www.khanoumi.com/products/schon-oil-free-sunscreen-16639,خیلی خوبه من همیشه تمدید میکنم بقیه محصولاتشو می‌خوام امتحان کنم,0,false,2025-07-14T18:57:56.4223389+00:00,مثبت,0.91,محصول,محصول
ضد آفتاب بدون رنگ فاقد چربی اس پی اف 50,https://www.khanoumi.com/products/schon-oil-free-sunscreen-16639,من استفاده کردم اینی که فاقد چربی هست عالیه,0,false,2025-07-11T08:04:34.3575813+00:00,مثبت,0.79,سایر,سایر
ضد آفتاب بدون رنگ فاقد چربی اس پی اف 50,https://www.khanoumi.com/products/schon-oil-free-sunscreen-16639,ضد آفتاب شون من رنگ سبزشو دارم واقعا افتضاح اصلا جذب پوستم نمیشه هرچی میکشیدم روش فقط سفیدک میزد باز کلا اینقدر صورتمو چرب میکرد آرایش که اصلا نمیشد روش کرد میرفتم بیرون صورتم خیس خیس میشد بعدشم که میشستم یک دو درجه پوستم و تیره میکرد ایندفعه از این رنگش می خوام سفارش بدم ببینم چه شکلی,0,false,2025-06-12T06:01:32.161246+00:00,منفی,0.79,محصول | اصل بودن کالا,اصل بودن کالا
ضد آفتاب بدون رنگ فاقد چربی اس پی اف 50,https://www.khanoumi.com/products/schon-oil-free-sunscreen-16639,خیلی عالیه اصلا سنگین نیست و رد سفید نمیزاره تو تخفیف فوق العاده بود,0,true,2025-06-08T18:27:40.5727228+00:00,مثبت,0.79,محصول | اصل بودن کالا | قیمت,محصول
ضد آفتاب بدون رنگ فاقد چربی اس پی اف 50,https://www.khanoumi.com/products/schon-oil-free-sunscreen-16639,لطفا این ضدآفتاب را موجود کنید برای من ضدآفتاب بسیار خوبی بود,0,true,2025-04-21T16:18:14.2589497+00:00,مثبت,0.67,محصول,محصول
ضد آفتاب بدون رنگ فاقد چربی اس پی اف 50,https://www.khanoumi.com/products/schon-oil-free-sunscreen-16639,ضدآفتاب بسیار خوبی هست لطفا موجود کنید,0,true,2025-04-05T07:57:15.6356951+00:00,مثبت,0.67,محصول,محصول
ضد آفتاب بدون رنگ فاقد چربی اس پی اف 50,https://www.khanoumi.com/products/schon-oil-free-sunscreen-16639,محصول قابل قبولی نبود,0,true,2025-04-02T09:09:35.1458654+00:00,خنثی,0.35,محصول,محصول
ضد آفتاب بدون رنگ فاقد چربی اس پی اف 50,https://www.khanoumi.com/products/schon-oil-free-sunscreen-16639,اصلا خوب نیست و باعث جوش میشه,0,true,2025-03-15T07:08:57.9838766+00:00,منفی,0.79,اصل بودن کالا,اصل بودن کالا
ضد آفتاب بدون رنگ فاقد چربی اس پی اف 50,https://www.khanoumi.com/products/schon-oil-free-sunscreen-16639,بوی خوبی داره ولی روی پوستم پوسته پوسته میشه و دست میزنی گوله میشه کنده میشه نمیدونم چرا تاریخ انقضام داشت آخه...,0,true,2025-03-10T13:34:08.3040916+00:00,مثبت,0.67,محصول,محصول
ضد آفتاب بدون رنگ فاقد چربی اس پی اف 50,https://www.khanoumi.com/products/schon-oil-free-sunscreen-16639,"من تا حالا شاید 30 تا برند ضدافتاب توی همه رینج قیمتی استفاده کردم ایرانی و خارجی
خداییش این ضدافتاب نسبت ب قیمتی که داره عالیه
به پوست من خیلی میسازه
پوست من مختلط رو به چربه با جوش زیر پوستی و منافذ باز.",0,true,2025-03-09T08:20:09.6350387+00:00,مثبت,0.79,محصول | قیمت,محصول
ضد آفتاب بدون رنگ فاقد چربی اس پی اف 50,https://www.khanoumi.com/products/schon-oil-free-sunscreen-16639,من تقریبا دو سه هفتس استفاده میکنم راضیم,0,true,2025-02-26T08:38:55.3963899+00:00,مثبت,0.79,سایر,سایر
ضد آفتاب بدون رنگ فاقد چربی اس پی اف 50,https://www.khanoumi.com/products/schon-oil-free-sunscreen-16639,بسیار ضد آفتاب خوب و زود جذبیه چرب نیست و فینیشش کاملا مات .واحساس سنگینی نداره بعدش .کل ضد آفتابای ایرانی رو تست کردم .یکی از بهترین هاست تو ایرانیا نسبت به قیمت,0,true,2025-02-24T20:56:31.486023+00:00,مثبت,0.79,قیمت,قیمت
ضد آفتاب بدون رنگ فاقد چربی اس پی اف 50,https://www.khanoumi.com/products/schon-oil-free-sunscreen-16639,قیمتش خیلی خوبه   در کل ب پوست من ک میسازه  ممنون,0,true,2025-02-22T10:55:17.9548321+00:00,مثبت,0.95,محصول | قیمت,محصول
ضد آفتاب بدون رنگ فاقد چربی اس پی اف 50,https://www.khanoumi.com/products/schon-oil-free-sunscreen-16639,برای پوست چرب عالیه,0,true,2025-02-22T08:14:45.8665408+00:00,مثبت,0.79,محصول,محصول
ضد آفتاب بدون رنگ فاقد چربی اس پی اف 50,https://www.khanoumi.com/products/schon-oil-free-sunscreen-16639,"سلام 
کی موجود میشه باتخفیف زیاد ؟",0,false,2025-02-21T20:49:11.0190191+00:00,خنثی,0.35,محصول | قیمت,محصول
ضد آفتاب بدون رنگ فاقد چربی اس پی اف 50,https://www.khanoumi.com/products/schon-oil-free-sunscreen-16639,پوست من چرب هست راضی هستم مقدار متوسط استفاده مکنم و اصلا رد سفیدی نمیندازه پوستمم نرم و روشن میشه,0,true,2025-02-18T11:00:51.9825348+00:00,مثبت,0.79,محصول | اصل بودن کالا,محصول
ضد آفتاب بدون رنگ فاقد چربی اس پی اف 50,https://www.khanoumi.com/products/schon-oil-free-sunscreen-16639,عالی بود سبک بدون رد سفیدی,0,true,2025-02-05T08:34:54.9053877+00:00,ترکیبی,0.74,محصول,محصول
ضد آفتاب بدون رنگ فاقد چربی اس پی اف 50,https://www.khanoumi.com/products/schon-oil-free-sunscreen-16639,"پوست من چربه، بعد هر بار مصرف دستم که می‌خورد به صورتم می‌ماسید و گوله گوله می‌تونستم از روی پوستم برش دارم
برای دست خوبه نه صورت",0,true,2025-02-01T22:40:41.6058896+00:00,مثبت,0.79,محصول,محصول
ضد آفتاب بدون رنگ فاقد چربی اس پی اف 50,https://www.khanoumi.com/products/schon-oil-free-sunscreen-16639,سلام محصولات برند شون واقعا بی نظیر هستند.این ضد آفتاب عالیه. ممنون از تیم خانومی .,0,false,2025-01-26T10:41:25.9612257+00:00,مثبت,0.91,محصول,محصول
ضد آفتاب بدون رنگ فاقد چربی اس پی اف 50,https://www.khanoumi.com/products/schon-oil-free-sunscreen-16639,"عالیهه صورت من مختلطه باهاش جوش نزدم
یه برق طبیعی میندازه که انگار صورتت فرشه که من دوسش دارم
رد سفیدی نمیندازه اصلا
باتوجه به حجم و کیفیت قیمتش عالی از بیرون قیمتش کمتره",0,true,2024-12-24T05:28:06.0852454+00:00,مثبت,0.79,محصول | قیمت | اصل بودن کالا,محصول
ضد آفتاب بدون رنگ فاقد چربی اس پی اف 50,https://www.khanoumi.com/products/schon-oil-free-sunscreen-16639,خیلی خوبه,0,true,2024-12-15T08:28:09.9996098+00:00,مثبت,0.91,سایر,سایر
ضد آفتاب بدون رنگ فاقد چربی اس پی اف 50,https://www.khanoumi.com/products/schon-oil-free-sunscreen-16639,"لافارر و تو جیب ساعتیش میذاره.
مسخرش و در اورده لافارر که چی اینقدهذیک کرم با اون حجم کم گرونش کردی؟؟",0,true,2024-12-08T19:45:10.8927069+00:00,خنثی,0.35,محصول | قیمت,محصول
ضد آفتاب بدون رنگ فاقد چربی اس پی اف 50,https://www.khanoumi.com/products/schon-oil-free-sunscreen-16639,برای بار چندمه که شارژش میکنم؛ کاملا جذب پوست میشه و سبکه,0,true,2024-10-27T22:07:54.9412254+00:00,خنثی,0.35,محصول,محصول
ضد آفتاب بدون رنگ فاقد چربی اس پی اف 50,https://www.khanoumi.com/products/schon-oil-free-sunscreen-16639,خیلییی پوستمو چرب میکنه ,0,true,2024-08-31T14:55:17+00:00,خنثی,0.35,محصول,محصول
ضد آفتاب بدون رنگ فاقد چربی اس پی اف 50,https://www.khanoumi.com/products/schon-oil-free-sunscreen-16639,سبک و سفید نمیکنه ولی پوست چرب میکنه,0,true,2024-08-17T15:52:42+00:00,خنثی,0.35,محصول,محصول
ضد آفتاب بدون رنگ فاقد چربی اس پی اف 50,https://www.khanoumi.com/products/schon-oil-free-sunscreen-16639,"لطفا شارژش کنید خریدم تکمیل بشه
منو همسرم همیشه از همین مدل استفاده میکنیم نسبت به دابل شیلد که یه سفیدیی روی پوست ایجاد میکنه این کاملا بی رنگه و سریع جذب میشه",0,false,2024-07-23T01:36:37+00:00,خنثی,0.35,محصول,محصول
ضد آفتاب بدون رنگ فاقد چربی اس پی اف 50,https://www.khanoumi.com/products/schon-oil-free-sunscreen-16639,برای پوستای خشک خوبه ولی واسه پوست های چرب جذب نمیشه و کلا روی پوست برق میندازه,0,false,2024-07-11T18:43:09+00:00,مثبت,0.79,محصول,محصول
ضد آفتاب بدون رنگ فاقد چربی اس پی اف 50,https://www.khanoumi.com/products/schon-oil-free-sunscreen-16639,بدون چربی بود و خیلی راحت روی پوستم نشست راضی بودم,0,true,2024-06-16T15:18:09+00:00,ترکیبی,0.66,محصول,محصول
ضد آفتاب بدون رنگ فاقد چربی اس پی اف 50,https://www.khanoumi.com/products/schon-oil-free-sunscreen-16639,من پوستم مختلطه،چرب نبود،جذبش خوبه،سفیدی نمیندازه و سبکه و واقعاا راضی بودم نسبت به قیمتش فوق العادس,0,true,2024-06-02T13:43:37+00:00,منفی,0.67,محصول | قیمت,محصول
ضد آفتاب بدون رنگ فاقد چربی اس پی اف 50,https://www.khanoumi.com/products/schon-oil-free-sunscreen-16639,"من طبق نظر دوستان تازه این محصول رو تهیه کردم و هنوز استفاده نکردم.
امتیازی هم که دادم به خانومی دادم چون اولین باره ازشون خرید می کنم و راضی هستم از خریدم.
دو محصول خریدم و چهارتا دریافت کردم.
تاریخ مصرفشون هم حدود سه ساله.
مرسی خانومی ",0,true,2024-04-16T13:19:25+00:00,مثبت,0.79,محصول,محصول
ضد آفتاب بدون رنگ فاقد چربی اس پی اف 50,https://www.khanoumi.com/products/schon-oil-free-sunscreen-16639,من طبق نظرات خریدم ولی اصلا راضی نبودم به شدت چربه و برق میندازه. ,0,false,2024-03-03T15:19:32+00:00,منفی,0.79,محصول | اصل بودن کالا,اصل بودن کالا
ضد آفتاب بدون رنگ فاقد چربی اس پی اف 50,https://www.khanoumi.com/products/schon-oil-free-sunscreen-16639,من پوستم چرب و جوش دار بود واسه من خوب بود من واسه داخل خونه ازش استفاده میکنم هر دفعه هم اندازه ی دو انگشت میزنم یکم باید ماساژ بدم تا جذب بشه نصبت به قیمتش خوبه ,0,true,2024-01-05T00:39:43+00:00,مثبت,0.91,محصول | قیمت,محصول
ضد آفتاب بدون رنگ فاقد چربی اس پی اف 50,https://www.khanoumi.com/products/schon-oil-free-sunscreen-16639,من این ضد آفتابو استفاده کردم و به نظرم واقعا نسبت به قیمت خیلی خوبه البته اگه پوست خیلی چربی نداشته باشید ,0,true,2023-12-21T14:05:59+00:00,مثبت,0.91,محصول | قیمت,محصول
ضد آفتاب بدون رنگ فاقد چربی اس پی اف 50,https://www.khanoumi.com/products/schon-oil-free-sunscreen-16639,خوب بود، زود جذب شد و سفیدک نشد,0,true,2023-11-04T14:20:28+00:00,مثبت,0.79,محصول,محصول
ضد آفتاب بدون رنگ فاقد چربی اس پی اف 50,https://www.khanoumi.com/products/schon-oil-free-sunscreen-16639,خیلی خوبه مخصوصا برای اون دسته از افرادی که پوستشون چربه ,0,false,2023-11-02T03:16:03+00:00,مثبت,0.91,محصول,محصول
ضد آفتاب بدون رنگ فاقد چربی اس پی اف 50,https://www.khanoumi.com/products/schon-oil-free-sunscreen-16639,خیلی زود جذب بدون رد سفیدی عالی بود ,1,true,2022-12-28T21:07:46+00:00,ترکیبی,0.74,محصول,محصول
ضد آفتاب بدون رنگ فاقد چربی اس پی اف 50,https://www.khanoumi.com/products/schon-oil-free-sunscreen-16639,این ضد آفتاب خیلی روی پوست سبکه و اصلا حس چربی و سنگینی ایجاد نمیکنه. زود جذب پوست میشه و سفیدک نمیزنه. پوست نرم و لطیف میکنه و من اصلا باهاش جوش نزدم. برای پایه آرایش هم گزینه خوبیه و باعث میشه کرم پودر خوب روی صورت بخوابه و پوسته پوسته نشه.بوی خوبی داره و با توجه به قیمت مناسبش ارزش خرید داره,7,false,2022-10-15T08:50:40+00:00,مثبت,0.95,محصول | اصل بودن کالا | قیمت,محصول
ضد آفتاب بدون رنگ فاقد چربی اس پی اف 50,https://www.khanoumi.com/products/schon-oil-free-sunscreen-16639,خیلی کرم خوبیه فوق العاده سبک و اصلا هم پوست رو سفید نمیکنه برای پوست چرب عالیه بعد از نشستن رو پوست مثل مرطوب کننده میمونه ,7,true,2022-03-04T14:25:54+00:00,مثبت,0.95,محصول | اصل بودن کالا,محصول
ضد آفتاب بدون رنگ فاقد چربی اس پی اف 50,https://www.khanoumi.com/products/schon-oil-free-sunscreen-16639,ضدآفتاب خوب و سبکیه و باهاش جوش نمیزنم.,5,false,2021-07-27T16:25:51+00:00,مثبت,0.67,سایر,سایر
ضد آفتاب بدون رنگ فاقد چربی اس پی اف 50,https://www.khanoumi.com/products/schon-oil-free-sunscreen-16639, زد افتاب خوبی هستش ,4,false,2021-07-20T14:51:37+00:00,مثبت,0.67,سایر,سایر
ضد آفتاب بدون رنگ فاقد چربی اس پی اف 50,https://www.khanoumi.com/products/schon-oil-free-sunscreen-16639,برای صورت اصلا به درد نمیخوره و محافظت لازم رو نداره متاسفانه، برای دست بهتره استفاده شه یا برای روزهای ابری,7,true,2019-06-16T20:13:36.6066667+00:00,خنثی,0.4,اصل بودن کالا,اصل بودن کالا
ضد آفتاب بدون رنگ فاقد چربی اس پی اف 50,https://www.khanoumi.com/products/schon-oil-free-sunscreen-16639,من برای دستهام از این کرم استفاده میکنم. فوق العاده بوق خوب و دلنشینی داره,10,false,2017-12-28T13:34:07.8233333+00:00,مثبت,0.79,محصول,محصول
ضد آفتاب بدون رنگ فاقد چربی اس پی اف 50,https://www.khanoumi.com/products/schon-oil-free-sunscreen-16639,"لطفا شارژکنید
زووووووووود",17,false,2017-01-20T00:31:40.18+00:00,خنثی,0.35,سایر,سایر
ضد آفتاب رنگی SPF50 مناسب پوست خشک و نرمال 50میل,https://www.khanoumi.com/products/schon-sunscreen-16640,ب شدت پوستم چرب میشه انگار جذب پوست نمیشه,0,false,2026-04-22T07:02:03.5026587+03:30,خنثی,0.35,محصول,محصول
ضد آفتاب رنگی SPF50 مناسب پوست خشک و نرمال 50میل,https://www.khanoumi.com/products/schon-sunscreen-16640,ضد آفتاب خوبی رو پوست نمی ماسه چربی هم کمه پوستم چرب نمیکنع من همیشه بجای کرم پودر از ضد آفتاب رنگی استفاده میکنم حدودا 1 سال استفاده میکنم مثل کرم پودر عمل می‌کنه جفتش خوبع اما بیشتر شماره 1 کش خوشگله  فقط یکمی چربی دارع اما خیلی خوشگله رو پوست نه می ماسع نع زیاد چربع چربیش کمع رو پوست احساس سبکی داره عالی بود,0,false,2026-04-03T21:57:32.3268385+03:30,مثبت,0.95,محصول,محصول
ضد آفتاب رنگی SPF50 مناسب پوست خشک و نرمال 50میل,https://www.khanoumi.com/products/schon-sunscreen-16640,جدید رنگ طبیعی هم پوست رو سفید میکنه و هم خشک,0,true,2025-11-19T12:14:03.8241369+03:30,خنثی,0.35,محصول,محصول
ضد آفتاب رنگی SPF50 مناسب پوست خشک و نرمال 50میل,https://www.khanoumi.com/products/schon-sunscreen-16640,این ضدآفتاب دوستانی ک سبزه هستند بخرند من پوستم گندمی روشن هست وقتی میزنم انگار رفتم برنزه کردم خیلی سبزه و قهوه ای میکنه صورتو ...جذبش خوبه روصورت و تعریق هم نداره ...حیف ک رنگش اینجوریه,0,false,2025-08-23T19:11:19.7217386+00:00,مثبت,0.79,محصول,محصول
ضد آفتاب رنگی SPF50 مناسب پوست خشک و نرمال 50میل,https://www.khanoumi.com/products/schon-sunscreen-16640,رنگش به پوستم میخوره و واسه استفاده روزانه مناسبه فقط اینکه کاش کمتر چرب بود و اینقدر برق نمینداخت رو صورتم ,0,true,2024-07-28T19:05:56+00:00,خنثی,0.35,محصول,محصول
ضد آفتاب رنگی SPF50 مناسب پوست خشک و نرمال 50میل,https://www.khanoumi.com/products/schon-sunscreen-16640,رنگ ش خوبه بوی خوبی هم داره,0,true,2023-03-12T17:00:37+00:00,مثبت,0.91,محصول,محصول
ضد آفتاب رنگی SPF50 مناسب پوست خشک و نرمال 50میل,https://www.khanoumi.com/products/schon-sunscreen-16640,ضد آفتاب شون محصولی است که برای افراد دارای پوست خشک و نرمال مناسب است. این محصول به دلیل داشتن SPF50 به خوبی از پوست شما دربرابر اشعه های مضر خورشید محافظت می کند. این محصول دارای خاصیت آبرسانی است و به نرمی و لطافت پوست شما کمک می کند. شما می توانید این محصول را برای استفاده روزانه خود خریداری کنید. ,5,false,2022-12-06T08:25:34+00:00,مثبت,0.67,محصول,محصول
ضد آفتاب رنگی SPF50 مناسب پوست خشک و نرمال 50میل,https://www.khanoumi.com/products/schon-sunscreen-16640,کیفیتش باتوجه به قیمتش خیلی خوبه! باتوجه به اینکه خیلی سبک هست و فقط رنگیه و کرم پودری نیست، پوشانندگی چندانی نداره ولی برای استفاده روزانه و در منزل قابل قبوله، ضمن اینکه حالت مرطوب کننده داره و به هیچ عنوان پوست رو خشک نمیکنه، حجمش هم به صرفه و مناسبه,10,false,2022-10-07T03:43:24+00:00,مثبت,0.91,محصول | قیمت,محصول
ضد آفتاب رنگی SPF50 مناسب پوست خشک و نرمال 50میل,https://www.khanoumi.com/products/schon-sunscreen-16640,"خیلی خوب بود البته قدیمیاش روش نوشته فاقد پارابن
و رنگش هم مناسب پوستم بود",25,false,2021-07-20T15:09:24+00:00,مثبت,0.91,محصول,محصول
ضد آفتاب رنگی SPF50 مناسب پوست خشک و نرمال 50میل,https://www.khanoumi.com/products/schon-sunscreen-16640,دوستان این ضدآفتاب برای پوست های حساس خیلی مناسبه چون مواد شیمیایی داخلش نداره و گیاهی هستش,22,true,2021-07-20T14:51:40+00:00,خنثی,0.35,محصول,محصول
ضد آفتاب رنگی SPF50 مناسب پوست خشک و نرمال 50میل,https://www.khanoumi.com/products/schon-sunscreen-16640,قبلا خوب بود الان خیلی چرب شده و اصلا کیفیت قبل رو نداره پیشنهاد نمیکنم ,38,false,2020-11-10T02:31:39+00:00,مثبت,0.79,محصول | اصل بودن کالا,محصول
ضد آفتاب رنگی SPF50 مناسب پوست خشک و نرمال 50میل,https://www.khanoumi.com/products/schon-sunscreen-16640,اصلا خوب نبود کلی جوش زدم باهاش😒,9,false,2020-10-28T21:58:36+00:00,خنثی,0.4,محصول | اصل بودن کالا,محصول
ضد آفتاب رنگی SPF50 مناسب پوست خشک و نرمال 50میل,https://www.khanoumi.com/products/schon-sunscreen-16640,راحت روی پوست یکنواخت نمیشه .خیلی رقیقه,4,false,2020-10-06T12:07:15+00:00,خنثی,0.35,محصول,محصول
ضد آفتاب رنگی SPF50 مناسب پوست خشک و نرمال 50میل,https://www.khanoumi.com/products/schon-sunscreen-16640,"اصلا خوب نیس...رنگش روپوست خیلی بدهه...بعدیه مدت ک استفاده کردم صورتم پرجوش شد..اصلاپیشنهادنمیکنم

",3,false,2020-09-15T17:32:17+00:00,منفی,0.79,محصول | اصل بودن کالا,اصل بودن کالا
ضد آفتاب رنگی SPF50 مناسب پوست خشک و نرمال 50میل,https://www.khanoumi.com/products/schon-sunscreen-16640,من که راضیم 👍,0,false,2020-07-23T11:29:35+00:00,مثبت,0.79,سایر,سایر
ضد آفتاب رنگی SPF50 مناسب پوست خشک و نرمال 50میل,https://www.khanoumi.com/products/schon-sunscreen-16640,بسیار بسیار معمولی، جذب معمولی رو به پایین. کافیه دستت خیس باشه یه کوچولو بخوره به صورتت عین رنگ که میخواد شسته بشه تابلو. در حد یک ساعت کرم زدن خوبه نه بیشتر,8,false,2020-05-11T14:41:28+00:00,مثبت,0.79,محصول,محصول
ضد آفتاب رنگی SPF50 مناسب پوست خشک و نرمال 50میل,https://www.khanoumi.com/products/schon-sunscreen-16640,برای پوستای خشک عالیه کاورشم خوبه,9,false,2020-03-16T15:17:11+00:00,مثبت,0.95,محصول,محصول
ضد آفتاب رنگی SPF50 مناسب پوست خشک و نرمال 50میل,https://www.khanoumi.com/products/schon-sunscreen-16640,"بوی نوستالژی خوبی داره😍
براقیتش حالت شیمر داره😍
 چرب نیست☺مرطوب کنندگی خوبی داره
رنگش هم نرماله",11,false,2019-09-26T11:23:28+00:00,مثبت,0.79,محصول,محصول
ضد آفتاب رنگی SPF50 مناسب پوست خشک و نرمال 50میل,https://www.khanoumi.com/products/schon-sunscreen-16640,من اصلا ازش راضی نیستم چربه و برق میوفته با اینک خیلی کم میزنم اما بازم چربه...ولی رنگ خوبی داره,31,false,2018-09-03T13:52:22.6933333+00:00,مثبت,0.67,محصول | اصل بودن کالا,محصول
ضد آفتاب رنگی SPF50 مناسب پوست خشک و نرمال 50میل,https://www.khanoumi.com/products/schon-sunscreen-16640,با اونکه پوست من خشک و حساسه ولی محصولات شون همیشه سازگار با پوستمه.نرم کننده هاش،ضد آفتاب هاش، شامپوها و نرم کننده هاش همیشه خوبن. ضمنا این ضدآفتاب خیلی خوب و مناسبه. ,46,true,2018-05-10T21:28:25.1233333+00:00,مثبت,0.91,محصول,محصول
ضد آفتاب رنگی SPF50 مناسب پوست خشک و نرمال 50میل,https://www.khanoumi.com/products/schon-sunscreen-16640,زد افتاب خوبیه رنگ بژش برای پوست کندمی روشن مناسبه پوشش خوبی هم داره فقط مشکلش اینه که چربه من خیلی کم ازش میزنم که صورتمو چربو براق نکنه با اینکه صورت خشکی هم دارم خیلی روغنی نشون میده پوستمو,48,true,2017-08-13T18:34:06.31+00:00,مثبت,0.79,محصول,محصول
ریمل او لالا,https://www.khanoumi.com/products/arcancil-ooh-la-la-mascara-16653,ما بی شانس ها ,6,true,2017-11-28T00:23:31.3733333+00:00,خنثی,0.35,سایر,سایر
ریمل او لالا,https://www.khanoumi.com/products/arcancil-ooh-la-la-mascara-16653,شانس لطفا🌸,9,false,2017-06-02T18:15:19.8433333+00:00,خنثی,0.35,سایر,سایر
کرم پودر پرفکت نچرال,https://www.khanoumi.com/products/deborah-perfect-and-natural-foundation-16655,افتضااااح. تیکه تیکه می شه روی پوست. وحشتناک,3,true,2019-01-21T19:41:49.2666667+00:00,خنثی,0.35,محصول,محصول
کرم پودر پرفکت نچرال,https://www.khanoumi.com/products/deborah-perfect-and-natural-foundation-16655,سلام زیر این کرم به هیچ عنوان نباید کرم خیلی چرب استفاده بشه چون روی پوست سر میخوره و نمیشینه در غیر این صورت بی نهایت سبک و زیباست روی پوست,5,false,2018-05-29T09:37:45+00:00,خنثی,0.35,محصول,محصول
کرم پودر پرفکت نچرال,https://www.khanoumi.com/products/deborah-perfect-and-natural-foundation-16655,سلام این کرم به هیچ عنوان نباید کرم خیلی چرب استفاده بشه چون روی پوست  سر میخوره و نمیشینه در غیر این صورت بی نهایت سبک و زیباست روی پوست ,7,false,2018-05-29T09:36:45.4833333+00:00,خنثی,0.35,محصول,محصول
کرم پودر پرفکت نچرال,https://www.khanoumi.com/products/deborah-perfect-and-natural-foundation-16655,افتضاحه افتضاح. رو صورت مثل گل تیکه تیکه میشه و پخش نمیشه یکنواخت. واقعا دبورا این محصولش افتضاحه,23,true,2018-03-11T17:45:23.1+00:00,منفی,0.91,محصول,محصول
کرم پودر پرفکت نچرال,https://www.khanoumi.com/products/deborah-perfect-and-natural-foundation-16655,شانس لطفا🙏,1,false,2018-02-20T14:08:00.07+00:00,خنثی,0.35,سایر,سایر
کرم پودر پرفکت نچرال,https://www.khanoumi.com/products/deborah-perfect-and-natural-foundation-16655,لطفا رنگ ٠٦ شارژ كنيد ,1,false,2017-11-06T11:32:13.3666667+00:00,خنثی,0.35,محصول,محصول
کرم پودر پرفکت نچرال,https://www.khanoumi.com/products/deborah-perfect-and-natural-foundation-16655,سلام من پوستم گندمیه رنگ شنی سفارش دادم رنگ پوستم دقیقا هست پوشش متوسط مات و مخملی من دوسش دارم ممنون از خانمی برای ارسال سریع ,4,true,2017-08-02T23:50:53.1433333+00:00,منفی,0.67,محصول | تحویل و ارسال,محصول
کرم پودر پرفکت نچرال,https://www.khanoumi.com/products/deborah-perfect-and-natural-foundation-16655,با سلام خسته نباشید ، میزان پوشش دهی این کرم پودر به چه اندازه هساش و اینکه چه شماره ای برای رنگ پوست گندمی روشن روشن مناسبه؟,1,false,2017-05-22T15:35:41.6766667+00:00,خنثی,0.35,محصول,محصول
کرم پودر پرفکت نچرال,https://www.khanoumi.com/products/deborah-perfect-and-natural-foundation-16655,لطفا رنگ کرم طبیعی رو موجود کنین :/ هرچی خواستم بگیرم از کرم پودرا رنگ بندی ناقص بود :/ خب میخوره توو ذوق آدم :),8,true,2017-04-29T15:20:20.6+00:00,خنثی,0.35,محصول,محصول
کرم پودر درس می پرفکت,https://www.khanoumi.com/products/deborah-dress-me-perfect-16656,"واسه مصرف روزانه خوبه کاور متوسطی داره
",1,true,2019-09-28T16:09:21+00:00,مثبت,0.79,سایر,سایر
کرم پودر درس می پرفکت,https://www.khanoumi.com/products/deborah-dress-me-perfect-16656,عالی بود ,1,true,2019-06-12T12:12:54.1033333+00:00,مثبت,0.79,محصول,محصول
کرم پودر درس می پرفکت,https://www.khanoumi.com/products/deborah-dress-me-perfect-16656,من امروز تهیه کردم قبلن هم استفاده کرده بودم، کرم پودر روزانه هستش- خیلی سبکه با پوشانندگی معمولی,6,true,2018-12-17T14:16:36.3333333+00:00,خنثی,0.35,محصول,محصول
کرم پودر درس می پرفکت,https://www.khanoumi.com/products/deborah-dress-me-perfect-16656," یه انتقاد : قیمتهاتون بسیار بالاتر از بازار شده و این باعث شده دیگه از شما هیچی نتونم بخرم
لطفا نفرمایید نمایندگی یا خود شرکت محصولش  گرون شده ما هم قیمت رو بالا بردیم ، اتفاقا من قیمتهاتونو با نمایندگی مقایسه میکنم و میگم
چه در لوازم آرایشی و چه عطر و ادکلن
یکم منصف باشید ! ",17,false,2018-12-10T12:55:56.0433333+00:00,خنثی,0.35,محصول | قیمت,محصول
کرم پودر درس می پرفکت,https://www.khanoumi.com/products/deborah-dress-me-perfect-16656,پوشانندگی این کرم واقعا خیلی خیلی معمولی بود.اصلا شبیه توضیحاتی که اینجا نوشتند نیست,19,true,2017-11-01T21:03:33.64+00:00,مثبت,0.67,محصول | اصل بودن کالا,محصول
کرم پودر درس می پرفکت,https://www.khanoumi.com/products/deborah-dress-me-perfect-16656,من پوستم سفید هستش، چه رنگ و شماره ای مناسب پوستمه؟,2,false,2017-07-21T11:01:13.3733333+00:00,خنثی,0.35,محصول,محصول
رژ لب میلانو,https://www.khanoumi.com/products/deborah-milano-lipstick-16657,عالی,11,true,2018-03-14T18:23:41.9966667+00:00,مثبت,0.67,سایر,سایر
رژ لب میلانو,https://www.khanoumi.com/products/deborah-milano-lipstick-16657,بهترین رژ دنیاس اصلا,14,true,2017-10-12T22:19:49.2666667+00:00,مثبت,0.79,اصل بودن کالا,اصل بودن کالا
رژ لب میلانو,https://www.khanoumi.com/products/deborah-milano-lipstick-16657,مال من شماره ی ۳۳ هست . رنگش همین طور که نوشته ، قرمز روشنه 😊 مثل خود شکل اصلی هم هست ( نه اون مربع پایینی ) .خیلیم خوش رنگه . ماندگاریش هم خیلی خوبه ، اصلا سنگین هم نیست ، قشنگ مشخصاتش همینه که نوشته ( البته به جز ماندگاری ۱۰ ساعت 👐😊 ) . مرسی خانومی ، خیلی خوبه 👌😊  ,31,true,2017-03-28T20:57:47.59+00:00,مثبت,0.95,محصول | اصل بودن کالا,محصول
ریمل سه در یک های تچ,https://www.khanoumi.com/products/deborah-hi-tech-mascara-16658,"خيلي بلند نميكنه
زير چشم نميريزه
برسش خيلي خوب نيست",4,true,2017-05-01T11:07:22.5633333+00:00,منفی,0.79,سایر,سایر
ریمل سه در یک های تچ,https://www.khanoumi.com/products/deborah-hi-tech-mascara-16658,خواهشا اینو بذارید تو شانس,8,false,2017-02-21T11:06:32.84+00:00,خنثی,0.35,سایر,سایر
ریمل پنج در یک,https://www.khanoumi.com/products/deborah-5-in-1-mascara-16659,حجم دهیش خوبه ولی من هر موقع میزدم چشمام به سوزش میوفتاد و اذیت میشد در کل راضی نبودم,0,true,2023-12-02T22:05:35+00:00,مثبت,0.67,محصول,محصول
ریمل پنج در یک,https://www.khanoumi.com/products/deborah-5-in-1-mascara-16659,ریمل به دست من که رسید بدون هیچ پلمبی بود تمام بدنه هم پر از خط و خش انگار که چند وقته کارکرده,0,false,2023-05-08T18:17:29+00:00,منفی,0.79,محصول | تحویل و ارسال,محصول
ریمل پنج در یک,https://www.khanoumi.com/products/deborah-5-in-1-mascara-16659, این ریمل فوق العادسسسس😍😍😍😍😍😍😍😍,4,false,2020-03-11T16:54:01+00:00,خنثی,0.35,سایر,سایر
ریمل پنج در یک,https://www.khanoumi.com/products/deborah-5-in-1-mascara-16659,عالیییییهههه بهتر از این نمی شه شانس لطفا,18,true,2018-03-02T08:20:03.8033333+00:00,مثبت,0.67,سایر,سایر
ریمل لاو مای لشز حجم دهنده,https://www.khanoumi.com/products/deborah-love-my-lashes-volume-mascara-16663,من این ریمل رو سفارش دادم و بعد نظر هارو خوندم چون تو شانس بود پس نگرفتن و من مجبور به استفاده بودم و با کمال تعجب باید بگم عالیه اصلا مژه هام به هم نچسبید.من مژه هام بلنده ولی حالت نداره کاملا مژه هام رو لیفت کرد و خیلیییی سبک هست اصلا هم نریخت واقعا نمیدونم چرا این حرفارو زدن دوستان شاید زدن ریمل رو بلد نیستن ولی به نظر من خیلی خوب بود همونطور که از دبورا توقع میرفت😍😊,3,true,2018-11-23T01:59:49.0633333+00:00,مثبت,0.95,محصول | اصل بودن کالا,محصول
ریمل لاو مای لشز حجم دهنده,https://www.khanoumi.com/products/deborah-love-my-lashes-volume-mascara-16663,این ریمل مژه ها رو بهم میچسبونه و جالب نیست . از برند دبورا این کیفیت کمی دور از انتظاره,0,true,2017-10-25T16:00:32.8233333+00:00,خنثی,0.35,محصول,محصول
ریمل لاو مای لشز حجم دهنده,https://www.khanoumi.com/products/deborah-love-my-lashes-volume-mascara-16663,سلام.من این ریمل رو خریدم، مژه هارو بهم میچسبونه و میریزه.اصلا راضی نبودم,2,true,2017-08-26T20:37:49.2666667+00:00,منفی,0.79,محصول | اصل بودن کالا,اصل بودن کالا
ریمل ولوم اسپرینت کرو,https://www.khanoumi.com/products/deborah-volume-sprint-curve-16664,اصلا حجم نمیده فقط یکم بلند میکنه ,0,false,2019-02-03T21:23:09.5366667+00:00,منفی,0.67,محصول | اصل بودن کالا,اصل بودن کالا
کانسیلر مایع درس می,https://www.khanoumi.com/products/deborah-dressme-perfect-concealer-16666,رنگ كرم روشنش مثل رنگِ لايتِ كانسيلرِ ميبلين ايج ريوايند ميمونه,0,true,2019-04-23T22:29:42.4933333+00:00,خنثی,0.35,محصول,محصول
کانسیلر مایع درس می,https://www.khanoumi.com/products/deborah-dressme-perfect-concealer-16666,رنگش خيلي خوبه ولي از لحاظ بقيه ويژگي ها معموليه,2,true,2019-04-23T01:17:55.2166667+00:00,مثبت,0.91,محصول,محصول
کانسیلر مایع درس می,https://www.khanoumi.com/products/deborah-dressme-perfect-concealer-16666,رنگ روشن رو لطفا سریع شارژ کنید رو هر کرمی دست میزاریم رنگ تیره مونده,17,false,2019-03-03T15:31:28.85+00:00,خنثی,0.35,محصول,محصول
کانسیلر مایع درس می,https://www.khanoumi.com/products/deborah-dressme-perfect-concealer-16666,رنگ روشن رو شارژ کنید لطفا,21,false,2017-09-26T12:56:27.96+00:00,خنثی,0.35,محصول,محصول
کانسیلر مایع درس می,https://www.khanoumi.com/products/deborah-dressme-perfect-concealer-16666,عالیه🖒🖒🌸,10,true,2017-03-04T15:22:56.2266667+00:00,مثبت,0.79,سایر,سایر
کانسیلر مایع درس می,https://www.khanoumi.com/products/deborah-dressme-perfect-concealer-16666,کدوم رنگش به کانسیلر ایجریواند میبلین نزدیکه؟,0,false,2017-02-22T01:04:20.83+00:00,خنثی,0.35,محصول,محصول
کانسیلر مایع درس می,https://www.khanoumi.com/products/deborah-dressme-perfect-concealer-16666,لطفاً در حراج قرار دهید🌸,6,true,2017-02-19T03:24:22.2266667+00:00,خنثی,0.35,سایر,سایر
خط چشم کاسه ای,https://www.khanoumi.com/products/deborah-24ore-cushion-eyeliner-16667,لطفا مشکیشو موجود کنین و تو شانس بزارین,4,false,2017-11-13T15:30:32.97+00:00,خنثی,0.35,محصول,محصول
خط چشم کاسه ای,https://www.khanoumi.com/products/deborah-24ore-cushion-eyeliner-16667,سلام لطفا مشکیشو شارژ کنید و تو شانس بزاریدش لطفااااا,11,false,2017-04-08T21:23:20.3666667+00:00,خنثی,0.35,سایر,سایر
خط چشم کاسه ای,https://www.khanoumi.com/products/deborah-24ore-cushion-eyeliner-16667,مشکیشو موجود کنید,19,false,2017-02-24T18:19:32.7533333+00:00,خنثی,0.35,محصول,محصول
خط چشم کاسه ای,https://www.khanoumi.com/products/deborah-24ore-cushion-eyeliner-16667,خریدم نمیخواد بذارید تو شانسd:,1,false,2017-02-21T22:40:06.7233333+00:00,خنثی,0.35,سایر,سایر
خط چشم کاسه ای,https://www.khanoumi.com/products/deborah-24ore-cushion-eyeliner-16667,شانس لطفا،میخوام بخرم:),3,false,2017-02-21T19:50:32.6766667+00:00,خنثی,0.35,سایر,سایر
کانسیلر هایلایتر,https://www.khanoumi.com/products/deborah-radiance-creator-highlighting-concealer-16668,رنگهای روشنشو مجدداً شارژ کنید🌸,16,false,2017-06-02T18:19:12.7966667+00:00,خنثی,0.35,محصول,محصول
مداد چشم دو در یک,https://www.khanoumi.com/products/deborah-2-in-1-gel-kajal-and-eyeliner-16670,لطفا رنگ بندی راتکمیل کنید.,6,false,2017-05-11T16:09:42.7533333+00:00,خنثی,0.35,محصول,محصول
مداد چشم دو در یک,https://www.khanoumi.com/products/deborah-2-in-1-gel-kajal-and-eyeliner-16670,لطفا رنگ بندی راتکمیل کنید.,5,false,2017-05-11T16:09:42.6466667+00:00,خنثی,0.35,محصول,محصول
ریمل لش کریتور,https://www.khanoumi.com/products/deborah-lash-mascara-16671,"به نظرم جز بهترین و معتبرترین برندهاست
من چون حساسیت دارم ،و هر ریملی نمیتونم استفاده کنم از این کار خیلی راضی بودم ،چند سال تنها ریملی ک میگرفتم همین بود",0,false,2023-03-10T21:03:42+00:00,مثبت,0.79,محصول,محصول
ریمل لش کریتور,https://www.khanoumi.com/products/deborah-lash-mascara-16671,سلام این ریمل فوق العاده است ,1,false,2020-02-19T19:19:56+00:00,مثبت,0.67,سایر,سایر
ریمل لش کریتور,https://www.khanoumi.com/products/deborah-lash-mascara-16671,اصلا حساسیت ایجاد نمیکنه خارش و قرمزی چشم نداره.ولی در حد یه ریمل معمولی و استفاده روزانه باید ازش انتظار داشت,1,false,2019-08-19T17:43:27.2766667+00:00,مثبت,0.67,محصول | اصل بودن کالا,محصول
ریمل لش کریتور,https://www.khanoumi.com/products/deborah-lash-mascara-16671,سلام. لطفا سایز ریمل هارو هم بنویسید. ممنون,3,false,2017-02-21T13:58:16.8366667+00:00,مثبت,0.67,محصول,محصول
رژ لب مدل آیکونیک جیوردانی گلد,https://www.khanoumi.com/products/oriflame-giordani-gold-iconic-lipstick-16676,شانس لطفاً,4,false,2017-04-30T12:07:12.3533333+00:00,خنثی,0.35,سایر,سایر
فلویید ضد آفتاب مدل هایسه اک SPF50 حجم 50 میلی لیتر,https://www.khanoumi.com/products/uriage-hyseac-spf-50-sun-care-fluid-16677,خواهشا شارژ کنید,0,false,2024-02-13T16:11:19+00:00,خنثی,0.35,سایر,سایر
فلویید ضد آفتاب مدل هایسه اک SPF50 حجم 50 میلی لیتر,https://www.khanoumi.com/products/uriage-hyseac-spf-50-sun-care-fluid-16677,"من خیلی وقته منتظرم محصول شارژ بشه 
خواهش میکنم شارژش کنید ",0,false,2024-01-01T00:43:16+00:00,خنثی,0.35,محصول,محصول
فلویید ضد آفتاب مدل هایسه اک SPF50 حجم 50 میلی لیتر,https://www.khanoumi.com/products/uriage-hyseac-spf-50-sun-care-fluid-16677,چرا این محصول رو شارژ نمیکنید؟؟؟؟,15,false,2018-05-16T10:42:11.36+00:00,خنثی,0.35,محصول,محصول
فلویید ضد آفتاب مدل هایسه اک SPF50 حجم 50 میلی لیتر,https://www.khanoumi.com/products/uriage-hyseac-spf-50-sun-care-fluid-16677,رنگدانه داره؟,5,true,2017-11-24T23:46:07.05+00:00,خنثی,0.35,محصول,محصول
فلویید ضد آفتاب مدل هایسه اک SPF50 حجم 50 میلی لیتر,https://www.khanoumi.com/products/uriage-hyseac-spf-50-sun-care-fluid-16677,"لطفااااا شارژ شوووود... این محصول عالیه
",27,true,2017-07-14T11:59:01.7333333+00:00,مثبت,0.79,محصول,محصول
فلویید ضد آفتاب مدل هایسه اک SPF30 حجم 50 میلی لیتر,https://www.khanoumi.com/products/uriage-hyseac-spf-30-sun-care-fluid-16678,اصلا پیشنهاد نمیکنم ، پوست من چرب و مختلطه و به همین دلیل این ضد آفتاب رو تهیه کردم ولی اصلا خوب نیست، وقتی میزنم راحت پخش نمیشه روی پوستم و گوله گوله سفید میشه و حالت مات هم نداره یه برق ناخوشایندی میندازه رو پوستم.,6,false,2018-05-05T08:26:12.7+00:00,منفی,0.79,محصول | اصل بودن کالا,اصل بودن کالا
فلویید ضد آفتاب مدل هایسه اک SPF30 حجم 50 میلی لیتر,https://www.khanoumi.com/products/uriage-hyseac-spf-30-sun-care-fluid-16678,لطفا شارژ بشه. ممنون,4,false,2018-01-21T12:54:20.51+00:00,مثبت,0.67,سایر,سایر
فلویید ضد آفتاب مدل هایسه اک SPF30 حجم 50 میلی لیتر,https://www.khanoumi.com/products/uriage-hyseac-spf-30-sun-care-fluid-16678,لطفااااا شارژ شوووود... این محصول عالیه,5,false,2017-07-14T12:01:45.69+00:00,مثبت,0.79,محصول,محصول
کرم ضد آفتاب مدل مینرال بری سان SPF50 حجم 50 میلی لیتر,https://www.khanoumi.com/products/uriage-bariesun-spf-50-mineral-cream-16679,"من استفاده کردم و راضی بودم در صورت موجود حتما خریداری میکنم .
",0,false,2023-12-28T14:58:39+00:00,مثبت,0.67,محصول,محصول
کرم ضد آفتاب مدل مینرال بری سان SPF50 حجم 50 میلی لیتر,https://www.khanoumi.com/products/uriage-bariesun-spf-50-mineral-cream-16679,من ازش خریدم متاسفانه حالت چرب ب پوستم میده و از اون بدتر  به پوست رنگ سفید میده و نمیشه ازش ۲ بند انگشت استفاده کرد باید یکم بزنید و خیلی ماساژ بدین تا اون رنگ سفید ازبین بره ,1,true,2019-11-21T00:25:05+00:00,منفی,0.91,محصول,محصول
کرم ضد آفتاب مدل مینرال بری سان SPF50 حجم 50 میلی لیتر,https://www.khanoumi.com/products/uriage-bariesun-spf-50-mineral-cream-16679,محافظتش عالیه اما روی مرطوب‌کننده‌ی 3 regul که می‌زنم پیل میشه.,0,false,2019-10-12T19:21:52+00:00,مثبت,0.79,سایر,سایر
نرم کننده کراتین حجم 500 میلی لیتر,https://www.khanoumi.com/products/tresemme-keratin-smooth-conditioner-16681,مهمان گرامی محصولات به تعداد و زمان محدود در تخفیف قرار میگیرند و بعد از به اتمام رسیدن زمان و یا  تعداد آن ، قیمت تغییر خواهد کرد.,1,false,2017-09-20T15:26:15.26+00:00,خنثی,0.35,قیمت | محصول | تحویل و ارسال,قیمت
نرم کننده کراتین حجم 500 میلی لیتر,https://www.khanoumi.com/products/tresemme-keratin-smooth-conditioner-16681,"قیمتش الان با تخفیف بیشتری بود تا اومدم بخرم شد تخفیفش کم شد. چرا ؟؟؟
",1,false,2017-09-20T12:06:35+00:00,خنثی,0.35,قیمت | محصول,قیمت
نرم کننده کراتین حجم 500 میلی لیتر,https://www.khanoumi.com/products/tresemme-keratin-smooth-conditioner-16681,"با سلام 
من مدت ها منتظر بودم اين محصول رو موجود كنيد چون ازش خيلي راضي بودم 
يكم دير موجود ميكنيد محصولات ترزمه رو!!",3,true,2017-07-03T15:38:46.06+00:00,مثبت,0.67,محصول,محصول
نرم کننده کراتین حجم 500 میلی لیتر,https://www.khanoumi.com/products/tresemme-keratin-smooth-conditioner-16681,"ta oomadambekharam tamam shode,lotfan dobare sharj konid.merc",4,false,2017-02-21T15:57:06.8333333+00:00,خنثی,0.35,سایر,سایر
دئودورانت رولی فاقد الومینیوم حجم 80 میلی لیتر,https://www.khanoumi.com/products/ego-aluminium-free-deodorant-16680,لطفا شارژ كنيد🙏🙏🙏,7,false,2018-02-22T10:58:27.7433333+00:00,خنثی,0.35,سایر,سایر
دئودورانت رولی فاقد الومینیوم حجم 80 میلی لیتر,https://www.khanoumi.com/products/ego-aluminium-free-deodorant-16680,لطفا محصولات را شارژ کنید,4,false,2018-01-22T17:45:46.1933333+00:00,خنثی,0.35,محصول,محصول
دئودورانت رولی فاقد الومینیوم حجم 80 میلی لیتر,https://www.khanoumi.com/products/ego-aluminium-free-deodorant-16680,شارژ كنيد لطفا,7,false,2017-09-08T00:35:47.02+00:00,خنثی,0.35,سایر,سایر
دئودورانت رولی فاقد الومینیوم حجم 80 میلی لیتر,https://www.khanoumi.com/products/ego-aluminium-free-deodorant-16680,شانس لطفاً ,5,false,2017-04-25T09:30:37.65+00:00,خنثی,0.35,سایر,سایر
شامپو کراتین 7 روزه حجم 266 میلی لیتر,https://www.khanoumi.com/products/tresemme-keratin-smooth-7-day-shampoo-16682,"لطفا زود موجود کنید
",0,false,2017-05-31T10:55:57.3566667+00:00,خنثی,0.35,محصول,محصول
شامپو کراتین 7 روزه حجم 266 میلی لیتر,https://www.khanoumi.com/products/tresemme-keratin-smooth-7-day-shampoo-16682,"شانس 10:10 لطفا
",5,false,2017-02-25T13:39:52.7166667+00:00,خنثی,0.35,سایر,سایر
اسپری کراتین حالت دهنده شاین حجم 200 میلی لیتر,https://www.khanoumi.com/products/tresemme-keratin-smooth-heat-protection-shine-spray-16684,من 9 ماهی هست ازین اسپری استفاده میکنم نظر قیبلیم پایینتر هست اول چون موی سوخته داشتم راضی نبودم ولی بعد از کوتاهی واقعا کمک کرده که دیگه موهام نسوزه و موخوره نزنه چون مو هام فر و خشکه و مدام سشوار و اتو میکشم این اسپری صاف کننده نیست وز مو رو هم آنچنان نمیگیره نرم میکنه ولییییی واقعا محافظ حرارت هست...بتون توصیه میکنم اول موهای سوخته رو کوتاه کنین بعد استفاده کنین,2,true,2018-04-08T13:10:52.6833333+00:00,مثبت,0.67,محصول,محصول
اسپری کراتین حالت دهنده شاین حجم 200 میلی لیتر,https://www.khanoumi.com/products/tresemme-keratin-smooth-heat-protection-shine-spray-16684,چجوری تو شانس میزاریدش وقتی اصلا موجودی نداره ؟؟؟ ,2,false,2017-09-20T10:38:49.67+00:00,مثبت,0.67,محصول | اصل بودن کالا,محصول
اسپری کراتین حالت دهنده شاین حجم 200 میلی لیتر,https://www.khanoumi.com/products/tresemme-keratin-smooth-heat-protection-shine-spray-16684,جالب نبود، جزو اسپري هاي قوي براي لخت و نرم كردن محسوب نميشه و اثر كمي داره . راضي نبودم ,5,false,2017-08-22T15:53:35.0533333+00:00,منفی,0.67,محصول,محصول
اسپری کراتین حالت دهنده شاین حجم 200 میلی لیتر,https://www.khanoumi.com/products/tresemme-keratin-smooth-heat-protection-shine-spray-16684,من شامپو و نرم کننده های ترزمه رو استفاده کردم خوب بودن ولی حقیقتا این محصول خیلی حس بهتر شدن موهامو بهم نمیده موی من فر و اسیب دیدست  و تاثیرزیادی توی لختی و وز مو حس نمیکنم فقط همون حس اسپری زد حرارت رو داره و مورد دیگه بوی خیلی قوی داره همون بوی شامپو هارو میده ولی اسانسش بیشتره و یکم  واسه من ازار دهندست وقتی میزنم,12,true,2017-05-24T19:47:25.0266667+00:00,مثبت,0.79,محصول,محصول
اسپری کراتین حالت دهنده شاین حجم 200 میلی لیتر,https://www.khanoumi.com/products/tresemme-keratin-smooth-heat-protection-shine-spray-16684,میگید که یه محصول رومیتونیدنگه دارید تایه هفته.وقتی نگه میداریم تا چیزای دیگه هم اضافه کنیم میزنید تموم شده .لطفا به حرفتون عمل کنید.,14,false,2017-05-12T20:37:11.6666667+00:00,خنثی,0.35,محصول,محصول
اسپری کراتین حالت دهنده شاین حجم 200 میلی لیتر,https://www.khanoumi.com/products/tresemme-keratin-smooth-heat-protection-shine-spray-16684,شانس لطفا,3,false,2017-05-05T01:27:25.4533333+00:00,خنثی,0.35,سایر,سایر
اسپری کراتین حالت دهنده شاین حجم 200 میلی لیتر,https://www.khanoumi.com/products/tresemme-keratin-smooth-heat-protection-shine-spray-16684,لطفا موجودش کنید,3,false,2017-04-13T14:20:18.31+00:00,خنثی,0.35,محصول,محصول
اسپری کراتین حالت دهنده شاین حجم 200 میلی لیتر,https://www.khanoumi.com/products/tresemme-keratin-smooth-heat-protection-shine-spray-16684,من این محصول رو گرفتم خیلی راضیم دیگه موقع سشوار کشیدن موهام حالت زبر و خشکی ندارن و تو هم گیر نمی کنن,5,true,2017-03-09T06:36:39.7966667+00:00,مثبت,0.79,محصول,محصول
اسپری کراتین حالت دهنده شاین حجم 200 میلی لیتر,https://www.khanoumi.com/products/tresemme-keratin-smooth-heat-protection-shine-spray-16684,شانس خانومی لطفا,12,false,2017-02-27T09:00:19.44+00:00,خنثی,0.35,سایر,سایر
اسپری کراتین حالت دهنده شاین حجم 200 میلی لیتر,https://www.khanoumi.com/products/tresemme-keratin-smooth-heat-protection-shine-spray-16684,لطفا شانس,12,true,2017-02-27T08:59:50.6133333+00:00,خنثی,0.35,سایر,سایر
اسپری کراتین حالت دهنده شاین حجم 200 میلی لیتر,https://www.khanoumi.com/products/tresemme-keratin-smooth-heat-protection-shine-spray-16684,چرا شانسو برداشتید؟؟؟؟؟من رفتم به کارتم پول ریختم تا برگشتم شانس برداشته شد لطفا دوباره بزارید,13,false,2017-02-25T15:13:19.15+00:00,خنثی,0.35,خدمات و پشتیبانی,خدمات و پشتیبانی
اسپری کراتین حالت دهنده شاین حجم 200 میلی لیتر,https://www.khanoumi.com/products/tresemme-keratin-smooth-heat-protection-shine-spray-16684,شانس خانومی لطفا,7,false,2017-02-22T18:53:29.34+00:00,خنثی,0.35,سایر,سایر
روغن اکسیر,https://www.khanoumi.com/products/tresemme-oil-elixir-16685,من از اين محصول استفاده نكردم ولي امروز از تفاوت قيمت اون حتي وقتي تخفيف نيست تعجب ميكنم اينجا کمتر هستش سايتهاي ديگه خیلی بالاتر زدن 😐😐,0,false,2017-12-25T07:39:02+00:00,خنثی,0.35,قیمت | محصول,قیمت
روغن اکسیر,https://www.khanoumi.com/products/tresemme-oil-elixir-16685,"اين محصول واقعا عالي بود 
من تا حالا سه تا ازش خريدم",0,true,2017-04-15T09:18:16.38+00:00,مثبت,0.79,محصول,محصول
روغن اکسیر,https://www.khanoumi.com/products/tresemme-oil-elixir-16685,مو رو چرب نميكنه.بوي خوبي نداره.موهاي رنگ شده رو براق نميكنه.گره مو رو خوب باز ميكنه,5,true,2017-04-06T14:08:51.2866667+00:00,خنثی,0.35,محصول,محصول
روغن اکسیر,https://www.khanoumi.com/products/tresemme-oil-elixir-16685,شانس لطفااااا,9,false,2017-03-28T23:44:42.8266667+00:00,خنثی,0.35,سایر,سایر
روغن اکسیر,https://www.khanoumi.com/products/tresemme-oil-elixir-16685,شانس لطفا خانومی,8,false,2017-03-28T23:43:04.1433333+00:00,خنثی,0.35,سایر,سایر
روغن اکسیر,https://www.khanoumi.com/products/tresemme-oil-elixir-16685,مو رو چرب میکنه یا زود جذب میشه؟,2,true,2017-02-22T16:24:23.2933333+00:00,خنثی,0.35,محصول,محصول
شامپو جوان کننده مو حجم 266 میلی لیتر,https://www.khanoumi.com/products/tresemme-youth-boost-shampoo-16686,"نقطه قوت : مو گره نميخوره 
مقطه ضعف: موي رنگ شده را شفاف نميكنه.مو زود چرب ميشه",0,true,2017-06-30T12:06:51.24+00:00,خنثی,0.35,محصول,محصول
شامپو جوان کننده مو حجم 266 میلی لیتر,https://www.khanoumi.com/products/tresemme-youth-boost-shampoo-16686,خیلییی خوبه من خیلی از محصولات ترسمه راضیم وقتی ازش استفاده کنین  واقعا رضایت خاطر میاره و سطح توقعتون بالا میره و به شامپو های معمولی راضی نمیشین ,10,false,2017-03-28T23:48:44.38+00:00,مثبت,0.91,محصول,محصول
نرم کننده جوان کننده مو حجم 266 میلی لیتر,https://www.khanoumi.com/products/tresemme-youth-boost-conditioner-16687,شانس لطفاااا,3,false,2017-03-28T23:46:53.43+00:00,خنثی,0.35,سایر,سایر
بی بی کرم مو التیم حجم 100 میلی لیتر,https://www.khanoumi.com/products/schwarzkopf-omega-repair-bb-beauty-balm-16688,سلام ، از این کرم مو دیگه پیدا نمیشه، میشه لطفا جایگزین بفرمایید که کاراییش مثل این کرم مو باشه، ممنون,0,false,2023-01-01T02:42:21+00:00,مثبت,0.67,محصول,محصول
بی بی کرم مو التیم حجم 100 میلی لیتر,https://www.khanoumi.com/products/schwarzkopf-omega-repair-bb-beauty-balm-16688,موجود کنید لطفا,2,false,2017-12-15T16:39:43.1633333+00:00,خنثی,0.35,محصول,محصول
بی بی کرم مو التیم حجم 100 میلی لیتر,https://www.khanoumi.com/products/schwarzkopf-omega-repair-bb-beauty-balm-16688,"با سلام و تشکر از سایت خوبتون.
این محصول را خریداری و استفاده کرده ام و بسیار از آن راضی بودم. لطفا دوباره این محصول را بیاورید و در شانس قرار دهید.",10,true,2017-07-05T01:40:13.45+00:00,مثبت,0.79,محصول,محصول
عصاره جوان کننده وایت بوتانیکال,https://www.khanoumi.com/products/yves-rocher-white-botanical-exceptional-youth-essence-16690,لطفا تو تخفیفات  عیدها بذارین,1,false,2017-09-01T18:19:46.16+00:00,خنثی,0.35,قیمت,قیمت
کرم دور چشم ضد چروک گلوبال,https://www.khanoumi.com/products/yves-rocher-anti-age-global-regard-eye-16691,شانس لطفا,4,false,2018-05-06T20:25:54.0666667+00:00,خنثی,0.35,سایر,سایر
لوسیون کرم مات کننده پیور سیستم,https://www.khanoumi.com/products/yves-rocher-pure-system-stop-blemish-lotion-16692,سلام ببخشید لطفا کل محصولات pure system yves rocher رو موجود کنید. 5 تا محصول مکمل هم هستند شما فقط لوسیون تونرشو دارید! ممنون,7,false,2018-05-14T12:13:13.31+00:00,مثبت,0.67,محصول,محصول
کرم ضد چروک دور چشم مدل وایت بوتانیکال,https://www.khanoumi.com/products/yves-rocher-white-botanical-exceptional-youth-eye-contour-16693,سرکار خانم  فرشته  کشاورز  عزیز/ بله ، برای  تمام  سنین  مناسب  است,0,false,2018-07-11T09:44:22.2433333+00:00,خنثی,0.35,سایر,سایر
کرم ضد چروک دور چشم مدل وایت بوتانیکال,https://www.khanoumi.com/products/yves-rocher-white-botanical-exceptional-youth-eye-contour-16693,سلام خسته نباشید ببخشید کرم دور چشم برای  همه سنین است این ؟,0,false,2018-07-11T03:14:49.8766667+00:00,خنثی,0.35,محصول,محصول
رول آن سرم ضد چروک چشم مدل وژتال,https://www.khanoumi.com/products/yves-rocher-serum-vegetal-wrinkles-and-lifting-roll-on-16695,محصول خوبيه نرم كننده پوسته شايد پيشگيري كننده از چرم و... ولي درمان كننده كننده نيست در كل بد نبود ,2,true,2018-11-18T14:04:28.6666667+00:00,مثبت,0.79,محصول,محصول
امولوسیون مدل وایت بوتانیکال,https://www.khanoumi.com/products/yves-rocher-white-botanical-exceptional-youth-emulsion-16696,لطفا تو تخفیفات عیدها بذارین,19,false,2017-09-01T18:20:19.7+00:00,خنثی,0.35,قیمت,قیمت
امولوسیون مدل وایت بوتانیکال,https://www.khanoumi.com/products/yves-rocher-white-botanical-exceptional-youth-emulsion-16696,شانس خانومی لطفااااااا,17,false,2017-08-24T17:06:45.63+00:00,خنثی,0.35,سایر,سایر
ژل کرم ضد جوش و آبرسان قوی مدل SEBO VEGETAL حجم 50 میلی لیتر,https://www.khanoumi.com/products/yves-rocher-sebo-vegetal-zero-blemish-gel-cream-16697,پگاه عزیز؛ افزایش قیمت و قیمت گذاری توسط وارد کننده اصلی انجام میشه و خانومی در این امر دخل و تصرفی ندارد. ,6,false,2018-09-22T16:13:57.1333333+00:00,مثبت,0.67,اصل بودن کالا | قیمت,اصل بودن کالا
ژل کرم ضد جوش و آبرسان قوی مدل SEBO VEGETAL حجم 50 میلی لیتر,https://www.khanoumi.com/products/yves-rocher-sebo-vegetal-zero-blemish-gel-cream-16697,من قبلا این کرمو از خانومی رو می گرفتم. الان باز میخواستم بگیرم میبینم از هر سایت دیگه ای گرونت  میدین. خیلی ناگهانی زیاد گرونش کردین ,25,true,2018-09-19T16:07:19.5933333+00:00,خنثی,0.35,محصول | قیمت,محصول
ژل کرم ضد جوش و آبرسان قوی مدل SEBO VEGETAL حجم 50 میلی لیتر,https://www.khanoumi.com/products/yves-rocher-sebo-vegetal-zero-blemish-gel-cream-16697,سلام من این محصول رو گرفتم اما وقتی روز روی پوست تمیزمیزنم با اینکه ساعت ها میگذره اما جذب پوستم نمیشه و وقتی دست میکشم به صورت دون دونه خشک شده از صورتم جدا میشه ؛ به همین خاطر که جذب نمیشه تاثیری روی صورتم نداره ,26,true,2018-07-02T14:50:10.0266667+00:00,خنثی,0.35,محصول,محصول
ژل کرم ضد جوش و آبرسان قوی مدل SEBO VEGETAL حجم 50 میلی لیتر,https://www.khanoumi.com/products/yves-rocher-sebo-vegetal-zero-blemish-gel-cream-16697,شانس لطفا,1,false,2018-06-30T13:14:48.5733333+00:00,خنثی,0.35,سایر,سایر
ژل کرم ضد جوش و آبرسان قوی مدل SEBO VEGETAL حجم 50 میلی لیتر,https://www.khanoumi.com/products/yves-rocher-sebo-vegetal-zero-blemish-gel-cream-16697,شانس لطفا,1,false,2018-06-27T14:49:06.61+00:00,خنثی,0.35,سایر,سایر
ژل کرم ضد جوش و آبرسان قوی مدل SEBO VEGETAL حجم 50 میلی لیتر,https://www.khanoumi.com/products/yves-rocher-sebo-vegetal-zero-blemish-gel-cream-16697,شانس,4,false,2018-05-31T12:33:16.0866667+00:00,خنثی,0.35,سایر,سایر
ژل کرم ضد جوش و آبرسان قوی مدل SEBO VEGETAL حجم 50 میلی لیتر,https://www.khanoumi.com/products/yves-rocher-sebo-vegetal-zero-blemish-gel-cream-16697,سلام.من چون از محصولات ضد جوش برای صورتم استفاده میکنم صورتم خیلی خشک شده بود.واقعا به این محصول نیاز داشتم.محصولی که در عین حال که پوستمو مرطوب میکنه ماته!و برق نمیندازه رو پوست.باهاش جوش هم نمیزنم و به بهبود جوش کمک میکنه,3,true,2018-04-24T14:36:14.82+00:00,خنثی,0.35,محصول,محصول
ژل کرم ضد جوش و آبرسان قوی مدل SEBO VEGETAL حجم 50 میلی لیتر,https://www.khanoumi.com/products/yves-rocher-sebo-vegetal-zero-blemish-gel-cream-16697,ایکاش اس پی اف داشت,0,false,2018-02-24T12:57:06.7766667+00:00,خنثی,0.35,سایر,سایر
ژل کرم ضد جوش و آبرسان قوی مدل SEBO VEGETAL حجم 50 میلی لیتر,https://www.khanoumi.com/products/yves-rocher-sebo-vegetal-zero-blemish-gel-cream-16697,لطفا این محصول رو شارژ کنین خیلی خوبه:),4,false,2017-05-17T02:44:39.6633333+00:00,مثبت,0.91,محصول,محصول
ژل کرم ضد جوش و آبرسان قوی مدل SEBO VEGETAL حجم 50 میلی لیتر,https://www.khanoumi.com/products/yves-rocher-sebo-vegetal-zero-blemish-gel-cream-16697,این برند عالیه مرسی که اضافه کردید به فروشگاه ,0,false,2017-02-17T12:36:21.19+00:00,مثبت,0.91,سایر,سایر
ژل کرم ضد جوش و آبرسان قوی مدل SEBO VEGETAL حجم 50 میلی لیتر,https://www.khanoumi.com/products/yves-rocher-sebo-vegetal-zero-blemish-gel-cream-16697,چرا از هر برندی ورداشتین ۴تا دونه محصول اوردین؟ اسپری آب اون رو هم حتی نیووردین😂😂😂 از هر برندی ۴تا دونه آوردین که چی بشه!,3,false,2017-02-07T09:44:57+00:00,خنثی,0.35,محصول,محصول
کرم شاداب کننده و قوام دهنده روز مدل سرم وژتال,https://www.khanoumi.com/products/yves-rocher-serum-vegetal-wrinkles-and-firmness-16698,اگه کسی استفاده کرده نظرش رو بنویسه لطفا ,5,false,2018-04-16T15:06:08.6533333+00:00,خنثی,0.35,سایر,سایر
کرم ضد چروک و لیفتینگ شب مدل سرم وژتال,https://www.khanoumi.com/products/yves-rocher-serum-vegetal-wrinkles-and-lifting-16699,این کرم برای سن پایینتر از ۴۰ سال هم خوبه؟البته ۳۵ سال به بالا,5,false,2018-07-01T18:59:58.8933333+00:00,مثبت,0.79,محصول,محصول
کرم ضد چروک و لیفتینگ شب مدل سرم وژتال,https://www.khanoumi.com/products/yves-rocher-serum-vegetal-wrinkles-and-lifting-16699,من این کرم را خریدم و کرم دور چشمشو ولی هیچ هدیه ای باهاشون نیومد !!!!!! ولی کیفیت کرم ها واقعا خوبه و راضیم,1,true,2018-03-31T10:53:03.14+00:00,مثبت,0.95,محصول,محصول
کرم ضد چروک و لیفتینگ شب مدل سرم وژتال,https://www.khanoumi.com/products/yves-rocher-serum-vegetal-wrinkles-and-lifting-16699,سلام. ببخشید اگه از این کار به زودی شارژ نمیشه من از جای دیگه ای خرید کنم چون تا عید میخوامش.ممنونم,0,false,2018-01-31T08:29:14.4633333+00:00,مثبت,0.67,سایر,سایر
کرم روز تغذیه کننده 24 ساعته مدل نوتریتیو حجم 50 میلی لیتر,https://www.khanoumi.com/products/yves-rocher-nutritive-vegetal-24h-comfort-nourishing-cream-16700,لیلی عزیز؛ قیمت گذاری و افزایش قیمت توسط وارد کننده اصلی انجام میشه و خانومی در این امر دخالتی ندارد. ,0,false,2018-09-22T16:15:30.1833333+00:00,مثبت,0.67,اصل بودن کالا | قیمت,اصل بودن کالا
کرم روز تغذیه کننده 24 ساعته مدل نوتریتیو حجم 50 میلی لیتر,https://www.khanoumi.com/products/yves-rocher-nutritive-vegetal-24h-comfort-nourishing-cream-16700,قیمت محصولاتتون  روزی یا ساعتی می ره بالا؟!!!!  همین کرم در عرض 10 روز 3 بار افزایش قیمت داشته!!!!!!!,8,false,2018-09-19T13:19:32.3666667+00:00,خنثی,0.35,محصول | قیمت,محصول
کرم روز تغذیه کننده 24 ساعته مدل نوتریتیو حجم 50 میلی لیتر,https://www.khanoumi.com/products/yves-rocher-nutritive-vegetal-24h-comfort-nourishing-cream-16700,شانس خانمی,3,false,2018-05-23T19:39:23.7466667+00:00,خنثی,0.35,سایر,سایر
ژل کرم مرطوب کننده و آبرسان 48 ساعته مدل Hydra Vegetal,https://www.khanoumi.com/products/yves-rocher-hydra-vegetal-gel-creme-hydratation-intense-24h-16701,این محصول بی نظیره. لطفا موجودش کنید. ممنون,0,false,2026-04-24T20:35:16.1023422+03:30,مثبت,0.67,محصول,محصول
ژل کرم مرطوب کننده و آبرسان 48 ساعته مدل Hydra Vegetal,https://www.khanoumi.com/products/yves-rocher-hydra-vegetal-gel-creme-hydratation-intense-24h-16701,عاشقشم ❤️لطفا توی شانس بزاریدش حتما👑,8,false,2018-08-25T12:16:07.88+00:00,مثبت,0.67,سایر,سایر
ژل کرم مرطوب کننده و آبرسان 48 ساعته مدل Hydra Vegetal,https://www.khanoumi.com/products/yves-rocher-hydra-vegetal-gel-creme-hydratation-intense-24h-16701, من این محصولو دوسه روز پیش بدون اینکه قیمت شو بدونم ازتون خریدم و الان دیدم روی سایت دیگر کمتر قیمت خورده ...  واقعا اعتمادمو از دست دادم بهتون، بالاتر از قیمت معمول چرا؟ من همیشه مشتری تون بودم و بهتون اعتماد داشتم,17,true,2018-06-18T18:39:56+00:00,منفی,0.79,محصول | قیمت,محصول
ژل کرم مرطوب کننده و آبرسان 48 ساعته مدل Hydra Vegetal,https://www.khanoumi.com/products/yves-rocher-hydra-vegetal-gel-creme-hydratation-intense-24h-16701,كيفيت معمولي اي داره،چربم هست,2,true,2018-06-10T16:15:30.6566667+00:00,خنثی,0.35,محصول,محصول
ژل کرم مرطوب کننده و آبرسان 48 ساعته مدل Hydra Vegetal,https://www.khanoumi.com/products/yves-rocher-hydra-vegetal-gel-creme-hydratation-intense-24h-16701,شانس لطفا,5,false,2018-02-25T15:32:37.2666667+00:00,خنثی,0.35,سایر,سایر
ژل کرم مرطوب کننده و آبرسان 48 ساعته مدل Hydra Vegetal,https://www.khanoumi.com/products/yves-rocher-hydra-vegetal-gel-creme-hydratation-intense-24h-16701,سلام لطفا این محصول را در شانس بزارید.,5,false,2018-02-17T20:58:08.9433333+00:00,خنثی,0.35,محصول,محصول
ژل کرم مرطوب کننده و آبرسان 48 ساعته مدل Hydra Vegetal,https://www.khanoumi.com/products/yves-rocher-hydra-vegetal-gel-creme-hydratation-intense-24h-16701,سلام لطفا این محصول را در شانس بزارید.,5,false,2018-02-17T20:58:04.55+00:00,خنثی,0.35,محصول,محصول
ژل کرم مرطوب کننده و آبرسان 48 ساعته مدل Hydra Vegetal,https://www.khanoumi.com/products/yves-rocher-hydra-vegetal-gel-creme-hydratation-intense-24h-16701,این محصول همه جا ۴۷ هست همین جا هم ۴۳ بود بعد الان که رفته تو تخفیف شده ۴۸؟؟؟,2,false,2018-02-10T12:49:55.2033333+00:00,خنثی,0.35,محصول | قیمت,محصول
ژل کرم مرطوب کننده و آبرسان 48 ساعته مدل Hydra Vegetal,https://www.khanoumi.com/products/yves-rocher-hydra-vegetal-gel-creme-hydratation-intense-24h-16701,من این محصول رو سفارش دادم ولی کرم اس پی اف 25 رسید دستم،تفاوتشون چیه؟,2,true,2017-12-31T18:55:16.2966667+00:00,خنثی,0.35,محصول | تحویل و ارسال,محصول
ژل کرم مرطوب کننده و آبرسان 48 ساعته مدل Hydra Vegetal,https://www.khanoumi.com/products/yves-rocher-hydra-vegetal-gel-creme-hydratation-intense-24h-16701,من این محصول رو سفارش دادم ولی کرم اس پی اف 25 رسید دستم،تفاوتشون چیه؟,1,true,2017-12-31T18:55:15.8733333+00:00,خنثی,0.35,محصول | تحویل و ارسال,محصول
ژل کرم مرطوب کننده و آبرسان 48 ساعته مدل Hydra Vegetal,https://www.khanoumi.com/products/yves-rocher-hydra-vegetal-gel-creme-hydratation-intense-24h-16701,من این محصول رو سفارش دادم ولی کرم اس پی اف 25 رسید دستم،تفاوتشون چیه؟,1,true,2017-12-31T18:55:15.7966667+00:00,خنثی,0.35,محصول | تحویل و ارسال,محصول
ژل کرم مرطوب کننده و آبرسان 48 ساعته مدل Hydra Vegetal,https://www.khanoumi.com/products/yves-rocher-hydra-vegetal-gel-creme-hydratation-intense-24h-16701,من این کرم رو مصرف کردم خوبه، پوست رو مرطوب میکنه...ولی از مرطوب کننده سنت آیوز راضی تر بودم...چون ایوروشه حجمش کمه زود تموم شد و علاوه بر این بافت کرم سنت آیوز سبک تره و بهتر جذب پوستم میشه...ولی در کل کرم بدی نیست ,7,false,2017-01-31T21:09:29.24+00:00,مثبت,0.95,محصول,محصول
کرم شب و روز مدل وایت بوتانیکال,https://www.khanoumi.com/products/yves-rocher-white-botanical-moisturizing-lightening-cream-day-16703,برای پوست چرب باعث جوش نمیشه!,3,false,2017-06-14T02:59:46.43+00:00,خنثی,0.35,محصول,محصول
کرم شب و روز مدل وایت بوتانیکال,https://www.khanoumi.com/products/yves-rocher-white-botanical-moisturizing-lightening-cream-day-16703,اگر براي كرم ها بازه ي سني مشخص كنيد خيلي خوب ميشه ممنون,17,false,2017-06-11T12:10:44.2133333+00:00,مثبت,0.91,محصول,محصول
ژل شستشو دهنده پوست مدل پیور کالمیل,https://www.khanoumi.com/products/yves-rocher-pure-calmille-gel-16704,لطفا شارژ کنید خیلی خوبه این ژل شست و شو ,4,false,2019-02-20T14:18:45.08+00:00,مثبت,0.91,سایر,سایر
ژل شستشو دهنده پوست مدل پیور کالمیل,https://www.khanoumi.com/products/yves-rocher-pure-calmille-gel-16704,من این محصول رو همیشه استفاده میکنم و خیلی راضی هستم و از هر محصول دیگه ای استفاده میکنم پوستم رو خشک میکنه و فقط این ژل با پوست من سازگاری داره. لطفا بازم بیارین ,5,false,2018-05-26T14:43:50.4133333+00:00,مثبت,0.67,محصول,محصول
ژل شستشو دهنده پوست مدل پیور کالمیل,https://www.khanoumi.com/products/yves-rocher-pure-calmille-gel-16704,لطفا دوباره بیارید من خیلی راضی بودم ,5,true,2018-05-24T01:44:26.4033333+00:00,مثبت,0.67,محصول,محصول
ژل شستشو دهنده پوست مدل پیور کالمیل,https://www.khanoumi.com/products/yves-rocher-pure-calmille-gel-16704,من استفاده کردم و پیشنهاد نمیکنم. در عین این که قدرت پاک کنندگیش کمه صورت رو خشک میکنه! کف هم نمیکنه.,4,true,2017-10-10T10:58:38.6033333+00:00,منفی,0.67,سایر,سایر
ژل شستشو دهنده پوست مدل پیور کالمیل,https://www.khanoumi.com/products/yves-rocher-pure-calmille-gel-16704,کی موجود میشه ؟؟؟ لطفا زودتر بیارین ممنون,2,false,2017-04-24T22:01:07.4033333+00:00,مثبت,0.67,محصول,محصول
لوسیون پاک کننده صورت مدل پیور سیستم,https://www.khanoumi.com/products/yves-rocher-pure-system-lotion-clarifiante-16705,من عاشق این محصولم.جوش های صورتمو خیلی خوب کنترل میکنه و حتی از بین میبره,2,true,2019-11-18T23:03:57+00:00,مثبت,0.79,محصول,محصول
لوسیون پاک کننده صورت مدل پیور سیستم,https://www.khanoumi.com/products/yves-rocher-pure-system-lotion-clarifiante-16705,"خانم 
Shaghayegh   Km
عزیز/ این  محصول پاک  کننده  پوست است. بنابراین  در ابتدا با این  پاک  کننده  تمیز  کرده  و سپس  کرم  مات  کننده  را  استفاده  کنید",2,false,2018-07-14T15:07:38.4133333+00:00,خنثی,0.35,محصول,محصول
لوسیون پاک کننده صورت مدل پیور سیستم,https://www.khanoumi.com/products/yves-rocher-pure-system-lotion-clarifiante-16705,سلام من اين محصول و لوسيون اين محصول رو  كه زدين مكمل همديگن خريدم ازتون ولى نميدونم اول اينو بزنم يا اول لوسيون بزنم روش اينو ؟ سوال بعد اين كه لوسيونمبايد با پنيه بزنم پاك كنم پوستمو يا مثل كرم استفاده كنم ,2,false,2018-07-12T02:05:29.2466667+00:00,خنثی,0.35,محصول,محصول
لوسیون پاک کننده صورت مدل پیور سیستم,https://www.khanoumi.com/products/yves-rocher-pure-system-lotion-clarifiante-16705,شوينده قوي ايه،خشك ميكنه پوستو,6,true,2018-06-10T16:17:53.1866667+00:00,خنثی,0.35,محصول,محصول
لوسیون پاک کننده صورت مدل پیور سیستم,https://www.khanoumi.com/products/yves-rocher-pure-system-lotion-clarifiante-16705,"برای پوست های خیلی چرب خوبه چون خیلی قدرت تمیزکنندگی و خشک کردنش زیاده
من رو قسمت های خیلی چرب و مستعد جوش یا جوش دار میزنم و مناسبه ضمنا چون خیلی غلیظه به صرفه است و طولانی مدت میمونه",13,false,2018-02-28T14:53:30.6933333+00:00,مثبت,0.79,محصول,محصول
آب میسلار 2 در 1 مدل سبووژتال,https://www.khanoumi.com/products/yves-rocher-sebo-vegetal-micellar-water-2-in-1-16706,با دیدن نظرات خریدمش و واقعا همونی که گفته بودن بود. پوستم چربه پوستمو کاملا تمیز میکنه ارایشمو باهاش پاک میکنم و روزی یکبار هم چربی پوستمو باهاش میشورم پوستمو روشن میکنه و روی منافذمم تاثیر داره بوی خوبی داره و خوبم کف میکنه، فاقد پارابن هست و من خیلی دوسش دارم. همیشه دنبال یه شوینده خوب برای صورتم بودم الان دیگه پیداش کردم😍,0,true,2019-11-19T13:39:39+00:00,مثبت,0.91,محصول,محصول
آب میسلار 2 در 1 مدل سبووژتال,https://www.khanoumi.com/products/yves-rocher-sebo-vegetal-micellar-water-2-in-1-16706,من خیلی راضیم از این محصول پوستم خیلی چربه و چربی پوستمو کنترل میکنه، اگه ارایش داشته باشم ارایشمو با این پاک میکنم بعد صورتمو با فوم شستشو میشورم و بعد تونر میزنم، اگر هم آرایش نداشته باشم اول چربی صورتمو با این محصول میگیرم بعد هم تونر گلاب میزنم در کل خیلی راضیم,0,true,2019-09-01T17:31:58+00:00,مثبت,0.95,محصول,محصول
آب میسلار 2 در 1 مدل سبووژتال,https://www.khanoumi.com/products/yves-rocher-sebo-vegetal-micellar-water-2-in-1-16706,من این محصول رو خریداری کردم، پوستم چربه، و این پاک کننده بدون اینکه پوست رو خشک یا براق و چسبنده کنه ، اون رو پاک میکنه ... راضی هستم، تشکر از خانومی,1,true,2019-08-21T13:27:58.7566667+00:00,ترکیبی,0.66,محصول,محصول
آب میسلار 2 در 1 مدل سبووژتال,https://www.khanoumi.com/products/yves-rocher-sebo-vegetal-micellar-water-2-in-1-16706,من راضی ام. پوستم خیلی چربه و این میسلار بددن اینکه پوست رو خشک کنه چربی اضافه رو میگیره و تمیز میکنه. پوست رو براق میکنه. تو این سایت قیمتش خیلی خوب و به صرفه س ولی قیمت اصلیش خیلی بالاست و نمی ارزه,1,true,2019-04-25T23:23:56.5933333+00:00,ترکیبی,0.92,محصول | اصل بودن کالا | قیمت,محصول
آب میسلار 2 در 1 مدل سبووژتال,https://www.khanoumi.com/products/yves-rocher-sebo-vegetal-micellar-water-2-in-1-16706,من راضی ام. پوستم خیلی چربه و این میسلار بددن اینکه پوست رو خشک کنه چربی اضافه رو میگیره و تمیز میکنه. پوست رو براق میکنه. تو این سایت قیمتش خیلی خوب و به صرفه س ولی قیمت اصلیش خیلی بالاست و نمی ارزه,0,true,2019-04-25T23:23:46.4966667+00:00,ترکیبی,0.92,محصول | اصل بودن کالا | قیمت,محصول
آب میسلار 2 در 1 مدل سبووژتال,https://www.khanoumi.com/products/yves-rocher-sebo-vegetal-micellar-water-2-in-1-16706,توی ترکیباتش الکل هم داره ؟ ,5,true,2019-01-17T08:44:03.94+00:00,خنثی,0.35,سایر,سایر
آب میسلار 2 در 1 مدل سبووژتال,https://www.khanoumi.com/products/yves-rocher-sebo-vegetal-micellar-water-2-in-1-16706,سلام براى چشم هم ميشه استفاده كرد ؟,5,false,2018-10-07T02:04:45.0766667+00:00,خنثی,0.35,سایر,سایر
آب میسلار 2 در 1 مدل سبووژتال,https://www.khanoumi.com/products/yves-rocher-sebo-vegetal-micellar-water-2-in-1-16706,"آرزوی عزیز 
این محصول میسلار واتر هست و بعد از استفاده نیاز به شستشوی صورت نمی باشد. تونر ها و میسلار واتر ها به طور کلی بعد از استفاده از شوینده مورد استفاده قرار میگیرند
",5,false,2018-04-30T11:40:47.4433333+00:00,خنثی,0.35,محصول,محصول
آب میسلار 2 در 1 مدل سبووژتال,https://www.khanoumi.com/products/yves-rocher-sebo-vegetal-micellar-water-2-in-1-16706,سلام. این محصول به عنوان تونر استفاده میشه یا میسلار واتر؟ یعنی بعد استفاده بشوریم صورت رو با شوینده؟ من این رو به عنوان تونر از سایت خریدم. سرچ کردم تونر این‌محصول رو آورد! خواهش یکم توضیحاتتون راجع به شیوه استفاده گسترده تر کنید,8,false,2018-04-29T22:13:55.03+00:00,خنثی,0.35,محصول,محصول
آب میسلار 2 در 1 مدل سبووژتال,https://www.khanoumi.com/products/yves-rocher-sebo-vegetal-micellar-water-2-in-1-16706,اين چه فرقي با تونر و تونيك داره؟,7,false,2017-06-26T05:41:28.5+00:00,خنثی,0.35,سایر,سایر
محلول تقویت کننده مژه حجم 10 میلی لیتر,https://www.khanoumi.com/products/mavala-double-lash-16710,به جرأت میگم این محصول رو با خیال راحت تهیه کنید واقعا عالیه و مژه ها بلند از قبل میشه حتی. من چندین سال پیش استفاده میکردم خیلی راضی بودم چند ماه پیش هم ازاینحا خریدم استفاده کردم سه ماه راحت میشه ازش استفاده کرد هر شب. بازم مثل قدیم راضی بودم.,0,false,2025-08-10T19:06:42.9581826+00:00,مثبت,0.95,محصول,محصول
محلول تقویت کننده مژه حجم 10 میلی لیتر,https://www.khanoumi.com/products/mavala-double-lash-16710,استفاده نکردم ولی تعریفشو زیاد شنیدم.لطفا موجود کنید,0,false,2025-07-15T12:17:41.4079706+00:00,خنثی,0.35,محصول,محصول
محلول تقویت کننده مژه حجم 10 میلی لیتر,https://www.khanoumi.com/products/mavala-double-lash-16710,من واقعا منتظر موجود شدنش هستم تا سبدم رو ببندم استفاده نکردم اما تعریفش رو شنیدم,0,false,2025-05-24T17:41:36.735669+00:00,منفی,0.67,محصول,محصول
محلول تقویت کننده مژه حجم 10 میلی لیتر,https://www.khanoumi.com/products/mavala-double-lash-16710,خواهشا موجودش کنید,0,false,2025-02-23T20:39:38.8705733+00:00,خنثی,0.35,محصول,محصول
محلول تقویت کننده مژه حجم 10 میلی لیتر,https://www.khanoumi.com/products/mavala-double-lash-16710,لطفا موجود کنید,0,false,2025-02-18T10:06:38.4331553+00:00,خنثی,0.35,محصول,محصول
محلول تقویت کننده مژه حجم 10 میلی لیتر,https://www.khanoumi.com/products/mavala-double-lash-16710,موجود کنیدددد,0,false,2025-02-17T14:54:58.4563251+00:00,خنثی,0.35,محصول,محصول
محلول تقویت کننده مژه حجم 10 میلی لیتر,https://www.khanoumi.com/products/mavala-double-lash-16710,لطفا موجودش کنید.,0,false,2025-01-29T16:20:04.8815536+00:00,خنثی,0.35,محصول,محصول
محلول تقویت کننده مژه حجم 10 میلی لیتر,https://www.khanoumi.com/products/mavala-double-lash-16710,چرا موجود نمیشه؟؟؟,0,false,2024-06-23T10:04:18+00:00,خنثی,0.35,محصول,محصول
محلول تقویت کننده مژه حجم 10 میلی لیتر,https://www.khanoumi.com/products/mavala-double-lash-16710,برای من هیچ تاثیری نداشت من طبق نظر دوستان خریدم ,0,false,2024-05-22T16:52:15+00:00,خنثی,0.35,سایر,سایر
محلول تقویت کننده مژه حجم 10 میلی لیتر,https://www.khanoumi.com/products/mavala-double-lash-16710,خانمی لطفا موجود کن ,0,false,2024-04-29T01:21:57+00:00,خنثی,0.35,محصول,محصول
محلول تقویت کننده مژه حجم 10 میلی لیتر,https://www.khanoumi.com/products/mavala-double-lash-16710,لطفا این محصول رو شارژ کنید,1,false,2023-03-05T10:13:26+00:00,خنثی,0.35,محصول,محصول
محلول تقویت کننده مژه حجم 10 میلی لیتر,https://www.khanoumi.com/products/mavala-double-lash-16710,عالیه من چند سال پیش استفاده میکردم نتیجه خوبی داشت االان هم با همون کیفیت باشه خیلی خوبه .,1,false,2022-03-16T11:09:16+00:00,مثبت,0.95,محصول,محصول
محلول تقویت کننده مژه حجم 10 میلی لیتر,https://www.khanoumi.com/products/mavala-double-lash-16710,خانم شریفیان؛ تخفیفات محدود هستند و زمانی که تخفیف محصول تمام شود به قیمت اصلی بازگشت داده میشود. ,3,false,2019-02-06T17:43:04.41+00:00,مثبت,0.67,قیمت | اصل بودن کالا | محصول,قیمت
محلول تقویت کننده مژه حجم 10 میلی لیتر,https://www.khanoumi.com/products/mavala-double-lash-16710,چرا ارزان تر  تو استوری نوشتین ولی وقتی میخوام خرید کنم همون قیمت اصلی رو میزنه؟؟ دفعه قبل هم تو تخفیف خواستم خرید کنم ولی دوباره قیمت اصلی تو فاکتور نوشت من هم خرید نکردم😡,15,true,2019-02-05T22:04:07+00:00,مثبت,0.79,اصل بودن کالا | قیمت | محصول,اصل بودن کالا
محلول تقویت کننده مژه حجم 10 میلی لیتر,https://www.khanoumi.com/products/mavala-double-lash-16710,لطفا بذاريد تو شانس🙏🏻🙏🏻🙏🏻,11,true,2019-01-27T13:26:41.1633333+00:00,خنثی,0.35,سایر,سایر
محلول تقویت کننده مژه حجم 10 میلی لیتر,https://www.khanoumi.com/products/mavala-double-lash-16710,لطفا بذارید تو شانس 🙇,24,false,2018-06-07T16:10:03.8833333+00:00,خنثی,0.35,سایر,سایر
محلول تقویت کننده مژه حجم 10 میلی لیتر,https://www.khanoumi.com/products/mavala-double-lash-16710,لطفا بذارید تو شانس,24,false,2018-05-24T00:50:01.83+00:00,خنثی,0.35,سایر,سایر
محلول تقویت کننده مژه حجم 10 میلی لیتر,https://www.khanoumi.com/products/mavala-double-lash-16710,"افسانه  عزیز
ساعت 10:10 دقیقه شانس ها عوض میشه و این محصول در شانس امروز قرار دارد. ",8,false,2018-05-05T09:43:30.7666667+00:00,خنثی,0.35,محصول,محصول
محلول تقویت کننده مژه حجم 10 میلی لیتر,https://www.khanoumi.com/products/mavala-double-lash-16710,پس چرا دو روزه میگین تو شانس فردا قرار میگیره ولی خبری نمیشه؟,2,true,2018-05-05T03:25:09.04+00:00,خنثی,0.35,سایر,سایر
محلول تقویت کننده مژه حجم 10 میلی لیتر,https://www.khanoumi.com/products/mavala-double-lash-16710,من كه خيلي ازش راضي بودم واقعا مژه هامو خيلي بلندو پُر كرد,3,false,2018-03-29T04:14:37.5133333+00:00,مثبت,0.67,محصول,محصول
محلول تقویت کننده مژه حجم 10 میلی لیتر,https://www.khanoumi.com/products/mavala-double-lash-16710,من ااستفادش كردم،تاثير خيلي زيادي روي ابرو داره واقعا ميشه حسش كرد اما براي مژه خيلي تاثيري چشم گيري براي من نداشت,1,false,2018-03-11T10:35:58.0466667+00:00,خنثی,0.35,سایر,سایر
محلول تقویت کننده مژه حجم 10 میلی لیتر,https://www.khanoumi.com/products/mavala-double-lash-16710,قیمتش گرونتر از بقیه جاهاس !!!,1,false,2018-02-14T23:47:08.03+00:00,خنثی,0.35,قیمت,قیمت
محلول تقویت کننده مژه حجم 10 میلی لیتر,https://www.khanoumi.com/products/mavala-double-lash-16710,لطفا شااااااااانس تووووووپ بذاريد 🙏🙏,0,true,2018-02-13T19:37:51.7366667+00:00,خنثی,0.35,سایر,سایر
محلول تقویت کننده مژه حجم 10 میلی لیتر,https://www.khanoumi.com/products/mavala-double-lash-16710,"کاربر گرامی""خانم پیروی"" تمامی برندها توسط تولید کنندگان یا وارد کنندگان اصلی قیمت گذاری میشود اما خانومی در مواقعی که برند افزایش قیمت دارد با گرفتن حداکثر تخفیف سعی در حفظ منافع  مشتری دارد.",0,false,2018-01-28T12:15:37.7666667+00:00,مثبت,0.67,قیمت | اصل بودن کالا | محصول,قیمت
محلول تقویت کننده مژه حجم 10 میلی لیتر,https://www.khanoumi.com/products/mavala-double-lash-16710,خانومی خوب داری محصولات رو غیر معقول گرون میکنی،اکثر محصولات افزایش قیمت نداشتن اصلا ولی شما گرون کردید،قیمت اصلی خیلی از محصولاتتون‌ گرونتر از بیرونه و بعد اینکه شانس بشن تازه با بیرون یکی درمیاد..لطفا نظارت کنید.,9,false,2018-01-27T11:11:49.5533333+00:00,مثبت,0.67,قیمت | محصول | اصل بودن کالا,قیمت
محلول تقویت کننده مژه حجم 10 میلی لیتر,https://www.khanoumi.com/products/mavala-double-lash-16710,سلام.لطفا در شانس قرار دهید.,6,false,2017-12-07T21:01:39.51+00:00,خنثی,0.35,سایر,سایر
محلول تقویت کننده مژه حجم 10 میلی لیتر,https://www.khanoumi.com/products/mavala-double-lash-16710,سلام ،  شانس یا  Black Friday  لطفا ,5,true,2017-11-23T11:48:47.87+00:00,خنثی,0.35,سایر,سایر
محلول تقویت کننده مژه حجم 10 میلی لیتر,https://www.khanoumi.com/products/mavala-double-lash-16710,سلام لطفا این محصول رو در شانس قرار بدید,17,false,2017-10-11T18:42:42.54+00:00,منفی,0.67,محصول,محصول
محلول تقویت کننده مژه حجم 10 میلی لیتر,https://www.khanoumi.com/products/mavala-double-lash-16710,شانس 10:10 لطفاً,22,true,2017-05-22T11:27:26.2033333+00:00,خنثی,0.35,سایر,سایر
محلول تقویت کننده مژه حجم 10 میلی لیتر,https://www.khanoumi.com/products/mavala-double-lash-16710,لطفاً موجودش کنید🙏💐😊,12,false,2017-03-26T10:48:42.23+00:00,خنثی,0.35,محصول,محصول
محلول تقویت کننده مژه حجم 10 میلی لیتر,https://www.khanoumi.com/products/mavala-double-lash-16710,خيلي محصول خوبيه واقعا تاثير داره لطفا هرچه زودتر موجود بشه و در شانس قرار بگيره🙏🏼❤,16,false,2017-03-17T11:11:21.2333333+00:00,مثبت,0.67,محصول,محصول
کرم دور چشم روز حجم 15 میلی لیتر,https://www.khanoumi.com/products/dermeden-day-protocol-spf-50-eye-contour-16713,بدترین دور چشمی بود که داشتم یه ذره اگه توی چشم بره تا ساعتها چشم رو میسوزونه و اینکه بعد از یک ماه از باز کردنش دو فاز شد با اینکه هنوز یک سال از تاریخش مونده,27,false,2018-10-20T10:52:52.1833333+00:00,منفی,0.79,محصول,محصول
براش مدل آناستازیا سایز متوسط,https://www.khanoumi.com/products/kadina-anastasia-brush-16717,سلام ببخشید یه خواهش داشتم تا یه محصول تمام میشه قیمتشو برندارید بعد ام مگه چندتا موجود میکنید که خیلی لوازم تا ما میایم هروقت میایم زده تمام,2,false,2018-06-14T11:11:27.19+00:00,خنثی,0.35,محصول | قیمت,محصول
کرم پودر مدل نود حجم 30 میلی لیتر,https://www.khanoumi.com/products/essence-pure-nude-foundation-16723,دوستان واسه پوست خشک مناسبه؟,3,false,2018-01-17T15:32:58.93+00:00,خنثی,0.35,محصول,محصول
کرم پودر مدل نود حجم 30 میلی لیتر,https://www.khanoumi.com/products/essence-pure-nude-foundation-16723,بوى خيلى بدى ميده 😷,6,false,2017-08-10T19:39:42.7033333+00:00,منفی,0.67,محصول,محصول
کرم پودر مدل نود حجم 30 میلی لیتر,https://www.khanoumi.com/products/essence-pure-nude-foundation-16723,من از همین کرم پودر استفاده میکنم..روی صورت نمیماسه و رنگ نود زیبایی به صورت میده اما کاور کمی داره.به هر حال خوبه :),25,false,2017-04-16T17:34:18.8066667+00:00,مثبت,0.79,محصول,محصول
ریمل حجم دهنده ضد آب مدل Get Big Lashes,https://www.khanoumi.com/products/essence-get-big-lashes-volume-boost-waterproof-mascara-16724,لطفا اون حجم دهنده رو از تو اسمش پاک کنید اصلا حجیم نمیکنه من که اصلا راضی نبودم,0,true,2019-11-17T14:51:57+00:00,منفی,0.91,محصول | اصل بودن کالا,اصل بودن کالا
ریمل حجم دهنده ضد آب مدل Get Big Lashes,https://www.khanoumi.com/products/essence-get-big-lashes-volume-boost-waterproof-mascara-16724,منم خیلی راضی نبودم پاک نمیشه اصلا,0,false,2019-10-31T20:18:36+00:00,منفی,0.79,محصول | اصل بودن کالا,اصل بودن کالا
ریمل حجم دهنده ضد آب مدل Get Big Lashes,https://www.khanoumi.com/products/essence-get-big-lashes-volume-boost-waterproof-mascara-16724,هیچ کدوم از مشخصاتی ک ذکر شده رو نداره. ضد ابم نیست,1,true,2019-08-27T10:41:28+00:00,خنثی,0.35,سایر,سایر
ریمل حجم دهنده ضد آب مدل Get Big Lashes,https://www.khanoumi.com/products/essence-get-big-lashes-volume-boost-waterproof-mascara-16724,خیلی خوب بود,2,true,2018-02-09T18:32:51.03+00:00,مثبت,0.91,محصول,محصول
ریمل حجم دهنده ضد آب مدل Get Big Lashes,https://www.khanoumi.com/products/essence-get-big-lashes-volume-boost-waterproof-mascara-16724,اصلا خوب نیست بدرد نمیخوره,11,false,2017-02-22T21:42:11.44+00:00,منفی,0.67,اصل بودن کالا,اصل بودن کالا
ریمل حجم دهنده ضد آب مدل Get Big Lashes,https://www.khanoumi.com/products/essence-get-big-lashes-volume-boost-waterproof-mascara-16724,من این ریمل و گرفتم با اینکه خودم مژه های بلند و پر پشتی دارم ولی این ریمل هیچ تاثیری روی مژه هام نگذاشت.خیلی هم سخت شسته میشه.در کل پیشنهاد میکنم اصلا نخرید وگرنه به استفاده تون نخواهد اومد.انگار پولتون و دور ریختید.,16,false,2017-02-20T17:56:09.61+00:00,مثبت,0.91,اصل بودن کالا,اصل بودن کالا
ریمل حجم دهنده ضد آب مدل اکستریم والیوم حجم 12 میلی لیتر,https://www.khanoumi.com/products/essence-i-love-extreme-volume--waterproof-mascara-16725,کیفیتش رو مژه خوبه ولی بعد از شستن جوری زیر چشمو سیاه میکنه که تا چن روز ردش میمونه و این از بی کیفیتیشه,0,true,2026-05-19T10:39:08.9561169+03:30,ترکیبی,0.79,محصول,محصول
ریمل حجم دهنده ضد آب مدل اکستریم والیوم حجم 12 میلی لیتر,https://www.khanoumi.com/products/essence-i-love-extreme-volume--waterproof-mascara-16725,تجربه خرید رنگ های دیگه این برند ریمل رو داشتم اما متاسفانه میتونم بگم این بد ترینش بود به شدت مواد ریمل به مژه میچسبه ‌و حتی با دوبار شستن هم به سختی جدا میشه و متاسفانه باعث آسیب به مژه میشه,0,true,2026-01-22T00:43:58.7691263+03:30,منفی,0.91,محصول,محصول
ریمل حجم دهنده ضد آب مدل اکستریم والیوم حجم 12 میلی لیتر,https://www.khanoumi.com/products/essence-i-love-extreme-volume--waterproof-mascara-16725,اصلاخوب نیست نه حجم میده نه بلند میکنه  خیلی بیخوده,0,false,2025-11-25T18:43:09.0069912+03:30,منفی,0.79,محصول | اصل بودن کالا,اصل بودن کالا
ریمل حجم دهنده ضد آب مدل اکستریم والیوم حجم 12 میلی لیتر,https://www.khanoumi.com/products/essence-i-love-extreme-volume--waterproof-mascara-16725,چندماهه منتظرم شارژ کنید. اگه شارژ نمیکنید حداقل یه ریمل ضدآب دیگه رو شارژ کنید.,0,true,2024-12-05T17:06:05.3571465+00:00,خنثی,0.35,سایر,سایر
ریمل حجم دهنده ضد آب مدل اکستریم والیوم حجم 12 میلی لیتر,https://www.khanoumi.com/products/essence-i-love-extreme-volume--waterproof-mascara-16725,لطفا موجود کنید,0,false,2024-11-25T14:19:49.1704941+00:00,خنثی,0.35,محصول,محصول
ریمل حجم دهنده ضد آب مدل اکستریم والیوم حجم 12 میلی لیتر,https://www.khanoumi.com/products/essence-i-love-extreme-volume--waterproof-mascara-16725,شارژ نمیشه؟؟؟؟,0,false,2024-06-14T09:13:30+00:00,خنثی,0.35,سایر,سایر
ریمل حجم دهنده ضد آب مدل اکستریم والیوم حجم 12 میلی لیتر,https://www.khanoumi.com/products/essence-i-love-extreme-volume--waterproof-mascara-16725,ارسال خانومی کاملا به موقع بود و گیفت بانمکی هم برام گذاشته بودن که با اینکه قهوه نمیخورم ولی عاشقش شدم و خیلی حس خوبی گرفتم ولی خب اصلا از این ریمل راضی نیستم که اونم به برند ریمل برمیگرده نه خانومی,0,true,2024-03-12T09:33:28+00:00,مثبت,0.67,محصول | تحویل و ارسال | اصل بودن کالا,محصول
ریمل حجم دهنده ضد آب مدل اکستریم والیوم حجم 12 میلی لیتر,https://www.khanoumi.com/products/essence-i-love-extreme-volume--waterproof-mascara-16725,نمیدونم چجوری بعضیا نوشتن ضد آب و فلان من بخاطر این تعریفا خریدم ، مژه هارو پر و بلند میکنه ولی برا نیم ساعت بعدش مژه ها میوفته و هم ریزش داشت خیلی زیر چشم هم خیلی راحت شسته میشد یذره آب بش بخوره یجوری دور چشمتون سیاه میشه مثل دور چشم پاندا فقط با ی قطره اب ، خیلییییی زود هم خشک شد اصلا راضی نبود ,0,true,2023-12-07T01:23:01+00:00,منفی,0.79,محصول | اصل بودن کالا,اصل بودن کالا
ریمل حجم دهنده ضد آب مدل اکستریم والیوم حجم 12 میلی لیتر,https://www.khanoumi.com/products/essence-i-love-extreme-volume--waterproof-mascara-16725,زود خشک شد اصلا خوب نیست ,1,true,2023-08-28T12:22:27+00:00,منفی,0.79,اصل بودن کالا,اصل بودن کالا
ریمل حجم دهنده ضد آب مدل اکستریم والیوم حجم 12 میلی لیتر,https://www.khanoumi.com/products/essence-i-love-extreme-volume--waterproof-mascara-16725,ضدگلوله! موندگاریش فوق العادست و اگه پاک کننده مخصوص استفاده نکنین بعد از حمام و استخر هم پاک نمیشه و رنگ پس نمیده. گوله گوله یا پودر نمیشه. زیر چشم نمی ریزه. بعد از این اصلا نمیتونم از ریمل دیگه ای استفاده کنم.,0,true,2023-03-15T23:37:38+00:00,منفی,0.67,محصول | اصل بودن کالا,اصل بودن کالا
ریمل حجم دهنده ضد آب مدل اکستریم والیوم حجم 12 میلی لیتر,https://www.khanoumi.com/products/essence-i-love-extreme-volume--waterproof-mascara-16725,ضد آب ترین و بدون ریزش ترین ریمل.,0,true,2023-01-04T18:04:05+00:00,منفی,0.67,سایر,سایر
ریمل حجم دهنده ضد آب مدل اکستریم والیوم حجم 12 میلی لیتر,https://www.khanoumi.com/products/essence-i-love-extreme-volume--waterproof-mascara-16725,این ریمل و توی تخفیف سایت خانومی خریدم. خیلی راضی بودم. کیفیتش خیلی خوبه و ضد آبم هست. براحتی پاک نمیشه و ریزش نداره. زیر چشم و سیاه نمیکنه و ارایش همیشه تمیز میمونه. برای مصرف روزانه خیلی خوبه. مژه ها رو حجم میده و سنگین نمیکنه. ,1,false,2022-11-06T08:07:15+00:00,مثبت,0.95,محصول | قیمت,محصول
ریمل حجم دهنده ضد آب مدل اکستریم والیوم حجم 12 میلی لیتر,https://www.khanoumi.com/products/essence-i-love-extreme-volume--waterproof-mascara-16725,من مشکی صورتیشو داشتم (الان تو عکسها  ندیدمش)،خیلی ازش راضیم خیلی مژه ها رو طبیعی پر میکنه,1,false,2019-10-19T17:46:13+00:00,مثبت,0.79,سایر,سایر
ریمل حجم دهنده ضد آب مدل اکستریم والیوم حجم 12 میلی لیتر,https://www.khanoumi.com/products/essence-i-love-extreme-volume--waterproof-mascara-16725,اصلا حجم دهنده نیست  و زیاد ازش راضی نیستم,4,true,2019-04-14T17:32:20.7966667+00:00,خنثی,0.35,محصول | اصل بودن کالا,محصول
ریمل حجم دهنده ضد آب مدل اکستریم والیوم حجم 12 میلی لیتر,https://www.khanoumi.com/products/essence-i-love-extreme-volume--waterproof-mascara-16725,چه قدر افزایش قیمت⁦☹️⁩سال پیش ارزان تر خریدم از خانومی,16,true,2019-04-08T08:05:37+00:00,خنثی,0.35,قیمت,قیمت
ریمل حجم دهنده ضد آب مدل اکستریم والیوم حجم 12 میلی لیتر,https://www.khanoumi.com/products/essence-i-love-extreme-volume--waterproof-mascara-16725,لطفا رنگ صورتیشو شارژ کنید,33,false,2018-03-13T10:33:44.7466667+00:00,خنثی,0.35,محصول,محصول
ریمل حجم دهنده ضد آب مدل اکستریم والیوم حجم 12 میلی لیتر,https://www.khanoumi.com/products/essence-i-love-extreme-volume--waterproof-mascara-16725,اگه میشه ریمل رنگ مشکی و صورتیش شارژ کنییید ,21,false,2017-12-05T11:56:19.4966667+00:00,خنثی,0.35,محصول,محصول
ریمل حجم دهنده مدل بیگ لشز والیوم بوست,https://www.khanoumi.com/products/essence-get-big-lashes-volume-boost-mascara-16726,ریمل خوبیه بد نیست نسبت به قیمتش .اما بیشتر حجم دهنده ی ملایم هستش,5,true,2019-04-12T03:03:56.8466667+00:00,خنثی,0.4,محصول | قیمت,محصول
ریمل حجم دهنده مژه مدل xxxl راک اند دال کریزی,https://www.khanoumi.com/products/essence-rock-n-doll-volume-mascara-16729,متوسطه. نه میشه گفت عالی.نه میشه گفت خوب.پاک کردنش سخته. نه با شست و شو با آب و نه با محلول پاک کننده ارایش چشم خوب پاک نمیشه.,11,true,2018-05-02T23:49:51.2833333+00:00,مثبت,0.67,سایر,سایر
ریمل با تاثیر مژه مصنوعی مدل لش پرینسس,https://www.khanoumi.com/products/essence-lash-princess-false-lash-effect-mascara-16730,تو ی کلمه بخوام توصیفش کنم باید بگم ک بینظیره..جون میده به مژه های بی جون من,0,false,2026-08-28T19:42:45.8916592+03:30,خنثی,0.35,سایر,سایر
ریمل با تاثیر مژه مصنوعی مدل لش پرینسس,https://www.khanoumi.com/products/essence-lash-princess-false-lash-effect-mascara-16730,دوستان باید ببینید مدل مژتون چطوریه بعد سفارش بدین این مدل برای مژه هایی که خودشون نسبتا بلند و پر هستن ولی حالت نمیگیرن  و صاف و سیخن بعد فرمژه عالیه چون این مژه ها با ریملای سنگین و حجم دهنده باز خم میشن به پایین و صاف میشن پس اول ببینید چه ریملی واس مژهاتون مناسبه بعد بخرید برای مژه من تنها ریملیه که حالت فر مژه هامو حفظ میکنه,0,true,2026-08-27T14:32:58.8243234+03:30,ترکیبی,0.79,محصول,محصول
ریمل با تاثیر مژه مصنوعی مدل لش پرینسس,https://www.khanoumi.com/products/essence-lash-princess-false-lash-effect-mascara-16730,یکی از بهترین ریمل هایی هست که من استفاده کردم واقعا نه ریزش داره نه سیاه میکنه چشم رو,0,false,2026-08-17T13:35:12.6606672+03:30,مثبت,0.67,سایر,سایر
ریمل با تاثیر مژه مصنوعی مدل لش پرینسس,https://www.khanoumi.com/products/essence-lash-princess-false-lash-effect-mascara-16730,"به نظرم بهترین ریمله 
پیشنهاد میکنم بگیرید",0,true,2026-08-14T00:35:11.9617086+03:30,مثبت,0.91,سایر,سایر
ریمل با تاثیر مژه مصنوعی مدل لش پرینسس,https://www.khanoumi.com/products/essence-lash-princess-false-lash-effect-mascara-16730,"واقعا ریمل خوبیه
فقط بدیش اینه که اگه پشت پلکتون چرب باشه ریزش داره البته خیلییییی کمه",0,false,2026-08-13T20:24:20.6290115+03:30,ترکیبی,0.66,سایر,سایر
ریمل با تاثیر مژه مصنوعی مدل لش پرینسس,https://www.khanoumi.com/products/essence-lash-princess-false-lash-effect-mascara-16730,ریمل آنچنان خوبی نیست چون حجم نمیده و من ریمل اسنس صورتی رو بیشتر میپسندم,0,true,2026-08-13T00:52:13.1323148+03:30,منفی,0.67,محصول,محصول
ریمل با تاثیر مژه مصنوعی مدل لش پرینسس,https://www.khanoumi.com/products/essence-lash-princess-false-lash-effect-mascara-16730,تنها خوبیش اینه که بلند میکنه،اصلا حجم نمیده،حتی یه ذره من امروز دستم رسید استفاده کردم,0,true,2026-08-01T16:42:41.3097669+03:30,خنثی,0.35,محصول | تحویل و ارسال | اصل بودن کالا,محصول
ریمل با تاثیر مژه مصنوعی مدل لش پرینسس,https://www.khanoumi.com/products/essence-lash-princess-false-lash-effect-mascara-16730,بی نظیره,0,true,2026-07-29T13:48:23.0717175+03:30,خنثی,0.35,سایر,سایر
ریمل با تاثیر مژه مصنوعی مدل لش پرینسس,https://www.khanoumi.com/products/essence-lash-princess-false-lash-effect-mascara-16730,اصلا زیر چشم ریخته نمیشه من این مشکل رو با همه ریمل ها داشتم,0,true,2026-07-27T14:34:17.3401599+03:30,مثبت,0.67,اصل بودن کالا,اصل بودن کالا
ریمل با تاثیر مژه مصنوعی مدل لش پرینسس,https://www.khanoumi.com/products/essence-lash-princess-false-lash-effect-mascara-16730,بنظرم فوق العاده اس به پیشنهاد یکی از بلاگر ها خریدم مژه هامو خیلی ببلند میکنه خوبی که داره اصلا سیاه نمیکنه,0,true,2026-07-25T17:54:02.0869504+03:30,مثبت,0.79,محصول | اصل بودن کالا,محصول
ریمل با تاثیر مژه مصنوعی مدل لش پرینسس,https://www.khanoumi.com/products/essence-lash-princess-false-lash-effect-mascara-16730,موقعی ک میزنمش امکان نداره چند تا از مژه هام نریزن حین زدن دیگ انداختمش,0,false,2026-07-20T15:02:23.7746634+03:30,خنثی,0.35,محصول,محصول
ریمل با تاثیر مژه مصنوعی مدل لش پرینسس,https://www.khanoumi.com/products/essence-lash-princess-false-lash-effect-mascara-16730,اصلاااااا با ریمل اسنس صورتی قابل مقایسه نیست و اسنس صورتی خیلی بهتره من از این اصلا راضی نبودم,0,false,2026-07-10T19:24:46.133087+03:30,منفی,0.67,اصل بودن کالا | محصول,اصل بودن کالا
ریمل با تاثیر مژه مصنوعی مدل لش پرینسس,https://www.khanoumi.com/products/essence-lash-princess-false-lash-effect-mascara-16730,عالی,0,true,2026-07-08T17:39:57.2029558+03:30,مثبت,0.67,سایر,سایر
ریمل با تاثیر مژه مصنوعی مدل لش پرینسس,https://www.khanoumi.com/products/essence-lash-princess-false-lash-effect-mascara-16730,"وای اصلا نخرید 
صورتیش بهتره این بدرد نمیخوره خشکه و اصلا ریملی نداره توش",0,true,2026-07-08T13:52:27.7000278+03:30,مثبت,0.91,اصل بودن کالا,اصل بودن کالا
ریمل با تاثیر مژه مصنوعی مدل لش پرینسس,https://www.khanoumi.com/products/essence-lash-princess-false-lash-effect-mascara-16730,نسبت به قیمتش بد نیست ولی زیر چشم میرزه,0,false,2026-06-23T19:56:09.9726136+03:30,مثبت,0.67,قیمت,قیمت
ریمل با تاثیر مژه مصنوعی مدل لش پرینسس,https://www.khanoumi.com/products/essence-lash-princess-false-lash-effect-mascara-16730,نخرید اصلا ارزش خرید نداره اسنس صورتی بهترههههه,0,true,2026-06-23T15:33:57.2092282+03:30,خنثی,0.35,اصل بودن کالا | قیمت,اصل بودن کالا
ریمل با تاثیر مژه مصنوعی مدل لش پرینسس,https://www.khanoumi.com/products/essence-lash-princess-false-lash-effect-mascara-16730,خییلی مژه ها رو بلند میکنه و حجم خوبی میده، آممماااا میریزه! یعنی یا مدل ضدآبشو بگیرید، رنگ آبی همین مدل، که واقعا ضد آبه و با میسلار هم پاک نمیشه! یا همینو بگیرید ولی اصلا به مژه های پایین نزنید و زیر چشمتونو حسابی با پودر فیکس ست کنید.,0,false,2026-06-21T17:22:51.1480009+03:30,ترکیبی,0.79,محصول | اصل بودن کالا,محصول
ریمل با تاثیر مژه مصنوعی مدل لش پرینسس,https://www.khanoumi.com/products/essence-lash-princess-false-lash-effect-mascara-16730,"من بار چندمه که این ریمل رو میخرم
مژه هام بلنده اما با این ریمل قشنگ حالت میگیره و بلندتر میشه",0,true,2026-06-14T17:41:41.0471843+03:30,خنثی,0.35,سایر,سایر
ریمل با تاثیر مژه مصنوعی مدل لش پرینسس,https://www.khanoumi.com/products/essence-lash-princess-false-lash-effect-mascara-16730,خیلی خوب بود راضی بودم خیلی،امروز بدستم رسید,0,true,2026-05-31T23:26:05.7417282+03:30,مثبت,0.91,محصول | تحویل و ارسال,محصول
ریمل با تاثیر مژه مصنوعی مدل لش پرینسس,https://www.khanoumi.com/products/essence-lash-princess-false-lash-effect-mascara-16730,"فرچه ریمل خیلی خوب و خوش دسته
اما مایع داخل ریمل جالب نیس حالت خشکی داره
و اینکه ریمل زیر چشم می‌ریزه 
مژه رو مشکی می‌کنه اما پر پشت و بلند خیر
من دوست نداشتم مواد داخل ریمل خوب نبود",0,false,2026-05-25T15:54:58.9259571+03:30,مثبت,0.79,محصول,محصول
ریمل با تاثیر مژه مصنوعی مدل لش پرینسس,https://www.khanoumi.com/products/essence-lash-princess-false-lash-effect-mascara-16730,اگه یه ریمل بلند کننده میخاید این خیلی خوبه ولی حجم نمیده,0,true,2026-05-25T13:17:11.1405473+03:30,مثبت,0.67,محصول,محصول
ریمل با تاثیر مژه مصنوعی مدل لش پرینسس,https://www.khanoumi.com/products/essence-lash-princess-false-lash-effect-mascara-16730,اونقد که تعریفشو شنیدم خریدم اصلا راضی نبودم اگه دوبار بزنید یکم حجم میده بلند نمیکنه,0,false,2026-05-20T17:14:20.0623633+03:30,منفی,0.79,محصول | اصل بودن کالا,اصل بودن کالا
ریمل با تاثیر مژه مصنوعی مدل لش پرینسس,https://www.khanoumi.com/products/essence-lash-princess-false-lash-effect-mascara-16730,افتضاح,0,false,2026-05-19T09:37:43.9951625+03:30,منفی,0.67,سایر,سایر
ریمل با تاثیر مژه مصنوعی مدل لش پرینسس,https://www.khanoumi.com/products/essence-lash-princess-false-lash-effect-mascara-16730,خیلی ریمل خوبیه مشکی و بلند میکنه ولی خیلی گرررررررررررررررررون شده آخه 1 میلیون,0,true,2026-05-18T10:49:46.3534676+03:30,مثبت,0.67,سایر,سایر
ریمل با تاثیر مژه مصنوعی مدل لش پرینسس,https://www.khanoumi.com/products/essence-lash-princess-false-lash-effect-mascara-16730,خیلی خوبه ریزش نداره,0,true,2026-05-15T23:44:52.275128+03:30,منفی,0.91,سایر,سایر
ریمل با تاثیر مژه مصنوعی مدل لش پرینسس,https://www.khanoumi.com/products/essence-lash-princess-false-lash-effect-mascara-16730,من امروز رسید ب دستم عالیهههه خیلی ریمل خوبیه,0,true,2026-05-10T12:36:06.5665561+03:30,مثبت,0.91,تحویل و ارسال,تحویل و ارسال
ریمل با تاثیر مژه مصنوعی مدل لش پرینسس,https://www.khanoumi.com/products/essence-lash-princess-false-lash-effect-mascara-16730,عالیه نمیدونم چرا نظرات منفی هست خیلی مژه هارو بلند میکنه,0,false,2026-05-03T15:30:07.2860869+03:30,منفی,0.79,سایر,سایر
ریمل با تاثیر مژه مصنوعی مدل لش پرینسس,https://www.khanoumi.com/products/essence-lash-princess-false-lash-effect-mascara-16730,"ریزش زیر چشم داره ‌، حتی بعد از فرمژه هم باعث سیخ شدن و بی حالت شدن مژه هام شد، این قیمت برای این ریمل خیلی خیلی بیخوده  راضی نیستم اصلا
اسنس صورتی یه چیز دیگه ست",0,false,2026-04-21T22:52:51.0060958+03:30,منفی,0.79,اصل بودن کالا | قیمت,اصل بودن کالا
ریمل با تاثیر مژه مصنوعی مدل لش پرینسس,https://www.khanoumi.com/products/essence-lash-princess-false-lash-effect-mascara-16730,افتضاح بود ،خشک و با درد نخور همون دفه اول فرچه گیر کرد و جدا شد,0,true,2026-04-19T18:00:52.4982078+03:30,منفی,0.67,محصول,محصول
ریمل با تاثیر مژه مصنوعی مدل لش پرینسس,https://www.khanoumi.com/products/essence-lash-princess-false-lash-effect-mascara-16730,واقعااااااااااااا به درد نمیخوره اسنس صورتی خیلی خیلی بهتره,0,true,2026-04-19T15:59:20.4257193+03:30,خنثی,0.35,سایر,سایر
ریمل با تاثیر مژه مصنوعی مدل لش پرینسس,https://www.khanoumi.com/products/essence-lash-princess-false-lash-effect-mascara-16730,عالیه، بهترین ریملیه که داشتم,0,true,2026-04-19T00:11:29.7584974+03:30,مثبت,0.91,سایر,سایر
ریمل با تاثیر مژه مصنوعی مدل لش پرینسس,https://www.khanoumi.com/products/essence-lash-princess-false-lash-effect-mascara-16730,ریزش شدید داره همش می‌ریزه زیر چشم,0,true,2026-04-18T17:59:13.9061908+03:30,خنثی,0.35,سایر,سایر
ریمل با تاثیر مژه مصنوعی مدل لش پرینسس,https://www.khanoumi.com/products/essence-lash-princess-false-lash-effect-mascara-16730,اونقدر که تعریف میکنن خریدم ولی اصلا چیز خارق العاده و محشری نبود خیلی معمولی بود حتی ریمل اسنس صورتی به نظرم بهتره,0,true,2026-03-08T02:09:09.364958+03:30,مثبت,0.67,محصول | اصل بودن کالا,محصول
ریمل با تاثیر مژه مصنوعی مدل لش پرینسس,https://www.khanoumi.com/products/essence-lash-princess-false-lash-effect-mascara-16730,"دوس نداشتم. اونجوری که تعریفشو میکنن نیست 
و یه مشکل خیلی بزرگی که داره اینه که به شددددت میریزه و زیر چشم رو به گند میکشه",0,true,2026-02-20T09:24:16.5974461+03:30,خنثی,0.35,سایر,سایر
ریمل با تاثیر مژه مصنوعی مدل لش پرینسس,https://www.khanoumi.com/products/essence-lash-princess-false-lash-effect-mascara-16730,ریمل خوبیه مشکی میکنه و بلند ولی پر نمیکنه,0,false,2026-02-16T15:33:36.5463086+03:30,مثبت,0.67,سایر,سایر
ریمل با تاثیر مژه مصنوعی مدل لش پرینسس,https://www.khanoumi.com/products/essence-lash-princess-false-lash-effect-mascara-16730,آشغال به تمام معنا، نمیدونم چطوری یه عده ازش تعریف کردن، به هیچ وجه نخرید من پشیمونم,0,true,2026-02-05T23:04:21.1606142+03:30,منفی,0.79,محصول,محصول
ریمل با تاثیر مژه مصنوعی مدل لش پرینسس,https://www.khanoumi.com/products/essence-lash-princess-false-lash-effect-mascara-16730,نسبت به قیمت عالیییییی,0,true,2026-01-31T13:15:26.3011555+03:30,مثبت,0.67,قیمت,قیمت
ریمل با تاثیر مژه مصنوعی مدل لش پرینسس,https://www.khanoumi.com/products/essence-lash-princess-false-lash-effect-mascara-16730,"راضی بودم
مژه‌هامو دونه به دونه کرد و اصلا به هم نمیچسبونه",0,true,2026-01-24T22:18:36.1696508+03:30,خنثی,0.35,محصول | اصل بودن کالا,محصول
ریمل با تاثیر مژه مصنوعی مدل لش پرینسس,https://www.khanoumi.com/products/essence-lash-princess-false-lash-effect-mascara-16730,عالیه,0,false,2026-01-23T20:33:27.3272801+03:30,مثبت,0.79,سایر,سایر
ریمل با تاثیر مژه مصنوعی مدل لش پرینسس,https://www.khanoumi.com/products/essence-lash-princess-false-lash-effect-mascara-16730,بعد از مدتی میریزه واسه استفاده تایم کم خوبه,0,true,2026-01-22T19:33:58.0325993+03:30,مثبت,0.79,سایر,سایر
ریمل با تاثیر مژه مصنوعی مدل لش پرینسس,https://www.khanoumi.com/products/essence-lash-princess-false-lash-effect-mascara-16730,فقط مژه ها را کمی بلند میکنه و به هم میچسبونه,0,true,2026-01-22T14:04:00.4157636+03:30,خنثی,0.35,محصول,محصول
ریمل با تاثیر مژه مصنوعی مدل لش پرینسس,https://www.khanoumi.com/products/essence-lash-princess-false-lash-effect-mascara-16730,خشک بود,0,true,2026-01-18T20:36:06.8882785+03:30,خنثی,0.35,محصول,محصول
ریمل با تاثیر مژه مصنوعی مدل لش پرینسس,https://www.khanoumi.com/products/essence-lash-princess-false-lash-effect-mascara-16730,خیلی عالیه توصیه میکنم حتما بخرید.فقط خیلی گرون شده,0,true,2026-01-16T17:48:54.1075129+03:30,مثبت,0.95,قیمت,قیمت
ریمل با تاثیر مژه مصنوعی مدل لش پرینسس,https://www.khanoumi.com/products/essence-lash-princess-false-lash-effect-mascara-16730,واقعا خوبه مژه ها رو بلند و مشکی میکنه فقط حجم نمیده,0,true,2026-01-12T10:16:50.4356191+03:30,مثبت,0.79,محصول,محصول
ریمل با تاثیر مژه مصنوعی مدل لش پرینسس,https://www.khanoumi.com/products/essence-lash-princess-false-lash-effect-mascara-16730,خیلی بلند میکنه مژه ها رو,0,true,2025-12-09T08:43:30.9988797+03:30,خنثی,0.35,سایر,سایر
ریمل با تاثیر مژه مصنوعی مدل لش پرینسس,https://www.khanoumi.com/products/essence-lash-princess-false-lash-effect-mascara-16730,آنقدر که تعریف می کردن ازش نبود ولی در کل خوب بود,0,true,2025-12-07T16:23:47.8119107+03:30,مثبت,0.79,محصول,محصول
ریمل با تاثیر مژه مصنوعی مدل لش پرینسس,https://www.khanoumi.com/products/essence-lash-princess-false-lash-effect-mascara-16730,خیلییی عالیه مژه هارو بلند میکنه و همونطوری میمونه تا بشوریش,0,true,2025-12-05T09:17:02.741391+03:30,مثبت,0.79,محصول,محصول
ریمل با تاثیر مژه مصنوعی مدل لش پرینسس,https://www.khanoumi.com/products/essence-lash-princess-false-lash-effect-mascara-16730,خیلی ریمل سبکی هست ولی باید سه بار بزنید تا کامل ببره بالا روی مژه هم دونه های سیاه بجا می‌زاره که می‌ریزه زیر چشم من با توجه به نظرات خریدم ولی دیگه تکرار نمیکنم هی چشمو میندازه که بابچید بتچا دست مژه هارو بدید بالا,0,true,2025-12-03T21:55:45.8071996+03:30,منفی,0.67,محصول,محصول
ریمل با تاثیر مژه مصنوعی مدل لش پرینسس,https://www.khanoumi.com/products/essence-lash-princess-false-lash-effect-mascara-16730,"من مژه های بوری دارم خیلی خوب مژه هام مشکی کرد
کاملا مشکیه",0,true,2025-12-02T12:30:12.2595469+03:30,مثبت,0.79,محصول,محصول
ریمل با تاثیر مژه مصنوعی مدل لش پرینسس,https://www.khanoumi.com/products/essence-lash-princess-false-lash-effect-mascara-16730,ریمل خیلی سبکی هست معمولیه اونجوری که توی نظرات میگفتن نبود دیگه تکرارش نمیکنم,0,true,2025-12-01T23:54:08.9718401+03:30,خنثی,0.35,محصول,محصول
ریمل با تاثیر مژه مصنوعی مدل لش پرینسس,https://www.khanoumi.com/products/essence-lash-princess-false-lash-effect-mascara-16730,موجود کنید عالیه,0,false,2025-09-10T00:35:54.6596604+03:30,مثبت,0.79,محصول,محصول
ریمل با تاثیر مژه مصنوعی مدل لش پرینسس,https://www.khanoumi.com/products/essence-lash-princess-false-lash-effect-mascara-16730,سلام ریمل بلند کننده اسنس لش خیلی عالی لطفا تکرارش کنید.,0,false,2025-05-25T19:41:53.4981388+00:00,مثبت,0.67,سایر,سایر
ریمل با تاثیر مژه مصنوعی مدل لش پرینسس,https://www.khanoumi.com/products/essence-lash-princess-false-lash-effect-mascara-16730,لطفا موجود کنید من استفاده کردم خیلی عالیه,0,false,2025-05-22T21:16:49.8166266+00:00,مثبت,0.79,محصول,محصول
ریمل با تاثیر مژه مصنوعی مدل لش پرینسس,https://www.khanoumi.com/products/essence-lash-princess-false-lash-effect-mascara-16730,مووووجود کنیننن,0,false,2025-02-23T10:23:12.813873+00:00,خنثی,0.35,محصول,محصول
ریمل با تاثیر مژه مصنوعی مدل لش پرینسس,https://www.khanoumi.com/products/essence-lash-princess-false-lash-effect-mascara-16730,میشه لطفا موجود کنین,0,false,2025-02-17T18:02:14.0252892+00:00,خنثی,0.35,محصول,محصول
ریمل با تاثیر مژه مصنوعی مدل لش پرینسس,https://www.khanoumi.com/products/essence-lash-princess-false-lash-effect-mascara-16730,لطفا موجود کنین ممنون از پرسنل خانومی,0,false,2025-02-16T23:33:53.0360022+00:00,مثبت,0.67,محصول,محصول
ریمل با تاثیر مژه مصنوعی مدل لش پرینسس,https://www.khanoumi.com/products/essence-lash-princess-false-lash-effect-mascara-16730,لطفا موجود کنید,0,false,2025-02-15T19:18:32.5953931+00:00,خنثی,0.35,محصول,محصول
ریمل با تاثیر مژه مصنوعی مدل لش پرینسس,https://www.khanoumi.com/products/essence-lash-princess-false-lash-effect-mascara-16730,لطفا موجود بشه,0,false,2025-02-14T13:39:22.0933705+00:00,خنثی,0.35,محصول,محصول
ریمل با تاثیر مژه مصنوعی مدل لش پرینسس,https://www.khanoumi.com/products/essence-lash-princess-false-lash-effect-mascara-16730,موجود کنید لطفا,0,false,2025-02-04T20:50:02.1754153+00:00,خنثی,0.35,محصول,محصول
ریمل با تاثیر مژه مصنوعی مدل لش پرینسس,https://www.khanoumi.com/products/essence-lash-princess-false-lash-effect-mascara-16730,موجود کنید لطفاً,0,false,2025-01-29T20:53:06.4229647+00:00,خنثی,0.35,محصول,محصول
ریمل با تاثیر مژه مصنوعی مدل لش پرینسس,https://www.khanoumi.com/products/essence-lash-princess-false-lash-effect-mascara-16730,لطفاً موجود کنید هر بار میام سفارش بدم موجود نیست,0,false,2025-01-22T20:55:27.8791047+00:00,مثبت,0.67,محصول,محصول
ریمل با تاثیر مژه مصنوعی مدل لش پرینسس,https://www.khanoumi.com/products/essence-lash-princess-false-lash-effect-mascara-16730,تا حالا کسی دیده این محصول موجود باشه؟؟؟,0,false,2025-01-01T15:31:40.814246+00:00,خنثی,0.35,محصول,محصول
ریمل با تاثیر مژه مصنوعی مدل لش پرینسس,https://www.khanoumi.com/products/essence-lash-princess-false-lash-effect-mascara-16730,سلام کی موجود میشه لطفا موجود کنید,0,false,2024-12-23T13:59:17.8587277+00:00,خنثی,0.35,محصول,محصول
ریمل با تاثیر مژه مصنوعی مدل لش پرینسس,https://www.khanoumi.com/products/essence-lash-princess-false-lash-effect-mascara-16730,لطفا موجود کنید این ریمل رو,0,false,2024-12-12T15:25:10.7341667+00:00,خنثی,0.35,محصول,محصول
ریمل با تاثیر مژه مصنوعی مدل لش پرینسس,https://www.khanoumi.com/products/essence-lash-princess-false-lash-effect-mascara-16730,لطفا برای بلک فرایدی موجودش کنید,0,false,2024-11-24T10:12:49.2399396+00:00,خنثی,0.35,محصول,محصول
ریمل با تاثیر مژه مصنوعی مدل لش پرینسس,https://www.khanoumi.com/products/essence-lash-princess-false-lash-effect-mascara-16730,لطفا موجود کنیین,0,false,2024-11-23T18:03:03.968076+00:00,خنثی,0.35,محصول,محصول
ریمل با تاثیر مژه مصنوعی مدل لش پرینسس,https://www.khanoumi.com/products/essence-lash-princess-false-lash-effect-mascara-16730,لطفاً موجود کنید,0,false,2024-11-15T14:28:13.7362873+00:00,خنثی,0.35,محصول,محصول
ریمل با تاثیر مژه مصنوعی مدل لش پرینسس,https://www.khanoumi.com/products/essence-lash-princess-false-lash-effect-mascara-16730,لطفا موجود کنید,0,false,2024-11-03T12:15:13.8814371+00:00,خنثی,0.35,محصول,محصول
ریمل با تاثیر مژه مصنوعی مدل لش پرینسس,https://www.khanoumi.com/products/essence-lash-princess-false-lash-effect-mascara-16730,لطفا شارژش کنین,0,true,2024-10-13T08:16:22.2406704+00:00,خنثی,0.35,سایر,سایر
ریمل با تاثیر مژه مصنوعی مدل لش پرینسس,https://www.khanoumi.com/products/essence-lash-princess-false-lash-effect-mascara-16730,لطفا شارژ کنید,0,false,2024-10-07T08:57:20.5629821+00:00,خنثی,0.35,سایر,سایر
ریمل با تاثیر مژه مصنوعی مدل لش پرینسس,https://www.khanoumi.com/products/essence-lash-princess-false-lash-effect-mascara-16730,ترو خدا موجود کنید,0,true,2024-10-06T17:16:29.6167924+00:00,خنثی,0.35,محصول,محصول
ریمل با تاثیر مژه مصنوعی مدل لش پرینسس,https://www.khanoumi.com/products/essence-lash-princess-false-lash-effect-mascara-16730,لطفا موجود کنید,0,false,2024-10-05T14:04:14.6961877+00:00,خنثی,0.35,محصول,محصول
ریمل با تاثیر مژه مصنوعی مدل لش پرینسس,https://www.khanoumi.com/products/essence-lash-princess-false-lash-effect-mascara-16730,خواهشا موجود کنید,0,false,2024-07-06T13:24:44+00:00,خنثی,0.35,محصول,محصول
ریمل با تاثیر مژه مصنوعی مدل لش پرینسس,https://www.khanoumi.com/products/essence-lash-princess-false-lash-effect-mascara-16730,شارژ نمیشه؟,0,false,2024-05-21T13:38:22+00:00,خنثی,0.35,سایر,سایر
ریمل با تاثیر مژه مصنوعی مدل لش پرینسس,https://www.khanoumi.com/products/essence-lash-princess-false-lash-effect-mascara-16730,چرا انقدر زود تموم شد شارژ شه لطفا ,0,false,2023-06-11T00:25:36+00:00,خنثی,0.35,محصول,محصول
ریمل با تاثیر مژه مصنوعی مدل لش پرینسس,https://www.khanoumi.com/products/essence-lash-princess-false-lash-effect-mascara-16730,برای استفاده ی روزانه خوبه،مژه ها رو قشنگ فرم میده اما خیلی پر نمیکنه باید دو سه بار استفاده بشه تا حجم بده به مژه ها..نکته ی منفیش همینه که بقیه هم گفتن،خیلی زیر چشم میریزه و زیرچشم رو سیاه میکنه,0,true,2023-04-16T09:34:19+00:00,ترکیبی,0.87,محصول,محصول
ریمل با تاثیر مژه مصنوعی مدل لش پرینسس,https://www.khanoumi.com/products/essence-lash-princess-false-lash-effect-mascara-16730,زیر چشمارو به شدت سیاه میکنه,4,false,2019-12-04T15:35:44+00:00,خنثی,0.35,سایر,سایر
ریمل با تاثیر مژه مصنوعی مدل لش پرینسس,https://www.khanoumi.com/products/essence-lash-princess-false-lash-effect-mascara-16730,"خیلی ریمل خوبیه مژه ها رو اصلا به هم نمیچسبونه فقط اگه با میسلار پاک نکنین موقع شستن زیرچشم خیلی سیاه میشه و میمونه






",5,true,2019-11-23T15:36:40.2133333+00:00,خنثی,0.35,محصول | اصل بودن کالا,محصول
ریمل با تاثیر مژه مصنوعی مدل لش پرینسس,https://www.khanoumi.com/products/essence-lash-princess-false-lash-effect-mascara-16730,بیشتر بلند و مشکی میکنه ولی حجم خوبیم میده ,4,true,2019-10-19T14:17:14+00:00,مثبت,0.67,محصول,محصول
ریمل با تاثیر مژه مصنوعی مدل لش پرینسس,https://www.khanoumi.com/products/essence-lash-princess-false-lash-effect-mascara-16730,لطفا ریملهای اسنس و در شانس بزارین.,3,false,2018-01-08T01:08:33.34+00:00,خنثی,0.35,سایر,سایر
ریمل با تاثیر مژه مصنوعی مدل لش پرینسس,https://www.khanoumi.com/products/essence-lash-princess-false-lash-effect-mascara-16730,مژه هارو خیلی بلند میکنه ولی اصلا حجم نمیده ,7,true,2017-11-26T15:26:38.9733333+00:00,منفی,0.67,محصول | اصل بودن کالا,اصل بودن کالا
ریمل با تاثیر مژه مصنوعی مدل لش پرینسس,https://www.khanoumi.com/products/essence-lash-princess-false-lash-effect-mascara-16730,لطفا ریملای اسنس و شارژ کنید,16,true,2017-06-21T22:10:41.7666667+00:00,خنثی,0.35,سایر,سایر
ریمل حجم دهنده و حالت دهنده مدل لش پرینسس,https://www.khanoumi.com/products/essence-lash-princess-volume-mascara-16731,باسلام لطفا مجدد این محصول رو شارژ کنید و تخفیف بزنید. این ریمل خیلی عالیه. خصوصا روی مژه های بلند، اونها رو خوش حالت مثل مژه مصنوعی می‌کنه. من که خیلی دوستش دارم و دلم نمی‌خواد ریمل دیگه ای رو دوباره امتحان کنم.,0,false,2025-11-20T13:07:33.9791138+03:30,مثبت,0.79,محصول | قیمت,محصول
ریمل حجم دهنده و حالت دهنده مدل لش پرینسس,https://www.khanoumi.com/products/essence-lash-princess-volume-mascara-16731,لطفا موجود کنید,0,false,2025-01-17T10:04:16.9666777+00:00,خنثی,0.35,محصول,محصول
ریمل حجم دهنده و حالت دهنده مدل لش پرینسس,https://www.khanoumi.com/products/essence-lash-princess-volume-mascara-16731,ریمل خوبی هست به مژه ها حالت میده و بلند میکنه حجم دهندگیشم خوبه فقط یه کم مواد داخلش خیس هست اوایل موقع استفاده کردنش که باعث میشه مژه ها به هم بچسبن ، و اینکه مواد خیلی زیادی میاد به فرچه اش من همیشه کمش میکنم بعد میزنم به مژه هام,5,true,2019-06-28T11:37:27.1766667+00:00,مثبت,0.91,محصول,محصول
ریمل حجم دهنده و حالت دهنده مدل لش پرینسس,https://www.khanoumi.com/products/essence-lash-princess-volume-mascara-16731,"از چیزی ک تصور میکردم خیلی بهتر بود من مژه های صاف و کم حالتی دارم با این ریمل مژه هام هم فر و حالت دار شد هم پر حجم هم بلند و نکنته ای ک برام مهم بود این بود ک مژه ها رو  به هم نچسبوند 
راضیم ازش",7,true,2019-04-20T13:20:23.79+00:00,مثبت,0.79,محصول,محصول
ریمل حجم دهنده و حالت دهنده مدل لش پرینسس,https://www.khanoumi.com/products/essence-lash-princess-volume-mascara-16731,خانم لالی عزیز؛ بسته بندی محصولات توسط برند اصلی انجام میشود و خانومی در امر بسته بندی دخل و تصرفی ندارد.محصول به صورت مستقیم از وارد کننده اصلی تامین و در اختیار شما قرار داده میشود,3,false,2019-04-06T16:38:28.0066667+00:00,مثبت,0.79,تحویل و ارسال | اصل بودن کالا | محصول,تحویل و ارسال
ریمل حجم دهنده و حالت دهنده مدل لش پرینسس,https://www.khanoumi.com/products/essence-lash-princess-volume-mascara-16731,این ریمل خیلی خوبه و بیشتر مژه رو بلند میکنه.ولی محصولی که از خانومی برای من فرستاده شد پلمپ نداشت.,4,true,2019-04-06T12:25:37.9866667+00:00,مثبت,0.91,محصول | تحویل و ارسال,محصول
ریمل حجم دهنده و حالت دهنده مدل لش پرینسس,https://www.khanoumi.com/products/essence-lash-princess-volume-mascara-16731,لطفا شارژ کنید,9,false,2017-05-06T22:22:32.7866667+00:00,خنثی,0.35,سایر,سایر
ریمل مدل آی لایک لانگ لشز,https://www.khanoumi.com/products/essence-i-like-long-lashes-mascara-16732,چرا هیچ کدوم از ریمل های اسنس و موجود نمیکنین؟؟؟؟!!,7,false,2018-06-30T21:35:23.8733333+00:00,خنثی,0.35,محصول,محصول
رژلب مدادی با جلوه مات و ابریشمی,https://www.khanoumi.com/products/essence-velvet-stick-matte-lip-colour-16734,من شماره 02روسفارش دادم،خیلی بارنگ اینجا تفاوت داره و اصلا این نیست،خیلی بدرنگ وزشت بود،چرب هم هست,0,true,2019-04-18T13:31:35.9666667+00:00,خنثی,0.4,محصول | اصل بودن کالا,محصول
رژلب مدادی با جلوه مات و ابریشمی,https://www.khanoumi.com/products/essence-velvet-stick-matte-lip-colour-16734,همه ی رنگهای سری مات گلدن رز رو موجود کنید لطفا. من یه دونه رژشو گرفتم برای امتحان عالی بود میخوام چند رنگ دگشو بخرم.,6,false,2017-11-27T01:45:39.6+00:00,مثبت,0.79,محصول,محصول
رژلب مدادی با جلوه مات و ابریشمی,https://www.khanoumi.com/products/essence-velvet-stick-matte-lip-colour-16734,لطفا رنگ های این محصول رو شارژ کنید ,5,false,2017-10-31T21:22:18.8166667+00:00,خنثی,0.35,محصول,محصول
رژلب مدادی با جلوه مات و ابریشمی,https://www.khanoumi.com/products/essence-velvet-stick-matte-lip-colour-16734,رنگ nude hero شماره 01رو بياريد,3,false,2017-10-08T23:33:05.15+00:00,خنثی,0.35,محصول,محصول
رژلب مدادی با جلوه مات و ابریشمی,https://www.khanoumi.com/products/essence-velvet-stick-matte-lip-colour-16734,عاليه عالي من صورتي چركش رو گرفتم,6,true,2017-08-21T13:56:23.1433333+00:00,مثبت,0.91,سایر,سایر
رژلب مدادی با جلوه مات و ابریشمی,https://www.khanoumi.com/products/essence-velvet-stick-matte-lip-colour-16734,من پوست لبم خیلی خشک و حساسه. اما این رژ مدادی عالی بود .اصلا پوسته نمیشه و موندگاریش حد معقول داره.,15,false,2017-03-15T15:47:11.0666667+00:00,مثبت,0.67,محصول | اصل بودن کالا,محصول
رژلب مدادی با جلوه نهایی براق,https://www.khanoumi.com/products/essence-glossy-stick-lip-colour-16735,رنگ شماره 3 رو گرفتم. خوشرنگه، اما رنگ بنفش  روشنی که نوشته شده نیست، رنگش شبیه عکس هم نیست. روی محصول هم نوشته strawberry soft و به بنفش بودن چندان ربطی نداره. اما یه رنگ قرمز ملیح داره. خوب روی لب میشینه، باعث خشکی نمیشه. ,0,true,2019-04-29T13:33:06.59+00:00,مثبت,0.67,محصول,محصول
رژلب مدادی با جلوه نهایی براق,https://www.khanoumi.com/products/essence-glossy-stick-lip-colour-16735,شماره چهارش ملیح و براقه و قشنگه,4,true,2017-11-11T22:39:52.3833333+00:00,خنثی,0.35,سایر,سایر
رژلب مدادی با جلوه نهایی براق,https://www.khanoumi.com/products/essence-glossy-stick-lip-colour-16735,من ۳ و ۴ رو خریدم خوشرنگه چربیش خوبه و ماندگاریشم خوبه فقط یه مشکل داره ازین رژاس که یه دور رو لب میکشی  رنگش پیدا نیست و کامل نمیپوشونه مخصوصا واسه لب درشت باید چند بار بزنی تا بپوشونه و  متاسفانه هر دفعه که روش میری رنگ زیری رو جابه جا میکنه و اخرش یه جاهایی از لبتون میمونه که  کمتر یا بیشتر از بقیه قسمتا رنگ داره و کلا باید  با دقت بزنی چند دور تا یه پوشش خوب بگیری ازش,5,true,2017-08-19T11:39:50.8933333+00:00,مثبت,0.95,محصول,محصول
رژلب مدادی با جلوه نهایی براق,https://www.khanoumi.com/products/essence-glossy-stick-lip-colour-16735,من شماره 02 و 03 این رژ رو دارم.کیفیتش واقعا خوبه، چرب و روونه و برای اونایی که لباشون خشکه مناسبه.موندگاریش هم خوبه. فقط نوکش خیلی نرمه لازم نیست زیاد فشار بدین، یکم هم سخت تراش میشه. در کل محصول خیلی خوبیه مخصوصا شماره 02 که عالیه.,5,true,2017-04-03T14:21:12.05+00:00,مثبت,0.95,محصول,محصول
براش کانسیلر صورتی,https://www.khanoumi.com/products/essence-concealer-brush-16736,"سلام به مخاطبان خانومی، من از محصولات اسنس نسبت به تنوع و قیمتشون راضیم ولی هیچ وقت از ابزارش استفاده نکرده بودم تا زمانی که این برس رو سفارش دادم. متأسفانه برای استفاده همراه با کانسیلر اطراف چشم خیلی زبره و پوستم رو اذیت میکنه. 
امیدوارم نظرم مفید واقع بشه.
با تشکر ",33,false,2017-05-31T17:44:50.4133333+00:00,مثبت,0.79,محصول | قیمت,محصول
برس خط چشم پرسایس,https://www.khanoumi.com/products/essence-precise-eyeliner-brush-16737,وای یعنی عالیه! منی که انقدر سختمه خط چشم کشیدن با این خیلی راحت بودم. با خط چشم سنگی امتحانش کردم و واقعا راضی کننده بود. سر موربش کاملا نازک و خوش دسته. از ایناییم نیس که خیلی نرم باشه و هی کج شه موقع کشیدن. من برای شروع که ازش استفاده کردم راضی بودم ولی نمیدونم کیفیتش تو بلند مدت چطور تغییر کنه.,7,true,2019-06-25T11:04:47.7433333+00:00,مثبت,0.95,محصول,محصول
برس خط چشم پرسایس,https://www.khanoumi.com/products/essence-precise-eyeliner-brush-16737,اين محصول رو شارژ كنيد خواهشا,6,false,2017-10-27T12:58:37.6366667+00:00,خنثی,0.35,محصول,محصول
برس خط چشم پرسایس,https://www.khanoumi.com/products/essence-precise-eyeliner-brush-16737,موجود کنید لطفا,6,false,2017-03-17T17:45:13.34+00:00,خنثی,0.35,محصول,محصول
رژلب مایع بادوام با طراحی خاص,https://www.khanoumi.com/products/essence-liquid-lipstick-16738,ببخشید میخواستم بپرسم این رژ شارژ نمیشه؟ ,1,false,2017-10-18T19:52:53.1766667+00:00,خنثی,0.35,سایر,سایر
رژلب مایع بادوام با طراحی خاص,https://www.khanoumi.com/products/essence-liquid-lipstick-16738,سلام .من از خانومی تا الان چندین تا رژ لب گرفتم از همه راضی بودم جز این محصول.رولب بنظر من جالب نمیشینه.رنگ مال من گوشتی بود رنگش قشنگه.ولی رو لب خوب نیست کیفیت بالایی نداره,6,true,2017-03-01T00:33:12.9133333+00:00,خنثی,0.35,محصول,محصول
سایه چشم قلمی دو در یک,https://www.khanoumi.com/products/essence-2in1-eyeshadow-and-liner-16739,02رو موجود کنید لطفا,1,false,2017-12-09T15:36:36.33+00:00,خنثی,0.35,محصول,محصول
سایه چشم قلمی دو در یک,https://www.khanoumi.com/products/essence-2in1-eyeshadow-and-liner-16739,موندگار و با کیفیته، شماره 4 مشکی واقعا پر رنگیه. فقط تنها مشکلش اینه برای استفاده به عنوان خط چشم زیادی سرش پهن و کلفته و نتیجه ظریف در نمیاد,2,true,2017-11-23T18:48:09.2866667+00:00,خنثی,0.35,محصول,محصول
سایه چشم قلمی دو در یک,https://www.khanoumi.com/products/essence-2in1-eyeshadow-and-liner-16739,رنگاش و کامل کنید اطفا,7,false,2017-11-23T02:41:17.41+00:00,خنثی,0.35,محصول,محصول
سایه چشم قلمی دو در یک,https://www.khanoumi.com/products/essence-2in1-eyeshadow-and-liner-16739,رنگهاش رو تکمیل کنید لطفا,8,false,2017-11-07T23:52:19.09+00:00,خنثی,0.35,محصول,محصول
سایه چشم قلمی دو در یک,https://www.khanoumi.com/products/essence-2in1-eyeshadow-and-liner-16739,لطفا رنگبندي رو شارژ كنين ,13,false,2017-08-26T15:10:37.79+00:00,خنثی,0.35,محصول,محصول
سایه چشم قلمی دو در یک,https://www.khanoumi.com/products/essence-2in1-eyeshadow-and-liner-16739,یعنی واقعا سایه خوبی هست. موندگاره و خیلی راحت کشیده میشه. منکه از رنگ مشکیش واسه خط چشم هم استفاده میکنم. رنگهای دیگه اش رو هم میخوام. لطفا شارژ کنید. منتظریم,12,true,2017-08-12T23:47:48.8966667+00:00,مثبت,0.67,محصول,محصول
سایه چشم قلمی دو در یک,https://www.khanoumi.com/products/essence-2in1-eyeshadow-and-liner-16739,رنگ 6 خیلی قشنگه.اصلا بدون آرایش پاک کن از روی چشم پاک نمیشه و در عین حال سبکه.راضیم :),3,false,2017-07-30T21:50:54.2066667+00:00,ترکیبی,0.9,محصول | اصل بودن کالا,محصول
سایه چشم قلمی دو در یک,https://www.khanoumi.com/products/essence-2in1-eyeshadow-and-liner-16739,من شماره 3 و 6 رو دارم 3 رو زیاد دوست ندارم ولی عاشق شماره 6 هستم خیلی سریع خوشرنگ راحت عالیه,4,false,2017-07-25T19:41:28.52+00:00,مثبت,0.79,محصول,محصول
سایه چشم قلمی دو در یک,https://www.khanoumi.com/products/essence-2in1-eyeshadow-and-liner-16739,خانومی چرااجناس خوبی مث این که تمام میشن رو شارژ نمیکنی؟^__^واقعا چرا؟,18,false,2017-06-06T20:20:36.6066667+00:00,مثبت,0.67,سایر,سایر
سایه چشم قلمی دو در یک,https://www.khanoumi.com/products/essence-2in1-eyeshadow-and-liner-16739,من رنگ صورتی و آبی رو گرفتم .کیفیت و رنگشون خیلی خوبه,4,false,2017-03-15T15:43:20.1066667+00:00,مثبت,0.91,محصول,محصول
سایه چشم قلمی دو در یک,https://www.khanoumi.com/products/essence-2in1-eyeshadow-and-liner-16739,رنگاش و لطفا تکمیل کنید,19,false,2017-02-26T10:08:53.9133333+00:00,خنثی,0.35,محصول,محصول
کانسیلر موس,https://www.khanoumi.com/products/essence-soft-touch-mousse-concealer-16740,به نسبت قیمت خوبه رنگ بزش خریدم راضیم,4,true,2017-11-11T22:42:28.8666667+00:00,مثبت,0.95,محصول | قیمت,محصول
کانسیلر موس,https://www.khanoumi.com/products/essence-soft-touch-mousse-concealer-16740,"باسلام من از خرید همه محصولات خانمی تا الان راضی بودم ولی متاسفانه از مت موس اسنس اصلا راصی نیستم اونچه که در تصور من بود با اونی که دیدم زمین تا اسمون فرفش بود ..فقط خواهش میکنم سعی کنید محصولاتی رو معرفی کنید که برای خریدار مفید باشه..
.چون به شما اعتماد میکنیم .متشکرم.",29,true,2017-08-23T17:55:19.2433333+00:00,منفی,0.91,محصول | اصل بودن کالا,اصل بودن کالا
کانسیلر موس,https://www.khanoumi.com/products/essence-soft-touch-mousse-concealer-16740,رنکهای روشنترشو هم بیارید,43,false,2017-02-22T00:57:54.7933333+00:00,خنثی,0.35,سایر,سایر
ست سایه چشم 8 عددی با بافت نرم,https://www.khanoumi.com/products/essence-all-about-eyeshadow-16741,لطفا رنگ رز رو هم شارژ کنید,11,false,2018-11-21T20:16:09.5333333+00:00,خنثی,0.35,محصول,محصول
ست سایه چشم 8 عددی با بافت نرم,https://www.khanoumi.com/products/essence-all-about-eyeshadow-16741,لطفا سایه چشمای مدادی اسنس بیارید رنگهای خیلی قشنگی داره,18,false,2018-04-17T16:20:29.9666667+00:00,خنثی,0.35,محصول,محصول
ست سایه چشم 8 عددی با بافت نرم,https://www.khanoumi.com/products/essence-all-about-eyeshadow-16741,خیلی گرونش کردید،بیرون ارزونتره.,27,false,2018-03-30T11:16:00.45+00:00,خنثی,0.35,قیمت,قیمت
ست سایه چشم 8 عددی با بافت نرم,https://www.khanoumi.com/products/essence-all-about-eyeshadow-16741,خواهشا این پالت سایه رو در رنگ های مختلف مخصوصا رز و برنز شارژ کنید خیلی منتظرشم,15,false,2017-11-23T00:26:39.78+00:00,خنثی,0.35,محصول,محصول
ست سایه چشم 8 عددی با بافت نرم,https://www.khanoumi.com/products/essence-all-about-eyeshadow-16741,لطفا  پالت رز و برنزش  رو موجود کنید ,12,false,2017-11-12T21:44:53.4366667+00:00,خنثی,0.35,محصول,محصول
ست سایه چشم 8 عددی با بافت نرم,https://www.khanoumi.com/products/essence-all-about-eyeshadow-16741,سلام  سايت خانومي عزيز لطفا و خواهش اين سايه رو با تعداد بالا موجود كنيد فقط يه هفته است كه شارژش شده ولي الان كه من اومدم سفارش بدم تموم شده! محصولات پر فروش رو تعداد بالا شارژ كنيد,11,true,2017-10-25T18:22:12.7833333+00:00,منفی,0.67,محصول,محصول
ست سایه چشم 8 عددی با بافت نرم,https://www.khanoumi.com/products/essence-all-about-eyeshadow-16741,سلام لطفا محصولات اسنس رو آف بزنید 😍😍😍,10,false,2017-10-23T15:04:40.5533333+00:00,خنثی,0.35,محصول,محصول
ست سایه چشم 8 عددی با بافت نرم,https://www.khanoumi.com/products/essence-all-about-eyeshadow-16741,لطفا زودتر شارژ کنید دیگه نمیتونم صبر کنم😵,5,true,2017-10-17T02:26:15.1466667+00:00,خنثی,0.35,سایر,سایر
ست سایه چشم 8 عددی با بافت نرم,https://www.khanoumi.com/products/essence-all-about-eyeshadow-16741,"سلام
من هر 4 پالت رو میخوام لطفا موجود کنید که با هم سفارش بدم که یکبار هزینه کنم
ممنونم",18,false,2017-08-01T21:40:56.6733333+00:00,ترکیبی,0.66,محصول | قیمت,محصول
ست سایه چشم 8 عددی با بافت نرم,https://www.khanoumi.com/products/essence-all-about-eyeshadow-16741,پالت رزشو نمیذارین,18,false,2017-07-26T20:52:03.49+00:00,خنثی,0.35,سایر,سایر
ست سایه چشم 8 عددی با بافت نرم,https://www.khanoumi.com/products/essence-all-about-eyeshadow-16741,سلام .لطفا این محصول شارژ شه.🌸,23,false,2017-04-18T23:46:52.8066667+00:00,خنثی,0.35,محصول,محصول
مداد چشم اسموکی دارای برس مخصوص محو کننده,https://www.khanoumi.com/products/essence-smokey-eye-pencil-16742,"این مدادو گرفتم مشکس نیس خاکستریه وخیلی زود کمرنگ میشه بیشتر به درد فید کردن با سایه ها میخوره
",3,false,2017-04-20T00:59:32.8066667+00:00,خنثی,0.35,محصول,محصول
مداد چشم اسموکی دارای برس مخصوص محو کننده,https://www.khanoumi.com/products/essence-smokey-eye-pencil-16742,"این مداد حرف نداره اگه که کار باهاش رو بلد باشین.
",8,false,2017-04-16T17:35:59.9733333+00:00,خنثی,0.35,سایر,سایر
مداد چشم اسموکی دو در یک,https://www.khanoumi.com/products/essence-smokey-2-in-1-khol-liner-16743,"برای داخل چشم مناسبه؟
",2,false,2017-04-23T20:14:26.5633333+00:00,خنثی,0.35,سایر,سایر
مداد چشم اسموکی دو در یک,https://www.khanoumi.com/products/essence-smokey-2-in-1-khol-liner-16743,لطفا رنگ مشکی رو موجود کنید,1,false,2017-02-22T08:53:55.9766667+00:00,خنثی,0.35,محصول,محصول
ست طراحی ابرو,https://www.khanoumi.com/products/essence-eyebrow-stylist-set-16744,واسه ابروهای مشکی خوب نیست! ,0,true,2017-07-26T17:39:02.0533333+00:00,منفی,0.67,سایر,سایر
ست طراحی ابرو,https://www.khanoumi.com/products/essence-eyebrow-stylist-set-16744,اي كاش محصولات اسنس رو شارژ ميكردين ,12,false,2017-04-22T17:22:39.3133333+00:00,خنثی,0.35,محصول,محصول
ریمل حجم دهنده ابرو,https://www.khanoumi.com/products/essence-make-me-brow-eyebrow-gel-mascara-16745,شارژ کنین لطفا ,6,false,2019-04-13T18:14:18.63+00:00,خنثی,0.35,سایر,سایر
ریمل حجم دهنده ابرو,https://www.khanoumi.com/products/essence-make-me-brow-eyebrow-gel-mascara-16745,لطفن رنگای تیرشم شارژ کنید,10,false,2018-05-18T12:48:18.4166667+00:00,خنثی,0.35,محصول,محصول
ریمل حجم دهنده ابرو,https://www.khanoumi.com/products/essence-make-me-brow-eyebrow-gel-mascara-16745,"range siahesho mikham :(
",3,false,2017-07-28T20:53:42.1966667+00:00,خنثی,0.35,سایر,سایر
ریمل حجم دهنده ابرو,https://www.khanoumi.com/products/essence-make-me-brow-eyebrow-gel-mascara-16745,خیلی بده خیلی بد :((((,6,false,2017-07-24T00:46:52.7333333+00:00,منفی,0.91,سایر,سایر
ریمل حجم دهنده ابرو,https://www.khanoumi.com/products/essence-make-me-brow-eyebrow-gel-mascara-16745,قهوه ای یعنی دقیقا چه رنگی تیره یا روشن ,0,false,2017-05-24T13:55:00.7533333+00:00,خنثی,0.35,محصول,محصول
ریمل حجم دهنده ابرو,https://www.khanoumi.com/products/essence-make-me-brow-eyebrow-gel-mascara-16745,بعد از مدتها این ریمل ابرو شارژ شده،  ولی فقط یک رنگ. کاش رنگهای روشن ش هم شارژ بشه,5,false,2017-05-24T13:53:42.2866667+00:00,خنثی,0.35,محصول,محصول
پایه سایه چشم پر رنگ کننده,https://www.khanoumi.com/products/essence-i-love-colour-intensifying-eyeshadow-base-16746,خواهش میکنم موجود کنید این محصولو.. ما خیلی وقته منتظریم,4,false,2018-04-22T16:09:42.59+00:00,خنثی,0.35,محصول,محصول
پایه سایه چشم پر رنگ کننده,https://www.khanoumi.com/products/essence-i-love-colour-intensifying-eyeshadow-base-16746,لطفا موجود کنید,5,true,2017-11-21T03:06:35.4766667+00:00,خنثی,0.35,محصول,محصول
پایه سایه چشم پر رنگ کننده,https://www.khanoumi.com/products/essence-i-love-colour-intensifying-eyeshadow-base-16746,همه ي بيس هاي سايه اسنس رو شارژ كنيد🙏🏻,6,false,2017-11-07T19:31:39.6833333+00:00,خنثی,0.35,سایر,سایر
پایه سایه چشم پر رنگ کننده,https://www.khanoumi.com/products/essence-i-love-colour-intensifying-eyeshadow-base-16746,"لطفا رنگ بژشو شارژ کنید . 
",7,true,2017-09-17T13:34:29.4233333+00:00,خنثی,0.35,محصول,محصول
پایه سایه چشم پر رنگ کننده,https://www.khanoumi.com/products/essence-i-love-colour-intensifying-eyeshadow-base-16746,لطفا موجود کنید با تشکر,11,false,2017-03-01T23:45:16.1+00:00,خنثی,0.35,محصول,محصول
خط چشم مدل لیکوئید اینک ضد آب,https://www.khanoumi.com/products/essence-liquid-ink-waterproof-eyeliner-16748,من که الان چند ماهی هستش که فقط از این خط چشم استفاده میکنم خیلی مشکی و بادوام هستش جوری که من از صبح تا عصر دانشگام هیچی ازش نمیریزه مث همون اولش میمونه ,1,true,2019-10-19T14:16:38+00:00,خنثی,0.35,محصول,محصول
خط چشم مدل لیکوئید اینک ضد آب,https://www.khanoumi.com/products/essence-liquid-ink-waterproof-eyeliner-16748,جنس موادش عالیه و قلمش روانه ولی موی قلم خیلی نازکه و کشیدن خط چشم سخت میشه میشه,0,true,2019-04-14T17:34:06.1933333+00:00,مثبت,0.79,محصول,محصول
خط چشم مدل لیکوئید اینک ضد آب,https://www.khanoumi.com/products/essence-liquid-ink-waterproof-eyeliner-16748,خط چشم خوبیه اما سایزش خیلی کوچیکه,2,true,2019-04-11T19:16:05.04+00:00,مثبت,0.67,محصول,محصول
خط چشم مدل لیکوئید اینک ضد آب,https://www.khanoumi.com/products/essence-liquid-ink-waterproof-eyeliner-16748,این خط چشم جدیدا خیلی افزایش قیمت داشته، نسبت به برندش گرونه . ولی هم سیاهیش نسبتا خوبه، هم نمی ریزه، و هم خوب شسته و تمیز میشه. فقط با میسلار کاملا تمیز میشه. حجمش هم نسبتا کمه و زود تموم میشه. ,0,true,2019-04-08T15:09:48.52+00:00,منفی,0.67,قیمت | محصول,قیمت
خط چشم مدل لیکوئید اینک ضد آب,https://www.khanoumi.com/products/essence-liquid-ink-waterproof-eyeliner-16748,مطهره عزیز این خط چشم نمای طبیعی داره و مانند سایر خط چشم ها هستش. و جزء خط چشم های مات به شمار نمیاد.,0,false,2018-04-03T09:45:02.35+00:00,خنثی,0.35,سایر,سایر
خط چشم مدل لیکوئید اینک ضد آب,https://www.khanoumi.com/products/essence-liquid-ink-waterproof-eyeliner-16748,براقه یا مات؟,0,false,2018-04-02T02:30:41.7333333+00:00,خنثی,0.35,سایر,سایر
خط چشم مدل دیپ,https://www.khanoumi.com/products/essence-dip-eyeliner-16749,خیلی خط چشم خوبیه از نظر موندگاری و کیفیت تنها ایرادش از نظر من سر نمدی شه که یه مقدار خط چشم رو کلفت میکنه و برای کشیدن خط چشم های باریک زیاد مناسب نیست..,1,true,2017-10-02T16:12:31.7733333+00:00,مثبت,0.67,محصول,محصول
خط چشم مدل دیپ,https://www.khanoumi.com/products/essence-dip-eyeliner-16749,پیام دادید محصولات اسنس شارژ شد ولی فقط یک رنگ از ریمل ابرو ونیز ژل ابرو شارژشد ,4,false,2017-05-24T13:58:31.7266667+00:00,خنثی,0.35,محصول,محصول
خط چشم مدل دیپ ضد آب,https://www.khanoumi.com/products/essence-dip-waterproof-eyeliner-16750,به نسبت قیمتش خیلی خوب و راضی کننده ست.,0,true,2018-01-29T00:08:40.7966667+00:00,مثبت,0.95,قیمت,قیمت
خط چشم مدل دیپ ضد آب,https://www.khanoumi.com/products/essence-dip-waterproof-eyeliner-16750,سر این مویی هست یا ماژیکی؟,5,false,2017-04-05T18:50:17.0866667+00:00,خنثی,0.35,محصول,محصول
شامپو ترمیم کننده و مغذی مدل Reparation مناسب برای موهای آسیب دیده حجم 300 میلی لیتر,https://www.khanoumi.com/products/yves-rocher-nutri-repair-treatment-shampoo-16754,"من استفاده کردم
خیلی خوب بود
موهام کراتینه است و راضی بودم",0,true,2022-04-10T13:45:30+00:00,مثبت,0.95,محصول,محصول
شامپو ترمیم کننده و مغذی مدل Reparation مناسب برای موهای آسیب دیده حجم 300 میلی لیتر,https://www.khanoumi.com/products/yves-rocher-nutri-repair-treatment-shampoo-16754,شامپو متاسفانه روی موهای من جواب نداد.موهام به شدت وز شده و سرم خارش گرفته.احساس می کنم محصولات اصل نیستند.,43,true,2018-01-01T12:11:39.66+00:00,منفی,0.79,محصول | اصل بودن کالا,اصل بودن کالا
شامپو مغذی مو مناسب موهای خشک حجم 300 میلی لیتر,https://www.khanoumi.com/products/yves-rocher-nutri-silky-treatment-shampoo-16755,سلام من از وقتی این شامپو استفاده کردم پوست سرم خارش گرفته  و من ازش راضی نیستم ,1,true,2020-08-08T00:53:45+00:00,منفی,0.67,محصول,محصول
ژل پاکسازی پوست حجم 200 میلی لیتر,https://www.khanoumi.com/products/avene-cleanance-cleansing-gel-16756,یکی از بهترین شوینده هاستتتت عالیهههههه لطفا تخفیف بیشتری بزارین روشش,0,false,2022-11-30T20:18:02+00:00,مثبت,0.91,قیمت,قیمت
ژل پاکسازی پوست حجم 200 میلی لیتر,https://www.khanoumi.com/products/avene-cleanance-cleansing-gel-16756,mojodesh konin 😢😭 in ke asri mojod bood,14,true,2018-12-12T01:02:58.0466667+00:00,خنثی,0.35,سایر,سایر
ژل پاکسازی پوست حجم 200 میلی لیتر,https://www.khanoumi.com/products/avene-cleanance-cleansing-gel-16756,لطفا موجودش کنید ٬ این شوینده جزو بهترین شوینده‌ها برای پوست چری و مختلط هست٬ من پوستم مختلطه  واقعا قدرت پاک کنندگیش عالیه و پوستمو اصلا خشک نمیکنه و کاملا چربی پوست رو میگیره ٬خاصیت درمانیش برای جوش هم واقعا تاثیرگذاره,49,false,2018-02-20T14:58:18.3666667+00:00,مثبت,0.79,محصول | اصل بودن کالا,محصول
فلویید ضد آفتاب اس پی اف 50 دارای جلوه نهایی مات حجم 50 میلی لیتر,https://www.khanoumi.com/products/eucerin-sun-fluid-mattifying-spf-50-16759,موجود کنید لطفا,0,false,2024-12-02T16:18:53.5287342+00:00,خنثی,0.35,محصول,محصول
فلویید ضد آفتاب اس پی اف 50 دارای جلوه نهایی مات حجم 50 میلی لیتر,https://www.khanoumi.com/products/eucerin-sun-fluid-mattifying-spf-50-16759,این خیلی عالیه موجود کنین لطفاً,0,false,2024-07-08T20:13:13+00:00,مثبت,0.79,محصول,محصول
فلویید ضد آفتاب اس پی اف 50 دارای جلوه نهایی مات حجم 50 میلی لیتر,https://www.khanoumi.com/products/eucerin-sun-fluid-mattifying-spf-50-16759,خیلی عالیه خیلی بافت نرم و مخملی داره وقتی بصورت میزنی صورت نرم و مخملی میشه من عاشقشم⚘💚💚😘😘,2,false,2020-04-15T12:54:42+00:00,مثبت,0.91,محصول,محصول
فلویید ضد آفتاب اس پی اف 50 دارای جلوه نهایی مات حجم 50 میلی لیتر,https://www.khanoumi.com/products/eucerin-sun-fluid-mattifying-spf-50-16759,عالی بود این ضد آفتاب,2,true,2020-02-12T16:51:41+00:00,مثبت,0.79,محصول,محصول
فلویید ضد آفتاب اس پی اف 50 دارای جلوه نهایی مات حجم 50 میلی لیتر,https://www.khanoumi.com/products/eucerin-sun-fluid-mattifying-spf-50-16759,مات میکنه یعنی چی؟,3,false,2019-12-25T18:09:43+00:00,خنثی,0.35,سایر,سایر
فلویید ضد آفتاب اس پی اف 50 دارای جلوه نهایی مات حجم 50 میلی لیتر,https://www.khanoumi.com/products/eucerin-sun-fluid-mattifying-spf-50-16759,بافت سبک و نرمی داره و پوست رو لطیف میکنه.برای استفاده روزانه عالیه,3,true,2019-12-06T12:53:45+00:00,مثبت,0.79,محصول,محصول
فلویید ضد آفتاب اس پی اف 50 دارای جلوه نهایی مات حجم 50 میلی لیتر,https://www.khanoumi.com/products/eucerin-sun-fluid-mattifying-spf-50-16759,من پوست مختلطی دارم و الان یک ماهه دارم ازش استفاده میکنم،فوق‌العادست کاملا مات میشه و بعد چندساعت برق نمیوفته و بعداز استفاده یه حس مخملی شدن به پوست میده♥♥😚,2,true,2019-11-25T13:17:21.2666667+00:00,خنثی,0.35,محصول,محصول
فلویید ضد آفتاب اس پی اف 50 دارای جلوه نهایی مات حجم 50 میلی لیتر,https://www.khanoumi.com/products/eucerin-sun-fluid-mattifying-spf-50-16759,من پوستم خشک وکمی لک ایجاد شده ..این ضدآفتاب متناسب پوستم هست؟,5,false,2019-11-10T19:03:57+00:00,خنثی,0.35,محصول,محصول
فلویید ضد آفتاب اس پی اف 50 دارای جلوه نهایی مات حجم 50 میلی لیتر,https://www.khanoumi.com/products/eucerin-sun-fluid-mattifying-spf-50-16759,من عاشقششششم تابحال اینقد کرم نرم و مات کننده ای ندیدممم 🥰 خیلی عالیه برای استفاده روزانه حرف نداره ,4,true,2019-10-21T17:05:43+00:00,مثبت,0.79,محصول,محصول
فلویید ضد آفتاب اس پی اف 50 دارای جلوه نهایی مات حجم 50 میلی لیتر,https://www.khanoumi.com/products/eucerin-sun-fluid-mattifying-spf-50-16759,سبک و قابل استفاده روزانه عالی,3,true,2019-10-21T09:33:57+00:00,مثبت,0.67,سایر,سایر
فلویید ضد آفتاب اس پی اف 50 دارای جلوه نهایی مات حجم 50 میلی لیتر,https://www.khanoumi.com/products/eucerin-sun-fluid-mattifying-spf-50-16759,بسیار سبکه و اصلا باعث جوش نمیشه. روی پوست نمیماسه‌. ,2,true,2019-10-20T11:32:18+00:00,مثبت,0.67,محصول | اصل بودن کالا,محصول
فلویید ضد آفتاب اس پی اف 50 دارای جلوه نهایی مات حجم 50 میلی لیتر,https://www.khanoumi.com/products/eucerin-sun-fluid-mattifying-spf-50-16759,سبک ترین و لطیف ترین ضد افتاب زندگیم,2,true,2019-10-20T09:21:43+00:00,خنثی,0.35,سایر,سایر
فلویید ضد آفتاب اس پی اف 50 دارای جلوه نهایی مات حجم 50 میلی لیتر,https://www.khanoumi.com/products/eucerin-sun-fluid-mattifying-spf-50-16759,بافتش خیلی خیلی خوبه و کامل روی پوست میخوابه...راحت روش میشه کرمپودر یا پنکک زدو ظاهر کاملا ماتی بهتون میده من خیلی راضیم,1,true,2019-10-19T14:09:53+00:00,مثبت,0.95,محصول,محصول
فلویید ضد آفتاب اس پی اف 50 دارای جلوه نهایی مات حجم 50 میلی لیتر,https://www.khanoumi.com/products/eucerin-sun-fluid-mattifying-spf-50-16759,خیلی سبک و خوبه اصلا تی ‌زون منو براق نمیکنه و فکر میکنم به نسبت کیفیتش قیمتش واقعا خوبه :),1,true,2019-10-17T00:27:21+00:00,مثبت,0.95,محصول | اصل بودن کالا | قیمت,محصول
فلویید ضد آفتاب اس پی اف 50 دارای جلوه نهایی مات حجم 50 میلی لیتر,https://www.khanoumi.com/products/eucerin-sun-fluid-mattifying-spf-50-16759,"به قدري از محصول راضيم كه هميشه ٢ تا ميخرم ازش ك يه وقت تموم نشه 😅🥰
فقط يادتون باشه قبل استفاده خوب تكونش بدين",1,true,2019-10-16T11:27:45+00:00,مثبت,0.79,محصول,محصول
فلویید ضد آفتاب اس پی اف 50 دارای جلوه نهایی مات حجم 50 میلی لیتر,https://www.khanoumi.com/products/eucerin-sun-fluid-mattifying-spf-50-16759,ضدآفتاب فلویید اوسرین spf50 مات عالیهههه من پوستم خیلی حساسه و تحمل ضدافتاب رو نداره ولی این ضدافتاب عالیه ومهمتر اینکه اصلا حالت ماسیدگی روی پوست نداره.پیشنهاد 100درصد میدم سپاس از خانومی,1,true,2019-10-15T19:02:27+00:00,مثبت,0.95,محصول | اصل بودن کالا,محصول
فلویید ضد آفتاب اس پی اف 50 دارای جلوه نهایی مات حجم 50 میلی لیتر,https://www.khanoumi.com/products/eucerin-sun-fluid-mattifying-spf-50-16759,"یک ضدافتاب فوق العاده عالی
من ک واقعا راضی بودم",1,true,2019-10-14T13:10:17+00:00,مثبت,0.91,محصول,محصول
فلویید ضد آفتاب اس پی اف 50 دارای جلوه نهایی مات حجم 50 میلی لیتر,https://www.khanoumi.com/products/eucerin-sun-fluid-mattifying-spf-50-16759,خيلي ضد افتاب خوبيه و بافت بسيار سبكي داره,1,true,2019-10-12T15:03:33+00:00,مثبت,0.67,محصول,محصول
فلویید ضد آفتاب اس پی اف 50 دارای جلوه نهایی مات حجم 50 میلی لیتر,https://www.khanoumi.com/products/eucerin-sun-fluid-mattifying-spf-50-16759,فوق العاده مات و سبكه عاليه ,2,true,2019-10-12T11:32:38+00:00,مثبت,0.91,سایر,سایر
فلویید ضد آفتاب اس پی اف 50 دارای جلوه نهایی مات حجم 50 میلی لیتر,https://www.khanoumi.com/products/eucerin-sun-fluid-mattifying-spf-50-16759,خیلی خیلی سبکه برای منکه پوست خیلی چربی دارم باعث جوش نشد و اصلا برق نمیفته روی پوست 😍,2,false,2019-10-05T22:44:45+00:00,منفی,0.67,محصول | اصل بودن کالا,اصل بودن کالا
فلویید ضد آفتاب اس پی اف 50 دارای جلوه نهایی مات حجم 50 میلی لیتر,https://www.khanoumi.com/products/eucerin-sun-fluid-mattifying-spf-50-16759,خیلی خیلی سبک ولطیفه. انگار چیزی به پوست نزدی  اصلا سنگین نیست. فقط حیف که الکل داره,1,true,2019-10-02T16:21:37+00:00,منفی,0.67,محصول | اصل بودن کالا,اصل بودن کالا
فلویید ضد آفتاب اس پی اف 50 دارای جلوه نهایی مات حجم 50 میلی لیتر,https://www.khanoumi.com/products/eucerin-sun-fluid-mattifying-spf-50-16759,رنگ هم داره؟پوشش دهی چطور؟,1,false,2019-09-30T09:41:51+00:00,خنثی,0.35,محصول,محصول
فلویید ضد آفتاب اس پی اف 50 دارای جلوه نهایی مات حجم 50 میلی لیتر,https://www.khanoumi.com/products/eucerin-sun-fluid-mattifying-spf-50-16759,خیلی خوووبه. منم خریدمش عالللللیه اصلا سنگین نیست و واقعا سریع جذب میشه,1,true,2019-09-30T00:36:32+00:00,منفی,0.67,اصل بودن کالا,اصل بودن کالا
فلویید ضد آفتاب اس پی اف 50 دارای جلوه نهایی مات حجم 50 میلی لیتر,https://www.khanoumi.com/products/eucerin-sun-fluid-mattifying-spf-50-16759,"وای که من عاشق این ضدآفتابم :
حالت فلوییدی و روان داره خیلی خوب رو پوست میخوابه با خیال راحت میتونید از روش کرم پودر بزنید،اصلا پوست عرق نمیکنه ، به خاطر فلوییدی بودنش پوست آبرسانی هم میشه من که خیلی راضیم ازش.",2,false,2019-09-28T10:47:52+00:00,مثبت,0.95,محصول | اصل بودن کالا,محصول
فلویید ضد آفتاب اس پی اف 50 دارای جلوه نهایی مات حجم 50 میلی لیتر,https://www.khanoumi.com/products/eucerin-sun-fluid-mattifying-spf-50-16759,"واقعا ضد افتاب سبک و عالی یی هستش و پوستو نرم میکنه
حتما تکرارش میکنم❤👌🏻
",2,true,2019-09-27T19:50:51+00:00,مثبت,0.67,محصول,محصول
فلویید ضد آفتاب اس پی اف 50 دارای جلوه نهایی مات حجم 50 میلی لیتر,https://www.khanoumi.com/products/eucerin-sun-fluid-mattifying-spf-50-16759,خیلی سبک و مخملیه روی پوست و اصلا روی صورت برق نمیندازه  ,3,true,2019-09-27T17:44:24+00:00,مثبت,0.67,محصول | اصل بودن کالا,محصول
فلویید ضد آفتاب اس پی اف 50 دارای جلوه نهایی مات حجم 50 میلی لیتر,https://www.khanoumi.com/products/eucerin-sun-fluid-mattifying-spf-50-16759,من باراوله که استفاده میکنم الان تقریبا یک ماهه دارم مصرف میکنم خیلی راضی ام سبکه وزود جذب میشه وپوستمو نرم میکنه.دوباره هم میخرمش.,4,true,2019-09-12T03:24:06+00:00,مثبت,0.79,محصول,محصول
فلویید ضد آفتاب اس پی اف 50 دارای جلوه نهایی مات حجم 50 میلی لیتر,https://www.khanoumi.com/products/eucerin-sun-fluid-mattifying-spf-50-16759,من ازتون توی اف تابستونه خریدم و خیلی راضیم الان یک ماه هس استفاده میکنم بسیار سبک و مات هس روی پوست اصلا احساس سنگینی نمیده منکه عاشقشم خیلی هم جمع و جوره قوطیش ,3,false,2019-09-09T13:49:31+00:00,مثبت,0.79,محصول | اصل بودن کالا,محصول
فلویید ضد آفتاب اس پی اف 50 دارای جلوه نهایی مات حجم 50 میلی لیتر,https://www.khanoumi.com/products/eucerin-sun-fluid-mattifying-spf-50-16759,"من بسیار راضیم
سبک و مات
",2,true,2019-09-08T02:04:10.4533333+00:00,مثبت,0.79,سایر,سایر
فلویید ضد آفتاب اس پی اف 50 دارای جلوه نهایی مات حجم 50 میلی لیتر,https://www.khanoumi.com/products/eucerin-sun-fluid-mattifying-spf-50-16759,من این محصول رو ۳،۴ روزه دارم استفاده میکنم. در عرض ۱۰ ثانیه جذب میشه و فوری مات میشه . اما چیزی که شدیدا داره اذیتم میکنه کل صورتم جوش زیر پوستی زده و کلی هم پول دادم !!!!,8,true,2019-09-03T23:33:15.4266667+00:00,خنثی,0.35,محصول,محصول
فلویید ضد آفتاب اس پی اف 50 دارای جلوه نهایی مات حجم 50 میلی لیتر,https://www.khanoumi.com/products/eucerin-sun-fluid-mattifying-spf-50-16759,من این محصول و ازتون خریدم و بسیار هم راضییم کاملا مات کنندست یه کوچولو روشنم میکنه فقط بوش رو دوست ندارم ولی از خریدم راضی‌ام,3,true,2019-08-31T22:53:49+00:00,مثبت,0.79,محصول,محصول
فلویید ضد آفتاب اس پی اف 50 دارای جلوه نهایی مات حجم 50 میلی لیتر,https://www.khanoumi.com/products/eucerin-sun-fluid-mattifying-spf-50-16759,من هم این محصول رو خریداری کردم پوستم حساس و نسبتا خشکه ، این ضدافتاب جزو ضد افتابهای سبکی هست که ازش راضیم,10,true,2019-08-18T14:36:56.85+00:00,مثبت,0.79,محصول,محصول
فلویید ضد آفتاب اس پی اف 50 دارای جلوه نهایی مات حجم 50 میلی لیتر,https://www.khanoumi.com/products/eucerin-sun-fluid-mattifying-spf-50-16759,ضد افتاب عالی پوست رو براق نمیکنه و خیلی سبک هست ,8,true,2019-08-04T16:07:35.8433333+00:00,مثبت,0.67,محصول,محصول
فلویید ضد آفتاب اس پی اف 50 دارای جلوه نهایی مات حجم 50 میلی لیتر,https://www.khanoumi.com/products/eucerin-sun-fluid-mattifying-spf-50-16759,فوق العاده سبک،  اصلا رنگ نمیده و روی پوست من که چربه برق نمیندازه  و تنها نکته منفی از نظر من بوی شدید الکلشه,5,true,2019-07-31T00:42:31.53+00:00,خنثی,0.35,محصول | اصل بودن کالا,محصول
فلویید ضد آفتاب اس پی اف 50 دارای جلوه نهایی مات حجم 50 میلی لیتر,https://www.khanoumi.com/products/eucerin-sun-fluid-mattifying-spf-50-16759,سلام. من اين ضد افتاب رو سفارش دادم و سبكترين ضد افتابى هست كه تا حالا داشتم. اصلا روى پوست حسش نميكنم با اينكه پوستم چربه.هيچ رنگي هم به پوست نميده و سريع جذب ميشه. من وقتى سفارشم به دستم رسيد عاشق قوطيش شدم از همون اول 😄😍 چون با اينكه ٥٠ ميل هست و حجمش خوبه ولي قوطيش كوچولو و گوگوليه 😄. من كه دوسش دارم و تخفيف خوبى هم از خانومى گرفتم كه واقعا راضيم 🙏😍,6,true,2019-07-24T14:28:09.1766667+00:00,مثبت,0.95,محصول | تحویل و ارسال | اصل بودن کالا | قیمت,محصول
فلویید ضد آفتاب اس پی اف 50 دارای جلوه نهایی مات حجم 50 میلی لیتر,https://www.khanoumi.com/products/eucerin-sun-fluid-mattifying-spf-50-16759,واقعا ضد آب و ضد تعریق هست ؟ ممنون میشم جواب بدین,7,false,2019-07-12T16:17:33.48+00:00,ترکیبی,0.66,سایر,سایر
فلویید ضد آفتاب اس پی اف 50 دارای جلوه نهایی مات حجم 50 میلی لیتر,https://www.khanoumi.com/products/eucerin-sun-fluid-mattifying-spf-50-16759,ممکنه مجدد اینو شارژ کنید. من تا اومدم بخرم تموم شد,24,true,2019-06-27T22:52:45.7+00:00,خنثی,0.35,محصول,محصول
فلویید ضد آفتاب اس پی اف 50 دارای جلوه نهایی مات حجم 50 میلی لیتر,https://www.khanoumi.com/products/eucerin-sun-fluid-mattifying-spf-50-16759,تاریخ انقضاش کی هست ؟,37,true,2018-04-07T11:39:37.1066667+00:00,خنثی,0.35,سایر,سایر
فلویید ضد آفتاب اس پی اف 50 دارای جلوه نهایی مات حجم 50 میلی لیتر,https://www.khanoumi.com/products/eucerin-sun-fluid-mattifying-spf-50-16759,این محصول کاملا مایع هست و صورت رو مات نگه میداره ولی افرادی که پوستشون چربی بیش از حد داره استفاده نکنن من خریدم تقریبا راضی هستم فقط از ترکیب ماده ای که به صورت مایعه خوشم نیومد,30,true,2018-03-18T00:34:32.9466667+00:00,مثبت,0.67,محصول,محصول
فلویید ضد آفتاب اس پی اف 50 دارای جلوه نهایی مات حجم 50 میلی لیتر,https://www.khanoumi.com/products/eucerin-sun-fluid-mattifying-spf-50-16759,شانس لطفا,6,false,2018-03-16T10:45:02.5866667+00:00,خنثی,0.35,سایر,سایر
فلویید ضد آفتاب اس پی اف 50 دارای جلوه نهایی مات حجم 50 میلی لیتر,https://www.khanoumi.com/products/eucerin-sun-fluid-mattifying-spf-50-16759,سلام من این محصولو از خانومی گرفتم و شدیدا بوی الکل میداد بعد از پیگیری متوجه شدم محصول دوفازه شده و نباید بوی الکل بده از خریدم از خانومی واقعا پشیمونم,6,true,2017-10-01T20:42:53.8433333+00:00,منفی,0.95,محصول | خدمات و پشتیبانی,محصول
فلویید ضد آفتاب اس پی اف 50 دارای جلوه نهایی مات حجم 50 میلی لیتر,https://www.khanoumi.com/products/eucerin-sun-fluid-mattifying-spf-50-16759,کاربر گرامی/تمامی برندها توسط تولید کنندگان یا وارد کنندگان اصلی قیمت گذاری میشود و این محصول  در سری جدید تولید خود افزایش قیمت داشته است.,0,false,2017-07-22T17:30:10.5+00:00,مثبت,0.67,اصل بودن کالا | قیمت | محصول,اصل بودن کالا
فلویید ضد آفتاب اس پی اف 50 دارای جلوه نهایی مات حجم 50 میلی لیتر,https://www.khanoumi.com/products/eucerin-sun-fluid-mattifying-spf-50-16759,سلام.من این ضد آفتاب رو دارم، بی رنگه و خیلی راضی هستم نوع پوستم هم مختلط هست، البته اون موقع سایت خانمی هنوز این ضدآفتاب رو موجود نداشت. کلا محصول خوبیه و پیشنهادش میکنم.,1,false,2017-07-14T12:55:34.4933333+00:00,مثبت,0.91,محصول,محصول
فلویید ضد آفتاب اس پی اف 50 دارای جلوه نهایی مات حجم 50 میلی لیتر,https://www.khanoumi.com/products/eucerin-sun-fluid-mattifying-spf-50-16759,سلام لطفا این محصول عالی رو مجددا موجود کنید,2,false,2017-05-13T13:09:21.1466667+00:00,مثبت,0.67,محصول,محصول
فلویید ضد آفتاب اس پی اف 50 دارای جلوه نهایی مات حجم 50 میلی لیتر,https://www.khanoumi.com/products/eucerin-sun-fluid-mattifying-spf-50-16759,"سلام این محصول بی رنگه ؟؟؟
",4,false,2017-02-05T00:11:11.1866667+00:00,خنثی,0.35,محصول,محصول
کرم مرطوب کننده دور چشم مدل آکوا پورین حجم 15 میلی لیتر,https://www.khanoumi.com/products/eucerin-aquaporin-active-revitalising-eye-cream-16761,کرم خوبیه حتما کرم دور چشم استفاده کنید,0,false,2019-09-28T10:41:08+00:00,مثبت,0.67,محصول,محصول
کرم مرطوب کننده دور چشم مدل آکوا پورین حجم 15 میلی لیتر,https://www.khanoumi.com/products/eucerin-aquaporin-active-revitalising-eye-cream-16761,تاریخ انقضای این محصول تا کی هستش؟,0,false,2018-09-05T11:43:45.9066667+00:00,خنثی,0.35,محصول,محصول
کرم مرطوب کننده دور چشم مدل آکوا پورین حجم 15 میلی لیتر,https://www.khanoumi.com/products/eucerin-aquaporin-active-revitalising-eye-cream-16761,لطفا لطفا لطفا در شانس قرار بدید,9,false,2018-04-25T10:35:52.0366667+00:00,منفی,0.67,سایر,سایر
کرم مرطوب کننده دور چشم مدل آکوا پورین حجم 15 میلی لیتر,https://www.khanoumi.com/products/eucerin-aquaporin-active-revitalising-eye-cream-16761,کرم خوبیه، توصیه اش میکنم...,8,false,2018-01-19T18:42:05.81+00:00,مثبت,0.79,محصول,محصول
کرم ضد آفتاب صورت دارای SPF 50 مناسب پوست خشک حجم 50 میلی لیتر,https://www.khanoumi.com/products/eucerin-sun-cream-spf-50-face-16763,ببخشید تاریخ انقضاش تا کیه؟ ,15,false,2018-08-06T19:44:26.9833333+00:00,خنثی,0.35,سایر,سایر
کرم ضد آفتاب صورت دارای SPF 50 مناسب پوست خشک حجم 50 میلی لیتر,https://www.khanoumi.com/products/eucerin-sun-cream-spf-50-face-16763,یعنی از نوروا بهتره,7,false,2018-06-28T13:23:26.5933333+00:00,خنثی,0.35,سایر,سایر
کرم ضد آفتاب صورت دارای SPF 50 مناسب پوست خشک حجم 50 میلی لیتر,https://www.khanoumi.com/products/eucerin-sun-cream-spf-50-face-16763,یدونه ژل ضد آفتاب واسه پوست چرب داشت برند اوسرین قبلا تو پیجتون الان نیست اصلا. دو تا ضد آفتاب داره الان هردوش مال پوست خشک و حساسه,3,false,2018-06-18T15:20:58.1933333+00:00,منفی,0.67,محصول | اصل بودن کالا,اصل بودن کالا
ژل کرم ضد آفتاب دارای SPF50 مناسب پوست چرب حجم 50 میلی لیتر,https://www.khanoumi.com/products/eucerin-sun-gel-creme-oil-control-dry-touch-spf-50-16764,ژل کرم ضدآفتاب اوسرین رو دوستم بهم معرفی کرد. پوست من چربه و این محصول بافت سبکی داره و به سرعت جذب پوستم میشه و از ایجاد حس چربی و سنگینی روی اون جلوگیری میکنه. بعد از استفاده از ژل کرم اوسرین پوستم جلوه مات و خوبی پیدا میکنه و دیگه از براقیت زیاد روی اون خبری نیست که این موضوع برای من خیلی مهمه و رضایتم رو از مصرفش بیشتر میکنه. این محصول موندگاری خوبی داره و اصلا باعث ایجاد حساسیت و التهاب روی پوستم نشده. تصمیم دارم دوباره این ضدآفتاب رو شارژ کنم و به کسایی که پوستشون چربه پیشنهادش میکنم.,0,false,2022-01-29T08:35:31+00:00,مثبت,0.95,محصول | اصل بودن کالا,محصول
ژل کرم ضد آفتاب دارای SPF50 مناسب پوست چرب حجم 50 میلی لیتر,https://www.khanoumi.com/products/eucerin-sun-gel-creme-oil-control-dry-touch-spf-50-16764,یکی از بهترین ضد آفتاب هاییکه استفاده کردم,2,true,2021-09-18T12:12:26+00:00,مثبت,0.67,سایر,سایر
ژل کرم ضد آفتاب دارای SPF50 مناسب پوست چرب حجم 50 میلی لیتر,https://www.khanoumi.com/products/eucerin-sun-gel-creme-oil-control-dry-touch-spf-50-16764,سلام، این محصول واقعا عالیه، ,3,true,2020-10-24T13:12:38+00:00,مثبت,0.79,محصول,محصول
ژل کرم ضد آفتاب دارای SPF50 مناسب پوست چرب حجم 50 میلی لیتر,https://www.khanoumi.com/products/eucerin-sun-gel-creme-oil-control-dry-touch-spf-50-16764,این ضدافتاب عالیه من پوستم فوق العاده چربه و این مجزس اصلا پوستم برق نمیزنه عرقم نمیکنم جوشم‌نزدم باهاش ازوقتی خریدم ,6,true,2020-09-10T15:43:50+00:00,مثبت,0.95,محصول | اصل بودن کالا,محصول
ژل کرم ضد آفتاب دارای SPF50 مناسب پوست چرب حجم 50 میلی لیتر,https://www.khanoumi.com/products/eucerin-sun-gel-creme-oil-control-dry-touch-spf-50-16764,من پوستم مختلطه و این ضدآفتاب برا پوستم عالی بوده سبکه زودجذب میشه وازهمه مهمتر واقعا بی رنگه و نمیماسه ,3,true,2020-09-08T18:08:19+00:00,مثبت,0.79,محصول,محصول
ژل کرم ضد آفتاب دارای SPF50 مناسب پوست چرب حجم 50 میلی لیتر,https://www.khanoumi.com/products/eucerin-sun-gel-creme-oil-control-dry-touch-spf-50-16764,"این محصول عالیه
من پوستم خیلی خشکه ولی از ضدآفتابایی که چرب و سنگینن وبا اسم مخصوص پوست خشک دارای مرطوب کننده غالب میکنن بدم میاد با اینکه این محصول مخصوص پوست چربه ولی من واقعا ازش راضیم چون راحت جذب میشه و حس سنگینی به پوست نمیده و ماته تقریبا",0,true,2020-09-08T14:44:32+00:00,ترکیبی,0.92,محصول,محصول
ژل کرم ضد آفتاب دارای SPF50 مناسب پوست چرب حجم 50 میلی لیتر,https://www.khanoumi.com/products/eucerin-sun-gel-creme-oil-control-dry-touch-spf-50-16764,من استفاده میکنم واقعا عالیه,0,true,2020-09-07T01:31:17+00:00,مثبت,0.79,سایر,سایر
ژل کرم ضد آفتاب دارای SPF50 مناسب پوست چرب حجم 50 میلی لیتر,https://www.khanoumi.com/products/eucerin-sun-gel-creme-oil-control-dry-touch-spf-50-16764,"خیلی خوبه رو پوست خوب میمونه و چرب نمیشه، جذبش راحته،برای من ک زود جوش میزنم اصلا باعث جوش نمیشه.
ولی بوی چندان جالبی نداره",1,true,2020-09-05T22:41:29+00:00,مثبت,0.95,محصول | اصل بودن کالا,محصول
ژل کرم ضد آفتاب دارای SPF50 مناسب پوست چرب حجم 50 میلی لیتر,https://www.khanoumi.com/products/eucerin-sun-gel-creme-oil-control-dry-touch-spf-50-16764,"ضد افتاب فوق العاده عالی
من پوستم چربه و هیچ ضد افتابی پیدا نمیکردم که پوستمو چربو براق نکنه چه زیر ارایش چه بدون ارایش
ولی این محصول عالی بود
",3,true,2020-08-12T01:00:05+00:00,ترکیبی,0.92,محصول,محصول
ژل کرم ضد آفتاب دارای SPF50 مناسب پوست چرب حجم 50 میلی لیتر,https://www.khanoumi.com/products/eucerin-sun-gel-creme-oil-control-dry-touch-spf-50-16764,محصولات اوسرین عااالیه.  🙏🌹,5,true,2020-08-08T10:43:51+00:00,خنثی,0.35,محصول,محصول
ژل کرم ضد آفتاب دارای SPF50 مناسب پوست چرب حجم 50 میلی لیتر,https://www.khanoumi.com/products/eucerin-sun-gel-creme-oil-control-dry-touch-spf-50-16764,عالیهههه من استفاده کردم ,6,true,2020-08-06T15:21:40+00:00,مثبت,0.79,سایر,سایر
ژل کرم ضد آفتاب دارای SPF50 مناسب پوست چرب حجم 50 میلی لیتر,https://www.khanoumi.com/products/eucerin-sun-gel-creme-oil-control-dry-touch-spf-50-16764,من خیلی ازش راضیم... و واسه منی که کرمپودر استفاده میکنم فوق العاده بوده.بعد اینکه روش کرمپودر میزنم ب هیچ وجه کرمم نمیماسه و چرب نمیشه ,6,true,2020-07-06T15:31:28+00:00,مثبت,0.91,محصول,محصول
ژل کرم ضد آفتاب دارای SPF50 مناسب پوست چرب حجم 50 میلی لیتر,https://www.khanoumi.com/products/eucerin-sun-gel-creme-oil-control-dry-touch-spf-50-16764,این ضد افتاب فوق العاده است زود جذب میشه انگار ابرسان زدی به پوست من قبلا ایزیدین استفاده میگردممم اما دیگه انتخاب همیشه گیممم این شدههه حتما امتحانش بکنیننن عالی,2,true,2020-07-04T11:35:10+00:00,مثبت,0.79,محصول,محصول
ژل کرم ضد آفتاب دارای SPF50 مناسب پوست چرب حجم 50 میلی لیتر,https://www.khanoumi.com/products/eucerin-sun-gel-creme-oil-control-dry-touch-spf-50-16764,"خوب بود راضی بودم ازش
",7,true,2020-07-03T15:05:19+00:00,مثبت,0.91,محصول,محصول
ژل کرم ضد آفتاب دارای SPF50 مناسب پوست چرب حجم 50 میلی لیتر,https://www.khanoumi.com/products/eucerin-sun-gel-creme-oil-control-dry-touch-spf-50-16764,عااالیه. مخصوصا برای کسایی که پوست چرب دارن. سریع جذب میشه و نرمی و لطافت خاصی روی پوست می ذاره. با تجویز دکتر گرفتم و ۴ سری هست نه تجدید کردم.  تخفیف الانش که عالیه. پیشنهاد میدم زیاد,1,true,2020-07-03T10:59:27+00:00,مثبت,0.91,محصول | قیمت,محصول
ژل کرم ضد آفتاب دارای SPF50 مناسب پوست چرب حجم 50 میلی لیتر,https://www.khanoumi.com/products/eucerin-sun-gel-creme-oil-control-dry-touch-spf-50-16764,ضد افتاب خیلی خوبیه و من خیلی راضی هستم ,0,true,2020-07-01T15:30:41+00:00,مثبت,0.91,سایر,سایر
ژل کرم ضد آفتاب دارای SPF50 مناسب پوست چرب حجم 50 میلی لیتر,https://www.khanoumi.com/products/eucerin-sun-gel-creme-oil-control-dry-touch-spf-50-16764,خیلی خوب رو پوست میشینه اصلا مثل ضد افتاب نمی ماسه. ,1,true,2020-06-29T17:35:55+00:00,مثبت,0.91,محصول | اصل بودن کالا,محصول
ژل کرم ضد آفتاب دارای SPF50 مناسب پوست چرب حجم 50 میلی لیتر,https://www.khanoumi.com/products/eucerin-sun-gel-creme-oil-control-dry-touch-spf-50-16764,دوستان بی نظیره حتما بخرید مخصوصا الان که تخفیف ویژه خورده,6,true,2020-06-27T13:11:03+00:00,خنثی,0.35,قیمت,قیمت
ژل کرم ضد آفتاب دارای SPF50 مناسب پوست چرب حجم 50 میلی لیتر,https://www.khanoumi.com/products/eucerin-sun-gel-creme-oil-control-dry-touch-spf-50-16764,بسیار عالی,2,true,2020-06-27T07:55:44+00:00,مثبت,0.67,سایر,سایر
ژل کرم ضد آفتاب دارای SPF50 مناسب پوست چرب حجم 50 میلی لیتر,https://www.khanoumi.com/products/eucerin-sun-gel-creme-oil-control-dry-touch-spf-50-16764,فوق العاده خوبه,1,true,2020-06-26T02:38:13+00:00,مثبت,0.91,سایر,سایر
ژل کرم ضد آفتاب دارای SPF50 مناسب پوست چرب حجم 50 میلی لیتر,https://www.khanoumi.com/products/eucerin-sun-gel-creme-oil-control-dry-touch-spf-50-16764,من که خیلی از خرید این ضد افتاب راضی هستم .سبک و زود جذب میشه و دوباره میخرمش,4,true,2020-06-23T17:10:52+00:00,مثبت,0.67,سایر,سایر
ژل کرم ضد آفتاب دارای SPF50 مناسب پوست چرب حجم 50 میلی لیتر,https://www.khanoumi.com/products/eucerin-sun-gel-creme-oil-control-dry-touch-spf-50-16764,عاااالیییی,1,true,2020-06-21T11:23:16+00:00,خنثی,0.35,سایر,سایر
ژل کرم ضد آفتاب دارای SPF50 مناسب پوست چرب حجم 50 میلی لیتر,https://www.khanoumi.com/products/eucerin-sun-gel-creme-oil-control-dry-touch-spf-50-16764,عالیه .بدون رنگه البته و کاملا مات بدون احساس سنگینی بدون پوسته پوسته شدن برای من که پوستم خیلی خشکه عملکرد عالی داشت پشیمونم چرا بیشتر ازش نخریدم وقتی تخفیف خورده بود😄,7,true,2020-06-20T10:34:15+00:00,ترکیبی,0.9,محصول | قیمت,محصول
ژل کرم ضد آفتاب دارای SPF50 مناسب پوست چرب حجم 50 میلی لیتر,https://www.khanoumi.com/products/eucerin-sun-gel-creme-oil-control-dry-touch-spf-50-16764,تو تخفیف عید فطر خریدمش عالیه ممنون از خانومی❤,0,true,2020-06-08T10:00:50+00:00,مثبت,0.91,قیمت,قیمت
ژل کرم ضد آفتاب دارای SPF50 مناسب پوست چرب حجم 50 میلی لیتر,https://www.khanoumi.com/products/eucerin-sun-gel-creme-oil-control-dry-touch-spf-50-16764,برای پوست چرب و جوشدار خوبه و چرب نیست و برق هم نمیندازه، واقعا ارزش خرید داره اگر توی تخفیف باشه که خیلی بهترم هست.,1,true,2020-05-22T20:10:30+00:00,منفی,0.67,قیمت | محصول,قیمت
ژل کرم ضد آفتاب دارای SPF50 مناسب پوست چرب حجم 50 میلی لیتر,https://www.khanoumi.com/products/eucerin-sun-gel-creme-oil-control-dry-touch-spf-50-16764,خیلی ضدافتاب خوبیه پوست و مات میکنه و برق نمیندازه و برای پوست چربا بهرین گزینس بنظرم من از دوسال پیش ب دستور پزشکم استفاده میکنم ک اینقدر از خانومی تهیش کردم  ,12,true,2020-05-16T14:11:40+00:00,مثبت,0.67,محصول,محصول
ژل کرم ضد آفتاب دارای SPF50 مناسب پوست چرب حجم 50 میلی لیتر,https://www.khanoumi.com/products/eucerin-sun-gel-creme-oil-control-dry-touch-spf-50-16764, من پوستم چربه و این ضدآفتاب بسیار بافت سبک و خوبی داره و من بسیار راضی ام ,6,true,2020-05-14T21:00:59+00:00,مثبت,0.91,محصول,محصول
ژل کرم ضد آفتاب دارای SPF50 مناسب پوست چرب حجم 50 میلی لیتر,https://www.khanoumi.com/products/eucerin-sun-gel-creme-oil-control-dry-touch-spf-50-16764,من دارمش خیلیی عالیه,1,true,2020-05-13T23:59:32+00:00,مثبت,0.79,سایر,سایر
ژل کرم ضد آفتاب دارای SPF50 مناسب پوست چرب حجم 50 میلی لیتر,https://www.khanoumi.com/products/eucerin-sun-gel-creme-oil-control-dry-touch-spf-50-16764,ضد آفتاب فوق العادیه من تقریبا چند سال ازش استفاده میکنم بسیار راضیم ,4,true,2020-05-06T09:26:23+00:00,مثبت,0.79,سایر,سایر
ژل کرم ضد آفتاب دارای SPF50 مناسب پوست چرب حجم 50 میلی لیتر,https://www.khanoumi.com/products/eucerin-sun-gel-creme-oil-control-dry-touch-spf-50-16764,خیلیی خوبه اصلا چرب نیست و یه رطوبت خوبی به پوست میده کاملا ماته و رنگ نداره و برای زیر ارایش عالیه تنها بدیش اینه که برای این که کل صورتو پوشش بده باید مقدار زیادی ازش استفاده کرد .,10,false,2020-03-09T11:42:01+00:00,ترکیبی,0.9,محصول | اصل بودن کالا,محصول
ژل کرم ضد آفتاب دارای SPF50 مناسب پوست چرب حجم 50 میلی لیتر,https://www.khanoumi.com/products/eucerin-sun-gel-creme-oil-control-dry-touch-spf-50-16764,تو تخفیف خریدمش، خیلی خوبه راضیم ازش، دیرتر صورت برق میفته و چربمیشه، یه عده میگن دست میزنی لوله لوله میشه، اره وقتی میزنی همون لحظه دست بکشی اینجوری میشه ولی چند دقیقه بعد ک بذاری بمونه اوکی میشه,11,true,2020-03-05T13:49:21+00:00,مثبت,0.95,محصول | قیمت,محصول
ژل کرم ضد آفتاب دارای SPF50 مناسب پوست چرب حجم 50 میلی لیتر,https://www.khanoumi.com/products/eucerin-sun-gel-creme-oil-control-dry-touch-spf-50-16764,خیلی ازش راضیم ممنون از خانمی💚,5,true,2020-02-29T16:52:28+00:00,مثبت,0.67,سایر,سایر
ژل کرم ضد آفتاب دارای SPF50 مناسب پوست چرب حجم 50 میلی لیتر,https://www.khanoumi.com/products/eucerin-sun-gel-creme-oil-control-dry-touch-spf-50-16764,"عالیه من واقعا عاشقش شدم، حیف ک تاریخ انقضاش نزدیکه وگرنه چندتاازش میگرفتم
رودستم تست کردم،نه چربه نه سنگین",0,true,2020-02-29T15:42:28+00:00,مثبت,0.79,سایر,سایر
ژل کرم ضد آفتاب دارای SPF50 مناسب پوست چرب حجم 50 میلی لیتر,https://www.khanoumi.com/products/eucerin-sun-gel-creme-oil-control-dry-touch-spf-50-16764,تازه خریدم برای زیر ضد آفتاب رنگی ایشالله خوبه البته چرب که نیس این یه امتیازها ,1,true,2020-02-25T16:03:19+00:00,مثبت,0.79,محصول,محصول
ژل کرم ضد آفتاب دارای SPF50 مناسب پوست چرب حجم 50 میلی لیتر,https://www.khanoumi.com/products/eucerin-sun-gel-creme-oil-control-dry-touch-spf-50-16764,به به چه ضدافتابیییی,1,true,2020-02-24T12:09:52+00:00,خنثی,0.35,سایر,سایر
ژل کرم ضد آفتاب دارای SPF50 مناسب پوست چرب حجم 50 میلی لیتر,https://www.khanoumi.com/products/eucerin-sun-gel-creme-oil-control-dry-touch-spf-50-16764,این ضد افتاب فوق العاده ست. واقعا ارزش خریدن داره. ,2,true,2020-02-20T21:16:21+00:00,مثبت,0.79,قیمت,قیمت
ژل کرم ضد آفتاب دارای SPF50 مناسب پوست چرب حجم 50 میلی لیتر,https://www.khanoumi.com/products/eucerin-sun-gel-creme-oil-control-dry-touch-spf-50-16764,محصول خوبیه,2,false,2019-11-21T22:34:19+00:00,مثبت,0.67,محصول,محصول
ژل کرم ضد آفتاب دارای SPF50 مناسب پوست چرب حجم 50 میلی لیتر,https://www.khanoumi.com/products/eucerin-sun-gel-creme-oil-control-dry-touch-spf-50-16764,من پوست مختلط و دهیدراته دارم. اگر روی پوست تمیز و قبلش تونر استفاده بشه، باعث جوش نمیشه و برق نمی‌افته. بافت ژلی داره و زود جذب میشه ولی برخلاف ادعاش بوی الکل میده. ,7,true,2019-10-17T21:42:39+00:00,خنثی,0.35,محصول,محصول
ژل کرم ضد آفتاب دارای SPF50 مناسب پوست چرب حجم 50 میلی لیتر,https://www.khanoumi.com/products/eucerin-sun-gel-creme-oil-control-dry-touch-spf-50-16764,"برای پوستای مختلط هم خوبه
",5,true,2019-10-03T20:00:00+00:00,مثبت,0.79,محصول,محصول
ژل کرم ضد آفتاب دارای SPF50 مناسب پوست چرب حجم 50 میلی لیتر,https://www.khanoumi.com/products/eucerin-sun-gel-creme-oil-control-dry-touch-spf-50-16764,"من ازش خیلی راضیم
uva و uvb هردو رو محافظت میکنه
بافتش چیزی بین کرم و ژل هست واسع همین خیلی سبک و زود جذبه و برای پوست من که مختلته اصلا باعث جوش نمیشه و تو روزنه های پوستیم نمیماسه
بدون رنگه
از همه مهمتر واقعا دربرابر آفتاب تند تابستون بیشتر از ضدآفتابای ایرانی از آفتاب سوختگی محافظت میکنه
خلاصه باتوجه به قیمتش عالیه
تنها عیبش بنظرم اینه که اگه زیرش کرم زده باشید و یکساعت صبر نکرده باشید که کرم زیر کاملا جذب بشه، وقتی اینو میزنید یه کوچولو گلوله گلوله میشه. ",2,false,2019-09-08T15:31:40+00:00,مثبت,0.95,محصول | اصل بودن کالا | قیمت,محصول
ژل کرم ضد آفتاب دارای SPF50 مناسب پوست چرب حجم 50 میلی لیتر,https://www.khanoumi.com/products/eucerin-sun-gel-creme-oil-control-dry-touch-spf-50-16764,من پوستم مختلط هست میتونم از این محصول استفاده کنم؟,8,false,2019-09-04T11:18:52+00:00,خنثی,0.35,محصول,محصول
ژل کرم ضد آفتاب دارای SPF50 مناسب پوست چرب حجم 50 میلی لیتر,https://www.khanoumi.com/products/eucerin-sun-gel-creme-oil-control-dry-touch-spf-50-16764,من که خیلی راضی م ،خریدش رو پیشنهاد میکنم,10,true,2019-08-01T11:46:39.6966667+00:00,مثبت,0.91,سایر,سایر
ژل کرم ضد آفتاب دارای SPF50 مناسب پوست چرب حجم 50 میلی لیتر,https://www.khanoumi.com/products/eucerin-sun-gel-creme-oil-control-dry-touch-spf-50-16764,تاریخ تولید و انقضا قید نشده😑,38,false,2019-07-22T14:59:05.72+00:00,خنثی,0.35,سایر,سایر
ژل کرم ضد آفتاب دارای SPF50 مناسب پوست چرب حجم 50 میلی لیتر,https://www.khanoumi.com/products/eucerin-sun-gel-creme-oil-control-dry-touch-spf-50-16764,عالیه...جزو بهترین کرم ضدافتابهاییه که استفاده کردم,9,true,2019-07-19T19:24:22.2366667+00:00,مثبت,0.91,محصول,محصول
ژل کرم ضد آفتاب دارای SPF50 مناسب پوست چرب حجم 50 میلی لیتر,https://www.khanoumi.com/products/eucerin-sun-gel-creme-oil-control-dry-touch-spf-50-16764,خیلی خیلی خوبه واقعا,5,false,2019-07-11T10:14:27.9+00:00,مثبت,0.91,سایر,سایر
ژل کرم ضد آفتاب دارای SPF50 مناسب پوست چرب حجم 50 میلی لیتر,https://www.khanoumi.com/products/eucerin-sun-gel-creme-oil-control-dry-touch-spf-50-16764,"چرا ننوشته كه uva-uvbمحافظت ميكنه يانه مثلا رو ضدافتاب ويشي نوشته
خودتون هم توضيح دادين كه بايد رو ضدافتاب نوشته بشه",22,false,2019-06-26T13:30:45.65+00:00,خنثی,0.35,سایر,سایر
ژل کرم ضد آفتاب دارای SPF50 مناسب پوست چرب حجم 50 میلی لیتر,https://www.khanoumi.com/products/eucerin-sun-gel-creme-oil-control-dry-touch-spf-50-16764,این رنگیه؟,8,false,2019-06-25T20:13:44.5166667+00:00,خنثی,0.35,محصول,محصول
ژل کرم ضد آفتاب دارای SPF50 مناسب پوست چرب حجم 50 میلی لیتر,https://www.khanoumi.com/products/eucerin-sun-gel-creme-oil-control-dry-touch-spf-50-16764,سلام من دنبال یه ضدافتاب مناسب برای پسرم ام.نوجوان هست و پوست مستعد اکنه داره.فلویید بیودرما استفاده میکنه ولی خواستم ببینماین بهتره بگیرم,5,true,2019-04-23T17:09:37.54+00:00,خنثی,0.35,محصول,محصول
ژل کرم ضد آفتاب دارای SPF50 مناسب پوست چرب حجم 50 میلی لیتر,https://www.khanoumi.com/products/eucerin-sun-gel-creme-oil-control-dry-touch-spf-50-16764,"لطفا اين رو تو شانس بزاريد 🙏🏻🙏🏻
تخفيفش خيلي كمه ",40,true,2019-03-14T16:04:10.38+00:00,خنثی,0.35,قیمت,قیمت
ژل کرم ضد آفتاب دارای SPF50 مناسب پوست چرب حجم 50 میلی لیتر,https://www.khanoumi.com/products/eucerin-sun-gel-creme-oil-control-dry-touch-spf-50-16764,شانس لطفا🙁,19,true,2018-06-15T22:04:57.44+00:00,خنثی,0.35,سایر,سایر
ژل کرم ضد آفتاب دارای SPF50 مناسب پوست چرب حجم 50 میلی لیتر,https://www.khanoumi.com/products/eucerin-sun-gel-creme-oil-control-dry-touch-spf-50-16764,ایکاش بیشتر تخفیف میذاشتید,56,false,2018-02-22T09:53:51.8166667+00:00,خنثی,0.35,قیمت,قیمت
کرم مرطوب کننده مدل درمو پیوریفایر حجم 50 میلی لیتر,https://www.khanoumi.com/products/eucerin-dermopurifyer-hydrating-care-16766,سلام خسته نباشيد، بعد از استفاده از اين محصول نيازى به ضد آفتاب جداگانه هست؟ چون خودش spf داره..,10,false,2017-08-27T23:37:00.8133333+00:00,خنثی,0.35,محصول,محصول
کرم دور چشم مدل ولیوم فیلر حجم 15 میلی لیتر,https://www.khanoumi.com/products/eucerin-volume-filler-eye-cream-16767,برای ۳۵ سال به بالا مناسب هست؟,4,false,2019-05-03T23:14:31.2866667+00:00,خنثی,0.35,سایر,سایر
بالم پوست مدل آکوافور مناسب پوست خیلی خشک حجم 40 میلی لیتر,https://www.khanoumi.com/products/eucerin-aquaphor-soothing-skin-balm-16770,چرا هیچ جا موجود نیست؟,0,false,2025-01-20T19:44:38.6517754+00:00,خنثی,0.35,محصول,محصول
کرم شب مدل ایون برایتر حجم 50 میلی لیتر,https://www.khanoumi.com/products/eucerin-even-brighter-night-cream-16772,حدود ۲ماهه که من دارم ازش استفاده میکنم پوستم روشنتر شده و لک هام کمرنگتر,5,true,2019-10-13T18:28:04+00:00,خنثی,0.35,محصول,محصول
کرم روز مدل ایون برایتر حجم 50 میلی لیتر,https://www.khanoumi.com/products/eucerin-even-brighter-day-cream-16771,بعنوان کرم روز خوبه مرطوب کنندگی مناسب داره و چرب نیس وضدآفتابه ولی هیچ تاثیری روی لک نداره فقط یکم پوست و از حالت کدر بودن خارج میکنه,12,false,2018-04-06T17:11:08.4666667+00:00,مثبت,0.79,محصول,محصول
کرم روز مدل ایون برایتر حجم 50 میلی لیتر,https://www.khanoumi.com/products/eucerin-even-brighter-day-cream-16771,لطفا تاریخ انقضا همه چیزو بنویسین.خیلی مهمه برای خرید,36,true,2017-10-20T19:09:22.3966667+00:00,خنثی,0.35,سایر,سایر
کرم مدل آکوا پورین مناسب پوست نرمال و مختلط حجم 50 میلی لیتر,https://www.khanoumi.com/products/eucerin-aquaporin-active-for-normal-to-combination-skin-cream-16773,من این کرم رو داشتم و به کسایی که پوستشون دهیدراته شده قویا توصیه میکنم بسیار عالی هست و خواص درمانی خوبی داره ولی اگر برای جنبه زیبایی و زیرپایه ارایشی میخواهید مناسبتر ازینم هست که صورت رو به هیچوجه برق نندازه...ممنون میشم تو شانس 10:10 قرار بدین و بگید تولید المان رو دارید یا تولید لهستان رو؟,21,false,2017-07-19T12:28:37.01+00:00,ترکیبی,0.92,محصول,محصول
کرم مدل آکوا پورین مناسب پوست نرمال و مختلط حجم 50 میلی لیتر,https://www.khanoumi.com/products/eucerin-aquaporin-active-for-normal-to-combination-skin-cream-16773,سلام. لطفا از این برند ضدآفتابش رو هم به محصولات اضافه کنید.ممنون,10,false,2017-04-26T14:34:39.5133333+00:00,مثبت,0.67,محصول,محصول
کرم شاداب کننده مدل آکوا پورین مناسب پوست خشک حجم 50 میلی لیتر,https://www.khanoumi.com/products/eucerin-aquaporin-active-for-dry-skin-cream-16775,هنگام عزیز، در صورتی که که محصولات تاریخ انقضای محدود داشته باشند کنار قیمت هر محصول درج مشود، در صورتی که درباره تاریخ انقضا چیزی نوشته نشده باشه تاریخ ها از ۶ ماه به بالا تضمین میشود.,4,false,2019-08-04T16:23:23.62+00:00,خنثی,0.35,محصول | قیمت,محصول
کرم شاداب کننده مدل آکوا پورین مناسب پوست خشک حجم 50 میلی لیتر,https://www.khanoumi.com/products/eucerin-aquaporin-active-for-dry-skin-cream-16775,سلام تاریخ انقضا این محصول تا کی هست,4,false,2019-08-04T14:45:30.4166667+00:00,خنثی,0.35,محصول,محصول
شامپو 3 در 1 مناسب موهای بلند حجم 300 میلی لیتر,https://www.khanoumi.com/products/yves-rocher--3-in-1-body-and-shine-shampoo-16778,منظورتون موهای بلوند(رنگ روشن) هست یا بلند(قد مو)؟,0,false,2017-09-01T18:10:25.0433333+00:00,خنثی,0.35,محصول,محصول
شامپو حجم دهنده و تقویت کننده مدل volume Matiere مناسب برای موهای نازک حجم 300 میلی لیتر,https://www.khanoumi.com/products/yves-rocher-volumizing-shampoo-16779,شامپو حجیم کننده ایوروشه میخام ولی موفق به خرید نشدم لطفن همکاری کنین,0,false,2023-04-17T16:18:18+00:00,خنثی,0.35,محصول,محصول
شامپو حجم دهنده و تقویت کننده مدل volume Matiere مناسب برای موهای نازک حجم 300 میلی لیتر,https://www.khanoumi.com/products/yves-rocher-volumizing-shampoo-16779,Salam lotfan mahsolat orflam ra kamel sharj konid,16,false,2017-09-30T15:14:27.3166667+00:00,خنثی,0.35,سایر,سایر
شامپو درخشان کننده مو مدل Vitality And Radiance حجم 300 میلی لیتر,https://www.khanoumi.com/products/yves-rocher-vitality-and-radiance-shampoo-16780,واقعا بشدت درخشان کننده است. چه موها رنگ طبیعی داشته باشه چه رنگ شده باشه.,1,false,2018-11-08T01:15:38.5666667+00:00,خنثی,0.35,محصول,محصول
شامپو درخشان کننده مو مدل Vitality And Radiance حجم 300 میلی لیتر,https://www.khanoumi.com/products/yves-rocher-vitality-and-radiance-shampoo-16780,این شامپو واسه موهای خشک و کمی وز و کدر خوبه یا شامپوی اوریف لیم که داخل محصولات هست,0,false,2018-04-25T17:15:04.5666667+00:00,مثبت,0.79,محصول,محصول
شامپو درخشان کننده مو مدل Vitality And Radiance حجم 300 میلی لیتر,https://www.khanoumi.com/products/yves-rocher-vitality-and-radiance-shampoo-16780,خیلی راضیم از این محصول چون موهام خشکه یه کم کدر به نظر میرسه ولی این شامپو هم درخشان میکنه هم خوش حالت تر نشون می‌ده😍,5,true,2017-08-28T11:47:21.54+00:00,مثبت,0.79,محصول,محصول
شامپو مدل Purete Purity مناسب موهای چرب حجم 300 میلی لیتر,https://www.khanoumi.com/products/yves-rocher-purifying-shampoo-16782,این شامپو به موهای من اصلا نساخت کمی ریزش  و کم کرد ولی چربی موهام خیلی بود شامپو چای سبز پرمون را گرفتم هم قیمتش خوب بود و هم چربی موهام و خیلی کم کرد ,1,false,2019-06-15T15:46:23.3433333+00:00,مثبت,0.91,محصول | اصل بودن کالا | قیمت,محصول
شامپو مدل Purete Purity مناسب موهای چرب حجم 300 میلی لیتر,https://www.khanoumi.com/products/yves-rocher-purifying-shampoo-16782,اصلا راضی نبودم...موهاروخیلی خشک میکنه .ماندگاری اثرشم خیلی کمه و بعد 1روز مو چرب میشه .سولفات هم داره,6,true,2019-03-30T22:05:40.5866667+00:00,منفی,0.79,محصول | اصل بودن کالا,اصل بودن کالا
شامپو مدل Purete Purity مناسب موهای چرب حجم 300 میلی لیتر,https://www.khanoumi.com/products/yves-rocher-purifying-shampoo-16782,بذارید شانس لطفا ,10,false,2018-06-04T14:12:56.3933333+00:00,خنثی,0.35,سایر,سایر
شامپو مدل Purete Purity مناسب موهای چرب حجم 300 میلی لیتر,https://www.khanoumi.com/products/yves-rocher-purifying-shampoo-16782,"كاراترين محصول واسه موهاى چربه
يه روز در ميون ازش استفاده ميكنم
من ك كلا موهام از حالت چرب خارج شده و ديگه سعى ميكنم كمتر ازين شامپو كمتر استفاده ميكنم
خيلى خوبه
بوى گزنه ميده و چربى سر رو كنترل ميكنه",19,false,2017-01-31T20:24:16.33+00:00,مثبت,0.79,محصول,محصول
بالم مو مناسب موهای خشک حجم 50 میلی لیتر,https://www.khanoumi.com/products/yves-rocher-repair-balm-16783,خيلييي حجمش كمه،ولي خوشبو و نرم كنندس,3,true,2018-08-19T20:05:26.9933333+00:00,خنثی,0.35,محصول,محصول
بالم مو مناسب موهای خشک حجم 50 میلی لیتر,https://www.khanoumi.com/products/yves-rocher-repair-balm-16783,اين محصول فوق العاده ست. من ١٠ دقيقه قبل از براشينگ ، به مو هاي نم دارم مي زنم. در آخر موي سنگين و خوش حالت و درخشاني دارم 😍👌🏽,4,false,2018-08-01T22:08:23.3066667+00:00,مثبت,0.67,محصول,محصول
بالم مو مناسب موهای خشک حجم 50 میلی لیتر,https://www.khanoumi.com/products/yves-rocher-repair-balm-16783,شانس لطفاً!!,10,false,2018-07-20T03:46:28.2133333+00:00,خنثی,0.35,سایر,سایر
اسپری حالت دهنده و باز کننده گره مو حجم 300 میلی لیتر,https://www.khanoumi.com/products/yves-rocher-detangling-spray-16785,موجودش کنین لطفا. کلا محصولات موی ایوروشه رو تکمیل کنین من میخوام یجا سفارش بدم.,1,false,2018-02-19T17:49:37.43+00:00,منفی,0.67,محصول,محصول
کرم دست و ناخن حاوی عصاره گل همیشه بهار و رز حجم 75 میلی لیتر,https://www.khanoumi.com/products/yves-rocher-hand-and-nail-cream-16786,برای من که پوست دستم خیلی خشکه مناسب نبود.,6,false,2018-04-18T21:49:05.9833333+00:00,خنثی,0.35,محصول,محصول
کرم دست و ناخن حاوی عصاره گل همیشه بهار و رز حجم 75 میلی لیتر,https://www.khanoumi.com/products/yves-rocher-hand-and-nail-cream-16786,قیمت نسبت ب محصول زیاد. بوی بسیااااااار تند و زننده که منو اذیت میکنه واقعا. جوری که تو تاکسی باشم جرات نمیکنم  به دستم کرم بزنم که نکنه بقیه اذیت بشن. ولی نرم کننده گیه خوبی داره اما وقتی زیاد بزنید جذب نمیشه میماسه رو دست,7,true,2018-03-20T21:22:01.15+00:00,مثبت,0.67,محصول | قیمت,محصول
کرم دست و ناخن حاوی عصاره گل همیشه بهار و رز حجم 75 میلی لیتر,https://www.khanoumi.com/products/yves-rocher-hand-and-nail-cream-16786,یک کرم مرطوب کننده معمولیه و در مقایسه با کرم های هم قیمت خوبه، فکر میکنم اگر پوست دست معمولی داشته باشی این کرم مناسبه ولی برای پوست خشک و خیلی خشک خیلی مناسب نیست.,8,true,2018-03-19T10:42:09.0833333+00:00,مثبت,0.79,محصول | قیمت,محصول
کرم دست و ناخن حاوی عصاره گل همیشه بهار و رز حجم 75 میلی لیتر,https://www.khanoumi.com/products/yves-rocher-hand-and-nail-cream-16786,به نظر با بقیه کرم های مرطوب کننده،هیچ فرقی نداره،فقط قیمتش بالاتره,3,true,2017-12-08T15:41:13.44+00:00,خنثی,0.35,محصول | قیمت,محصول
کرم دست و ناخن حاوی عصاره گل همیشه بهار و رز حجم 75 میلی لیتر,https://www.khanoumi.com/products/yves-rocher-hand-and-nail-cream-16786,"در استفاده کرم برای دست خیلی حساسم
و بیشتر کرم هایی که استفاده کردم این حس رو در من ایجاد می کنه که هوا به پوستم نمیرسه
ولی این کرم خیلی خوبه
عطر خوبی داره و خیلی خوب جذب پوست میشه و پوست رو هم نرم میکنه
راضیم ازش",2,false,2017-10-15T11:11:58.6566667+00:00,مثبت,0.95,محصول,محصول
کرم دست و ناخن حاوی عصاره گل همیشه بهار و رز حجم 75 میلی لیتر,https://www.khanoumi.com/products/yves-rocher-hand-and-nail-cream-16786,من این کرم رو از نمایندگی ایوروشه خریدم، خیلی خوب و مفیده واقعا راضیم، بوش عالیه زود جذب میشه,4,false,2017-08-17T19:58:48+00:00,مثبت,0.95,محصول,محصول
سرم تخصصی ضد ریزش مو مدل Anti Chute بسته 4 عددی حجم 60 میلی لیتر,https://www.khanoumi.com/products/yves-rocher-anti-chute-hair-loss-therapy-16787,متوسط و الکی گرون,0,false,2026-04-28T23:05:44.3999195+03:30,خنثی,0.35,قیمت,قیمت
ژل شستشوی صورت مدل سبو وژتال مناسب پوست چرب ,https://www.khanoumi.com/products/yves-rocher-sebo-vegetal-cleansing-gel-16788,"تقریبا یخرده از نصف بیشتره .بیشترش خالیه .خیلییی زود تموم میشه پاک کنندگی خیلی خوبی نداشت نسبت به قیمتش واقعا گرونه و اصلا به صرفه نیست ‌.
خوبیشم این که باعث کشیدگی پوست بعد از شست و شو نمیشد ",18,false,2019-02-22T03:59:13.5033333+00:00,منفی,0.79,قیمت | محصول | اصل بودن کالا,اصل بودن کالا
ژل شستشوی صورت مدل سبو وژتال مناسب پوست چرب ,https://www.khanoumi.com/products/yves-rocher-sebo-vegetal-cleansing-gel-16788,ژل خوبیه. بدک نیست. ولی خب واقعا مث یه صابون بچه معمولی میمونه. برای شستشوی صورت صبحا خوبه. ولی اگه آرایش روی صورت باشه اصلا خوب پاک نمیکنه. با یکی دوبار استفاده هم سریع سرش خالی شد و به نظر میاد زود تموم میشه. و به نظرم نسبت به کارایی‌ای که داره، واقعا گرونه. من ژل پاک‌کننده نیوآ رو قبلش داشتم که حجمش بیشتره، پاک‌کنندگیش بسیار عالیه، یرتر تموم میشه و قیمتش نصف یا یک سوم اینه,54,false,2018-04-08T19:55:41.5733333+00:00,مثبت,0.95,محصول | قیمت | اصل بودن کالا,محصول
ژل شستشوی صورت مدل سبو وژتال مناسب پوست چرب ,https://www.khanoumi.com/products/yves-rocher-sebo-vegetal-cleansing-gel-16788,خواهش میکنم موجود کنید! ممنون✌⚘,8,false,2017-06-22T13:21:08.76+00:00,مثبت,0.67,محصول,محصول
ژل شستشوی صورت مدل سبو وژتال مناسب پوست چرب ,https://www.khanoumi.com/products/yves-rocher-sebo-vegetal-cleansing-gel-16788,"من ازين ژل روزانه استفاده ميكنم 
خيلى راضى م
چربى رو از بين ميبره
و صورت رو خشك نميكنه و يه حالت مات ب صورت ميده
من ك در كل راضى م
صبحا قبل اينكه سركار برم صورتم رو با اين ميشورم و بعد كرم ضد افتاب ميزنم تا عصر اصلا صورتم ديگه برق نميوفته
اخر شب هم با اين ميشورم و ميخابم
در ضمن من یه کم ارزون تر خریدم",13,false,2017-01-31T20:21:40+00:00,مثبت,0.67,محصول | اصل بودن کالا | قیمت,محصول
ژل شستشوی صورت مدل سبو وژتال مناسب پوست چرب ,https://www.khanoumi.com/products/yves-rocher-sebo-vegetal-cleansing-gel-16788,سلام لطفا شانس 50درصد قراربدید.باتشکر.,2,false,2017-01-31T14:55:55.43+00:00,منفی,0.67,سایر,سایر
صابون ضد باکتری مدل نوباکتر وزن 100 گرم,https://www.khanoumi.com/products/nobacter-soap-16789,فوق العادس مخصوصا برای جوش بدن ,11,true,2019-12-31T16:42:59+00:00,منفی,0.67,سایر,سایر
صابون ضد باکتری مدل نوباکتر وزن 100 گرم,https://www.khanoumi.com/products/nobacter-soap-16789,من سالهاست که استفاده میکنم عالیه برای جوش و روشن کردن پوست البته اگر اصل باشه,18,false,2019-06-04T02:33:28.38+00:00,مثبت,0.91,محصول | اصل بودن کالا,محصول
صابون ضد باکتری مدل نوباکتر وزن 100 گرم,https://www.khanoumi.com/products/nobacter-soap-16789,براي پوستايي كه زياد جوش ميزنه عاليه,19,false,2019-04-05T03:11:14.2033333+00:00,مثبت,0.79,محصول,محصول
بالم لب مدل اکتیو,https://www.khanoumi.com/products/eucerin-lip-active-balm-16790,خیلی عالیه کاملا لبو نرم میکنه من لبام خیلی ترک داشت بعد از دوبار استفاده کاملا نرم شد. روی لب سبک و بی رنگه,0,true,2020-02-22T20:38:56+00:00,مثبت,0.79,محصول,محصول
بالم لب مدل اکتیو,https://www.khanoumi.com/products/eucerin-lip-active-balm-16790,من بالم لب هاي زيادي رو امتحان كردم كه يا سنگين بودن يا يه بو و مزه بدي ميدادن و يا اصلا خاصيت مرطوب كنندگي نداشتن ولي اين محصول همه اين ويژگي هارو داره و من عاشقشم😍,0,true,2019-11-19T11:10:09+00:00,ترکیبی,0.79,محصول | اصل بودن کالا,محصول
بالم لب مدل اکتیو,https://www.khanoumi.com/products/eucerin-lip-active-balm-16790,برای من که بعد از یه مدت استفاده خیلی بد بود،لبم میسوزه وقتی ازش استفاده میکنم..اول اینطوری نبود اما الان که یکماه گذشته اصلا راضی نیستم..حالت مرطوب کنندگی داره اما لبم بعد از نیم ساعت شروع به سوزش میکنه و خشک هم میشه..,1,true,2019-11-15T15:23:44+00:00,منفی,0.95,محصول | اصل بودن کالا,اصل بودن کالا
بالم لب مدل اکتیو,https://www.khanoumi.com/products/eucerin-lip-active-balm-16790,من از این محصول قبلا استفاده کردم.بسیار راضی بودم.از برندهای ایرانی و خارجی دیگری هم استفاده کردم که از نظر من اوسرین بهترین تاثیر را برای لبهای من که پوست میندازه داشت.,0,true,2019-11-10T12:53:32+00:00,مثبت,0.79,محصول,محصول
بالم لب مدل اکتیو,https://www.khanoumi.com/products/eucerin-lip-active-balm-16790,خیلی ازش راضیم واقعا لبو نرم میکنه من اینو تو تخفیف خریدم,0,true,2019-10-21T14:20:57+00:00,مثبت,0.79,محصول | قیمت,محصول
بالم لب مدل اکتیو,https://www.khanoumi.com/products/eucerin-lip-active-balm-16790,من از از این محصول راضی بودم لب هارو خوب نرم میکنه و چرب و سنگین نیست,0,true,2019-10-21T10:47:11+00:00,مثبت,0.79,محصول,محصول
بالم لب مدل اکتیو,https://www.khanoumi.com/products/eucerin-lip-active-balm-16790,خیلی خوبه,0,false,2019-10-18T18:35:16+00:00,مثبت,0.91,سایر,سایر
بالم لب مدل اکتیو,https://www.khanoumi.com/products/eucerin-lip-active-balm-16790,بالم لب اوسرین بهترینه پیشنهاد 100 درصد میدم مرسی خانومی,0,true,2019-10-15T18:59:23+00:00,مثبت,0.91,سایر,سایر
بالم لب مدل اکتیو,https://www.khanoumi.com/products/eucerin-lip-active-balm-16790,تاثیرشو در استفاده اول میتونید ببینید...خیلی خوبه,0,true,2019-10-15T17:13:54+00:00,مثبت,0.91,سایر,سایر
بالم لب مدل اکتیو,https://www.khanoumi.com/products/eucerin-lip-active-balm-16790,سلام.اولین بالم لبیه که واقعا راضی بودم با اینکه لبام همیشه پوستش خشکه و پوسته پوسته میشه ولی عالیه.,2,true,2019-10-08T14:47:45+00:00,مثبت,0.91,محصول,محصول
بالم لب مدل اکتیو,https://www.khanoumi.com/products/eucerin-lip-active-balm-16790,سلام.اولین بالم لبیه که واقعا راضی بودم با اینکه لبام همیشه پوستش خشکه و پوسته پوسته میشه ولی عالیه.,0,true,2019-10-08T14:47:38+00:00,مثبت,0.91,محصول,محصول
بالم لب مدل اکتیو,https://www.khanoumi.com/products/eucerin-lip-active-balm-16790,سلام ،این بالم لب اوسرین عالیه،به همه پیشنهاد میدم مخصوصاً الان که تخفیف هم داره🤗,0,true,2019-10-07T11:38:39+00:00,مثبت,0.91,قیمت,قیمت
بالم لب مدل اکتیو,https://www.khanoumi.com/products/eucerin-lip-active-balm-16790,من این محصول رو تو آف خریدم. نسبت به خیلی از بالمهای لب دیگه ازش راضیم. نه بو داره نه مزه خاصی.,0,true,2019-10-02T16:26:33+00:00,مثبت,0.79,محصول,محصول
بالم لب مدل اکتیو,https://www.khanoumi.com/products/eucerin-lip-active-balm-16790,خیلی خوبه چون من دایم لبهام خشک میشه استفاده کردم راضیم,0,true,2019-09-28T10:45:48+00:00,مثبت,0.95,سایر,سایر
بالم لب مدل اکتیو,https://www.khanoumi.com/products/eucerin-lip-active-balm-16790,خیلی خوبه مخصوصا در تخفیف ویژه تو خریدش شک نکنید,1,true,2019-09-26T00:16:31+00:00,مثبت,0.91,قیمت,قیمت
بالم لب مدل اکتیو,https://www.khanoumi.com/products/eucerin-lip-active-balm-16790,"پوسته های لبم با دو روز استفاده برطرف شد،عالیه
بوی خاصی نداره، برق نمیزنه",0,true,2019-09-16T07:35:46+00:00,مثبت,0.79,محصول,محصول
بالم لب مدل اکتیو,https://www.khanoumi.com/products/eucerin-lip-active-balm-16790,سلام، من حدود یه هفته ازین محصول استفاده کردم ولی متاسفانه روی لبم پر از دون دون سفید شبیه چربی شده، تو نت سرچ کردم گویا اسمش فوردایس هست. خواستم این تجربه رو به اشتراک بذارم.,3,true,2019-08-30T03:29:37.94+00:00,منفی,0.67,محصول,محصول
بالم لب مدل اکتیو,https://www.khanoumi.com/products/eucerin-lip-active-balm-16790,راضی ام ازش.شب قبل خواب میزنم و فرداش لبم نرمه,7,true,2018-09-04T15:13:34.19+00:00,مثبت,0.79,سایر,سایر
بالم لب مدل اکتیو,https://www.khanoumi.com/products/eucerin-lip-active-balm-16790,فوق العاده اس من چندین ساله استفاده میکنم ,10,true,2018-07-12T13:02:31.4533333+00:00,مثبت,0.67,سایر,سایر
بالم لب مدل اکتیو,https://www.khanoumi.com/products/eucerin-lip-active-balm-16790,"من میخوام سفارش بدم  تاریخ انقضاش کی هست؟
",16,true,2018-02-21T10:58:30.7533333+00:00,منفی,0.67,سایر,سایر
بالم لب مدل اکتیو,https://www.khanoumi.com/products/eucerin-lip-active-balm-16790,لطفا موجود کنید و در شانس قرار بدید. ممنون,3,false,2017-10-21T16:55:17.2766667+00:00,ترکیبی,0.66,محصول,محصول
روغن آرگان مناسب انواع مو حجم 100 میلی لیتر,https://www.khanoumi.com/products/belle-jardin-argan-oil-16792,لطفا موجود کنید,0,false,2025-01-11T00:30:43.2398699+00:00,خنثی,0.35,محصول,محصول
روغن آرگان مناسب انواع مو حجم 100 میلی لیتر,https://www.khanoumi.com/products/belle-jardin-argan-oil-16792,لطفا موجودش کنید,0,false,2024-04-13T14:37:17+00:00,خنثی,0.35,محصول,محصول
روغن آرگان مناسب انواع مو حجم 100 میلی لیتر,https://www.khanoumi.com/products/belle-jardin-argan-oil-16792,راضى نبودم چسبناك بود و دوسش نداشتم,5,true,2019-02-04T03:10:20.21+00:00,خنثی,0.35,محصول,محصول
روغن آرگان مناسب انواع مو حجم 100 میلی لیتر,https://www.khanoumi.com/products/belle-jardin-argan-oil-16792,محصولی عالی با کارایی عالی ورایحه مناسب دوقطره کامل موها رو پوشش میده ونرم ولطیف میکنه بدون هیچ ریزش یا خارشی من برای پوستمم استفاده میکنم وواقعا راضیم ممنون از خانومی عزیز,13,true,2018-12-08T14:47:49.7933333+00:00,ترکیبی,0.92,محصول,محصول
روغن آرگان مناسب انواع مو حجم 100 میلی لیتر,https://www.khanoumi.com/products/belle-jardin-argan-oil-16792,دوباره شارژ کنید لطفا و در شانس بذارید,21,true,2018-07-17T11:43:19.1833333+00:00,خنثی,0.35,سایر,سایر
روغن آرگان مناسب انواع مو حجم 100 میلی لیتر,https://www.khanoumi.com/products/belle-jardin-argan-oil-16792,Lotfan sharzhesh konid,10,true,2018-05-04T17:40:26.2066667+00:00,خنثی,0.35,سایر,سایر
روغن آرگان مناسب انواع مو حجم 100 میلی لیتر,https://www.khanoumi.com/products/belle-jardin-argan-oil-16792,میشه موجود کنید,6,false,2018-04-26T11:21:24.84+00:00,خنثی,0.35,محصول,محصول
روغن آرگان مناسب انواع مو حجم 100 میلی لیتر,https://www.khanoumi.com/products/belle-jardin-argan-oil-16792,"کی شارژ میشه؟؟؟؟
",3,false,2018-03-10T10:40:22.6366667+00:00,خنثی,0.35,سایر,سایر
روغن آرگان مناسب انواع مو حجم 100 میلی لیتر,https://www.khanoumi.com/products/belle-jardin-argan-oil-16792,میشه لطفا موجود کنید تا اومدم بخرم تموم شد بقیه وسایلم رو پیش فاکتور کردم که شاید تو این چند روز موجود شه,0,false,2018-02-21T14:56:31.6633333+00:00,خنثی,0.35,محصول,محصول
روغن آرگان مناسب انواع مو حجم 100 میلی لیتر,https://www.khanoumi.com/products/belle-jardin-argan-oil-16792,اصلا راضی نبودم.بسیار چسبناک بود.موهای فر و خشکی دارم که به شدت بعد استفاده وز شد.توصیه نمی کنم,3,true,2018-02-05T11:22:17.6033333+00:00,منفی,0.91,محصول | اصل بودن کالا,اصل بودن کالا
روغن آرگان مناسب انواع مو حجم 100 میلی لیتر,https://www.khanoumi.com/products/belle-jardin-argan-oil-16792,شانس لطفااااااااااااااااااا,4,true,2018-01-06T21:40:38.1933333+00:00,خنثی,0.35,سایر,سایر
روغن آرگان مناسب انواع مو حجم 100 میلی لیتر,https://www.khanoumi.com/products/belle-jardin-argan-oil-16792,من این محصول رو خریداری کردم، ولی برخلاف توضیحات شما و اسم محصول روغن آرگان خالص نیست. و روغنی برای مصرف تنها برای موها و حاوی روغن آرگانه در صورتی که برداشت من از تو ضیحات شما این بود که روغن آرگان خالص برای مصرف پوست  و مو است. لطفا توضیحات با دقت بیشتر بنویسید و یا از اطلاعات پشت محصول عکس با کیفیتی بذارید تا قابل خوندن باشه,11,true,2017-12-28T01:11:04.8633333+00:00,خنثی,0.35,محصول,محصول
روغن آرگان مناسب انواع مو حجم 100 میلی لیتر,https://www.khanoumi.com/products/belle-jardin-argan-oil-16792,امیدوارم فیک نباشه !تازه سفارش دادم هنوز برام نیومده! جنس موهای من معمولیه ولی بعد استحمام به کمی خشک میشن که شونه کردنش  دردسره! فقط امیدوارم جذبش سریع باشه و عین روغن نباتی رو مو نمونه! یکی از دوستان نظر دادن با استفاده از محصول مو عین شیرینی چسبناک میشه ! اگر بر روی پوست یا مو ماسیده میشه بهتره سفارشم رو کنسل کنم !؟ ,1,true,2017-12-23T03:31:22.0266667+00:00,منفی,0.67,محصول | اصل بودن کالا,اصل بودن کالا
روغن آرگان مناسب انواع مو حجم 100 میلی لیتر,https://www.khanoumi.com/products/belle-jardin-argan-oil-16792,من استفاده کردم خیلی خوب بود از خانمی گرفتم قیمتشم خیلی مناسب بود ,5,true,2017-12-04T12:13:42.88+00:00,مثبت,0.67,محصول | قیمت,محصول
روغن آرگان مناسب انواع مو حجم 100 میلی لیتر,https://www.khanoumi.com/products/belle-jardin-argan-oil-16792,روغن ارگان پنتن رو شانس بذارید لططططفااا ：)),6,false,2017-11-18T11:50:31.76+00:00,خنثی,0.35,سایر,سایر
روغن آرگان مناسب انواع مو حجم 100 میلی لیتر,https://www.khanoumi.com/products/belle-jardin-argan-oil-16792,به نظر من اصلن برای پوست مناسب مناسب نیست اصلا جذب نمی شود و روی پوست می ماند,2,true,2017-11-17T12:46:53.7866667+00:00,خنثی,0.35,محصول | اصل بودن کالا,محصول
روغن آرگان مناسب انواع مو حجم 100 میلی لیتر,https://www.khanoumi.com/products/belle-jardin-argan-oil-16792,لطفا موجود کنید و تو شانس بزارید ,0,true,2017-11-12T11:43:30.89+00:00,خنثی,0.35,محصول,محصول
روغن آرگان مناسب انواع مو حجم 100 میلی لیتر,https://www.khanoumi.com/products/belle-jardin-argan-oil-16792,سلام..متاسفانه از استفاده این محصول راضی نیستم مورا مثل شیرینی چسبناک میکنه ,8,true,2017-09-23T23:37:04.1666667+00:00,منفی,0.79,محصول,محصول
روغن آرگان مناسب انواع مو حجم 100 میلی لیتر,https://www.khanoumi.com/products/belle-jardin-argan-oil-16792,سلام این محصول کی موجود میشه ؟چنتا خواستم بخرم حیف تموم شد. واقعا عالیه.میشه بیارین؟,4,true,2017-09-18T20:19:48.87+00:00,مثبت,0.79,محصول,محصول
روغن آرگان مناسب انواع مو حجم 100 میلی لیتر,https://www.khanoumi.com/products/belle-jardin-argan-oil-16792,عاااالیه این محصول واقعا معجزه میکنه ..ممنون,3,true,2017-09-12T23:56:16.1733333+00:00,مثبت,0.67,محصول,محصول
روغن آرگان مناسب انواع مو حجم 100 میلی لیتر,https://www.khanoumi.com/products/belle-jardin-argan-oil-16792,لطفا قسمت معرفي برند را پر كنيد تا بدونيم محصول مال كجاس؟,1,false,2017-09-11T20:20:23.2+00:00,منفی,0.67,محصول,محصول
روغن آرگان مناسب انواع مو حجم 100 میلی لیتر,https://www.khanoumi.com/products/belle-jardin-argan-oil-16792,صد در صد خالصه!؟؟؟,0,false,2017-09-06T15:48:02.01+00:00,خنثی,0.35,سایر,سایر
روغن آرگان مناسب انواع مو حجم 100 میلی لیتر,https://www.khanoumi.com/products/belle-jardin-argan-oil-16792,"خواهش ميكنم اين محصول رو شارژ كنيد😭😭😭 تو سبد خريدم بود 
منتظر بودم مشاورتون راجع به دوتا محصول ديگه بهم اطلاع بدن تا اومدم نهايى كنم تموم شده بود ",1,false,2017-08-20T21:06:17.3066667+00:00,منفی,0.79,محصول,محصول
روغن آرگان مناسب انواع مو حجم 100 میلی لیتر,https://www.khanoumi.com/products/belle-jardin-argan-oil-16792,امروز رسید دستم واستفاده کردم خیلی خیلی ممنونم از خانمی بخاطر این محصول مخصوصا که تخفیف خوبی براش گزاشتن من موهای حجیمی دارم که بعو از سشوار زدن خیلی پف می کرد اما این روغن کاملا وز وپف موهامو گرفت خیلی تا حالا سرم استفاده کردم ولی هیچ کدوم مثل این نبود,9,true,2017-06-29T00:46:17.58+00:00,خنثی,0.35,محصول | تحویل و ارسال | قیمت,محصول
روغن آرگان مناسب انواع مو حجم 100 میلی لیتر,https://www.khanoumi.com/products/belle-jardin-argan-oil-16792,شانس لطفا😊,9,false,2017-06-15T13:24:37.9733333+00:00,خنثی,0.35,سایر,سایر
روغن آرگان مناسب انواع مو حجم 100 میلی لیتر,https://www.khanoumi.com/products/belle-jardin-argan-oil-16792,لطفا یه تخفیف خوب به این محصول بدین,21,true,2017-06-12T16:51:33.3766667+00:00,ترکیبی,0.66,محصول | قیمت,محصول
روغن آرگان مناسب انواع مو حجم 100 میلی لیتر,https://www.khanoumi.com/products/belle-jardin-argan-oil-16792,سلام لطفا این محصولو توتخفیفاتون بزارین,38,false,2017-05-02T10:34:08.97+00:00,خنثی,0.35,محصول | قیمت,محصول
روغن آرگان مناسب انواع مو حجم 100 میلی لیتر,https://www.khanoumi.com/products/belle-jardin-argan-oil-16792,لطفا مجدد شانس بگذارید تا خواستم خرید کنم تموم شد,51,false,2017-02-27T08:58:47.62+00:00,خنثی,0.35,محصول,محصول
لوسیون صورت مدل کلینانس حجم 200 میلی لیتر,https://www.khanoumi.com/products/avene-cleanance-mat-toner-16793,ببخشید من میخام بخرم فقط این همون تونره؟,17,false,2017-09-03T12:15:25.9566667+00:00,خنثی,0.35,محصول,محصول
کلد کرم دست مناسب پوست حساس حجم 50 میلی لیتر,https://www.khanoumi.com/products/avene-cold-hand-cream-16796,شانس بذارین براش لطفا,6,false,2017-02-06T18:53:23.4566667+00:00,خنثی,0.35,سایر,سایر
کلد کرم مناسب پوست خیلی حساس حجم 100 میلی لیتر,https://www.khanoumi.com/products/avene-cold-cream-16795, دور چشم هم ميشه  زد اين كرمو يا نه؟,4,false,2017-08-15T12:03:32.9066667+00:00,خنثی,0.35,محصول,محصول
کلد کرم مناسب پوست خیلی حساس حجم 100 میلی لیتر,https://www.khanoumi.com/products/avene-cold-cream-16795,من از این کرم بعد لیزر مو استفاده کردم نتیجشو دیدم,1,false,2017-03-04T22:01:05.7933333+00:00,خنثی,0.35,محصول,محصول
کلد کرم مناسب پوست خیلی حساس حجم 100 میلی لیتر,https://www.khanoumi.com/products/avene-cold-cream-16795,چی میشد عوض این کرم پودرشو میاوردین؟؟؟ کرم پودر کووارانس avene رو میگم.,8,false,2017-02-06T18:52:42.79+00:00,خنثی,0.35,محصول,محصول
کرم مدل کلینانس هیدرا حجم 40 میلی لیتر,https://www.khanoumi.com/products/avene-cleanance-hydra-cream-16797,من پوستم چربه ولى حساس نيست اما با اين محصول صورتم پر از جوشهاى زير پوستى شد. چون چربيش زياد بود به پوست من اصلا نساخت. قبلا مدل hydrance optimale light داشتم كه اون خيلى خوب و سبك بود و پوستمو بخوبى آبرسانى ميكرد. ,3,false,2018-12-07T14:32:03.1533333+00:00,مثبت,0.91,محصول | اصل بودن کالا,محصول
کرم مدل کلینانس هیدرا حجم 40 میلی لیتر,https://www.khanoumi.com/products/avene-cleanance-hydra-cream-16797,لطفا در شانس قرار دهید,16,false,2017-04-09T22:04:02.6966667+00:00,خنثی,0.35,سایر,سایر
کرم مدل کلینانس اکسپرت حجم 40 میلی لیتر,https://www.khanoumi.com/products/avene-cleanance-expert-cream-16798,لطفا اینو امروز تو شانس قراربدین ,12,false,2017-12-05T09:25:13.2233333+00:00,منفی,0.67,سایر,سایر
کرم مدل کلینانس اکسپرت حجم 40 میلی لیتر,https://www.khanoumi.com/products/avene-cleanance-expert-cream-16798,باسلام‌ من پوستم چربه و هر کرم چه ضدآفتاب چه کرم پودر پنکیک استفاده میکنم بعد از یک ساعت خیلی چرب میشه در حدی که پوستم همیشه براقم تازگی از ضدافتاب نوروا ایکسفولیاک استفاده میکنم ولی بازم چربی ترشح میکنه فوم شستشو هم از فوم الارو سبزشو استفاده میکنم ممنون میشم راهنماییم کنید چیکار کنم دیگه پوستم چربی ترشح نکنه و مات بمونه,35,false,2017-10-17T22:14:12.8066667+00:00,مثبت,0.67,محصول,محصول
کرم دور چشم و لب مدل ایستیال حجم 15 میلی لیتر,https://www.khanoumi.com/products/avene-ystheal-anti-aging-eye-and-lip-cream-16800,لطفا موجودش کنید,13,false,2017-12-23T15:01:32.0166667+00:00,خنثی,0.35,محصول,محصول
کرم آبرسان صورت مدل هیدرانس حجم 40 میلی لیتر,https://www.khanoumi.com/products/avene-hydrance-optimale-riche-creme-16802,پوستم دچار خشکی شدید و کم آبی بود بطوری که پوسته پوسته شده بود. اما با این کرم صورتم لطیف و خوب شد. زیاد چربی نداره و جذب‌پوست میشه. خیلی راضیم,12,true,2018-12-24T08:49:40.8266667+00:00,مثبت,0.91,محصول,محصول
کرم آبرسان صورت مدل هیدرانس حجم 40 میلی لیتر,https://www.khanoumi.com/products/avene-hydrance-optimale-riche-creme-16802,لطفا تونر فوق العاده ی Avene رو هم موجود کنید.,9,false,2018-11-18T17:49:05.84+00:00,مثبت,0.67,محصول,محصول
کرم آبرسان صورت مدل هیدرانس حجم 40 میلی لیتر,https://www.khanoumi.com/products/avene-hydrance-optimale-riche-creme-16802,من این محصول رو مصرف کردم نه باعث جوش نمیشه. خیلی سبکه و اصلا چربی نداره برای پوست های دهیدراته خوبه . اثربخشی متوسطی هم داره بد نیست.,24,false,2018-03-30T21:55:47.05+00:00,مثبت,0.79,محصول | اصل بودن کالا,محصول
کرم آبرسان صورت مدل هیدرانس حجم 40 میلی لیتر,https://www.khanoumi.com/products/avene-hydrance-optimale-riche-creme-16802,مشاور جان سایت لطفا لطفا جواب بدید! من برای یه پوست خیلی خشک ۶۰ ساله میخوام یه آبرسان قوی و موندگار تهیه کنم این مناسبه؟,10,false,2018-01-03T13:42:03.44+00:00,منفی,0.67,محصول,محصول
کرم آبرسان صورت مدل هیدرانس حجم 40 میلی لیتر,https://www.khanoumi.com/products/avene-hydrance-optimale-riche-creme-16802,ایا برای پوستهای چرب باعث جوش نمیشع؟؟,13,false,2017-03-27T17:38:49.7766667+00:00,خنثی,0.35,محصول,محصول
کرم آبرسان صورت مدل هیدرانس حجم 40 میلی لیتر,https://www.khanoumi.com/products/avene-hydrance-optimale-riche-creme-16802,ایا این کرم برای پوستهای چرب دهیدراته هم مناسبه؟ (از این نظر که چرب باشه یا چربی پوست رو تشدید کنه و باعث جوش بشه و ...),24,false,2017-02-07T01:13:53.0566667+00:00,خنثی,0.35,محصول,محصول
کرم کنسانتره فورت ضد قرمزی پوست حجم 30 میلی لیتر,https://www.khanoumi.com/products/avene-antirougeurs-fort-16803,با درود. آیا این کرم برای روزاسه پوستی مناسبه؟ ,12,false,2017-06-13T12:55:53.3233333+00:00,خنثی,0.35,محصول,محصول
اسپری آب اون مدل Thermal حاوی آب چشمه اون حجم 300 میلی لیتر,https://www.khanoumi.com/products/avene-thermal-spring-water-16805,لطفا شارژش کنید,0,false,2025-02-17T08:36:25.8197893+00:00,خنثی,0.35,سایر,سایر
اسپری آب اون مدل Thermal حاوی آب چشمه اون حجم 300 میلی لیتر,https://www.khanoumi.com/products/avene-thermal-spring-water-16805,لطفا شارژ کنید,0,false,2025-01-08T09:39:59.9495788+00:00,خنثی,0.35,سایر,سایر
اسپری آب اون مدل Thermal حاوی آب چشمه اون حجم 300 میلی لیتر,https://www.khanoumi.com/products/avene-thermal-spring-water-16805,شارژش کنید لطفا,0,false,2024-12-28T16:43:21.1905448+00:00,خنثی,0.35,سایر,سایر
اسپری آب اون مدل Thermal حاوی آب چشمه اون حجم 300 میلی لیتر,https://www.khanoumi.com/products/avene-thermal-spring-water-16805,لطفا شارژ کنین,0,false,2024-10-25T08:11:55.3887619+00:00,خنثی,0.35,سایر,سایر
اسپری آب اون مدل Thermal حاوی آب چشمه اون حجم 300 میلی لیتر,https://www.khanoumi.com/products/avene-thermal-spring-water-16805,لطفااا شارژش کنید همه منتظر شارژ این محصول هستند,0,false,2024-10-02T18:51:12.2659201+00:00,خنثی,0.35,محصول,محصول
اسپری آب اون مدل Thermal حاوی آب چشمه اون حجم 300 میلی لیتر,https://www.khanoumi.com/products/avene-thermal-spring-water-16805,"تا حالا استفاده نکردم ولی تعریفشو زیاد شنیدم
شارژ کنید لطفا که تو تابستون بتونیم استفاده کنیم",0,false,2024-05-21T13:34:33+00:00,خنثی,0.35,سایر,سایر
اسپری آب اون مدل Thermal حاوی آب چشمه اون حجم 300 میلی لیتر,https://www.khanoumi.com/products/avene-thermal-spring-water-16805,خواهشا شارژش کنید,0,false,2024-04-19T16:14:59+00:00,خنثی,0.35,سایر,سایر
اسپری آب اون مدل Thermal حاوی آب چشمه اون حجم 300 میلی لیتر,https://www.khanoumi.com/products/avene-thermal-spring-water-16805,کاش شارژش کنین,0,false,2024-04-19T16:11:51+00:00,خنثی,0.35,سایر,سایر
اسپری آب اون مدل Thermal حاوی آب چشمه اون حجم 300 میلی لیتر,https://www.khanoumi.com/products/avene-thermal-spring-water-16805,لطفا شارژ کنین,0,false,2024-04-06T21:31:32+00:00,خنثی,0.35,سایر,سایر
اسپری آب اون مدل Thermal حاوی آب چشمه اون حجم 300 میلی لیتر,https://www.khanoumi.com/products/avene-thermal-spring-water-16805,عالیه لطفاً شارژ کنین,0,false,2024-04-05T09:27:51+00:00,مثبت,0.79,سایر,سایر
اسپری آب اون مدل Thermal حاوی آب چشمه اون حجم 300 میلی لیتر,https://www.khanoumi.com/products/avene-thermal-spring-water-16805,"این محصول دیگه شارژ نمیشه؟
",0,false,2024-02-29T12:34:16+00:00,خنثی,0.35,محصول,محصول
اسپری آب اون مدل Thermal حاوی آب چشمه اون حجم 300 میلی لیتر,https://www.khanoumi.com/products/avene-thermal-spring-water-16805,لطفا این کالا رو موجود کنید!!!!!,10,false,2018-01-19T18:31:41.7733333+00:00,خنثی,0.35,محصول,محصول
اسپری آب اون مدل Thermal حاوی آب چشمه اون حجم 300 میلی لیتر,https://www.khanoumi.com/products/avene-thermal-spring-water-16805,لطفاً شارژ بشه,8,false,2017-12-28T15:07:20.7066667+00:00,خنثی,0.35,سایر,سایر
اسپری آب اون مدل Thermal حاوی آب چشمه اون حجم 300 میلی لیتر,https://www.khanoumi.com/products/avene-thermal-spring-water-16805,خبرى از شارژ اين محصول نيست؟؟؟,12,false,2017-09-12T03:06:04.2433333+00:00,خنثی,0.35,محصول,محصول
اسپری آب اون مدل Thermal حاوی آب چشمه اون حجم 300 میلی لیتر,https://www.khanoumi.com/products/avene-thermal-spring-water-16805,شارژ شه لطفا,4,false,2017-09-04T14:06:47.47+00:00,خنثی,0.35,سایر,سایر
لوسیون ضد آفتاب بی رنگ با SPF50 مناسب کودک حجم 50 میلی لیتر,https://www.khanoumi.com/products/avene-very-high-protection-lotion-spf-50-for-children-16806,با سلام لطفا کرم ضد آفتاب ضد جوش این برند رو بیارین ممنون,0,false,2018-02-02T20:27:43.87+00:00,مثبت,0.67,محصول,محصول
  امولسیون ضد آفتاب فاقد رنگ اس پی اف 50 مناسب پوست نرمال و مختلط حجم 50 میلی لیتر,https://www.khanoumi.com/products/avene-very-high-protection-emulsion-spf-50-16808,این کرم خیلی عالیه من ۲ساله که استفاده میکنم و اصلا هم حاضر نیستم عوضش کنم,0,false,2019-05-05T19:29:58.9933333+00:00,مثبت,0.91,محصول | اصل بودن کالا,محصول
  امولسیون ضد آفتاب فاقد رنگ اس پی اف 50 مناسب پوست نرمال و مختلط حجم 50 میلی لیتر,https://www.khanoumi.com/products/avene-very-high-protection-emulsion-spf-50-16808,مطمئنين قيمتو درست زدين؟؟؟؟ من امروز از داروخانه قيمت گرفتم حدود ٦٠!!!,2,false,2017-04-26T01:30:59.37+00:00,خنثی,0.35,قیمت,قیمت
  امولسیون ضد آفتاب فاقد رنگ اس پی اف 50 مناسب پوست نرمال و مختلط حجم 50 میلی لیتر,https://www.khanoumi.com/products/avene-very-high-protection-emulsion-spf-50-16808,این محصول رو در تخفیف بذارین لطفا,5,false,2017-04-10T12:03:53.5466667+00:00,خنثی,0.35,محصول | قیمت,محصول
  امولسیون ضد آفتاب فاقد رنگ اس پی اف 50 مناسب پوست نرمال و مختلط حجم 50 میلی لیتر,https://www.khanoumi.com/products/avene-very-high-protection-emulsion-spf-50-16808,سلام میشه لطف کنید این محصول در تخفیف های ویژه قرار بدین,7,false,2017-03-25T20:20:30.36+00:00,منفی,0.67,محصول | قیمت,محصول
  امولسیون ضد آفتاب فاقد رنگ اس پی اف 50 مناسب پوست نرمال و مختلط حجم 50 میلی لیتر,https://www.khanoumi.com/products/avene-very-high-protection-emulsion-spf-50-16808,شانس لطفا,2,false,2017-02-28T17:34:51.9766667+00:00,خنثی,0.35,سایر,سایر
امولوسیون ضد آفتاب مدل کلینانس اس پی اف 30 مناسب پوست چرب حجم 50 میلی لیتر,https://www.khanoumi.com/products/avene-high-protection-cleanance-sunscreen-spf30-16809,من هم بیودرما استفاده کردم هم اون جفتشون و دوست داشتم این محصول اونم عالیه انقدر خوبه الان تصمیم گیری بین بیودرما و اون و برام سخت کرده خیلی سبک و نرمه  و  آنتی آکنه بودنش خیلی خوبه ,1,false,2019-05-18T23:12:50.09+00:00,مثبت,0.95,محصول,محصول
امولوسیون ضد آفتاب مدل کلینانس اس پی اف 30 مناسب پوست چرب حجم 50 میلی لیتر,https://www.khanoumi.com/products/avene-high-protection-cleanance-sunscreen-spf30-16809,عالیه.خیلی جوش های منو کم کرده و جای جوش رو هم از بین میبره.اگر از این محصول در طول درمان جوش هاتون استفاده کنید عالیه.بهترینه😍البته بی رنگش هم استفاده کنید باز هم رنگ پوستتون سفید تر میشه.کاملا بی رنگ نیست,2,true,2018-11-24T20:07:09.6466667+00:00,مثبت,0.95,محصول,محصول
امولوسیون ضد آفتاب مدل کلینانس اس پی اف 30 مناسب پوست چرب حجم 50 میلی لیتر,https://www.khanoumi.com/products/avene-high-protection-cleanance-sunscreen-spf30-16809,موجود کنین لطفا,5,false,2017-09-17T15:37:32.5+00:00,خنثی,0.35,محصول,محصول
امولوسیون ضد آفتاب مدل کلینانس اس پی اف 30 مناسب پوست چرب حجم 50 میلی لیتر,https://www.khanoumi.com/products/avene-high-protection-cleanance-sunscreen-spf30-16809,خیلی خوبه این. بهتر از بیودرما اکنه مت بود که من میزدم افتضاح بود. دیگه اینو عوض  نمیکنم . ضد لک هم هست.و واقعا لک افتابم کم شده. البته بوی بدی داره بوی گل نمیده واقعا. چون من بزور دیگران رو تشویق میکنم تست کنن تا برن بخرن و بعضیا بخاطر بوی بدش منصرف شدند وگرنه اصلا چرب و براق نمیشین و اوایل استفاده ممکنه کمی پوست بسوزه و قرمز بشه با چند بار استفاده درست میشه. پوستتون حتما خشک باشه. نمدار نباشه ابدا,2,false,2017-05-09T12:17:34.6633333+00:00,ترکیبی,0.9,محصول | اصل بودن کالا | قیمت,محصول
امولوسیون ضد آفتاب مدل کلینانس اس پی اف 30 مناسب پوست چرب حجم 50 میلی لیتر,https://www.khanoumi.com/products/avene-high-protection-cleanance-sunscreen-spf30-16809,"هنوز استفاده نکردم اما تستی روی پوستم زدم بوی خیلی خوبی داره بوی گل میده اما گذشته از اینها خیلی زود جذب میشه اثر سفیدی نمیذاره و سبکه برای پوست چرب و جوشی عالیه
",4,false,2017-03-14T21:56:21.6066667+00:00,مثبت,0.95,محصول,محصول
پنکک مینرال ضد آفتاب,https://www.khanoumi.com/products/avene-high-protection-compact-16810,لطفاً شارژ کنید,0,false,2024-11-26T08:44:48.0713396+00:00,خنثی,0.35,سایر,سایر
پنکک مینرال ضد آفتاب,https://www.khanoumi.com/products/avene-high-protection-compact-16810,"خیلی وقته منتظره این محصولم، چندین ماهه… چرا شارژ نمیشه؟
همش زده بهزودی",2,false,2023-01-30T17:19:53+00:00,خنثی,0.35,محصول,محصول
پنکک مینرال ضد آفتاب,https://www.khanoumi.com/products/avene-high-protection-compact-16810,سلام . خانومی لطفا همه رنگای این پنکک رو شارژ کنید,27,false,2017-08-23T10:20:34.4466667+00:00,خنثی,0.35,محصول,محصول
پنکک مینرال ضد آفتاب,https://www.khanoumi.com/products/avene-high-protection-compact-16810,"ای بابا...
اینهمه ما گفتیم کرم پودر کووارانس avene
اینهمه کامنت گذاشتیم
اینهمه هم منتظر موندیم که دیگه داره avene شارژ میشه
حالام که شارژ شده محصولاتش، اون چیزی که باید باشه نیست توشون نیست
انتظار بیهوده کشیدیم انگار",49,false,2017-02-06T18:50:50.5+00:00,خنثی,0.35,محصول,محصول
لوسیون بدن کلاژن حجم 621 میلی لیتر,https://www.khanoumi.com/products/st-ives-collagen-lotion-16812,لطفا موجود کنید,0,false,2025-01-12T19:12:45.5914685+00:00,خنثی,0.35,محصول,محصول
لوسیون بدن کلاژن حجم 621 میلی لیتر,https://www.khanoumi.com/products/st-ives-collagen-lotion-16812,چرا موجودش نمیکنید؟؟؟,0,false,2024-12-09T11:02:43.5918624+00:00,خنثی,0.35,محصول,محصول
لوسیون بدن کلاژن حجم 621 میلی لیتر,https://www.khanoumi.com/products/st-ives-collagen-lotion-16812,خواهش میکنم موجود کنید,0,false,2024-11-01T09:56:46.3738067+00:00,خنثی,0.35,محصول,محصول
لوسیون بدن کلاژن حجم 621 میلی لیتر,https://www.khanoumi.com/products/st-ives-collagen-lotion-16812,لطفا شارژش کنید,0,true,2024-05-27T20:08:50+00:00,خنثی,0.35,سایر,سایر
لوسیون بدن کلاژن حجم 621 میلی لیتر,https://www.khanoumi.com/products/st-ives-collagen-lotion-16812,لطفا موجودش کنید,0,false,2024-01-21T11:21:45+00:00,خنثی,0.35,محصول,محصول
لوسیون بدن کلاژن حجم 621 میلی لیتر,https://www.khanoumi.com/products/st-ives-collagen-lotion-16812,لطفا شارژش کنین,5,false,2018-03-12T11:55:46.61+00:00,خنثی,0.35,سایر,سایر
لوسیون بدن کلاژن حجم 621 میلی لیتر,https://www.khanoumi.com/products/st-ives-collagen-lotion-16812,اینو موجود نمیکنین؟,4,false,2018-02-22T17:14:04.96+00:00,خنثی,0.35,محصول,محصول
لوسیون بدن کلاژن حجم 621 میلی لیتر,https://www.khanoumi.com/products/st-ives-collagen-lotion-16812,لطفا شارژ کنید,12,false,2017-07-16T19:27:40.5633333+00:00,خنثی,0.35,سایر,سایر
لوسیون بدن کلاژن حجم 621 میلی لیتر,https://www.khanoumi.com/products/st-ives-collagen-lotion-16812,لطفا شارژش کنید,8,false,2017-06-20T10:22:32.86+00:00,خنثی,0.35,سایر,سایر
لوسیون بدن حاوی عصاره گلابی حجم 621 میلی لیتر,https://www.khanoumi.com/products/st-ives-pear-and-revive-lotion-16813,لطفا محصولات سینت ایوز را شارژ کنید ممنونم خانومی,0,false,2024-06-08T00:00:05+00:00,مثبت,0.67,محصول,محصول
لوسیون بدن حاوی عصاره گلابی حجم 621 میلی لیتر,https://www.khanoumi.com/products/st-ives-pear-and-revive-lotion-16813,چرا محصولات سینت ایوز شارژ نمیشن؟؟ لطفا شارژ کنید,0,false,2018-02-20T16:02:25.7766667+00:00,خنثی,0.35,محصول,محصول
بالم لب حاوی شی باتر,https://www.khanoumi.com/products/yves-rocher-shea-lip-balm-16814,خيلي خوبه. فقط براي اينكه خشكي و پوست پوست شدن از بين ببره بايد شب بزني وبذاري تا صبح بمونه.,7,true,2018-12-02T10:23:59.59+00:00,مثبت,0.91,محصول,محصول
بالم لب حاوی شی باتر,https://www.khanoumi.com/products/yves-rocher-shea-lip-balm-16814,واقعا با این قیمت اصلا ازش راضی نیستم فقط دلم میخواد تموم بشه یکی دیگه بگیرم لبلو با اختلاف بهتره,10,false,2018-11-18T10:53:11.4866667+00:00,خنثی,0.35,محصول | اصل بودن کالا | قیمت,محصول
بالم لب حاوی شی باتر,https://www.khanoumi.com/products/yves-rocher-shea-lip-balm-16814,در یک کلمه عالیه,10,true,2018-03-31T13:56:39.76+00:00,مثبت,0.79,سایر,سایر
بالم لب حاوی شی باتر,https://www.khanoumi.com/products/yves-rocher-shea-lip-balm-16814,ببخشید امکانش هست خود روغن شی باتر اصل رو در فروشگاهتون موجود کنید.,9,false,2017-11-13T20:20:50.72+00:00,مثبت,0.67,محصول | اصل بودن کالا,محصول
بالم لب حاوی شی باتر,https://www.khanoumi.com/products/yves-rocher-shea-lip-balm-16814,اصلا راضی نیستم ازش. لبم رو پوسته پوسته میکنه چندساعت بعد از استفاده! ,8,true,2017-10-01T23:05:41.9766667+00:00,منفی,0.79,محصول | اصل بودن کالا,اصل بودن کالا
بالم لب حاوی شی باتر,https://www.khanoumi.com/products/yves-rocher-shea-lip-balm-16814,"سلام لطفا اينو بياريد
ممنونم",0,false,2017-05-30T15:08:15.4133333+00:00,مثبت,0.67,سایر,سایر
بالم لب حاوی شی باتر,https://www.khanoumi.com/products/yves-rocher-shea-lip-balm-16814,"راضی م ازش
بوی خوبی هم داره مرسی خانومی",0,false,2017-02-04T10:29:34.5933333+00:00,مثبت,0.91,محصول,محصول
کرم مرطوب کننده مدل پیور کالمیل مناسب استفاده روز و شب ,https://www.khanoumi.com/products/yves-rocher-pure-calmille-day-night-cream-16815,سعیده عزیز؛ قیمت گذاری و افزایش قیمت توسط وارد کننده اصلی برند انجام میشه و خانومی در این امر دخل و تصرفی ندارد. ,1,false,2018-10-20T16:27:52.36+00:00,مثبت,0.67,اصل بودن کالا | قیمت,اصل بودن کالا
کرم مرطوب کننده مدل پیور کالمیل مناسب استفاده روز و شب ,https://www.khanoumi.com/products/yves-rocher-pure-calmille-day-night-cream-16815,چرا اینقد گروووونش کردین؟؟؟ اصلا نمیصرفه,8,true,2018-10-17T18:56:16.3966667+00:00,منفی,0.67,اصل بودن کالا,اصل بودن کالا
کرم مرطوب کننده مدل پیور کالمیل مناسب استفاده روز و شب ,https://www.khanoumi.com/products/yves-rocher-pure-calmille-day-night-cream-16815,خيلييي حجمش كمه،نسبت ب قيمتش نميصرفه,8,true,2018-08-14T19:48:37.1166667+00:00,خنثی,0.35,محصول | قیمت,محصول
کرم مرطوب کننده مدل پیور کالمیل مناسب استفاده روز و شب ,https://www.khanoumi.com/products/yves-rocher-pure-calmille-day-night-cream-16815,شانس لطفا,9,false,2017-07-07T01:35:43.3733333+00:00,خنثی,0.35,سایر,سایر
کرم مرطوب کننده مدل پیور کالمیل مناسب استفاده روز و شب ,https://www.khanoumi.com/products/yves-rocher-pure-calmille-day-night-cream-16815,شانس لطفا,7,false,2017-07-07T01:35:39.63+00:00,خنثی,0.35,سایر,سایر
سرم موهای وز حجم 100 میلی لیتر,https://www.khanoumi.com/products/yves-rocher-anti-frizz-milky-serum-16816,لطفا شانس خانومی❤❤❤❤,16,false,2017-02-28T16:56:45.6666667+00:00,خنثی,0.35,سایر,سایر
تونر مدل وایت بوتانیکال,https://www.khanoumi.com/products/yves-rocher-white-botanical-toner-16818,شانس لطفا,3,false,2018-08-23T23:44:25.1466667+00:00,خنثی,0.35,سایر,سایر
تونر مدل وایت بوتانیکال,https://www.khanoumi.com/products/yves-rocher-white-botanical-toner-16818,شارژ کنید لطفا,8,false,2017-09-04T13:37:27.8466667+00:00,خنثی,0.35,سایر,سایر
تونر مدل وایت بوتانیکال,https://www.khanoumi.com/products/yves-rocher-white-botanical-toner-16818,شارژ,8,false,2017-07-01T14:58:36.9633333+00:00,خنثی,0.35,سایر,سایر
سرم ضد خشکی و آبرسان قوی صورت مدل  Hydra Vegetal حجم 30 میلی لیتر,https://www.khanoumi.com/products/yves-rocher-hydra-vegetal-serum-16820,یا سلام.چرا قیمت رو کنار محصول زدید کمتر زدین ولی بعد از پرداخت وجه توی فاکتور بیشتر لحاظ میکنید؟؟؟ این نوع جدیدشه؟؟؟؟,4,true,2018-10-10T03:31:33+00:00,خنثی,0.35,محصول | قیمت,محصول
سرم ضد خشکی و آبرسان قوی صورت مدل  Hydra Vegetal حجم 30 میلی لیتر,https://www.khanoumi.com/products/yves-rocher-hydra-vegetal-serum-16820,این محصول روی سایت دیگر کمتر قیمت خورده است؟ به چه اعتمادی دیگه خرید کنیم از خانومی ,3,false,2018-06-18T18:43:14+00:00,خنثی,0.35,محصول | قیمت,محصول
سرم ضد خشکی و آبرسان قوی صورت مدل  Hydra Vegetal حجم 30 میلی لیتر,https://www.khanoumi.com/products/yves-rocher-hydra-vegetal-serum-16820,شانس لطفا,4,false,2018-02-06T14:30:12.6166667+00:00,خنثی,0.35,سایر,سایر
سرم ضد خشکی و آبرسان قوی صورت مدل  Hydra Vegetal حجم 30 میلی لیتر,https://www.khanoumi.com/products/yves-rocher-hydra-vegetal-serum-16820,شانس,4,false,2017-11-24T15:20:10.0233333+00:00,خنثی,0.35,سایر,سایر
سرم ضد خشکی و آبرسان قوی صورت مدل  Hydra Vegetal حجم 30 میلی لیتر,https://www.khanoumi.com/products/yves-rocher-hydra-vegetal-serum-16820,شانس,5,false,2017-05-24T13:34:02.1733333+00:00,خنثی,0.35,سایر,سایر
اسکراب کرمی مدل سبو وژتال حجم 75 میلی لیتر,https://www.khanoumi.com/products/yves-rocher-sebo-vegetal-purifying-scrub-16821,"سلام
لطفا لوسیون پیور سیستم ایوروشه را موجود کنین..ممنون",4,false,2017-05-16T19:07:54.7666667+00:00,مثبت,0.67,محصول,محصول
سرم پاکسازی کننده و کوچک کننده منافذ پوست مدل SEBO VEGETAL  مناسب پوست های چرب حجم 30 میلی لیتر,https://www.khanoumi.com/products/yves-rocher-sebo-vegetal-serum-16822,سلام وقت بخیر، این سرم ، شوینده صورته؟ اخه در دسته بندی بالای پیج، در قسمت پاک کننده، شوینده و تونر صورت، قرار گرفته,11,false,2019-02-12T01:12:55.7266667+00:00,خنثی,0.35,سایر,سایر
سرم پاکسازی کننده و کوچک کننده منافذ پوست مدل SEBO VEGETAL  مناسب پوست های چرب حجم 30 میلی لیتر,https://www.khanoumi.com/products/yves-rocher-sebo-vegetal-serum-16822,من این سرمو میخوام ولی هرجای دیگه مشخصات این سرمو زدم یه عکس دیگه نشون دادند نه این. خود سایت ایوروشه هم سرم سبو داره ولی این شکلی نیست. ظاهرش سفیده و فقط یه خط سبز روشه که نوشته سبو.. ولی این محصول شما کلا سبزه!! یا این قدیمیه چون یادمه سری های قبلیش کلا سبز بودند یا فیکه! لطفا توضیح بدید,24,false,2019-01-18T15:28:49.52+00:00,منفی,0.79,محصول | اصل بودن کالا,اصل بودن کالا
سرم پاکسازی کننده و کوچک کننده منافذ پوست مدل SEBO VEGETAL  مناسب پوست های چرب حجم 30 میلی لیتر,https://www.khanoumi.com/products/yves-rocher-sebo-vegetal-serum-16822,من هرچی میرم تو خود سایت ایوروشه میگردم و سرچ هم میکنم، این محصول و این عکس با هم نمیخورن. میشه آدرس این مصحول تو خود سایت رو بدید؟,19,false,2018-10-30T21:47:06.27+00:00,منفی,0.67,محصول,محصول
سرم پاکسازی کننده و کوچک کننده منافذ پوست مدل SEBO VEGETAL  مناسب پوست های چرب حجم 30 میلی لیتر,https://www.khanoumi.com/products/yves-rocher-sebo-vegetal-serum-16822,شانس لطفا,29,false,2017-01-30T10:45:49.37+00:00,خنثی,0.35,سایر,سایر
کرم گیاهی ضدآلودگی هوا حجم 75 میلی لیتر,https://www.khanoumi.com/products/schon-anti-pollution-cream-16823,پوست من مختلطه زمانیکه ازش استفاده میکنم پوستم قرمز میشه,0,true,2020-01-06T21:16:37+00:00,خنثی,0.35,محصول,محصول
کرم گیاهی ضدآلودگی هوا حجم 75 میلی لیتر,https://www.khanoumi.com/products/schon-anti-pollution-cream-16823,این کرم واقعا عالیه،پوست دستم خیلی حساس و خشک هستش همیشه از کرم Qv استفاده میکردم ولی الان چند ماهه از این استفاده می کنم و خیلی راضیم,3,true,2018-12-22T22:41:35.4233333+00:00,مثبت,0.95,محصول,محصول
کرم گیاهی ضدآلودگی هوا حجم 75 میلی لیتر,https://www.khanoumi.com/products/schon-anti-pollution-cream-16823,عالیه.واقعا سبکه. سریع جذب میشه.حس خوبی به پوست میده.,9,true,2018-04-08T13:47:14.2866667+00:00,مثبت,0.91,محصول,محصول
کرم گیاهی ضدآلودگی هوا حجم 75 میلی لیتر,https://www.khanoumi.com/products/schon-anti-pollution-cream-16823,این کرم خیلی چربه.حس سنگینی به پوست میده.,3,false,2018-02-09T21:14:15.21+00:00,خنثی,0.35,محصول,محصول
کرم گیاهی ضدآلودگی هوا حجم 75 میلی لیتر,https://www.khanoumi.com/products/schon-anti-pollution-cream-16823,اینو دارم خیلی خوشبو و خوبه ....چربم نمیکنه فقط مرطوب میکنه,10,true,2017-09-04T01:26:34.92+00:00,منفی,0.79,محصول,محصول
کرم گیاهی ضدآلودگی هوا حجم 75 میلی لیتر,https://www.khanoumi.com/products/schon-anti-pollution-cream-16823,سمپل این کرم رو خانومی برام فرستاده دو بار....محشرررره.اصلا چرب نیست .سریع جذب میشه و بسیاااار خوشبوست و پر کاربرد,4,false,2017-07-12T17:50:32.9766667+00:00,منفی,0.67,محصول | اصل بودن کالا,اصل بودن کالا
کرم گیاهی ضدآلودگی هوا حجم 75 میلی لیتر,https://www.khanoumi.com/products/schon-anti-pollution-cream-16823,"من از این کرم استفاده کردم...

واقعا فوق العادست...

پوست رو واقعا نرم و شفاف میکنه...

ممنون بابت توضیحات کاملتون...",9,false,2017-06-07T23:41:54.2333333+00:00,مثبت,0.67,محصول,محصول
کرم شب روشن کننده مدل نیو وایت حجم 50 میلی لیتر,https://www.khanoumi.com/products/guinot-newhite-night-cream-16829,این کرم محدودیت سنی داره؟,6,false,2017-04-27T12:08:13.4933333+00:00,خنثی,0.35,محصول,محصول
کرم شب روشن کننده مدل نیو وایت حجم 50 میلی لیتر,https://www.khanoumi.com/products/guinot-newhite-night-cream-16829,كاش سني كه افراد ميتونن از كرم ها استفاده كنن رو هم بنويسين ,6,false,2017-03-28T22:29:18.02+00:00,خنثی,0.35,محصول,محصول
کرم شب روشن کننده مدل نیو وایت حجم 50 میلی لیتر,https://www.khanoumi.com/products/guinot-newhite-night-cream-16829,شانس لطفا,2,false,2017-02-23T11:31:37.0233333+00:00,خنثی,0.35,سایر,سایر
کرم لایه بردار مدل گوماژ مناسب پوست نرمال و مختلط حجم 50 میلی لیتر,https://www.khanoumi.com/products/guinot-gommage-eclat-parfait-cream-16832,لطفا کرم ویتال آنتی ریدز رو موجود کنید,1,false,2018-01-04T15:58:33.0666667+00:00,خنثی,0.35,محصول,محصول
کرم دور چشم مدل هیدرازون مناسب انواع پوست حجم 15 میلی لیتر,https://www.khanoumi.com/products/guinot-hydrazone-eye-cream-16836,سلام مناسب چه سنی هست؟من ۲۳ سالمه دور چشمی میخوام که خوب ابرسانی کنه ولی میترسم این محصول برای من زود و قوی باشه،آیا همین مناسبه؟اگر نه چی پیشنهاد میکنید ؟پردی ژیوز نوکس و اوریاژ و کیووی استفاده کردم ولی خوب مرطوب نمیکردن چون پوست خشک هست.,11,false,2018-03-13T02:13:04.5266667+00:00,مثبت,0.67,محصول,محصول
موس پاک کننده مناسب پوست چرب حجم 150 میلی لیتر,https://www.khanoumi.com/products/guinot-microbiotic-mousse-16841,خیلی خوبه,0,false,2017-09-04T11:40:24.7566667+00:00,مثبت,0.91,سایر,سایر
کرم ضد آفتاب بی رنگ با SPF30 مناسب دور چشم حجم 15 میلی لیتر,https://www.khanoumi.com/products/guinot-eye-sunscreen-spf-30-cream-16845,شانس لطفا,0,false,2018-01-25T11:46:54.2033333+00:00,خنثی,0.35,سایر,سایر
ست براش استوانه ای,https://www.khanoumi.com/products/kadina-brush-16880,با سلام چرا این محصول شارژ نمیشه؟,14,false,2017-08-03T12:46:30.3133333+00:00,خنثی,0.35,محصول,محصول
ست براش استوانه ای,https://www.khanoumi.com/products/kadina-brush-16880,"سلام 
تفاوته اين ست براش  نيكد با  اونيكي سته براشي كه جعبه فلزي داره  چيه؟",2,false,2017-05-19T03:42:10.3033333+00:00,خنثی,0.35,سایر,سایر
ست براش استوانه ای,https://www.khanoumi.com/products/kadina-brush-16880,لطفا شانس,9,false,2017-05-05T21:13:41.64+00:00,خنثی,0.35,سایر,سایر
ست براش جعبه فلزی طرح نیکد3,https://www.khanoumi.com/products/kadina-brush-16881,نکته کلیدی برای داشتن یک آرایش کامل و بی نقص استفاده از ابزارهای مناسب است. هر بخش از آرایش صورت با استفاده از یک براش مناسب تکمیل می شود بنابراین این نیاز است تا هر خانمی یک پک کامل از براش های کاربردی را برای خود خریداری کند. این پک دارای 12 براش کاربردی است و برای استفاده روزانه و حرفه ای مناسب است. این ست براش دارای  جعبه فلزی و ظاهر آراسته است بنابراین می توانید آن را همیشه به همراه خود داشته باشید.,1,false,2022-08-10T08:55:32+00:00,خنثی,0.35,سایر,سایر
ست براش جعبه فلزی طرح نیکد3,https://www.khanoumi.com/products/kadina-brush-16881,خیلی بی کیفیت بود,3,true,2022-03-14T22:12:25+00:00,منفی,0.67,محصول,محصول
ست براش جعبه فلزی طرح نیکد3,https://www.khanoumi.com/products/kadina-brush-16881,"خیلی خیلی بی کیفیت و بی مصرف به معنای واقعی..
واقعا از خرید این محصول پشیمونم",16,true,2021-08-17T17:54:59+00:00,منفی,0.91,محصول,محصول
ست براش جعبه فلزی طرح نیکد3,https://www.khanoumi.com/products/kadina-brush-16881," بسیار بی کیفیت و بی مصرف

",16,true,2021-08-15T01:27:38+00:00,منفی,0.67,محصول,محصول
ست براش جعبه فلزی طرح نیکد3,https://www.khanoumi.com/products/kadina-brush-16881,کیفیتش اصلا خوب نیس جنس بدنش چوبی نیس پلاستیکه براش ها ,13,true,2021-08-08T15:39:10+00:00,ترکیبی,0.74,محصول | اصل بودن کالا,محصول
ست براش جعبه فلزی طرح نیکد3,https://www.khanoumi.com/products/kadina-brush-16881,قیمتش چنده,9,false,2018-06-01T10:35:28.9333333+00:00,خنثی,0.35,قیمت,قیمت
ست براش جعبه فلزی طرح نیکد3,https://www.khanoumi.com/products/kadina-brush-16881,خانومي لطفا موجود كن,22,false,2017-10-15T11:34:07.84+00:00,خنثی,0.35,محصول,محصول
ست براش جعبه فلزی طرح نیکد3,https://www.khanoumi.com/products/kadina-brush-16881,چرا انقدر زود تموم میشه هر وقت هم که شارژ میکنید محصول رو میزنه فقط یک عدد در انبار خواهصا اگه تموم میشه محصول حداقل دو روز نباش نه یک هفته,13,false,2017-05-25T18:06:53.3233333+00:00,خنثی,0.35,محصول,محصول
ست براش جعبه فلزی طرح نیکد3,https://www.khanoumi.com/products/kadina-brush-16881,سرکار خانم مدیا عزیز/برند کادینا ، ست مشابه براش از برند نیکد را با کیفیت بالا تولید و عرضه کرده است ,0,false,2017-05-08T17:53:45.6066667+00:00,خنثی,0.35,محصول,محصول
ست براش جعبه فلزی طرح نیکد3,https://www.khanoumi.com/products/kadina-brush-16881,نوشتید مارک کادینا، ولی تصاویر براشهای مارک naked3 هست. من سرچ هم کردم این دو یکی نبود و از کادینا چنین براشی ندیدم‌. میشه بگید کدوم مدل براشه؟ همون naked3 که تو تصویر هست صحیحه؟,3,false,2017-05-08T10:00:23.4+00:00,خنثی,0.35,محصول,محصول
اسفنج آرایشی طرح ستاره,https://www.khanoumi.com/products/kadina-brush-16884,عالی بود,0,false,2017-11-26T22:00:36.2566667+00:00,مثبت,0.79,محصول,محصول
اسفنج آرایش مدل اشکی,https://www.khanoumi.com/products/kadina-brush-16886,خیلی سفته و نرم نیست اصلا پیشنهاد نمیشه,0,false,2024-07-13T21:36:58+00:00,منفی,0.79,اصل بودن کالا,اصل بودن کالا
اسفنج آرایش مدل اشکی,https://www.khanoumi.com/products/kadina-brush-16886,افتضاح به معنای کلمه برای توصیف این محصول کمه...بعد از خیس کردن حجمش به اون صورت زیاد نمیشه و از همه مهم تر تمااااام کرمپودر رو داخل خودش میکشه و همش حروم میشه.من بعد از بار دوم استفاده مستقیم انداختمش توی سطل آشغال.بدترین چیزی بود که از خانومی خریدم و واقعا احساس میکردم از مترو خرید کردم😐,21,true,2018-12-17T01:59:06.3933333+00:00,منفی,0.91,محصول,محصول
اسفنج آرایش مدل اشکی,https://www.khanoumi.com/products/kadina-brush-16886,خیلی خوبه نرمه و ابو به خودش خیلی جذب نمیکنه فقط در حد مرطوب شدن,6,true,2017-08-09T17:22:29.23+00:00,مثبت,0.91,محصول,محصول
اسفنج آرایش مدل اشکی,https://www.khanoumi.com/products/kadina-brush-16886,نرمه؟با آب حجمش زیاد میشه؟,9,false,2017-06-25T02:00:39.56+00:00,خنثی,0.35,محصول,محصول
کیف لوازم آرایش ورنی,https://www.khanoumi.com/products/kadina-make-up-bag-16891,لطفاااااااااااااااااااااااااا موجود کنید,6,false,2018-03-26T21:24:52.5766667+00:00,خنثی,0.35,محصول,محصول
شامپو مدل کوربیشیا حجم 200 میلی لیتر,https://www.khanoumi.com/products/rene-furterer-curbicia-shampoo-16894,شانس لطفا,1,false,2017-08-20T15:37:22.4966667+00:00,خنثی,0.35,سایر,سایر
سرم مو کمپلکس 5 حجم 50 میلی لیتر,https://www.khanoumi.com/products/rene-furterer-complexe-5-16903,سلام من تعریف این محصول رو خیلی شنیدم و واقعا دوست دارم استفاده کنم  لطفا سرم هایی که به صورت امپول های کوچک برای رویش مو هستش رو هم بیارید من شنیدم عالی جواب میده و مشگل کم پشتیمون حل میشه لطفا,4,false,2017-07-04T01:20:00.6666667+00:00,مثبت,0.67,محصول,محصول
سرم مو کمپلکس 5 حجم 50 میلی لیتر,https://www.khanoumi.com/products/rene-furterer-complexe-5-16903,سلام لطفا تو شانس بزارین میخوام ولی گرونه,10,false,2017-02-28T13:59:18.9366667+00:00,خنثی,0.35,قیمت,قیمت
سرم مو کمپلکس 5 حجم 50 میلی لیتر,https://www.khanoumi.com/products/rene-furterer-complexe-5-16903,"لطفا در مورد مصرفش بیشتر توضیح بدید
روی موی مرطوب باید استفاده شه یا خشک؟ باید ابکشی بشه یا نه؟ چقد باید بمونه رو مو؟",19,false,2017-02-21T19:08:02.0233333+00:00,منفی,0.67,محصول,محصول
اسپری دو فاز تثبیت کننده رنگ مو حجم 150 میلی لیتر,https://www.khanoumi.com/products/rene-furterer-okara-protect-color-spray-16904,خيلي بد بود-خوب شد تو شانس خريدم-گره موها رو باز نميكنه-براق نميكنه-بوي خوبي نداره-مجبور شدم بريزمش دور,0,true,2018-01-05T09:27:14.3166667+00:00,منفی,0.79,محصول,محصول
اسپری مو حجم دهنده مناسب موی کم حجم و ظریف حجم 125 میلی لیتر,https://www.khanoumi.com/products/rene-furterer-volumea-spray-16906,شاااانس لطفا🌹,3,false,2017-08-23T17:24:18.3133333+00:00,خنثی,0.35,سایر,سایر
موس مو حجم دهنده مدل ولومیا مناسب موی نازک حجم 200 میلی لیتر,https://www.khanoumi.com/products/rene-furterer-volumea-mousse-16907,لطفا موجودش کنید,0,false,2025-01-26T05:34:33.5921058+00:00,خنثی,0.35,محصول,محصول
بالم لب حاوی اس پی اف 25 حجم 4 میلی لیتر,https://www.khanoumi.com/products/my-lip-balm-sun--protecting-16916,انتظار داشتم بوی بهتری داشته باشه ولی بوی کرم های قدیمی رو میده.لب ها رو یکم سفید میکنه ولی زشت نمیشه مرطوب کنندگیشم بد نیست .در کل دوباره نمیخرمش,0,true,2026-08-16T03:35:34.9898708+03:30,مثبت,0.67,محصول,محصول
بالم لب حاوی اس پی اف 25 حجم 4 میلی لیتر,https://www.khanoumi.com/products/my-lip-balm-sun--protecting-16916,من راضی بودم دوسش داشتم,0,false,2026-07-29T09:28:04.1553669+03:30,مثبت,0.67,محصول,محصول
بالم لب حاوی اس پی اف 25 حجم 4 میلی لیتر,https://www.khanoumi.com/products/my-lip-balm-sun--protecting-16916,خیلی خوبه عالی فقط یه کم سفیده که اونم اگه روش یه رژ بزنی حله و رایحه عالی هم داره,0,true,2026-06-11T18:02:59.0683093+03:30,مثبت,0.95,سایر,سایر
بالم لب حاوی اس پی اف 25 حجم 4 میلی لیتر,https://www.khanoumi.com/products/my-lip-balm-sun--protecting-16916,خیلی خوبه,0,false,2026-03-17T13:09:12.2854042+03:30,مثبت,0.91,سایر,سایر
بالم لب حاوی اس پی اف 25 حجم 4 میلی لیتر,https://www.khanoumi.com/products/my-lip-balm-sun--protecting-16916,اصلاااا خوب نیست و چون رنگش سفیده روی لب چیز جالبی نیست راضی نبودم,0,false,2025-12-25T14:22:19.790716+03:30,منفی,0.67,محصول | اصل بودن کالا,اصل بودن کالا
بالم لب حاوی اس پی اف 25 حجم 4 میلی لیتر,https://www.khanoumi.com/products/my-lip-balm-sun--protecting-16916,عاشقشم من چندسال پیش استفادش کردم عاشقش شدم ولی هرجایی نمیفروشه,0,false,2025-11-30T13:56:17.4758504+03:30,مثبت,0.67,سایر,سایر
بالم لب حاوی اس پی اف 25 حجم 4 میلی لیتر,https://www.khanoumi.com/products/my-lip-balm-sun--protecting-16916,من خیلی دوسش داشتم فقط زودبه زودباید تمدید کنی،،اس‌پی‌اف هم داره,0,true,2025-11-13T13:42:11.3981198+03:30,خنثی,0.35,سایر,سایر
بالم لب حاوی اس پی اف 25 حجم 4 میلی لیتر,https://www.khanoumi.com/products/my-lip-balm-sun--protecting-16916,لبو سفید میکنه رنگیه و طعم کرم میگیره دهن انگار ضد آفتاب خورده باشی,0,true,2025-11-07T11:10:13.2496869+03:30,خنثی,0.35,محصول,محصول
بالم لب حاوی اس پی اف 25 حجم 4 میلی لیتر,https://www.khanoumi.com/products/my-lip-balm-sun--protecting-16916,مزخرف ترین بالم جهان لبو کلا سفید میکنه . موندم تو سایت خانومی چطوری نظر میدن که میگن خوبه,0,false,2025-11-01T18:34:15.7804558+03:30,مثبت,0.79,محصول,محصول
بالم لب حاوی اس پی اف 25 حجم 4 میلی لیتر,https://www.khanoumi.com/products/my-lip-balm-sun--protecting-16916,خیلی فراتصور خوبه,0,true,2024-12-18T06:36:31.9779987+00:00,مثبت,0.79,سایر,سایر
بالم لب حاوی اس پی اف 25 حجم 4 میلی لیتر,https://www.khanoumi.com/products/my-lip-balm-sun--protecting-16916,"برای لب من که همیشه خداااا پوست پوسته بهترینه
بعد از استفاده از لیپ بام های متنوع بهش رسیدم
سه بار تکرارش کردم، و تا کیفیت همین باشه به خریدم ادامه میدم 
",0,true,2024-09-25T17:20:00+00:00,مثبت,0.67,محصول | تحویل و ارسال,محصول
بالم لب حاوی اس پی اف 25 حجم 4 میلی لیتر,https://www.khanoumi.com/products/my-lip-balm-sun--protecting-16916,خیلی خوب و خوشبو بود.,0,true,2024-09-24T14:42:14+00:00,مثبت,0.79,محصول,محصول
بالم لب حاوی اس پی اف 25 حجم 4 میلی لیتر,https://www.khanoumi.com/products/my-lip-balm-sun--protecting-16916,خیلی خوب بود . من لبم خیلی پوسته میشد اینو زدم خوب شد بوی خیلی خوبی هم داره,0,true,2024-01-16T22:22:37+00:00,مثبت,0.95,محصول,محصول
بالم لب حاوی اس پی اف 25 حجم 4 میلی لیتر,https://www.khanoumi.com/products/my-lip-balm-sun--protecting-16916,خیلی چرب نمیکنه لبو خوبیش بنظرم همینه نرم میکنه ولی چرب و براق نه,0,false,2023-08-15T12:06:56+00:00,منفی,0.67,محصول,محصول
بالم لب حاوی اس پی اف 25 حجم 4 میلی لیتر,https://www.khanoumi.com/products/my-lip-balm-sun--protecting-16916,عالیه بوش خیلی خوبه و برای قبل ارایش مناسبه ولی خاصیت درمانی برای ترک نداره,0,false,2023-03-30T21:17:27+00:00,مثبت,0.95,محصول,محصول
بالم لب حاوی اس پی اف 25 حجم 4 میلی لیتر,https://www.khanoumi.com/products/my-lip-balm-sun--protecting-16916,یکی از ویژگیهای خیلی مثبت این محصول چرب و نرم بودنشه. به راحتی روی لب کشیده میشه و با این وجود که لب رو نرم میکنه اما اصلا چربی اضافه نداره. من به راحتی قبل از رژلب هم می تونم استفاده کنم. محصول خوبیه در کل و بهش 4 ستاره می دم.,0,false,2023-01-16T09:27:06+00:00,مثبت,0.79,محصول | اصل بودن کالا,محصول
بالم لب حاوی اس پی اف 25 حجم 4 میلی لیتر,https://www.khanoumi.com/products/my-lip-balm-sun--protecting-16916,بسیاری از افراد هستند که با مشکل خشکی و پوسته پوسته شدن لب مواجه هستند. این مشکل به راحتی با استفاده از بالم لب ها رفع می شود. بالم لب مای یکی از گزینه هایی است که به خوبی نیازهای پوست لب شما را برطرف کرده و به دلیل داشتن اس پی اف از پوست لب شما دربرابر اشعه های مضر آفتاب محافظت می کند. این محصول سرشار از ویتامین بوده و برای آقایان و بانوان مناسب است.,1,false,2022-07-30T08:54:26+00:00,مثبت,0.67,محصول,محصول
بالم لب حاوی اس پی اف 25 حجم 4 میلی لیتر,https://www.khanoumi.com/products/my-lip-balm-sun--protecting-16916,اصلا خوب نیست ,1,true,2022-04-24T18:44:55+00:00,منفی,0.79,اصل بودن کالا,اصل بودن کالا
بالم لب حاوی اس پی اف 25 حجم 4 میلی لیتر,https://www.khanoumi.com/products/my-lip-balm-sun--protecting-16916,سبکه روی لب رد نمیذاره برای زیر رژ خیلی خوبه و بخاطر اس پی اف محافظ اشعه هم هست درکل به نسبت قیمتش محصول خوبیه,2,true,2021-06-27T11:12:50+00:00,مثبت,0.95,محصول | قیمت,محصول
بالم لب حاوی اس پی اف 25 حجم 4 میلی لیتر,https://www.khanoumi.com/products/my-lip-balm-sun--protecting-16916,"خوب نیست
کیفیت نداره",8,false,2020-04-30T22:07:36+00:00,منفی,0.67,محصول,محصول
بالم لب حاوی اس پی اف 25 حجم 4 میلی لیتر,https://www.khanoumi.com/products/my-lip-balm-sun--protecting-16916,بافت چرب و ظاهر گچ مانندی روی لب داره و اونقدر که باید و شاید لب رو نرم نمی‌کنه. تنها پوینت مثبتش اینه که بوی خوبی داره، برا من هم بعد چند بار استفاده شکست، الان هم استفاده‌ش نمی‌کنم و دوباره هم نمی‌خرمش.,18,true,2019-10-31T22:22:18+00:00,مثبت,0.67,محصول,محصول
بالم لب حاوی اس پی اف 25 حجم 4 میلی لیتر,https://www.khanoumi.com/products/my-lip-balm-sun--protecting-16916,با توجه له اینکه من رواکوتان مصرف میکنم و پوست لبم خشک این یه محصول عالی بود واسم,2,false,2019-10-19T14:28:39+00:00,مثبت,0.79,محصول,محصول
بالم لب حاوی اس پی اف 25 حجم 4 میلی لیتر,https://www.khanoumi.com/products/my-lip-balm-sun--protecting-16916,قدرت نرم كنندگي بالايي داره اما ظاهرش رو لب فاجعه اس رنگ سفيد رو لب باقي ميزاره و اونقدرا هم سبك نيست ,2,true,2019-10-19T00:53:59+00:00,خنثی,0.35,محصول,محصول
بالم لب حاوی اس پی اف 25 حجم 4 میلی لیتر,https://www.khanoumi.com/products/my-lip-balm-sun--protecting-16916,واقعا محصول بدی بود. لب رو کاملا سفید میکنه و نه زیر رژلب و تنها میشه ازش استفاده کرد. در واقع کارایی نداره. همون دفعه اولی که ازش استفاده کردم از وسط شکست.,3,true,2019-10-12T16:26:16+00:00,منفی,0.67,محصول,محصول
بالم لب حاوی اس پی اف 25 حجم 4 میلی لیتر,https://www.khanoumi.com/products/my-lip-balm-sun--protecting-16916,اصلا محصول خوبي نيست ,3,false,2019-09-16T00:17:36+00:00,خنثی,0.35,محصول | اصل بودن کالا,محصول
بالم لب حاوی اس پی اف 25 حجم 4 میلی لیتر,https://www.khanoumi.com/products/my-lip-balm-sun--protecting-16916,لبو مثل گچ میکنه 🤦🏻‍♀️,3,false,2019-08-27T19:25:20.5566667+00:00,خنثی,0.35,محصول,محصول
بالم لب حاوی اس پی اف 25 حجم 4 میلی لیتر,https://www.khanoumi.com/products/my-lip-balm-sun--protecting-16916,خیلی اتفاقی خریدمش و واقعا راضیم حس سنگینی و بدی رو لب نداره خوش بو و کاملا قابل قبوله,6,true,2019-06-10T12:12:51.6366667+00:00,ترکیبی,0.74,محصول,محصول
بالم لب حاوی اس پی اف 25 حجم 4 میلی لیتر,https://www.khanoumi.com/products/my-lip-balm-sun--protecting-16916,بالم خوبیه، واسه ترک و خشکی پوست لب خیلی زود جواب داد، مرسی خانومی,4,true,2019-03-09T11:55:32.5266667+00:00,مثبت,0.91,محصول,محصول
بالم لب حاوی اس پی اف 25 حجم 4 میلی لیتر,https://www.khanoumi.com/products/my-lip-balm-sun--protecting-16916,خوبه و چرب نیس ک نشه روش رژ زد,5,true,2018-12-16T20:36:35.19+00:00,مثبت,0.79,سایر,سایر
بالم لب حاوی اس پی اف 25 حجم 4 میلی لیتر,https://www.khanoumi.com/products/my-lip-balm-sun--protecting-16916,خیلی بالم خوبیه. اصلا سنگین نیستو من همیشه صبحا زیر رژ لب میزنم. واقعا تاثیر ضدآفتابیش و دیدم. لبم قبلا تو روزای آفتابی خیلی ترک میخورد ولی از وقتی این و میزنم دیگه خیلی بهتر شده و خیلی خیلی کمتر ترک میخوره و پوست پوست میشه,5,true,2018-11-02T12:10:21.3966667+00:00,خنثی,0.35,محصول | اصل بودن کالا,محصول
بالم لب حاوی اس پی اف 25 حجم 4 میلی لیتر,https://www.khanoumi.com/products/my-lip-balm-sun--protecting-16916,من این بالمه لبو خریدم و خیلی راضیم,2,false,2018-08-10T01:57:53.1433333+00:00,مثبت,0.79,محصول,محصول
بالم لب حاوی عصاره آلوئه ورا حجم 4 میلی لیتر,https://www.khanoumi.com/products/my-nourishing-lip-balme-16917,اصلا تاثیری نداره و از همه بدتر وقتی میزنی لبت سفید میشه انگار گچ مالیدی بهش,0,false,2026-05-24T02:22:36.2262242+03:30,ترکیبی,0.66,اصل بودن کالا,اصل بودن کالا
بالم لب حاوی عصاره آلوئه ورا حجم 4 میلی لیتر,https://www.khanoumi.com/products/my-nourishing-lip-balme-16917,همون لحظه که استفاده میکنم لب هارو نرم میکنه اما اثرش دائمی یا برای طولانی مدت نیست. بوی خیلی خوبی داره اما رنگ بالم که سفیده وقتی روی لب میزنی لب رو سفید میکنه و جلوه ی بدی داره. در کل خوب و قابل قبوله نسبت به قیمتش.,0,true,2025-02-04T18:06:19.1530146+00:00,ترکیبی,0.71,محصول | قیمت,محصول
بالم لب حاوی عصاره آلوئه ورا حجم 4 میلی لیتر,https://www.khanoumi.com/products/my-nourishing-lip-balme-16917,خیلی جالبه روی بسته جنسی که برای من ارسال شده نوشته شده 43200 بعد شما با کلی منت تخفیف گذاشتید به قیمت 46170 فروختید؟؟!! واقعا متاسفم,4,true,2022-11-30T08:15:59+00:00,منفی,0.67,تحویل و ارسال | قیمت | محصول,تحویل و ارسال
بالم لب حاوی عصاره آلوئه ورا حجم 4 میلی لیتر,https://www.khanoumi.com/products/my-nourishing-lip-balme-16917,خشکی پوست لب یکی از مشکلاتی است که در فصول سرد سال با آن مواجه میشوید. بالم لب ها به شما کمک می کنند تا خشکی پوست لب خود را از بین برده و به آن لطافت و نرمی ببخشید. بالم لب آلوئه ورا مای حاوی ویتامین و روغن های گیاهی است که به تقویت پوست لب کمک کرده و به عنوان تسکین دهنده نیز کاربرد دارد.,0,false,2022-11-29T09:12:32+00:00,خنثی,0.35,محصول,محصول
بالم لب حاوی عصاره آلوئه ورا حجم 4 میلی لیتر,https://www.khanoumi.com/products/my-nourishing-lip-balme-16917,روی لب انگار ماسیده ,4,true,2021-07-19T22:30:24+00:00,خنثی,0.35,سایر,سایر
بالم لب حاوی عصاره آلوئه ورا حجم 4 میلی لیتر,https://www.khanoumi.com/products/my-nourishing-lip-balme-16917, روی لب سفید میشه و خیلی ظاهر بدی داره،هیچ خواصیتی هم نداره.,13,false,2020-10-07T21:05:40+00:00,منفی,0.67,سایر,سایر
بالم لب حاوی عصاره آلوئه ورا حجم 4 میلی لیتر,https://www.khanoumi.com/products/my-nourishing-lip-balme-16917,"اصلا خوب نیست و به هیچ عنوان پیشنهاد نمیکنم.
چرب
سفیددددد
بدون تغییر",12,false,2020-08-01T02:58:50+00:00,منفی,0.95,اصل بودن کالا,اصل بودن کالا
بالم لب حاوی عصاره آلوئه ورا حجم 4 میلی لیتر,https://www.khanoumi.com/products/my-nourishing-lip-balme-16917,اصلا خوب نیست ، من هیچ تاثیری ندیدم 👎 ,8,true,2019-11-19T15:34:51+00:00,منفی,0.79,اصل بودن کالا,اصل بودن کالا
بالم لب حاوی عصاره آلوئه ورا حجم 4 میلی لیتر,https://www.khanoumi.com/products/my-nourishing-lip-balme-16917,خوبه اما بهترین نیست.,1,true,2019-10-12T19:29:46+00:00,مثبت,0.67,سایر,سایر
بالم لب حاوی عصاره آلوئه ورا حجم 4 میلی لیتر,https://www.khanoumi.com/products/my-nourishing-lip-balme-16917,بالم لب اصلا نباید رنگ یا شاین داشته باشه چون اگر داشته باشه دیگه بالم نیست و رژ هست، که این رنگ داره اونم سفیییید که وقتی می مونه  صورتی میشه و زشت، وقتی می زنی مثل مرده ها میشی، نرم کنندگیش هم معمولی به نظر میاد,14,true,2019-03-07T13:57:18.4633333+00:00,مثبت,0.67,محصول | اصل بودن کالا,محصول
بالم لب حاوی عصاره آلوئه ورا حجم 4 میلی لیتر,https://www.khanoumi.com/products/my-nourishing-lip-balme-16917,تاثیرش فقط همون اولشه 😔,6,true,2019-02-12T13:45:40.79+00:00,خنثی,0.35,محصول,محصول
بالم لب حاوی عصاره آلوئه ورا حجم 4 میلی لیتر,https://www.khanoumi.com/products/my-nourishing-lip-balme-16917,"زیاد تاثیر خاصی  نداره.
نرم کنندگی ش خیلی محسوس نیست  و فقط وقتی تازه زده شده اثر داره .",8,false,2018-11-19T12:26:57.7266667+00:00,خنثی,0.35,محصول,محصول
بالم لب حاوی عصاره آلوئه ورا حجم 4 میلی لیتر,https://www.khanoumi.com/products/my-nourishing-lip-balme-16917,خیلی بده,4,true,2018-11-15T16:06:26.2966667+00:00,منفی,0.79,سایر,سایر
شامپو بچه دخترانه حجم 200 میلی لیتر,https://www.khanoumi.com/products/my-kids-shampoo-16918,خیلی بده، بوی خوبی نداره و رقیقه,0,true,2020-08-31T11:30:28+00:00,منفی,0.91,محصول,محصول
شامپو بچه دخترانه حجم 200 میلی لیتر,https://www.khanoumi.com/products/my-kids-shampoo-16918,"فقط خیلی رقیقه مثل آب میمونه 
",4,false,2018-07-05T07:28:37.56+00:00,خنثی,0.35,محصول,محصول
شامپو حاوی آلوئه ورا و لیمو حجم 250 میلی لیتر,https://www.khanoumi.com/products/my-aloe-vera-and-lemon-shampoo-16919,بوش خیلی خوبه ولی اصلا ماندگاری نداره,2,true,2020-07-19T12:11:42+00:00,مثبت,0.95,محصول | اصل بودن کالا,محصول
شامپو حاوی آلوئه ورا و لیمو حجم 250 میلی لیتر,https://www.khanoumi.com/products/my-aloe-vera-and-lemon-shampoo-16919,شامپوی خوبیه👍🏼,1,false,2020-06-07T19:45:08+00:00,مثبت,0.67,محصول,محصول
شامپو حاوی آلوئه ورا و لیمو حجم 250 میلی لیتر,https://www.khanoumi.com/products/my-aloe-vera-and-lemon-shampoo-16919,خیلی خوبه راضیم ازش,2,false,2020-04-23T18:43:41+00:00,مثبت,0.95,سایر,سایر
شامپو حاوی آلوئه ورا و لیمو حجم 250 میلی لیتر,https://www.khanoumi.com/products/my-aloe-vera-and-lemon-shampoo-16919,واقعا عالی بود برای من که خیلی خوش بو و خوب بود می ارزه واقعا منتظرم تموم شده بعدیو بگیرم 😍💕,6,true,2019-07-09T15:38:23.7766667+00:00,مثبت,0.95,محصول,محصول
شامپو حاوی عصاره شیر و جوجوبا حجم 250 میلی لیتر,https://www.khanoumi.com/products/my-milk-and-jojoba-shampoo-16921,برای موهایی که خشکه عالیه بعد از حمام نرم تر میشه موها,0,false,2022-07-15T16:27:39+00:00,مثبت,0.79,محصول,محصول
شامپو روزانه مدل پروویتال حجم 300 میلی لیتر,https://www.khanoumi.com/products/my-provital-clean-and-care-shampoo-16923,سلام خواهشا شامپو پروویتال مای مخصوص موهای فر هم بیارید,0,false,2017-02-26T16:43:30.0933333+00:00,خنثی,0.35,محصول,محصول
شامپو تقویتی مدل فورتیمد حجم 200 میلی لیتر,https://www.khanoumi.com/products/my-fortimed-shampoo-16926,من راضی نیستم و ریزش موهام بعد از مصرف این شامپو خیلی زیاد شده,0,true,2022-11-19T13:08:44+00:00,منفی,0.67,محصول,محصول
شامپو تقویتی مدل فورتیمد حجم 200 میلی لیتر,https://www.khanoumi.com/products/my-fortimed-shampoo-16926,شامپو شیرو جوجوبا مای و فورتیمد مای هر دو عالین واسه کسایی که موهاشون خشکه,1,false,2022-07-14T22:27:05+00:00,مثبت,0.67,محصول,محصول
شامپو تقویتی مدل فورتیمد حجم 200 میلی لیتر,https://www.khanoumi.com/products/my-fortimed-shampoo-16926,شامپو فورتی مد مای خوب بود ولی من از وقتی از شامپو کافئین سریتا استفاده میکنم خیلی خیلی بیشتر راضیم و ریزشم کلا از بین رفته,5,false,2020-04-18T15:34:09+00:00,مثبت,0.95,محصول,محصول
شامپو تقویتی مدل فورتیمد حجم 200 میلی لیتر,https://www.khanoumi.com/products/my-fortimed-shampoo-16926,فوق العادس . من که دو ماهه استفاده میکنم و خیلی راضیم ,10,false,2019-12-03T14:59:04.55+00:00,مثبت,0.79,سایر,سایر
شامپو مدل اویلومد مناسب موی چرب حجم 200 میلی لیتر,https://www.khanoumi.com/products/my-oilomed-shampoo-16927,متاسفانه چربی مو و کف سر را چندین برابر نمودند. اصلا راضی نیستم. برای موی چرب، شامپوهای ایرانی اویدرم و فولیکا به مراتب بهتر بوده و چربی را کنترل میکنند.,12,true,2019-08-08T12:45:00+00:00,منفی,0.91,محصول | اصل بودن کالا,اصل بودن کالا
شامپو ضد شوره مدل تالگومد حجم 200 میلی لیتر,https://www.khanoumi.com/products/my-talgomed-shampoo-16928,اصلااا عالیییی من از دارو خونه گرفته بودم تموم الان از خانومی سفارش دادم واقعا عالی بودش و شوره ی سرم رو کامل برطرف کرد و بعدش که یه مدت تموم شد و نخریدم دوباره برگشت داشت ولی در کل واقعا عالیی بود,0,false,2026-05-24T12:52:01.567628+03:30,مثبت,0.95,محصول | اصل بودن کالا | خدمات و پشتیبانی,محصول
شامپو ضد شوره مدل تالگومد حجم 200 میلی لیتر,https://www.khanoumi.com/products/my-talgomed-shampoo-16928,عالی، حتی بعد از اولین استفاده خارش و شوره رو از بین برد,0,true,2026-04-17T23:31:58.0905004+03:30,مثبت,0.67,سایر,سایر
شامپو ضد شوره مدل تالگومد حجم 200 میلی لیتر,https://www.khanoumi.com/products/my-talgomed-shampoo-16928,بهترینه,0,true,2026-04-16T14:26:32.2616956+03:30,مثبت,0.67,سایر,سایر
شامپو ضد شوره مدل تالگومد حجم 200 میلی لیتر,https://www.khanoumi.com/products/my-talgomed-shampoo-16928,سلام من چند سالیه ازاین شامپو استفاده می کنم وتآثیر عالی روی موهای سرم داشت,0,false,2025-02-03T08:57:21.0885877+00:00,مثبت,0.67,محصول,محصول
شامپو ضد شوره مدل تالگومد حجم 200 میلی لیتر,https://www.khanoumi.com/products/my-talgomed-shampoo-16928,یکی از بهترین ضدشوره هایی که استفاده کردم همینه..,0,true,2023-10-02T11:16:34+00:00,مثبت,0.67,سایر,سایر
شامپو ضد شوره مدل تالگومد حجم 200 میلی لیتر,https://www.khanoumi.com/products/my-talgomed-shampoo-16928,من یکیو کامل استفاده کردم ولی میشه گفت هیچ تاثیری روی شوره موهام نداشت ,0,true,2023-02-06T13:20:44+00:00,خنثی,0.35,محصول,محصول
شامپو ضد شوره مدل تالگومد حجم 200 میلی لیتر,https://www.khanoumi.com/products/my-talgomed-shampoo-16928,من مدت‌ها  پوست سرم خارش داشت وبا هیچ شامپویی درمان نمیشد،بعد از اولین استفاده از شامپو تالگومد خارش سرم از بین رفت،هم برای شوره هم قارچ عالیه،برای من عالی بوده,32,false,2022-04-14T13:22:35+00:00,مثبت,0.95,محصول,محصول
نرم کننده ترمیم کننده موی حجم 250 میلی لیتر,https://www.khanoumi.com/products/my-dry-to-damaged-hair-conditioner-16929,افتضاححححح,0,false,2026-03-18T12:09:21.0821352+03:30,منفی,0.67,سایر,سایر
نرم کننده ترمیم کننده موی حجم 250 میلی لیتر,https://www.khanoumi.com/products/my-dry-to-damaged-hair-conditioner-16929,من چند بار استفاده کردم، خوبه، خیلی قوی نیست ولی اگر 5 دقیقه روی مو بمونه و بعد بشورید تاثیر خوبی داره، برای کسانی که خیلی نرم کننده قوی نمیخوان خیلی خوبه,0,true,2025-04-08T07:05:57.9399218+00:00,مثبت,0.95,محصول,محصول
نرم کننده ترمیم کننده موی حجم 250 میلی لیتر,https://www.khanoumi.com/products/my-dry-to-damaged-hair-conditioner-16929,قدرت نرم کنندگیش خیلی کمه با این که من موهای لختی دارم ولی بازم باید زیاد ازش استفاده کنم در کل راضی نیستم و دوباره شارژ نمیکنم,0,true,2024-08-05T13:16:48+00:00,منفی,0.67,محصول,محصول
نرم کننده ترمیم کننده موی حجم 250 میلی لیتر,https://www.khanoumi.com/products/my-dry-to-damaged-hair-conditioner-16929,مقدار زیادی باید ازش بزنین تا نرم کنندگیشو حس کنید حجمشم کمه اما تاثیر خوبی داشته ولی اگر فقط به عنوان نرم کننده میخاید نرم کننده فوقالعاده قوی همین مای رو بگیرید نه این,0,true,2023-07-15T14:56:02+00:00,مثبت,0.91,محصول,محصول
نرم کننده ترمیم کننده موی حجم 250 میلی لیتر,https://www.khanoumi.com/products/my-dry-to-damaged-hair-conditioner-16929,سلام میشه این محصول و محصولات دیگه مثل نرم کننده کراتینه مو از برند نئودرم رو موجود کنین؟؟؟ اگر شارژ نمیشن لطف میکنین بگین ,0,true,2023-02-18T02:40:18+00:00,خنثی,0.35,محصول,محصول
نرم کننده ترمیم کننده موی حجم 250 میلی لیتر,https://www.khanoumi.com/products/my-dry-to-damaged-hair-conditioner-16929,من بعد از چندبار استفاده تاثیرشو حس کردم موهام واقعا دارن نرم میشن و از وزشون کم شده، بوی خیلی خوبی هم داره، در کل من خیلی راضیم با توجه به قیمتش ,7,true,2019-12-22T03:06:29+00:00,مثبت,0.95,محصول | قیمت,محصول
نرم کننده ترمیم کننده موی حجم 250 میلی لیتر,https://www.khanoumi.com/products/my-dry-to-damaged-hair-conditioner-16929,عالیه من فوق العاده راضیم ،موها مو خیلی نرم میکنه پیشنهاد میکنم,13,false,2019-11-17T23:40:36+00:00,مثبت,0.95,محصول,محصول
ماسک مو آبرسان عمیق مناسب مو خشک و وز حجم 150 میلی لیتر,https://www.khanoumi.com/products/my-protein-hair-mask-16931,سلام برای داخل حمام هست یا بیرون؟,0,false,2026-06-13T11:49:30.4851653+03:30,خنثی,0.35,سایر,سایر
ماسک مو آبرسان عمیق مناسب مو خشک و وز حجم 150 میلی لیتر,https://www.khanoumi.com/products/my-protein-hair-mask-16931,لطافت خوبی به موهام میده,0,true,2024-12-08T10:26:18.0304683+00:00,مثبت,0.67,محصول,محصول
ماسک مو آبرسان عمیق مناسب مو خشک و وز حجم 150 میلی لیتر,https://www.khanoumi.com/products/my-protein-hair-mask-16931,"من با توجه به نظرات خریدم
دوستان موهای منو فر کردددد 
اینکه گره موهام باز میشد تو حموم خوب بود ولی بعد یه دوره استفاده موهام خیلی فر شد که خب نمیخواستم 
خیلی هم عطریه 
تو این رنج قیمت ماسک نوتریسل آرگان خیلی بهتره 
بعد یه مدت یه مقدار خشک هم کرد",0,false,2024-03-04T06:46:47+00:00,مثبت,0.79,محصول | قیمت,محصول
ماسک مو آبرسان عمیق مناسب مو خشک و وز حجم 150 میلی لیتر,https://www.khanoumi.com/products/my-protein-hair-mask-16931,"بامصرف مدام هر3 مدل ماسک مای متوجه شدم این مدلش ازهمه بهتره خیلی راضی ام پیشنهاد میکنم حتما بخرین اگموی خشک واسیب دیده و وز دارین خانوما
فقط خواهشن با تعریفمون گرون نشه⁦🙏🏻⁩⁦❤️⁩",2,true,2022-12-10T22:38:38+00:00,مثبت,0.95,محصول | قیمت,محصول
ماسک مو آبرسان عمیق مناسب مو خشک و وز حجم 150 میلی لیتر,https://www.khanoumi.com/products/my-protein-hair-mask-16931,واقعا ماسک خیلی خوبیه من میخواستم موهامو پروتئینه وبوتاکس کنم ویا کراتین درسالن آرایشگاهها اما بامصرف این ماسک وماسک موهای مای ک کراتینه وپروتئینه وترمیم کننده هستن خریدم وازانجام صافی مومنصرف شدم کلا ازخانومی توتخفیف باقیمت عالی خریدم خلاصه همه ماسک موهای برند مای عالی هستن موهام خیلی خشکه راضی ام هرسه مدل ماسک موی مای رو دارم😍,1,true,2022-11-30T15:48:44+00:00,مثبت,0.95,محصول | قیمت,محصول
ماسک مو آبرسان عمیق مناسب مو خشک و وز حجم 150 میلی لیتر,https://www.khanoumi.com/products/my-protein-hair-mask-16931,خوبه راصی هستم فقط داخل حمام شانه به موهاتون نزنید/ واقعا موها رو نرم و لطف میکنه/هفته‌ای یکبار استفاده میکنم چون موهای چرب دارم/ F,0,true,2022-08-25T10:46:57+00:00,مثبت,0.79,محصول,محصول
ماسک مو آبرسان عمیق مناسب مو خشک و وز حجم 150 میلی لیتر,https://www.khanoumi.com/products/my-protein-hair-mask-16931,ماسک موی خوبی موهارو نرم میکنه,1,true,2022-07-03T00:54:45+00:00,مثبت,0.67,محصول,محصول
ماسک مو آبرسان عمیق مناسب مو خشک و وز حجم 150 میلی لیتر,https://www.khanoumi.com/products/my-protein-hair-mask-16931,سلام نسبت به قیمت خوبه ، پیشنهاد میدم بخرید ,8,true,2020-06-12T11:46:29+00:00,مثبت,0.91,قیمت,قیمت
ماسک مو آبرسان عمیق مناسب مو خشک و وز حجم 150 میلی لیتر,https://www.khanoumi.com/products/my-protein-hair-mask-16931,man chand sale pish estefade kardam chand var razi boodam nesbatan ham booie khubi dare ham narm mikone,11,false,2019-05-11T15:37:03.3833333+00:00,خنثی,0.35,سایر,سایر
ماسک مو آبرسان عمیق مناسب مو خشک و وز حجم 150 میلی لیتر,https://www.khanoumi.com/products/my-protein-hair-mask-16931,کسی هست که خریده باشه ونظر بده؟,61,false,2017-05-29T20:50:03.8266667+00:00,منفی,0.79,سایر,سایر
ماسک مو پروتئینه مناسب مو رنگ شده و آسیب دیده حجم 150 میلی لیتر,https://www.khanoumi.com/products/my-protective-hair-mask-16932,ماسک موی خوبیه ازش راضی بودم برای موهای فر دکلره شده استفاده کردم و تازگی یکی دیگه هم ازش سفارش دادم و بوشو خیلی خیلی دوست دارم,0,true,2026-06-01T01:22:19.2243151+03:30,مثبت,0.79,محصول,محصول
ماسک مو پروتئینه مناسب مو رنگ شده و آسیب دیده حجم 150 میلی لیتر,https://www.khanoumi.com/products/my-protective-hair-mask-16932,واقعا با توجه به قیمتش ماسک موعالی نرمی لطافت به مو میبخشه ,0,true,2024-02-26T18:49:39+00:00,مثبت,0.67,محصول | قیمت,محصول
ماسک مو پروتئینه مناسب مو رنگ شده و آسیب دیده حجم 150 میلی لیتر,https://www.khanoumi.com/products/my-protective-hair-mask-16932,اولا که سر محصول خیلی خالی بود و بعدشم ماسک موش باعث ریزش مو میشه من نرم کنندگی خاصی هم ازش ندیدم ,1,true,2023-03-12T23:34:55+00:00,خنثی,0.35,محصول,محصول
ماسک مو پروتئینه مناسب مو رنگ شده و آسیب دیده حجم 150 میلی لیتر,https://www.khanoumi.com/products/my-protective-hair-mask-16932,ماسک موهای مای همه مدلهاشون محشره موندگاری بعد حمام خیلی بالاس و موی خشک و وز رو کلا سرحال ونرم میکنه اصلا اجازه نمیده موها گره بخورن حتما تهیه کنید من تاوقتی موجودباشه تمدید میکنم مرسی ازخانومی⁦❤️⁩,0,true,2022-11-30T16:32:43+00:00,خنثی,0.35,محصول | اصل بودن کالا,محصول
ماسک مو پروتئینه مناسب مو رنگ شده و آسیب دیده حجم 150 میلی لیتر,https://www.khanoumi.com/products/my-protective-hair-mask-16932,من سه ماهه از این محصول استفده میکنم خیلی ازش راضیم بوی خوبیم داره موهارو هم‌تا شست و شو بعدی خوش حالت نگه میداره فقط نباید ازش زیاد رو مو زد چون بعد از خشک شدن حالت شوره به مو میده ,10,true,2020-11-11T15:29:46+00:00,مثبت,0.91,محصول,محصول
ماسک مو پروتئینه مناسب مو رنگ شده و آسیب دیده حجم 150 میلی لیتر,https://www.khanoumi.com/products/my-protective-hair-mask-16932,من خیلی راضیم ماسک موی خوبیه و موهارو نرم میکنه,10,false,2020-11-04T02:12:47+00:00,مثبت,0.91,محصول,محصول
ماسک مو پروتئینه مناسب مو رنگ شده و آسیب دیده حجم 150 میلی لیتر,https://www.khanoumi.com/products/my-protective-hair-mask-16932,من يك ساله از اين محصول استفاده ميكنم عاليه موهاي منو نرم و براق ميكنه من ماسك هاي خارجي زياداستفاده كردم ولي از اين نوع ماسك خيلي خيلي راضي هستم با اينكه موهاي من دكلره و خشك بود ,45,false,2019-11-22T15:20:03+00:00,مثبت,0.91,محصول,محصول
لوسیون بدن حاوی عصاره جوانه گندم مناسب پوست خشک حجم 250 میلی لیتر,https://www.khanoumi.com/products/my-wheat-germ-body-lotion-16934,لطفا موجود کن خانومی باتخفیف بالا ,0,false,2024-01-06T01:15:51+00:00,خنثی,0.35,محصول | قیمت,محصول
لوسیون بدن حاوی عصاره جوانه گندم مناسب پوست خشک حجم 250 میلی لیتر,https://www.khanoumi.com/products/my-wheat-germ-body-lotion-16934,عالی،خوشبو، ماندگار،بجای مام ازش استفاده میکردم ازبس بوشو دوست داشتم،لطیف ونرم کننده پوست بدن.,0,false,2024-01-06T01:13:30+00:00,ترکیبی,0.74,محصول,محصول
کرم مرطوب کننده صورت حجم 50 میلی لیتر,https://www.khanoumi.com/products/my-hydrating-vitamin-e-cream-16936,خوب بود نسبت به قیمتش,0,true,2025-10-12T10:51:41.6164494+03:30,مثبت,0.79,محصول | قیمت,محصول
کرم مرطوب کننده صورت حجم 50 میلی لیتر,https://www.khanoumi.com/products/my-hydrating-vitamin-e-cream-16936,عالیه,0,true,2024-12-16T14:37:14.9994529+00:00,مثبت,0.79,سایر,سایر
کرم مرطوب کننده صورت حجم 50 میلی لیتر,https://www.khanoumi.com/products/my-hydrating-vitamin-e-cream-16936,خیلی نرم میکنه هم واسه صورت و هم دست استفاده کردم عالی بود,0,false,2024-11-18T08:34:08.9305952+00:00,مثبت,0.79,محصول,محصول
کرم مرطوب کننده صورت مدل آکنه لاین,https://www.khanoumi.com/products/my-acneline-cream-16937,"پوستم چربه،مرطوب کننده ی خوبیه یه کوچولو چرب میکنه 
اما جوش نمیزنم باهاش",2,true,2020-09-12T23:20:55+00:00,مثبت,0.67,محصول,محصول
کرم مرطوب کننده صورت مدل آکنه لاین,https://www.khanoumi.com/products/my-acneline-cream-16937,من پوستم چربه و مستعد جوش با نظر های کاربران محترم خریدمش ولی نتونستم استفاده کنم چون بعد از استفاده یه حس چرب بودن و سنگینی به پوست میده برق هم میوفته روی پوست ,6,true,2019-04-29T13:15:48.2566667+00:00,خنثی,0.35,محصول,محصول
کرم مرطوب کننده صورت مدل آکنه لاین,https://www.khanoumi.com/products/my-acneline-cream-16937,به شکل عجیبی سریع جذب شد.من خیلی چربه پوستم ولی اصلا چرب نشد و تا چند ساعت هم مرطوب کرد صورتمو بچه ها توصیه میکنم ,12,true,2018-11-29T21:37:38.62+00:00,مثبت,0.67,محصول | اصل بودن کالا,محصول
کرم مرطوب کننده صورت مدل آکنه لاین,https://www.khanoumi.com/products/my-acneline-cream-16937,من از سال 89 از این کرم به عنوان مرطوب کننده استفاده میکنم  و توی این مدت جوشهام خیلی کم شد. اگه پوست حساس مستعد جوش دارید این بهترین گزینه ست.,9,true,2018-10-02T11:23:35.3166667+00:00,مثبت,0.67,محصول,محصول
کرم مرطوب کننده صورت مدل آکنه لاین,https://www.khanoumi.com/products/my-acneline-cream-16937,من که تا حالا خیلی راضی بودم. جوش‌هام رو نسبتا کم کرده و صورت رو dewy میکنه که ترند شده.,2,false,2018-08-19T23:35:50.1633333+00:00,مثبت,0.67,محصول,محصول
کرم مرطوب کننده صورت مدل آکنه لاین,https://www.khanoumi.com/products/my-acneline-cream-16937,به هیچ وجه راضی نیستم. ظاهر پوست رو خیلی براق و روغنی میکنه و چربی کرم کاملن روی پوست حس میشه.,2,true,2018-02-10T11:50:37.9366667+00:00,منفی,0.67,محصول,محصول
کرم مرطوب کننده صورت مدل آکنه لاین,https://www.khanoumi.com/products/my-acneline-cream-16937,براى پوست هاى چرب كم آب عاليه,1,false,2017-11-19T16:24:31.6466667+00:00,مثبت,0.79,محصول,محصول
کرم مرطوب کننده صورت مدل آکنه لاین,https://www.khanoumi.com/products/my-acneline-cream-16937,اصلا خوب نیستش، از موقعی که دارم استفاده ش می کنم تولید چربی پوست صورتم بیشتر شده!,4,true,2017-11-07T21:36:03.5666667+00:00,منفی,0.79,محصول | اصل بودن کالا,اصل بودن کالا
کرم مرطوب کننده پوست حجم 50 میلی لیتر,https://www.khanoumi.com/products/my-vita-rich-cream-16938,این کرم رو مادرم داره، ی چندبار ازش استفاده کردم دیدم که نه، واقعا خیلی خوبه، دیگه ازش گرفتمو الان خودم دارم میزنم، من پوستم چربه و خیلی دهیدراته شده بود هرچی میزدم میسوخت، الان بعد از چهار پنج روز استفاده پوستم هیدراته شده و دیگه اصلا سوزش و خشکی نداره,0,false,2026-04-17T23:07:35.8385663+03:30,مثبت,0.95,محصول | اصل بودن کالا,محصول
کرم مرطوب کننده پوست حجم 50 میلی لیتر,https://www.khanoumi.com/products/my-vita-rich-cream-16938,عالیه عالی . پوست صورت من خیلی خشکه و جوش هم زیاد میزدم . از وقتی اینو میزنم هم جوش خیییلی کم میزنم هم دوستم مرطوبه اصلا خیلی حس خوبی به پوست میده . هیالورونیک اسید توشه خیلی خوبه,0,false,2026-03-15T00:28:41.7053985+03:30,مثبت,0.95,محصول | اصل بودن کالا,محصول
کرم مرطوب کننده پوست حجم 50 میلی لیتر,https://www.khanoumi.com/products/my-vita-rich-cream-16938,خوبه قابل قبوله,0,true,2026-01-16T15:34:13.9113497+03:30,مثبت,0.79,محصول,محصول
کرم مرطوب کننده پوست حجم 50 میلی لیتر,https://www.khanoumi.com/products/my-vita-rich-cream-16938,"قدرت نرم کنندگیش خیلی خوبههههه 
داروخانه ها خیلی گرون تر میدن",0,true,2025-12-11T15:50:55.9841347+03:30,مثبت,0.91,قیمت,قیمت
کرم مرطوب کننده پوست حجم 50 میلی لیتر,https://www.khanoumi.com/products/my-vita-rich-cream-16938,به عنوان مرطوب کننده دست گرفتم و خیلی خوبه...زود جذب میشه و اصلا چرب نیست,0,true,2024-11-07T21:37:38.4283465+00:00,مثبت,0.79,اصل بودن کالا,اصل بودن کالا
کرم مرطوب کننده پوست حجم 50 میلی لیتر,https://www.khanoumi.com/products/my-vita-rich-cream-16938,من واسه دست گرفتم فک میکردم با توجه به خشکی پوستم محصول خوبی باشه اما بعد زدنش دستام دونه دونه قرمز در میاد,0,true,2024-10-30T15:00:51.3525153+00:00,مثبت,0.67,محصول,محصول
کرم مرطوب کننده پوست حجم 50 میلی لیتر,https://www.khanoumi.com/products/my-vita-rich-cream-16938,بی نظیر ترین محصولی بود که تا به حال استفاده کردم اصلا هم چرب نمیکنه قبلا از مرطوب کننده نارگیل شون استفاده میکردم شدیدا پوست صورتم رو میسوزوند و چرب میکرد ولی این اصلا اینطوری نیست عالیه,0,true,2024-08-03T20:04:59+00:00,منفی,0.79,محصول | اصل بودن کالا,اصل بودن کالا
کرم مرطوب کننده پوست حجم 50 میلی لیتر,https://www.khanoumi.com/products/my-vita-rich-cream-16938,خود کرم که عالیه ولی جعبه ی پاره برای من ارسال شده بود,0,true,2023-12-24T08:58:22+00:00,مثبت,0.79,محصول | تحویل و ارسال,محصول
کرم مرطوب کننده پوست حجم 50 میلی لیتر,https://www.khanoumi.com/products/my-vita-rich-cream-16938,"این کرمواقعا پوست به شدت خشک من رو نجات داد 
ابرسانی عالی داره در عین حالی که چرب نیست ولی پوست رو نرم هم میکنه ولی اگر انتظار چربی زیاد از کرم رو دارید این کرم اینجوری نیست خیلی سبک و ابرسانه بیشتر",1,false,2023-08-11T01:22:31+00:00,مثبت,0.67,محصول,محصول
کرم مرطوب کننده پوست حجم 50 میلی لیتر,https://www.khanoumi.com/products/my-vita-rich-cream-16938,یک مرطوب کننده بسیار عالی با قیمت خیلی مناسب . پیشنهاد میکنم بخرید چون سایت بسیار معتبریه و بسته بندی فوق العاده ای داره,0,true,2023-08-04T03:29:37+00:00,مثبت,0.95,تحویل و ارسال | قیمت,تحویل و ارسال
کرم مرطوب کننده پوست حجم 50 میلی لیتر,https://www.khanoumi.com/products/my-vita-rich-cream-16938,پوست من خیلی خشکه چون به خاطر کارم زیاد میشورم، این مرطوب کننده با کمترین مقدار بیشترین اثر رو داره عالیه,1,true,2023-07-14T11:17:25+00:00,مثبت,0.79,محصول,محصول
کرم مرطوب کننده پوست حجم 50 میلی لیتر,https://www.khanoumi.com/products/my-vita-rich-cream-16938,خاصیت مرطوب کنندگی بالایی داره و بعد از دو روز استفاده پوست کاملا نرم میشه. بوی خیلی خوبی هم داره و از همه نظر عالیه ,3,true,2023-05-20T15:36:02+00:00,مثبت,0.95,محصول,محصول
کرم مرطوب کننده پوست حجم 50 میلی لیتر,https://www.khanoumi.com/products/my-vita-rich-cream-16938,من پوستم خیلی خشکه، حتی اگزما پلک هم داشتم، هر کرمی که فکر کنید از خارجی و ایرانی،. بسیار گرون استفاده کردم، یه روز رفتم داروخانه اینو بهم داد اولش تردید کردم گفتم مای؟؟؟ ولی با یه بار استفاده حال پوستم ازین رو به اون رو شد، خودمم باورم نمیشه، انقد خوشحالم که نگو,1,false,2023-05-14T19:25:01+00:00,خنثی,0.35,محصول | قیمت,محصول
کرم مرطوب کننده پوست حجم 50 میلی لیتر,https://www.khanoumi.com/products/my-vita-rich-cream-16938,مرطوب کنندگی خوبی داره ولی بعد از چندین بار استفاده باعث جوش توی صورتم شد ,0,true,2023-01-26T22:25:35+00:00,مثبت,0.67,سایر,سایر
کرم مرطوب کننده پوست حجم 50 میلی لیتر,https://www.khanoumi.com/products/my-vita-rich-cream-16938,اگر پوست دست شما هم مثل من جنس خشکی داره و خیلی روز هم زبر میشه، شک نکنید که این محصول می تونه به شما کمک بزرگی بکنه. بافت کرم مای خیلی نرم و سبک بود. روز جذب پوستم شد و به راحتی و خیلی سریع پوستم رو مرطوب و آبرسانی کرد. پوستم با استفاده از این کرم مرطوب شد و برای مدت زمان طولانی هم مرطوب باقی موند. قیمت مناسب و کیفیت بسیار خوب این کرم باعث میشه که من مجدد این محصول رو از خانومی خریداری کنم . پیشنهاد می کنم شما هم خریداری کنید.,5,false,2022-10-11T09:32:52+00:00,مثبت,0.79,محصول | قیمت,محصول
کرم مرطوب کننده پوست حجم 50 میلی لیتر,https://www.khanoumi.com/products/my-vita-rich-cream-16938,برای دست خوبه اما صورت نه.چربیش روی پوست میمونه,4,true,2021-06-25T01:11:04+00:00,مثبت,0.79,محصول,محصول
کرم مرطوب کننده پوست حجم 50 میلی لیتر,https://www.khanoumi.com/products/my-vita-rich-cream-16938,عالیه,4,false,2021-06-20T11:52:32+00:00,مثبت,0.79,سایر,سایر
کرم مرطوب کننده پوست حجم 50 میلی لیتر,https://www.khanoumi.com/products/my-vita-rich-cream-16938,برای دست عالیه و خیلی هم خوش بوعه,2,false,2020-07-16T05:45:20+00:00,مثبت,0.79,محصول,محصول
کرم مرطوب کننده پوست حجم 50 میلی لیتر,https://www.khanoumi.com/products/my-vita-rich-cream-16938,لطفا نظر مرا منتشر کنید,1,false,2020-02-26T13:13:18+00:00,خنثی,0.35,سایر,سایر
کرم مرطوب کننده پوست حجم 50 میلی لیتر,https://www.khanoumi.com/products/my-vita-rich-cream-16938,اصلا چرب نیست سبکه و زود جذب میشه و آبرسانی خوبی داره من که خیلی دوسش دارم ,2,true,2020-02-26T10:12:03+00:00,خنثی,0.35,اصل بودن کالا,اصل بودن کالا
کرم مرطوب کننده پوست حجم 50 میلی لیتر,https://www.khanoumi.com/products/my-vita-rich-cream-16938,به نظرم کرم خیلی خوبیه خاصیت ابرسانی و مرطوب کنندگی خوبی داره,1,false,2020-01-15T11:01:56+00:00,مثبت,0.91,محصول,محصول
کرم مرطوب کننده پوست حجم 50 میلی لیتر,https://www.khanoumi.com/products/my-vita-rich-cream-16938,من استفاده کردم عااالی بود ولی بوی خوبی نداره ,8,true,2017-12-04T12:10:29.0933333+00:00,منفی,0.67,محصول,محصول
کرم دور چشم سه کاره حاوی روغن جوجوبا حجم 15 میلی لیتر,https://www.khanoumi.com/products/my-eye-contour-cream-16939,"من یه دوره از این محصول استفاده کردم ، البته این به نظر من و با توجه به تایپ پوستیه منه که نتیجه خاصی ازش نگرفتم ولی احساس کشش پوستو بعد از شستشوی صورت از بین می‌بره 
 برای از بین رفتن تیرگی و خطوط پیشنهاد نمیکنم ولی برای مرطوب کردن خوبه،
 بد نیست",0,false,2026-08-28T00:18:34.2483231+03:30,منفی,0.79,محصول,محصول
کرم دور چشم سه کاره حاوی روغن جوجوبا حجم 15 میلی لیتر,https://www.khanoumi.com/products/my-eye-contour-cream-16939,برای روشن کردن چشم نگرفتم فقط یرای قبل کانسیلر مرطوب کنندگی خوبی داره,0,true,2026-08-08T13:02:56.9412098+03:30,مثبت,0.67,سایر,سایر
کرم دور چشم سه کاره حاوی روغن جوجوبا حجم 15 میلی لیتر,https://www.khanoumi.com/products/my-eye-contour-cream-16939,من راضی بودم,0,false,2026-05-27T13:29:57.4101596+03:30,مثبت,0.67,محصول,محصول
کرم دور چشم سه کاره حاوی روغن جوجوبا حجم 15 میلی لیتر,https://www.khanoumi.com/products/my-eye-contour-cream-16939,تاثیر خاصی نداشت,0,true,2026-04-27T20:00:48.4185639+03:30,خنثی,0.35,سایر,سایر
کرم دور چشم سه کاره حاوی روغن جوجوبا حجم 15 میلی لیتر,https://www.khanoumi.com/products/my-eye-contour-cream-16939,آخه 5 درصد هم شد تخفیف خب لطفا یه تخفیف بیشتر بزنید روش,0,false,2025-02-24T18:57:07.6287146+00:00,خنثی,0.35,قیمت,قیمت
کرم دور چشم سه کاره حاوی روغن جوجوبا حجم 15 میلی لیتر,https://www.khanoumi.com/products/my-eye-contour-cream-16939,دقیقا. بعد از تنها دو سه بار استفاده از این کرم، پوست زیر چشمم دچار حساسیت و التهاب و قرمزی شد. کلا همه محصولاتی که بار آخر خریداری کردم راضی نبودم و حساسیت زا بودن به شدت برای پوستم. من که دیگه از خانومی خرید نمیکنم. اصلا به فکر سلامت مردم نیستین,0,true,2024-07-29T12:21:19+00:00,منفی,0.79,محصول | اصل بودن کالا,اصل بودن کالا
کرم دور چشم سه کاره حاوی روغن جوجوبا حجم 15 میلی لیتر,https://www.khanoumi.com/products/my-eye-contour-cream-16939,کلا 3روز استفادش کردم چشمام به شدت متورم وقرمز شد و حساسیت پیدا کردم به این کرم ,0,true,2024-05-18T16:35:05+00:00,خنثی,0.35,محصول,محصول
کرم دور چشم سه کاره حاوی روغن جوجوبا حجم 15 میلی لیتر,https://www.khanoumi.com/products/my-eye-contour-cream-16939,موجود کنید,0,false,2024-05-17T13:30:13+00:00,خنثی,0.35,محصول,محصول
کرم دور چشم سه کاره حاوی روغن جوجوبا حجم 15 میلی لیتر,https://www.khanoumi.com/products/my-eye-contour-cream-16939,ببینید به نظر من علت تیرگی دورچشم ب خاطر خشکی و کم ابی پوست دورچشم هست اگه تیرگی دارید یه ابرسان برا دورچشم تون بگیرید کم کم تیرگیه رفع میشه,0,false,2024-04-07T21:18:56+00:00,خنثی,0.35,محصول,محصول
کرم دور چشم سه کاره حاوی روغن جوجوبا حجم 15 میلی لیتر,https://www.khanoumi.com/products/my-eye-contour-cream-16939,معجزه نمیکنه ولی اونطور هم نیست که هیچ اثری نداشته باشه، کمترین اثرش مرطوب کنندگی و در نتیجه رفع چروک و خشکی دور چشم هست و در استفاده بلندمدت هم تا حدودی رفع تیرگی رو انجام میده، البته من روی خطوط پیشانی و خنده هم یک ماهی هست که استفاده میکنم و باتوجه به قیمتش راضی هستم,0,false,2023-02-01T14:03:22+00:00,مثبت,0.67,محصول | قیمت,محصول
کرم دور چشم سه کاره حاوی روغن جوجوبا حجم 15 میلی لیتر,https://www.khanoumi.com/products/my-eye-contour-cream-16939,من بعد دو هفته تاثیرشو دیدم ،تیرگی دور چشمم کم شد، تازه فقط روزی یکبار زدم قبل خواب,3,true,2022-11-25T16:52:24+00:00,خنثی,0.35,سایر,سایر
کرم دور چشم سه کاره حاوی روغن جوجوبا حجم 15 میلی لیتر,https://www.khanoumi.com/products/my-eye-contour-cream-16939,من این کرم زیر چشم و به تازگی از فروشگاه اینترنتی خانومی با قیمت خیلی خوبی خریدم. خیلی ازش استفاده نکردم ولی تو این یک هفته که دارم مرتب ازش زیر چشمم میزنم احساس میکنم خشکی پوستمو برطرف کرده و یه نرمی و لطافتی بهش داده. رطوبتی که به پوست میرسونه باعث میشه پوست دور چشم کمتر چروک بشه در آینده و جلوی چین و چروک و میگیره. چون مدت زیادی نیست که استفاده میکنم هنوز در مورد تیرگی و پف چیزی نمیتونم بگم اما اثرگذاریشو روی خشکی پوست دور چشمم دیدم و حتما بازم ازش استفاده میکنم. بیشتر برای پیشگیری هست و بهتره که به صورت مداوم ازش استفاده بشه.,12,false,2022-07-17T08:34:24+00:00,مثبت,0.79,محصول | قیمت,محصول
کرم دور چشم سه کاره حاوی روغن جوجوبا حجم 15 میلی لیتر,https://www.khanoumi.com/products/my-eye-contour-cream-16939,استفاده میکرد خوب بود,12,false,2020-10-12T23:02:26+00:00,مثبت,0.79,محصول,محصول
کرم دور چشم سه کاره حاوی روغن جوجوبا حجم 15 میلی لیتر,https://www.khanoumi.com/products/my-eye-contour-cream-16939,من یکماه بیشتر استفاده میکنم هیچ تاثیری ندیدم نه در تیرگی نه در مرطوب کنندگی ,8,true,2020-09-10T22:14:21+00:00,خنثی,0.35,سایر,سایر
کرم دور چشم سه کاره حاوی روغن جوجوبا حجم 15 میلی لیتر,https://www.khanoumi.com/products/my-eye-contour-cream-16939,"من از این محصول خیلی راضیم
ولی دقت کنید پوست دور چشم ممکنه پیر تر یا جوون تر از‌سن شناسنامه ای شما باشه
این محصول آبرسانی میکنه و از چروک جلوگیری میکنه
اگه نیاز دارین خطوط دور چشمتون رفع شه یعنی سن پوست دور چشم شما بالای ۳۰ هست و بهتره از برند سی گل استفاده کنید
ولی برای پوست های زیر ۳۰ سال که هدف جلوگیری از چروک و مرطوب کردن و رفع کبودیه انتخاب خیلی خوب و مناسبیه",55,true,2020-08-01T04:27:48+00:00,مثبت,0.95,محصول,محصول
کرم دور چشم سه کاره حاوی روغن جوجوبا حجم 15 میلی لیتر,https://www.khanoumi.com/products/my-eye-contour-cream-16939,عالیه,2,true,2020-05-08T15:05:29+00:00,مثبت,0.79,سایر,سایر
کرم دور چشم سه کاره حاوی روغن جوجوبا حجم 15 میلی لیتر,https://www.khanoumi.com/products/my-eye-contour-cream-16939,من یک ماهه از این محصول استفاده میکنم راضیم,8,true,2019-10-08T10:35:13+00:00,مثبت,0.79,محصول,محصول
کرم دور چشم سه کاره حاوی روغن جوجوبا حجم 15 میلی لیتر,https://www.khanoumi.com/products/my-eye-contour-cream-16939,شانس لطفا,17,false,2019-03-01T02:37:17.5466667+00:00,خنثی,0.35,سایر,سایر
کرم دور چشم سه کاره حاوی روغن جوجوبا حجم 15 میلی لیتر,https://www.khanoumi.com/products/my-eye-contour-cream-16939,من اینو حدود یک ماه دارم استفاده میکنم ما هییییچ تاثیری ندیدم,16,false,2018-07-28T13:37:19.12+00:00,خنثی,0.35,سایر,سایر
کرم دور چشم سه کاره حاوی روغن جوجوبا حجم 15 میلی لیتر,https://www.khanoumi.com/products/my-eye-contour-cream-16939,من راضی بودم. واسه سیاهی دور چشمم عالی عمل کرد تو کمتر از یک هفته زیر چشممو روشن کرد.,25,true,2018-04-16T16:40:41.45+00:00,مثبت,0.79,محصول,محصول
کرم جوان کننده مناسب انواع پوست,https://www.khanoumi.com/products/my-aha-10-cream-16941,سلام کاش توی توضیحات روش مصرف مینوشتین که باید فقط شب مصرف بشه تا نور بهش نخوره اگه کسی ندونه و روز استفاده کنه صورتش بیشتر لک میشه,52,true,2018-01-30T15:29:55.16+00:00,خنثی,0.35,سایر,سایر
کرم گیاهی حاوی عصاره آلوئه ورا حجم 75 میلی لیتر,https://www.khanoumi.com/products/my-aloevera-cream-16942,اولش که استفاده کردم سفت بودنش زد تو ذوقم ولی بعدش دیدم پوستمو خیلی نرم و ابرسانی کرده برای دستای خشک عالیه ولی اصلا نمیشه برای صورت استفاده کرد,0,true,2026-04-05T16:48:26.8351135+03:30,مثبت,0.67,محصول | اصل بودن کالا,محصول
کرم گیاهی حاوی عصاره آلوئه ورا حجم 75 میلی لیتر,https://www.khanoumi.com/products/my-aloevera-cream-16942,من اینو واسه دست گرفته بودم ولی اطراف دهنم خشکی زده بود و قرمز شده بود از این بهش زدم خوب شد,0,true,2026-03-07T19:54:20.2406522+03:30,مثبت,0.67,محصول,محصول
کرم گیاهی حاوی عصاره آلوئه ورا حجم 75 میلی لیتر,https://www.khanoumi.com/products/my-aloevera-cream-16942,پوست من چربه، خیلی راضیم,0,false,2025-12-12T17:05:27.1052894+03:30,مثبت,0.79,محصول,محصول
کرم گیاهی حاوی عصاره آلوئه ورا حجم 75 میلی لیتر,https://www.khanoumi.com/products/my-aloevera-cream-16942,عالی  از همه نظر عالی ..بهداشتی گیاهی اقتصادی,0,false,2025-04-16T23:32:03.5280191+00:00,مثبت,0.79,سایر,سایر
کرم گیاهی حاوی عصاره آلوئه ورا حجم 75 میلی لیتر,https://www.khanoumi.com/products/my-aloevera-cream-16942,کرم خیلی خوبیه ولی غیر پمپیش بهتره,0,true,2025-02-09T13:25:10.3575676+00:00,مثبت,0.79,محصول,محصول
کرم گیاهی حاوی عصاره آلوئه ورا حجم 75 میلی لیتر,https://www.khanoumi.com/products/my-aloevera-cream-16942,عالی ,0,false,2023-06-04T02:16:21+00:00,مثبت,0.67,سایر,سایر
کرم گیاهی حاوی عصاره آلوئه ورا حجم 75 میلی لیتر,https://www.khanoumi.com/products/my-aloevera-cream-16942,پوست دست من حساسه. و توی هوای سرد این حساسیت و خشکی چند برابر میشه. معمولا آلوئه ورا خیلی خوب پوستم رو تسکین میده و به راحتی قرمزی و خارش پوستم رو از بین می بره. اگر پوست حساسی دارید که از آلوئه ورا برای تسکینش استفاده می کنید، این کرم می تونه بهتون کمک بزرگی کنه. با توجه به قیمتش هم گزینه خیلی خوبی برای مصرفه روزانه است.,0,false,2023-01-16T09:30:15+00:00,مثبت,0.95,محصول | قیمت,محصول
کرم گیاهی حاوی عصاره آلوئه ورا حجم 75 میلی لیتر,https://www.khanoumi.com/products/my-aloevera-cream-16942,این کرم رطوبت موردنیاز پوست رو تامین میکنه و در نهایت التهابات پوستی رو کاهش میده. برای افرادی که پوست خشک و دهیدراته دارن گزینه مناسبیه.,0,false,2023-01-16T09:29:39+00:00,خنثی,0.35,محصول,محصول
کرم گیاهی حاوی عصاره آلوئه ورا حجم 75 میلی لیتر,https://www.khanoumi.com/products/my-aloevera-cream-16942,خیلی خوبه من پوستم خشک این محصول خیلی خوب جواب میده بودنداره خیلی خوبه,0,false,2022-11-24T11:06:03+00:00,مثبت,0.79,محصول,محصول
کرم گیاهی حاوی عصاره آلوئه ورا حجم 75 میلی لیتر,https://www.khanoumi.com/products/my-aloevera-cream-16942,کرم معمولی ولی خوبه,3,false,2019-11-29T06:22:22+00:00,مثبت,0.79,محصول,محصول
کرم گیاهی حاوی عصاره آلوئه ورا حجم 75 میلی لیتر,https://www.khanoumi.com/products/my-aloevera-cream-16942,بوی معمولی داره و سرعت جذبش متوسطه،  من برای دستام استفاده میکنم ولی پوست دستای من خشک نیست ,14,true,2018-12-30T13:57:40.35+00:00,خنثی,0.35,محصول,محصول
کرم گیاهی حاوی عصاره جوجوبا حجم 50 میلی لیتر,https://www.khanoumi.com/products/my-jojoba-oil-cream-16943,من و خواهرم وقتی خیلی بچه بودیم از 14 سالگی تا هجده سالگی از این محصول استفاده میکردیم و نرم کننده اش که آبی رنگ ه با ضد آفتاب بدون چربی وایی الان که سی و هشت سال مونه پوست مون عین پوست بچه هاست لطیف و صاف نمی‌دونم تاثیر این ه یا حالا پوست خودمون خوبه ولی این سه محصول کم تاثیر ندارن,0,false,2026-05-18T08:39:03.2952188+03:30,ترکیبی,0.79,محصول,محصول
کرم گیاهی حاوی عصاره جوجوبا حجم 50 میلی لیتر,https://www.khanoumi.com/products/my-jojoba-oil-cream-16943,خوبه,0,true,2025-10-12T18:37:24.268095+03:30,مثبت,0.79,سایر,سایر
کرم گیاهی حاوی عصاره جوجوبا حجم 50 میلی لیتر,https://www.khanoumi.com/products/my-jojoba-oil-cream-16943,خوشبو هست و مرطوب کنندگی خوبی داره پوستو چندین ساعت نرم نگه میداره . یکی از بهترین محصولات مای هست بر خلاف قیمت کمش حجمش از بیشتر محصولات مشابه بیشتره . ,0,true,2024-08-15T00:17:44+00:00,مثبت,0.79,محصول | قیمت,محصول
کرم گیاهی حاوی عصاره جوجوبا حجم 50 میلی لیتر,https://www.khanoumi.com/products/my-jojoba-oil-cream-16943,خیلی خوشبو هست. چرب و سنگین نیست ممنونم از خانومی.,0,true,2024-08-10T17:26:05+00:00,منفی,0.67,محصول,محصول
کرم گیاهی حاوی عصاره جوجوبا حجم 50 میلی لیتر,https://www.khanoumi.com/products/my-jojoba-oil-cream-16943,"کرم سنگینی هست، ماندگاری کمی داره 
بنظرم می تونین با این قیمت از برند های دیگه بگیرین",0,true,2024-06-16T09:58:36+00:00,خنثی,0.35,محصول | قیمت,محصول
کرم گیاهی حاوی عصاره جوجوبا حجم 50 میلی لیتر,https://www.khanoumi.com/products/my-jojoba-oil-cream-16943,اثرش سریع از بین میره، بوی خوبی داره ولی تاثیر کمی داره. برای پوست خشک دست من مناسب نبود.,0,false,2023-09-25T14:42:55+00:00,مثبت,0.67,محصول,محصول
کرم گیاهی حاوی عصاره جوجوبا حجم 50 میلی لیتر,https://www.khanoumi.com/products/my-jojoba-oil-cream-16943,از این محصول راضی هستم و باز هم شارژش میکنم,0,true,2023-08-09T21:24:30+00:00,مثبت,0.67,محصول,محصول
کرم گیاهی حاوی عصاره جوجوبا حجم 50 میلی لیتر,https://www.khanoumi.com/products/my-jojoba-oil-cream-16943,هم خاصیت نرم کنندگی خوبی داره و هم اثر ضد التهابی خیلی بالا. از خریدم واقعا راضی بودم ,0,true,2023-05-26T14:28:15+00:00,مثبت,0.79,محصول,محصول
کرم گیاهی حاوی عصاره جوجوبا حجم 50 میلی لیتر,https://www.khanoumi.com/products/my-jojoba-oil-cream-16943,"خیلی کرم خوبیه
من پیشنهادش میکنم
من برای صورتم استفاده میکنم
هرکرم دیگه استفاده میکردم جوش میزدم،ولی این عالی بود",3,true,2021-07-22T14:08:03+00:00,مثبت,0.95,محصول,محصول
کرم گیاهی حاوی عصاره جوجوبا حجم 50 میلی لیتر,https://www.khanoumi.com/products/my-jojoba-oil-cream-16943,عالیه پوست دستمو نرم کرده  زود جذب میشه,15,true,2018-01-17T11:54:01.4266667+00:00,مثبت,0.79,محصول,محصول
کرم گیاهی حاوی عصاره جوجوبا حجم 150 میلی لیتر,https://www.khanoumi.com/products/my-jojoba-oil-cream-16944,به دستم رسید استفاده کردم چربی متوسط داره بوش هم متوسطه راضیم,0,true,2026-07-09T11:51:03.1925975+03:30,مثبت,0.79,محصول | تحویل و ارسال,محصول
کرم گیاهی حاوی عصاره جوجوبا حجم 150 میلی لیتر,https://www.khanoumi.com/products/my-jojoba-oil-cream-16944,خیلی عالیه من طبق نظرسنجی ها  برای پوست خشک دستم خریدم پوست دستم خیلی خیلی خشکه و هیچ کرمی روش جواب نمیده اما این عالی بود تا اخر شب پوست دستم رو نرم نگه میداره. یکی هم برای مادرم خریدم ایشون هم میگن بعد غز مدتها بالاخره یه کرم خوب پیدا کردم فقط امیدوارم مثل محصولات دیگه خراب نشه و همچنان خوب بمونه,0,true,2026-06-28T13:09:39.5403209+03:30,مثبت,0.95,محصول,محصول
کرم گیاهی حاوی عصاره جوجوبا حجم 150 میلی لیتر,https://www.khanoumi.com/products/my-jojoba-oil-cream-16944,هم بوی خوبی داره هم نرم میکنه پوست دست رو,0,true,2026-06-12T15:21:39.9366304+03:30,مثبت,0.67,محصول,محصول
کرم گیاهی حاوی عصاره جوجوبا حجم 150 میلی لیتر,https://www.khanoumi.com/products/my-jojoba-oil-cream-16944,"من برای مادرم تهیه کردم
خیلی خیلی راضیه میگه بوی خوبی داره و نرم کنندگیش عالیه",0,true,2026-05-19T00:12:49.6152034+03:30,مثبت,0.95,محصول,محصول
کرم گیاهی حاوی عصاره جوجوبا حجم 150 میلی لیتر,https://www.khanoumi.com/products/my-jojoba-oil-cream-16944,راضی‌کنندس,0,false,2026-04-16T16:26:07.9739843+03:30,مثبت,0.67,سایر,سایر
کرم گیاهی حاوی عصاره جوجوبا حجم 150 میلی لیتر,https://www.khanoumi.com/products/my-jojoba-oil-cream-16944,واقعا کرم خوب و موثریه و به شدت ارزش خرید داره.,0,false,2026-03-15T19:21:23.4583457+03:30,مثبت,0.79,محصول | قیمت,محصول
کرم گیاهی حاوی عصاره جوجوبا حجم 150 میلی لیتر,https://www.khanoumi.com/products/my-jojoba-oil-cream-16944,کرم خوبیه و به راحتی جذب میشه ، بوی خوبی هم داره.,0,true,2026-03-13T15:39:43.0377495+03:30,مثبت,0.79,محصول,محصول
کرم گیاهی حاوی عصاره جوجوبا حجم 150 میلی لیتر,https://www.khanoumi.com/products/my-jojoba-oil-cream-16944,بوش عالیه دستو هم نرم میکنه,0,true,2026-02-14T17:41:07.90922+03:30,مثبت,0.79,محصول,محصول
کرم گیاهی حاوی عصاره جوجوبا حجم 150 میلی لیتر,https://www.khanoumi.com/products/my-jojoba-oil-cream-16944,عالیه پسرم بخاطر سرما دستش زخم میشه این کرم برای پوستش عالی بود دست نرم و لطیف می کنه,0,true,2026-01-06T16:42:56.2599034+03:30,مثبت,0.95,محصول,محصول
کرم گیاهی حاوی عصاره جوجوبا حجم 150 میلی لیتر,https://www.khanoumi.com/products/my-jojoba-oil-cream-16944,عالیه,0,false,2025-12-17T21:04:58.8353634+03:30,مثبت,0.79,سایر,سایر
کرم گیاهی حاوی عصاره جوجوبا حجم 150 میلی لیتر,https://www.khanoumi.com/products/my-jojoba-oil-cream-16944,از کامان و شون خیلی بهتره,0,true,2025-05-19T19:34:34.0320749+00:00,خنثی,0.35,سایر,سایر
کرم گیاهی حاوی عصاره جوجوبا حجم 150 میلی لیتر,https://www.khanoumi.com/products/my-jojoba-oil-cream-16944,کرم سبک و خوبیه و حجمش هم کم نیست.,0,true,2025-03-08T08:51:13.3316106+00:00,مثبت,0.67,محصول,محصول
کرم گیاهی حاوی عصاره جوجوبا حجم 150 میلی لیتر,https://www.khanoumi.com/products/my-jojoba-oil-cream-16944,خیلی کرم خوبیهههه,0,true,2024-08-27T08:12:27+00:00,مثبت,0.67,محصول,محصول
کرم گیاهی حاوی عصاره جوجوبا حجم 150 میلی لیتر,https://www.khanoumi.com/products/my-jojoba-oil-cream-16944,خوبه,0,false,2024-08-05T10:35:17+00:00,مثبت,0.79,سایر,سایر
کرم گیاهی حاوی عصاره جوجوبا حجم 150 میلی لیتر,https://www.khanoumi.com/products/my-jojoba-oil-cream-16944,خوب بود,0,true,2024-07-27T09:39:42+00:00,مثبت,0.79,محصول,محصول
کرم گیاهی حاوی عصاره جوجوبا حجم 150 میلی لیتر,https://www.khanoumi.com/products/my-jojoba-oil-cream-16944,خیلی کرم خوبیه,0,false,2024-06-01T13:42:05+00:00,مثبت,0.67,محصول,محصول
کرم گیاهی حاوی عصاره جوجوبا حجم 150 میلی لیتر,https://www.khanoumi.com/products/my-jojoba-oil-cream-16944,واقعا عالیه حتما میشنهاد میکنم,0,true,2024-04-05T01:02:57+00:00,مثبت,0.79,سایر,سایر
کرم گیاهی حاوی عصاره جوجوبا حجم 150 میلی لیتر,https://www.khanoumi.com/products/my-jojoba-oil-cream-16944,دو هیچ از بقیه کرما جلو تره هم بوی خوبی داره هم نرمکنندگی ,0,true,2024-01-08T12:09:14+00:00,مثبت,0.67,محصول,محصول
کرم گیاهی حاوی عصاره جوجوبا حجم 150 میلی لیتر,https://www.khanoumi.com/products/my-jojoba-oil-cream-16944,خیلی خوب بود ,0,true,2023-11-28T19:49:11+00:00,مثبت,0.91,محصول,محصول
کرم گیاهی حاوی عصاره جوجوبا حجم 150 میلی لیتر,https://www.khanoumi.com/products/my-jojoba-oil-cream-16944,کرم سبک باخاصیت رطوبت دهی و روشن کنندگی،به پوست من که خوب میشینه ،توصیه میکنم,0,true,2023-10-27T15:54:26+00:00,مثبت,0.91,محصول,محصول
کرم گیاهی حاوی عصاره جوجوبا حجم 150 میلی لیتر,https://www.khanoumi.com/products/my-jojoba-oil-cream-16944,سال هاست از این کرم استفاده میکنم ....برای مرطوب نگه داشتن پوست بسیار عالی هستش و بوی خوبی داره ,0,true,2023-07-11T14:35:17+00:00,مثبت,0.79,محصول,محصول
کرم گیاهی حاوی عصاره جوجوبا حجم 150 میلی لیتر,https://www.khanoumi.com/products/my-jojoba-oil-cream-16944,این کرم عالیه منم راضیم ,0,true,2023-05-27T09:06:13+00:00,مثبت,0.95,محصول,محصول
کرم گیاهی حاوی عصاره جوجوبا حجم 150 میلی لیتر,https://www.khanoumi.com/products/my-jojoba-oil-cream-16944,کرم خوب و خوش بویی هست. اما ای کاش پارابن و لانولین نداشت. اون موقع عالی میشد.,0,false,2023-05-05T13:06:29+00:00,مثبت,0.79,محصول,محصول
کرم گیاهی حاوی عصاره جوجوبا حجم 150 میلی لیتر,https://www.khanoumi.com/products/my-jojoba-oil-cream-16944,این کرم خیلی عالیه بوی خیلی خوبی داره. من به دستام میزنم نرم و لطیف میکنه. خیلی راضیم بازم سفارش میدم. میزان چربیش خیلی اندازه است نه زیاد نه کم به نظرم یکی از بهترین کرمهایی هست که تا حالا خریدم,1,true,2023-04-29T16:40:44+00:00,مثبت,0.95,محصول,محصول
کرم گیاهی حاوی عصاره جوجوبا حجم 150 میلی لیتر,https://www.khanoumi.com/products/my-jojoba-oil-cream-16944,بافت سبکی داره و بعد استفاده احساس سنگینی یا چربی بیش از حد نمی کنید. بعد استفاده پوستتون رو نرم میکنه بهتره روزی چند بار ازش استفاده کنید. ,0,false,2022-12-20T09:19:32+00:00,خنثی,0.35,محصول,محصول
کرم گیاهی حاوی عصاره جوجوبا حجم 150 میلی لیتر,https://www.khanoumi.com/products/my-jojoba-oil-cream-16944,من به بوی کرم حساسیت داشتم. اما این کرم اصلا مشکلی ایجاد نکرد. بافت نرمش خیلی راحت روی پوستم کشیده شد و پوست دستم رو برای مدت زمان طولانی نرم و مرطوب نگهداشت. با توجه به قیمت و حجمی که داره به عنوان یک کرم معمولی و روزانه پیشنهاد می کنم حتما استفاده کنید. عالیه.,2,true,2022-12-18T10:52:30+00:00,مثبت,0.95,محصول | اصل بودن کالا | قیمت,محصول
کرم گیاهی حاوی عصاره جوجوبا حجم 150 میلی لیتر,https://www.khanoumi.com/products/my-jojoba-oil-cream-16944,عالیهههه مخصوصا توی تخفیف، بافت نصبتا محکمی داره، برای الان که زمستونه خسابی پوست منو از خشکی در اورده، بافت کرم یه طوریه که همه فکر میکنن فقط برای دسته، اما من به پوست صورتم هم زدم، اگه پوست مستعد جوش ندارید برای پوستت تون هم استفاده کنید، خیلی خوشبو هستش، دستامو هم حسابی نرم کرد، توی خرید های بعدیم قطعا به سبد خریدم اصافه میکنم، من با قیمت 24 تومن خریدم که واقعا ارزش داره,5,true,2022-12-01T23:04:24+00:00,ترکیبی,0.79,محصول | قیمت,محصول
کرم گیاهی حاوی عصاره جوجوبا حجم 150 میلی لیتر,https://www.khanoumi.com/products/my-jojoba-oil-cream-16944,این محصول عالیه سه ساله من دارم استفاده میکنم بی نظیره.عطر نداره خیلی نرم لطیف میکنه.,1,false,2022-11-19T15:43:02+00:00,مثبت,0.79,محصول,محصول
کرم گیاهی حاوی عصاره جوجوبا حجم 150 میلی لیتر,https://www.khanoumi.com/products/my-jojoba-oil-cream-16944,این محصول عاااالیه من خیلی ازش راضی هستم پوست رو نرم و شاداب می‌کنه و چربی روی صورت باقی نمی‌ذاره ,5,true,2020-07-31T16:27:30+00:00,مثبت,0.67,محصول,محصول
کرم گیاهی حاوی عصاره جوجوبا حجم 150 میلی لیتر,https://www.khanoumi.com/products/my-jojoba-oil-cream-16944,عالیه.,7,false,2018-02-27T10:42:08.1266667+00:00,مثبت,0.79,سایر,سایر
کرم گیاهی حاوی عصاره آلوئه ورا حجم 200 میلی لیتر,https://www.khanoumi.com/products/my-aloevera-cream-16945,عالی نیست ولی نسبت به قیمتش خوبه بدک نیست بیشتر به درد دست و پا میخوره تا صورت,0,false,2026-04-24T20:15:36.4321569+03:30,منفی,0.79,قیمت,قیمت
کرم گیاهی حاوی عصاره آلوئه ورا حجم 200 میلی لیتر,https://www.khanoumi.com/products/my-aloevera-cream-16945,تاریخش تا406,0,true,2026-04-05T16:20:23.6333833+03:30,خنثی,0.35,سایر,سایر
کرم گیاهی حاوی عصاره آلوئه ورا حجم 200 میلی لیتر,https://www.khanoumi.com/products/my-aloevera-cream-16945,کرم خوبیه,0,true,2026-03-15T09:27:57.4997523+03:30,مثبت,0.67,محصول,محصول
کرم گیاهی حاوی عصاره آلوئه ورا حجم 200 میلی لیتر,https://www.khanoumi.com/products/my-aloevera-cream-16945,من دو بار از این کرم سفارش دادم خیلی خوبه,0,true,2025-03-06T14:14:50.1615294+00:00,مثبت,0.91,محصول,محصول
کرم گیاهی حاوی عصاره آلوئه ورا حجم 200 میلی لیتر,https://www.khanoumi.com/products/my-aloevera-cream-16945,"من هرشب این کرم رو میزنم به دستام خیلی نرم و لطیف میکنه بوی خیلی خوبی داره. خیلی راضیم.
بازم سفارش میدم. ",1,true,2023-04-29T16:44:06+00:00,مثبت,0.95,محصول,محصول
کرم گیاهی حاوی عصاره آلوئه ورا حجم 200 میلی لیتر,https://www.khanoumi.com/products/my-aloevera-cream-16945,من این محصولو خیلی اتفاقی خریدم و اصلا فکر نمیکردم انقد خوب باشه.من از روی ناچاری این کرم رو برای زیرسازی آرایشم استفاده کردم و انقدددد خوب بود که فکرشم نمیکردم!!پوست من مختلطه و خیلی عالی بود.برای پوست دستمم استفاده میکنم،اول یه مقداری سنگینه و حس چربیِ زیاد رو القا میکنه ولی بعد یمدت کوتاه جذب پوست میشه.من بازم شارژ میکنم این محصولو.,1,false,2023-04-14T12:57:23+00:00,مثبت,0.95,محصول | اصل بودن کالا,محصول
کرم گیاهی حاوی عصاره آلوئه ورا حجم 200 میلی لیتر,https://www.khanoumi.com/products/my-aloevera-cream-16945,کرم خوبیه ازش راضی بودم پوست و لطیف میکنه,2,true,2022-12-06T14:27:14+00:00,مثبت,0.79,محصول,محصول
کرم گیاهی حاوی عصاره آلوئه ورا حجم 200 میلی لیتر,https://www.khanoumi.com/products/my-aloevera-cream-16945,"این کرم عالیه عالی پوست من خیلی خشک .اولش چرب میکنه اما سریع جذب میشه بی نظیره تو محصولات ایرانی.
چندین ساله من دارم استفاده میکنم",3,false,2022-11-19T15:44:52+00:00,مثبت,0.91,محصول,محصول
کرم گیاهی حاوی عصاره آلوئه ورا حجم 200 میلی لیتر,https://www.khanoumi.com/products/my-aloevera-cream-16945,وقتی میزنی چرب میکنه ولی بعدش جذب میشه ,0,true,2022-03-23T14:24:27+00:00,خنثی,0.35,سایر,سایر
کرم گیاهی حاوی عصاره آلوئه ورا حجم 200 میلی لیتر,https://www.khanoumi.com/products/my-aloevera-cream-16945, خیلی خوب عالیییی,0,true,2022-02-07T16:58:13+00:00,مثبت,0.91,سایر,سایر
کرم گیاهی حاوی عصاره آلوئه ورا حجم 200 میلی لیتر,https://www.khanoumi.com/products/my-aloevera-cream-16945,خیلی بد...,8,true,2017-10-07T21:58:34.3066667+00:00,منفی,0.67,سایر,سایر
کرم ضد چروک صورت حاوی ویتامین E,https://www.khanoumi.com/products/my-anti-wrinkle-cream-16946,کرم خوبیه بوی خوبی هم داره چروک های پوست رو از بین میبره باعث میشه پوست شما نرم بشه,0,false,2023-08-01T09:06:36+00:00,مثبت,0.79,محصول,محصول
کرم ضد چروک صورت حاوی ویتامین E,https://www.khanoumi.com/products/my-anti-wrinkle-cream-16946,کسی استفاده کرده ؟راضی بوده؟,48,false,2018-12-06T12:46:08.1666667+00:00,مثبت,0.67,محصول,محصول
کرم ضد چروک دور چشم مدل Eye Contour حجم 15 میلی لیتر,https://www.khanoumi.com/products/my-anti-wrinkle-cream-16947,من بيشتر از يكماهه استفاده ميكنم اصلا روي چروكها هيچ تاثيري نداشته فقط سياهي دور چشم رو كمتر كرده!!,7,true,2019-07-17T22:58:11.0433333+00:00,مثبت,0.67,اصل بودن کالا,اصل بودن کالا
کرم ضد چروک دور چشم مدل Eye Contour حجم 15 میلی لیتر,https://www.khanoumi.com/products/my-anti-wrinkle-cream-16947,یه هفته ست دارم استفاده می کنم من که تغییری ندیدم حالا شاید باید زمان بیشتر بگذره...! ,3,true,2019-04-30T14:27:08.5+00:00,خنثی,0.35,سایر,سایر
کرم ضد چروک دور چشم مدل Eye Contour حجم 15 میلی لیتر,https://www.khanoumi.com/products/my-anti-wrinkle-cream-16947,سلام منم تیرگی دارم یعنی خوبه بخرم؟,5,false,2019-01-24T11:54:23.1233333+00:00,مثبت,0.79,سایر,سایر
کرم ضد چروک دور چشم مدل Eye Contour حجم 15 میلی لیتر,https://www.khanoumi.com/products/my-anti-wrinkle-cream-16947,تا الان بیشتر روی تیرگی تاثیر داشته و روی پف زیر چشمم تاثیری حس نکردم,4,false,2018-12-15T10:05:40.9666667+00:00,خنثی,0.35,سایر,سایر
کرم ضد چروک دور چشم مدل Eye Contour حجم 15 میلی لیتر,https://www.khanoumi.com/products/my-anti-wrinkle-cream-16947,من واقعا راضی بودم ,3,true,2018-12-10T17:16:19.1+00:00,مثبت,0.67,محصول,محصول
کرم ضد چروک دور چشم مدل Eye Contour حجم 15 میلی لیتر,https://www.khanoumi.com/products/my-anti-wrinkle-cream-16947,من از اين دور چشم ١ هفتست كه استفاده مى كنم و واقعا عاليه و من نتيجشو تو همين مدت تا حدودى ديدم 🌟,26,false,2017-09-09T13:08:56.2366667+00:00,مثبت,0.79,سایر,سایر
پاک کننده آرایش چشم دو فاز حجم 150 میلی لیتر,https://www.khanoumi.com/products/my-eye-makeup-remover-16948,من سالهاست ازش استفاده میکنم. پاک کنندگی خوبی داره ولی خیلی گرون شده!,0,true,2026-08-06T09:29:47.4001738+03:30,مثبت,0.67,قیمت,قیمت
پاک کننده آرایش چشم دو فاز حجم 150 میلی لیتر,https://www.khanoumi.com/products/my-eye-makeup-remover-16948,"من دومین باره ک میخرمش
دوسش دارم",0,true,2026-07-07T04:38:21.5890889+03:30,خنثی,0.35,سایر,سایر
پاک کننده آرایش چشم دو فاز حجم 150 میلی لیتر,https://www.khanoumi.com/products/my-eye-makeup-remover-16948,"خیلی خوبه و من چندین بار شارژش کردم و نسبت به بقیه آرایش پاک کن های چشمی بهتره اصلا چشم رو اذیت نمیکنه
یکم حالت چرب کنندگی داره که به نظرم برای جلوگیری از خشکی پوست دور چشم خوبه",0,true,2026-06-29T00:14:33.4688121+03:30,مثبت,0.95,محصول | اصل بودن کالا,محصول
پاک کننده آرایش چشم دو فاز حجم 150 میلی لیتر,https://www.khanoumi.com/products/my-eye-makeup-remover-16948,اصلا راضی نبودم پاک کنندگی خیلی پایین و ضعیفی داره و خیلی چربه و اصلا ارایش چشم و پاک که نمبکنه سیاه ترم میکنه اصلا پیشنهاد نمیدم,0,false,2026-05-27T23:42:40.5328685+03:30,منفی,0.79,اصل بودن کالا | محصول,اصل بودن کالا
پاک کننده آرایش چشم دو فاز حجم 150 میلی لیتر,https://www.khanoumi.com/products/my-eye-makeup-remover-16948,بهترینه,0,true,2026-05-01T03:41:05.6521716+03:30,مثبت,0.67,سایر,سایر
پاک کننده آرایش چشم دو فاز حجم 150 میلی لیتر,https://www.khanoumi.com/products/my-eye-makeup-remover-16948,بسیار کیفیتش پایین اومده و زیر چشم را سیاه میکنه و چربیش بسیار زیاد شده. افتضاح افتضاح. برای اینکه براشون سود کنه از مواد بی کیفیت استفاده میکنن.  دیگه اصلا نمیخرم,0,true,2026-04-07T11:21:20.5832149+03:30,منفی,0.95,محصول | اصل بودن کالا,اصل بودن کالا
پاک کننده آرایش چشم دو فاز حجم 150 میلی لیتر,https://www.khanoumi.com/products/my-eye-makeup-remover-16948,این محصول تمام مژه هاتونو میریزونه,0,false,2026-04-01T21:38:04.1944674+03:30,خنثی,0.35,محصول,محصول
پاک کننده آرایش چشم دو فاز حجم 150 میلی لیتر,https://www.khanoumi.com/products/my-eye-makeup-remover-16948,پاک کنندگی عالی و تنها چشم پاک کنی که حساسیت چشمی برای من ایجاد نکرده سالهاست مشتری این محصولم و وقتی کمبود میشه همه جا فقط دنبال این برندم. هر محصول مشابه حتی خارجی و گران هم استفاده کردم به چشمم حساسیت داده فقط از این چشم پاک کن راضی بودم.,0,true,2026-02-11T18:53:22.6486943+03:30,مثبت,0.79,محصول | قیمت,محصول
پاک کننده آرایش چشم دو فاز حجم 150 میلی لیتر,https://www.khanoumi.com/products/my-eye-makeup-remover-16948,خیلی راضیم واقعا ارایش چشم کامل پاک میکنه بدون کثیف کاری,0,true,2026-02-02T13:57:30.9693471+03:30,ترکیبی,0.74,سایر,سایر
پاک کننده آرایش چشم دو فاز حجم 150 میلی لیتر,https://www.khanoumi.com/products/my-eye-makeup-remover-16948,خیلی‌ خوب بود به راحتی پاک میشه راضی بودم,0,true,2026-01-28T17:28:19.5232691+03:30,مثبت,0.95,محصول,محصول
پاک کننده آرایش چشم دو فاز حجم 150 میلی لیتر,https://www.khanoumi.com/products/my-eye-makeup-remover-16948,عالی هست,0,true,2026-01-07T22:41:09.011004+03:30,مثبت,0.67,سایر,سایر
پاک کننده آرایش چشم دو فاز حجم 150 میلی لیتر,https://www.khanoumi.com/products/my-eye-makeup-remover-16948,من خیلی راضیم سالهاست دارم استفاده می کنم . هم تمیز میکنه و هم چشمم رو نمی سوزونه,0,true,2025-05-12T07:34:50.2952987+00:00,مثبت,0.79,سایر,سایر
پاک کننده آرایش چشم دو فاز حجم 150 میلی لیتر,https://www.khanoumi.com/products/my-eye-makeup-remover-16948,"این محصول قدمت چند ده ساله داره قبل اینکه میسلارواتر و پاک کننده دوفاز مد بشه وجود داشته.. تعجب میکنم از کسایی که میگن خوب نبوده یا پاک  کنندگی نداشته ، شاید جنس فیک رسیده دستتون
هم آرایش چشم هم لب رو به راحتی وخوبی پاک مییکنه چون برپایه روغن وآبه ،عالیه اصلا شک نکنید تو خریدش .. حجمش نسبت به قیمتش عالیه ،نه چشم رو میسوزونه نه حساسیت میده",0,true,2024-12-31T14:35:19.8277378+00:00,مثبت,0.95,محصول | اصل بودن کالا | تحویل و ارسال | قیمت,محصول
پاک کننده آرایش چشم دو فاز حجم 150 میلی لیتر,https://www.khanoumi.com/products/my-eye-makeup-remover-16948,اصلا قوی نیست,0,true,2024-11-29T19:15:15.9732682+00:00,منفی,0.67,اصل بودن کالا,اصل بودن کالا
پاک کننده آرایش چشم دو فاز حجم 150 میلی لیتر,https://www.khanoumi.com/products/my-eye-makeup-remover-16948,من اصلا ازش راضی نبودم خیلی بد پاک می کنه ارایش‌,0,true,2024-11-28T18:59:56.2785835+00:00,مثبت,0.67,محصول | اصل بودن کالا,محصول
پاک کننده آرایش چشم دو فاز حجم 150 میلی لیتر,https://www.khanoumi.com/products/my-eye-makeup-remover-16948,عالیه من واقعا راضی ام,0,true,2024-09-08T15:28:06+00:00,مثبت,0.95,سایر,سایر
پاک کننده آرایش چشم دو فاز حجم 150 میلی لیتر,https://www.khanoumi.com/products/my-eye-makeup-remover-16948,"محصول خوبیه من توصیه میکنم 
",0,true,2024-08-23T21:42:07+00:00,مثبت,0.91,محصول,محصول
پاک کننده آرایش چشم دو فاز حجم 150 میلی لیتر,https://www.khanoumi.com/products/my-eye-makeup-remover-16948,روغنیه که واسه ارایش چشم خیلی خوبه دورچشم خشک نمیشه اما برا پاک کردن ارایش صورت ضعیفه,0,true,2024-08-21T20:39:37+00:00,ترکیبی,0.87,سایر,سایر
پاک کننده آرایش چشم دو فاز حجم 150 میلی لیتر,https://www.khanoumi.com/products/my-eye-makeup-remover-16948,4 ستاره میدم ب خاطر پکیج این محصول که بد طراحی شده ولی از نظر پاک کنندگی خوب بود خیلی عمیق پاک نمیکنه ملایمه و روغنی هم هست از این بابت عالیه,0,true,2024-07-11T13:32:19+00:00,ترکیبی,0.92,محصول,محصول
پاک کننده آرایش چشم دو فاز حجم 150 میلی لیتر,https://www.khanoumi.com/products/my-eye-makeup-remover-16948,به شدت راضیم ازش،خیلی خوب ارایش چشمو پاک میکنه,0,true,2024-07-03T02:25:08+00:00,مثبت,0.95,محصول,محصول
پاک کننده آرایش چشم دو فاز حجم 150 میلی لیتر,https://www.khanoumi.com/products/my-eye-makeup-remover-16948,من چندین بار تهیه کردم . راضیم . چربیش خوبه و راحت پاک می کنه . چشم را نمی سوزونه .ولی بعدش با صابون مخصوص پاک کننده  صورت ، می شورم چون چربیش زیاد می مونه ,0,true,2024-06-24T11:30:27+00:00,مثبت,0.95,محصول,محصول
پاک کننده آرایش چشم دو فاز حجم 150 میلی لیتر,https://www.khanoumi.com/products/my-eye-makeup-remover-16948,تو خریدن این محصول شک نکنید. یه ریمل داشتم خیلی سیریش بود. حتی با اب و صابون هم پاک نمیشد. زیر چشممو سیاه میکرد. اما این محصول با یه حرکت پاکش میکنه. پوست چشمت هم خشک نمیشه,0,true,2024-06-24T00:49:08+00:00,خنثی,0.35,محصول,محصول
پاک کننده آرایش چشم دو فاز حجم 150 میلی لیتر,https://www.khanoumi.com/products/my-eye-makeup-remover-16948,خیلی خوب آرایش رو پاک میکنه . چربه و دور چشم رو خشک نمیکه . سوزش و خارش نمیاره. ریمل دور چشم پخش نمیشه. عالیه,0,true,2024-05-12T18:45:51+00:00,خنثی,0.35,سایر,سایر
پاک کننده آرایش چشم دو فاز حجم 150 میلی لیتر,https://www.khanoumi.com/products/my-eye-makeup-remover-16948,خیلی خوبه، حالت چربی داره و باعث خشک و کشیده شدن پوست دور چشم نمیشه,0,true,2024-03-21T16:24:43+00:00,مثبت,0.91,محصول,محصول
پاک کننده آرایش چشم دو فاز حجم 150 میلی لیتر,https://www.khanoumi.com/products/my-eye-makeup-remover-16948,واقعا میشه گفت در حد جنس خارجی کیفیتش خوبه ، خیلی راحت پاک میکنه اصلا هم چشم رو نمی سوزونه,0,false,2024-01-31T15:12:57+00:00,مثبت,0.91,محصول | اصل بودن کالا,محصول
پاک کننده آرایش چشم دو فاز حجم 150 میلی لیتر,https://www.khanoumi.com/products/my-eye-makeup-remover-16948,قبلا خیلی عالی بود الان ضعیف شده بنظرم ,0,false,2024-01-05T13:41:23+00:00,ترکیبی,0.74,محصول,محصول
پاک کننده آرایش چشم دو فاز حجم 150 میلی لیتر,https://www.khanoumi.com/products/my-eye-makeup-remover-16948,از این محصول چندین سال هست استفاده میکنم و خیلی راضیم,0,true,2024-01-05T11:34:18+00:00,مثبت,0.79,محصول,محصول
پاک کننده آرایش چشم دو فاز حجم 150 میلی لیتر,https://www.khanoumi.com/products/my-eye-makeup-remover-16948,چند بار استفاده کردم خوبه قشنگ پاک میکنه فقط درش چیزی نداره امکان ریختنش زیاده,0,true,2023-11-28T12:45:53+00:00,مثبت,0.79,سایر,سایر
پاک کننده آرایش چشم دو فاز حجم 150 میلی لیتر,https://www.khanoumi.com/products/my-eye-makeup-remover-16948,خوبه،چندساله فقط همینو میگیرم،برندهای دیگم استفاده کردم ولی از این راضی ترم,5,true,2022-08-02T13:10:45+00:00,مثبت,0.91,سایر,سایر
پاک کننده آرایش چشم دو فاز حجم 150 میلی لیتر,https://www.khanoumi.com/products/my-eye-makeup-remover-16948,"درکل میسلار بدی نیست، فقط باید توجه داشته باشید که اول با پد تمیز چشماتون رو پاک کنید بعد صورتتون رو 
چون اگر اول صورت رو پاک کنید کرم پودر و ... باعث میشه تا چشم سوزش داشته باشه.",3,false,2022-04-24T13:55:39+00:00,مثبت,0.67,محصول,محصول
پاک کننده آرایش چشم دو فاز حجم 150 میلی لیتر,https://www.khanoumi.com/products/my-eye-makeup-remover-16948,پاك كنندگي بسيار ضعيف(من قبلا بيودرما استفاده ميكردم با يك بار پدگذاشتن كاملا تميز ميكرد)اما اين اصن خوب نيس تنها خوبيش اينه كه چشم رو نميسوزونه ,1,true,2021-07-11T19:46:54+00:00,ترکیبی,0.79,سایر,سایر
پاک کننده آرایش چشم دو فاز حجم 150 میلی لیتر,https://www.khanoumi.com/products/my-eye-makeup-remover-16948,من چشمای حساس دارم اما این محصول اصلا چشامو نمی سوزونه و خیلی خوب ریمل ضد آب و خط چشممو پاک می کنه.,10,true,2020-08-09T21:03:26+00:00,مثبت,0.67,محصول | اصل بودن کالا,محصول
پاک کننده آرایش چشم دو فاز حجم 150 میلی لیتر,https://www.khanoumi.com/products/my-eye-makeup-remover-16948,واقعا حرف نداره با یه حرکت که میکشی هم کامل خط چشمم رو پاک میکنه هم نرم میکنه ...حتماامتحانش کنین ,10,false,2020-08-07T09:40:34+00:00,خنثی,0.35,سایر,سایر
پاک کننده آرایش چشم دو فاز حجم 150 میلی لیتر,https://www.khanoumi.com/products/my-eye-makeup-remover-16948,بهترین آرایش پاک کنی که بدون فشار و در عرض چند ثانیه تمیز پاک میکنه واقعا ارزشمنده این کالای ایرانی💙,9,true,2020-04-12T00:49:35+00:00,ترکیبی,0.66,سایر,سایر
پاک کننده آرایش چشم دو فاز حجم 150 میلی لیتر,https://www.khanoumi.com/products/my-eye-makeup-remover-16948,پاک کنندگی خیلی خوبی دارهو چشم رو نمی سوزونه و خشک نمی کنه. حجمش هم خوبه و زود تموم نمیشه و در کل با توجه به قیمت ارزش خرید رو داره.,3,true,2020-02-22T20:48:32+00:00,مثبت,0.95,محصول | قیمت,محصول
پاک کننده آرایش چشم دو فاز حجم 150 میلی لیتر,https://www.khanoumi.com/products/my-eye-makeup-remover-16948,قدرت پاک‌‌کنندگیش خوبه و حتی چشم حساس رو هم نمی‌سوزونه. با مقدار کمی ازش می‌تونین کل چشم رو پاک کنین به خاطر همین داشتنش به صرفه هم هست. مرسی از مای و خانومی. فقط امیدوارم از این گرون‌تر نشه! ,7,false,2019-11-22T19:02:40+00:00,مثبت,0.91,قیمت,قیمت
پاک کننده آرایش چشم دو فاز حجم 150 میلی لیتر,https://www.khanoumi.com/products/my-eye-makeup-remover-16948,خخخیلی خوب پاک میکنخ,7,false,2019-10-21T16:34:16+00:00,مثبت,0.79,سایر,سایر
پاک کننده آرایش چشم دو فاز حجم 150 میلی لیتر,https://www.khanoumi.com/products/my-eye-makeup-remover-16948,نسبت به قيمتش خيلي خوبه با محصولات خارجي برابري ميكنه،ارزش خريد داره واقعا❤️,7,false,2019-10-21T15:06:26+00:00,مثبت,0.95,قیمت | محصول,قیمت
پاک کننده آرایش چشم دو فاز حجم 150 میلی لیتر,https://www.khanoumi.com/products/my-eye-makeup-remover-16948,خوب پاک میکنه اما چشم منو میسوزونه,6,false,2019-02-20T10:43:23.0966667+00:00,مثبت,0.67,سایر,سایر
پاک کننده آرایش چشم دو فاز حجم 150 میلی لیتر,https://www.khanoumi.com/products/my-eye-makeup-remover-16948,شانس لطفا,8,false,2018-05-28T23:21:19.5366667+00:00,خنثی,0.35,سایر,سایر
پاک کننده آرایش چشم دو فاز حجم 150 میلی لیتر,https://www.khanoumi.com/products/my-eye-makeup-remover-16948,خوب بود من راضی هستم,12,true,2018-04-28T19:49:37.3+00:00,مثبت,0.91,محصول,محصول
پاک کننده آرایش چشم دو فاز حجم 150 میلی لیتر,https://www.khanoumi.com/products/my-eye-makeup-remover-16948,خيلي خوب تميز ميكنه تو چند ثانيه،پوستم معموليه اما پوستمو خسك نكرد،كارايه خوبي داره نسبت به قيمتش عاليه,9,true,2018-03-14T23:38:44.8233333+00:00,مثبت,0.95,محصول | قیمت,محصول
پاک کننده آرایش چشم دو فاز حجم 150 میلی لیتر,https://www.khanoumi.com/products/my-eye-makeup-remover-16948,قدرت پاک کنندگیش خیلی خوبه اما پوست دور چشممو خیلی خشک میکنه بعد از مصرف حتما باید کرم دور چشم بزنم٬اما در کل ازش راضی‌م با توجه به قیمتش واقعا ارزش خرید داره,3,false,2018-02-20T14:26:30.75+00:00,مثبت,0.95,محصول | قیمت,محصول
پاک کننده آرایش چشم دو فاز حجم 150 میلی لیتر,https://www.khanoumi.com/products/my-eye-makeup-remover-16948,خیلی خوبه واقعا من همیشه از ایوروشه استفاده میکنم حتی گارنیر و نیوا نظر منو جلب نکرد ولی این با کمتر از نصف قیمت ایوروشه به اندازه اون خوبه ^_^,3,true,2018-01-19T02:15:42.8+00:00,مثبت,0.95,قیمت,قیمت
پاک کننده آرایش چشم دو فاز حجم 150 میلی لیتر,https://www.khanoumi.com/products/my-eye-makeup-remover-16948,من اینو گرفتم اما پلکم حساسیت داد بهش پوست پوست شد خیلی بد شد 😔😔اما پاک کنندگسش خوب بود,2,true,2017-11-19T11:14:50.1066667+00:00,ترکیبی,0.79,محصول,محصول
پاک کننده آرایش چشم دو فاز حجم 150 میلی لیتر,https://www.khanoumi.com/products/my-eye-makeup-remover-16948,عالی بود,6,true,2017-08-10T19:32:37.96+00:00,مثبت,0.79,محصول,محصول
پاک کننده آرایش چشم دو فاز حجم 150 میلی لیتر,https://www.khanoumi.com/products/my-eye-makeup-remover-16948,"عااااااااالی بود 
خیلی خیلی راضی بودم
پیشنهاد میکنم حتمن ازش استفااااااده کنید",8,true,2017-08-10T19:30:48.76+00:00,مثبت,0.91,محصول,محصول
ژل ضد آکنه حجم 15 میلی لیتر,https://www.khanoumi.com/products/my-anti-acne-gel-16949,واقعا عالیه و حیلی سریع اکنه و جای اکنه رو از بین میبره . من واقعا راضیم ,27,true,2019-11-20T09:36:24+00:00,مثبت,0.95,سایر,سایر
سرم مو مناسب موی خشک و آسیب دیده,https://www.khanoumi.com/products/my-hair-serum-16950,لطفا شارژش کنید، من از سال 94 که قیمتش 11 تومان بود استفاده میکنم،،،، و راضی راضی راضی ام،،،، ولی خیلی گرونش کردن,0,false,2024-10-30T12:30:44.5658612+00:00,مثبت,0.95,قیمت | محصول,قیمت
سرم مو مناسب موی خشک و آسیب دیده,https://www.khanoumi.com/products/my-hair-serum-16950,زیاد براق کننده و قوی نیست اما استفاده بشه یه درجه موهارو نرمتر میکنه..اما رقیقه و زود تموم میشه قیمتشم که هی داره میره بالا...,4,false,2019-05-30T23:22:09.3866667+00:00,خنثی,0.35,محصول | قیمت,محصول
سرم مو مناسب موی خشک و آسیب دیده,https://www.khanoumi.com/products/my-hair-serum-16950,واسه قبل سشوار خوبه ,4,false,2019-03-11T23:04:15.2033333+00:00,مثبت,0.79,سایر,سایر
سرم مو مناسب موی خشک و آسیب دیده,https://www.khanoumi.com/products/my-hair-serum-16950,من واقعا از این سرم راضی بودم، بعد از حمام که یکم نم موهام گرفته میشه میزنم . خیلی خوبه، سشوار کشیذن رو راحت میکنه، موهارو نرم میکنه و یکمم برق میندازه. اما تعجب میکنم که قیمتش یهو چهار پنج تومن گرون شد!!,16,true,2018-06-17T12:22:08.5233333+00:00,مثبت,0.95,محصول | قیمت,محصول
سرم مو مناسب موی خشک و آسیب دیده,https://www.khanoumi.com/products/my-hair-serum-16950,به مزخرف گفته بروکنارمن هستم البته من خودم نخریدم هدیه مای بوداما جواب مصرفمم منفیه,3,false,2018-03-09T19:58:16.6866667+00:00,خنثی,0.35,محصول,محصول
شیر پاک کن حاوی عصاره جوجوبا مناسب انواع پوست,https://www.khanoumi.com/products/my-cleansing-milk-16951,خوبه اما عالی نه! برای آرایش چشم اصلا خوب نیست . کرم پودر هم کامل با یک بار پاک نمیشه.,0,false,2021-01-01T10:26:39+00:00,مثبت,0.67,محصول | اصل بودن کالا,محصول
شیر پاک کن حاوی عصاره جوجوبا مناسب انواع پوست,https://www.khanoumi.com/products/my-cleansing-milk-16951,اصلا خوب نیست من از محصولات مای زیاد استفاده میکنم اما از این محصول خیلی ناراضی بودم یه حالت کرمی داره که وقتی میزنی به صورت حتی با شستشو هم سخت میره بوش بد نیست ولی پاکنندگی خوبی نداره ,1,true,2020-09-11T10:41:38+00:00,منفی,0.79,محصول | اصل بودن کالا,اصل بودن کالا
شیر پاک کن حاوی عصاره جوجوبا مناسب انواع پوست,https://www.khanoumi.com/products/my-cleansing-milk-16951,خوبه اما پاک کننده دوفازش فوق العادس,4,true,2020-01-25T21:57:50+00:00,مثبت,0.79,سایر,سایر
شیر پاک کن حاوی عصاره جوجوبا مناسب انواع پوست,https://www.khanoumi.com/products/my-cleansing-milk-16951,راضیم ازش .😊,2,true,2019-11-19T15:31:56+00:00,مثبت,0.79,سایر,سایر
شیر پاک کن حاوی عصاره جوجوبا مناسب انواع پوست,https://www.khanoumi.com/products/my-cleansing-milk-16951,خوب بود .راضی بودم ازش ,4,true,2019-02-24T11:14:03.5766667+00:00,مثبت,0.91,محصول,محصول
شیر پاک کن حاوی عصاره جوجوبا مناسب انواع پوست,https://www.khanoumi.com/products/my-cleansing-milk-16951,من راضی م البته قبل از شست و شو بازم کرم پودر گوشه های صورتم هست، بوی خوبی داره و پوست من بهش حساسیت نشون نداد... برا چشم استفاده از شیرپاک کن سخته ولی ریمل رو خوب حل میکنه، تا حالا باهاش خط چشم و سایه پاک نکردم ,4,true,2018-12-30T13:59:47.9633333+00:00,مثبت,0.91,محصول,محصول
شیر پاک کن حاوی عصاره جوجوبا مناسب انواع پوست,https://www.khanoumi.com/products/my-cleansing-milk-16951,"خیلی خوبه 
خوشبو و آرایشو راحت و عمقی پاک میکنه
البته من برای آرایش چشم ازش استفاده نمیکنم
نسبت به قیمتش خیلی می ارزه",7,true,2018-09-04T01:37:09.09+00:00,مثبت,0.91,محصول | قیمت,محصول
تونیک گیاهی موی سر و ابرو حجم 100 میلی لیتر,https://www.khanoumi.com/products/my-hair-revival-tonic-16952,برای موهام گرفتم ، خیلی تاثیر داشت واقعا ، از وقتی میزنم پر تر شده .,0,false,2026-03-14T22:02:16.9951536+03:30,خنثی,0.35,محصول,محصول
تونیک گیاهی موی سر و ابرو حجم 100 میلی لیتر,https://www.khanoumi.com/products/my-hair-revival-tonic-16952,من چند ماهه از این محصول استفاده میکنم خیلی عالیه نسبت به تونیک سینره هم حجمش دو برابره  هم قیمتش کمتره,1,true,2020-05-15T03:49:47+00:00,مثبت,0.79,محصول | قیمت,محصول
تونیک گیاهی موی سر و ابرو حجم 100 میلی لیتر,https://www.khanoumi.com/products/my-hair-revival-tonic-16952,من برای رشد ابروهام گرفتم ولی اصلا نتیجه نداد اشتباه کردم باید تقویت ابروی سریتا میگرفتم,6,false,2020-04-22T14:40:00+00:00,مثبت,0.67,محصول | اصل بودن کالا,محصول
تونیک گیاهی موی سر و ابرو حجم 100 میلی لیتر,https://www.khanoumi.com/products/my-hair-revival-tonic-16952,من از این محصول استفاده کردم و راستش تا الان نتیجه ی خاصی ازش ندیدم:|,11,false,2019-06-03T18:56:37.6+00:00,خنثی,0.35,محصول,محصول
فوم شستشو صورت مدل آکنه لاین حجم 150 میلی لیتر,https://www.khanoumi.com/products/my-foaming-cleanser-16953,من پوستم خیلی چربه و ازش خیلی راضی ام،پوستمو کامل تمیز میکنه اصلا باهاش جوش نزدم و چربی پوستمو کنترل میکنه,3,true,2020-09-12T22:20:05+00:00,مثبت,0.91,محصول | اصل بودن کالا,محصول
فوم شستشو صورت مدل آکنه لاین حجم 150 میلی لیتر,https://www.khanoumi.com/products/my-foaming-cleanser-16953,براي پوست جوش دار و چرب بي نظيره ,8,true,2020-04-21T16:16:09+00:00,خنثی,0.35,محصول,محصول
فوم شستشو صورت مدل آکنه لاین حجم 150 میلی لیتر,https://www.khanoumi.com/products/my-foaming-cleanser-16953,"خیلی عالیه
من پوست خیلی چربی داشتم که بعد از مدت کوتاهی استفاده، دیگه نرمال شده و جوش نمیزنم",9,false,2019-12-08T03:34:25+00:00,مثبت,0.79,محصول,محصول
فوم شستشو صورت مدل آکنه لاین حجم 150 میلی لیتر,https://www.khanoumi.com/products/my-foaming-cleanser-16953,من هم برای شستشوی جوش های صورت و بدنم استفاده می کنم هم به عنوان پاک کننده ی آرایش بعضی اوقات و راضی هستم.,11,false,2019-08-18T04:37:55.2466667+00:00,ترکیبی,0.66,سایر,سایر
فوم شستشو صورت مدل آکنه لاین حجم 150 میلی لیتر,https://www.khanoumi.com/products/my-foaming-cleanser-16953,یکی از بهترین فوم های شستشوی صورت داخلی هست.من خیلی برندهای مختلف خارجی و گرونتر استفاده کردم ولی این جزو بهترین هاست.چربی صورت رو کنترل میکنه و برای کسی که مثل من پوستش مختلط هست گزینه ی خوبیه.بهتره بعدش مرطوب کننده استفاده بشه.به عنوان پاک کننده ی آرایش هم میشه استفاده کرد.در کل به قیمتش عالیه,42,false,2019-01-14T22:49:05.57+00:00,مثبت,0.95,قیمت | محصول,قیمت
فوم شستشو صورت مدل آکنه لاین حجم 150 میلی لیتر,https://www.khanoumi.com/products/my-foaming-cleanser-16953,من اصلا راضی نبودم ,35,true,2017-11-07T23:05:50.88+00:00,منفی,0.79,محصول | اصل بودن کالا,اصل بودن کالا
فوم شستشو صورت مدل آکنه لاین حجم 150 میلی لیتر,https://www.khanoumi.com/products/my-foaming-cleanser-16953,پاک کننده خوبیه👌. اصولا محصولات فومی کاربری پربازده تری دارن از محصولات عادی.,45,false,2017-02-14T15:57:57.42+00:00,مثبت,0.67,محصول,محصول
شیر پاک کن فومی مناسب انواع پوست,https://www.khanoumi.com/products/my-cleansing-milk-16954,خیلی خوبه این شیر پاک کن مای یه لطافت خاصی به پوست میده و اصلا هم چرب نمیکنه پوست رو،بوی خوبیم داره😍حسابی راضیم ازش,2,true,2019-01-08T21:59:49.0066667+00:00,مثبت,0.95,محصول | اصل بودن کالا,محصول
کرم ضد آفتاب بی رنگ با SPF50 مناسب پوست معمولی تا خشک حجم 50 میلی لیتر,https://www.khanoumi.com/products/my-anti-aging-sunscreen-16956,خانم مقدم عزیز؛ لطفا از بخش خریدهای من به امور مشتریان پیام ارسال بفرمایید تا بررسی و با شما تماس گرفته شود. ,3,false,2019-03-02T17:15:36.0033333+00:00,خنثی,0.35,محصول | تحویل و ارسال | خدمات و پشتیبانی,محصول
کرم ضد آفتاب بی رنگ با SPF50 مناسب پوست معمولی تا خشک حجم 50 میلی لیتر,https://www.khanoumi.com/products/my-anti-aging-sunscreen-16956,لطفا پاسخگو باشید وقتی اشتباه از خودتونه,2,true,2019-03-02T11:28:09.3566667+00:00,خنثی,0.35,خدمات و پشتیبانی,خدمات و پشتیبانی
کرم ضد آفتاب بی رنگ با SPF50 مناسب پوست معمولی تا خشک حجم 50 میلی لیتر,https://www.khanoumi.com/products/my-anti-aging-sunscreen-16956,لطفا جواب بدین میخوام خریدم رو تکمیل کنم ,6,false,2019-03-01T23:53:37.99+00:00,منفی,0.67,سایر,سایر
کرم ضد آفتاب بی رنگ با SPF50 مناسب پوست معمولی تا خشک حجم 50 میلی لیتر,https://www.khanoumi.com/products/my-anti-aging-sunscreen-16956,و برای چه سنی مناسبه؟؟,2,false,2019-03-01T03:06:34.6266667+00:00,خنثی,0.35,سایر,سایر
کرم ضد آفتاب بی رنگ با SPF50 مناسب پوست معمولی تا خشک حجم 50 میلی لیتر,https://www.khanoumi.com/products/my-anti-aging-sunscreen-16956,"اشکال ظاهری در بسته بندی یعنی چی دقیقا؟؟
جعبه اش یا تیوپش؟
میشه جواب بدی خانومی",2,false,2019-03-01T03:05:32.69+00:00,منفی,0.67,تحویل و ارسال,تحویل و ارسال
کرم ضد آفتاب بی رنگ با SPF50 مناسب پوست معمولی تا خشک حجم 50 میلی لیتر,https://www.khanoumi.com/products/my-anti-aging-sunscreen-16956,سلام.روز بخیر.متاسفاته سفارش من اشتباه فرستاده شده و بجای ضدآفتاب بیرنگ ضدآفتاب با رنگ بژ تیره فرستاده شده و به کاره من نمیاد.😒,0,true,2019-02-28T12:26:55.7533333+00:00,منفی,0.67,محصول,محصول
کرم ضد آفتاب بی رنگ با SPF50 مناسب پوست چرب و مختلط حجم 50 میلی لیتر,https://www.khanoumi.com/products/my-anti-aging-sunscreen-16957,خیلی خوبه و من با اینکه پوست چرب دارم این محصول اصلا برق نمیوفته و باعث ماسیدگی کرم پودر نمیشه و پوست رو یه دست میکنه ,0,true,2020-09-04T13:29:23+00:00,مثبت,0.79,محصول | اصل بودن کالا,محصول
کرم ضد آفتاب مناسب پوست خشک و معمولی بی رنگ SPF60 حجم 50 میلی لیتر,https://www.khanoumi.com/products/my-sunscreen-16958,اصلا نخرید چون کلا میماسه و پوست رو مثل مرده نشون میده من فکر کردم کیفیتش مثل ضد آفتاب رنگیش هست ولی خیلی بی کیفیت تره ص,0,false,2026-06-14T11:03:00.4058197+03:30,ترکیبی,0.71,محصول | اصل بودن کالا,محصول
کرم ضد آفتاب مناسب پوست خشک و معمولی بی رنگ SPF60 حجم 50 میلی لیتر,https://www.khanoumi.com/products/my-sunscreen-16958,ابن محصول برای پوست های خشک هست، خیلی طبیعیه چرب باشه!,0,false,2026-04-22T01:38:15.1017946+03:30,خنثی,0.35,محصول,محصول
کرم ضد آفتاب مناسب پوست خشک و معمولی بی رنگ SPF60 حجم 50 میلی لیتر,https://www.khanoumi.com/products/my-sunscreen-16958,اصلا خوب نیست .بی رنگ نیست سفید میکنه .خیلی چرب هست . خیلی سنگین هست .منم بعد اولین بار استفاده دست ها و صورتم رو شستم,0,true,2026-04-01T13:14:23.6827239+03:30,منفی,0.79,محصول | اصل بودن کالا,اصل بودن کالا
کرم ضد آفتاب مناسب پوست خشک و معمولی بی رنگ SPF60 حجم 50 میلی لیتر,https://www.khanoumi.com/products/my-sunscreen-16958,چربه واقعا منم پوستم چربه و این باعث شد احساس کنم انگار پوستم نمی تونه نفس بکشه. و یکی دیگه اینکه گفتن بی رنگ ولی بی رنگ نیست به شدت صورت رو سفید میکنه من چون خودمم پوستم سفیده عین مرده ها شدم.,0,true,2025-03-24T13:41:12.3362941+00:00,خنثی,0.35,محصول,محصول
کرم ضد آفتاب مناسب پوست خشک و معمولی بی رنگ SPF60 حجم 50 میلی لیتر,https://www.khanoumi.com/products/my-sunscreen-16958,"تعریف انچنانی نداره..رنگشم مصنوعیه.خیلی سنگینه و چرب میشه اگه پوستتون چربه اصلا مناسبتون نیست حتی اگر خشکم هست بازم مناسبتون نیست.جوش زا 
گزینه های بهتری هست",0,false,2025-03-07T10:10:33.2168509+00:00,مثبت,0.67,محصول | اصل بودن کالا,محصول
کرم ضد آفتاب مناسب پوست خشک و معمولی بی رنگ SPF60 حجم 50 میلی لیتر,https://www.khanoumi.com/products/my-sunscreen-16958,بی رنگ نیست، رنگ سفید خیلی مصنوعی میندازه و بافتشم تقریبا سنگینه,0,true,2025-01-24T11:47:18.8731383+00:00,خنثی,0.35,محصول,محصول
کرم ضد آفتاب مناسب پوست خشک و معمولی بی رنگ SPF60 حجم 50 میلی لیتر,https://www.khanoumi.com/products/my-sunscreen-16958,چون نوشته بود بی رنگ برای دستهایم گرفتم ولی به حدی سفید میکنه که دفعه اول که استفاده کردم مجبور شدم دستهامو بشورم,0,true,2024-08-18T15:46:54+00:00,خنثی,0.35,محصول,محصول
کرم ضد آفتاب مناسب پوست خشک و معمولی بی رنگ SPF60 حجم 50 میلی لیتر,https://www.khanoumi.com/products/my-sunscreen-16958,خیلی سنگین و چربه. بنظرم بیشتر مناسبه بدن باشه تا صورت. سفیدیهاش روی صورت میماسه شبیه زینک اوکساید,0,true,2024-08-17T11:26:01+00:00,منفی,0.67,سایر,سایر
کرم ضد آفتاب مناسب پوست خشک و معمولی بی رنگ SPF60 حجم 50 میلی لیتر,https://www.khanoumi.com/products/my-sunscreen-16958,عالیه,0,true,2024-06-03T21:11:35+00:00,مثبت,0.79,سایر,سایر
کرم ضد آفتاب مناسب پوست خشک و معمولی بی رنگ SPF60 حجم 50 میلی لیتر,https://www.khanoumi.com/products/my-sunscreen-16958,از نظر کیفیت خوبه ولی خیلی سفید مصنوعی میکنه، مثل زینک اکساید.,0,true,2024-04-27T20:28:09+00:00,مثبت,0.91,محصول,محصول
کرم ضد آفتاب مناسب پوست خشک و معمولی بی رنگ SPF60 حجم 50 میلی لیتر,https://www.khanoumi.com/products/my-sunscreen-16958,"من پوستم خیلی حساسه
در معرض آفتاب که قرار میگیرم سریع پوستم قرمز میشه اما از وقتی از این ضد آفتاب استفاده میکنم اصلا چنین مشکلی برام پیش نمیاد و اینکه سفیدکننده هم هستش",0,true,2024-03-16T21:45:57+00:00,مثبت,0.67,محصول | اصل بودن کالا,محصول
کرم ضد آفتاب مناسب پوست خشک و معمولی بی رنگ SPF60 حجم 50 میلی لیتر,https://www.khanoumi.com/products/my-sunscreen-16958,این کرم فوقالعاده هست من همیشه از بیرون میخریدم این دفعه دیدم خانمی آورده دارم از اینجا میخرم عالیه من از این کرم سال هاست استفاده میکنم حتی برای سیزده بدر صورتم نسوخت و پوست منم خیلی حساسه فقط جاهایی از پوستتون که سریع تر آسیب میبیند بعد چند ساعت دوباره بزنید بهش و این کرم یکم چربه که من اذیت نشدم,13,false,2023-05-21T13:19:33+00:00,مثبت,0.79,محصول,محصول
کرم ضد آفتاب بی رنگ با SPF30 مناسب پوست خشک و معمولی حجم 50 میلی لیتر,https://www.khanoumi.com/products/my-sunscreen-16959,عالی بود,0,true,2025-11-18T21:00:51.1072129+03:30,مثبت,0.79,محصول,محصول
کرم ضد آفتاب بی رنگ با SPF30 مناسب پوست خشک و معمولی حجم 50 میلی لیتر,https://www.khanoumi.com/products/my-sunscreen-16959,خیلی عالی بافت سبکی داره و روی پوست جذب میشه,0,true,2025-11-18T20:59:57.0143689+03:30,مثبت,0.67,محصول,محصول
کرم ضد آفتاب بی رنگ با SPF30 مناسب پوست خشک و معمولی حجم 50 میلی لیتر,https://www.khanoumi.com/products/my-sunscreen-16959,این برا صورت خیلی چربه من چون قیمتش خوبه واسه دست و بدن میخرم خوبه اونطوری سفیدم نمیشه رو دستم اصلا,0,true,2024-04-12T18:06:38+00:00,مثبت,0.95,اصل بودن کالا | قیمت,اصل بودن کالا
کرم ضد آفتاب بی رنگ با SPF30 مناسب پوست خشک و معمولی حجم 50 میلی لیتر,https://www.khanoumi.com/products/my-sunscreen-16959,من استفاده کردم ولی اصلا خوشم نیومد ازش . اصلا نه بدرد پوست خشک میخوره نه استفاده روزانه . بافت کرم خیلی سفته اصلا جذب پوست نمیشه و رنگ صورت رو یک مقدار کم سفید میکنه . حتی برای رقیق شدنش از کرم مرطوب کننده استفاده کردم اما رو صورتم پوسته پوسته شد . ایکاش نمیخریدمش,4,true,2023-03-30T15:47:51+00:00,ترکیبی,0.87,محصول | اصل بودن کالا,محصول
کرم ضد آفتاب بی رنگ با SPF30 مناسب پوست خشک و معمولی حجم 50 میلی لیتر,https://www.khanoumi.com/products/my-sunscreen-16959,"من که زیاد ازش خوشم نیومد چون بعد از استفاده ازش احساس چربی روی پوستم داشتم و اینکه خیلیییی سفیده نمیدونم چرا واقعا و بافت سفتی داره
به نظرم فقط واسه دست خوبه
شاید برای پوستای خشک و کسایی که با سفیدیش مشکلی ندارن خوب باشه 
",9,false,2023-01-20T15:34:02+00:00,مثبت,0.91,محصول,محصول
کرم ضد آفتاب بی رنگ با SPF30 مناسب پوست خشک و معمولی حجم 50 میلی لیتر,https://www.khanoumi.com/products/my-sunscreen-16959, من بعداز استفاده پوستم به شدت قرمز شد و ملتهب ,7,true,2022-02-20T21:57:37+00:00,خنثی,0.35,محصول,محصول
کرم ضد آفتاب بی رنگ با SPF30 مناسب پوست خشک و معمولی حجم 50 میلی لیتر,https://www.khanoumi.com/products/my-sunscreen-16959,سلام این کرم رنگ پوست رو روشن میکنه؟,38,true,2019-01-06T20:21:50.37+00:00,خنثی,0.35,محصول,محصول
کرم ضد آفتاب بی رنگ با SPF30 مناسب پوست خشک و معمولی حجم 50 میلی لیتر,https://www.khanoumi.com/products/my-sunscreen-16959,کسی اینو داشته راجع به رنگش بگه ,25,true,2018-12-03T13:07:18.66+00:00,خنثی,0.35,محصول,محصول
کرم ضد آفتاب بی رنگ با SPF30 مناسب پوست چرب و مختلط حجم 50 میلی لیتر,https://www.khanoumi.com/products/my-sunscreen-16960,روی صورت پیل میشه، جذب نمیشه و به حالت چرب روی صورت باقی میمونه، اگر مقدار زیاد زده بشه روی صورت حالت سفید میگیره و همونجوری میمونه,2,false,2022-03-25T19:23:22+00:00,خنثی,0.35,محصول,محصول
کرم ضد آفتاب بی رنگ با SPF30 مناسب پوست چرب و مختلط حجم 50 میلی لیتر,https://www.khanoumi.com/products/my-sunscreen-16960,من خریدم این محصول و از شما استفاده کردم پوستم به شدت ملتهب شد و قرمز ,1,false,2022-02-20T21:52:10+00:00,خنثی,0.35,محصول,محصول
کرم ضد آفتاب بی رنگ با SPF30 مناسب پوست چرب و مختلط حجم 50 میلی لیتر,https://www.khanoumi.com/products/my-sunscreen-16960,"من ازش خسلی راضیم خیلی سبکه و چرب نمیشه
البته کلا محثولات مای به پوست و موی من میسازه و چند ساله ازش استفاده میکنم مدام
",4,false,2020-10-11T02:54:16+00:00,مثبت,0.79,محصول,محصول
کرم ضد آفتاب بی رنگ با SPF30 مناسب پوست چرب و مختلط حجم 50 میلی لیتر,https://www.khanoumi.com/products/my-sunscreen-16960,من استفاده میکنم عالیه ,3,true,2019-10-07T13:17:04+00:00,مثبت,0.79,سایر,سایر
کرم ضد آفتاب بی رنگ با SPF30 مناسب پوست چرب و مختلط حجم 50 میلی لیتر,https://www.khanoumi.com/products/my-sunscreen-16960,من از خرید این محصول راضیم,3,true,2019-10-05T13:04:45+00:00,مثبت,0.79,محصول,محصول
کرم ضد آفتاب بی رنگ با SPF30 مناسب پوست چرب و مختلط حجم 50 میلی لیتر,https://www.khanoumi.com/products/my-sunscreen-16960,سرکار  خانم roya rafat  عزیز/ باتشکر از حسن  توجه  شما  به  بخش  اطلاعات محصولات سایت، شایان ذکر  است که اطلاعات محصول فوق کاملا  درست می باشد  عکس  آن فقط  مغایرت داشت که  اصلاح شد .,1,false,2018-04-18T10:27:19.59+00:00,مثبت,0.67,محصول | اصل بودن کالا,محصول
کرم ضد آفتاب بی رنگ با SPF30 مناسب پوست چرب و مختلط حجم 50 میلی لیتر,https://www.khanoumi.com/products/my-sunscreen-16960,رو خود محصول زده واسه پوستهاي نرمال و خشك ولي شما گفتيد واسه پوست چربه!!,2,false,2018-04-16T01:16:42.0666667+00:00,خنثی,0.35,محصول,محصول
کرم ضد آفتاب بی رنگ با SPF30 مناسب پوست چرب و مختلط حجم 50 میلی لیتر,https://www.khanoumi.com/products/my-sunscreen-16960,من این مدل تیرشو گرفتم اما واسه من که پوستم گندمیه روشن بود..در ضمن برای موست نن که چربه اصلا مناسب نبود,1,false,2018-03-11T02:31:07.6866667+00:00,منفی,0.67,محصول | اصل بودن کالا,اصل بودن کالا
کرم ضد آفتاب بی رنگ با SPF30 مناسب پوست نرمال تا خشک حجم 50 میلی لیتر,https://www.khanoumi.com/products/my-sunscreen-16961,در یک کلام میتونم بگم افتضاحه. روی پوست که میزنی انقد چسبناکه دلت میخواد همون موقع بری زیر دوش خیلی سنگینه و خیلی سفیده مثل ماست میشه روی پوست اصلا رَوون پخش نمیشه. دوتا خریدم که فقط یکیشو باز کردم و به هیچ دردی نخورد پیشنهاد میکنم یکم پول بیشتر بدید ولی ایرانیم میخرید الی ژن خیلی ازین بهتره,20,true,2019-07-15T19:15:09.9366667+00:00,ترکیبی,0.92,محصول | اصل بودن کالا,محصول
کرم ضد آفتاب بی رنگ با SPF30 مناسب پوست نرمال تا خشک حجم 50 میلی لیتر,https://www.khanoumi.com/products/my-sunscreen-16961,بسته بندی کاغذی محصول دچار مشکل است  ولی محصول کاملا سالم و با تاریخ مصرف مناسب است. ,5,false,2019-04-17T16:49:30.8333333+00:00,خنثی,0.35,تحویل و ارسال | محصول,تحویل و ارسال
کرم ضد آفتاب بی رنگ با SPF30 مناسب پوست نرمال تا خشک حجم 50 میلی لیتر,https://www.khanoumi.com/products/my-sunscreen-16961,"با سلام. ببخشید من یه سوال دارم در رابطه با محصولاتی که مینویسید اشکال ظاهری در بسته بندی. متوجه نمیشم دقیقا منظورتون چیه؟!!
اگ  لطف کنید پاسخ بدید ممنون میشم",8,true,2019-04-13T15:40:06.77+00:00,ترکیبی,0.66,تحویل و ارسال | محصول | خدمات و پشتیبانی,تحویل و ارسال
کرم ضد آفتاب بی رنگ با SPF30 مناسب پوست چرب و جوش دار حجم 50 میلی لیتر,https://www.khanoumi.com/products/my-sunscreen-16962,افتضاحه روی پوست سنگینه و برعکس توضیحات پوست منو چرب تر میکنه و سفیدی مثل گچی به پوست میده بی رنگ نیست,0,false,2020-02-02T13:46:54+00:00,منفی,0.67,محصول,محصول
کرم ضد آفتاب بی رنگ با SPF30 مناسب پوست چرب و جوش دار حجم 50 میلی لیتر,https://www.khanoumi.com/products/my-sunscreen-16962,نسبت به قیمتش می ارزه .,0,true,2020-01-14T10:36:55+00:00,خنثی,0.35,قیمت,قیمت
کرم ضد آفتاب بی رنگ با SPF30 مناسب پوست چرب و جوش دار حجم 50 میلی لیتر,https://www.khanoumi.com/products/my-sunscreen-16962,یکم حس چربی ب پوست میده و حالت سفیدی رو پوست ایجاد میکنه اما بصورت یکدسته ن تیکه تیکه,5,false,2019-05-23T21:51:31.6733333+00:00,خنثی,0.35,محصول,محصول
کرم ضد چروک فاقد چربی دارای اس پی اف 50 با رنگ طبیعی حجم 50 میلی لیتر,https://www.khanoumi.com/products/my-sunscreen-16963,"
ضد افتاب خیلی خوبیه و ماندگاری خوبی داره. فقط این کرم برای کسانی خوبه که پوست چرب دارند که دیگه پوستشون چربی نداشته باشه.محصول خوبیه برای استفاده روزانه بجای کرم پودر چون کاور خوبی داره.",1,false,2022-08-15T08:38:33+00:00,مثبت,0.95,محصول,محصول
کرم ضد چروک فاقد چربی دارای اس پی اف 50 با رنگ طبیعی حجم 50 میلی لیتر,https://www.khanoumi.com/products/my-sunscreen-16963,"Zede aftabe khoobie nesbat b gheymatesh man raziam
",16,false,2019-06-28T10:59:10.91+00:00,خنثی,0.35,سایر,سایر
کرم ضد آفتاب رنگی با SPF60 مناسب پوست چرب و مختلط حجم 50 میلی لیتر,https://www.khanoumi.com/products/my-sunscreen-16964,این کرم به پوست من سازگاره قبلا هم خرید کردم الان موجود نیست میشه موجود کنید,0,true,2025-07-15T07:40:56.849277+00:00,خنثی,0.35,محصول,محصول
کرم ضد آفتاب رنگی با SPF60 مناسب پوست چرب و مختلط حجم 50 میلی لیتر,https://www.khanoumi.com/products/my-sunscreen-16964,قبلا 3 تا خریدم عالیه،الان موجود نیست لطفا موجود کنید تا سبد خریدم رو تکمیل کنم.,0,true,2025-07-14T08:59:03.5163074+00:00,ترکیبی,0.74,محصول,محصول
کرم ضد آفتاب رنگی با SPF60 مناسب پوست چرب و مختلط حجم 50 میلی لیتر,https://www.khanoumi.com/products/my-sunscreen-16964,این محصول رنگیه یا بیرنگ؟؟,0,false,2025-01-29T11:38:57.5768266+00:00,خنثی,0.35,محصول,محصول
کرم ضد آفتاب رنگی با SPF60 مناسب پوست چرب و مختلط حجم 50 میلی لیتر,https://www.khanoumi.com/products/my-sunscreen-16964,خداییش عاااالی,0,true,2024-10-08T20:30:12.7732331+00:00,خنثی,0.35,سایر,سایر
کرم ضد آفتاب رنگی با SPF60 مناسب پوست چرب و مختلط حجم 50 میلی لیتر,https://www.khanoumi.com/products/my-sunscreen-16964,بسیار عالی سبک رنگ خاصی نداره ی کم روشن میکنه خیلی طبیعی ,0,true,2024-06-16T22:12:02+00:00,مثبت,0.67,محصول,محصول
کرم ضد آفتاب رنگی با SPF60 مناسب پوست چرب و مختلط حجم 50 میلی لیتر,https://www.khanoumi.com/products/my-sunscreen-16964,تا خواستم ثبت سفارش بزنم ناموجود شد لطفا موجود کنین,0,false,2024-03-04T09:15:15+00:00,خنثی,0.35,محصول,محصول
کرم ضد آفتاب رنگی با SPF60 مناسب پوست چرب و مختلط حجم 50 میلی لیتر,https://www.khanoumi.com/products/my-sunscreen-16964,این کرم برای پوست من که چرب هست خیلی خوب بود و باعث حس چربی و سنگینی نشد. پوشش دهی متوسطی داره و برای مصرف روزانه مناسبه. کاورش ماته و خیلی روی پوست سبکه. ,3,false,2022-12-24T08:31:59+00:00,مثبت,0.91,محصول,محصول
کرم ضد آفتاب رنگی با SPF60 مناسب پوست چرب و مختلط حجم 50 میلی لیتر,https://www.khanoumi.com/products/my-sunscreen-16964,بد نیس,10,false,2020-09-16T01:37:44+00:00,منفی,0.67,سایر,سایر
کرم ضد آفتاب رنگی با SPF60 مناسب پوست نرمال و خشک حجم 50 میلی لیتر,https://www.khanoumi.com/products/my-sunscreen-16965,من سالهاست استفاده میکنم و‌راضیم کاور خیلی خوبی داره,0,false,2026-04-29T13:08:30.2130167+03:30,مثبت,0.95,سایر,سایر
کرم ضد آفتاب رنگی با SPF60 مناسب پوست نرمال و خشک حجم 50 میلی لیتر,https://www.khanoumi.com/products/my-sunscreen-16965,فوق‌العاده چرب‌سنگین‌رنگ‌گچی‌سفید . ریختم‌آشغال .,0,false,2026-04-13T20:55:32.832487+03:30,مثبت,0.67,محصول,محصول
کرم ضد آفتاب رنگی با SPF60 مناسب پوست نرمال و خشک حجم 50 میلی لیتر,https://www.khanoumi.com/products/my-sunscreen-16965,کاورش بد نیست اما پوست رو خیلی چرب میکنه و من باهاش خیلی جوش زدم و در کل راضی نبودم و پیشنهاد نمیکنم,0,false,2026-03-10T00:28:01.599946+03:30,منفی,0.67,محصول,محصول
کرم ضد آفتاب رنگی با SPF60 مناسب پوست نرمال و خشک حجم 50 میلی لیتر,https://www.khanoumi.com/products/my-sunscreen-16965,اصلاااا خوب‌نیس اصلاااا خیلیی چربه خیلییی میتونین تو تصویر چرب بودنشو ببنین تازه اصلا رنگش ب رنگ منم نمیخوره,0,true,2026-02-15T22:26:37.6149856+03:30,مثبت,0.95,محصول | اصل بودن کالا,محصول
کرم ضد آفتاب رنگی با SPF60 مناسب پوست نرمال و خشک حجم 50 میلی لیتر,https://www.khanoumi.com/products/my-sunscreen-16965,اصلاااااا قشنگگ نیست خیلییییی چربه خیلی چرب,0,true,2026-02-15T22:20:01.8472178+03:30,مثبت,0.67,اصل بودن کالا,اصل بودن کالا
کرم ضد آفتاب رنگی با SPF60 مناسب پوست نرمال و خشک حجم 50 میلی لیتر,https://www.khanoumi.com/products/my-sunscreen-16965,اصلا خوشم نیومد حس کردم پوستم را خشک تر می‌کنه رنگشم دوست نداشتم,0,true,2026-01-22T17:50:48.6538917+03:30,مثبت,0.67,محصول | اصل بودن کالا,محصول
کرم ضد آفتاب رنگی با SPF60 مناسب پوست نرمال و خشک حجم 50 میلی لیتر,https://www.khanoumi.com/products/my-sunscreen-16965,کاورش خوبه فقط کمی سنگینه روی پوست ولی نسبت به قیمتش و درمقایسه با هم قیمتش دارای بیشترین مزایا و محافظت رو داده,0,true,2025-11-10T10:09:28.3201885+03:30,مثبت,0.79,قیمت | محصول,قیمت
کرم ضد آفتاب رنگی با SPF60 مناسب پوست نرمال و خشک حجم 50 میلی لیتر,https://www.khanoumi.com/products/my-sunscreen-16965,بدهست,0,false,2025-06-27T19:10:32.7165266+00:00,منفی,0.79,سایر,سایر
کرم ضد آفتاب رنگی با SPF60 مناسب پوست نرمال و خشک حجم 50 میلی لیتر,https://www.khanoumi.com/products/my-sunscreen-16965,سلام میشه موجود کنید,0,false,2025-02-22T08:07:08.4679652+00:00,خنثی,0.35,محصول,محصول
کرم ضد آفتاب رنگی با SPF60 مناسب پوست نرمال و خشک حجم 50 میلی لیتر,https://www.khanoumi.com/products/my-sunscreen-16965,من نزدیک 10 سال استفاده میکنم عالیه,0,true,2025-02-04T17:19:39.1571786+00:00,مثبت,0.79,سایر,سایر
کرم ضد آفتاب رنگی با SPF60 مناسب پوست نرمال و خشک حجم 50 میلی لیتر,https://www.khanoumi.com/products/my-sunscreen-16965,من دوبار خریدم خیلی عالیه بازم سفارش میدم,0,true,2024-11-22T15:55:46.3993165+00:00,مثبت,0.79,سایر,سایر
کرم ضد آفتاب رنگی با SPF60 مناسب پوست نرمال و خشک حجم 50 میلی لیتر,https://www.khanoumi.com/products/my-sunscreen-16965,تخفیفش کی پنجاه درصد میشه؟,0,false,2024-02-14T12:27:50+00:00,خنثی,0.35,قیمت,قیمت
کرم ضد آفتاب رنگی با SPF60 مناسب پوست نرمال و خشک حجم 50 میلی لیتر,https://www.khanoumi.com/products/my-sunscreen-16965,سلام بچه ها من گرفتم مای spf 60 رو عالیه خیلی راضی هستم دوباره سفارش میدم پوستم سفیده و کاورس عالیه بری نمیندازه اصلا یه دیت میکنه صورتو,0,true,2023-07-03T10:27:06+00:00,خنثی,0.35,محصول | اصل بودن کالا,محصول
کرم ضد آفتاب رنگی با SPF60 مناسب پوست نرمال و خشک حجم 50 میلی لیتر,https://www.khanoumi.com/products/my-sunscreen-16965,اصلااااا خوب نیست چربه برای پوستای خیلی خشک مناسبه بعد از یه مدتی برق میندازه ,1,true,2019-09-28T11:47:48+00:00,خنثی,0.35,محصول | اصل بودن کالا,محصول
کرم ضد آفتاب رنگی با SPF60 مناسب پوست نرمال و خشک حجم 50 میلی لیتر,https://www.khanoumi.com/products/my-sunscreen-16965,سلام من چندین سال است استفاده میکنم عالیه ,8,true,2019-05-08T00:29:37.8133333+00:00,مثبت,0.79,سایر,سایر
کرم ضد آفتاب رنگی با SPF60 مناسب پوست نرمال و خشک حجم 50 میلی لیتر,https://www.khanoumi.com/products/my-sunscreen-16965,مینا عزیز، از بخش خریدهای من به امور مشتریان پیام ارسال بفرمایید تا بررسی شود,2,false,2018-12-04T10:30:21.7633333+00:00,خنثی,0.35,محصول | تحویل و ارسال,محصول
کرم ضد آفتاب رنگی با SPF60 مناسب پوست نرمال و خشک حجم 50 میلی لیتر,https://www.khanoumi.com/products/my-sunscreen-16965,سلام . من این رو سفارش داده بودم خریدام ارسال شده ولی این رو ارسال نکردید. دقیقا 9 ایتم سفارش دادم 8 تا به دستم رسیده,5,true,2018-12-01T12:55:16.0566667+00:00,خنثی,0.35,تحویل و ارسال | محصول,تحویل و ارسال
کرم ضد آفتاب رنگی با SPF30 مناسب پوست معمولی و خشک حجم 50 میلی لیتر,https://www.khanoumi.com/products/my-sunscreen-16966,"خیلی دوسش دارم من روزانه به جای کرم پودر استفاده میکنم رنگش تقریبا شبیه کرم پودر شماره دو گابرینیه 
فقط یه مقدار چربه و بعد یه مدت پوست رو براق میکنه",0,false,2026-02-23T13:20:47.3446637+03:30,خنثی,0.35,محصول,محصول
کرم ضد آفتاب رنگی با SPF30 مناسب پوست معمولی و خشک حجم 50 میلی لیتر,https://www.khanoumi.com/products/my-sunscreen-16966,رنگش تیره نیست؟؟,0,false,2025-08-04T21:39:34.1104641+00:00,خنثی,0.35,محصول,محصول
دئو دورانت رولی مردانه مدل فرش اکت حجم 50 میلی لیتر,https://www.khanoumi.com/products/my-deo-roll-on-16967,تا یه روز جلوی تعریقو میگیره و الکل نداره ، رایحه ش تنده و تلخ ، کلا بد نیست تو رنج قیمتیه خودش ، مرسی از فروشگاه خانومی,1,false,2023-04-17T17:46:46+00:00,مثبت,0.79,قیمت,قیمت
دئو دورانت رولی مردانه مدل پاور لیفت حجم 50 میلی لیتر,https://www.khanoumi.com/products/my-deo-roll-on-16968,حجمش کمه اما کیفیت خوبه .,0,false,2026-04-29T00:10:27.2990227+03:30,مثبت,0.91,محصول,محصول
دئو دورانت رولی مردانه مدل پاور لیفت حجم 50 میلی لیتر,https://www.khanoumi.com/products/my-deo-roll-on-16968,بسیااار خوشبو و ماندگار,0,true,2026-04-23T13:56:18.8926565+03:30,خنثی,0.35,محصول,محصول
دئو دورانت رولی مردانه مدل پاور لیفت حجم 50 میلی لیتر,https://www.khanoumi.com/products/my-deo-roll-on-16968,سلام. آیا آلومینیوم داره؟ ,7,false,2019-06-18T13:15:51.9366667+00:00,خنثی,0.35,سایر,سایر
دئو دورانت رولی زنانه مدل لوتوس حجم 50 میلی لیتر,https://www.khanoumi.com/products/my-deo-roll-on-16969,بوی خوبی داره ولی معمولیه بخوام با یه برندی مثل شون مقایسه اش کنم شون بهتره چون ماندگاری بهتری داره ولی خب من راضیم ازش,0,true,2026-07-31T11:33:56.987637+03:30,مثبت,0.91,محصول,محصول
دئو دورانت رولی زنانه مدل لوتوس حجم 50 میلی لیتر,https://www.khanoumi.com/products/my-deo-roll-on-16969,معمولیه بوی خیییلی کمی داره,0,true,2026-05-27T15:21:22.8316857+03:30,خنثی,0.35,محصول,محصول
دئو دورانت رولی زنانه مدل لوتوس حجم 50 میلی لیتر,https://www.khanoumi.com/products/my-deo-roll-on-16969,عالیه بوی خوبی داره,0,false,2026-03-22T04:36:30.1390713+03:30,مثبت,0.91,محصول,محصول
دئو دورانت رولی زنانه مدل لوتوس حجم 50 میلی لیتر,https://www.khanoumi.com/products/my-deo-roll-on-16969,بو عطری نداره,0,true,2026-02-06T20:00:34.3266651+03:30,خنثی,0.35,محصول,محصول
دئو دورانت رولی زنانه مدل لوتوس حجم 50 میلی لیتر,https://www.khanoumi.com/products/my-deo-roll-on-16969,خیلی خوشبو و بدون الکله ,0,true,2024-09-09T13:58:20+00:00,منفی,0.67,محصول,محصول
دئو دورانت رولی زنانه مدل لوتوس حجم 50 میلی لیتر,https://www.khanoumi.com/products/my-deo-roll-on-16969,بنظرم رول های مای از شون خیلی بهترن بوشم خوب بود ,1,true,2023-08-10T23:42:04+00:00,مثبت,0.79,محصول,محصول
دئو دورانت رولی زنانه مدل لوتوس حجم 50 میلی لیتر,https://www.khanoumi.com/products/my-deo-roll-on-16969,دئودارنت های مای به خاطر رایحه خوبی که دارن معروفن. من این مدلشو به شدت دوس دارم. علاوه بر بوش ماندگاریش هم خوبه.,0,false,2023-03-28T15:05:15+00:00,مثبت,0.91,محصول,محصول
دئو دورانت رولی زنانه مدل لوتوس حجم 50 میلی لیتر,https://www.khanoumi.com/products/my-deo-roll-on-16969,دئودورانت رولی زنانه لوتوس مای به خوبی از تعریق بدن شما جلوگیری کرده و بوی بد نامطبوع آن را از بین می برد. این محصول فاقد الکل است به همین دلیل حساسیتی برروی پوست ایجاد نخواهد کرد. این دئودورانت لکه برروی لباس ایجاد نخواهد کرد و شما می توانید در مراسم های مهم نیز از آن استفاده کنید. ,3,false,2022-11-29T09:05:41+00:00,ترکیبی,0.79,محصول,محصول
دئو دورانت رولی زنانه مدل لوتوس حجم 50 میلی لیتر,https://www.khanoumi.com/products/my-deo-roll-on-16969,عالیه فوق العاده هم خوشبوئه,1,true,2022-06-14T17:28:09+00:00,مثبت,0.91,محصول,محصول
دئو دورانت رولی زنانه مدل لوتوس حجم 50 میلی لیتر,https://www.khanoumi.com/products/my-deo-roll-on-16969,عالی بوشم خیلی خوبه,4,false,2020-08-09T14:30:35+00:00,مثبت,0.95,محصول,محصول
دئو دورانت رولی زنانه مدل جانگل حجم 50 میلی لیتر,https://www.khanoumi.com/products/my-deo-roll-on-16970,"بوش و دوست نداشتم 
بوی عطر عربی میده",0,true,2026-07-25T10:58:14.40575+03:30,خنثی,0.35,محصول,محصول
دئو دورانت رولی زنانه مدل جانگل حجم 50 میلی لیتر,https://www.khanoumi.com/products/my-deo-roll-on-16970,من از بو و ماندگاری 24 ساعته اش راضی بودم,0,false,2026-06-12T11:40:06.4748984+03:30,مثبت,0.67,محصول,محصول
دئو دورانت رولی زنانه مدل جانگل حجم 50 میلی لیتر,https://www.khanoumi.com/products/my-deo-roll-on-16970,به شدت رایحه دلپذیری داره ولی از لحاظ مقدار اومدن روی پوست یکم زیاد اول میاد رو پوست که باید پوستو ماساژ بدیم تا خیسی زیادش از بین بره,0,true,2026-01-03T10:40:39.3123659+03:30,منفی,0.67,محصول,محصول
دئو دورانت رولی زنانه مدل جانگل حجم 50 میلی لیتر,https://www.khanoumi.com/products/my-deo-roll-on-16970,خوب بود ولی عاااالی نبود. متوسط . این محصولات خیلی سلیقه ای هست ولی در کل بد نبود,0,true,2025-11-11T16:06:31.8266105+03:30,مثبت,0.91,محصول,محصول
دئو دورانت رولی زنانه مدل جانگل حجم 50 میلی لیتر,https://www.khanoumi.com/products/my-deo-roll-on-16970,خیلی بوی خاص و ملایمی داره من خیلی دوست داشتم ، بسته بندی بستمم خیلی عالی بود اصن ریخته نشده بود ,0,true,2021-07-27T11:11:58+00:00,مثبت,0.91,محصول | تحویل و ارسال,محصول
دئو دورانت رولی زنانه مدل جانگل حجم 50 میلی لیتر,https://www.khanoumi.com/products/my-deo-roll-on-16970,بوش ی کم تنده ، ولی خوبه من راضیم,4,true,2019-06-26T01:46:00.4866667+00:00,مثبت,0.95,محصول,محصول
دئو دورانت رولی زنانه مدل ویولت حجم 50 میلی لیتر,https://www.khanoumi.com/products/my-deo-roll-on-16971,رایحه وماندگاریش عالیه,0,false,2026-05-29T14:28:34.0556598+03:30,مثبت,0.79,محصول,محصول
دئو دورانت رولی زنانه مدل ویولت حجم 50 میلی لیتر,https://www.khanoumi.com/products/my-deo-roll-on-16971,من اولین بار این رایحه رو گرفتم برخلاف نظرات که گفتن بوش خوبه اصلا خوشبو نیست,0,true,2026-04-16T12:44:55.2198044+03:30,مثبت,0.67,محصول | اصل بودن کالا,محصول
دئو دورانت رولی زنانه مدل ویولت حجم 50 میلی لیتر,https://www.khanoumi.com/products/my-deo-roll-on-16971,"اصلا لباس رو سفید نمیکنه و لک نمیندازه
بوی خوبی هم داره
هم تابستون و هم زمستون امتحان خودشو پس داده",0,true,2026-02-23T14:47:08.2042613+03:30,مثبت,0.79,محصول | اصل بودن کالا,محصول
دئو دورانت رولی زنانه مدل ویولت حجم 50 میلی لیتر,https://www.khanoumi.com/products/my-deo-roll-on-16971,در یک کلام عالی و بی نظیر,0,true,2025-07-23T16:06:51.2133878+00:00,مثبت,0.67,سایر,سایر
دئو دورانت رولی زنانه مدل ویولت حجم 50 میلی لیتر,https://www.khanoumi.com/products/my-deo-roll-on-16971,یه بوی دوست داشتنی عی داره,0,true,2024-08-29T17:57:24+00:00,خنثی,0.35,محصول,محصول
دئو دورانت رولی زنانه مدل ویولت حجم 50 میلی لیتر,https://www.khanoumi.com/products/my-deo-roll-on-16971,بوی خوبی داره و برای من ماندگاریش خوب بود ,0,false,2024-03-05T00:50:14+00:00,مثبت,0.91,محصول,محصول
دئو دورانت رولی زنانه مدل ویولت حجم 50 میلی لیتر,https://www.khanoumi.com/products/my-deo-roll-on-16971,به نظر من مای با بوی تعریق قاطی میشه و دیر خشک میشه ,0,false,2023-12-28T15:01:58+00:00,خنثی,0.35,محصول,محصول
دئو دورانت رولی زنانه مدل ویولت حجم 50 میلی لیتر,https://www.khanoumi.com/products/my-deo-roll-on-16971,این مام بوی خیلی خیلی خوبی داشت و اصلا در زمان استفاده حس بدی نداشت و خیلی پوستم رو خیس نکرد. زود خشک شد و برای مد زمان طولانی تونست حجم عرق رو کنترل کنه و از بوی بد اون جلوگیری کنه. از این مام میتونید روزانه برای فعالیتهای روزانه مثل ورزش، سرکار و دانشگاه استفاده کنید. و هم قابل استفاده برای مهمانی و مجالس مهمه. قیمت مناسبی هم داره. توی تخفیف از وب سایت خانومی بخرید که دیگه خیلی با صرفه هم میشه.,0,true,2022-10-11T08:56:59+00:00,مثبت,0.95,محصول | قیمت | اصل بودن کالا,محصول
دئو دورانت رولی زنانه مدل ویولت حجم 50 میلی لیتر,https://www.khanoumi.com/products/my-deo-roll-on-16971,بوی خیلی خوبی داره,0,true,2022-03-12T15:31:01+00:00,مثبت,0.79,محصول,محصول
دئو دورانت رولی زنانه مدل ویولت حجم 50 میلی لیتر,https://www.khanoumi.com/products/my-deo-roll-on-16971,یعنی یه جور زیربغل و تیره می‌کنه من یه دوره زدم زیربغلم سیاهه سیاه شد,13,false,2020-01-18T00:04:57+00:00,خنثی,0.35,سایر,سایر
دئو دورانت رولی زنانه مدل ویولت حجم 50 میلی لیتر,https://www.khanoumi.com/products/my-deo-roll-on-16971,عالی بوی خیلی خوبی داره میزنم لک نمیندازه و بوش فوق العادس ...  بوش تو اتاق میپیچه,19,false,2019-10-10T19:49:26+00:00,مثبت,0.91,محصول,محصول
دئو دورانت رولی زنانه مدل تولیپ حجم 50 میلی لیتر,https://www.khanoumi.com/products/my-deo-roll-on-16972,بیشتر از بیست تا مام مختلف امتحان کردم برای منی که زود عرق میکنم کاملا جلوی بوی بد عرق رو میگیره عالیه اصلا شک نکنید به خریدنش بهترین مامیه که تو زندگیم گرفتم هم بوش خوبه هم رد روی لباس نمیندازه و زود هم خشک میشه تقریبا تا یک روز کامل حتی اگه عرق کنید فقط بوی مام رو حس میکنید,0,true,2026-08-20T04:02:24.8445048+03:30,مثبت,0.95,محصول | اصل بودن کالا,محصول
دئو دورانت رولی زنانه مدل تولیپ حجم 50 میلی لیتر,https://www.khanoumi.com/products/my-deo-roll-on-16972,من از رایحه ی این مام خیلی خوشم میاد و تنها مشکلی که باهاش دارم اینه که نشتی داره و به نظرم پکیجینگش میتونست با کیفیت تر باشه که این اتفاق نیفته. با بقیه ی چیزا اوکیم.,0,false,2026-08-09T16:03:00.98716+03:30,خنثی,0.35,محصول,محصول
دئو دورانت رولی زنانه مدل تولیپ حجم 50 میلی لیتر,https://www.khanoumi.com/products/my-deo-roll-on-16972,بوی خیلی خوبی داره و ماندگاری هم خوبه برای منی که زیاد عرق میکنم و بوی عرق ناخوشایندی دارم حدودا دو روز نمیزاره بوی بد بدم ولی به بسته بندیش نمیشه زیاد اعتماد کرد چونکه من وقتی بسته رو تحویل گرفتم یکم ریخته بود اول فکر کردم درش خرابه ولی چک که کردم دیدم همه چیش سالمه و مدلش اونطوریه یعنی نمیتونید بندازید ته کیفتان با خودتون اینور اونور ببرید شاید بریزه بخاطر همین هم دوتا ستاره کمتر دادم,0,true,2026-05-14T05:50:16.2890213+03:30,مثبت,0.95,محصول | تحویل و ارسال,محصول
دئو دورانت رولی زنانه مدل تولیپ حجم 50 میلی لیتر,https://www.khanoumi.com/products/my-deo-roll-on-16972,بوی خوبی داره ، راضی بودم ازش,0,true,2026-05-05T01:24:04.5853487+03:30,مثبت,0.79,محصول,محصول
دئو دورانت رولی زنانه مدل تولیپ حجم 50 میلی لیتر,https://www.khanoumi.com/products/my-deo-roll-on-16972,من هم بنفشش داشتم هم الان از صورتی استفاده میکنم عاشق بوی خوبشم اصلا نمیذاره بو بگیری ساعت ها تو هوا گرم بندر و آفتاب شدید بیرونم ولی اصلا بو عرق نمیگیرم,0,false,2026-05-01T15:53:17.1971441+03:30,منفی,0.91,محصول | اصل بودن کالا,اصل بودن کالا
دئو دورانت رولی زنانه مدل تولیپ حجم 50 میلی لیتر,https://www.khanoumi.com/products/my-deo-roll-on-16972,عالی هم ماندگاری هم بوش,0,true,2026-01-19T02:06:34.5958431+03:30,مثبت,0.67,محصول,محصول
دئو دورانت رولی زنانه مدل تولیپ حجم 50 میلی لیتر,https://www.khanoumi.com/products/my-deo-roll-on-16972,ماندگاری خیلی خوبی داره ، بوی خیلی خوبی هم داره کاملا راضی هستم و دوباره شارژ می‌کنم حتما,0,true,2025-10-19T23:53:05.4698824+03:30,مثبت,0.95,محصول,محصول
دئو دورانت رولی زنانه مدل تولیپ حجم 50 میلی لیتر,https://www.khanoumi.com/products/my-deo-roll-on-16972,عالیه ماندگاری 48 ساعته داره بهترین مامی که تا الان داشتم,0,true,2025-07-13T07:18:10.9616633+00:00,مثبت,0.91,محصول,محصول
دئو دورانت رولی زنانه مدل تولیپ حجم 50 میلی لیتر,https://www.khanoumi.com/products/my-deo-roll-on-16972,"من قبلا از مدل رنگ بنفشش استفاده کرده بودم به مدت طولانی و به شدت راضی بودم هم از رایحه و هم از ماندگاری‌.
این سری رنگ صورتیشو خریدم و بوی فوق العاده داره! هم ماندگاری و هم رایحه اش عالیه.",0,false,2024-12-09T18:01:02.4874893+00:00,مثبت,0.95,محصول,محصول
دئو دورانت رولی زنانه مدل تولیپ حجم 50 میلی لیتر,https://www.khanoumi.com/products/my-deo-roll-on-16972,عالی ماندگاری 48 ساعته ، باعث حساست نمیشه ، بوی بسیار لطیف و مطلوب، قیمت مناسب,0,false,2024-09-28T11:06:20+00:00,مثبت,0.67,محصول | قیمت,محصول
دئو دورانت رولی زنانه مدل تولیپ حجم 50 میلی لیتر,https://www.khanoumi.com/products/my-deo-roll-on-16972,خیلی عالی هست و کیفیت خوبی داره . بوی خوبی داره ماندگاری خوبی داره . توی شانس خریدم دو عدد ارسال شد ,0,true,2023-12-28T14:58:08+00:00,مثبت,0.95,محصول | تحویل و ارسال,محصول
دئو دورانت رولی زنانه مدل تولیپ حجم 50 میلی لیتر,https://www.khanoumi.com/products/my-deo-roll-on-16972,این دئودارنت از مدل مای برای برای پوستهای حساس عالی عمل میکنه. علاوه بر ضد حساسیت بودنش از بوی فوق العاده ای داره.,0,false,2023-03-28T15:06:40+00:00,مثبت,0.79,محصول,محصول
دئو دورانت رولی زنانه مدل تولیپ حجم 50 میلی لیتر,https://www.khanoumi.com/products/my-deo-roll-on-16972,بوی ابیش بهتره ولی در کل مام های مای عالیه ,2,false,2020-08-09T14:30:13+00:00,مثبت,0.79,محصول,محصول
دئو دورانت رولی زنانه مدل تولیپ حجم 50 میلی لیتر,https://www.khanoumi.com/products/my-deo-roll-on-16972,صورتیش فوق العادست ,2,false,2020-06-14T17:12:12+00:00,خنثی,0.35,سایر,سایر
دئو دورانت رولی زنانه مدل تولیپ حجم 50 میلی لیتر,https://www.khanoumi.com/products/my-deo-roll-on-16972,"به نظر من بهترین مام بوده که تاحالا استفاده کردم ماندگاری بالا داره واقعا 
",3,false,2020-03-10T00:05:50+00:00,مثبت,0.67,محصول,محصول
دئو دورانت رولی زنانه مدل تولیپ حجم 50 میلی لیتر,https://www.khanoumi.com/products/my-deo-roll-on-16972, خیلی قشنگه و بوی خوبی داره💕,3,true,2020-01-25T21:54:36+00:00,مثبت,0.67,محصول,محصول
دئو دورانت رولی زنانه مدل تولیپ حجم 50 میلی لیتر,https://www.khanoumi.com/products/my-deo-roll-on-16972,"در یک کلام . خیلیییی خوشبو. ماندگاری متوسط. بدون ایجاد لک. 
من خیلی راضی ام و دوسش دارم. 
بوی  مدل آبیش هم عالیه",6,false,2018-08-21T13:55:48.38+00:00,مثبت,0.91,محصول,محصول
ریمل مدل اینفینیت,https://www.khanoumi.com/products/my-infinite-mascara-16974,ریمل فوق العاده ای هست و من چندسال ازش استفاده میکنم .ب مژه آسیب نمیزنه و خوب مژه رو پر و بلند میکنه.لطفا شارژش کنید,0,true,2026-07-29T20:43:00.6134813+03:30,خنثی,0.35,سایر,سایر
ریمل مدل اینفینیت,https://www.khanoumi.com/products/my-infinite-mascara-16974,خوبه بدنیست اما اگه خیلی ریمل میزنین کالیستا بنفش بهتره,0,false,2025-06-14T22:37:01.1881583+00:00,منفی,0.67,سایر,سایر
ریمل مدل اینفینیت,https://www.khanoumi.com/products/my-infinite-mascara-16974,اگه یه درصدهم خواستی تست کنی نکن با ریمل نزدن برابره,0,false,2025-06-09T18:01:43.7901423+00:00,خنثی,0.35,سایر,سایر
ریمل مدل اینفینیت,https://www.khanoumi.com/products/my-infinite-mascara-16974,ضدآب نیست.ولی خیلی سبکه.مژه رو خوب بلند میکنه,0,false,2025-03-12T14:15:32.7580859+00:00,مثبت,0.67,سایر,سایر
ریمل مدل اینفینیت,https://www.khanoumi.com/products/my-infinite-mascara-16974,تاریخ انقضا این ریمل رو کجا باید دید؟چرا نمینویسین؟,0,false,2025-02-26T06:47:58.4536578+00:00,خنثی,0.35,سایر,سایر
ریمل مدل اینفینیت,https://www.khanoumi.com/products/my-infinite-mascara-16974,"خیلی بد شسته می‌شه و دور چشم رو سیاه می‌کنه ولی نه خیلی زیاد.
 و در طول زمان نسبتا کمی خشک می‌شه ولی حجم و طول نسبتا خوبی به مژه هام می‌داد ریزشش هم تقریبا کم بود در طولانی مدت ممکنه ریزش کمی داشته باشه.
بد نیست ولی ریمل های بهتری هم پیدا می‌شه",0,true,2025-02-24T15:19:46.6379242+00:00,مثبت,0.67,محصول,محصول
ریمل مدل اینفینیت,https://www.khanoumi.com/products/my-infinite-mascara-16974,اصلا خوب نیست بعد از دو سه بار استفاده خشک میشه و انگار اصلا فرچه اش نمیزنه اصصصصصصلا نخرید اینو من بعد از یک ماه استفاده دارم مینویسم,0,false,2025-01-12T16:55:45.2271546+00:00,منفی,0.67,اصل بودن کالا,اصل بودن کالا
ریمل مدل اینفینیت,https://www.khanoumi.com/products/my-infinite-mascara-16974,ریمل از اصلی ترین محصولات آرایش صورت است که بسیاری از بانوان به صورت روزانه از آن استفاده می کنند. ریمل اینفینیت برند گزینه ای مناسب برای افرادی است که به دنبال یک ریمل حجم دهنده و بلند کننده هستند. این ریمل به خوبی به مژه های شما حالت داده و باعث بهم چسبیدن مژه ها نمی شود. شما می توانید این محصول را به صورت روزانه استفاده کنید.,4,false,2022-07-02T08:57:51+00:00,مثبت,0.79,محصول | اصل بودن کالا,محصول
ریمل مدل اینفینیت,https://www.khanoumi.com/products/my-infinite-mascara-16974,من واقعا راضی بودم ،مژه ها رو خیلی خوشگل و طبیعی بلند می‌کنه و نمیچسبونه بهم.,14,true,2020-10-06T09:18:01+00:00,مثبت,0.67,محصول,محصول
ریمل مدل اینفینیت,https://www.khanoumi.com/products/my-infinite-mascara-16974,خیلی معمولیه اصن ب قیمتش نمیارزه همینطور خانومی ک گفت بعد ی مدت انگار موادش خشک میشه درست میگفت خیلی غلیظ شد بعد ی مدت بااینکه من از داروخونه خریدم تازه هم آورده بودن👎,10,false,2020-08-05T22:53:59+00:00,خنثی,0.35,محصول | قیمت,محصول
ریمل مدل اینفینیت,https://www.khanoumi.com/products/my-infinite-mascara-16974, بد ترین ریملی که داشتم .خیلی ریزش داره بعد از شستن هم دور چشم سیاه میشه .خیلی خشکه ,17,false,2020-07-29T12:05:39+00:00,منفی,0.67,سایر,سایر
ریمل مدل اینفینیت,https://www.khanoumi.com/products/my-infinite-mascara-16974,اصلااا ریمل خوبی نیس،یه چیز کاملامعمولی،نه حجم دهندگی خوبی داره و نه بلند کنندگی،پاک کردنشم سخته،قشنگ دور چشم رو سیاه میکنه،حجم و بلندکنندگیش خیلی معمولیه,1,false,2020-06-15T11:15:33+00:00,مثبت,0.91,محصول | اصل بودن کالا,محصول
ریمل مدل اینفینیت,https://www.khanoumi.com/products/my-infinite-mascara-16974,اصلا ریمل خوبی نبود ریزش داشت و مژه ها بهم میچسبد 😑👎,3,false,2020-03-27T05:13:17+00:00,منفی,0.67,محصول | اصل بودن کالا,اصل بودن کالا
ریمل مدل اینفینیت,https://www.khanoumi.com/products/my-infinite-mascara-16974,ریملش برای کسایی که مژه های بلندی دارن و دنبال حجم دهندگی هستن عالیه هم سبکه و هم مژه ها رو  خوش حالت میکنه من که سه بار شارژش کردم و هر ریملی خریدم در نهایت به همین ریمل رسیدم,5,false,2019-11-28T23:01:48+00:00,مثبت,0.79,محصول | تحویل و ارسال,محصول
ریمل مدل اینفینیت,https://www.khanoumi.com/products/my-infinite-mascara-16974,نمیدونم چرا هیچ کس ننوشته که ریزش داره .من که استفاده کردم و کاملا ریزشش زیر چشم واضح بود,3,false,2019-11-26T13:21:10+00:00,خنثی,0.35,محصول,محصول
ریمل مدل اینفینیت,https://www.khanoumi.com/products/my-infinite-mascara-16974,من مژه هام پُره اما این ریمل واقعا خوبه.کاملا مژه‌هامو جدا و پر تر میکنه. نسبت به قیمتش عالیه. ,4,true,2019-11-20T12:34:21+00:00,مثبت,0.95,محصول | قیمت,محصول
ریمل مدل اینفینیت,https://www.khanoumi.com/products/my-infinite-mascara-16974,اوایل خوب بود اما بعد مدت کمی فرچش یه جوری شد انگار موادش خشک شدن. انداختمش دور .,5,false,2019-05-21T15:43:40.0066667+00:00,مثبت,0.79,محصول,محصول
ریمل مدل اینفینیت,https://www.khanoumi.com/products/my-infinite-mascara-16974,خيلي خوب و سبكه ،كاملا مناسب استفاده روزانه هست . محصولات ماي واقعا خوبن از سايت خانومي براي ارائه محصولات خوب ايراني ممنونم,6,false,2019-04-17T22:06:10.46+00:00,مثبت,0.95,محصول,محصول
ریمل مدل اینفینیت,https://www.khanoumi.com/products/my-infinite-mascara-16974,به نظرم محصولات مای خیلی عالین و واقعا قابل رقابت با محصولات خارجی اند من پنکک و خط چشم و ریمل مای رو استفاده کردم خیلی خیلی عالین,23,false,2018-07-22T03:55:55.7366667+00:00,مثبت,0.79,محصول,محصول
ریمل مدل اینفینیت,https://www.khanoumi.com/products/my-infinite-mascara-16974,"باسلام به همه دوستان و همراهان گرامی فروشگاه خوبمون  ""خانومی"".. محصولات آرایشی بهداشتی جدای از کیفیت مواد اولیه وقیمتشان باید با جنس پوست و موی مصرف کنددگان سازگار باشند.. ایرانی ویا خارجی بودن محصولات  تضمین 100 درصدی برای کیفیت  آنها نیستند",45,false,2017-05-31T08:39:54.89+00:00,مثبت,0.67,محصول | قیمت,محصول
ریمل مدل اینفینیت,https://www.khanoumi.com/products/my-infinite-mascara-16974,محصولات مای کلاس خانومی رو ارد پایین😁,13,false,2017-02-22T20:50:05.2566667+00:00,خنثی,0.35,محصول,محصول
خط چشم ماژیکی مدل Dip Liner حجم 4 میلی لیتر,https://www.khanoumi.com/products/my-colorstay-dip-liner-16975,"با این قیمت خط چشم‌های بهتری میشه خرید. سری قلم‌اش افتضاح، اصن خوب و راحت نمیشه باهاش کشید. خط‌چشم‌های مویی از این خیلی راحت‌تره. حجمش هم که خیلی کمه. 
کیفیتش هم چیز خاصی نیست، خیلی معمولیه، بعد از چند ساعتم کم‌کم میریزه پاک میشه.
اونایی که نوشتن عالیه عجیبه! فکر کنم جدیدا استفاده نکردن ازش، از قدیم تو ذهن‌شون عالی مونده",0,true,2026-08-26T12:44:14.3503843+03:30,ترکیبی,0.79,محصول | قیمت,محصول
خط چشم ماژیکی مدل Dip Liner حجم 4 میلی لیتر,https://www.khanoumi.com/products/my-colorstay-dip-liner-16975,خیلی خوب نمیتونم خط چشم بکشم حس میکنم نوکش کلفته ، دفعه بعد مویی میگیرم . چشام گنده دوس ندارم خط چشم کلفت بشه,0,true,2026-08-08T10:25:17.1613003+03:30,منفی,0.79,محصول,محصول
خط چشم ماژیکی مدل Dip Liner حجم 4 میلی لیتر,https://www.khanoumi.com/products/my-colorstay-dip-liner-16975,اصلا خوب نیست...بی کیفیت...وسطش رنگ مشکی ترک می خوره...خودش خود به خود پاک میشه تنها حسنش قلم مو بلندش و رنگ خیلی مشکی,0,false,2026-08-02T23:21:41.0145577+03:30,منفی,0.67,محصول | اصل بودن کالا,اصل بودن کالا
خط چشم ماژیکی مدل Dip Liner حجم 4 میلی لیتر,https://www.khanoumi.com/products/my-colorstay-dip-liner-16975,نوک تیز داره و حالت ماژیکی و پررنگ و خوبه خوش دسته,0,true,2026-08-02T19:58:46.6182942+03:30,مثبت,0.79,محصول,محصول
خط چشم ماژیکی مدل Dip Liner حجم 4 میلی لیتر,https://www.khanoumi.com/products/my-colorstay-dip-liner-16975,عالیه واقعا.,0,false,2026-07-27T12:37:11.3036422+03:30,مثبت,0.79,سایر,سایر
خط چشم ماژیکی مدل Dip Liner حجم 4 میلی لیتر,https://www.khanoumi.com/products/my-colorstay-dip-liner-16975,"افتضاح افتضاح اصلا ارزش خریدن نداره 
آبکی هست خیلی آبکی",0,true,2026-07-23T14:25:22.7640017+03:30,منفی,0.79,اصل بودن کالا | قیمت,اصل بودن کالا
خط چشم ماژیکی مدل Dip Liner حجم 4 میلی لیتر,https://www.khanoumi.com/products/my-colorstay-dip-liner-16975,من چندین دفعه است این خط چشم و گرفتم ازش راضی ام فقط مشکلش این هست که با اب پاک میشه ولی راحت کشیده میشه و کاملن مشکی هستش,0,true,2026-07-14T09:05:20.6030397+03:30,مثبت,0.79,سایر,سایر
خط چشم ماژیکی مدل Dip Liner حجم 4 میلی لیتر,https://www.khanoumi.com/products/my-colorstay-dip-liner-16975,من هر روز ازش استفاده می کنم، و خیلی راضیم. برای استفاده طولانی مدت در صورتی که توی گرما باشید و عرق کنید البته خیلی ماندگاری نداره. محصول ضد آب نیست ولی پخش هم نمی شه، با آب بشورید و یک دست بکشید راحت پاک می شه که برای من چیز خوبیه، چون ترجیح می دم سنگین آرایش نکنم و از محصولات پاک کننده آرایشی هم استفاده نکنم. کار با اپلیکاتورش هم خیلی راحته، اگر به خط چشم مویی عادت دارید کمی طول می کشه به این مدل عادت کنید، ولی می شه خط چشم خوب و سر تیز باهاش درآورد.,0,true,2026-06-28T23:23:43.6491094+03:30,مثبت,0.95,محصول,محصول
خط چشم ماژیکی مدل Dip Liner حجم 4 میلی لیتر,https://www.khanoumi.com/products/my-colorstay-dip-liner-16975,"زود پاک میشه 
قبلا خوب بود ولی الان دیگه نه",0,true,2026-06-25T01:49:19.5442841+03:30,مثبت,0.79,محصول,محصول
خط چشم ماژیکی مدل Dip Liner حجم 4 میلی لیتر,https://www.khanoumi.com/products/my-colorstay-dip-liner-16975,امروز به دستم رسید.نمیدونم چرا اینقد نظر منفی دادن.خیلی خوش دسته و اصلا نریخت.راحت تونستم بکشم.,0,false,2026-06-11T18:11:26.9932482+03:30,مثبت,0.67,تحویل و ارسال | اصل بودن کالا,تحویل و ارسال
خط چشم ماژیکی مدل Dip Liner حجم 4 میلی لیتر,https://www.khanoumi.com/products/my-colorstay-dip-liner-16975,اصلا خوب نیست اوایل خوب بود,0,false,2026-06-06T17:01:16.0841163+03:30,منفی,0.95,محصول | اصل بودن کالا,اصل بودن کالا
خط چشم ماژیکی مدل Dip Liner حجم 4 میلی لیتر,https://www.khanoumi.com/products/my-colorstay-dip-liner-16975,من سالهاست از این مدل استفاده میکنم اما مدتیه که خیلی بیکیفیت شده خرید این مدل رو من از زمانی که 5000 تومن بود شروع کردم,0,true,2026-05-31T06:01:13.3736233+03:30,منفی,0.67,محصول,محصول
خط چشم ماژیکی مدل Dip Liner حجم 4 میلی لیتر,https://www.khanoumi.com/products/my-colorstay-dip-liner-16975,تا الان بیشتر از 20 بار از این مدل خرید زدم و خیلی راضی ام ازش,0,true,2026-05-29T22:23:45.3807829+03:30,مثبت,0.79,سایر,سایر
خط چشم ماژیکی مدل Dip Liner حجم 4 میلی لیتر,https://www.khanoumi.com/products/my-colorstay-dip-liner-16975,حتی هزارتومن نمی ارزه ، بعد نیم ساعت بریدهدبریده میشه و میریزه پایین . واقعاااااااااا اشغاله,0,false,2026-05-24T23:35:58.5037859+03:30,خنثی,0.35,سایر,سایر
خط چشم ماژیکی مدل Dip Liner حجم 4 میلی لیتر,https://www.khanoumi.com/products/my-colorstay-dip-liner-16975,عالیه من سالهاست دارم استفاده میکنم,0,true,2026-05-23T12:18:52.3825721+03:30,مثبت,0.79,سایر,سایر
خط چشم ماژیکی مدل Dip Liner حجم 4 میلی لیتر,https://www.khanoumi.com/products/my-colorstay-dip-liner-16975,افتضاح,0,true,2026-05-08T14:40:43.9373515+03:30,منفی,0.67,سایر,سایر
خط چشم ماژیکی مدل Dip Liner حجم 4 میلی لیتر,https://www.khanoumi.com/products/my-colorstay-dip-liner-16975,چشمم حساسیت نشون داد به حدی که پشت پلکم متورم و قرمز شد هروقت هم بخاطر چرب شدن و عرق کردن توی چشمم میریخت چشمم بشدت میسوخت و اشک میومد موندگاریش بد نیست ولی بنظرم مواد خوب داخلش نیست,0,true,2026-05-05T21:46:18.2736246+03:30,خنثی,0.4,محصول,محصول
خط چشم ماژیکی مدل Dip Liner حجم 4 میلی لیتر,https://www.khanoumi.com/products/my-colorstay-dip-liner-16975,افتضاح بعد ی ساعت ترک میخوره و میریزه,0,true,2026-05-04T15:11:49.9008022+03:30,منفی,0.67,سایر,سایر
خط چشم ماژیکی مدل Dip Liner حجم 4 میلی لیتر,https://www.khanoumi.com/products/my-colorstay-dip-liner-16975,انتخاب همیشگی من,0,true,2026-04-28T09:52:12.6206215+03:30,خنثی,0.35,سایر,سایر
خط چشم ماژیکی مدل Dip Liner حجم 4 میلی لیتر,https://www.khanoumi.com/products/my-colorstay-dip-liner-16975,خیلی خوبه وتموم نمیشه,0,true,2026-04-21T21:11:52.5912358+03:30,منفی,0.91,محصول,محصول
خط چشم ماژیکی مدل Dip Liner حجم 4 میلی لیتر,https://www.khanoumi.com/products/my-colorstay-dip-liner-16975,مزخرف ترین خط چشمی که تا حالا دیدم . موادش موقع کشیدن کمرنگ میشه زود خشک میشه و لایه یعدی ک میخای خط چشم را میزون کنی افتضاحتر میشه . والا پاریس پلاستیکی از این خیلی بهتره,0,false,2026-04-11T15:11:29.2532998+03:30,منفی,0.67,محصول,محصول
خط چشم ماژیکی مدل Dip Liner حجم 4 میلی لیتر,https://www.khanoumi.com/products/my-colorstay-dip-liner-16975,"محصول بدی نبود نمی‌دونم چرا همه انقد ناراضی بودن با اینکه سر قلمش کلفته ولی به راحتی می‌تونم خط چشم نازک بکشم و با دست اگه بیوفتی به جونش پاک می‌شه ولی خب تو حالت عادی تو چه شرایطی می‌خوای قرار بگیری که چشمت و اونجوری بمالی 
رنگشم خوبه و در کل بنظر من اوکیه",0,true,2026-04-09T15:07:37.4067888+03:30,مثبت,0.91,محصول,محصول
خط چشم ماژیکی مدل Dip Liner حجم 4 میلی لیتر,https://www.khanoumi.com/products/my-colorstay-dip-liner-16975,بچها خیلی مشکی نیست و اینکه سری خوبی هم نداره ترک ترک میشه  من شون استفاده میکردم قبلا که اصلا قابل مقایسه با این مدل مای نیست . شون خیلیی خیلییی بهتره,0,true,2026-04-09T11:44:53.4940919+03:30,خنثی,0.35,اصل بودن کالا,اصل بودن کالا
خط چشم ماژیکی مدل Dip Liner حجم 4 میلی لیتر,https://www.khanoumi.com/products/my-colorstay-dip-liner-16975,خوشم نیومد. هم کلفته هم رنگش خیلی کمرنگه کلا جالب نیست,0,true,2026-04-04T15:30:30.7344228+03:30,خنثی,0.35,محصول,محصول
خط چشم ماژیکی مدل Dip Liner حجم 4 میلی لیتر,https://www.khanoumi.com/products/my-colorstay-dip-liner-16975,ازون موقه که که این خط چشم 10ت بود میخریدمش راستش مشکیش مشکی مات هستش بعدا ک خط چشمای دیگ امتحان کردم متوجه شدم اونا رنگ مشکیشون پر رنگ تر درکل ولی خط چشم راحتیه برای کسایی ک مبتدی هستند و چشمو حساسیت نمیده,0,false,2026-04-02T21:07:36.7914948+03:30,خنثی,0.35,محصول,محصول
خط چشم ماژیکی مدل Dip Liner حجم 4 میلی لیتر,https://www.khanoumi.com/products/my-colorstay-dip-liner-16975,من اولین باره از این برند خرید می کنم تو تخفیفات گرفتم قلم خیلی نازک نیست ولی کار رو راه میندازه راضیم .رنگش هم مات و مشکی خوبه .امروز برای سیزده بدر که 8 ساعت بیرون بودم ازش استفاده کردم و بعد این مدت میشه گفت حدود 30 درصد ریزش و پخش شدگی داشت و بنظرم این خوبه. از ماندگاری‌ راضی بودم ولی نه به اندازه برند قبلی که استفاده می کردم و راحت هم پاک میشه. در کل ارزش خرید داره. مرسی از خانومی,0,true,2026-04-02T21:02:57.8858173+03:30,ترکیبی,0.92,محصول | قیمت,محصول
خط چشم ماژیکی مدل Dip Liner حجم 4 میلی لیتر,https://www.khanoumi.com/products/my-colorstay-dip-liner-16975,تو تخفیفات گرفتم با توجه به نظرات با یکبار کشیدن اون مشکی دلخواه رو نداره بنظرم کمرنگه، واسه استفاده روزمره خوبه و راحت شسته میشه,0,true,2026-03-30T20:25:17.3009316+03:30,مثبت,0.79,محصول | قیمت,محصول
خط چشم ماژیکی مدل Dip Liner حجم 4 میلی لیتر,https://www.khanoumi.com/products/my-colorstay-dip-liner-16975,"ماته و مشکی
این خیلی خوبه
اما با قلمش واقعا نمیشه خوب خط چشم کشید 
واقعا سوییچ کردن از مویی به نمدی خیلی سخته",0,true,2026-03-29T01:05:57.7125154+03:30,مثبت,0.79,محصول,محصول
خط چشم ماژیکی مدل Dip Liner حجم 4 میلی لیتر,https://www.khanoumi.com/products/my-colorstay-dip-liner-16975,"ماته و مشکی
این خیلی خوبه
اما با قلمش واقعا نمیشه خوب خط چشم کشید 
واقعا سوییچ کردن از مویی به نمدی خیلی سخته",0,true,2026-03-29T01:04:49.6707992+03:30,مثبت,0.79,محصول,محصول
خط چشم ماژیکی مدل Dip Liner حجم 4 میلی لیتر,https://www.khanoumi.com/products/my-colorstay-dip-liner-16975,زود ترک میخوره و کنده میشه بدرد میکاپ از صبح تا شب نمیخوره,0,false,2026-03-26T14:28:20.4630866+03:30,منفی,0.67,سایر,سایر
خط چشم ماژیکی مدل Dip Liner حجم 4 میلی لیتر,https://www.khanoumi.com/products/my-colorstay-dip-liner-16975,"من سالهاست همین مدل رو استفاده میکنم،هرچقدر هم بمونه ترک نمیخوره ،نمیدونم چرا بقیه این رو نوشته بودن
اما ضد آب نیست و راحت پاک میشه،برای استفاده روزمره کاملا مناسبه",0,true,2026-03-25T19:57:00.3069644+03:30,خنثی,0.35,محصول,محصول
خط چشم ماژیکی مدل Dip Liner حجم 4 میلی لیتر,https://www.khanoumi.com/products/my-colorstay-dip-liner-16975,عالیه عالیه خیلی خوبه کشیدن باهاش راحته؛ قلم مویی‌ش رو دارم؛ ضد آبه من با ژل شست و شو پاکش میکنم؛ مشکیه مشکی؛ خیلی راضیم ازش دومین باره؛ محصولات مای عالیه بنظرم از قدیم,0,false,2026-03-24T12:03:56.6582678+03:30,مثبت,0.95,محصول,محصول
خط چشم ماژیکی مدل Dip Liner حجم 4 میلی لیتر,https://www.khanoumi.com/products/my-colorstay-dip-liner-16975,رنگش خوبه ولی خیلی ذخیم و سفته قلمش نمیشه باهاش خطای ظریف کشید,0,true,2026-03-22T04:34:03.6712779+03:30,مثبت,0.79,محصول,محصول
خط چشم ماژیکی مدل Dip Liner حجم 4 میلی لیتر,https://www.khanoumi.com/products/my-colorstay-dip-liner-16975,عالیه من چند ساله دارم ازش استفاده میکنم,0,true,2026-03-16T17:28:38.5275842+03:30,مثبت,0.79,سایر,سایر
خط چشم ماژیکی مدل Dip Liner حجم 4 میلی لیتر,https://www.khanoumi.com/products/my-colorstay-dip-liner-16975,برخلاف چندتا نظری که خوندم، اصلا ترک نمیخوره، شستشوی راحتی داره اما به راحتی هم نمیریزه مثلا اگه آب بزنی به صورت نمیریزه,0,true,2026-03-05T20:19:59.1974372+03:30,منفی,0.67,اصل بودن کالا,اصل بودن کالا
خط چشم ماژیکی مدل Dip Liner حجم 4 میلی لیتر,https://www.khanoumi.com/products/my-colorstay-dip-liner-16975,سه بار خریدم عالیه البته اولش کار باهاش سخته,0,true,2026-03-05T20:18:37.6146675+03:30,مثبت,0.79,سایر,سایر
خط چشم ماژیکی مدل Dip Liner حجم 4 میلی لیتر,https://www.khanoumi.com/products/my-colorstay-dip-liner-16975,اصلا راضی نبودم,0,true,2026-03-04T13:04:36.8669811+03:30,منفی,0.79,محصول | اصل بودن کالا,اصل بودن کالا
خط چشم ماژیکی مدل Dip Liner حجم 4 میلی لیتر,https://www.khanoumi.com/products/my-colorstay-dip-liner-16975,کیفیت بدنه خیلی ضعیف بود و بعد از چند بار استفاده شکست با اینکه مواد داخلش خوب بود.,0,false,2026-02-24T12:32:54.6957941+03:30,ترکیبی,0.82,محصول,محصول
خط چشم ماژیکی مدل Dip Liner حجم 4 میلی لیتر,https://www.khanoumi.com/products/my-colorstay-dip-liner-16975,من دومین باری بود ک شارژ کردم مشکی و مات خوبه سنگین نیست. بعضی از خط چشما جوری میچسبن مژه و پوست ک مژهارو میکنه این اینشکلی نیست نباید دست بزنی بهش اگ عادت دارید چشمتون رو می مالید احتمال زیاد پخش میشه. راضیم من,0,true,2026-02-10T18:05:57.6694769+03:30,خنثی,0.35,محصول,محصول
خط چشم ماژیکی مدل Dip Liner حجم 4 میلی لیتر,https://www.khanoumi.com/products/my-colorstay-dip-liner-16975,ترک میخوره یکم برای روزمره و خط چشم نازک کشیدن بد نیست,0,true,2026-01-29T10:10:17.4503097+03:30,مثبت,0.67,سایر,سایر
خط چشم ماژیکی مدل Dip Liner حجم 4 میلی لیتر,https://www.khanoumi.com/products/my-colorstay-dip-liner-16975,خوب بود فقط پاک میشه,0,true,2026-01-24T19:44:43.170626+03:30,مثبت,0.79,محصول,محصول
خط چشم ماژیکی مدل Dip Liner حجم 4 میلی لیتر,https://www.khanoumi.com/products/my-colorstay-dip-liner-16975,من  مدتهاست استفاده میکنم راضی ام.ریملش هم خوبه.,0,true,2026-01-21T13:43:39.3238877+03:30,مثبت,0.95,سایر,سایر
خط چشم ماژیکی مدل Dip Liner حجم 4 میلی لیتر,https://www.khanoumi.com/products/my-colorstay-dip-liner-16975,بهترین و راحتترین خط چشم,0,true,2026-01-19T18:45:21.5280159+03:30,مثبت,0.67,سایر,سایر
خط چشم ماژیکی مدل Dip Liner حجم 4 میلی لیتر,https://www.khanoumi.com/products/my-colorstay-dip-liner-16975,هم سریع ترک میخوره و کار کردن باهاش راحت نیست واقعا,0,false,2026-01-19T14:34:06.4783191+03:30,خنثی,0.35,سایر,سایر
خط چشم ماژیکی مدل Dip Liner حجم 4 میلی لیتر,https://www.khanoumi.com/products/my-colorstay-dip-liner-16975,چند سال همینو میخرم البته نسبت به بقیه بهتر کار کردن با این مدل خیلی راحت من فقط برای  چلو چشم و زیر چشم استفاده میکنم برای دنباله خط چشم پاریس میزنم اون برای دنباله خیلی بهتره با این خوب نمیشه چون برای دنباله این ترک ترک میشه نمیدونم چرا,0,true,2026-01-10T17:18:03.3727044+03:30,منفی,0.67,سایر,سایر
خط چشم ماژیکی مدل Dip Liner حجم 4 میلی لیتر,https://www.khanoumi.com/products/my-colorstay-dip-liner-16975,خط چشم خوبیه اصلا تکون نمیخوره من از صبح تا شب که میکشم خراب نمیشه و کاملا ماته,0,true,2025-12-26T12:00:08.9547811+03:30,خنثی,0.35,اصل بودن کالا,اصل بودن کالا
خط چشم ماژیکی مدل Dip Liner حجم 4 میلی لیتر,https://www.khanoumi.com/products/my-colorstay-dip-liner-16975,عالی، همونی که میخواستم,0,true,2025-12-11T20:12:46.8681535+03:30,مثبت,0.67,محصول,محصول
خط چشم ماژیکی مدل Dip Liner حجم 4 میلی لیتر,https://www.khanoumi.com/products/my-colorstay-dip-liner-16975,بد نیست ،زود پاک میشه و ترک میخوره,0,true,2025-11-14T11:23:14.4176786+03:30,مثبت,0.67,سایر,سایر
خط چشم ماژیکی مدل Dip Liner حجم 4 میلی لیتر,https://www.khanoumi.com/products/my-colorstay-dip-liner-16975,راحت میتونم بشورمش بدون کنده شدن مژه. رنگش هم مشکیه. به خاطر ماژیک خط خوب و بی نقص میکشه,0,true,2025-11-03T18:38:20.9135833+03:30,ترکیبی,0.66,محصول,محصول
خط چشم ماژیکی مدل Dip Liner حجم 4 میلی لیتر,https://www.khanoumi.com/products/my-colorstay-dip-liner-16975,عالیه،چندساله ازش استفاده میکنم،لطفا در سبد صورتی بگذارید،ممنون,0,false,2025-10-18T10:21:40.8572504+03:30,مثبت,0.79,سایر,سایر
خط چشم ماژیکی مدل Dip Liner حجم 4 میلی لیتر,https://www.khanoumi.com/products/my-colorstay-dip-liner-16975,برای استفاده روزمره سبکه و راحته استفاده ازش. ولی خب بدرد میک آپ چندان نمیخوره چون زود پاک میشه و زیاد که بمونه ترک‌ میخوره انگار.,0,true,2025-10-16T21:36:24.8170276+03:30,منفی,0.67,محصول,محصول
خط چشم ماژیکی مدل Dip Liner حجم 4 میلی لیتر,https://www.khanoumi.com/products/my-colorstay-dip-liner-16975,اصلا خوب نیست نزده ترک میخوره و ماندگاری نداره,0,false,2025-10-11T20:41:52.3792969+03:30,منفی,0.79,محصول | اصل بودن کالا,اصل بودن کالا
خط چشم ماژیکی مدل Dip Liner حجم 4 میلی لیتر,https://www.khanoumi.com/products/my-colorstay-dip-liner-16975,عالیه درخریدش شک نکنین,0,true,2025-10-07T17:42:37.5111107+03:30,مثبت,0.79,سایر,سایر
خط چشم ماژیکی مدل Dip Liner حجم 4 میلی لیتر,https://www.khanoumi.com/products/my-colorstay-dip-liner-16975,یک کلام عاشقشم.,0,true,2025-10-05T08:54:09.8718114+03:30,مثبت,0.67,سایر,سایر
خط چشم ماژیکی مدل Dip Liner حجم 4 میلی لیتر,https://www.khanoumi.com/products/my-colorstay-dip-liner-16975,من همیشه از مای ماژیکی استفاده میکنم واقعا راضی ام رنگ خوب داره ولی قیمتش یکم بالاست,0,true,2025-09-23T17:43:40.4032759+03:30,مثبت,0.91,محصول | قیمت,محصول
خط چشم ماژیکی مدل Dip Liner حجم 4 میلی لیتر,https://www.khanoumi.com/products/my-colorstay-dip-liner-16975,خیلی سر خط چشم بدبود اصلا استاندارد نیست ونمیشه راحت باهاش کارکرد.,0,true,2025-09-19T10:34:55.289379+03:30,ترکیبی,0.66,محصول | اصل بودن کالا,محصول
خط چشم ماژیکی مدل Dip Liner حجم 4 میلی لیتر,https://www.khanoumi.com/products/my-colorstay-dip-liner-16975,بهترین مارک خط چشمه خیلی وقته استفاده میکنم ازش,0,true,2025-09-13T12:05:51.6166123+03:30,مثبت,0.67,سایر,سایر
خط چشم ماژیکی مدل Dip Liner حجم 4 میلی لیتر,https://www.khanoumi.com/products/my-colorstay-dip-liner-16975,ضد آب نیست، دست بکشی روش پاک میشه. چطوری بقیه از ماندگاریش تعریف میکنن رو واقعا نمیفهمم,0,true,2025-09-07T11:17:42.9386979+03:30,خنثی,0.35,محصول,محصول
خط چشم ماژیکی مدل Dip Liner حجم 4 میلی لیتر,https://www.khanoumi.com/products/my-colorstay-dip-liner-16975,کیفیتش خوبه,0,true,2025-09-06T07:27:50.4965999+03:30,مثبت,0.79,محصول,محصول
خط چشم ماژیکی مدل Dip Liner حجم 4 میلی لیتر,https://www.khanoumi.com/products/my-colorstay-dip-liner-16975,خوبه راضی ام,0,true,2025-09-03T00:44:50.5050212+03:30,مثبت,0.95,سایر,سایر
خط چشم ماژیکی مدل Dip Liner حجم 4 میلی لیتر,https://www.khanoumi.com/products/my-colorstay-dip-liner-16975,من چندین ساله ازش استفاده میکنم و پس نمیده.پشت چشم من چربه و بهترین مارک های خارجی رو استفاده می‌کردم که متاسفانه پشت پلکم چاپ میزد ولی این یکی از محصولات خوش قیمت ایرانیه که ماندگاری خوبی داره,0,true,2025-09-01T14:17:38.6643187+03:30,ترکیبی,0.79,محصول | قیمت,محصول
خط چشم ماژیکی مدل Dip Liner حجم 4 میلی لیتر,https://www.khanoumi.com/products/my-colorstay-dip-liner-16975,خیلی عالیه من 3 ساله دارم استفاده میکنم از همه لحاظ واقعا عالیه از صبح تا شب رو چشم میمونه هیچی نمیشه راحتم پاک میشه اذیت نمیکنه,0,false,2025-08-31T00:03:56.2576372+03:30,مثبت,0.95,محصول,محصول
خط چشم ماژیکی مدل Dip Liner حجم 4 میلی لیتر,https://www.khanoumi.com/products/my-colorstay-dip-liner-16975,چقدر بی کیفیت شده,0,true,2025-08-04T14:18:06.0809503+00:00,منفی,0.67,محصول,محصول
خط چشم ماژیکی مدل Dip Liner حجم 4 میلی لیتر,https://www.khanoumi.com/products/my-colorstay-dip-liner-16975,پررنگ.ضدآب و نوک تیز.مانگاری خوبی داره,0,true,2025-07-20T11:29:00.3583067+00:00,مثبت,0.67,محصول,محصول
خط چشم ماژیکی مدل Dip Liner حجم 4 میلی لیتر,https://www.khanoumi.com/products/my-colorstay-dip-liner-16975,سالهاست استفاده میکنم و بنظرم عالیه,0,true,2025-07-18T20:41:36.4464736+00:00,مثبت,0.79,سایر,سایر
خط چشم ماژیکی مدل Dip Liner حجم 4 میلی لیتر,https://www.khanoumi.com/products/my-colorstay-dip-liner-16975,"افتضاحه
وقتی میزنی بعد یکی دو ساعت گوشه چشمت حالت پوست ماری میشه",0,false,2025-06-28T20:12:36.8403356+00:00,منفی,0.67,محصول,محصول
خط چشم ماژیکی مدل Dip Liner حجم 4 میلی لیتر,https://www.khanoumi.com/products/my-colorstay-dip-liner-16975,"به درد نخور ترین چیزی ک تو عمرم خریدم
زود خشک میشه
زود میره 
رو چشم میزنی پوست پوست میشه و کنده میشه",0,false,2025-06-27T20:40:17.0450686+00:00,خنثی,0.35,محصول,محصول
خط چشم ماژیکی مدل Dip Liner حجم 4 میلی لیتر,https://www.khanoumi.com/products/my-colorstay-dip-liner-16975,چندساله استفاده میکنم عالیه,0,true,2025-06-22T19:47:49.27754+00:00,مثبت,0.79,سایر,سایر
خط چشم ماژیکی مدل Dip Liner حجم 4 میلی لیتر,https://www.khanoumi.com/products/my-colorstay-dip-liner-16975,من خریدم کاملا تقلبی و خشک شده بود اصلا قابل استفاده نیست برام به حدی که خط چشم قبلیم که تموم شده بود از این بهتر رنگ میکرد و ناچار اونو استفاده کردم,0,true,2025-06-11T11:22:38.6754566+00:00,ترکیبی,0.66,محصول | اصل بودن کالا,محصول
خط چشم ماژیکی مدل Dip Liner حجم 4 میلی لیتر,https://www.khanoumi.com/products/my-colorstay-dip-liner-16975,حرف نداره بخرید,0,true,2025-05-26T16:25:54.2889914+00:00,خنثی,0.35,سایر,سایر
خط چشم ماژیکی مدل Dip Liner حجم 4 میلی لیتر,https://www.khanoumi.com/products/my-colorstay-dip-liner-16975,عالیه,0,true,2025-05-26T16:25:30.2499327+00:00,مثبت,0.79,سایر,سایر
خط چشم ماژیکی مدل Dip Liner حجم 4 میلی لیتر,https://www.khanoumi.com/products/my-colorstay-dip-liner-16975,خیلی زود تموم میشه و حجمش خیلی کمه,0,false,2025-05-13T08:43:55.5087351+00:00,خنثی,0.35,محصول,محصول
خط چشم ماژیکی مدل Dip Liner حجم 4 میلی لیتر,https://www.khanoumi.com/products/my-colorstay-dip-liner-16975,یکم نوکش کلفته کار باهاش راحت نیست. کالیستارو ترجیح میدم,0,true,2025-05-11T00:06:20.4188753+00:00,خنثی,0.35,سایر,سایر
خط چشم ماژیکی مدل Dip Liner حجم 4 میلی لیتر,https://www.khanoumi.com/products/my-colorstay-dip-liner-16975,خیلی حجمش کم بود کلا خوردتوذوقم  شاید ده بار نشه استفادش کرد ارزش خریدنداره الکی پول تون حروم نکنید,0,true,2025-04-29T07:16:21.5991663+00:00,منفی,0.67,محصول | قیمت,محصول
خط چشم ماژیکی مدل Dip Liner حجم 4 میلی لیتر,https://www.khanoumi.com/products/my-colorstay-dip-liner-16975,سریع خشک میشه پخش نمیشه نمیریزه ولی ضد اب نیست با اشک یا اب سریع پاک میشه,0,true,2025-04-21T22:05:38.2961546+00:00,خنثی,0.35,سایر,سایر
خط چشم ماژیکی مدل Dip Liner حجم 4 میلی لیتر,https://www.khanoumi.com/products/my-colorstay-dip-liner-16975,چند سری هست که ازش دارم استفاده میکنم و واقعا هم بافت سبکی داره هم پاک کردنش راحته,0,true,2025-04-21T13:51:57.5173712+00:00,خنثی,0.35,محصول,محصول
خط چشم ماژیکی مدل Dip Liner حجم 4 میلی لیتر,https://www.khanoumi.com/products/my-colorstay-dip-liner-16975,کیفیت خوبی،داره اما پوست،و داخل چشمم رو میسوزونه,0,false,2025-04-14T06:06:21.0769378+00:00,مثبت,0.79,محصول,محصول
خط چشم ماژیکی مدل Dip Liner حجم 4 میلی لیتر,https://www.khanoumi.com/products/my-colorstay-dip-liner-16975,"عالی،اصلا پخش نمیشه،ماندگاری نسبتا بالا،کار باهاش راحت،بدون ایجادحساسیت،حجمش فقط خیلی زیاد نیست.
حدود سه چهار ساله استفاده می کنم",0,true,2025-04-10T22:39:09.2882796+00:00,منفی,0.67,محصول | اصل بودن کالا,اصل بودن کالا
خط چشم ماژیکی مدل Dip Liner حجم 4 میلی لیتر,https://www.khanoumi.com/products/my-colorstay-dip-liner-16975,"کار باهاش خیلی راحته 
در کل محصول خوبیه",0,false,2025-04-06T06:46:22.8998324+00:00,مثبت,0.67,محصول,محصول
خط چشم ماژیکی مدل Dip Liner حجم 4 میلی لیتر,https://www.khanoumi.com/products/my-colorstay-dip-liner-16975,خیلی خوش دست نیست و مقدارش هم نسبت به قیمتش خیلی کمه,0,true,2025-03-22T11:53:56.0518402+00:00,خنثی,0.35,قیمت,قیمت
خط چشم ماژیکی مدل Dip Liner حجم 4 میلی لیتر,https://www.khanoumi.com/products/my-colorstay-dip-liner-16975,خیلی خوبه سه ساله که از این مارک استفاده میکنم,0,true,2025-03-17T10:36:48.5452289+00:00,مثبت,0.91,سایر,سایر
خط چشم ماژیکی مدل Dip Liner حجم 4 میلی لیتر,https://www.khanoumi.com/products/my-colorstay-dip-liner-16975,خوش دست و کار باهاش راحته,0,true,2025-03-15T11:22:31.0984377+00:00,خنثی,0.35,سایر,سایر
خط چشم ماژیکی مدل Dip Liner حجم 4 میلی لیتر,https://www.khanoumi.com/products/my-colorstay-dip-liner-16975,اصلاً خوش دست نیست،کارباهاش سخته،ناراضیم,0,true,2025-03-06T21:13:49.0503499+00:00,ترکیبی,0.9,اصل بودن کالا,اصل بودن کالا
خط چشم ماژیکی مدل Dip Liner حجم 4 میلی لیتر,https://www.khanoumi.com/products/my-colorstay-dip-liner-16975,ماندگاری خوب و شستشوی راحت,0,true,2025-03-03T05:27:17.933974+00:00,مثبت,0.67,محصول,محصول
خط چشم ماژیکی مدل Dip Liner حجم 4 میلی لیتر,https://www.khanoumi.com/products/my-colorstay-dip-liner-16975,عالیه,0,true,2025-02-28T16:20:14.509272+00:00,مثبت,0.79,سایر,سایر
خط چشم ماژیکی مدل Dip Liner حجم 4 میلی لیتر,https://www.khanoumi.com/products/my-colorstay-dip-liner-16975,تخفیف بیشتری داشت الان که گیفرمایید تخفیفات اسفند عالی هست تازه کم شد تخفیفش لطف کنید تخفیف خوب روش بزارین ممنون از خانومی,0,false,2025-02-24T19:09:28.5995428+00:00,مثبت,0.91,قیمت,قیمت
خط چشم ماژیکی مدل Dip Liner حجم 4 میلی لیتر,https://www.khanoumi.com/products/my-colorstay-dip-liner-16975,لطف کنید تخفیف  50 درصدی بزنید روی این محصول,0,false,2025-02-24T16:31:18.3920688+00:00,خنثی,0.35,محصول | قیمت,محصول
خط چشم ماژیکی مدل Dip Liner حجم 4 میلی لیتر,https://www.khanoumi.com/products/my-colorstay-dip-liner-16975,چرا تخفیف انقدر کم شد لطفا خواهشا تخفیف رو زیاد کنید سبدخریدمون خراب شد,0,false,2025-02-24T14:09:04.0351976+00:00,منفی,0.67,قیمت | محصول,قیمت
خط چشم ماژیکی مدل Dip Liner حجم 4 میلی لیتر,https://www.khanoumi.com/products/my-colorstay-dip-liner-16975,خط چشم من خشک بود,0,true,2025-02-21T10:43:42.1405367+00:00,خنثی,0.35,محصول,محصول
خط چشم ماژیکی مدل Dip Liner حجم 4 میلی لیتر,https://www.khanoumi.com/products/my-colorstay-dip-liner-16975,ماندگاریش خیلی خوبه,0,false,2025-02-04T21:22:54.62239+00:00,مثبت,0.91,محصول,محصول
خط چشم ماژیکی مدل Dip Liner حجم 4 میلی لیتر,https://www.khanoumi.com/products/my-colorstay-dip-liner-16975,فوق العاده روان،مشکی ،مات وماندگار حتماااااا پیشنهادش میکنم عالیه,0,true,2025-02-04T15:44:50.5873388+00:00,مثبت,0.95,سایر,سایر
خط چشم ماژیکی مدل Dip Liner حجم 4 میلی لیتر,https://www.khanoumi.com/products/my-colorstay-dip-liner-16975,"کوچیکه و خیلیی سر نازکی نداره
اما کار باهاش راحته و خط چشم خوب میشه",0,true,2025-02-02T14:34:10.8520761+00:00,مثبت,0.67,سایر,سایر
خط چشم ماژیکی مدل Dip Liner حجم 4 میلی لیتر,https://www.khanoumi.com/products/my-colorstay-dip-liner-16975,با توجه ب نظرات خریدم ولی افتضاح بوددد به معنای واقعی خیلی رقیق بود و ماندگاری نداشت,0,true,2025-01-30T16:15:30.7910086+00:00,منفی,0.67,محصول,محصول
خط چشم ماژیکی مدل Dip Liner حجم 4 میلی لیتر,https://www.khanoumi.com/products/my-colorstay-dip-liner-16975,چند ساله استفاده می کنم و خط چشم خوبیه,0,true,2025-01-28T17:51:17.2545168+00:00,مثبت,0.67,سایر,سایر
خط چشم ماژیکی مدل Dip Liner حجم 4 میلی لیتر,https://www.khanoumi.com/products/my-colorstay-dip-liner-16975,کار باهاش یک مقدار سخته ولی رنگ و ماندگاری خوبی داره,0,true,2025-01-18T22:45:06.1418102+00:00,مثبت,0.67,محصول,محصول
خط چشم ماژیکی مدل Dip Liner حجم 4 میلی لیتر,https://www.khanoumi.com/products/my-colorstay-dip-liner-16975,خط چشم ثابت منه برای بار اول هستش ک از خانومی تهیه میکنم بسیار مات و ماندگاری بالا,0,true,2025-01-18T12:00:11.2133051+00:00,خنثی,0.35,محصول,محصول
خط چشم ماژیکی مدل Dip Liner حجم 4 میلی لیتر,https://www.khanoumi.com/products/my-colorstay-dip-liner-16975,خط چشم خوبیه و من دوباره میخرم مات و در عین ماندگاری راحت پاک میشه,0,true,2025-01-07T07:44:32.7239003+00:00,مثبت,0.67,محصول,محصول
خط چشم ماژیکی مدل Dip Liner حجم 4 میلی لیتر,https://www.khanoumi.com/products/my-colorstay-dip-liner-16975,برای من که حساسیت زابود وپشت پلکم یه کیست دراورد..,0,false,2024-12-21T13:26:30.2469756+00:00,خنثی,0.35,محصول,محصول
خط چشم ماژیکی مدل Dip Liner حجم 4 میلی لیتر,https://www.khanoumi.com/products/my-colorstay-dip-liner-16975,متوسطه بنظرم,0,false,2024-12-19T13:38:28.2566043+00:00,خنثی,0.35,سایر,سایر
خط چشم ماژیکی مدل Dip Liner حجم 4 میلی لیتر,https://www.khanoumi.com/products/my-colorstay-dip-liner-16975,سالهاس این خط چشم استفاده میکنم. عالیه,0,true,2024-12-17T09:26:36.2901307+00:00,مثبت,0.79,سایر,سایر
خط چشم مویی ضد آب حاوی آنتی اکسیدان حجم 8 میلی لیتر,https://www.khanoumi.com/products/my-high-definition-eye-liner-16976,خیلی خوبه مخملی و مشکی و ماندگاره,0,true,2026-08-20T16:18:26.8074969+03:30,مثبت,0.91,سایر,سایر
خط چشم مویی ضد آب حاوی آنتی اکسیدان حجم 8 میلی لیتر,https://www.khanoumi.com/products/my-high-definition-eye-liner-16976,سلام دوستان من تقریبا یکماهی میشه تهیه کردم اما با دست به راحتی پاک میشه.میشه بگین چطوری استفاده میکنید که ریزش نداره؟,0,true,2026-08-06T01:20:29.542337+03:30,خنثی,0.35,سایر,سایر
خط چشم مویی ضد آب حاوی آنتی اکسیدان حجم 8 میلی لیتر,https://www.khanoumi.com/products/my-high-definition-eye-liner-16976,بی نظیره,0,true,2026-07-31T11:19:58.0677284+03:30,خنثی,0.35,سایر,سایر
خط چشم مویی ضد آب حاوی آنتی اکسیدان حجم 8 میلی لیتر,https://www.khanoumi.com/products/my-high-definition-eye-liner-16976,حیف پولی که بابتش دادم نوشته بودین ضد اب و کامنتا همه زدین عالی دریغ از این ک با یکم اشک چشم پاک شد,0,true,2026-07-31T04:28:06.5179892+03:30,مثبت,0.67,محصول,محصول
خط چشم مویی ضد آب حاوی آنتی اکسیدان حجم 8 میلی لیتر,https://www.khanoumi.com/products/my-high-definition-eye-liner-16976,من یه مدت خط چشم کالیستا اسفاده میکردم ولی نسبت به قیمتش اصلا خوب نبود ولی این عالیه ریزش نداره و ضد ابه و راحت شسته میشه و الان برای بار سوم شارژ کردم,0,true,2026-07-26T12:24:37.3551984+03:30,منفی,0.79,محصول | اصل بودن کالا | قیمت,اصل بودن کالا
خط چشم مویی ضد آب حاوی آنتی اکسیدان حجم 8 میلی لیتر,https://www.khanoumi.com/products/my-high-definition-eye-liner-16976,واقعا خوبه عااالی,0,true,2026-07-23T21:31:59.936663+03:30,مثبت,0.79,سایر,سایر
خط چشم مویی ضد آب حاوی آنتی اکسیدان حجم 8 میلی لیتر,https://www.khanoumi.com/products/my-high-definition-eye-liner-16976,5ساله از این خط چشم استفاده می کنم محشره,0,true,2026-07-21T18:40:30.3373543+03:30,خنثی,0.35,سایر,سایر
خط چشم مویی ضد آب حاوی آنتی اکسیدان حجم 8 میلی لیتر,https://www.khanoumi.com/products/my-high-definition-eye-liner-16976,خیلی خوبه.ضد آبه صددرصده,0,true,2026-07-14T17:06:35.0112619+03:30,مثبت,0.91,سایر,سایر
خط چشم مویی ضد آب حاوی آنتی اکسیدان حجم 8 میلی لیتر,https://www.khanoumi.com/products/my-high-definition-eye-liner-16976,عالیهههههه,0,true,2026-07-12T12:21:08.5266474+03:30,مثبت,0.79,سایر,سایر
خط چشم مویی ضد آب حاوی آنتی اکسیدان حجم 8 میلی لیتر,https://www.khanoumi.com/products/my-high-definition-eye-liner-16976,من چند ساله استفاده میکنم بنظرم خیلی خوبه,0,true,2026-07-07T02:21:21.2563289+03:30,مثبت,0.91,سایر,سایر
خط چشم مویی ضد آب حاوی آنتی اکسیدان حجم 8 میلی لیتر,https://www.khanoumi.com/products/my-high-definition-eye-liner-16976,خیلی خفنه البته من تازه گرفتم نمیدونم زود خشک میشه یا نه ولی خیلی قلموی روونی داره و مشکی و ماته رنگش خلاصه عالیه,0,true,2026-07-06T00:26:16.8838065+03:30,مثبت,0.79,محصول,محصول
خط چشم مویی ضد آب حاوی آنتی اکسیدان حجم 8 میلی لیتر,https://www.khanoumi.com/products/my-high-definition-eye-liner-16976,عالیه و حجمشم خوبه 8 میله.کاملا سیاه و ماته و اصلا براق نیس,0,true,2026-07-02T16:41:27.8318874+03:30,مثبت,0.95,محصول | اصل بودن کالا,محصول
خط چشم مویی ضد آب حاوی آنتی اکسیدان حجم 8 میلی لیتر,https://www.khanoumi.com/products/my-high-definition-eye-liner-16976,من چند سالی هست که از این خط چشم استفاده میکنم از جاهای دیگه خریده بودم و اینبار برای اولین بار از خانومی خریدم و جزو خط چشماییه ک خیلی خوبه ،من استخرم که میرم از این میزنم و تا آخر اصلا تکون نمیخوره و هربار تو استخر اسم خط چشمو میپرسن ، به نظر من خیلی براق نیس و من همیشه به اسم مات میخریدمش الان تو توضیحات دیدم براق زده تعجب کردم .و با اینکه ضد آبه ولی موقع شستن انگشت ک بکشین روش راحتم پاک میشه و به نظرم تو خریدش شک نکنین,0,true,2026-07-02T14:41:22.3450305+03:30,مثبت,0.79,محصول | اصل بودن کالا,محصول
خط چشم مویی ضد آب حاوی آنتی اکسیدان حجم 8 میلی لیتر,https://www.khanoumi.com/products/my-high-definition-eye-liner-16976,ضد آب نیست.راحت پاک میشد.ولی فرچش خوبه,0,true,2026-06-29T17:54:04.4088243+03:30,مثبت,0.79,سایر,سایر
خط چشم مویی ضد آب حاوی آنتی اکسیدان حجم 8 میلی لیتر,https://www.khanoumi.com/products/my-high-definition-eye-liner-16976,عالی,0,true,2026-06-22T20:18:12.1638337+03:30,مثبت,0.67,سایر,سایر
خط چشم مویی ضد آب حاوی آنتی اکسیدان حجم 8 میلی لیتر,https://www.khanoumi.com/products/my-high-definition-eye-liner-16976,خیلیییی خوب و نازکه,0,true,2026-06-19T15:29:00.2870913+03:30,مثبت,0.67,سایر,سایر
خط چشم مویی ضد آب حاوی آنتی اکسیدان حجم 8 میلی لیتر,https://www.khanoumi.com/products/my-high-definition-eye-liner-16976,"این بار دومه شارژش میکنم بهترینه به نظرم 
پوست من خیلی چربه با هر چیز دیگه ای خط چشم میکشیدم سریع پاک‌میشد ولی این خط چشم هم ماندگاری خوبی داره هم ماته و اصلا هم پخش نمیشه حجم موادشم خوبه راحت هم شسته میشه",0,true,2026-06-12T14:54:06.6268685+03:30,مثبت,0.91,محصول | اصل بودن کالا,محصول
خط چشم مویی ضد آب حاوی آنتی اکسیدان حجم 8 میلی لیتر,https://www.khanoumi.com/products/my-high-definition-eye-liner-16976,"خیلی خط چشم خوبی خوب و خیلی ازش راضی بودم
با اینکه پوست چربی دارم پلک افتاده و همیشه وقتی خط چشم میکشیدم به بالای پلکم رد سیاهی میداد این خط چشم اصلا اینطور نبود و موندگاری خوبی داشت رو چشمم و راحت هم شسته میشه",0,true,2026-06-01T02:25:50.8774101+03:30,مثبت,0.95,محصول | اصل بودن کالا,محصول
خط چشم مویی ضد آب حاوی آنتی اکسیدان حجم 8 میلی لیتر,https://www.khanoumi.com/products/my-high-definition-eye-liner-16976,بیخود ترین خط چشمی بود ک خریدم از برند مای اصلا توقع این کیفیتو نداشتم انگار آبه سریع پاک میشه کافیه دستم بهش بخوره سریع پاک میشه ماندگاریش نهایت بک ساعت خیلییی بی کیفیت بود خیلی,0,true,2026-05-25T17:04:37.3801696+03:30,ترکیبی,0.66,محصول | اصل بودن کالا,محصول
خط چشم مویی ضد آب حاوی آنتی اکسیدان حجم 8 میلی لیتر,https://www.khanoumi.com/products/my-high-definition-eye-liner-16976,"نمیدونم تا الان چندتا از این خط چشم تموم کردم 
فقط بگم که خیلی دوسش دارم
مات ، راحت باهاش خط چشم میکشم ، مانگاریش هم خیلی خوبه از صبح که خط چشم میکشم تا غروب که از سرکار بیام اصلا بهم نمیخوره ، موقع شستن هم خیلی راحت شسته میشه",0,true,2026-05-24T21:33:05.1205506+03:30,مثبت,0.79,محصول | اصل بودن کالا,محصول
خط چشم مویی ضد آب حاوی آنتی اکسیدان حجم 8 میلی لیتر,https://www.khanoumi.com/products/my-high-definition-eye-liner-16976,از 15 سالگی فقط از همین خط چشم استفاده کردم. عالیه عالی. از روزی که 15 هزارتومن بود تا الآن,0,true,2026-05-17T00:59:24.784026+03:30,مثبت,0.91,محصول,محصول
خط چشم مویی ضد آب حاوی آنتی اکسیدان حجم 8 میلی لیتر,https://www.khanoumi.com/products/my-high-definition-eye-liner-16976,خییییلیییی عالیه نسبت به نظرات گرفتم و چندین بار بعد هم سفارش دادم من هر خط چشمی میزدم به پشت پلکم پس میداد ولی این عالیه اصا پس نمیده و چشم رو اذیت نمیکنه حساسیت نمیده,0,true,2026-05-17T00:15:30.3980873+03:30,خنثی,0.35,سایر,سایر
خط چشم مویی ضد آب حاوی آنتی اکسیدان حجم 8 میلی لیتر,https://www.khanoumi.com/products/my-high-definition-eye-liner-16976,خیلی پره و خیلی سیاهه و اصلا نمیریزه،من سومین باره از این خریدم,0,true,2026-05-16T20:06:48.8223876+03:30,منفی,0.67,اصل بودن کالا,اصل بودن کالا
خط چشم مویی ضد آب حاوی آنتی اکسیدان حجم 8 میلی لیتر,https://www.khanoumi.com/products/my-high-definition-eye-liner-16976,خط چشم خیلی خوب، روان و نرم و پر رنگیه، اصلا ریزش نداره و تا نشوریش پاک نمیشه، در کل خریدش رو توصیه میکنم,0,true,2026-05-11T20:58:28.3606793+03:30,مثبت,0.91,محصول | اصل بودن کالا,محصول
خط چشم مویی ضد آب حاوی آنتی اکسیدان حجم 8 میلی لیتر,https://www.khanoumi.com/products/my-high-definition-eye-liner-16976,"عاالیههه
نه دور چشم رو سیاه میکنه نه دون دون میشه خیلیم داخلش مواد هست زود تموم نمیشه",0,true,2026-05-07T12:37:07.7378668+03:30,خنثی,0.35,محصول,محصول
خط چشم مویی ضد آب حاوی آنتی اکسیدان حجم 8 میلی لیتر,https://www.khanoumi.com/products/my-high-definition-eye-liner-16976,"من که اصلا خوشم نیومد،همون لحظه که میزنی پشت پلک پودری و خورد میشه ودر نهایت کنده میشه
وقتی از روش میکشی بدتر از قبل میشه 
به هیچ عنوان پیشنهاد نمیکنم",0,false,2026-05-06T09:12:09.5890158+03:30,منفی,0.67,محصول | اصل بودن کالا,اصل بودن کالا
خط چشم مویی ضد آب حاوی آنتی اکسیدان حجم 8 میلی لیتر,https://www.khanoumi.com/products/my-high-definition-eye-liner-16976,بهترین خط چشمه از نظر من,0,true,2026-05-06T08:41:32.7866041+03:30,مثبت,0.67,سایر,سایر
خط چشم مویی ضد آب حاوی آنتی اکسیدان حجم 8 میلی لیتر,https://www.khanoumi.com/products/my-high-definition-eye-liner-16976,عالیه واسه دفعه ی دومه دارم میخرمش,0,false,2026-05-04T17:13:51.1840427+03:30,مثبت,0.79,سایر,سایر
خط چشم مویی ضد آب حاوی آنتی اکسیدان حجم 8 میلی لیتر,https://www.khanoumi.com/products/my-high-definition-eye-liner-16976,عالی,0,true,2026-05-02T22:26:44.268165+03:30,مثبت,0.67,سایر,سایر
خط چشم مویی ضد آب حاوی آنتی اکسیدان حجم 8 میلی لیتر,https://www.khanoumi.com/products/my-high-definition-eye-liner-16976,من چندین سال از این خط چشم استفاده میکنم هم روانه هم مشکی هم ماندگار هم سریش نازک,0,true,2026-05-01T03:34:43.9682493+03:30,خنثی,0.35,سایر,سایر
خط چشم مویی ضد آب حاوی آنتی اکسیدان حجم 8 میلی لیتر,https://www.khanoumi.com/products/my-high-definition-eye-liner-16976,چندساله استفاده میکنم خوبیش اینه که ریزش نداره و موندگاره برای سرکار هم عالیه اصلا تکون نمیخوره یا اینکه ی ذره ش پاک بشه بعد چندساعت، پیشنهادش میکنم,0,true,2026-04-30T17:36:58.4100994+03:30,مثبت,0.91,محصول | اصل بودن کالا,محصول
خط چشم مویی ضد آب حاوی آنتی اکسیدان حجم 8 میلی لیتر,https://www.khanoumi.com/products/my-high-definition-eye-liner-16976,"چند ساله اینو استفاده میکنم و خیلی راضی م 
اگه پشت چشمم خشک باشه راحت میمونه و پاک نمیشه 
اگه هم پست چشمم و چرب کنم و بزنم هر وقت بخوام پاک میکنم 
کیفیت و ماندگاری خوبی داره 
چشم و اذیت نمیکنه",0,true,2026-04-26T06:54:57.4168629+03:30,مثبت,0.79,محصول | تحویل و ارسال,محصول
خط چشم مویی ضد آب حاوی آنتی اکسیدان حجم 8 میلی لیتر,https://www.khanoumi.com/products/my-high-definition-eye-liner-16976,واسه کسی ک به قلم مویی عادت داره واقعا عالیه. من چندین ساله استفاده میکنم. بهترین ویژگیش اینه با شستن راحت پاک میشه,0,true,2026-04-25T10:21:37.256168+03:30,مثبت,0.91,محصول,محصول
خط چشم مویی ضد آب حاوی آنتی اکسیدان حجم 8 میلی لیتر,https://www.khanoumi.com/products/my-high-definition-eye-liner-16976,"من همیشه از روی نظرات دوستان خرید میکنم ولی واقعا تو تعریف از این کار دارید زیاده روی میکنید.من راضی نبودم ولی از کالیستا بهتر بود
خیلی زود هم خشک میشه
نه مای نه کالیستا هیچ کدوم خوب نیستن یه مقدار بیشتر هزینه کنید مارک های بهتر بخرید",0,false,2026-04-22T22:24:16.9040537+03:30,منفی,0.79,محصول | قیمت,محصول
خط چشم مویی ضد آب حاوی آنتی اکسیدان حجم 8 میلی لیتر,https://www.khanoumi.com/products/my-high-definition-eye-liner-16976,عالیه تو خریدش شک نکنید من صب ک میرم سرکار میزنم تا ساعت 7 غروب بدون کوچکترین ریزشی یا کمرنگ شدنی میمونه من انواع خط،چشم هارو امتحان کردم هیچکدوم مث این نمیشه دفعه 5 ک میخرم بازم شارژش میکنم,0,true,2026-04-20T22:24:19.864018+03:30,ترکیبی,0.74,محصول,محصول
خط چشم مویی ضد آب حاوی آنتی اکسیدان حجم 8 میلی لیتر,https://www.khanoumi.com/products/my-high-definition-eye-liner-16976,من که راضیم,0,true,2026-04-18T22:08:12.4982194+03:30,مثبت,0.79,سایر,سایر
خط چشم مویی ضد آب حاوی آنتی اکسیدان حجم 8 میلی لیتر,https://www.khanoumi.com/products/my-high-definition-eye-liner-16976,من راضی نبودم چون سری خط چشم نازک نیس و باعث میشه نتونی خط چشم خوبی بکشی و پخش میشه موقع کشیدن، ولی رنگ مات خیلی خوبی داره و خیلیم مشکی هست,0,true,2026-04-18T08:52:18.1946934+03:30,مثبت,0.79,محصول,محصول
خط چشم مویی ضد آب حاوی آنتی اکسیدان حجم 8 میلی لیتر,https://www.khanoumi.com/products/my-high-definition-eye-liner-16976,تاحالا چندبار تهیه کردم . خیلی راضیم . حجمش‌ آبکی زیاده . قلمش‌مویی‌نازک‌هست . بوی‌ بد نمیده.پاک‌کردنشم‌ راحته کثیف‌کاری‌نمیشه .,0,true,2026-04-16T19:07:12.285796+03:30,مثبت,0.91,محصول,محصول
خط چشم مویی ضد آب حاوی آنتی اکسیدان حجم 8 میلی لیتر,https://www.khanoumi.com/products/my-high-definition-eye-liner-16976,بهترینه,0,true,2026-04-14T09:01:03.3501548+03:30,مثبت,0.67,سایر,سایر
خط چشم مویی ضد آب حاوی آنتی اکسیدان حجم 8 میلی لیتر,https://www.khanoumi.com/products/my-high-definition-eye-liner-16976,من سالهاست از خط چشم برند مای استفاده میکنم و به نسبت محصولات ایرانی ماندگاری و کیفیت خوبی داره,0,true,2026-04-12T10:44:33.9650265+03:30,مثبت,0.79,محصول,محصول
خط چشم مویی ضد آب حاوی آنتی اکسیدان حجم 8 میلی لیتر,https://www.khanoumi.com/products/my-high-definition-eye-liner-16976,اندازه‌ش نصف قبل شده کیفیتشم همینطور,0,true,2026-04-10T23:22:40.7096003+03:30,خنثی,0.35,محصول,محصول
خط چشم مویی ضد آب حاوی آنتی اکسیدان حجم 8 میلی لیتر,https://www.khanoumi.com/products/my-high-definition-eye-liner-16976,افتضاحه اصلا انتظار نداشتم اینقدر بی کیفیت باشه خیلی کم رنگه و در عین حال سریع پاک میشه اصلا تکرار نمیکنم و توصیه هم نمیکنم,0,true,2026-04-10T23:21:50.0203241+03:30,منفی,0.91,محصول | اصل بودن کالا,اصل بودن کالا
خط چشم مویی ضد آب حاوی آنتی اکسیدان حجم 8 میلی لیتر,https://www.khanoumi.com/products/my-high-definition-eye-liner-16976,واسه کسایی که با خط چشم نمدی و مویی اوکین مناسب و‌ خوبه فقط موقع کشیدن حواستون باشه اگه خط خورد حتمااا زودی پاککنید چون بعد چند ثانیه خیلی سخت پاک میشه,0,true,2026-04-06T18:55:34.2793102+03:30,مثبت,0.79,محصول,محصول
خط چشم مویی ضد آب حاوی آنتی اکسیدان حجم 8 میلی لیتر,https://www.khanoumi.com/products/my-high-definition-eye-liner-16976,من از برند مای انتظار چنین خط چشمی رو نداشتم، اصلا ماندگاری نداره و ترک میندازه و سریع هم پاک میشه,0,true,2026-04-06T08:10:14.2183148+03:30,منفی,0.67,محصول | اصل بودن کالا,اصل بودن کالا
خط چشم مویی ضد آب حاوی آنتی اکسیدان حجم 8 میلی لیتر,https://www.khanoumi.com/products/my-high-definition-eye-liner-16976,بهترینههه,0,true,2026-04-05T00:37:55.9439907+03:30,مثبت,0.67,سایر,سایر
خط چشم مویی ضد آب حاوی آنتی اکسیدان حجم 8 میلی لیتر,https://www.khanoumi.com/products/my-high-definition-eye-liner-16976,خیلی نازک و مشکی اولین بارم خود خط چشم میگرفتم استفاده ازش برای مبتدی ها خیلی راحته و از کاسه ایی بهتره اما با برند میبلین یا نیکس مقایسه نکنید,0,true,2026-03-30T12:47:35.2932919+03:30,خنثی,0.35,سایر,سایر
خط چشم مویی ضد آب حاوی آنتی اکسیدان حجم 8 میلی لیتر,https://www.khanoumi.com/products/my-high-definition-eye-liner-16976,"نسبت به قیمتش کیفیتش خیلی بالاس 
خوش قیمت و با کیفیته",0,false,2026-03-27T14:06:02.7079716+03:30,خنثی,0.35,محصول | قیمت,محصول
خط چشم مویی ضد آب حاوی آنتی اکسیدان حجم 8 میلی لیتر,https://www.khanoumi.com/products/my-high-definition-eye-liner-16976,"خط چشم ضدآب خیلی خوبی بود
الان دو سری هست می‌خرم اصلا مثل قبل نیست
خیلی بی کیفیت شده",0,false,2026-03-19T17:02:25.5125447+03:30,مثبت,0.95,محصول | اصل بودن کالا,محصول
خط چشم مویی ضد آب حاوی آنتی اکسیدان حجم 8 میلی لیتر,https://www.khanoumi.com/products/my-high-definition-eye-liner-16976,موندگاریش روی چشم خوبه و دیر خشک میشه,0,true,2026-03-16T01:29:49.8571466+03:30,مثبت,0.79,محصول,محصول
خط چشم مویی ضد آب حاوی آنتی اکسیدان حجم 8 میلی لیتر,https://www.khanoumi.com/products/my-high-definition-eye-liner-16976,بیشتر از یکساله که دارمش و تقریبا هر روز استفاده کردم و تازه داره تموم میشه راضیم ازش بازم شارژ میکنم,0,true,2026-03-14T17:38:19.0124174+03:30,مثبت,0.79,محصول,محصول
خط چشم مویی ضد آب حاوی آنتی اکسیدان حجم 8 میلی لیتر,https://www.khanoumi.com/products/my-high-definition-eye-liner-16976,ضد اب نیس ولی موندگاری خوبی داره . اگر خیلی طولانی رو چشم باشه شاید ی کوچولو پاک شه ولی در کل خوبه,0,true,2026-03-11T16:05:17.7332661+03:30,مثبت,0.91,محصول,محصول
خط چشم مویی ضد آب حاوی آنتی اکسیدان حجم 8 میلی لیتر,https://www.khanoumi.com/products/my-high-definition-eye-liner-16976,بنظر من که خوبه من دوس دارم راحت پاک شه و این وسژگی رو داره کلا برای استفاده کوتاه مدت خوبه,0,true,2026-03-11T00:57:52.2177882+03:30,مثبت,0.95,سایر,سایر
خط چشم مویی ضد آب حاوی آنتی اکسیدان حجم 8 میلی لیتر,https://www.khanoumi.com/products/my-high-definition-eye-liner-16976,زود پاک میشه,0,true,2026-03-07T13:49:56.360361+03:30,خنثی,0.35,سایر,سایر
خط چشم مویی ضد آب حاوی آنتی اکسیدان حجم 8 میلی لیتر,https://www.khanoumi.com/products/my-high-definition-eye-liner-16976,باهاش میشه خط چشم های نازکی کشید و بنظرم عالی هست بهرحال نباید خط چشم 24 ساعته باشه هر خط چشمی پاک میشه بهرحال . ولی مای از اول مارک خوبی بوده,0,true,2026-03-02T14:18:55.7031279+03:30,مثبت,0.79,محصول,محصول
خط چشم مویی ضد آب حاوی آنتی اکسیدان حجم 8 میلی لیتر,https://www.khanoumi.com/products/my-high-definition-eye-liner-16976,نسبت به قیمتش خوبه برای مصارف روزمره من چندین سال هست که استفاده میکنم و برام خیلی خوش دست هست راحت میتونم استفاده کنم,0,true,2026-02-01T11:35:46.4590674+03:30,مثبت,0.79,قیمت,قیمت
خط چشم مویی ضد آب حاوی آنتی اکسیدان حجم 8 میلی لیتر,https://www.khanoumi.com/products/my-high-definition-eye-liner-16976,چندین دوره اس دارم استفاده میکنم و راضییم ازش خیلی ظریفه و نسبت به کارایی و کیفیتش قیمت مناسبی داره,0,true,2026-01-23T19:54:36.0924417+03:30,مثبت,0.67,محصول | قیمت,محصول
خط چشم مویی ضد آب حاوی آنتی اکسیدان حجم 8 میلی لیتر,https://www.khanoumi.com/products/my-high-definition-eye-liner-16976,خیلی بده ،مژه هارو بهم میچسبونه و راحت خط نمیکشه,0,true,2026-01-18T13:13:20.169629+03:30,منفی,0.79,محصول,محصول
خط چشم مویی ضد آب حاوی آنتی اکسیدان حجم 8 میلی لیتر,https://www.khanoumi.com/products/my-high-definition-eye-liner-16976,نسبت به قیمتش خوبه دومین داره دارم میخرم ازش,0,true,2026-01-17T08:13:14.3802669+03:30,مثبت,0.79,قیمت,قیمت
خط چشم مویی ضد آب حاوی آنتی اکسیدان حجم 8 میلی لیتر,https://www.khanoumi.com/products/my-high-definition-eye-liner-16976,عالیه باره چندمه که شارژش میکنم,0,false,2026-01-16T00:59:09.7356997+03:30,مثبت,0.79,سایر,سایر
خط چشم مویی ضد آب حاوی آنتی اکسیدان حجم 8 میلی لیتر,https://www.khanoumi.com/products/my-high-definition-eye-liner-16976,من سالهاست از این مدل استفاده میکنم و کاملا راضیم فقط بعد یه تایمی گوشه چشم با رطوبت و عرق پاک میشه ولی در کل عالیه,0,true,2026-01-13T08:29:38.1460795+03:30,مثبت,0.95,سایر,سایر
خط چشم مویی ضد آب حاوی آنتی اکسیدان حجم 8 میلی لیتر,https://www.khanoumi.com/products/my-high-definition-eye-liner-16976,"من دومین بار هستش که این و میخرم
راضیم ازش",0,true,2026-01-12T09:48:36.8535923+03:30,مثبت,0.79,سایر,سایر
خط چشم مویی ضد آب حاوی آنتی اکسیدان حجم 8 میلی لیتر,https://www.khanoumi.com/products/my-high-definition-eye-liner-16976,عالیه من که همش شارژش میکنم ماندگاریش عالیه نمیماسه اصن,0,true,2026-01-08T00:53:51.1777539+03:30,خنثی,0.35,محصول,محصول
خط چشم مویی ضد آب حاوی آنتی اکسیدان حجم 8 میلی لیتر,https://www.khanoumi.com/products/my-high-definition-eye-liner-16976,خوب بود من راضی بودم ازش .تنها بدیش اینه که پاک میشه,0,true,2026-01-03T01:28:50.1667802+03:30,مثبت,0.79,محصول,محصول
خط چشم مویی ضد آب حاوی آنتی اکسیدان حجم 8 میلی لیتر,https://www.khanoumi.com/products/my-high-definition-eye-liner-16976,این خط چشم واقعا عالیه  . ضدآب هس . حتی روی دستم کشیدم و زیر آب گرفتم ازبین نرفت تا وقتی که دستم و کشیدم روش..,0,true,2025-12-25T13:32:09.1728047+03:30,مثبت,0.79,سایر,سایر
خط چشم مویی ضد آب حاوی آنتی اکسیدان حجم 8 میلی لیتر,https://www.khanoumi.com/products/my-high-definition-eye-liner-16976,واقعا عالیه پیشنهاد میکنم,0,true,2025-12-15T23:24:11.1848885+03:30,مثبت,0.95,سایر,سایر
خط چشم مویی ضد آب حاوی آنتی اکسیدان حجم 8 میلی لیتر,https://www.khanoumi.com/products/my-high-definition-eye-liner-16976,خیلی عالیه در روز حدودا 10 ساعت روی چشمامه نه میریزه نه پخش میشه خیلی راحت شسته میشه,0,true,2025-12-03T12:19:01.4330049+03:30,مثبت,0.79,سایر,سایر
خط چشم مویی ضد آب حاوی آنتی اکسیدان حجم 8 میلی لیتر,https://www.khanoumi.com/products/my-high-definition-eye-liner-16976,خیلی راضی نبودم.زود خشک شد بعد از استفاده سریع بریده بریده میشه,0,false,2025-11-30T12:35:22.1098523+03:30,منفی,0.67,محصول,محصول
خط چشم مویی ضد آب حاوی آنتی اکسیدان حجم 8 میلی لیتر,https://www.khanoumi.com/products/my-high-definition-eye-liner-16976,مشکی و ماته روونه قلمش خیلی نازک و خوبه ماندگاری خوبی هم داره,0,true,2025-11-28T22:40:23.0042238+03:30,مثبت,0.91,محصول,محصول
خط چشم مویی ضد آب حاوی آنتی اکسیدان حجم 8 میلی لیتر,https://www.khanoumi.com/products/my-high-definition-eye-liner-16976,من ده ساله هر روز از این خط چشم میکشم، قبلا واقعا عالی بود ولی این مدت هر چی خریدم بعد چند بار استفاده موادش غلیظ میشه و دیگه نمیشه باهاش خط چشم ظریف کشید، موندگاریش هم زیاد جالب نیست یعنی اگه دست بکشید راحت پاک میشه، من فکر میکردم شاید بخاطر زمان تولیدش باشه ولی حتی تولید همین امسال رو هم که خریدم همین مشکل رو  باهاش داشتم، با اینکه مشتری ثابت این خط چشم بودم ولی بنظرم الان دیگه ارزش خرید نداره!,0,true,2025-11-24T19:05:10.0736376+03:30,مثبت,0.67,محصول | قیمت,محصول
خط چشم مویی ضد آب حاوی آنتی اکسیدان حجم 8 میلی لیتر,https://www.khanoumi.com/products/my-high-definition-eye-liner-16976,آشغاله ضداب که نیست بلکه بایذره چربی گوشه چشم سریع پاک میشه میریزه,0,true,2025-11-20T22:54:40.0763343+03:30,خنثی,0.35,سایر,سایر
خط چشم مویی ضد آب حاوی آنتی اکسیدان حجم 8 میلی لیتر,https://www.khanoumi.com/products/my-high-definition-eye-liner-16976,موندگاری  نداره مثلا ضد اب ،دست میزتی میریزه ،خوشم نیومد,0,true,2025-11-19T22:04:09.2472703+03:30,خنثی,0.35,محصول,محصول
خط چشم مویی ضد آب حاوی آنتی اکسیدان حجم 8 میلی لیتر,https://www.khanoumi.com/products/my-high-definition-eye-liner-16976,"مشکی و مات و روونه، ماندگاری خیلی خوبی داره، پلاستیکی نیست و راحت شسته می‌شه، حجمشم خوبه
فقط گاهی به مژه های گوشه چشمم می‌خوره که باعث خشک شدنشون می‌شه که زیادهم اهمیتی نداره",0,true,2025-11-12T00:16:37.938309+03:30,مثبت,0.95,محصول,محصول
خط چشم مویی ضد آب حاوی آنتی اکسیدان حجم 8 میلی لیتر,https://www.khanoumi.com/products/my-high-definition-eye-liner-16976,"خیلی خوبه، ماته و اگر اشتباه بکشین راحت پاک میشه پخش نمیشه، ترک هم نمیخوره
البته سرش خیلی باریک نیست
من قبلا کالیستا استفاده میکردم، کالیستا براقه و وقتی اشتباه بکشید پاک کنین مثل جوهر پخش میشه، البته سرش باریک تر از مای هست و اینکه کلا محصولات کالیستا دیر تموم میشن
نمیدونم مای چه جوریه",0,true,2025-11-03T23:28:12.4799805+03:30,مثبت,0.91,محصول,محصول
خط چشم مویی ضد آب حاوی آنتی اکسیدان حجم 8 میلی لیتر,https://www.khanoumi.com/products/my-high-definition-eye-liner-16976,عالیه..چند ساله استفاده میکنم و راضیم..ضدآبه دور چشم سیاه نمیکنه..بوی بد نداره..خشک نمیشه تا آخر استفاده میشه,0,false,2025-11-03T07:36:26.4848091+03:30,مثبت,0.95,محصول,محصول
خط چشم مویی ضد آب حاوی آنتی اکسیدان حجم 8 میلی لیتر,https://www.khanoumi.com/products/my-high-definition-eye-liner-16976,اصلا خوب نیس ب سختی پاک میکشه و وقتی مواد به مژه میخوره مژه ها خشک میشه,0,true,2025-10-30T09:01:14.5536254+03:30,مثبت,0.79,محصول | اصل بودن کالا,محصول
خط چشم مویی ضد آب حاوی آنتی اکسیدان حجم 8 میلی لیتر,https://www.khanoumi.com/products/my-high-definition-eye-liner-16976,من خیلی ساله خط چشم کالیستا استفاده میکردم سرکار استفاده میکردم تا اخر تایم کاری پاک میشد، خواستم یه خط چشم جدید استفاده کنم این گرفتم واقعا عالیه اصلا تکون نمیخوره و خیلی موندگاره,0,true,2025-10-28T16:46:50.7909748+03:30,مثبت,0.67,محصول | اصل بودن کالا,محصول
خط چشم مویی ضد آب حاوی آنتی اکسیدان حجم 8 میلی لیتر,https://www.khanoumi.com/products/my-high-definition-eye-liner-16976,رنگ و ماندگاریش خوبه. ولی وقتی درش میاری یهو قطره هاش نیپاشه اینور و اونور و سخت تمیز میشه,0,true,2025-10-28T10:13:27.3335539+03:30,مثبت,0.79,محصول,محصول
خط چشم مویی ضد آب حاوی آنتی اکسیدان حجم 8 میلی لیتر,https://www.khanoumi.com/products/my-high-definition-eye-liner-16976,استفاده میکنم عالی,0,false,2025-10-23T18:28:27.6519187+03:30,مثبت,0.67,سایر,سایر
خط چشم مویی ضد آب حاوی آنتی اکسیدان حجم 8 میلی لیتر,https://www.khanoumi.com/products/my-high-definition-eye-liner-16976,ی خط چشم مات و مشکی واقعا از خریدم راضی هستم,0,true,2025-10-15T19:19:51.720082+03:30,مثبت,0.67,سایر,سایر
خط چشم مویی ضد آب حاوی آنتی اکسیدان حجم 8 میلی لیتر,https://www.khanoumi.com/products/my-high-definition-eye-liner-16976,من سالهاست ک ازین محصول استفاده میکنم خیلی راضیم ولی جدیدا حس میکنم کیفیت قبلو نداره,0,true,2025-10-14T00:59:35.4215682+03:30,مثبت,0.79,محصول,محصول
خط چشم مویی ضد آب حاوی آنتی اکسیدان حجم 8 میلی لیتر,https://www.khanoumi.com/products/my-high-definition-eye-liner-16976,خیلی خط چشم خوبیه واقعا عالیه اما شانس من این بار که خریدم تو پلمپ سرش دو شاخه شده بود,0,true,2025-10-13T20:18:04.4444228+03:30,مثبت,0.91,محصول | تحویل و ارسال,محصول
خط چشم مویی ضد آب حاوی آنتی اکسیدان حجم 8 میلی لیتر,https://www.khanoumi.com/products/my-high-definition-eye-liner-16976,خوبه مشکی بودنش تیکه تیکه هم نمیشه ولی احساس میکنم زود پاک میشه و ماندگاریش کمه,0,true,2025-10-08T02:00:52.9490941+03:30,مثبت,0.79,محصول,محصول
خط چشم مویی ضد آب حاوی آنتی اکسیدان حجم 8 میلی لیتر,https://www.khanoumi.com/products/my-high-definition-eye-liner-16976,عالی،تو خرید بعدی مجدد سفارش میدم,0,true,2025-10-03T19:43:28.0788357+03:30,مثبت,0.67,سایر,سایر
خط چشم مویی ضد آب حاوی آنتی اکسیدان حجم 8 میلی لیتر,https://www.khanoumi.com/products/my-high-definition-eye-liner-16976,"بسیار عالی 
راحت و زیبا میتونی ی خط چشم بکشی و با خیال راحت بدون هیچ ریزش و پاک شدنی",0,true,2025-09-27T09:13:05.9006231+03:30,ترکیبی,0.66,سایر,سایر
خط چشم مویی ضد آب حاوی آنتی اکسیدان حجم 8 میلی لیتر,https://www.khanoumi.com/products/my-high-definition-eye-liner-16976,عااالی بود,0,true,2025-09-19T20:04:44.5016164+03:30,خنثی,0.35,محصول,محصول
خط چشم مویی ضد آب حاوی آنتی اکسیدان حجم 8 میلی لیتر,https://www.khanoumi.com/products/my-high-definition-eye-liner-16976,دوستش داشتم راحت کشیده میشد و موی سرش اندازه  بود هم از نظر حجم و هم قد . در کل راضی بودم و دوستش داشتم.  ممنون ازتون,0,true,2025-09-11T15:09:55.5624128+03:30,مثبت,0.79,محصول,محصول
خط چشم مویی ضد آب حاوی آنتی اکسیدان حجم 8 میلی لیتر,https://www.khanoumi.com/products/my-high-definition-eye-liner-16976,بهترین خط چشمی هست که تاحالا داشتم مجدد سفارش دادم خیلی مشکی و مخملی هستش ریزش اصلا نداره و بدون مهارت خاصی خط چشم عالی میتونی بکشی,0,true,2025-09-11T02:16:36.3372723+03:30,مثبت,0.79,اصل بودن کالا,اصل بودن کالا
خط چشم مویی ضد آب حاوی آنتی اکسیدان حجم 8 میلی لیتر,https://www.khanoumi.com/products/my-high-definition-eye-liner-16976,ماندگاریش خیلی خوبه 7یا8 ساعت خیالتون راحته,0,true,2025-09-06T19:52:19.7749195+03:30,مثبت,0.91,محصول,محصول
خط چشم مویی ضد آب حاوی آنتی اکسیدان حجم 8 میلی لیتر,https://www.khanoumi.com/products/my-high-definition-eye-liner-16976,عالیه,0,true,2025-07-27T12:02:44.0990677+00:00,مثبت,0.79,سایر,سایر
خط چشم مویی ضد آب حاوی آنتی اکسیدان حجم 8 میلی لیتر,https://www.khanoumi.com/products/my-high-definition-eye-liner-16976,بهترین خط چشمی هست که داشتم 6 ساله ازش استفاده میکنم هم روانه هم دوام خوبی داره,0,true,2025-07-27T05:17:31.7897365+00:00,مثبت,0.79,سایر,سایر
خط چشم مویی ضد آب حاوی آنتی اکسیدان حجم 8 میلی لیتر,https://www.khanoumi.com/products/my-high-definition-eye-liner-16976,خیلی عالیه، من 2 سالی میشه که فقط از این مدل استفاده می کنم,0,true,2025-07-23T16:06:05.2273556+00:00,مثبت,0.79,سایر,سایر
خط چشم مویی ضد آب حاوی آنتی اکسیدان حجم 8 میلی لیتر,https://www.khanoumi.com/products/my-high-definition-eye-liner-16976,خط چشم خوبیه,0,true,2025-07-23T07:31:13.8477063+00:00,مثبت,0.67,سایر,سایر
خط چشم مویی ضد آب حاوی آنتی اکسیدان حجم 8 میلی لیتر,https://www.khanoumi.com/products/my-high-definition-eye-liner-16976,عالیه من چند باره میخرم از این مارک هم رنگش خوبه هم روون و نرم میکشه,0,true,2025-07-17T08:48:34.0786804+00:00,مثبت,0.95,محصول,محصول
خط چشم مویی ضد آب حاوی آنتی اکسیدان حجم 8 میلی لیتر,https://www.khanoumi.com/products/my-high-definition-eye-liner-16976,خداست,0,false,2025-06-24T16:21:15.6325584+00:00,خنثی,0.35,سایر,سایر
خط چشم مویی ضد آب حاوی آنتی اکسیدان حجم 8 میلی لیتر,https://www.khanoumi.com/products/my-high-definition-eye-liner-16976,"خیلی رون و نرم و راحته
پیشنهاد میکنم که استفاده کنید",0,true,2025-06-09T09:02:53.6174813+00:00,مثبت,0.79,سایر,سایر
خط چشم مویی ضد آب حاوی آنتی اکسیدان حجم 8 میلی لیتر,https://www.khanoumi.com/products/my-high-definition-eye-liner-16976,این خط چشم عاااالیه تو رو خدا تخفیف بیشتر بزارین که بتونیم بخریم، من هرروز چک میکنم ببینم تخفیف بیشتر شده یانه تا بخرم، اخه تخفیف 2درصدی خیلی کمه,0,false,2025-06-09T08:26:15.7757259+00:00,خنثی,0.35,قیمت,قیمت
خط چشم مویی ضد آب حاوی آنتی اکسیدان حجم 8 میلی لیتر,https://www.khanoumi.com/products/my-high-definition-eye-liner-16976,خط چشم روان و مشکی و ماندگاری خوب ، تیکه تیکه هم نمیشه,0,true,2025-06-06T11:29:45.76677+00:00,مثبت,0.67,محصول,محصول
خط چشم مویی ضد آب حاوی آنتی اکسیدان حجم 8 میلی لیتر,https://www.khanoumi.com/products/my-high-definition-eye-liner-16976,این خط چشم عالیه بیش از 5 ساله فقط از همین خط چشم استفاده میکنم لطفا توی تخفیف بذاریدش الان خیلی گرون شده,0,true,2025-05-26T04:34:19.8808162+00:00,مثبت,0.79,قیمت,قیمت
خط چشم مویی ضد آب حاوی آنتی اکسیدان حجم 8 میلی لیتر,https://www.khanoumi.com/products/my-high-definition-eye-liner-16976,خیلی خوبه,0,true,2025-05-23T08:49:45.9844674+00:00,مثبت,0.91,سایر,سایر
خط چشم مویی ضد آب حاوی آنتی اکسیدان حجم 8 میلی لیتر,https://www.khanoumi.com/products/my-high-definition-eye-liner-16976,خیلی خوبه,0,true,2025-05-11T07:06:21.3130197+00:00,مثبت,0.91,سایر,سایر
کرم ضد آفتاب ضد چروک رنگی حاوی اس پی اف 50 حجم 50 میلی لیتر,https://www.khanoumi.com/products/my-sunscreen-16977,چند سالی میشه که از این کرم استفاده می کنم. بافت سبکی داره و چون تابستون ها تعریق زیادی دارم، اصلا روی صورتم نمی ماسه و خراب نمی شه. باهاش جوش هم نزدم. ,0,false,2022-12-24T09:01:58+00:00,مثبت,0.67,محصول | اصل بودن کالا,محصول
کرم ضد آفتاب ضد چروک رنگی حاوی اس پی اف 50 حجم 50 میلی لیتر,https://www.khanoumi.com/products/my-sunscreen-16977,جذب خوبي نداره چربه.  واسه كسايي كه پوست چرب دارن بدرد نميخوره,5,true,2022-02-24T00:42:11+00:00,خنثی,0.4,محصول,محصول
کرم ضد آفتاب ضد چروک رنگی حاوی اس پی اف 50 حجم 50 میلی لیتر,https://www.khanoumi.com/products/my-sunscreen-16977,من این کرم رو خریدم اما رنگش اشتباه ارسال شده بود عودت کردم.با وجود گذشت نزدیک به یک ماه نه کرم و نه هزینه ارسال اون رو دریافت نکردم.,22,true,2018-01-01T12:12:55.0866667+00:00,خنثی,0.35,محصول | تحویل و ارسال | قیمت,محصول
خط چشم ماژیکی مدل Dip Liner حجم 4 میلی لیتر,https://www.khanoumi.com/products/my-colorstay-dip-liner-16975,من سالهاست از این خط چشم استفاده میکنم مات و مشکی و خوش دسته و روی پلک طبیعی میشینه براق و پلاستیکی نیست دلم نمیخواد هیچ خط چشم دیگه ای به جز این رو تست کنم,0,true,2024-12-16T14:02:13.4718295+00:00,خنثی,0.35,سایر,سایر
خط چشم ماژیکی مدل Dip Liner حجم 4 میلی لیتر,https://www.khanoumi.com/products/my-colorstay-dip-liner-16975,خط چشم های زیادی امتحان کردم به جرات میگم محشر ترین بود.... زود خشک میشه و ضد آبه .... اولین خریدم از خانومی باز هم میخرم حتما,0,true,2024-12-15T21:00:02.9893493+00:00,خنثی,0.35,محصول,محصول
خط چشم ماژیکی مدل Dip Liner حجم 4 میلی لیتر,https://www.khanoumi.com/products/my-colorstay-dip-liner-16975,همیشه میخرم ایندفعه تو تخفیف عالی بود,0,true,2024-12-15T12:41:56.1893171+00:00,مثبت,0.79,محصول | قیمت,محصول
خط چشم ماژیکی مدل Dip Liner حجم 4 میلی لیتر,https://www.khanoumi.com/products/my-colorstay-dip-liner-16975,آقا من خط چشم فلورمار داشتم شون داشتم کویین داشتم ایفسن داشتم اما هیچ کدوم به خوبی مای نبودن!,0,true,2024-12-07T13:52:39.8465226+00:00,منفی,0.67,محصول,محصول
خط چشم ماژیکی مدل Dip Liner حجم 4 میلی لیتر,https://www.khanoumi.com/products/my-colorstay-dip-liner-16975,خط چشم خوبیه و اصلا کثیف نمیکنه سریع هم خشک میشه بهترین خط چشم.,0,true,2024-12-06T20:08:37.332872+00:00,مثبت,0.67,اصل بودن کالا,اصل بودن کالا
خط چشم ماژیکی مدل Dip Liner حجم 4 میلی لیتر,https://www.khanoumi.com/products/my-colorstay-dip-liner-16975,اگه پوست چشمتون حساسه پیشنهاد نمیکنم کلا بد نیست,0,true,2024-11-25T21:28:09.455211+00:00,خنثی,0.4,محصول,محصول
خط چشم ماژیکی مدل Dip Liner حجم 4 میلی لیتر,https://www.khanoumi.com/products/my-colorstay-dip-liner-16975,عالیییییییی,0,true,2024-11-09T19:16:57.8708033+00:00,مثبت,0.67,سایر,سایر
خط چشم ماژیکی مدل Dip Liner حجم 4 میلی لیتر,https://www.khanoumi.com/products/my-colorstay-dip-liner-16975,خوبه مشکی و مات و راحت فیتیله میشه موقع تمیز کردن,0,true,2024-08-30T22:27:27+00:00,مثبت,0.79,محصول,محصول
خط چشم ماژیکی مدل Dip Liner حجم 4 میلی لیتر,https://www.khanoumi.com/products/my-colorstay-dip-liner-16975,عاااااالی...,0,false,2024-08-23T00:00:09+00:00,خنثی,0.35,سایر,سایر
خط چشم ماژیکی مدل Dip Liner حجم 4 میلی لیتر,https://www.khanoumi.com/products/my-colorstay-dip-liner-16975,"قلم خیلی خوبی داره 
ماندگاریشم خوبه",0,false,2024-07-06T22:36:59+00:00,مثبت,0.95,محصول,محصول
خط چشم ماژیکی مدل Dip Liner حجم 4 میلی لیتر,https://www.khanoumi.com/products/my-colorstay-dip-liner-16975,معمولیه و رنگ مشکیش کمرنگه ولی نسبت به قیمتش خوبه ,0,true,2024-06-29T18:06:48+00:00,مثبت,0.79,محصول | قیمت,محصول
خط چشم ماژیکی مدل Dip Liner حجم 4 میلی لیتر,https://www.khanoumi.com/products/my-colorstay-dip-liner-16975,خیلی خط چشم خوبیه نه میریزه و نه پوسته پوسته میشه براق نیست و حالت پلاستیکی نداره ,0,true,2024-06-26T11:53:55+00:00,مثبت,0.67,محصول,محصول
خط چشم ماژیکی مدل Dip Liner حجم 4 میلی لیتر,https://www.khanoumi.com/products/my-colorstay-dip-liner-16975,"خوب نیست. زود پاک میشه و رنگ مشکی خیلی کمرنگی داره چند سری باید بکشی
",0,true,2024-06-19T12:19:59+00:00,منفی,0.67,محصول,محصول
خط چشم ماژیکی مدل Dip Liner حجم 4 میلی لیتر,https://www.khanoumi.com/products/my-colorstay-dip-liner-16975,یکی از بهترین خط چشم هاییه ک داشتم,0,true,2024-06-15T15:15:43+00:00,مثبت,0.67,سایر,سایر
خط چشم ماژیکی مدل Dip Liner حجم 4 میلی لیتر,https://www.khanoumi.com/products/my-colorstay-dip-liner-16975,"عالیه
چند ساله که ازش استفاده میکنم",0,true,2024-06-13T14:31:56+00:00,مثبت,0.79,سایر,سایر
خط چشم ماژیکی مدل Dip Liner حجم 4 میلی لیتر,https://www.khanoumi.com/products/my-colorstay-dip-liner-16975,این خط چشم ماندگاری خوبی داره قلمش باریک و خوبه موادش عالیه پیشنهاد میکنم,0,true,2024-06-08T11:29:17+00:00,مثبت,0.95,محصول,محصول
خط چشم ماژیکی مدل Dip Liner حجم 4 میلی لیتر,https://www.khanoumi.com/products/my-colorstay-dip-liner-16975,عالیه. کار باهاش راحته. زود خشک میشه,0,true,2024-06-06T19:21:57+00:00,مثبت,0.79,سایر,سایر
خط چشم ماژیکی مدل Dip Liner حجم 4 میلی لیتر,https://www.khanoumi.com/products/my-colorstay-dip-liner-16975,ب نظرم برای چشمهای حساس خوب نیست و ضد آبم نیست,0,false,2024-05-26T16:34:59+00:00,منفی,0.67,سایر,سایر
خط چشم ماژیکی مدل Dip Liner حجم 4 میلی لیتر,https://www.khanoumi.com/products/my-colorstay-dip-liner-16975,"من چندساله این خط چشم رو استفاده میکنم
کاملا مات و سیاهه پاک کردنش راحته و تا دست نکشی و اب نخوره نمیریزه",0,true,2024-05-11T00:35:46+00:00,خنثی,0.35,سایر,سایر
خط چشم ماژیکی مدل Dip Liner حجم 4 میلی لیتر,https://www.khanoumi.com/products/my-colorstay-dip-liner-16975,من راضیم واقعا خوبه ولی حواستون باشه به مژه هاتون نخوره,0,true,2024-05-06T19:36:00+00:00,مثبت,0.95,سایر,سایر
خط چشم ماژیکی مدل Dip Liner حجم 4 میلی لیتر,https://www.khanoumi.com/products/my-colorstay-dip-liner-16975,واقعا عالیه این خط چشم هم کار باهاش راحته هم پررنگه اگه موقع کشیدن دستت خطا بره بخوای پاکش کنی اذیت نمیشی و کل اطراف چشم و سیاه نمیکنه ولی یکم که بگذره سرجاش فیکس میشه و از صبح تا شب پاک نمیشه من چندین بار سفارش دادم و راضی ام,0,true,2024-05-04T00:41:22+00:00,ترکیبی,0.92,محصول | اصل بودن کالا,محصول
خط چشم ماژیکی مدل Dip Liner حجم 4 میلی لیتر,https://www.khanoumi.com/products/my-colorstay-dip-liner-16975,"خیلی کوچولوعه.امیدوارم یک سال حدقل برام کارکنه
اما موندگاری خوبی داره.مشکی پررررنگه.راضی ام درکل ",0,true,2024-05-02T18:58:01+00:00,مثبت,0.91,محصول,محصول
خط چشم ماژیکی مدل Dip Liner حجم 4 میلی لیتر,https://www.khanoumi.com/products/my-colorstay-dip-liner-16975,برای استفاده روزانه خیلی خوبه ,0,true,2024-04-30T20:44:00+00:00,مثبت,0.91,سایر,سایر
خط چشم ماژیکی مدل Dip Liner حجم 4 میلی لیتر,https://www.khanoumi.com/products/my-colorstay-dip-liner-16975,"خیلی باکیفیت و عالی بود
کار کردن باهاش راحته
فقط حجم کمی داره که نسبت به قیمتش مناسبه",0,false,2024-04-29T14:58:50+00:00,مثبت,0.79,محصول | قیمت,محصول
خط چشم ماژیکی مدل Dip Liner حجم 4 میلی لیتر,https://www.khanoumi.com/products/my-colorstay-dip-liner-16975,"رنگش مشکی و خوبه
اما مدل ماژیکی نک پهنی داره و ظرافت خط چشم و کم میکنه
ماندگاریش خیلی کمه و با انگش میره اصلا ضد آب نیست
گوشه ی داخلی چشم هم اصلا نمیشه کشید اصلا نمیمونه
با اختلاف هزینه کم گزینه های بهتر هست",0,false,2024-04-21T14:57:15+00:00,منفی,0.67,محصول | اصل بودن کالا | قیمت,اصل بودن کالا
خط چشم ماژیکی مدل Dip Liner حجم 4 میلی لیتر,https://www.khanoumi.com/products/my-colorstay-dip-liner-16975,ممنون بابت ارسال به موقع.این خط چشم عالیه،پخش شدگی نداره و برای من حساسیت زا نبوده تو این سالها,0,true,2024-04-21T12:29:34+00:00,مثبت,0.91,محصول | تحویل و ارسال,محصول
خط چشم ماژیکی مدل Dip Liner حجم 4 میلی لیتر,https://www.khanoumi.com/products/my-colorstay-dip-liner-16975,همه چیزش عالی باعث حساسیت نمیشه و کاملا مشکیه فقط حجمش کمه ,0,true,2024-04-15T18:54:53+00:00,مثبت,0.67,محصول,محصول
خط چشم ماژیکی مدل Dip Liner حجم 4 میلی لیتر,https://www.khanoumi.com/products/my-colorstay-dip-liner-16975,سلام،من چندین سال خط چشم مای استفاده میکنم نمیشه گفت عالی ولی خوبه هم مشکی هست هم مات هست البته من مدل مویی رواستفاده میکنم،ازخانومی خواهش میکنم شارژکنه که بتونم بخرم,0,false,2024-04-14T00:19:50+00:00,مثبت,0.67,محصول,محصول
خط چشم ماژیکی مدل Dip Liner حجم 4 میلی لیتر,https://www.khanoumi.com/products/my-colorstay-dip-liner-16975,محصولات  مای خوبن . من چندین سال هست از این خط چشم استفاده میکنم و راضی ام.  ممنون خانومی,0,true,2024-04-12T18:58:27+00:00,مثبت,0.95,محصول,محصول
خط چشم ماژیکی مدل Dip Liner حجم 4 میلی لیتر,https://www.khanoumi.com/products/my-colorstay-dip-liner-16975,خوبه راضی ام,0,false,2024-04-02T16:05:20+00:00,مثبت,0.95,سایر,سایر
خط چشم ماژیکی مدل Dip Liner حجم 4 میلی لیتر,https://www.khanoumi.com/products/my-colorstay-dip-liner-16975,تخفیف 60 درصد بزنین,0,false,2024-03-08T09:35:22+00:00,خنثی,0.35,قیمت,قیمت
خط چشم ماژیکی مدل Dip Liner حجم 4 میلی لیتر,https://www.khanoumi.com/products/my-colorstay-dip-liner-16975,عالیه چندساله ازین خط چشم استفاده میکنم خیلی با کیفیتی فقط بنسبت قیمت حجمش کمه ,0,true,2024-03-03T08:17:22+00:00,مثبت,0.79,محصول | قیمت,محصول
خط چشم ماژیکی مدل Dip Liner حجم 4 میلی لیتر,https://www.khanoumi.com/products/my-colorstay-dip-liner-16975,برای مادرم گرفتم حجم کمی داره ولی کیفیت به نسبت خوبی داره. من استفاده نمیکنم ولی مادرم هربار فقط این مدل رو شارژ میکنن. بعد از خرید 60 تومن تخفیف خورد که تو ذوقم خورد. ماندگاری خوبی داره رو چشم و پررنگه,0,true,2024-02-25T18:35:10+00:00,مثبت,0.79,محصول | قیمت,محصول
خط چشم ماژیکی مدل Dip Liner حجم 4 میلی لیتر,https://www.khanoumi.com/products/my-colorstay-dip-liner-16975,شانس لطفااااااااا,0,true,2024-02-16T16:35:31+00:00,خنثی,0.35,سایر,سایر
خط چشم ماژیکی مدل Dip Liner حجم 4 میلی لیتر,https://www.khanoumi.com/products/my-colorstay-dip-liner-16975,اصلا خوب نیست، نمیشه باهاش راحت خط چشم کشید و فقط کافیه یه لحظه دست بکشه رو چشمت، کامل پاک میشه,0,true,2024-02-11T11:25:59+00:00,منفی,0.79,اصل بودن کالا,اصل بودن کالا
خط چشم ماژیکی مدل Dip Liner حجم 4 میلی لیتر,https://www.khanoumi.com/products/my-colorstay-dip-liner-16975,خط چشم خوبیه راضیم ازش فقط قلمش یکم بزرگه و حجمش کمه,0,true,2024-02-11T01:26:11+00:00,مثبت,0.91,محصول,محصول
خط چشم ماژیکی مدل Dip Liner حجم 4 میلی لیتر,https://www.khanoumi.com/products/my-colorstay-dip-liner-16975,یادم نمیاد چند ساله ولی سالهاست از این فقط استفاده میکنم. از وقتی 12 هزار تومن بود دارم میخرمش. بخریدش ,0,true,2024-01-16T21:54:08+00:00,خنثی,0.35,محصول,محصول
خط چشم ماژیکی مدل Dip Liner حجم 4 میلی لیتر,https://www.khanoumi.com/products/my-colorstay-dip-liner-16975,شانس لطفااااا,0,true,2023-12-31T21:10:08+00:00,خنثی,0.35,سایر,سایر
خط چشم ماژیکی مدل Dip Liner حجم 4 میلی لیتر,https://www.khanoumi.com/products/my-colorstay-dip-liner-16975,کار کردن باهاش راحته و ریزش نداره فقط اینکه نسبت به قیمتش موادش کمه و زود خشک میشه,0,false,2023-12-02T15:45:06+00:00,خنثی,0.35,محصول | قیمت,محصول
خط چشم ماژیکی مدل Dip Liner حجم 4 میلی لیتر,https://www.khanoumi.com/products/my-colorstay-dip-liner-16975,واقعا خط چشم خوبیه نسبت به خیلی از خط چشم های گرونتر عالیه,0,true,2023-11-28T12:47:24+00:00,مثبت,0.91,قیمت,قیمت
خط چشم ماژیکی مدل Dip Liner حجم 4 میلی لیتر,https://www.khanoumi.com/products/my-colorstay-dip-liner-16975,خوب. بادوام. ماندگاری بالا. فقط فرچه اش چون ماژیکی هست برای من کار باهاش یه کم سخته به مویی عادت دارم:) ,0,true,2023-11-01T12:46:13+00:00,مثبت,0.67,محصول,محصول
خط چشم ماژیکی مدل Dip Liner حجم 4 میلی لیتر,https://www.khanoumi.com/products/my-colorstay-dip-liner-16975,اولین بار بود که این خط چشم رو میخرم و در یک کلام باید بگم عالیه، اولش برای اصلاح کار راحت پاک میشه و بعدش که خشک میشه ماندگاری خیلی بالایی داره، و کار کردن باهاش خیلی راحته من واقعا راضی بودم، فقط نسبت به قیمتش حجم کمی داره بهتره تو تخفیف خریداری کنید,1,true,2023-10-20T18:46:50+00:00,مثبت,0.95,محصول | قیمت | اصل بودن کالا,محصول
خط چشم ماژیکی مدل Dip Liner حجم 4 میلی لیتر,https://www.khanoumi.com/products/my-colorstay-dip-liner-16975,کار کردن باهاش راحته مخصوصا برای من ک حرفه ای نیستم ، اگر اشتباه کنی زود پاک میشه و میشه درست کرد ... بعد از چند ثانیه خشک میشه و ماندگتدی بالایی داره  مخصوصا برای من ک آرایش خیلی روی صورتم نمیمونه ولی این خط چشم پاک نشد ، ممنونم از مای و خانومی,2,false,2023-10-13T14:57:46+00:00,منفی,0.67,محصول,محصول
خط چشم ماژیکی مدل Dip Liner حجم 4 میلی لیتر,https://www.khanoumi.com/products/my-colorstay-dip-liner-16975,من این خط چشم رو خریدم،تاریخ انقضاء تا 1405 ،و قیمتش هم نسبت به جاهای دیگه مناسب تره.هنوز استفاده نکردم که نظرمو دربارش بدم,2,true,2023-09-07T18:57:13+00:00,منفی,0.67,محصول | قیمت,محصول
خط چشم ماژیکی مدل Dip Liner حجم 4 میلی لیتر,https://www.khanoumi.com/products/my-colorstay-dip-liner-16975,کیفیتش نسبتا خوبه و رنگش مشکیه البته کمی رنگ میده و زیر چشم را کثیف میکمه. بدترین موردش این بود که بعد از چند بار استفاده ظرف پایینش ترک برداشت و مقداری از موادش زد بیرون که فعلا با چسب چسباندم. کلا سرش سفته و کمی گیر می کنه تا بیاد بیرون,1,false,2023-09-02T20:18:11+00:00,ترکیبی,0.82,محصول,محصول
خط چشم ماژیکی مدل Dip Liner حجم 4 میلی لیتر,https://www.khanoumi.com/products/my-colorstay-dip-liner-16975,مشکی و ماته، استفاده ازش آسونه ولی ماندگاری بالایی نداره و حجمش خیلی کمه. ,3,true,2023-06-20T16:05:01+00:00,خنثی,0.35,محصول,محصول
خط چشم ماژیکی مدل Dip Liner حجم 4 میلی لیتر,https://www.khanoumi.com/products/my-colorstay-dip-liner-16975,خیلی خفن و عالی نیست ولی بدم نیست ، نسبتا خوبه ... من خودم دو سالی هست ازش استفاده میکنم راضیم ,0,true,2023-05-14T09:24:35+00:00,خنثی,0.4,سایر,سایر
خط چشم ماژیکی مدل Dip Liner حجم 4 میلی لیتر,https://www.khanoumi.com/products/my-colorstay-dip-liner-16975,من قبلا دیپ لاینر مای رو داشتم و فوق العاده راضی بودم از ضدآب بودن و ماندگاریش. اینبار از خانومی خط چشم مویی رو گرفتم فرچه ش خوب و خوش دسته اما متاسفانه از ماندگاریش اصلا راضی نبودم خیلی به نسبت اون مدل ضعیف تر دیدمش و هم بعد از مدت کوتاهی روی پلک حالت خورد میشه. ضمن اینکه چاپ عبارت روش جهت عکس بود که بشدت حس فیک بودنش رو در من تقویت کرد. ,2,false,2023-04-24T01:17:10+00:00,ترکیبی,0.87,محصول | اصل بودن کالا,محصول
خط چشم ماژیکی مدل Dip Liner حجم 4 میلی لیتر,https://www.khanoumi.com/products/my-colorstay-dip-liner-16975,محصولات مای خوبه من خط چشمشو اولین باره گرفتم هم رنگش خوبه هم ریزش نداره و کار کردن باهاش راحته,1,true,2023-03-31T01:26:48+00:00,مثبت,0.95,محصول,محصول
خط چشم ماژیکی مدل Dip Liner حجم 4 میلی لیتر,https://www.khanoumi.com/products/my-colorstay-dip-liner-16975,این خط چشم فوق العاده است بشدت مشکی ومات ،کارکردن باهاش راحت و از همه مهمتر پاک کردنش آسون و دور چشم سیاه نمیکنه,0,false,2023-02-22T20:12:45+00:00,مثبت,0.67,سایر,سایر
خط چشم ماژیکی مدل Dip Liner حجم 4 میلی لیتر,https://www.khanoumi.com/products/my-colorstay-dip-liner-16975,سلام خط چشم ماژیک مای عالیه,0,true,2023-01-24T16:51:32+00:00,مثبت,0.79,سایر,سایر
خط چشم ماژیکی مدل Dip Liner حجم 4 میلی لیتر,https://www.khanoumi.com/products/my-colorstay-dip-liner-16975,کارکردن باهاش آسونه ولی حجمش نصف حجمیه که تو عکسا نشون میده😐,2,true,2023-01-13T16:28:16+00:00,خنثی,0.35,محصول,محصول
خط چشم ماژیکی مدل Dip Liner حجم 4 میلی لیتر,https://www.khanoumi.com/products/my-colorstay-dip-liner-16975,سر خط چشم کیفیت خوبی داره و کار باهاش راحت,1,true,2023-01-10T12:29:48+00:00,مثبت,0.79,محصول,محصول
خط چشم ماژیکی مدل Dip Liner حجم 4 میلی لیتر,https://www.khanoumi.com/products/my-colorstay-dip-liner-16975,زود خشک میشه,4,false,2023-01-04T18:15:00+00:00,خنثی,0.35,سایر,سایر
خط چشم ماژیکی مدل Dip Liner حجم 4 میلی لیتر,https://www.khanoumi.com/products/my-colorstay-dip-liner-16975,من این محصولو گرفتم اصلا خوب نیس علاوه بر اینکه رنگ زیادی نداره وقتی داری خط چشمتو درست میکنی و روش میکشی لایه قبلی رو هم پاک میکنه!! کارای دیگه و به مراتب ارزونتر از این کار قبلا از خانومی گرفته بودم ک خیلی خوب بودن,5,true,2022-12-27T23:41:58+00:00,مثبت,0.95,محصول | اصل بودن کالا | قیمت,محصول
خط چشم ماژیکی مدل Dip Liner حجم 4 میلی لیتر,https://www.khanoumi.com/products/my-colorstay-dip-liner-16975,عالیه و پاک کردنش خیلی راحته,5,true,2022-10-03T14:12:23+00:00,مثبت,0.79,سایر,سایر
خط چشم ماژیکی مدل Dip Liner حجم 4 میلی لیتر,https://www.khanoumi.com/products/my-colorstay-dip-liner-16975,من این خط چشم رو دو ساله دارم و عالیه ,8,true,2022-09-17T12:56:34+00:00,مثبت,0.79,سایر,سایر
خط چشم ماژیکی مدل Dip Liner حجم 4 میلی لیتر,https://www.khanoumi.com/products/my-colorstay-dip-liner-16975,خط چشم های مای کیفیت خوبی دارن هر دو مدلش رو من خریدم هم ضد آب هم این یکی فقط یک ایرادی که دارن جلدشونه که خیلی زود میشکنه و محتویات خشک میشه,12,false,2022-07-28T13:00:26+00:00,مثبت,0.79,محصول,محصول
خط چشم ماژیکی مدل Dip Liner حجم 4 میلی لیتر,https://www.khanoumi.com/products/my-colorstay-dip-liner-16975,خط چشم خوبیه فقط خیلی حجمش کمه,1,true,2022-07-10T01:58:03+00:00,مثبت,0.67,محصول,محصول
خط چشم ماژیکی مدل Dip Liner حجم 4 میلی لیتر,https://www.khanoumi.com/products/my-colorstay-dip-liner-16975,"از نظر دوام خوبه و ریزش نداره.
برای من خشک نشد و تا آخر سالم موند.
قلمش هم نسبتا خوبه فقط آخراش دبگه",1,false,2022-07-04T05:29:36+00:00,مثبت,0.95,محصول,محصول
خط چشم ماژیکی مدل Dip Liner حجم 4 میلی لیتر,https://www.khanoumi.com/products/my-colorstay-dip-liner-16975,من سالهاست از این خط چشم استفاده میکنم و به قدری خوبه که سراغ هیچ مدل دیگه ای نرفتم. اولین بار از حراج سایت خانومی با یه قیمت خیلی مناسب خریدمش. چه حرفه ای باشید یا مبتدی، کار با این خط چشم خیلی آسونه و پشت پلک و کاملا مشکی ومات میکنه. خیلی سریع خشک میشه و با اینکه ضد آب نیست ساعت های زیادی بدون ریزش و تغییر حالت روی پلک ثابته و اصلا حساسیت زا نیست. قلمش یه جوریه که میشه نازک یا پهن بودن خط چشم و کنترل کنید. در عین حال شستشوش با محلول دوفاز خیلی راحته و مدت زیادی ام براتون میمونه. برعکس اکثر خط چشمای ماژیکی سری اون به هیچ عنوان خشک نمیشه. بنظر من یکی از بهترین خط چشمای موجود در بازاره حتما امتحانش کنید.,23,true,2022-01-10T09:30:39+00:00,ترکیبی,0.92,محصول | اصل بودن کالا | قیمت,محصول
خط چشم ماژیکی مدل Dip Liner حجم 4 میلی لیتر,https://www.khanoumi.com/products/my-colorstay-dip-liner-16975,عالیه,2,false,2022-01-09T19:18:55+00:00,مثبت,0.79,سایر,سایر
خط چشم ماژیکی مدل Dip Liner حجم 4 میلی لیتر,https://www.khanoumi.com/products/my-colorstay-dip-liner-16975,"سلام خانم های محترم من سالهاست که فقط و فقط از این خط چشم به دلایل زیر استفاده میکنم
- قیمت مناسب
- خوش دست
- ماندگاری زیاد
- به هیچ وجه پخش نمیشه و اطراف چشم را سیاه نمی کنه
- پررنگ و خوش جلوه
- با جنسی پلاستیکی که دارد آسان و سریع هم پاک می شود 
...به همه توصیه میکنم یه بار امتحانش کنن عاشقش میشن ",16,true,2022-01-05T10:59:03+00:00,مثبت,0.79,محصول | قیمت,محصول
خط چشم ماژیکی مدل Dip Liner حجم 4 میلی لیتر,https://www.khanoumi.com/products/my-colorstay-dip-liner-16975,من سالهاست از این خط چشم استفاده میکنم و به قدری خوبه که سراغ هیچ مدل دیگه ای نرفتم. اولین بار از حراج سایت خانومی با یه قیمت خیلی مناسب خریدمش. چه حرفه ای باشید یا مبتدی، کار با این خط چشم خیلی آسونه و پشت پلک و کاملا مشکی ومات میکنه. خیلی سریع خشک میشه و با اینکه ضد آب نیست ساعت های زیادی بدون ریزش و تغییر حالت روی پلک ثابته و اصلا حساسیت زا نیست. قلمش یه جوریه که میشه نازک یا پهن بودن خط چشم و کنترل کنید. در عین حال شستشوش با محلول دوفاز خیلی راحته و مدت زیادی ام براتون میمونه. برعکس اکثر خط چشمای ماژیکی سری اون به هیچ عنوان خشک نمیشه. بنظر من یکی از بهترین خط چشمای موجود در بازاره حتما امتحانش کنید.,0,true,2021-12-28T08:41:41+00:00,ترکیبی,0.92,محصول | اصل بودن کالا | قیمت,محصول
خط چشم ماژیکی مدل Dip Liner حجم 4 میلی لیتر,https://www.khanoumi.com/products/my-colorstay-dip-liner-16975,قلمش ضخیمه بعد یه مدت تمرین دستت راه میفته که خط چشمتو نازک دربیاری,3,false,2021-08-04T09:01:09+00:00,خنثی,0.35,سایر,سایر
خط چشم ماژیکی مدل Dip Liner حجم 4 میلی لیتر,https://www.khanoumi.com/products/my-colorstay-dip-liner-16975,من به پیشنهاد دوستم و با تخفیف عالی خانومی خریدم. واقعا ازش راضی ام.,2,true,2021-08-02T23:58:40+00:00,مثبت,0.95,قیمت,قیمت
خط چشم ماژیکی مدل Dip Liner حجم 4 میلی لیتر,https://www.khanoumi.com/products/my-colorstay-dip-liner-16975,عالي بود,9,true,2021-06-16T14:04:17+00:00,مثبت,0.79,محصول,محصول
خط چشم ماژیکی مدل Dip Liner حجم 4 میلی لیتر,https://www.khanoumi.com/products/my-colorstay-dip-liner-16975,"۴ساله که فقد از این خط چشم استفاده میکنم،عالیه،بافت کاملا مشکی داره
زود خشک میشه و بعد مدتی تیکه تیکه نمیشه،شست و شوی راحتیم داره
یکبار موییشو گرفته بودم که حس کردم سخته کار کردن باهاش",11,false,2020-11-18T20:56:06+00:00,مثبت,0.79,محصول,محصول
خط چشم ماژیکی مدل Dip Liner حجم 4 میلی لیتر,https://www.khanoumi.com/products/my-colorstay-dip-liner-16975,عاليه ,7,true,2020-10-26T23:33:33+00:00,مثبت,0.79,سایر,سایر
خط چشم ماژیکی مدل Dip Liner حجم 4 میلی لیتر,https://www.khanoumi.com/products/my-colorstay-dip-liner-16975,خیلی پیگمنت مشکی عه خوبی داره و زود خشک میشه و موندگاری خوبی داره من ک از خریدم راضیم,16,true,2020-09-22T12:37:52+00:00,مثبت,0.95,محصول,محصول
خط چشم ماژیکی مدل Dip Liner حجم 4 میلی لیتر,https://www.khanoumi.com/products/my-colorstay-dip-liner-16975,از نظر کیفیتش راضی بودم رنگ و ماندگاری خیلی خوبی داشت اما قلمش خیلی بزرگه و یکم کار باهاش سخته و خیلی دقت میخواد و البته حجمشم کم بود,0,true,2020-09-20T22:38:01+00:00,مثبت,0.91,محصول,محصول
خط چشم ماژیکی مدل Dip Liner حجم 4 میلی لیتر,https://www.khanoumi.com/products/my-colorstay-dip-liner-16975,"حدود ۱۰-۱۵ ساله که ازش استفاده میکنم و هنوز همون کیفیت اوایل رو داره
من که عاشقشم و هروقت خرید ارایشی میکنم حتما ازش سفارش میدم که داشته باشمش همیشه",4,true,2020-08-22T16:01:36+00:00,مثبت,0.67,محصول,محصول
خط چشم ماژیکی مدل Dip Liner حجم 4 میلی لیتر,https://www.khanoumi.com/products/my-colorstay-dip-liner-16975,حجمش خیلی کم بود ولی برای کسایی که مبتدی هستن عالیه خیلی کار کردن باهاش اسونه چشم رو هم نمیسوزونه از خریدم راصیم,3,true,2020-08-11T11:36:44+00:00,مثبت,0.79,محصول,محصول
خط چشم ماژیکی مدل Dip Liner حجم 4 میلی لیتر,https://www.khanoumi.com/products/my-colorstay-dip-liner-16975,من دوسش ندارم. چشامو می سوزونه و نمی تونم باهاش راحت خط چشم بکشم. زیادی هم پررنگ و تابلوعه.,1,true,2020-08-09T21:01:56+00:00,خنثی,0.35,محصول,محصول
خط چشم ماژیکی مدل Dip Liner حجم 4 میلی لیتر,https://www.khanoumi.com/products/my-colorstay-dip-liner-16975,خیلی خوبه، من برا اولین بار خط چشم کشیدم؛ کار کردن باهاش راحته,1,true,2020-06-09T11:11:27+00:00,مثبت,0.91,سایر,سایر
خط چشم ماژیکی مدل Dip Liner حجم 4 میلی لیتر,https://www.khanoumi.com/products/my-colorstay-dip-liner-16975,من خریدم و راضیم ولی برا کشیدن خط چشم نازک باید قلم مویی بخرید برا خط چشم صخیم خوبه ,2,true,2020-05-20T03:45:06+00:00,مثبت,0.95,محصول,محصول
خط چشم ماژیکی مدل Dip Liner حجم 4 میلی لیتر,https://www.khanoumi.com/products/my-colorstay-dip-liner-16975,من واقعا راضی ام....باتوجه ب قیمتش، هم موندگاریش عالیه هم غلظتش👍🏻,0,true,2020-04-24T13:51:25+00:00,مثبت,0.95,محصول | قیمت,محصول
خط چشم ماژیکی مدل Dip Liner حجم 4 میلی لیتر,https://www.khanoumi.com/products/my-colorstay-dip-liner-16975,تنها ایرادش اینه ک تیکه تیکه میشه بعدنیم ساعت هی باید ازروش بزنی ک ترک ترک نشه ویژگی خوبی نیست بنظرم😐,6,true,2020-04-18T15:35:48+00:00,منفی,0.67,سایر,سایر
خط چشم ماژیکی مدل Dip Liner حجم 4 میلی لیتر,https://www.khanoumi.com/products/my-colorstay-dip-liner-16975,"خیلی خوب
به نظرم نسبو به قیمتش واقعا می ارزه",1,true,2020-03-18T14:12:07+00:00,مثبت,0.79,محصول | قیمت,محصول
خط چشم ماژیکی مدل Dip Liner حجم 4 میلی لیتر,https://www.khanoumi.com/products/my-colorstay-dip-liner-16975,خط چشم واقعا خوبی هست باعث سوزش نمیشه کاملا مشکی ،راحت باهاش میشه کشید و راحت موقع شستن و پاک کردن پاک میشه ،عالیه ,1,true,2020-02-25T22:32:00+00:00,مثبت,0.91,محصول,محصول
خط چشم ماژیکی مدل Dip Liner حجم 4 میلی لیتر,https://www.khanoumi.com/products/my-colorstay-dip-liner-16975,خط چشم خوبيه، تا چندين ساعت هم ميمونه و پاك نميشه و پس هم نميده فقط اولش كار كردن باهاش ممكنه يكمي سخت باشه چون سرش خيليي خيلييي نازك نيست بايد چند بار كشيده بشه تا راحت بشه كشيد. ولي در كل خوبه و من راضيم 😊,2,true,2019-10-20T21:19:40+00:00,مثبت,0.95,محصول,محصول
خط چشم ماژیکی مدل Dip Liner حجم 4 میلی لیتر,https://www.khanoumi.com/products/my-colorstay-dip-liner-16975,من چند ساله كه ازاين خط چشم استفاده ميكنم.هم خيلي مشكيه، هم خيلي خوش دست كه ميشه راحت باهاش خط چشم كشيد.من ماه پيش با تخفيف خيلي عالي از خانومي ٢تا خريدم.ممنون خانومي.,1,true,2019-10-06T02:17:36+00:00,مثبت,0.79,قیمت,قیمت
خط چشم ماژیکی مدل Dip Liner حجم 4 میلی لیتر,https://www.khanoumi.com/products/my-colorstay-dip-liner-16975,خیلی خوبه ، ماته و ماندگاریشم خوبه ,0,true,2019-10-01T18:45:42+00:00,مثبت,0.95,محصول,محصول
خط چشم ماژیکی مدل Dip Liner حجم 4 میلی لیتر,https://www.khanoumi.com/products/my-colorstay-dip-liner-16975,زود خشک میشه استفادش آسونه حتی واسه منی که بلد نیستم خط چشم بکشم سایزش هم خیلی خوبه با توجه به قیمت عالیه,1,true,2019-10-01T13:49:55+00:00,مثبت,0.95,محصول | قیمت,محصول
خط چشم ماژیکی مدل Dip Liner حجم 4 میلی لیتر,https://www.khanoumi.com/products/my-colorstay-dip-liner-16975,خیلی خوبه من چند ساله دارم استفاده میکنم,0,true,2019-09-30T23:39:51+00:00,مثبت,0.91,سایر,سایر
خط چشم ماژیکی مدل Dip Liner حجم 4 میلی لیتر,https://www.khanoumi.com/products/my-colorstay-dip-liner-16975,یه خط چشم عالیه که هم خوش دست هست هم قیمت خیلی مناسبی داره مات هست و زود خشک میشه منکه خیلی راضی بودم واگه تموم بشه باز شارژش میکنم,0,false,2019-09-30T10:51:37+00:00,مثبت,0.91,محصول | قیمت,محصول
خط چشم ماژیکی مدل Dip Liner حجم 4 میلی لیتر,https://www.khanoumi.com/products/my-colorstay-dip-liner-16975,خیلی مشکیه و خیلیم خوش دسته. فقط ماندگاریش یکم کمه,0,true,2019-09-28T13:46:49+00:00,خنثی,0.35,محصول,محصول
خط چشم ماژیکی مدل Dip Liner حجم 4 میلی لیتر,https://www.khanoumi.com/products/my-colorstay-dip-liner-16975,خیلی خوبه،کار کردن باهاشم خیلی اسونه,2,true,2019-09-27T18:01:03+00:00,مثبت,0.91,سایر,سایر
خط چشم ماژیکی مدل Dip Liner حجم 4 میلی لیتر,https://www.khanoumi.com/products/my-colorstay-dip-liner-16975,سلام اینو بگم کسی نیست که اینو بخره و راَضی نباشه من عاشقشم هم کار باهاش راحته هم رنگش مشکیه و شستشو هم راحت میشه احتیاج به پاک کننده نیست,3,true,2019-05-15T17:40:45.7066667+00:00,مثبت,0.67,محصول,محصول
خط چشم ماژیکی مدل Dip Liner حجم 4 میلی لیتر,https://www.khanoumi.com/products/my-colorstay-dip-liner-16975,قلمش بزرگه ولي كاملا مشكي و مات ميشه و خوب ميشه با قلمش كشيد، حداقل از سه تا خط چشم ديگه كه قيمتشون دو برابر اين بود، بهتره,1,true,2019-04-18T14:15:17.8166667+00:00,مثبت,0.67,محصول | قیمت,محصول
خط چشم ماژیکی مدل Dip Liner حجم 4 میلی لیتر,https://www.khanoumi.com/products/my-colorstay-dip-liner-16975,"سلام.
من خط چشم ماژیکی سفارش دادم ولی برام مویی فرستادید!!!😐",3,true,2018-09-14T06:51:37.7266667+00:00,خنثی,0.35,محصول,محصول
خط چشم ماژیکی مدل Dip Liner حجم 4 میلی لیتر,https://www.khanoumi.com/products/my-colorstay-dip-liner-16975,من خیلی وقته از این خط چشم استفاده می کنم و راضیم.,5,false,2018-08-23T21:32:36.5466667+00:00,مثبت,0.79,سایر,سایر
خط چشم ماژیکی مدل Dip Liner حجم 4 میلی لیتر,https://www.khanoumi.com/products/my-colorstay-dip-liner-16975,غلیظ نیست و روی پاکتش هم نوشته ضد اب که توی توضیحات ذکر نشده,3,true,2018-03-18T13:00:47.5033333+00:00,خنثی,0.35,سایر,سایر
خط چشم ماژیکی مدل Dip Liner حجم 4 میلی لیتر,https://www.khanoumi.com/products/my-colorstay-dip-liner-16975,عالييييييييييييييييه👌👌👌👌👌,6,true,2018-01-31T03:33:26.7466667+00:00,مثبت,0.67,سایر,سایر
خط چشم ماژیکی مدل Dip Liner حجم 4 میلی لیتر,https://www.khanoumi.com/products/my-colorstay-dip-liner-16975,خوب و مشکی ولی پاک کردنش با دردسره,5,false,2017-09-05T09:20:07.7833333+00:00,مثبت,0.67,سایر,سایر
رژ لب مدل سیلکی شاین حجم 4 میلی لیتر,https://www.khanoumi.com/products/my-lipstick-16978,چرب و خوبه ولی  دست بخوره زود پاک میشه,0,true,2026-08-04T14:48:30.9183315+03:30,مثبت,0.79,سایر,سایر
رژ لب مدل سیلکی شاین حجم 4 میلی لیتر,https://www.khanoumi.com/products/my-lipstick-16978,از لحاظ کیفیت رژ خوبیه سبکه نرمه خوش بوعه طراحی پوکه اشم عالیه فقط اینکه نمای براقی داره اگه رژ لب مات میپسندین مناسبتون نیست,0,true,2026-07-31T11:32:35.7614844+03:30,مثبت,0.91,محصول,محصول
رژ لب مدل سیلکی شاین حجم 4 میلی لیتر,https://www.khanoumi.com/products/my-lipstick-16978,لب ها رو خشک‌نمیکنه   سریع پاک میشه    بافتش خوبه   رنگ عنابی گرفتم ولی دوسش ندارم,0,true,2026-06-17T23:30:26.410157+03:30,مثبت,0.79,محصول,محصول
رژ لب مدل سیلکی شاین حجم 4 میلی لیتر,https://www.khanoumi.com/products/my-lipstick-16978,من بیشتر تحت تاثیر نوستالژی خریدمش! یه دونه عنابی هم مونده بود همونو گرفتم. ولی در کل رنگ و بافتش دوست داشتنیه؛ من خوشم اومد.,0,true,2026-06-13T12:04:30.6878544+03:30,خنثی,0.35,محصول,محصول
رژ لب مدل سیلکی شاین حجم 4 میلی لیتر,https://www.khanoumi.com/products/my-lipstick-16978,"من رنگ گوشتی روشن شو گرفتم 
مثل همیشه عالی
لطفاً تمام رنگ هاشو شارژ کنین",0,true,2026-06-11T23:12:45.9141681+03:30,مثبت,0.67,محصول,محصول
رژ لب مدل سیلکی شاین حجم 4 میلی لیتر,https://www.khanoumi.com/products/my-lipstick-16978,واقعا افسوس میخورم که مای دیگه تولید این محصول رو جدی نمیگیره واقعا با کیفیت و خوشگل هستش من شماره ی 102 رو 10 ساله که استفاده میکنم و الان انگار دیگه تولید نمیشه,0,false,2026-05-22T22:03:40.7561899+03:30,منفی,0.67,محصول,محصول
رژ لب مدل سیلکی شاین حجم 4 میلی لیتر,https://www.khanoumi.com/products/my-lipstick-16978,چرا مای دیگه این رژو تولید نمیکنه ؟؟؟؟من از 15 سال پیش استفاده میکنم واقعا پرطرفداره،کار تولید کننده های ایرانی برعکسه,0,false,2026-05-19T23:51:35.460711+03:30,خنثی,0.35,سایر,سایر
رژ لب مدل سیلکی شاین حجم 4 میلی لیتر,https://www.khanoumi.com/products/my-lipstick-16978,دیدن این‌که کلا داره همه جا نا موجود می‌شه غمگینم می‌کنه چون واقعا بهترین رژ مای همین بود,0,true,2026-04-19T11:34:23.4678079+03:30,مثبت,0.67,محصول,محصول
رژ لب مدل سیلکی شاین حجم 4 میلی لیتر,https://www.khanoumi.com/products/my-lipstick-16978,وای قدیمی نمیشه خیلی براق و خوشگله رنگ 204 رو دارم,0,false,2026-04-05T23:11:06.996015+03:30,خنثی,0.35,محصول,محصول
رژ لب مدل سیلکی شاین حجم 4 میلی لیتر,https://www.khanoumi.com/products/my-lipstick-16978,من از خانومی نگرفتمش ولی ازش یکی داشتم قبلا، خیلی دوستش دارم و تا ته ازش استفاده کردم با توجه به قیمت یه رژ لب خیلی خوشگل و چربی هستی و خشک و پوسته پوسته نمیشه روی لب رنگهای خیلی خوشگلی داره برای من که پوستم گندمی بود رنگ 410 واقعا خیلی خیلی خوشگل و دخترونه اس، حتما این رنگو بخرین من فکر میکنم به هر رنگ پوستی میاد اینقدر که خوشگله .,0,false,2026-03-09T03:56:01.8431665+03:30,خنثی,0.35,محصول | قیمت,محصول
رژ لب مدل سیلکی شاین حجم 4 میلی لیتر,https://www.khanoumi.com/products/my-lipstick-16978,"من رنگ 204 رو خریدم
اگر رنگ پوستتون مثل من سفیده، خیلی کم روی لبتون بزنیدش، و مطمئن باشین این رنگ خیلیییییی بهتون میاد ، 
عاشقشم
بوی فوق العاده 
طعم فوق العاده که من و همسرم عاشقشیم ، 
بی نظیره! 
همچین انتظاری از مای نداشتم! ولی واقعا میتونه رقابت کنه با رژهای خارجی!!!",0,true,2026-03-02T10:32:59.9466064+03:30,مثبت,0.91,محصول,محصول
رژ لب مدل سیلکی شاین حجم 4 میلی لیتر,https://www.khanoumi.com/products/my-lipstick-16978,خیلی رژ لب عالی هستش ، لطفا شارژ کنید . سپاس,0,false,2026-02-23T15:49:52.9178359+03:30,مثبت,0.79,سایر,سایر
رژ لب مدل سیلکی شاین حجم 4 میلی لیتر,https://www.khanoumi.com/products/my-lipstick-16978,سلام من رنگ عنابی روشن و گوشتی روشن گرفتم خیلی خیلی قشنگ.ممنونم از خانمی,0,true,2026-01-11T17:49:11.8244665+03:30,منفی,0.67,محصول,محصول
رژ لب مدل سیلکی شاین حجم 4 میلی لیتر,https://www.khanoumi.com/products/my-lipstick-16978,رژ خیلی خوبیه خوش رنگه خیلی من شماره 204 خریدم قهوه ای بیشتر اما گوشتی هم هست در کل پیشنهاد میدم حتما بخرین نسبت به قیمتش عالیه,0,false,2025-12-08T20:44:13.1546989+03:30,مثبت,0.95,محصول | قیمت,محصول
رژ لب مدل سیلکی شاین حجم 4 میلی لیتر,https://www.khanoumi.com/products/my-lipstick-16978,"شماره 305
من میخواستم به قهوه ای نزدیک باشه رنگش اما بیشتر نزدیک به صورتیه اما قشنگه و اینکه چرب و براق هست",0,true,2025-11-21T21:27:32.8935969+03:30,خنثی,0.35,محصول,محصول
رژ لب مدل سیلکی شاین حجم 4 میلی لیتر,https://www.khanoumi.com/products/my-lipstick-16978,"عالی بود واقعا. از لحاظ جنس محصول و رنگدهی و کیفیت واقعا عالی بود و موردعلاقم شد
یه برق قشنگی هم به لب میده که من واقعا دوسش داشتم
حتما بازم سفارش میدم.",0,true,2025-11-06T17:42:58.7794279+03:30,مثبت,0.95,محصول,محصول
رژ لب مدل سیلکی شاین حجم 4 میلی لیتر,https://www.khanoumi.com/products/my-lipstick-16978,عالیه عالی,0,true,2025-10-25T00:32:30.0718156+03:30,مثبت,0.91,سایر,سایر
رژ لب مدل سیلکی شاین حجم 4 میلی لیتر,https://www.khanoumi.com/products/my-lipstick-16978,سلام لطفا الان که تولد خانومی هست رنگاشو شارژ کنین خیلی رژلب خوشرنگیه من مدت هاست سر میزنم میبینم هنوز شارژ نشده لطفا مجددا بیارید,0,true,2025-06-09T07:45:05.2134847+00:00,خنثی,0.35,محصول,محصول
رژ لب مدل سیلکی شاین حجم 4 میلی لیتر,https://www.khanoumi.com/products/my-lipstick-16978,تو رو خدا همه رنگاشونو موجود کنید خیلی عالی هستن,0,true,2025-05-01T04:35:13.4991075+00:00,مثبت,0.67,محصول,محصول
رژ لب مدل سیلکی شاین حجم 4 میلی لیتر,https://www.khanoumi.com/products/my-lipstick-16978,"سلام میشه لطفا رنگاشو واسه امشب که تخفیف گذاشتین شارژ کنید که بتونیم سفارش بدیم
ممنون میشم",0,false,2025-02-04T08:27:39.6027065+00:00,ترکیبی,0.66,محصول | قیمت,محصول
رژ لب مدل سیلکی شاین حجم 4 میلی لیتر,https://www.khanoumi.com/products/my-lipstick-16978,خیلی لبارو خوشگل میکنه من راضیم فقط یکم چربه واسه اونایی که خیلی دوست ندارن لباشون براق شه توصیه نمیکنم,0,true,2024-12-25T05:27:45.9391521+00:00,مثبت,0.67,سایر,سایر
رژ لب مدل سیلکی شاین حجم 4 میلی لیتر,https://www.khanoumi.com/products/my-lipstick-16978,رنگ گوشتی روشن خیلی خوشرنگه به قرمزی میزنه یه مقدار ولی انتظار سبک بودن رو ازش نداشته باشید چون رژ لب چربیه,0,true,2024-11-25T21:32:55.3167262+00:00,خنثی,0.35,محصول,محصول
رژ لب مدل سیلکی شاین حجم 4 میلی لیتر,https://www.khanoumi.com/products/my-lipstick-16978,شماره 204 خریدم ، عالیه ,0,true,2024-08-05T12:50:49+00:00,مثبت,0.79,سایر,سایر
رژ لب مدل سیلکی شاین حجم 4 میلی لیتر,https://www.khanoumi.com/products/my-lipstick-16978,من 102 سفارش دادم خیلی خوشرنگ تر از عکسشه  راضی بودم,0,true,2024-07-07T21:02:17+00:00,مثبت,0.67,محصول,محصول
رژ لب مدل سیلکی شاین حجم 4 میلی لیتر,https://www.khanoumi.com/products/my-lipstick-16978,شماره 206 و 401 رو خریدم فوق العاده چرب و سنگین هست روی لب ,0,true,2024-06-22T21:27:22+00:00,مثبت,0.67,سایر,سایر
رژ لب مدل سیلکی شاین حجم 4 میلی لیتر,https://www.khanoumi.com/products/my-lipstick-16978,"سلام 
من رنگ شماره 102 سفارش دادم رنگش خیلی دخترو و نازه من که خیلی دوسش دارم همونی بود که میخواستم رنگش مناسب فصل تابستونم هست ",0,true,2024-05-11T14:41:08+00:00,خنثی,0.35,محصول,محصول
رژ لب مدل سیلکی شاین حجم 4 میلی لیتر,https://www.khanoumi.com/products/my-lipstick-16978,شماره 206 رو دارم که داخل سایت گوشتی روشن زده و من انتظار داشتم تقریبا قهوه ای باشه اما تناژ نارنجیش بیشتره و خیلی به من نمیاد رنگش ، اگر با دستمال کمی کم رنگش کنم بهتر میشه. بوی خوبی هم داره با کیفیت متوسط.,0,false,2024-05-06T00:05:20+00:00,مثبت,0.67,محصول,محصول
رژ لب مدل سیلکی شاین حجم 4 میلی لیتر,https://www.khanoumi.com/products/my-lipstick-16978,رنگ زیبایی داره، برای استفاده روزانه مناسبه,0,true,2024-04-24T13:11:38+00:00,خنثی,0.35,محصول,محصول
رژ لب مدل سیلکی شاین حجم 4 میلی لیتر,https://www.khanoumi.com/products/my-lipstick-16978,رنگبندی رو موجود کنید هر وقت خواستم بخرم بیشتر رنگ ها ناموجوده,0,false,2024-03-09T18:38:48+00:00,خنثی,0.35,محصول,محصول
رژ لب مدل سیلکی شاین حجم 4 میلی لیتر,https://www.khanoumi.com/products/my-lipstick-16978,رژ لب چرب و خوبیه شماره 405 ی رنگ ملایم ,0,false,2023-12-19T13:03:35+00:00,مثبت,0.67,محصول,محصول
رژ لب مدل سیلکی شاین حجم 4 میلی لیتر,https://www.khanoumi.com/products/my-lipstick-16978,برای استفاده روزانه عالیه. چربه و لبا رو خیلی نرممم میکنه اما ماندگاری نداره. رنگ گوشتیش نمای طبیعی و قشنگی داره و مناسب دانشگاه و محل کاره.,0,true,2023-12-15T13:53:12+00:00,مثبت,0.79,محصول,محصول
رژ لب مدل سیلکی شاین حجم 4 میلی لیتر,https://www.khanoumi.com/products/my-lipstick-16978,لطفا شماره 203 رو موجود کنید ,0,false,2023-04-29T10:30:06+00:00,خنثی,0.35,محصول,محصول
رژ لب مدل سیلکی شاین حجم 4 میلی لیتر,https://www.khanoumi.com/products/my-lipstick-16978,رژ لب خیلی خوبیه، نرمه و خیلی هم براق نیست. من خیلی از کیفیت این رژ راضیم. چندین ساله استفاده می کنم و از کیفیتش هم خیلی راضیم. در کل پیشنهاد میشه.,3,false,2022-08-03T14:29:02+00:00,مثبت,0.95,محصول,محصول
رژ لب مدل سیلکی شاین حجم 4 میلی لیتر,https://www.khanoumi.com/products/my-lipstick-16978,رنگ 206 خیلی خوشرنگه. خیلی هم خوش بوئه رژش. چرب و ماندگار هم هست,13,true,2021-07-12T17:57:05+00:00,خنثی,0.35,محصول,محصول
رژ لب مدل سیلکی شاین حجم 4 میلی لیتر,https://www.khanoumi.com/products/my-lipstick-16978,خیلی خوشبوعه،من ۱۰۱رو دارم ،بافت چربی داره که من همیشه چربیشو با دستمال میگیرم بعدش فیکس میشه و خیلی خوب میمونه تا چندساعت,17,false,2020-11-18T20:53:05+00:00,ترکیبی,0.74,محصول | اصل بودن کالا,محصول
رژ لب مدل سیلکی شاین حجم 4 میلی لیتر,https://www.khanoumi.com/products/my-lipstick-16978,من قبلا داشتم اصلا راضی نبودم. بعضی از رنگاش قشنگه ولی کیفیت نداره.  و بعنوان یک مارک ایرانی و بی کیفیت این قیمت براش خیلی خیلی بالاست و ارزش خرید نداره .بااین قیمتا از مارک های دیگه ک حتی ایرانی هستن استفاده کنید خیلی بهتره.,48,false,2020-11-14T04:27:07+00:00,منفی,0.95,محصول | قیمت | اصل بودن کالا,اصل بودن کالا
رژ لب مدل سیلکی شاین حجم 4 میلی لیتر,https://www.khanoumi.com/products/my-lipstick-16978,"خیلی خوب و با کیفیته تنها بدیش اینه که چربه.
",2,true,2020-08-21T04:57:18+00:00,ترکیبی,0.74,محصول,محصول
رژ لب مدل سیلکی شاین حجم 4 میلی لیتر,https://www.khanoumi.com/products/my-lipstick-16978,خیلی چربه ولی رنگش خوبه من ۵۰۱ رو دارم ولی به خاطر چربی زیادش دیگه نمیخرم,0,true,2020-08-09T14:26:44+00:00,مثبت,0.79,محصول,محصول
رژ لب مدل سیلکی شاین حجم 4 میلی لیتر,https://www.khanoumi.com/products/my-lipstick-16978,رژ خوبیه. سبک و نرم. من شماره ۴۰۵ گرفتم یکم رنگش بی حاله ولی با آرایش چشم تیره خیلی خوشگل میشه,1,true,2020-06-29T22:38:37+00:00,مثبت,0.67,محصول,محصول
رژ لب مدل سیلکی شاین حجم 4 میلی لیتر,https://www.khanoumi.com/products/my-lipstick-16978,عالیه منم رژ مایع دوست دارم من اینو خریدم دور لبم میزم بعد رژ مایع رو تو لبم میزدم خیلی خوشگله ,0,false,2020-06-26T21:28:03+00:00,مثبت,0.79,سایر,سایر
رژ لب مدل سیلکی شاین حجم 4 میلی لیتر,https://www.khanoumi.com/products/my-lipstick-16978,من رژلبای مای رو خیلی دوس دارم فقط یکم گرونن وگرنه عالین,1,false,2020-06-20T11:51:32+00:00,مثبت,0.67,قیمت,قیمت
رژ لب مدل سیلکی شاین حجم 4 میلی لیتر,https://www.khanoumi.com/products/my-lipstick-16978,من رنگ ۲۰۶ دارم رنگ خاصیه یکی از دوستان تست رنگشو گذاشته.خیلی چرب و روغنیه ولی من بافتشو دوست دارم یا کم میزنم یا با دستمال چربیشو میگیرم تا بهتر بشه ,1,true,2020-06-17T19:15:08+00:00,خنثی,0.35,محصول,محصول
رژ لب مدل سیلکی شاین حجم 4 میلی لیتر,https://www.khanoumi.com/products/my-lipstick-16978,"من شماره 204 رو گرفتم و کاملا رنگش قهوه ایه 
ولی از خود رژ راضیم و وقتی فیکس میشه خوبه",0,true,2020-05-26T03:35:11+00:00,ترکیبی,0.92,محصول | اصل بودن کالا,محصول
رژ لب مدل سیلکی شاین حجم 4 میلی لیتر,https://www.khanoumi.com/products/my-lipstick-16978,رنگ شماره ی204خیلییییی خوشرنگه..یه نود خوشرنگه که به اثر رنگای پوست میاد.من که ۴تا از همین شماره خریدم😍,4,true,2020-05-15T21:58:58+00:00,خنثی,0.35,محصول,محصول
رژ لب مدل سیلکی شاین حجم 4 میلی لیتر,https://www.khanoumi.com/products/my-lipstick-16978,"رژ خوبیه بد نیست
ولی چربه من به شخصه رژ خشک رو بیشتر دوست دارم
رنگش کمرنگه یکم",0,true,2020-05-14T22:20:11+00:00,خنثی,0.4,محصول,محصول
رژ لب مدل سیلکی شاین حجم 4 میلی لیتر,https://www.khanoumi.com/products/my-lipstick-16978,"سبک لطیف چرب و خوشبو .. ماندگاری کم
من ۲۰۶ گوشتی رو خریدم رنگش طبیعی و قشنگه",1,true,2020-04-06T20:35:27+00:00,خنثی,0.35,محصول,محصول
رژ لب مدل سیلکی شاین حجم 4 میلی لیتر,https://www.khanoumi.com/products/my-lipstick-16978,من رنگ ۴۰۱ رو دارم اخراشه بازم سفارش دادم عالیه رنگش🤩,2,false,2020-03-02T00:50:56+00:00,مثبت,0.79,محصول,محصول
رژ لب مدل سیلکی شاین حجم 4 میلی لیتر,https://www.khanoumi.com/products/my-lipstick-16978,من رنگ۰۶ و خریدم فوق العاده قشنگ و برای مصرف روزانه بسیار خوبه ,4,true,2020-02-25T14:33:43+00:00,مثبت,0.91,محصول,محصول
رژ لب مدل سیلکی شاین حجم 4 میلی لیتر,https://www.khanoumi.com/products/my-lipstick-16978,من شماره 401 و 505 رو گرفتم خیلی سبک و نرمه ، بوی خوبی هم داره ,2,true,2020-02-23T14:18:33+00:00,مثبت,0.67,محصول,محصول
رژ لب مدل سیلکی شاین حجم 4 میلی لیتر,https://www.khanoumi.com/products/my-lipstick-16978,از بین محصولات مای رژ لب مای کیفیت خوبی داره و زیادی چرب نیست و تنوع رنگی بالایی داره,1,false,2019-12-04T15:15:07+00:00,مثبت,0.79,محصول,محصول
رژ لب مدل سیلکی شاین حجم 4 میلی لیتر,https://www.khanoumi.com/products/my-lipstick-16978,ژرلب چرب و خوبیه با توجه به قیمتش.,4,true,2019-10-20T15:47:47+00:00,مثبت,0.67,قیمت,قیمت
رژ لب مدل سیلکی شاین حجم 4 میلی لیتر,https://www.khanoumi.com/products/my-lipstick-16978,من تقریبا  شش ساله مای 101 را روزانه استفاده میکنم و بسیار راضی هستم و خیلی خوشرنگه,6,false,2019-10-19T13:23:20+00:00,مثبت,0.67,محصول,محصول
رژ لب مدل سیلکی شاین حجم 4 میلی لیتر,https://www.khanoumi.com/products/my-lipstick-16978,رژ عالی بود هم رنگ ش و هم کیفیت ش و بسیار با قیمت مناسب ,4,true,2019-09-07T18:49:10.0233333+00:00,مثبت,0.79,محصول | قیمت,محصول
رژ لب مدل سیلکی شاین حجم 4 میلی لیتر,https://www.khanoumi.com/products/my-lipstick-16978,من امروز رژ رنگ پوست پیازی رو تحویل گرفتم که خب با اسمش جور در میاد ولی طبق عکس باید یه رنگ دیگه میبود و اونی که الان دارم رنگش برام خوشایند نیست چون اون رنگی که میخواستم رو با توجه به عکس انتخاب کردم لطفا عکس هارو با رنگهای اصلی مطابقت بدین,13,true,2019-08-27T18:36:10.6433333+00:00,ترکیبی,0.71,محصول | اصل بودن کالا | تحویل و ارسال,محصول
رژ لب مدل سیلکی شاین حجم 4 میلی لیتر,https://www.khanoumi.com/products/my-lipstick-16978,لطفا دوباره تو تخفیف بذاریدش,14,true,2019-07-12T21:19:10.5266667+00:00,خنثی,0.35,قیمت,قیمت
رژ لب مدل سیلکی شاین حجم 4 میلی لیتر,https://www.khanoumi.com/products/my-lipstick-16978,شماره206 گوشتی روشن ، عالیه🤩🤩🤩🤩,10,true,2019-06-30T11:45:06.9733333+00:00,مثبت,0.79,سایر,سایر
رژ لب مدل سیلکی شاین حجم 4 میلی لیتر,https://www.khanoumi.com/products/my-lipstick-16978,تقریبا همه رنگ هاشو دارم .کاملا مناسب برای استفاده روزانه . مات نیست و کمی چربه . بجاش اصلا سرب نداره.ماندگاری کمی داره که میتونید با یه پرایمر لب مثه پرایمر گلدن رز اونو موندگار تر کنید.همه ی رنگ های واقعی رژ ها نسبت به رنگ هایی که توی تصویر میبینید یکمی روشن تر هست.و روی لب ملایم تره.لب رو نرم و مرطوب نگه میداره .بوی تندی نداره و ملایمه .در کل نسبت به قیمتش عالیه .حتما پیشنهاد میشه,17,true,2019-05-14T10:23:37.71+00:00,مثبت,0.79,محصول | اصل بودن کالا | قیمت,محصول
رژ لب مدل سیلکی شاین حجم 4 میلی لیتر,https://www.khanoumi.com/products/my-lipstick-16978,"پیشنهاد نمی کنم فوق العاده چربه , زود پاک میشه , وقتی میزنیش مزه و بوی رژلبو حس میکنی و انگار خوردییش , اصلا رنگ نداره من که واقعا پشیمون شدم ",5,true,2019-05-13T01:16:06.4166667+00:00,منفی,0.95,محصول | اصل بودن کالا,اصل بودن کالا
رژ لب مدل سیلکی شاین حجم 4 میلی لیتر,https://www.khanoumi.com/products/my-lipstick-16978,من این رژ لب رنگ گوشتیشو خریدم و دقیقا مطابق عکس بود. من ازش راضیم و برای استفاده روزانه خیلی خوبه منتها چربه و این باعث میشه زود پاک بشه از روی لب و اگر طرفدار رژ مات هستین خوب نیست اما بعنوان استفاده روزانه خیلی خوبه. درکل راضیم و یک ویژپی خوبی که شنیدم داره این هست که فاقد سرب هست که همین کافیه برای انتخاب این محصول,9,true,2019-04-22T12:53:33.3266667+00:00,مثبت,0.95,محصول,محصول
رژ لب مدل سیلکی شاین حجم 4 میلی لیتر,https://www.khanoumi.com/products/my-lipstick-16978,خانم مستانی ؛ لطفا درخواست خود را از بخش خریدهای من به امور مشتریان ارسال بفرمایید تا بررسی شود. ,1,false,2019-03-16T17:21:44.4233333+00:00,خنثی,0.35,محصول | تحویل و ارسال,محصول
رژ لب مدل سیلکی شاین حجم 4 میلی لیتر,https://www.khanoumi.com/products/my-lipstick-16978,رنگش خوبه ولی مال من سالم نیست و شکسته,3,true,2019-03-15T23:36:07.52+00:00,مثبت,0.91,محصول,محصول
رژ لب مدل سیلکی شاین حجم 4 میلی لیتر,https://www.khanoumi.com/products/my-lipstick-16978,رنگشون هیچ شباهتی به رنگ داخل عکس نداره,34,true,2018-05-22T23:44:05.3566667+00:00,خنثی,0.35,محصول,محصول
رژ لب مدل سیلکی شاین حجم 4 میلی لیتر,https://www.khanoumi.com/products/my-lipstick-16978,سلام؛ببخشید من دنبال یک رژ قرمز خالص میگردم؛یعنی نمی خوام تناژ سرخابی یا نارنجی داشته باشه؛میشه لطفا کمک کنید,11,false,2018-03-01T00:48:52.5666667+00:00,خنثی,0.35,سایر,سایر
رژ لب مدل سیلکی شاین حجم 4 میلی لیتر,https://www.khanoumi.com/products/my-lipstick-16978,من قهوه ای این کار رو دارم خیلی خوبه,13,true,2017-09-28T00:45:18.8733333+00:00,مثبت,0.91,سایر,سایر
رژ لب مدل سیلکی شاین حجم 4 میلی لیتر,https://www.khanoumi.com/products/my-lipstick-16978,فک کنم از نظر کیفیت برند چندان بالایی نیست و ماندگاری بالایی نداره ولی نمیتونم ازینم بگذرم که چقد رنگاشو دوس دارم و خوش حالت رو لب قرار میگیره برای استفاده روزانه ی معمولی,7,true,2017-04-16T11:52:32.76+00:00,خنثی,0.35,محصول,محصول
خط چشم مویی ضد آب حاوی آنتی اکسیدان حجم 8 میلی لیتر,https://www.khanoumi.com/products/my-high-definition-eye-liner-16976,عاشقشم عالیه,0,true,2025-05-06T19:23:29.2740606+00:00,مثبت,0.91,سایر,سایر
خط چشم مویی ضد آب حاوی آنتی اکسیدان حجم 8 میلی لیتر,https://www.khanoumi.com/products/my-high-definition-eye-liner-16976,خیلی عالیه,0,true,2025-04-14T16:28:48.5971199+00:00,مثبت,0.79,سایر,سایر
خط چشم مویی ضد آب حاوی آنتی اکسیدان حجم 8 میلی لیتر,https://www.khanoumi.com/products/my-high-definition-eye-liner-16976,"همیشه میزنم 
خیلی خوبه",0,true,2025-04-14T13:43:51.7223688+00:00,مثبت,0.91,سایر,سایر
خط چشم مویی ضد آب حاوی آنتی اکسیدان حجم 8 میلی لیتر,https://www.khanoumi.com/products/my-high-definition-eye-liner-16976,راضیم,0,true,2025-04-09T21:44:57.8559401+00:00,مثبت,0.79,سایر,سایر
خط چشم مویی ضد آب حاوی آنتی اکسیدان حجم 8 میلی لیتر,https://www.khanoumi.com/products/my-high-definition-eye-liner-16976,خانومی لطفا تخفیفشو برگردون،من میخواستم ثبت سفارش کنم ولی یهو قیمتش رفت بالا,0,false,2025-04-09T17:13:37.5531052+00:00,خنثی,0.35,قیمت,قیمت
خط چشم مویی ضد آب حاوی آنتی اکسیدان حجم 8 میلی لیتر,https://www.khanoumi.com/products/my-high-definition-eye-liner-16976,به معنای واقعی عالی,0,true,2025-04-08T19:26:51.3450326+00:00,مثبت,0.67,سایر,سایر
خط چشم مویی ضد آب حاوی آنتی اکسیدان حجم 8 میلی لیتر,https://www.khanoumi.com/products/my-high-definition-eye-liner-16976,قلمش نازک و خوش دسته ، ماندگاریش هم تقریبا زیاده ولی بعد از 4،5 ساعت نیاز به ترمیم داره ، در کل خوبه من راضیم,0,false,2025-04-03T00:12:34.7722406+00:00,مثبت,0.95,محصول,محصول
خط چشم مویی ضد آب حاوی آنتی اکسیدان حجم 8 میلی لیتر,https://www.khanoumi.com/products/my-high-definition-eye-liner-16976,"این خط چشم عالیه 
ماندگاری بالایی داره و اصلا نمیریزه",0,true,2025-03-27T14:30:54.1367309+00:00,مثبت,0.67,محصول | اصل بودن کالا,محصول
خط چشم مویی ضد آب حاوی آنتی اکسیدان حجم 8 میلی لیتر,https://www.khanoumi.com/products/my-high-definition-eye-liner-16976,من چند سال هست فقط از این خط چشم استفاده میکنم زد آب نیست ولی باعث حساسیت و سوزش در چشم نمیشه,0,true,2025-03-16T21:24:43.4639722+00:00,خنثی,0.35,سایر,سایر
خط چشم مویی ضد آب حاوی آنتی اکسیدان حجم 8 میلی لیتر,https://www.khanoumi.com/products/my-high-definition-eye-liner-16976,"افتضاح
 نوشته ضدآبه همش الکیه ی در صدم ضدآب نیس",0,true,2025-03-09T21:18:38.8815065+00:00,منفی,0.67,سایر,سایر
خط چشم مویی ضد آب حاوی آنتی اکسیدان حجم 8 میلی لیتر,https://www.khanoumi.com/products/my-high-definition-eye-liner-16976,بهترین خط چشم فقط همین مارک و مدلِ...پشیمون نمیشید،،،مات هست خیلی مشکیییی.شاید 10 ساله این مدل رو میزنم,0,true,2025-03-09T10:12:08.6665183+00:00,مثبت,0.79,محصول,محصول
خط چشم مویی ضد آب حاوی آنتی اکسیدان حجم 8 میلی لیتر,https://www.khanoumi.com/products/my-high-definition-eye-liner-16976,من سه سال هست،فقط ازاین مدل استفاده میکنم عالیه,0,false,2025-03-07T05:58:56.7865451+00:00,مثبت,0.79,سایر,سایر
خط چشم مویی ضد آب حاوی آنتی اکسیدان حجم 8 میلی لیتر,https://www.khanoumi.com/products/my-high-definition-eye-liner-16976,بهترین و تنها خط چشمی ک ازش استفاده میکنم,0,false,2025-03-05T02:10:38.4899706+00:00,مثبت,0.67,سایر,سایر
خط چشم مویی ضد آب حاوی آنتی اکسیدان حجم 8 میلی لیتر,https://www.khanoumi.com/products/my-high-definition-eye-liner-16976,"من واقعا دوستش داشتم و خشک هم نمیشه
ماندگاریش بالاس سر قلمش هم خراب نشد",0,false,2025-03-02T21:28:58.397076+00:00,خنثی,0.35,محصول,محصول
خط چشم مویی ضد آب حاوی آنتی اکسیدان حجم 8 میلی لیتر,https://www.khanoumi.com/products/my-high-definition-eye-liner-16976,من الان دو سال از این خط چشم استفاده میکنم راضی ام ی کم زود خشک میشه ولی خوب خوبه,0,true,2025-03-02T09:15:37.3868501+00:00,مثبت,0.95,سایر,سایر
خط چشم مویی ضد آب حاوی آنتی اکسیدان حجم 8 میلی لیتر,https://www.khanoumi.com/products/my-high-definition-eye-liner-16976,"این محصول نسبتا خوبه فقط زود تموم میشه و اینکه زیاد بمونه تیکه تیکه میشه می‌ریزه ولی حسنش اینه خیلی خوب و راحت پاک می‌شه.
محصولی که من خیلی ازش راضی بودم و ازش استفاده کردم ریمل مویی نارنجی کالیستا بود به جاش اونو بخرید.
ولی اینم قابل قبوله.",0,true,2025-02-24T15:23:13.4776584+00:00,مثبت,0.95,محصول,محصول
خط چشم مویی ضد آب حاوی آنتی اکسیدان حجم 8 میلی لیتر,https://www.khanoumi.com/products/my-high-definition-eye-liner-16976,خیلی خوب بود و من راضیم توصیه میکنم بگیرید حتما,0,true,2025-02-24T12:31:18.1563624+00:00,مثبت,0.95,محصول,محصول
خط چشم مویی ضد آب حاوی آنتی اکسیدان حجم 8 میلی لیتر,https://www.khanoumi.com/products/my-high-definition-eye-liner-16976,راضی بودم,0,true,2025-02-23T12:02:02.1824886+00:00,مثبت,0.67,محصول,محصول
خط چشم مویی ضد آب حاوی آنتی اکسیدان حجم 8 میلی لیتر,https://www.khanoumi.com/products/my-high-definition-eye-liner-16976,راضیم ازش,0,true,2025-02-21T11:36:10.5869635+00:00,مثبت,0.79,سایر,سایر
خط چشم مویی ضد آب حاوی آنتی اکسیدان حجم 8 میلی لیتر,https://www.khanoumi.com/products/my-high-definition-eye-liner-16976,بد نیست مشکیه آبکیه مشکلشم زود رفتنشه,0,true,2025-02-20T14:32:06.8144491+00:00,مثبت,0.67,سایر,سایر
خط چشم مویی ضد آب حاوی آنتی اکسیدان حجم 8 میلی لیتر,https://www.khanoumi.com/products/my-high-definition-eye-liner-16976,اصلا خوب نیست. اولش که میزنی آبکیه. بعدش که خشک میشه بعد چند ساعت تیکه تیکه میشه.,0,false,2025-02-19T11:35:01.0017645+00:00,منفی,0.79,اصل بودن کالا,اصل بودن کالا
خط چشم مویی ضد آب حاوی آنتی اکسیدان حجم 8 میلی لیتر,https://www.khanoumi.com/products/my-high-definition-eye-liner-16976,واقعا خوب نیست زود پاک میشه ماندگاری نداره ولی خوش دست ارزش خرید نداره,0,true,2025-02-14T16:19:38.450341+00:00,منفی,0.79,محصول | قیمت,محصول
خط چشم مویی ضد آب حاوی آنتی اکسیدان حجم 8 میلی لیتر,https://www.khanoumi.com/products/my-high-definition-eye-liner-16976,خیلی خوبه ، کاملا مشکیه. حجمش هم مناسبه .,0,true,2025-02-14T05:31:50.625785+00:00,مثبت,0.91,محصول,محصول
خط چشم مویی ضد آب حاوی آنتی اکسیدان حجم 8 میلی لیتر,https://www.khanoumi.com/products/my-high-definition-eye-liner-16976,عالی بود ممنون,0,true,2025-02-11T11:03:47.2840258+00:00,مثبت,0.91,محصول,محصول
خط چشم مویی ضد آب حاوی آنتی اکسیدان حجم 8 میلی لیتر,https://www.khanoumi.com/products/my-high-definition-eye-liner-16976,"خیلی خوبه چند ساله از همین خط  چشم مای استفاده میکنم
راحت پاک میشه اصلا پخش نمیشه و قلموی ظریفی داره و کشیدن باهاش راحته",0,true,2025-02-06T19:08:51.1480922+00:00,مثبت,0.79,محصول | اصل بودن کالا,محصول
خط چشم مویی ضد آب حاوی آنتی اکسیدان حجم 8 میلی لیتر,https://www.khanoumi.com/products/my-high-definition-eye-liner-16976,فوق العاده اس,0,true,2025-02-06T12:18:31.0979712+00:00,مثبت,0.67,سایر,سایر
خط چشم مویی ضد آب حاوی آنتی اکسیدان حجم 8 میلی لیتر,https://www.khanoumi.com/products/my-high-definition-eye-liner-16976,شبکه و به راحتی پاک میشه و مناسبه استفاده ی روزانه س,0,true,2025-01-08T16:58:15.7152063+00:00,خنثی,0.35,سایر,سایر
خط چشم مویی ضد آب حاوی آنتی اکسیدان حجم 8 میلی لیتر,https://www.khanoumi.com/products/my-high-definition-eye-liner-16976,مشکی مشکی هست کارکردن باهاش آسونه نمیریزه پاک نمیشه,0,true,2025-01-01T18:35:43.0490661+00:00,خنثی,0.35,سایر,سایر
خط چشم مویی ضد آب حاوی آنتی اکسیدان حجم 8 میلی لیتر,https://www.khanoumi.com/products/my-high-definition-eye-liner-16976,"عالیه چندساله ازش استفاده میکنم 
مشکی و ماته دیر میره تا 10.12ساعت مونده برای من 
فقط اینکه مویی باید مهارت داشته باشید بتونید خط چشم خوبی بکشید",0,true,2024-12-31T08:41:55.4974983+00:00,مثبت,0.91,محصول,محصول
خط چشم مویی ضد آب حاوی آنتی اکسیدان حجم 8 میلی لیتر,https://www.khanoumi.com/products/my-high-definition-eye-liner-16976,ضد آب نیست و قیمتشم بالاس نسبت به کیفیتش,0,true,2024-12-29T09:50:23.0495392+00:00,خنثی,0.35,محصول | قیمت,محصول
خط چشم مویی ضد آب حاوی آنتی اکسیدان حجم 8 میلی لیتر,https://www.khanoumi.com/products/my-high-definition-eye-liner-16976,"بد نیست رنم مشکی و براقی داره فقط کمی سخته باهاش خط چشم کشیدن 
حتما باید مهارت داشته باشید",0,true,2024-12-28T21:21:08.7403751+00:00,مثبت,0.67,سایر,سایر
خط چشم مویی ضد آب حاوی آنتی اکسیدان حجم 8 میلی لیتر,https://www.khanoumi.com/products/my-high-definition-eye-liner-16976,عالیه واقعا چندساله همینو استفاده میکنم,0,true,2024-12-25T16:17:52.1410282+00:00,مثبت,0.79,سایر,سایر
خط چشم مویی ضد آب حاوی آنتی اکسیدان حجم 8 میلی لیتر,https://www.khanoumi.com/products/my-high-definition-eye-liner-16976,"اصلا رنگ و کیفیت ندارە. بعد 2.3 ساعت کمرنگ میشە
ماندگاری اصلا ندارە.
کالیستا خیلی بهتر از اینه.",0,true,2024-12-23T14:50:40.666917+00:00,مثبت,0.79,محصول | اصل بودن کالا,محصول
خط چشم مویی ضد آب حاوی آنتی اکسیدان حجم 8 میلی لیتر,https://www.khanoumi.com/products/my-high-definition-eye-liner-16976,میچسبه به مژه ها و باعث کنده شدن مژه میشه راضی نیستم ولی رنگش خیلی مشکیه و برای دو سه ساعت خوبه,0,true,2024-12-22T05:44:45.3317413+00:00,مثبت,0.67,محصول,محصول
خط چشم مویی ضد آب حاوی آنتی اکسیدان حجم 8 میلی لیتر,https://www.khanoumi.com/products/my-high-definition-eye-liner-16976,عالیه پخش نمیشه,0,false,2024-12-20T15:39:14.0806291+00:00,منفی,0.79,سایر,سایر
خط چشم مویی ضد آب حاوی آنتی اکسیدان حجم 8 میلی لیتر,https://www.khanoumi.com/products/my-high-definition-eye-liner-16976,اصلا خوب نیست پشت چشم زود تیکه تیکه میشه,0,false,2024-12-19T09:02:00.7939673+00:00,منفی,0.79,اصل بودن کالا,اصل بودن کالا
خط چشم مویی ضد آب حاوی آنتی اکسیدان حجم 8 میلی لیتر,https://www.khanoumi.com/products/my-high-definition-eye-liner-16976,خوده محصول که عالیه ولی وقتی سفارش دادم ، انگاری از قبل باز شده بود و محتوای محصول کاملا روی خوده خط چشم ریخته شده بود .,0,true,2024-12-18T04:27:55.6889708+00:00,مثبت,0.79,محصول,محصول
خط چشم مویی ضد آب حاوی آنتی اکسیدان حجم 8 میلی لیتر,https://www.khanoumi.com/products/my-high-definition-eye-liner-16976,خیلی عالیه اصلا انتظار این کیفیت رو نداشتم,0,true,2024-12-18T01:43:26.1226842+00:00,مثبت,0.91,محصول | اصل بودن کالا,محصول
خط چشم مویی ضد آب حاوی آنتی اکسیدان حجم 8 میلی لیتر,https://www.khanoumi.com/products/my-high-definition-eye-liner-16976,"همیشه از همین مدل و برند استفاده میکنم
حرف نداره",0,true,2024-12-15T19:53:40.3740768+00:00,خنثی,0.35,سایر,سایر
خط چشم مویی ضد آب حاوی آنتی اکسیدان حجم 8 میلی لیتر,https://www.khanoumi.com/products/my-high-definition-eye-liner-16976,چندساله ازش استفاده میکنم عالیه اصلا تیکه تیکه نمیشه کار باهاش راحته,0,true,2024-12-15T13:37:23.107851+00:00,مثبت,0.91,اصل بودن کالا,اصل بودن کالا
خط چشم مویی ضد آب حاوی آنتی اکسیدان حجم 8 میلی لیتر,https://www.khanoumi.com/products/my-high-definition-eye-liner-16976,من از این دارم عالییییه,0,false,2024-12-13T15:29:19.3099976+00:00,مثبت,0.67,سایر,سایر
خط چشم مویی ضد آب حاوی آنتی اکسیدان حجم 8 میلی لیتر,https://www.khanoumi.com/products/my-high-definition-eye-liner-16976,کاملا مشکیه و ضد آبه تیکه تیکه هم نمیشه درکل خیلی خوبه,0,true,2024-12-12T21:55:26.2297963+00:00,مثبت,0.67,سایر,سایر
خط چشم مویی ضد آب حاوی آنتی اکسیدان حجم 8 میلی لیتر,https://www.khanoumi.com/products/my-high-definition-eye-liner-16976,خیلی عالی,0,true,2024-12-11T19:05:32.2143449+00:00,مثبت,0.67,سایر,سایر
خط چشم مویی ضد آب حاوی آنتی اکسیدان حجم 8 میلی لیتر,https://www.khanoumi.com/products/my-high-definition-eye-liner-16976,خوبه من دوسش دارم,0,true,2024-12-11T18:39:45.887022+00:00,مثبت,0.79,سایر,سایر
خط چشم مویی ضد آب حاوی آنتی اکسیدان حجم 8 میلی لیتر,https://www.khanoumi.com/products/my-high-definition-eye-liner-16976,عالیه حرف نداره هم ضد آبه هم مشکی هم راحت میشه استفاده کرد,0,true,2024-12-09T23:31:02.164677+00:00,منفی,0.79,سایر,سایر
خط چشم مویی ضد آب حاوی آنتی اکسیدان حجم 8 میلی لیتر,https://www.khanoumi.com/products/my-high-definition-eye-liner-16976,"ضد آب نیست 
رنگش کم و مشکی نیست 
دسته بلندی داره خط چشم کشیدن باهاش سخت",0,true,2024-12-09T18:08:33.2195268+00:00,خنثی,0.35,محصول,محصول
خط چشم مویی ضد آب حاوی آنتی اکسیدان حجم 8 میلی لیتر,https://www.khanoumi.com/products/my-high-definition-eye-liner-16976,"چند ساله که شارژش میکنم خط چشم خوبیه
ایندفع از خانومی گرفتم
حس میکنم زود پاک میشه ایندفعه",0,true,2024-12-08T18:17:44.5950431+00:00,مثبت,0.67,سایر,سایر
خط چشم مویی ضد آب حاوی آنتی اکسیدان حجم 8 میلی لیتر,https://www.khanoumi.com/products/my-high-definition-eye-liner-16976,عالیترینه,0,true,2024-12-08T08:06:16.1048503+00:00,مثبت,0.67,سایر,سایر
خط چشم مویی ضد آب حاوی آنتی اکسیدان حجم 8 میلی لیتر,https://www.khanoumi.com/products/my-high-definition-eye-liner-16976,من زیاد دوستش نداشت موییش خیلی باریک نیست,0,false,2024-12-07T10:44:03.5530282+00:00,خنثی,0.35,محصول,محصول
خط چشم مویی ضد آب حاوی آنتی اکسیدان حجم 8 میلی لیتر,https://www.khanoumi.com/products/my-high-definition-eye-liner-16976,"دوسش دارم تکون نمیخوره
چندین باره ک خریدمش",0,true,2024-12-06T11:30:05.3573284+00:00,خنثی,0.35,سایر,سایر
خط چشم مویی ضد آب حاوی آنتی اکسیدان حجم 8 میلی لیتر,https://www.khanoumi.com/products/my-high-definition-eye-liner-16976,بهترین خط چشمی هست که تاحالا داشتم داره تموم میشه مجدد سفارش دادم بهترین حسنی که داره اینه که خیلی مشکیه ریرش اصلا نداره و بدون مهارت خاصی خط چشم عالی میتونی بکشی,0,true,2024-12-04T21:06:23.8478236+00:00,مثبت,0.91,محصول | اصل بودن کالا,محصول
خط چشم مویی ضد آب حاوی آنتی اکسیدان حجم 8 میلی لیتر,https://www.khanoumi.com/products/my-high-definition-eye-liner-16976,خیلی راضیم ..عالیه..ولی گرون شده!,0,true,2024-12-04T13:07:02.9574507+00:00,مثبت,0.95,قیمت,قیمت
خط چشم مویی ضد آب حاوی آنتی اکسیدان حجم 8 میلی لیتر,https://www.khanoumi.com/products/my-high-definition-eye-liner-16976,خیلی خوبه ب قیمتش عالیه,0,true,2024-12-04T13:05:12.6095996+00:00,مثبت,0.95,قیمت,قیمت
خط چشم مویی ضد آب حاوی آنتی اکسیدان حجم 8 میلی لیتر,https://www.khanoumi.com/products/my-high-definition-eye-liner-16976,عاااااالی بود,0,false,2024-11-30T15:17:39.2461562+00:00,خنثی,0.35,محصول,محصول
خط چشم مویی ضد آب حاوی آنتی اکسیدان حجم 8 میلی لیتر,https://www.khanoumi.com/products/my-high-definition-eye-liner-16976,عالیهههه,0,true,2024-11-29T20:39:06.2555168+00:00,مثبت,0.79,سایر,سایر
خط چشم مویی ضد آب حاوی آنتی اکسیدان حجم 8 میلی لیتر,https://www.khanoumi.com/products/my-high-definition-eye-liner-16976,عالی,0,true,2024-11-29T11:42:36.4163382+00:00,مثبت,0.67,سایر,سایر
خط چشم مویی ضد آب حاوی آنتی اکسیدان حجم 8 میلی لیتر,https://www.khanoumi.com/products/my-high-definition-eye-liner-16976,اصلا نمیماسه و مشکی مات هست ولی بعد چند ساعت پشت پلک تیکه تیکه میشه,0,true,2024-11-26T16:15:55.7448539+00:00,منفی,0.67,اصل بودن کالا,اصل بودن کالا
خط چشم مویی ضد آب حاوی آنتی اکسیدان حجم 8 میلی لیتر,https://www.khanoumi.com/products/my-high-definition-eye-liner-16976,واقعا عالی بود,0,true,2024-11-25T18:26:00.0738999+00:00,مثبت,0.79,محصول,محصول
خط چشم مویی ضد آب حاوی آنتی اکسیدان حجم 8 میلی لیتر,https://www.khanoumi.com/products/my-high-definition-eye-liner-16976,بنظر من عالی مات هست و پخش نمیشه,0,true,2024-11-24T06:49:41.7385079+00:00,مثبت,0.67,سایر,سایر
خط چشم مویی ضد آب حاوی آنتی اکسیدان حجم 8 میلی لیتر,https://www.khanoumi.com/products/my-high-definition-eye-liner-16976,خیلی عالیه ولی چرا یکدفعه اینقدر گرون کردین؟!,0,true,2024-11-23T12:05:08.1864952+00:00,مثبت,0.79,قیمت,قیمت
خط چشم مویی ضد آب حاوی آنتی اکسیدان حجم 8 میلی لیتر,https://www.khanoumi.com/products/my-high-definition-eye-liner-16976,"عالییی
اصلا پخش نمیشه
مات و شبکه
سرش بلند و نازکه و خیلی خوش دسته",0,true,2024-11-23T10:28:03.1269191+00:00,خنثی,0.35,اصل بودن کالا,اصل بودن کالا
خط چشم مویی ضد آب حاوی آنتی اکسیدان حجم 8 میلی لیتر,https://www.khanoumi.com/products/my-high-definition-eye-liner-16976,ضد آب نیست و سر سه چهارساعت میره از روی چشم برا استفاده روزانه خوبه ب قیمتش توی تخفیف ارزش داره,0,true,2024-11-20T14:58:24.822409+00:00,مثبت,0.79,قیمت,قیمت
خط چشم مویی ضد آب حاوی آنتی اکسیدان حجم 8 میلی لیتر,https://www.khanoumi.com/products/my-high-definition-eye-liner-16976,خیلی خوبه. ممنون از خانومی با قیمت خوب کیفیت بالا گرفتم,0,true,2024-11-20T10:41:40.2023551+00:00,مثبت,0.95,محصول | قیمت,محصول
خط چشم مویی ضد آب حاوی آنتی اکسیدان حجم 8 میلی لیتر,https://www.khanoumi.com/products/my-high-definition-eye-liner-16976,نمیدونم چندمین باریه که میخرمش سالهاست ازش استفاده میکنم فوق العاده ست,0,true,2024-11-16T17:52:22.1945267+00:00,مثبت,0.67,سایر,سایر
خط چشم مویی ضد آب حاوی آنتی اکسیدان حجم 8 میلی لیتر,https://www.khanoumi.com/products/my-high-definition-eye-liner-16976,خط چشم خوبیه و چیزی که منو خیلی راضی کرد خیلی مشکی بودنش و پخش نشدنش بود ، تموم بشه مجدد همین رو سفارش میدم,0,true,2024-11-14T12:04:02.4977743+00:00,مثبت,0.79,محصول,محصول
خط چشم مویی ضد آب حاوی آنتی اکسیدان حجم 8 میلی لیتر,https://www.khanoumi.com/products/my-high-definition-eye-liner-16976,روی چشم خیلی سنگینی میکنه، البته بیشتر خط چشمها همینجوری اند ولی این را هم وقتی میزنم یکساعت نشده پلکهام خیلی سنگینی میکنه، ولی دوامش نسبتا خوبه و قلموش هم خوبه کشیدنش هم راحته,0,true,2024-11-11T11:14:26.4760894+00:00,مثبت,0.95,محصول,محصول
خط چشم مویی ضد آب حاوی آنتی اکسیدان حجم 8 میلی لیتر,https://www.khanoumi.com/products/my-high-definition-eye-liner-16976,دوباره شارژش نمیکنم فکر میکردم خیلی خوب باشه ولی نبود,0,true,2024-11-08T09:59:45.964159+00:00,مثبت,0.79,محصول,محصول
خط چشم مویی ضد آب حاوی آنتی اکسیدان حجم 8 میلی لیتر,https://www.khanoumi.com/products/my-high-definition-eye-liner-16976,"در یک کلمه
بینظیره",0,true,2024-11-05T19:53:17.742842+00:00,خنثی,0.35,سایر,سایر
خط چشم مویی ضد آب حاوی آنتی اکسیدان حجم 8 میلی لیتر,https://www.khanoumi.com/products/my-high-definition-eye-liner-16976,ازش راضی بودم خوب بود,0,false,2024-11-05T17:36:58.5580904+00:00,مثبت,0.91,محصول,محصول
خط چشم مویی ضد آب حاوی آنتی اکسیدان حجم 8 میلی لیتر,https://www.khanoumi.com/products/my-high-definition-eye-liner-16976,خط چشم خیلی باریک و نازک خوبیه و اینکه من ی شب تا صب زدم کامل رو چشمم مونده بود,0,true,2024-11-01T06:57:19.5423629+00:00,مثبت,0.67,محصول,محصول
خط چشم مویی ضد آب حاوی آنتی اکسیدان حجم 8 میلی لیتر,https://www.khanoumi.com/products/my-high-definition-eye-liner-16976,"خدایی ضد آب بود 
رو دستم ریخت مگه پاک می شد
کار کردن باهاشم راحته",0,true,2024-10-27T11:03:30.2042891+00:00,خنثی,0.35,محصول,محصول
خط چشم مویی ضد آب حاوی آنتی اکسیدان حجم 8 میلی لیتر,https://www.khanoumi.com/products/my-high-definition-eye-liner-16976,"عالیهه
ماندگاریش خیلی خوبه",0,true,2024-10-23T10:40:41.4160643+00:00,مثبت,0.95,محصول,محصول
خط چشم مویی ضد آب حاوی آنتی اکسیدان حجم 8 میلی لیتر,https://www.khanoumi.com/products/my-high-definition-eye-liner-16976,خیلی خوبه حجم زیاد و استفاده طولانی بدون خشک شدن..چند بار ازش تهیه کردم,0,false,2024-10-08T06:48:15.6508144+00:00,مثبت,0.79,محصول,محصول
خط چشم مویی ضد آب حاوی آنتی اکسیدان حجم 8 میلی لیتر,https://www.khanoumi.com/products/my-high-definition-eye-liner-16976,از هر نظر عالیه خرید همیشگی منه,0,true,2024-10-04T19:07:57.0289247+00:00,مثبت,0.79,سایر,سایر
خط چشم مویی ضد آب حاوی آنتی اکسیدان حجم 8 میلی لیتر,https://www.khanoumi.com/products/my-high-definition-eye-liner-16976,"سالهاست دارم از این خط چشم استفاده میکنم عالیهههه
زده ضد آبه ولی خب اگه یکم کوچولو با آب بمالیش کاملا پاک میشه
به جز این موضوع،حرف نداره",0,false,2024-09-30T15:16:42+00:00,مثبت,0.79,محصول,محصول
خط چشم مویی ضد آب حاوی آنتی اکسیدان حجم 8 میلی لیتر,https://www.khanoumi.com/products/my-high-definition-eye-liner-16976,خیلی خوبه ماته اصلا برق نمیندازه مویی هستش برای افرادی مثله من که با ماژیکی نمیتونن راحت خط چشم بکشن عالیه من خیلی راضی ام,0,true,2024-09-29T15:06:46+00:00,مثبت,0.95,محصول | اصل بودن کالا,محصول
خط چشم مویی ضد آب حاوی آنتی اکسیدان حجم 8 میلی لیتر,https://www.khanoumi.com/products/my-high-definition-eye-liner-16976,خیلی خوبه و خیلی اسون میشه باش خط چشم کشید,0,true,2024-09-28T17:28:33+00:00,مثبت,0.91,سایر,سایر
خط چشم مویی ضد آب حاوی آنتی اکسیدان حجم 8 میلی لیتر,https://www.khanoumi.com/products/my-high-definition-eye-liner-16976,خیلی راضیم نسبت به قیمت واقعا کار میکنه,0,true,2024-09-27T11:04:54+00:00,مثبت,0.95,قیمت,قیمت
خط چشم مویی ضد آب حاوی آنتی اکسیدان حجم 8 میلی لیتر,https://www.khanoumi.com/products/my-high-definition-eye-liner-16976,خیلییییی عالیه مخصوصا تو تخفیف.بسیار روان و مشکی و مات.ریزش اصلا نداشت و موقع شستشو خیلی خوب شسته شد.پیشنهاد میکنم حتما بگیرید,0,true,2024-09-18T05:38:50+00:00,مثبت,0.95,محصول | اصل بودن کالا | قیمت,محصول
خط چشم مویی ضد آب حاوی آنتی اکسیدان حجم 8 میلی لیتر,https://www.khanoumi.com/products/my-high-definition-eye-liner-16976,عالی بود کاملا مشکی و ضدآب هست به راحتی پاک نمیشه مگه اینکه اب بزنید بهش که پاک بشه,0,true,2024-09-09T16:36:55+00:00,مثبت,0.79,محصول,محصول
خط چشم مویی ضد آب حاوی آنتی اکسیدان حجم 8 میلی لیتر,https://www.khanoumi.com/products/my-high-definition-eye-liner-16976,خط چشم عالی واقعا ضد ابه و روانه اصلا خشک نیس ,0,true,2024-09-04T20:27:00+00:00,مثبت,0.79,اصل بودن کالا,اصل بودن کالا
خط چشم مویی ضد آب حاوی آنتی اکسیدان حجم 8 میلی لیتر,https://www.khanoumi.com/products/my-high-definition-eye-liner-16976,بسیار عالی با اینکه ضد آب هست کاملا ماته و قلموی خوبی هم داره در کل بسیار راضی بودم. ,0,false,2024-09-03T18:36:19+00:00,مثبت,0.91,محصول,محصول
خط چشم مویی ضد آب حاوی آنتی اکسیدان حجم 8 میلی لیتر,https://www.khanoumi.com/products/my-high-definition-eye-liner-16976,خیلی مشکیه راضیم ازش,0,true,2024-09-01T00:33:51+00:00,مثبت,0.79,سایر,سایر
خط چشم مویی ضد آب حاوی آنتی اکسیدان حجم 8 میلی لیتر,https://www.khanoumi.com/products/my-high-definition-eye-liner-16976,خیلی پر و خوب بود کاملا مشکی هست پخش هم نمیشه ولی من فکر میکردم ماندگاریش بالاس ولی اینطور نبود زود پاک میشه,0,true,2024-08-30T17:04:16+00:00,مثبت,0.79,محصول,محصول
خط چشم مویی ضد آب حاوی آنتی اکسیدان حجم 8 میلی لیتر,https://www.khanoumi.com/products/my-high-definition-eye-liner-16976,عالی از همه نظر ,0,false,2024-08-28T23:14:19+00:00,مثبت,0.67,سایر,سایر
خط چشم مویی ضد آب حاوی آنتی اکسیدان حجم 8 میلی لیتر,https://www.khanoumi.com/products/my-high-definition-eye-liner-16976,"انقدر این خط چشم بی نقصه ک تا حالا دلم نخواسته برند دیگه ای رو امتحان کنم.ممنون از خانومی
",0,true,2024-08-26T15:52:35+00:00,مثبت,0.67,سایر,سایر
خط چشم مویی ضد آب حاوی آنتی اکسیدان حجم 8 میلی لیتر,https://www.khanoumi.com/products/my-high-definition-eye-liner-16976,خیلی عالیه خشک نمیشه ,0,true,2024-08-25T13:30:07+00:00,منفی,0.79,سایر,سایر
خط چشم مویی ضد آب حاوی آنتی اکسیدان حجم 8 میلی لیتر,https://www.khanoumi.com/products/my-high-definition-eye-liner-16976,من هر روز خط چشم میکشم و از خط چشم های مختلفی استفاده کردم اما مای از همه بهتر بوده و ماندگاری داره صبح که میزنم تا شب هست پشت چشم جمع نمیشه و شستشو راحته و سبک هم هست من فک میکنم در محصولات مای واقعا خط چشمش بی نظریه من هم موییشو خریدم و هم موژیکی که راضی بودم از هر دو ,0,true,2024-08-22T12:06:14+00:00,مثبت,0.67,محصول,محصول
خط چشم مویی ضد آب حاوی آنتی اکسیدان حجم 8 میلی لیتر,https://www.khanoumi.com/products/my-high-definition-eye-liner-16976,خیلی خوبه بهترین خط چشمی که تا حالا استفاده کردم ,0,false,2024-08-13T12:43:34+00:00,مثبت,0.95,سایر,سایر
خط چشم مویی ضد آب حاوی آنتی اکسیدان حجم 8 میلی لیتر,https://www.khanoumi.com/products/my-high-definition-eye-liner-16976,انقد خوب بود بعد استفاده دلم نیومد نیام و نظر ندم واقعا پیشنهاد میکنم بخرین,0,true,2024-08-08T12:29:43+00:00,مثبت,0.95,محصول,محصول
خط چشم مویی ضد آب حاوی آنتی اکسیدان حجم 8 میلی لیتر,https://www.khanoumi.com/products/my-high-definition-eye-liner-16976,عالی خیلی خیلی عالی,0,true,2024-08-06T11:20:47+00:00,مثبت,0.79,سایر,سایر
خط چشم مویی ضد آب حاوی آنتی اکسیدان حجم 8 میلی لیتر,https://www.khanoumi.com/products/my-high-definition-eye-liner-16976,بهترین خط چشمه ,0,true,2024-08-05T14:27:57+00:00,مثبت,0.67,سایر,سایر
خط چشم مویی ضد آب حاوی آنتی اکسیدان حجم 8 میلی لیتر,https://www.khanoumi.com/products/my-high-definition-eye-liner-16976,خیلی خوبه من چند ساله از این خط چشم استفاده میکنم، بادوامه زود خشک نمیشه. ,0,true,2024-07-29T10:47:08+00:00,مثبت,0.91,سایر,سایر
خط چشم مویی ضد آب حاوی آنتی اکسیدان حجم 8 میلی لیتر,https://www.khanoumi.com/products/my-high-definition-eye-liner-16976,همه تعریفشو کرده بودن چیزی که خیلی خوشم اومد سایز و حجمش بود و خیلی مشکیههه,0,true,2024-07-27T12:44:18+00:00,خنثی,0.35,محصول,محصول
خط چشم مویی ضد آب حاوی آنتی اکسیدان حجم 8 میلی لیتر,https://www.khanoumi.com/products/my-high-definition-eye-liner-16976,"قطعا تموم بشه شارژ میکنم ..عالیه نه تکه تکه نمیشه ..پاک نمیشه..ساهی از خودش پس نمیده..خودم بالای 8 ساعت رو چشمم بارها وبارها بوده ولی هیچ تغییری نکرده
اصلا فکرشو نمیکردم یه برند ایرانی اینجوری ودر این حد لزنه رو دست تمام برندای خارجی
این خط چشم مات هست و به کسایی که دوست دارن برق خط چشم روی چشماشون نشون بده توصیه نمیکنم
نرم وروان ومویی نازک که میشه باهاش نازکترین خط چشمها رو کشید 
من برای پهن کردن خط چشمم از براش خط چشم ریل تکنیک استفاده میکنم یا اینکه زیر خط چشمم با مداد میکشم وبامویی سر خط جشم پهنش میکنم",0,true,2024-07-22T21:36:32+00:00,مثبت,0.79,محصول | اصل بودن کالا,محصول
خط چشم مویی ضد آب حاوی آنتی اکسیدان حجم 8 میلی لیتر,https://www.khanoumi.com/products/my-high-definition-eye-liner-16976,بعضیا میگن پلاستیکیه اما اصلا اینطور نیس کاملا مشکی و مات و خیلی نوک تیز و خوبی داره...اگه دست بکشی بهش و اشکی بشه چشم بله میره اما درکل موندگاره و ترک نمیخوره روی پوست چشم,0,false,2024-07-19T02:53:11+00:00,مثبت,0.79,محصول | اصل بودن کالا,محصول
خط چشم مویی ضد آب حاوی آنتی اکسیدان حجم 8 میلی لیتر,https://www.khanoumi.com/products/my-high-definition-eye-liner-16976,به موقع و سریع به دستم رسید سالم و بدون هیچ ایرادی ممنون از سایت خوبتون,0,true,2024-07-08T23:17:45+00:00,ترکیبی,0.74,محصول | تحویل و ارسال,محصول
خط چشم مویی ضد آب حاوی آنتی اکسیدان حجم 8 میلی لیتر,https://www.khanoumi.com/products/my-high-definition-eye-liner-16976,بالای 10 بار من این خط چشمو شارژ میکنم و از برند های دیگه هم استفاده کردم اما مای عالیه,0,true,2024-06-30T08:18:04+00:00,مثبت,0.79,محصول,محصول
خط چشم مویی ضد آب حاوی آنتی اکسیدان حجم 8 میلی لیتر,https://www.khanoumi.com/products/my-high-definition-eye-liner-16976,ماندگاری خوبی داره ,0,true,2024-06-26T07:22:10+00:00,مثبت,0.67,محصول,محصول
خط چشم مویی ضد آب حاوی آنتی اکسیدان حجم 8 میلی لیتر,https://www.khanoumi.com/products/my-high-definition-eye-liner-16976,"فوق العاده عالی
ارسال سریع وکیفیت محصول مثل همیشه درجه یک",0,true,2024-06-15T13:43:41+00:00,مثبت,0.79,محصول | تحویل و ارسال,محصول
کرم پودر مدل ایده آل کاور مناسب انواع پوست,https://www.khanoumi.com/products/my-foudation-16980,سلام. میشه رنگ روشنشو موجود کنید؟,32,false,2018-07-26T23:19:42.66+00:00,خنثی,0.35,محصول,محصول
کرم پودر مدل ایده آل کاور مناسب انواع پوست,https://www.khanoumi.com/products/my-foudation-16980,خوب روی پوست میخوابه و کاورش بالاست,11,false,2018-06-15T03:15:18.0466667+00:00,مثبت,0.67,محصول,محصول
کرم پودر مدل ایده آل کاور مناسب انواع پوست,https://www.khanoumi.com/products/my-foudation-16980,من زیرش مرطوب کننده میزنم خیلی راضیم‌پوستم خشکه,13,false,2018-01-17T16:18:21.02+00:00,مثبت,0.79,محصول,محصول
کرم پودر مدل ایده آل کاور مناسب انواع پوست,https://www.khanoumi.com/products/my-foudation-16980,سلام رنگ روشن این محصول ندارین؟؟کل رنگها که دارین تیره اس,8,false,2017-09-03T21:16:31.2766667+00:00,خنثی,0.35,محصول,محصول
رژلب مرطوب کننده,https://www.khanoumi.com/products/my-lipstick-16979,من رنگ هلویی رو‌گرفتم بوی خیلی خوبی داره و روی لب خشک نمیشه،عاشقشم😍لطفا رنگای دیگه رو هم شارژ کنید,2,true,2020-02-29T19:52:19+00:00,مثبت,0.67,محصول,محصول
رژلب مرطوب کننده,https://www.khanoumi.com/products/my-lipstick-16979,من این محصول رو شماره ی ۴۵ رو سفارش دادم امروز به دستم رسید رنگش خیلی قشنگه ,0,true,2020-01-18T23:23:04+00:00,خنثی,0.35,محصول | تحویل و ارسال,محصول
رژلب مرطوب کننده,https://www.khanoumi.com/products/my-lipstick-16979,این رژ لب ها خیلی خوبن من دوتا رنگش رو دارم فوق العادن میخوام دوباره شارژشون کنم.‌بافت نرمی دارن مات هستن تقریبا البته به رنگ رژلب بستگی داره یه کم. رنگای خیلیییی شیکی دارن همه رنگاشو شارژ کنید لطفا,11,false,2019-07-09T23:48:40.56+00:00,مثبت,0.79,محصول,محصول
رژلب مرطوب کننده,https://www.khanoumi.com/products/my-lipstick-16979,خوب بود بافتش روی لب,16,true,2018-12-10T13:41:35.3466667+00:00,مثبت,0.79,محصول,محصول
پنکک مدل ولوت آیینه دار مناسب پوست چرب و مختلط,https://www.khanoumi.com/products/my-compact-powder-16981,"سلام 
لدفا شماره ۳ موجود کنید ",0,false,2019-07-30T06:21:41.0466667+00:00,خنثی,0.35,محصول,محصول
پنکک مدل ولوت آیینه دار مناسب پوست چرب و مختلط,https://www.khanoumi.com/products/my-compact-powder-16981,خیلی معمولی با پخش متوسط ,1,true,2018-09-05T00:34:41.4366667+00:00,خنثی,0.35,محصول,محصول
پنکک مدل ولوت آیینه دار مناسب پوست چرب و مختلط,https://www.khanoumi.com/products/my-compact-powder-16981,8و9و10 موجود نیست ؟!!! من واقعا از خرید هام از خانومی راضی ام اما این تکمیل نبودن محصولاتتون مخصوصا محصولات ایرانی توی ذوق میزنه ,15,false,2018-04-13T04:07:22.87+00:00,مثبت,0.79,محصول,محصول
پنکک مدل ولوت آیینه دار مناسب پوست چرب و مختلط,https://www.khanoumi.com/products/my-compact-powder-16981,"من برای روی یکی از کانسیلرهای زیر چشمم ک رنگش تیره اس از شماره یک استفاده میکنم. با کانسیلر من ترکیب خوبی میشه اما یه کم خشک هست ک با یه پاف کوچولو اسپری آب اوریج درست میشه.
کلا ب زحمتش نمی ارزه اما چون بقول دوستان خیلی خشک و مثه سنگه برای تو کیف گذاشتن و اینور اونور رفتن مناسبه (ب این راحتی ها نمیشکنه)",2,false,2018-03-17T01:06:21.36+00:00,مثبت,0.67,محصول,محصول
پنکک مدل ولوت آیینه دار مناسب پوست چرب و مختلط,https://www.khanoumi.com/products/my-compact-powder-16981,اصلا خوب نیست اصلا روی برس نمی شینه,1,true,2018-03-09T22:45:09.75+00:00,منفی,0.91,اصل بودن کالا,اصل بودن کالا
پنکک مدل ولوت آیینه دار مناسب پوست چرب و مختلط,https://www.khanoumi.com/products/my-compact-powder-16981,اصلا پن کیک خوبی نیس به زور با برس باید خیلی محکم بکشی تا یکم پودر روی برس بشینه من اصلا راضی نیستم چون بافت نرمی نداره سفته مث سنگ,2,true,2018-02-07T11:48:31.7666667+00:00,خنثی,0.35,محصول | اصل بودن کالا,محصول
خط چشم مویی ضد آب حاوی آنتی اکسیدان حجم 8 میلی لیتر,https://www.khanoumi.com/products/my-high-definition-eye-liner-16976,خوبههه جدااا...کارکردن باهاش اسونه...ضد ابه و براحتی پاک نمیشه و اینکههه کاملا مشکیههه,0,true,2024-05-26T09:44:15+00:00,مثبت,0.79,سایر,سایر
خط چشم مویی ضد آب حاوی آنتی اکسیدان حجم 8 میلی لیتر,https://www.khanoumi.com/products/my-high-definition-eye-liner-16976,موجود کنید,0,false,2024-05-10T02:53:45+00:00,خنثی,0.35,محصول,محصول
خط چشم مویی ضد آب حاوی آنتی اکسیدان حجم 8 میلی لیتر,https://www.khanoumi.com/products/my-high-definition-eye-liner-16976,لطفا شارژ کنید,0,false,2024-05-10T02:53:06+00:00,خنثی,0.35,سایر,سایر
خط چشم مویی ضد آب حاوی آنتی اکسیدان حجم 8 میلی لیتر,https://www.khanoumi.com/products/my-high-definition-eye-liner-16976,چرا موجود نمیکنید؟,0,true,2024-05-07T12:20:06+00:00,خنثی,0.35,محصول,محصول
خط چشم مویی ضد آب حاوی آنتی اکسیدان حجم 8 میلی لیتر,https://www.khanoumi.com/products/my-high-definition-eye-liner-16976,خیلی مشکی و خوبه,0,true,2024-04-26T23:57:21+00:00,مثبت,0.79,سایر,سایر
خط چشم مویی ضد آب حاوی آنتی اکسیدان حجم 8 میلی لیتر,https://www.khanoumi.com/products/my-high-definition-eye-liner-16976,لطفا شارژ بشه ,0,false,2024-04-26T11:15:17+00:00,خنثی,0.35,سایر,سایر
خط چشم مویی ضد آب حاوی آنتی اکسیدان حجم 8 میلی لیتر,https://www.khanoumi.com/products/my-high-definition-eye-liner-16976,من که خیلی راضی بودم,0,true,2024-04-25T18:08:36+00:00,مثبت,0.67,محصول,محصول
خط چشم مویی ضد آب حاوی آنتی اکسیدان حجم 8 میلی لیتر,https://www.khanoumi.com/products/my-high-definition-eye-liner-16976,شارژش کنید لطفاااااا,0,false,2024-04-19T11:25:53+00:00,خنثی,0.35,سایر,سایر
خط چشم مویی ضد آب حاوی آنتی اکسیدان حجم 8 میلی لیتر,https://www.khanoumi.com/products/my-high-definition-eye-liner-16976,عالیهه دو ساله ازش استفاده میکنم لطفا شارژش کنید ,0,true,2024-04-12T20:59:19+00:00,مثبت,0.79,سایر,سایر
خط چشم مویی ضد آب حاوی آنتی اکسیدان حجم 8 میلی لیتر,https://www.khanoumi.com/products/my-high-definition-eye-liner-16976,عالیهههه,0,true,2024-03-21T16:08:15+00:00,مثبت,0.79,سایر,سایر
خط چشم مویی ضد آب حاوی آنتی اکسیدان حجم 8 میلی لیتر,https://www.khanoumi.com/products/my-high-definition-eye-liner-16976,عالیهههه بهترین خط چشم ,0,true,2024-03-21T16:05:03+00:00,مثبت,0.91,سایر,سایر
خط چشم مویی ضد آب حاوی آنتی اکسیدان حجم 8 میلی لیتر,https://www.khanoumi.com/products/my-high-definition-eye-liner-16976,عاااالیه,0,true,2024-03-16T21:43:50+00:00,خنثی,0.35,سایر,سایر
خط چشم مویی ضد آب حاوی آنتی اکسیدان حجم 8 میلی لیتر,https://www.khanoumi.com/products/my-high-definition-eye-liner-16976,عالی من عاشقشم,0,true,2024-03-11T23:35:00+00:00,مثبت,0.79,سایر,سایر
خط چشم مویی ضد آب حاوی آنتی اکسیدان حجم 8 میلی لیتر,https://www.khanoumi.com/products/my-high-definition-eye-liner-16976,لطفا تخفیفشو بیشتر کنید,0,true,2024-03-11T23:12:06+00:00,خنثی,0.35,قیمت,قیمت
خط چشم مویی ضد آب حاوی آنتی اکسیدان حجم 8 میلی لیتر,https://www.khanoumi.com/products/my-high-definition-eye-liner-16976,کیفیتش خوبه ولی درش خوب سفت نمیشه و به خاطر همین  مواد داخلش زود خشک میشه ,0,true,2024-03-04T18:06:17+00:00,مثبت,0.67,محصول,محصول
خط چشم مویی ضد آب حاوی آنتی اکسیدان حجم 8 میلی لیتر,https://www.khanoumi.com/products/my-high-definition-eye-liner-16976,کیفیتش خوبه ولی درش خوب سفت نمیشه و به خاطر همین  مواد داخلش زود خشک میشه ,0,true,2024-03-04T18:06:07+00:00,مثبت,0.67,محصول,محصول
خط چشم مویی ضد آب حاوی آنتی اکسیدان حجم 8 میلی لیتر,https://www.khanoumi.com/products/my-high-definition-eye-liner-16976,"خط چشم نوک بسیار نازکی دارد که برای کشیدن خط های نازک بسیار مناسب است
ماندگاری خوبی دارد
به راحتی پاک میشود
اولین بار از محصولات مای خرید کردم 
از خریدم راضی هستم
",0,true,2024-02-11T10:14:06+00:00,مثبت,0.79,محصول,محصول
خط چشم مویی ضد آب حاوی آنتی اکسیدان حجم 8 میلی لیتر,https://www.khanoumi.com/products/my-high-definition-eye-liner-16976,خیلی خط چشم خوب و بادوامی هست,0,true,2024-02-10T12:14:05+00:00,مثبت,0.67,سایر,سایر
خط چشم مویی ضد آب حاوی آنتی اکسیدان حجم 8 میلی لیتر,https://www.khanoumi.com/products/my-high-definition-eye-liner-16976,این خط چشم عالیه واسه بار دوم سفارش دادم,0,true,2024-01-26T15:16:55+00:00,مثبت,0.79,سایر,سایر
خط چشم مویی ضد آب حاوی آنتی اکسیدان حجم 8 میلی لیتر,https://www.khanoumi.com/products/my-high-definition-eye-liner-16976,"من تازه دارم ازش استفاده میکنم ضدآب نوشته ولی ضدآب نیست با دست و دستمال به راحتی پاک میشه
یکم درش سفت باز و بسته میشه که فکر میکنم بخاطر اینه که محصول زود در معرض هوا خشک میشه",0,false,2024-01-01T23:08:11+00:00,خنثی,0.35,محصول | تحویل و ارسال,محصول
خط چشم مویی ضد آب حاوی آنتی اکسیدان حجم 8 میلی لیتر,https://www.khanoumi.com/products/my-high-definition-eye-liner-16976,همه چیش خوبه ولی بعده چنساعت تکه تکه میشه ,0,true,2023-12-28T23:32:15+00:00,مثبت,0.79,سایر,سایر
خط چشم مویی ضد آب حاوی آنتی اکسیدان حجم 8 میلی لیتر,https://www.khanoumi.com/products/my-high-definition-eye-liner-16976,چندساله که همین خط چشم رو استفاده میکنم. اپلیکاتور خوش دست و راحتی داره و پخش نمیشه و نمیریزه و خیلی پررنگ و مشکیه. ,0,true,2023-12-15T13:50:12+00:00,خنثی,0.35,محصول,محصول
خط چشم مویی ضد آب حاوی آنتی اکسیدان حجم 8 میلی لیتر,https://www.khanoumi.com/products/my-high-definition-eye-liner-16976,خیلی خوبه,0,true,2023-12-15T13:46:06+00:00,مثبت,0.91,سایر,سایر
خط چشم مویی ضد آب حاوی آنتی اکسیدان حجم 8 میلی لیتر,https://www.khanoumi.com/products/my-high-definition-eye-liner-16976,لطفاً دوباره آف بیشتر بزنید تا بتونیم خریداری کنیم این محصول رو ,0,false,2023-11-30T12:20:16+00:00,خنثی,0.35,محصول,محصول
خط چشم مویی ضد آب حاوی آنتی اکسیدان حجم 8 میلی لیتر,https://www.khanoumi.com/products/my-high-definition-eye-liner-16976,تخفیف بزارید براش لطفا ,0,true,2023-11-20T20:11:59+00:00,خنثی,0.35,قیمت,قیمت
خط چشم مویی ضد آب حاوی آنتی اکسیدان حجم 8 میلی لیتر,https://www.khanoumi.com/products/my-high-definition-eye-liner-16976,بد نیست اما تکه تکه میشه برای دو  سه ساعت خوبه ,2,true,2023-10-03T20:58:41+00:00,مثبت,0.91,سایر,سایر
خط چشم مویی ضد آب حاوی آنتی اکسیدان حجم 8 میلی لیتر,https://www.khanoumi.com/products/my-high-definition-eye-liner-16976,من چندساله از همین مارک استفاده میکنم تو کچخط چشمای ایرانی واقعا حرف اول میزنه,1,true,2023-09-13T14:19:17+00:00,خنثی,0.35,سایر,سایر
خط چشم مویی ضد آب حاوی آنتی اکسیدان حجم 8 میلی لیتر,https://www.khanoumi.com/products/my-high-definition-eye-liner-16976,قلم بسیار خوبی داره راحت قابل استفاده استو یکدست کشیده میشه و بریده بریده نیست,0,true,2023-09-05T12:30:02+00:00,مثبت,0.67,سایر,سایر
خط چشم مویی ضد آب حاوی آنتی اکسیدان حجم 8 میلی لیتر,https://www.khanoumi.com/products/my-high-definition-eye-liner-16976,خط چشم عالی و با کیفیتیه.  قلمش نازکه و به راحتی میشه ازش استفاده کرد.,0,true,2023-09-02T23:32:05+00:00,مثبت,0.67,محصول,محصول
خط چشم مویی ضد آب حاوی آنتی اکسیدان حجم 8 میلی لیتر,https://www.khanoumi.com/products/my-high-definition-eye-liner-16976,من قبلا داشتم و راضی بودم.این بار از خانمی سفارش دادم.قوطی محصول خود به خود یک ترک ریز خورد و مقداری ازش زد بیرون.کیفیت و رنگش بد نیست ولی مقداری پخش میشه . در کل نظرم متوسطه,0,false,2023-08-29T15:09:22+00:00,مثبت,0.79,محصول,محصول
خط چشم مویی ضد آب حاوی آنتی اکسیدان حجم 8 میلی لیتر,https://www.khanoumi.com/products/my-high-definition-eye-liner-16976,عالیه قشنگ مشکیه و واسه خط چشم نازک خیلی مناسبه ,1,true,2023-08-05T15:23:10+00:00,مثبت,0.79,سایر,سایر
خط چشم مویی ضد آب حاوی آنتی اکسیدان حجم 8 میلی لیتر,https://www.khanoumi.com/products/my-high-definition-eye-liner-16976,برای اولین بار خط چشم استفاده کردم ،نه تکه تکه شد و نه پاک شد ، از خریدش راضی ام ,0,true,2023-07-09T11:54:58+00:00,مثبت,0.79,سایر,سایر
خط چشم مویی ضد آب حاوی آنتی اکسیدان حجم 8 میلی لیتر,https://www.khanoumi.com/products/my-high-definition-eye-liner-16976,خیلی عالیه.کاملا مشکی هست . بیشتر از ده ساله که دارم ازش استفاده میکنم . راحت پاک میشه و چشم رو اذیت نمیکنه.  قلمش هم خیلی خوب و نازکه . من با تخفیف از خانومی خریدم 99 که خیلی قیمتش مناسب بود کاش بیشتر میخریدم چون تتریخ انقضاش زیاد بود,0,true,2023-07-01T18:46:36+00:00,مثبت,0.95,محصول | قیمت,محصول
