نام محصول,لینک محصول,متن کامنت,تعداد لایک,خریدار,تاریخ ثبت,احساس نظر,اطمینان احساس,دسته‌بندی‌ها,دسته اصلی
تونرپاک کننده عمیق و ضدجوش سر سیاه مناسب پوست های مستعد جوش و آکنه حجم 150 میل,https://www.khanoumi.com/products/sebamed-clear-face-deep-cleansing-facial-toner-22600,بسیار عالی هستش البته برای رفع جوش و جلوگیری از جوش,0,false,2025-01-16T07:33:29.5100772+00:00,مثبت,0.67,سایر,سایر
تونرپاک کننده عمیق و ضدجوش سر سیاه مناسب پوست های مستعد جوش و آکنه حجم 150 میل,https://www.khanoumi.com/products/sebamed-clear-face-deep-cleansing-facial-toner-22600,یکی از بهترینا ست این برند، بوش که عالیه,2,false,2022-06-17T13:54:39+00:00,مثبت,0.91,محصول,محصول
ژل ضد جوش صورت,https://www.khanoumi.com/products/sebamed-clear-face-anti-pimple-gel-22605,کلینزر سبامد بهتره یا نوتروژنا؟,2,false,2019-02-06T01:53:21.1633333+00:00,خنثی,0.35,سایر,سایر
کرم مرطوب کننده دست و ناخن حاوی ویتامین و کراتین,https://www.khanoumi.com/products/sebamed-hand-and-nail-balm-22609,"کرم خیلی خوبیه و بیشتر خاصیت درمانی داره 
من ناخن های خیلی شکننده ای داشتم و با استفاده فقط چند بار از این کرم مشکلم برطرف شد 
متاسفانه چندوقته دنبالشم و هیچ جا پیدا نمیشه ",0,false,2024-02-21T12:14:28+00:00,ترکیبی,0.74,محصول,محصول
ژل مرطوب کننده صورت پوست چرب و مستعد جوش,https://www.khanoumi.com/products/sebamed-clear-face-care-gel-for-oily-skin-22612,عالی و بی نظیر بود. لطفا موجودش کنید. ممنون.,0,false,2026-04-24T20:34:09.9057051+03:30,مثبت,0.79,محصول,محصول
صابون بیربری 110گرمی,https://www.khanoumi.com/products/ditron-bearberry-soap-22631,پوست خشک میکنه و درماتولوژی نیست و روشن کنندگی هم نداره,0,false,2026-08-24T13:21:00.8627601+03:30,خنثی,0.35,محصول,محصول
صابون بیربری 110گرمی,https://www.khanoumi.com/products/ditron-bearberry-soap-22631,اصلا پیشنهاد نمیکنم,0,false,2026-05-22T13:07:35.0952848+03:30,خنثی,0.35,اصل بودن کالا,اصل بودن کالا
صابون کالندولا مرطوب کننده و آبرسان 110گرمی,https://www.khanoumi.com/products/ditron-calendula-soap-22637,من راضی هستم  بخصوص اینکه ‌بوی ملایمی داره,0,true,2026-02-27T20:43:07.7593621+03:30,مثبت,0.67,محصول,محصول
صابون کالندولا مرطوب کننده و آبرسان 110گرمی,https://www.khanoumi.com/products/ditron-calendula-soap-22637,چندوقته دارم داخل حمام استفاده میکنم تاثیر خاصی ندیدم ولی فکر میکنم خشکی پوستم کمی کمتر کرده,0,true,2026-02-21T10:20:11.551482+03:30,خنثی,0.35,محصول,محصول
صابون کالندولا مرطوب کننده و آبرسان 110گرمی,https://www.khanoumi.com/products/ditron-calendula-soap-22637,خیلی خوبه   انگار  صورتم صاف‌تر شده    پوستم چربه و راضیم,0,true,2026-01-22T12:49:06.5480361+03:30,مثبت,0.95,محصول,محصول
صابون کالندولا مرطوب کننده و آبرسان 110گرمی,https://www.khanoumi.com/products/ditron-calendula-soap-22637,مدتی هست این صابون رو برای شست و شوی صورتم استفاده میکنم ،و راضی هستم ,0,true,2024-08-23T12:28:12+00:00,مثبت,0.67,محصول,محصول
صابون گوگرد 9درصد 110گرمی,https://www.khanoumi.com/products/ditron-sulfur-soap-22641,"برای شست و شوی بدن و جوش بدن خیلی خوبه.
هم آنتی باکتریاله و هم چربی رو از بین میبره و لایه برداری قوی انجام میده.
ترجیحا زیر نظر پزشک مصرف بشه",0,true,2026-01-21T00:33:28.6145684+03:30,ترکیبی,0.9,سایر,سایر
صابون گوگرد 9درصد 110گرمی,https://www.khanoumi.com/products/ditron-sulfur-soap-22641,"برای جوش های بدن با عامل باکتری فوق العاده است.
فقط ممکنه زیادی موضع رو خشک کنه",0,false,2025-12-06T11:11:13.1141199+03:30,ترکیبی,0.66,محصول,محصول
صابون گوگرد 9درصد 110گرمی,https://www.khanoumi.com/products/ditron-sulfur-soap-22641,صابون لایه بردار خیلی قوی بود من بدون آگاهی استفاده کردم پوستم آسیب دید .مناسب بوستهای حساس و نازک نیست و استفاده ازش ماهی یک بار کافیه به نظر من .,0,true,2025-11-23T10:18:37.4739525+03:30,منفی,0.67,محصول,محصول
صابون گوگرد 9درصد 110گرمی,https://www.khanoumi.com/products/ditron-sulfur-soap-22641,من یک ماه دارم استفاده میکنم راضی بودم بعد از استفاده پوستم تمیز و پاک میشه,0,true,2025-09-28T10:49:58.7775277+03:30,مثبت,0.67,محصول,محصول
صابون گوگرد 9درصد 110گرمی,https://www.khanoumi.com/products/ditron-sulfur-soap-22641,اصلا خوب نبود بعد از چند روز هم سیاه شد ومارک دیگه گرفتم راضی بودم,0,false,2024-12-21T21:23:56.7261003+00:00,مثبت,0.67,محصول | اصل بودن کالا,محصول
صابون تی تری 110گرمی,https://www.khanoumi.com/products/ditron-tea-tree-soap-22643,واقعا عالیه,0,false,2024-09-20T15:41:46+00:00,مثبت,0.79,سایر,سایر
صابون کرم‎دار 30درصد حاوی عصاره کالندولا 110گرمی,https://www.khanoumi.com/products/ditron-cream-calendula-extract-soap-22644,قیمت و کیفیت خوب,0,true,2026-08-25T20:41:16.3335406+03:30,مثبت,0.79,محصول | قیمت,محصول
ماسک مو حرفهای کراتینه 400میل,https://www.khanoumi.com/products/ditron-professional-hair-masque-with-extra-repairing-effect-22651,دو ستاره داره دادم چون بی تاثیره و آسیب خاصی نزد. تا الان که بارها و پشت سر هم طبق دستورش داخل حمام استفاده کردم هیچ تاثیر مثبتی نداشته. ممکنه برای برخی دوستان محصولی کمی موثر باشه ولی با ذکر جزئیات و پس از مدتی استفاده بفرمایید و در صورت لزوم لطفاً آپدیتش کنید. باعث ریزش نشد. ربوطت‌رسان نیست. باعث نرمی موها نشد و خب اگر کمی موها رو نرم کرده دیده نمیشه. بوی خوبی داره که نکته خوبیه ولی چندان هم اهمیت نداره. از خریدش ناراضی هستم و تلاش می کنم دیگه چنین محصولی خریداری نکنم چون به نوعی پول دور ریختنه.,0,true,2026-05-24T09:40:13.7506079+03:30,ترکیبی,0.71,محصول,محصول
ماسک مو حرفهای کراتینه 400میل,https://www.khanoumi.com/products/ditron-professional-hair-masque-with-extra-repairing-effect-22651,خیلی عالی من دوساله استفاده میکنم اصلا شونه نمیزنم‌موهام و اینقدر نرم میکنه ولی الان قیمتش رفته بالا چرا تخفیف بزارید لطفا,0,true,2026-04-06T03:16:23.2439374+03:30,خنثی,0.35,قیمت | محصول | اصل بودن کالا,قیمت
ماسک مو حرفهای کراتینه 400میل,https://www.khanoumi.com/products/ditron-professional-hair-masque-with-extra-repairing-effect-22651,آشغال ترین ماسک مویی که استفاده کردم! موهامو به شدت خشک کرد . اگر موهاتون کراتین شدس که اصلا استفاده نکنید,0,true,2026-02-26T14:40:44.3147249+03:30,مثبت,0.67,محصول | اصل بودن کالا,محصول
ماسک مو حرفهای کراتینه 400میل,https://www.khanoumi.com/products/ditron-professional-hair-masque-with-extra-repairing-effect-22651,من اینو به تعریف کراتین کارم گرفتم ولی واقعا راضی نبودم ازش موهامو خیلی خشک میکرد و برام عجیب بود همه تعریف میکردن به موهای من نمیساخت انگار.,0,false,2026-02-21T16:19:02.7841803+03:30,منفی,0.67,محصول,محصول
ماسک مو حرفهای کراتینه 400میل,https://www.khanoumi.com/products/ditron-professional-hair-masque-with-extra-repairing-effect-22651,"من همیشه این‌ماسک میخریدم ولی سری آخری ک خریدم کیفیتش صفر شده و اینکه کلا جاشم مارکای دورش عوض شده خیلی ضعیف شده 
انگاری با دست برچسب چسبوندم 
و‌اینکه کیفیت افتضاح شده",0,false,2025-11-05T01:35:29.2466248+03:30,منفی,0.79,محصول,محصول
ماسک مو حرفهای کراتینه 400میل,https://www.khanoumi.com/products/ditron-professional-hair-masque-with-extra-repairing-effect-22651,من دو ساله دارم استفاده میکنم واسه اطرافیانم هم خریدم همه عاشقشن اصلا تا میزنی تا دو الی سه روز مو به شونه احتیاج نداره اینقدر که لخت میشه اما هفته ای یه بار استفاده کنید بیشتر کف سر چرب میشه در مدت زمان طولانی,0,true,2025-10-18T20:17:05.0330319+03:30,مثبت,0.67,محصول | اصل بودن کالا,محصول
ماسک مو حرفهای کراتینه 400میل,https://www.khanoumi.com/products/ditron-professional-hair-masque-with-extra-repairing-effect-22651,من تازه گرفتمش ولی همون بار اول میتونید تغییر و حس کنید,0,true,2025-08-06T12:00:17.9356849+00:00,خنثی,0.35,محصول,محصول
ماسک مو حرفهای کراتینه 400میل,https://www.khanoumi.com/products/ditron-professional-hair-masque-with-extra-repairing-effect-22651,من با توجه به نظرات خریدم ولی خیلی افتضاحه بدترین ماسک مویی که تا به حال داشتم بسیار از خریدم ناراضی هستم,0,true,2025-08-05T11:37:14.6402367+00:00,ترکیبی,0.92,محصول,محصول
ماسک مو حرفهای کراتینه 400میل,https://www.khanoumi.com/products/ditron-professional-hair-masque-with-extra-repairing-effect-22651,با یه بار استفاده متوجه میشید چقد عالیه,0,false,2025-07-30T21:25:27.696715+00:00,مثبت,0.79,سایر,سایر
ماسک مو حرفهای کراتینه 400میل,https://www.khanoumi.com/products/ditron-professional-hair-masque-with-extra-repairing-effect-22651,با یه بار استفاده، واقعا از نظر من به نسبت بقیه ماسک موهایی که استفاده کردم، خدایی نرم کنندگیش رو دوست داشتم,0,true,2025-05-04T10:31:06.5572214+00:00,مثبت,0.67,محصول,محصول
ماسک مو حرفهای کراتینه 400میل,https://www.khanoumi.com/products/ditron-professional-hair-masque-with-extra-repairing-effect-22651,برای موی کراتینه مناسبه ؟,0,false,2025-05-03T07:05:55.3338963+00:00,خنثی,0.35,محصول,محصول
ماسک مو حرفهای کراتینه 400میل,https://www.khanoumi.com/products/ditron-professional-hair-masque-with-extra-repairing-effect-22651,بینظیره,0,false,2025-03-26T11:32:57.7028788+00:00,خنثی,0.35,سایر,سایر
ماسک مو حرفهای کراتینه 400میل,https://www.khanoumi.com/products/ditron-professional-hair-masque-with-extra-repairing-effect-22651,بینظییییره عاشقش میشید,0,false,2025-03-22T11:41:51.3118114+00:00,خنثی,0.35,سایر,سایر
ماسک مو حرفهای کراتینه 400میل,https://www.khanoumi.com/products/ditron-professional-hair-masque-with-extra-repairing-effect-22651,خوب بود راضی بودم,0,true,2025-03-04T21:53:02.6460223+00:00,مثبت,0.91,محصول,محصول
ماسک مو حرفهای کراتینه 400میل,https://www.khanoumi.com/products/ditron-professional-hair-masque-with-extra-repairing-effect-22651,عالیه,0,true,2025-01-30T20:59:58.1372962+00:00,مثبت,0.79,سایر,سایر
ماسک مو حرفهای کراتینه 400میل,https://www.khanoumi.com/products/ditron-professional-hair-masque-with-extra-repairing-effect-22651,به شدت توصیه میشه.عالیه,0,false,2024-11-21T12:11:27.0526888+00:00,مثبت,0.91,سایر,سایر
ماسک مو حرفهای کراتینه 400میل,https://www.khanoumi.com/products/ditron-professional-hair-masque-with-extra-repairing-effect-22651,موجودش کنین عالیه ,0,false,2024-09-23T13:46:02+00:00,مثبت,0.79,محصول,محصول
ماسک مو حرفهای کراتینه 400میل,https://www.khanoumi.com/products/ditron-professional-hair-masque-with-extra-repairing-effect-22651,سلام. این محصول رو تازه خریدم. موهای بسیار خشک و کم آبی دارم. همیشه مجبور بودم از محصولات خارجی استفاده کنم مولی بازم از هر محصولی راضی نبودم ولی به جرات می گم این محصول عالی هست عالی... موهامو خیلی نرم و لطیف کرد از خریدم بشدت راضیم,0,false,2023-10-29T10:45:55+00:00,مثبت,0.91,محصول,محصول
سرم مو نوتری80 میل,https://www.khanoumi.com/products/ditron-nutri-serum-22652,من این سرم رو گرفتم خیلی موهای من رو خوب میکنه. هم ماسک مو و هم سرم مو دیترون میزنم. موهام دکلره و به شدت آسیب دیده هست ولی این دو تا با هم خیلی تاثیر خوبی داشت. ,5,false,2022-05-23T17:31:55+00:00,مثبت,0.91,محصول,محصول
اسپری دو فاز گیاهی حاوی روغن جوانه گندم و شی باتر,https://www.khanoumi.com/products/ditron-two-phase-herbal-conditioner-spray-22656,وقت بخیر عالی هست  لطفا مثل همیشه تخفیف بذارین,0,false,2025-12-10T15:46:02.8234003+03:30,مثبت,0.67,قیمت,قیمت
اسپری دو فاز رطوبت رسان مو حاوی کراتین و روغن آرگان حجم 250 میل,https://www.khanoumi.com/products/ditron-tow-phase-conditioner-spray-22657,روی موهای فر هیچ تاثیری نداره فقط برای شانه زدن موثره,0,true,2026-07-01T03:57:15.930711+03:30,خنثی,0.35,محصول,محصول
اسپری دو فاز رطوبت رسان مو حاوی کراتین و روغن آرگان حجم 250 میل,https://www.khanoumi.com/products/ditron-tow-phase-conditioner-spray-22657,من خیلی راضیم دوبار شارژ کردم الان سومین باره,0,false,2026-05-15T13:03:47.2735747+03:30,مثبت,0.79,سایر,سایر
اسپری دو فاز رطوبت رسان مو حاوی کراتین و روغن آرگان حجم 250 میل,https://www.khanoumi.com/products/ditron-tow-phase-conditioner-spray-22657,خوب بود من دوستش داشتم,0,true,2026-05-14T09:54:03.8686146+03:30,مثبت,0.79,محصول,محصول
اسپری دو فاز رطوبت رسان مو حاوی کراتین و روغن آرگان حجم 250 میل,https://www.khanoumi.com/products/ditron-tow-phase-conditioner-spray-22657,من خیلی راضی بودم دومی رو میخوام بخرم,0,true,2026-03-18T11:34:40.8229726+03:30,مثبت,0.67,محصول,محصول
اسپری دو فاز رطوبت رسان مو حاوی کراتین و روغن آرگان حجم 250 میل,https://www.khanoumi.com/products/ditron-tow-phase-conditioner-spray-22657,عالیه من چندین ماها دارم شارژش می‌کنم فوق العاده اس هم بوی خوبی میده هم محافظت میکنه در برابر حرارت هم مو رو نرم میکنه,0,true,2026-03-12T04:34:30.8382071+03:30,مثبت,0.95,محصول,محصول
اسپری دو فاز رطوبت رسان مو حاوی کراتین و روغن آرگان حجم 250 میل,https://www.khanoumi.com/products/ditron-tow-phase-conditioner-spray-22657,خیلی خوب بود برام ولی من با بوش مشکل دارم بوی عطر مردونه و تند میده,0,false,2026-01-18T18:48:13.8915572+03:30,مثبت,0.91,محصول,محصول
اسپری دو فاز رطوبت رسان مو حاوی کراتین و روغن آرگان حجم 250 میل,https://www.khanoumi.com/products/ditron-tow-phase-conditioner-spray-22657,تازه استفاده کردم بوی خوبی داره موهامو تا حدی نرم کرد ولی انتظار بیشتری داشتم ازش,0,true,2026-01-12T08:36:50.9943984+03:30,مثبت,0.67,محصول,محصول
اسپری دو فاز رطوبت رسان مو حاوی کراتین و روغن آرگان حجم 250 میل,https://www.khanoumi.com/products/ditron-tow-phase-conditioner-spray-22657,دوستانی که استفاده کردن راضی بودن ؟,0,false,2025-09-26T15:42:03.9612556+03:30,مثبت,0.67,محصول,محصول
اسپری دو فاز رطوبت رسان مو حاوی کراتین و روغن آرگان حجم 250 میل,https://www.khanoumi.com/products/ditron-tow-phase-conditioner-spray-22657,عالیه بوی خیلی خوبی داره واینکه شخصاخودم الان مجددتاخربدم حدودا10تا گرفتم وموردرضایت خانواده ام بوده که اوناهم دارن میخرن من که خیلی راضیم ازش,0,false,2025-06-08T01:20:05.1615807+00:00,مثبت,0.95,محصول,محصول
اسپری دو فاز رطوبت رسان مو حاوی کراتین و روغن آرگان حجم 250 میل,https://www.khanoumi.com/products/ditron-tow-phase-conditioner-spray-22657,خوبه ولی بوی عطر مردونه داره که من دوست ندارم و باید کم بزنید زیاد بزنید یه جوری میشه انگار کثیفه موهات,0,true,2025-04-15T07:37:02.2689284+00:00,مثبت,0.79,محصول,محصول
اسپری دو فاز رطوبت رسان مو حاوی کراتین و روغن آرگان حجم 250 میل,https://www.khanoumi.com/products/ditron-tow-phase-conditioner-spray-22657,من راضی هستم,0,false,2025-03-09T19:53:49.6321126+00:00,مثبت,0.67,سایر,سایر
اسپری دو فاز رطوبت رسان مو حاوی کراتین و روغن آرگان حجم 250 میل,https://www.khanoumi.com/products/ditron-tow-phase-conditioner-spray-22657,دوستانی که این محصولو خریدین موهارو چربو سنگین نمیکنه؟,0,false,2024-12-10T20:02:27.2080998+00:00,خنثی,0.35,محصول,محصول
اسپری دو فاز رطوبت رسان مو حاوی کراتین و روغن آرگان حجم 250 میل,https://www.khanoumi.com/products/ditron-tow-phase-conditioner-spray-22657,راضی بودم موهامو نرم و صاف کرد,0,true,2024-09-19T13:48:28+00:00,مثبت,0.67,محصول,محصول
اسپری دو فاز مو رنگ شده حاوی عصاره انار مخصوص موهای خشک حجم 250 میل,https://www.khanoumi.com/products/ditron-2-phase-protection-color-conditioner-spray-22658,خوشبوعههه,0,true,2026-08-26T16:01:56.27944+03:30,خنثی,0.35,محصول,محصول
اسپری دو فاز مو رنگ شده حاوی عصاره انار مخصوص موهای خشک حجم 250 میل,https://www.khanoumi.com/products/ditron-2-phase-protection-color-conditioner-spray-22658,من به نظرات اعتماد کردم و خریدم خیلی بوش خوبه نرم کنندگیشم معمولیه,0,true,2026-08-26T16:01:22.6847269+03:30,مثبت,0.79,محصول,محصول
اسپری دو فاز مو رنگ شده حاوی عصاره انار مخصوص موهای خشک حجم 250 میل,https://www.khanoumi.com/products/ditron-2-phase-protection-color-conditioner-spray-22658,ولی من ب خاطر نظرات گرفتم این اسپری رو اصلا اینجور نیستش بوی خوبی نداره میزنمم موهام بوی گندیده میده اصلا  حیف شد پولم,0,true,2026-08-20T10:26:00.1050591+03:30,مثبت,0.67,محصول | اصل بودن کالا,محصول
اسپری دو فاز مو رنگ شده حاوی عصاره انار مخصوص موهای خشک حجم 250 میل,https://www.khanoumi.com/products/ditron-2-phase-protection-color-conditioner-spray-22658,سرم دوفاز عالیه از آسیب وسایل حرارتی به موجلوگیری میکنه,0,false,2026-03-11T01:30:52.9461463+03:30,مثبت,0.79,محصول,محصول
اسپری دو فاز مو رنگ شده حاوی عصاره انار مخصوص موهای خشک حجم 250 میل,https://www.khanoumi.com/products/ditron-2-phase-protection-color-conditioner-spray-22658,بعد از استفاده، موهام پرحجم و خوش حالت مونده,0,false,2026-03-11T01:26:13.480162+03:30,خنثی,0.35,محصول,محصول
اسپری دو فاز مو رنگ شده حاوی عصاره انار مخصوص موهای خشک حجم 250 میل,https://www.khanoumi.com/products/ditron-2-phase-protection-color-conditioner-spray-22658,سرم دوفاز رنگ موهامو تثبیت کرده و کمتر تغییر رنگ داشته,0,false,2026-03-11T01:25:51.0662206+03:30,خنثی,0.35,محصول,محصول
اسپری دو فاز مو رنگ شده حاوی عصاره انار مخصوص موهای خشک حجم 250 میل,https://www.khanoumi.com/products/ditron-2-phase-protection-color-conditioner-spray-22658,عالی,0,true,2025-06-22T23:37:14.8303637+00:00,مثبت,0.67,سایر,سایر
ماسک مو روغن نارگیل و روغن های گیاهی 400میل,https://www.khanoumi.com/products/ditron-professional-hair-masque-22662,یه ماسک موی تقریبا معمولی رو به خوب بود با توجه به قیمتش، سری های اول نرم کنندگی خوبی داشت به مرور حس کردم ضعیف شد و ترجیح من ماسک مو ویتاپلکس هست قدرت نرم کنندگی بیشتری داشت.,0,true,2025-07-27T06:18:15.4155183+00:00,ترکیبی,0.87,محصول | قیمت,محصول
پد لاک پاک کن ناخن کاشت,https://www.khanoumi.com/products/najeh-nail-polish-remover-pad-22666,سلام.ببخشید این کالا حاوی 5 عدد پد جداگانه هست.درسته؟,7,true,2019-07-17T16:28:59.8066667+00:00,خنثی,0.35,سایر,سایر
تونر مرطوب کننده,https://www.khanoumi.com/products/caudalie-moisturizing-toner-22690,عالی بود واقعا.قشنگ آلودگی ها رو میبره از رو صورت.لطفا زودتر موجودش کنین,6,false,2019-06-29T01:40:35.8233333+00:00,مثبت,0.79,محصول,محصول
اسپری آبرسان آب انگور,https://www.khanoumi.com/products/caudalie-grape-water-22691,لطفا این محصول رو موجود کنید.یک ساله موجودی محصولات خانومی خیلی کمه.خیلی از برند های معروف محصولاتش موجود نیست و واقعا با این تنوع بسیار پایین رغبتی برای خرید نمی مونه.,0,false,2025-01-15T21:27:41.5837947+00:00,خنثی,0.35,محصول,محصول
فوم پاک کننده صورت حاوی عصاره بابونه و آب انگور,https://www.khanoumi.com/products/caudalie-instant-foaming-cleanser-22694,فوم کدلی عالیه جوش نزدم اصلا پوست خوشک نمیکنه,1,false,2020-06-06T14:58:46+00:00,مثبت,0.91,محصول | اصل بودن کالا,محصول
فلویید وینو پرفکت رنگی,https://www.khanoumi.com/products/caudalie-vinoperfect-day-perfecting-fluid-spf20-22699,هرچی از خوبی این کرم بگم کمه. فوق العاده سبک و پوشانندگی بالا.,1,false,2019-12-04T02:29:40+00:00,مثبت,0.79,محصول,محصول
شاور ژل ترنج,https://www.khanoumi.com/products/caudalie-zeste-de-vigne-shower-gel-22706,خیلی خوبه ،من راضی‌ام ازش,1,false,2020-05-26T18:27:01+00:00,مثبت,0.95,سایر,سایر
لوسیون بدن خیار و آلوئه ورا,https://www.khanoumi.com/products/freeman-soothing-body-lotion-cucumber-and-aloe-vera-22714,خیلی خوب بود برای من،ولی بیشتر خاصیت آبرسانی داره ولی خب عالی بود,4,true,2019-10-19T19:21:42+00:00,مثبت,0.95,محصول,محصول
لوسیون بدن خیار و آلوئه ورا,https://www.khanoumi.com/products/freeman-soothing-body-lotion-cucumber-and-aloe-vera-22714,لوسيون خيلي خوبيه ، راحت و سريع  روي پوست پخش ميشه  و پوست رو نرم و لطيف مي كنه,12,true,2019-04-07T14:39:36.9866667+00:00,مثبت,0.79,محصول,محصول
ضد آفتاب ایده آل سولای و ضد لک سه کاره رنگی,https://www.khanoumi.com/products/vichy-ideal-soleil-3-in-1-anti-dark-spot-spf50-50ml-22715,لطفا ضدآفتاب ویشی موجود کنید,0,false,2024-06-22T00:17:30+00:00,خنثی,0.35,محصول,محصول
ضد آفتاب ایده آل سولای و ضد لک سه کاره رنگی,https://www.khanoumi.com/products/vichy-ideal-soleil-3-in-1-anti-dark-spot-spf50-50ml-22715,"سلام لاین ویشی رو موجود کنید
چرا این همه برند متفرقه آوردین، ولی برندهای یک پوستی رو موجود نمیکنید.
جنس خوب بیارین و  تخفیف خوب هم بذارین",0,false,2024-06-15T12:11:45+00:00,خنثی,0.35,محصول | قیمت,محصول
ضد آفتاب ایده آل سولای و ضد لک سه کاره رنگی,https://www.khanoumi.com/products/vichy-ideal-soleil-3-in-1-anti-dark-spot-spf50-50ml-22715,چرا محصولات ویشی رو موجود نمیکنید,0,false,2024-05-12T10:26:35+00:00,خنثی,0.35,محصول,محصول
ضد آفتاب ایده آل سولای و ضد لک سه کاره رنگی,https://www.khanoumi.com/products/vichy-ideal-soleil-3-in-1-anti-dark-spot-spf50-50ml-22715,عااالیه ضدافتابش,0,false,2020-06-15T17:20:33+00:00,خنثی,0.35,سایر,سایر
ضد آفتاب ایده آل سولای و ضد لک سه کاره رنگی,https://www.khanoumi.com/products/vichy-ideal-soleil-3-in-1-anti-dark-spot-spf50-50ml-22715,من دارم واقعا لک را کمرنگ میکنه و مدتها رو صورت می مونه فقط میناست و رنگش تیره اس برای من که سفیدم,3,false,2019-11-11T10:09:33+00:00,خنثی,0.35,محصول,محصول
ضد آفتاب ایده آل سولای و ضد لک سه کاره رنگی,https://www.khanoumi.com/products/vichy-ideal-soleil-3-in-1-anti-dark-spot-spf50-50ml-22715,یه ضد آفتاب فوق العاده. من این ضد آفتاب رو دارم خیلی کاورش خوبه حدود دو ساله دارم ازش استفاده می کنم.,6,false,2019-09-28T10:23:32+00:00,مثبت,0.91,سایر,سایر
ضد آفتاب ایده آل سولای و ضد لک سه کاره رنگی,https://www.khanoumi.com/products/vichy-ideal-soleil-3-in-1-anti-dark-spot-spf50-50ml-22715,یه ضد آفتاب فوق العاده. من این ضد آفتاب رو دارم خیلی کاورش خوبه حدود دو ساله دارم ازش استفاده می کنم.,4,false,2019-09-28T10:19:41+00:00,مثبت,0.91,سایر,سایر
ضد آفتاب ایده آل سولای و ضد لک سه کاره رنگی,https://www.khanoumi.com/products/vichy-ideal-soleil-3-in-1-anti-dark-spot-spf50-50ml-22715,رنگی هست یا بی رنگه؟,4,false,2019-09-12T05:45:01+00:00,خنثی,0.35,محصول,محصول
ضد آفتاب ایده آل سولای و ضد لک سه کاره رنگی,https://www.khanoumi.com/products/vichy-ideal-soleil-3-in-1-anti-dark-spot-spf50-50ml-22715,میشه لطفا راهنمای کنید این ضدآفتاب برای پوست چرب خوبه یا نه؟؟,16,false,2019-06-24T12:21:53.8433333+00:00,مثبت,0.79,محصول,محصول
کرم پودر فلوئید درمابلند,https://www.khanoumi.com/products/vichy-dermablend-16h-corrective-fluid-foundation-spf-35-22717,سلام لطفا موجودش کنید فوق العاده ست,0,false,2025-11-14T23:44:01.0373422+03:30,مثبت,0.67,محصول,محصول
کرم پودر فلوئید درمابلند,https://www.khanoumi.com/products/vichy-dermablend-16h-corrective-fluid-foundation-spf-35-22717,بسیار کرم پودر خوبی هست و کاور خیلی خوبی داره و مجلسیه👍,0,false,2020-10-11T15:41:08+00:00,مثبت,0.91,محصول,محصول
کرم پودر فلوئید درمابلند,https://www.khanoumi.com/products/vichy-dermablend-16h-corrective-fluid-foundation-spf-35-22717,. دفعه قبل که ازش استفاده کردم، واقعا عالی بود کاور عالی ای داشت حتی برای من که صورتم لک برص دلشت عالی بود. اندازه یه عدس کوچیک برای یخ طرف صورت کافیه و میشه مدتها ازش استفاده کرد,0,false,2020-05-08T04:27:11+00:00,مثبت,0.95,محصول,محصول
کرم پودر فلوئید درمابلند,https://www.khanoumi.com/products/vichy-dermablend-16h-corrective-fluid-foundation-spf-35-22717,بنظر من ک کاور بالا داره و درکل خیلی خوبه..چون هم زمان هم کرم پودره هم کانسیلر دورچشم و هم ضدآفتاب..اون مدلش ک در نقره ای داره برای پوست چربه اما این در مشکیه برای تمام انواع پوست هست.من شماره ۱۵ رو دارم,11,false,2019-08-13T19:35:36.84+00:00,مثبت,0.91,محصول,محصول
کرم پودر فلوئید درمابلند,https://www.khanoumi.com/products/vichy-dermablend-16h-corrective-fluid-foundation-spf-35-22717,من دکتر برام نوشت،خیلی روی پوست سبکه،و اصلا پوشانندگی انچنانی نداره به نظرم،فقط پول الکی دادم ظاهرا...,20,false,2019-06-04T02:39:22.72+00:00,مثبت,0.67,محصول | اصل بودن کالا,محصول
کرم کامپکت درمابلند,https://www.khanoumi.com/products/vichy-derma-blend-corrective-compact-cream-foundation-12h-spf-30-22719,"سلام، وقت بخیر 
این محصول پنکک نیست؟ آخه تو پیج خود ویشی این محصول رو زده پنکک، کرمش تیوپی بود!",5,false,2019-01-31T17:52:54.3366667+00:00,خنثی,0.35,محصول,محصول
محلول فیزیولوژیکال، پاک کننده میسلار، 200 میلی-لاروش پوزای,https://www.khanoumi.com/products/la-roche-posay-ultra-micellar-water-22724,خیلی خوبه، من واقعا راضی بودم.,0,true,2020-09-09T11:08:17+00:00,مثبت,0.95,محصول,محصول
محلول فیزیولوژیکال، پاک کننده میسلار، 200 میلی-لاروش پوزای,https://www.khanoumi.com/products/la-roche-posay-ultra-micellar-water-22724,"بی نظیره


",1,false,2020-05-10T10:27:47+00:00,خنثی,0.35,سایر,سایر
محلول پاک کننده آرایش اولترا میسلار400 میلی لیتر,https://www.khanoumi.com/products/la-roche-posay-ultra-micellar-water-22804,من توی تخفیف خریدم و استفاده میکنم برای پاک کردن نسبی آرایش خوبه اما بعدش میسلار یا تونر لازمه چون پوست کامل تمیز نمیشه با استفاده از این محصول,0,false,2020-05-27T15:01:34+00:00,مثبت,0.79,محصول | قیمت,محصول
محلول پاک کننده آرایش اولترا میسلار400 میلی لیتر,https://www.khanoumi.com/products/la-roche-posay-ultra-micellar-water-22804,عالی ,1,true,2020-05-22T20:23:37+00:00,مثبت,0.67,سایر,سایر
محلول پاک کننده آرایش اولترا میسلار 200میلی لیتر,https://www.khanoumi.com/products/ultra-micellar-water-22805,"لطفااااا موجود کنید دیگه 
خیلی از محصولات اصلا موجود نیست!!!",0,false,2024-11-25T19:39:07.5223343+00:00,منفی,0.67,محصول | اصل بودن کالا,اصل بودن کالا
محلول پاک کننده آرایش اولترا میسلار 200میلی لیتر,https://www.khanoumi.com/products/ultra-micellar-water-22805,من میسلارهای زیادی استفاده کردم ولی این برند از همه بهتر بوده برام و عاشقش شدم بس که راحت پوست تمیز میشه ,1,true,2019-10-04T21:10:40+00:00,خنثی,0.35,محصول,محصول
محلول پاک کننده آرایش اولترا میسلار 200میلی لیتر,https://www.khanoumi.com/products/ultra-micellar-water-22805,تنها میسلاری که به راحتی صورت رو تمیز میکنه . محشره من عاشقش شدم ,1,true,2019-10-04T14:00:55+00:00,خنثی,0.35,سایر,سایر
فلوئید فوق العاده سبک بی رنگ,https://www.khanoumi.com/products/la-roche-posay-anthelios-xl-ultra-light-fluid-spf-50-22808,لطفاموجودکنید باتشکراز سایت بسیارخوب خانومی,0,false,2026-08-25T22:12:59.0367162+03:30,مثبت,0.67,محصول,محصول
فلوئید فوق العاده سبک بی رنگ,https://www.khanoumi.com/products/la-roche-posay-anthelios-xl-ultra-light-fluid-spf-50-22808,سلام من چند وقته ک دارم سایت چک میکنم هنوزم ناموجوده ک لطفا میشه بگین کی موجود میشه؟!,0,false,2025-01-12T07:20:21.4647821+00:00,خنثی,0.35,محصول,محصول
فلوئید فوق العاده سبک بی رنگ,https://www.khanoumi.com/products/la-roche-posay-anthelios-xl-ultra-light-fluid-spf-50-22808,لطفا موجود کنید,0,false,2024-05-20T15:45:57+00:00,خنثی,0.35,محصول,محصول
فلوئید فوق العاده سبک بی رنگ,https://www.khanoumi.com/products/la-roche-posay-anthelios-xl-ultra-light-fluid-spf-50-22808,موجود کنید,0,false,2023-12-24T13:55:52+00:00,خنثی,0.35,محصول,محصول
فلوئید فوق العاده سبک بی رنگ,https://www.khanoumi.com/products/la-roche-posay-anthelios-xl-ultra-light-fluid-spf-50-22808,تخفیف لطفا,3,false,2023-08-29T20:56:58+00:00,خنثی,0.35,قیمت,قیمت
اسپری ضد آفتاب,https://www.khanoumi.com/products/la-roche-posay-anthelios-spray-spf50-22811,موجود کنید لطفا,0,false,2025-02-23T07:24:55.6163001+00:00,خنثی,0.35,محصول,محصول
اسپری ضد آفتاب,https://www.khanoumi.com/products/la-roche-posay-anthelios-spray-spf50-22811,"براي وقتي كه بيرون از منزل هستين و دسترسي ب اينه ندارين عاليه
اسپري ميكنين و تمام 😇",7,true,2019-10-16T11:33:28+00:00,مثبت,0.79,سایر,سایر
فلوئید شوینده لیپیکار,https://www.khanoumi.com/products/la-roche-posay-lipikar-fluid-22813,فک کنم احتمالا توضیحات محصول رو اشتباه گذاشتید.من فلویید لیپیکار لاروشه پوزای رو دارم تو خود سایت لاروشه پوزای هم چک کردم.فقط یه مدل فلویید لیپیکار لاروشه پوزای وجود داره که مرطوب کننده صورت و بدن هست.شوینده نیست.شوینده های این لاین لیپیکار سیندت،لیپکار لاوانت ژل و لیپیکار لاوانت اویل هستن فقط,3,false,2019-05-30T13:13:50.64+00:00,منفی,0.67,تحویل و ارسال | محصول,تحویل و ارسال
پودر فیکساتورآرایش درمابلند,https://www.khanoumi.com/products/vichy-derma-blend-setting-powder-22814,برای فیکس آرایش این پودر عالیه 👍👍👍,2,false,2020-05-04T15:32:31+00:00,ترکیبی,0.74,اصل بودن کالا,اصل بودن کالا
اسپری ضد تعریق 48 ساعته مینرال,https://www.khanoumi.com/products/vichy-deodorant-mineral-spray-48h-125ml-22816,شارژ نمیشه؟,0,false,2023-12-16T08:49:33+00:00,خنثی,0.35,سایر,سایر
اسپری ضد تعریق 48 ساعته مینرال,https://www.khanoumi.com/products/vichy-deodorant-mineral-spray-48h-125ml-22816,اسپری ضد تعریق ویشی خیلی خوبه 😍😍,0,false,2020-05-04T15:32:01+00:00,مثبت,0.91,سایر,سایر
کرم ماسک روشن کننده و ضدلک شب,https://www.khanoumi.com/products/vichy-ideal-white-whitening-sleeping-mask-and-cream-22817,لطفا موجود کنید,0,false,2024-02-11T17:08:22+00:00,خنثی,0.35,محصول,محصول
کرم ماسک روشن کننده و ضدلک شب,https://www.khanoumi.com/products/vichy-ideal-white-whitening-sleeping-mask-and-cream-22817,خیلی عالیه و با کیفیت خیلی زودم نتیجه رو میبینیم,7,false,2020-04-26T14:30:09+00:00,مثبت,0.79,محصول,محصول
دستمال مرطوب پاک کننده مخصوص دست و صورت 10 عددی,https://www.khanoumi.com/products/nino-hand-and-face-cleanser-refresher-wet-wipes-10pcs-22818,اصلا خوب نيست خشكه هيچ آلودگي رو هم پاك نميكنه,0,true,2019-07-18T11:50:58.1966667+00:00,منفی,0.79,اصل بودن کالا,اصل بودن کالا
دستمال مرطوب پاک کننده آرایش 70 عددی,https://www.khanoumi.com/products/nino-make-up-remover-wips-70pcs-22819,من چند ساله استفاده میکنم خیلی خوبه.,0,false,2020-05-28T15:41:06+00:00,مثبت,0.91,سایر,سایر
دستمال مرطوب مینیون کودک کالاندولا  70 عددی,https://www.khanoumi.com/products/nino-calendula-baby-wipes-70pcs-22821,سلام بنظر من عالیه برای بچه و عطر خوبی داره با تشکر از خانمی.,0,false,2021-06-09T05:59:15+00:00,مثبت,0.91,محصول,محصول
دستمال مرطوب مینیون کودک کالاندولا  70 عددی,https://www.khanoumi.com/products/nino-calendula-baby-wipes-70pcs-22821,خوبه من راضی بودم,1,false,2019-06-05T12:41:00.25+00:00,مثبت,0.91,محصول,محصول
دستمال مرطوب مینیون در دار,https://www.khanoumi.com/products/nino-baby-wipes-22823,قابل قبول بود,0,true,2022-05-06T23:18:45+00:00,خنثی,0.35,محصول,محصول
پد لاک پاک کن بسته 45 عددی,https://www.khanoumi.com/products/nino-remover-nail-polish-pad-22830,بعضی قسمتای پدش خشکه، درکل بد نبود! ,6,false,2020-01-05T14:57:59+00:00,مثبت,0.67,محصول,محصول
پد لاک پاک کن بسته 45 عددی,https://www.khanoumi.com/products/nino-remover-nail-polish-pad-22830,اینافوق العادن خیلی خوبو به صرفه,18,false,2019-01-20T18:14:00.0166667+00:00,مثبت,0.79,محصول,محصول
دستمال مرطوب آرایش پاک کن دور چشم,https://www.khanoumi.com/products/nino-eye-makeup--remover-wipes-22831,اولین بار بود استفاده می‌کردم خیلی خفنه و اصلا چشم و نمیسوزونه و تمیز پاک میکنه فک نمیکردم اینقدر خوب باشه قطعا هر دفعه توی خریدم میزارمش,0,false,2026-03-04T22:06:08.6832732+03:30,خنثی,0.35,محصول | اصل بودن کالا,محصول
دستمال مرطوب آرایش پاک کن دور چشم,https://www.khanoumi.com/products/nino-eye-makeup--remover-wipes-22831,شارژ کنین,0,false,2024-10-26T23:43:47.6018707+00:00,خنثی,0.35,سایر,سایر
دستمال مرطوب آرایش پاک کن دور چشم,https://www.khanoumi.com/products/nino-eye-makeup--remover-wipes-22831,ببخشيد كي دوباره شارژ ميكنين؟؟؟؟؟؟؟,6,false,2019-01-27T16:30:41.2966667+00:00,خنثی,0.35,سایر,سایر
کاندوم 3 عددی رد کاکتوس,https://www.khanoumi.com/products/kodex-red-cactus-condom-22837,خیلی جنسش بدههه واقا نخرید,0,true,2026-05-31T00:00:46.29716+03:30,منفی,0.79,محصول,محصول
کاندوم 3 عددی تاخیری فیزیکی,https://www.khanoumi.com/products/kodex-double-delay-condoms-3pcs-22838,"بسیار خوب،در موقع رابطه احساس آرامش دارم و لذت میبرم از اینکه اسپرم شوهرم داخل ریخته نمیشه خوشحال چون این مدل کاندم با اینک ضخامت نسبتا کم بود ولی بینظیر بود
مرسی از خانومی تشکر",0,false,2025-08-26T00:39:58.7807123+00:00,مثبت,0.79,محصول,محصول
دستمال مرطوب لوازم منزل 20برگی,https://www.khanoumi.com/products/dafi-household-cleaning-cleaner-cloth-22854,بسیار عالی کاربردی واقعا تمیز میکنه ,0,true,2024-08-22T00:19:39+00:00,مثبت,0.67,سایر,سایر
دستمال مرطوب ادالت 100 عددی,https://www.khanoumi.com/products/dafi-adult-wipes-22857,بسته بندی عالی بود و کیفبت محصول خوبه,0,true,2025-03-09T16:52:46.2918988+00:00,مثبت,0.95,تحویل و ارسال | محصول,تحویل و ارسال
دستمال مرطوب پاک کننده آرایش  50 برگی,https://www.khanoumi.com/products/dafi-makeup-remover-wips-22860,سلام.این دستمال مرطوب رو میشه به بدن هم مالید؟زیربغل,0,false,2026-05-04T21:24:53.0958143+03:30,منفی,0.67,سایر,سایر
دستمال مرطوب پاک کننده آرایش  50 برگی,https://www.khanoumi.com/products/dafi-makeup-remover-wips-22860,پاک‌کننده تقریبا خوبی هست اما کامل پوستی که کرم پودر داره رو پاک نمیکنه ، باز نیاز به پاک کردن یا شستن داره ، ولی برای پاک‌کردن سایه و ریمل و اینها تقریبا بد نیست,0,true,2025-04-27T13:37:52.8476804+00:00,مثبت,0.79,محصول,محصول
دستمال مرطوب پاک کننده آرایش  50 برگی,https://www.khanoumi.com/products/dafi-makeup-remover-wips-22860,خیلی پاک کننده خوبیه من برای دومین بار از خانومی سفارش دادم هم بوی خوبی داره هم تازه بود محصول,0,true,2024-02-13T13:42:41+00:00,مثبت,0.79,محصول,محصول
دستمال مرطوب پاک کننده آرایش 70 برگی,https://www.khanoumi.com/products/dafi-makeup-remover-wips-22861,رطوبتش مثل بقیه دستمالها نبود,0,true,2026-08-30T09:47:50.6594747+03:30,خنثی,0.35,محصول,محصول
دستمال مرطوب پاک کننده آرایش 70 برگی,https://www.khanoumi.com/products/dafi-makeup-remover-wips-22861,عالیه من راضیم,0,true,2026-07-30T17:22:04.5788489+03:30,مثبت,0.95,سایر,سایر
دستمال مرطوب پاک کننده آرایش 70 برگی,https://www.khanoumi.com/products/dafi-makeup-remover-wips-22861,خیلی خیس شده و کف میکنه بوی صابون میده تازگیا اینجوری شده قبلا خوب بود,0,true,2026-06-19T10:18:41.7485985+03:30,مثبت,0.79,محصول,محصول
دستمال مرطوب پاک کننده آرایش 70 برگی,https://www.khanoumi.com/products/dafi-makeup-remover-wips-22861,"قبلاهمیشه‌این‌مدل‌استوانه‌ نیوساد میگرفتم  ایندفعه اینو گرفتم 
هردو دستمال‌هاشون‌نازکه که من این‌ویژگی‌ خیلی دوسدارم 
بنظرم‌وختی‌مصرف‌میسلارواسه‌ ایرادات جزئی‌حین‌ میکاپ‌سخته
استفاده کردن از این‌مدل‌نازک‌دسمال‌مرطوب‌ها خیلی‌بصرفه‌هست
البته بنظرم‌واسه‌ پاک‌کردن کل‌میکاپ‌ بقیه مدل‌های دافی که 
دستمال‌ضخیم‌دارند یا حتی میسلارواترش مناسب ترباشه
محصولات دافی قدرت‌پاک‌کنندگی‌وآسانی‌مصرف‌وبوی‌خوب‌دارند
در کل محصولات‌دافی‌ حتما بگیرید .عالین .",0,false,2026-04-29T02:59:34.2054703+03:30,ترکیبی,0.74,محصول,محصول
دستمال مرطوب پاک کننده آرایش 70 برگی,https://www.khanoumi.com/products/dafi-makeup-remover-wips-22861,دستمال هاش نازکه خیلی. باید چندتاشو استفاده کنی,0,true,2026-03-08T23:55:12.5271561+03:30,خنثی,0.35,سایر,سایر
دستمال مرطوب پاک کننده آرایش 70 برگی,https://www.khanoumi.com/products/dafi-makeup-remover-wips-22861,واقعاااا قیمتش نسبت به این محصول گران است,0,false,2025-08-23T22:40:51.5084629+00:00,خنثی,0.35,قیمت | محصول,قیمت
دستمال مرطوب پاک کننده آرایش 70 برگی,https://www.khanoumi.com/products/dafi-makeup-remover-wips-22861,دافی همیشه خشکه باید برعکس بزاری تا مرطوب بشه اماترکیبات  ش واقعا برای پوست چرب و جوش دار خیلی خوبه,0,true,2025-07-30T10:41:05.0953034+00:00,مثبت,0.91,محصول,محصول
دستمال مرطوب پاک کننده آرایش 70 برگی,https://www.khanoumi.com/products/dafi-makeup-remover-wips-22861,درست پاک نمیکنه,0,true,2025-03-26T14:06:41.3409972+00:00,خنثی,0.35,سایر,سایر
دستمال مرطوب پاک کننده آرایش 70 برگی,https://www.khanoumi.com/products/dafi-makeup-remover-wips-22861,کیفیتش واقعا عالی بود ,0,true,2024-09-09T17:43:29+00:00,مثبت,0.79,محصول,محصول
دستمال مرطوب پاک کننده آرایش 70 برگی,https://www.khanoumi.com/products/dafi-makeup-remover-wips-22861,بوی خیلی خوبی داره بعد از پاک کردن حس سبکی میده، ,0,true,2024-07-04T09:12:08+00:00,مثبت,0.79,محصول,محصول
دستمال مرطوب پاک کننده آرایش 70 برگی,https://www.khanoumi.com/products/dafi-makeup-remover-wips-22861,اصلا کیفیت خوبی نداره و کامل تمیز نمیکنه از دافی بعیده نمیدونم خلاصه که من نپسنیدم درصورتی که دستمال مرطوبای دیگه دافی رو استفاده کرده بود عالی بود ,0,true,2024-07-03T21:44:24+00:00,مثبت,0.67,محصول | اصل بودن کالا,محصول
دستمال مرطوب پاک کننده آرایش 70 برگی,https://www.khanoumi.com/products/dafi-makeup-remover-wips-22861,کامل پوست صورتو پاک میکنه خیلی راضیم,0,true,2023-07-23T23:14:22+00:00,مثبت,0.79,محصول,محصول
دستمال مرطوب پاک کننده آرایش 70 برگی,https://www.khanoumi.com/products/dafi-makeup-remover-wips-22861,این دستمال مرطوب به خوبی آرایش صورت را پاک میکنه. لطفا این محصول رو موجود کنید تا بتونم دوباره خرید کنم.,0,false,2022-12-12T13:51:07+00:00,مثبت,0.67,محصول,محصول
دستمال مرطوب پاک کننده آرایش 70 برگی,https://www.khanoumi.com/products/dafi-makeup-remover-wips-22861,واقعا خوب و بصرفس من ک راضیم 👌🏼,3,false,2020-05-26T20:47:59+00:00,مثبت,0.91,سایر,سایر
دستمال مرطوب پاک کننده آرایش 3 در 1,https://www.khanoumi.com/products/dafi-3in1-make-up-remover-wet-wips-20pcs-22862,خیلی بوی الکل میده راضی نبودم بیو بهتر بود,0,false,2026-06-08T15:04:07.3195402+03:30,منفی,0.67,محصول,محصول
دستمال مرطوب پاک کننده آرایش 3 در 1,https://www.khanoumi.com/products/dafi-3in1-make-up-remover-wet-wips-20pcs-22862,"چندبار تهیه کردم خوبه دستمال‌هاضخیم آغشته به‌موادبسیار
دارای بوی‌خوب‌  پاک‌کنندگی‌خوب آبرسانی هم می‌کنه پوستت‌ ‌رو
 فقط دربش‌ برچسبی هست این‌ باعث‌میشه‌موادآبکی‌ بخوره
 به برچسبه و بسته‌نشه درنتیجه باید از وختی بازش کردی 
تندتند استفاده کنی تا خشک نشه .",0,false,2026-04-29T03:15:06.9250225+03:30,مثبت,0.95,محصول | تحویل و ارسال,محصول
دستمال مرطوب پاک کننده آرایش 3 در 1,https://www.khanoumi.com/products/dafi-3in1-make-up-remover-wet-wips-20pcs-22862,مدت‌ها هست‌که استفاده می‌کنم و‌ راضی هستم ، باعث جوش و خشکی نمیشه,0,true,2025-04-27T13:32:01.2448038+00:00,مثبت,0.67,سایر,سایر
دستمال مرطوب پاک کننده آرایش 3 در 1,https://www.khanoumi.com/products/dafi-3in1-make-up-remover-wet-wips-20pcs-22862,عالی بود,0,true,2025-02-06T16:29:14.9024012+00:00,مثبت,0.79,محصول,محصول
دستمال مرطوب پاک کننده دست و صورت بسته 12 عددی,https://www.khanoumi.com/products/dafi-hand-and-face-cleanser-wet-wips-22863,"بار دهم که میخرم خیلی خیلی کاربردی و عالیه 
اتفاقا کوچیک بودنش خوبه راحت جا میشه
بوی خوبی هم داره",0,true,2026-05-06T22:56:19.3226139+03:30,مثبت,0.95,محصول,محصول
دستمال مرطوب پاک کننده دست و صورت بسته 12 عددی,https://www.khanoumi.com/products/dafi-hand-and-face-cleanser-wet-wips-22863,دقت کنید که کوچیکه ، ولی کیفیتش خوبه,0,true,2026-05-03T14:52:47.6780919+03:30,مثبت,0.79,محصول,محصول
دستمال مرطوب پاک کننده دست و صورت بسته 12 عددی,https://www.khanoumi.com/products/dafi-hand-and-face-cleanser-wet-wips-22863,عطر و بوی عالی داره,0,true,2026-04-22T12:28:22.4553903+03:30,مثبت,0.67,محصول,محصول
دستمال مرطوب پاک کننده دست و صورت بسته 12 عددی,https://www.khanoumi.com/products/dafi-hand-and-face-cleanser-wet-wips-22863,عالی و قیمت مناسب,0,true,2026-03-13T15:22:40.9649624+03:30,مثبت,0.67,قیمت,قیمت
دستمال مرطوب پاک کننده دست و صورت بسته 12 عددی,https://www.khanoumi.com/products/dafi-hand-and-face-cleanser-wet-wips-22863,عالیه بهترین کیفیت رو داره بوی خیلی خوبی هم داره برای تمیز کردن سطوح استفاده کردم,0,true,2026-03-11T01:08:29.6814437+03:30,مثبت,0.95,محصول,محصول
دستمال مرطوب پاک کننده دست و صورت بسته 12 عددی,https://www.khanoumi.com/products/dafi-hand-and-face-cleanser-wet-wips-22863,خوب بود,0,true,2026-01-06T17:29:02.5858743+03:30,مثبت,0.79,محصول,محصول
دستمال مرطوب پاک کننده دست و صورت بسته 12 عددی,https://www.khanoumi.com/products/dafi-hand-and-face-cleanser-wet-wips-22863,واقعا اندازش خیلی کوچیکه برام تعجب اور بود دراین حد کوچیک اما کیفیت محصولات دافی واقعا خوبه.,0,true,2025-02-22T07:25:44.1826494+00:00,مثبت,0.79,محصول,محصول
دستمال مرطوب پاک کننده دست و صورت بسته 12 عددی,https://www.khanoumi.com/products/dafi-hand-and-face-cleanser-wet-wips-22863,من چند سری استفاده کردم ازش و پاک کنندگی خوبی داشت. معمولا برای آلودگی دست یا تمیز کردن وسایل آرایشم ازش استفاده می‌کنم، اما چندباری در طول سفر برای زیربغل و صورتم هم استفاده کردم و خوب بود و رو پوست من هیچ تاثیر بدی نداد,0,true,2024-11-29T21:44:17.2784086+00:00,ترکیبی,0.87,محصول,محصول
دستمال مرطوب پاک کننده آرایش اکسترا 27 برگی,https://www.khanoumi.com/products/dafi-makeup-remover-wips-22864,خیلی خوبه من راضی ام,0,true,2024-06-29T13:35:38+00:00,مثبت,0.95,سایر,سایر
دستمال مرطوب پاک کننده آرایش اکسترا 27 برگی,https://www.khanoumi.com/products/dafi-makeup-remover-wips-22864,من از این  دستمال ها داشتم .بوی فوق العاده بد و غیر قابل تحملی داشت که من نتونستم ازش استفاده کنم,4,false,2019-11-03T23:15:16+00:00,ترکیبی,0.66,محصول,محصول
دستمال مرطوب کودک ویتا میلک 20 عددی,https://www.khanoumi.com/products/dafi-vita-milk-wips-baby-22866,محلولی که توی دستمال مرطوب استفاده شد بسیار زیاد بود برای من خوشایند نبود رایحه خوبی داشت جنس دستمال مرطوب بی کیفیت بود,0,true,2025-03-26T07:15:18.5253888+00:00,منفی,0.79,محصول,محصول
پد لاک پاک کن 45 عددی دارای ویتامین,https://www.khanoumi.com/products/dafi-nail-polish-remover-pad-22867,عالی,0,true,2026-03-06T10:22:24.0319858+03:30,مثبت,0.67,سایر,سایر
پد لاک پاک کن 45 عددی دارای ویتامین,https://www.khanoumi.com/products/dafi-nail-polish-remover-pad-22867,عالیه,0,false,2025-10-21T03:14:31.4307721+03:30,مثبت,0.79,سایر,سایر
پد لاک پاک کن 45 عددی دارای ویتامین,https://www.khanoumi.com/products/dafi-nail-polish-remover-pad-22867,من راضی بودم خیلی به صرفه هستش و راحت لاک رو پاک میکنه,0,true,2025-09-18T18:38:52.0520995+03:30,مثبت,0.67,محصول,محصول
پد لاک پاک کن 45 عددی دارای ویتامین,https://www.khanoumi.com/products/dafi-nail-polish-remover-pad-22867,از همه نوع عالی,0,true,2025-06-24T17:23:46.0806586+00:00,مثبت,0.67,سایر,سایر
پد لاک پاک کن 45 عددی دارای ویتامین,https://www.khanoumi.com/products/dafi-nail-polish-remover-pad-22867,واقعا عالیه خیلی تعدادش زیاد و اقتصادیه و واقعا کیفیت بالایی داره,0,true,2025-06-23T18:50:56.4371057+00:00,مثبت,0.79,محصول,محصول
پد لاک پاک کن 45 عددی دارای ویتامین,https://www.khanoumi.com/products/dafi-nail-polish-remover-pad-22867,این بهترین پد لاک پاک کنیه که میتونید بخرید.خشک نمیشه، هر پدش رو برای دوبار میشه استفاده کرد و بسیار قویه، من دو سال پیش از داروخونه یکی خریدم هنوزم چندتا پدش مونده . هر چند روزم لاک میزنم .امسالم از خانومی یکی خریدم و هنوز بازش نکردم.ولی درجه یکه شک نکنید واسه خریدش. حتی لک خودکار و ماژیک هایی که پاک نمیشن و میمونن، رو هم از روی وسایل خونه پاک میکنه,0,true,2025-04-22T06:41:06.963869+00:00,مثبت,0.67,محصول,محصول
پد لاک پاک کن 45 عددی دارای ویتامین,https://www.khanoumi.com/products/dafi-nail-polish-remover-pad-22867,خیلی خوبه,0,false,2025-04-14T12:05:12.9857791+00:00,مثبت,0.91,سایر,سایر
پد لاک پاک کن 45 عددی دارای ویتامین,https://www.khanoumi.com/products/dafi-nail-polish-remover-pad-22867,این محصول بسیار بابرکت و عالیه,0,false,2025-03-22T19:31:32.8227636+00:00,مثبت,0.79,محصول,محصول
پد لاک پاک کن 45 عددی دارای ویتامین,https://www.khanoumi.com/products/dafi-nail-polish-remover-pad-22867,تقریبا دوساله دارمش هنوز خشک نشده خیلی به صرفه هست,0,false,2024-12-06T20:18:52.8658593+00:00,خنثی,0.35,سایر,سایر
پد لاک پاک کن 45 عددی دارای ویتامین,https://www.khanoumi.com/products/dafi-nail-polish-remover-pad-22867,خیلی خوبه 45 عدد نیست 90,0,true,2024-12-03T07:00:25.7097401+00:00,مثبت,0.67,سایر,سایر
پد لاک پاک کن 45 عددی دارای ویتامین,https://www.khanoumi.com/products/dafi-nail-polish-remover-pad-22867,یکساله خریدمش. خیلی خوب و بصرفه ست. شک نکنید,0,true,2024-11-29T13:14:25.4925123+00:00,مثبت,0.79,سایر,سایر
پد لاک پاک کن 45 عددی دارای ویتامین,https://www.khanoumi.com/products/dafi-nail-polish-remover-pad-22867,دریک کلام عالی,0,false,2024-10-25T09:31:05.0259832+00:00,مثبت,0.67,سایر,سایر
پد لاک پاک کن 45 عددی دارای ویتامین,https://www.khanoumi.com/products/dafi-nail-polish-remover-pad-22867,خیلی خوبه قیمتش هم خیلی به صرفه است دو ساله دادم خشک نشده کیفیتش هم کم نشده ,0,false,2024-08-18T19:53:42+00:00,مثبت,0.91,محصول | قیمت,محصول
پد لاک پاک کن 45 عددی دارای ویتامین,https://www.khanoumi.com/products/dafi-nail-polish-remover-pad-22867,من این محصول رو حدود5سال پیش خریدم هنوز کیفیتش مثل روز اولش یچیزه عجیبه اصلا البته من  از بیرون خریدم قیمت خانومی عالیه,0,false,2024-08-13T16:15:21+00:00,مثبت,0.91,محصول | اصل بودن کالا | قیمت,محصول
پد لاک پاک کن 45 عددی دارای ویتامین,https://www.khanoumi.com/products/dafi-nail-polish-remover-pad-22867,"خیلی خوبه.فقط جعبش بزرگه که من دورش مشمبا کشیدم تا خشک نشه.
",0,true,2024-04-08T18:33:03+00:00,مثبت,0.91,سایر,سایر
پد لاک پاک کن 45 عددی دارای ویتامین,https://www.khanoumi.com/products/dafi-nail-polish-remover-pad-22867,به مقدار قیمتش بالا رفته ولی کیفیت مناسبی داره,0,true,2023-10-16T00:36:07+00:00,خنثی,0.35,محصول | قیمت,محصول
پد لاک پاک کن 45 عددی دارای ویتامین,https://www.khanoumi.com/products/dafi-nail-polish-remover-pad-22867,اولین ویژگی مثبتی که این محصول داره، کیفیت بالای پدهای اونه! در زمان استفاده به هیچ عنوان پد پاره و یا از هم جدا نمیشه. به راحتی روی ناخن کشیده می‌شه و با اولین برخورد به ناخن شروع به پاک کردن لاک از سطح ناخن می‌کنه. سایز هر پد به خوبی طراحی شده و رنگ رو از ناخن پس نمی‌زنه و لاک رو روی سطح پوست انگشت پخش نمی‌کنه. داخل هر بسته 45 عدد پد وجود داره و برای مصرف طولانی مدت گزینه بسیار مناسبیه.,3,false,2022-04-03T16:04:56+00:00,مثبت,0.67,محصول | تحویل و ارسال,محصول
پد لاک پاک کن 45 عددی دارای ویتامین,https://www.khanoumi.com/products/dafi-nail-polish-remover-pad-22867,قدرت پاک کنندگیش خیلی خوبه نسبت به تعداد زیادش قیمتش هم به صرفست,4,true,2020-11-15T01:43:08+00:00,مثبت,0.91,قیمت,قیمت
پد لاک پاک کن 45 عددی دارای ویتامین,https://www.khanoumi.com/products/dafi-nail-polish-remover-pad-22867,کیفیت خیلی خوبی داره ناخن هلی کاشته رو حل نمیکنه خیلی هم به صرفه هست فقط اندازه هر پدش خیلی بزرگه پیشنهاد میکنم خودتون با قیچی نصفش کنید که حروم نشه,12,true,2019-03-27T13:01:01.8966667+00:00,مثبت,0.95,محصول,محصول
ریمل ولوم لانگ لش,https://www.khanoumi.com/products/eliza-mutik-mascara-22869,ریمل خوبیه هم بلند میکنه هم تقریبا حجم میده مشکی هم هست اما حیف که موقع شستن خیلی سیاه میکنه,5,true,2019-04-19T12:26:14.46+00:00,مثبت,0.67,محصول,محصول
ریمل مجیک لانگ لش,https://www.khanoumi.com/products/eliza-mutik-mascara-22870,مژه ها رو دونه دونه جدا ميكنه ولي حجم نميده، خيلي هم بلند نميكنه، براي روزانه خوبه,0,true,2019-04-18T14:17:07.7433333+00:00,مثبت,0.79,محصول,محصول
ریمل مجیک لانگ لش,https://www.khanoumi.com/products/eliza-mutik-mascara-22870,خیلی بی کیفیت بود، اصلا راضی نبودم.انگار خشکه و مواد زیادی توش نیست,11,true,2019-03-27T17:48:33.6833333+00:00,منفی,0.91,محصول | اصل بودن کالا,اصل بودن کالا
ریمل مجیک لانگ لش,https://www.khanoumi.com/products/eliza-mutik-mascara-22870,حجم این ریمل چقدر هست؟,1,false,2019-03-17T15:18:55.9066667+00:00,خنثی,0.35,محصول,محصول
خمیر دندان مدل Total 8 حجم 100 میلی لیتر,https://www.khanoumi.com/products/misswake-total-8-toothpaste-100ml-22871,عالیه کلا برند میسویک یه چیز دیگه است,0,true,2026-08-31T14:46:53.5042198+03:30,مثبت,0.79,سایر,سایر
خمیر دندان مدل Total 8 حجم 100 میلی لیتر,https://www.khanoumi.com/products/misswake-total-8-toothpaste-100ml-22871,من قبلاً  یه برند دیگه استفاده میکردم واین بار این خمیر دندون رو گرفتم . واقعا برا دندان های حساس عالیه . پیشنهاد میکنم برا یبار استفاده کنید .عالیه,0,true,2026-08-12T09:15:23.139094+03:30,مثبت,0.95,سایر,سایر
خمیر دندان مدل Total 8 حجم 100 میلی لیتر,https://www.khanoumi.com/products/misswake-total-8-toothpaste-100ml-22871,قیمتش خیلی رفته بالا.چون تو تخفیف بود خریدم من دوست دارم میسویک رو,0,true,2026-08-10T19:06:56.1898504+03:30,خنثی,0.35,قیمت | محصول,قیمت
خمیر دندان مدل Total 8 حجم 100 میلی لیتر,https://www.khanoumi.com/products/misswake-total-8-toothpaste-100ml-22871,خوبه کلا خمیر دندون های میسویک رو دوست دارم,0,true,2026-08-08T18:29:07.017679+03:30,مثبت,0.79,سایر,سایر
خمیر دندان مدل Total 8 حجم 100 میلی لیتر,https://www.khanoumi.com/products/misswake-total-8-toothpaste-100ml-22871,خیلی خوب بود روزانه بود,0,true,2026-08-08T10:20:51.8989198+03:30,مثبت,0.91,محصول,محصول
خمیر دندان مدل Total 8 حجم 100 میلی لیتر,https://www.khanoumi.com/products/misswake-total-8-toothpaste-100ml-22871,من الان دوساله که بعد از جرم گیری دندون هام از خمیر دندون های میسویک و بیشتر از همین مدل استفاده میکنم و میتونم بگم بهترینن .اصلا تو خریدشون نباید شک کرد,0,true,2026-08-02T03:50:06.7139637+03:30,مثبت,0.79,اصل بودن کالا,اصل بودن کالا
خمیر دندان مدل Total 8 حجم 100 میلی لیتر,https://www.khanoumi.com/products/misswake-total-8-toothpaste-100ml-22871,عاااااااااااااااااااااااالی,0,false,2026-07-29T01:03:25.354442+03:30,خنثی,0.35,سایر,سایر
خمیر دندان مدل Total 8 حجم 100 میلی لیتر,https://www.khanoumi.com/products/misswake-total-8-toothpaste-100ml-22871,"سلام با تشکر از سایت خوب خانومی
بنظرم خمیر دندون خوبی نیست بیش از حد قوی هست و مواد ساینده زیادی داره من دو بار استفاده کردم هر بار باعث زخم لثه شد و همچنین دندونم رو به سرما حساس کرد به هیچ عنوان دیگه مصرف نمیکنم.",0,true,2026-06-26T13:34:57.7128078+03:30,خنثی,0.35,محصول,محصول
خمیر دندان مدل Total 8 حجم 100 میلی لیتر,https://www.khanoumi.com/products/misswake-total-8-toothpaste-100ml-22871,"بی شک بهترین خمیر دندون
یعنی فقط با یه بار استفاده ازش هم متوجه تاثیراتش میشید
واقعا خمیردندون کاملی هستش
تو خریدش شک نکنید",0,false,2026-06-12T14:09:34.1587203+03:30,مثبت,0.67,سایر,سایر
خمیر دندان مدل Total 8 حجم 100 میلی لیتر,https://www.khanoumi.com/products/misswake-total-8-toothpaste-100ml-22871,خوب بود باعث سوزش لثه نشد,0,true,2026-05-24T18:47:35.3911087+03:30,مثبت,0.79,محصول,محصول
خمیر دندان مدل Total 8 حجم 100 میلی لیتر,https://www.khanoumi.com/products/misswake-total-8-toothpaste-100ml-22871,باعث زخم شدن لثه ام شد.,0,true,2026-05-14T19:22:20.7350927+03:30,خنثی,0.35,سایر,سایر
خمیر دندان مدل Total 8 حجم 100 میلی لیتر,https://www.khanoumi.com/products/misswake-total-8-toothpaste-100ml-22871,کدوم مدلش مناسبه پوسیدگی دندان هستش؟,0,false,2026-05-07T17:08:55.8328191+03:30,خنثی,0.35,سایر,سایر
خمیر دندان مدل Total 8 حجم 100 میلی لیتر,https://www.khanoumi.com/products/misswake-total-8-toothpaste-100ml-22871,بهترین خمیر دندانیه که تا حالا خریداری کردم پایه ثابت خانواده شده امیدوارم کیفیتش در مرور زمان افت نکنه,0,true,2026-03-20T12:14:11.132262+03:30,مثبت,0.67,محصول,محصول
خمیر دندان مدل Total 8 حجم 100 میلی لیتر,https://www.khanoumi.com/products/misswake-total-8-toothpaste-100ml-22871,عالی بود,0,true,2026-03-19T12:02:10.7768424+03:30,مثبت,0.79,محصول,محصول
خمیر دندان مدل Total 8 حجم 100 میلی لیتر,https://www.khanoumi.com/products/misswake-total-8-toothpaste-100ml-22871,پاک کنندگی خوبی نداره دهان و دورهان هم خشک میکنه توصیه نمیکنم!,0,true,2026-03-18T04:24:52.3274028+03:30,منفی,0.79,سایر,سایر
خمیر دندان مدل Total 8 حجم 100 میلی لیتر,https://www.khanoumi.com/products/misswake-total-8-toothpaste-100ml-22871,خمیر دندون خوبیه,0,true,2026-03-09T22:24:04.5366682+03:30,مثبت,0.67,سایر,سایر
خمیر دندان مدل Total 8 حجم 100 میلی لیتر,https://www.khanoumi.com/products/misswake-total-8-toothpaste-100ml-22871,من یک ماه استفاده کردم و فقط 10درصد سفید شده,0,false,2026-01-22T18:20:28.2672232+03:30,خنثی,0.35,سایر,سایر
خمیر دندان مدل Total 8 حجم 100 میلی لیتر,https://www.khanoumi.com/products/misswake-total-8-toothpaste-100ml-22871,یک‌ماهه از این خمیر دندان استفاده میکنم و20درصد سفید شده,0,false,2025-12-26T19:24:02.2292585+03:30,خنثی,0.35,سایر,سایر
خمیر دندان مدل Total 8 حجم 100 میلی لیتر,https://www.khanoumi.com/products/misswake-total-8-toothpaste-100ml-22871,خیلی خوب,0,true,2025-12-07T15:36:38.7186016+03:30,مثبت,0.79,سایر,سایر
خمیر دندان مدل Total 8 حجم 100 میلی لیتر,https://www.khanoumi.com/products/misswake-total-8-toothpaste-100ml-22871,"من به دلیل استفاده زیاد از قهوه دندون هام به شدت جرم گرفته بود و زرد بود ، بر اساس نظرات گرفتم و یک هفته اس که استفاده کردم ازش ، خوبه ، دندون هامو روشن و درخشنده کرده ، موقع استفاده نوشته بودن خیلی خنکه و لب رو میسوزونه ولی برا من اینطور حسی نمی‌داد.
در کل خوبه ولی خب انتظار سفید شدن زیاد و واو نداشته باشید ازش",0,true,2025-11-21T11:39:35.2778095+03:30,مثبت,0.95,محصول,محصول
خمیر دندان مدل Total 8 حجم 100 میلی لیتر,https://www.khanoumi.com/products/misswake-total-8-toothpaste-100ml-22871,نسبت به قیمت و استفاده روزانه بد نیست ولی عالی هم نبود من استفاده کردم,0,false,2025-10-28T10:30:49.3304058+03:30,خنثی,0.4,محصول | قیمت,محصول
خمیر دندان مدل Total 8 حجم 100 میلی لیتر,https://www.khanoumi.com/products/misswake-total-8-toothpaste-100ml-22871,خیلی عالیه واقعا. دکتر به من گفت دندونات جرم سازه و یه خمیر دندون باید بزنی که فسفات و سولفات باهم داشته باشه کلی گشتم تا پیدا کردم. از وقتی میزنم دندونام جرم نمیگیره سفید میکنه طعم خوبی داره اصن همه چی تموم,0,false,2025-10-21T21:53:46.4193028+03:30,مثبت,0.91,محصول,محصول
خمیر دندان مدل Total 8 حجم 100 میلی لیتر,https://www.khanoumi.com/products/misswake-total-8-toothpaste-100ml-22871,به طرز عجیبی ی برند ایرانی انقد خوب از آب در اومده. بو و مزه خاصی نداره اذیت نمیکنه دهانو و قدرت تمیزکنندگی خوبی داره. من ی دندون داشتم اذیت بودم باهاش نمیدونستم مشکل چیه دندانپزشکمم چیزی از معاینه و عکس متوجه نشد گفت احتمالا حساس شده ، بعد از مدتی که این خمیردندانو استفاده کردم مشکلش برطرف شد! خیلی خوشم اومده دیگه خمیردندان ثابتم شد.,0,true,2025-10-02T14:36:30.1642648+03:30,مثبت,0.79,محصول,محصول
خمیر دندان مدل Total 8 حجم 100 میلی لیتر,https://www.khanoumi.com/products/misswake-total-8-toothpaste-100ml-22871,خیلی خمیر دندان خوبیه,0,true,2025-09-15T21:30:48.9588046+03:30,مثبت,0.67,سایر,سایر
خمیر دندان مدل Total 8 حجم 100 میلی لیتر,https://www.khanoumi.com/products/misswake-total-8-toothpaste-100ml-22871,"خمیر دندون خوبی نیست
اصلا دهنو خنک نمیکنه تمیزی خوبی نمیده مزشم شیرینه",0,false,2025-08-25T06:30:27.2437339+00:00,منفی,0.91,اصل بودن کالا,اصل بودن کالا
خمیر دندان مدل Total 8 حجم 100 میلی لیتر,https://www.khanoumi.com/products/misswake-total-8-toothpaste-100ml-22871,برای دندون کامپوزیت  زیاد جالب نبود,0,true,2025-08-14T02:40:15.1036119+00:00,خنثی,0.35,محصول,محصول
خمیر دندان مدل Total 8 حجم 100 میلی لیتر,https://www.khanoumi.com/products/misswake-total-8-toothpaste-100ml-22871,من این خمیردندان رو از اتکا گرفتم با قیمت 270 خیلی خوبه دندونام بعد یمدت سفید شدن عالیه,0,false,2025-08-10T12:21:17.6123961+00:00,مثبت,0.95,قیمت,قیمت
خمیر دندان مدل Total 8 حجم 100 میلی لیتر,https://www.khanoumi.com/products/misswake-total-8-toothpaste-100ml-22871,عالیه,0,true,2025-07-29T09:27:45.5435447+00:00,مثبت,0.79,سایر,سایر
خمیر دندان مدل Total 8 حجم 100 میلی لیتر,https://www.khanoumi.com/products/misswake-total-8-toothpaste-100ml-22871,عالیه واقعا,0,true,2025-06-20T13:21:57.5064517+00:00,مثبت,0.79,سایر,سایر
خمیر دندان مدل Total 8 حجم 100 میلی لیتر,https://www.khanoumi.com/products/misswake-total-8-toothpaste-100ml-22871,عالیه بهترین خمیر دندونیه که تا حالا استفاده کردم سفید میکنه دندون هارو,0,true,2025-03-10T13:29:32.1294919+00:00,مثبت,0.91,سایر,سایر
خمیر دندان مدل Total 8 حجم 100 میلی لیتر,https://www.khanoumi.com/products/misswake-total-8-toothpaste-100ml-22871,"خدایی عالیه 
ولی بیشتر از یک ماه ازش استفاده نکنین
چون دندونا بهش عادت میکنن و مقاوم میشن
باید ب صورت دوره ای بزنین",0,true,2025-03-09T08:47:16.9378698+00:00,مثبت,0.79,سایر,سایر
خمیر دندان مدل Total 8 حجم 100 میلی لیتر,https://www.khanoumi.com/products/misswake-total-8-toothpaste-100ml-22871,همه خمیر دندان های این برند عالیییییی هستند,0,true,2024-11-14T14:11:46.5277505+00:00,مثبت,0.67,سایر,سایر
خمیر دندان مدل Total 8 حجم 100 میلی لیتر,https://www.khanoumi.com/products/misswake-total-8-toothpaste-100ml-22871,عالیهه حتی از برند اورال بی هم بهتره,0,false,2024-09-12T12:46:14+00:00,مثبت,0.79,سایر,سایر
خمیر دندان مدل Total 8 حجم 100 میلی لیتر,https://www.khanoumi.com/products/misswake-total-8-toothpaste-100ml-22871,راضی بودم بازم میخرم توسفارش بعدی ام,0,true,2024-08-24T00:19:41+00:00,مثبت,0.67,محصول,محصول
خمیر دندان مدل Total 8 حجم 100 میلی لیتر,https://www.khanoumi.com/products/misswake-total-8-toothpaste-100ml-22871,خیلی خوب بود,0,true,2024-08-02T22:12:18+00:00,مثبت,0.91,محصول,محصول
خمیر دندان مدل Total 8 حجم 100 میلی لیتر,https://www.khanoumi.com/products/misswake-total-8-toothpaste-100ml-22871,خمیردندون خوبیه و بوی خنکی هم داره اما تمیزکنندگیش معمولیه,0,true,2024-08-02T21:32:44+00:00,مثبت,0.67,محصول,محصول
خمیر دندان مدل Total 8 حجم 100 میلی لیتر,https://www.khanoumi.com/products/misswake-total-8-toothpaste-100ml-22871,من کلا از برند این خمیر دندون راضیم ,0,true,2024-06-26T19:09:49+00:00,مثبت,0.79,سایر,سایر
خمیر دندان مدل Total 8 حجم 100 میلی لیتر,https://www.khanoumi.com/products/misswake-total-8-toothpaste-100ml-22871,خیلی خوب بود جرم دندونم کامل از بین برد فقط چرا موجود نیست چند بار تا حالا اومدم سفارش بدم نبوده لطفاً موجود کنید,0,true,2024-05-10T19:25:52+00:00,مثبت,0.95,محصول,محصول
خمیر دندان مدل Total 8 حجم 100 میلی لیتر,https://www.khanoumi.com/products/misswake-total-8-toothpaste-100ml-22871,تخفیف بیشتر بزارین ,0,true,2024-03-20T09:15:19+00:00,خنثی,0.35,قیمت,قیمت
خمیر دندان  زیرو سنستیو,https://www.khanoumi.com/products/misswake-zero-sensitive-toothpaste-100ml-22872,حساسیت دندونم بیشتر شده و اصلا راضی نیستم,0,true,2026-07-10T17:27:47.0064528+03:30,منفی,0.79,اصل بودن کالا,اصل بودن کالا
خمیر دندان  زیرو سنستیو,https://www.khanoumi.com/products/misswake-zero-sensitive-toothpaste-100ml-22872,من فرمولاسینوش رو به هوش مصنوعی دادم گفت یکی از ایمن ترین فرمولاسیون خمیر دندونای مدرنه ، خودم ازش راضیم کاملا دندونا رو تمیز می کنه ، اصلا تند نیست و دهن رو نمیسوزونه,0,true,2026-04-23T21:39:07.8793621+03:30,مثبت,0.67,محصول | اصل بودن کالا,محصول
خمیر دندان  زیرو سنستیو,https://www.khanoumi.com/products/misswake-zero-sensitive-toothpaste-100ml-22872,من ازش راضیم‌ خیلی خوبه,0,false,2026-03-18T12:11:20.4628896+03:30,مثبت,0.95,سایر,سایر
خمیر دندان  زیرو سنستیو,https://www.khanoumi.com/products/misswake-zero-sensitive-toothpaste-100ml-22872,هرروز دارم ازش استفاده میکنم باید بگم ازش راضی ام و دوباره شارژش میکنم,0,true,2026-03-16T03:01:52.1233518+03:30,مثبت,0.79,سایر,سایر
خمیر دندان  زیرو سنستیو,https://www.khanoumi.com/products/misswake-zero-sensitive-toothpaste-100ml-22872,برای دندانهای حساس تمیز کنندگیش عالیه,0,true,2026-01-23T01:29:11.2475658+03:30,مثبت,0.79,سایر,سایر
خمیر دندان  زیرو سنستیو,https://www.khanoumi.com/products/misswake-zero-sensitive-toothpaste-100ml-22872,خیلی خوبه من دندونام حساس هست و دو سال هست از این محصول استفاده میکنم,0,true,2025-08-23T06:52:16.4301655+00:00,مثبت,0.91,محصول,محصول
خمیر دندان  زیرو سنستیو,https://www.khanoumi.com/products/misswake-zero-sensitive-toothpaste-100ml-22872,این خمیر دندان برای افرادی که دندان های حساس دارند، مناسبه. از مینای دندان محافظت میکنه و مانع از پوسیدگی اون میشه. آلودگی های دندان و لثه رو از بین میبره و از ایجاد پلاک جلوگیری می کنه.,3,false,2023-01-15T14:53:57+00:00,خنثی,0.35,سایر,سایر
خمیر دندان دیلی وایتنینگ,https://www.khanoumi.com/products/misswake-daily-whitening-toothpaste-100ml-22873,خیلی خوب بود  زیاد تقریبا 70 درصد سفید می‌کنه,0,false,2026-07-31T23:26:06.9450051+03:30,مثبت,0.91,محصول,محصول
خمیر دندان دیلی وایتنینگ,https://www.khanoumi.com/products/misswake-daily-whitening-toothpaste-100ml-22873,هم خنک میکنه هم خوشبو میکنه دهان و دندانم تمیز میکنه حجمشم خوبه راضی بودم از همچیش,0,true,2026-07-31T01:18:54.0392268+03:30,مثبت,0.91,محصول,محصول
خمیر دندان دیلی وایتنینگ,https://www.khanoumi.com/products/misswake-daily-whitening-toothpaste-100ml-22873,بهترینه,0,true,2026-04-28T01:17:38.7637505+03:30,مثبت,0.67,سایر,سایر
خمیر دندان دیلی وایتنینگ,https://www.khanoumi.com/products/misswake-daily-whitening-toothpaste-100ml-22873,دندون هام رو سفید کرده دو سال نرفتم جرم گیری دیگه.,0,true,2026-04-15T12:16:31.6505428+03:30,خنثی,0.35,سایر,سایر
خمیر دندان دیلی وایتنینگ,https://www.khanoumi.com/products/misswake-daily-whitening-toothpaste-100ml-22873,من ازاین  داشتم راضی بودم,0,false,2026-04-06T21:11:36.7961096+03:30,مثبت,0.67,محصول,محصول
خمیر دندان دیلی وایتنینگ,https://www.khanoumi.com/products/misswake-daily-whitening-toothpaste-100ml-22873,خیلی خوبه کاملا سفید کردن دندونتون متوجه میشید,0,false,2026-03-29T19:22:33.7572324+03:30,مثبت,0.91,سایر,سایر
خمیر دندان دیلی وایتنینگ,https://www.khanoumi.com/products/misswake-daily-whitening-toothpaste-100ml-22873,خیلی خوبه سفید شدن دندونارو کاملا متوجه میشین,0,true,2026-03-22T18:41:06.4643107+03:30,مثبت,0.91,سایر,سایر
خمیر دندان دیلی وایتنینگ,https://www.khanoumi.com/products/misswake-daily-whitening-toothpaste-100ml-22873,من از خریدم راضی بودم دوباره هم شارژش کردم واقعا سفید میکنه دندون رو و به لثه هم آسیبی نمیرسونه باعث حساسیت نمیشه,0,true,2026-03-16T15:50:01.5178095+03:30,مثبت,0.67,محصول,محصول
خمیر دندان دیلی وایتنینگ,https://www.khanoumi.com/products/misswake-daily-whitening-toothpaste-100ml-22873,بجای این مدل بلیچینگشو بگیرین,0,true,2026-03-07T18:02:13.7983472+03:30,خنثی,0.35,سایر,سایر
خمیر دندان دیلی وایتنینگ,https://www.khanoumi.com/products/misswake-daily-whitening-toothpaste-100ml-22873,خیلبی وقته دارمش ولی واقعا تاثیر خاصی نداشته رو دندونام،هنوزم زردن ،تازه من فقط چایی میخورم نه قهوه,0,true,2026-02-19T14:57:25.2896584+03:30,خنثی,0.35,سایر,سایر
خمیر دندان دیلی وایتنینگ,https://www.khanoumi.com/products/misswake-daily-whitening-toothpaste-100ml-22873,انتظار معجزه نداشته باشین ولی خیلی خوبه طعم خوبی داره و دندونارو کامل تمیز میکنه,0,true,2026-01-07T02:11:43.1076113+03:30,مثبت,0.95,سایر,سایر
خمیر دندان دیلی وایتنینگ,https://www.khanoumi.com/products/misswake-daily-whitening-toothpaste-100ml-22873,من راضی ام ازش،درحد20الی 30درصد سفید میکنه ولی خب موقته،فرداش نزنی دوباره زردی دندون مشخصه،به نظرم با اینکه دوز سفیدکنندگیش ضعیفه و مدل بلیچینگ نیست،به نسبت خوبه.مدل بلیچینگ و مدل زردی دندان میسویک هم تازه اومدن به بازار،مصرف نکردم اونارو نمیدونم کدوم بهتره،ولی من اونارو دیدم،اونم نوشتن20درصد سفید کرد و تندم هس خیلی.اگر اینطوری باشه من همینو ترجیح میدم.,0,true,2025-11-25T22:30:46.6545178+03:30,ترکیبی,0.92,محصول,محصول
خمیر دندان دیلی وایتنینگ,https://www.khanoumi.com/products/misswake-daily-whitening-toothpaste-100ml-22873,انتظار زیادی نداشته باشین برا من ک درحد خمیردندون معمولی بود تغییر چندانی ندیدم,0,true,2025-11-16T21:47:42.6247437+03:30,خنثی,0.35,محصول,محصول
خمیر دندان دیلی وایتنینگ,https://www.khanoumi.com/products/misswake-daily-whitening-toothpaste-100ml-22873,اگه 5 دقیقه حداقل تایم مسواکتون باشه کاملا متوجه سفید شدن دندانهاتون میشید، خیلی عالیه,0,true,2025-11-09T20:13:17.8259346+03:30,مثبت,0.79,سایر,سایر
خمیر دندان دیلی وایتنینگ,https://www.khanoumi.com/products/misswake-daily-whitening-toothpaste-100ml-22873,عالیه,0,true,2025-10-28T19:54:05.478194+03:30,مثبت,0.79,سایر,سایر
خمیر دندان دیلی وایتنینگ,https://www.khanoumi.com/products/misswake-daily-whitening-toothpaste-100ml-22873,مزش اوکی نبود اصن,0,true,2025-10-21T21:38:11.1162892+03:30,خنثی,0.35,محصول,محصول
خمیر دندان دیلی وایتنینگ,https://www.khanoumi.com/products/misswake-daily-whitening-toothpaste-100ml-22873,از هر خمیر دندانی که داشتم عالی تر بود,0,true,2025-09-01T19:41:16.5882361+03:30,مثبت,0.67,محصول,محصول
خمیر دندان دیلی وایتنینگ,https://www.khanoumi.com/products/misswake-daily-whitening-toothpaste-100ml-22873,انچنان تاثیری نداشت برای من,0,true,2025-08-27T16:30:22.2051886+00:00,خنثی,0.35,سایر,سایر
خمیر دندان دیلی وایتنینگ,https://www.khanoumi.com/products/misswake-daily-whitening-toothpaste-100ml-22873,"خییلیی خوب بود...
من قبلا سیگنال میخریدم که خیلی تند بود و اذیت میشدم ...
این هم تاثیرش خوب بود بایک بار مسواک زدن وهم تند نبود و زبون رو اذیت نمیکرد پینشهاد میکنم",0,true,2025-08-22T12:58:52.2465829+00:00,مثبت,0.95,محصول,محصول
خمیر دندان دیلی وایتنینگ,https://www.khanoumi.com/products/misswake-daily-whitening-toothpaste-100ml-22873,"اینها کدومش بدون فلورایده؟ 
یک مدل گیاهیش رو از داروخونه خریدم خیلی خوب و خوشبو بود",0,false,2025-08-12T22:09:42.7333527+00:00,ترکیبی,0.74,محصول,محصول
خمیر دندان دیلی وایتنینگ,https://www.khanoumi.com/products/misswake-daily-whitening-toothpaste-100ml-22873,بعد از سفارش دادنش 3 روز مسواک نزدم دندون هام جوری هستن که زود جرم میگیرن ولی با استفاده ازش شوکه شدم برای بار اول خیلی خوب جواب بود,0,true,2025-06-15T09:17:46.6369366+00:00,مثبت,0.79,محصول,محصول
خمیر دندان دیلی وایتنینگ,https://www.khanoumi.com/products/misswake-daily-whitening-toothpaste-100ml-22873,آیا برای دندونای  کامپوزیت هم مناسبه؟,0,false,2025-06-10T21:13:28.005387+00:00,خنثی,0.35,سایر,سایر
خمیر دندان دیلی وایتنینگ,https://www.khanoumi.com/products/misswake-daily-whitening-toothpaste-100ml-22873,برای مصرف روزانه خیلی خوبه، هم سفیدکنندگی و هم برای جلوگیری از پوسیدگی دندان خوبه، کلا برند خوبی هم هست,0,true,2025-05-20T03:45:35.1559634+00:00,مثبت,0.95,سایر,سایر
خمیر دندان دیلی وایتنینگ,https://www.khanoumi.com/products/misswake-daily-whitening-toothpaste-100ml-22873,من این خمیردندون رو هر روز استفاده میکنم و از میزان سفیدکننده گی دندونش راضیم,0,false,2025-03-27T10:50:20.304205+00:00,مثبت,0.79,محصول,محصول
خمیر دندان دیلی وایتنینگ,https://www.khanoumi.com/products/misswake-daily-whitening-toothpaste-100ml-22873,خیلی کیفیتش خوبه و دندون سفید میکنه,0,true,2025-01-07T11:31:56.8999412+00:00,مثبت,0.79,محصول,محصول
خمیر دندان دیلی وایتنینگ,https://www.khanoumi.com/products/misswake-daily-whitening-toothpaste-100ml-22873,خیییییلی دندونارو تمیز میکنه و مهم تر اینکه تمیز نگه میداره,0,true,2024-12-14T07:48:19.3819893+00:00,خنثی,0.35,سایر,سایر
خمیر دندان دیلی وایتنینگ,https://www.khanoumi.com/products/misswake-daily-whitening-toothpaste-100ml-22873,خیلی کار خاصی نکرد,0,true,2024-12-01T16:53:38.432876+00:00,خنثی,0.35,سایر,سایر
خمیر دندان دیلی وایتنینگ,https://www.khanoumi.com/products/misswake-daily-whitening-toothpaste-100ml-22873,این برند عالیه,0,true,2024-11-14T14:12:20.9060254+00:00,مثبت,0.79,سایر,سایر
خمیر دندان دیلی وایتنینگ,https://www.khanoumi.com/products/misswake-daily-whitening-toothpaste-100ml-22873,خوبه,0,true,2024-07-22T13:53:48+00:00,مثبت,0.79,سایر,سایر
دهان شویه توتال کر 400 میل لیتر,https://www.khanoumi.com/products/misswake-total-care-mouth-wash-400ml-22875,عالی,0,true,2026-08-12T18:19:59.7264395+03:30,مثبت,0.67,سایر,سایر
دهان شویه توتال کر 400 میل لیتر,https://www.khanoumi.com/products/misswake-total-care-mouth-wash-400ml-22875,من یبار آفت زده بود دهنم با این دهان شویه اوکی شدم، خلاصه این تاثیری بود که ازش دیدم و اینکه برخلاف بقیه دهانشویه ها که خوشمزه نیستن این نعنایی و خوبه.,0,true,2026-05-19T18:41:15.8805731+03:30,مثبت,0.79,محصول,محصول
دهان شویه توتال کر 400 میل لیتر,https://www.khanoumi.com/products/misswake-total-care-mouth-wash-400ml-22875,"میسکوویک کلاعالیههه هم خمیر دندوناش هم دهان شویه اش
ولی تاثیرشو برای 1 ساعته با شاید کمتر",0,true,2026-05-17T01:34:24.7812568+03:30,مثبت,0.79,سایر,سایر
دهان شویه توتال کر 400 میل لیتر,https://www.khanoumi.com/products/misswake-total-care-mouth-wash-400ml-22875,عالی,0,true,2026-02-22T18:20:17.2889632+03:30,مثبت,0.67,سایر,سایر
دهان شویه توتال کر 400 میل لیتر,https://www.khanoumi.com/products/misswake-total-care-mouth-wash-400ml-22875,عالی و خوب تمیز می‌کنه,0,true,2026-02-08T12:24:04.9046012+03:30,مثبت,0.79,سایر,سایر
دهان شویه توتال کر 400 میل لیتر,https://www.khanoumi.com/products/misswake-total-care-mouth-wash-400ml-22875,دهان شویه مدل خوشبو کننده میسویک بهتر بود اما از اینم راضی بودم,0,true,2026-01-31T21:50:50.0989305+03:30,مثبت,0.67,محصول,محصول
دهان شویه توتال کر 400 میل لیتر,https://www.khanoumi.com/products/misswake-total-care-mouth-wash-400ml-22875,"بد نیست در کل 
اما به من نساخت بعد چند بار استفاده سقف دهانم پوسته پوسته شد که وقتی یک روز قطعش کردم خوب شد",0,true,2026-01-25T13:08:07.1841496+03:30,مثبت,0.79,محصول,محصول
دهان شویه سنستیو 400 میلی لیتر,https://www.khanoumi.com/products/misswake-sensitive-mouth-wash-400ml-22876,فعلا استفاده نکردم اما بسته بندی فوق العاده بود,0,true,2026-08-16T13:49:13.9430536+03:30,مثبت,0.67,تحویل و ارسال | محصول,تحویل و ارسال
دهان شویه سنستیو 400 میلی لیتر,https://www.khanoumi.com/products/misswake-sensitive-mouth-wash-400ml-22876,ممنون بابت تخفیف خوب خانمی من مجدد شارژش کردم چون کیفیتش عالی بود و خیلی دهان و دندان رو تمیز میکرد و حتی از آفت دهان هم جلوگیری میکنه برای کسی که زیاد آفت میزنه ولی من یه ستاره کم کردم چون خیلیی زبون رو میسوزونه و حتی گازش انگار تا چشم هم میرسه و اشک جمع میشه داخل چشم,0,true,2026-04-13T01:14:18.0460623+03:30,مثبت,0.79,محصول | قیمت,محصول
دهان شویه سنستیو 400 میلی لیتر,https://www.khanoumi.com/products/misswake-sensitive-mouth-wash-400ml-22876,اصلا به درد نمیخوره و بهتره هفته ای یکبار استفاده بشه بیشتر بدرد افراد زیر 12 سال میخوره به دلیل وجود سدیم فلوراید,0,true,2026-03-15T11:17:57.2010181+03:30,منفی,0.79,اصل بودن کالا,اصل بودن کالا
دهان شویه سنستیو 400 میلی لیتر,https://www.khanoumi.com/products/misswake-sensitive-mouth-wash-400ml-22876,خیلی عالیه تنها ایرادی که داره خیلی زبونم میسوزونه,0,true,2026-03-13T02:05:23.0803231+03:30,مثبت,0.79,محصول,محصول
دهان شویه سنستیو 400 میلی لیتر,https://www.khanoumi.com/products/misswake-sensitive-mouth-wash-400ml-22876,برای دندان های حساس فوق العاده اس و خیلی خوب دندون هارو تمیز میکنه تنها نقطه ضعفی که داره اینکه به شدت زبون رو میسوزنه,0,true,2025-12-27T23:58:24.3993375+03:30,مثبت,0.91,محصول,محصول
دهان شویه سنستیو 400 میلی لیتر,https://www.khanoumi.com/products/misswake-sensitive-mouth-wash-400ml-22876,برای دندان های حساس خیلی خوبه فقط یکم زیاد زبون رو میسوزونه,0,true,2025-12-07T13:52:04.5682348+03:30,مثبت,0.91,محصول,محصول
دهان شویه سنستیو 400 میلی لیتر,https://www.khanoumi.com/products/misswake-sensitive-mouth-wash-400ml-22876,من نزدیک یه یک ساله ازش استفاده میکنم و راضی ام. پوست دهان رو اذیت نمیکنه و حجم خوبی داره به نسبت قیمت,0,true,2025-09-01T14:15:47.9285149+03:30,مثبت,0.91,محصول | قیمت,محصول
دهان شویه سنستیو 400 میلی لیتر,https://www.khanoumi.com/products/misswake-sensitive-mouth-wash-400ml-22876,یک بار ازش خریدم و عالی بوده دندونای من سالم هستن ولی به قدری حساسن که با آب هم درد میگیرن و این برند دهان شویه خیلی خوب عمل کرده.,0,true,2025-02-17T15:42:58.3463646+00:00,مثبت,0.95,محصول,محصول
دهان شویه سنستیو 400 میلی لیتر,https://www.khanoumi.com/products/misswake-sensitive-mouth-wash-400ml-22876,خیلی خوبه,0,true,2025-02-04T18:27:23.1817634+00:00,مثبت,0.91,سایر,سایر
دهان شویه سنستیو 400 میلی لیتر,https://www.khanoumi.com/products/misswake-sensitive-mouth-wash-400ml-22876,شدیدا زبونو میسوزونه,0,true,2024-06-12T18:28:39+00:00,خنثی,0.35,محصول,محصول
دهان شویه آنتی پلاک حجم 400 میلی لیتر,https://www.khanoumi.com/products/misswake-mouthwash-400ml-22877,"خیلی راضیم ازش بازم میخوام سفارش بدم 
بعد از هربار استفاده انگار دندونام سفیدتر میشن‌",0,true,2026-07-22T11:17:19.3358278+03:30,ترکیبی,0.74,سایر,سایر
دهان شویه آنتی پلاک حجم 400 میلی لیتر,https://www.khanoumi.com/products/misswake-mouthwash-400ml-22877,اصلا خوب نیست,0,false,2026-05-19T09:31:13.5638082+03:30,منفی,0.79,اصل بودن کالا,اصل بودن کالا
دهان شویه آنتی پلاک حجم 400 میلی لیتر,https://www.khanoumi.com/products/misswake-mouthwash-400ml-22877,"بنظرم خیلی خوبه 
بعد از اینک استفاده می‌کنم احساس می‌کنم دندونام سفید میش",0,true,2026-04-23T01:40:23.4469587+03:30,مثبت,0.91,سایر,سایر
دهان شویه آنتی پلاک حجم 400 میلی لیتر,https://www.khanoumi.com/products/misswake-mouthwash-400ml-22877,عالی,0,true,2026-03-09T14:32:51.351907+03:30,مثبت,0.67,سایر,سایر
دهان شویه آنتی پلاک حجم 400 میلی لیتر,https://www.khanoumi.com/products/misswake-mouthwash-400ml-22877,"خوبه، قبلا هم استفاده کردم
یکم دهن بد مزه میشه که اونم طبیعیه",0,true,2026-01-04T21:54:10.8462688+03:30,ترکیبی,0.74,سایر,سایر
دهان شویه آنتی پلاک حجم 400 میلی لیتر,https://www.khanoumi.com/products/misswake-mouthwash-400ml-22877,من تاثیری ندیدم مزشم خوب نیست,0,true,2025-09-29T21:54:29.8680477+03:30,منفی,0.67,سایر,سایر
دهان شویه آنتی پلاک حجم 400 میلی لیتر,https://www.khanoumi.com/products/misswake-mouthwash-400ml-22877,خوبه حس ادامس اکالیپتوس داخل دهن ایجاد میکنه من راضی بودم و پیشنهاد میدم,0,true,2025-09-16T03:09:37.5932003+03:30,مثبت,0.95,محصول,محصول
دهان شویه آنتی پلاک حجم 400 میلی لیتر,https://www.khanoumi.com/products/misswake-mouthwash-400ml-22877,پیشنهاد میکنم خوبه,0,true,2025-09-05T04:12:48.5824684+03:30,مثبت,0.95,سایر,سایر
دهان شویه آنتی پلاک حجم 400 میلی لیتر,https://www.khanoumi.com/products/misswake-mouthwash-400ml-22877,خوبه فقط یکم دهان میسوزونه,0,true,2025-08-14T02:40:41.1007005+00:00,مثبت,0.79,سایر,سایر
دهان شویه آنتی پلاک حجم 400 میلی لیتر,https://www.khanoumi.com/products/misswake-mouthwash-400ml-22877,یزره دهنو میسوزونه,0,true,2025-08-14T02:35:52.9589036+00:00,خنثی,0.35,سایر,سایر
دهان شویه آنتی پلاک حجم 400 میلی لیتر,https://www.khanoumi.com/products/misswake-mouthwash-400ml-22877,"به پای نمونه های خارجی نمیرسه 
اما دهان رو تمیز و کمی خوش بو میکنه 
با توجه به قیمتش خوبه",0,false,2025-06-09T10:39:46.5240462+00:00,مثبت,0.79,محصول | قیمت,محصول
دهان شویه آنتی پلاک حجم 400 میلی لیتر,https://www.khanoumi.com/products/misswake-mouthwash-400ml-22877,خیلی خوبه واقعا مرسی از خانومی من یکی خریدم و یکی هم بهم رایگان دادن واقعا خوبه,0,true,2025-03-17T09:33:02.7216629+00:00,مثبت,0.95,سایر,سایر
دهان شویه آنتی پلاک حجم 400 میلی لیتر,https://www.khanoumi.com/products/misswake-mouthwash-400ml-22877,از تمیزکنندگیش راضیم و به نسبت بقیه دهانشویه های میسوویک طعم بهتری داره,0,false,2024-07-24T01:46:19+00:00,مثبت,0.79,سایر,سایر
دهان شویه آنتی پلاک حجم 400 میلی لیتر,https://www.khanoumi.com/products/misswake-mouthwash-400ml-22877,طعم این دهانشویه های ایرانی قابل مقایسه با اورال بی یا فاکس نیستند...تمیزکننده هست اما طعم فلوراید بچگیامونو میده,0,true,2023-12-03T11:39:46+00:00,خنثی,0.35,محصول,محصول
نخ دندان توتال کر 8,https://www.khanoumi.com/products/misswake-total-care-floss-22878,مدتهاست که از این نخ دندون استفاده میکنم، حتی بعد از لمینیت هم بهترین نخ دندون بود برام. از بین نخ دندون های میسویک، این رنگ صورتی فوق العاده است. اصلا هم بوی بدی نداره ! نمیدونم چرا دوستان نوشتن بوی بدی داشته!!!!,0,true,2026-04-05T20:19:25.5437006+03:30,مثبت,0.91,محصول | اصل بودن کالا,محصول
نخ دندان توتال کر 8,https://www.khanoumi.com/products/misswake-total-care-floss-22878,زیادی نازکه,0,true,2026-03-31T12:59:50.4597279+03:30,خنثی,0.35,سایر,سایر
نخ دندان توتال کر 8,https://www.khanoumi.com/products/misswake-total-care-floss-22878,خیلی نازکه و لای دندونام گیر میکنه بیرون نمیاد,0,true,2026-03-31T12:59:28.8588455+03:30,خنثی,0.35,سایر,سایر
نخ دندان توتال کر 8,https://www.khanoumi.com/products/misswake-total-care-floss-22878,بوی جالبی نداره ولی کیفیت نخ اش خوب بود,0,true,2024-12-16T22:46:19.8909405+00:00,مثبت,0.79,محصول,محصول
نخ دندان توتال کر 8,https://www.khanoumi.com/products/misswake-total-care-floss-22878,لطفا موجود کنین,0,false,2024-10-14T15:42:59.4904852+00:00,خنثی,0.35,محصول,محصول
نخ دندان سفید کننده,https://www.khanoumi.com/products/misswake-whitening-floss-22879,دندونام کامپوزیته.استفاده میکنم.عالیه,0,false,2026-04-10T21:40:11.3017612+03:30,مثبت,0.79,سایر,سایر
نخ دندان سفید کننده,https://www.khanoumi.com/products/misswake-whitening-floss-22879,میسویک برند خوبیه و کار راه اندازه,0,true,2026-04-08T02:03:28.5808059+03:30,مثبت,0.67,سایر,سایر
نخ دندان سفید کننده,https://www.khanoumi.com/products/misswake-whitening-floss-22879,عالیه,0,true,2026-04-01T13:29:14.6122116+03:30,مثبت,0.79,سایر,سایر
نخ دندان سفید کننده,https://www.khanoumi.com/products/misswake-whitening-floss-22879,من دندونمو روکش کردم هر نخی استفاده میکردم اذیت میشدم ولی این عالیه نازکه رایحه هم داره,0,true,2026-03-28T22:53:48.0999088+03:30,مثبت,0.79,محصول,محصول
نخ دندان سفید کننده,https://www.khanoumi.com/products/misswake-whitening-floss-22879,"برای دندون من ک کامپوزیته واقعا خوبه من راضی ام 
فقط چون خیلی نازکه باید اروم بکشید ک لثه خون نیاذ",0,true,2026-03-25T13:47:51.2899957+03:30,مثبت,0.95,سایر,سایر
نخ دندان سفید کننده,https://www.khanoumi.com/products/misswake-whitening-floss-22879,نخ دندان خوبیه,0,true,2025-10-04T15:39:11.4751341+03:30,مثبت,0.67,سایر,سایر
نخ دندان سفید کننده,https://www.khanoumi.com/products/misswake-whitening-floss-22879,چون نزده بود فوق العاده نازک خریدم ،بعد دیدم توی توضیحات بوده . باعث پارگی لثه میشه و خون میندازه اگر تایید میشد تصویر میذاشتم که لثه رو خون انداخته. به دلیل نازک بودن زیاد مابین دندان خوب پاک نمیشه,0,true,2025-06-26T10:34:31.1971609+00:00,خنثی,0.35,محصول,محصول
نخ دندان سفید کننده,https://www.khanoumi.com/products/misswake-whitening-floss-22879,"نخ دندان خیلی خوبیه
موقع استفاده ریش ریش نمیشه
بوی خوبی داره
به خاطر مومی که روی نخ هست لثه ها رو نمیبره",0,true,2024-11-07T00:37:23.2925664+00:00,مثبت,0.67,محصول,محصول
نخ دندان سفید کننده,https://www.khanoumi.com/products/misswake-whitening-floss-22879,اینو لطفااااااااا موجود کنیدددد,0,false,2024-02-11T11:40:21+00:00,خنثی,0.35,محصول,محصول
دستمال شیر پاکن آرایشی 20عددی,https://www.khanoumi.com/products/comeon-makeup-remover-wipes-22881,من راضیم  ارایش و خیلی خوب پاک میکنه,0,true,2026-03-11T01:07:16.7494608+03:30,مثبت,0.95,سایر,سایر
دستمال شیر پاکن آرایشی 20عددی,https://www.khanoumi.com/products/comeon-makeup-remover-wipes-22881,به نظرم از واجباته کیف هر خانمیه عالیه,0,true,2025-09-15T10:02:31.4926879+03:30,منفی,0.79,سایر,سایر
دستمال شیر پاکن آرایشی 20عددی,https://www.khanoumi.com/products/comeon-makeup-remover-wipes-22881,هرچی محصولات کامان افتضاحن ولی این دستمال مرطوبش فوق العاده بود من دوباره استفاده کردم برند بیول و دافی هم استفاده کردم ولی اصلا به پای این یکی نمی رسن خیلی پد هاش اغشته به مایع پاک کننده هستن و بوی لطیف و فرشی داره و اصلا هم خشک نمیشه به این راحتی ها من خیلی راضی بودم.,0,false,2025-08-16T00:06:24.2679446+00:00,ترکیبی,0.79,محصول | اصل بودن کالا,محصول
دستمال شیر پاکن آرایشی 20عددی,https://www.khanoumi.com/products/comeon-makeup-remover-wipes-22881,پاک کنندگی خوبی داره ولی بوی خیلی زیادی داره که اذیت کنندس و چشمام رو میسوزونه,0,true,2024-06-28T22:52:59+00:00,مثبت,0.67,محصول,محصول
دستمال شیر پاکن آرایشی 20عددی,https://www.khanoumi.com/products/comeon-makeup-remover-wipes-22881,"عالیه چندمین باره ک سفارش میدم از بقیه مارک هایی ک استفاده کردم خیلی بهتره. اصلا پوست رو خشک نمیکنه و سریع هم ارایش رو پاک میکنه تا نیاز نباشه هی دستمال رو روی صورت بکشید
",0,false,2024-02-18T15:53:37+00:00,مثبت,0.91,محصول | اصل بودن کالا,محصول
دستمال شیر پاکن آرایشی 20عددی,https://www.khanoumi.com/products/comeon-makeup-remover-wipes-22881,"راضی بودم تمیزکنندگی خوبی داره و پوستو خشک نمیکنه. بوی خوبی داره و ضداب ترین لوازم ارایش رو هم پاک میکنه
",0,false,2024-02-17T22:43:25+00:00,مثبت,0.67,محصول,محصول
دستمال شیر پاکن آرایشی 20عددی,https://www.khanoumi.com/products/comeon-makeup-remover-wipes-22881,"دستمال مرطوب واسه وقتاییه که ناچارید و چیزی دم دستتون نیست وگرنه ارایش رو باید با میسیلار و ژل شست و شو پاک کرد. و برای اون زمان کامان بهترینه. وگرنه که از میسلار همین برند استفاده میکنم و راضیم
",0,false,2024-02-16T17:44:56+00:00,مثبت,0.91,سایر,سایر
دستمال شیر پاکن آرایشی 20عددی,https://www.khanoumi.com/products/comeon-makeup-remover-wipes-22881,"دستمال مرطوب کامان ،آرایش روخوب پاک میکنه و بوی خوبی هم داره .وقیمتش هم مناسبه.
",0,false,2024-02-15T13:47:13+00:00,مثبت,0.79,محصول | قیمت,محصول
دستمال شیر پاکن آرایشی 20عددی,https://www.khanoumi.com/products/comeon-makeup-remover-wipes-22881,"همیشه میخرم و به پوستم که چرب میسازه و باعث سوزش نمیشه. به نظرم اگه یه پاک کننده ارایش خوب میخواید حتما از این بخرید
",0,false,2024-02-13T17:17:35+00:00,مثبت,0.67,محصول,محصول
دستمال شیر پاکن آرایشی 20عددی,https://www.khanoumi.com/products/comeon-makeup-remover-wipes-22881,این خیل برای مسافرت خوبه. به جای میسلار واتر این رو با خودم میبرم و خیلی سریع آرایش رو پاک میکنم و بعدش با شوینده میشورم. توی سفرم آدم باید حواسش به پوستش باشه,0,false,2023-12-18T16:26:47+00:00,مثبت,0.79,محصول,محصول
دستمال شیر پاکن آرایشی 20عددی,https://www.khanoumi.com/products/comeon-makeup-remover-wipes-22881,تبلیغات این محصول رو توی اینترنت دیده بودم و گفتم بخرم. خیلی با کیفیته و خیلی ساده و با یه حرکت آرایشتون رو پاک میکنه و حس چسبندگی و بد به پوستتون نمیده,0,false,2023-12-16T12:46:07+00:00,منفی,0.67,محصول,محصول
دستمال شیر پاکن آرایشی 20عددی,https://www.khanoumi.com/products/comeon-makeup-remover-wipes-22881,ریمیل های صد آب رو هم به خوبی پاک میکنه. واقعا قدرتش خیلی بالاست,0,false,2023-12-16T12:45:49+00:00,مثبت,0.67,سایر,سایر
دستمال شیر پاکن آرایشی 20عددی,https://www.khanoumi.com/products/comeon-makeup-remover-wipes-22881,من با خودم این رو توی کیفم دارم که وقتی وسط روز میخوام آرایشم رو تمدید کنم ازش استفاده کنم. کوچولوعه و خوبیش اینه خیلی سریع کارت رو راه می اندازه و حس سنگینی هم  نداره,0,false,2023-12-13T11:07:35+00:00,مثبت,0.67,سایر,سایر
دستمال شیر پاکن آرایشی 20عددی,https://www.khanoumi.com/products/comeon-makeup-remover-wipes-22881,کیفیت پاک کنندگیش انقدر خوبه که با یه حرکت خیلی سریع آرایش پاک میشه نیاز نیست کلی بکشی روی پوست و پوست رو اذیت کنی. من راضیم,0,false,2023-12-11T10:51:47+00:00,مثبت,0.95,محصول,محصول
دستمال شیر پاکن آرایشی 20عددی,https://www.khanoumi.com/products/comeon-makeup-remover-wipes-22881,من پوست حساسی دارم. خداروشکر به پوست من هم میسازه و راحت میشه باهاش آرایش رو پاک کرد,0,false,2023-11-29T11:29:23+00:00,خنثی,0.35,محصول,محصول
دستمال شیر پاکن آرایشی 20عددی,https://www.khanoumi.com/products/comeon-makeup-remover-wipes-22881,من خیلی دوسش دارم. برای مسافرت خیلی عالیه. این رو با خودم میبرم سریع آرایش رو باهاش پاک میکنم و بعدش صورتم رو میشورم,0,false,2023-11-27T11:39:44+00:00,مثبت,0.79,سایر,سایر
دستمال شیر پاکن آرایشی 20عددی,https://www.khanoumi.com/products/comeon-makeup-remover-wipes-22881,تنها دستمال مرطوبیه که پوستمو نمیسوزونه,0,true,2023-01-09T02:31:03+00:00,خنثی,0.35,محصول,محصول
دستمال شیر پاکن آرایشی 20عددی,https://www.khanoumi.com/products/comeon-makeup-remover-wipes-22881,قدرت پاک کنندگی خوبی داره. من برای توی کیفم گرفتم که همیشه همراهم باشه و مثل میسلار نشت نکنه کیفم رو خراب کنه. بوش یجوریه اما در کل قابل قبوله. خانومی هم که همیشه تخفیفای خیلی خوب در نظر میگیره.,0,false,2022-06-18T08:52:21+00:00,مثبت,0.91,محصول | قیمت,محصول
دستمال شیر پاکن آرایشی 20عددی,https://www.khanoumi.com/products/comeon-makeup-remover-wipes-22881,دستمال مرطوبی با این قدرت پاک کنندگی تاحالا ندیدم.ریمیل رو فوق العاده خوب پاک میکنه,2,true,2020-10-31T09:29:23+00:00,مثبت,0.79,سایر,سایر
دستمال شیر پاکن آرایشی 20عددی,https://www.khanoumi.com/products/comeon-makeup-remover-wipes-22881,خیلی خوبه ولی بوش اصلاا جالب نیست ,4,false,2020-06-13T16:40:33+00:00,مثبت,0.79,محصول | اصل بودن کالا,محصول
دستمال شیر پاکن آرایشی 20عددی,https://www.khanoumi.com/products/comeon-makeup-remover-wipes-22881,قدرتت پاک کنندگیش عالیه ولی بوش خوب نیست ,3,false,2020-05-19T02:59:41+00:00,مثبت,0.67,محصول,محصول
دستمال شیر پاکن آرایشی 20عددی,https://www.khanoumi.com/products/comeon-makeup-remover-wipes-22881,این دستمال مرطوب کامان واقعا خوبه 😍😍,0,false,2020-04-22T16:31:41+00:00,مثبت,0.79,سایر,سایر
دستمال شیر پاکن آرایشی 20عددی,https://www.khanoumi.com/products/comeon-makeup-remover-wipes-22881,این دستمال مرطوب کامان واقعا خوبه من خیلی ازش راضی ام ,0,false,2020-04-19T15:58:49+00:00,مثبت,0.95,سایر,سایر
دستمال شیر پاکن آرایشی 20عددی,https://www.khanoumi.com/products/comeon-makeup-remover-wipes-22881,قدرت پاک کنندگیش خیلی خوبه و پوست رو خشک نمیکنه,2,true,2020-02-26T22:49:03+00:00,مثبت,0.91,محصول,محصول
دستمال شیر پاکن آرایشی 20عددی,https://www.khanoumi.com/products/comeon-makeup-remover-wipes-22881,خیلی بوی بدی داره اصلن دوستش ندارم,0,false,2020-02-05T20:34:02+00:00,ترکیبی,0.66,محصول | اصل بودن کالا,محصول
دستمال شیر پاکن آرایشی 20عددی,https://www.khanoumi.com/products/comeon-makeup-remover-wipes-22881,خیلی عالیه,1,false,2020-01-06T15:45:44+00:00,مثبت,0.79,سایر,سایر
دستمال شیر پاکن آرایشی 20عددی,https://www.khanoumi.com/products/comeon-makeup-remover-wipes-22881,قدرت پاک کنندگی خوبی داره و به پوست آسیب نمیزنه,0,false,2019-12-04T15:25:46+00:00,مثبت,0.67,محصول,محصول
دستمال شیر پاکن آرایشی 20عددی,https://www.khanoumi.com/products/comeon-makeup-remover-wipes-22881,عالیه با یه برگش کل ارایشو میشه پاک کرد و بوی خوبی داره و پوستو نرم میکنه من از داروخونه با همین قیمت خریدم ,2,false,2019-09-17T15:34:12+00:00,مثبت,0.91,محصول | قیمت,محصول
دستمال شیر پاکن آرایشی 20عددی,https://www.khanoumi.com/products/comeon-makeup-remover-wipes-22881,خانومی از سایت های دیگه ارزون تر هم میده من برای خرید قیمت چند تا سایت رو مقایسه کردم  خانومی ارزون تر بود,6,false,2019-08-16T03:11:42.7933333+00:00,خنثی,0.35,قیمت | محصول,قیمت
دستمال شیر پاکن آرایشی 20عددی,https://www.khanoumi.com/products/comeon-makeup-remover-wipes-22881,برای پاک کردن ارایش صورت عالیه ..بوی مطبوعی داره..اما قیمتش در خانومی بالاتر از جاهای دیگه هست,7,true,2019-05-20T11:48:25.87+00:00,مثبت,0.79,محصول | قیمت,محصول
دستمال شیر پاکن آرایشی 20عددی,https://www.khanoumi.com/products/comeon-makeup-remover-wipes-22881,كاملا بوي خيار ميده و خيلي خوب پاك ميكنه حتي آرايش چشم رو و با يه برگش ميشه كل آرايش چشم و صورت رو پاك كرد,6,true,2019-04-18T14:20:38.6266667+00:00,مثبت,0.79,محصول,محصول
دستمال شیر پاکن آرایشی 20عددی,https://www.khanoumi.com/products/comeon-makeup-remover-wipes-22881,خانم مقدم، قیمت گذاری توسط برند انجام میشود و خانومی در این امر دخل و تصرفی ندارد. ,2,false,2019-03-03T17:33:08.9366667+00:00,خنثی,0.35,قیمت,قیمت
دستمال شیر پاکن آرایشی 20عددی,https://www.khanoumi.com/products/comeon-makeup-remover-wipes-22881,اين دستمال مرطوب فرق العادست. بوى خيلى خوبى هم داره. ولى من از بيرون ارزان تر  ميخرم. برام خيلى عجيب بود خانومى قيمتشو بیشتر  اعلام كرده!!,7,false,2019-03-03T13:00:07+00:00,مثبت,0.67,محصول | قیمت,محصول
دستمال مرطوب پاک کننده آرایش چشم,https://www.khanoumi.com/products/comeon-eye-remover-makeup-remover-wipes-22882,خوب هست ولی بسته اش خیلی کوچیکه,0,true,2026-05-16T20:05:22.4865526+03:30,مثبت,0.67,تحویل و ارسال,تحویل و ارسال
دستمال مرطوب پاک کننده آرایش چشم,https://www.khanoumi.com/products/comeon-eye-remover-makeup-remover-wipes-22882,برا چشم عالیه,0,false,2026-04-15T12:10:59.8129842+03:30,مثبت,0.79,سایر,سایر
دستمال مرطوب پاک کننده آرایش چشم,https://www.khanoumi.com/products/comeon-eye-remover-makeup-remover-wipes-22882,خیلی خوبه و مژه راحت تمیز میشه,0,true,2026-01-05T15:32:06.5300712+03:30,مثبت,0.91,سایر,سایر
دستمال مرطوب پاک کننده آرایش چشم,https://www.khanoumi.com/products/comeon-eye-remover-makeup-remover-wipes-22882,بوی عالی من خیلی دوست داشتم,0,true,2025-12-26T19:35:22.591939+03:30,مثبت,0.79,محصول,محصول
دستمال مرطوب پاک کننده آرایش چشم,https://www.khanoumi.com/products/comeon-eye-remover-makeup-remover-wipes-22882,برای استفاده باید چشمهاتونو ببندیدخیلی آروم روی آرایش چشم بکشید طوری که چشم نسوزه و خیسیش به چشم نخوره چندبار تکرار کنید تا پاک بشه.,0,true,2025-11-05T00:53:01.3782532+03:30,خنثی,0.35,سایر,سایر
دستمال مرطوب پاک کننده آرایش چشم,https://www.khanoumi.com/products/comeon-eye-remover-makeup-remover-wipes-22882,خیلی کوچیک بود چسبش هم خوب نبود فشار بهش میومد تو کیفم موادش میزد بیرون,0,true,2025-11-03T17:45:15.8747685+03:30,خنثی,0.4,محصول,محصول
دستمال مرطوب پاک کننده آرایش چشم,https://www.khanoumi.com/products/comeon-eye-remover-makeup-remover-wipes-22882,"عااااالی
فقط کافی یکبار استفاده کنید و خودتون از نزدیک شاهد کیفیت خوبش بشید",0,false,2025-06-17T21:29:19.4025884+00:00,مثبت,0.79,محصول,محصول
دستمال مرطوب پاک کننده آرایش چشم,https://www.khanoumi.com/products/comeon-eye-remover-makeup-remover-wipes-22882,دریک کلمه خیلی خوب بود با عطر خوش ممنون ازخانمی,0,true,2024-12-15T19:30:35.6001853+00:00,مثبت,0.79,محصول,محصول
دستمال مرطوب پاک کننده آرایش چشم,https://www.khanoumi.com/products/comeon-eye-remover-makeup-remover-wipes-22882,بار دوم هست که میخرم و واقعا راضی هستم، کاملا ضد حساسیت هست و به راحتی میشه برای چشم و صورت استفاده کرد,0,false,2024-11-13T20:38:56.483686+00:00,مثبت,0.67,سایر,سایر
دستمال مرطوب پاک کننده آرایش چشم,https://www.khanoumi.com/products/comeon-eye-remover-makeup-remover-wipes-22882,بعد از استفاده چشم من به شدت واکنش نشون داد و دچار خارش شد,0,true,2024-03-11T14:54:03+00:00,خنثی,0.35,سایر,سایر
دستمال مرطوب پاک کننده آرایش چشم,https://www.khanoumi.com/products/comeon-eye-remover-makeup-remover-wipes-22882,عالیه مخصوصا برای چشم های حساس و اونایی که لازک کردن مثه من چشمشون خشکه و اذیت میشن انقد خوبه هربار چنتایی میگیرم نگه میدارم,0,true,2024-01-09T15:54:10+00:00,مثبت,0.95,سایر,سایر
دستمال مرطوب پاک کننده آرایش چشم,https://www.khanoumi.com/products/comeon-eye-remover-makeup-remover-wipes-22882,یکی از بهترین دستمال مرطوب هاست ,0,false,2023-02-05T16:55:23+00:00,مثبت,0.67,سایر,سایر
دستمال مرطوب پاک کننده آرایش چشم,https://www.khanoumi.com/products/comeon-eye-remover-makeup-remover-wipes-22882,چشم و ناحیه اطراف آن حساسیت بالایی دارند بنابراین باید از محصولات مناسب برای آن ها استفاده شود. دستمال مرطوب کامان مخصوص پاک کردن آرایش چشم تولید شده و به همین دلیل شما می توانید با خیالی آسوده از آن استفاده کنید. این محصول ضدحساسیت است و به خوبی آرایش چشم شما را پاک می کند.,0,false,2022-10-31T09:00:00+00:00,مثبت,0.67,محصول,محصول
دستمال مرطوب پاک کننده آرایش چشم,https://www.khanoumi.com/products/comeon-eye-remover-makeup-remover-wipes-22882,خیلی عالیه,1,true,2020-08-12T20:50:22+00:00,مثبت,0.79,سایر,سایر
دستمال مرطوب پاک کننده آرایش چشم,https://www.khanoumi.com/products/comeon-eye-remover-makeup-remover-wipes-22882,"به نظرم برای تماس با اطراف چشم ضخیم و زبر هست.
همینطور بوی زیادی داره که من به شخصه نپسندیدم.",3,false,2020-01-20T05:26:43+00:00,خنثی,0.35,محصول | خدمات و پشتیبانی,محصول
دستمال مرطوب پاک کننده آرایش چشم,https://www.khanoumi.com/products/comeon-eye-remover-makeup-remover-wipes-22882,خيليييييييييي عالييييييي,8,true,2019-10-21T15:05:22+00:00,مثبت,0.67,سایر,سایر
دستمال مرطوب پاک کننده آرایش چشم,https://www.khanoumi.com/products/comeon-eye-remover-makeup-remover-wipes-22882,عالی پاک میکنه بوی خیلی خوبی هم داره,2,true,2019-10-15T19:31:10+00:00,مثبت,0.91,محصول,محصول
دستمال مرطوب پاک کننده آرایش چشم,https://www.khanoumi.com/products/comeon-eye-remover-makeup-remover-wipes-22882,سلام عالی من استفاده کردم راحت خط چشم ضد ایو حل میکنه,4,true,2019-09-28T14:44:18+00:00,مثبت,0.67,سایر,سایر
دستمال مرطوب پاک کننده آرایش چشم,https://www.khanoumi.com/products/comeon-eye-remover-makeup-remover-wipes-22882,بسیار عالیه. مخصوصا برای دور چشم که اصلا خشک و چروک نمی کنه. خیلی از کیفیت عالیش سورپرایز شدم.,2,true,2019-08-20T07:23:01.87+00:00,مثبت,0.95,محصول | اصل بودن کالا,محصول
دستمال مرطوب پاک کننده آرایش چشم,https://www.khanoumi.com/products/comeon-eye-remover-makeup-remover-wipes-22882,عالیه..مخصوصا در سفر ,3,true,2019-05-20T11:47:23.6333333+00:00,مثبت,0.79,سایر,سایر
دستمال مرطوب پاک کننده آرایش چشم,https://www.khanoumi.com/products/comeon-eye-remover-makeup-remover-wipes-22882,ازش راضیم...فقط یه خورده دستمالش ضخیمه,7,true,2019-05-03T14:30:00.5733333+00:00,مثبت,0.79,سایر,سایر
دستمال مرطوب پاک کننده آرایش چشم,https://www.khanoumi.com/products/comeon-eye-remover-makeup-remover-wipes-22882,كاملا بوي توت فرنگي ميده و خوبم پاك ميكنه,2,true,2019-04-18T14:19:14.2466667+00:00,مثبت,0.67,محصول,محصول
دستمال مرطوب پاک کننده آرایش چشم,https://www.khanoumi.com/products/comeon-eye-remover-makeup-remover-wipes-22882,خیلی خوب پاک می کنه.. دستمالش لطیفه خیلی راحت تر از پد میشه رو پلک کشید.. بوی ملایم و خوبی هم داره,1,true,2019-04-06T23:31:49.0733333+00:00,مثبت,0.91,محصول,محصول
دستمال مرطوب پاک کننده آرایش چشم,https://www.khanoumi.com/products/comeon-eye-remover-makeup-remover-wipes-22882,چه زود تموم شد!,3,false,2019-01-21T18:22:56.1533333+00:00,خنثی,0.35,محصول,محصول
کرم مرطوب کننده پوست خشک حجم 250میلی لیتر,https://www.khanoumi.com/products/comeon-moisturizing-cream-for-dry-22883,عالی,0,true,2026-08-31T11:34:56.4788451+03:30,مثبت,0.67,سایر,سایر
کرم مرطوب کننده پوست خشک حجم 250میلی لیتر,https://www.khanoumi.com/products/comeon-moisturizing-cream-for-dry-22883,من خرید داشتم.افتضاح.پوستم رو داغون کرد,0,false,2026-07-28T14:51:48.8853868+03:30,منفی,0.79,محصول,محصول
کرم مرطوب کننده پوست خشک حجم 250میلی لیتر,https://www.khanoumi.com/products/comeon-moisturizing-cream-for-dry-22883,"کرم خوبیه؛ البته من اکثرا نوع پمپی این کرم رو می خرم.
در کل ازش راضیم و مرطوب کنندگی خوبی داره؛ فقط برای پوست خیلیی خشک مناسب نیست.",0,true,2026-06-10T11:33:37.7901166+03:30,مثبت,0.95,محصول,محصول
کرم مرطوب کننده پوست خشک حجم 250میلی لیتر,https://www.khanoumi.com/products/comeon-moisturizing-cream-for-dry-22883,بچهه ها اصلا خوب نیست گول این کامنتارو نخورید منم مثل شما طبق کامنت خریدم وقتی میزنم دو دقیقه بعد انگار هیچ نزدم,0,true,2026-03-09T22:22:01.8482185+03:30,منفی,0.79,اصل بودن کالا,اصل بودن کالا
کرم مرطوب کننده پوست خشک حجم 250میلی لیتر,https://www.khanoumi.com/products/comeon-moisturizing-cream-for-dry-22883,من نخریدم اما مامانم داره و خیلی خوب هست اگه پشت سر هم استفاده کنین دستاتون خیلی مرطوب و خوش بو میشه مامان من همیشه قبل از خواب میزنه خلاصه عالیه,0,false,2026-03-03T23:53:24.8125097+03:30,مثبت,0.95,محصول,محصول
کرم مرطوب کننده پوست خشک حجم 250میلی لیتر,https://www.khanoumi.com/products/comeon-moisturizing-cream-for-dry-22883,عالیههه هم بوش خوبه هم بشدت دستو نرم میکنه حتما بخرید,0,true,2026-02-20T17:35:17.8431721+03:30,مثبت,0.95,محصول,محصول
کرم مرطوب کننده پوست خشک حجم 250میلی لیتر,https://www.khanoumi.com/products/comeon-moisturizing-cream-for-dry-22883,هم بوی خوبی داره هم بافت خوبی داره زود جذب میشه و دست رو چرب نمیکنه.,0,true,2026-01-20T10:09:13.1428726+03:30,مثبت,0.79,محصول,محصول
کرم مرطوب کننده پوست خشک حجم 250میلی لیتر,https://www.khanoumi.com/products/comeon-moisturizing-cream-for-dry-22883,خیلی خوبه پوست من خشک وقتی میزنم به پوستم نرم میکنه من راضی بودم,0,true,2026-01-19T13:04:20.1179238+03:30,مثبت,0.95,محصول,محصول
کرم مرطوب کننده پوست خشک حجم 250میلی لیتر,https://www.khanoumi.com/products/comeon-moisturizing-cream-for-dry-22883,"سبکه و زود جذب میشه سنگین و روغنی نیست
بوش هم خیلی عالیه",0,false,2026-01-10T20:18:30.9855405+03:30,مثبت,0.79,محصول,محصول
کرم مرطوب کننده پوست خشک حجم 250میلی لیتر,https://www.khanoumi.com/products/comeon-moisturizing-cream-for-dry-22883,من درکل محصولات کامان رو خییلی دوست دارم به نظرم مارک خوبی هست این کرم هم بهتون پیشنهاد میکنم,0,true,2025-12-10T10:48:36.3032924+03:30,مثبت,0.91,محصول,محصول
کرم مرطوب کننده پوست خشک حجم 250میلی لیتر,https://www.khanoumi.com/products/comeon-moisturizing-cream-for-dry-22883,نرم کنندگی خوبی داره . پوست دست رو هم اصلا تیره نمیکنه .,0,false,2025-11-24T18:41:47.7042892+03:30,خنثی,0.35,محصول | اصل بودن کالا,محصول
کرم مرطوب کننده پوست خشک حجم 250میلی لیتر,https://www.khanoumi.com/products/comeon-moisturizing-cream-for-dry-22883,کامان همیشه ثابت شده است..هنوزم استفاده دارم ازش,0,false,2025-11-22T22:51:48.1726354+03:30,خنثی,0.35,سایر,سایر
کرم مرطوب کننده پوست خشک حجم 250میلی لیتر,https://www.khanoumi.com/products/comeon-moisturizing-cream-for-dry-22883,"برای پوست من خیلی خوبه زود جذب میشه و کیفیت عالی درکل 
مدوامت داشته باشید اثرشو میبینید",0,true,2025-11-15T21:34:46.7563417+03:30,مثبت,0.95,محصول,محصول
کرم مرطوب کننده پوست خشک حجم 250میلی لیتر,https://www.khanoumi.com/products/comeon-moisturizing-cream-for-dry-22883,عاااالی بود تنها چیزی ک تو بسته خریدم بود و ازش راضیم,0,true,2025-09-27T11:00:59.9462718+03:30,مثبت,0.79,محصول | تحویل و ارسال,محصول
کرم مرطوب کننده پوست خشک حجم 250میلی لیتر,https://www.khanoumi.com/products/comeon-moisturizing-cream-for-dry-22883,چرا تخفیف 50 درصد رو برداشتید من میخواستم بخرم,0,false,2025-09-13T14:42:03.7169963+03:30,خنثی,0.35,قیمت,قیمت
کرم مرطوب کننده پوست خشک حجم 250میلی لیتر,https://www.khanoumi.com/products/comeon-moisturizing-cream-for-dry-22883,خیلی عالیهههه حتما تهیه کنید,0,true,2025-09-11T02:35:40.4628791+03:30,مثبت,0.79,سایر,سایر
کرم مرطوب کننده پوست خشک حجم 250میلی لیتر,https://www.khanoumi.com/products/comeon-moisturizing-cream-for-dry-22883,تنها کرمی ک دستمو واقعا مرطوب نگه میداره این کرمه ، چند ساله فقط این رو استفاده میکنم,0,false,2025-08-02T06:46:50.2435929+00:00,خنثی,0.35,محصول,محصول
کرم مرطوب کننده پوست خشک حجم 250میلی لیتر,https://www.khanoumi.com/products/comeon-moisturizing-cream-for-dry-22883,با سلام و تشکر از فروشگاه خانومی.لطفا کرم های کاسه ای کامان رو توی آف 50٪ هم بزارید تا بتونیم سفارش بدیم.من چندین ساله از این کرم استفاده میکنم واقعا عالیه.کلا محصولات کامان عالیه.,0,false,2025-04-26T15:49:51.8915316+00:00,ترکیبی,0.92,محصول,محصول
کرم مرطوب کننده پوست خشک حجم 250میلی لیتر,https://www.khanoumi.com/products/comeon-moisturizing-cream-for-dry-22883,سلام تو فیلم تبلیغاتش میگه فاقد پارابن ولی روی بسته بندی درج نشده,0,false,2025-04-07T10:28:24.3942049+00:00,خنثی,0.35,تحویل و ارسال,تحویل و ارسال
کرم مرطوب کننده پوست خشک حجم 250میلی لیتر,https://www.khanoumi.com/products/comeon-moisturizing-cream-for-dry-22883,تا الان چند مدل کرم خریده بودم ولی این از همشون بهتر بود پوستمو خیلی نرم کرد فقط بوی جالبی نداره,0,true,2025-02-16T12:59:34.3190278+00:00,خنثی,0.35,محصول,محصول
کرم مرطوب کننده پوست خشک حجم 250میلی لیتر,https://www.khanoumi.com/products/comeon-moisturizing-cream-for-dry-22883,نسبت به قبل انگار غلظتش کم شده,0,false,2025-01-09T20:05:10.5128996+00:00,خنثی,0.35,سایر,سایر
کرم مرطوب کننده پوست خشک حجم 250میلی لیتر,https://www.khanoumi.com/products/comeon-moisturizing-cream-for-dry-22883,نظر قبلیم سوتفاهم شد نمیدونم که نظرم ثبت شد یانه کرم که عالیه راننده هم خیلی خوش اخلاق عالی کلا,0,true,2025-01-02T08:19:14.9156788+00:00,مثبت,0.91,محصول,محصول
کرم مرطوب کننده پوست خشک حجم 250میلی لیتر,https://www.khanoumi.com/products/comeon-moisturizing-cream-for-dry-22883,"یــه کــرم دســت غـــلیظ و عالـــی
مــن فقــط بــرا دســـت اســـتفاده کـــردم عالـــیه مــرطوبیتــش
بوی ملایـــم و دلنشــینی داره",0,true,2024-12-04T11:46:14.3733855+00:00,خنثی,0.35,محصول,محصول
کرم مرطوب کننده پوست خشک حجم 250میلی لیتر,https://www.khanoumi.com/products/comeon-moisturizing-cream-for-dry-22883,پوست من خیلی خشکه هم بوی خوبی داره و هم مرطوب کننده خیلی خیلی عالی می‌باشد اصلاً حرف نداره حتماً بخرید,0,false,2024-11-29T12:00:36.4900204+00:00,مثبت,0.67,محصول | اصل بودن کالا,محصول
کرم مرطوب کننده پوست خشک حجم 250میلی لیتر,https://www.khanoumi.com/products/comeon-moisturizing-cream-for-dry-22883,خیلی خوب بود,0,true,2024-11-03T18:52:29.5080509+00:00,مثبت,0.91,محصول,محصول
کرم مرطوب کننده پوست خشک حجم 250میلی لیتر,https://www.khanoumi.com/products/comeon-moisturizing-cream-for-dry-22883,لطفا موجود کنید,0,false,2024-10-25T05:53:41.610826+00:00,خنثی,0.35,محصول,محصول
کرم مرطوب کننده پوست خشک حجم 250میلی لیتر,https://www.khanoumi.com/products/comeon-moisturizing-cream-for-dry-22883,سلام من پوستم چربه. میتونم استفاده کنم؟,0,false,2024-08-21T20:41:50+00:00,خنثی,0.35,محصول,محصول
کرم مرطوب کننده پوست خشک حجم 250میلی لیتر,https://www.khanoumi.com/products/comeon-moisturizing-cream-for-dry-22883,لطفا زودتر موجودش کنین,0,true,2024-05-03T19:12:18+00:00,خنثی,0.35,محصول,محصول
کرم مرطوب کننده پوست خشک حجم 250میلی لیتر,https://www.khanoumi.com/products/comeon-moisturizing-cream-for-dry-22883,واقعا چرا موجود نمیکنین؟؟؟,0,false,2024-03-10T10:33:48+00:00,خنثی,0.35,محصول,محصول
کرم مرطوب کننده پوست خشک حجم 250میلی لیتر,https://www.khanoumi.com/products/comeon-moisturizing-cream-for-dry-22883,اخرین باری که رفتم فشال برای پوست خشکم ازش پرسیدم که چیکار میتونم بکنم که این کیفیت پوستم بمونه و رطوبت پوستم از دست نره. اونم محصولات کامان رو بهم معرفی کرد و من الان یه هفته ای هست ازشون استفاده میکنم و واقعا راضیم,0,false,2024-01-19T22:58:40+00:00,مثبت,0.79,محصول | تحویل و ارسال,محصول
کرم مرطوب کننده پوست خشک حجم 250میلی لیتر,https://www.khanoumi.com/products/comeon-moisturizing-cream-for-dry-22883,به جای مرطوب کننده های چرب و اذیت کننده یک با از این محصول استفاده کنین تا خودتون ببینید که چقدر خوبه. پوستتون رو مثل بچه نرم میکنه. امتحانش کنین,0,false,2024-01-19T22:58:22+00:00,مثبت,0.79,محصول,محصول
کرم مرطوب کننده پوست خشک حجم 250میلی لیتر,https://www.khanoumi.com/products/comeon-moisturizing-cream-for-dry-22883,من به خاطره کارم مجبورم مدام دستم رو بشورم و این باعث میشه پوست دستم خشک خشک بشه. ولی این مرطوب کننده واقعا لطافت رو به پوستم بر میگردونه و خیلی زود هم جذب میشه,0,false,2024-01-19T22:58:02+00:00,خنثی,0.35,محصول,محصول
کرم مرطوب کننده پوست خشک حجم 250میلی لیتر,https://www.khanoumi.com/products/comeon-moisturizing-cream-for-dry-22883,من خیلی پوست خشکی دارم. پوست دستم مثل کویر خشک بود. ولی بعد از یانکه از این محصول استفاده میکنم مثل یک بچه پوستم نرم و لطیف میشه و خیلی حس خوبی داره,0,false,2024-01-18T22:28:28+00:00,مثبت,0.67,محصول,محصول
کرم مرطوب کننده پوست خشک حجم 250میلی لیتر,https://www.khanoumi.com/products/comeon-moisturizing-cream-for-dry-22883,"این محصول رو اولین بار دکتر داروخونه بهم معرفی کرد. الان اومدم برای سومین بار این محصول رو بخرم. برای پوست خشک من، بهترین و به صرفه ترین گزینه است

",0,false,2024-01-18T17:27:51+00:00,مثبت,0.67,محصول,محصول
کرم مرطوب کننده پوست خشک حجم 250میلی لیتر,https://www.khanoumi.com/products/comeon-moisturizing-cream-for-dry-22883,بافتش خیلی خوبه. زود جذب میشه و پوست پوسته پوسته شده دست من رو خیلی زود به یه پوست لطیف و نرم تبدیل میکنه,0,false,2024-01-18T12:48:00+00:00,مثبت,0.79,محصول,محصول
کرم مرطوب کننده پوست خشک حجم 250میلی لیتر,https://www.khanoumi.com/products/comeon-moisturizing-cream-for-dry-22883,حجم این محصول خیلی خوبه. من برای پوست صورت و بدنم ازش استفاده میکنم و خیلی میمونه. الان دوسالی هست معتادشم و نمیتونم مرطوب کننده دیگه ای را تحمل کنم,0,false,2024-01-18T10:51:29+00:00,مثبت,0.79,محصول,محصول
کرم مرطوب کننده پوست خشک حجم 250میلی لیتر,https://www.khanoumi.com/products/comeon-moisturizing-cream-for-dry-22883,من این محصول رو خردیم تا هم خودم هم مادرم استفاده کنیم. تا الان که دوماهه داریم استفاده میکنیم هر دو روزی هستیم. واقعا نرم لطیف میکنه پوست رو,0,false,2023-12-18T17:16:00+00:00,خنثی,0.35,محصول,محصول
کرم مرطوب کننده پوست خشک حجم 250میلی لیتر,https://www.khanoumi.com/products/comeon-moisturizing-cream-for-dry-22883,این کرم برخلاف باقی کرم های پوست خشک اصلا چرب نیست. زود جذب میشه و خیلی زودهم نتیجه اش رو میبینید. فقط کافیه وارد روتین پوستیتون کنیدش تا خودتون نتیجه رو ببینید,0,false,2023-12-18T16:16:52+00:00,منفی,0.67,محصول | اصل بودن کالا,اصل بودن کالا
کرم مرطوب کننده پوست خشک حجم 250میلی لیتر,https://www.khanoumi.com/products/comeon-moisturizing-cream-for-dry-22883,این محصول رو هم برای صورتم استفاده میکنم هم برای دستم هم برای پاهام. باید بگم مخصوصا توی یان هوای سرد ناجی پوست خشک من شده و عاشقش شدم,0,false,2023-12-18T16:16:42+00:00,خنثی,0.35,محصول,محصول
کرم مرطوب کننده پوست خشک حجم 250میلی لیتر,https://www.khanoumi.com/products/comeon-moisturizing-cream-for-dry-22883,پوست من خیلی خشک بود و پوسته پوسته میشد. واقعا داشت اذیتم میکرد. دکترم این محصول رو بهم معرفی کرد و واقعا نتیجه شگفت زدم کرد. اونم توی یه هفته واقعا پوستم نرم و لطیف شده,0,false,2023-12-18T16:16:22+00:00,خنثی,0.35,محصول,محصول
کرم مرطوب کننده پوست خشک حجم 250میلی لیتر,https://www.khanoumi.com/products/comeon-moisturizing-cream-for-dry-22883,حجم این محصول خیلی خوبه. بوی خیلی خوبی هم داره. به نظرم اگه پوست چربی دارین حتما امتحانش کنین,0,false,2023-12-16T12:38:01+00:00,مثبت,0.95,محصول,محصول
کرم مرطوب کننده پوست خشک حجم 250میلی لیتر,https://www.khanoumi.com/products/comeon-moisturizing-cream-for-dry-22883,پوست من خیلی خیلی خشکه. برای من که عالی بوده. سریع جذب میشه و حس کشیدگی رو میگیره. زیر ارایش نمی ماسه و اذیت نمیکنه. چرب نیست و واقعا دوست داشتنیه,0,false,2023-12-13T10:55:45+00:00,مثبت,0.79,محصول,محصول
کرم مرطوب کننده پوست خشک حجم 250میلی لیتر,https://www.khanoumi.com/products/comeon-moisturizing-cream-for-dry-22883,من مربی باشگاه هستم و اینجا دستم خشک میشه و باید از مرطوب کننده استفاده کنم ولی معمولا مرطوب کننده ها انقدر دستم رو چرب میکردن و دیر جذب میدشن که بیخیال خشکی دستم میشد. تا اینکه یکی از دکترهایی که باهاشون کار میکردم این مرطوب کننده رو بهم معرفی کرد و واقعا از اون به بعد عاشقش شدم,0,false,2023-12-13T10:55:26+00:00,خنثی,0.35,محصول,محصول
کرم مرطوب کننده پوست خشک حجم 250میلی لیتر,https://www.khanoumi.com/products/comeon-moisturizing-cream-for-dry-22883,این کرم رو اگه پوستتون خشکه بی شک بخرید. خیلی زود تفاوت رو احساس میکنی اگه این محصول رو وارد روتین پوستیتون وارد کنین,0,false,2023-12-11T11:14:04+00:00,خنثی,0.35,محصول,محصول
کرم مرطوب کننده پوست خشک حجم 250میلی لیتر,https://www.khanoumi.com/products/comeon-moisturizing-cream-for-dry-22883,من توی ارایشگاه کار میکردم و مدام باید دستم رو بشورم و تمیز باشم. همیشه اذیت میشدم و پوست دستم خشک میشد. این کرم رو یکی از همکارام بهم معرفی کرد و واقعا دوستش دارم. خیلی باکیفیته,0,false,2023-12-11T11:13:47+00:00,خنثی,0.35,محصول,محصول
کرم مرطوب کننده پوست خشک حجم 250میلی لیتر,https://www.khanoumi.com/products/comeon-moisturizing-cream-for-dry-22883,این مرطوب کننده رو یکی از همکارام خریده بود و من ازش استفاده کردم برای پوست دستم و عاشقش شدم. خیلی زود جذبه. چرب نمیکنه و اذیت نمیکنه و بلافاصله بعدش میشه کار کرد,0,false,2023-11-29T11:49:06+00:00,مثبت,0.67,محصول | اصل بودن کالا,محصول
کرم مرطوب کننده پوست خشک حجم 250میلی لیتر,https://www.khanoumi.com/products/comeon-moisturizing-cream-for-dry-22883,این کرم برای افرادی که پوست خیلی خشکی دارن عالیه. اگه مثل من در طول روز پوستتون خشک میشه. این کرم رو برای خودتون بخرید و حالش رو خوب کنین,0,false,2023-11-27T11:29:43+00:00,مثبت,0.91,محصول,محصول
کرم مرطوب کننده پوست خشک حجم 250میلی لیتر,https://www.khanoumi.com/products/comeon-moisturizing-cream-for-dry-22883,خیلییی خوش بوعه و نرم کنندگی بالایی داره,2,false,2023-04-14T22:38:40+00:00,خنثی,0.35,محصول,محصول
کرم مرطوب کننده پوست خشک حجم 250میلی لیتر,https://www.khanoumi.com/products/comeon-moisturizing-cream-for-dry-22883,اول بگم که پوست دست من خیلی خشکه. و در طول روز معمولا 5 بار از کرم استفاده میکنم. ولی این کرم به دلیل خاصیت آبرسانی بالایی که داره پوستم رو خیلی نرم و لطیف می کنه و باعث مرطوب شوندگی عمیق در پوست دستم میشه. در کل خیلی راضی بودم. تنها ایرادی که میشه گرفت: بوی زیادی از حد اونه.,1,false,2023-04-03T16:53:45+00:00,مثبت,0.67,محصول,محصول
کرم مرطوب کننده پوست خشک حجم 250میلی لیتر,https://www.khanoumi.com/products/comeon-moisturizing-cream-for-dry-22883,این کرم جزو کرم های مورد علاقه منه و بوی خوبی داره 😍,7,false,2023-01-10T15:20:22+00:00,مثبت,0.67,محصول,محصول
کرم مرطوب کننده پوست خشک حجم 250میلی لیتر,https://www.khanoumi.com/products/comeon-moisturizing-cream-for-dry-22883,من قبلا از داروخانه گرفته بودم و کاملا راضی بودم الانم از خانومی سفارش دادم عالیه,5,true,2022-01-24T11:09:18+00:00,مثبت,0.91,محصول,محصول
کرم مرطوب کننده پوست خشک حجم 250میلی لیتر,https://www.khanoumi.com/products/comeon-moisturizing-cream-for-dry-22883,پوست دست من خیلی خشکه و در طول روز خیلی از این مرطوب کننده استفاده می کنم. فوق العاده کرم خوبیه و به سرعت جذب پوست میشه و چربی اضافه بر روی دست باقی نمیزاره. بوی نسبتا خوبی هم داره. ,6,false,2022-01-08T15:01:56+00:00,مثبت,0.91,محصول,محصول
کرم مرطوب کننده پوست خشک حجم 250میلی لیتر,https://www.khanoumi.com/products/comeon-moisturizing-cream-for-dry-22883,مرطوب کننده عالیتون، هفته ای یه بار هم استفاده کنم کافی,2,true,2021-01-03T19:45:21+00:00,مثبت,0.67,سایر,سایر
کرم مرطوب کننده پوست خشک حجم 250میلی لیتر,https://www.khanoumi.com/products/comeon-moisturizing-cream-for-dry-22883,من پوستم خیلی خشکه و وااااقعا از این محصول راضی هستم.فقط بوش رو دوست ندارم. ولی ارزششو داره چون واسه پوست من خیلی خیلی مفید بود.,4,true,2020-11-03T21:31:05+00:00,مثبت,0.67,محصول,محصول
کرم مرطوب کننده پوست خشک حجم 250میلی لیتر,https://www.khanoumi.com/products/comeon-moisturizing-cream-for-dry-22883,من از جای دیگه ای این محصول رو خریدم.تازه دارم استفاده میکنم فکر کنم واسه خشکی پوست مفید باشه.ولی بوی بدی داره متاسفانه,6,true,2020-10-30T10:35:21+00:00,منفی,0.79,محصول,محصول
کرم مرطوب کننده پوست خشک حجم 250میلی لیتر,https://www.khanoumi.com/products/comeon-moisturizing-cream-for-dry-22883,حجم خوبی داره و من هم برای صورتم استفاده میکنم هم برای دست.برای دستم خیلی خوبه چون پوست خیلی خشکی دارم ماندگاری شم خوبه من روزی چندبار میطنم.ولی برای صورتم یکم چربه(با اینکه پوستم خشکه)ولی اگه کم استفاده کنین سنگین نمیشه.,2,true,2020-08-31T20:34:55+00:00,مثبت,0.95,محصول,محصول
کرم مرطوب کننده پوست خشک حجم 250میلی لیتر,https://www.khanoumi.com/products/comeon-moisturizing-cream-for-dry-22883,"به نظر من خیلی عالی بود 
پیشنهاد میشه بخرید ",1,false,2020-08-25T13:54:54+00:00,مثبت,0.91,محصول,محصول
کرم مرطوب کننده پوست خشک حجم 250میلی لیتر,https://www.khanoumi.com/products/comeon-moisturizing-cream-for-dry-22883,پوسن دستم خیلی خشکه ،برای دستم استفاده کردم و واقعا راضی بودم:),2,true,2020-05-07T13:58:47+00:00,مثبت,0.67,محصول,محصول
کرم مرطوب کننده پوست خشک حجم 250میلی لیتر,https://www.khanoumi.com/products/comeon-moisturizing-cream-for-dry-22883,استفاده کردم فقط همون لحظه مرطوب میکنه ولی سریع از بین میره راضی نبودم,2,false,2020-04-29T15:43:35+00:00,منفی,0.67,محصول,محصول
کرم مرطوب کننده پوست خشک حجم 250میلی لیتر,https://www.khanoumi.com/products/comeon-moisturizing-cream-for-dry-22883,الان به مدت ۱ ماه که از این محصول استفاده میکنم. واقعا مرطوب کننده خوبی هستش.مدل پوست من خشک هستش اما الان واقعا خشکی رو احساس نمیکنم.  تاثیر محصولات پوستی واقعا روی هر ادم متفاوت هستش.من روزی دو بار و بعد از استفاده از ابرسان از این محصول استفاده میکنم.,1,true,2020-04-27T22:19:35+00:00,مثبت,0.67,محصول,محصول
کرم مرطوب کننده پوست خشک حجم 250میلی لیتر,https://www.khanoumi.com/products/comeon-moisturizing-cream-for-dry-22883,من پوست دستم خیلی خشک میشد ازین محصول برای دستام استفاده میکنم.کیفیت فوق العاده ای داره ، حجم خیلی خوبی داره، بوی خیلی خوبیم داره دستامو نرم و لطیف و خوشبو میکنه عاشقشم به شدت پیشنهاد میشه😍,3,true,2020-01-09T16:33:28+00:00,مثبت,0.95,محصول,محصول
کرم مرطوب کننده پوست خشک حجم 250میلی لیتر,https://www.khanoumi.com/products/comeon-moisturizing-cream-for-dry-22883,من پاکسازی پوست انجام داده بودم و پوستم به شدت خشک شده بود، تو ابروهام، دور لبام، بینی و گونه هام همه خشکی میزد؛ چند روز که از این کرم استفاده کردم دوباره پوستم به حالت اول برگشت... من خیلی ازش راضی ام، عالیه.,5,false,2019-11-30T04:35:04.6766667+00:00,مثبت,0.95,محصول | خدمات و پشتیبانی,محصول
کرم مرطوب کننده پوست خشک حجم 250میلی لیتر,https://www.khanoumi.com/products/comeon-moisturizing-cream-for-dry-22883,خوب بود برای مصرف روزانه بنظرم مناسب باشه مهم تر از همه بوی فوق العادشه ک انگاری ادکلن زدی.,2,false,2019-11-26T12:25:42+00:00,مثبت,0.79,محصول,محصول
کرم مرطوب کننده پوست خشک حجم 250میلی لیتر,https://www.khanoumi.com/products/comeon-moisturizing-cream-for-dry-22883,خانوما محصول خیلی خوبیه و کاملا سبکه و زودهم جذب میشه و پوستو واقعا نرم و رطوبت رسانی میکنه😍,2,false,2019-10-24T14:41:39+00:00,مثبت,0.79,محصول,محصول
کرم مرطوب کننده پوست خشک حجم 250میلی لیتر,https://www.khanoumi.com/products/comeon-moisturizing-cream-for-dry-22883,من اینو خریدم واسه فصل پاییزم خیلی راضیم,1,true,2019-10-15T19:26:36+00:00,مثبت,0.79,سایر,سایر
کرم مرطوب کننده پوست خشک حجم 250میلی لیتر,https://www.khanoumi.com/products/comeon-moisturizing-cream-for-dry-22883,هزینه پرداخت شده اماوقتی اون قسمت نوشته که کدرهگیری پایینشم نوشته لینک وبسایت من اصلاکدرهگیری ندارم روی وبسایتم میزنم میگه کدرهگیری روبزن,3,true,2019-02-15T01:52:00.9366667+00:00,مثبت,0.67,اصل بودن کالا | قیمت,اصل بودن کالا
کرم مرطوب کننده پوست خشک حجم 250میلی لیتر,https://www.khanoumi.com/products/comeon-moisturizing-cream-for-dry-22883,چطوری بایدکدرهگیری بگیرم من فقط ازشماره پیگیری اسکرین شات گرفتم ,2,true,2019-02-14T20:50:42.6233333+00:00,خنثی,0.35,خدمات و پشتیبانی,خدمات و پشتیبانی
کرم مرطوب کننده پوست خشک حجم 250میلی لیتر,https://www.khanoumi.com/products/comeon-moisturizing-cream-for-dry-22883,خانم عشقی عزیز؛ لطفا از بخش خرید های من با استفاده از کد رهگیری سفارش خود را از سایت پست پیگیری بفرمایید لینک مربوط به پیگیری در این بخش وجود دارد. ,4,false,2019-02-13T16:59:52.8866667+00:00,خنثی,0.35,خدمات و پشتیبانی | محصول | تحویل و ارسال,خدمات و پشتیبانی
کرم مرطوب کننده پوست خشک حجم 250میلی لیتر,https://www.khanoumi.com/products/comeon-moisturizing-cream-for-dry-22883,چطورمیتونم ازشماره پیگیری استفاده کنم که سفارشم ارسال شده یانه,0,true,2019-02-13T15:36:37.9566667+00:00,خنثی,0.35,تحویل و ارسال | خدمات و پشتیبانی,تحویل و ارسال
کرم مرطوب کننده پوست معمولی حجم 250 میلی لیتر,https://www.khanoumi.com/products/comeon--moisturizing-cream-for-normal-22884,بهترین مرطوب کننده اصلا سنگین نیست خیلی خوب مرطوب میشه پوست حدودا 2 ساله دارم میخرم پوستم خشکه تقریبا و عالیه,0,true,2025-11-24T00:20:17.0859044+03:30,خنثی,0.35,محصول | اصل بودن کالا,محصول
کرم مرطوب کننده پوست معمولی حجم 250 میلی لیتر,https://www.khanoumi.com/products/comeon--moisturizing-cream-for-normal-22884,راضی نیستم اصلا پوستم باهاش جوش زیر پوستی زده,0,true,2025-06-02T09:09:25.0207988+00:00,منفی,0.79,محصول | اصل بودن کالا,اصل بودن کالا
کرم مرطوب کننده پوست معمولی حجم 250 میلی لیتر,https://www.khanoumi.com/products/comeon--moisturizing-cream-for-normal-22884,من شبانه برای دستم استفاده میکنم واقعا ازش رضایت دارم سبکه و اصلا چربی ماندگار ندارد و سریع جذب میشه,0,true,2024-04-05T11:19:21+00:00,مثبت,0.67,اصل بودن کالا,اصل بودن کالا
کرم مرطوب کننده پوست معمولی حجم 250 میلی لیتر,https://www.khanoumi.com/products/comeon--moisturizing-cream-for-normal-22884,پوستم خیلی کم آب بود و حالش خوب نبود. رفتم فیشال و متخصصی که اونجا بود بهم این محصول رو معرفی کرد که بعد فیشال ازش استفاده کنم و الحق که محصول خوبیه و پوستم رو آبرسانی و نرم و لطیف میکنه,0,false,2024-01-18T10:48:42+00:00,مثبت,0.67,محصول,محصول
کرم مرطوب کننده پوست معمولی حجم 250 میلی لیتر,https://www.khanoumi.com/products/comeon--moisturizing-cream-for-normal-22884,تبلیغات این محصول رو روی بیلبودها دیدم. از دکترم درباره محصولاتش پرسیدم و اونم گفت با توجه به نیاز پوستم از این محصول استفاده کنم که خودم تاثیرش رو ببینم. اون که خیلی این محصول رو دوست داشت.,0,false,2023-12-18T17:12:51+00:00,خنثی,0.35,محصول | تحویل و ارسال,محصول
کرم مرطوب کننده پوست معمولی حجم 250 میلی لیتر,https://www.khanoumi.com/products/comeon--moisturizing-cream-for-normal-22884,یه آبرسان و مرطوب کننده سبک و زود جذب. الان شش ماهی هست دارم ازش استفاده میکنم. به دکترم گفتم و اونم تایید کرد این محصول رو. انقدر محصول خوبیه هرجا میرم به دوستام معرفی میکنم,0,false,2023-12-18T15:46:14+00:00,مثبت,0.67,محصول,محصول
کرم مرطوب کننده پوست معمولی حجم 250 میلی لیتر,https://www.khanoumi.com/products/comeon--moisturizing-cream-for-normal-22884,من الان دو هفته است دارم از این محصول استفاده میکنم. پوستم خیلی کدر شده بود و کم آب. دکتر پوست این محصول رو بهم معرفی کرد و باید بگم تا اینجا که عالی بوده,0,false,2023-12-16T12:29:14+00:00,مثبت,0.79,محصول,محصول
کرم مرطوب کننده پوست معمولی حجم 250 میلی لیتر,https://www.khanoumi.com/products/comeon--moisturizing-cream-for-normal-22884,یک سال پیش این مرطوب کننده رو دکتر به عنوان یک عضو جدا ناپذیر از روتینم بهم معرفی کرد و واقعا ازش ممنونم. این محول برای پوست من که عالی بود,0,false,2023-12-13T10:45:13+00:00,مثبت,0.91,محصول,محصول
کرم مرطوب کننده پوست معمولی حجم 250 میلی لیتر,https://www.khanoumi.com/products/comeon--moisturizing-cream-for-normal-22884,من پوست نرمالی دارم. عاشق این محصول شدم. به خوبی آبرسانی میکننه پوستم رو به خوبی رطوب پوستم رو حفظ میکنه و زود جذب میشه و روی پوس باقی نمیمونه,0,false,2023-12-11T11:02:48+00:00,مثبت,0.79,محصول,محصول
کرم مرطوب کننده پوست معمولی حجم 250 میلی لیتر,https://www.khanoumi.com/products/comeon--moisturizing-cream-for-normal-22884,اصلا حس چربی روی پوست نمیذاره. یک بافت زودجذب و سبک که واقعا جذابه,0,false,2023-11-29T11:41:16+00:00,مثبت,0.67,محصول | اصل بودن کالا,محصول
کرم مرطوب کننده پوست معمولی حجم 250 میلی لیتر,https://www.khanoumi.com/products/comeon--moisturizing-cream-for-normal-22884,این مرطوب کننده برای منی که پوست نرمالی دارم عالی بود. نه باهاش جوش زدم نه حس سنگینی و بدی داشت. بافتش رو خیلی دوست دارم و الان یک سالی هست که وارد روتین پوستی من شده,0,false,2023-11-27T15:11:22+00:00,ترکیبی,0.74,محصول,محصول
کرم مرطوب کننده پوست معمولی حجم 250 میلی لیتر,https://www.khanoumi.com/products/comeon--moisturizing-cream-for-normal-22884,بوش رو خیلی دوست دارم. بافت سبکی داره. زود جذب میشه و حسابی پوست رو آبرسانی میکنه. توی یه مدت خیلی کوتاه هم تاثیرش رو میبینید,0,false,2023-11-27T11:12:12+00:00,خنثی,0.35,محصول,محصول
کرم مرطوب کننده پوست معمولی حجم 250 میلی لیتر,https://www.khanoumi.com/products/comeon--moisturizing-cream-for-normal-22884,برای مادرم خریدم و خیلی ازش راضیه,0,false,2023-07-22T16:56:28+00:00,مثبت,0.67,سایر,سایر
کرم مرطوب کننده پوست معمولی حجم 250 میلی لیتر,https://www.khanoumi.com/products/comeon--moisturizing-cream-for-normal-22884,تقریبا می تونم بگم از بیشتر محصولات کامان استفاده کردم. اما بافت این کرم از همه کرم ها سبک تر و جذب عمیق تری داشت. خیلی رایحه خوبی داشت و از همه مهم تر که پوست حساس من رو دچار التهاب نکرد. اگر پوست حساسی دارید این کرم خیلی خوبه و پوست شما رو تحریک نمی کنه. با توجه به حجمی هم که داره، قیمت اون بسیار مناسبه.,0,false,2023-04-03T16:51:55+00:00,مثبت,0.95,محصول | قیمت,محصول
کرم مرطوب کننده پوست معمولی حجم 250 میلی لیتر,https://www.khanoumi.com/products/comeon--moisturizing-cream-for-normal-22884,بوی فوق العاده خوبی داره. آبرسانیش خیلی عالیه و اصلا چربی اضافی روی دست باقی نمیزاره. زود به زود اگر تمدید کنید اصلا دستتون خشک و کم آب نمیشه. قیمت اش هم نسبت به حجمش خیلی خوبه.,1,false,2022-12-20T16:24:58+00:00,مثبت,0.95,محصول | اصل بودن کالا | قیمت,محصول
کرم مرطوب کننده پوست معمولی حجم 250 میلی لیتر,https://www.khanoumi.com/products/comeon--moisturizing-cream-for-normal-22884,این کرم مرطوب کننده با چربی کم و مرطوب کنندگی بالا از دسته محصولاتیه که من افراد زیادی رو دیدم که ازش استفاده می کنن و خیلی هم راضی هستن. محصولات کامان همیشه عملکرد خوبی داشتن و کمتر پیش میاد کسی رو بشناسم که از این محصولات استفاده نکرده باشه یا ناراضی باشه.,1,false,2022-04-10T08:58:05+00:00,ترکیبی,0.87,محصول,محصول
کرم مرطوب کننده پوست معمولی حجم 250 میلی لیتر,https://www.khanoumi.com/products/comeon--moisturizing-cream-for-normal-22884,برخورد مستقیم پوست با مواد شیمیایی و ضدعفونی کننده در دنیای امروز خصوصا در چند سالی که دنیا درگیر کرونا شده باعث شده تا خشکی در پوست بسیار بیشتر احساس شود. همین مسئله باعث شده تا نیاز به استفاده از کرم های مرطوب کننده و آبرسان بیشتر از پیش باشد. این محصول نسبت به حجم قسمت مناسبی داره و خیلی از افراد ازش استفاده میکنن و راضی هستن. این کرم یه آبرسان قویه که میتونه به خوبی نیاز شما را برطرف کنه.,1,false,2022-02-16T08:59:37+00:00,مثبت,0.79,محصول,محصول
کرم مرطوب کننده پوست معمولی حجم 250 میلی لیتر,https://www.khanoumi.com/products/comeon--moisturizing-cream-for-normal-22884,خیلی عالیه ,5,true,2020-11-14T11:30:42+00:00,مثبت,0.79,سایر,سایر
کرم مرطوب کننده پوست معمولی حجم 250 میلی لیتر,https://www.khanoumi.com/products/comeon--moisturizing-cream-for-normal-22884,من دارم راضی ام کاملا .  خوشبختانه خیلی چرب نیست  .  تصمیم دارم تیوپی ام بخرم برای داخل کیفم .  ,3,false,2020-06-30T11:32:22+00:00,مثبت,0.79,سایر,سایر
کرم مرطوب کننده پوست معمولی حجم 250 میلی لیتر,https://www.khanoumi.com/products/comeon--moisturizing-cream-for-normal-22884,من هم آبرسان و هم خود کرمو دارم واقعا راضیم,6,true,2020-05-03T12:28:29+00:00,مثبت,0.79,محصول,محصول
کرم مرطوب کننده پوست معمولی حجم 250 میلی لیتر,https://www.khanoumi.com/products/comeon--moisturizing-cream-for-normal-22884,عالیییییههههههههه خیلی خوبه من از محصولات دیگشم استفاده می کنم خیلی خوبن,2,false,2020-04-06T15:53:57+00:00,مثبت,0.95,محصول,محصول
کرم مرطوب کننده پوست معمولی حجم 250 میلی لیتر,https://www.khanoumi.com/products/comeon--moisturizing-cream-for-normal-22884,سلام . من الان چند ماهی هست که استفاده می کنم خیلی خوش بو و خوب هست و من بقیه محصولات کامان رو خم دارم و خیلی راضیم,1,true,2020-02-29T00:03:11+00:00,مثبت,0.91,محصول,محصول
کرم مرطوب کننده پوست معمولی حجم 250 میلی لیتر,https://www.khanoumi.com/products/comeon--moisturizing-cream-for-normal-22884,عالی عالییییی محصولات کامان فوق العاده هستن تموم شد صد در صد میخرم ,2,true,2020-02-25T15:56:54+00:00,مثبت,0.91,محصول,محصول
کرم مرطوب کننده پوست معمولی حجم 250 میلی لیتر,https://www.khanoumi.com/products/comeon--moisturizing-cream-for-normal-22884,به نسبت تبلیغات زیاد به نظر من اونقدر خوب نیست و زیاد دستو مرطوب نمیکنه,1,false,2019-12-04T15:25:19+00:00,منفی,0.67,سایر,سایر
کرم مرطوب کننده پوست معمولی حجم 250 میلی لیتر,https://www.khanoumi.com/products/comeon--moisturizing-cream-for-normal-22884,واای این کرم عالیهه من که خیلی راضیم ,1,false,2019-11-25T01:01:19+00:00,مثبت,0.95,محصول,محصول
کرم مرطوب کننده اویل فری 250 میلی لیتر,https://www.khanoumi.com/products/comeon-moisturizing-cream-oil-free-22885,"این محصول به شدت بافت سبک داره و زود جذب میشه 
و بعد از استفاده حس خنکی روی پوست دارم 
بوی ماندگار و خوبی داره من چندین بار خریدم و خیلی راضی ام",0,true,2026-04-22T15:13:51.5667783+03:30,مثبت,0.91,محصول,محصول
کرم مرطوب کننده اویل فری 250 میلی لیتر,https://www.khanoumi.com/products/comeon-moisturizing-cream-oil-free-22885,من خیلی راضیم,0,true,2026-01-19T16:40:48.5029437+03:30,مثبت,0.79,سایر,سایر
کرم مرطوب کننده اویل فری 250 میلی لیتر,https://www.khanoumi.com/products/comeon-moisturizing-cream-oil-free-22885,خیلی خوبه ابرسان خیلی خوبی هستش واقعا برای منی که پوستم چرب این بهترین بود,0,true,2026-01-08T15:43:15.7207339+03:30,مثبت,0.95,محصول,محصول
کرم مرطوب کننده اویل فری 250 میلی لیتر,https://www.khanoumi.com/products/comeon-moisturizing-cream-oil-free-22885,بوش خوبه تقریبا زود جذب میشه و پوست رو نرم میکنه و چربی روی پوست نمی مونه و به نظرم برای پوست چرب مناسبه,0,true,2025-11-06T13:13:33.6070471+03:30,مثبت,0.79,محصول,محصول
کرم مرطوب کننده اویل فری 250 میلی لیتر,https://www.khanoumi.com/products/comeon-moisturizing-cream-oil-free-22885,برای پوست خشک مناسبه؟چقدر تاریخ داره؟,0,false,2025-10-22T17:40:34.6633703+03:30,خنثی,0.35,محصول,محصول
کرم مرطوب کننده اویل فری 250 میلی لیتر,https://www.khanoumi.com/products/comeon-moisturizing-cream-oil-free-22885,من پوستم مختلط راضی نبودم باهاش کلی جوش زیر پوستی زدم,0,false,2025-02-14T12:32:45.2135113+00:00,منفی,0.67,محصول,محصول
کرم مرطوب کننده اویل فری 250 میلی لیتر,https://www.khanoumi.com/products/comeon-moisturizing-cream-oil-free-22885,عالیههههههه,0,true,2024-05-06T18:06:56+00:00,مثبت,0.79,سایر,سایر
کرم مرطوب کننده اویل فری 250 میلی لیتر,https://www.khanoumi.com/products/comeon-moisturizing-cream-oil-free-22885,مرطوب کننده خوبیه من پوستم چربع کرم پودر میزدم پوست پوست میشد از وقتی این مرطوب کننده رو میزنم پوست پوست نمیشه ذیگه اصلا هم باهاش جوش نزدم پوستمم نرم میکنه خیلی راضی ام,1,true,2023-04-18T01:23:32+00:00,مثبت,0.79,محصول | اصل بودن کالا,محصول
کرم مرطوب کننده اویل فری 250 میلی لیتر,https://www.khanoumi.com/products/comeon-moisturizing-cream-oil-free-22885,حجم و قیمت و کیفیت به صرفه.واقعا مرطوب کننده ی خوبیه و هربار تموم شه دوباره میخرمش .بوی خوبیم داره,2,true,2022-05-30T21:57:11+00:00,مثبت,0.79,محصول | قیمت,محصول
کرم مرطوب کننده اویل فری 250 میلی لیتر,https://www.khanoumi.com/products/comeon-moisturizing-cream-oil-free-22885,کرم مرطوب کننده پوست دست و صورت کامان بافت بسیار نرم و سبکی دارد و بسیار سریع جذب پوست می‌شود. این کرم چربی اضافه‌ای در پوست تولید نمی‌کند و باعث شادابی پوست نیز می‌گردد. با استفاده از این کرم پوست دست و یا صورت شما مدت زمان زیادی مرطوب و شاداب باقی می‌ماند. همچنین این کالا رایحه بسیار خوشی نیز دارد.,5,false,2022-04-03T15:53:26+00:00,خنثی,0.35,محصول,محصول
کرم مرطوب کننده اویل فری 250 میلی لیتر,https://www.khanoumi.com/products/comeon-moisturizing-cream-oil-free-22885,من برای دستم استفاده میکنم... خیلی خوبه,1,false,2022-03-19T22:53:08+00:00,مثبت,0.91,سایر,سایر
کرم مرطوب کننده اویل فری 250 میلی لیتر,https://www.khanoumi.com/products/comeon-moisturizing-cream-oil-free-22885,قدرت مرطوب کنندگیش بی نظیره.واقعا تا ۲۴ ساعت احساس خشکی و کشیدگی رو پوستت احساس نمیکنی.و واقعا پوست رو شاداب نشون میده,3,true,2022-02-21T01:05:52+00:00,خنثی,0.35,محصول,محصول
کرم مرطوب کننده اویل فری 250 میلی لیتر,https://www.khanoumi.com/products/comeon-moisturizing-cream-oil-free-22885,من واقعا راضیم بوش که عالیه واقعا حس خوبی به ادم میده.پوست رو کاملا نرم میکنه بی نظیره.,7,true,2020-11-08T22:40:43+00:00,مثبت,0.95,محصول,محصول
کرم مرطوب کننده اویل فری 250 میلی لیتر,https://www.khanoumi.com/products/comeon-moisturizing-cream-oil-free-22885,"کرم خوبیه
این قدر ازش راضی بودم که ۴۰۰ میلش هم شارژ کردم😊",7,false,2020-08-28T13:31:42+00:00,مثبت,0.79,محصول,محصول
کرم مرطوب کننده اویل فری 250 میلی لیتر,https://www.khanoumi.com/products/comeon-moisturizing-cream-oil-free-22885,خیلی عالیه من واسه دستم استفاده میکنم سریع جذب میشه و بوی خوبی داره کاملا نرم و مرطوب میکنه پوست رو,14,false,2020-07-06T19:06:21+00:00,مثبت,0.91,محصول,محصول
کرم مرطوب کننده اویل فری 250 میلی لیتر,https://www.khanoumi.com/products/comeon-moisturizing-cream-oil-free-22885,زود جذب میشه و به نظرم واقعا تاثیر گذاره نسبت به قیمت و حجمش انتخاب مناسبیه ,0,true,2020-04-12T02:00:43+00:00,خنثی,0.35,محصول | قیمت,محصول
کرم مرطوب کننده اویل فری 250 میلی لیتر,https://www.khanoumi.com/products/comeon-moisturizing-cream-oil-free-22885,به نسبت حجم و قیمتش واقعا کیفیت خوبی‌داره و چیزی که درموردش دوس‌دارم بوی خوب و جذب سریعش هست ,1,true,2020-03-22T15:45:12+00:00,مثبت,0.91,محصول | قیمت,محصول
کرم مرطوب کننده اویل فری 250 میلی لیتر,https://www.khanoumi.com/products/comeon-moisturizing-cream-oil-free-22885,خیلی وقته که از این کرم استفاده میکنم واقعا رازی ام خیلی زود جذب میشه و اصلا روی پوست چرب نیست. بهترین مرطوب کننده ای هست که تاحالا استفاده کردم.,2,false,2020-01-06T15:43:20+00:00,خنثی,0.35,محصول | اصل بودن کالا,محصول
کرم مرطوب کننده اویل فری 250 میلی لیتر,https://www.khanoumi.com/products/comeon-moisturizing-cream-oil-free-22885,تنها بديش اینه که خیلی شل و آبکیه! ,4,false,2020-01-05T14:56:44+00:00,منفی,0.67,سایر,سایر
کرم مرطوب کننده اویل فری 250 میلی لیتر,https://www.khanoumi.com/products/comeon-moisturizing-cream-oil-free-22885, من پوستم چربه ومستعد آکنه همیشه وقتی از مرطوب کننده های دیگه استفاده میکردم پوستم پرجوش میشد ولی از وقتی که ازاین محصول استفاده کردم اصلا خبری از جوش نیست منکه خیلی دوسش دارم وازش راضیم,4,true,2019-12-05T02:59:27+00:00,مثبت,0.91,محصول | اصل بودن کالا,محصول
کرم مرطوب کننده اویل فری 250 میلی لیتر,https://www.khanoumi.com/products/comeon-moisturizing-cream-oil-free-22885,عالی بود بوشم دوس دارم,1,true,2019-10-09T15:43:18+00:00,مثبت,0.79,محصول,محصول
کرم مرطوب کننده اویل فری 250 میلی لیتر,https://www.khanoumi.com/products/comeon-moisturizing-cream-oil-free-22885,حجمش زياده، تقريبا سريع جذب ميشه ولي چربه، من بوشم دوس ندارم,1,true,2019-04-18T14:18:06.87+00:00,خنثی,0.35,محصول,محصول
کرم مرطوب کننده اویل فری 250 میلی لیتر,https://www.khanoumi.com/products/comeon-moisturizing-cream-oil-free-22885,"خیلی سریع جذب میشه . ولی اولش که زدم  یکم پوستم سوخت .جذبش مثل مرطوب کننده فاقد چربی آردن هست سوزش اولشم همون طور اما بوی بهتری نسبت به آردن داره. خیلی ملایمه بعدشم از بین میره . برای کسایی که مث من به بوی کرمها حساسن پیشنهاد خوبیه. 
کلا اگه پوست چرب و حساس دارید توی مرطوب کننده ها این و آردن و پریم فاقد چربی خوبه . سیگل و الارو من زدم جوش زدم با جفتشون .",11,false,2019-03-11T22:11:00.0666667+00:00,مثبت,0.95,محصول,محصول
کرم مرطوب کننده اویل فری 250 میلی لیتر,https://www.khanoumi.com/products/comeon-moisturizing-cream-oil-free-22885,کرم خیلی خوشبویی هست و خیلی زود جذب پوست میشه.حالت چربی به پوست نمیده.تولید ایرانه و کیفیتش واقعا خوبه,8,true,2019-03-11T02:23:07.2533333+00:00,مثبت,0.79,محصول,محصول
کرم مرطوب کننده پوست خشک 75میل,https://www.khanoumi.com/products/comeon--moisturizing-cream-for-oily-22886,"من برای پوست دستم استفاده میکنم و راضیم؛ درصد مرطوب کنندگیش معمولیه و برای پوست های خیلی خشک مناسب نیست.
برای افرادی که به بوی کرم حساسن هم زیاد مناسب نیست چون بوی عطر تندی داره.",0,true,2026-06-10T10:52:42.4145146+03:30,مثبت,0.79,محصول,محصول
کرم مرطوب کننده پوست خشک 75میل,https://www.khanoumi.com/products/comeon--moisturizing-cream-for-oily-22886,برا تو کیف و سرکار خیلی خوبه,0,true,2026-06-04T21:35:56.8422454+03:30,مثبت,0.91,سایر,سایر
کرم مرطوب کننده پوست خشک 75میل,https://www.khanoumi.com/products/comeon--moisturizing-cream-for-oily-22886,عالیهههههه این کرم علیرغم این که دستت همیشه مرطوب و خشک نیس انگار هیچی نزدی به پوستت و خیلی سبک در عین حال بسیار با کیفیت,0,true,2026-03-27T13:37:10.3368266+03:30,مثبت,0.79,محصول,محصول
کرم مرطوب کننده پوست خشک 75میل,https://www.khanoumi.com/products/comeon--moisturizing-cream-for-oily-22886,میتونم بگم بهترین کرمی هست که تاحالا برای دستام خریدم بشدت نرم و لطیف میکنه در عین حال اصلا چرب نیست و زود جذبه ، تازه بعد از چندبار استفاده متوجه روشنتر شدن پوست دستام شدم امااا خیلییی بوی تندی داره شبیه بوی عطرهای مردونه و برای کساییکه مثل من آلرژی دارن مناسب نیست بخاطر همین دیگه نمیخرمش . حیف کاش عطرش کم بشه,0,false,2026-03-23T02:41:50.5132169+03:30,خنثی,0.35,محصول | اصل بودن کالا,محصول
کرم مرطوب کننده پوست خشک 75میل,https://www.khanoumi.com/products/comeon--moisturizing-cream-for-oily-22886,پوست من خیلی خشکه و این کرم خیلی برام خوب بود. عطر خیلی خوبی داره. پیشنهاد میکنم حتما امتحانش کنید.,0,true,2026-02-11T16:46:32.9938058+03:30,مثبت,0.95,محصول,محصول
کرم مرطوب کننده پوست خشک 75میل,https://www.khanoumi.com/products/comeon--moisturizing-cream-for-oily-22886,بووووش عالی ولی حجمش کمه درکل خوبه,0,true,2026-02-04T00:15:49.8240854+03:30,مثبت,0.91,محصول,محصول
کرم مرطوب کننده پوست خشک 75میل,https://www.khanoumi.com/products/comeon--moisturizing-cream-for-oily-22886,بوش باعث سردرد و حالت تهوع میشه به نظرم حاوی مقدار زیادی از  موادی هستش که برای سلامتی مضر هستن,0,false,2026-01-26T00:41:02.4044002+03:30,خنثی,0.35,محصول,محصول
کرم مرطوب کننده پوست خشک 75میل,https://www.khanoumi.com/products/comeon--moisturizing-cream-for-oily-22886,واسه من که پوست دستم خیلی خشکه خوب بود,0,true,2025-11-18T00:40:10.8345201+03:30,مثبت,0.79,محصول,محصول
کرم مرطوب کننده پوست خشک 75میل,https://www.khanoumi.com/products/comeon--moisturizing-cream-for-oily-22886,مرطوب کننده خوبیه,0,true,2025-10-31T19:11:00.5629658+03:30,مثبت,0.67,سایر,سایر
کرم مرطوب کننده پوست خشک 75میل,https://www.khanoumi.com/products/comeon--moisturizing-cream-for-oily-22886,"خوبه 
محصولات کامان خوب و معمولی ان",0,true,2025-10-09T09:17:05.8403247+03:30,مثبت,0.91,محصول,محصول
کرم مرطوب کننده پوست خشک 75میل,https://www.khanoumi.com/products/comeon--moisturizing-cream-for-oily-22886,این مرطوب کننده عالیه,0,true,2025-09-03T00:47:10.6300099+03:30,مثبت,0.79,سایر,سایر
کرم مرطوب کننده پوست خشک 75میل,https://www.khanoumi.com/products/comeon--moisturizing-cream-for-oily-22886,واقعا کرم خوبیه و پوست خشک من و تا ساعت ها مرطوب نگه میداره. بوی این کرم سلیقه ایه ولی بنظر من مرطوب کنندیش اینقدر عالی هسن که بشه بو رو فاکتور گرفت.,0,true,2025-08-09T10:58:57.5084163+00:00,مثبت,0.79,محصول,محصول
کرم مرطوب کننده پوست خشک 75میل,https://www.khanoumi.com/products/comeon--moisturizing-cream-for-oily-22886,"من واسه دست خریدم و برام مهم بود که بوی خوبی داشته باشه ولی حی میکنم بوی موبر میده 
دوست نداشتم",0,true,2025-07-02T22:02:15.2572702+00:00,مثبت,0.67,محصول,محصول
کرم مرطوب کننده پوست خشک 75میل,https://www.khanoumi.com/products/comeon--moisturizing-cream-for-oily-22886,من این کرم را از خانومی نگرفتم ولی می‌تونم بگم بهترین کرم مرطوب کننده‌ایه که تا حالا استفاده کردم و دیگه مثلش فکر کنم پیدا نشه.,0,true,2025-06-04T09:14:41.3164492+00:00,مثبت,0.67,محصول,محصول
کرم مرطوب کننده پوست خشک 75میل,https://www.khanoumi.com/products/comeon--moisturizing-cream-for-oily-22886,واقعا توصیه میکنم خرید این محصول را.خیلی عالیه.,0,false,2025-01-04T05:07:14.2993806+00:00,مثبت,0.95,محصول,محصول
کرم مرطوب کننده پوست خشک 75میل,https://www.khanoumi.com/products/comeon--moisturizing-cream-for-oily-22886,مرطوب کنندگی متوسطی داشت اما بوی خوبی نداشت,0,true,2024-11-27T13:45:31.5129251+00:00,منفی,0.67,محصول,محصول
کرم مرطوب کننده پوست خشک 75میل,https://www.khanoumi.com/products/comeon--moisturizing-cream-for-oily-22886,این کرم خوش بو و نرم ترین کرمی هست که تاحالا استفاده کردم دوسش دارم,0,true,2024-11-16T11:47:40.3540344+00:00,خنثی,0.35,محصول,محصول
کرم مرطوب کننده پوست خشک 75میل,https://www.khanoumi.com/products/comeon--moisturizing-cream-for-oily-22886,واقعا عالی,0,true,2024-10-28T08:33:43.6338164+00:00,مثبت,0.67,سایر,سایر
کرم مرطوب کننده پوست خشک 75میل,https://www.khanoumi.com/products/comeon--moisturizing-cream-for-oily-22886,این کرم از نظر من بهترین کرم دنیاست ، سال هاست استفاده می کنم ,0,true,2024-09-26T00:21:21+00:00,مثبت,0.67,محصول,محصول
کرم مرطوب کننده پوست خشک 75میل,https://www.khanoumi.com/products/comeon--moisturizing-cream-for-oily-22886,برای کسایی که پوست خشکی دارند خیلی مناسب نیست، چون رطوب رسانی به پوست در حد معمولیه برای پوست های چرب و معمولی مناسبتره,0,false,2024-08-03T12:06:37+00:00,خنثی,0.35,محصول,محصول
کرم مرطوب کننده پوست خشک 75میل,https://www.khanoumi.com/products/comeon--moisturizing-cream-for-oily-22886,تقریبا میشه گفت خوبه ,0,false,2024-05-08T11:15:49+00:00,مثبت,0.79,سایر,سایر
کرم مرطوب کننده پوست خشک 75میل,https://www.khanoumi.com/products/comeon--moisturizing-cream-for-oily-22886,این محصول رو به همه خانوم ها و اقایونیکه خصوصا توی این هوای سرد پوستشون خشک میشه توصیه میکنم. خیلی بافت سبکی داره و زود هم جذب میشه و اذیت نمیکنه. رطوبت و نرمی رو به پوستتون برمیگردونه.,0,false,2024-01-18T17:26:50+00:00,مثبت,0.79,محصول,محصول
کرم مرطوب کننده پوست خشک 75میل,https://www.khanoumi.com/products/comeon--moisturizing-cream-for-oily-22886,من پرستارم و به خاطره کرام مجبورم خیلی دستم رو بشورم. این مرطوب کننده واقعا من رو نجات داده. از خشکی دستم واقعا اذیت میشدم ولی این محصول رطوبت و لطافت رو به پوستم بر میگردونم,0,false,2024-01-18T10:50:19+00:00,خنثی,0.35,محصول,محصول
کرم مرطوب کننده پوست خشک 75میل,https://www.khanoumi.com/products/comeon--moisturizing-cream-for-oily-22886,بسیار عالی,0,true,2024-01-05T11:35:01+00:00,مثبت,0.67,سایر,سایر
کرم مرطوب کننده پوست خشک 75میل,https://www.khanoumi.com/products/comeon--moisturizing-cream-for-oily-22886,این محصول رو هم برای پوست دستم هم برای پوست صورتم استفاده میکنم. خیلی سریع جذب میشه و خیلی کیفیت خوبی داره. به همه اونایی که پوست خشکی دارن توصیه میکنم,0,false,2023-12-18T17:14:40+00:00,مثبت,0.95,محصول,محصول
کرم مرطوب کننده پوست خشک 75میل,https://www.khanoumi.com/products/comeon--moisturizing-cream-for-oily-22886,این کرم رو همکارم سر کار روی میزش گذاشته بود تا برای دستاش استفاده کنه. من چندباری ازش قرض گرفتم و انقدر دوسش داشتم که اومدم و خودمم خریدمش,0,false,2023-12-18T16:14:03+00:00,خنثی,0.35,محصول,محصول
کرم مرطوب کننده پوست خشک 75میل,https://www.khanoumi.com/products/comeon--moisturizing-cream-for-oily-22886,من برای روتین پوستی پوست خشکم، مدت ها بود انواع مرطوب کننده های پوست خشک رو امتحان میکردم. چه داخلی چه خارجی تا زمانی که با این محصول اشنا شدم و باید بگم عالی ترینه و بعد از یه مدت کوتاه خودتون نتیجه اش رو به وضوح میبینید,0,false,2023-12-16T12:36:10+00:00,مثبت,0.67,محصول,محصول
کرم مرطوب کننده پوست خشک 75میل,https://www.khanoumi.com/products/comeon--moisturizing-cream-for-oily-22886,من پوستم خیلی خیلی خشک بود. خیلی ترک میخورد و حس کشیدگی روی پوستم ایجاد میکرد. این کرم رو دکترم بهم معرفی کرد و یک ماهی هست ازش استفاده میکنم و واقعا راضیم,0,false,2023-12-13T10:53:30+00:00,مثبت,0.79,محصول,محصول
کرم مرطوب کننده پوست خشک 75میل,https://www.khanoumi.com/products/comeon--moisturizing-cream-for-oily-22886,من روی نرمی پوست دستم خیلی حساسم و پوست دستم حساس هست این کرم بهترین کرمی هست تا الان استفاده کردم واقعا راضی هستم. ,0,true,2023-12-12T01:58:12+00:00,مثبت,0.79,محصول,محصول
کرم مرطوب کننده پوست خشک 75میل,https://www.khanoumi.com/products/comeon--moisturizing-cream-for-oily-22886,من این محصول رو برای پوست دستم استفاده میکنم. بدون این محصول اصلا از خونه بیرون نمیرم. حتما حتما توی کیفم این کرم رو دارم.,0,false,2023-12-11T11:11:29+00:00,ترکیبی,0.66,محصول | اصل بودن کالا,محصول
کرم مرطوب کننده پوست خشک 75میل,https://www.khanoumi.com/products/comeon--moisturizing-cream-for-oily-22886,من بمب ابرسان کامان رو استفاده میکنم این مرطوب کننده رو هم به عنوان مکمل روش میزنم. باید بگم عالیه عالی. این ترکیب پوستتون رو از یه پوست خشک و پوسته پوسته به یه پوست کاملا نرم و لطیف تبدیل میکنه ,0,false,2023-12-11T11:11:14+00:00,ترکیبی,0.87,محصول,محصول
کرم مرطوب کننده پوست خشک 75میل,https://www.khanoumi.com/products/comeon--moisturizing-cream-for-oily-22886,من پوستم خیلی خشک بود خصوصا توی سرمای پاییز و زمستون خیلی خشک میشد و پوسته پوسته میشد. دکترم محصولات کامان رو بهم معرفی کرد. این محصول و بقیه محصولات کامان باعث شدن پوستم دیگه اذیتم نکنه و پوسته پوسته نشه,0,false,2023-11-29T11:46:34+00:00,خنثی,0.35,محصول,محصول
کرم مرطوب کننده پوست خشک 75میل,https://www.khanoumi.com/products/comeon--moisturizing-cream-for-oily-22886,اگه پوست خشکی دارین این محصول رو وارد روتین پوستیتون کنین. یه پوست نرم و لطیف تحویل میگیرید. تضمین میکنم,0,false,2023-11-27T11:19:07+00:00,خنثی,0.35,محصول | تحویل و ارسال,محصول
کرم مرطوب کننده پوست خشک 75میل,https://www.khanoumi.com/products/comeon--moisturizing-cream-for-oily-22886," اگه پوست دست خشکی دارین این محصول واستون عالیه
من راضیم ازش",1,true,2023-06-07T14:12:13+00:00,مثبت,0.95,محصول,محصول
کرم مرطوب کننده پوست خشک 75میل,https://www.khanoumi.com/products/comeon--moisturizing-cream-for-oily-22886,خشکی پوست یکی از مشکلاتیه که خیلی از افراد با آن درگیر هستند. این مشکل با استفاده از یک کرم مرطوب کننده ساده رفع میشه. من این کرم رو چندین بار خریدم، بوی خوبی داره و پوست دست رو به خوبی نرم میکنه. چربی و سنگینی برروی پوست ایجاد نمیکنه و شما میتونید حس خوبی از آن دریافت کنید. کامان هم یه برند شناخته شده تو این حوزه است که به نیازهای مشتری ها آگاهه و محصولات کاربردی رو ارائه میده.,2,true,2022-05-28T08:22:37+00:00,مثبت,0.91,محصول,محصول
کرم مرطوب کننده پوست خشک 75میل,https://www.khanoumi.com/products/comeon--moisturizing-cream-for-oily-22886,این کرم دست خیلی خوبه برای پوستهای خشک من ازش خیلی راضیم هر ۳ مدل رو امتحان کردم و این یکی رو بیشتر دوست داشتم. اما قبلا غلیظ تر بودن الان حس میکنم خیلی آبکی شدن.,1,true,2020-10-12T19:01:25+00:00,مثبت,0.95,محصول,محصول
کرم مرطوب کننده پوست خشک 75میل,https://www.khanoumi.com/products/comeon--moisturizing-cream-for-oily-22886,واقعا عالیه برای پوست های خشک مخصوصا برای پوست دست که تو زمستون خشک میشه. خیلی زود هم جذب میشه.,0,false,2020-01-06T15:44:38+00:00,مثبت,0.79,محصول,محصول
کرم مرطوب کننده پوست خشک 75میل,https://www.khanoumi.com/products/comeon--moisturizing-cream-for-oily-22886,من پوست بسیار خشکی داشتم که با آرایش پوسته پوسته و ورقه ای میشد. این کرم مشکلمو حل کرد. پوستمو آبدار تر و لطیف کرد اما زیاد سبک نیست. بافت غلیظی داره ک بعد از استفاده یجورایی پوستو چسبناک میکنه‌ درسته رطوبت پوستو خیلی خوب تامین میکنه اما پوست بسیار خشک منو یکم چرب میکنه بعد استفاده. به عنوان مرطوب کننده قبل آرایش اگه استفاده بشه عالیه.ولی برای مرطوب کننده طول روز روی پوست تمیز من انتخابش نمیکنم چون کمی حس چربی و چسبناکی بهم میده. کرمای سبک تر و بدون چربی رو ترجیح میدم.,14,false,2019-12-05T23:56:12+00:00,ترکیبی,0.92,محصول,محصول
کرم مرطوب کننده پوست خشک 75میل,https://www.khanoumi.com/products/comeon--moisturizing-cream-for-oily-22886,من چند کرم از کامان تست کردم عالیه الانم بمب آبرسانش را خریدم اونم راضی ام,1,true,2019-11-29T23:03:37+00:00,مثبت,0.95,محصول,محصول
کرم مرطوب کننده پوست خشک 75میل,https://www.khanoumi.com/products/comeon--moisturizing-cream-for-oily-22886,راضیم خوبه خیلی سبک نیست ولی یه کرم رو به سبکه 😉💖💖👌,0,false,2019-11-20T08:51:15+00:00,مثبت,0.95,محصول,محصول
کرم مرطوب کننده پوست خشک 75میل,https://www.khanoumi.com/products/comeon--moisturizing-cream-for-oily-22886,واسه پوست خشک شدیدا توصیه میکنم،چندتا برند خارجی داشتم ولی کامان از همه بهتر بود.بوی ملایم و دلنشینی داره،عالیه,0,false,2019-11-19T17:14:40+00:00,مثبت,0.95,محصول,محصول
کرم مرطوب کننده پوست خشک 75میل,https://www.khanoumi.com/products/comeon--moisturizing-cream-for-oily-22886,من پوستم خشکه و روزی چند بار از این کرم به صورتم میزنم و حس خیلی خوبی میده سبکه و چرب نمیکنه ,0,true,2019-11-14T12:45:13+00:00,مثبت,0.79,محصول,محصول
کرم مرطوب کننده پوست خشک 75میل,https://www.khanoumi.com/products/comeon--moisturizing-cream-for-oily-22886,من اینو از خانومی خریدم خیلی راضیم سبکه رو پوستم و حس خوبی میده خوبم مرطوب میکنه,0,true,2019-10-15T19:22:04+00:00,مثبت,0.95,محصول,محصول
کرم مرطوب کننده پوست خشک 75میل,https://www.khanoumi.com/products/comeon--moisturizing-cream-for-oily-22886,من این کرم رو روی صورتم همزمان با بایو ایل استفاده میکنم تاثیرش ۲برابر شده خیلی راضیم مرسی از خانمی و فرصتهایرخوبش,1,false,2019-09-30T11:44:55+00:00,مثبت,0.79,محصول,محصول
کرم مرطوب کننده پوست خشک 75میل,https://www.khanoumi.com/products/comeon--moisturizing-cream-for-oily-22886,این کرم رو برای مادرم خریدم پوست خشکی داره و از این کرم فوق العاده راضیه پوستش رو لطیف و کاملا آبرسانی میکنه ,7,true,2019-08-15T15:10:58.4566667+00:00,مثبت,0.79,محصول,محصول
کرم مرطوب کننده پوست خشک 75میل,https://www.khanoumi.com/products/comeon--moisturizing-cream-for-oily-22886,من پوستم خشکه اما از وقتی که کرم کامان استفاده میکنم پوستم حالت بهتری داره و در طول روز رطوبش حفظ میشه و حتی بعنوان مرطوب کننده قبل از آرایش خیلی خوبه من خیلی راضیم و بوی خوبیم داره,7,true,2019-05-30T21:21:01.9966667+00:00,مثبت,0.95,محصول,محصول
کرم مرطوب کننده پوست معمولی 75میل,https://www.khanoumi.com/products/comeon--moisturizing-cream-for-normal-22887,خیلی عالی چندین سال برای زیر میکاپم ازش استفاده میکنم,0,true,2026-08-31T13:54:47.8696216+03:30,مثبت,0.67,سایر,سایر
کرم مرطوب کننده پوست معمولی 75میل,https://www.khanoumi.com/products/comeon--moisturizing-cream-for-normal-22887,خیلی خوبه بوی خوبی داره زود و راحت جذب میشه حس خوبی میده,0,true,2026-06-30T12:05:08.585224+03:30,مثبت,0.95,محصول,محصول
کرم مرطوب کننده پوست معمولی 75میل,https://www.khanoumi.com/products/comeon--moisturizing-cream-for-normal-22887,"اگه موجود کنید 5 تا ازتون می خرم انقد که خوبه 
",0,false,2024-08-28T12:36:25+00:00,مثبت,0.79,محصول,محصول
کرم مرطوب کننده پوست معمولی 75میل,https://www.khanoumi.com/products/comeon--moisturizing-cream-for-normal-22887,لطفا موجود کنید همراه با تخفیف,0,false,2024-02-26T19:21:42+00:00,خنثی,0.35,محصول | قیمت,محصول
کرم مرطوب کننده پوست معمولی 75میل,https://www.khanoumi.com/products/comeon--moisturizing-cream-for-normal-22887,موجود کنید لطفاااا. اونم با تخفیف ,0,false,2024-02-25T02:44:24+00:00,خنثی,0.35,محصول | قیمت,محصول
کرم مرطوب کننده پوست معمولی 75میل,https://www.khanoumi.com/products/comeon--moisturizing-cream-for-normal-22887,این مرطوب کننده رو هم برای پوست صورت هم برای دستم استفاده میکنم. بوش رو دوست دارم و خیلی زود جذبه. قبل از این مرطوب کننده از بمب های ابرسان کامان استفاده میکنم و باید بگم ترکیب این دوتا باهم واقعا خاصه,0,false,2024-01-19T23:05:02+00:00,خنثی,0.35,محصول,محصول
کرم مرطوب کننده پوست معمولی 75میل,https://www.khanoumi.com/products/comeon--moisturizing-cream-for-normal-22887,این کرم رو پزشکی که توی داروخونه بود بهم معرفی کرد. پوست من مشکل خاصی نداره واقعا ولی گاهی توی سرمای زمستون خشک میشد و اذیتم میکرد. ولی ازوقتی این مرطوب کننده وارد روتین پوستیم شده، خیلی پوستم بهتر شده و خشک نمیشه,0,false,2024-01-19T23:04:45+00:00,خنثی,0.35,محصول,محصول
کرم مرطوب کننده پوست معمولی 75میل,https://www.khanoumi.com/products/comeon--moisturizing-cream-for-normal-22887,این مرطوب کننده برای زیر اریش اصلا اذیت نمیکنه. خیلی ابفت خوبی داره و خیلی زودم جذب میشه و گلوله گلوله نمیکنه ارایش رو. با این قیمتی که داره بهتر از این پیدا نمیکنید واقعا,0,false,2024-01-18T22:41:28+00:00,خنثی,0.35,اصل بودن کالا | قیمت,اصل بودن کالا
کرم مرطوب کننده پوست معمولی 75میل,https://www.khanoumi.com/products/comeon--moisturizing-cream-for-normal-22887,"این مرطوب کننده رو حتما وارد روتین پوستیتون کنین. مرطوب کننده یکی از واجبات پوستی هست و این محصولم که خیلی کیفیت خوبی داره مثل باقی محصولات کامان

",0,false,2024-01-18T17:32:08+00:00,مثبت,0.79,محصول,محصول
کرم مرطوب کننده پوست معمولی 75میل,https://www.khanoumi.com/products/comeon--moisturizing-cream-for-normal-22887,"این مرطوب کننده به خوبی رطوبت پوستتون رو نگه میداره و نمیذاره چین و چروک بیوفته. این رو از یکی از دکترهایی که باهاش کار میکردم شنیدم 
",0,false,2024-01-18T14:39:27+00:00,مثبت,0.67,محصول,محصول
کرم مرطوب کننده پوست معمولی 75میل,https://www.khanoumi.com/products/comeon--moisturizing-cream-for-normal-22887,"
یه مرطوب کننده با بافت سبک. زود جذب و باکیفیت که خیلی بوی خوبی داره. اگه پوستتون نرماله و هیچ مشکلی هم نداره. بازهم این محصول رو بخرید که پشیمون نمیشید
",0,false,2024-01-18T12:51:51+00:00,مثبت,0.79,محصول,محصول
کرم مرطوب کننده پوست معمولی 75میل,https://www.khanoumi.com/products/comeon--moisturizing-cream-for-normal-22887,این مرطوب کننده رو برای مامانم خریدم که پوستش نرماله و مشکل خاصی نداره. تا اینجا که خیلی دوسش داشته. بافت خوبی داره و اصلا چرب نیست که جا بندازه و سریع جذب میشه و بسته بندیش خوبه و میشه توی کیف گذاشت و همه جا باخودتون ببرید,0,false,2024-01-18T10:56:20+00:00,مثبت,0.79,محصول | تحویل و ارسال | اصل بودن کالا,محصول
کرم مرطوب کننده پوست معمولی 75میل,https://www.khanoumi.com/products/comeon--moisturizing-cream-for-normal-22887,کرم های مرطوب کننده یکی از محصولات مراقبت پوست هستند که به شما کمک می‌کنند تا پوستی نرم و شاداب داشته باشید. کرم مرطوب کننده میزان پیری و چروک پوست شما را کاهش داده و به دلیل جذب سریع احساس سنگینی و چربی برروی پوست ایجاد نخواهد کرد. من به شخصه از استفاده این محصول خیلی راضی بودم و حتما شارژش میکنم به اطرافیانم هم توصیه میکنم.,0,false,2022-06-12T11:33:34+00:00,مثبت,0.91,محصول,محصول
کرم مرطوب کننده پوست معمولی 75میل,https://www.khanoumi.com/products/comeon--moisturizing-cream-for-normal-22887,راضیم ، زود جذب میشه و بوی خوبی داره ,7,true,2020-05-19T13:39:42+00:00,مثبت,0.91,محصول,محصول
کرم مرطوب کننده پوست معمولی 75میل,https://www.khanoumi.com/products/comeon--moisturizing-cream-for-normal-22887,اولین محصولی که از کامان خریدم همین کرم بود وقتی دیدم با این قیمت کم چنین کیفیتی دار طرفدار کامان شدم و الان همه محصولاتشو استفاده میکنم ,3,false,2020-04-17T12:41:14+00:00,خنثی,0.35,محصول | قیمت,محصول
کرم مرطوب کننده پوست معمولی 75میل,https://www.khanoumi.com/products/comeon--moisturizing-cream-for-normal-22887,"من از مرطوب کننده های کامان خیلی راضیم . سبکن و بوشون هم دوس دارم 
 و زود هم جذب میشن",6,true,2020-02-23T12:46:46+00:00,مثبت,0.79,محصول,محصول
کرم مرطوب کننده پوست معمولی 75میل,https://www.khanoumi.com/products/comeon--moisturizing-cream-for-normal-22887,این محصول رو از بیرون تهیه کردم، بنظرم خوبه، مثل مرطوب کننده های دیگه دست رو چرب نمیکنه، چون جذب زیادی داره، به نظر باقی دوستان عطرش خوبه، اما بنظرم خیلی زیاده و چون تاثیر ماندگاری داره وقتی به صورت میزنم عطرش اذیتم میکنه، سوالی که دارم اینه که میشه بدور چشم هم زد چون هیچ جا حتی روی خود محصول ذکر نشده، فقط گفته شده صورت و دست، آیا منظور کل صورت حتی دور چشم هست یا نباید دور چشم استعمال بشه، ممنون میشم پاسخگو باشین ,2,false,2019-11-24T17:52:07+00:00,ترکیبی,0.92,محصول | خدمات و پشتیبانی,محصول
کرم مرطوب کننده پوست معمولی 75میل,https://www.khanoumi.com/products/comeon--moisturizing-cream-for-normal-22887,خیلی کرم خوبیه عالی ,2,false,2019-10-22T17:00:25+00:00,مثبت,0.79,محصول,محصول
کرم مرطوب کننده پوست معمولی 75میل,https://www.khanoumi.com/products/comeon--moisturizing-cream-for-normal-22887,من این محصول رو برای دومین بار سفارش میدم.خیلی ازش راضی ام.پوست رو کاملا نرم و مرطوب میکنه.,3,true,2019-10-11T12:29:12+00:00,مثبت,0.79,محصول,محصول
کرم مرطوب کننده پوست معمولی 75میل,https://www.khanoumi.com/products/comeon--moisturizing-cream-for-normal-22887,اولین بار هست از این محصول استفاده میکنم پوست رو کاملا نرم میکنه و تا ساعت ها اثرش روی پوست میمونه سریع جذب میشه و بوی خیلی خوبی داره بعد از اتمام حتما مجددا شارژش میکنم.,2,true,2019-10-03T20:47:50+00:00,مثبت,0.79,محصول,محصول
کرم مرطوب کننده پوست معمولی 75میل,https://www.khanoumi.com/products/comeon--moisturizing-cream-for-normal-22887,این کرم فوق العاده است پوست رو کاملا نرم و آبرسانی میکنه سریع هم جذب میشه من راضی بودم,6,false,2019-06-29T23:36:36.8166667+00:00,مثبت,0.79,محصول,محصول
کرم مرطوب کننده پوست معمولی 75میل,https://www.khanoumi.com/products/comeon--moisturizing-cream-for-normal-22887,محصول فوق العاده عالي هست براي ابرساني به پوست عاليه ...,5,true,2019-05-18T21:07:37.7466667+00:00,مثبت,0.95,محصول,محصول
کرم مرطوب کننده اویل فری 75میل,https://www.khanoumi.com/products/comeon--moisturizing-cream-oil-free-22888,بوی زیادی داره که من برای صورت نمیپسندم اما ابرسانیش عالیه من برای دست استفاده میکنم و پیشنهاد میدم بخرید,0,true,2026-07-31T16:56:33.167275+03:30,مثبت,0.91,محصول,محصول
کرم مرطوب کننده اویل فری 75میل,https://www.khanoumi.com/products/comeon--moisturizing-cream-oil-free-22888,برای پوست چرب خیلی خوبه ، من استفاده کردم نه برق افتاد رو پوستم نه چربی اضافی داشت، کاملا صورتم مات شد بعد جذبش ،بوشم خیلی ملایم و عالیه .,0,true,2026-07-26T12:35:05.1466456+03:30,مثبت,0.95,محصول,محصول
کرم مرطوب کننده اویل فری 75میل,https://www.khanoumi.com/products/comeon--moisturizing-cream-oil-free-22888,"برای پوست مختلط  واقعا خوبه بوی ملایمی داره و سبک 
زود جذب پوست میشه",0,true,2026-07-17T13:51:02.1227022+03:30,مثبت,0.79,محصول,محصول
کرم مرطوب کننده اویل فری 75میل,https://www.khanoumi.com/products/comeon--moisturizing-cream-oil-free-22888,عالیی,0,true,2026-07-13T09:37:37.239016+03:30,مثبت,0.67,سایر,سایر
کرم مرطوب کننده اویل فری 75میل,https://www.khanoumi.com/products/comeon--moisturizing-cream-oil-free-22888,بوی عطرش اذیت کنندس,0,false,2026-03-26T11:51:39.6447861+03:30,خنثی,0.35,محصول,محصول
کرم مرطوب کننده اویل فری 75میل,https://www.khanoumi.com/products/comeon--moisturizing-cream-oil-free-22888,خیلی خوبه، واقعا بین کرم های ایرانی بهترینه و ابرسانی خوبی داره بدون اینکه پوست رو سنگین کنه,0,true,2025-09-10T16:24:18.1402593+03:30,مثبت,0.95,محصول,محصول
کرم مرطوب کننده اویل فری 75میل,https://www.khanoumi.com/products/comeon--moisturizing-cream-oil-free-22888,من پوستم مختلط هست.این کرم بیشتر ابرسانه تا مرطوب کننده و بخاطر همین زود جذب میشه و سبکه.جوش نمیزنم و پوستم ابرسانی میشه.اگر مداوم استفاده کنید تاثیر مرطوب کنندگیش بیشتر احساس میشه.در کل خیلی خوبه,0,true,2025-04-06T13:46:03.4496906+00:00,مثبت,0.91,محصول,محصول
کرم مرطوب کننده اویل فری 75میل,https://www.khanoumi.com/products/comeon--moisturizing-cream-oil-free-22888,"من این کرم رو از دیجی کالا خریدم
دو تا خریدم هر دو تا چرب‌ن روی پوست می‌مانند و جذب نمی‌شوند پوست‌تون رو تحریک می‌کنه و بیشتر چرب می‌شه حتی برای دست هم مناسب نیست چون اصلا جذب نمی‌شه
به جز طراحی گول زننده چیز دیگه‌ای نداشت",0,false,2025-03-02T07:52:30.772204+00:00,منفی,0.67,محصول | اصل بودن کالا,اصل بودن کالا
کرم مرطوب کننده اویل فری 75میل,https://www.khanoumi.com/products/comeon--moisturizing-cream-oil-free-22888,زود جذب میشه و احساس چربی بهتون نمیده ولی بوی نسبتا تندی داره و برای من باعث جوش زیرپوستی شد. ,0,false,2024-09-23T15:53:03+00:00,خنثی,0.35,محصول,محصول
کرم مرطوب کننده اویل فری 75میل,https://www.khanoumi.com/products/comeon--moisturizing-cream-oil-free-22888,به نظرم رطوبت رسانه .ولی بوش زیاد خوب نیست.,0,false,2024-09-16T21:08:39+00:00,منفی,0.67,محصول,محصول
کرم مرطوب کننده اویل فری 75میل,https://www.khanoumi.com/products/comeon--moisturizing-cream-oil-free-22888,به نظرم خیلی خوب بود بجز بوش,0,true,2024-08-21T20:48:57+00:00,مثبت,0.91,محصول,محصول
کرم مرطوب کننده اویل فری 75میل,https://www.khanoumi.com/products/comeon--moisturizing-cream-oil-free-22888,من خیلی خشکی پوست داشتم اما تنها کرمی که تونست خشکی و برطرف کنه کرم کامان بود و هر 3 مدل پوست چرب،پوست خشک،پوست خیلی خشک،رو استفاده کردم که پوستمو خیلی نرم و ابریشمی کرد حالا اینسری مدل تیوپی ش رو خریداری کردم که برای بیرون رفتم هم همراهم باشه ,0,true,2024-08-10T13:47:52+00:00,خنثی,0.35,محصول,محصول
کرم مرطوب کننده اویل فری 75میل,https://www.khanoumi.com/products/comeon--moisturizing-cream-oil-free-22888,"برای صورت اصن توصیه نمیکنم باعث احساس گرمای شدید و خارش و تعریق تون میشه و جوشای زیر پوستی میزنید..
پیشنهاد نمیکنم  ",0,true,2024-05-23T16:50:08+00:00,منفی,0.79,محصول,محصول
کرم مرطوب کننده اویل فری 75میل,https://www.khanoumi.com/products/comeon--moisturizing-cream-oil-free-22888,"بافت غیر چربی داره و بیشتر شبیه آبرسانه تا کرم
اصلا روی صورت حالت ماسیدگی ایجاد نمیکنه و کمی برق میندازه ولی زیاد چرب نمیکنه
اصلا باعث جوش نمیشه 
بوی خیلی خوبی داره و بوش تا وقتی شسته میشه ماندگاره
در کل نسبت به قیمتش کارایی و کیفیت خوبی داره",0,true,2024-05-17T15:19:45+00:00,مثبت,0.79,محصول | اصل بودن کالا | قیمت,محصول
کرم مرطوب کننده اویل فری 75میل,https://www.khanoumi.com/products/comeon--moisturizing-cream-oil-free-22888,عالیه.....بهترین و درجه یک ترین آبرسان و مرطوب کننده  برای پوست های چرب ومختلط,0,true,2024-02-24T16:03:05+00:00,مثبت,0.91,محصول,محصول
کرم مرطوب کننده اویل فری 75میل,https://www.khanoumi.com/products/comeon--moisturizing-cream-oil-free-22888,عالیه.....بهترین و درجه یک ترین آبرسان و مرطوب کننده  برای پوست های چرب ومختلط,0,true,2024-02-24T16:01:44+00:00,مثبت,0.91,محصول,محصول
کرم مرطوب کننده اویل فری 75میل,https://www.khanoumi.com/products/comeon--moisturizing-cream-oil-free-22888,این مرطوب کننده رو جزوی از روتینتون کنین. مخصوصا اگه پوست چربی دارین. بعد از شستن پوست و زدن آبرسان، که بهتون بمب آبرسان کامان رو معرفی میکنم، حتما حتما مرطوب کننده بزنین تا پوستتون سالم و سرحال بمونه,0,false,2023-12-18T15:45:51+00:00,خنثی,0.35,محصول,محصول
کرم مرطوب کننده اویل فری 75میل,https://www.khanoumi.com/products/comeon--moisturizing-cream-oil-free-22888,من معمولا هر مرطوب کننده ای به پوستم نمیسازه و پوستم زود جوش میزنه. ولی این مرطوب کننده چون اصلا اصلا چرب نیست و سنگین نیست واقعا باعث جوش نشد برای من. با خیال راحت ازش استفاده کنین,0,false,2023-12-18T15:45:34+00:00,خنثی,0.35,محصول | اصل بودن کالا,محصول
کرم مرطوب کننده اویل فری 75میل,https://www.khanoumi.com/products/comeon--moisturizing-cream-oil-free-22888,من پوستم چربه و هر مرطوب کننده ای بهش نمیسازه. خداروشکر این مرطوب کننده رو دکتر بهم معرفی کرد و ازش خیلی راضیم,0,false,2023-12-18T15:45:22+00:00,مثبت,0.79,محصول,محصول
کرم مرطوب کننده اویل فری 75میل,https://www.khanoumi.com/products/comeon--moisturizing-cream-oil-free-22888,اگه دنبال یه مرطوب کننده سبک و فاقد چربی هستید که رطوبت پوستتون رو حفظ کنه و پر از ترکیبات مغذی باشه، توی خرید این مرطوب کننده شک نکنید,0,false,2023-12-16T12:28:43+00:00,خنثی,0.35,محصول,محصول
کرم مرطوب کننده اویل فری 75میل,https://www.khanoumi.com/products/comeon--moisturizing-cream-oil-free-22888,توی هوای سرد بعد از شستن پوستم با اینکه پوست چربی دارم هم حس خشکی و کشیدگی داشتم توی بعضی قسمت ها. از باف مرطوب کننده های عادی خوشم نمیومد.همین طور سنگینی و چربیشون رو دوست نداشم. ولی این هم سبکه هم خیلی زود جذب پوست میشه. خیلی دوسش دارم,0,false,2023-12-16T12:28:11+00:00,خنثی,0.35,محصول,محصول
کرم مرطوب کننده اویل فری 75میل,https://www.khanoumi.com/products/comeon--moisturizing-cream-oil-free-22888,هر مرطوب کننده ای میخردم پوستم باهاش جوش میزد. دکتر بهم این مرطوب کننده رو معرفی کرد و الان یک سالی هست ازش استفاده میکنم و به غیر این محصول هیچی دیگه به پوستم نمیسازه,0,false,2023-12-13T10:43:03+00:00,خنثی,0.35,محصول,محصول
کرم مرطوب کننده اویل فری 75میل,https://www.khanoumi.com/products/comeon--moisturizing-cream-oil-free-22888,این کرم خیلی خوب هست ولی کرم اووکادو کامان بهتر هست,0,true,2023-12-12T01:59:33+00:00,مثبت,0.79,محصول,محصول
کرم مرطوب کننده اویل فری 75میل,https://www.khanoumi.com/products/comeon--moisturizing-cream-oil-free-22888,اگه شما هم مثل من پوست پربی داری و از مرطوب کننده های سنگین متنفری. این مرطوب کننده رو حتما امتحان کن که پشیمون نمیشه. یه مرطوب کننده با کیفیت و سبک,0,false,2023-12-11T11:01:50+00:00,مثبت,0.67,محصول,محصول
کرم مرطوب کننده اویل فری 75میل,https://www.khanoumi.com/products/comeon--moisturizing-cream-oil-free-22888,بعد از شستن پوست که رطوبت و چربی های طبیعی پوس از بین میره واقعا به یه مررطوب کننده سبک نیاز داشم که پوستم رو به حال نرمال برگردونه. این مرطوب کننده واقعا عالیه. تازه حجشم خیلی خوبه,0,false,2023-11-29T11:40:26+00:00,مثبت,0.95,محصول,محصول
کرم مرطوب کننده اویل فری 75میل,https://www.khanoumi.com/products/comeon--moisturizing-cream-oil-free-22888,من که خیلی خیلی راضیم به عنوان کسی که پوستش چربه واقعا از بافت مرطوب کننده ها خوشم نمیومد ولی این محصول هم سبکه هم زود جذب میشه و واقعا دوستش دارم,0,false,2023-11-27T15:10:09+00:00,مثبت,0.79,محصول,محصول
کرم مرطوب کننده اویل فری 75میل,https://www.khanoumi.com/products/comeon--moisturizing-cream-oil-free-22888,من خیلی پوست چربی دارم و همیشه انتخاب یک مرطوب کننده که باعث جوش نشه برام سخت بوده. این محصول رو دکترم بهم معرفی کرد. الان یک ماهی میشه ازش استفاده میکنم و باید بگم نه باهاش جوش زدم نه زیادی سنگین و چرب میکنه پوستم رو,0,false,2023-11-27T11:10:39+00:00,خنثی,0.35,محصول,محصول
کرم مرطوب کننده اویل فری 75میل,https://www.khanoumi.com/products/comeon--moisturizing-cream-oil-free-22888,این کرم مرطوب کننده از بهترین مرطوب کننده هاییه که تا حالا داشتم. خیلی سبکه و حس چربی و سنگینی روی پوستایجاد نمیکنه. زود جذب میشه و پوست نرم و لطیف میکنه. باعث ایجاد جوش نمیشه و بوی ملایمی داره. قیمتش خیلی مناسبه و ارزش خرید داره,1,false,2022-10-18T07:52:42+00:00,مثبت,0.79,محصول | قیمت,محصول
کرم مرطوب کننده اویل فری 75میل,https://www.khanoumi.com/products/comeon--moisturizing-cream-oil-free-22888,"خیلی سریع جوب پوست میشه احساس سنگینی باهاش ندارم و جوش نزدم و پوستمو چرب نکرد
",6,false,2020-07-09T00:49:43+00:00,خنثی,0.35,محصول,محصول
کرم مرطوب کننده اویل فری 75میل,https://www.khanoumi.com/products/comeon--moisturizing-cream-oil-free-22888,محصول خوب و با کیفیته از وقتی خریدمش پوستم نرم تر شده و باهاش اصلا جوش نزدم و خیلی هم چرب نیست بوی خیلی خوبی هم داره و قدرت مرطوب کنندگیش خیلی خوبه و چربیش روی صورت نمیمونه جذب میشه,6,false,2020-04-22T15:42:24+00:00,مثبت,0.95,محصول | اصل بودن کالا,محصول
کرم مرطوب کننده اویل فری 75میل,https://www.khanoumi.com/products/comeon--moisturizing-cream-oil-free-22888,من مشتری ثابت این محصولم‌ واسه پوستای حساس عالیه تازه میتونی همیشه تو‌کیفت با خودت همه جا ببری,2,true,2020-03-22T16:43:25+00:00,مثبت,0.79,محصول,محصول
کرم مرطوب کننده اویل فری 75میل,https://www.khanoumi.com/products/comeon--moisturizing-cream-oil-free-22888,"اگر پوسستون حساسه زود جوش میزنه این کرم پوستتونو مرطوب میکنه اما چرب نه اینجاد نمیکنه 
و بو عالی داره ",1,false,2020-03-10T13:50:17+00:00,منفی,0.67,محصول,محصول
کرم مرطوب کننده اویل فری 75میل,https://www.khanoumi.com/products/comeon--moisturizing-cream-oil-free-22888,وای من اصا رابطه خوبی با مرطوب کننده نداشتم چقدر این کرم عالیه حتما واسه خانواده هم سفارش میدم اصا چرب نمیکنه پوست رو این ویژگیش عالیه سریع جذب پوست میشه و خیلی خوش بوعه,2,true,2020-02-23T15:57:34+00:00,مثبت,0.95,محصول,محصول
کرم مرطوب کننده اویل فری 75میل,https://www.khanoumi.com/products/comeon--moisturizing-cream-oil-free-22888,یه مرطوب کننده و آبرسان فوق العاده برای پوست چرب...من عاشق بوشم بوی تمیزی میده😍,0,true,2019-12-04T19:27:07+00:00,مثبت,0.67,محصول,محصول
کرم مرطوب کننده اویل فری 75میل,https://www.khanoumi.com/products/comeon--moisturizing-cream-oil-free-22888,من از این آبرسان برای پوست چرب و نرمالاش هم استفاده کردم فوق العاده با کیفیت هست و اصلا چرب نیس ولی متاسفانه بوی تندی داره و من مجدد نخریدم,0,false,2019-12-03T18:24:06+00:00,ترکیبی,0.79,محصول | اصل بودن کالا,محصول
کرم مرطوب کننده اویل فری 75میل,https://www.khanoumi.com/products/comeon--moisturizing-cream-oil-free-22888,"بوی این کرم عالیه
مرطوب کننده ی سبکیه و سریع جذب میشه",0,true,2019-11-28T16:09:07+00:00,مثبت,0.79,محصول,محصول
کرم مرطوب کننده اویل فری 75میل,https://www.khanoumi.com/products/comeon--moisturizing-cream-oil-free-22888,alieeeee👌👌👌,0,false,2019-11-22T14:58:25+00:00,خنثی,0.35,سایر,سایر
کرم مرطوب کننده اویل فری 75میل,https://www.khanoumi.com/products/comeon--moisturizing-cream-oil-free-22888,سلام من از این محصول استفاده کردم و راضی بودم و دوباره ,1,false,2019-10-23T14:43:50+00:00,مثبت,0.67,محصول,محصول
کرم مرطوب کننده اویل فری 75میل,https://www.khanoumi.com/products/comeon--moisturizing-cream-oil-free-22888,"محصول خوبیه و واقعا رطوبت رسان من قبلا هم از رایحه های دیگه اش داشتم و دوباره هم اینو گرفتم و راضی ام 
",1,false,2019-10-23T14:28:29+00:00,مثبت,0.91,محصول,محصول
کرم مرطوب کننده اویل فری 75میل,https://www.khanoumi.com/products/comeon--moisturizing-cream-oil-free-22888,بافت آبکی داره.پوست رو به خوبی آبرسانی میکنه و نرم.از بافتش هم عکس گذاشتم,6,true,2019-10-05T19:09:58+00:00,مثبت,0.67,محصول,محصول
کرم مرطوب کننده اویل فری 75میل,https://www.khanoumi.com/products/comeon--moisturizing-cream-oil-free-22888,واقعا ادعاش درسته و پوست رو کاملا آبرسانی میکنه و مرطوب! خیلی خیلی سبکه و برای پوست چرب عالیه! بوی خوبی هم داره!,2,true,2019-10-05T00:34:55+00:00,مثبت,0.91,محصول,محصول
کرم مرطوب کننده اویل فری 75میل,https://www.khanoumi.com/products/comeon--moisturizing-cream-oil-free-22888,من این مرطوب کننده رو استفاده کردم و واقعا عالیه محصولات کامان واقعا بی نظیره قبل از استفاده از این کرم پوستم دائما خشک میشد واقعا معرکس,4,true,2019-09-29T21:05:35+00:00,مثبت,0.79,محصول,محصول
کرم مرطوب کننده اویل فری 75میل,https://www.khanoumi.com/products/comeon--moisturizing-cream-oil-free-22888,مرطوب کننده ی به صرفه ای هست وقتی پخش میشه مثل اینه که اب زده باشی به دست و صورت. باعث جوش برای من که پوست خیلی چرب و حساسی دارم نشد.,4,true,2019-07-27T21:21:22.68+00:00,خنثی,0.35,محصول,محصول
کرم مرطوب کننده اویل فری 75میل,https://www.khanoumi.com/products/comeon--moisturizing-cream-oil-free-22888,بوی عطرش خیلی زیاده و من خیلی ارزونتر خریدم ,3,true,2019-06-21T23:14:10.3333333+00:00,خنثی,0.35,محصول | قیمت,محصول
کرم مرطوب کننده اویل فری 75میل,https://www.khanoumi.com/products/comeon--moisturizing-cream-oil-free-22888,"من چند روزه اين كرمو خريدم كيفيتش خيلي خوبه و بافت رقيقي داره ك سريع هم جذب ميشه
",7,true,2019-06-19T00:18:22+00:00,مثبت,0.91,محصول,محصول
کرم مرطوب کننده اویل فری 75میل,https://www.khanoumi.com/products/comeon--moisturizing-cream-oil-free-22888,ینی به صورتم میشه زد؟ روش چی نوشته؟,7,false,2019-04-20T18:36:00.2033333+00:00,خنثی,0.35,سایر,سایر
کرم مرطوب کننده اویل فری 75میل,https://www.khanoumi.com/products/comeon--moisturizing-cream-oil-free-22888,من چند وقتی هست استفاده میکنم خوبه راضیم ،پوستم چربه و باعث جوش نشده ،و اصلا چرب نیست و واقعا جذب سریعی داره ،مرسی,8,false,2019-03-31T12:29:25.7466667+00:00,مثبت,0.95,محصول | اصل بودن کالا,محصول
کرم مرطوب کننده بی کمپلکس نرمال حجم 400 میلی لیتر,https://www.khanoumi.com/products/comeon--moisturizing--normal-b-complex-cream-22889,فقط کرم های دست کامان خوبه بقیه محصولاتشو دوست نداشتم ولی اینو چند سال استفاده میکنم,0,true,2026-08-12T21:08:45.2252288+03:30,مثبت,0.79,محصول,محصول
کرم مرطوب کننده بی کمپلکس نرمال حجم 400 میلی لیتر,https://www.khanoumi.com/products/comeon--moisturizing--normal-b-complex-cream-22889,من از محصولات کامان راضی هستم در کل ولی این کرم بی نظیره دست من شدیداً اگزما و خشک شده بود و به هیچ کرم و مراقبتی جواب نمی‌داد تا این کرم رو گرفتم کمتر از یک هفته استفاده فوق العاده نرم شده و دیگه خشک نشده اصلا چرب و چسبنده نیست سریع جذب میشه یک مقدار بوش زیاد هست و میمونه که سلیقه ایه من دوست دارم,0,true,2026-07-01T19:56:06.3562421+03:30,مثبت,0.67,محصول | اصل بودن کالا,محصول
کرم مرطوب کننده بی کمپلکس نرمال حجم 400 میلی لیتر,https://www.khanoumi.com/products/comeon--moisturizing--normal-b-complex-cream-22889,کاملا نرم ولطبف میکنه زود هم جذب پوست من میشه بوی خوبی داره درکل راضی کننده هست,0,true,2026-05-22T21:26:57.6184406+03:30,مثبت,0.91,محصول,محصول
کرم مرطوب کننده بی کمپلکس نرمال حجم 400 میلی لیتر,https://www.khanoumi.com/products/comeon--moisturizing--normal-b-complex-cream-22889,محصولات کامان واقعا بویِ بد و تُندی میدن من این کرمو واسه بدنم استفاده میکنم و احساس میکنم دستامو سیاه کرده  زیاد کرم جالبی نیست!,0,false,2026-04-22T09:17:19.2427678+03:30,منفی,0.79,محصول,محصول
کرم مرطوب کننده بی کمپلکس نرمال حجم 400 میلی لیتر,https://www.khanoumi.com/products/comeon--moisturizing--normal-b-complex-cream-22889,استفادش خوبه بد نیست ولی خیلی بوی  عطر داره,0,false,2025-09-05T04:43:37.2766845+03:30,منفی,0.67,محصول,محصول
کرم مرطوب کننده بی کمپلکس نرمال حجم 400 میلی لیتر,https://www.khanoumi.com/products/comeon--moisturizing--normal-b-complex-cream-22889,چسبناک می کنه,0,true,2025-06-12T18:54:36.6849222+00:00,خنثی,0.35,سایر,سایر
کرم مرطوب کننده بی کمپلکس نرمال حجم 400 میلی لیتر,https://www.khanoumi.com/products/comeon--moisturizing--normal-b-complex-cream-22889,محصولات کامان عالییییین,0,true,2024-04-16T17:31:09+00:00,مثبت,0.67,محصول,محصول
کرم مرطوب کننده بی کمپلکس نرمال حجم 400 میلی لیتر,https://www.khanoumi.com/products/comeon--moisturizing--normal-b-complex-cream-22889,هم خیلی خوبه و هم به صرفه ست,0,true,2024-03-15T01:11:01+00:00,مثبت,0.91,سایر,سایر
کرم مرطوب کننده بی کمپلکس نرمال حجم 400 میلی لیتر,https://www.khanoumi.com/products/comeon--moisturizing--normal-b-complex-cream-22889,شارژ کنید لطفاااا,0,true,2024-02-23T21:07:51+00:00,خنثی,0.35,سایر,سایر
کرم مرطوب کننده بی کمپلکس نرمال حجم 400 میلی لیتر,https://www.khanoumi.com/products/comeon--moisturizing--normal-b-complex-cream-22889,موجود کنیددددد,0,true,2024-02-23T21:06:51+00:00,خنثی,0.35,محصول,محصول
کرم مرطوب کننده بی کمپلکس نرمال حجم 400 میلی لیتر,https://www.khanoumi.com/products/comeon--moisturizing--normal-b-complex-cream-22889,لطفا شارژش کنید این محصول عالیههههه,0,true,2024-02-03T01:54:50+00:00,مثبت,0.79,محصول,محصول
کرم مرطوب کننده بی کمپلکس نرمال حجم 400 میلی لیتر,https://www.khanoumi.com/products/comeon--moisturizing--normal-b-complex-cream-22889,کاش بازم تخفیف بذارین ,0,true,2023-12-25T00:40:40+00:00,خنثی,0.35,قیمت,قیمت
کرم مرطوب کننده بی کمپلکس نرمال حجم 400 میلی لیتر,https://www.khanoumi.com/products/comeon--moisturizing--normal-b-complex-cream-22889,چندتا نکته داره حجمش زیاده و خیلی خوب مرطوب میکنه پوست رو ولی خیلی کرم سنگینیه و برای منی که از چربی بدم میاد خیلی اذیت کنندست و بوی الکل خیلی تندی داره من خودم دوست دارم کرمی که میزنم بوی خوبی هم داشته باشه ولی مرطوب کنندگی خیلی خوبی داره برای پوست,0,true,2023-12-19T22:28:41+00:00,ترکیبی,0.92,محصول,محصول
کرم مرطوب کننده بی کمپلکس نرمال حجم 400 میلی لیتر,https://www.khanoumi.com/products/comeon--moisturizing--normal-b-complex-cream-22889,حجم و قیمتش واقعا خوبه. توی خریدش شک نکنین. هم دستتون رو نرم و لطیف میکنه هم باعث هیچ حساسیتی نمیشه. حتی اگه مثل من پوست حساسی داشته باشید. البته که کامان یه کرم برای پوست حساس هم داره ولی من از این استفاده کردم و خیلی دوسش دارم.,0,false,2023-12-16T12:42:32+00:00,مثبت,0.79,محصول | قیمت,محصول
کرم مرطوب کننده بی کمپلکس نرمال حجم 400 میلی لیتر,https://www.khanoumi.com/products/comeon--moisturizing--normal-b-complex-cream-22889,من اول مدل کوچیک ترش رو خردیه بودم. ولی اون رو گذاشتم توی کیفم که هر جا میرم باهام باشه. این رو خریدم برای خونه که همه اعضای خوبه به راحتی بتونن ازش استفاده کنن,0,false,2023-12-13T11:03:30+00:00,مثبت,0.79,محصول,محصول
کرم مرطوب کننده بی کمپلکس نرمال حجم 400 میلی لیتر,https://www.khanoumi.com/products/comeon--moisturizing--normal-b-complex-cream-22889,همیشه از کرم هایی که روی دست و پوست میموندن و حس چربی بهم میدادن بدم میومد. این اصلا اون طور نیست من که خیلی دوسش دارم,0,false,2023-12-11T10:47:02+00:00,ترکیبی,0.66,محصول | اصل بودن کالا,محصول
کرم مرطوب کننده بی کمپلکس نرمال حجم 400 میلی لیتر,https://www.khanoumi.com/products/comeon--moisturizing--normal-b-complex-cream-22889,من این کرم رو برای کل بدنم استفاده میکنم و خیلی دوسش دارم شما هم استفاده کنین، ترکیبات توش واقعا تاثیرگذارن,0,false,2023-11-29T11:20:21+00:00,منفی,0.67,محصول,محصول
کرم مرطوب کننده بی کمپلکس نرمال حجم 400 میلی لیتر,https://www.khanoumi.com/products/comeon--moisturizing--normal-b-complex-cream-22889,اگه مثل من دستتون رو خیلی میشورید، حتما این کرم رو امتحان کنین، خیلی دستتون رو لطیف میکنه,0,false,2023-11-27T15:19:10+00:00,خنثی,0.35,محصول,محصول
کرم مرطوب کننده بی کمپلکس نرمال حجم 400 میلی لیتر,https://www.khanoumi.com/products/comeon--moisturizing--normal-b-complex-cream-22889,بهترین گزینه برای سر کاره. خودم و همکارام عاشقش هستیم. اگه یه کرم میخواید که دستتون رو نرم کنه و زود جذب باشه و چربم نباشه. بهترین گزینه است,0,false,2023-11-27T15:18:12+00:00,مثبت,0.79,محصول,محصول
کرم مرطوب کننده بی کمپلکس نرمال حجم 400 میلی لیتر,https://www.khanoumi.com/products/comeon--moisturizing--normal-b-complex-cream-22889,بوی خوبی داره ازش راضیم ولی به نظرم مدل آووکادو نرم کنندگیش بهتره تا بلوبری ,0,true,2023-11-27T15:16:04+00:00,مثبت,0.91,محصول,محصول
کرم مرطوب کننده بی کمپلکس نرمال حجم 400 میلی لیتر,https://www.khanoumi.com/products/comeon--moisturizing--normal-b-complex-cream-22889,پمپی بودن این مرطوب کننده باعث میشه هم زمان چند نفر ازش استفاده کنن. من به عنوان کرم دست ازش استفاده میکنم. ولی شنیدن به عنوان کرم مرطوب کننده صورت هم میشه ازش استفاده کرد,0,false,2023-11-27T11:35:28+00:00,خنثی,0.35,محصول,محصول
کرم مرطوب کننده بی کمپلکس نرمال حجم 400 میلی لیتر,https://www.khanoumi.com/products/comeon--moisturizing--normal-b-complex-cream-22889,تازه به دستم رسیده، واقعا آبرسانی عمیق و خوبی داره، بوی معمولی داره، من خیلی دوست نداشتم، ولی در مجموع راضی هستم و نسبت به حجم و قیمتش، به صرفه ست، ممنون از تخفیف خوب خانومی,0,true,2023-09-11T15:22:16+00:00,مثبت,0.95,محصول | قیمت | تحویل و ارسال,محصول
کرم مرطوب کننده بی کمپلکس نرمال حجم 400 میلی لیتر,https://www.khanoumi.com/products/comeon--moisturizing--normal-b-complex-cream-22889,به موقع و سالم به دستم رسید مرسی از خانومی.,0,false,2023-06-18T11:19:56.3366667+00:00,مثبت,0.67,محصول | تحویل و ارسال,محصول
کرم مرطوب کننده بی کمپلکس نرمال حجم 400 میلی لیتر,https://www.khanoumi.com/products/comeon--moisturizing--normal-b-complex-cream-22889,بافت خیلی سبکی داره و راحت جذب میشه . پوستم برای طولانی مدت آبرسانی می کنه و نرم باقی می مونه. خانوادگی می تونید ازش استفاده کنید.,0,false,2023-06-18T09:53:01.4233333+00:00,خنثی,0.35,محصول,محصول
کرم مرطوب کننده بی کمپلکس نرمال حجم 400 میلی لیتر,https://www.khanoumi.com/products/comeon--moisturizing--normal-b-complex-cream-22889,مرطوب کننده ی خیلی خوبیه من راضیم ,0,true,2022-03-28T13:49:41+00:00,مثبت,0.95,سایر,سایر
کرم مرطوب کننده بی کمپلکس نرمال حجم 400 میلی لیتر,https://www.khanoumi.com/products/comeon--moisturizing--normal-b-complex-cream-22889,خیلی وقته که از این کرم استفاده می کنم. این مدل پمپی کرم های کامان فوق العاده به صرفه است و مدت زمان زیادی براتون می مونه. به سرعت جذب پوست میشه و اصلا حس سنگینی روی پوست شما ایجاد نمی کنه. ,3,false,2022-01-18T09:15:34+00:00,مثبت,0.79,محصول | اصل بودن کالا,محصول
کرم مرطوب کننده بی کمپلکس نرمال حجم 400 میلی لیتر,https://www.khanoumi.com/products/comeon--moisturizing--normal-b-complex-cream-22889,محصولات کامان خیلی خوبن,0,true,2021-08-28T22:29:08+00:00,مثبت,0.79,محصول,محصول
کرم مرطوب کننده بی کمپلکس نرمال حجم 400 میلی لیتر,https://www.khanoumi.com/products/comeon--moisturizing--normal-b-complex-cream-22889,عالیه با بوی فوق العاده خوبش.,0,true,2021-06-24T12:54:36+00:00,مثبت,0.95,محصول,محصول
کرم مرطوب کننده بی کمپلکس نرمال حجم 400 میلی لیتر,https://www.khanoumi.com/products/comeon--moisturizing--normal-b-complex-cream-22889,خیلی زود جذب میشه و‌چربیش رو پوست نمیمونه,2,true,2021-02-07T01:02:05+00:00,خنثی,0.35,محصول,محصول
کرم مرطوب کننده بی کمپلکس نرمال حجم 400 میلی لیتر,https://www.khanoumi.com/products/comeon--moisturizing--normal-b-complex-cream-22889,خیلی محصول خوبیه,4,false,2020-07-16T08:32:19+00:00,مثبت,0.67,محصول,محصول
کرم مرطوب کننده بی کمپلکس نرمال حجم 400 میلی لیتر,https://www.khanoumi.com/products/comeon--moisturizing--normal-b-complex-cream-22889,بوش بد نیست ولی صورتو چرب بنظرم سیاه میکنه برای دست و بدن خوبه,3,true,2020-05-27T01:34:10+00:00,مثبت,0.79,محصول,محصول
کرم مرطوب کننده بی کمپلکس نرمال حجم 400 میلی لیتر,https://www.khanoumi.com/products/comeon--moisturizing--normal-b-complex-cream-22889,خیلی کرم خوبیه.سبکه و زود جذب میشه و بوی خوبی هم داره.,7,true,2020-03-09T19:43:49+00:00,مثبت,0.79,محصول,محصول
کرم مرطوب کننده بی کمپلکس نرمال حجم 400 میلی لیتر,https://www.khanoumi.com/products/comeon--moisturizing--normal-b-complex-cream-22889,به نظر من خیلی عالیه آبرسان قوی و خوبیش اینه که زیاد چرب نیست سریع جذب میشه ,1,true,2019-12-05T10:35:49+00:00,مثبت,0.91,سایر,سایر
کرم مرطوب کننده بی کمپلکس نرمال حجم 400 میلی لیتر,https://www.khanoumi.com/products/comeon--moisturizing--normal-b-complex-cream-22889,من که خیلی راضیم بوی فوق العاده ای داره روغن و چربی اضافه رو پوست نمیزاره و خیلی به صرفه اس قیمتشم که نسبت ب حجمش عالیه من که عاشقش شدم مرسی خانومی,2,true,2019-11-29T08:42:17.4566667+00:00,مثبت,0.95,محصول | قیمت,محصول
کرم مرطوب کننده بی کمپلکس نرمال حجم 400 میلی لیتر,https://www.khanoumi.com/products/comeon--moisturizing--normal-b-complex-cream-22889,من راضیم چون پوستو چرب نمیکنه ولی مرطوب میمونه,3,false,2019-10-22T19:04:47+00:00,مثبت,0.79,محصول,محصول
کرم مرطوب کننده بی کمپلکس نرمال حجم 400 میلی لیتر,https://www.khanoumi.com/products/comeon--moisturizing--normal-b-complex-cream-22889,محصولات كامان ابرسان قوي هستن و خيلي پوست و لطيف ميكنن,3,true,2019-10-22T10:19:38+00:00,خنثی,0.35,محصول,محصول
کرم مرطوب کننده بی کمپلکس نرمال حجم 400 میلی لیتر,https://www.khanoumi.com/products/comeon--moisturizing--normal-b-complex-cream-22889,محصولات کامان فوق العاده هس ، من از کرم ترک پا و مرطوب کنندش استفاده کردم و کاملا راضی بودم ، ممنون از سایت خیلی خوبتون ,4,true,2019-10-19T19:35:31+00:00,مثبت,0.95,محصول,محصول
کرم مرطوب کننده بی کمپلکس نرمال حجم 400 میلی لیتر,https://www.khanoumi.com/products/comeon--moisturizing--normal-b-complex-cream-22889,من از س محصول کامان استفاده کردم .واقعا عالیه .هم کرم مرطوب کننده رو دارم و هم فیس واش و هم کرم ترک پا.واقعا عااللی بودم .مررررسی از خانمی بابت این محصولاتی ک معرفی کردن,1,true,2019-10-19T16:02:45+00:00,مثبت,0.79,محصول,محصول
کرم مرطوب کننده بی کمپلکس نرمال حجم 400 میلی لیتر,https://www.khanoumi.com/products/comeon--moisturizing--normal-b-complex-cream-22889,به‌نظرم یکی از بهترین کرم های مرطوب کننده بازار هست. ,3,true,2019-09-30T08:42:36+00:00,مثبت,0.67,محصول,محصول
کرم مرطوب کننده بی کمپلکس نرمال حجم 400 میلی لیتر,https://www.khanoumi.com/products/comeon--moisturizing--normal-b-complex-cream-22889,به نظر من که عالیههههههه,5,true,2019-07-17T13:26:00.8466667+00:00,مثبت,0.79,سایر,سایر
کرم مرطوب کننده بی کمپلکس نرمال حجم 400 میلی لیتر,https://www.khanoumi.com/products/comeon--moisturizing--normal-b-complex-cream-22889,خیلی چسبونکی  میکنی 😒 یه جوریه خوشم نیومد,9,true,2019-03-05T21:28:50.9333333+00:00,خنثی,0.35,محصول,محصول
کرم مرطوب کننده مدل بی کمپلکس اویل پلاس 400میل,https://www.khanoumi.com/products/comeon--moisturizing--oily-b-complex-cream-22890,اصلا نخرید‌مزخرف,0,false,2026-08-19T10:15:38.0792028+03:30,مثبت,0.67,اصل بودن کالا,اصل بودن کالا
کرم مرطوب کننده مدل بی کمپلکس اویل پلاس 400میل,https://www.khanoumi.com/products/comeon--moisturizing--oily-b-complex-cream-22890,کرم مرطوب کننده‌کامان‌خیلی خیلی به درد نخوره توصیه‌میکنم‌نخرین‌هم‌بوش‌بده هم واقعا پوست رو اصلا اصلا اصلا مرطوب نمیکنه‌,0,false,2026-08-19T10:15:13.465038+03:30,ترکیبی,0.87,محصول | اصل بودن کالا,محصول
کرم مرطوب کننده مدل بی کمپلکس اویل پلاس 400میل,https://www.khanoumi.com/products/comeon--moisturizing--oily-b-complex-cream-22890,واقعا کرم ش عالیه من استفاده می‌کنم فقط قبلا ارزون تر بود الان خیلی گرون شده,0,false,2026-08-18T01:55:23.8384596+03:30,مثبت,0.79,محصول | قیمت,محصول
کرم مرطوب کننده مدل بی کمپلکس اویل پلاس 400میل,https://www.khanoumi.com/products/comeon--moisturizing--oily-b-complex-cream-22890,خرید کردم عالی هست,0,true,2026-08-12T14:24:20.3590506+03:30,مثبت,0.67,سایر,سایر
کرم مرطوب کننده مدل بی کمپلکس اویل پلاس 400میل,https://www.khanoumi.com/products/comeon--moisturizing--oily-b-complex-cream-22890,خیلی خوبه،من واسه فقط و فقط از این استفاده میکنم و هربار شارژش میکنم،خانومی هم با قیمت کف بازار میفروشه این محصول رو,0,true,2026-08-02T10:52:56.0429616+03:30,مثبت,0.91,محصول | قیمت,محصول
کرم مرطوب کننده مدل بی کمپلکس اویل پلاس 400میل,https://www.khanoumi.com/products/comeon--moisturizing--oily-b-complex-cream-22890,هیچ وقت برای خریدن محصولات کامان از سایت خانومی غافل نشید هم اصله هم بهترین محصول و بهتون میرسونن این محصول واقعا با کیفیت و نرم کننده قوی هستش,0,true,2026-07-25T09:42:35.2506769+03:30,مثبت,0.79,محصول | اصل بودن کالا,محصول
کرم مرطوب کننده مدل بی کمپلکس اویل پلاس 400میل,https://www.khanoumi.com/products/comeon--moisturizing--oily-b-complex-cream-22890,من پوست دستم خیلز خشکه خیلی عالیه. زودجذبه. و پوست رو خیلی لطیف میکنه. ولی قیمتش زیاد شده تخفیف بزارید لطفا,0,false,2026-07-20T13:28:47.3311348+03:30,مثبت,0.79,محصول | قیمت,محصول
کرم مرطوب کننده مدل بی کمپلکس اویل پلاس 400میل,https://www.khanoumi.com/products/comeon--moisturizing--oily-b-complex-cream-22890,این محصول عالیه چندساله استفاده میکنم هم ابرسانی خوبی داره هم یکی دو درجه رنگ پوست دست هامو روشن تر کرده,0,false,2026-07-07T22:25:25.0325539+03:30,مثبت,0.91,محصول,محصول
کرم مرطوب کننده مدل بی کمپلکس اویل پلاس 400میل,https://www.khanoumi.com/products/comeon--moisturizing--oily-b-complex-cream-22890,خوبه نرم و سبکه ولی خیلی زود جذب نمیشه,0,true,2026-07-07T20:58:53.2825824+03:30,مثبت,0.79,سایر,سایر
کرم مرطوب کننده مدل بی کمپلکس اویل پلاس 400میل,https://www.khanoumi.com/products/comeon--moisturizing--oily-b-complex-cream-22890,نرم کننده خیلی خوبیه رطوبت رو حفظ میکنه رو پوست فقط اینکه بوی زیاد خوبی نداره,0,true,2026-07-04T15:58:05.4192821+03:30,مثبت,0.67,محصول,محصول
کرم مرطوب کننده مدل بی کمپلکس اویل پلاس 400میل,https://www.khanoumi.com/products/comeon--moisturizing--oily-b-complex-cream-22890,خیلی عطر داره ولی ابرسانیش خوبه,0,true,2026-06-29T17:38:27.571698+03:30,مثبت,0.79,محصول,محصول
کرم مرطوب کننده مدل بی کمپلکس اویل پلاس 400میل,https://www.khanoumi.com/products/comeon--moisturizing--oily-b-complex-cream-22890,کرم خوبیه غلظتش مناسبه و پوستو مرطوب و خنک میکنه حیف ک زود اثرش از بین میره و منی ک پوستم خشکه مدام باید تمدیدش‌کنم...بوش هم معمولیه و حجمش هم خیلی خوبه,0,false,2026-05-30T22:57:51.26075+03:30,مثبت,0.95,محصول,محصول
کرم مرطوب کننده مدل بی کمپلکس اویل پلاس 400میل,https://www.khanoumi.com/products/comeon--moisturizing--oily-b-complex-cream-22890,این کرم اصلا خوب نیست، باعث سوزش چشمو پوست میشه.,0,false,2026-05-25T15:29:13.9154188+03:30,منفی,0.79,محصول | اصل بودن کالا,اصل بودن کالا
کرم مرطوب کننده مدل بی کمپلکس اویل پلاس 400میل,https://www.khanoumi.com/products/comeon--moisturizing--oily-b-complex-cream-22890,قیمت مناسبی داشت و برند محبوبیه,0,true,2026-05-20T06:59:20.1919428+03:30,خنثی,0.35,محصول | قیمت,محصول
کرم مرطوب کننده مدل بی کمپلکس اویل پلاس 400میل,https://www.khanoumi.com/products/comeon--moisturizing--oily-b-complex-cream-22890,"رطوبت رسانی خوب 
زود جذب 
برای پوست معمولی تا کمی خشک خوبه 
خیلی بوی غلیظی نداره 
به صرفه هم‌هست",0,true,2026-05-19T21:29:46.4324136+03:30,مثبت,0.91,محصول,محصول
کرم مرطوب کننده مدل بی کمپلکس اویل پلاس 400میل,https://www.khanoumi.com/products/comeon--moisturizing--oily-b-complex-cream-22890,ماچندساله برای دست میگیریم خیلی خوبه,0,true,2026-05-18T10:27:33.3143272+03:30,مثبت,0.91,سایر,سایر
کرم مرطوب کننده مدل بی کمپلکس اویل پلاس 400میل,https://www.khanoumi.com/products/comeon--moisturizing--oily-b-complex-cream-22890,سلام من این آبرسان را چهار سال هست استفاده میکنم خیلی خوبه برای پوست های احساس و خشک,0,true,2026-04-27T15:48:28.7271749+03:30,مثبت,0.91,محصول,محصول
کرم مرطوب کننده مدل بی کمپلکس اویل پلاس 400میل,https://www.khanoumi.com/products/comeon--moisturizing--oily-b-complex-cream-22890,بد نیست,0,true,2026-04-20T16:11:19.2606051+03:30,مثبت,0.67,سایر,سایر
کرم مرطوب کننده مدل بی کمپلکس اویل پلاس 400میل,https://www.khanoumi.com/products/comeon--moisturizing--oily-b-complex-cream-22890,برای صورت اصلا مناسب نیست من پوستم خشک بود که باعث جوش شد برای خواهرم که پوست چربی داره هم همینطور بود,0,true,2026-04-19T13:37:36.2659758+03:30,منفی,0.67,محصول | اصل بودن کالا,اصل بودن کالا
کرم مرطوب کننده مدل بی کمپلکس اویل پلاس 400میل,https://www.khanoumi.com/products/comeon--moisturizing--oily-b-complex-cream-22890,محصولات این برند پوست منو داغون کرد.,0,false,2026-04-09T23:43:31.728121+03:30,منفی,0.67,محصول,محصول
کرم مرطوب کننده مدل بی کمپلکس اویل پلاس 400میل,https://www.khanoumi.com/products/comeon--moisturizing--oily-b-complex-cream-22890,برای دست استفاده می‌کنم، خوبه,0,false,2026-04-03T22:48:26.8560141+03:30,مثبت,0.79,سایر,سایر
کرم مرطوب کننده مدل بی کمپلکس اویل پلاس 400میل,https://www.khanoumi.com/products/comeon--moisturizing--oily-b-complex-cream-22890,فوق العادست. دستام رو خیلى نرم و لطیف میکنه,0,true,2026-04-03T11:52:22.2072012+03:30,خنثی,0.35,سایر,سایر
کرم مرطوب کننده مدل بی کمپلکس اویل پلاس 400میل,https://www.khanoumi.com/products/comeon--moisturizing--oily-b-complex-cream-22890,من همیشه از این کرم استفاده میکنم واسه پوست خشک عالیههههههه فقط بسته بندیش جدید شده اینسری که سفارش دادم,0,true,2026-04-01T13:02:07.2455144+03:30,مثبت,0.79,تحویل و ارسال | محصول,تحویل و ارسال
کرم مرطوب کننده مدل بی کمپلکس اویل پلاس 400میل,https://www.khanoumi.com/products/comeon--moisturizing--oily-b-complex-cream-22890,عالیییی بخرین چند منظوره است,0,false,2026-03-28T16:42:07.6684996+03:30,مثبت,0.67,سایر,سایر
کرم مرطوب کننده مدل بی کمپلکس اویل پلاس 400میل,https://www.khanoumi.com/products/comeon--moisturizing--oily-b-complex-cream-22890,برای دست و اینا خوبه عطر داره و سنگینه من که برای صورتم استفاده نمی‌کنم,0,false,2026-03-26T13:32:03.6296418+03:30,مثبت,0.79,محصول,محصول
کرم مرطوب کننده مدل بی کمپلکس اویل پلاس 400میل,https://www.khanoumi.com/products/comeon--moisturizing--oily-b-complex-cream-22890,بوی خوب و مرطوب کنندگی بالایی داره,0,false,2026-03-16T01:06:36.5621083+03:30,مثبت,0.67,محصول,محصول
کرم مرطوب کننده مدل بی کمپلکس اویل پلاس 400میل,https://www.khanoumi.com/products/comeon--moisturizing--oily-b-complex-cream-22890,خیلی عالی و خوشبو مرسی از خانومی,0,true,2026-03-15T12:02:36.8749799+03:30,مثبت,0.79,محصول,محصول
کرم مرطوب کننده مدل بی کمپلکس اویل پلاس 400میل,https://www.khanoumi.com/products/comeon--moisturizing--oily-b-complex-cream-22890,"نرم کنندگی و مرطوب کنندگی عالی
البته برا پوست دست و بدن
صورت ریسکه",0,true,2026-03-09T17:36:46.6213921+03:30,ترکیبی,0.66,محصول,محصول
کرم مرطوب کننده مدل بی کمپلکس اویل پلاس 400میل,https://www.khanoumi.com/products/comeon--moisturizing--oily-b-complex-cream-22890,عالیه من برای بار 7 خرید میکنم,0,true,2026-02-26T13:13:08.6356566+03:30,مثبت,0.79,سایر,سایر
کرم مرطوب کننده مدل بی کمپلکس اویل پلاس 400میل,https://www.khanoumi.com/products/comeon--moisturizing--oily-b-complex-cream-22890,عالی عالی مرطوب کننده مناسب برای پوست خشک ابرسان عالی داد ب پوستم,0,true,2026-02-24T02:24:29.5257078+03:30,مثبت,0.91,محصول,محصول
کرم مرطوب کننده مدل بی کمپلکس اویل پلاس 400میل,https://www.khanoumi.com/products/comeon--moisturizing--oily-b-complex-cream-22890,عالی عالی عالی,0,true,2026-02-23T19:30:18.3506601+03:30,مثبت,0.91,سایر,سایر
کرم مرطوب کننده مدل بی کمپلکس اویل پلاس 400میل,https://www.khanoumi.com/products/comeon--moisturizing--oily-b-complex-cream-22890,خیلی خوش بو و مرطوب کنندگی عالی داره واقعا از خانومی بابت ارسال به موقع و نظم خوبش ممنونم.. بعد از چندین تجربه بد از دیجی کالا و اسنپ شاپ واقعا خانومی همیشه خوب عمل میکنه بدون دیرکرد یا بی نظمی ... دم همتون تو بخش های مختلف گرم,0,true,2026-02-15T09:52:29.2233523+03:30,ترکیبی,0.9,محصول | تحویل و ارسال,محصول
کرم مرطوب کننده مدل بی کمپلکس اویل پلاس 400میل,https://www.khanoumi.com/products/comeon--moisturizing--oily-b-complex-cream-22890,واقعا عالیه برای من که نسبتن پوستم خشکه عالیهه,0,false,2026-02-05T21:12:36.5275299+03:30,مثبت,0.95,محصول,محصول
کرم مرطوب کننده مدل بی کمپلکس اویل پلاس 400میل,https://www.khanoumi.com/products/comeon--moisturizing--oily-b-complex-cream-22890,بعد زدنش روی پوست خیلی احساس خنکی میده و نسبت ب حجمش خیلی ب صرفه هست,0,true,2026-01-30T14:55:44.4476417+03:30,خنثی,0.35,محصول,محصول
کرم مرطوب کننده مدل بی کمپلکس اویل پلاس 400میل,https://www.khanoumi.com/products/comeon--moisturizing--oily-b-complex-cream-22890,خیلی بد بود هست.بوش خیلی خیلی عطری و زیاد هست.اصلا توصیه نمیکنم بوش افتضاح و غیرقابل تحمل هست,0,false,2026-01-24T19:43:19.7972357+03:30,منفی,0.91,محصول | اصل بودن کالا,اصل بودن کالا
کرم مرطوب کننده مدل بی کمپلکس اویل پلاس 400میل,https://www.khanoumi.com/products/comeon--moisturizing--oily-b-complex-cream-22890,کلا برند کامان همه محصولاتش جذاب و رضایت بخشه,0,false,2026-01-08T12:10:04.6866368+03:30,خنثی,0.35,محصول,محصول
کرم مرطوب کننده مدل بی کمپلکس اویل پلاس 400میل,https://www.khanoumi.com/products/comeon--moisturizing--oily-b-complex-cream-22890,خیلی خوبه آبرسلنی خوبی داره بوشم خوبه,0,true,2025-12-29T12:01:19.3708842+03:30,مثبت,0.95,محصول,محصول
کرم مرطوب کننده مدل بی کمپلکس اویل پلاس 400میل,https://www.khanoumi.com/products/comeon--moisturizing--oily-b-complex-cream-22890,خیلی خوب و عالی،،منکه راضیم هم جذب خوبی داره هم چسبناک نیست هم بوی ملایم و خوبی داره و هم سنگین نیست,0,true,2025-12-28T22:16:41.4279063+03:30,مثبت,0.95,محصول,محصول
کرم مرطوب کننده مدل بی کمپلکس اویل پلاس 400میل,https://www.khanoumi.com/products/comeon--moisturizing--oily-b-complex-cream-22890,عالیه من که راضیم خرید دوم هستش,0,true,2025-12-12T08:43:31.6164456+03:30,مثبت,0.95,سایر,سایر
کرم مرطوب کننده مدل بی کمپلکس اویل پلاس 400میل,https://www.khanoumi.com/products/comeon--moisturizing--oily-b-complex-cream-22890,"بوی خوبی داره‌ و پوستو‌ حسابی نرم‌ میکنه 
ماندگاریشم‌ خیلی خوبه",0,true,2025-12-05T09:06:42.4260227+03:30,مثبت,0.95,محصول,محصول
کرم مرطوب کننده مدل بی کمپلکس اویل پلاس 400میل,https://www.khanoumi.com/products/comeon--moisturizing--oily-b-complex-cream-22890,واقعا پوست رو نرم و لطیف میکنه و از خشکی پوست جلوگیری میکنه و بوی خوب و حجم مناسبی داره,0,true,2025-12-03T09:20:14.4236549+03:30,مثبت,0.67,محصول,محصول
کرم مرطوب کننده مدل بی کمپلکس اویل پلاس 400میل,https://www.khanoumi.com/products/comeon--moisturizing--oily-b-complex-cream-22890,من اگزما دارم استفاده  میکنم خیلی راضیم,0,false,2025-11-28T13:38:03.4348844+03:30,مثبت,0.79,سایر,سایر
کرم مرطوب کننده مدل بی کمپلکس اویل پلاس 400میل,https://www.khanoumi.com/products/comeon--moisturizing--oily-b-complex-cream-22890,بار پنجمه که میخرم خیلی خوبه فقط اینبار که فرستاده بودن اون بخش آبی که برند کامان خورده پر رنگ تر از همیشه هستش و فرق داره,0,true,2025-11-26T10:12:32.5063287+03:30,مثبت,0.91,محصول,محصول
کرم مرطوب کننده مدل بی کمپلکس اویل پلاس 400میل,https://www.khanoumi.com/products/comeon--moisturizing--oily-b-complex-cream-22890,"واقعا عالیه خیلی خوب و کاربردی بود 
فوق العاده‌ست",0,false,2025-10-31T12:36:21.5918868+03:30,مثبت,0.95,محصول,محصول
کرم مرطوب کننده مدل بی کمپلکس اویل پلاس 400میل,https://www.khanoumi.com/products/comeon--moisturizing--oily-b-complex-cream-22890,من پوستم خیلی خشکه دستام اگزماهم داره عالی بودممنون,0,true,2025-10-17T20:34:01.8364789+03:30,مثبت,0.91,محصول,محصول
کرم مرطوب کننده مدل بی کمپلکس اویل پلاس 400میل,https://www.khanoumi.com/products/comeon--moisturizing--oily-b-complex-cream-22890,عالیه پوست دستم رو رسن وگوشه ناخنم رو مرتب و نرم میکنه ولک های دیتم کمرنگ ترشده,0,true,2025-10-15T10:31:11.4305882+03:30,مثبت,0.79,محصول,محصول
کرم مرطوب کننده مدل بی کمپلکس اویل پلاس 400میل,https://www.khanoumi.com/products/comeon--moisturizing--oily-b-complex-cream-22890,به عنوان مرطوب کننده استفاده میکنم حجم خوبی داره و عارضه ای نداشته درکل راضیم,0,true,2025-10-11T14:10:40.9207685+03:30,منفی,0.67,محصول,محصول
کرم مرطوب کننده مدل بی کمپلکس اویل پلاس 400میل,https://www.khanoumi.com/products/comeon--moisturizing--oily-b-complex-cream-22890,من این کرم رو به عنوان لوسیون بدن استفاده میکنم و وقعا عالیه و بوی خیلی خوبی داره هروقت میزنم همه فکر میکنن من عطر زدم هیچ وقت به پوست صورتم نزدم و هیچوقت هم نمیزنم,0,false,2025-10-10T14:17:19.0719213+03:30,مثبت,0.91,محصول,محصول
کرم مرطوب کننده مدل بی کمپلکس اویل پلاس 400میل,https://www.khanoumi.com/products/comeon--moisturizing--oily-b-complex-cream-22890,بسیار کرم خوبیه،مرطوب کنندگی عالی داره،پوست رو نرم ولطیف میکنه جذب بالایی هم داره من خیلی راضیم وبه شماهم توصیه میکنم این چندمین باره که میخرم.,0,false,2025-10-03T09:45:49.7408877+03:30,مثبت,0.95,محصول,محصول
کرم مرطوب کننده مدل بی کمپلکس اویل پلاس 400میل,https://www.khanoumi.com/products/comeon--moisturizing--oily-b-complex-cream-22890,اصلا اصلا پیشنهاد نمیشه باعث جوش های ریز و زیر پوستی میشه نه فقط برای من برای کل خانوادم با یک قیمت خیلی کم بیشتر میشه یک ابران خوب گرفت,0,false,2025-09-27T14:21:33.391383+03:30,مثبت,0.79,اصل بودن کالا | محصول | قیمت,اصل بودن کالا
کرم مرطوب کننده مدل بی کمپلکس اویل پلاس 400میل,https://www.khanoumi.com/products/comeon--moisturizing--oily-b-complex-cream-22890,خیلی خیلی بد بود اصلا آبرسانی خوبی نداره برای بوست و برای من و خانوادم باعث جوش های ریز و زیر پوستی شد اصلا پیشنهاد نمی کنم یم مدل دیگه هم داره بمب آبرسان اون هم بد نیست ولی آبرسانی زیادی نداره,0,false,2025-09-27T14:19:02.7369687+03:30,منفی,0.67,محصول | اصل بودن کالا,اصل بودن کالا
کرم مرطوب کننده مدل بی کمپلکس اویل پلاس 400میل,https://www.khanoumi.com/products/comeon--moisturizing--oily-b-complex-cream-22890,عالیه و تخصصی زبری و اگزما ی دستمو خوب کرد خواهرمم مصرف میکنه خیلی راضی ایه,0,false,2025-09-20T17:13:06.8913885+03:30,مثبت,0.95,محصول,محصول
کرم مرطوب کننده مدل بی کمپلکس اویل پلاس 400میل,https://www.khanoumi.com/products/comeon--moisturizing--oily-b-complex-cream-22890,من انقدر ازین کرم راضی ام ک فکر کنم 20مین باره ک میخرم،سبک و زودجذب و حجم بالا، و برای دست و صورت و بدن استفاده میکنم و راضی ام,0,true,2025-09-16T17:04:04.6430774+03:30,مثبت,0.91,محصول,محصول
کرم مرطوب کننده مدل بی کمپلکس اویل پلاس 400میل,https://www.khanoumi.com/products/comeon--moisturizing--oily-b-complex-cream-22890,من واسه دستم استفاده میکنم واقعا عالیه، پوستو کاملا آبرسانی میکنه و مرطوب نگه میداره.,0,true,2025-09-10T11:11:25.1682359+03:30,مثبت,0.79,محصول,محصول
کرم مرطوب کننده مدل بی کمپلکس اویل پلاس 400میل,https://www.khanoumi.com/products/comeon--moisturizing--oily-b-complex-cream-22890,من چند روز پیش سفارش دادم با شانس یکی بخر دو تا ببر دوتا تحویل گرفتم,0,true,2025-09-08T17:37:49.2614188+03:30,خنثی,0.35,تحویل و ارسال,تحویل و ارسال
کرم مرطوب کننده مدل بی کمپلکس اویل پلاس 400میل,https://www.khanoumi.com/products/comeon--moisturizing--oily-b-complex-cream-22890,"من اولین باره سفارش دادم این محصولو اونم با اف 50درصدی واقعا عالیه هم پوستمو حسابی لطیف و سرحال میکنه هم آرایشم رو صورتم خوب میخابه
اینم بگم از محصولا دیگه کامان برا پوستم استفاده کردم واقعا عالین برا پوست من",0,true,2025-08-28T18:06:06.8842557+00:00,مثبت,0.95,محصول,محصول
کرم مرطوب کننده مدل بی کمپلکس اویل پلاس 400میل,https://www.khanoumi.com/products/comeon--moisturizing--oily-b-complex-cream-22890,من راضیم خوبه,0,true,2025-08-26T10:28:03.0813159+00:00,مثبت,0.95,سایر,سایر
کرم مرطوب کننده مدل بی کمپلکس اویل پلاس 400میل,https://www.khanoumi.com/products/comeon--moisturizing--oily-b-complex-cream-22890,ببخشید دوستانی که خریدین در ترکیباتش پارابن نداره؟,0,false,2025-08-12T13:40:19.3317199+00:00,خنثی,0.35,سایر,سایر
کرم مرطوب کننده مدل بی کمپلکس اویل پلاس 400میل,https://www.khanoumi.com/products/comeon--moisturizing--oily-b-complex-cream-22890,به نظرم عالی بود و بوی خیلی قشنگی داره، حتما پیشنهاد میکنم بخرید,0,true,2025-06-30T20:10:46.2579944+00:00,مثبت,0.95,محصول,محصول
کرم مرطوب کننده مدل بی کمپلکس اویل پلاس 400میل,https://www.khanoumi.com/products/comeon--moisturizing--oily-b-complex-cream-22890,توی تخفیف خریدم.. واقعا کرم خوبیه,0,true,2025-06-29T12:51:10.6351362+00:00,مثبت,0.67,محصول | قیمت,محصول
کرم مرطوب کننده مدل بی کمپلکس اویل پلاس 400میل,https://www.khanoumi.com/products/comeon--moisturizing--oily-b-complex-cream-22890,خیلی خوب بود,0,true,2025-06-21T21:01:06.3181272+00:00,مثبت,0.91,محصول,محصول
کرم مرطوب کننده مدل بی کمپلکس اویل پلاس 400میل,https://www.khanoumi.com/products/comeon--moisturizing--oily-b-complex-cream-22890,من این محصول رو خریدم در تخفیفات خیلی قیمتش عالی بود و حجمش خیلی زیاد بود,0,true,2025-06-19T13:42:36.9063668+00:00,مثبت,0.79,محصول | قیمت,محصول
کرم مرطوب کننده مدل بی کمپلکس اویل پلاس 400میل,https://www.khanoumi.com/products/comeon--moisturizing--oily-b-complex-cream-22890,"مرطوب میکنه، حجمش زیاده ولی اصلا بوی خوبی نداره 
یعنی اسانسی که توش استفاده شده هیچ ربطی به آووکادو نداره.",0,false,2025-06-19T13:36:05.8200277+00:00,خنثی,0.35,محصول | اصل بودن کالا,محصول
کرم مرطوب کننده مدل بی کمپلکس اویل پلاس 400میل,https://www.khanoumi.com/products/comeon--moisturizing--oily-b-complex-cream-22890,اولین باره خرید کردم راضیم از کیفیتش,0,true,2025-06-14T20:17:48.6046264+00:00,مثبت,0.79,محصول,محصول
کرم مرطوب کننده مدل بی کمپلکس اویل پلاس 400میل,https://www.khanoumi.com/products/comeon--moisturizing--oily-b-complex-cream-22890,درسته حجمش نسبت به قیمتش خوبه ولی واقعاً بوی خوبی نداره کیفیت هم کاملا معمولی,0,true,2025-06-14T13:23:15.518527+00:00,مثبت,0.67,محصول | قیمت,محصول
کرم مرطوب کننده مدل بی کمپلکس اویل پلاس 400میل,https://www.khanoumi.com/products/comeon--moisturizing--oily-b-complex-cream-22890,بار دومه که سفارش میدم، هم بوی عالی داره هم ماندگاری و مرطوب کنندگی عالی داره، ممنون از خانومی با تخفیف خوبش,0,false,2025-06-11T14:11:54.6073042+00:00,مثبت,0.95,محصول | قیمت,محصول
کرم مرطوب کننده مدل بی کمپلکس اویل پلاس 400میل,https://www.khanoumi.com/products/comeon--moisturizing--oily-b-complex-cream-22890,"خیلی عالیه
فقط تا میریم توی تخفیف بخریم سریع بر میگرده به قیمت قبل",0,true,2025-06-09T21:08:05.2274896+00:00,مثبت,0.79,قیمت,قیمت
کرم مرطوب کننده مدل بی کمپلکس اویل پلاس 400میل,https://www.khanoumi.com/products/comeon--moisturizing--oily-b-complex-cream-22890,حجمش زیاده و سبک ، آبرسان خوبیه ، پیشنهاد میکنم چون واقعا به صرفه س و کیفیت خوبی داره,0,true,2025-06-09T14:31:24.480381+00:00,مثبت,0.95,محصول,محصول
کرم مرطوب کننده مدل بی کمپلکس اویل پلاس 400میل,https://www.khanoumi.com/products/comeon--moisturizing--oily-b-complex-cream-22890,بی نظیرهههه، مهشرهههه برای بار سوم دارم شارژش میکنم بخرییییید,0,false,2025-06-08T15:55:22.7894382+00:00,خنثی,0.35,سایر,سایر
کرم مرطوب کننده مدل بی کمپلکس اویل پلاس 400میل,https://www.khanoumi.com/products/comeon--moisturizing--oily-b-complex-cream-22890,حجمش خیلی خوبو زیاد بود و به شدت بوی خوبی داری و ماندگاری و مرطوب سازی طولانس مدت داره,0,true,2025-04-01T13:27:58.459425+00:00,مثبت,0.91,محصول,محصول
کرم مرطوب کننده مدل بی کمپلکس اویل پلاس 400میل,https://www.khanoumi.com/products/comeon--moisturizing--oily-b-complex-cream-22890,خیلییییی خوب بود بود من تو تخفیف خریدم فکر نمیکردم حجمش انقدر زیاد باشه,0,true,2025-03-13T01:05:47.1497689+00:00,مثبت,0.79,محصول | قیمت,محصول
کرم مرطوب کننده مدل بی کمپلکس اویل پلاس 400میل,https://www.khanoumi.com/products/comeon--moisturizing--oily-b-complex-cream-22890,واقعا آبرسانی و مرطوب کنندگی عالیه‌ .حتی اگزمای دست من رو خوب کرد .در حین مصرف همیشه دو تا کنار پلمپ دارم,0,false,2025-03-09T07:19:43.0738087+00:00,مثبت,0.91,تحویل و ارسال,تحویل و ارسال
کرم مرطوب کننده مدل بی کمپلکس اویل پلاس 400میل,https://www.khanoumi.com/products/comeon--moisturizing--oily-b-complex-cream-22890,سبک و عالی,0,true,2025-03-07T10:59:36.0257363+00:00,مثبت,0.67,سایر,سایر
کرم مرطوب کننده مدل بی کمپلکس اویل پلاس 400میل,https://www.khanoumi.com/products/comeon--moisturizing--oily-b-complex-cream-22890,تخفیف بزارید,0,false,2025-02-24T10:40:18.6743207+00:00,خنثی,0.35,قیمت,قیمت
کرم مرطوب کننده مدل بی کمپلکس اویل پلاس 400میل,https://www.khanoumi.com/products/comeon--moisturizing--oily-b-complex-cream-22890,عالیه آبرسانی این محصول,0,false,2025-02-23T21:47:38.5648758+00:00,مثبت,0.79,محصول,محصول
کرم مرطوب کننده مدل بی کمپلکس اویل پلاس 400میل,https://www.khanoumi.com/products/comeon--moisturizing--oily-b-complex-cream-22890,بهترین مرطوب کننده دنیا من پوستم چرب هست وقتی ک میزنم اصلا دست و صورتم چرب نمیکنه یه مرطوب کنندگی خیلی خوب ب پوست میده بوش هم ک معرکه,0,true,2025-01-25T03:58:45.5468961+00:00,مثبت,0.95,محصول | اصل بودن کالا,محصول
کرم مرطوب کننده مدل بی کمپلکس اویل پلاس 400میل,https://www.khanoumi.com/products/comeon--moisturizing--oily-b-complex-cream-22890,عالیه عطر معرکه ای داره,0,true,2025-01-13T02:25:56.2548353+00:00,مثبت,0.79,محصول,محصول
کرم مرطوب کننده مدل بی کمپلکس اویل پلاس 400میل,https://www.khanoumi.com/products/comeon--moisturizing--oily-b-complex-cream-22890,لطفا خواهش میکنم دوباره تخفیف 50درصدی بذارین واسش مم میخواستم چندتاسفارش بدم,0,false,2024-12-15T13:21:41.0226549+00:00,منفی,0.67,قیمت,قیمت
کرم مرطوب کننده مدل بی کمپلکس اویل پلاس 400میل,https://www.khanoumi.com/products/comeon--moisturizing--oily-b-complex-cream-22890,"آبـــرسانیش بــرا پــوست صــورت مــن ک خشـــک و حســاسه عالـــیه
بـــوی ملایــم و عالــی داره
بافــت نــرم و سبــکی داره
زود جــذب میــشه
بــراق نمیکنــه
در کــل عالــیه",0,true,2024-12-04T11:41:47.3075577+00:00,خنثی,0.35,سایر,سایر
کرم مرطوب کننده مدل بی کمپلکس اویل پلاس 400میل,https://www.khanoumi.com/products/comeon--moisturizing--oily-b-complex-cream-22890,من هرشب بدنم رو با این مرطوب نگه میدارم پوستم واقعا نفس میکشه اصلا چرب نمیکنه و حالت روغنی نداره مرطوب کننده خیلی خوبیه برای بدن,0,true,2024-11-28T11:26:49.7877792+00:00,ترکیبی,0.74,محصول | اصل بودن کالا,محصول
کرم مرطوب کننده مدل بی کمپلکس اویل پلاس 400میل,https://www.khanoumi.com/products/comeon--moisturizing--oily-b-complex-cream-22890,من خیلی راضییم،محصول خوبیه,0,false,2024-11-20T10:12:56.8798875+00:00,مثبت,0.79,محصول,محصول
کرم مرطوب کننده مدل بی کمپلکس اویل پلاس 400میل,https://www.khanoumi.com/products/comeon--moisturizing--oily-b-complex-cream-22890,محصولات کامان واقعا ارزش خریدن نداره,0,false,2024-11-09T12:09:26.5133401+00:00,منفی,0.67,محصول | قیمت,محصول
کرم مرطوب کننده مدل بی کمپلکس اویل پلاس 400میل,https://www.khanoumi.com/products/comeon--moisturizing--oily-b-complex-cream-22890,لطفا تخفیفشو بیشتر کنید,0,false,2024-10-03T12:21:14.7395377+00:00,خنثی,0.35,قیمت,قیمت
کرم مرطوب کننده مدل بی کمپلکس اویل پلاس 400میل,https://www.khanoumi.com/products/comeon--moisturizing--oily-b-complex-cream-22890,سلام کرم خوب وخوش بویی هست حجمش هم بالاست ,0,true,2024-09-14T13:12:46+00:00,مثبت,0.67,محصول,محصول
کرم مرطوب کننده مدل بی کمپلکس اویل پلاس 400میل,https://www.khanoumi.com/products/comeon--moisturizing--oily-b-complex-cream-22890,نمیدونم چرا وقتی استفاده کردم صورتم پر از دونه های ریز  ، پر از جوش ، خشکی و لکه شد  روی دست امتحان کردم خیلی خوب بود ولی برای صورتم مناسب نبود اصلا ,0,false,2024-08-19T00:18:15+00:00,مثبت,0.79,محصول | اصل بودن کالا,محصول
کرم مرطوب کننده مدل بی کمپلکس اویل پلاس 400میل,https://www.khanoumi.com/products/comeon--moisturizing--oily-b-complex-cream-22890,"عالی
خالم استفاده میکرد و بهم پیشنهاد داد
من توی یکسال نزدیک سه تا ازش رو استفاده کردم کاملا راضی بودم
حتی برای پوست صورت هم مناسبه و مصرف میکنم
توی خریدش شک نکنید
ممنون از خانومی ، بسته بندی عالی بود و سلفون دورش پیچیده بودن که کاملا سالم به دستم رسید و نشتی نداشت",0,true,2024-05-30T13:27:12+00:00,مثبت,0.95,محصول | تحویل و ارسال,محصول
کرم مرطوب کننده مدل بی کمپلکس اویل پلاس 400میل,https://www.khanoumi.com/products/comeon--moisturizing--oily-b-complex-cream-22890,سلام لطفا موجود کنید,0,false,2024-05-11T17:48:05+00:00,خنثی,0.35,محصول,محصول
کرم مرطوب کننده مدل بی کمپلکس اویل پلاس 400میل,https://www.khanoumi.com/products/comeon--moisturizing--oily-b-complex-cream-22890,موجود کنید دیگه .اوووه,0,true,2024-02-25T16:12:18+00:00,خنثی,0.35,محصول,محصول
کرم مرطوب کننده مدل بی کمپلکس اویل پلاس 400میل,https://www.khanoumi.com/products/comeon--moisturizing--oily-b-complex-cream-22890,زود جذبه ، سبکه ، بوی ملایمی داره ، باعث جوش نمیشه ، مرطوب کنندگی متوسطی داره ، بعد از استفاده حالت چسبناکی میده به پوست که به مرور عادت کردم,0,false,2024-01-23T22:07:32+00:00,خنثی,0.35,محصول,محصول
کرم مرطوب کننده مدل بی کمپلکس اویل پلاس 400میل,https://www.khanoumi.com/products/comeon--moisturizing--oily-b-complex-cream-22890,توی محصولات ایرانی خیلی کم پیش میاد که محصول به این خوبی وجود داشته باشه که کاملا بتونه با نمونه های خارجیش رقابت کنه. یک بار هم که شده تستش کنین. پشیمون نمیشین,0,false,2024-01-19T22:56:53+00:00,مثبت,0.79,محصول,محصول
کرم مرطوب کننده مدل بی کمپلکس اویل پلاس 400میل,https://www.khanoumi.com/products/comeon--moisturizing--oily-b-complex-cream-22890,این محصول رو الان یک ماهی هست که به پوست صورتم که چربه میزنم. توی همین مدت کم که خیلی ازش راضی بودم. حتما به همه پیشنهادش میکنم,0,false,2024-01-19T22:56:28+00:00,مثبت,0.79,محصول,محصول
کرم مرطوب کننده مدل بی کمپلکس اویل پلاس 400میل,https://www.khanoumi.com/products/comeon--moisturizing--oily-b-complex-cream-22890,الان اومدم برای بار چهارم این محصول رو بخرم. خیلی دوسش دارم. هم ابرسانه. هم ویتامین سی داره. هم بافت رقیق و زود جذبی داره و به معنای واقعی بمب ابرسان پوستتونه,0,false,2024-01-19T22:56:03+00:00,خنثی,0.35,محصول,محصول
کرم مرطوب کننده مدل بی کمپلکس اویل پلاس 400میل,https://www.khanoumi.com/products/comeon--moisturizing--oily-b-complex-cream-22890,من اولین بار دو سال پیش به واسطه دکترم با محصولات کامان و این ابرسان آشنا شدم. اصلا روی پوست سنگینی نمیکنه. سریع جذب میشه و پوست رو مات میکنه. خیلیم خوش بوعه,0,false,2024-01-18T22:26:32+00:00,مثبت,0.67,محصول | اصل بودن کالا,محصول
کرم مرطوب کننده مدل بی کمپلکس اویل پلاس 400میل,https://www.khanoumi.com/products/comeon--moisturizing--oily-b-complex-cream-22890,"من خیلی از محصولات کامان رو سال هاست دارم استفاده میکنم. این بمب های ابرسانش هم که اصلا نیاز به تعریف نداره. عالیه

",0,false,2024-01-18T17:26:21+00:00,منفی,0.67,محصول | اصل بودن کالا,اصل بودن کالا
کرم مرطوب کننده مدل بی کمپلکس اویل پلاس 400میل,https://www.khanoumi.com/products/comeon--moisturizing--oily-b-complex-cream-22890,"
من حجم زیاد این رو خریدم که بتونم به دست و پاهام هم بزنم. پوستم رو نرم میکنه و قشنگ بعد یه مدت حس میکنین زیر پوستتون اب رفته. توش ویتامین سی هم دراه که عالیه و پوست رو بعد از یه مدت یکدست و بدون لک میکنه
",0,false,2024-01-18T12:47:04+00:00,ترکیبی,0.74,محصول,محصول
کرم مرطوب کننده مدل بی کمپلکس اویل پلاس 400میل,https://www.khanoumi.com/products/comeon--moisturizing--oily-b-complex-cream-22890,من پوستم خیلی کدر شده بود. رفتم فیشال و خانومی که اونجا بود گفت اگه میخوای پوستت حالت خوب بمونه و ابرسانی بشه، این محصول رو بخر. خدا خیرش بده راست میگفت این محصول کامان واقعا خیلی خوبه,0,false,2024-01-18T10:49:51+00:00,ترکیبی,0.92,محصول,محصول
کرم مرطوب کننده مدل بی کمپلکس اویل پلاس 400میل,https://www.khanoumi.com/products/comeon--moisturizing--oily-b-complex-cream-22890,لطفا هر چه زودتر موجودش کنید,0,false,2024-01-16T12:37:42+00:00,خنثی,0.35,محصول,محصول
کرم مرطوب کننده مدل بی کمپلکس اویل پلاس 400میل,https://www.khanoumi.com/products/comeon--moisturizing--oily-b-complex-cream-22890,اگه پوست چربی دارید توی خرید این محصول شک نکنین. خیلی محصول خوبیه. با این کیفیت و قیمت و حجم هیچ جا پیدا نمیکنید. من در کنار این ابرسان مرطوب کننده کامان رو هم استفاده میکنم تا روتینم کامل باشه,0,false,2023-12-18T17:14:16+00:00,مثبت,0.67,محصول | قیمت,محصول
کرم مرطوب کننده مدل بی کمپلکس اویل پلاس 400میل,https://www.khanoumi.com/products/comeon--moisturizing--oily-b-complex-cream-22890,من حالت ماتی که به پوستم بعد از استفاده از این ابرسان بهم میده رو دوست دارم. مخصوصا که ارایش روش خیلی خوشگل میخوابه و چربی پوست رو هم کنترل میکنه,0,false,2023-12-18T16:13:06+00:00,خنثی,0.35,محصول,محصول
کرم مرطوب کننده مدل بی کمپلکس اویل پلاس 400میل,https://www.khanoumi.com/products/comeon--moisturizing--oily-b-complex-cream-22890,من اهواز زندگی میکنم و اینجا به خاطره گرد و غبار پوست ادم بشدت خشک میشه و ابش رو از دست میده. این ابرسان رو وقتی اومده بودم تهران دکتر، بهم معرفی کرد و تا الان که عالی بوده. اب و طراوت رو به پوستتون برمیگردونن,0,false,2023-12-16T12:35:24+00:00,مثبت,0.79,محصول,محصول
کرم مرطوب کننده بی کمپلکس اویل فری 400میل,https://www.khanoumi.com/products/comeon--moisturizing--oilfree-b-complex-cream-22891,نداریم رو دستش، فوق العادس. فوق سبک و زود جذب,0,true,2026-07-11T01:54:23.9289272+03:30,خنثی,0.35,سایر,سایر
کرم مرطوب کننده بی کمپلکس اویل فری 400میل,https://www.khanoumi.com/products/comeon--moisturizing--oilfree-b-complex-cream-22891,"فکر کنم 10ساله که تنها کرمی که به صورتم میزنم و سازگاره همینه
واقعا عالیه
قیمتش هم خوبه",0,true,2026-05-20T20:50:51.0888505+03:30,مثبت,0.95,محصول | قیمت,محصول
کرم مرطوب کننده بی کمپلکس اویل فری 400میل,https://www.khanoumi.com/products/comeon--moisturizing--oilfree-b-complex-cream-22891,من مدل کاسه ای اینو دارم خیلی خوبه، لطفا اینو توی تخفیف خوب بذارین,0,false,2026-05-15T11:21:28.1876253+03:30,مثبت,0.95,قیمت,قیمت
کرم مرطوب کننده بی کمپلکس اویل فری 400میل,https://www.khanoumi.com/products/comeon--moisturizing--oilfree-b-complex-cream-22891,بوش مردونست، خوشم میاد. اگه یه شوینده صورت غیرصابونی تهیه کنید و بعدش استفاده کنید قشنگ آبرسانی میکنه و چروک های سطحی پوست کم میشه. در کنارش محصولاتی رتینولی و ضد آفتاب روتین خوبی میشه برا پوست.,0,true,2026-04-14T19:06:46.4944165+03:30,مثبت,0.67,محصول,محصول
کرم مرطوب کننده بی کمپلکس اویل فری 400میل,https://www.khanoumi.com/products/comeon--moisturizing--oilfree-b-complex-cream-22891,برای پوست چرب من عالیه اصلا حساسیت زا نیست سالهاست استفاده میکنم,0,true,2025-09-23T13:30:36.6385025+03:30,مثبت,0.91,محصول | اصل بودن کالا,محصول
کرم مرطوب کننده بی کمپلکس اویل فری 400میل,https://www.khanoumi.com/products/comeon--moisturizing--oilfree-b-complex-cream-22891,"به شدت چربه فقط یکبار به صورتم زدم و کلی جوش های سفت زدم رو پوستم اصلا پیشمهاد نمیکنم
فقط برای دست خوبه اما بوی خوبی نداره",0,false,2025-04-14T20:27:51.8214723+00:00,مثبت,0.79,محصول | اصل بودن کالا,محصول
کرم مرطوب کننده بی کمپلکس اویل فری 400میل,https://www.khanoumi.com/products/comeon--moisturizing--oilfree-b-complex-cream-22891,سلام این محصول رو با آبرسان الوورا 400 میل کامان باهم بذارین داخل شانس,0,false,2024-10-27T07:13:04.2097312+00:00,خنثی,0.35,محصول,محصول
کرم مرطوب کننده بی کمپلکس اویل فری 400میل,https://www.khanoumi.com/products/comeon--moisturizing--oilfree-b-complex-cream-22891,خیلی خیلی عالیه، ممنونم از خانومی,0,true,2024-09-08T11:27:41+00:00,مثبت,0.91,سایر,سایر
کرم مرطوب کننده بی کمپلکس اویل فری 400میل,https://www.khanoumi.com/products/comeon--moisturizing--oilfree-b-complex-cream-22891,سلام لطفاً موجودش کنین و تخفیف براش بذارین,0,false,2024-05-01T08:30:46+00:00,خنثی,0.35,محصول | قیمت,محصول
کرم مرطوب کننده بی کمپلکس اویل فری 400میل,https://www.khanoumi.com/products/comeon--moisturizing--oilfree-b-complex-cream-22891,"به نسبت حجم و میزان اثر گذاریش ، محصول به صرفه و مناسبیه . من در کنار بمب آبرسان بنفش از همین برند ازش استفاده میکنم و عملکردش برام رضایت بخش بود . 
بوی عطری زیادی داره ولی من عطرشو میپسندم 
یکم طول میکشه تا حالت چسبندگیش از بین بره 
در کل راضی بودم . عااالی نه ولی خوبه . ",0,true,2024-04-14T15:56:58+00:00,مثبت,0.91,محصول,محصول
کرم مرطوب کننده بی کمپلکس اویل فری 400میل,https://www.khanoumi.com/products/comeon--moisturizing--oilfree-b-complex-cream-22891,موجودش کنین لطفااااااا,0,false,2024-02-15T08:39:54+00:00,خنثی,0.35,محصول,محصول
کرم مرطوب کننده بی کمپلکس اویل فری 400میل,https://www.khanoumi.com/products/comeon--moisturizing--oilfree-b-complex-cream-22891,این محصول رو الان 2 ساله وارد روتین پوستیم کردم. بعد از شستن صورتم خیلی خشک میشد که با این مرطوب کننده رطوبت پوستم حفظ میشه و دیگه مشکلی ندارم,0,false,2024-02-05T15:16:03+00:00,خنثی,0.35,محصول,محصول
کرم مرطوب کننده بی کمپلکس اویل فری 400میل,https://www.khanoumi.com/products/comeon--moisturizing--oilfree-b-complex-cream-22891,خیلی بوی خوبی میده و واقعا پوست رو نرم و لطیف میکنه. خیلی هم حجمش خوبه و با این قیمت واقعا به صرفه است. به نظرم حتما امتحانش کنین,0,false,2024-02-04T23:45:47+00:00,مثبت,0.91,محصول | قیمت,محصول
کرم مرطوب کننده بی کمپلکس اویل فری 400میل,https://www.khanoumi.com/products/comeon--moisturizing--oilfree-b-complex-cream-22891,چون پمپیه خیلی بهداشتیه و من یدونه برای محل کار گرفت  یدونه هم برای خونه که همه بتونن خیلی راحت ازش استفاده کنن. خیلی کرم خوبیه و خیلی خوش بو هست,0,false,2024-02-04T20:25:06+00:00,مثبت,0.67,محصول,محصول
کرم مرطوب کننده بی کمپلکس اویل فری 400میل,https://www.khanoumi.com/products/comeon--moisturizing--oilfree-b-complex-cream-22891,با این حجم و قیمت هیچجا پیدا نمیکنین.محصولات کامان همشون خوبن ولی این کرم مرطوب کننده ها عالین. من هم براس صورتم استفاده میکنم هم برای پوست دستم.,0,false,2024-02-04T18:24:20+00:00,مثبت,0.79,محصول | قیمت,محصول
کرم مرطوب کننده بی کمپلکس اویل فری 400میل,https://www.khanoumi.com/products/comeon--moisturizing--oilfree-b-complex-cream-22891,تواین گرونی ونبود محصولات خارجی این برند ایرانی خوب جواب داده. استفاده دایم تمام اعضای خانواده دارند استفاده میکنند و عاشقشن .درنهایت در کیفیت وحجم وقیمت درمقایسه با جنس خارجی خیلی خیلی می صرفه,0,false,2024-02-04T14:20:22+00:00,مثبت,0.79,محصول | قیمت,محصول
کرم مرطوب کننده بی کمپلکس اویل فری 400میل,https://www.khanoumi.com/products/comeon--moisturizing--oilfree-b-complex-cream-22891,من پوستم مختلطه خیلی دوسش دارم اصلا جوش نمیزنم باهاش . این مرطوب کننده کامان خیلی خوبه مرطوب کننده های دیگه اش به پوستم نمیخوره فقط اینو دوس دارم از بین مرطوب کننده هاش,0,false,2024-01-24T22:48:52+00:00,مثبت,0.79,محصول | اصل بودن کالا,محصول
کرم مرطوب کننده بی کمپلکس اویل فری 400میل,https://www.khanoumi.com/products/comeon--moisturizing--oilfree-b-complex-cream-22891,برند مورد علاقه و انتخاب همیشگی من انواع محصولات کامان رو همیشه استفاده میکنم و تا به حال راضی بودم. خیلی بافت سبک و نرمی داره و اصلا رد نمی اندازه,0,false,2024-01-24T22:14:16+00:00,خنثی,0.35,محصول | اصل بودن کالا,محصول
کرم مرطوب کننده بی کمپلکس اویل فری 400میل,https://www.khanoumi.com/products/comeon--moisturizing--oilfree-b-complex-cream-22891,نسبت به برند های ایرانی بهتر و نسبت به برند های خارجی بسیار به صرفه. به نظرم حتما ارزش خریدن داره. محصول خوبیه که برای پوست های چرب خیلی بدرد میخوره,0,false,2024-01-24T21:27:51+00:00,ترکیبی,0.74,محصول | قیمت,محصول
کرم مرطوب کننده بی کمپلکس اویل فری 400میل,https://www.khanoumi.com/products/comeon--moisturizing--oilfree-b-complex-cream-22891,راضی ام همیشه از محصولات کامان چند سالی است خرید میکنم راضی ام. به نظرممحصولات با کیفیت و خوش قیمتی داره,0,false,2024-01-19T23:12:08+00:00,مثبت,0.95,محصول | قیمت,محصول
کرم مرطوب کننده بی کمپلکس اویل فری 400میل,https://www.khanoumi.com/products/comeon--moisturizing--oilfree-b-complex-cream-22891,رطوبت کافی رو به پوست میده و حجم خوبی داره . با این قیمت واقا به صرفه است,0,false,2024-01-19T23:11:46+00:00,مثبت,0.67,محصول | قیمت,محصول
کرم مرطوب کننده بی کمپلکس اویل فری 400میل,https://www.khanoumi.com/products/comeon--moisturizing--oilfree-b-complex-cream-22891,بدون چربی و با رطوبت رسانی بالا. به نظرم یه گزینه مناسب بای پوست چرب هاست و خیلی هم زود جذبه و سبک,0,false,2024-01-19T23:11:24+00:00,منفی,0.67,محصول,محصول
کرم مرطوب کننده بی کمپلکس اویل فری 400میل,https://www.khanoumi.com/products/comeon--moisturizing--oilfree-b-complex-cream-22891,"من مادرم 52سالشه اما این مرطوب کننده دستش رو خیلی خوب نرم میکنه. محصولات کامان همشون خوبن و این یه جور دیگه

",0,false,2024-01-19T21:21:28+00:00,مثبت,0.91,محصول,محصول
کرم مرطوب کننده بی کمپلکس اویل فری 400میل,https://www.khanoumi.com/products/comeon--moisturizing--oilfree-b-complex-cream-22891,پوست من حساس و چرب هست اتفافی این محصول رو خریدم و واقعا هم پوستم رو ابرسانی و نرم میکنه و مهمتر اینکه جوش نمیزنم,0,false,2024-01-18T22:46:11+00:00,خنثی,0.35,محصول,محصول
کرم مرطوب کننده بی کمپلکس اویل فری 400میل,https://www.khanoumi.com/products/comeon--moisturizing--oilfree-b-complex-cream-22891,یه محصوله که خیلی زود جاش رو توی روتینتون باز میکنه و تبدیل به محصول مورد علاقتون میشه... خیلی راضیم اصلا چربیش نمیمونه و خوب خشکیه پوست رو میگیره .. خیلی راضیم,0,false,2024-01-18T17:41:22+00:00,ترکیبی,0.74,محصول | اصل بودن کالا,محصول
کرم مرطوب کننده بی کمپلکس اویل فری 400میل,https://www.khanoumi.com/products/comeon--moisturizing--oilfree-b-complex-cream-22891,همیشه استفاده میکنم با وجود فاقد چربی بودن خیلی به درد من پوست چرب میخوره. هم برای صورت و هم برای بدن و به خصوص دست استفاده میکنم. قیمتش مناسبه با این حجم,0,false,2024-01-18T12:56:56+00:00,منفی,0.67,محصول | قیمت,محصول
کرم مرطوب کننده بی کمپلکس اویل فری 400میل,https://www.khanoumi.com/products/comeon--moisturizing--oilfree-b-complex-cream-22891,واقعا تمام محصولات کامان عالیهه خصوصا این کرمش من همیشه استفاده میکنم. حجمش هم خیلی خوبه و خیلی میمونه. به صرفه است واقعا,0,false,2024-01-18T11:05:23+00:00,مثبت,0.95,محصول,محصول
کرم مرطوب کننده بی کمپلکس اویل فری 400میل,https://www.khanoumi.com/products/comeon--moisturizing--oilfree-b-complex-cream-22891,خیلی این کرومو دوست دارم ما سه تا خواهریم و ی پوست خشک ی چرب و منم که مختلطم من و خواهرم که بوستای چرب و مختلط داریم خیلی جوش میزنیم ولی با این خیلی احتمالش کمه در حالی که خییلیم خوب ابرسانی میکنه و مرطوب میکنه و اون خواهرم که پوستش انقدر خشکه تاحالا حتی یدونه جوشم تجربه نکرده 😂این تنها کرمیه که کاملا پوستشو نرم و مرطوب میکنه عالیه به نظرم برای هرنوع پوستی ,0,true,2023-09-09T11:32:24+00:00,مثبت,0.91,محصول,محصول
کرم مرطوب کننده بی کمپلکس اویل فری 400میل,https://www.khanoumi.com/products/comeon--moisturizing--oilfree-b-complex-cream-22891,چند ساله که خانوادگی ازش استفاده می کنیم. خیلی مقرون به صرفه است و از این به بعد با تخفیف از خانومی می خریم,1,false,2023-06-18T09:47:08.3933333+00:00,خنثی,0.35,قیمت,قیمت
کرم مرطوب کننده بی کمپلکس اویل فری 400میل,https://www.khanoumi.com/products/comeon--moisturizing--oilfree-b-complex-cream-22891,خیلی خوبهههه من اصلا واسه خریدش تحقیق نکردم چون قبلاً مدل تیوپی ش رو خریده بودم اول فقط من استفاده میکردم ولی بعد آنقدر خوب بود 3 تایی استفاده میکردیم برای همین تصمیم گرفتیم که بزرگش رو بگیریم و این هم عالییی بود البته اولش چون سفت بود و هوا سرد بود انگار سفت شده بود و نمیومد ولی بعدش عالییی شد,1,true,2023-01-22T18:30:51+00:00,مثبت,0.95,محصول | اصل بودن کالا,محصول
کرم مرطوب کننده بی کمپلکس اویل فری 400میل,https://www.khanoumi.com/products/comeon--moisturizing--oilfree-b-complex-cream-22891,عالیه عالی. پیشنهاد میکنم تهیه کنید✌,2,false,2022-12-19T16:54:12+00:00,مثبت,0.95,سایر,سایر
کرم مرطوب کننده بی کمپلکس اویل فری 400میل,https://www.khanoumi.com/products/comeon--moisturizing--oilfree-b-complex-cream-22891,من که پوستم خیلی چرب و روغنیه و حساس هم هست که گاهی ملتهب میشه و باید از مرطوب کننده استفاده کنم، این مرطوب کننده برای صورتم خیلی خوبه و زود التهاب ‌‌و کم آبی پوست رو برطرف میکنه بوی خوبی هم داره، فقط کمی روغنی و چسبندگی داره لابد بخاطر روغن آرگان داخلشه. با توجه به قیمت محصول خوبیه حجمشم خیلی زیاده در ضمن اصلا هم باعث ایجاد جوش نمیشه و از این نظر هم خوبه,5,false,2022-09-07T23:36:27+00:00,مثبت,0.95,محصول | اصل بودن کالا | قیمت,محصول
کرم مرطوب کننده بی کمپلکس اویل فری 400میل,https://www.khanoumi.com/products/comeon--moisturizing--oilfree-b-complex-cream-22891,این کرم و من توی تخفیف های سایت خانومی خریدم. با توجه به حجمی که داره قیمتش عالیه و خیلی به صرفه است. مدت خیلی زیادی میشه ازش استفاده کرد. بوی ملایمی داره و اصلا روی پوست چرب و سنگین نیست. زود جذب پوست میشه و پوست کاملا نرم میکنه. میشه به عنوان زیرساز آرایش هم ازش استفاده کرد. برای استفاده روزانه خیلی مناسبه.,5,false,2022-01-25T10:06:38+00:00,مثبت,0.91,محصول | قیمت | اصل بودن کالا,محصول
کرم مرطوب کننده بی کمپلکس اویل فری 400میل,https://www.khanoumi.com/products/comeon--moisturizing--oilfree-b-complex-cream-22891,این کرم واقعا عالیه.حجمش هم زیاده.و مقرون به صرفه است.من پوستم چربه.واقعا از این کرم راضیم.به همه پیشنهاد میکنم,14,false,2020-11-22T13:30:43+00:00,مثبت,0.95,محصول,محصول
کرم مرطوب کننده بی کمپلکس اویل فری 400میل,https://www.khanoumi.com/products/comeon--moisturizing--oilfree-b-complex-cream-22891,عطر خاصی نداره که همه نوشتن کاش عطرش کمتر بود ,9,false,2020-10-30T02:07:56+00:00,خنثی,0.35,محصول,محصول
کرم مرطوب کننده بی کمپلکس اویل فری 400میل,https://www.khanoumi.com/products/comeon--moisturizing--oilfree-b-complex-cream-22891,عالیهههه بوش خیلی خوبه و اصلا چرب نمیکنه پوستو. زود جذب میشه و بعد استفاده پوست خیلی لطیف و روشن میشه😍,20,true,2020-09-29T01:06:38+00:00,مثبت,0.95,محصول | اصل بودن کالا,محصول
کرم مرطوب کننده بی کمپلکس اویل فری 400میل,https://www.khanoumi.com/products/comeon--moisturizing--oilfree-b-complex-cream-22891,عالیه.من از این کرم برای پوست چرب دوتا کاسه ای و دوتا پمپیشو تموم کردم و بازم شارژش میکنم.عالیه ,1,true,2020-08-26T15:18:02+00:00,مثبت,0.95,محصول,محصول
کرم مرطوب کننده بی کمپلکس اویل فری 400میل,https://www.khanoumi.com/products/comeon--moisturizing--oilfree-b-complex-cream-22891,بوشو اصلا دوست نداشتم.باهاش جوش زدم ,1,true,2020-08-10T22:23:54+00:00,منفی,0.67,محصول | اصل بودن کالا,اصل بودن کالا
کرم مرطوب کننده بی کمپلکس اویل فری 400میل,https://www.khanoumi.com/products/comeon--moisturizing--oilfree-b-complex-cream-22891,"من از همه ی مرطوب کننده های کامان استفاده کردم و همشو دوست دارم دستم و خیلی نرم میکنه بوشم خوبه 
همیشه یه تیوپیشو تو کیفم دارم",0,false,2020-07-16T05:32:52+00:00,مثبت,0.79,محصول,محصول
کرم مرطوب کننده بی کمپلکس اویل فری 400میل,https://www.khanoumi.com/products/comeon--moisturizing--oilfree-b-complex-cream-22891,بی نظیره کرمش پیشنهاد میکنم ,9,true,2020-04-23T12:51:27+00:00,مثبت,0.79,محصول,محصول
کرم مرطوب کننده بی کمپلکس اویل فری 400میل,https://www.khanoumi.com/products/comeon--moisturizing--oilfree-b-complex-cream-22891,من این محصول رو برای بار سوم شارژ میکنم خیلی نرم و خوب میکنه پوستو,10,true,2020-04-03T12:11:14+00:00,مثبت,0.67,محصول,محصول
کرم مرطوب کننده بی کمپلکس اویل فری 400میل,https://www.khanoumi.com/products/comeon--moisturizing--oilfree-b-complex-cream-22891,خیلی عالی و بصرفه,10,true,2020-02-22T18:11:02+00:00,مثبت,0.67,سایر,سایر
کرم مرطوب کننده بی کمپلکس اویل فری 400میل,https://www.khanoumi.com/products/comeon--moisturizing--oilfree-b-complex-cream-22891,کرم مرطوب کننده خوبیه. ولی پوستای معمولی و خشک استفادش نکنن. من پوستم مخطلطه. روی پیشونی و دماغم اصلا چرب نمیشه باهاش خیلیم خوب مرطوب میکنه ولی روی لپام حس کشیدگی و خشکی به جا گذاشت  الان من فقط این کرم و واسه نواحی چرب استفاده می‌کنم و خیلیم راضیم. جوشم باهاش نزدم. کاش فقط یه کم عطرش کمتر بود. ,4,false,2020-01-09T16:20:18+00:00,مثبت,0.91,محصول | اصل بودن کالا,محصول
کرم مرطوب کننده بی کمپلکس اویل فری 400میل,https://www.khanoumi.com/products/comeon--moisturizing--oilfree-b-complex-cream-22891,این مدل برای پوست خشک مناسبه؟ ,4,false,2019-11-07T19:02:28+00:00,خنثی,0.35,محصول,محصول
کرم مرطوب کننده بی کمپلکس اویل فری 400میل,https://www.khanoumi.com/products/comeon--moisturizing--oilfree-b-complex-cream-22891,كرم فري اويل كامان بسيار نرم و خوشبو هست و اصلا چربي روي پوست نميمونه,11,true,2019-10-23T14:31:32+00:00,مثبت,0.67,محصول | اصل بودن کالا,محصول
کرم مرطوب کننده بی کمپلکس اویل فری 400میل,https://www.khanoumi.com/products/comeon--moisturizing--oilfree-b-complex-cream-22891,"کرم خیلی خوبیه👏
من با اینکه پوست چربی دارم و سریع جوش میزنم
اما این کرم با پوست من سازگاره و ازش راضیم👌",12,false,2019-10-21T20:53:11+00:00,مثبت,0.95,محصول,محصول
کرم مرطوب کننده بی کمپلکس اویل فری 400میل,https://www.khanoumi.com/products/comeon--moisturizing--oilfree-b-complex-cream-22891,عاالیه این کرم واقعا خوبه. پوست من چربه ولی این کرم رو که میزنم نه جوش میزنم و نه روی صورتم چربی جمع میشه. ابرسان هم هست که محبوبیتش رو بیشتر میکنه.,6,false,2019-10-21T20:36:56+00:00,مثبت,0.79,محصول,محصول
کرم مرطوب کننده بی کمپلکس اویل فری 400میل,https://www.khanoumi.com/products/comeon--moisturizing--oilfree-b-complex-cream-22891,تما محصولات کامان عالی هستن مرطوب کننده پمپی بی نظیره ,4,true,2019-10-21T16:29:39+00:00,مثبت,0.67,محصول,محصول
کرم مرطوب کننده بی کمپلکس اویل فری 400میل,https://www.khanoumi.com/products/comeon--moisturizing--oilfree-b-complex-cream-22891,زود جذبه حالت چرب نداره و مقرون بصرفه ست ,4,true,2019-10-21T13:52:02+00:00,خنثی,0.35,سایر,سایر
کرم مرطوب کننده بی کمپلکس اویل فری 400میل,https://www.khanoumi.com/products/comeon--moisturizing--oilfree-b-complex-cream-22891,کرم خوبیه بوش هم خوبه سریع جذب میشه و سبک هست و ابرسان هم هست من راضیم,6,false,2019-10-08T12:32:20+00:00,مثبت,0.95,محصول,محصول
کرم مرطوب کننده بی کمپلکس اویل فری 400میل,https://www.khanoumi.com/products/comeon--moisturizing--oilfree-b-complex-cream-22891,بهترین کرمی هست که داشتم صورتم باهاش جوش نمیزنه و کاملا آبرسانی میکنه پوست از امتحانش پشیمون نمیشید,6,false,2019-09-28T12:11:39+00:00,مثبت,0.79,محصول,محصول
کرم مرطوب کننده بی کمپلکس اویل فری 400میل,https://www.khanoumi.com/products/comeon--moisturizing--oilfree-b-complex-cream-22891,عالیه من‌واقعا ازش راضیم تا مدت طولانی‌ پوست منو‌مرطوب‌نگه میداره بدون‌اینکه جوش بزنم و‌بدون‌اینکه احساس خفگی روی‌پوستم‌ بکنم,5,true,2019-09-12T09:22:34+00:00,ترکیبی,0.9,محصول,محصول
کرم مرطوب کننده بی کمپلکس اویل فری 400میل,https://www.khanoumi.com/products/comeon--moisturizing--oilfree-b-complex-cream-22891,بوی b complex نمیده؟؟,0,false,2019-09-09T16:26:04.8866667+00:00,خنثی,0.35,محصول,محصول
کرم مرطوب کننده بی کمپلکس اویل فری 400میل,https://www.khanoumi.com/products/comeon--moisturizing--oilfree-b-complex-cream-22891,سلام.من خریدم خیلی راضی هستم و فوق العاده هستش.,9,false,2019-05-24T12:46:25+00:00,مثبت,0.79,سایر,سایر
کرم مرطوب کننده بی کمپلکس اویل فری 400میل,https://www.khanoumi.com/products/comeon--moisturizing--oilfree-b-complex-cream-22891,"سلام من خیلی خوشم اومد ازش البته سایز کوچیکشو گرفتم و دقیقا ابرسانی میکنه باعث جوش نمیشه خیلی بوی خوبی داره و برای من ک پوست چربی دارم باعث نمیشدچربتر بشه 
",10,false,2019-05-11T14:44:01.6966667+00:00,مثبت,0.67,محصول,محصول
کرم مرطوب کننده بی کمپلکس اویل فری 400میل,https://www.khanoumi.com/products/comeon--moisturizing--oilfree-b-complex-cream-22891,کرم خوبیه ولی داروخونه اینو ارزان تر میده نمیدونم چرا تو سایت گرونتره؟ که تازه هزینه ارسال هم حساب کنیم اصلا نمیصرفه,49,true,2019-03-24T16:34:10+00:00,خنثی,0.35,قیمت | محصول | تحویل و ارسال | اصل بودن کالا,قیمت
کرم مرطوب کننده بی کمپلکس اویل فری 400میل,https://www.khanoumi.com/products/comeon--moisturizing--oilfree-b-complex-cream-22891,"لطفا این محصولو شارژ کنید
",6,false,2019-03-04T15:53:05.6766667+00:00,خنثی,0.35,محصول,محصول
کرم مرطوب کننده بی کمپلکس اویل فری 400میل,https://www.khanoumi.com/products/comeon--moisturizing--oilfree-b-complex-cream-22891,"سلام دیگه این سایزش موجود نمیشه ؟؟؟
",1,false,2019-03-03T23:48:00.2333333+00:00,خنثی,0.35,محصول,محصول
کرم مرطوب کننده بی کمپلکس اویل فری 400میل,https://www.khanoumi.com/products/comeon--moisturizing--oilfree-b-complex-cream-22891,چه زود  تموم شد ،شارژ کنید لطفا,6,true,2019-03-02T10:28:01.5833333+00:00,خنثی,0.35,محصول,محصول
کرم مرطوب کننده بی کمپلکس اویل فری 400میل,https://www.khanoumi.com/products/comeon--moisturizing--oilfree-b-complex-cream-22891,"این کرم برای پوست مستعد جوش و مختلط واقعا خوبه؟؟
لطفا اونایی که استفاده کردن جواب بدن سریعتر 🌹🌹",2,false,2019-03-01T02:32:03.0333333+00:00,ترکیبی,0.74,محصول,محصول
کرم افتر سان,https://www.khanoumi.com/products/bioderma-photoderm-after-sun-lotion-22903,تابستونا همیشه بعد دریا استفاده میکنم خیلی خوبه,1,false,2020-04-29T14:04:18+00:00,مثبت,0.91,سایر,سایر
کرم مرطوب کننده مدل بی کمپلکس اویل پلاس 400میل,https://www.khanoumi.com/products/comeon--moisturizing--oily-b-complex-cream-22890,اگه دنبال خرید یک محصول به صرفه و خوش قیمت هستید. این محصول رو به هیچ وجه از دست ندید. خیلی محصول خوبیه. زود جذب میشه و اصلا روی پوست سنگینی نمیکنه,0,false,2023-12-13T10:51:41+00:00,مثبت,0.79,محصول | اصل بودن کالا | قیمت,محصول
کرم مرطوب کننده مدل بی کمپلکس اویل پلاس 400میل,https://www.khanoumi.com/products/comeon--moisturizing--oily-b-complex-cream-22890,اگه شما هم پوست چربی دارید و دنبال یه محصول میگردید که ابرسانی کنه پوستتون رو حتما این ابرسان رو امتحان کنید. ولی حواستون باشه حتما بعدش از مرطوب کننده استفاده کنین تا اب پوستتون حفظ بشه. من مرطوب کننده بدون چربی کامان رو بهتون معرفی میکنم,0,false,2023-12-11T11:10:13+00:00,منفی,0.67,محصول,محصول
کرم مرطوب کننده مدل بی کمپلکس اویل پلاس 400میل,https://www.khanoumi.com/products/comeon--moisturizing--oily-b-complex-cream-22890,اگه شما هم توی این الودیگ حال پوستتون خوب نیست و کدر شده و میخواید ابرسانی کنیدش. این ابرسام های کامان رو حتما حتما امتحان کنین. بهترینه,0,false,2023-12-11T11:09:57+00:00,خنثی,0.35,محصول,محصول
کرم مرطوب کننده مدل بی کمپلکس اویل پلاس 400میل,https://www.khanoumi.com/products/comeon--moisturizing--oily-b-complex-cream-22890,من ابرسان نوتروژینا رو استفاده میکردم. خیلی وقت بود تا اینکه دکترم این ابرسان رو بهم معرفی کرد. هم به صرفه تره هم همه جا در دسترسه. واقعا گزینه خیلی بهتریه از خارجیش,0,false,2023-12-11T11:09:29+00:00,خنثی,0.35,محصول,محصول
کرم مرطوب کننده مدل بی کمپلکس اویل پلاس 400میل,https://www.khanoumi.com/products/comeon--moisturizing--oily-b-complex-cream-22890,من پوستم به شدت چربه و اصلا نمیتونم محصولی که بافت سنگینی داره رو روی پوستم رو تحمل کنم. این ابرسان ولی برای پوست های چرب واقعا عالیه. قشنگ حس میکنی اب رفته زیر پوستت,0,false,2023-11-29T11:45:17+00:00,مثبت,0.67,محصول | اصل بودن کالا,محصول
کرم مرطوب کننده مدل بی کمپلکس اویل پلاس 400میل,https://www.khanoumi.com/products/comeon--moisturizing--oily-b-complex-cream-22890,من قبلا کاسه ایه این محصول داشتم. الان این سایز بزرگش رو خریدم. گذاشتم روی اپن خونه و همه خانواده خیلی بهداشتی میتونن ازش استفاده کنن,0,false,2023-11-27T11:17:44+00:00,خنثی,0.35,محصول,محصول
کرم مرطوب کننده مدل بی کمپلکس اویل پلاس 400میل,https://www.khanoumi.com/products/comeon--moisturizing--oily-b-complex-cream-22890,جز بهتریناس 😍,0,true,2023-07-03T10:30:21+00:00,مثبت,0.67,سایر,سایر
کرم مرطوب کننده مدل بی کمپلکس اویل پلاس 400میل,https://www.khanoumi.com/products/comeon--moisturizing--oily-b-complex-cream-22890,"بهترین کرمی بود که داشتم.
مرسی از خانومی",0,false,2023-06-18T11:24:27.94+00:00,مثبت,0.79,محصول,محصول
کرم مرطوب کننده مدل بی کمپلکس اویل پلاس 400میل,https://www.khanoumi.com/products/comeon--moisturizing--oily-b-complex-cream-22890,5 ستاره هم کمه والا براش. مرسی از خانومی برای تخفیف خوبش,0,false,2023-06-18T09:55:34.51+00:00,مثبت,0.79,قیمت,قیمت
کرم مرطوب کننده مدل بی کمپلکس اویل پلاس 400میل,https://www.khanoumi.com/products/comeon--moisturizing--oily-b-complex-cream-22890,عالیه کرمش،همیشه برای دست ازش استفاده میکنیم خانوادگی،،چون پوستم چربه به صورتم نمیزنم,1,true,2022-10-06T14:24:46+00:00,مثبت,0.79,محصول,محصول
کرم مرطوب کننده مدل بی کمپلکس اویل پلاس 400میل,https://www.khanoumi.com/products/comeon--moisturizing--oily-b-complex-cream-22890,استفاده از کرم مرطوب کننده، یک روتین پوستی بسیار مهمه که اغلب مواقع بیش از یکبار در طول روز مصرف می‌شود. از این جهت کیفیت نوع کرم بسیار حائز اهمیت است. کرم مرطوب کننده کامان، یک کرم با خاصیت آبرسانی فوق العاده است که به محض اولین استفاده نرمی پوست قابل لمس است. این کرم چربی اضافه‌ای روی پوست ایجاد نمی‌کنه. پمپی بوده و حجم قابل قبولی هم داره. اگر دنبال یک کرم مرطوب کننده با کیفیت و مقرون به صرفه هستید، این کرم گزینه مناسبی برای شماست.,2,false,2022-01-22T08:17:52+00:00,مثبت,0.67,محصول,محصول
کرم مرطوب کننده مدل بی کمپلکس اویل پلاس 400میل,https://www.khanoumi.com/products/comeon--moisturizing--oily-b-complex-cream-22890,رطوبت رسانیسش برای دست عالیه❤,42,true,2020-10-10T16:33:50+00:00,مثبت,0.79,سایر,سایر
کرم مرطوب کننده مدل بی کمپلکس اویل پلاس 400میل,https://www.khanoumi.com/products/comeon--moisturizing--oily-b-complex-cream-22890,ما خانوادگی پوست خشکی داریم و همیشه این کرم و تهیه میکنیم همگی راضی هستیم حجم بالایی ام داره راحت 2 ماه جواب کل خانواده رو میده,31,true,2020-09-12T11:43:59+00:00,مثبت,0.67,محصول,محصول
کرم مرطوب کننده مدل بی کمپلکس اویل پلاس 400میل,https://www.khanoumi.com/products/comeon--moisturizing--oily-b-complex-cream-22890,بسیار عالی، در کنترل خشکی ناشی از پسوریازیس بسیار بسیار موثر است,39,true,2020-06-27T08:04:10+00:00,مثبت,0.67,محصول,محصول
کرم مرطوب کننده مدل بی کمپلکس اویل پلاس 400میل,https://www.khanoumi.com/products/comeon--moisturizing--oily-b-complex-cream-22890,"بهترین مرطوب کننده برای پوستای خشکه
جذب خیلی بالایی داره . فوق العاده س🥰",3,false,2020-06-17T15:22:43+00:00,مثبت,0.79,محصول,محصول
کرم مرطوب کننده مدل بی کمپلکس اویل پلاس 400میل,https://www.khanoumi.com/products/comeon--moisturizing--oily-b-complex-cream-22890,بی نظیره,4,false,2020-05-19T02:58:25+00:00,خنثی,0.35,سایر,سایر
کرم مرطوب کننده مدل بی کمپلکس اویل پلاس 400میل,https://www.khanoumi.com/products/comeon--moisturizing--oily-b-complex-cream-22890,واقعا این عالیه خیلی خوب صورت دست رو مرطوب می کنه ولی روی پوست احساس سنگینی نمی کنی,1,false,2020-04-22T22:04:04+00:00,مثبت,0.95,محصول,محصول
کرم مرطوب کننده مدل بی کمپلکس اویل پلاس 400میل,https://www.khanoumi.com/products/comeon--moisturizing--oily-b-complex-cream-22890,به جرات میتونم بگم جزو بهترین مرطوب کننده ها هستش و من بازهم میخوام ازش سفارش بدم ,8,true,2020-01-17T17:06:11+00:00,ترکیبی,0.66,سایر,سایر
کرم مرطوب کننده مدل بی کمپلکس اویل پلاس 400میل,https://www.khanoumi.com/products/comeon--moisturizing--oily-b-complex-cream-22890,این مدل اویل فری باعث جوش زدن میشه؟,2,true,2019-11-07T19:14:30+00:00,خنثی,0.35,سایر,سایر
کرم مرطوب کننده مدل بی کمپلکس اویل پلاس 400میل,https://www.khanoumi.com/products/comeon--moisturizing--oily-b-complex-cream-22890,بوي خوبي داره و مرطوب كننده ي خوبيه,8,true,2019-10-06T22:28:03+00:00,مثبت,0.79,محصول,محصول
کرم مرطوب کننده مدل بی کمپلکس اویل پلاس 400میل,https://www.khanoumi.com/products/comeon--moisturizing--oily-b-complex-cream-22890,"من خیلی راضیم بافت سبکی داره و روی پوست حس چرب بودن نمیده 
از کیو وی بهتره",11,false,2019-06-23T01:27:45.15+00:00,مثبت,0.79,محصول,محصول
کرم مرطوب کننده مدل بی کمپلکس اویل پلاس 400میل,https://www.khanoumi.com/products/comeon--moisturizing--oily-b-complex-cream-22890,بوی تندی داره به نظر من ..برای پوست های خیلی خشک مرتب باید رو پوست تمدبد بشه چربی روی پوست نمیمونه ...اما اینجا قیمتش خیلی بالاتر از سایت های دیگه هست ,15,false,2019-05-20T11:46:49.8966667+00:00,منفی,0.67,محصول | قیمت,محصول
کرم مرطوب کننده مدل بی کمپلکس اویل پلاس 400میل,https://www.khanoumi.com/products/comeon--moisturizing--oily-b-complex-cream-22890,از خانمی سفارشش دادم.بوش معرکه است و ازش راضیم تعریفاتی ازش میشه حقشه واقعا! فقط نمیدونم غلظت مدل کاسه ای و پمپی با هم فرق داره یا نداره؟,12,true,2019-04-18T22:29:26.5166667+00:00,مثبت,0.79,محصول,محصول
بالم لب اتودرم,https://www.khanoumi.com/products/bioderma-atoderm-stick-lip-22905,عالیه من وقتی ازش استفاده میکردم کاملا ترک لبام خوب شد و نرم شد. و خیلی هم حجم داره منو همیرم نزدیک هشت ماه هرروز و شب میزدیم ب زور تموم شد.الان کامن خریدم با رایحه الوورا بوش که افتضاحه و خودشم میچسبه و اصلا خوب نیست اصلا نخرید کامن! ولی بایودرما فوق العادس میخوام باز ازش بگیرم,2,false,2020-08-04T18:49:41+00:00,منفی,0.67,محصول | اصل بودن کالا,اصل بودن کالا
بالم لب اتودرم,https://www.khanoumi.com/products/bioderma-atoderm-stick-lip-22905,ترمیم کنندگیش عالیه. رایحه اشم خوبه. خشکی لب را کاملا برطرف میکنه,5,false,2020-04-29T15:27:40+00:00,مثبت,0.95,سایر,سایر
ژل فوم پاک کننده اینتنسیو اتودرم,https://www.khanoumi.com/products/bioderma-atoderm-intensive-ultra-rich-foaming-gel-22906,خدایی اصلا مناسب پوست خشک و حساس نیست من خریدم پوستمو خشک و داغون کرد,13,false,2020-07-23T11:59:00+00:00,ترکیبی,0.66,محصول | اصل بودن کالا,محصول
پن اینتنسیو اتودرم تاریخ انقضا 2021.01.30,https://www.khanoumi.com/products/bioderma-atoderm-intensive-pain-22907,"دو هفته پیش پن اینتنسیو اتودرم بایودرما را از فروشگاه اینترنتی خانومی سفارش دادم و به طور منظم هر روز ازش استفاده کردم. بعد از شستشوی پوستم با این محصول اصلا روی اون احساس خشکی و کشیدگی نمیکنم. این پن بعد از شستشو به حفظ رطوبت پوستم کمک میکنه و موجب نرم و لطیف شدنش میشه. این محصول قسمت‌های خشک پوستم رو از بین برده و در کاهش التهاب و خارش اون هم تاثیرگذاره.پن اینتنسیو بایودرم چون فاقد مواد صابونیه مانع بروز حساسیت روی پوست میشه و من از خریدم خیلی راضیم.
 
",0,false,2022-03-03T18:42:00+00:00,مثبت,0.91,محصول | اصل بودن کالا,محصول
پن اینتنسیو اتودرم تاریخ انقضا 2021.01.30,https://www.khanoumi.com/products/bioderma-atoderm-intensive-pain-22907,واقعا پن خوب و با کیفیتی هست برای کسایی که مشکل پوست مرغی دارن مناسبه,17,false,2020-03-22T17:01:01+00:00,مثبت,0.67,محصول,محصول
کرم موضعی درمان جوش افکلار,https://www.khanoumi.com/products/la-roche-posay-effaclar-a-i-22911,این ضد جوش ازون مدلاست که جوشو می کشه بیرون یعنی نمیخوابونه بدتر میکنه ,14,false,2019-01-25T15:07:25.0633333+00:00,مثبت,0.67,محصول,محصول
کرم مرطوب کننده هیدرافیز ریچ,https://www.khanoumi.com/products/la-roche-posay-hydraphase-intense-22917,سلام موجودش کنید واسه تولد خانومی,0,false,2024-06-09T12:52:50+00:00,خنثی,0.35,محصول,محصول
کرم مرطوب کننده هیدرافیز ریچ,https://www.khanoumi.com/products/la-roche-posay-hydraphase-intense-22917,آاخ این عشقه منه واقعا آبرسان فوق العاده ایه,2,false,2020-03-22T18:04:56+00:00,مثبت,0.67,سایر,سایر
کرم ضد آفتاب کامفورت بی رنگ و بی عطر-1,https://www.khanoumi.com/products/la-roche-posay-anthelios-cream-comfort-22922,فوق العاده ترین ضدافتاب لطفا شارژش کنید ,0,false,2024-08-15T15:24:25+00:00,مثبت,0.67,سایر,سایر
کرم شیر احیا کننده بدن,https://www.khanoumi.com/products/echos-aqua-marina-body-milk-22923,برای سلولیت خوبه؟! ,2,true,2019-12-02T14:24:31+00:00,مثبت,0.79,سایر,سایر
کرم شیر احیا کننده بدن,https://www.khanoumi.com/products/echos-aqua-marina-body-milk-22923,"من این محصول رو در تخفیف از خانمی خریدم و راضی هستم
پوست رو چرب نمی‌کنه و بوی خیلی خوبی داره",5,true,2019-11-20T20:36:54+00:00,مثبت,0.67,محصول | قیمت,محصول
ماسک مو ضدزردی 500میلی لیتر,https://www.khanoumi.com/products/echos-anti-yellow-mask-22926,من از این ماسک مو استفاده کردم و رنگ موهام خیلی بهتر شد. موهام بخاطر دکلره و رنگ موی نامناسب زرد شده بود و کدر بود. یه مدت از این ماسک مو استفاده کردم رنگ موهام بهتر شد. زردی موهام کمتر شد و کدریش بر طرف شد. من از خریدش راضی بودم.,0,false,2022-12-11T10:55:27+00:00,مثبت,0.67,محصول,محصول
ماسک مو ضدزردی 500میلی لیتر,https://www.khanoumi.com/products/echos-anti-yellow-mask-22926,من گرفتم خیلی راضی بودم ازش ,1,true,2020-01-24T14:40:51+00:00,مثبت,0.67,محصول,محصول
ماسک مو ضدزردی 500میلی لیتر,https://www.khanoumi.com/products/echos-anti-yellow-mask-22926,"کسی استفاده کرده لطفا نظرشو بگه.
واقعا زردی رو میبره؟؟",11,false,2019-11-26T10:31:18+00:00,خنثی,0.35,سایر,سایر
 ادوپرفیوم مردانه گلادیاتور 100 میلی لیتر,https://www.khanoumi.com/products/jacsaf-perfume-22928,نسبت به قیمت فوق العاده بود,0,true,2026-05-17T16:23:49.4829179+03:30,مثبت,0.67,محصول | قیمت,محصول
 ادوپرفیوم مردانه گلادیاتور 100 میلی لیتر,https://www.khanoumi.com/products/jacsaf-perfume-22928,ماندگاری خوب . پخش بو متوسط . درکل بوشم که تِق هرمس فوق العادست,0,true,2026-04-06T00:55:31.6484824+03:30,مثبت,0.67,محصول,محصول
 ادوپرفیوم مردانه گلادیاتور 100 میلی لیتر,https://www.khanoumi.com/products/jacsaf-perfume-22928,ماندگاری عالی بود پخش بو خوب,0,false,2026-03-20T23:27:30.3436269+03:30,مثبت,0.91,محصول,محصول
 ادوپرفیوم مردانه گلادیاتور 100 میلی لیتر,https://www.khanoumi.com/products/jacsaf-perfume-22928,ماندگاری و پخش بو بسیار بسیار عالی,0,false,2026-03-19T00:40:15.7365644+03:30,مثبت,0.67,محصول,محصول
 ادوپرفیوم مردانه گلادیاتور 100 میلی لیتر,https://www.khanoumi.com/products/jacsaf-perfume-22928,ماندگاری اصل نداره. مفتم ارزونه,0,true,2025-03-14T08:14:08.2577676+00:00,منفی,0.67,قیمت | محصول | اصل بودن کالا,اصل بودن کالا
 ادوپرفیوم مردانه گلادیاتور 100 میلی لیتر,https://www.khanoumi.com/products/jacsaf-perfume-22928,واقعا عالی بابام خیلی خوشش اومد بیشتر سلیقه اییه زیاد بوی چوب هم نمیداد,0,true,2024-12-31T10:19:54.3036024+00:00,مثبت,0.67,محصول,محصول
 ادوپرفیوم مردانه گلادیاتور 100 میلی لیتر,https://www.khanoumi.com/products/jacsaf-perfume-22928,خیلی خوشم نیومد رایحه تندی داره,0,true,2024-12-25T20:38:58.4904209+00:00,خنثی,0.35,سایر,سایر
 ادوپرفیوم مردانه گلادیاتور 100 میلی لیتر,https://www.khanoumi.com/products/jacsaf-perfume-22928,برای همسرم خریدم خیلی خوش بو‌ هست. و نسبت به قیمتش ماندگاریش خوبه در کل به نسبت قیمت راضیم,0,true,2024-11-29T15:08:26.2689658+00:00,مثبت,0.95,محصول | قیمت,محصول
 ادوپرفیوم مردانه گلادیاتور 100 میلی لیتر,https://www.khanoumi.com/products/jacsaf-perfume-22928,بسیار خوشبو و ماندگاریش هم خوبه. من هفته پیش سفارش دادم و موجود بود,0,true,2024-10-25T06:53:56.4696829+00:00,مثبت,0.79,محصول,محصول
 ادوپرفیوم مردانه دارک ماسک 100میلی لیتر,https://www.khanoumi.com/products/jacsaf-perfume-22932,ماندگاری خیلی زیاد تا چند روز روی لباس میمونه،حتی بعداز شستن، خوشبو با پخش زیاد,0,true,2026-04-24T01:44:20.9332801+03:30,خنثی,0.35,محصول,محصول
 ادوپرفیوم مردانه دارک ماسک 100میلی لیتر,https://www.khanoumi.com/products/jacsaf-perfume-22932,لطفا تخفیفش رو بیشتر کنید,0,false,2025-02-18T09:00:23.0559851+00:00,خنثی,0.35,قیمت,قیمت
 ادوپرفیوم مردانه دارک ماسک 100میلی لیتر,https://www.khanoumi.com/products/jacsaf-perfume-22932,دارای الکل بسیار و باعث سر درد میشه پیشنهاد نمیکنم اصلا ماندگاری نداره,0,true,2025-01-12T06:44:34.9160246+00:00,منفی,0.79,محصول | اصل بودن کالا,اصل بودن کالا
 ادوپرفیوم مردانه دارک ماسک 100میلی لیتر,https://www.khanoumi.com/products/jacsaf-perfume-22932,لطفا شارژش کنید با تخفیف,0,false,2024-12-22T18:32:10.4187627+00:00,خنثی,0.35,قیمت,قیمت
 ادوپرفیوم مردانه دارک ماسک 100میلی لیتر,https://www.khanoumi.com/products/jacsaf-perfume-22932,لطفاموجودکنید,0,false,2024-10-28T14:50:58.050259+00:00,خنثی,0.35,محصول,محصول
 ادوپرفیوم مردانه دارک ماسک 100میلی لیتر,https://www.khanoumi.com/products/jacsaf-perfume-22932,عالیه فوق العادس چندین ساله استفاده دارم.ماندگاری فوق العاده,0,true,2024-10-24T14:18:48.3385876+00:00,مثبت,0.91,محصول,محصول
 ادوپرفیوم مردانه دارک ماسک 100میلی لیتر,https://www.khanoumi.com/products/jacsaf-perfume-22932,خوبه دومین باره دارم میخرم هم پخش بو هم ماندگاری با این قیمت,0,false,2024-10-10T19:21:39.1080824+00:00,مثبت,0.79,محصول | قیمت,محصول
 ادوپرفیوم مردانه دارک ماسک 100میلی لیتر,https://www.khanoumi.com/products/jacsaf-perfume-22932,عاشق بوشم خیلی دوسش دارم احساس ارامشی میده,0,false,2024-07-17T14:18:00+00:00,خنثی,0.35,محصول,محصول
 ادوپرفيوم مردانه  اف 713 ميلی لیتر  ژک ساف,https://www.khanoumi.com/products/jacsaf-perfume-22936,بوی عالی,0,true,2025-10-28T16:53:02.3596762+03:30,مثبت,0.67,محصول,محصول
 ادوپرفيوم مردانه  اف 713 ميلی لیتر  ژک ساف,https://www.khanoumi.com/products/jacsaf-perfume-22936,واقعا بوی عالی و ماندگاری به نسبت خوب,0,true,2025-05-12T08:37:45.3982757+00:00,مثبت,0.79,محصول,محصول
 ادوپرفيوم مردانه  اف 713 ميلی لیتر  ژک ساف,https://www.khanoumi.com/products/jacsaf-perfume-22936,خیلی خیلی خیلی خوش بوعه,0,true,2025-03-27T13:18:46.3239646+00:00,خنثی,0.35,محصول,محصول
 ادوپرفيوم مردانه  اف 713 ميلی لیتر  ژک ساف,https://www.khanoumi.com/products/jacsaf-perfume-22936,خیلی بی کیفیت فقط بوی الکل میده,0,true,2025-02-24T11:08:09.5111996+00:00,منفی,0.67,محصول,محصول
 ادوپرفيوم مردانه  اف 713 ميلی لیتر  ژک ساف,https://www.khanoumi.com/products/jacsaf-perfume-22936,عالی بود اصل ماندگاری فوق العاده بالا و پخش بوی عالی و بوووووووی فوق العاده شک نکنید توی خریدش,0,true,2025-02-09T07:18:55.1613225+00:00,مثبت,0.95,محصول | اصل بودن کالا,محصول
 ادوپرفيوم مردانه  اف 713 ميلی لیتر  ژک ساف,https://www.khanoumi.com/products/jacsaf-perfume-22936,اولش بوی تندی داره که اگه حساس هستید میتونه باعث سردرد بشه، ولی بعد که میمونه بهتر میشه، ماندگاری بالایی هم نداره,0,true,2025-01-31T06:04:54.766325+00:00,خنثی,0.35,محصول,محصول
 ادوپرفيوم مردانه  اف 713 ميلی لیتر  ژک ساف,https://www.khanoumi.com/products/jacsaf-perfume-22936,کاش شارژش کنید,0,false,2023-11-20T22:25:51+00:00,خنثی,0.35,سایر,سایر
 ادوپرفیوم زنانه مدل Night Wish حجم 100میلی لیتر,https://www.khanoumi.com/products/jacsaf-perfume-22937,فوق العادسسسس,0,true,2026-06-19T02:24:47.8677474+03:30,خنثی,0.35,سایر,سایر
 ادوپرفیوم زنانه مدل Night Wish حجم 100میلی لیتر,https://www.khanoumi.com/products/jacsaf-perfume-22937,بوی خوبی داره ماندگاری هم خوبه,0,false,2025-07-19T19:15:17.6473633+00:00,مثبت,0.91,محصول,محصول
 ادوپرفیوم زنانه مدل Night Wish حجم 100میلی لیتر,https://www.khanoumi.com/products/jacsaf-perfume-22937,من یبار  سفارش دادم  خیلی راضی بودم  بوی خوب ماندگاری بالا و برای همین دوباره ک تخفیف  خورده بود خریدم  ولی اینبار بوی الکل میداد واصلا  بوی خوب قبلی رو نداشت,0,true,2025-05-18T18:15:41.5931879+00:00,مثبت,0.95,محصول | اصل بودن کالا | قیمت,محصول
 ادوپرفیوم زنانه مدل Night Wish حجم 100میلی لیتر,https://www.khanoumi.com/products/jacsaf-perfume-22937,هم بوی خوبی داره و هم به نسبت قیمتش ماندگاری خوبی هم داره.من برای دومین بار می‌خوام سفارش بدم,0,true,2025-03-14T08:45:14.1032612+00:00,ترکیبی,0.74,محصول | قیمت,محصول
 ادوپرفیوم زنانه مدل Night Wish حجم 100میلی لیتر,https://www.khanoumi.com/products/jacsaf-perfume-22937,بوی خوبی داره و ماندگاری متوسط,0,true,2025-03-08T02:12:59.1617879+00:00,مثبت,0.67,محصول,محصول
 ادوپرفیوم زنانه مدل Night Wish حجم 100میلی لیتر,https://www.khanoumi.com/products/jacsaf-perfume-22937,من که به واقع پولم رو دورریختم، بسیار بدبو، بوی الکل می ده و آزار دهنده هست، توصیه می کنم به هیچ عنوان نخرید چون هم پولتون رو دور ریختید و هم باید خرید تون رو بندازید دور و برید سراغ یک خرید دیگه,0,true,2025-02-08T10:58:33.2591831+00:00,ترکیبی,0.66,محصول,محصول
 ادوپرفیوم زنانه مدل Night Wish حجم 100میلی لیتر,https://www.khanoumi.com/products/jacsaf-perfume-22937,این عطر بوی تندی داره و باعث سردرد میشه,0,true,2025-01-21T03:08:27.1431979+00:00,خنثی,0.35,محصول,محصول
 ادوپرفیوم زنانه مدل Night Wish حجم 100میلی لیتر,https://www.khanoumi.com/products/jacsaf-perfume-22937,فک کنم تمام کسایی که تعریف کردن سازنده و عوامل شزکت این ادکلن بدبو هستن. نه بوی خوبی داره نه ماندگاری,0,true,2025-01-20T19:23:44.082747+00:00,ترکیبی,0.66,محصول,محصول
 ادوپرفیوم زنانه مدل Night Wish حجم 100میلی لیتر,https://www.khanoumi.com/products/jacsaf-perfume-22937,چرا در عنوان محصول خورده فانتزی نایت ویش؟؟ چون من منتظر موجود شدن ورژن فانتزی نایت ویش هستم که بطریش قرمز هست و نت هاش هم فرق داره آیا این یعنی الان موجود شده یا این همون ورژن بنفشش هست؟؟,0,false,2025-01-20T00:00:38.9173538+00:00,خنثی,0.35,محصول,محصول
 ادوپرفیوم زنانه مدل Night Wish حجم 100میلی لیتر,https://www.khanoumi.com/products/jacsaf-perfume-22937,بوی خوب و ماندگاری قابل قبول,0,true,2024-12-13T20:07:29.855451+00:00,مثبت,0.67,محصول,محصول
 ادوپرفیوم زنانه مدل Night Wish حجم 100میلی لیتر,https://www.khanoumi.com/products/jacsaf-perfume-22937,"عالی ، هر موقع زدمش و جایی رفتم همه خوششون اومده و ازم پرسیدن عطرت چیه 
ممنون از خانومی",0,true,2024-12-13T15:28:53.8484173+00:00,مثبت,0.79,محصول | تحویل و ارسال,محصول
 ادوپرفیوم زنانه مدل Night Wish حجم 100میلی لیتر,https://www.khanoumi.com/products/jacsaf-perfume-22937,ماندگاری بوی خوبی داره,0,true,2024-12-10T06:22:06.2620687+00:00,مثبت,0.67,محصول,محصول
 ادوپرفیوم زنانه مدل Night Wish حجم 100میلی لیتر,https://www.khanoumi.com/products/jacsaf-perfume-22937,لطفا تخفیف بیشتر بزارید,0,true,2024-12-08T10:01:12.8716179+00:00,خنثی,0.35,قیمت,قیمت
 ادوپرفیوم زنانه مدل Night Wish حجم 100میلی لیتر,https://www.khanoumi.com/products/jacsaf-perfume-22937,"خیلی فوق العاده س 
ماندگاری بالا  عالیههه",0,true,2024-12-06T21:06:45.0187919+00:00,مثبت,0.91,محصول,محصول
 ادوپرفیوم زنانه مدل Night Wish حجم 100میلی لیتر,https://www.khanoumi.com/products/jacsaf-perfume-22937,ماندگاری عالی,0,true,2024-12-06T07:32:50.766311+00:00,مثبت,0.67,محصول,محصول
 ادوپرفیوم زنانه مدل Night Wish حجم 100میلی لیتر,https://www.khanoumi.com/products/jacsaf-perfume-22937,لطفا تخفیف 50 درصد بذارید من سبد خریدمو چیدم لنگ همین یدونه محصولم. خواهش میکنم,0,false,2024-12-04T15:04:24.0914428+00:00,منفی,0.67,محصول | قیمت,محصول
 ادوپرفیوم زنانه مدل Night Wish حجم 100میلی لیتر,https://www.khanoumi.com/products/jacsaf-perfume-22937,این ادکلن رو من تا الان دو بار خریدم واقعا بوی خیلی خوبی داره,0,true,2024-12-02T09:50:27.3306281+00:00,مثبت,0.79,محصول,محصول
 ادوپرفیوم زنانه مدل Night Wish حجم 100میلی لیتر,https://www.khanoumi.com/products/jacsaf-perfume-22937,لطفاااا تخفیفففف بیشتر بزارینننن,0,false,2024-11-21T00:50:57.1944458+00:00,خنثی,0.35,قیمت,قیمت
 ادوپرفیوم زنانه مدل Night Wish حجم 100میلی لیتر,https://www.khanoumi.com/products/jacsaf-perfume-22937,من این ادکلن رو آبان ماه سفارش دادم . ماندگاری و پخش بو در حد صفر و هیچگونه رد بویی بجا نمیزاره . ماندگاری هم در حد نیم‌ساعت,0,true,2024-11-16T14:08:18.1748449+00:00,خنثی,0.35,محصول,محصول
 ادوپرفیوم زنانه مدل Night Wish حجم 100میلی لیتر,https://www.khanoumi.com/products/jacsaf-perfume-22937,جزو بهترین ادکلن هایی بود ک خریدم پخش بوش فوق العاده اس خیلی راضیم از خریدم,0,true,2024-10-31T07:09:16.0628088+00:00,مثبت,0.95,محصول,محصول
 ادوپرفیوم زنانه مدل Night Wish حجم 100میلی لیتر,https://www.khanoumi.com/products/jacsaf-perfume-22937,خشبو با ماندگاری بالا,0,true,2024-10-10T06:29:55.9124216+00:00,خنثی,0.35,محصول,محصول
 ادوپرفیوم زنانه مدل Night Wish حجم 100میلی لیتر,https://www.khanoumi.com/products/jacsaf-perfume-22937,خیلی بوش خوبه دوسش دارم اون مدل دیگش که رنگش صورتیه باز این بهتره,0,false,2024-10-03T12:17:33.2446525+00:00,مثبت,0.79,محصول,محصول
 ادوپرفیوم زنانه مدل Night Wish حجم 100میلی لیتر,https://www.khanoumi.com/products/jacsaf-perfume-22937,بوی خیلی آرام بخشی داره ماندگاری و پخش بوی نرمالی هم داره,0,true,2024-09-09T13:01:11+00:00,خنثی,0.35,محصول,محصول
 ادوپرفیوم زنانه مدل Night Wish حجم 100میلی لیتر,https://www.khanoumi.com/products/jacsaf-perfume-22937,اگه میشه تخفیفش بیشتر کنین تا بتونیم ,0,false,2024-09-08T13:19:13+00:00,خنثی,0.35,قیمت,قیمت
 ادوپرفیوم زنانه مدل Night Wish حجم 100میلی لیتر,https://www.khanoumi.com/products/jacsaf-perfume-22937,وای من عاشق بوش شدم,0,true,2024-07-25T15:54:07+00:00,خنثی,0.35,محصول,محصول
 ادوپرفیوم زنانه مدل Night Wish حجم 100میلی لیتر,https://www.khanoumi.com/products/jacsaf-perfume-22937,ماندگاری و بوی خیلی خوبی داره,0,true,2024-04-25T12:50:54+00:00,مثبت,0.79,محصول,محصول
 ادوپرفیوم زنانه مدل Night Wish حجم 100میلی لیتر,https://www.khanoumi.com/products/jacsaf-perfume-22937,تقریبا بویی مشابه ورساچ نویر البته شیرین تر و سبک تر از اون,0,false,2024-02-02T13:21:55+00:00,خنثی,0.35,محصول,محصول
ادوپرفیوم زنانه اف 713 نایت حجم 100 میلی لیتر,https://www.khanoumi.com/products/jacsaf-perfume-22941,لطفا موجود کنید,0,false,2024-11-25T16:09:48.0272188+00:00,خنثی,0.35,محصول,محصول
ادوپرفیوم زنانه اف 713 نایت حجم 100 میلی لیتر,https://www.khanoumi.com/products/jacsaf-perfume-22941,عاشق این عطر هستم با قیمت خیلی مناسب دقیقا عطر  لَوی اِبِل رو میخرید.موندگاری عالی پخش بو عالی,0,false,2024-03-11T16:00:48+00:00,مثبت,0.79,محصول | قیمت,محصول
ادوپرفیوم زنانه اف 713 نایت حجم 100 میلی لیتر,https://www.khanoumi.com/products/jacsaf-perfume-22941,عالی و بی نظییر,4,false,2019-07-25T14:19:01.6766667+00:00,مثبت,0.67,سایر,سایر
 ادوپرفیوم مردانه اف اف 100 میلی لیتر,https://www.khanoumi.com/products/jacsaf-perfume-22943,من چند ساله از این پرفیوم استفاده میکنم خیلی خوش بو هست و رد بو داره،کلا محصولات ژک سافت عالی هستند،از خانومی هم بخاطر قیمت مناسب و ارسال به موقع متشکرم,0,true,2025-10-19T12:57:58.1439926+03:30,مثبت,0.67,محصول | تحویل و ارسال | قیمت,محصول
 ادوپرفیوم مردانه اف اف 100 میلی لیتر,https://www.khanoumi.com/products/jacsaf-perfume-22943,چرا برای این ادکلن تخفیف نمیزارید ب مناسبت تولدحضرت علی ع روز پدر برای همه ادکلنها تخفیف زدید جز این,0,false,2025-01-07T07:50:49.0647949+00:00,خنثی,0.35,محصول | قیمت,محصول
 ادوپرفیوم مردانه اف اف 100 میلی لیتر,https://www.khanoumi.com/products/jacsaf-perfume-22943,لطفا برای ادکلن دبل اف ژک ساف تخفیف بزارید,0,false,2025-01-01T12:10:19.703395+00:00,خنثی,0.35,محصول | قیمت,محصول
 ادوپرفیوم مردانه اف اف 100 میلی لیتر,https://www.khanoumi.com/products/jacsaf-perfume-22943,عالیه,0,true,2024-12-28T22:15:25.5229093+00:00,مثبت,0.79,سایر,سایر
 ادوپرفیوم مردانه اف اف 100 میلی لیتر,https://www.khanoumi.com/products/jacsaf-perfume-22943,ادکلن دبل اِف  ژک ساف عاااالیه و من همیشه خرید میزنم ممنون از خانومی و محصولات خوبشون,0,true,2024-10-24T14:17:39.9019044+00:00,مثبت,0.79,محصول,محصول
 ادوپرفیوم مردانه اف اف 100 میلی لیتر,https://www.khanoumi.com/products/jacsaf-perfume-22943,"تاحالا دوبار خریدم ازش
بوی شیرین و گرمی داره 
ماندگاریش خوبه 
خط بوهم داره",0,true,2024-09-15T07:46:05+00:00,مثبت,0.79,محصول,محصول
 ادوپرفیوم مردانه اف اف 100 میلی لیتر,https://www.khanoumi.com/products/jacsaf-perfume-22943,اینو قبلا استفاده کردم عاااالیه ,0,false,2024-06-20T02:40:56+00:00,خنثی,0.35,سایر,سایر
 ادوپرفیوم مردانه اف اف 100 میلی لیتر,https://www.khanoumi.com/products/jacsaf-perfume-22943,ممنون از خانومی بهترین ادکلن ,0,true,2024-01-06T09:23:38+00:00,مثبت,0.79,محصول,محصول
ادوپرفیوم مردانه ویکتور 100 میلی لیتر,https://www.khanoumi.com/products/jacsaf-perfume-22949,سری قبل که خرید‌کردم واقعا راضی بودم ،دوستان‌ خیلیا طبق نظرات خرید‌ میکنن ،درحد امکان نظر درست و‌واقعی  رو  کامنت کنید ممنون,0,true,2026-03-20T13:02:33.7364503+03:30,مثبت,0.79,محصول,محصول
ادوپرفیوم مردانه ویکتور 100 میلی لیتر,https://www.khanoumi.com/products/jacsaf-perfume-22949,الکل خالصه ماندگاریش صفره,0,true,2025-08-26T08:11:28.9182583+00:00,خنثی,0.35,محصول,محصول
ادوپرفیوم مردانه ویکتور 100 میلی لیتر,https://www.khanoumi.com/products/jacsaf-perfume-22949,"عالی ترین بود ، حتی بوش رو نمیدونستم ولی خرید کردم و بهترین خرید ادکلن بود ، برای هدیه خریدمش و اصلاپشیمون نیستم ازش هم بوش و هم موندگاریش عالیه 
ممنون از محصول خوبتون",0,true,2025-07-04T07:05:14.3512431+00:00,مثبت,0.95,محصول | اصل بودن کالا,محصول
ادوپرفیوم مردانه ویکتور 100 میلی لیتر,https://www.khanoumi.com/products/jacsaf-perfume-22949,سلام لطفاً موجودش کنید مچکرم,0,false,2025-02-25T21:15:31.4704276+00:00,خنثی,0.35,محصول,محصول
ادوپرفیوم مردانه ویکتور 100 میلی لیتر,https://www.khanoumi.com/products/jacsaf-perfume-22949,لطفا موجودش کنید,0,true,2024-06-29T20:03:36+00:00,خنثی,0.35,محصول,محصول
ادوپرفیوم مردانه ویکتور 100 میلی لیتر,https://www.khanoumi.com/products/jacsaf-perfume-22949,خیلی خوب بود من دوسش داشتم پیشنهاد میکنم,0,true,2024-06-22T12:01:17+00:00,مثبت,0.95,محصول,محصول
ادوپرفیوم مردانه ویکتور 100 میلی لیتر,https://www.khanoumi.com/products/jacsaf-perfume-22949,یکی از بهترینها حتما پیشنهاد میشه,0,false,2024-04-27T04:21:18+00:00,مثبت,0.79,سایر,سایر
ادو تویلت مردانه  کنکوردیا اسپرت,https://www.khanoumi.com/products/my-concordia-sport-eau-de-toilette-for-men-22950,با توجه به کامنتها خریدمش ولی اصلا راضی نیستم . ماندگاری نداره. خیلی بوی الکلش شدیده و به ذوق میزنه. پیشنهادش نمیکنم. بوی الکلش از اسانسش بیشتره,4,false,2019-02-18T15:52:42.2966667+00:00,منفی,0.91,محصول | اصل بودن کالا,اصل بودن کالا
ادو تویلت مردانه  کنکوردیا اسپرت,https://www.khanoumi.com/products/my-concordia-sport-eau-de-toilette-for-men-22950,"با سلام 
ممنون بابت سایت خوبتون .. من این عطر و قبلا برام کادو اورده بودن چون از بو و رایحه دلنشینش خوشم اومد از طریق سایت خانومی سفارش دادم و خیلی راضی بودم .. مرسی ",5,true,2019-02-04T17:30:25.8133333+00:00,مثبت,0.95,محصول,محصول
ادوتویلت مردانه  کنکوردیا بلک,https://www.khanoumi.com/products/my-concordia-black-eau-de-toilette-for-men-22951,این عطر مردونه رو برای همسرم خریدم رایحه خنکی داره. پخش بوی خوبی داره و برای استفاده روزانه و مهمونی های مهم هم مناسبه. اگه قصد هدیه دادن دارید این عطر گزینه مناسبیه.,0,false,2022-12-12T13:45:38+00:00,مثبت,0.67,محصول,محصول
عطر زنانه ون تی مانیفستو,https://www.khanoumi.com/products/my-eau-de-toilette-for-women-22953,"عاااااااااااااااالیه خیلی بوی خوب و خاصی داره پیشنهاد میکنم شدید
",5,false,2019-11-12T07:11:40+00:00,مثبت,0.91,محصول,محصول
عطر زنانه ون تی مانیفستو,https://www.khanoumi.com/products/my-eau-de-toilette-for-women-22953,"من امروز بدستم رسید . از چیزی که تو عکس بنظر میرسه بزرگتره. بوش هم گرم و شیرین هست و یکم که میمونه خوش بو تر میشه . ولی اولش ادمو یاد ادکلن desireمدل dolce and gabanna میندازه . ینی من اونو دارم دقیقا اولش همون بو رو میده. بوی خاصیه و سلیقه ای هست .
دقت کنید اون ادکلن هایی که توی اسمشون ادو تویلت داره موندگاریشون بیشتر ازوناییکه نوشته ادو پرفیوم. 
امیدوارم نظرم بدردتون بخوره:*",29,false,2019-03-11T22:23:52.0966667+00:00,منفی,0.79,محصول | تحویل و ارسال,محصول
عطر زنانه ون تی مانیفستو,https://www.khanoumi.com/products/my-eau-de-toilette-for-women-22953,"بوی خیلی خوبی داره. زیاد تند نیست ک خودش سردرد بیاره اما اگه سردرد داشته باشین ممکنه سردردتون رو بیشتر کنه. حدود 224 ساعت هم موندگاری داره. من ک عاشقشم.
نمیدونستم از شرکت مای هست. با این حساب امتیاز بالاتری باید بگیره.",11,false,2019-02-05T19:16:13.2566667+00:00,مثبت,0.67,محصول,محصول
عطر زنانه نوت,https://www.khanoumi.com/products/my-eau-de-toilette-for-women-22954,عطرها کاملا سلیقه ای هستن بنظر من که بوی خنک و خوبی داره,2,false,2020-02-04T20:52:41+00:00,مثبت,0.67,محصول,محصول
عطر زنانه نوت,https://www.khanoumi.com/products/my-eau-de-toilette-for-women-22954,من تستر سرخالی این عطر رو گرفتم . هرچی که هست بوش واقعا مزخرفه جعبه ام نداره که لا اقل به کسی کادو بدم😣😣😣,1,false,2020-01-10T17:06:56+00:00,منفی,0.67,محصول,محصول
عطر زنانه نوت,https://www.khanoumi.com/products/my-eau-de-toilette-for-women-22954,بوی خوب و ملایمی داره.,5,false,2019-12-22T15:47:57+00:00,مثبت,0.67,محصول,محصول
عطر زنانه نوت,https://www.khanoumi.com/products/my-eau-de-toilette-for-women-22954,منم ازین عطر سفارش دادم و بوش واقعا ماندگاره.بوی خوبی هم داره .در ضمن هدیه برند مای که کیف آرایش بود رو هم برام ارسال کردن به همراه دو رنگ لاک از برند گلدن رز به عنوان هدیه خرید اول.ممنونم از خانومی به خاطر کیفیت خوب محصولاتش و خوش قول بودنش,6,true,2019-07-30T15:12:43.3966667+00:00,مثبت,0.95,محصول | تحویل و ارسال,محصول
عطر زنانه نوت,https://www.khanoumi.com/products/my-eau-de-toilette-for-women-22954,من عاشق بوش شدم، خییییلی خوشبوعه خیلی، نگاهم نسبت به برند مای مثبت شد😅,19,true,2019-03-14T02:56:28.97+00:00,خنثی,0.35,محصول,محصول
عطر زنانه پینک پرل,https://www.khanoumi.com/products/my-eau-de-toilette-for-women-22955,خانمی لطفا موجود کن,0,false,2024-05-27T13:48:28+00:00,خنثی,0.35,محصول,محصول
عطر زنانه پینک پرل,https://www.khanoumi.com/products/my-eau-de-toilette-for-women-22955,"بوی شیرین و گرم داره بخصوص گل یاس, ماندگاری متوسط و قابل قبول, شبیه نوت عطرهای معروف alien و کمی هم شبیه میدنایت لنکوم هست, بوی شیک و خانم جوان پسند و مناسب فصل زمستان هست, مناسب سن دخترای نوجوان نیست, من خوشم اومد و دوباره خریداری میکنم",6,false,2020-02-05T21:04:19+00:00,خنثی,0.35,محصول,محصول
عطر زنانه پینک پرل,https://www.khanoumi.com/products/my-eau-de-toilette-for-women-22955,"من  خیلی از بوی این عطر راضی نبودم سردرد میگیرم از بوش
یه بوی معموووولی و یکم هم شبیه عطرهای مشهد هست",7,true,2019-07-16T09:59:15.7266667+00:00,منفی,0.67,محصول,محصول
عطر زنانه پینک پرل,https://www.khanoumi.com/products/my-eau-de-toilette-for-women-22955,خسته نباشید،امروز این عطر به دستم رسید واقعا خوشبو هست،خیلی خوشم اومد،مرسی,10,true,2019-03-05T22:48:44.5033333+00:00,مثبت,0.67,محصول | تحویل و ارسال,محصول
ادو تویلت مردانه کنکوردیا چمپ 75میل,https://www.khanoumi.com/products/my-concordia-champ-eau-de-toilette-for-men-22956,بوش عالیه همسرم خیلی خوشش اومد ماندگاریشم خوبه,1,true,2019-05-01T10:21:19.1366667+00:00,مثبت,0.95,محصول,محصول
ادو تویلت مردانه کنکوردیا چمپ 75میل,https://www.khanoumi.com/products/my-concordia-champ-eau-de-toilette-for-men-22956,من این ادکلنو سفارش دادم واقعا بوش خوب بود ی بوی ملایمی داره زیاد تند نیس... من خیلی خوشم اومد,6,true,2019-03-12T12:32:08.4466667+00:00,مثبت,0.79,محصول,محصول
ادو تویلت مردانه کنکوردیا چمپ 75میل,https://www.khanoumi.com/products/my-concordia-champ-eau-de-toilette-for-men-22956,"برای همسرم سفارش دادم که امروز به دستم رسید،خیلی خوشش اومد و بوش واقعا خوبه، البته بوی ادکلن سلیقه ای هست،ما که راضی بودیم
البته من تو شانس گرفتم با توجه به قیمت شانس واقعا عالیه",9,true,2019-03-05T22:51:08.04+00:00,مثبت,0.95,محصول | تحویل و ارسال | قیمت,محصول
‫کرم پودر مات اسموتینگ,https://www.khanoumi.com/products/schon-smoothing-matt-foundation-22957,من این کرم پودر رو دارم و به نظرم خیلی سبک و خوبه,0,false,2026-08-09T16:04:02.1081213+03:30,مثبت,0.79,محصول,محصول
‫کرم پودر مات اسموتینگ,https://www.khanoumi.com/products/schon-smoothing-matt-foundation-22957,خیلی عالی,0,false,2026-08-05T18:26:11.2078446+03:30,مثبت,0.67,سایر,سایر
‫کرم پودر مات اسموتینگ,https://www.khanoumi.com/products/schon-smoothing-matt-foundation-22957,من چند ساله شماره 5و استفاده میکنم عالیه به خیلی هم پیشنهاد دادم همه راضی بودن,0,true,2026-05-14T14:25:17.8438115+03:30,مثبت,0.95,محصول,محصول
‫کرم پودر مات اسموتینگ,https://www.khanoumi.com/products/schon-smoothing-matt-foundation-22957,سلام چرا شماره های 1 تا3 دیگه هیچ جا پیدا نمیشه؟؟,0,false,2026-05-05T01:23:31.2789847+03:30,خنثی,0.35,سایر,سایر
‫کرم پودر مات اسموتینگ,https://www.khanoumi.com/products/schon-smoothing-matt-foundation-22957,من چندین ساله از این کرم میزنم شماره 01 میگیریم همیشه ولی الان مدتیه هیچ جایی این شماره رو پیدا نمیکنم و قیمتش نسبت به کیفیت و حجم بسیار بالاست برای همیم دیگه ازش نمیخرم,0,false,2026-04-05T19:01:24.8766214+03:30,خنثی,0.35,محصول | قیمت,محصول
‫کرم پودر مات اسموتینگ,https://www.khanoumi.com/products/schon-smoothing-matt-foundation-22957,من شماره 03 رو سفارش دادم برای پوست من که سبزه رو به گندمی خوبه و کاور مناسب داره و بوی خوبی داره فقط تولیدش برای 402 بود و تا 405 انقضا داره یک نکته منفی بود.,0,true,2025-04-07T12:05:22.6786576+00:00,مثبت,0.91,محصول,محصول
‫کرم پودر مات اسموتینگ,https://www.khanoumi.com/products/schon-smoothing-matt-foundation-22957,من روشن ترین رنگشو انتخاب کردم اما بازم تناژ مسی داره هرچقدرم ازش میگذره غلیظ تر میسه رنگش,0,true,2025-03-02T22:43:14.3215908+00:00,خنثی,0.35,محصول,محصول
‫کرم پودر مات اسموتینگ,https://www.khanoumi.com/products/schon-smoothing-matt-foundation-22957,سالم ب دستم رسید ولی از کیفیتش اصلا راضی نبودم ، ب شدت خشکه ، تکسچر خوبی روی پوست نداره و سریع کیکی میشه،  کلا 2 بار ازش استفاده کردم صورتم پر جوش شد ، به شدتتتت باعث جوش زیر پوستی می‌شه اصلا قابل استفاده نیست ،پولم رو دور انداختم رسما,0,true,2025-03-02T14:10:31.7561294+00:00,خنثی,0.35,محصول | اصل بودن کالا | تحویل و ارسال,محصول
‫کرم پودر مات اسموتینگ,https://www.khanoumi.com/products/schon-smoothing-matt-foundation-22957,"من دوبار این کرم پودر رو با شماره های متفاوت از خانمی خریداری کردم اما دو ایراد بزرگ داشت یکی اینکه عین دو بار سَری های کِرم شکسته بود و بیشتر کرم نشت کرده بود به بیرون. و دوم اینکه هیچکدوم از کرم ها سریش کاغذ پلمپ نداشت و سر کرم بدون پلمپ بود.
متاسفانه پروسه بازگشت هم که برای خودش داستانی داره.
در مورد خود کرم هم که واسه پوستای چرب این مدلش خیلی خوبه و پوشش دهیش هم قابل قبوله و مات هم هست.",0,true,2025-02-04T04:48:01.1813104+00:00,ترکیبی,0.92,محصول | تحویل و ارسال,محصول
‫کرم پودر مات اسموتینگ,https://www.khanoumi.com/products/schon-smoothing-matt-foundation-22957,خیلی کوچیکه اندازه یه بند انگشت اما عالیه,0,true,2025-01-27T16:01:39.728762+00:00,مثبت,0.79,سایر,سایر
‫کرم پودر مات اسموتینگ,https://www.khanoumi.com/products/schon-smoothing-matt-foundation-22957,پوست من مختلطه و اصلا باعث جوش نشد کلا از کیفیت محصولات شون خیلی راضیم این کرمپودر هم پوشش نسبتا خوبی داره و هم سبکه تنها مشکلش اینه رنگ شماره 1 گرفتم اما بازم تیره اس,0,true,2024-12-27T07:55:01.9488203+00:00,مثبت,0.95,محصول | اصل بودن کالا,محصول
‫کرم پودر مات اسموتینگ,https://www.khanoumi.com/products/schon-smoothing-matt-foundation-22957,من طبق نظرا خریدم ک کاش نمیخریدم.کلا تیرس شماره یکشم تیرس حتی.ی خروارم باید بزنی تا نشون بده زدی عین ضد افتاب رنگی میمونه.با پول این میتونستم دوتا کرم پودری ک راضیم ازشونو راحت بخرم اما گفتم شاید این بهتره الان ن پولم هست نه کرم پودر دارم,0,true,2024-12-15T07:05:35.9206898+00:00,ترکیبی,0.87,محصول,محصول
‫کرم پودر مات اسموتینگ,https://www.khanoumi.com/products/schon-smoothing-matt-foundation-22957,پوشش فوق العاده عالی و مات بشدت پیشنهاد میکنم برای صورتهای لک دار عالیه کاور عالی,0,true,2024-12-12T09:40:00.6270707+00:00,مثبت,0.95,محصول,محصول
‫کرم پودر مات اسموتینگ,https://www.khanoumi.com/products/schon-smoothing-matt-foundation-22957,رنگاش کلا تیره اس  و روشن ترین رنگش 01 هم برای پوست گندمی روشن مناسبه شماره 1 که من داشتم تناژ صورتی داره شماره 2 هم فک کنم تناژ نخودی در کل کرم سبک و مات و خوبیه بدای پوست چرب عالیه میتونین زیرش مرطوب کننده هم بزنین که نماسه,0,false,2024-11-19T23:39:36.6253506+00:00,مثبت,0.79,محصول,محصول
‫کرم پودر مات اسموتینگ,https://www.khanoumi.com/products/schon-smoothing-matt-foundation-22957,خیلی خوب روی پوست میخوابه و مات و مخملی میشه من پوستم چربه اوکی بود و کاور متوسطی داشت امااا رو پوست من که سبزه هستم، هر سه رنگش جلوه خاکستری طور میده به پوستم رو پوست گندمی هم تست کردم همینه، حتی کانسیلر هاشم یه توناژ تیره میده آخرش نمیدونم مشکل چیه,0,true,2024-11-17T18:07:24.3230053+00:00,مثبت,0.79,محصول,محصول
‫کرم پودر مات اسموتینگ,https://www.khanoumi.com/products/schon-smoothing-matt-foundation-22957,عالی بود دوست داشتم بسیار سبک ، کاور متوسط ، بسیار یکدست ، با کانسیلرش ترکیبش فوق العاده س,0,false,2024-10-26T08:36:07.1490951+00:00,مثبت,0.95,محصول,محصول
‫کرم پودر مات اسموتینگ,https://www.khanoumi.com/products/schon-smoothing-matt-foundation-22957,حتما بخرید عالیه کاورش خوبه بوی خوبی داره و خیلی سبک,0,false,2024-10-12T17:23:41.4390634+00:00,مثبت,0.95,محصول,محصول
‫کرم پودر مات اسموتینگ,https://www.khanoumi.com/products/schon-smoothing-matt-foundation-22957,حجمش واقعا کمه ، دنبال یه کرم مات بودم که این شرایط رو داره، در مجموع راضی ام ,0,true,2024-07-18T12:31:16+00:00,مثبت,0.79,محصول,محصول
‫کرم پودر مات اسموتینگ,https://www.khanoumi.com/products/schon-smoothing-matt-foundation-22957,"فوق العاده اصلا تو خریدش شک نکنید ،پوشانندگی خیلی خوبی داره با ی پنکک خوب هم استفاده کنید دیگه عالی میشه 
ماندگاری شم خیلی خوبه و ظاهرش کاملا ماته",0,false,2024-06-28T02:21:39+00:00,مثبت,0.95,محصول | اصل بودن کالا,محصول
‫کرم پودر مات اسموتینگ,https://www.khanoumi.com/products/schon-smoothing-matt-foundation-22957,برای پوست چرب خوبه ظاهر مات داره رنگ 01 گرفتم از پوست من تیره تره اما دوست داشتم ولی حجمش کمه,0,false,2024-05-26T14:51:20+00:00,مثبت,0.91,محصول,محصول
‫کرم پودر مات اسموتینگ,https://www.khanoumi.com/products/schon-smoothing-matt-foundation-22957,لطفا تخفیف بذارید . ,0,false,2024-04-08T10:34:16+00:00,خنثی,0.35,قیمت,قیمت
‫کرم پودر مات اسموتینگ,https://www.khanoumi.com/products/schon-smoothing-matt-foundation-22957, این کرم فقط،به درد پوست چرب میخوره رو پوست من میماسه متاسفانه,0,true,2024-03-21T14:59:48+00:00,منفی,0.67,محصول,محصول
‫کرم پودر مات اسموتینگ,https://www.khanoumi.com/products/schon-smoothing-matt-foundation-22957,کدوم رنگش خوبه برای پوست گندمی ؟,0,true,2024-03-04T17:57:31+00:00,مثبت,0.79,محصول,محصول
‫کرم پودر مات اسموتینگ,https://www.khanoumi.com/products/schon-smoothing-matt-foundation-22957,پوستم خشک وقتی میزنم روی پوستم میماسه شاید برای پوست چرب مناسب باشه ,0,false,2024-02-01T20:27:39+00:00,خنثی,0.35,محصول,محصول
‫کرم پودر مات اسموتینگ,https://www.khanoumi.com/products/schon-smoothing-matt-foundation-22957,اولا اینکه خیلی دیر به دستم رسید حجمش خیلی کم جاخوردم اول که دیدم رنگش هم خیلی برنز هنوز که استفاده نکردم ایشالاکه خوب باشه ولی درکل نظرات  دیگران در موردش خوب بوده,0,false,2024-02-01T14:08:15+00:00,مثبت,0.91,محصول | تحویل و ارسال | قیمت,محصول
‫کرم پودر مات اسموتینگ,https://www.khanoumi.com/products/schon-smoothing-matt-foundation-22957,نسبت ب قیمتش قابل قبوله ,0,true,2023-12-15T13:49:44+00:00,خنثی,0.35,محصول | قیمت,محصول
‫کرم پودر مات اسموتینگ,https://www.khanoumi.com/products/schon-smoothing-matt-foundation-22957,لطفاً موجود کنید در تخفیفاتم بزارید,0,true,2023-05-23T18:24:08+00:00,خنثی,0.35,محصول | قیمت,محصول
‫کرم پودر مات اسموتینگ,https://www.khanoumi.com/products/schon-smoothing-matt-foundation-22957,کرم پودر شون کیفیت بسیار خوب و بافت سبکی داره. سریع جذب پوست میشه و اصلا باعث ایجاد چربی اضافه روی پوست نمیشه. کاملا هم ماته. می‌تونم بگم کاور خیلی خوبی هم داره و اگر لک های خیلی زیادی نداشته باشید کل صورت رو خوب پوشش می‌ده. منافذ رو اگر عمیق باشه کامل پوشش نمیده و برای کاور بهتر، باید قبلش حتما از پرایمر استفاده کنید. خیلی راحت هم جذب پوست میشه و رنگبندی کاملی داره.,23,false,2022-04-25T11:11:39+00:00,مثبت,0.95,محصول | اصل بودن کالا,محصول
‫کرم پودر مات اسموتینگ,https://www.khanoumi.com/products/schon-smoothing-matt-foundation-22957,من رنگ ۳ رو خریدم پوشانندگیش کمه,13,false,2021-08-03T17:14:25+00:00,خنثی,0.35,محصول,محصول
‫کرم پودر مات اسموتینگ,https://www.khanoumi.com/products/schon-smoothing-matt-foundation-22957,"پوشانندگی متوسط رو ب بالا
به طور کلی پیشنهاد میشه و کاور سبکی داره اما حجمش کمه 
",6,false,2021-07-20T16:28:48+00:00,مثبت,0.67,محصول,محصول
‫کرم پودر مات اسموتینگ,https://www.khanoumi.com/products/schon-smoothing-matt-foundation-22957,پوشانندگی خوبی داره و روی پوست نمیماسه و خیلی سبکه,11,true,2021-07-20T15:14:36+00:00,مثبت,0.67,محصول,محصول
‫کرم پودر مات اسموتینگ,https://www.khanoumi.com/products/schon-smoothing-matt-foundation-22957,من كه عاشقشم 😍 فكر ميكنم ٥امين باريه كه از اولين سرى استفادم شارژش ميكنم 🌸 ,1,true,2021-07-20T14:45:03+00:00,مثبت,0.67,سایر,سایر
‫کرم پودر مات اسموتینگ,https://www.khanoumi.com/products/schon-smoothing-matt-foundation-22957,"من برای اولین بار این کرم پودرو خریدم رنگ گندمی 
رنگش کاملا بارنگ پوستم فیکسه 
ماندگاریش عالیه وبعدازچندساعت اصلا تغییر نمیکنه
برای پوست خشک حتما زیرش مرطوب کننده استفاده کنید
پخش روی پوست عالی وبوی ملایم وخوبی هم داره
راضیم ازش",8,true,2020-11-20T23:52:39+00:00,ترکیبی,0.92,محصول | اصل بودن کالا,محصول
‫کرم پودر مات اسموتینگ,https://www.khanoumi.com/products/schon-smoothing-matt-foundation-22957,همین الان به دستم رسید همینکه بازش کردم با یه کرم کوچیک مواجه شدم واقعا توقعشو نداشتم نسبت به عکس خیلی کوچیکه s01 به دستم رسید که برای پوستای روشن خوبه برای منکه دقیقا رنگ پوستمه. اما خودش کرم خوبیه کاورش خوبه بوی خوبی داره. فقط حیف که حجمش خیلییی کمه واقعا ۳۰میل هم نیس انگار. تو تخفیف می‌ارزه ,13,true,2020-10-31T13:19:17+00:00,مثبت,0.95,محصول | تحویل و ارسال | قیمت,محصول
‫کرم پودر مات اسموتینگ,https://www.khanoumi.com/products/schon-smoothing-matt-foundation-22957,پوستم توی خشک ترین حالت ممکنه بااین کرم پودر,24,true,2020-10-23T01:44:02+00:00,خنثی,0.35,محصول,محصول
‫کرم پودر مات اسموتینگ,https://www.khanoumi.com/products/schon-smoothing-matt-foundation-22957,عااااالیه,2,true,2020-10-19T14:40:02+00:00,خنثی,0.35,سایر,سایر
‫کرم پودر مات اسموتینگ,https://www.khanoumi.com/products/schon-smoothing-matt-foundation-22957,سلام کرم پودر شون خیلی خوبه من و هرکی که ازش زده کاملا راضی بوده اصلا سنگین نیست فقط من با توجه به نظرات کاربران که گفتن رنگاش تیرس روشن ترین رنگشو گرفتم و خیلیییی عالی بود شما هم سفید ترینش رو بگیرین چون خیلی مثل گچ سفید نمیکنه..بازم میگیرم ازش ,4,true,2020-10-18T11:46:36+00:00,مثبت,0.95,محصول | اصل بودن کالا,محصول
‫کرم پودر مات اسموتینگ,https://www.khanoumi.com/products/schon-smoothing-matt-foundation-22957,کرم پودر شون عالیه، خیلی وقته دنبال یه کرم پودر خوب میگشتم که به پوستم آسیب نزنه و در عین حال پوشش خوبی برای پوستم داشته باشه و باهاش جوش نزنم. این کرم پودر فوق العادس با اولین استفاده عاشقش شدم من پوستم سفیده و شماره ۱ برام خوب بود.فقط خیلی کوچیکه,7,false,2020-06-17T12:15:25+00:00,مثبت,0.95,محصول,محصول
‫کرم پودر مات اسموتینگ,https://www.khanoumi.com/products/schon-smoothing-matt-foundation-22957,من امروز به دستم رسید پوشانندگیش خیلی خوبه خیلیم سبکه و اصلا چرب نیست اما با اینکه من روشنترین رنگ و گرفتم اما بازم یکم تیره ست ویکمم خیلی کوچولوئه نسبت به عکس اما با این حال من راضیم,6,false,2020-04-23T18:10:31+00:00,مثبت,0.95,محصول | تحویل و ارسال | اصل بودن کالا,محصول
‫کرم پودر مات اسموتینگ,https://www.khanoumi.com/products/schon-smoothing-matt-foundation-22957,پوشانندگیش خیلی خوبه,7,true,2020-03-29T20:35:00+00:00,مثبت,0.91,سایر,سایر
‫کرم پودر مات اسموتینگ,https://www.khanoumi.com/products/schon-smoothing-matt-foundation-22957,خوب نبود پوستمو خیلی خشک میکنه  بعد اینک رنگش برمیگرده و تیره میشه ,11,true,2020-01-17T03:27:11+00:00,خنثی,0.4,محصول,محصول
‫کرم پودر مات اسموتینگ,https://www.khanoumi.com/products/schon-smoothing-matt-foundation-22957,من خریدم ازش عالیه هم پوشانندگیش هم رنگش دیگه همیشه شون میخرم,15,true,2019-10-24T10:42:01+00:00,مثبت,0.79,محصول,محصول
‫کرم پودر مات اسموتینگ,https://www.khanoumi.com/products/schon-smoothing-matt-foundation-22957,کرم پودر رو حتما حضوری بخرید وگرنه مثل من الکی پول میدین و ممکنه به دردتون نخوره... من رنگ ۰۴ رو گرفتم و خیلی تیره و برنزی بود به دردم نخورد :( اصلا از روی این عکسا نمیشه انتخاب کرد👎,46,true,2019-09-28T13:01:48+00:00,مثبت,0.67,محصول | اصل بودن کالا,محصول
‫کرم پودر دیلی دیفنس 30میل,https://www.khanoumi.com/products/schon-daily-defense-foundation-22958,من دومین بار خریدمش عالیه,0,true,2026-02-20T20:50:13.3141719+03:30,مثبت,0.79,سایر,سایر
‫کرم پودر دیلی دیفنس 30میل,https://www.khanoumi.com/products/schon-daily-defense-foundation-22958,نسبتا خوب، کاور متوسط، یکم پوسته میشه روی پوست.,0,true,2026-02-10T15:43:27.4237339+03:30,مثبت,0.67,محصول,محصول
‫کرم پودر دیلی دیفنس 30میل,https://www.khanoumi.com/products/schon-daily-defense-foundation-22958,"من دو ساله ازش استفاده میکنم پوستم خشکه اما باعث خشکی پوستم نمیشه البته من قبلش مرطوب کننده به پوستم میزنم
 به نظرم به نسبت قیمت و حجمی که داره عالیه ",0,true,2024-08-27T22:21:52+00:00,مثبت,0.79,محصول | قیمت,محصول
‫کرم پودر دیلی دیفنس 30میل,https://www.khanoumi.com/products/schon-daily-defense-foundation-22958,زیادی سفیده اصلا بژ طبیعی نیست بلااستفاده اس برام,0,true,2024-06-29T15:54:35+00:00,مثبت,0.67,اصل بودن کالا,اصل بودن کالا
‫کرم پودر دیلی دیفنس 30میل,https://www.khanoumi.com/products/schon-daily-defense-foundation-22958,برای کسایی که پوست چرب دارن مناسب نیست بعد دو ساعت رو پوست برق میندازه و چربه ماندگاری بالا نداره ,0,true,2024-03-29T04:40:02+00:00,خنثی,0.35,محصول,محصول
‫کرم پودر دیلی دیفنس 30میل,https://www.khanoumi.com/products/schon-daily-defense-foundation-22958,02خریدم خیلی سفیده ,0,true,2024-02-13T17:24:51+00:00,خنثی,0.35,سایر,سایر
‫کرم پودر دیلی دیفنس 30میل,https://www.khanoumi.com/products/schon-daily-defense-foundation-22958,کرم پودر خوبی هست سبک مناسب استفاده روزانه شماره 2 مناسب پوست گندمی,0,true,2024-02-07T09:31:03+00:00,مثبت,0.67,محصول,محصول
‫کرم پودر دیلی دیفنس 30میل,https://www.khanoumi.com/products/schon-daily-defense-foundation-22958,عالی نمی ماسه چرب نمیکنه ارایشو نمیخوره... بالاخره کرم پودرمو پیدا کردم که هر دفعه شارژ کنم,0,false,2023-11-26T20:00:47+00:00,منفی,0.67,محصول,محصول
‫کرم پودر دیلی دیفنس 30میل,https://www.khanoumi.com/products/schon-daily-defense-foundation-22958,کرم پودر شون یکی از کرم پودرهای بسیار سبک و خوب روزانه بود که استفاده کردم. بافت این کرم خیلی سبک بود و به محض استفاده سریع جذب پوستم شد. اصلا چربی اضافه نداشت و نسبتا ماندگاری خوبی هم داشت. با توجه به قیمتی که داره مناسب جهت استفاده روزانه است.,5,false,2022-07-30T08:57:29+00:00,مثبت,0.91,محصول | اصل بودن کالا | قیمت,محصول
‫کرم پودر دیلی دیفنس 30میل,https://www.khanoumi.com/products/schon-daily-defense-foundation-22958,من 03خریدم خیلی سایز کوچولو نسبت به بقیه کرم پوردرام پوشش یکدست میده نمیماسه فکر کنم چون من خیلی شبیه رنگ پوستم گرفتم پوشش انچنان نمیده باید 02میگرفتم من تازه خریدم 87از مغازه خیلی کم توش هست احساس میکنم من که خیلی زیاد استفاده نمیکنم زود تموم میشه اما مخملی یکدست میکنه برا صورتی که صاف زیر چشم سیاه نداره عالیه چون حداقل نمیماسه اینش خوبه,16,false,2021-08-03T11:14:11+00:00,خنثی,0.35,محصول,محصول
‫کرم پودر دیلی دیفنس 30میل,https://www.khanoumi.com/products/schon-daily-defense-foundation-22958,"کرم پودر سبکیه کاورشم متوسطه
واسه پوستهای خشک مناسبه
درکل راضیم",8,false,2020-12-20T01:37:26+00:00,مثبت,0.79,محصول,محصول
‫کرم پودر دیلی دیفنس 30میل,https://www.khanoumi.com/products/schon-daily-defense-foundation-22958,رنگ ۰۲ رو گرفتم به پوستم میخوره سبکه راحت بلند میشه کاورشم متوسطه راضیم از خریدم,13,true,2020-08-11T11:40:21+00:00,مثبت,0.79,محصول,محصول
‫کرم پودر دیلی دیفنس 30میل,https://www.khanoumi.com/products/schon-daily-defense-foundation-22958,من شماره 02گندمی رو خریدم و راضیم رنگش به پوستم میخورد (پوستم گندمی و تناژ زرد داره) بوی خوبی هم داره,39,true,2019-08-10T18:05:19.3933333+00:00,مثبت,0.91,محصول,محصول
‫کانسیلر مایع اپیلینگ,https://www.khanoumi.com/products/schon-appealing-liquid-concealer-a01-22959,من بار اول بود که خرید کردم خوب بود ولی واقعا حجمش کم بود.,0,true,2026-08-23T14:51:19.9034949+03:30,مثبت,0.79,محصول,محصول
‫کانسیلر مایع اپیلینگ,https://www.khanoumi.com/products/schon-appealing-liquid-concealer-a01-22959,حجمش خیلی کمه کاورش پایین هست و زیر چشم رو طوسی می‌کنه ولی بافت سبک هست بنظرم با این قیمت خیلی چیز های بهتری هست,0,true,2026-08-09T12:06:16.9037663+03:30,خنثی,0.35,محصول | قیمت,محصول
‫کانسیلر مایع اپیلینگ,https://www.khanoumi.com/products/schon-appealing-liquid-concealer-a01-22959,من خریدم اصلا دوست نداشتم نه کاور داشت نه بافت خوب بعد یه مدت زیر چشم چروک میشد حتی بعد فیکس کردن,0,false,2026-06-22T22:51:49.4749199+03:30,منفی,0.67,محصول | اصل بودن کالا,اصل بودن کالا
‫کانسیلر مایع اپیلینگ,https://www.khanoumi.com/products/schon-appealing-liquid-concealer-a01-22959,از لحاظ کاور و کیفیت خوبه برای استفاده روزانه کاور مناسبی داره ، ولی حجمش خیلی کمه نسبت به کانسلرهای تو بازار,0,true,2026-06-05T21:21:49.2231333+03:30,مثبت,0.91,محصول,محصول
‫کانسیلر مایع اپیلینگ,https://www.khanoumi.com/products/schon-appealing-liquid-concealer-a01-22959,اصلا خوب نیست حجمش هم کمه,0,true,2026-05-24T09:15:37.2859169+03:30,منفی,0.79,محصول | اصل بودن کالا,اصل بودن کالا
‫کانسیلر مایع اپیلینگ,https://www.khanoumi.com/products/schon-appealing-liquid-concealer-a01-22959,لطفا بعضی دوستانی که استفاده میکنن و مناسب پوستشون نبوده ارزش محصول رو پایین نیارید هرمحصولی مناسب یک نوع پوست هست و ممکنه چیزی که مناسب من نبوده برای یک نفر دیگه خوب باشه سفارش آنلاین هم از مشکلاتش اینه که هیچ محصول رنگی و کرم پودری رو نمیشه راحت رنگ و بافتش رو مناسب پوست انتخاب کرد طبیعتا هم کسانی که تیرگی و گودی زیر چشم دارن کارشون با کانسیلر های خیلی سبک و روشن و روزمره راه نمیوفته زیاد چون کاور آنچنانی بهشون نمیده اما میشه جای پایین اوردن یک محصول فقط بگن که مناسبشون نبوده تا دیگران بتونن راحت تر انتخاب کنن,0,false,2026-05-23T09:00:41.2572405+03:30,مثبت,0.67,محصول | قیمت,محصول
‫کانسیلر مایع اپیلینگ,https://www.khanoumi.com/products/schon-appealing-liquid-concealer-a01-22959,کدوم رنگش از همه روشن تره؟,0,false,2026-05-22T22:32:42.7697015+03:30,خنثی,0.35,محصول,محصول
‫کانسیلر مایع اپیلینگ,https://www.khanoumi.com/products/schon-appealing-liquid-concealer-a01-22959,حجمش واقعا کمه تا قبلش که نظرات رو خونده بودم با خودم میکفتم خب کانسیلر کمه دیگ ولی این واقعا کمه اصلا وقتی رسید خندم گرفت از نظر کیفیت هم بد نبود خوبه,0,true,2026-05-22T13:30:59.6223593+03:30,خنثی,0.4,محصول | تحویل و ارسال | اصل بودن کالا,محصول
‫کانسیلر مایع اپیلینگ,https://www.khanoumi.com/products/schon-appealing-liquid-concealer-a01-22959,من قبلا کالیستا استفاده میکردم ولی از پوشانندگیش راضی نبودم . اینبار شون سفارش دادم خیلی خوبه تو خریدش شک نکنید,0,false,2026-05-18T09:10:35.3569234+03:30,مثبت,0.79,محصول,محصول
‫کانسیلر مایع اپیلینگ,https://www.khanoumi.com/products/schon-appealing-liquid-concealer-a01-22959,کانسیلرش رو خیلی دوست دارم. کاور و موندگاریِ خوبی داره، زیر چشم جمع نمیشه. من رنگ 03 رو همیشه استفاده میکنم,0,false,2026-05-16T11:30:29.1058063+03:30,مثبت,0.67,محصول,محصول
‫کانسیلر مایع اپیلینگ,https://www.khanoumi.com/products/schon-appealing-liquid-concealer-a01-22959,سایزش کوچیکه قد یه انگشت ولی بقیه چیزا عالیه,0,true,2026-05-07T14:22:08.9099043+03:30,مثبت,0.79,محصول,محصول
‫کانسیلر مایع اپیلینگ,https://www.khanoumi.com/products/schon-appealing-liquid-concealer-a01-22959,کاورش خیلی کمه. خیلی هم مناسب پوست خشک نیست,0,true,2026-04-14T10:21:40.6048859+03:30,خنثی,0.35,محصول,محصول
‫کانسیلر مایع اپیلینگ,https://www.khanoumi.com/products/schon-appealing-liquid-concealer-a01-22959,"زیر چشم و خط میندازه 
خوب کاور نمیشه 
و اینکه خیلی خیلی کوچیکه 
به نسبت قیمت به نظر من ارزش خرید نداره",0,true,2026-04-09T04:31:46.7405875+03:30,منفی,0.79,قیمت,قیمت
‫کانسیلر مایع اپیلینگ,https://www.khanoumi.com/products/schon-appealing-liquid-concealer-a01-22959,خیلی خیلی معمولی من میبلین و شیگلم و یورن رو استفاده کردم اینو گرفتم واسه روزانه و دم دستی اما خب خواستمو براورده نکرد ماندگاری نداره حتی بعد اینکه فیکسش میکنی خط میندازه و کلا جالب نیست.,0,true,2026-03-17T02:49:56.3894323+03:30,منفی,0.67,محصول | اصل بودن کالا,اصل بودن کالا
‫کانسیلر مایع اپیلینگ,https://www.khanoumi.com/products/schon-appealing-liquid-concealer-a01-22959,خوب نبود,0,true,2026-03-06T19:41:04.9447134+03:30,خنثی,0.4,محصول,محصول
‫کانسیلر مایع اپیلینگ,https://www.khanoumi.com/products/schon-appealing-liquid-concealer-a01-22959,ماندگاریش زیاد نیست کاورشم متوسطه حجمشم کمه ولی سبکه توی این رنج قیمت خوبه ..,0,true,2026-02-28T20:35:57.1197722+03:30,مثبت,0.79,محصول | قیمت,محصول
‫کانسیلر مایع اپیلینگ,https://www.khanoumi.com/products/schon-appealing-liquid-concealer-a01-22959,خط میندازه و میماسه,0,true,2026-02-24T23:02:52.457276+03:30,خنثی,0.35,سایر,سایر
‫کانسیلر مایع اپیلینگ,https://www.khanoumi.com/products/schon-appealing-liquid-concealer-a01-22959,کاور متوسطی داره ولی خوبیش اینه که زیاد بین خطوط چشم نمیره,0,true,2026-02-13T11:54:39.0217677+03:30,مثبت,0.67,سایر,سایر
‫کانسیلر مایع اپیلینگ,https://www.khanoumi.com/products/schon-appealing-liquid-concealer-a01-22959,بد نبود ماندگاری زیادی نداره ولی سبکه کاورش نسبت به قیمتش خوبه ولی حجمش کمه با این قیمت در کل نه بد بود نه خوب,0,false,2026-02-11T23:23:51.9561015+03:30,ترکیبی,0.87,محصول | قیمت,محصول
‫کانسیلر مایع اپیلینگ,https://www.khanoumi.com/products/schon-appealing-liquid-concealer-a01-22959,خوبه,0,true,2026-01-21T17:20:20.2316509+03:30,مثبت,0.79,سایر,سایر
‫کانسیلر مایع اپیلینگ,https://www.khanoumi.com/products/schon-appealing-liquid-concealer-a01-22959,سبکه ،فقط کمه من 02 رو خریدم,0,true,2025-12-25T17:12:47.5731777+03:30,خنثی,0.35,سایر,سایر
‫کانسیلر مایع اپیلینگ,https://www.khanoumi.com/products/schon-appealing-liquid-concealer-a01-22959,خوبه بد نیست ولی حجمش کمه واقعا,0,true,2025-12-11T00:48:49.6512242+03:30,منفی,0.67,محصول,محصول
‫کانسیلر مایع اپیلینگ,https://www.khanoumi.com/products/schon-appealing-liquid-concealer-a01-22959,زیر چشمو‌رو خاکستری میکنه و خط میندازه,0,true,2025-11-23T09:52:38.0257512+03:30,خنثی,0.35,محصول,محصول
‫کانسیلر مایع اپیلینگ,https://www.khanoumi.com/products/schon-appealing-liquid-concealer-a01-22959,"خیلی خوبه 
اصلا زیر چشمم دیگه دون دون و خشک نمیشه وتمام جوشهای سفید رو ازبین برد سبکه فقط تخفیف بزارید لطفا",0,true,2025-10-15T10:30:24.2828741+03:30,مثبت,0.95,اصل بودن کالا | قیمت,اصل بودن کالا
‫کانسیلر مایع اپیلینگ,https://www.khanoumi.com/products/schon-appealing-liquid-concealer-a01-22959,"من شماره 3 رو خریدم 
عالییی بود
از کالیستا خیلی خیلی بهتره جون جلوه طبیعی‌تری داره
ولی حجمش خیلی کمه، زود تموم می‌شه
مشکلش اینه که به‌صرفه نیست",0,true,2025-06-13T20:09:36.0114193+00:00,مثبت,0.67,محصول,محصول
‫کانسیلر مایع اپیلینگ,https://www.khanoumi.com/products/schon-appealing-liquid-concealer-a01-22959,خوب کاورش ولی خیلی کوچیک,0,true,2025-06-01T07:01:00.1838587+00:00,مثبت,0.67,سایر,سایر
‫کانسیلر مایع اپیلینگ,https://www.khanoumi.com/products/schon-appealing-liquid-concealer-a01-22959,بین کانسیلرای ایرانی بد نیست. زیر چشم خط نمیندازه,0,true,2025-04-30T18:58:38.6055615+00:00,مثبت,0.67,سایر,سایر
‫کانسیلر مایع اپیلینگ,https://www.khanoumi.com/products/schon-appealing-liquid-concealer-a01-22959,اصلا خوب نیست رنگ گچی. چشمو هم دچار سوزش میکنه,0,true,2025-02-27T20:45:50.7335662+00:00,منفی,0.79,محصول | اصل بودن کالا,اصل بودن کالا
‫کانسیلر مایع اپیلینگ,https://www.khanoumi.com/products/schon-appealing-liquid-concealer-a01-22959,"خیلیییییییی کوچیکه و حجمش خیلییییی کمههههه
2.5 میلی لیترههههه
رنگ 01 گچی و بدرنگه 
واقعا ناراضیم",0,true,2025-02-25T21:59:10.5032919+00:00,ترکیبی,0.9,محصول,محصول
‫کانسیلر مایع اپیلینگ,https://www.khanoumi.com/products/schon-appealing-liquid-concealer-a01-22959,رنگ شماره 01 عالیه مناسب پوست های روشنه تنها برندیه که شمارو تیره نمیکنه بلاخره یه برند پیدا شد که ما سفید شیربرنجیارو زردو نارنجی نکنه عالیههه,0,true,2025-02-21T18:21:33.3763968+00:00,مثبت,0.95,محصول,محصول
‫کانسیلر مایع اپیلینگ,https://www.khanoumi.com/products/schon-appealing-liquid-concealer-a01-22959,لطفا لطفااااا شماره 2 را موجود کنید اکثر ایرونی ها پوستشون شماره 2 هستش مرسی و درمورد بسته بندی ایندفعه محصولات بدون پلمپ بود,0,false,2025-02-18T08:21:54.4964251+00:00,ترکیبی,0.66,محصول | تحویل و ارسال,محصول
‫کانسیلر مایع اپیلینگ,https://www.khanoumi.com/products/schon-appealing-liquid-concealer-a01-22959,چرا رنگ 02 رو موجود نمیکنید؟,0,true,2025-01-31T17:17:18.0839159+00:00,خنثی,0.35,محصول,محصول
‫کانسیلر مایع اپیلینگ,https://www.khanoumi.com/products/schon-appealing-liquid-concealer-a01-22959,بی نظیره,0,true,2024-12-29T10:41:06.2648634+00:00,خنثی,0.35,سایر,سایر
‫کانسیلر مایع اپیلینگ,https://www.khanoumi.com/products/schon-appealing-liquid-concealer-a01-22959,خیلی خوشرنگ و با کیفیت بود اصلا ایجاد خطوط نمیکنه,0,true,2024-12-22T01:06:42.8611338+00:00,مثبت,0.67,محصول | اصل بودن کالا,محصول
‫کانسیلر مایع اپیلینگ,https://www.khanoumi.com/products/schon-appealing-liquid-concealer-a01-22959,تخفیف بیشتر اعمال کنید تا میخواستم واریز کنم قیمت تغییر دادید منم نمیخرم دیگه این قیمت بالاست با هزینه پست,0,false,2024-12-02T09:19:30.4788449+00:00,خنثی,0.35,قیمت | تحویل و ارسال,قیمت
‫کانسیلر مایع اپیلینگ,https://www.khanoumi.com/products/schon-appealing-liquid-concealer-a01-22959,من راضیم ازش ماندگاری خوبی داره,0,true,2024-11-20T17:45:56.0511331+00:00,مثبت,0.91,محصول,محصول
‫کانسیلر مایع اپیلینگ,https://www.khanoumi.com/products/schon-appealing-liquid-concealer-a01-22959,من زیر چشمم زیاد سیاه نیست و ازش راضیم,0,false,2024-11-14T18:15:50.8516889+00:00,منفی,0.79,سایر,سایر
‫کانسیلر مایع اپیلینگ,https://www.khanoumi.com/products/schon-appealing-liquid-concealer-a01-22959,خیلی چربه و کاور خوبی نداره,0,true,2024-11-11T18:55:33.3692732+00:00,منفی,0.67,سایر,سایر
‫کانسیلر مایع اپیلینگ,https://www.khanoumi.com/products/schon-appealing-liquid-concealer-a01-22959,حجم بسیار کم. زدنش با نزدنش هیچ فرقی نداره. اصلا کاوردهی نداره حتی برای روزانه هم بدرد نمیخوره,0,true,2024-11-06T08:06:22.8857985+00:00,خنثی,0.4,محصول | اصل بودن کالا,محصول
‫کانسیلر مایع اپیلینگ,https://www.khanoumi.com/products/schon-appealing-liquid-concealer-a01-22959,راضی نبودم حجمش هم کم بود,0,true,2024-10-27T19:37:03.6451172+00:00,منفی,0.67,محصول,محصول
‫کانسیلر مایع اپیلینگ,https://www.khanoumi.com/products/schon-appealing-liquid-concealer-a01-22959,اصلا خوب نبود خیلی خشکاند زیر چشممو به اندازه ای که نزدیکیست تی صورتم زبر شده بود،فقط دو بار استفاده کردم و گذاشتم کنار,0,true,2024-10-26T09:11:33.5193621+00:00,خنثی,0.4,محصول | اصل بودن کالا,محصول
‫کانسیلر مایع اپیلینگ,https://www.khanoumi.com/products/schon-appealing-liquid-concealer-a01-22959,فوق العاده بود !,0,true,2024-10-26T08:34:23.8002576+00:00,مثبت,0.67,محصول,محصول
‫کانسیلر مایع اپیلینگ,https://www.khanoumi.com/products/schon-appealing-liquid-concealer-a01-22959,راضی نبودم با اینکه پوستم روشنه و شماره 2 انتخاب کردم خیلی رو پوستم روشن تره و قشنگ تابلو میشه رو پوست,0,true,2024-10-20T19:58:25.3500213+00:00,منفی,0.67,محصول,محصول
‫کانسیلر مایع اپیلینگ,https://www.khanoumi.com/products/schon-appealing-liquid-concealer-a01-22959,خیلی حجم کمی داره ولی محصول خوبی هست,0,true,2024-09-20T17:44:19+00:00,مثبت,0.67,محصول,محصول
‫کانسیلر مایع اپیلینگ,https://www.khanoumi.com/products/schon-appealing-liquid-concealer-a01-22959,عالی,0,false,2024-09-13T13:02:10+00:00,مثبت,0.67,سایر,سایر
‫کانسیلر مایع اپیلینگ,https://www.khanoumi.com/products/schon-appealing-liquid-concealer-a01-22959,اولین باره از برند شون استفاده میکنم و بنظرم پوشش خیلی خوبی داره راضیم,0,true,2024-08-29T17:08:42+00:00,مثبت,0.95,محصول,محصول
‫کانسیلر مایع اپیلینگ,https://www.khanoumi.com/products/schon-appealing-liquid-concealer-a01-22959,شماره 2 رو لطفا موجود کنید,0,false,2024-08-21T17:58:04+00:00,خنثی,0.35,محصول,محصول
‫کانسیلر مایع اپیلینگ,https://www.khanoumi.com/products/schon-appealing-liquid-concealer-a01-22959,خیلی دوسش دارم ، پوشانندگیش عالیه ، با عرق کردن نمیماسه و از بین نمیره ، سنگینم نی که اذیت کنه ، برا من که پوستم چربه عالیه ,0,false,2024-08-07T12:18:33+00:00,مثبت,0.95,محصول,محصول
‫کانسیلر مایع اپیلینگ,https://www.khanoumi.com/products/schon-appealing-liquid-concealer-a01-22959,قبلا داشتم به نظرم خوب اومد ولی این دفعه خوشم نیومد من کانسیلر غلیظ میزنم این خیلی سفید نمیکنه و رقیقه,0,true,2024-06-29T12:38:52+00:00,مثبت,0.67,سایر,سایر
‫کانسیلر مایع اپیلینگ,https://www.khanoumi.com/products/schon-appealing-liquid-concealer-a01-22959,خیلی کوچیک ولی کاور بدنیست خوبه برای روزانه,0,true,2024-06-22T12:40:48+00:00,منفی,0.67,سایر,سایر
‫کانسیلر مایع اپیلینگ,https://www.khanoumi.com/products/schon-appealing-liquid-concealer-a01-22959,من عاشق این کانسیلر هستم بهتر از گابرینی و کالیستا و پریم پوشانندگی داره من رنگ 2 رو استفاده میکنم پوستم چربه روش پودر فیکس میزنم عالیه و چون گیاهی هست پوستم جوش نمیزنه ولی حجم خیلی کمی داره که بعد از 4 بار استفاده باید جدید بخرم,0,true,2024-06-16T19:48:19+00:00,ترکیبی,0.79,محصول | اصل بودن کالا,محصول
‫کانسیلر مایع اپیلینگ,https://www.khanoumi.com/products/schon-appealing-liquid-concealer-a01-22959,واقعا عالی هست,0,true,2024-06-13T20:25:43+00:00,مثبت,0.67,سایر,سایر
‫کانسیلر مایع اپیلینگ,https://www.khanoumi.com/products/schon-appealing-liquid-concealer-a01-22959,بهترین کانسیلر حرف نداره رو پوست من که عالیه,0,true,2024-06-09T18:18:13+00:00,مثبت,0.91,محصول,محصول
‫کانسیلر مایع اپیلینگ,https://www.khanoumi.com/products/schon-appealing-liquid-concealer-a01-22959,برای بار چندمه که سفارش دادم نسبت به قیمتش پوشانندگی خوبی داره,0,true,2024-05-14T23:03:30+00:00,مثبت,0.67,قیمت,قیمت
‫کانسیلر مایع اپیلینگ,https://www.khanoumi.com/products/schon-appealing-liquid-concealer-a01-22959,حجم کم اما کیفیت قابل قبول,0,true,2024-05-12T10:07:40+00:00,خنثی,0.35,محصول,محصول
‫کانسیلر مایع اپیلینگ,https://www.khanoumi.com/products/schon-appealing-liquid-concealer-a01-22959,کاورش متوسطه بلند کردنش خوبه ولی حجمش خیلی کمه بعد 5 بار استفاده تموم میشه نسبت به فقیمتش نم یارزه,0,false,2024-04-24T20:02:59+00:00,مثبت,0.79,محصول | قیمت,محصول
‫کانسیلر مایع اپیلینگ,https://www.khanoumi.com/products/schon-appealing-liquid-concealer-a01-22959,کاملا  معمولی هست خوب بلند میشه و کاور اش خیلی بالا نیست ,0,true,2024-04-08T17:36:03+00:00,مثبت,0.67,محصول,محصول
‫کانسیلر مایع اپیلینگ,https://www.khanoumi.com/products/schon-appealing-liquid-concealer-a01-22959,معمولیه,0,true,2024-04-03T11:10:31+00:00,خنثی,0.35,محصول,محصول
‫کانسیلر مایع اپیلینگ,https://www.khanoumi.com/products/schon-appealing-liquid-concealer-a01-22959," سلام . 
خیلی لطیف و نرم هست .بوی خیلی ملیحی داره اصلا اذیت نمیکنه .
خوب بود راضی هستم.",0,true,2024-02-19T11:18:12+00:00,منفی,0.79,محصول | اصل بودن کالا,اصل بودن کالا
‫کانسیلر مایع اپیلینگ,https://www.khanoumi.com/products/schon-appealing-liquid-concealer-a01-22959,خوبه ماته رنگش طبیعیه ولی خیلی خیلی کمه واقعا ,0,true,2024-02-04T22:24:00+00:00,مثبت,0.79,محصول,محصول
‫کانسیلر مایع اپیلینگ,https://www.khanoumi.com/products/schon-appealing-liquid-concealer-a01-22959,من تازه خریدم بنظرم نسبت به حجمش قیمتش خیلی بالا رفته چون واقعا کوچیکه ..در مورد کیفیتشم قبلا چندین سال پیش میخریدم راضی بودم ,0,true,2023-10-31T01:10:09+00:00,مثبت,0.67,محصول | قیمت,محصول
‫کانسیلر مایع اپیلینگ,https://www.khanoumi.com/products/schon-appealing-liquid-concealer-a01-22959,پوست من روشنه و چرب، شمارهی 3 برام خیلی خوبه، خیلی راضیام,0,true,2023-10-16T22:00:44+00:00,مثبت,0.95,محصول,محصول
‫کانسیلر مایع اپیلینگ,https://www.khanoumi.com/products/schon-appealing-liquid-concealer-a01-22959,کانسیلر خوبی برای استفاده روزانه اس، من چند بار ازش گرفتم و راضی بودم فقط حجمش خیلی کمه وقیمتش خیلی زیاده ,0,true,2023-06-10T02:15:56+00:00,مثبت,0.79,محصول | قیمت,محصول
‫کانسیلر مایع اپیلینگ,https://www.khanoumi.com/products/schon-appealing-liquid-concealer-a01-22959,نمیماسه. چرب نیست. اما خیلی معمولیه. حجمش کمه، برای کاور کردن باید خیلی زیاد بزنیم که زودم تموم میشه بخاطر حجم کمش. در کل زیاد جالب نیست . من یک هفته پیش از داروخانه خریدم 179 تومن هر روز هم دارم استفادش میکنم .اینجا زده 220 تومن. نمی ارزه. فقط برای مصرف روزانه میشه زد. ,4,false,2023-04-10T00:02:55+00:00,خنثی,0.35,محصول,محصول
‫کانسیلر مایع اپیلینگ,https://www.khanoumi.com/products/schon-appealing-liquid-concealer-a01-22959,کانسیلر خیلی خوبیه من شماره 2 رو گرفتم راضیم و اصلا چرب نیست چون من پوستم چربه . رنگش هم طبیعیه روشنه که عالیه ,4,false,2023-04-03T11:47:28+00:00,مثبت,0.95,محصول | اصل بودن کالا,محصول
‫کانسیلر مایع اپیلینگ,https://www.khanoumi.com/products/schon-appealing-liquid-concealer-a01-22959,"این محصول کیفیت خوبی داره .خوبیش این زیر چشم خط نمیوفته . کانسیلرای زیادی استفاده کردم ولی سبک ترینشون برای این برند بود و روی پوستم حس سنگینی ندارم. ولی در کل کاور معمولی داره و به درد استفاده روزانه میخوره
",10,true,2022-06-15T09:55:48+00:00,مثبت,0.91,محصول,محصول
‫کانسیلر مایع اپیلینگ,https://www.khanoumi.com/products/schon-appealing-liquid-concealer-a01-22959,من تا الان چندبار شارژش کردم و خیلی راضیم.نمیماسه و چرب نمیشه من برای استفاده روزانه مصرف میکنم.البته من دور چشمم نه تیرگی داره نه چین و چروک0رنگش هم طبیعیه.,5,false,2022-05-10T08:38:18+00:00,منفی,0.79,محصول,محصول
‫کانسیلر مایع اپیلینگ,https://www.khanoumi.com/products/schon-appealing-liquid-concealer-a01-22959,یکی از بهترین کانسیلرهای ایرانی شونه! اولین و مهم ترین ویژیگی که کانسیلر شون داره، باف سبک و ملایم اونه. به راحتی توی کوتاه ترین زمان ممکن روی پوست پخش میشه و با قدرت پوشانندگی بالایی که داره، تمام سیاهی های دورچشم رو پوشش میده. اگر دور چشمتون خط و خطوط زیادی داره، سعی کنید لایه سنگین نزنید. با لایه های سبک شروع کنید و اگر احتیاج بود مجدد از کانسیلر استفاده کنید. در غیر این صورت خطوط دور چشم مشخص میشه. بعد از مصرف این کانسیلر حتما باید با استفاده از یک پنکک یا پودر فیکس، زیر چشمتون رو خشک کنید. در غیر این صورت انتظار چروک شدن رو باید داشته باشید. کانسیلر 3 رنگ بیشتر نداره اما این 3 رنگ خیلی پر کاربرده. در بین کانسیلرهای ایرانی، برند شون تونسته خیلی خوب عمل کنه. در نتیجه با خیال راحت می تونید ازش استفاده کنید.,47,true,2022-02-14T08:55:26+00:00,ترکیبی,0.87,محصول | اصل بودن کالا,محصول
‫کانسیلر مایع اپیلینگ,https://www.khanoumi.com/products/schon-appealing-liquid-concealer-a01-22959,"کاور متوسطی داره اما رنگش خیلی خوبه چون من کرم پودرام روشنه این کانسیلر از کرم پودرام روشن تره و تفاوت ایجاد میشه
از این بابت خیلی خوبه",7,false,2021-07-21T01:46:24+00:00,مثبت,0.95,محصول,محصول
‫کانسیلر مایع اپیلینگ,https://www.khanoumi.com/products/schon-appealing-liquid-concealer-a01-22959,کاورش خیلی کمه،اما خوب و سبکه و نمیماسه,6,true,2020-09-12T23:26:27+00:00,مثبت,0.67,سایر,سایر
‫کانسیلر مایع اپیلینگ,https://www.khanoumi.com/products/schon-appealing-liquid-concealer-a01-22959,کاور متوسط داره،سبکه و خوب پخش میشه ماندگاریش هم برای استفاده روزانه خوبه,12,false,2020-08-31T17:05:50+00:00,مثبت,0.91,محصول,محصول
‫کانسیلر مایع اپیلینگ,https://www.khanoumi.com/products/schon-appealing-liquid-concealer-a01-22959,رنگش خیلی خیلی روشن هستش من این کانسیلر شماره ۲  رو با کرم پودر دیلی دیفنس شماره ۲ گرفتم واقعا خیلی روشن بود رنگ کانسیلر نسبت به کرم پودر حجم خیلی خیلی خیلی کم پوشانندگی پایین من زیر چشام تیرگی داره دریغ از یه ذره کم کردن تیرگی اصلا پیشنهاد نمیکنمش,37,true,2020-08-11T11:39:20+00:00,خنثی,0.35,محصول | اصل بودن کالا,محصول
‫کانسیلر مایع اپیلینگ,https://www.khanoumi.com/products/schon-appealing-liquid-concealer-a01-22959, کاملا که خشک میکنه توی خطوط هم میره سریع هم پاک میشه... من تنها جایی که ازش میتونم استفاده کنم دوره ابرو هست وگرنه اصلا اصلا ارزش نداره,4,false,2020-06-22T12:37:28+00:00,خنثی,0.35,اصل بودن کالا,اصل بودن کالا
‫کانسیلر مایع اپیلینگ,https://www.khanoumi.com/products/schon-appealing-liquid-concealer-a01-22959,من پوستم سفیده شماره 03دقیقا رنگ پوستم بود و رنگش رو خیلی دوست داشتم فکر کنم رنگای دیگه خیلی روشن باشن و حالت گچی بدن به زیر چشم ولی مشکلی که داره این کانسیلر اینه که حجمش خیلی خیلی کمه زود تموم میشه با این که من زیر چشمم تیرگیه زیادی نداره و کم استفاده میکنم اما بازم خیلی زود تموم شد,18,true,2020-01-12T12:39:45+00:00,ترکیبی,0.71,محصول,محصول
‫کانسیلر مایع اپیلینگ,https://www.khanoumi.com/products/schon-appealing-liquid-concealer-a01-22959,من شماره ۰۳ گرفتم، کاور خوبی داره و خوب بِلند میشه، فقط اولش یکم چشم رو میسوزونه، در کل من راضی ام,5,true,2019-11-15T23:52:56+00:00,مثبت,0.95,سایر,سایر
‫کانسیلر مایع اپیلینگ,https://www.khanoumi.com/products/schon-appealing-liquid-concealer-a01-22959,کاور متوسطی داره و مجبورید زیاد بزنید و چون حجم خیلی کمی هم داره زودتر از آنی که توقع ندارین تموم میشه. ,11,true,2019-10-21T08:21:24+00:00,خنثی,0.35,محصول,محصول
‫کانسیلر مایع اپیلینگ,https://www.khanoumi.com/products/schon-appealing-liquid-concealer-a01-22959,کاور خیلی خوبی داره منتها یه ماده ای توش هست که چشم رو برا چند ثانیه میسوزونه کرمپودر مای هم همینطوره,2,false,2019-10-05T03:21:47+00:00,مثبت,0.79,محصول,محصول
‫کانسیلر مایع اپیلینگ,https://www.khanoumi.com/products/schon-appealing-liquid-concealer-a01-22959,"من 01 رو گرفتم پوستم روشنه 
کانسیلر خوبیه چروک نمیندازه زیر چشم پوشش هم خوبه البته سیاهی زیر چشم من زیاد نیست همون یکم رو میپوشونه.

یه نکته ای که داشت این بود هروقت از کانسیلر روی پلکمم زدم چشمام بعد از چند ساعت خشک میشد و باید تند تند پلک میزدم
ولی فقط زیر چشمام میزدم این مشکل نبود.چشای من حساسن",37,true,2019-07-31T12:30:59.8233333+00:00,مثبت,0.67,محصول,محصول
پرایمر صورت پرفکت حجم 30میلی لیتر,https://www.khanoumi.com/products/schon-perfect-face-primer-22960,"افتضاح!
اگه من آلوورای طبیعی رو می‌زدم به پوستم پرایمر بهتری می‌بود، پولم رو رسما انداختم دور، بشدت بدرد نخور بود و راست می‌گفتن که نباید از این برند چیزی بخرم.",0,true,2026-02-15T13:08:32.3450296+03:30,منفی,0.79,محصول,محصول
پرایمر صورت پرفکت حجم 30میلی لیتر,https://www.khanoumi.com/products/schon-perfect-face-primer-22960,تسبت ب قیمتش خوبه، برای استفاده روزانه مناسبه. من باهاش جوش نزدم و ماندگاری ارایشم بهتر شد,0,true,2026-01-09T15:06:04.9223876+03:30,مثبت,0.79,محصول | قیمت,محصول
پرایمر صورت پرفکت حجم 30میلی لیتر,https://www.khanoumi.com/products/schon-perfect-face-primer-22960,هیچ تاثیری روی پوست نداره,0,false,2025-05-10T19:48:00.6985038+00:00,خنثی,0.35,محصول,محصول
پرایمر صورت پرفکت حجم 30میلی لیتر,https://www.khanoumi.com/products/schon-perfect-face-primer-22960,هیچ تاثیری نداره، ارزش خرید نداره.,0,false,2025-04-15T17:11:31.3818891+00:00,منفی,0.67,قیمت,قیمت
پرایمر صورت پرفکت حجم 30میلی لیتر,https://www.khanoumi.com/products/schon-perfect-face-primer-22960,خیلی آبکیه تاثیر خاصی برای من نداشت پیشنهاد میکنم گابرینی یا ژنو بایوتیک بگیرید,0,false,2025-03-26T10:42:56.7764559+00:00,منفی,0.79,سایر,سایر
پرایمر صورت پرفکت حجم 30میلی لیتر,https://www.khanoumi.com/products/schon-perfect-face-primer-22960,پرایمر بدی نیست اونقدری صاف نمیکنه پوست رو ولی یه حالت چسبونکی به صورت میده که پوست رو آماده میکنه برای آرایش اگر پرایمیر های قوی تری استفاده کرده باشید شاید این زیاد به چشمتون نیاد نکات مثبتش هم اینه که آرایش رو فیکس نگه میداره و باعث نمیشه جوش بزنید چون من پوست خودم حساسه و تا الان جوش نزدم باهاش و اینکه خیلی سبکه شاید اگر با کرم پودر خود برندش استفاده کنید بهتر باشه در کل فقط میتونم بگم خوبه اما زیاد قوی نیست,0,true,2025-01-10T10:41:17.5524096+00:00,مثبت,0.79,محصول | اصل بودن کالا,محصول
پرایمر صورت پرفکت حجم 30میلی لیتر,https://www.khanoumi.com/products/schon-perfect-face-primer-22960,خوب بود,0,true,2024-12-16T07:17:47.8747303+00:00,مثبت,0.79,محصول,محصول
پرایمر صورت پرفکت حجم 30میلی لیتر,https://www.khanoumi.com/products/schon-perfect-face-primer-22960,اگه با سوزش چشم مشکلی ندارید عااالیه مات میکنه و اصلا ارایشتون تکون نمیخوره، من کرم پودر و پرایمرم جفتش شونه,0,false,2024-12-12T12:04:43.5137346+00:00,مثبت,0.67,محصول | اصل بودن کالا,محصول
پرایمر صورت پرفکت حجم 30میلی لیتر,https://www.khanoumi.com/products/schon-perfect-face-primer-22960,من راضی نبودم اصلا تاثیری واس من نداشت,0,true,2024-12-08T11:31:04.2167824+00:00,منفی,0.79,محصول | اصل بودن کالا,اصل بودن کالا
پرایمر صورت پرفکت حجم 30میلی لیتر,https://www.khanoumi.com/products/schon-perfect-face-primer-22960,خوبه به پوست من ساخت جوش نزدم خیلی خوب پوستمو مخملی کرد و کرم خیلی خوب نشست رو پوست در کل راضی بودم ولی حجمش خیلی کمه,0,true,2024-05-07T12:37:45+00:00,مثبت,0.95,محصول,محصول
پرایمر صورت پرفکت حجم 30میلی لیتر,https://www.khanoumi.com/products/schon-perfect-face-primer-22960,من از زمانی که پرایمر شون 80 بود می خریدم تا الان که شده این قیمت - کیفیتش برای پوست معمولی من خیلی خوبه و واقعا منافذ رو کاهش می ده. البته اینم بگم که منافذ باز من خیلی کمه و عمیق نیست. برای مهمونی های طولانی مدت هم ساتفاده کردم و راضی بووودم,0,false,2023-06-27T10:12:06+00:00,مثبت,0.95,محصول | قیمت,محصول
پرایمر صورت پرفکت حجم 30میلی لیتر,https://www.khanoumi.com/products/schon-perfect-face-primer-22960,پرایمر شون کمی حالت چسبناک داشت اما وقتی جذب پوستم شد حالت چسبندگی خودش رو از دست داد. منافذ متوسط پوستم رو کاملا پوشش داد و میتونم بگم دوام کرم پودرم رو خیلی بالاتر برد. در نهایت پوست صورتم مات شد و جلوه طبیعی به خودش گرفت. به عنوان یک پرایمر روزانه با توجه به قیمت و کیفیتی که داره حتما پیشنهاد میکنم استفاده کنید.,3,true,2022-10-19T11:23:25+00:00,مثبت,0.79,محصول | قیمت,محصول
پرایمر صورت پرفکت حجم 30میلی لیتر,https://www.khanoumi.com/products/schon-perfect-face-primer-22960, پرایمر صورت پرفکت شون رو به پیشنهاد یکی از دوستام از فروشگاه اینترنتی خانومی سفارش دادم. همیشه قبل از میکاپ از این محصول روی پوستم استفاده میکنم و به صاف و یکدست شدن سطح اون خیلی کمک میکنه. پرایمر شون باعث کمتر شدن منافذ باز پوستم میشه، اون رو مرطوب و نرم میکنه و آرایش پوستم خیلی بهتر به نظر میاد. این محصول بافتی نرم و مخملی داره و برای کاهش التهاب و قرمزی پوست هم تاثیرگذاره.,6,false,2022-09-26T16:31:14+00:00,مثبت,0.67,محصول,محصول
پرایمر صورت پرفکت حجم 30میلی لیتر,https://www.khanoumi.com/products/schon-perfect-face-primer-22960,من امروز صبح اولین بار استفاده کردم و بعدازظهر که صورتم رو شستم صورتم پر جوشهای ریز و زیرپوستی شده بود...بعید میدونم برند شون که برپایه گیاهی هست این بلا سر پوست صورت بیاره,37,true,2022-03-08T01:47:45+00:00,خنثی,0.35,محصول,محصول
‫خط چشم مویی فبیولس,https://www.khanoumi.com/products/schon-fabulous-eye-liner-22961,من اصلا راضی نبودم،زود پاک میشه،به خاطر قلموی  بلندش اصلا نمیشه راحت خط کشید,0,false,2026-08-26T13:00:39.0384866+03:30,منفی,0.91,محصول | اصل بودن کالا,اصل بودن کالا
‫خط چشم مویی فبیولس,https://www.khanoumi.com/products/schon-fabulous-eye-liner-22961,منم استفاده کردم وراضیم قلم روان راحتی داره,0,true,2026-08-23T21:04:10.3993337+03:30,مثبت,0.79,سایر,سایر
‫خط چشم مویی فبیولس,https://www.khanoumi.com/products/schon-fabulous-eye-liner-22961,چند سال هست از این خط چشم استفاده میکنم عالیه نمی‌ریزه کاملا مشکی هست و خیلی راحت میشه با اپلیکاتورش کار کرد,0,true,2026-06-06T16:27:18.4298453+03:30,منفی,0.79,سایر,سایر
‫خط چشم مویی فبیولس,https://www.khanoumi.com/products/schon-fabulous-eye-liner-22961,سالهاست دارم همین خط چشمو استفاده میکنم خدارو شکر خوب بوده,0,false,2026-06-03T02:46:07.2347131+03:30,مثبت,0.79,محصول,محصول
‫خط چشم مویی فبیولس,https://www.khanoumi.com/products/schon-fabulous-eye-liner-22961,عالیه من یک بار گرفنم واقعا ازش راضی هستم هم مشگیه   مثل بعضی خط چشم ها نیست که رنگشون کم رنگ و نیم ساعتی که میمونه  به خاکستری میپره  بگیری پشیمون نمیشی  الان هم دوباره سفارش دادم  چون خط چشم بینظیریه ضمنا به دورچشم پس  نمیده,0,false,2026-04-26T11:45:26.3709366+03:30,مثبت,0.95,محصول,محصول
‫خط چشم مویی فبیولس,https://www.khanoumi.com/products/schon-fabulous-eye-liner-22961,خوب بود دوسش دارم,0,true,2026-01-05T02:50:47.394663+03:30,مثبت,0.79,محصول,محصول
‫خط چشم مویی فبیولس,https://www.khanoumi.com/products/schon-fabulous-eye-liner-22961,من ک دوساله دارم ازش هروز استفاده می کنم خیلیم راضیم سنگین نیست ترک نمی خوره براق نیست دست بخوره پاک نمیشه بخوای پاک کنیم اذیت نمی کنه,0,false,2025-04-11T14:59:08.0479881+00:00,منفی,0.79,سایر,سایر
‫خط چشم مویی فبیولس,https://www.khanoumi.com/products/schon-fabulous-eye-liner-22961,ازجای دیگه خریدم خط چشم ضدآب هست برای استفاده روزانه بنظرم سنگینه برای مراسمات بهتره و خیلی سخت شسته میشه,0,false,2024-10-15T11:41:38.4799949+00:00,خنثی,0.35,سایر,سایر
‫خط چشم مویی فبیولس,https://www.khanoumi.com/products/schon-fabulous-eye-liner-22961,من دو سه سری از این خط چشم خرید کردم خوب بود و راضیم ، خط چشم مویی هست,0,true,2024-06-09T14:08:45+00:00,مثبت,0.95,محصول,محصول
‫خط چشم مویی فبیولس,https://www.khanoumi.com/products/schon-fabulous-eye-liner-22961,من اصلا از کیفیت این خط چشم راضی نبودم بعد از یک ساعت ترک میخوره و پاک میشه ,1,true,2022-12-16T13:42:09+00:00,خنثی,0.35,محصول | اصل بودن کالا,محصول
‫خط چشم مویی فبیولس,https://www.khanoumi.com/products/schon-fabulous-eye-liner-22961,خط چشم مویی شون دارای رنگدانه های قوی بوده و به صورت طولانی مدت برروی پوست باقی می ماند. این محصول حاوی روغن بــادام بــا خــواص ضــد باکتریایــی و تقویتی ریشــه مژه است به همین دلیل نه تنها باعث ریزش مژه نشده بلکه به تقویت آن نیز کمک می کند. این محصول بر پایه ترکیبات گیاهی ساخته شده است.,1,false,2022-10-30T09:32:29+00:00,خنثی,0.35,محصول,محصول
‫خط چشم مویی فبیولس,https://www.khanoumi.com/products/schon-fabulous-eye-liner-22961,خط چشم خوبیه من راضی بودم فقط تنها ایرادی ک داشت دسته بلندی داره و قسمت موادش کمه ,6,true,2022-08-18T11:00:33+00:00,مثبت,0.79,محصول,محصول
خط چشم ماژیکی بلک فبیولس,https://www.khanoumi.com/products/schon-fabulous-dip-liner-22962,راضی نبودم تیکه تیکه شد و پاک شد خیلیم کوچیکه اپلیکاتورشم ظریف نیست,0,false,2026-08-11T22:18:15.2471071+03:30,منفی,0.67,محصول,محصول
خط چشم ماژیکی بلک فبیولس,https://www.khanoumi.com/products/schon-fabulous-dip-liner-22962,من عاشقشم 5 سال دارم فقط از این محصول استفاده میکنم مشکی مشکی برای من که خوبه.,0,true,2026-08-03T13:50:44.8779648+03:30,مثبت,0.91,محصول,محصول
خط چشم ماژیکی بلک فبیولس,https://www.khanoumi.com/products/schon-fabulous-dip-liner-22962,به شدت بی کیفیته و تیکه تیکه میشه اصلا راضی نبودم,0,true,2026-05-25T20:40:58.8921837+03:30,منفی,0.91,محصول | اصل بودن کالا,اصل بودن کالا
خط چشم ماژیکی بلک فبیولس,https://www.khanoumi.com/products/schon-fabulous-dip-liner-22962,یکساله حتی بیشتر استفاده میکنم،ضدحساسیت هست،ماندگاری معمولی هست،کمی براق هست و گاهی باید مجدد کمی تمدید بشه،خشک نمیشه اگر سرش باز نباشه،در کل برای روزانه و چشم حساس مناسبه,0,true,2026-05-13T21:30:19.6416591+03:30,خنثی,0.35,محصول,محصول
خط چشم ماژیکی بلک فبیولس,https://www.khanoumi.com/products/schon-fabulous-dip-liner-22962,خیلی راضیم ازش. نزدیک یک ساله استفاده می کنم و هنوز توش هست. مشکیه کاملا و پخش نمی‌شه. از همه مهم‌تر گیاهیه.,0,false,2026-05-13T09:40:12.2813769+03:30,مثبت,0.79,سایر,سایر
خط چشم ماژیکی بلک فبیولس,https://www.khanoumi.com/products/schon-fabulous-dip-liner-22962,خیلی خوبه. فقط ضدآب نیست که خیلی ماندگار باشه,0,true,2026-05-09T14:44:20.5084673+03:30,مثبت,0.91,سایر,سایر
خط چشم ماژیکی بلک فبیولس,https://www.khanoumi.com/products/schon-fabulous-dip-liner-22962,خط چشم شون واقعاااا عالیههه چند ساله همش شارژ میکنم فوق العادست خیلی مشکی و خوبه,0,true,2026-04-28T02:11:10.4085454+03:30,مثبت,0.95,سایر,سایر
خط چشم ماژیکی بلک فبیولس,https://www.khanoumi.com/products/schon-fabulous-dip-liner-22962,خیلی پررنگه، نمیریزه، به راحتی پاک نمیشه، راضی ام,0,true,2026-03-25T01:27:34.904008+03:30,منفی,0.79,محصول,محصول
خط چشم ماژیکی بلک فبیولس,https://www.khanoumi.com/products/schon-fabulous-dip-liner-22962,اصلا محصول مناسبی نیست بعد از کشیدن سریع خشک میشه و نمیتونید درستش کنید و نکته بدتر اینکه بعد از حدود یک ساعت روی چشم خشک و تیکه تیکه میشه مثل پلاستیک.,0,false,2026-03-16T16:30:20.7863342+03:30,ترکیبی,0.66,محصول | اصل بودن کالا,محصول
خط چشم ماژیکی بلک فبیولس,https://www.khanoumi.com/products/schon-fabulous-dip-liner-22962,خیلی افتضاحه  خط چشم رو صورت تیکه تیکه میشه و کم رنگ هستش و زود هم خشک میشه در کل بنظرم نخرید,0,true,2026-02-28T00:34:18.587849+03:30,منفی,0.67,محصول,محصول
خط چشم ماژیکی بلک فبیولس,https://www.khanoumi.com/products/schon-fabulous-dip-liner-22962,یکی از بهترین خط چشمایی که داشتم همینه، کاملا مشکی و ماته و اصلا ریزش نداره، مثل پلاستیکیا تکه تکه نمیشه و شستنشم خیلی راحته، سرشم ماژیکیه و کارکردن باهاش خیلی راحته,0,true,2026-02-26T12:27:12.8641421+03:30,خنثی,0.35,اصل بودن کالا,اصل بودن کالا
خط چشم ماژیکی بلک فبیولس,https://www.khanoumi.com/products/schon-fabulous-dip-liner-22962,خط چشم خیلی خوبیه صورتمو با صابون کامل شستم و شوینده و اصلا پاک نشد دیگه با هزار زحمت پاکش کردم حتما برا بار دوم میخرمش. برند شون تو این محصول عالی عمل کرده ریزش نداره,0,true,2026-02-25T02:26:34.9497298+03:30,مثبت,0.79,محصول | اصل بودن کالا,محصول
خط چشم ماژیکی بلک فبیولس,https://www.khanoumi.com/products/schon-fabulous-dip-liner-22962,خیلی خوبه تنها مشکلش اینه خیلی جای دستش بده خیلی کلفت وبزرگه اگه یکم باریکتر بود میشد حرفه ای تر خط چشم کشید,0,false,2026-02-24T14:02:38.4117424+03:30,ترکیبی,0.9,محصول,محصول
خط چشم ماژیکی بلک فبیولس,https://www.khanoumi.com/products/schon-fabulous-dip-liner-22962,عالی ترین,0,true,2026-02-04T18:35:04.0224571+03:30,مثبت,0.67,سایر,سایر
خط چشم ماژیکی بلک فبیولس,https://www.khanoumi.com/products/schon-fabulous-dip-liner-22962,عالی ترین,0,true,2026-02-04T18:34:37.1005743+03:30,مثبت,0.67,سایر,سایر
خط چشم ماژیکی بلک فبیولس,https://www.khanoumi.com/products/schon-fabulous-dip-liner-22962,نرم راحت کشیده میشه من راضی هستم,0,true,2026-01-13T22:13:17.4165879+03:30,مثبت,0.67,سایر,سایر
خط چشم ماژیکی بلک فبیولس,https://www.khanoumi.com/products/schon-fabulous-dip-liner-22962,الکی نوشتن ماژیکی!این خط چشم مویی هست و با یه بار دست کشیدن پاک میشه.واقعا بیخوده,0,true,2025-12-23T15:45:07.270895+03:30,خنثی,0.35,محصول,محصول
خط چشم ماژیکی بلک فبیولس,https://www.khanoumi.com/products/schon-fabulous-dip-liner-22962,عالیه ضد آب مشکیه رونه,0,true,2025-12-21T11:11:43.3141476+03:30,مثبت,0.79,سایر,سایر
خط چشم ماژیکی بلک فبیولس,https://www.khanoumi.com/products/schon-fabulous-dip-liner-22962,خوب بود ماندگاریشم خوب بود,0,true,2025-12-11T14:53:08.3894045+03:30,مثبت,0.95,محصول,محصول
خط چشم ماژیکی بلک فبیولس,https://www.khanoumi.com/products/schon-fabulous-dip-liner-22962,بی نهایت خوش دسته و خیلی راحت میشه استفاده کرد در کل من راضی بودم,0,true,2025-12-08T18:15:50.432877+03:30,مثبت,0.67,محصول,محصول
خط چشم ماژیکی بلک فبیولس,https://www.khanoumi.com/products/schon-fabulous-dip-liner-22962,"اصلا نمیریزه، ضد آبه، پررنگه
در کل خوبه",0,true,2025-07-27T09:47:28.5235587+00:00,مثبت,0.67,محصول | اصل بودن کالا,محصول
خط چشم ماژیکی بلک فبیولس,https://www.khanoumi.com/products/schon-fabulous-dip-liner-22962,رنگش کاملا مشکیه و نمی ریزه و برای پاک کردنش فقط یه ذره روغن زیتون کافیه، من ماژیکی سفارش دادم و درست ارسال کردن نگران نباشین,0,true,2025-07-08T00:38:04.5188829+00:00,خنثی,0.35,محصول | تحویل و ارسال | قیمت,محصول
خط چشم ماژیکی بلک فبیولس,https://www.khanoumi.com/products/schon-fabulous-dip-liner-22962,خط چشم خوبیه مشکی و ریزش نداره استفاده ازش راحته من راضی هستم و پیشنهادش میکنم,0,true,2025-06-21T06:14:11.6220302+00:00,مثبت,0.91,سایر,سایر
خط چشم ماژیکی بلک فبیولس,https://www.khanoumi.com/products/schon-fabulous-dip-liner-22962,ضد آبه رنگش کاملا مشکیه و ماندگاری خوبی داره در کل راضیم,0,true,2025-06-07T17:19:58.4803698+00:00,مثبت,0.91,محصول,محصول
خط چشم ماژیکی بلک فبیولس,https://www.khanoumi.com/products/schon-fabulous-dip-liner-22962,"یکی از مزخرف ترین خط چشم هاس
پوست پوست میشه و میریزه ماندگاری نداره",0,true,2025-05-10T12:57:44.5954603+00:00,خنثی,0.35,محصول,محصول
خط چشم ماژیکی بلک فبیولس,https://www.khanoumi.com/products/schon-fabulous-dip-liner-22962,خیلی عااااالیه.رنگ مشکی،راحت میشه باهش کار کرد،راحت تمیز میشه،موندگاری خوبی داره,0,true,2025-03-28T13:42:30.9787712+00:00,مثبت,0.67,محصول,محصول
خط چشم ماژیکی بلک فبیولس,https://www.khanoumi.com/products/schon-fabulous-dip-liner-22962,خیلی بدددد افتضاحترین خط چشمی بودکه تابحال داشتم..‌,0,false,2025-03-10T09:23:09.5532114+00:00,منفی,0.79,محصول,محصول
خط چشم ماژیکی بلک فبیولس,https://www.khanoumi.com/products/schon-fabulous-dip-liner-22962,من راضی بودم مشکی و خوش دست هست راحت میشه خط چشم کشید باهاش,0,true,2025-02-23T19:06:04.7688511+00:00,مثبت,0.67,محصول,محصول
خط چشم ماژیکی بلک فبیولس,https://www.khanoumi.com/products/schon-fabulous-dip-liner-22962,خوبه ها ولی با قیمت بهتر کیفیت و موندگاری بیشتر بخواین خط چشم مای بهتر از این هم هست,0,true,2025-01-27T17:18:59.8064001+00:00,مثبت,0.79,محصول | قیمت,محصول
خط چشم ماژیکی بلک فبیولس,https://www.khanoumi.com/products/schon-fabulous-dip-liner-22962,سر مکار ماژیکی نیس مویی لطفا درست بنویسید,0,true,2025-01-27T13:02:34.8652662+00:00,خنثی,0.35,محصول,محصول
خط چشم ماژیکی بلک فبیولس,https://www.khanoumi.com/products/schon-fabulous-dip-liner-22962,از نظر مشکی بودن، ماندگاری و حجم محصول راضی هستم. زود هم خشک میشه خیلی خوبه,0,false,2025-01-13T08:47:41.7536678+00:00,مثبت,0.95,محصول,محصول
خط چشم ماژیکی بلک فبیولس,https://www.khanoumi.com/products/schon-fabulous-dip-liner-22962,باعث خارش وسوزش پلکم شد و اپلیکاتورش خیلی ضعیف بود...,0,false,2025-01-01T08:58:20.0682002+00:00,منفی,0.67,محصول,محصول
خط چشم ماژیکی بلک فبیولس,https://www.khanoumi.com/products/schon-fabulous-dip-liner-22962,عالیهعع  خیلی روون و ضد آبه پیشنهاد میشه,0,false,2024-12-18T12:47:06.1711804+00:00,مثبت,0.91,سایر,سایر
خط چشم ماژیکی بلک فبیولس,https://www.khanoumi.com/products/schon-fabulous-dip-liner-22962,واقن عالیه عالی,0,true,2024-12-07T20:59:38.0103191+00:00,مثبت,0.91,سایر,سایر
خط چشم ماژیکی بلک فبیولس,https://www.khanoumi.com/products/schon-fabulous-dip-liner-22962,عالیه ضد آب زود خشک میشه ماندگاری عالی,0,true,2024-11-30T08:50:59.4911981+00:00,مثبت,0.91,محصول,محصول
خط چشم ماژیکی بلک فبیولس,https://www.khanoumi.com/products/schon-fabulous-dip-liner-22962,عالیهههههههه,0,true,2024-11-28T13:28:55.6798823+00:00,مثبت,0.79,سایر,سایر
خط چشم ماژیکی بلک فبیولس,https://www.khanoumi.com/products/schon-fabulous-dip-liner-22962,اصلا راضی نیستم ترک میخوره,0,true,2024-11-27T05:24:49.686851+00:00,منفی,0.79,اصل بودن کالا,اصل بودن کالا
خط چشم ماژیکی بلک فبیولس,https://www.khanoumi.com/products/schon-fabulous-dip-liner-22962,بی‌نظیر و عالی دفعه ی سومم هست میخرم,0,false,2024-11-17T09:28:49.2574306+00:00,مثبت,0.67,سایر,سایر
خط چشم ماژیکی بلک فبیولس,https://www.khanoumi.com/products/schon-fabulous-dip-liner-22962,عالی,0,true,2024-11-06T07:51:47.6743812+00:00,مثبت,0.67,سایر,سایر
خط چشم ماژیکی بلک فبیولس,https://www.khanoumi.com/products/schon-fabulous-dip-liner-22962,خیلی خوبه مشکی و یکدست کشیده میشه وبرسش نمدی ینی ی چی از مدل ماژیکیای معمولی بهتره ریزش نداره اب بخوره تا دست نکشی پاک نمیشه و پخش نمیشه در عین حال موقع شستشو راحت پاک میشه  تاریخ انقضاشون هم برا 1406,0,true,2024-11-05T08:37:41.7915156+00:00,مثبت,0.91,محصول,محصول
خط چشم ماژیکی بلک فبیولس,https://www.khanoumi.com/products/schon-fabulous-dip-liner-22962,نوشته ماژیکی من بخاطرهمین ماژیکی بودنش خریدم بعدکه اوردن خط چشم مویی بوداصلاراضی نبودم,0,true,2024-11-01T16:55:20.1196607+00:00,منفی,0.79,محصول | اصل بودن کالا,اصل بودن کالا
خط چشم ماژیکی بلک فبیولس,https://www.khanoumi.com/products/schon-fabulous-dip-liner-22962,"راضیم مشکیه و اصلا تکه تکه نمبشه
پیشنهاد میشه",0,false,2024-10-05T14:42:27.6807039+00:00,مثبت,0.95,اصل بودن کالا,اصل بودن کالا
خط چشم ماژیکی بلک فبیولس,https://www.khanoumi.com/products/schon-fabulous-dip-liner-22962,عالیە خیلی خوشم، هم رنگش عالی و قشنگە و هم اینکە نمیریزە بیاد پایین.. از خریدم راضیم واقعا,0,true,2024-10-02T16:26:32.5553705+00:00,مثبت,0.95,محصول,محصول
خط چشم ماژیکی بلک فبیولس,https://www.khanoumi.com/products/schon-fabulous-dip-liner-22962,محصولات شون واقعا عالی هستن من که راضی بودم,0,true,2024-09-15T10:22:51+00:00,مثبت,0.79,محصول,محصول
خط چشم ماژیکی بلک فبیولس,https://www.khanoumi.com/products/schon-fabulous-dip-liner-22962,فکر نمی کردم محصول به این خوبی باشه. هم کیفیت ظاهری محصول خوبه و هم رنگ خوبی داره. به راحتی باهاش میشه خط چشم کشید. به نظرم میتونه امتیاز 5 رو بگیره,0,true,2024-08-21T11:48:00+00:00,مثبت,0.95,محصول,محصول
خط چشم ماژیکی بلک فبیولس,https://www.khanoumi.com/products/schon-fabulous-dip-liner-22962,خیلی خوبه،آبکی نیست و کار باهاش خیلییییی راحته و خوش دسته,0,true,2024-08-10T15:03:22+00:00,منفی,0.91,سایر,سایر
خط چشم ماژیکی بلک فبیولس,https://www.khanoumi.com/products/schon-fabulous-dip-liner-22962,دیروز به دستم رسید خیلی مشکی و مات و ریزشم نداره زود پاک شه اپلکاتورشم خیلی باریکه و خوب,0,true,2024-07-29T18:10:24+00:00,مثبت,0.67,تحویل و ارسال,تحویل و ارسال
خط چشم ماژیکی بلک فبیولس,https://www.khanoumi.com/products/schon-fabulous-dip-liner-22962,خوب بود با توجه به اینکه نمیخواستم ضد آب باشه و به راحتی پاک بشه راضی ام ,0,true,2024-06-16T08:13:46+00:00,مثبت,0.95,محصول,محصول
خط چشم ماژیکی بلک فبیولس,https://www.khanoumi.com/products/schon-fabulous-dip-liner-22962,طراحی خیلی خوبی داشت با اینکه خیلی وقت بود از این مدل خط چشما استفاده نکرده بودم،ولی این برام راحت بود!!,0,true,2024-05-30T22:54:56+00:00,مثبت,0.79,محصول,محصول
خط چشم ماژیکی بلک فبیولس,https://www.khanoumi.com/products/schon-fabulous-dip-liner-22962,معمولیه ضد آب نیست حجم کمیم داره,0,true,2024-05-30T22:38:12+00:00,خنثی,0.35,محصول,محصول
خط چشم ماژیکی بلک فبیولس,https://www.khanoumi.com/products/schon-fabulous-dip-liner-22962,رنگ فوق العاده مشکی و جذاب خیلی نرم و خوب,0,true,2024-05-30T19:52:56+00:00,مثبت,0.79,محصول,محصول
خط چشم ماژیکی بلک فبیولس,https://www.khanoumi.com/products/schon-fabulous-dip-liner-22962,"وای خیلی خوبه پیگمنتش عالیه و مشکیه مشکیه و خیلی راحت میشه باهاش خط چشم کشید و منی ک ب سختی خط چشم میکشیدم خیلی قشنگ باهاش کشیدم و اصلا ریزش نداره و ب راحتی هم پاک میشه در کل فوق العادس مرسی از خانومی
من ریملشم خریدمممم",0,false,2024-05-28T21:34:02+00:00,مثبت,0.95,اصل بودن کالا,اصل بودن کالا
خط چشم ماژیکی بلک فبیولس,https://www.khanoumi.com/products/schon-fabulous-dip-liner-22962,رنگ مشکیش عالیه و اینکه ریزش هم نداره و راحت پاک میشه ماندگاری هم داره,0,true,2024-05-15T00:13:14+00:00,مثبت,0.79,محصول,محصول
خط چشم ماژیکی بلک فبیولس,https://www.khanoumi.com/products/schon-fabulous-dip-liner-22962,خیلی راحت و زود پاک میشه اما از نظر برسی خیلی باهاش راحت میشه خط چشم کشید,0,false,2024-05-04T16:29:42+00:00,خنثی,0.35,سایر,سایر
خط چشم ماژیکی بلک فبیولس,https://www.khanoumi.com/products/schon-fabulous-dip-liner-22962,من همیشه از این برند خط چشم استفاده میکنم ،عالیه اصلا حساسیت ایجاد نمیکنه .به همه پیشنهاد میکنم خط چشم شون رو ,0,false,2024-02-11T11:27:17+00:00,مثبت,0.95,اصل بودن کالا,اصل بودن کالا
خط چشم ماژیکی بلک فبیولس,https://www.khanoumi.com/products/schon-fabulous-dip-liner-22962,عالیه هم مشکی هم خیلی استفاده ازش راحت و هم موادش اندازه هست خوشم اومد ازش ,0,true,2024-01-23T19:36:31+00:00,مثبت,0.79,محصول,محصول
خط چشم ماژیکی بلک فبیولس,https://www.khanoumi.com/products/schon-fabulous-dip-liner-22962,عالیه . بهتر از این نمیتونین پیدا کنین . خوش دست و راحته و حجم زیادی داره مشکیه و انتظارات آدمو از یه خط چشم به خوبی میتونه برآورده کنه. مات بودنش خیلی قشنگه . ریزش نداره و حساسیت هم نداد تازه بوی بد و زننده ی مواد شیمیایی نمیده و یه بوی گیاهی طور خیلیییی ملایم داره ک ممکنه اصلا متوجهش نشین. در کل 5 امتیاز بهش میدم و بارها میخرمش  ,0,true,2023-12-10T20:06:38+00:00,مثبت,0.91,محصول | اصل بودن کالا,محصول
خط چشم ماژیکی بلک فبیولس,https://www.khanoumi.com/products/schon-fabulous-dip-liner-22962,به این محصول 5 ستاره می دم. ارتفاع خط چشم استاندارد بود و به خوبی توی دست جا میشد. روی پوست کشیده می شد. خیلی راحت هم پاک شد و باعث ایجاد حساسیت نشد.,2,false,2022-12-21T15:30:08+00:00,مثبت,0.67,محصول,محصول
خط چشم ماژیکی بلک فبیولس,https://www.khanoumi.com/products/schon-fabulous-dip-liner-22962,خط چشم ماژیکی شون دوام و ماندگاری بالایی داره. خطوط صاف و یکدستی پشت پلک ایجاد می کنه. به هیچ عنوان زیر چشم ریزش نمی کنه. اپلیکاتور این خط چشم نمدی هست در نتیجه به راحتی قابل استفاده است.,3,false,2022-06-18T09:11:53+00:00,خنثی,0.35,محصول,محصول
خط چشم ماژیکی بلک فبیولس,https://www.khanoumi.com/products/schon-fabulous-dip-liner-22962,عالییه بهترین خط چشمی که داشتم,20,false,2020-05-10T10:13:38+00:00,مثبت,0.79,سایر,سایر
ریمل حجم دهنده و بلند کننده دوپلیکاتور,https://www.khanoumi.com/products/schon-lash-duplicator-volume-and-length-mascara-22963,اگه فقط 2 یا 3 بار پشت هم بزنین خوبه و بیشت راز اون مژه هارو به شدت مثل چسب به هم میچسبونه و پاک کردنش خیلی خیلی سخته . با 2 3 باز زدن هم آنچنان بلند نمیشه مژه . ارزش خرید نداره,0,true,2026-06-16T22:04:08.5396159+03:30,مثبت,0.67,محصول | قیمت,محصول
ریمل حجم دهنده و بلند کننده دوپلیکاتور,https://www.khanoumi.com/products/schon-lash-duplicator-volume-and-length-mascara-22963,مژه را خیلی بلند میکنه ولی پاک کردنش واقعا سخته و خیلی زیر چشم را سیاه میکنه,0,true,2026-05-18T10:33:39.7737037+03:30,خنثی,0.35,سایر,سایر
ریمل حجم دهنده و بلند کننده دوپلیکاتور,https://www.khanoumi.com/products/schon-lash-duplicator-volume-and-length-mascara-22963,واقعا انتظارشو نداشتم ولی عالیه,0,true,2026-05-16T15:52:06.5642344+03:30,منفی,0.79,سایر,سایر
ریمل حجم دهنده و بلند کننده دوپلیکاتور,https://www.khanoumi.com/products/schon-lash-duplicator-volume-and-length-mascara-22963,من براساس دیدگاه خریدم. کلا هر چقدر مژه داشته باشی یخورده بلند تر میکنه ولی حجم نمیده در کل خوبه ولیییی پاک کردن بسیاااار سخته,0,true,2026-05-16T11:44:07.6106685+03:30,منفی,0.79,محصول,محصول
ریمل حجم دهنده و بلند کننده دوپلیکاتور,https://www.khanoumi.com/products/schon-lash-duplicator-volume-and-length-mascara-22963,عالیه,0,false,2026-05-15T16:08:17.8286818+03:30,مثبت,0.79,سایر,سایر
ریمل حجم دهنده و بلند کننده دوپلیکاتور,https://www.khanoumi.com/products/schon-lash-duplicator-volume-and-length-mascara-22963,واقعا راضی بودم قشنگ رنگش مشکی و مژه رو بلند میکنه,0,true,2026-05-11T21:54:23.616586+03:30,مثبت,0.67,محصول,محصول
ریمل حجم دهنده و بلند کننده دوپلیکاتور,https://www.khanoumi.com/products/schon-lash-duplicator-volume-and-length-mascara-22963,خیلی عالی بود من که راضی بودم خیلی طبیعی بلند میکنه و ریزشم نداره اصلا,0,true,2026-03-25T17:54:23.9397988+03:30,مثبت,0.79,محصول | اصل بودن کالا,محصول
ریمل حجم دهنده و بلند کننده دوپلیکاتور,https://www.khanoumi.com/products/schon-lash-duplicator-volume-and-length-mascara-22963,نسبت به قیمتش خوبه؛بیشتر مناسب افراد شاغل و کارمند مناسبه؛موقع شستشو پخش نمیشه،چندین ساعته قشنگ میمونه؛ولیکن یه کوچولو اونم بعد چند ساعت ریزش داره که بنظرم طبیعی.خودم به شخصه برای سرکار استفاده میکنم خوبه,0,true,2026-03-18T03:22:02.6149474+03:30,مثبت,0.95,محصول | قیمت,محصول
ریمل حجم دهنده و بلند کننده دوپلیکاتور,https://www.khanoumi.com/products/schon-lash-duplicator-volume-and-length-mascara-22963,ریمل خوبیه ولی مژه هارو خیلی حالت فر نگه نمیداره همون اول فر و خوشگله بعد یک  ساعت سریع مژه ها صاف میشن ولی در کل هم واقعا پرپشت کننده هست هم بلند کننده زیر چشمم نمیریزه طبیعیه,0,false,2026-03-07T20:49:18.8091107+03:30,مثبت,0.67,محصول,محصول
ریمل حجم دهنده و بلند کننده دوپلیکاتور,https://www.khanoumi.com/products/schon-lash-duplicator-volume-and-length-mascara-22963,"برای کساییه که مژه های نسبتا خوبی دارن خوبه، برای استفاده روزمره خوبه، نه زیر چشم میریزه، نه پخش میشه
و کل تو برندای ایرانی کیفیت خوبی داره",0,false,2026-01-25T15:32:12.5604406+03:30,مثبت,0.95,محصول,محصول
ریمل حجم دهنده و بلند کننده دوپلیکاتور,https://www.khanoumi.com/products/schon-lash-duplicator-volume-and-length-mascara-22963,من که خیلی راضی بودم اینهمه ریمل عوض کردم این بهترینش بود,0,false,2026-01-04T17:43:29.9195911+03:30,مثبت,0.79,محصول,محصول
ریمل حجم دهنده و بلند کننده دوپلیکاتور,https://www.khanoumi.com/products/schon-lash-duplicator-volume-and-length-mascara-22963,بینظیره,0,false,2025-11-30T20:42:16.1495609+03:30,خنثی,0.35,سایر,سایر
ریمل حجم دهنده و بلند کننده دوپلیکاتور,https://www.khanoumi.com/products/schon-lash-duplicator-volume-and-length-mascara-22963,چند روزه به دستم رسیده . اصلا خوب نبود. مژه ها رو بهم میچسبونه,0,true,2025-11-25T12:20:07.150429+03:30,خنثی,0.4,محصول | تحویل و ارسال | اصل بودن کالا,محصول
ریمل حجم دهنده و بلند کننده دوپلیکاتور,https://www.khanoumi.com/products/schon-lash-duplicator-volume-and-length-mascara-22963,خیلی  انتظار بلندی و پر پشت کردن نداشته باشید ، ولی برای استفاده روزمره برای کسی که مژه های خودش نسبتا بلند هست خوبه ، خیلی مشکیه ، زیر چشم نمیربزه موقع شستن پخش نمیشه ، مژه هارو به هم نمیچسبونه من در کل راضی ام چندین ساله استفاده می‌کنم,0,true,2025-11-23T02:38:35.1752427+03:30,مثبت,0.95,محصول,محصول
ریمل حجم دهنده و بلند کننده دوپلیکاتور,https://www.khanoumi.com/products/schon-lash-duplicator-volume-and-length-mascara-22963,راضی نبودم نه جحم میده نه بلند میکنه همشم میریزه,0,true,2025-11-22T23:56:08.0034826+03:30,منفی,0.67,محصول,محصول
ریمل حجم دهنده و بلند کننده دوپلیکاتور,https://www.khanoumi.com/products/schon-lash-duplicator-volume-and-length-mascara-22963,اصلا خوب نیست  نه حجم میده نه بلند تازه پخشم میشه زیر چشم,0,true,2025-11-11T17:52:16.5405244+03:30,منفی,0.79,محصول | اصل بودن کالا,اصل بودن کالا
ریمل حجم دهنده و بلند کننده دوپلیکاتور,https://www.khanoumi.com/products/schon-lash-duplicator-volume-and-length-mascara-22963,بعد از 1 هفته خشگ شد خیلی بده نخرید,0,false,2025-11-11T15:59:56.6143385+03:30,منفی,0.79,سایر,سایر
ریمل حجم دهنده و بلند کننده دوپلیکاتور,https://www.khanoumi.com/products/schon-lash-duplicator-volume-and-length-mascara-22963,راضی نبودم نه حجم میده نه بلندتر میکنه مژه رو زودم خشک شد,0,true,2025-10-28T00:38:52.2805835+03:30,منفی,0.67,محصول,محصول
ریمل حجم دهنده و بلند کننده دوپلیکاتور,https://www.khanoumi.com/products/schon-lash-duplicator-volume-and-length-mascara-22963,راضی نبودم,0,true,2025-09-19T19:58:49.5357772+03:30,منفی,0.67,محصول,محصول
ریمل حجم دهنده و بلند کننده دوپلیکاتور,https://www.khanoumi.com/products/schon-lash-duplicator-volume-and-length-mascara-22963,نه حجم میده نه بلند میکنه نپسندیدم,0,true,2025-09-01T19:30:19.7618944+03:30,خنثی,0.35,محصول,محصول
ریمل حجم دهنده و بلند کننده دوپلیکاتور,https://www.khanoumi.com/products/schon-lash-duplicator-volume-and-length-mascara-22963,ریمل هم در حد قیمتش خوبه من یه ریمل معمولی میخواستم که به مژه ها کمی حالت بده بلند میکنه ولی حجم نمیده من برای سرکار میخواستم که به نظرم خوبه,0,true,2025-08-23T04:34:35.8017775+00:00,ترکیبی,0.92,محصول | قیمت,محصول
ریمل حجم دهنده و بلند کننده دوپلیکاتور,https://www.khanoumi.com/products/schon-lash-duplicator-volume-and-length-mascara-22963,عالی عالی عالیییییییی 3بارشارژش کردم و حتمااا بازم میخرمش بی نظیرههه,0,true,2025-08-14T00:38:34.8681067+00:00,مثبت,0.91,سایر,سایر
ریمل حجم دهنده و بلند کننده دوپلیکاتور,https://www.khanoumi.com/products/schon-lash-duplicator-volume-and-length-mascara-22963,افتضاه، مژه‌هارو شبیه پاهای عنکبوت میکنه,0,true,2025-08-13T08:34:32.4534536+00:00,خنثی,0.35,محصول,محصول
ریمل حجم دهنده و بلند کننده دوپلیکاتور,https://www.khanoumi.com/products/schon-lash-duplicator-volume-and-length-mascara-22963,خیلی سبکه و اصلا ریزش نداره عالیه,0,false,2025-07-19T18:47:59.9925507+00:00,منفی,0.91,اصل بودن کالا,اصل بودن کالا
ریمل حجم دهنده و بلند کننده دوپلیکاتور,https://www.khanoumi.com/products/schon-lash-duplicator-volume-and-length-mascara-22963,"عالیه برای مصرف روزانه من دفعه سوم میخرم
اصلا دور چشم نمیریزه و مژه هارو سنگین نمیکنه",0,true,2025-06-26T14:09:43.8264336+00:00,مثبت,0.91,اصل بودن کالا,اصل بودن کالا
ریمل حجم دهنده و بلند کننده دوپلیکاتور,https://www.khanoumi.com/products/schon-lash-duplicator-volume-and-length-mascara-22963,واقعا عالیه مژه هارو بلند و کمی لیفت و حجم دار میکنه خیلی شیک و نچراله کارش سریعم پاک میشه ریزش نداره فوق العاده اس,0,true,2025-06-17T10:53:34.3065875+00:00,مثبت,0.67,محصول,محصول
ریمل حجم دهنده و بلند کننده دوپلیکاتور,https://www.khanoumi.com/products/schon-lash-duplicator-volume-and-length-mascara-22963,بیشتر بلند کننده هست اصلا حجم نمیده !,0,true,2025-06-14T22:09:18.5559354+00:00,منفی,0.67,محصول | اصل بودن کالا,اصل بودن کالا
ریمل حجم دهنده و بلند کننده دوپلیکاتور,https://www.khanoumi.com/products/schon-lash-duplicator-volume-and-length-mascara-22963,واقعااااا عالیه این ریمل اصلا انتظار شو نداشتم انقدررر فوق العاده باشه به شدت پیشنهاد میکنم.من که خییییلی خییییلی راضی بودم بینظیره,0,true,2025-06-04T11:49:15.4693075+00:00,مثبت,0.95,محصول | اصل بودن کالا,محصول
ریمل حجم دهنده و بلند کننده دوپلیکاتور,https://www.khanoumi.com/products/schon-lash-duplicator-volume-and-length-mascara-22963,به شدت زیر چشم میریزه من برای محل کارم ازش استفاده میکنم ولی در کل ریمل خیلی خوبی نیست به نظرم کالیستا بنفش خیلی بهتره موقع شستن هم زیر چشم سیاه میشه,0,true,2025-06-01T11:30:47.5209768+00:00,منفی,0.79,محصول,محصول
ریمل حجم دهنده و بلند کننده دوپلیکاتور,https://www.khanoumi.com/products/schon-lash-duplicator-volume-and-length-mascara-22963,"مژهارو میچبونه کاش فرچه سه بعدی داش واینک نمریخت وپاک کردنشم راحت بود زیر چشم خیلی سیاه میکنه 
اگ اینارو نداشت ک عالی ترین ریمل بود هم از لحاظ بلند کردن مژها سبک بودن و مشکی کردن مژه",0,false,2025-05-30T23:02:24.940809+00:00,منفی,0.67,محصول,محصول
ریمل حجم دهنده و بلند کننده دوپلیکاتور,https://www.khanoumi.com/products/schon-lash-duplicator-volume-and-length-mascara-22963,"سلام 
ریمل خوب وسبکی هست مشکی هم میکنه تا حدودی بلند کننده مژه اس 
تنها ایرادی ک داره زیر چشم سیاه میکنه وشستشوی سختی داره ب راحتی پاک نمیشه حتی زیر دوش باید چندبار با شامپو بشویی با دستمال مرطوب زیر چشم پاک کنی ک این کار هم خسته کننده اس هم مژهارو آسیب میزنه وباعث ریزش میشه 
کاش این ایراد نداشت وگرنه خیلی ریمل سبک وخوبیه 
منم از اینجور ریمل بدم میاد براهمین استفاده نمیکنم گذاشتم کنار",0,false,2025-05-30T22:57:38.8603235+00:00,ترکیبی,0.74,محصول,محصول
ریمل حجم دهنده و بلند کننده دوپلیکاتور,https://www.khanoumi.com/products/schon-lash-duplicator-volume-and-length-mascara-22963,"افتضاح بود اصلا حجم نمیده فقط بلند کنندست و مژه ها بهم میچسبن
خیلیم کوچولو",0,true,2025-05-22T19:34:22.5353923+00:00,منفی,0.79,محصول | اصل بودن کالا,اصل بودن کالا
ریمل حجم دهنده و بلند کننده دوپلیکاتور,https://www.khanoumi.com/products/schon-lash-duplicator-volume-and-length-mascara-22963,واقعا خندم میگیره بعضیا می نویسن موقع شستن زیر چشم رو سیاه میکنه. خب ریمل خوب خاصیتش همینه دیگه از خیلی ریمل های خارجی جنسش بهتره واقعا عالیه فقط برای مژه های کوتاه دوبار باید استفاده بشه.,0,true,2025-05-05T09:18:16.1563975+00:00,مثبت,0.91,محصول,محصول
ریمل حجم دهنده و بلند کننده دوپلیکاتور,https://www.khanoumi.com/products/schon-lash-duplicator-volume-and-length-mascara-22963,راضی نیستم یه ظاهر غیر طبیعی داره مژه ها به هم می‌چسبن و پاک کردنش سخته زیر چشم کاملا سیاه میشه,0,true,2025-04-11T14:28:07.6360298+00:00,منفی,0.67,سایر,سایر
ریمل حجم دهنده و بلند کننده دوپلیکاتور,https://www.khanoumi.com/products/schon-lash-duplicator-volume-and-length-mascara-22963,کیفیتش خیلی بد شده. مژه ها رو میچسبونه، ریزش داره، به راحتی شسته نمیشه و زیر چشم را سیاه میکنه. مواد داخل ریمل خیلی خمیری و غلیظ هست و حجم زیادی با برس بیرون میاد طوری که باید یک برس خالی داشته باشید تا بعد از ریمل زدن بلافاصله اضافه اش رو از روی مژه پاک کنید.,0,true,2025-04-01T12:27:19.4914405+00:00,ترکیبی,0.66,محصول | اصل بودن کالا,محصول
ریمل حجم دهنده و بلند کننده دوپلیکاتور,https://www.khanoumi.com/products/schon-lash-duplicator-volume-and-length-mascara-22963,یکم چشم منو می‌سوزونه و اذیتم می‌کنه.,0,true,2025-03-26T01:06:15.5889995+00:00,خنثی,0.35,سایر,سایر
ریمل حجم دهنده و بلند کننده دوپلیکاتور,https://www.khanoumi.com/products/schon-lash-duplicator-volume-and-length-mascara-22963,معمولیه... دیگه نمیخرم ازش,0,true,2025-03-06T14:54:07.003696+00:00,خنثی,0.35,محصول,محصول
ریمل حجم دهنده و بلند کننده دوپلیکاتور,https://www.khanoumi.com/products/schon-lash-duplicator-volume-and-length-mascara-22963,ریزش داره راضی نبودم,0,true,2025-03-02T05:08:36.5239214+00:00,منفی,0.67,محصول,محصول
ریمل حجم دهنده و بلند کننده دوپلیکاتور,https://www.khanoumi.com/products/schon-lash-duplicator-volume-and-length-mascara-22963,من تو تخفیف خریدم نسبت به قیمت خیلی خیلی خوب بود,0,true,2025-02-26T13:32:55.0948107+00:00,مثبت,0.91,قیمت | محصول,قیمت
ریمل حجم دهنده و بلند کننده دوپلیکاتور,https://www.khanoumi.com/products/schon-lash-duplicator-volume-and-length-mascara-22963,عالی بود فقط توی شست و شو سیاه میکنه باید با فوم شسته بشه,0,true,2025-02-24T02:59:28.7411492+00:00,مثبت,0.79,محصول,محصول
ریمل حجم دهنده و بلند کننده دوپلیکاتور,https://www.khanoumi.com/products/schon-lash-duplicator-volume-and-length-mascara-22963,"خیلی بد
می‌ریزه و دور چشم رو‌ سیاه میکنه",0,true,2025-02-21T06:06:35.909706+00:00,منفی,0.67,سایر,سایر
ریمل حجم دهنده و بلند کننده دوپلیکاتور,https://www.khanoumi.com/products/schon-lash-duplicator-volume-and-length-mascara-22963,"من که خیلی راضی هستم حسابی مژه ها را بلند و حالت دار میکته مژه هام  مثل وقتی که مژه می کارم شد
ایرادش اینه که زیر چشم را بعد از چند ساعت سیاه میکنه",0,false,2025-02-18T15:25:25.450068+00:00,مثبت,0.67,سایر,سایر
ریمل حجم دهنده و بلند کننده دوپلیکاتور,https://www.khanoumi.com/products/schon-lash-duplicator-volume-and-length-mascara-22963,سلام دوستان این ریمل عااالیه،واقعا فکر نمی‌کردم انقدر با کیفیت باشه,0,false,2025-02-15T10:00:12.1556885+00:00,خنثی,0.35,محصول,محصول
ریمل حجم دهنده و بلند کننده دوپلیکاتور,https://www.khanoumi.com/products/schon-lash-duplicator-volume-and-length-mascara-22963,افتضاح. اصلا خشک نمیشه. همچنان خیس میمونه روی پلک. وقتی بخوای بشوری کل صورت سیاه میشه.مجبوری با شامپو بشوری.اینقدر بیابی تا صورتت تمیز بشه,0,true,2025-02-06T09:16:37.9393136+00:00,منفی,0.79,محصول | اصل بودن کالا,اصل بودن کالا
ریمل حجم دهنده و بلند کننده دوپلیکاتور,https://www.khanoumi.com/products/schon-lash-duplicator-volume-and-length-mascara-22963,افتضاح تمرین ریمل. ریزش نداره‌ اما همچنان خیس میمونه رو پاک. بعد که بخوای بشوری دهنت سرویس میشه.کل زیر چشم سیاه میشه.باید با شامپو کل صورت رو بشوری بیابی تمیز سه.,0,true,2025-02-06T09:13:47.4239153+00:00,منفی,0.67,محصول,محصول
ریمل حجم دهنده و بلند کننده دوپلیکاتور,https://www.khanoumi.com/products/schon-lash-duplicator-volume-and-length-mascara-22963,موادش باعث میشه مژه ها بهم بچسبند ولی باعث حساسیت نشد,0,true,2025-02-05T13:59:53.9472695+00:00,خنثی,0.35,محصول,محصول
ریمل حجم دهنده و بلند کننده دوپلیکاتور,https://www.khanoumi.com/products/schon-lash-duplicator-volume-and-length-mascara-22963,چرا هیچوقت تخفیف ندارهههههههه,0,false,2025-02-03T13:00:06.232873+00:00,خنثی,0.35,قیمت,قیمت
ریمل حجم دهنده و بلند کننده دوپلیکاتور,https://www.khanoumi.com/products/schon-lash-duplicator-volume-and-length-mascara-22963,کارش خوبه سبکه چشمواذیت نمیکنه,0,true,2025-01-31T19:19:22.9513525+00:00,مثبت,0.79,محصول,محصول
ریمل حجم دهنده و بلند کننده دوپلیکاتور,https://www.khanoumi.com/products/schon-lash-duplicator-volume-and-length-mascara-22963,بلند کننده خوبیه رنگش کاملا مشکی و براق ولی ریزش داره موقع شستشو هم تبدیل به پاندا میشین,0,true,2025-01-24T21:16:48.6242273+00:00,ترکیبی,0.71,محصول,محصول
ریمل حجم دهنده و بلند کننده دوپلیکاتور,https://www.khanoumi.com/products/schon-lash-duplicator-volume-and-length-mascara-22963,سلام دوستان چرا الکی تعریف میکنید،من طبق تعریف خریدم وپشیمونم،افتضاحه ریزش داره کلانخرید,0,true,2025-01-20T14:03:11.2634628+00:00,منفی,0.91,محصول,محصول
ریمل حجم دهنده و بلند کننده دوپلیکاتور,https://www.khanoumi.com/products/schon-lash-duplicator-volume-and-length-mascara-22963,"سلام
من منتظرم تخفیف بیشتر بشه خرید کنم شما هر لحظه تخفیف رو کمتر می کنید.",0,false,2025-01-13T18:16:57.0722226+00:00,خنثی,0.35,قیمت,قیمت
ریمل حجم دهنده و بلند کننده دوپلیکاتور,https://www.khanoumi.com/products/schon-lash-duplicator-volume-and-length-mascara-22963,"سلام
تخفیف رو بیشتر کنید میخوام خریدم رو ثبت کنم.",0,false,2025-01-13T05:27:31.2620853+00:00,خنثی,0.35,قیمت,قیمت
ریمل حجم دهنده و بلند کننده دوپلیکاتور,https://www.khanoumi.com/products/schon-lash-duplicator-volume-and-length-mascara-22963,حجم دهنده نیست فقط مژه رو بلند میکنه ولی درکل خوبه,0,true,2025-01-13T02:19:40.2112614+00:00,مثبت,0.79,محصول,محصول
ریمل حجم دهنده و بلند کننده دوپلیکاتور,https://www.khanoumi.com/products/schon-lash-duplicator-volume-and-length-mascara-22963,خیلی براشش از چیزی که تو عکسه لاغرتره فقط بلند میکنه مژه رو در کنار یه ریمل حجم دهنده عالیه,0,true,2025-01-07T20:09:07.6136786+00:00,مثبت,0.79,محصول,محصول
ریمل حجم دهنده و بلند کننده دوپلیکاتور,https://www.khanoumi.com/products/schon-lash-duplicator-volume-and-length-mascara-22963,عالیه و بلند کنندست,0,true,2025-01-04T17:28:13.5452427+00:00,مثبت,0.79,سایر,سایر
ریمل حجم دهنده و بلند کننده دوپلیکاتور,https://www.khanoumi.com/products/schon-lash-duplicator-volume-and-length-mascara-22963,"من واقعا دوستش دارم مزه هارو بلند میکنه و برای روزانه و سرکار ایتفاده میکنم که اصلا نمیریزه 
موقع شستشو هم خیلی راحت پاک میشه با شوینده",0,true,2025-01-03T16:53:01.8666968+00:00,منفی,0.67,محصول | اصل بودن کالا,اصل بودن کالا
ریمل حجم دهنده و بلند کننده دوپلیکاتور,https://www.khanoumi.com/products/schon-lash-duplicator-volume-and-length-mascara-22963,لطفاً تخفیف پنجاه درصدی بذارید ممنون از سایت خوب خانومی,0,false,2025-01-03T14:51:06.409646+00:00,مثبت,0.79,قیمت,قیمت
ریمل حجم دهنده و بلند کننده دوپلیکاتور,https://www.khanoumi.com/products/schon-lash-duplicator-volume-and-length-mascara-22963,میشه تو تخفیف 50 درصد بزاریدششش,0,false,2025-01-02T19:00:58.4783082+00:00,خنثی,0.35,قیمت,قیمت
ریمل حجم دهنده و بلند کننده دوپلیکاتور,https://www.khanoumi.com/products/schon-lash-duplicator-volume-and-length-mascara-22963,جالب نیست چشم بعد یک ساعت خیلی اذیت میشه,0,false,2024-12-21T12:36:46.1894041+00:00,خنثی,0.35,سایر,سایر
ریمل حجم دهنده و بلند کننده دوپلیکاتور,https://www.khanoumi.com/products/schon-lash-duplicator-volume-and-length-mascara-22963,من انواع ریمل هارو امتحان کردم ولی این ریمل نسبت به ریمل های ایرانی فوق العادست.حجم دهنده نیست ولی بسیاااار مژه هارو بلند و زیبا میکنه.من خیلی راضی هستم از خریدش,0,true,2024-12-18T09:21:58.6877657+00:00,مثبت,0.67,محصول,محصول
ریمل حجم دهنده و بلند کننده دوپلیکاتور,https://www.khanoumi.com/products/schon-lash-duplicator-volume-and-length-mascara-22963,ی تخفیف خوب بزارین خرید کنیم,0,false,2024-12-07T06:12:10.1752757+00:00,مثبت,0.67,قیمت,قیمت
ریمل حجم دهنده و بلند کننده دوپلیکاتور,https://www.khanoumi.com/products/schon-lash-duplicator-volume-and-length-mascara-22963,من چند باری این ریملو گرفتم راضی بودم اصلا زیر چشم ریزش نداره و بلند و پرپشت میکنه,0,true,2024-12-01T07:56:46.3773234+00:00,مثبت,0.79,محصول | اصل بودن کالا,محصول
ریمل حجم دهنده و بلند کننده دوپلیکاتور,https://www.khanoumi.com/products/schon-lash-duplicator-volume-and-length-mascara-22963,حجم دهنده نیست ولی در کل چند بار روی مژه باید بزنی تا حجم بگیره روی هم رفته خوبه بد نیست,0,true,2024-11-28T13:26:55.1110156+00:00,منفی,0.67,محصول,محصول
ریمل حجم دهنده و بلند کننده دوپلیکاتور,https://www.khanoumi.com/products/schon-lash-duplicator-volume-and-length-mascara-22963,عالیه,0,true,2024-11-26T20:08:11.5600336+00:00,مثبت,0.79,سایر,سایر
ریمل حجم دهنده و بلند کننده دوپلیکاتور,https://www.khanoumi.com/products/schon-lash-duplicator-volume-and-length-mascara-22963,الان بعد ی مدت کوتاه استفاده مجدد نظرمو میذارم ریمل بعد از چند بار استفاده موادش خیلی ب برس میچسبه و مژه هارو بهم میچسبونه در صورتی ک دو س بار اول ک استفاده کردم اینطور نبود,0,true,2024-11-18T15:25:36.0977965+00:00,خنثی,0.35,محصول,محصول
ریمل حجم دهنده و بلند کننده دوپلیکاتور,https://www.khanoumi.com/products/schon-lash-duplicator-volume-and-length-mascara-22963,"ریمل مشکی بابرسی که راحت میشه باهاش کارکرد
زیرچشم روهم سیاه نمیکنه فقط مژه هارویکم خشک میکنه",0,true,2024-11-08T16:40:35.7299488+00:00,خنثی,0.35,سایر,سایر
ریمل حجم دهنده و بلند کننده دوپلیکاتور,https://www.khanoumi.com/products/schon-lash-duplicator-volume-and-length-mascara-22963,خوبه مشکی و سبکه بلند کننده است,0,true,2024-11-05T08:31:37.9565529+00:00,مثبت,0.79,سایر,سایر
ریمل حجم دهنده و بلند کننده دوپلیکاتور,https://www.khanoumi.com/products/schon-lash-duplicator-volume-and-length-mascara-22963,بشدت پخش میشه و ریزش داره ، از نوع برس هم معلومه برای حجم دهندگی طراحی نشده ، مشکیه و بلند میکنه,0,true,2024-11-01T06:38:25.2022691+00:00,خنثی,0.35,محصول,محصول
ریمل حجم دهنده و بلند کننده دوپلیکاتور,https://www.khanoumi.com/products/schon-lash-duplicator-volume-and-length-mascara-22963,از نظر بلندکنندگی و شستشوی راحت خوبه ، من تو تخفیف خریدم 170 و تو این رنج قیمت از خریدم راضیم,0,true,2024-10-29T16:38:36.2102054+00:00,مثبت,0.95,قیمت,قیمت
ریمل حجم دهنده و بلند کننده دوپلیکاتور,https://www.khanoumi.com/products/schon-lash-duplicator-volume-and-length-mascara-22963,من 5 ساله از این مارک ریمل استفاده میکنم. قشنگ تا 1 سال مدام استفاده میکنم تا 1 سال جواب میده. خیلی عالیه. قشنگ بزنید مژه هاتون رو نمیچسبونه. نمیریزه اصلا.,0,true,2024-10-21T12:25:35.1518334+00:00,مثبت,0.67,محصول | اصل بودن کالا,محصول
ریمل حجم دهنده و بلند کننده دوپلیکاتور,https://www.khanoumi.com/products/schon-lash-duplicator-volume-and-length-mascara-22963,خیلی خوب بلند میکنه ، خیلی مشکیه ، ترکیبات خوبی داره و راحتم با اب شسته میشه! ولی خب انچنان حجم دهنده نیست که خب ظاهر خیلی طبیعی تری میده به نظرم... من خیلی خیلی راضیم و حتما دوباره هم میخرمش,0,false,2024-10-21T07:27:00.0062058+00:00,مثبت,0.95,محصول,محصول
ریمل حجم دهنده و بلند کننده دوپلیکاتور,https://www.khanoumi.com/products/schon-lash-duplicator-volume-and-length-mascara-22963,بلند کننده و خیلی مشکی درحدی که انگار بن مژه کشیدید برای استفاده روزمره خیلی خوبه ریزش مژه هم نمیاره,0,true,2024-10-20T10:48:32.2030542+00:00,مثبت,0.91,سایر,سایر
ریمل حجم دهنده و بلند کننده دوپلیکاتور,https://www.khanoumi.com/products/schon-lash-duplicator-volume-and-length-mascara-22963,بلند کننده هست ولی حجم دهنده اصلا نیست,0,true,2024-10-19T07:55:43.9638521+00:00,منفی,0.67,محصول | اصل بودن کالا,اصل بودن کالا
ریمل حجم دهنده و بلند کننده دوپلیکاتور,https://www.khanoumi.com/products/schon-lash-duplicator-volume-and-length-mascara-22963,"بلندکنندگی این ریمل بیشتر از حجم دهندگیش هست
برای من اصلا ریزش نداشت و زیر چشم رو سیاه نمیکنه
من از خریدم راضیم",0,true,2024-10-02T15:44:12.5977507+00:00,مثبت,0.67,محصول | اصل بودن کالا,محصول
ریمل حجم دهنده و بلند کننده دوپلیکاتور,https://www.khanoumi.com/products/schon-lash-duplicator-volume-and-length-mascara-22963,خیلی خوبه پر کننده نیست و بلند میکنه و اصلا زیر چشم نمیریزه برای روزانه واقعا خوبه,0,true,2024-08-17T15:42:18+00:00,مثبت,0.95,اصل بودن کالا,اصل بودن کالا
ریمل حجم دهنده و بلند کننده دوپلیکاتور,https://www.khanoumi.com/products/schon-lash-duplicator-volume-and-length-mascara-22963,"اصلا ب مژه حجم نمیده و فقط بلند میکنه و رنگش زیاد مشکی نیست ی نظرم ارزش خرید آنچنانی نداره
تنها مزیتش گیاهی بودنش هست ",0,true,2024-08-12T15:20:34+00:00,خنثی,0.35,محصول | اصل بودن کالا | قیمت,محصول
ریمل حجم دهنده و بلند کننده دوپلیکاتور,https://www.khanoumi.com/products/schon-lash-duplicator-volume-and-length-mascara-22963,"اگر مژه های پری دارید و میخواید بلند بشه این ریمل عالیه 
اما اگه حجم دهنده میخواید هیچ حجمی نمیده فقط مژه هاتون رو بلند میکنه 
در کل محصولای شون چون بر پایه گیاهین خوبن فقط یذره گرونن",0,true,2024-08-08T01:21:38+00:00,مثبت,0.91,محصول | قیمت,محصول
ریمل حجم دهنده و بلند کننده دوپلیکاتور,https://www.khanoumi.com/products/schon-lash-duplicator-volume-and-length-mascara-22963,"میشه لطفا موجودش کنید؟ 
بی نظیره این ریمل",0,true,2024-06-17T13:08:31+00:00,خنثی,0.35,محصول,محصول
ریمل حجم دهنده و بلند کننده دوپلیکاتور,https://www.khanoumi.com/products/schon-lash-duplicator-volume-and-length-mascara-22963,"ریمل بلندکننده خوبیه اما حجم نمیده ومایع داخلش کمه و حالت خشکی داره 
موقع شستن هم خیلی باید از شوینده استفاده کرد تا سیاهی برطرف بشه",0,false,2024-06-14T11:40:54+00:00,مثبت,0.67,محصول,محصول
ریمل حجم دهنده و بلند کننده دوپلیکاتور,https://www.khanoumi.com/products/schon-lash-duplicator-volume-and-length-mascara-22963,لطفا تخفیفشو بیشتر کنین,0,false,2024-05-13T17:43:07+00:00,خنثی,0.35,قیمت,قیمت
ریمل حجم دهنده و بلند کننده دوپلیکاتور,https://www.khanoumi.com/products/schon-lash-duplicator-volume-and-length-mascara-22963,کاش یه تخفیف زیاد بذارید براش,0,false,2024-05-12T00:50:26+00:00,خنثی,0.35,قیمت,قیمت
ریمل حجم دهنده و بلند کننده دوپلیکاتور,https://www.khanoumi.com/products/schon-lash-duplicator-volume-and-length-mascara-22963,کاش یه تخفیف خوب میزاشتین براش من خریدمو تکمیل میکردم,0,true,2024-05-09T10:36:48+00:00,مثبت,0.67,محصول | قیمت,محصول
ریمل حجم دهنده و بلند کننده دوپلیکاتور,https://www.khanoumi.com/products/schon-lash-duplicator-volume-and-length-mascara-22963,عالی، تازه فهمیدم مژه هام چقدر بلند هست!,0,true,2024-04-12T17:24:05+00:00,مثبت,0.67,سایر,سایر
ریمل حجم دهنده و بلند کننده دوپلیکاتور,https://www.khanoumi.com/products/schon-lash-duplicator-volume-and-length-mascara-22963,"ریمل واقعا خوبیه و روی جعبه ی محصول زده بود که گیاهی هستش و داخل آن از روغن بادام استفاده شده که خب این یه پوینت مثبت به نظر من حساب میشه
ماندگاری بالایی داره
پخش و ریزش نداره
تنها ایرادی که داره اینه که موقع شستشو یکم اذیت میکنه و خیلی سیاهی پس میده و حسابی باید با فوم و این چیزا صورت رو بشورید ولی روی هم رفته ریمل خیلی خوبیه",0,true,2024-04-03T02:14:56+00:00,مثبت,0.91,محصول,محصول
ریمل حجم دهنده و بلند کننده دوپلیکاتور,https://www.khanoumi.com/products/schon-lash-duplicator-volume-and-length-mascara-22963,بیشتر تخفیف بزاریننن تخفیف بزارین 50 درصد ,0,false,2024-04-02T03:53:44+00:00,خنثی,0.35,قیمت,قیمت
ریمل حجم دهنده و بلند کننده دوپلیکاتور,https://www.khanoumi.com/products/schon-lash-duplicator-volume-and-length-mascara-22963,"حجم نسبتا خوبی ب مژه میده کاملا تیره میکنه و خیلی بهم نمیچسبونه
با ژل شستوشو راحت پاک میشه
من که خیلی راضیم 
لطفا تخفیف بالای 50 درصدی بذارین ک بتونیم بخریم",0,true,2024-03-26T15:48:08+00:00,مثبت,0.91,محصول | قیمت,محصول
ریمل حجم دهنده و بلند کننده دوپلیکاتور,https://www.khanoumi.com/products/schon-lash-duplicator-volume-and-length-mascara-22963,"والا من این محصولو از خانومی هم خریدم خیلی خوبه 
چرا گفتین پاک نمیشه زیر چشمتون.واسه من ک عالیه. خیلی مشکی میکنه مژه رو و حجم عالی میده.اما بلند کننده نیست خیلی",0,false,2024-03-07T00:46:23+00:00,مثبت,0.95,محصول,محصول
ریمل حجم دهنده و بلند کننده دوپلیکاتور,https://www.khanoumi.com/products/schon-lash-duplicator-volume-and-length-mascara-22963,میشه تخفیف بذارین براششش,0,false,2024-02-23T23:36:09+00:00,خنثی,0.35,قیمت,قیمت
ریمل حجم دهنده و بلند کننده دوپلیکاتور,https://www.khanoumi.com/products/schon-lash-duplicator-volume-and-length-mascara-22963,چندین مرتبه استفاده کردم خیلی عالیه,0,false,2024-02-23T19:06:10+00:00,مثبت,0.79,سایر,سایر
ریمل حجم دهنده و بلند کننده دوپلیکاتور,https://www.khanoumi.com/products/schon-lash-duplicator-volume-and-length-mascara-22963,خوبه راضی بودم,0,true,2023-12-30T19:12:33+00:00,مثبت,0.91,محصول,محصول
ریمل حجم دهنده و بلند کننده دوپلیکاتور,https://www.khanoumi.com/products/schon-lash-duplicator-volume-and-length-mascara-22963,وقتی میشوری صورتتو زیر چشم ها رو سیاه میکنه، اونم طوری که برای پاک شدن به هیچ صراطی مستقیم نیست و اونقد باید باهاش ور بری یا شوینده بزنی که دیگه چشم و دور چشمی برات نمی مونه,0,true,2023-12-30T01:18:25+00:00,خنثی,0.35,محصول,محصول
ریمل حجم دهنده و بلند کننده دوپلیکاتور,https://www.khanoumi.com/products/schon-lash-duplicator-volume-and-length-mascara-22963,ریمل خوبیه و خرده مژه داره و بلند و مشکی میکنه و براشش هم خیلی ظریع و خوبه اما حجم کمی میده و ریزش نداره اما زمان شستشو زیر چشم شیاه میشه و به سادگی پاک نمیشه و باید به سختی پاک کرد,0,true,2023-12-28T00:19:52+00:00,مثبت,0.91,محصول,محصول
ریمل حجم دهنده و بلند کننده دوپلیکاتور,https://www.khanoumi.com/products/schon-lash-duplicator-volume-and-length-mascara-22963,برای کسایی که دنبال ریمل خیلی مشکی هستن اصلا پیشنهاد نمی کنم و مایع داخلش برا من که خیلی کم بود و زود تموم شد ... در کل اصلا راضی نبودم ,0,false,2023-11-26T10:05:10+00:00,منفی,0.79,محصول | اصل بودن کالا,اصل بودن کالا
ریمل حجم دهنده و بلند کننده دوپلیکاتور,https://www.khanoumi.com/products/schon-lash-duplicator-volume-and-length-mascara-22963,تروخدا تخفیفشم بزارید,0,true,2023-11-20T18:52:02+00:00,خنثی,0.35,قیمت,قیمت
ریمل حجم دهنده و بلند کننده دوپلیکاتور,https://www.khanoumi.com/products/schon-lash-duplicator-volume-and-length-mascara-22963,عالی,1,true,2023-06-06T10:08:15+00:00,مثبت,0.67,سایر,سایر
ریمل حجم دهنده و بلند کننده دوپلیکاتور,https://www.khanoumi.com/products/schon-lash-duplicator-volume-and-length-mascara-22963,دیروز به دستم رسید خیلی راضی هستم زیر چشمم نمیریزه خوب بلند میکنه کمی هم حجم میده و مژه هامو سیاه میکنه و خیلی خوشکل میکنه براشش ظرافت خاصی داره واسه همین خیلی ظریف میشخ ریمل کشید ,2,true,2023-06-03T13:02:43+00:00,خنثی,0.35,محصول | تحویل و ارسال,محصول
ریمل حجم دهنده و بلند کننده دوپلیکاتور,https://www.khanoumi.com/products/schon-lash-duplicator-volume-and-length-mascara-22963, زیر چشم نمیریزه، برای آرایش سبک روزانه خوبه، این دومین باره که میخرم. در کل ریمل خوبیه ارزش خریدن داره,5,true,2022-08-23T00:42:56+00:00,مثبت,0.95,قیمت,قیمت
ریمل حجم دهنده و بلند کننده دوپلیکاتور,https://www.khanoumi.com/products/schon-lash-duplicator-volume-and-length-mascara-22963,"برای استفاده روزانه مناسب هست من بیشتر بخاطر اینکه گیاهی بود خریدم
مژه ها رو خیلی مشکی و بلند می‌کنه ولی اصلأ حجم دهنده نیست
ریزش هم نداره حتی اگر باهاش بخوابید هم پای چشم رو سیاه نمیکنه",9,false,2022-06-11T17:24:34+00:00,مثبت,0.67,محصول | اصل بودن کالا,محصول
ریمل حجم دهنده و بلند کننده دوپلیکاتور,https://www.khanoumi.com/products/schon-lash-duplicator-volume-and-length-mascara-22963,خیلی راضی هستم از این ریمل، تا حالا 3 بار تمومش کردم دوباره خریدم,11,true,2022-02-18T10:07:34+00:00,مثبت,0.67,محصول,محصول
ریمل حجم دهنده و بلند کننده دوپلیکاتور,https://www.khanoumi.com/products/schon-lash-duplicator-volume-and-length-mascara-22963,ریمل شون، یکی از محصولات رده متوسطه که با توجه به قیمتی که داره می‌تونه انتخاب خوبی برای استفاده روزانه باشه. این ریمل نمی تونه مژه های شما رو خیلی بلند و پرپشت کنه، اما چون کیفیت خوبی داره و تولید شده از یک برند باکیفیت ایرانیه، استفاده از اون به مژه‌هاتون آسیبی نمی‌رسونه. با توجه به فزایش قیمت محصولات آرایشی پیشنهاد می‌کنم از این محصول باکیفیت در کنار یک ریمل بلند کننده، برای استفاده روزانه خود مصرف کنید.,11,false,2022-01-26T15:41:55+00:00,مثبت,0.95,محصول | قیمت,محصول
‫رژ لب مایع امیزینگ شاین,https://www.khanoumi.com/products/schon-amazing-shiny-lip-gloss-22964,رنگ ارغوانی گرفتم واقعا جذابه,0,true,2026-07-24T19:57:06.2432715+03:30,خنثی,0.35,محصول,محصول
‫رژ لب مایع امیزینگ شاین,https://www.khanoumi.com/products/schon-amazing-shiny-lip-gloss-22964,واقعا محصول مزخرفی هست،  بسیار چسبناک وبی کیفیت، ب معنای واقعی دور ریختن پول هست اینو خریدن,0,false,2026-05-26T07:26:15.0085799+03:30,منفی,0.67,محصول,محصول
‫رژ لب مایع امیزینگ شاین,https://www.khanoumi.com/products/schon-amazing-shiny-lip-gloss-22964,افتضاح افتضاااااح یعنی هرچی بگم افتضاح کم گفتم حیف پولی که دادم،اصلا روی لب پخش نمیشه بشدت چسبناک و غیر قابل پخشه،شبیه رژهای مونده میمونه,0,true,2026-05-23T10:11:19.8456256+03:30,ترکیبی,0.79,محصول | اصل بودن کالا,محصول
‫رژ لب مایع امیزینگ شاین,https://www.khanoumi.com/products/schon-amazing-shiny-lip-gloss-22964,من رنگ ارغوانی رو خریده بودم ،پیگمنت و حجمش خیلی خوبه ، ماندگاری معمولیی داره ، بوی خوبی میده و رنگش روی لب من به زرشکی نزدیکتر میشه,0,true,2026-05-13T09:35:38.0144891+03:30,مثبت,0.95,محصول,محصول
‫رژ لب مایع امیزینگ شاین,https://www.khanoumi.com/products/schon-amazing-shiny-lip-gloss-22964,11 فوق العاده خوشگل و نود,0,true,2026-04-29T10:02:18.0542782+03:30,مثبت,0.67,سایر,سایر
‫رژ لب مایع امیزینگ شاین,https://www.khanoumi.com/products/schon-amazing-shiny-lip-gloss-22964,"خوبه
اما رنگش واسه پوستتی گرم خوبه
نه پوستای سرد",0,true,2026-04-19T15:34:22.4720493+03:30,مثبت,0.95,محصول,محصول
‫رژ لب مایع امیزینگ شاین,https://www.khanoumi.com/products/schon-amazing-shiny-lip-gloss-22964,من دفعه سومه اس 11رومیخرم خیلی رنگ شیک وقشنگی داره بایه خط لب قهوای عالی میشه روی لب,0,true,2026-04-18T02:36:11.8623461+03:30,مثبت,0.67,محصول,محصول
‫رژ لب مایع امیزینگ شاین,https://www.khanoumi.com/products/schon-amazing-shiny-lip-gloss-22964,رنگ 11 رو خریدم که رنگ نود خیلی خوشگلی داره فقط یکم حس چسبناکی داره که به قشنگیش می ارزه و دوسش دارمم,0,false,2026-04-14T00:29:58.4164602+03:30,خنثی,0.35,محصول,محصول
‫رژ لب مایع امیزینگ شاین,https://www.khanoumi.com/products/schon-amazing-shiny-lip-gloss-22964,"عالیه 
همشوننننن",0,false,2026-03-16T21:42:19.260377+03:30,مثبت,0.79,سایر,سایر
‫رژ لب مایع امیزینگ شاین,https://www.khanoumi.com/products/schon-amazing-shiny-lip-gloss-22964,من. رنگ ارغوانی رو تهیه کزدم و واقعا بو حجم مواد رنگش پیگمنتش همه اش عالیه فقط قبلش لب هاتون باید قشنگ مرطوب شده باشن که راحت پخش بشه وگرنه اپلای کردنش سخته,0,false,2025-09-15T22:04:03.8102288+03:30,مثبت,0.79,محصول,محصول
‫رژ لب مایع امیزینگ شاین,https://www.khanoumi.com/products/schon-amazing-shiny-lip-gloss-22964,این رژ خیلی براق و سبک و خوشرنگه ماندگاری خوبی ام داره لطفا اس 32 شارژ کنید,0,false,2025-01-05T14:25:15.2708211+00:00,مثبت,0.67,محصول,محصول
‫رژ لب مایع امیزینگ شاین,https://www.khanoumi.com/products/schon-amazing-shiny-lip-gloss-22964,تخفیف بزارید دیگ,0,false,2024-10-24T12:57:12.7731957+00:00,خنثی,0.35,قیمت,قیمت
‫رژ لب مایع امیزینگ شاین,https://www.khanoumi.com/products/schon-amazing-shiny-lip-gloss-22964,لطفا تخفیف زیاد بزارید روش خریدمو نهایی کنم,0,false,2024-10-24T08:05:30.4390624+00:00,خنثی,0.35,محصول | قیمت,محصول
‫رژ لب مایع امیزینگ شاین,https://www.khanoumi.com/products/schon-amazing-shiny-lip-gloss-22964,من بی رنگشو داشتم راضی بودم ولی زود کپک زد مجبور شدم بندازم دور,0,false,2024-07-31T14:00:44+00:00,مثبت,0.67,محصول,محصول
‫رژ لب مایع امیزینگ شاین,https://www.khanoumi.com/products/schon-amazing-shiny-lip-gloss-22964,بوی خیلی خوب شکلات میده، از لحاظ براق بودن هم متوسطه و یه کوچولو احساس سنگینی داره,0,true,2023-11-04T15:44:43+00:00,مثبت,0.79,محصول,محصول
‫رژ لب مایع امیزینگ شاین,https://www.khanoumi.com/products/schon-amazing-shiny-lip-gloss-22964,از نظر کیفیت خیلی عالیه ماندگاری خوبی هم داره و اصلا چسبناک نیست. رنگبندی فوق العاده خوب و کاربردی هم داره. ,1,false,2022-10-18T16:05:00+00:00,مثبت,0.95,محصول | اصل بودن کالا,محصول
‫رژ لب مایع امیزینگ شاین,https://www.khanoumi.com/products/schon-amazing-shiny-lip-gloss-22964,شاین ملایمی داره و لب رو نرم میکنه.واسه استفاده روزانه مناسبه.شماره S31,53,true,2019-11-01T15:41:35+00:00,خنثی,0.35,محصول,محصول
‫رژ لب مایع مات ولوت,https://www.khanoumi.com/products/schon-velvet-matt-lip-gloss-22965,رنگ ام21 گرفتم عالیه .جدا از رنگ بافتش روی لب کاملا ملت .مخملی .سبک .و با خوردن و نوشیدن هم دون دون و پاک تمیشه قیمت خانومی نسبت به جاهای دیگه بهتر بود,0,true,2026-03-31T17:01:27.522322+03:30,مثبت,0.79,محصول | قیمت,محصول
‫رژ لب مایع مات ولوت,https://www.khanoumi.com/products/schon-velvet-matt-lip-gloss-22965,خیلی با کیفیته ماندگاریشم خوبه من شماره 11 سفارش دادم رنگش آجری خیلی قشنگه,0,false,2026-03-17T21:47:08.4721159+03:30,مثبت,0.79,محصول,محصول
‫رژ لب مایع مات ولوت,https://www.khanoumi.com/products/schon-velvet-matt-lip-gloss-22965,رنگها اونی نیست که در تصویر میبینیم،من رنگ 22 رو سفارش دارم اما به جای صورتی  سرخابیه,0,true,2026-03-17T12:11:38.3080679+03:30,خنثی,0.35,محصول,محصول
‫رژ لب مایع مات ولوت,https://www.khanoumi.com/products/schon-velvet-matt-lip-gloss-22965,ام 21 رو خریدم رنگ بین صورتی و نارنجی داره و قشنگه درکل اما اگه بعداز استفاده رنگش جایی باقی نمیموند بهتر بود,0,true,2025-12-07T00:06:05.5085484+03:30,خنثی,0.35,محصول,محصول
‫رژ لب مایع مات ولوت,https://www.khanoumi.com/products/schon-velvet-matt-lip-gloss-22965,من رنگ 21 رو خریدم ماندگاریش عالیه لب رو خشک نمیکنه و بعد از خشک شدن اگه دستتونو محکم روز لبتون نکشید پاک نمیشه این رنگ خیلی طبیعیه و به همه تقریبا میاد یه رنگ نوده که تقریبا همرنگ لبه من خیلی راضیم,0,false,2025-09-26T12:04:02.5600255+03:30,مثبت,0.95,محصول,محصول
‫رژ لب مایع مات ولوت,https://www.khanoumi.com/products/schon-velvet-matt-lip-gloss-22965,بافت مخملی داره مثل رژلب های مایع کره این من خیلی دوسش دارم,0,false,2025-09-26T12:00:37.7930672+03:30,خنثی,0.35,محصول,محصول
‫رژ لب مایع مات ولوت,https://www.khanoumi.com/products/schon-velvet-matt-lip-gloss-22965,نوشته مات بعد میان میگن راضی نیستم براق نبود خب چشاتو وا کن بخونش,0,false,2025-01-29T09:06:05.697996+00:00,منفی,0.67,محصول,محصول
‫رژ لب مایع مات ولوت,https://www.khanoumi.com/products/schon-velvet-matt-lip-gloss-22965,خیلی بد رنگ بود,0,true,2024-12-27T20:24:09.4581188+00:00,منفی,0.67,محصول,محصول
‫رژ لب مایع مات ولوت,https://www.khanoumi.com/products/schon-velvet-matt-lip-gloss-22965,عالیه,0,true,2024-12-27T11:38:59.8703831+00:00,مثبت,0.79,سایر,سایر
‫رژ لب مایع مات ولوت,https://www.khanoumi.com/products/schon-velvet-matt-lip-gloss-22965,منم رنگ ام 21 رو خریدم و باتوچه به نظرات این مدل رژ رو خرید کردم.اصلا راضی نبودم ماندگاری نداره شاین و براقی نداره یه ماتی هست که لب رو خشک نمیکنه ولی میماسه رولب.,0,true,2024-12-22T07:53:43.5676104+00:00,منفی,0.79,محصول | اصل بودن کالا,اصل بودن کالا
‫رژ لب مایع مات ولوت,https://www.khanoumi.com/products/schon-velvet-matt-lip-gloss-22965,"ماندگاری بالایی داره 
به راحتی پاک نمیشه 
بادمجانیش مثل خود عکسه 
من تو تخفیف خریدم و راضی بودم 
مرسی خانومی",0,true,2024-08-03T14:05:03+00:00,مثبت,0.79,محصول | قیمت,محصول
‫رژ لب مایع مات ولوت,https://www.khanoumi.com/products/schon-velvet-matt-lip-gloss-22965,کاش خانمی تخفیف خوبی بزاره تا بتونم بخرمش خیلی عاااالیه,0,false,2024-06-18T02:01:59+00:00,منفی,0.67,قیمت,قیمت
‫رژ لب مایع مات ولوت,https://www.khanoumi.com/products/schon-velvet-matt-lip-gloss-22965,"من از خانومی نگرفتم ولی خیلی خوبه
فوق العادس هم رنگش هم بافتش
خیلی خوشرنگو و براق و ی حالت شاین داره
راحت رو لب حرکت میکنه
بوس فوق العادس
باعث نرمی لب میشه و اصلا حساسیت زا نیستو لبو خشک نمیکنه",0,false,2024-05-22T02:17:02+00:00,مثبت,0.95,محصول | اصل بودن کالا,محصول
‫رژ لب مایع مات ولوت,https://www.khanoumi.com/products/schon-velvet-matt-lip-gloss-22965,"وای این فوق العاس رنگای جذابی داره و براقه و خیلی نرم و لطیفه و لبو خشک نمیکنه 
من از خانومی نگرفتم ولی خیلی راضیم",0,false,2024-05-22T02:08:13+00:00,مثبت,0.79,محصول,محصول
‫رژ لب مایع مات ولوت,https://www.khanoumi.com/products/schon-velvet-matt-lip-gloss-22965,"وای این فوق العاس رنگای جذابی داره و براقه و خیلی نرم و لطیفه و لبو خشک نمیکنه 
من از خانومی نگرفتم ولی خیلی راضیم",0,false,2024-05-22T02:07:16+00:00,مثبت,0.79,محصول,محصول
‫رژ لب مایع مات ولوت,https://www.khanoumi.com/products/schon-velvet-matt-lip-gloss-22965,اصلا خشک نمیکنه رنگشم ملایم عالیه,0,true,2024-03-03T11:41:00+00:00,مثبت,0.67,محصول | اصل بودن کالا,محصول
‫رژ لب مایع مات ولوت,https://www.khanoumi.com/products/schon-velvet-matt-lip-gloss-22965,لطفا تخفیف ویژه برای این محصول قرار بدین با سپاس ,0,false,2024-02-10T01:22:43+00:00,ترکیبی,0.66,محصول | قیمت,محصول
‫رژ لب مایع مات ولوت,https://www.khanoumi.com/products/schon-velvet-matt-lip-gloss-22965,خیلی پرفکت وخوشگله بافت خوبیم داره لطفاااا بیشتر تخفیف بزارید,0,true,2024-01-11T09:41:39+00:00,مثبت,0.67,محصول | قیمت,محصول
‫رژ لب مایع مات ولوت,https://www.khanoumi.com/products/schon-velvet-matt-lip-gloss-22965,"به راحتی کشیده میشه،خیلی سبک و من کالباسی خریدم،دخترونه س،به پوست سفیدم میاد،
کالباسی خیلی قشنگه ",0,true,2024-01-04T21:32:17+00:00,خنثی,0.35,محصول,محصول
‫رژ لب مایع مات ولوت,https://www.khanoumi.com/products/schon-velvet-matt-lip-gloss-22965,من ام 21 رو گرفتم و راضی ام. خیلی سبکه و لب رو خشک نمیکنه. چسبنده نیست و ماندگاری خوبی داره. فقط حجمش کمه و کاملا پر نیست,0,true,2023-12-08T12:03:47+00:00,مثبت,0.91,محصول,محصول
‫رژ لب مایع مات ولوت,https://www.khanoumi.com/products/schon-velvet-matt-lip-gloss-22965,خیلی پررنگتر از چیزی بود که فکر میکردم ولی سبکه و بافت خوبی داره,0,true,2023-11-10T11:16:29+00:00,مثبت,0.67,محصول,محصول
‫رژ لب مایع مات ولوت,https://www.khanoumi.com/products/schon-velvet-matt-lip-gloss-22965,رژ لب خوبیه اصلا لب رو سنگین نمیکنه و ماندگاری بالایی هم داره. همچنین این رژلب مغذی هم هست و خشکی لب جلوگیری میکنه.,2,false,2022-11-15T19:33:04.5666667+00:00,مثبت,0.79,محصول | اصل بودن کالا,محصول
‫رژ لب مایع مات ولوت,https://www.khanoumi.com/products/schon-velvet-matt-lip-gloss-22965,این رزا خیلی رنگای جذابی داره،من رنگ بادمجونیش رو گرفتم و فوق العادست، چسبناک نیست،رو لب نمیماسه،لب رو خشک نمیکنه,2,true,2022-02-28T03:19:57+00:00,خنثی,0.35,محصول,محصول
‫رژ لب مایع مات ولوت,https://www.khanoumi.com/products/schon-velvet-matt-lip-gloss-22965,ماندگاری عالی. اصلا رو لب سنگین نیست,2,false,2022-02-27T04:49:08+00:00,مثبت,0.79,محصول | اصل بودن کالا,محصول
‫رژ لب مایع مات ولوت,https://www.khanoumi.com/products/schon-velvet-matt-lip-gloss-22965,"واقعا خیلی رژ خوبیه،هم رنگش هم کیفیتش ،کلا عالی😍
شون واقعا همه چیزش خوبه،از مرطوب کننده و شامپو بدن و رژ گونه و مام رولی گرفته تا همین رژ قشنگش 😍",9,true,2021-06-23T12:41:22+00:00,ترکیبی,0.92,محصول,محصول
‫رژ لب مایع مات ولوت,https://www.khanoumi.com/products/schon-velvet-matt-lip-gloss-22965,"M51 را خریدم خیلی خوشرنگه، بسیار سبک، ماندگاری خوبی داره، تنها ایرادش اپلیکاتورش هست
",5,false,2020-10-31T14:38:33+00:00,مثبت,0.67,محصول,محصول
‫رژ لب مایع مات ولوت,https://www.khanoumi.com/products/schon-velvet-matt-lip-gloss-22965,من رنگ m51رو دارم واقعا خیلی خوشرنگه. ماندگاری فوق العاده ای داره.,16,false,2020-02-02T23:36:09+00:00,مثبت,0.67,محصول,محصول
‫رژ لب مایع مات ولوت,https://www.khanoumi.com/products/schon-velvet-matt-lip-gloss-22965,عالیهههه هم سبکه هم رنگش خیلی جذابه,11,true,2019-10-21T16:38:11+00:00,مثبت,0.79,محصول,محصول
‫رژ لب مایع مات ولوت,https://www.khanoumi.com/products/schon-velvet-matt-lip-gloss-22965,رنگ 22 صرتی تیره است. رو به سرخابی. اصلا صورتی که تصویر هست نیست. ,12,true,2019-07-21T11:48:40.5033333+00:00,مثبت,0.67,محصول | اصل بودن کالا,محصول
‫رژ لب جامد آکوا چارمینگ,https://www.khanoumi.com/products/schon-charming-aqua-lipstick-22966,عالی,0,true,2026-06-30T14:00:18.202127+03:30,مثبت,0.67,سایر,سایر
‫رژ لب جامد آکوا چارمینگ,https://www.khanoumi.com/products/schon-charming-aqua-lipstick-22966,خوبه شاین داره ولی با گذر زمان رنگش عوض میشه مال من گوشتی بود بعد 3، 4 ساعت به قرمزی میزد,0,true,2026-06-15T13:04:39.9910326+03:30,مثبت,0.79,محصول,محصول
‫رژ لب جامد آکوا چارمینگ,https://www.khanoumi.com/products/schon-charming-aqua-lipstick-22966,من رنگ آ سی و دو گرفتم یه قهوه ای خیلی ملایم و نود هست و چربه من خوشم اومد,0,true,2026-04-21T00:02:36.2034063+03:30,خنثی,0.35,محصول,محصول
‫رژ لب جامد آکوا چارمینگ,https://www.khanoumi.com/products/schon-charming-aqua-lipstick-22966,اگه پوست سفیدی دارید ،رنگ آ41رو بخرید که تناژ نارنجی داره و قشنگه از اولم رژهای شون قشنگ بودند.,0,false,2026-04-12T19:27:54.5742676+03:30,خنثی,0.35,محصول,محصول
‫رژ لب جامد آکوا چارمینگ,https://www.khanoumi.com/products/schon-charming-aqua-lipstick-22966,رنگ 32رو دارم . من عاشق رژلبهای نود هستم . اما مشکل خیلیاشون اینه که بدون خط لب یا آرایش چششم سنگین ، چهره رو بی روح نشون می دن و رنگ پوست رو زشت میکنن .اما رنگ 32 اصلا این حالت رو نداشت و بافت نرم و جلوه درخشان خیلی قشنگی هم داشت . میتونید بدون خط لب یا هیچ نوع آرایش دیگه ای استفاده کمید و برای خودش یه آرایش کامله . برای دانشگاه و سرکارم بسیار مناسبه و در طولانی مدت لبو خشک نمی کنه . به نظرم به همه رنگ پوستی هم میاد .,0,false,2026-04-10T12:33:18.1258878+03:30,ترکیبی,0.79,محصول | اصل بودن کالا,محصول
‫رژ لب جامد آکوا چارمینگ,https://www.khanoumi.com/products/schon-charming-aqua-lipstick-22966,خیلییی چربع و این حس خوشایندی نمیده ،رنگش خوبه و شاین کمی هم داره,0,true,2026-04-08T13:57:22.9904613+03:30,منفی,0.79,محصول,محصول
‫رژ لب جامد آکوا چارمینگ,https://www.khanoumi.com/products/schon-charming-aqua-lipstick-22966,فوق العاده خوش رنگ و چرب هستش,0,true,2026-04-02T23:15:41.1237135+03:30,مثبت,0.67,محصول,محصول
‫رژ لب جامد آکوا چارمینگ,https://www.khanoumi.com/products/schon-charming-aqua-lipstick-22966,آ سی و یک خریدم رنگش تیره تره نسبت به عکس ولی بازم کیفیتش بنظرم عالیه و چربیش یکی از مزایاشه، رنگ آ سی و دو رو کسی خربده؟ممکنه بگین رنگش چجوریه؟,0,true,2026-03-26T00:32:34.210476+03:30,ترکیبی,0.87,محصول,محصول
‫رژ لب جامد آکوا چارمینگ,https://www.khanoumi.com/products/schon-charming-aqua-lipstick-22966,یه بوی بیسکوییت میده من خوشم اومد,0,true,2026-03-19T14:55:06.1991212+03:30,خنثی,0.35,محصول,محصول
‫رژ لب جامد آکوا چارمینگ,https://www.khanoumi.com/products/schon-charming-aqua-lipstick-22966,رنگ31سفارش دادم یه صورتی یواش و قشنگه دوسش داشتم,0,false,2026-03-17T20:57:41.5941879+03:30,خنثی,0.35,محصول,محصول
‫رژ لب جامد آکوا چارمینگ,https://www.khanoumi.com/products/schon-charming-aqua-lipstick-22966,رنگ صورتی گرفتم .واقعا هم صورتی بود خوشبو و بسیار نرم و لطیف هست,0,true,2026-01-23T08:44:09.2226646+03:30,خنثی,0.35,محصول,محصول
‫رژ لب جامد آکوا چارمینگ,https://www.khanoumi.com/products/schon-charming-aqua-lipstick-22966,کیغیتش خوبه ولی چون خیلی چربه خیلی سریع از روی لب ها پاک میشه و اگر جیزی بخورید بیشترش میره,0,true,2026-01-02T00:59:58.6495712+03:30,مثبت,0.79,سایر,سایر
‫رژ لب جامد آکوا چارمینگ,https://www.khanoumi.com/products/schon-charming-aqua-lipstick-22966,رنگ آ22 خریدم با عکسش متفاوته رنگشو دوست نداشتم صورتی خیلی روشن بود,0,true,2025-12-25T22:16:20.0190276+03:30,خنثی,0.35,محصول,محصول
‫رژ لب جامد آکوا چارمینگ,https://www.khanoumi.com/products/schon-charming-aqua-lipstick-22966,من آ12 رو گرفتم خیلی خوش رنگه، نه خیلی تیره اس نه خیلی روشن، موندگاریش هم خوبه، چربیش هم کمه برای لب های خشک مناسبه، راضی بودم  ازش,0,true,2025-12-17T19:12:10.6203809+03:30,مثبت,0.91,محصول,محصول
‫رژ لب جامد آکوا چارمینگ,https://www.khanoumi.com/products/schon-charming-aqua-lipstick-22966,عکسش با خودش متفاوته .انتظار رنگ گوشتی داشتم ولی بیشتر  خیلی کمرنگه .دوامش خوبه .لب و خشک یا پوسته و سفیدک نمیکنه .آ 42,0,true,2025-11-17T13:38:33.1939209+03:30,مثبت,0.79,محصول,محصول
‫رژ لب جامد آکوا چارمینگ,https://www.khanoumi.com/products/schon-charming-aqua-lipstick-22966,چرا شارژ نمیکنید.خیلی وقته میام میبینم موجود نیستند,0,true,2025-02-23T17:33:54.8389657+00:00,خنثی,0.35,محصول,محصول
‫رژ لب جامد آکوا چارمینگ,https://www.khanoumi.com/products/schon-charming-aqua-lipstick-22966,سلام لطفا همه رنگها را موجود نمایید.,0,true,2025-02-06T09:23:13.075928+00:00,خنثی,0.35,محصول,محصول
‫رژ لب جامد آکوا چارمینگ,https://www.khanoumi.com/products/schon-charming-aqua-lipstick-22966,رنگش مطابق با عکس بود،چرب و خوش رنگ,0,true,2025-02-04T13:12:39.4017932+00:00,خنثی,0.35,محصول,محصول
‫رژ لب جامد آکوا چارمینگ,https://www.khanoumi.com/products/schon-charming-aqua-lipstick-22966,بد نیست واقعا معمولی,0,false,2025-01-29T21:37:47.7793218+00:00,مثبت,0.67,محصول,محصول
‫رژ لب جامد آکوا چارمینگ,https://www.khanoumi.com/products/schon-charming-aqua-lipstick-22966,من این محصول رو گرفتم واقعا عالی هست با کیفیت هست مرسی از ازت خانومی بافت نرم و نسبتا چربی داره ک برای لب های خشک بهترین گزینه هست,0,true,2024-12-12T08:57:00.401683+00:00,مثبت,0.91,محصول,محصول
‫رژ لب جامد آکوا چارمینگ,https://www.khanoumi.com/products/schon-charming-aqua-lipstick-22966,واقعا عالیه، من رضایت کامل داشتم ، رنگ های دیگه خواستم سفارش بدم که موجودی نداشت، اگر رژ چرب دوست دارین، توصیه می کنم,0,true,2024-11-28T15:35:30.6587463+00:00,مثبت,0.79,محصول,محصول
‫رژ لب جامد آکوا چارمینگ,https://www.khanoumi.com/products/schon-charming-aqua-lipstick-22966,راضی بودم. بسیار خوش رنگ,0,true,2024-10-15T22:35:31.8293047+00:00,مثبت,0.67,محصول,محصول
‫رژ لب جامد آکوا چارمینگ,https://www.khanoumi.com/products/schon-charming-aqua-lipstick-22966,آ12 گرفتم چربه اما خوش رنگه,0,true,2024-10-14T20:16:45.1553286+00:00,خنثی,0.35,محصول,محصول
‫رژ لب جامد آکوا چارمینگ,https://www.khanoumi.com/products/schon-charming-aqua-lipstick-22966,بسیار خوش رنگ نرم کمی براق شمار آ 12,0,true,2024-10-10T14:45:52.0712037+00:00,خنثی,0.35,محصول,محصول
‫رژ لب جامد آکوا چارمینگ,https://www.khanoumi.com/products/schon-charming-aqua-lipstick-22966,شماره 43آ مود رنگ کالباسی داره و خوشرنگه,0,false,2024-10-05T08:53:18.0372771+00:00,خنثی,0.35,محصول,محصول
‫رژ لب جامد آکوا چارمینگ,https://www.khanoumi.com/products/schon-charming-aqua-lipstick-22966,رنگهای آ31 و آ43 دارم عالی و زیبا,0,false,2024-06-11T16:25:09+00:00,مثبت,0.67,محصول,محصول
‫رژ لب جامد آکوا چارمینگ,https://www.khanoumi.com/products/schon-charming-aqua-lipstick-22966, آ21گرفتم  رنگش فوق العاده قشنگ  ,0,true,2024-01-21T16:08:03+00:00,مثبت,0.67,محصول,محصول
‫رژ لب جامد آکوا چارمینگ,https://www.khanoumi.com/products/schon-charming-aqua-lipstick-22966,رژلب شون یکی از رژلب‌های اقتصادی و مقرون به صرفه بود که تا به حال استفاده کرم. ماندگاری بسیار خوبی داشت و اصلا روی لب پخش نشد. همچنین لب‌هام نرم و لطیف شد و هیچ حساسیتی هم نداشتم. رنگبندی این محصول کامله و هر فردی با تناژ رنگ پوستی که داره می‌تونه از این رژلب استفاده کنه.,6,false,2022-06-22T11:55:50+00:00,مثبت,0.79,محصول | اصل بودن کالا,محصول
‫رژ لب جامد آکوا چارمینگ,https://www.khanoumi.com/products/schon-charming-aqua-lipstick-22966,اولین ویژگی مثبتی که در زمان استفاده رژ شون متوجه اون شدم، بافت بسیار نرم و روان اون بود. به راحتی روی لب کشیده شد و اصلا نیازی به تکرار نداشت. ماندگاری نسبتا خوبی داشت و حداقل تا 6 ساعت روی لب های من بدون پخش رنگ و یا ماسیدگی باقی موند. رنگبندی کامل این رژ همه سلیقه ها رو پوشش می‌ده و اصلا ایجاد حساسیت هم نمی‌کنه. در نتیجه اگر لب‌های خشک و یا حساسی دارید این محصول می‌تونه گزینه بسیار مناسبی جهت استفاده روزانه شما باشه.,9,false,2022-04-26T16:19:26+00:00,ترکیبی,0.87,محصول | اصل بودن کالا,محصول
‫رژ لب جامد آکوا چارمینگ,https://www.khanoumi.com/products/schon-charming-aqua-lipstick-22966,شماره ۲۲ رو دارم یه نارنجی جذاب هست و روی لب حالت براق داره ,12,true,2021-07-20T15:17:45+00:00,خنثی,0.35,سایر,سایر
‫رژ لب جامد آکوا چارمینگ,https://www.khanoumi.com/products/schon-charming-aqua-lipstick-22966,دوسشون دارم،اگه اهل رژلب هاى براق هستين حتما امتحان كنيد,7,true,2020-08-24T18:18:43+00:00,خنثی,0.35,سایر,سایر
‫رژ لب جامد آکوا چارمینگ,https://www.khanoumi.com/products/schon-charming-aqua-lipstick-22966," عالی بود عالی به جرأت میگم از گلدن رز هم بهتره مرسی خانومی
",5,true,2019-12-09T13:24:42+00:00,مثبت,0.95,محصول,محصول
‫رژ لب جامد آکوا چارمینگ,https://www.khanoumi.com/products/schon-charming-aqua-lipstick-22966,من چندین مدل محصولات شون رو خریدم نسبت به اینکه یه محصول ایرانیه و کیفیت متوسطیداره قیمتاش بالاست با همین هزینه میشه محصولات بهتری خرید ,32,false,2019-05-13T20:32:09.55+00:00,خنثی,0.35,محصول | قیمت,محصول
‫رژ لب جامد نیمه مات ولوت,https://www.khanoumi.com/products/schon-velvet-semi-matt-lipstick-22967,"من رنگ 33 سفارش دادم دنبال یه رنگی خیلی تیره بودم که خوب اینم دقیقا همون رنگی قهوه ای تیره بود و از بافت بخوام بگم بافت چربی داره و سفت و سنگین نیست علاوه بر اینکه یه برند ایرانی هستش که آدم با اطمینان به اینکه فیکس
 نیست مواد بد نیست میتونه استفاده کنه با خیال راحت و اینکه اصلا روی لب احساس سنگینی نداره امیدوارم دیدگاه مفیدی بوده باشه و انشاالله  بتونید خرید خوبی داشته باشید ممنونم از سایت خانومی تاریخ انقضا هم داشت",0,true,2026-07-21T15:28:41.7841879+03:30,مثبت,0.95,محصول | اصل بودن کالا,محصول
‫رژ لب جامد نیمه مات ولوت,https://www.khanoumi.com/products/schon-velvet-semi-matt-lipstick-22967,عالی,0,true,2026-06-30T14:00:50.3228883+03:30,مثبت,0.67,سایر,سایر
‫رژ لب جامد نیمه مات ولوت,https://www.khanoumi.com/products/schon-velvet-semi-matt-lipstick-22967,من رنگ 32 رو دارم واقعا عالی و خوشگله ماندگاریشم خوب,0,false,2026-06-24T01:59:41.806768+03:30,مثبت,0.79,محصول,محصول
‫رژ لب جامد نیمه مات ولوت,https://www.khanoumi.com/products/schon-velvet-semi-matt-lipstick-22967,"سلام من رنگ ام11 و ام32 خریدم 
ام32 یه رنگ صورتی خیلی خوشرنگه ک خیلی جیغ نیست یکمم انگار ته مایه قهوه ای داره  ام11 هم قهوه ای که مناسب بیرون و محیط کاریه
بافت خیلی چربی نداره ماته و روی لب اصلا احساس سنگینی نداره 
ماندگاریشم بد نیست خوبه",0,true,2026-04-28T12:48:44.6259545+03:30,خنثی,0.4,محصول | اصل بودن کالا,محصول
‫رژ لب جامد نیمه مات ولوت,https://www.khanoumi.com/products/schon-velvet-semi-matt-lipstick-22967,خیلی عالیه,0,true,2026-04-14T14:41:25.3842373+03:30,مثبت,0.79,سایر,سایر
‫رژ لب جامد نیمه مات ولوت,https://www.khanoumi.com/products/schon-velvet-semi-matt-lipstick-22967,رنگ ام52 عالیه و اصلا نارنجی نداره ،ولی ماندگاری زیادی نداره. در کل پوست لبمو خشک نکرده و در حد قیمتش خوبه.,0,true,2026-02-09T12:48:43.3374202+03:30,مثبت,0.95,محصول | اصل بودن کالا | قیمت,محصول
‫رژ لب جامد نیمه مات ولوت,https://www.khanoumi.com/products/schon-velvet-semi-matt-lipstick-22967,متاسفانه نمونه رنگ ها داخل سایت به درستی و واضح امکان انتخاب نمیده، من سفارش دادم ولی خیلی پررنگ تر از رنگی هست که داخل عکسها دیدم.,0,true,2024-12-29T08:31:58.2325659+00:00,منفی,0.67,محصول,محصول
‫رژ لب جامد نیمه مات ولوت,https://www.khanoumi.com/products/schon-velvet-semi-matt-lipstick-22967,رنگش قشنگه ولی لبمو پوست پوست میکنه,0,true,2024-10-29T17:02:00.6203623+00:00,خنثی,0.35,محصول,محصول
‫رژ لب جامد نیمه مات ولوت,https://www.khanoumi.com/products/schon-velvet-semi-matt-lipstick-22967,برای منم ام 32 بود و رنگش تیره تر از تصویر سایت. فهمیدم برای اینکه رنگهاشو دقیق بفهمم باید از سایت شون رنگبندی های دقیقشو ببینم. ماندگاریش بد نیست و لبمو از جهت خشکی، پوست پوست شدن و ... اذیت نمیکنه.,0,true,2024-09-13T11:18:06+00:00,مثبت,0.67,محصول,محصول
‫رژ لب جامد نیمه مات ولوت,https://www.khanoumi.com/products/schon-velvet-semi-matt-lipstick-22967,"ماندگاری کمی داره و رنگش هم خوشرنگ نبود. ام 53 سفارش دادم خیلی تیره تر از تصویر بود
خیلی هم جامده، نرم و روان نیست
در کل راضی نیستم ",0,true,2024-08-24T19:21:02+00:00,منفی,0.67,محصول,محصول
‫رژ لب جامد نیمه مات ولوت,https://www.khanoumi.com/products/schon-velvet-semi-matt-lipstick-22967,کیفیت و ماندگاری خوبی داره وبعد از چند ساعت که استفاده کردین لبوپوسته پوسته نمیکنه ,0,true,2024-07-13T16:53:47+00:00,مثبت,0.67,محصول,محصول
‫رژ لب جامد نیمه مات ولوت,https://www.khanoumi.com/products/schon-velvet-semi-matt-lipstick-22967,"سه رنگش رو دارم واقعا زیبا و باکیفیت و عالی
ام 11.... ام31... ام 32",0,false,2024-06-11T16:22:49+00:00,مثبت,0.67,محصول,محصول
‫رژ لب جامد نیمه مات ولوت,https://www.khanoumi.com/products/schon-velvet-semi-matt-lipstick-22967,رنگ ام 43 خیلی خوش رنگ هست مناسب استفاده ی روزمره هست و ماندگاری بالایی داره تست رنگشم گذاشتم,0,true,2024-03-28T17:31:53+00:00,خنثی,0.35,محصول,محصول
‫رژ لب جامد نیمه مات ولوت,https://www.khanoumi.com/products/schon-velvet-semi-matt-lipstick-22967,من رنگ ام43رو گرفتم رنگ زیبایی هست مناسب استفاده ی روزمره هست ماندگاری خوبی هم داره ,0,true,2024-03-28T17:20:58+00:00,مثبت,0.67,محصول,محصول
‫رژ لب جامد نیمه مات ولوت,https://www.khanoumi.com/products/schon-velvet-semi-matt-lipstick-22967,"خیلی عالیه 
61 واقعا رنگش خوشگله 
حتما پیشنهاد میشه ماندگاریش هم عالیه ",0,false,2024-02-23T12:31:21+00:00,مثبت,0.95,محصول,محصول
‫رژ لب جامد نیمه مات ولوت,https://www.khanoumi.com/products/schon-velvet-semi-matt-lipstick-22967,سرب داره متاسفانه. ولی رنگش قشنگه. ,0,true,2024-02-12T12:06:00+00:00,منفی,0.67,محصول,محصول
‫رژ لب جامد نیمه مات ولوت,https://www.khanoumi.com/products/schon-velvet-semi-matt-lipstick-22967,خیلی خوشرنگ و نرمه روی لب ماندگاری خوبی داره چیزی بخوریم پاک نمیشه ویژگی خوب دیگشم بدون سربه و میشه برای مصرف روزانه استفادش کرد,0,true,2024-01-06T18:39:48+00:00,منفی,0.67,محصول,محصول
‫رژ لب جامد نیمه مات ولوت,https://www.khanoumi.com/products/schon-velvet-semi-matt-lipstick-22967,فقط دو رنگ دارید.,0,false,2023-04-24T11:33:29+00:00,خنثی,0.35,محصول,محصول
‫رژ لب جامد نیمه مات ولوت,https://www.khanoumi.com/products/schon-velvet-semi-matt-lipstick-22967,لطفا رنگهاشو شارژ کنین,5,false,2023-01-30T20:46:16+00:00,خنثی,0.35,محصول,محصول
‫رژ لب جامد نیمه مات ولوت,https://www.khanoumi.com/products/schon-velvet-semi-matt-lipstick-22967,اولین ویژگی مثبتی که این محصول داره بافت بسیار نرم و روان اونه که خیلی سریع روی لب کشیده میشه. اصلا اطراف لب پخش نمیشه و تا آخر روز ثابت می مونه. برای مصرف روزانه بهترین گزینه است. قیمت خوبی هم داره. پیشنهاد می کنم حتما استفاده کنید.,8,false,2022-12-13T09:18:41+00:00,مثبت,0.95,محصول | اصل بودن کالا | قیمت,محصول
‫رژ لب جامد نیمه مات ولوت,https://www.khanoumi.com/products/schon-velvet-semi-matt-lipstick-22967,این رژ لب بافت خلی نرمی داره و روی لب خیلی سبکه. اصلا حس چربی و سنگینی ایجاد نمیکنه. خصوصیت خوبش اینه که فاقد سربه و ضرری برای لب نداره و باعث خشکیش نمیشه. برای استفاده روزانه عالیه و قیمت مناسبی ام داره.,4,false,2022-11-26T08:27:21+00:00,مثبت,0.95,محصول | اصل بودن کالا | قیمت,محصول
‫رژ لب جامد نیمه مات ولوت,https://www.khanoumi.com/products/schon-velvet-semi-matt-lipstick-22967,رنگ بندی فوق العاده خوبی داره. من چند تا رنگش رو گرفتم فاقد سربه و فوق العاده نرمه و جلوه نیمه ماتی هم داره. همچنین از خشکی لب ها جلوگیری می کنه.,4,false,2022-10-26T08:40:12.98+00:00,مثبت,0.91,محصول,محصول
‫رژ لب جامد نیمه مات ولوت,https://www.khanoumi.com/products/schon-velvet-semi-matt-lipstick-22967,به نظرم برای کسایی که روزانه رژ لب میزنن مورد خوبی هست. خودم یک ساله استفاده میکنم و ازش راضیم,5,false,2022-07-21T02:53:56+00:00,مثبت,0.91,محصول,محصول
‫رژ لب جامد نیمه مات ولوت,https://www.khanoumi.com/products/schon-velvet-semi-matt-lipstick-22967,خوشبوئه ماندگاریشم خوبه ,12,true,2021-08-02T15:38:18+00:00,مثبت,0.79,محصول,محصول
‫پنکک پریشس,https://www.khanoumi.com/products/schon-precious-pressed-powder-22968,سلام من رنگ 03 گندمی رو خریدم بسیار سبک و کاور خوبی به پوست میده و رنگش واقعا قشنگه,0,true,2026-05-28T18:13:47.00609+03:30,مثبت,0.67,محصول,محصول
‫پنکک پریشس,https://www.khanoumi.com/products/schon-precious-pressed-powder-22968,خیلییی راضیم ازش لطف کنید همه رنگ هاشو موجود کنین.سپاس,0,false,2026-05-03T17:57:55.487603+03:30,مثبت,0.91,محصول,محصول
‫پنکک پریشس,https://www.khanoumi.com/products/schon-precious-pressed-powder-22968,چرا رنگ‌ای روشن نداره,0,false,2026-04-30T14:16:17.1324367+03:30,خنثی,0.35,محصول,محصول
‫پنکک پریشس,https://www.khanoumi.com/products/schon-precious-pressed-powder-22968,پنکک شون عالیه من ریمل وخط چشم ورژهم سفارش دادم همه محصولاتش عالیه,0,true,2026-01-30T00:22:21.423532+03:30,مثبت,0.95,محصول,محصول
‫پنکک پریشس,https://www.khanoumi.com/products/schon-precious-pressed-powder-22968,"من رنگ 02 رو انتخاب کردم و مناسب پوستم 
اما اگه پوست خشکی دارید مثل من قطعا پوست زیرسازی خوب میخواد وگرنه پوسته پوسته میشه، کاورش هم متوسط 
مزیتش فقط گیاهی بودنش هست
برای استفاده روزمره مناسبه و اگر زیرش کرم‌پودر میزنید، وگرنه کاور متوسط هست، همینطور پدرش هم نامناسب و بعد یه مدت خورد میشه",0,true,2026-01-11T16:44:49.2059994+03:30,مثبت,0.67,محصول,محصول
‫پنکک پریشس,https://www.khanoumi.com/products/schon-precious-pressed-powder-22968,واقعا پنکک خوبیه.,0,false,2025-09-23T16:41:58.7999381+03:30,مثبت,0.67,سایر,سایر
‫پنکک پریشس,https://www.khanoumi.com/products/schon-precious-pressed-powder-22968,پد داره؟,0,false,2025-03-27T18:36:05.9700399+00:00,خنثی,0.35,سایر,سایر
‫پنکک پریشس,https://www.khanoumi.com/products/schon-precious-pressed-powder-22968,ماندگاری عالی ای داره حتی به چشم پودر فیکس هم میشه نگاش کرد,0,false,2024-12-11T12:16:26.3642522+00:00,ترکیبی,0.66,محصول | اصل بودن کالا,محصول
‫پنکک پریشس,https://www.khanoumi.com/products/schon-precious-pressed-powder-22968,من رنگ 01 رو خریدم، چربی پوست رو یکم میگیره، کاور نداره صرفا پوست رو یکدست میکنه، یکمی بو هم داره,0,false,2024-11-06T20:53:46.3111159+00:00,خنثی,0.35,محصول,محصول
‫پنکک پریشس,https://www.khanoumi.com/products/schon-precious-pressed-powder-22968,"من پوست گندمی دارم و شماره 04 رو خریدم ازش راضی بودم 
پوشانندگی معمولی داره و برای استفاده روزانه خیلی خوبه و بافت سبکی داره",0,true,2024-06-23T12:16:53+00:00,مثبت,0.95,محصول,محصول
‫پنکک پریشس,https://www.khanoumi.com/products/schon-precious-pressed-powder-22968,خیلی راضی ام ازش,0,false,2024-03-23T13:34:30+00:00,مثبت,0.79,سایر,سایر
‫پنکک پریشس,https://www.khanoumi.com/products/schon-precious-pressed-powder-22968,بافت سبکی داره و پوشش دهیش معمولیه.بیشتر برای استفاده روزانه یا فیکس کردن آرایش مناسبه.,1,false,2023-01-04T08:46:38+00:00,منفی,0.67,محصول | اصل بودن کالا,اصل بودن کالا
‫پنکک پریشس,https://www.khanoumi.com/products/schon-precious-pressed-powder-22968,این پنکک و من توی تخفیف سایت خانومی خریدم. خیلی ازش راضی بودم. پوشانندگی خوبی داره و من برای فیکس کردن کرم پودر ازش استفاده میکنم. کاورش سبکه و قیمت مناسبی ام داره.,1,false,2023-01-01T08:33:34+00:00,ترکیبی,0.74,محصول | قیمت | اصل بودن کالا,محصول
‫پنکک پریشس,https://www.khanoumi.com/products/schon-precious-pressed-powder-22968,دوستان من پوست گندمی دارم و رنگ ۰۴ این محصول رو‌‌ خریدم یه شاین خیلی قشنگی داره و کیکی و پوسته پوسته نمیشه اما شدیدا کاور پائین و تناژ رنگی افتضاحی داره انگار پولمو ریختم دور...اگه رنگ مناسب پوستتون پیدا کردین به اینکه کاور خیلی کمی داره توجه کنین ,105,false,2019-06-01T17:07:18.5933333+00:00,منفی,0.67,محصول,محصول
‫رژ گونه چارمینگ,https://www.khanoumi.com/products/schon-charming-blush-22969,من شماره 02 رو گرفتم. پیگمنت و پوشش خوبی داره. نه خیلی کمه نه خیلی زیاد. یه چیز متعادل که به درد مصرف روزانه میخوره، حتی برای مهمونی هم به نظر خوب هست. مخملی طور و سبکه. شماره 02، نه خیلی سرخابی هست نه خیلی صورتی، گوشتی زنگه به نظرم و من پوستم گندمیه روشن هست، و شماره 02 به رنگ پوستم میاد.,0,true,2026-04-19T18:42:03.7202689+03:30,مثبت,0.79,محصول,محصول
‫رژ گونه چارمینگ,https://www.khanoumi.com/products/schon-charming-blush-22969,من شماره 2 و 6 گرفتم خیلی رنگشون قشنگه کلا محصولات شون از همه نظر عالی و با کیفیتن‌,0,false,2026-03-17T21:40:23.5270756+03:30,مثبت,0.67,محصول,محصول
‫رژ گونه چارمینگ,https://www.khanoumi.com/products/schon-charming-blush-22969,بافت سبکی داره و واقعا پیگمنت بالایی داره فقط یکی دو ساعت روی پوست میمونه,0,true,2025-10-27T15:56:01.748782+03:30,خنثی,0.35,محصول,محصول
‫رژ گونه چارمینگ,https://www.khanoumi.com/products/schon-charming-blush-22969,رژگونه شون ماندگاریش خوبه اما چارمینگش که من گرفتم خوش رنگ نیست ترجیحم کالیستاعه تا شون و رنگشم کبوده,0,false,2024-11-25T11:16:50.7208497+00:00,مثبت,0.79,محصول,محصول
‫رژ گونه چارمینگ,https://www.khanoumi.com/products/schon-charming-blush-22969,بافت سبکی داره  درکل راضی ام,0,true,2024-07-11T18:56:21+00:00,مثبت,0.79,محصول,محصول
‫رژ گونه چارمینگ,https://www.khanoumi.com/products/schon-charming-blush-22969,درکل محصولات شون کیفیت خوبی دارن ولی من سفارش دادم شماره 05 از رنگش راضی نبودم مثل تصویر نبود و بیشتر رنگش شبیه برونزر بود,0,true,2023-03-13T16:35:59+00:00,مثبت,0.67,محصول,محصول
‫رژ گونه چارمینگ,https://www.khanoumi.com/products/schon-charming-blush-22969,بافت سبک رژگونه شون اولین ویژگی مثبت این محصوله که نظر من رو به خودش جلب کرده. به راحتی و خیلی سریع روی پوست کشیده میشه و اصلا پخش نمیشه. پیگمنت خوبی هم داره. به عنوان یک محصول روزانه پیشنهاد می کنم حتما استفاده کنید.,0,false,2022-12-21T15:33:59+00:00,مثبت,0.67,محصول | اصل بودن کالا,محصول
‫رژ گونه چارمینگ,https://www.khanoumi.com/products/schon-charming-blush-22969,این رژگونه و رو من توی تخفیف سایت خانومی خریدم و خیلی راضی بودم. بافت سبکی داره و پیگمنتش خیلی خوبه. راحت پخش میشه و تیکه تیکه نمیشه روی پوست. رنگاش خیلی کاربردیه و برای هر نوع آرایشی مناسبه. قیمت مناسبی هم داره و ارزش امتحان کردن داره.,5,false,2022-11-23T16:20:53+00:00,مثبت,0.95,محصول | قیمت,محصول
‫رژ گونه چارمینگ,https://www.khanoumi.com/products/schon-charming-blush-22969,"رنگ 01 رو گرفتم صورتی ملایمه ، نه تیره س نه روشن
رنگ 03 رو قبلا استفاده کردم ، تناژ نارنجی داره بنظرم 03 قشنگ تره
",8,true,2022-11-17T21:19:56+00:00,خنثی,0.35,محصول,محصول
ریمل حجم دهنده و بلند کننده دوپلیکاتور,https://www.khanoumi.com/products/schon-lash-duplicator-volume-and-length-mascara-22963,ازش راضیم.طبیعی بلند و مشکی میکنه.اما وقتی به هردلیلی مثل شستن چشم میره تو چشم ، خیلی اذیت میکنه چشمو.,9,true,2021-10-09T22:36:54+00:00,مثبت,0.79,محصول,محصول
ریمل حجم دهنده و بلند کننده دوپلیکاتور,https://www.khanoumi.com/products/schon-lash-duplicator-volume-and-length-mascara-22963,من این ریمل رو استفاده کردم ولی اونطوری که تعریف میکردن ازش خوب نبود.یمقدار مژه هارو بهم میچسبونه و بعد چند ساعت ریزش داره و موقع پاک کردن واقعا از اوناس که دور چشم کلی سیاه میشه مژه هامم گاهی میریزه موقع پاک کردنش. بلند میکنه و مشکیه ولی زیاد حجم نمیده. درکل زیاد خوب نیس و دوباره ازش نمیخرم,15,true,2021-10-03T12:16:02+00:00,مثبت,0.67,محصول,محصول
ریمل حجم دهنده و بلند کننده دوپلیکاتور,https://www.khanoumi.com/products/schon-lash-duplicator-volume-and-length-mascara-22963,من مژه های بلند و کمرنگی دارم این ریمل واسه من عالی بوده نسبت به قیمت,6,true,2021-07-28T17:01:45+00:00,مثبت,0.79,محصول | قیمت,محصول
ریمل حجم دهنده و بلند کننده دوپلیکاتور,https://www.khanoumi.com/products/schon-lash-duplicator-volume-and-length-mascara-22963,این ریمل بلند کننده است و برای استفاده روزانه عالیه,1,false,2021-07-21T21:05:47+00:00,مثبت,0.79,سایر,سایر
ریمل حجم دهنده و بلند کننده دوپلیکاتور,https://www.khanoumi.com/products/schon-lash-duplicator-volume-and-length-mascara-22963,ریمل شون بلندکننده است برای استفاده روزانه عالیه و راحت پاک میشه ریزش هم نداره,2,false,2021-07-21T17:42:01+00:00,مثبت,0.79,سایر,سایر
ریمل حجم دهنده و بلند کننده دوپلیکاتور,https://www.khanoumi.com/products/schon-lash-duplicator-volume-and-length-mascara-22963,"خوب بود
عالی نبود",2,false,2021-07-20T18:40:55+00:00,منفی,0.67,محصول,محصول
ریمل حجم دهنده و بلند کننده دوپلیکاتور,https://www.khanoumi.com/products/schon-lash-duplicator-volume-and-length-mascara-22963,عالی فوق العاده هست مشکی و بلند 👍👍👍👍👍❤❤,1,false,2021-06-15T13:28:37+00:00,مثبت,0.79,سایر,سایر
ریمل حجم دهنده و بلند کننده دوپلیکاتور,https://www.khanoumi.com/products/schon-lash-duplicator-volume-and-length-mascara-22963,بلند میکنه. اما حجم نمیده,27,true,2020-09-19T01:28:31+00:00,خنثی,0.35,محصول,محصول
ریمل حجم دهنده و بلند کننده دوپلیکاتور,https://www.khanoumi.com/products/schon-lash-duplicator-volume-and-length-mascara-22963,خیلی خوبه منکه واقعا راضی ام😍,33,false,2020-01-23T16:24:28+00:00,مثبت,0.95,سایر,سایر
ریمل حجم دهنده و بلند کننده دوپلیکاتور,https://www.khanoumi.com/products/schon-lash-duplicator-volume-and-length-mascara-22963,"دارمش راضیم☺
",42,true,2019-10-01T15:30:29+00:00,مثبت,0.79,سایر,سایر
‫سایه چشم چهار رنگ درامتیک,https://www.khanoumi.com/products/schon-dramatic-quad-eye-shadow-22970,من شماره 04 رو خریدم زنگای قشنگی داره با پیگمنت متوسط من به ختطر سبزش خریدم,0,true,2026-07-01T10:31:34.9977416+03:30,خنثی,0.35,سایر,سایر
‫سایه چشم چهار رنگ درامتیک,https://www.khanoumi.com/products/schon-dramatic-quad-eye-shadow-22970,شماره 03 رو گرفتم ، پیگمنت معمولی داره ، بهتره زیرساز خیلی خوبی براش داشته باشیم اینجوری پیگمنت رو بالا میبره ، رنگاشو دوست دارم ، اما با این مبلغ نمی‌ارزه و به نظرم گرونه,0,true,2026-05-13T09:48:12.6697873+03:30,مثبت,0.79,محصول | قیمت,محصول
‫سایه چشم چهار رنگ درامتیک,https://www.khanoumi.com/products/schon-dramatic-quad-eye-shadow-22970,پیگمنتش خیلی کمه. من کد 5 رو خریدم. 2 تا رنگ روشنش که به سختی پشت پلک دیده میشن. 2 تا هم آبی داره که بهتره. با قلمش هم که پخش میکنی پاک میشه! میتونست بهتر باشه,0,true,2026-04-12T14:55:44.0408089+03:30,خنثی,0.35,محصول,محصول
‫سایه چشم چهار رنگ درامتیک,https://www.khanoumi.com/products/schon-dramatic-quad-eye-shadow-22970,به نظرم پیگمنتش خیلی کمه,0,true,2026-04-04T20:08:44.1841672+03:30,خنثی,0.35,سایر,سایر
‫سایه چشم چهار رنگ درامتیک,https://www.khanoumi.com/products/schon-dramatic-quad-eye-shadow-22970,05 پیگمنت متوسطی داره ولی خوبه,0,true,2023-07-30T14:07:15+00:00,مثبت,0.79,سایر,سایر
‫سایه چشم چهار رنگ درامتیک,https://www.khanoumi.com/products/schon-dramatic-quad-eye-shadow-22970,بافت نرمی داره و جلوه خوبی داره روی پوست. رنگ هاش کاربردی هستن و برای استفاده روزانه یا مهمانیهای رسمی و مهم گزینه مناسبی هستن. ,0,false,2023-01-24T12:50:54+00:00,مثبت,0.67,محصول,محصول
‫سایه چشم چهار رنگ درامتیک,https://www.khanoumi.com/products/schon-dramatic-quad-eye-shadow-22970,"من رنگ شماره 03 رو گرفتم رنگبندیش خیلی خوب و کاربردیه و پیگمنت فوق العاده خوبی هم داره . من گاهس اوقات چند تا رنگشو با هم قاطی می کنم استفاده می کنم و خیلی رنگبندی جذابی برام درست میشه
",1,false,2022-11-05T16:51:05.05+00:00,مثبت,0.95,محصول,محصول
‫سایه چشم چهار رنگ درامتیک,https://www.khanoumi.com/products/schon-dramatic-quad-eye-shadow-22970,"سایه خیلی خوبیه بافت نرمی داره
من E01 رو گرفتم خیلی خاصه",1,true,2022-09-01T17:17:15+00:00,مثبت,0.79,محصول,محصول
‫سایه چشم چهار رنگ درامتیک,https://www.khanoumi.com/products/schon-dramatic-quad-eye-shadow-22970,خیلی خوبه,1,false,2020-06-22T17:12:55+00:00,مثبت,0.91,سایر,سایر
‫سایه چشم چهار رنگ درامتیک,https://www.khanoumi.com/products/schon-dramatic-quad-eye-shadow-22970,من استفاده میکنم خیلی خوبه قیمتاشم مناسبه,1,false,2020-05-09T16:32:55+00:00,مثبت,0.91,قیمت,قیمت
‫سایه چشم چهار رنگ درامتیک,https://www.khanoumi.com/products/schon-dramatic-quad-eye-shadow-22970,خیلی خوبه واقعا رنگاشون خاص وزیباست,3,false,2020-04-29T17:25:56+00:00,مثبت,0.91,محصول,محصول
کرم ضد آفتاب رنگی فاقد چربی spf50,https://www.khanoumi.com/products/schon-natural-tinted-oil-free-sunscreen-spf50-22971,من فاقدچربی وبی رنگشو گرفتم،پوستو چرب  میکنه,0,false,2026-08-13T00:48:52.3029757+03:30,خنثی,0.35,محصول,محصول
کرم ضد آفتاب رنگی فاقد چربی spf50,https://www.khanoumi.com/products/schon-natural-tinted-oil-free-sunscreen-spf50-22971,من رنگ پز خریداری کردم پوستمو‌ خیلی تیره میکرد مفتش گرون,0,false,2026-08-01T19:06:24.9616648+03:30,خنثی,0.35,محصول | قیمت,محصول
کرم ضد آفتاب رنگی فاقد چربی spf50,https://www.khanoumi.com/products/schon-natural-tinted-oil-free-sunscreen-spf50-22971,قیمتش از جاهای دیگع پایین تر بود و تاریخ تولیدش هم بروز بود.راضی ام ممنون,0,true,2026-05-07T19:55:55.9290689+03:30,مثبت,0.91,محصول | قیمت,محصول
کرم ضد آفتاب رنگی فاقد چربی spf50,https://www.khanoumi.com/products/schon-natural-tinted-oil-free-sunscreen-spf50-22971,بدنیست ولی برای من خیلی تیره اس تازه روشن سفارش دادم آورد خیلی تیره بود,0,true,2025-06-01T07:01:52.5829344+00:00,مثبت,0.67,محصول,محصول
کرم ضد آفتاب رنگی فاقد چربی spf50,https://www.khanoumi.com/products/schon-natural-tinted-oil-free-sunscreen-spf50-22971,لطفا این ضدآفتاب را موجود کنید برای من عالی بود,0,true,2025-04-21T16:19:07.5485305+00:00,مثبت,0.79,محصول,محصول
کرم ضد آفتاب رنگی فاقد چربی spf50,https://www.khanoumi.com/products/schon-natural-tinted-oil-free-sunscreen-spf50-22971,بیرنگش با رنگ دار هیچ فرقی نداره,0,true,2024-11-26T11:39:56.6572824+00:00,خنثی,0.35,محصول,محصول
کرم ضد آفتاب رنگی فاقد چربی spf50,https://www.khanoumi.com/products/schon-natural-tinted-oil-free-sunscreen-spf50-22971,من دنگ روشن زدم ولی تیره اس,0,true,2024-09-27T12:55:36+00:00,خنثی,0.35,سایر,سایر
کرم ضد آفتاب رنگی فاقد چربی spf50,https://www.khanoumi.com/products/schon-natural-tinted-oil-free-sunscreen-spf50-22971,اصلا خوب نیست. من رنگ طبیعی رو سفارش دادم، وقتی بسته ام رسید روی خود محصول هم نوشته شده بود رنگ طبیعی ولی داخلش رنگ بژ فوق العاده برنزه پر شده بود. کیفیت هم بسیار بد، به محض اینکه داری پخش میکنی روی صورت میماسه، اصلا هم مناسب پوست چرب نیست، بسیار بافت چرب و سنگنی داره. من اصلا از خریدش راضی نبودم. اگر پولی که با زحمت بدست اوردین رو دوست دارین اصلا این محصول رو نخرید.,0,true,2023-12-17T11:32:41+00:00,ترکیبی,0.79,محصول | اصل بودن کالا | تحویل و ارسال,محصول
کرم ضد آفتاب رنگی فاقد چربی spf50,https://www.khanoumi.com/products/schon-natural-tinted-oil-free-sunscreen-spf50-22971,"سلام
ضد آفتاب خیلی خوبیه.هم رنگش خوبه و هم سبکه.من برای چندمین بار هست ک میخرم و خیلی راضی هستم",1,true,2023-09-12T12:01:28+00:00,مثبت,0.95,محصول,محصول
کرم ضد آفتاب رنگی فاقد چربی spf50,https://www.khanoumi.com/products/schon-natural-tinted-oil-free-sunscreen-spf50-22971,هم قیمت مناسبی داره و هم کیفیتش عالیه من هر روز که میرم سرکار میزنم و اصلا احساس سنگینی نداره رو صورت و من پوستم چربه و مستعد جوش و اصلا با این کرم جوش نمیزنه و خیلی خوب هم جذب پوست میشه,4,true,2023-05-23T23:53:11+00:00,مثبت,0.95,محصول | اصل بودن کالا | قیمت,محصول
کرم ضد آفتاب رنگی فاقد چربی spf50,https://www.khanoumi.com/products/schon-natural-tinted-oil-free-sunscreen-spf50-22971,من همیشه از شون استفاده میکنم برای روزنه خیلی عالیه ولی بدون رنگشو همیشه اسفاده کردم و خیلی سبک و جذب سریع و اصلا باعث جوش نشده,8,true,2022-08-12T14:46:52+00:00,ترکیبی,0.87,محصول | اصل بودن کالا,محصول
کرم ضد آفتاب رنگی فاقد چربی spf50,https://www.khanoumi.com/products/schon-natural-tinted-oil-free-sunscreen-spf50-22971,تمامی محصولات این فروشگاه خانومی عالیه ,3,false,2022-07-17T02:45:12+00:00,مثبت,0.79,محصول,محصول
کرم ضد آفتاب رنگی فاقد چربی spf50,https://www.khanoumi.com/products/schon-natural-tinted-oil-free-sunscreen-spf50-22971,سلام. وقت بخیر، ضدآفتاب بسیار سبکی هست و زود جذب میشه و با اینکه پوستم چربه اصلا جوش نزدم، یکم برق میندازه صورتم رو که من کلا این شکلی هست پوست صورتم.,12,false,2021-11-11T17:42:19+00:00,مثبت,0.67,محصول | اصل بودن کالا,محصول
کرم ضد آفتاب رنگی فاقد چربی spf50,https://www.khanoumi.com/products/schon-natural-tinted-oil-free-sunscreen-spf50-22971,باعث جوش زدن پوسم شد و روی صورتم برق میزد احساس سنگینی وحشتانکی داشت,9,false,2020-09-14T02:15:14+00:00,خنثی,0.35,سایر,سایر
کرم ضد آفتاب رنگی فاقد چربی spf50,https://www.khanoumi.com/products/schon-natural-tinted-oil-free-sunscreen-spf50-22971,من سالهاست که از این ضد آفتاب استفاده می کنم و می تونم بگم جز بهترین هاست. با اینکه پوست من خشکه ولی برای پوست من کاملا مناسب هست. تا به امروز هیچ عوارضی هم برای من نداشته.,34,true,2019-11-07T18:22:43+00:00,مثبت,0.67,محصول,محصول
ژل پاک کننده پوست چرب Czysta Skora حجم 200 میل,https://www.khanoumi.com/products/garnier-pure-active-daily-cleansing-gel-blemishes-shine-22972,پوستم نرمال روبه چربه.چندوقته ازاین شوینده استفاده میکنم و خیلی ازش راضیم.قدرت پاک کنندگیش خیلی خوبه،پوستمو خشک نمیکنه و برای پوستم مشکلی ایجادنکرده بلکه به خاطر لایه برداری خفیفی که انجام میده توازبین رفتن جوشهای زیرپوستی و جای جوش خیلی موثر بوده..اگه سولفاتم نداشت عالی بود ولی من باهاش مشکلی نداشتم,7,false,2020-03-09T19:44:13+00:00,مثبت,0.91,محصول,محصول
ژل پاک کننده پوست چرب Czysta Skora حجم 200 میل,https://www.khanoumi.com/products/garnier-pure-active-daily-cleansing-gel-blemishes-shine-22972,لطفا موجودش کنید,16,false,2019-03-11T02:23:01.0333333+00:00,خنثی,0.35,محصول,محصول
ژل پاک کننده پوست چرب Czysta Skora حجم 200 میل,https://www.khanoumi.com/products/garnier-pure-active-daily-cleansing-gel-blemishes-shine-22972,لطفا موجودش کنید,16,false,2019-03-11T02:23:00.6433333+00:00,خنثی,0.35,محصول,محصول
ژل پاک کننده پوست چرب Czysta Skora حجم 200 میل,https://www.khanoumi.com/products/garnier-pure-active-daily-cleansing-gel-blemishes-shine-22972,۲۰۰ میله,1,false,2019-02-24T14:38:16.7966667+00:00,خنثی,0.35,سایر,سایر
ژل پاک کننده پوست چرب Czysta Skora حجم 200 میل,https://www.khanoumi.com/products/garnier-pure-active-daily-cleansing-gel-blemishes-shine-22972,چرا مشخص نیست چند میل هست؟,3,false,2019-02-12T07:42:43.7333333+00:00,خنثی,0.35,سایر,سایر
صابون گیاهی آنتی باکتریال ملایم 2 درصد,https://www.khanoumi.com/products/golmar-anti-bacterial-herbal-2-soap-22982,موجودش کنید لطفا این برند خیلی خوبه,0,false,2026-02-22T14:19:36.946528+03:30,مثبت,0.91,محصول,محصول
صابون گیاهی آنتی باکتریال ملایم 2 درصد,https://www.khanoumi.com/products/golmar-anti-bacterial-herbal-2-soap-22982,موجود کنید,0,false,2024-10-31T18:33:15.206054+00:00,خنثی,0.35,محصول,محصول
لاک ناخن شیشه گرد,https://www.khanoumi.com/products/my-nail-polish-22983,شماره 704دبدرنگ خیلیییی رقیق وآبکی بسیار دیرخشک میشه از مای توقع نداشتم!!!!,0,true,2025-08-12T12:41:00.991916+00:00,منفی,0.67,محصول,محصول
لاک ناخن شیشه گرد,https://www.khanoumi.com/products/my-nail-polish-22983,من رنگ 822 خریدم و ماندگاری روی ناخن خوبه و کیفیت رنگش هم عالیه,0,false,2025-04-11T20:23:48.5637696+00:00,مثبت,0.95,محصول,محصول
لاک ناخن شیشه گرد,https://www.khanoumi.com/products/my-nail-polish-22983,وااااقعا لاک خوبیه راضیم,0,false,2025-01-08T07:52:32.1511702+00:00,مثبت,0.91,سایر,سایر
لاک ناخن شیشه گرد,https://www.khanoumi.com/products/my-nail-polish-22983,کمی دیر خشک میشه اما موندگاری خوبی داره مخصوصا اگر دوبار روی هم بزنید.,0,true,2025-01-01T12:06:17.3390301+00:00,مثبت,0.67,محصول,محصول
لاک ناخن شیشه گرد,https://www.khanoumi.com/products/my-nail-polish-22983,"خیلی عالیه
من شماره 304 رو خریدم یه صورتی پر رنگ قشنگیه. زود خشک میشه و فرچه لاک هم پهنه
من که خیلی خوشم اومد هر چند فکر میکردم رنگش قرمز باشه اما واقعا قشنگه",0,false,2024-12-13T21:39:51.9647227+00:00,مثبت,0.79,محصول,محصول
لاک ناخن شیشه گرد,https://www.khanoumi.com/products/my-nail-polish-22983,من رنگ های 612 و 820 رو دارم میتونم بگم بهترینرنگ برای لاک هستش ک ب همه نوع لباس میاد,0,false,2024-07-11T20:01:37+00:00,مثبت,0.67,محصول,محصول
لاک ناخن شیشه گرد,https://www.khanoumi.com/products/my-nail-polish-22983,من از کیفیت لاک مای راضی هستم، رنگهای خیلی قشنگی هم داره، ولی اسم رنگها که تو جدول رنگبندی تون نوشتین اصلا دقیق نیست، من رنگ گوشتی سفارش دادم، ,16,true,2021-06-09T13:42:40+00:00,خنثی,0.35,محصول | اصل بودن کالا,محصول
لاک ناخن شیشه گرد,https://www.khanoumi.com/products/my-nail-polish-22983,"دیر خشک میشه.من رنگ سبز روشن طرحدارشو گرفتم که طرحاش خیلی بد بود.
در کل دوست نداشتم",16,false,2020-09-16T12:33:07+00:00,منفی,0.79,محصول,محصول
لاک ناخن شیشه گرد,https://www.khanoumi.com/products/my-nail-polish-22983,رنگبندی و موندگاری خوبی داره و زود خشک میشه ولی حس میکنم زود تموم میشه. شایدم من زیاد استفاده میکنم. ولی در کل لاک خوبیه!,21,false,2020-08-07T23:13:03+00:00,مثبت,0.79,محصول,محصول
لاک ناخن شیشه گرد,https://www.khanoumi.com/products/my-nail-polish-22983,عالیه . رنگ بندیشو بیارید لطفا ,10,false,2019-03-11T23:00:01.7233333+00:00,مثبت,0.79,محصول,محصول
لاک ناخن شیشه گرد,https://www.khanoumi.com/products/my-nail-polish-22983,اصلا خوب نبود چون خیلی دیر خشک میشه ,3,true,2019-02-02T18:37:27.6433333+00:00,خنثی,0.4,محصول | اصل بودن کالا,محصول
پک شوینده، پاک کننده 2 فاز چشم با کرم ضد آفتاب و کیف رایگان,https://www.khanoumi.com/products/nivea-wash-cream-face-and-double-effect-eye-make-up-remover-with-bag-23011,سلام موچودش کنید لطفا,0,false,2024-06-15T18:55:51+00:00,خنثی,0.35,محصول,محصول
پک شوینده، پاک کننده 2 فاز چشم با کرم ضد آفتاب و کیف رایگان,https://www.khanoumi.com/products/nivea-wash-cream-face-and-double-effect-eye-make-up-remover-with-bag-23011,عالی بود. لطفاً دوباره موجودش کنید.,1,true,2019-10-04T23:35:58+00:00,مثبت,0.79,محصول,محصول
پک شوینده، پاک کننده 2 فاز چشم با کرم ضد آفتاب و کیف رایگان,https://www.khanoumi.com/products/nivea-wash-cream-face-and-double-effect-eye-make-up-remover-with-bag-23011,"اینو من هفته پیش تو شانس بود با پنجاه درصد آف ! حرررررف نداره یکی از بهترین خریدایی بود که کردم .. 

میخواستم شوینده چشم دوفاز بخرم یهو چشمم افتاد به اینکه تو شانسه دیدم با بیست تومن بیشتر میشه چهار قلم جنس بگیرم .. عالیه ",5,true,2019-06-18T02:05:46.18+00:00,مثبت,0.91,محصول,محصول
پک شوینده، پاک کننده 2 فاز چشم با کرم ضد آفتاب و کیف رایگان,https://www.khanoumi.com/products/nivea-wash-cream-face-and-double-effect-eye-make-up-remover-with-bag-23011,من این پک رو توی تخفیف خریداری کردم. واقعاااا می ارزه. حتی پول ضدافتابشم نیست.دو فاز چشمش که خیلی خوبه. شوینده کرمی ش هم برای روتین صبح که پوست الودگی خاصی نداره و نیاز به یه شوینده ملایم هست عالیه. ضدافتابشم کاملااا بیرنگ. اصلا سفیدی به جا نمیذاره. با جذب راحت. یکم حس چربی داره که من با پنکیک رفع میکنم. کیفش هم خیلی جادار و جنس خوب,4,true,2019-06-12T18:27:50.7966667+00:00,مثبت,0.95,محصول | اصل بودن کالا | قیمت,محصول
پک شوینده، پاک کننده 2 فاز چشم با کرم ضد آفتاب و کیف رایگان,https://www.khanoumi.com/products/nivea-wash-cream-face-and-double-effect-eye-make-up-remover-with-bag-23011,واقعا عاليه خيلي ممنون,4,true,2019-04-13T11:05:59.54+00:00,مثبت,0.91,سایر,سایر
نوار بهداشتی نرمال Ultra Plus بسته 10 عددی,https://www.khanoumi.com/products/septona-normal-feel-free-sanitary-pad-23012,واقعا عالیه. قدرت جذب بالا، در عین حالی که نازکه و حسش نمیکنی,5,true,2020-04-15T20:58:00+00:00,مثبت,0.79,سایر,سایر
نوار بهداشتی قطر نازک جذب بالا مدل شب 8 عددی,https://www.khanoumi.com/products/septona-night-feel-free-sanitary-pad-23014,خیلی گرونه,14,false,2020-10-20T15:35:18+00:00,خنثی,0.35,قیمت,قیمت
پد بهداشتی روزانه نازک مدل  بابونه نرمال - بسته 20 عددی,https://www.khanoumi.com/products/septona-chamomile-normal-panty-liners-sanitary-pad-20-23016,خیلی گرونه,0,false,2025-09-05T12:59:06.3614062+03:30,خنثی,0.35,قیمت,قیمت
پد بهداشتی روزانه نازک مدل  بابونه نرمال - بسته 20 عددی,https://www.khanoumi.com/products/septona-chamomile-normal-panty-liners-sanitary-pad-20-23016,"چند وقتی هست که از این پد استفاده می کنم نازکی اش خیلی خوبه و اصلا اذیت نمیکنه و همچنین ضد حساسیت هست که این مورد یکی از مزیت های این محصول به شمار میره. من این محصول از خانومی خریدم و خیلی راضی بودم
",0,false,2022-11-27T16:33:58+00:00,مثبت,0.91,محصول | اصل بودن کالا,محصول
نوار بهداشتی قطر نازک 8عددی سوپر حساس,https://www.khanoumi.com/products/septona-super-sensitive-sanitary-pad-23018,این بی نظیره اصلا اصلا حس نمیکنید واقعا راضیمممممم,0,false,2024-12-19T23:54:17.0267897+00:00,مثبت,0.79,اصل بودن کالا,اصل بودن کالا
پد آرایشی  بسته 70 عددی,https://www.khanoumi.com/products/septona-lady-care-daily-clean-pad-pack-23021,واقعا عالیه اصلا هم باز نمیشه ,0,true,2022-03-12T23:17:01+00:00,مثبت,0.67,اصل بودن کالا,اصل بودن کالا
پد آرایشی  بسته 70 عددی,https://www.khanoumi.com/products/septona-lady-care-daily-clean-pad-pack-23021,خیلی پد خوبیه. نرمه و آرایش رو هم خوب پاک میکنه,4,false,2019-11-20T21:45:13+00:00,مثبت,0.79,سایر,سایر
پد آرایشی دو طرفه  بسته 120 عددی,https://www.khanoumi.com/products/septona-dual-side-lady-care-daily-clean-pad-23022,این پد عالیه دور دوخته به هیچ عنوان موقع استفاده ازهم جدا نمیشه ، و از دو طرفش هم میشه استفاده کرد . حتما پیشنهاد میکنم.,0,false,2025-01-17T21:22:26.6261353+00:00,مثبت,0.95,محصول,محصول
پد آرایشی دو طرفه  بسته 120 عددی,https://www.khanoumi.com/products/septona-dual-side-lady-care-daily-clean-pad-23022,هر چی از کیفیت این پد بگم کم گفتم . فوق العاده پد خوبیه. جنس نرمی داره و به هیچ عنوان صورت رو اذیت نمیکنه و حساسیت ایجاد نمیکنه. همچنین اصلا لایه هاش از هم جدا نمیشه.,0,false,2022-10-23T16:58:18.0433333+00:00,مثبت,0.91,محصول | اصل بودن کالا,محصول
پد آرایشی دو طرفه  بسته 120 عددی,https://www.khanoumi.com/products/septona-dual-side-lady-care-daily-clean-pad-23022,کیفیتش خیلی خوبه،هم دور دوزه هم دوطرفه‌س,3,false,2020-08-13T12:59:41+00:00,مثبت,0.91,محصول,محصول
پد آرایشی دو طرفه  بسته 120 عددی,https://www.khanoumi.com/products/septona-dual-side-lady-care-daily-clean-pad-23022,کاش اصلا نمیاوردین همچین محصولی رو.. اصلا کیفیت نداره! هم کل مواد پاک کننده ای که بهش میزنی رو جذب میکنه هم قبل از اینکه حتی از بسته بیرون بیاری از هم وا میره، واقعا بی کیفیته... کاش بجای این یونی رو موجود کنید...,26,false,2019-04-20T02:28:18.61+00:00,منفی,0.67,محصول | اصل بودن کالا | تحویل و ارسال,اصل بودن کالا
شامپو تقویت کننده و ضد ریزش آنتی شوت مناسب انواع مو,https://www.khanoumi.com/products/hegor-anti-fall-shampoo-anti-chute-shampoo-23038,لطفا موجود کنید محصولات هگور و,0,false,2024-12-21T12:08:55.3335045+00:00,خنثی,0.35,محصول,محصول
شامپو تقویت کننده و ضد ریزش آنتی شوت مناسب انواع مو,https://www.khanoumi.com/products/hegor-anti-fall-shampoo-anti-chute-shampoo-23038,لطفا موجودش کنید,1,false,2023-10-02T10:25:45+00:00,خنثی,0.35,محصول,محصول
شامپو تقویت کننده و ضد ریزش آنتی شوت مناسب انواع مو,https://www.khanoumi.com/products/hegor-anti-fall-shampoo-anti-chute-shampoo-23038,موجود بشه لطفا,0,false,2023-04-28T18:29:19+00:00,خنثی,0.35,محصول,محصول
لوسیون تقویت کننده آنتی شوت,https://www.khanoumi.com/products/hegor-anti-hair-loss-lotion-23047,لطفا موجودش کنید,0,false,2023-10-02T10:28:18+00:00,خنثی,0.35,محصول,محصول
شامپو متعادل کننده رزماری,https://www.khanoumi.com/products/hegor-rosemary-shampoo-23048,عالییییه ریزش موهامو خیلی کنترل کرده,0,false,2025-04-22T21:01:50.5771575+00:00,مثبت,0.67,محصول,محصول
صابون روغن آرگان پوست چرب,https://www.khanoumi.com/products/miss-eden-argan-oil-soapfor-oily-skin-23075,عالی ترین ,0,false,2024-09-03T23:23:16+00:00,مثبت,0.67,سایر,سایر
ماسک مو بدون نیاز به آبکشی,https://www.khanoumi.com/products/miss-eden-care-without-rinse-with-argan-oil-23078,سلام لطفا موجود کنید.,0,false,2025-01-03T17:22:26.426278+00:00,خنثی,0.35,محصول,محصول
ماسک مو بدون نیاز به آبکشی,https://www.khanoumi.com/products/miss-eden-care-without-rinse-with-argan-oil-23078,فوق العاده ,0,false,2022-08-13T14:13:48+00:00,مثبت,0.67,سایر,سایر
فلویید پوست چرب,https://www.khanoumi.com/products/dermopurifyer-mattifying-fluid-23104,خیلییی خفن بود,0,false,2022-04-20T10:40:43+00:00,خنثی,0.35,محصول,محصول
ست کادویی آقایان اسپید,https://www.khanoumi.com/products/rebul-speed-gift-set-23107,من خریدم توی اون آفری که تاریخ انقضاش نزدیکه ولی از بوش زیاد خوشم‌ نیومد حس کردم الکلش زیاد شده و با اینکه بوی خنکی انتظار داشتم بوی تند و نسبتا زنونه ای داره و خیلی مطبوع نیست.خریدشو توصیه نمی کنم. ,0,true,2019-06-01T10:34:20.82+00:00,منفی,0.67,محصول,محصول
ست کادویی آقایان اسپید,https://www.khanoumi.com/products/rebul-speed-gift-set-23107,لطفا رنگ قرمزشو هم بیارین... ,3,false,2019-05-06T13:03:58.7466667+00:00,خنثی,0.35,محصول,محصول
ست کادویی آقایان اسپید,https://www.khanoumi.com/products/rebul-speed-gift-set-23107,عالیه بوش ,1,true,2019-04-23T08:19:45.82+00:00,مثبت,0.79,محصول,محصول
ست کادویی آقایان اسپید,https://www.khanoumi.com/products/rebul-speed-gift-set-23107,کسی تا حالا استفاده کرده خوشبو هست؟؟؟,1,true,2019-02-08T16:12:38.8733333+00:00,خنثی,0.35,محصول,محصول
ست کادویی آقایان اسپید,https://www.khanoumi.com/products/rebul-speed-gift-set-23107,چند میله ؟,1,true,2019-02-03T08:39:27.0766667+00:00,خنثی,0.35,سایر,سایر
ادوتولیت  مردانه رنجر دیزرت,https://www.khanoumi.com/products/rebul-ranger-desert-eau-de-toilette-23108,من میخوام بخرم اما میترسم بوی خیلی تندی داشته باشه و بد باشه !! کسی میتونه راهنمایی کنه ؟؟؟,2,true,2019-06-10T02:32:18.84+00:00,منفی,0.67,محصول,محصول
بی بی کرم 50 میلی لیتری,https://www.khanoumi.com/products/missha-bb-cream-with-spf42-23109,من از محصولات کره ای هر بار خریدم راضی بودم از این برند نمیدونم 21 بهتره برام یا 23 ؟ سیمپلیس شماره 13 که رز هست میزدم محشر بود ازش نیست خدا کنه این  برند هم کیفیتش مثل همون باشه,2,false,2022-12-28T14:21:52+00:00,مثبت,0.67,محصول,محصول
بی بی کرم 50 میلی لیتری,https://www.khanoumi.com/products/missha-bb-cream-with-spf42-23109,برای افرادی که به دنبال یک کرم کاربردی برای استفاده روزانه هستند، بی بی کرم ها گزینه مناسبی هستند. بی بی کرم میشا دارای خاصیت ضدچروکی و ضدالتهابی بوده و به دلیل پوشانندگی مناسب برای استفاده روزانه گزینه ای مناسب است. این کرم دارای اس پی اف 42 بوده و به خوبی از پوست شما دربرابر اشعه های مضر خورشید محافظت کند. این کرم دارای هیالورونیک اسید بوده و به جوانسازی پوست شما کمک می کند. ,2,false,2022-10-09T12:35:35+00:00,مثبت,0.67,محصول,محصول
بی بی کرم 50 میلی لیتری,https://www.khanoumi.com/products/missha-bb-cream-with-spf42-23109,بی بی کرم میشا یکی از بهترین پوشاننده هاست. حجمش خیلی زیاده و یه مقدار خیلی کمش میتونه کل صورت و پوشش بده. پوشانندگی خیلی خوبی داره. با توجه به حجمش قیمت خیلی خوبی داره. از همه مهمتر اینکه spf داره و از پوست در برابر اشعه افتاب محافظت میکنه. خاصیت ضد چروک و ضد لک هم داره که خیلی خوبه. رطوبت پوست و هم تامین میکنه و بعدش پوست خشک و دهیدراته نمیشه.,2,false,2022-06-12T15:16:58+00:00,مثبت,0.95,محصول | قیمت,محصول
بی بی کرم 50 میلی لیتری,https://www.khanoumi.com/products/missha-bb-cream-with-spf42-23109,خوب کاورش مثل کرم پودر که نیست اما نسبت به بی بی کرم های دیگه بنظرم کاور بالا و قابل قبولی داره و برای مصرف روزانه عالیه و من پوستم مختلط هست ویه برق طبیعی میندازه روی پوست که انگار پوست خودت شاداب هست و من شماره ۲۵ شو دارم و رنگ نخودی داره  که این رنگ مناسب پوست های گندمی و گندمی رو به تیره هست .,17,true,2021-10-03T23:48:38+00:00,مثبت,0.91,محصول,محصول
بی بی کرم 50 میلی لیتری,https://www.khanoumi.com/products/missha-bb-cream-with-spf42-23109,"Man shomare 21 o kharidam rangesh ziadi sefide gachie coverehm kheyli paine , dar kol aslan razi nabudam ",10,true,2020-08-22T20:56:02+00:00,خنثی,0.35,سایر,سایر
بی بی کرم 50 میلی لیتری,https://www.khanoumi.com/products/missha-bb-cream-with-spf42-23109,"پوست من گندمی روشنه و شماره ۲۳ رو گرفتم
خیلی سبکه و انتظار پوشش بالا نباید داشت ازش
تناژ رنگش هم اصلا طیف نخودی و زرد نداره بیشتر طیف صورتی داره که من واقعا عاشقشم",25,true,2020-05-28T02:56:36+00:00,مثبت,0.79,محصول | اصل بودن کالا,محصول
بی بی کرم 50 میلی لیتری,https://www.khanoumi.com/products/missha-bb-cream-with-spf42-23109,"من از این کرم برای دومین بار خرید واستفاده کرده ام بسیار عالی وسبک هست چون شاغل هستم از صبح تا ظهر کرم روی پوستم بدون تغییر وبا آبرسانی فوق العاده عالی باقی میمونه به عنوان یک کرم روزانه فوقالعاده است.
",41,true,2020-01-01T17:47:23+00:00,مثبت,0.91,محصول,محصول
بی بی کرم 50 میلی لیتری,https://www.khanoumi.com/products/missha-bb-cream-with-spf42-23109,من پوستم روشنه. کدوم رنگش برام مناسبه؟ ۲۱ یا ۲۳؟,42,false,2019-12-04T17:40:15+00:00,خنثی,0.35,محصول,محصول
بی بی کرم 50 میلی لیتری,https://www.khanoumi.com/products/missha-bb-cream-with-spf42-23109,به نظرم علاوه بر چيز هايي كه بقيه دوستان گفتن بوي خيلي خوبي هم داره,14,true,2019-11-21T16:50:54+00:00,مثبت,0.79,محصول,محصول
بی بی کرم 50 میلی لیتری,https://www.khanoumi.com/products/missha-bb-cream-with-spf42-23109,بافتش خيلي سبك و نرم و فاقد چربي هست، رو پوست طبيعيه و براق و اكسيد نميشه ماندگاريش هم خيلي خوبه. من شماره ٢٣ بژ طبيعي و خريدم. راضي ام فقط تنها مشكلش آندرتونش هست كه من آندرتون نخودي و زردي و ميپسندم اما اندرتونش صورتي و سرد هست,11,true,2019-11-19T18:27:03+00:00,مثبت,0.95,محصول,محصول
بی بی کرم 50 میلی لیتری,https://www.khanoumi.com/products/missha-bb-cream-with-spf42-23109,این کرم عالیه، من دفعه سومه که خریدمش، ,4,true,2019-11-13T08:52:44+00:00,مثبت,0.79,محصول,محصول
بی بی کرم 50 میلی لیتری,https://www.khanoumi.com/products/missha-bb-cream-with-spf42-23109,این bb کرم رو خیلی دوس دارمممم لطفا توی شانس قرار بدید. چقد گرونتر شده😢😢,18,true,2019-09-17T09:44:51+00:00,منفی,0.67,محصول | قیمت,محصول
بی بی کرم 50 میلی لیتری,https://www.khanoumi.com/products/missha-bb-cream-with-spf42-23109,در صورتی که محصولات تاریخ انقضا محدود داشته باشند، کنار قیمت محصول درج میشود. اگر درج نشده باشد تاریخ بالای شش ماه را خانومی تضمین میکند. ,7,false,2019-06-08T15:33:51.0566667+00:00,خنثی,0.35,محصول | قیمت,محصول
بی بی کرم 50 میلی لیتری,https://www.khanoumi.com/products/missha-bb-cream-with-spf42-23109,سلام  تاریخ مصرف این محصول تا کی هست؟,15,true,2019-06-06T22:13:33.51+00:00,خنثی,0.35,محصول,محصول
بی بی کرم 50 میلی لیتری,https://www.khanoumi.com/products/missha-bb-cream-with-spf42-23109,"لطفا لطفا شماره ۲۱ رو موجود کنید.من بجز بی بی کرم میشا هیچ چی نمیتونم استفاده کنم
برای ماهایی که پوست روشن داریم فقط ۲۱ مناسبه(۲۳ هم قابل استفاده ست هرچند تیره ست برامون)",29,false,2019-05-15T16:08:21.0566667+00:00,خنثی,0.35,محصول,محصول
بی بی کرم 50 میلی لیتری,https://www.khanoumi.com/products/missha-bb-cream-with-spf42-23109,"بسیار کرم خوبیه من استفاده کردم اما حتما مراقب باشید و اشتباه منو  نکنید شماره ۳۱ بسیار تیره هست 
شماره ۲۷ برای گندمی ها و پوست های متمایل به رنگ گرم مناسبه 
شماره ۲۳ هم متوسط رو به تناژ سرده 
و ۲۱ هم که کاملا روشن 
من ۲۷ و ۲۳ و پیشنهاد میکنم",88,true,2019-03-18T18:35:39.6133333+00:00,مثبت,0.91,محصول,محصول
بی بی کرم 50 میلی لیتری,https://www.khanoumi.com/products/missha-bb-cream-with-spf42-23109,سلام لطفا این کرم و تخفیف بزارید تعریفشو شنیدم میخوام بخرم اما قیمتش بالاس اگه تو آف بزارید خیلی خوبه ,122,false,2019-02-23T10:48:43.6266667+00:00,مثبت,0.91,قیمت | محصول,قیمت
بی بی کرم 50 میلی لیتری,https://www.khanoumi.com/products/missha-bb-cream-with-spf42-23109,من چن ماهه دارم استفاده ميكنم و واقعا راضيم مخصوصا برا استفاده روزانه ومحل كار عاليه وجلوه طبيعي رو پوست داره,36,true,2019-02-15T19:15:25.5333333+00:00,مثبت,0.95,محصول,محصول
بی بی کرم 50 میلی لیتری,https://www.khanoumi.com/products/missha-bb-cream-with-spf42-23109,من میخوام این کرم رو بخرم ولی بین رنگ 21 و 23 موندم پوستم روشنه. خواستم بدونم رنگ 21 تناژ صورتی داره؟,29,true,2019-02-02T07:30:53.4733333+00:00,منفی,0.67,محصول,محصول
بی بی کرم 50 میلی لیتری,https://www.khanoumi.com/products/missha-bb-cream-with-spf42-23109,"سلام. من چند وقته دارم استقاده میکنم و بهنوان ی کرم زوزانه محشره.
سبک نرم و ماندگار. پوشش دهیشم که عالیه . مطمئنا من دیگه هیچ کرم پودری رو استفاده نمی‌کنم",16,false,2019-02-01T12:51:52.27+00:00,مثبت,0.79,محصول,محصول
عطر جیبی مردانه بلک,https://www.khanoumi.com/products/jacsaf-perfume-23110,بوی بلک ژک ساف بینظیره ... واقعا عالیههه🤞👌. عاشقش میشید,0,false,2020-01-11T11:21:26+00:00,مثبت,0.79,محصول,محصول
کانسیلر مایع فاقد پارابن,https://www.khanoumi.com/products/cosart-liquid-concealer-23270,این کانسیلر واقعا عالیه حرف نداره خیلی سبک و رنگ طبیعی داره حتما امتحانش کنین,0,false,2024-08-17T13:02:44+00:00,منفی,0.79,محصول,محصول
ست هدیه اسپری و عطر کول,https://www.khanoumi.com/products/she-gift-set-for-women-23315,رایحه بسیار دلنشینی دارد. من که از خرید این محصول رضایت دارم. ,3,false,2019-03-06T17:10:24.28+00:00,خنثی,0.35,محصول,محصول
ست هدیه اسپری و عطر کول,https://www.khanoumi.com/products/she-gift-set-for-women-23315,رایحه بسیار دلنشینی دارد. من که از خرید این محصول رضایت دارم. ,1,false,2019-03-06T17:10:19.1733333+00:00,خنثی,0.35,محصول,محصول
ست هدیه اسپری و عطر کول,https://www.khanoumi.com/products/she-gift-set-for-women-23315,"سلام این  عطر با این 
https://www.khanoumi.com/she-cool-eau-de-toilette-for-women-22167
با هم متفاوت هستن؟چون دوتاشون مدل cool هستن ولی رنگاشون فرق داره
اگه میشه زود جواب بدید قبل تموم شدن مدت شانس چون میخوام بخرم",6,false,2019-02-25T11:46:47.5566667+00:00,منفی,0.67,محصول,محصول
ست هدیه اسپری و عطر کول,https://www.khanoumi.com/products/she-gift-set-for-women-23315,"سلام  این 
https://www.khanoumi.com/she-cool-eau-de-toilette-for-women-22167
دوتا با هم متفاوت هستن؟",1,false,2019-02-25T11:25:13.6666667+00:00,خنثی,0.35,سایر,سایر
ست هدیه اسپری و عطر کول,https://www.khanoumi.com/products/she-gift-set-for-women-23315,"جعبه نداره این محصول؟
اگه میشه زود جواب بدید قبل تموم شدن مدت شانس چون میخوام بخرم",5,false,2019-02-23T23:23:59.1566667+00:00,منفی,0.67,محصول,محصول
ادوتولیت مردانه رنجر اوشن,https://www.khanoumi.com/products/rebul-ranger-ocean-eau-de-toilette-23316,"من برای برادرم خریدم.با اینکه ایشون خیلی سخت پسند هستند از این ادکلن راضی هستند.و هم بوی خوبی داره هم به نسبت قیمتش ماندگاری خوبی داره.بوش یک روز کامل میمونه که برای این قیمت خوبه
",1,true,2019-05-29T10:10:47.2033333+00:00,مثبت,0.95,محصول | قیمت,محصول
ادوتولیت مردانه رنجر اوشن,https://www.khanoumi.com/products/rebul-ranger-ocean-eau-de-toilette-23316,من بو شو دوست داشتم.ولی تازه به دستم رسیده باید ماندگاری رو امتخان کنم.تا الان که راضی بودم,1,true,2019-05-02T14:35:00.1866667+00:00,مثبت,0.79,محصول | تحویل و ارسال,محصول
ست عطر و اسپری اوشن,https://www.khanoumi.com/products/rebul--eau-de-toilette-set-23318,لطفاا قرمزش ریبول پاور رو هم بیارین من خیلی دنبالشم. تو تخفیف بذارین. ,3,false,2019-04-06T19:46:00.7033333+00:00,خنثی,0.35,محصول | قیمت,محصول
ست عطر و اسپری اوشن,https://www.khanoumi.com/products/rebul--eau-de-toilette-set-23318,من قبلا همین مارک و همین مدل رو داشتم و خیلی خوب بود..,2,true,2019-02-24T09:56:32.6133333+00:00,مثبت,0.91,محصول,محصول
پد لاک پاک کن فاقد استون 45 عددی,https://www.khanoumi.com/products/najeh-pad-nail-polish-remover-23321,من فقط از این لاک پاک کن استفاده میکنم و خیلی راضی ام و کاملا به صرفه‌تر از بقیه لاک پاک کن هاست.,0,true,2026-03-05T17:36:01.6767853+03:30,مثبت,0.79,سایر,سایر
پد لاک پاک کن فاقد استون 45 عددی,https://www.khanoumi.com/products/najeh-pad-nail-polish-remover-23321,لطفا موجود کنید این محصول بییینظیره,0,false,2026-02-23T11:23:14.3483452+03:30,خنثی,0.35,محصول,محصول
پد لاک پاک کن فاقد استون 45 عددی,https://www.khanoumi.com/products/najeh-pad-nail-polish-remover-23321,"این واقعا عالیه ازنظر من 
سایزش اندازه پدهای معمولیه یا پد سکه ای اما موادش اونقدر زیاده که من با یدونه‌ش ناخنای دست و پام رو پاک میکنم 
و یه درب جداگونه هم داره ک هوا نکشه و خشک نشه موادش ...اینو واقعا حلال سازندش",0,true,2025-12-18T00:43:24.6322751+03:30,مثبت,0.79,محصول,محصول
پد لاک پاک کن فاقد استون 45 عددی,https://www.khanoumi.com/products/najeh-pad-nail-polish-remover-23321,با اینکه کوچیکه توش ولی از هر یدونه 6 ،7 بار میشه استفاده کرد انقدر جنسش خوبه,0,true,2025-12-11T18:04:25.7716334+03:30,مثبت,0.79,محصول,محصول
پد لاک پاک کن فاقد استون 45 عددی,https://www.khanoumi.com/products/najeh-pad-nail-polish-remover-23321,عالی,0,true,2025-08-21T19:21:01.1239187+00:00,مثبت,0.67,سایر,سایر
پد لاک پاک کن فاقد استون 45 عددی,https://www.khanoumi.com/products/najeh-pad-nail-polish-remover-23321,من این محصول رو از خانومی نخریدم ولی قبلا خریده بودم از جای دیگه عااالیه،قدرت پاک کنندگیش خیلی خوبه و به صرفه ست,0,false,2025-07-12T08:01:18.8290826+00:00,مثبت,0.91,محصول,محصول
پد لاک پاک کن فاقد استون 45 عددی,https://www.khanoumi.com/products/najeh-pad-nail-polish-remover-23321,"خیلی از پد های کوچک بهتره
زخامت هر برگش خیلی بیشتره و به دفعات میشه ازش استفاده کرد",0,true,2025-04-09T08:49:34.5314025+00:00,خنثی,0.35,سایر,سایر
پد لاک پاک کن فاقد استون 45 عددی,https://www.khanoumi.com/products/najeh-pad-nail-polish-remover-23321,عالیه,0,true,2025-03-17T12:32:02.3367178+00:00,مثبت,0.79,سایر,سایر
پد لاک پاک کن فاقد استون 45 عددی,https://www.khanoumi.com/products/najeh-pad-nail-polish-remover-23321,خوووووووبه,0,true,2025-03-14T11:25:30.7574624+00:00,خنثی,0.35,سایر,سایر
پد لاک پاک کن فاقد استون 45 عددی,https://www.khanoumi.com/products/najeh-pad-nail-polish-remover-23321,"خیلی خوبە این محصول 
پاک کنندگیش عالیه 
با یه دونه‌اش کل دست و پا رو می‌شه پاک کرد",0,false,2025-02-27T15:14:37.1059214+00:00,مثبت,0.95,محصول,محصول
پد لاک پاک کن فاقد استون 45 عددی,https://www.khanoumi.com/products/najeh-pad-nail-polish-remover-23321,خیلی خوبه این لاک پاکن من خیلی راضی بودم . اصلا خشک نمیشه,0,false,2025-02-12T17:17:03.8307176+00:00,مثبت,0.91,محصول | اصل بودن کالا,محصول
پد لاک پاک کن فاقد استون 45 عددی,https://www.khanoumi.com/products/najeh-pad-nail-polish-remover-23321,موجود کنید لطفا,0,false,2024-12-25T07:58:12.5828285+00:00,خنثی,0.35,محصول,محصول
پد لاک پاک کن فاقد استون 45 عددی,https://www.khanoumi.com/products/najeh-pad-nail-polish-remover-23321,لطفا موجود کنین ممنونم,0,false,2024-12-15T10:35:37.32181+00:00,مثبت,0.67,محصول,محصول
پد لاک پاک کن فاقد استون 45 عددی,https://www.khanoumi.com/products/najeh-pad-nail-polish-remover-23321,عالی,0,true,2024-11-24T10:43:59.0901588+00:00,مثبت,0.67,سایر,سایر
پد لاک پاک کن فاقد استون 45 عددی,https://www.khanoumi.com/products/najeh-pad-nail-polish-remover-23321,خوبه راضیم,0,true,2024-10-26T19:57:27.3215005+00:00,مثبت,0.95,سایر,سایر
پد لاک پاک کن فاقد استون 45 عددی,https://www.khanoumi.com/products/najeh-pad-nail-polish-remover-23321,عالی,0,true,2024-10-23T20:28:54.1683072+00:00,مثبت,0.67,سایر,سایر
پد لاک پاک کن فاقد استون 45 عددی,https://www.khanoumi.com/products/najeh-pad-nail-polish-remover-23321,خیلی باکیفیت سریع لاک پاک میشه و ناخن ها هم خشک نمیشه بوی خوبی هم داره,0,false,2024-08-07T18:11:30+00:00,منفی,0.67,محصول,محصول
پد لاک پاک کن فاقد استون 45 عددی,https://www.khanoumi.com/products/najeh-pad-nail-polish-remover-23321,خیلی باکیفیت و به صرفه س,0,true,2024-08-06T22:59:09+00:00,خنثی,0.35,محصول,محصول
پد لاک پاک کن فاقد استون 45 عددی,https://www.khanoumi.com/products/najeh-pad-nail-polish-remover-23321,قدرت پاک کنندگی 10 انگشت با نصف پد هم وجود داره.تا چند سال هم خشک نمیشه و خاصیتشو از دست نمیده,0,true,2024-08-06T15:37:51+00:00,خنثی,0.35,سایر,سایر
پد لاک پاک کن فاقد استون 45 عددی,https://www.khanoumi.com/products/najeh-pad-nail-polish-remover-23321,خیلی خوبه واقعا من 3 ساله دارم حجمش خییییلی خوبه دوتا هم ازش دارم خیلی خوب پاک میکنه پیشنهاد میکنم واقعا بهتون,0,false,2024-07-30T21:22:44+00:00,مثبت,0.95,محصول,محصول
پد لاک پاک کن فاقد استون 45 عددی,https://www.khanoumi.com/products/najeh-pad-nail-polish-remover-23321,بوش که عالیه اصلا هم ناخن رو خشک نمیکنه. من خیلی دوسش دارم تا سه سال داشتمش اصلا خشک نشد و مثل روز اول میمونه,25,false,2019-05-16T22:28:29.8566667+00:00,مثبت,0.79,محصول | اصل بودن کالا,محصول
سرم ضد ریزش مو بیوبا ای اس,https://www.khanoumi.com/products/prime-as-bioba-anti-hair-loss-serum-23345,خیلی خوبه,0,false,2025-01-17T22:59:25.2142246+00:00,مثبت,0.91,سایر,سایر
شامپو ضد شوره  ویلو مایلد دی 1,https://www.khanoumi.com/products/prime-willow-mild-d1-anti-dandruff-shampoo-250ml-23346,"من پوسته سرم زیاد بود 
الپسین میزدم بهم پیشنهاد دادم پریم رو امتحان کنم
ولی اصلا به سر من نساخت
موهام خیلی زیاد زبر میشد و پوسته سرم بیشتر شد و خارش هم پیدا کردم 
برای من اصلا مناسب نبود",0,true,2026-06-29T22:31:57.9881667+03:30,مثبت,0.67,محصول | اصل بودن کالا,محصول
شامپو ضد شوره  ویلو مایلد دی 1,https://www.khanoumi.com/products/prime-willow-mild-d1-anti-dandruff-shampoo-250ml-23346,این محصول و از بیرون با قیمتی بیشتر خریدم، با یکبار استفاده تقریبا 95 درصد مشکل شوره سرم رفع شد، غلظت و کارایی عالی ,0,false,2024-06-11T08:56:24+00:00,مثبت,0.67,محصول | قیمت,محصول
شامپو ضد شوره ایچی درای دی 2,https://www.khanoumi.com/products/prime-ichthy-dry-d2-anti-dandruff-shampoo-250ml-23347,واقعا خوب بود هم برای شور سر هم خارش,0,false,2026-08-06T06:12:53.7432655+03:30,مثبت,0.79,محصول,محصول
شامپو ضد شوره ایچی درای دی 2,https://www.khanoumi.com/products/prime-ichthy-dry-d2-anti-dandruff-shampoo-250ml-23347,فعلا 2بار که دارم استفاده میکنم امیدوارم نتیجه مطلوبی داشته باشه برای خارش و پوسته سرم,0,true,2026-05-01T22:44:16.8494831+03:30,خنثی,0.35,محصول,محصول
شامپو ضد شوره ایچی درای دی 2,https://www.khanoumi.com/products/prime-ichthy-dry-d2-anti-dandruff-shampoo-250ml-23347,عالیه برای پوسته ریزی سرم خریدم خیلی خوب بود,0,true,2026-01-18T11:21:29.4677316+03:30,مثبت,0.95,محصول,محصول
شامپو ضد شوره ایچی درای دی 2,https://www.khanoumi.com/products/prime-ichthy-dry-d2-anti-dandruff-shampoo-250ml-23347,"بهترین شامپویی بود ک استفاده کردم برای سرم
هم خارش سر رو خوب کرد هم پوسته های سرم رو از بین برد الان چند سالی میشه ک مدام ازش استفاده میکنم",0,true,2025-08-19T06:45:50.1621883+00:00,مثبت,0.79,محصول,محصول
شامپو ضد شوره ایچی درای دی 2,https://www.khanoumi.com/products/prime-ichthy-dry-d2-anti-dandruff-shampoo-250ml-23347,"خیلی عالی بود
من خیلی شوره سر داشتم دوبار استفاده کردم خوب شد",0,true,2025-05-16T07:24:08.1712048+00:00,مثبت,0.91,محصول,محصول
شامپو ضد شوره ایچی درای دی 2,https://www.khanoumi.com/products/prime-ichthy-dry-d2-anti-dandruff-shampoo-250ml-23347,برای خارش سرم که هیچ جوره خوب نمیشد، بهترین بود، الان 3 روز هم سرم رو نشورم، سرم اصلا نمیخاره,0,true,2024-12-02T07:26:35.2808213+00:00,منفی,0.91,محصول | اصل بودن کالا,اصل بودن کالا
شامپو ضد شوره ایچی درای دی 2,https://www.khanoumi.com/products/prime-ichthy-dry-d2-anti-dandruff-shampoo-250ml-23347,لطفا موجود کنید,0,false,2023-12-22T22:47:43+00:00,خنثی,0.35,محصول,محصول
شامپو ضد شوره سالیسی اویل دی 3,https://www.khanoumi.com/products/prime-salicy-oil-d3-anti-dandruff-shampoo-250ml-23348,عالیه,0,false,2026-03-19T23:17:58.5843272+03:30,مثبت,0.79,سایر,سایر
شامپو ضد شوره سالیسی اویل دی 3,https://www.khanoumi.com/products/prime-salicy-oil-d3-anti-dandruff-shampoo-250ml-23348,کف سر من پسوریازیس داره و خیلی خیلی آزاردهندس اگه کسی دچار این بیماریه فقط میدونه که چقدر بیماری دردناکی هستش طوری که اگه عرق زیاد کنید و حموم نرید کف سرتون بشدت بشدت میخاره و مجبورین انقدر بخارونید تا زخم بشه ، دکتر پوست و مو اینو برام تجویز کرد و واقعا شفا پیدا کردم این شامپو و شامپو و لوسیون سریتا مثل آب رو آتیشن برای پسوریازیس ، البته همیشه نباید استفاده کنید ، مثلا هر 2 حموم یکبار ، یا وقتایی که خیلی کف سرتون چرب شده و عرق کرده و خارش گرفته ، رر کل واقعا منو نجات داد.,1,false,2023-08-28T20:05:21+00:00,خنثی,0.35,محصول,محصول
شامپو ضد شوره سالیسی اویل دی 3,https://www.khanoumi.com/products/prime-salicy-oil-d3-anti-dandruff-shampoo-250ml-23348,ممنون از ارسال به موقع و خوبتون  این محصول خیلی خوبه برای شوره های سبوره ای و اگزما که معمولا پوسته پوسته های چرب روی سر هست یا هرجای بدن حتما تهیه کنید و قبلش با پزشک در نظر بزارید که اگه به پوستتون خورد استفاده کنید و باید طولانی مدت استفاده بشه نه کم که از بین بره,12,true,2021-08-30T01:17:19+00:00,مثبت,0.95,محصول | تحویل و ارسال,محصول
شامپو ضد ریزش و تقویت کننده  بیوبا ای پلاس,https://www.khanoumi.com/products/prime-a-bioba-anti-hair-loss-shampoo-250-23349,با توجه به نظر کاربرا خریدم ولی جالب نبود موهام و بدتر وز میکنه,0,true,2026-08-15T19:24:11.2061201+03:30,منفی,0.67,محصول,محصول
شامپو ضد ریزش و تقویت کننده  بیوبا ای پلاس,https://www.khanoumi.com/products/prime-a-bioba-anti-hair-loss-shampoo-250-23349,برای من باعث خشکی و ریزش مو شد.,0,true,2026-08-13T20:34:55.0013846+03:30,خنثی,0.35,محصول,محصول
شامپو ضد ریزش و تقویت کننده  بیوبا ای پلاس,https://www.khanoumi.com/products/prime-a-bioba-anti-hair-loss-shampoo-250-23349,برای موهای من که چرب هست باعث شوره ی چرب و التهاب سر شد,0,false,2026-07-29T23:15:23.0888002+03:30,خنثی,0.35,محصول,محصول
شامپو ضد ریزش و تقویت کننده  بیوبا ای پلاس,https://www.khanoumi.com/products/prime-a-bioba-anti-hair-loss-shampoo-250-23349,تاثیر خاصی ازش ندیدم. ساقه موهامو خشک می‌کرد.,0,true,2026-07-27T00:19:08.5722319+03:30,خنثی,0.35,محصول,محصول
شامپو ضد ریزش و تقویت کننده  بیوبا ای پلاس,https://www.khanoumi.com/products/prime-a-bioba-anti-hair-loss-shampoo-250-23349,برای ریزش هورمونی من ک هیچ تاثیری نداشت یه شامپوی معمولی بود,0,false,2026-07-04T12:55:03.7617853+03:30,خنثی,0.35,محصول,محصول
شامپو ضد ریزش و تقویت کننده  بیوبا ای پلاس,https://www.khanoumi.com/products/prime-a-bioba-anti-hair-loss-shampoo-250-23349,واقعاً خوبه.ریزش موهامو کمتر کرده و موهامو سبک و خوش‌حالت می‌کنه. بوی ملایمی هم داره که اذیت‌کننده نیست. اگه مشکل ریزش دارید، امتحانش ضرر نداره,0,true,2026-06-28T14:24:09.3087399+03:30,مثبت,0.79,محصول,محصول
شامپو ضد ریزش و تقویت کننده  بیوبا ای پلاس,https://www.khanoumi.com/products/prime-a-bioba-anti-hair-loss-shampoo-250-23349,"بوی خوب
کف زیاد و تمیزی عمیق کف سر
درمان پسوریازیس
تاثیرگذاری قابل توجه
من پسوریازیسم که مرحله اولیه بود کامل اوکی شد و اثری ازش نیست.
در کل شامپوی اقتصادی خیلی خوبی هست.",0,false,2026-06-06T10:23:53.3859622+03:30,مثبت,0.91,محصول,محصول
شامپو ضد ریزش و تقویت کننده  بیوبا ای پلاس,https://www.khanoumi.com/products/prime-a-bioba-anti-hair-loss-shampoo-250-23349,من موهای دهیدراته دارم و هیچ محصولی وز و خشکی موی من رو بهتر نمیکرد اما الان شامپوی مناسبی رو پیدا کردم اینقدر واسه من خوب بوده که احتیاج به هیچ ماسک و روغن مویی ندارم,0,false,2026-06-04T15:57:49.1596535+03:30,مثبت,0.79,محصول,محصول
شامپو ضد ریزش و تقویت کننده  بیوبا ای پلاس,https://www.khanoumi.com/products/prime-a-bioba-anti-hair-loss-shampoo-250-23349,من سه دوره استفاده کردم هم مو رو خشک می کنه و تاثیری روی ریزش مو نداشت در کل فقط یه شامپوی معمولی,0,true,2026-06-02T11:05:13.3029291+03:30,خنثی,0.35,محصول,محصول
شامپو ضد ریزش و تقویت کننده  بیوبا ای پلاس,https://www.khanoumi.com/products/prime-a-bioba-anti-hair-loss-shampoo-250-23349,شوره خارش و ریزش مو داشتم که شوره و خارش کاملا رفع شد. ساقه موهامو خشک میکنه که بعدش ماسک مو میزنم و حل میشه چربی مو رو خیلی خوب کنترل میکنه  یک هفته ام نرم حموم مشخص نمیشه وراجع به کنترل ریزش مو نظر خاصی ندارم رفع نشد اما شدیدتر هم نشد.بوی تندی داره که نمیمونه روی مو.,0,true,2026-05-24T11:23:51.1408469+03:30,مثبت,0.79,محصول,محصول
شامپو ضد ریزش و تقویت کننده  بیوبا ای پلاس,https://www.khanoumi.com/products/prime-a-bioba-anti-hair-loss-shampoo-250-23349,نسبت به قیمتش حجم کمی داره برای موهای خیلی بلند نیاز به تمدید داره در کل راضی بودم من در کنارش شامپو لیموی کلیر استفاده میکنم باهم عالین,0,false,2026-04-16T09:33:36.4736949+03:30,مثبت,0.79,محصول | قیمت,محصول
شامپو ضد ریزش و تقویت کننده  بیوبا ای پلاس,https://www.khanoumi.com/products/prime-a-bioba-anti-hair-loss-shampoo-250-23349,عالیه، بار چهارمه که شارژش میکنم,0,true,2026-01-17T18:49:04.5207602+03:30,مثبت,0.79,سایر,سایر
شامپو ضد ریزش و تقویت کننده  بیوبا ای پلاس,https://www.khanoumi.com/products/prime-a-bioba-anti-hair-loss-shampoo-250-23349,عالی اصلا موهارو وز و خشک نمیکنه,0,true,2026-01-13T09:48:50.153446+03:30,مثبت,0.79,محصول | اصل بودن کالا,محصول
شامپو ضد ریزش و تقویت کننده  بیوبا ای پلاس,https://www.khanoumi.com/products/prime-a-bioba-anti-hair-loss-shampoo-250-23349,سلام دو دوره از شامپواستفاده کردم و خیلی ریزش موهام کم شد و با تجویز دکتر بود..فقط یکم موهارو زبر میکنه که کلا تمام محصولات تقویتی همینطورین,0,false,2025-12-31T17:01:40.4150658+03:30,خنثی,0.35,محصول,محصول
شامپو ضد ریزش و تقویت کننده  بیوبا ای پلاس,https://www.khanoumi.com/products/prime-a-bioba-anti-hair-loss-shampoo-250-23349,من هر شامپویی استفاده کردم دو روز بعد موهام چرب میشه ولی این شامپو خیلی عالیه  اصلا موهام تا چند روز چرب نمیشه  ریزش موهام  خیلی کمتر شده میتونم بگم بهترینه,0,true,2025-12-07T03:24:21.6766888+03:30,مثبت,0.95,محصول | اصل بودن کالا,محصول
شامپو ضد ریزش و تقویت کننده  بیوبا ای پلاس,https://www.khanoumi.com/products/prime-a-bioba-anti-hair-loss-shampoo-250-23349,"من که پاکسازی کف سر میرم و کف سرم بینهایت چربه در حدی که ریزشش ازچربی زیادکنترل نمیشه
از این شامپو راضی بودم",0,false,2025-11-25T16:17:52.6688557+03:30,مثبت,0.67,محصول,محصول
شامپو ضد ریزش و تقویت کننده  بیوبا ای پلاس,https://www.khanoumi.com/products/prime-a-bioba-anti-hair-loss-shampoo-250-23349,واسه چربی کف سر و ریزش موهام گرفتم ولی راضی نبودم متاسفانه!!!,0,true,2025-07-13T09:10:23.3619383+00:00,خنثی,0.4,محصول,محصول
شامپو ضد ریزش و تقویت کننده  بیوبا ای پلاس,https://www.khanoumi.com/products/prime-a-bioba-anti-hair-loss-shampoo-250-23349,واقعا راضی کنندس,0,false,2025-07-10T09:26:59.928056+00:00,مثبت,0.67,سایر,سایر
شامپو ضد ریزش و تقویت کننده  بیوبا ای پلاس,https://www.khanoumi.com/products/prime-a-bioba-anti-hair-loss-shampoo-250-23349,عالی بود,0,true,2025-03-25T20:00:39.0679888+00:00,مثبت,0.79,محصول,محصول
شامپو ضد ریزش و تقویت کننده  بیوبا ای پلاس,https://www.khanoumi.com/products/prime-a-bioba-anti-hair-loss-shampoo-250-23349,من هر شامپویی استفاده کردم روز بعد موهام چرب میشد ، این شامپو عالی ، ضد ریزش و چربی مو کنترل می‌کنه و با وجود فری سولفات بودن محصول کف خوبی داره,0,true,2024-11-21T07:35:58.2750517+00:00,مثبت,0.79,محصول,محصول
شامپو ضد ریزش و تقویت کننده  بیوبا ای پلاس,https://www.khanoumi.com/products/prime-a-bioba-anti-hair-loss-shampoo-250-23349,من استفاده کردم خیلی خوب بوده برای موهای خشک لطفاً تخفیف و بیشتر کنید,0,false,2024-11-11T20:20:59.204465+00:00,مثبت,0.91,محصول | قیمت,محصول
شامپو ضد ریزش و تقویت کننده  بیوبا ای پلاس,https://www.khanoumi.com/products/prime-a-bioba-anti-hair-loss-shampoo-250-23349,من شامپوهای ضد ریزش زیادی استفاده کردم خوشبختانه این تنهایی شامپویی بود که ریزش مو کم کرد و با توجه به فری سولفات بودنش موها رو چرب نمیکنه ,0,false,2024-07-21T23:45:16+00:00,خنثی,0.35,محصول,محصول
شامپو ضد ریزش و تقویت کننده  بیوبا ای پلاس,https://www.khanoumi.com/products/prime-a-bioba-anti-hair-loss-shampoo-250-23349,تخفیف بیشتر لطفا,0,true,2024-06-17T07:31:24+00:00,خنثی,0.35,قیمت,قیمت
شامپو ضد ریزش و تقویت کننده  بیوبا ای پلاس,https://www.khanoumi.com/products/prime-a-bioba-anti-hair-loss-shampoo-250-23349,متاسفانه باعث شد موهام شوره بزنه ,0,true,2024-03-26T17:51:43+00:00,منفی,0.67,محصول,محصول
شامپو ضد ریزش و تقویت کننده  بیوبا ای پلاس,https://www.khanoumi.com/products/prime-a-bioba-anti-hair-loss-shampoo-250-23349,عالی بود,1,false,2023-09-02T12:07:44+00:00,مثبت,0.79,محصول,محصول
شامپو ضد ریزش و تقویت کننده  بیوبا ای پلاس,https://www.khanoumi.com/products/prime-a-bioba-anti-hair-loss-shampoo-250-23349,شامپو ضد ریزش پریم رو مدتیه شارژ نمی کنید و من مجبور میشم کل خریدم رو از جای دیگه بکنم ,0,true,2023-06-22T13:05:34+00:00,خنثی,0.35,محصول,محصول
شامپو ضد ریزش و تقویت کننده  بیوبا ای پلاس,https://www.khanoumi.com/products/prime-a-bioba-anti-hair-loss-shampoo-250-23349,من این شامپو رو تقریبا دو هفته ست استفاده میکنم با اینکه موهای خشکی دارم مو رو خشک نمیکنه و با توجه به اینکه فاقد سولفات هست اما کف نسبتا خوبی داره. راجب ضد ریزش بودنش فعلا نظری ندارم.اما به عنوان ی شامپو فاقد سولفات و با این قیمت به نطزم ارزش خرید داره و تکرارش میکنم👍🏻🌸,2,false,2022-09-20T16:02:14+00:00,مثبت,0.79,محصول | قیمت,محصول
شامپو ضد ریزش و تقویت کننده  بیوبا ای پلاس,https://www.khanoumi.com/products/prime-a-bioba-anti-hair-loss-shampoo-250-23349,اولین ویژگی مثبتی که این شامپو داشت، خاصیت نرم کنندگی اون بود. علاوه بر تمیز کردن مو، باعث نرم شدن و ایجاد براقیت در موهای من نیز شد. رایحه این شامپو خیلی خوب بود و تا چند ساعت بعد از حمام روی موهام به خوبی مونده بوده. با استفاده مرتب از این محصول ریزش موهام تا کد زیادی کنترل شد و نسبت به گذشته خیلی ریزشش کم‌تر شد. اگر موهای نسبتا چربی دارید که دچار ریزش هم هست پیشنهاد می‌کنم حتما از این محصول استفاده کنید.,8,false,2022-06-15T11:02:54+00:00,مثبت,0.95,محصول,محصول
شامپو ضد ریزش و تقویت کننده  بیوبا ای پلاس,https://www.khanoumi.com/products/prime-a-bioba-anti-hair-loss-shampoo-250-23349,خیلی موهارو خشک میکنه من کف سرم خارش گرفت,6,false,2020-11-12T14:10:14+00:00,خنثی,0.35,محصول,محصول
شامپو ضد ریزش و تقویت کننده  بیوبا ای پلاس,https://www.khanoumi.com/products/prime-a-bioba-anti-hair-loss-shampoo-250-23349,از لحاظ ریزش مو، کاهش دهنده و نرم کننده خوبی برای موهایم بوده...,38,true,2019-10-21T13:42:58+00:00,مثبت,0.67,محصول,محصول
شامپو مدل کالمینگ یوریا,https://www.khanoumi.com/products/prime-calming-urea-shampoo-250ml-23350,من برای پسرم که پوست سرش خارش داشت گرفتم خیلی خوب جواب داد,0,true,2026-07-27T07:44:48.0179434+03:30,مثبت,0.91,محصول,محصول
شامپو مدل کالمینگ یوریا,https://www.khanoumi.com/products/prime-calming-urea-shampoo-250ml-23350,دو سالی هست دارم استفاده میکنم راضیم خیلی,0,true,2026-07-26T14:00:25.4784603+03:30,مثبت,0.79,سایر,سایر
شامپو مدل کالمینگ یوریا,https://www.khanoumi.com/products/prime-calming-urea-shampoo-250ml-23350,"معجزه میکنه واقعا😍
عالیه عالی... 👌👌😀",0,false,2022-06-14T22:44:28+00:00,مثبت,0.91,سایر,سایر
شامپو مدل کالمینگ یوریا,https://www.khanoumi.com/products/prime-calming-urea-shampoo-250ml-23350,خيلي خوبه خيلي عاليه,1,true,2020-09-14T16:33:45+00:00,مثبت,0.95,سایر,سایر
لوسیون نرم کننده مو مدل کرا مویست 250میل,https://www.khanoumi.com/products/prime-kera-moist-hair-conditioner-lotion-120-ml-23351,"من صد ها بدون اغراق ده ها ماسک نو زیر 1میلیون و نیم رو امتحان کردم این برند از همه بهتر بوده با اختلاف
فقط اینبار میخوام دنسیر رو هم امتحان کنم که اون 2 تومنه",0,true,2026-08-18T21:59:00.8530652+03:30,منفی,0.67,محصول,محصول
لوسیون نرم کننده مو مدل کرا مویست 250میل,https://www.khanoumi.com/products/prime-kera-moist-hair-conditioner-lotion-120-ml-23351,من خیلی از برندای ایرانی رو امتحان کردم. موهای دهیدراته ای دارم. فولیپلکس خیلی خوب بود. ولی با این حال که این محصول خیلی خیلی قیمت مناسب‌تری داره عااااالی بود. 2 بار شارژ کردم و خیلی پیشنهاد می‌کنم. ممنون از خانومی,0,true,2026-04-24T21:44:26.0293509+03:30,مثبت,0.95,محصول | قیمت,محصول
لوسیون نرم کننده مو مدل کرا مویست 250میل,https://www.khanoumi.com/products/prime-kera-moist-hair-conditioner-lotion-120-ml-23351,"موهای من خیلی خشکه 
ابرسانی و نرم کنندگی خوبی داشت 
قبل از استفاده داخل حمام دو سه دقیقه روی مو بمونه و بعد یکم ابکشی کنید نباید خیلی این مواد از روی مو پاک شه تا تاثیرش بمونه",0,true,2025-05-21T17:07:55.2814247+00:00,مثبت,0.67,محصول,محصول
لوسیون نرم کننده مو مدل کرا مویست 250میل,https://www.khanoumi.com/products/prime-kera-moist-hair-conditioner-lotion-120-ml-23351,برای موهای من که خیلی خشک هست عالی بود,0,true,2025-04-27T20:22:45.7165529+00:00,مثبت,0.79,محصول,محصول
لوسیون نرم کننده مو مدل کرا مویست 250میل,https://www.khanoumi.com/products/prime-kera-moist-hair-conditioner-lotion-120-ml-23351,برای موهای من که جنس خیلی خشکی داره عالی بود,0,true,2025-04-27T20:21:34.398562+00:00,مثبت,0.79,محصول,محصول
لوسیون نرم کننده مو مدل کرا مویست 250میل,https://www.khanoumi.com/products/prime-kera-moist-hair-conditioner-lotion-120-ml-23351,برای موهای من اصلا خوب نبود و خشک تر شد.,0,false,2024-12-11T17:45:04.8598749+00:00,خنثی,0.4,محصول | اصل بودن کالا,محصول
لوسیون نرم کننده مو مدل کرا مویست 250میل,https://www.khanoumi.com/products/prime-kera-moist-hair-conditioner-lotion-120-ml-23351,خواهشا شارژ کنید و تخفیف خفن بزارین روی محصولات با کیفیت پرایم من چند ساله شامپو و ماسک مو پرایم میزنم و راضیم بوش محشر,0,false,2024-07-21T16:03:12+00:00,مثبت,0.79,محصول | قیمت,محصول
لوسیون نرم کننده مو مدل کرا مویست 250میل,https://www.khanoumi.com/products/prime-kera-moist-hair-conditioner-lotion-120-ml-23351,محصول فوق العاده با بوی عالی موهام دکلرس خیلی خوب نرم میکنه لطفا شارژش کنید,0,false,2023-12-20T21:15:00+00:00,مثبت,0.95,محصول,محصول
لوسیون نرم کننده مو مدل کرا مویست 250میل,https://www.khanoumi.com/products/prime-kera-moist-hair-conditioner-lotion-120-ml-23351,واقعا نرم کننده با کیفیت و عالییی هستش. بنظرم از همه محصولات ایرانی عالیتره,0,false,2023-10-21T14:12:17+00:00,مثبت,0.79,محصول,محصول
لوسیون نرم کننده مو مدل کرا مویست 250میل,https://www.khanoumi.com/products/prime-kera-moist-hair-conditioner-lotion-120-ml-23351,"این ماسک مو عالیه
مو ها رو نرم و لطیف میکنه و بوی خوبی هم داره",0,false,2021-07-26T10:15:12+00:00,مثبت,0.91,محصول,محصول
لوسیون نرم کننده مو مدل کرا مویست 250میل,https://www.khanoumi.com/products/prime-kera-moist-hair-conditioner-lotion-120-ml-23351,خيلي عاليه واقعا موهارو نرم ميكنه و درخشان👌👌👌,0,true,2020-03-15T19:57:09+00:00,مثبت,0.79,محصول,محصول
لوسیون نرم کننده مو مدل کرا مویست 250میل,https://www.khanoumi.com/products/prime-kera-moist-hair-conditioner-lotion-120-ml-23351,خیلی محصول خوبیه برای موهای اسیب ذیده وخشک من هم خیلی نرم میکنه وهم درخشان انگارموهاموتازه وشاداب میشن اولین باره که استفاده میکنم ودوباره هم میخرمش,6,true,2019-09-18T15:53:29+00:00,مثبت,0.67,محصول,محصول
لوسیون نرم کننده مو مدل کرا مویست 250میل,https://www.khanoumi.com/products/prime-kera-moist-hair-conditioner-lotion-120-ml-23351,محصول خیلی خوبیه سومین باره که شارژ کردم و به چند نفرم پیشنهاد دادم و راضی بودن,6,true,2019-07-21T19:48:13.4033333+00:00,مثبت,0.95,محصول,محصول
شامپو کنترل کننده چربی مدل بیوبا اس پلاس 250میل,https://www.khanoumi.com/products/prime-s-maiden-hair-sebum-control-shampoo-250ml-23352,عالیه،برای اینکه زیاد موهارو خشک نکنه من یه بار شامپوی معمولی و دفعه دوم ازین استفاده می کنم.به موها حجم میده و چربی کف سرو کنترل می کنه,0,true,2026-08-22T02:07:51.2260086+03:30,مثبت,0.79,محصول,محصول
شامپو کنترل کننده چربی مدل بیوبا اس پلاس 250میل,https://www.khanoumi.com/products/prime-s-maiden-hair-sebum-control-shampoo-250ml-23352,شامپو کنترل چربی پرایم عالی .خانومی لطفاتخفیف براش بزارید.,0,true,2026-08-07T10:07:39.9486947+03:30,مثبت,0.67,محصول | قیمت,محصول
شامپو کنترل کننده چربی مدل بیوبا اس پلاس 250میل,https://www.khanoumi.com/products/prime-s-maiden-hair-sebum-control-shampoo-250ml-23352,خوب بود,0,true,2026-07-29T21:42:02.737697+03:30,مثبت,0.79,محصول,محصول
شامپو کنترل کننده چربی مدل بیوبا اس پلاس 250میل,https://www.khanoumi.com/products/prime-s-maiden-hair-sebum-control-shampoo-250ml-23352,من موهام چربه خیلی راضی بودم از این محصول به مو حجم میده  و چربی رو کامل کنترل می‌کنه عالیه,0,false,2026-07-23T11:08:32.8233829+03:30,مثبت,0.91,محصول,محصول
شامپو کنترل کننده چربی مدل بیوبا اس پلاس 250میل,https://www.khanoumi.com/products/prime-s-maiden-hair-sebum-control-shampoo-250ml-23352,شامپو های زیادی استفاده کردم چربی موهام کم نشد هر روز حمام بودم این شامپو واقعا عالی هست یک روز در میان دیگه موهامو میشورم,0,true,2026-07-21T19:34:40.1585418+03:30,مثبت,0.67,محصول,محصول
شامپو کنترل کننده چربی مدل بیوبا اس پلاس 250میل,https://www.khanoumi.com/products/prime-s-maiden-hair-sebum-control-shampoo-250ml-23352,بوی خیلی خوبی میده بوی گلهای بهاری،من سرم خیلی خارش وشوره داشت وخیلی چرب میشد همش احساس میکردم موهام چسبیدن به هم،یکی دوماه استفاده کردم خیلی راضیم، یه کوچولوموهاروهم حجم میده‌،موقع استفاده بذاریدیکی دودقیقه روپوست سرتون بمونه وماساژبدید بعدابکشی کنیدنتیجه بهتری میده.,0,true,2026-07-13T14:54:56.7479368+03:30,مثبت,0.91,محصول,محصول
شامپو کنترل کننده چربی مدل بیوبا اس پلاس 250میل,https://www.khanoumi.com/products/prime-s-maiden-hair-sebum-control-shampoo-250ml-23352,"عالییییییی من پوست سرم به شدت چربه.
چندوقته که استفاده میکنم‌ خیلی راضیم‌،به موهاهم‌ حجم‌ میده.درهفته 3باراستفاده کنیدکافیه‌.",0,true,2026-07-13T14:50:03.5063473+03:30,مثبت,0.91,محصول,محصول
شامپو کنترل کننده چربی مدل بیوبا اس پلاس 250میل,https://www.khanoumi.com/products/prime-s-maiden-hair-sebum-control-shampoo-250ml-23352,من کف سر چربی دارم ولی ساقه موهام اونقدرا چرب نیس، بعد استفاده کف سرم خوب تمیز شد ولی ساقه ی موهام خشک و وز و کدر شد. بوی خنک لیمو و نعناش رو دوست داشتم ولی حیف که بوش روی مو نمیمونه.,0,true,2026-06-04T16:18:48.6499999+03:30,مثبت,0.79,محصول,محصول
شامپو کنترل کننده چربی مدل بیوبا اس پلاس 250میل,https://www.khanoumi.com/products/prime-s-maiden-hair-sebum-control-shampoo-250ml-23352,به کنترل چربی پوست سر و خارش کف سر خیلی کمک کرد.,0,true,2026-05-17T13:25:43.633354+03:30,خنثی,0.35,محصول,محصول
شامپو کنترل کننده چربی مدل بیوبا اس پلاس 250میل,https://www.khanoumi.com/products/prime-s-maiden-hair-sebum-control-shampoo-250ml-23352,واسه خارش کف سرم گرفتم، عالیه واقعا,0,true,2026-05-05T08:48:17.1864143+03:30,مثبت,0.79,سایر,سایر
شامپو کنترل کننده چربی مدل بیوبا اس پلاس 250میل,https://www.khanoumi.com/products/prime-s-maiden-hair-sebum-control-shampoo-250ml-23352,من 1ماهه دارم از این شامپو استفاده میکنم راضی بودم‌ برا کسایی که موهای چرب دارن و هر روز احساس میکنن موهاشون چربه بنظرم خیلی کنترل کننده اس بوی خیلی خوبی داره بوی لیمو و پرتقال میده در کل من راضی بودم چون الان موهام خشکتره و بوی بد نمیده,0,true,2026-05-02T00:20:08.0385001+03:30,مثبت,0.95,محصول,محصول
شامپو کنترل کننده چربی مدل بیوبا اس پلاس 250میل,https://www.khanoumi.com/products/prime-s-maiden-hair-sebum-control-shampoo-250ml-23352,خوبه ، مو رو هم خوش حالت می‌کنه,0,false,2026-04-02T21:43:51.9761921+03:30,مثبت,0.79,محصول,محصول
شامپو کنترل کننده چربی مدل بیوبا اس پلاس 250میل,https://www.khanoumi.com/products/prime-s-maiden-hair-sebum-control-shampoo-250ml-23352,موهای من فردای شستنش چرب میشه فایده نداشت برام,0,false,2026-03-14T02:07:29.1031121+03:30,خنثی,0.35,محصول,محصول
شامپو کنترل کننده چربی مدل بیوبا اس پلاس 250میل,https://www.khanoumi.com/products/prime-s-maiden-hair-sebum-control-shampoo-250ml-23352,توی کنترل چربی کف سر موثره راضی هستم ولی بعدش موهام بشدت خشک میشه باید حتما روغنی ،کرمی چیزی بزنم,0,true,2026-03-08T00:35:16.2419377+03:30,مثبت,0.67,محصول,محصول
شامپو کنترل کننده چربی مدل بیوبا اس پلاس 250میل,https://www.khanoumi.com/products/prime-s-maiden-hair-sebum-control-shampoo-250ml-23352,برای من خیلی مفید بود,0,true,2026-02-24T08:45:08.5354204+03:30,خنثی,0.35,محصول,محصول
شامپو کنترل کننده چربی مدل بیوبا اس پلاس 250میل,https://www.khanoumi.com/products/prime-s-maiden-hair-sebum-control-shampoo-250ml-23352,خیلی خوبه,0,true,2026-02-11T04:09:52.7677992+03:30,مثبت,0.91,سایر,سایر
شامپو کنترل کننده چربی مدل بیوبا اس پلاس 250میل,https://www.khanoumi.com/products/prime-s-maiden-hair-sebum-control-shampoo-250ml-23352,واقعا عالی بود و چربی موهامو کاملا کنترل کرد,0,true,2026-01-14T00:32:30.2736012+03:30,مثبت,0.79,محصول,محصول
شامپو کنترل کننده چربی مدل بیوبا اس پلاس 250میل,https://www.khanoumi.com/products/prime-s-maiden-hair-sebum-control-shampoo-250ml-23352,خیلی عالیه و واقعا تاثیر داره,0,true,2026-01-06T17:33:08.8610009+03:30,مثبت,0.79,سایر,سایر
شامپو کنترل کننده چربی مدل بیوبا اس پلاس 250میل,https://www.khanoumi.com/products/prime-s-maiden-hair-sebum-control-shampoo-250ml-23352,هیچ تاثیری نداشت واسه من,0,true,2025-11-26T21:12:18.2927206+03:30,خنثی,0.35,سایر,سایر
شامپو کنترل کننده چربی مدل بیوبا اس پلاس 250میل,https://www.khanoumi.com/products/prime-s-maiden-hair-sebum-control-shampoo-250ml-23352,من دوستش ذارم تازه خرلدم دو بار زدم فعلا و انقدر خارش سر داشتم نکران بودم با همین دوبار کنترل شده روی محصول نوشته که سه بار در هقته بیشتر نزنید و ذر کنترش شامپو روزانه استفاده بشه اکر رعایت بشه خیلی خوبه موها خشک نمیشن  به شافه ی مو نرک کننده میزنم تا خشک نباشه ریشه چون چرب هست چربی کنترل و خشک مبشه خوب دقیقا باید همین بشه,0,false,2025-02-21T10:06:35.9775221+00:00,مثبت,0.95,محصول,محصول
شامپو کنترل کننده چربی مدل بیوبا اس پلاس 250میل,https://www.khanoumi.com/products/prime-s-maiden-hair-sebum-control-shampoo-250ml-23352,چربی کف سر رو خیلی خوب کنترل میکنه و منی که زود به زود سرم خارش میگرفت، فعلا فقط این شامپو بوده که تاثیر داشته و کف سرمو خوب تمیز کرده. ولی مشکلش اینه که ساقه موها رو خیلی خشک میکنه و حتما باید بعد حمام از کرم مو و ... استفاده کرد.,0,false,2025-01-19T22:32:34.3221913+00:00,مثبت,0.91,محصول,محصول
شامپو کنترل کننده چربی مدل بیوبا اس پلاس 250میل,https://www.khanoumi.com/products/prime-s-maiden-hair-sebum-control-shampoo-250ml-23352,فوق العاده ست,0,true,2024-12-02T10:42:31.1322881+00:00,مثبت,0.67,سایر,سایر
شامپو کنترل کننده چربی مدل بیوبا اس پلاس 250میل,https://www.khanoumi.com/products/prime-s-maiden-hair-sebum-control-shampoo-250ml-23352,"لطفا موجود کنید
",0,false,2024-06-15T00:43:14+00:00,خنثی,0.35,محصول,محصول
شامپو کنترل کننده چربی مدل بیوبا اس پلاس 250میل,https://www.khanoumi.com/products/prime-s-maiden-hair-sebum-control-shampoo-250ml-23352,کی موجود می شه؟,0,true,2024-01-27T09:30:42+00:00,خنثی,0.35,محصول,محصول
شامپو کنترل کننده چربی مدل بیوبا اس پلاس 250میل,https://www.khanoumi.com/products/prime-s-maiden-hair-sebum-control-shampoo-250ml-23352,"واسه ی پوست سرم که چربه تاثیری نداشت
ساق موهام رنگ و دکلره داره خشک و بد حالت شد!😕",1,true,2022-12-08T05:58:46+00:00,منفی,0.67,محصول,محصول
شامپو کنترل کننده چربی مدل بیوبا اس پلاس 250میل,https://www.khanoumi.com/products/prime-s-maiden-hair-sebum-control-shampoo-250ml-23352,چربی مو یکی از مشکلاتی است که با استفاده از شامپوهای مناسب قابل کنترل است. برند پریم هم یک برند شناخته شده ایرانی است که با تولید این شامپو نیازهای مو شما را تأمین می کنید. این شامپو با PH مو سر سازگار بوده و به خوبی چربی پوست شما را کنترل می کند.  عدم وجود پارابن در این محصول از بروز حساسیت های احتمالی نیز جلوگیری می کند. ,4,false,2022-10-04T12:05:36+00:00,مثبت,0.67,محصول,محصول
شامپو کنترل کننده چربی مدل بیوبا اس پلاس 250میل,https://www.khanoumi.com/products/prime-s-maiden-hair-sebum-control-shampoo-250ml-23352,عاااااااالی ,1,true,2022-09-07T16:58:06+00:00,خنثی,0.35,سایر,سایر
شامپو کنترل کننده چربی مدل بیوبا اس پلاس 250میل,https://www.khanoumi.com/products/prime-s-maiden-hair-sebum-control-shampoo-250ml-23352,شامپوی خوبی هست و همراه کنترل چربی موهارو خوش حالت و براق میکنه,8,true,2021-06-13T16:41:38+00:00,مثبت,0.67,محصول,محصول
شامپو کنترل کننده چربی مدل بیوبا اس پلاس 250میل,https://www.khanoumi.com/products/prime-s-maiden-hair-sebum-control-shampoo-250ml-23352,واسه کنترل چربی مو عالیه,10,true,2020-02-23T01:55:02+00:00,مثبت,0.79,محصول,محصول
شامپو کنترل کننده چربی مدل بیوبا اس پلاس 250میل,https://www.khanoumi.com/products/prime-s-maiden-hair-sebum-control-shampoo-250ml-23352,"،حتي در مقايسه با برند هاي ايراني و خارجي ميشه گفت كه خيلي كيفيت بالايي داره.بخوبي چربي سر و كنترل ميكنه و با اين حال نرمي موها رو هم حفظ ميكنه. واگر همراه با شامپوي ملايم روزانه مصرف بشه كاملا سلامت و شادابي مو حفظ ميشه.
خلاصه كه خيلي عاليه
",33,true,2019-07-14T10:43:09.39+00:00,مثبت,0.91,محصول,محصول
خمیردندان فریس مکس فرش نعنا,https://www.khanoumi.com/products/frice-mint-toothpaste-120g-23354,"خیلی خوش طعم و دوست داشتنیه
بوی نعنا میده ولی از نوع شیرینش
نمیسوزونه اصلا",0,true,2026-05-18T11:58:27.2930359+03:30,منفی,0.67,محصول | اصل بودن کالا,اصل بودن کالا
خمیر دندان  ژل سنستیو,https://www.khanoumi.com/products/pharmed-gel-sensitive-toothpaste-100g-23355,"برای دندان و لثه های حساس خیلی عالیه
من دفعه سومه سفارش میدم",0,true,2026-03-15T21:18:47.0689696+03:30,مثبت,0.79,سایر,سایر
خمیر دندان توتال کر سنستیو,https://www.khanoumi.com/products/pharmed-total-care-sensitive-toothpaste-100g-23356,بعد از ده روز استفاده تاثیرشو می‌بینید . برای دندان های حساس مفیده و پاک کنندگی خوبی هم داره,0,true,2025-09-06T05:26:33.2627041+03:30,مثبت,0.67,سایر,سایر
خمیر دندان توتال کر سنستیو,https://www.khanoumi.com/products/pharmed-total-care-sensitive-toothpaste-100g-23356,افتضاح اصلا بدرد نمیخوره,0,false,2025-04-30T20:19:10.5887139+00:00,خنثی,0.4,اصل بودن کالا,اصل بودن کالا
خمیر دندان توتال کر سنستیو,https://www.khanoumi.com/products/pharmed-total-care-sensitive-toothpaste-100g-23356,خمیر دندان خوبی و بوی خوبی داره تمیز کنندگی هم خوب,0,true,2025-04-28T16:58:20.3878586+00:00,مثبت,0.91,محصول,محصول
خمیر دندان توتال کر سنستیو,https://www.khanoumi.com/products/pharmed-total-care-sensitive-toothpaste-100g-23356,اونایی که خمیر دندون میزنن به دندوناشون میسوزه ، این خمیر دندان خوبیه ، باعث سوزش لثه و دندان نمیشه . مناسب اونایی هست که حساسیت دندانی دارند.,0,true,2024-12-24T15:26:14.8654204+00:00,مثبت,0.67,سایر,سایر
خمیر دندان توتال کر سنستیو,https://www.khanoumi.com/products/pharmed-total-care-sensitive-toothpaste-100g-23356,khube,4,false,2019-03-26T12:10:54.9133333+00:00,خنثی,0.35,سایر,سایر
خمیر دندان ملایم سفید کننده,https://www.khanoumi.com/products/pharmed-gentle-whitening-toothpaste-100g-23357,عالیه سفید میکنه دندون هارو قشنگ ، منتها بو نداره,0,false,2026-03-24T23:16:35.6281753+03:30,مثبت,0.79,محصول,محصول
خمیر دندان ملایم سفید کننده,https://www.khanoumi.com/products/pharmed-gentle-whitening-toothpaste-100g-23357,"واقعاً عااالی
هم سفید کننده
هم ضد حساسیت
فقط سفید کننده ها دائم نباید استفاده شوند",0,false,2026-02-14T01:01:32.1117391+03:30,خنثی,0.35,سایر,سایر
خمیر دندان ملایم سفید کننده,https://www.khanoumi.com/products/pharmed-gentle-whitening-toothpaste-100g-23357,عالی بود,0,true,2026-01-06T17:34:16.9178902+03:30,مثبت,0.79,محصول,محصول
خمیر دندان سنستیو ان هاپ,https://www.khanoumi.com/products/pharmed-n-hap-sensitive-toothpaste-100g-23358,بسیار عالیه بعد از سه چهار ماه استفاده مداوم حساسیت تا حد بسیار قابل توجهی کم میشه من تا حدی حساس بود دندونام که دندونپزشکام تعجب میکردن خمیردندونش بهترینه,0,true,2026-06-05T22:15:48.3011164+03:30,مثبت,0.91,محصول,محصول
خمیر دندان سنستیو ان هاپ,https://www.khanoumi.com/products/pharmed-n-hap-sensitive-toothpaste-100g-23358,کن راضی نبودم,0,true,2026-03-03T01:48:14.035725+03:30,منفی,0.67,محصول,محصول
خمیر دندان سنستیو ان هاپ,https://www.khanoumi.com/products/pharmed-n-hap-sensitive-toothpaste-100g-23358,اشغاله,0,true,2026-02-21T02:11:18.4574472+03:30,خنثی,0.35,سایر,سایر
خمیر دندان سنستیو ان هاپ,https://www.khanoumi.com/products/pharmed-n-hap-sensitive-toothpaste-100g-23358,معمولیه، طعمش شیرینه,0,true,2025-09-03T09:47:48.0520919+03:30,خنثی,0.35,محصول,محصول
خمیر دندان سنستیو ان هاپ,https://www.khanoumi.com/products/pharmed-n-hap-sensitive-toothpaste-100g-23358,واقعا مزخرف بود در حدی که بعد چند بار استفاده انداختم دور کساییکه از این خمیر دندون تعریف میکنن خمیردندون خوب استفاده نکردن تا تفاوت و احساس کنن,0,true,2025-07-16T07:47:48.7523365+00:00,مثبت,0.67,محصول,محصول
خمیر دندان سنستیو ان هاپ,https://www.khanoumi.com/products/pharmed-n-hap-sensitive-toothpaste-100g-23358,عالیه،خیلیم بو و طعم خوبی داره,0,false,2024-07-17T18:06:36+00:00,مثبت,0.91,محصول,محصول
کرم ترمیم کننده مو کرا مویست 30میل,https://www.khanoumi.com/products/prime-kera-moist-antyfrizz-serum-250-ml-23359,"دیگه مثل قبل نیست نمیدونم موادش عوض شده 
قیمت هم ک رفته بالا و حجم کم من شخصا دیگه نمیخرم",0,true,2026-07-06T10:47:46.7055596+03:30,خنثی,0.35,محصول | قیمت,محصول
کرم ترمیم کننده مو کرا مویست 30میل,https://www.khanoumi.com/products/prime-kera-moist-antyfrizz-serum-250-ml-23359,نسبت به قیمتش خیلی حجمش کم هست ولی عالیه تنها محصولی هست که باهاش موخوره نزدم حالت درمانی داره کاش درحجم بیشترتولیدبشه,0,true,2026-04-19T10:05:44.0517426+03:30,مثبت,0.79,محصول | قیمت,محصول
کرم ترمیم کننده مو کرا مویست 30میل,https://www.khanoumi.com/products/prime-kera-moist-antyfrizz-serum-250-ml-23359,حجمش خییییلی کمه اگر موهاتون مثل من بلنده و باید زیاد بزنید اصلا بنظرم ارزش خرید نداره حتی از یه کرم دست هم کمتره و بوش هم سلیقه من نبود با اینکه من اکثر بو هارو دوست دارم در کل بنظرم ارزش خرید نداره,0,true,2026-04-12T12:49:11.9559887+03:30,منفی,0.67,محصول | قیمت | اصل بودن کالا,اصل بودن کالا
کرم ترمیم کننده مو کرا مویست 30میل,https://www.khanoumi.com/products/prime-kera-moist-antyfrizz-serum-250-ml-23359,بوی ملایم و تمیزی خوبی داره جز حجم کمش هیچ مشکلی نداره,0,true,2026-03-10T08:22:06.8948838+03:30,مثبت,0.67,محصول,محصول
کرم ترمیم کننده مو کرا مویست 30میل,https://www.khanoumi.com/products/prime-kera-moist-antyfrizz-serum-250-ml-23359,عالیه حالت دهی خوب عطر خوب و ترمیم کننده خوب ممنون,0,true,2026-01-27T20:16:51.4367871+03:30,مثبت,0.95,محصول,محصول
کرم ترمیم کننده مو کرا مویست 30میل,https://www.khanoumi.com/products/prime-kera-moist-antyfrizz-serum-250-ml-23359,"عالیه مو رو خیلی نرم و لطیف میکنه بدون اینکه ذره ای چربی روی


خیلی مو رو نرم و لطیف میکنه اصلآ چرب نیست و برای موهای من که چرب بود عالیه ولی حجمش نسبت به قیمتش خیلی کمه",0,true,2026-01-17T02:54:20.9451793+03:30,ترکیبی,0.87,محصول | اصل بودن کالا | قیمت,محصول
کرم ترمیم کننده مو کرا مویست 30میل,https://www.khanoumi.com/products/prime-kera-moist-antyfrizz-serum-250-ml-23359,خیلی خوبه مو رو ابریشمی و نرم میکنه بدون سنگینی ولی خیلی حجمش کمه خیلی زود تموم میشه,0,true,2025-11-07T01:02:30.9456605+03:30,ترکیبی,0.87,محصول,محصول
کرم ترمیم کننده مو کرا مویست 30میل,https://www.khanoumi.com/products/prime-kera-moist-antyfrizz-serum-250-ml-23359,حجمش خیلی کمه و با این قیمت ارزش خرید نداره,0,true,2025-03-03T09:44:58.00628+00:00,منفی,0.67,قیمت | محصول,قیمت
کرم ترمیم کننده مو کرا مویست 30میل,https://www.khanoumi.com/products/prime-kera-moist-antyfrizz-serum-250-ml-23359,خیلی کمه ولی عالیه,0,true,2024-12-19T21:54:43.4907441+00:00,مثبت,0.79,سایر,سایر
کرم ترمیم کننده مو کرا مویست 30میل,https://www.khanoumi.com/products/prime-kera-moist-antyfrizz-serum-250-ml-23359,چندمین باره که سفارش میدمش ، مخافظتش از مو عالیه ، نسبت به حجم یکم گرونه ولی بازم میخرمش راضی بودم,0,false,2024-10-09T19:57:50.3919862+00:00,مثبت,0.91,محصول | قیمت,محصول
کرم ترمیم کننده مو کرا مویست 30میل,https://www.khanoumi.com/products/prime-kera-moist-antyfrizz-serum-250-ml-23359,"با سلام من خیلی خوشحالم که عضو در خرید محصوِلات شما شدم دیگه محصول اصل به دستم میرسه نه تقلبی تشکر 

",0,false,2023-05-06T21:40:41+00:00,ترکیبی,0.66,اصل بودن کالا | محصول,اصل بودن کالا
کرم ترمیم کننده مو کرا مویست 30میل,https://www.khanoumi.com/products/prime-kera-moist-antyfrizz-serum-250-ml-23359,دیروز به دستم رسید با اولین استفاده موهامو کلی براق و نرم کرد خیلی دوسش دارم فقط حجمش کمه برای موی بلند من که حتما دوباره سفارش میدم,1,true,2021-08-03T12:34:34+00:00,خنثی,0.35,محصول | تحویل و ارسال,محصول
کرم ترمیم کننده مو کرا مویست 30میل,https://www.khanoumi.com/products/prime-kera-moist-antyfrizz-serum-250-ml-23359,"ترمیم کننده مو پرایم خیلی خوبه راضی بودم  ولی حجمش بشدت کمه - یعنی برا من که چند بار بیشتر نشد :( 
حیف ",31,false,2019-11-05T12:18:51+00:00,مثبت,0.95,محصول,محصول
ست هدیه کرم مرطوب کننده سه عددی,https://www.khanoumi.com/products/seagull-002-moisturizing-cream-pack-of-3-23361,هر کدوم از کرم ها چند میل هستند؟؟؟,8,false,2019-05-20T15:19:49.7766667+00:00,خنثی,0.35,محصول,محصول
سرم نرم کننده و محافظ حرارتی مو مدل آر اس,https://www.khanoumi.com/products/prime-conditionering-and-heat-protect-hair-serum-for-fizzy-hair-120ml-23362,بشدت خوبه,0,true,2026-08-26T19:12:22.0762131+03:30,مثبت,0.79,سایر,سایر
سرم نرم کننده و محافظ حرارتی مو مدل آر اس,https://www.khanoumi.com/products/prime-conditionering-and-heat-protect-hair-serum-for-fizzy-hair-120ml-23362,خیلی خوبه مورو چرب نمیکنه نرم وبراق میکنه,0,true,2026-08-25T01:46:18.7457335+03:30,مثبت,0.91,محصول,محصول
سرم نرم کننده و محافظ حرارتی مو مدل آر اس,https://www.khanoumi.com/products/prime-conditionering-and-heat-protect-hair-serum-for-fizzy-hair-120ml-23362,واقعا خوبه و نمیذاره موقع سشوار کشیدن موها آسیب ببینن، همینطور نمیذاره موخوره بگیری و وزی رو هم میگیره,0,true,2026-08-19T20:49:22.341474+03:30,منفی,0.79,محصول,محصول
سرم نرم کننده و محافظ حرارتی مو مدل آر اس,https://www.khanoumi.com/products/prime-conditionering-and-heat-protect-hair-serum-for-fizzy-hair-120ml-23362,هر چی بگم خوبه کم گفتم یعنی برا مهمونی و استفاده از بابلیس و اتو مو عالیه عالی امتحان کن ضرر نمیکنی,0,true,2026-08-13T00:47:34.1146347+03:30,مثبت,0.95,محصول,محصول
سرم نرم کننده و محافظ حرارتی مو مدل آر اس,https://www.khanoumi.com/products/prime-conditionering-and-heat-protect-hair-serum-for-fizzy-hair-120ml-23362,عااالیه بوی خوب نرم کنندگی عالی وزو کااامل میگیره قبل سشوار بزنین بی نظیره حجمشم که بی نهااایت من یه سال و خورده ایه دارمش با اینکه روز درمیون بعد حمام میزنمش فکرمیکنم یه دوماه دیگه بمونه برام برای جلوگیری از موخوره هم عالیه,0,false,2026-08-10T14:22:09.7087665+03:30,مثبت,0.95,محصول,محصول
سرم نرم کننده و محافظ حرارتی مو مدل آر اس,https://www.khanoumi.com/products/prime-conditionering-and-heat-protect-hair-serum-for-fizzy-hair-120ml-23362,به شدت پیشنهاد می کنم برای بار دوم هست می گیرم و خیلی راضی هستم,0,true,2026-08-07T18:51:14.8883177+03:30,مثبت,0.79,سایر,سایر
سرم نرم کننده و محافظ حرارتی مو مدل آر اس,https://www.khanoumi.com/products/prime-conditionering-and-heat-protect-hair-serum-for-fizzy-hair-120ml-23362,من فقط میتونم بگم بی نظیره,0,true,2026-08-06T00:08:42.0103671+03:30,خنثی,0.35,سایر,سایر
سرم نرم کننده و محافظ حرارتی مو مدل آر اس,https://www.khanoumi.com/products/prime-conditionering-and-heat-protect-hair-serum-for-fizzy-hair-120ml-23362,"واقعا عالیه
پیشنهادش میکنم
مرسی از خانومی",0,true,2026-08-02T23:55:48.8396748+03:30,مثبت,0.95,سایر,سایر
سرم نرم کننده و محافظ حرارتی مو مدل آر اس,https://www.khanoumi.com/products/prime-conditionering-and-heat-protect-hair-serum-for-fizzy-hair-120ml-23362,ما تو شمال زندگی میکنیم و من موهای وزی دارم برای من عالی بود خیلی موهارو نرم میکنه قبل از شسوار کردن حتما بزنین,0,true,2026-07-17T20:18:33.1000548+03:30,مثبت,0.79,محصول,محصول
سرم نرم کننده و محافظ حرارتی مو مدل آر اس,https://www.khanoumi.com/products/prime-conditionering-and-heat-protect-hair-serum-for-fizzy-hair-120ml-23362,عالیه ،ارزش خرید داشت,0,true,2026-07-16T10:24:33.3387203+03:30,مثبت,0.91,قیمت,قیمت
سرم نرم کننده و محافظ حرارتی مو مدل آر اس,https://www.khanoumi.com/products/prime-conditionering-and-heat-protect-hair-serum-for-fizzy-hair-120ml-23362,عالیه,0,false,2026-07-09T02:57:43.5632653+03:30,مثبت,0.79,سایر,سایر
سرم نرم کننده و محافظ حرارتی مو مدل آر اس,https://www.khanoumi.com/products/prime-conditionering-and-heat-protect-hair-serum-for-fizzy-hair-120ml-23362,عالیه بهترین محصولیه ک تا الان واسه موهام استفاده کردم اصلا موهارو‌چرب نمیکنه و کاملا سبکه,0,false,2026-07-02T15:10:36.363412+03:30,مثبت,0.95,محصول | اصل بودن کالا,محصول
سرم نرم کننده و محافظ حرارتی مو مدل آر اس,https://www.khanoumi.com/products/prime-conditionering-and-heat-protect-hair-serum-for-fizzy-hair-120ml-23362,من خیلی وقته استفاده میکنم برای موهایی که دکلره داره عالیه,0,true,2026-06-30T09:00:48.0554978+03:30,مثبت,0.79,محصول,محصول
سرم نرم کننده و محافظ حرارتی مو مدل آر اس,https://www.khanoumi.com/products/prime-conditionering-and-heat-protect-hair-serum-for-fizzy-hair-120ml-23362,کیفیتش خیلی پایین اومده دیگه نمیخرم,0,true,2026-06-27T00:47:19.6802771+03:30,خنثی,0.35,محصول,محصول
سرم نرم کننده و محافظ حرارتی مو مدل آر اس,https://www.khanoumi.com/products/prime-conditionering-and-heat-protect-hair-serum-for-fizzy-hair-120ml-23362,خیلی خیلی خوبه فقط کافیه یکبار ازش استفاده کنی اصلا مورو چرب نمیکنه خیلی سبکه منکه واقعا راضیم فوق العاده س ممنون از خانمی,0,true,2026-06-20T16:22:23.7468181+03:30,مثبت,0.95,محصول | اصل بودن کالا,محصول
سرم نرم کننده و محافظ حرارتی مو مدل آر اس,https://www.khanoumi.com/products/prime-conditionering-and-heat-protect-hair-serum-for-fizzy-hair-120ml-23362,خیلی عالی بود,0,true,2026-06-01T17:30:23.5732489+03:30,مثبت,0.79,محصول,محصول
سرم نرم کننده و محافظ حرارتی مو مدل آر اس,https://www.khanoumi.com/products/prime-conditionering-and-heat-protect-hair-serum-for-fizzy-hair-120ml-23362,موهای من مجعد، ضخیم و خشک هست. بعد دکلره خشک تر هم شده. از این سرم خیلی راصی بودم. موهام رو نرم میکنه و حس سنگینی به مو نمیده. تموم بشه دوباره میخرم.,0,true,2026-05-23T09:35:52.2710608+03:30,خنثی,0.35,محصول,محصول
سرم نرم کننده و محافظ حرارتی مو مدل آر اس,https://www.khanoumi.com/products/prime-conditionering-and-heat-protect-hair-serum-for-fizzy-hair-120ml-23362,سرم خیلی خوبیه. باید رو موی نم دار استفاده شه. من موهام موج داره بعد اینکه اینو میزنم هم موهام نرم‌ میشه هم موجشو خیلییی خوشگل میکنه,0,true,2026-05-17T11:54:30.8771243+03:30,مثبت,0.79,محصول,محصول
سرم نرم کننده و محافظ حرارتی مو مدل آر اس,https://www.khanoumi.com/products/prime-conditionering-and-heat-protect-hair-serum-for-fizzy-hair-120ml-23362,عالیه واقعا،اصن حس سنگینی نداره و بوی خیلی خوبی داره،موهارو تقویت می‌کنه و ریزش نمیاره، فقط یادتون باشه روی موهای نم دار باید استفاده کنید,0,false,2026-05-07T23:18:38.5807301+03:30,مثبت,0.79,محصول,محصول
سرم نرم کننده و محافظ حرارتی مو مدل آر اس,https://www.khanoumi.com/products/prime-conditionering-and-heat-protect-hair-serum-for-fizzy-hair-120ml-23362,بسیار عالی فقط باید بلد باشی باهاش کار کنی چون غلیظ هست یه مقدار کمش مقدار زیادی از مو رو پوشش میده و عالیه واسه اتو کشیدن و بابلیس کردن مو که محافظت میکنه و یه حالت زیبا به مو میده.,0,true,2026-05-06T10:51:05.4199664+03:30,مثبت,0.91,محصول,محصول
سرم نرم کننده و محافظ حرارتی مو مدل آر اس,https://www.khanoumi.com/products/prime-conditionering-and-heat-protect-hair-serum-for-fizzy-hair-120ml-23362,خیلی خوبه بخصوص برای موهای دکلره شده و اسیب دیده,0,true,2026-04-25T12:25:44.0976098+03:30,مثبت,0.91,محصول,محصول
سرم نرم کننده و محافظ حرارتی مو مدل آر اس,https://www.khanoumi.com/products/prime-conditionering-and-heat-protect-hair-serum-for-fizzy-hair-120ml-23362,برای موهای فوق وز و خشک و‌ فر مناسبه برای موهای صاف یا مجعد خیلی سنگینه,0,false,2026-04-20T20:57:17.4987063+03:30,خنثی,0.35,محصول,محصول
سرم نرم کننده و محافظ حرارتی مو مدل آر اس,https://www.khanoumi.com/products/prime-conditionering-and-heat-protect-hair-serum-for-fizzy-hair-120ml-23362,"اصلا راضی نبودم سنگین و چربه .محافظ حرارت باید سبک و روان باشه این موها رو جوری چرب میکنه که انگار مو کثیف و چربه.
حتی به عنوان روغن آرگان هم نمیشه ازش استفاده کرد.",0,true,2026-04-10T07:58:08.1069806+03:30,منفی,0.79,محصول | اصل بودن کالا,اصل بودن کالا
سرم نرم کننده و محافظ حرارتی مو مدل آر اس,https://www.khanoumi.com/products/prime-conditionering-and-heat-protect-hair-serum-for-fizzy-hair-120ml-23362,منم چهار سری خریدم تا حالا عالی سبک و حال خوبی به مو میده .,0,false,2026-04-07T23:23:45.3618485+03:30,مثبت,0.79,محصول,محصول
سرم نرم کننده و محافظ حرارتی مو مدل آر اس,https://www.khanoumi.com/products/prime-conditionering-and-heat-protect-hair-serum-for-fizzy-hair-120ml-23362,عالیه. مو رو نرم میکنه و وز رو میگیره. وقتی‌مو نمداره بزنید . نه زیاد که چرب بشه. بعد با سشوار مو رو خشک کنید خیلی تاثیر بهتری داره. و اینکه محافظ حرارته خیلی خوبه بدون عذاب وجدان از سشوار استفاده میکنم البته که با باد ملایم...,0,false,2026-04-07T18:35:24.7412376+03:30,مثبت,0.95,محصول,محصول
سرم نرم کننده و محافظ حرارتی مو مدل آر اس,https://www.khanoumi.com/products/prime-conditionering-and-heat-protect-hair-serum-for-fizzy-hair-120ml-23362,منم تا الان  سومین باره این سرم تمدید کردم راضی ام ازش موهای من فر هست بعد از کرم مو و اسکرانچ ازین سرم میزنم و بعد موهامو با سشوار خشک میکنم هم از حرارت سشوار موهامو حفظ میکنه هم بهم فرهای خوشگلی میده,0,true,2026-04-05T04:24:44.4206414+03:30,مثبت,0.79,محصول,محصول
سرم نرم کننده و محافظ حرارتی مو مدل آر اس,https://www.khanoumi.com/products/prime-conditionering-and-heat-protect-hair-serum-for-fizzy-hair-120ml-23362,عالیه برای انواع مو، 2 سال هست که مداوم استفاده میکنم و اینکه یه صافی کمی هم به مو میده,0,true,2026-03-25T16:11:16.6829012+03:30,مثبت,0.79,محصول,محصول
سرم نرم کننده و محافظ حرارتی مو مدل آر اس,https://www.khanoumi.com/products/prime-conditionering-and-heat-protect-hair-serum-for-fizzy-hair-120ml-23362,بوی ملایم و خوبی داره عطرش شبیه کرم مو پرایم هستش مو رو ابریشمی میکنه خیلی خیلی راضیم و حتما بازم استفاده میکنم ازش,0,true,2026-03-10T08:27:02.6697817+03:30,مثبت,0.91,محصول,محصول
سرم نرم کننده و محافظ حرارتی مو مدل آر اس,https://www.khanoumi.com/products/prime-conditionering-and-heat-protect-hair-serum-for-fizzy-hair-120ml-23362,"اگه به اندازه و ساقه مو استفاده بشه مو چرب نمیشه
به حالت پذیری مو کمک میکنه و مو رو براق میکنه
وقتی نرم کننده و این سرم رو با هم استفاده میکنم موهام زودتر چرب میشه، حواستون باید به روتین و جنس موهاتون باشه",0,false,2026-03-09T21:35:59.0190552+03:30,خنثی,0.35,محصول,محصول
سرم نرم کننده و محافظ حرارتی مو مدل آر اس,https://www.khanoumi.com/products/prime-conditionering-and-heat-protect-hair-serum-for-fizzy-hair-120ml-23362,من موهام فره و بعد از حمام از این محصول استفاده میکنم،خیلی ازش راضی ام خیلی،موهامو اصلا چرب نمیکنه،موهام به هیچ عنوان بهم نمیچسبه،و حالت موهام رو حفظ میکنه در کل محصول خیلی خوبیه و بازهم میخرمش,0,true,2026-03-06T22:21:40.4375367+03:30,مثبت,0.91,محصول | اصل بودن کالا,محصول
سرم نرم کننده و محافظ حرارتی مو مدل آر اس,https://www.khanoumi.com/products/prime-conditionering-and-heat-protect-hair-serum-for-fizzy-hair-120ml-23362,"من موهام خشک و وزه، بعد حموم باید سشوار بکشم تا صاف بشه این سرم موهامو واقعا نرم و براق میکنه
چرب نمیکنه، درخشنده میشه 
واقعا راضی‌ام ازش و هنوز تموم نشده یکی دیگه ازش میخرم",0,false,2026-01-24T11:40:47.4377907+03:30,مثبت,0.67,محصول,محصول
سرم نرم کننده و محافظ حرارتی مو مدل آر اس,https://www.khanoumi.com/products/prime-conditionering-and-heat-protect-hair-serum-for-fizzy-hair-120ml-23362,"واقعا سرم خوبیه
موهای من دکلرست بعد از حمام مقدار کمی از سرم و به ساقه موهام میزنم
واقعا نرم میکنه موهامو",0,true,2026-01-17T17:27:22.5171877+03:30,مثبت,0.67,محصول,محصول
سرم نرم کننده و محافظ حرارتی مو مدل آر اس,https://www.khanoumi.com/products/prime-conditionering-and-heat-protect-hair-serum-for-fizzy-hair-120ml-23362,خوبه ولی بااین قیمت محصولات بهتری میشه خرید,0,true,2025-12-14T22:19:27.6698801+03:30,مثبت,0.79,محصول | قیمت,محصول
سرم نرم کننده و محافظ حرارتی مو مدل آر اس,https://www.khanoumi.com/products/prime-conditionering-and-heat-protect-hair-serum-for-fizzy-hair-120ml-23362,موهای من به شدت نسبت به سشوار اسیب میدید این محصول واقعا برام معجزه میکنه. مو رو کامل نرم میکنه و حتی برای من احیا. و حالت درخشانندگی میکنه,0,true,2025-12-06T09:59:59.3970448+03:30,خنثی,0.35,محصول,محصول
سرم نرم کننده و محافظ حرارتی مو مدل آر اس,https://www.khanoumi.com/products/prime-conditionering-and-heat-protect-hair-serum-for-fizzy-hair-120ml-23362,تا حالا استفاده نکرده بودم، همینجا با نظرات بقیه خریدمش، و دیدم واقعااا خوبه ، راضیم ازش,0,true,2025-11-08T15:20:12.4620434+03:30,مثبت,0.95,محصول,محصول
سرم نرم کننده و محافظ حرارتی مو مدل آر اس,https://www.khanoumi.com/products/prime-conditionering-and-heat-protect-hair-serum-for-fizzy-hair-120ml-23362,جنس موهای من حالت دار و ساقه موی نسبتا خشکی دارم و تا موهام هم ضخامت متوسطی  داره. این محصول رو برای اولین بار خریدم و تقریبا یک هفته استفاده کردم ،با وجود اینکه دو قطره بیشتر به موهام نمیزدم ولی مثل چسب به موهام می‌چسبند و به شدت  موهام رو کدر میکرد و هم بدحالت ،و حالت دهی رو از موهام گرفته بود طوری که با هیچ سشوار و اتو مویی موهام خوش حالت نمیشد ،به معنای واقعی میتونم بگم افتضاحه تا به حال هیچ سرم مویی به این بدی استفاده نکرده بودم .,0,true,2025-10-07T12:33:08.6781794+03:30,منفی,0.91,محصول,محصول
سرم نرم کننده و محافظ حرارتی مو مدل آر اس,https://www.khanoumi.com/products/prime-conditionering-and-heat-protect-hair-serum-for-fizzy-hair-120ml-23362,من میخواستم بخرمش با اینکه وزی مو رو نمی‌بره اما تقریبا بهتر از باقی سرمهایی بود که مصرف کرده بودم اما با این قیمت اصلا نمی ارزه و عمرا بخرم. مگر اینکه تخفیف 70درصد بذارید که اونم هیچی,0,true,2025-09-21T19:48:26.6128195+03:30,منفی,0.67,محصول | قیمت | اصل بودن کالا,اصل بودن کالا
سرم نرم کننده و محافظ حرارتی مو مدل آر اس,https://www.khanoumi.com/products/prime-conditionering-and-heat-protect-hair-serum-for-fizzy-hair-120ml-23362,چقدرررر گرون شده چخبره واقعا؟؟؟,0,true,2025-09-21T09:05:31.6970198+03:30,خنثی,0.35,قیمت,قیمت
سرم نرم کننده و محافظ حرارتی مو مدل آر اس,https://www.khanoumi.com/products/prime-conditionering-and-heat-protect-hair-serum-for-fizzy-hair-120ml-23362,مو رو چرب نمیکنه اما رو وز مو تاثیری نداره,0,true,2025-09-17T03:27:14.7070028+03:30,خنثی,0.35,محصول,محصول
سرم نرم کننده و محافظ حرارتی مو مدل آر اس,https://www.khanoumi.com/products/prime-conditionering-and-heat-protect-hair-serum-for-fizzy-hair-120ml-23362,محصول خوبیه ،اصلا موهارو چرب نمیکنه و به حالت پذیری مو به شدت کمک میکنه,0,true,2025-08-03T19:45:52.8645684+00:00,مثبت,0.79,محصول | اصل بودن کالا,محصول
سرم نرم کننده و محافظ حرارتی مو مدل آر اس,https://www.khanoumi.com/products/prime-conditionering-and-heat-protect-hair-serum-for-fizzy-hair-120ml-23362,خیلی عالیه، موها رو چرب نمی‌‌کنه، با اتو مو خیلی موها رو خوش حالت می‌کنه، اگر نخواین موهاتون رو صاف بکنین هم یه ذره وزی موها رو میگیره به نظر من.,0,true,2025-06-06T16:30:00.7261992+00:00,مثبت,0.79,محصول,محصول
سرم نرم کننده و محافظ حرارتی مو مدل آر اس,https://www.khanoumi.com/products/prime-conditionering-and-heat-protect-hair-serum-for-fizzy-hair-120ml-23362,بهترین سرم مو هم گره باز میکنه هم سنگین نیست هم نرم میکنه هم براق عالیییی,0,false,2025-05-09T09:34:34.8196305+00:00,مثبت,0.79,محصول,محصول
سرم نرم کننده و محافظ حرارتی مو مدل آر اس,https://www.khanoumi.com/products/prime-conditionering-and-heat-protect-hair-serum-for-fizzy-hair-120ml-23362,بد نبود...اون مدل پرایم که شیشه‌ش قهوه ای بود خیلی بهتره,0,true,2025-04-20T15:01:31.4572544+00:00,مثبت,0.67,محصول,محصول
سرم نرم کننده و محافظ حرارتی مو مدل آر اس,https://www.khanoumi.com/products/prime-conditionering-and-heat-protect-hair-serum-for-fizzy-hair-120ml-23362,خیلییییی عالی بود سریع نرم میکنه و بعدش ک اتو مو میزنی موها کاملا صاف میشه مرسی از خانومی,0,true,2025-04-13T08:49:41.6978199+00:00,مثبت,0.91,محصول,محصول
سرم نرم کننده و محافظ حرارتی مو مدل آر اس,https://www.khanoumi.com/products/prime-conditionering-and-heat-protect-hair-serum-for-fizzy-hair-120ml-23362,فقط برای موهای زبر و وز مناسبه ؟ منی ک موهام نرمه نباید قبل از اتو یا سشوار استفاده کنم ازش؟,0,false,2025-03-20T17:23:42.0379352+00:00,خنثی,0.35,محصول,محصول
سرم نرم کننده و محافظ حرارتی مو مدل آر اس,https://www.khanoumi.com/products/prime-conditionering-and-heat-protect-hair-serum-for-fizzy-hair-120ml-23362,بهترین سرم مو هست که دیدم ! موقعی که از حمام میام استفاده میکنم و باعث چرب شدن موهام نمیشه بلکه براقش میکنه و خیلی بوی خوبی میده,0,true,2025-03-15T07:21:00.454041+00:00,مثبت,0.79,محصول,محصول
سرم نرم کننده و محافظ حرارتی مو مدل آر اس,https://www.khanoumi.com/products/prime-conditionering-and-heat-protect-hair-serum-for-fizzy-hair-120ml-23362,فوق العاده محصول خوبیه هم رایحه‌ی خوبی داره و هم نرم کنندگیش عالیه قبل از سشوار کشیدن یا اتو مو ازش استفاده کنید خیلی موهارو نرم و خوب میکنه,0,true,2025-03-07T11:02:41.1859753+00:00,مثبت,0.95,محصول,محصول
سرم نرم کننده و محافظ حرارتی مو مدل آر اس,https://www.khanoumi.com/products/prime-conditionering-and-heat-protect-hair-serum-for-fizzy-hair-120ml-23362,خود محصول خیلی خوبه ولی ظرفش شیشس . من از دستم افتاد شکست حیف شد,0,true,2025-03-01T12:40:23.2341188+00:00,مثبت,0.91,محصول,محصول
سرم نرم کننده و محافظ حرارتی مو مدل آر اس,https://www.khanoumi.com/products/prime-conditionering-and-heat-protect-hair-serum-for-fizzy-hair-120ml-23362,قبل اتو به موهام میزنم کاملا جذب میشه و اصلا چزب نمیکنه,0,true,2025-02-28T22:48:39.8490126+00:00,منفی,0.67,محصول | اصل بودن کالا,اصل بودن کالا
سرم نرم کننده و محافظ حرارتی مو مدل آر اس,https://www.khanoumi.com/products/prime-conditionering-and-heat-protect-hair-serum-for-fizzy-hair-120ml-23362,"محصول خوبیه اگر به اندازه ازش استفاده کنید موهاتون رو چرب نمی‌کنه.
فقط در محصول لق میزنه و کامل چفت نمی‌شه به جز این پکیجینگ‌ش ریزش و اینا نداشت پمپ‌ش هم خوب کار می‌کنه.
تا سطح قابل قبولی خوبه.",0,true,2025-02-24T15:16:55.582067+00:00,مثبت,0.95,محصول,محصول
سرم نرم کننده و محافظ حرارتی مو مدل آر اس,https://www.khanoumi.com/products/prime-conditionering-and-heat-protect-hair-serum-for-fizzy-hair-120ml-23362,خیلی عالیه وزی موهامو از بین برده و هروقت استفاده میکنم یه حالت ابریشمی به موهام میده,0,true,2025-02-23T14:19:29.0583111+00:00,مثبت,0.79,محصول,محصول
سرم نرم کننده و محافظ حرارتی مو مدل آر اس,https://www.khanoumi.com/products/prime-conditionering-and-heat-protect-hair-serum-for-fizzy-hair-120ml-23362,چراتخفیف بیشتر نمیذارید؟ قیمتش خیلی بالاست,0,true,2025-02-19T09:31:14.6706651+00:00,خنثی,0.35,قیمت,قیمت
سرم نرم کننده و محافظ حرارتی مو مدل آر اس,https://www.khanoumi.com/products/prime-conditionering-and-heat-protect-hair-serum-for-fizzy-hair-120ml-23362,"خیلی خوبه من راضی ام 
اولین محصول مویی هست که بعد از اینهمه سال ازش راضی ام",0,true,2025-02-19T09:19:23.1584557+00:00,مثبت,0.95,محصول,محصول
سرم نرم کننده و محافظ حرارتی مو مدل آر اس,https://www.khanoumi.com/products/prime-conditionering-and-heat-protect-hair-serum-for-fizzy-hair-120ml-23362,خوب بود,0,true,2025-02-17T19:51:11.7140067+00:00,مثبت,0.79,محصول,محصول
سرم نرم کننده و محافظ حرارتی مو مدل آر اس,https://www.khanoumi.com/products/prime-conditionering-and-heat-protect-hair-serum-for-fizzy-hair-120ml-23362,فکر کنم تاحالا پنج شیش تا ازش تموم کردم. و تا همیشه میخرمش. چرب نمیکنه بوی خوبی داره وزی موهای منو میگیره و خوش حالت می‌کنه. من اینو با ی ماسک مو بیرون حموم لورآل قاطی میکنم روی موهای نم دار میزنم ترکیبشون محشر میشه.,0,false,2025-02-17T14:58:03.644952+00:00,منفی,0.67,محصول,محصول
سرم نرم کننده و محافظ حرارتی مو مدل آر اس,https://www.khanoumi.com/products/prime-conditionering-and-heat-protect-hair-serum-for-fizzy-hair-120ml-23362,بسیار عالی,0,false,2025-02-16T16:41:04.0258225+00:00,مثبت,0.67,سایر,سایر
سرم نرم کننده و محافظ حرارتی مو مدل آر اس,https://www.khanoumi.com/products/prime-conditionering-and-heat-protect-hair-serum-for-fizzy-hair-120ml-23362,"از خریدش مطمئنم کسی پشیمون نمیشه 
عالیه",0,true,2025-02-09T21:03:07.1468388+00:00,منفی,0.67,محصول,محصول
سرم نرم کننده و محافظ حرارتی مو مدل آر اس,https://www.khanoumi.com/products/prime-conditionering-and-heat-protect-hair-serum-for-fizzy-hair-120ml-23362,"موهارو نرم میکنه و محافظت کننده خوبیه، حجم بالایی داره ولی انتظارم ازش نسبت به ادعاهایی که این محصول داره بیشتر بود. روی وزی و درخشانی مو تاثیر چندان زیادی نداره
در کل خوبه ولی تو تخفیف زیاد",0,true,2025-01-27T10:35:24.2191899+00:00,منفی,0.67,محصول | قیمت,محصول
سرم نرم کننده و محافظ حرارتی مو مدل آر اس,https://www.khanoumi.com/products/prime-conditionering-and-heat-protect-hair-serum-for-fizzy-hair-120ml-23362,"لطفا شارژ کنین با تخفیف
عالی بود",0,true,2025-01-08T08:43:43.4868734+00:00,مثبت,0.79,محصول | قیمت,محصول
سرم نرم کننده و محافظ حرارتی مو مدل آر اس,https://www.khanoumi.com/products/prime-conditionering-and-heat-protect-hair-serum-for-fizzy-hair-120ml-23362,عالی,0,true,2025-01-08T08:41:40.4566146+00:00,مثبت,0.67,سایر,سایر
سرم نرم کننده و محافظ حرارتی مو مدل آر اس,https://www.khanoumi.com/products/prime-conditionering-and-heat-protect-hair-serum-for-fizzy-hair-120ml-23362,لطفا شارژش کنید,0,false,2024-12-29T11:19:47.3112675+00:00,خنثی,0.35,سایر,سایر
سرم نرم کننده و محافظ حرارتی مو مدل آر اس,https://www.khanoumi.com/products/prime-conditionering-and-heat-protect-hair-serum-for-fizzy-hair-120ml-23362,"عالی عالی عالی عالی عالی عالی
معجزه معجزه معجزه معجزه",0,true,2024-12-18T06:43:42.2399886+00:00,مثبت,0.95,سایر,سایر
سرم نرم کننده و محافظ حرارتی مو مدل آر اس,https://www.khanoumi.com/products/prime-conditionering-and-heat-protect-hair-serum-for-fizzy-hair-120ml-23362,عالیه من اولین بار بود سفارش دادم موهارو براق میکنه اصلاچرب نیس,0,true,2024-12-04T20:02:31.969725+00:00,مثبت,0.91,محصول | اصل بودن کالا,محصول
سرم نرم کننده و محافظ حرارتی مو مدل آر اس,https://www.khanoumi.com/products/prime-conditionering-and-heat-protect-hair-serum-for-fizzy-hair-120ml-23362,میشه تخفیفشو بیشتر کنید,0,false,2024-12-01T10:03:53.1394007+00:00,خنثی,0.35,قیمت,قیمت
سرم نرم کننده و محافظ حرارتی مو مدل آر اس,https://www.khanoumi.com/products/prime-conditionering-and-heat-protect-hair-serum-for-fizzy-hair-120ml-23362,تخفیفشو بیشتر کنین لطفا,0,false,2024-11-30T07:08:34.9685704+00:00,خنثی,0.35,قیمت,قیمت
سرم نرم کننده و محافظ حرارتی مو مدل آر اس,https://www.khanoumi.com/products/prime-conditionering-and-heat-protect-hair-serum-for-fizzy-hair-120ml-23362,"سرم خوبیه اصلا احساس چربی نمیده و سیلیکون داخلش که برای محافظت از مو هست کاملا احساس میشه و مو رو براق میکنه 
فقط قیمتش خیلی زیاده ..نمیگم نمیارزه ولی خدایی 300 تومن برای یه سرم مو خیلی زیاده
حجمشم خوبه مواد هم تا ته داخلش پُر هست",0,false,2024-11-14T07:28:06.32461+00:00,مثبت,0.95,محصول | اصل بودن کالا | قیمت,محصول
