نام محصول,لینک محصول,متن کامنت,تعداد لایک,خریدار,تاریخ ثبت,احساس نظر,اطمینان احساس,دسته‌بندی‌ها,دسته اصلی
کرم بیوتی بالم بی بی (ب ب کرم),https://www.khanoumi.com/products/syn-skin-syn-beauty-bb-cream-spf30-25475,بافتش خوبه ولی مناسب پوست سفید نیست خیلی تیره میشه,0,true,2024-12-05T10:15:19.1646539+00:00,مثبت,0.79,محصول,محصول
کرم بیوتی بالم بی بی (ب ب کرم),https://www.khanoumi.com/products/syn-skin-syn-beauty-bb-cream-spf30-25475,خوب و سبکه کاور خوبی داره باعث جوشم نمیشه فقط من پوستم سفیده تا بزنم اختلاف رنگ پوست صورتم با گردنم خیلی مشخصه ولی برا سر کار که مقنعه دارم اوکیه,0,false,2024-12-05T08:48:39.7818797+00:00,مثبت,0.79,محصول,محصول
کرم بیوتی بالم بی بی (ب ب کرم),https://www.khanoumi.com/products/syn-skin-syn-beauty-bb-cream-spf30-25475,"بسیار عالی و کاور مناسب برای استفاده روزانه داره 
و از بسته بندی و ارسال بسیار منظم و تمیز خانومی واقعا ممنونم ...",0,true,2024-12-05T02:02:07.5143779+00:00,مثبت,0.79,تحویل و ارسال,تحویل و ارسال
کرم بیوتی بالم بی بی (ب ب کرم),https://www.khanoumi.com/products/syn-skin-syn-beauty-bb-cream-spf30-25475,من بار اول بود خریدم واقعا عالیه بافت سبک و مخملی داره زود پخش میشه و احساس سنگینی روی پوست نمیکنید حتی پشیمونم چرا تو بلک فرایدی 2تا نخریدم بخرید مطمینم پشیمون نمیشید من پوستم گندمی روشن هست,0,true,2024-12-03T10:13:34.1403451+00:00,مثبت,0.95,محصول,محصول
کرم بیوتی بالم بی بی (ب ب کرم),https://www.khanoumi.com/products/syn-skin-syn-beauty-bb-cream-spf30-25475,خیلی عالی بود تازه به دستم رسیده تو تخفیف خریدمش و واقعا از کیفیتش لذت بردم,0,true,2024-12-03T08:58:44.3624388+00:00,مثبت,0.91,محصول | تحویل و ارسال | قیمت,محصول
کرم بیوتی بالم بی بی (ب ب کرم),https://www.khanoumi.com/products/syn-skin-syn-beauty-bb-cream-spf30-25475,یه بار زدم هنوز ولی به حدی طبیعی رو پوست و پوستمو نرم و لطیف کرده که باورم نمیشه,0,true,2024-12-03T07:06:10.7108982+00:00,خنثی,0.35,محصول,محصول
کرم بیوتی بالم بی بی (ب ب کرم),https://www.khanoumi.com/products/syn-skin-syn-beauty-bb-cream-spf30-25475,سلام تو تبلیغ زده 60 درصد تخفیف,0,false,2024-12-02T15:33:45.56+00:00,خنثی,0.35,قیمت,قیمت
کرم بیوتی بالم بی بی (ب ب کرم),https://www.khanoumi.com/products/syn-skin-syn-beauty-bb-cream-spf30-25475,برای بار دوم خریدم عالیه ، کاور خوب سبک,0,true,2024-12-02T15:26:05.1725836+00:00,مثبت,0.91,سایر,سایر
کرم بیوتی بالم بی بی (ب ب کرم),https://www.khanoumi.com/products/syn-skin-syn-beauty-bb-cream-spf30-25475,عالی بود تا به دستم رسید یکی دیگ گرفتم,0,true,2024-12-01T20:52:47.0461013+00:00,مثبت,0.79,محصول | تحویل و ارسال,محصول
کرم بیوتی بالم بی بی (ب ب کرم),https://www.khanoumi.com/products/syn-skin-syn-beauty-bb-cream-spf30-25475,هم سبکه و هم بعد چن ساعت حالت موندگی به پوست نمیده به جرعت میتونم بگم عالیه,0,true,2024-12-01T15:29:36.0498206+00:00,مثبت,0.79,محصول,محصول
کرم بیوتی بالم بی بی (ب ب کرم),https://www.khanoumi.com/products/syn-skin-syn-beauty-bb-cream-spf30-25475,خوبه. سبک.ارزش خرید داره مخصوصا تو تخفیف,0,true,2024-12-01T07:47:27.9882624+00:00,مثبت,0.91,قیمت,قیمت
کرم بیوتی بالم بی بی (ب ب کرم),https://www.khanoumi.com/products/syn-skin-syn-beauty-bb-cream-spf30-25475,راضی ام خیلی خوب روی پوست میخوابه,0,true,2024-11-30T10:19:20.9454918+00:00,مثبت,0.95,محصول,محصول
کرم بیوتی بالم بی بی (ب ب کرم),https://www.khanoumi.com/products/syn-skin-syn-beauty-bb-cream-spf30-25475,عالیه بافت پوست رو نرم و مخملی میکنه کاورش خوبه و برای استفاده روزمره مناسبه,0,true,2024-11-30T09:49:27.6104748+00:00,مثبت,0.95,محصول,محصول
کرم بیوتی بالم بی بی (ب ب کرم),https://www.khanoumi.com/products/syn-skin-syn-beauty-bb-cream-spf30-25475,برا پوست های سبزه مناسبه؟؟,0,false,2024-11-29T13:16:46.9088341+00:00,خنثی,0.35,محصول,محصول
کرم بیوتی بالم بی بی (ب ب کرم),https://www.khanoumi.com/products/syn-skin-syn-beauty-bb-cream-spf30-25475,"تناژش به صورتی میزنه
کاور مناسبی داره
بیشتر از 2 ساعت روی پوست من باعث جوش شد.",0,true,2024-11-28T11:56:26.2710928+00:00,خنثی,0.35,محصول,محصول
کرم بیوتی بالم بی بی (ب ب کرم),https://www.khanoumi.com/products/syn-skin-syn-beauty-bb-cream-spf30-25475,تخفیفتون رو بیشتر کنید از دیشب 100 تومن گرون تر شد,0,false,2024-11-28T08:51:54.2911905+00:00,خنثی,0.35,قیمت,قیمت
کرم بیوتی بالم بی بی (ب ب کرم),https://www.khanoumi.com/products/syn-skin-syn-beauty-bb-cream-spf30-25475,دوستان بدون شک این بهترین بی بی کرمی هست که میتونید داشته باشید...بافت مخملی و یک دستی به پوستتون میده,0,true,2024-11-26T17:15:28.8319761+00:00,ترکیبی,0.66,محصول,محصول
کرم بیوتی بالم بی بی (ب ب کرم),https://www.khanoumi.com/products/syn-skin-syn-beauty-bb-cream-spf30-25475,منم راضیم.هر کرمی میخریدم رو پوستم رنگ نارنجی دیدع میشد ولی این دقیقا همرنگ پوست خودمه وکاملا سبکه,0,false,2024-11-25T19:26:53.8227112+00:00,مثبت,0.79,محصول,محصول
کرم بیوتی بالم بی بی (ب ب کرم),https://www.khanoumi.com/products/syn-skin-syn-beauty-bb-cream-spf30-25475,لطفاً تخفیف 50درصد بزارید بتونیم بخریم,0,false,2024-11-25T14:31:00.9654481+00:00,خنثی,0.35,قیمت,قیمت
کرم بیوتی بالم بی بی (ب ب کرم),https://www.khanoumi.com/products/syn-skin-syn-beauty-bb-cream-spf30-25475,لطفا موجودش کنید,0,true,2024-11-23T12:22:05.6636935+00:00,خنثی,0.35,محصول,محصول
کرم بیوتی بالم بی بی (ب ب کرم),https://www.khanoumi.com/products/syn-skin-syn-beauty-bb-cream-spf30-25475,لطفاً موجودش کنید,0,true,2024-11-21T18:06:34.416429+00:00,خنثی,0.35,محصول,محصول
کرم بیوتی بالم بی بی (ب ب کرم),https://www.khanoumi.com/products/syn-skin-syn-beauty-bb-cream-spf30-25475,بافت سبکی داره،لطفا دوباره موجود کنید,0,true,2024-11-18T13:12:54.7528795+00:00,خنثی,0.35,محصول,محصول
کرم بیوتی بالم بی بی (ب ب کرم),https://www.khanoumi.com/products/syn-skin-syn-beauty-bb-cream-spf30-25475,لطفا موجود کنید,0,false,2024-11-16T03:51:42.3246565+00:00,خنثی,0.35,محصول,محصول
کرم بیوتی بالم بی بی (ب ب کرم),https://www.khanoumi.com/products/syn-skin-syn-beauty-bb-cream-spf30-25475,کیفیت خوبی داره لطفا دوباره موجودش کنید,0,true,2024-11-14T19:26:08.5261186+00:00,مثبت,0.79,محصول,محصول
کرم بیوتی بالم بی بی (ب ب کرم),https://www.khanoumi.com/products/syn-skin-syn-beauty-bb-cream-spf30-25475,سلام لطفا دوباره موجودش کنید,0,true,2024-11-14T19:23:51.512038+00:00,خنثی,0.35,محصول,محصول
کرم بیوتی بالم بی بی (ب ب کرم),https://www.khanoumi.com/products/syn-skin-syn-beauty-bb-cream-spf30-25475,"بافت سبک و کاور خوبی داره برای استفاده روزانه
برای پوست مختلط تا چرب عالیه و رنگ نچرال و قشنگی به پوست میده
من تو تخفیف خریدم و خیلی راضیم حتما تمدیدش میکنم",0,true,2024-11-11T06:39:40.3732697+00:00,مثبت,0.95,محصول | قیمت,محصول
کرم بیوتی بالم بی بی (ب ب کرم),https://www.khanoumi.com/products/syn-skin-syn-beauty-bb-cream-spf30-25475,از کیفیت خوبی برخوردار کاورش متوسطه بعد از استفاده پوست نرم میشه مات مخملی من برای خودم وخواهرم خریدم برای استفاده روزمره گزینه خیلی خوبیه,0,false,2024-11-06T18:06:54.6754019+00:00,مثبت,0.95,محصول,محصول
کرم بیوتی بالم بی بی (ب ب کرم),https://www.khanoumi.com/products/syn-skin-syn-beauty-bb-cream-spf30-25475,خوبه وکارراه انداز.,0,true,2024-11-01T08:46:02.0714945+00:00,مثبت,0.79,سایر,سایر
کرم بیوتی بالم بی بی (ب ب کرم),https://www.khanoumi.com/products/syn-skin-syn-beauty-bb-cream-spf30-25475,عالیه. سبکه.ارزش خرید حتما داره مخصوصا تو تخفیف که خیلی بهتره,0,true,2024-10-31T05:33:13.1498423+00:00,مثبت,0.91,قیمت,قیمت
کرم بیوتی بالم بی بی (ب ب کرم),https://www.khanoumi.com/products/syn-skin-syn-beauty-bb-cream-spf30-25475,"تا حالا 5 بار تکرارش کردم پوست من جوش را و چربه ولی با این محصول تا حالا آسیب ندیده
حتما پیشنهادش میکنم",0,true,2024-10-25T08:41:00.4265655+00:00,مثبت,0.67,محصول,محصول
کرم بیوتی بالم بی بی (ب ب کرم),https://www.khanoumi.com/products/syn-skin-syn-beauty-bb-cream-spf30-25475,من این محصول رو یک بار استفاده کردم و فکر میکردم مثل خیلی از کرم های دیگه تمدیدش نکنم، ولی هنوز تموم نشده، دوتای دیگه هم گرفتم. برای استفاده ی روزانه عالی و سبکه,0,false,2024-10-22T10:43:08.5879603+00:00,مثبت,0.67,محصول,محصول
کرم بیوتی بالم بی بی (ب ب کرم),https://www.khanoumi.com/products/syn-skin-syn-beauty-bb-cream-spf30-25475,بی نظیر ترینه در خریدش اصلا شک نکنید 1 ساله استفاده میکنم خیلی هم با برکته دیر تموم میشه,0,true,2024-10-21T17:32:28.057753+00:00,مثبت,0.67,محصول | اصل بودن کالا,محصول
کرم بیوتی بالم بی بی (ب ب کرم),https://www.khanoumi.com/products/syn-skin-syn-beauty-bb-cream-spf30-25475,"کرم بسیار خوبی و الان بار دوم دارم شارژ میکنم و کاور خیلی خوبی داره ...من ک راضی هستم.

کرم خیلی خوبیه و کاور خیلی خوبی داره و پوست رو روشن و یکدست  میکنه و الان بار دوم دارم شارژ می کنم.",0,true,2024-10-21T13:06:38.2403788+00:00,مثبت,0.95,محصول,محصول
کرم بیوتی بالم بی بی (ب ب کرم),https://www.khanoumi.com/products/syn-skin-syn-beauty-bb-cream-spf30-25475,بد نیست,0,true,2024-10-17T06:24:23.2491625+00:00,مثبت,0.67,سایر,سایر
کرم بیوتی بالم بی بی (ب ب کرم),https://www.khanoumi.com/products/syn-skin-syn-beauty-bb-cream-spf30-25475,پوست من مختلطه و تی زون واقعا چربی دارم . بعد استفاده ش پوست برق نمیفته . سبکه ، پوشانندگی خوبی داره طوری که من برای مهمونی رفتن هم ازش استفاده کردم . جلوه ی طبیعی به پوست میده ، من که خیلی خوشم اومد ازش ، حتما شارژش می کنم,0,true,2024-10-14T08:21:02.6774119+00:00,مثبت,0.67,محصول,محصول
کرم بیوتی بالم بی بی (ب ب کرم),https://www.khanoumi.com/products/syn-skin-syn-beauty-bb-cream-spf30-25475,عااااااااالیه بینظیره من اصلا جوش نمیزنم پوستم گندمی هست همرنگ پوسته چرب نیست کاورشم معمولیه,0,false,2024-10-12T15:16:26.5604434+00:00,منفی,0.67,محصول | اصل بودن کالا,اصل بودن کالا
کرم بیوتی بالم بی بی (ب ب کرم),https://www.khanoumi.com/products/syn-skin-syn-beauty-bb-cream-spf30-25475,"رنگش سفیده و فقط بدرد کسایی ک پوست روشنی داره میخوره 
برا من ک گندمی هستم اصلا روی پوستم خوب نبود و با این ک پوستم اونقد تیره نیست اما روی پوستم خاکستری میشه و برق میزنه",0,true,2024-10-12T12:39:16.0747174+00:00,خنثی,0.35,محصول | اصل بودن کالا,محصول
کرم بیوتی بالم بی بی (ب ب کرم),https://www.khanoumi.com/products/syn-skin-syn-beauty-bb-cream-spf30-25475,"رنگش سفیده و فقط بدرد کسایی ک پوست روشنی داره میخوره 
برا من ک گندمی هستم اصلا روی پوستم خوب نبود و با این ک پوستم اونقد تیره نیست اما روی پوستم خاکستری میشه و برق میزنه",0,true,2024-10-12T12:39:10.4659451+00:00,خنثی,0.35,محصول | اصل بودن کالا,محصول
کرم بیوتی بالم بی بی (ب ب کرم),https://www.khanoumi.com/products/syn-skin-syn-beauty-bb-cream-spf30-25475,"اصلا پوشش دهی نداره
ولی سبکه 
وقتی میزنی حس میکنی پوستت چربه
خیلی همرنگ پوستم بود و درواقع انگار اصلا کرم پودر نزدم بیشتر انگار نرم کننده زدم 
راضی نبودم",0,true,2024-10-10T10:02:25.2488472+00:00,مثبت,0.67,محصول | اصل بودن کالا,محصول
کرم بیوتی بالم بی بی (ب ب کرم),https://www.khanoumi.com/products/syn-skin-syn-beauty-bb-cream-spf30-25475,فوق العاده اس پوستم با هر کرمی جوش میزنه ولی این رو میتونم هر روز استفاده کنم از بس عالیه,0,true,2024-10-05T07:53:57.4371599+00:00,مثبت,0.91,محصول,محصول
کرم بیوتی بالم بی بی (ب ب کرم),https://www.khanoumi.com/products/syn-skin-syn-beauty-bb-cream-spf30-25475,"کرم ساین اسکین مدل بیبی خیلی عالی من راضی هستم بار دومه سفارش دادم.کرم سبک و خیلی روی پوست میشینه و ماسیده نمیشه و برق نمیزنه کاملا ماته ضدآفتاب هم هست...
پیشنهاد میکنم بخرید و استفاده کنید",0,true,2024-10-02T11:11:31.7967181+00:00,مثبت,0.95,محصول,محصول
کرم بیوتی بالم بی بی (ب ب کرم),https://www.khanoumi.com/products/syn-skin-syn-beauty-bb-cream-spf30-25475,پوشانندگیش متوسطه ولی نچرال و طبیعیه برای استفاده روزانه پیشنهاد میشه خیلی ,0,true,2024-09-19T20:30:11+00:00,مثبت,0.67,سایر,سایر
کرم بیوتی بالم بی بی (ب ب کرم),https://www.khanoumi.com/products/syn-skin-syn-beauty-bb-cream-spf30-25475,خیلی دوستش داشتم ,0,true,2024-09-16T14:31:34+00:00,خنثی,0.35,سایر,سایر
کرم بیوتی بالم بی بی (ب ب کرم),https://www.khanoumi.com/products/syn-skin-syn-beauty-bb-cream-spf30-25475,برای پوست مختلط گندمی دارم واقعا تو گرما موندگار بود جوش نزدم خیلی موندگاریش خوبه از فارماسی بهتره خبلی ,0,false,2024-09-08T15:19:32+00:00,مثبت,0.79,محصول,محصول
کرم بیوتی بالم بی بی (ب ب کرم),https://www.khanoumi.com/products/syn-skin-syn-beauty-bb-cream-spf30-25475,خیلی سبک و پوشش وماندگاری عالی,0,true,2024-09-02T09:57:26+00:00,مثبت,0.67,محصول,محصول
کرم بیوتی بالم بی بی (ب ب کرم),https://www.khanoumi.com/products/syn-skin-syn-beauty-bb-cream-spf30-25475,"خیلی وقت بود دنبال یه کرم ب ب، مناسب پوستم بودم. پوستم به شدت چربه و اصلا تحمل نگهداری کرم سنگین رو پوستمو ندارم
من زیرش از کرم آبرسان ساین اسکین استفاده میکنم و بعد کرم ب ب رو میزنم. 
خیلی سبکه،پوشش دهی متوسط داره و پوستو یکدست میکنه من خیلی راضیم بازم میخرمش",0,true,2024-09-01T10:06:18+00:00,مثبت,0.91,محصول | اصل بودن کالا,محصول
کرم بیوتی بالم بی بی (ب ب کرم),https://www.khanoumi.com/products/syn-skin-syn-beauty-bb-cream-spf30-25475,یکم میماسه و حالت خشکی روی پوستم داشت بااینکه پوستم چربه....,0,true,2024-08-29T17:12:07+00:00,خنثی,0.35,محصول,محصول
کرم بیوتی بالم بی بی (ب ب کرم),https://www.khanoumi.com/products/syn-skin-syn-beauty-bb-cream-spf30-25475,اصلااااااا کرم خوبی نیست به هیچ وجه توصیه نمیکنم روی پوست میماسه و به پوست حالت خشک و تکه تکه میده,0,false,2024-08-29T14:27:10+00:00,منفی,0.67,محصول | اصل بودن کالا,اصل بودن کالا
کرم بیوتی بالم بی بی (ب ب کرم),https://www.khanoumi.com/products/syn-skin-syn-beauty-bb-cream-spf30-25475,من باهاش جوش زدم جوش چرکی رو گونه هام هربار میزنم جوش میزنه تو همون ناحیه. ولی رو پوست خیلی خوب میشینه کاور متوسط رو به کم داره برا استفاده روزانه رنگشم برام خوب بود ولی حیف جوش زدم,0,false,2024-08-29T12:13:08+00:00,مثبت,0.95,محصول,محصول
کرم بیوتی بالم بی بی (ب ب کرم),https://www.khanoumi.com/products/syn-skin-syn-beauty-bb-cream-spf30-25475,پوستم چربه و میماسه رو پوست در عین حال ی حالت خشکی هم میده. شارژ نمیکنم,0,true,2024-08-24T13:56:04+00:00,خنثی,0.35,محصول,محصول
کرم بیوتی بالم بی بی (ب ب کرم),https://www.khanoumi.com/products/syn-skin-syn-beauty-bb-cream-spf30-25475,"کرم خوبیه 
فقط رنگش یکم تناژ نارنجی داره اگ رنگش طبیعی تر بود بهتر میشد",0,true,2024-08-23T13:41:45+00:00,مثبت,0.67,محصول,محصول
کرم بیوتی بالم بی بی (ب ب کرم),https://www.khanoumi.com/products/syn-skin-syn-beauty-bb-cream-spf30-25475,خیلی عالیه، من 6ماه استفاده میکنم، 2تا سفارش داده بودم  ، هنوز یکیش تموم نشده،  لطیف و پوشانندگی خوب، بعد از ضد آفتاب میزنم، برای من عالی بوده تاحالا,0,true,2024-08-06T23:04:59+00:00,مثبت,0.95,محصول,محصول
کرم بیوتی بالم بی بی (ب ب کرم),https://www.khanoumi.com/products/syn-skin-syn-beauty-bb-cream-spf30-25475,کاور خوبی داره واسع استفاده روزانه خیلی خوبه,0,true,2024-08-05T14:26:21+00:00,مثبت,0.95,سایر,سایر
کرم بیوتی بالم بی بی (ب ب کرم),https://www.khanoumi.com/products/syn-skin-syn-beauty-bb-cream-spf30-25475,اگه پوستتون خیلی چربه عالیه .کاور مناسبی داره و روی پوست طبیعی به نظر میرسه,0,false,2024-08-02T01:05:07+00:00,مثبت,0.79,محصول,محصول
کرم بیوتی بالم بی بی (ب ب کرم),https://www.khanoumi.com/products/syn-skin-syn-beauty-bb-cream-spf30-25475,کرم خوبیه هم سبکه هم خیلی خوشرنگه مخصوصا برای کسایی که پوست روشن دارن کاورش هم معمولیه وباعث ایجاد جوش و حساسیت نشد,0,true,2024-08-01T23:34:58+00:00,مثبت,0.67,محصول,محصول
کرم بیوتی بالم بی بی (ب ب کرم),https://www.khanoumi.com/products/syn-skin-syn-beauty-bb-cream-spf30-25475,من ازش راضی بودم، هم خوب پخش میشه هم فاینال لوکش مات و خوبه، هم تن رنگیش مناسبه و هم کاورش خوبه در کل پیشنهاد میکنم,0,true,2024-08-01T03:56:58+00:00,مثبت,0.95,محصول,محصول
کرم بیوتی بالم بی بی (ب ب کرم),https://www.khanoumi.com/products/syn-skin-syn-beauty-bb-cream-spf30-25475,"من پوسم باهاش حساسیت نشون داد و کلی جوش زدم 
ولی پوشانندگی خیلی خوب داره خیلی قشنگم روی پوست میشینه و بافت خیلی خوبی هم داره ",0,false,2024-07-29T12:55:44+00:00,مثبت,0.95,محصول,محصول
کرم بیوتی بالم بی بی (ب ب کرم),https://www.khanoumi.com/products/syn-skin-syn-beauty-bb-cream-spf30-25475,من پوستم مستعد جوشه ولی با این کرم اصلا جوش نزدم، خیلی خوب روی پوست میشینه البته من زیرش حتما ابرسان استفاده میکنم و ضد افتاب بی رنگ، اینقدر سبکه اصلا حسش نمیکنم،پوشانندگی بالاای نداره ولی پوست رو یه رنگ میکنه ،اصلا هم برق نمیندازه برام،کلا همه چی تمومه راضی بودم,0,true,2024-07-25T22:39:57+00:00,مثبت,0.79,محصول | اصل بودن کالا,محصول
کرم بیوتی بالم بی بی (ب ب کرم),https://www.khanoumi.com/products/syn-skin-syn-beauty-bb-cream-spf30-25475,هم پوست خودم هم مادرم حساسیت داد ,0,false,2024-07-11T12:19:35+00:00,خنثی,0.35,محصول,محصول
کرم بیوتی بالم بی بی (ب ب کرم),https://www.khanoumi.com/products/syn-skin-syn-beauty-bb-cream-spf30-25475,عالی ,0,false,2024-07-10T11:12:10+00:00,مثبت,0.67,سایر,سایر
کرم بیوتی بالم بی بی (ب ب کرم),https://www.khanoumi.com/products/syn-skin-syn-beauty-bb-cream-spf30-25475,خیلی راضیم ازین کرم و مطمئن از خانومی خرید کردم با تخفیف خوب رنگش به هر پوستی میاد کاورشم خوبه فقط اگه پوستتون خشکه زیرش نرمکننده یا آبرسان بزنید یکم ,0,false,2024-07-10T10:54:51+00:00,مثبت,0.95,محصول | قیمت,محصول
کرم بیوتی بالم بی بی (ب ب کرم),https://www.khanoumi.com/products/syn-skin-syn-beauty-bb-cream-spf30-25475,متاسفانه من باهاش جوشای چرکی زدم و دادمش به کسی که پوستش خشکه متاسفانه اونم جوش زد ، بوی ملایم ، کاور متوسط یعنی حتی کک و مک نمیپوشونه ,0,false,2024-07-03T14:08:31+00:00,منفی,0.79,محصول,محصول
کرم بیوتی بالم بی بی (ب ب کرم),https://www.khanoumi.com/products/syn-skin-syn-beauty-bb-cream-spf30-25475,کرم خوب وسبک هستش منم از خریدم راضیم روی پوست میشینه ودون دون نمیشه رو پوست میخوابه,0,true,2024-07-02T14:34:04+00:00,مثبت,0.91,محصول,محصول
کرم بیوتی بالم بی بی (ب ب کرم),https://www.khanoumi.com/products/syn-skin-syn-beauty-bb-cream-spf30-25475,پوست من معمولی و اطراف بینیم چرب ولی اصلا رو پوستم خوب نمیشینه و بعد چند ساعت کرم اطراف دهان و بینیم پنکیکی میشه,0,true,2024-07-01T12:06:15+00:00,خنثی,0.35,محصول | اصل بودن کالا,محصول
کرم بیوتی بالم بی بی (ب ب کرم),https://www.khanoumi.com/products/syn-skin-syn-beauty-bb-cream-spf30-25475,با توجه به خرید دوستان خریدم خیلی خوبه واقعا سبک خیلی خیلی خوبه ,0,true,2024-06-25T18:25:29+00:00,مثبت,0.95,سایر,سایر
کرم بیوتی بالم بی بی (ب ب کرم),https://www.khanoumi.com/products/syn-skin-syn-beauty-bb-cream-spf30-25475,کرم خوب و سبکیه ولی باید مدتی بگذره که قشنگ رو پوست بشینه ,0,true,2024-06-21T22:07:01+00:00,مثبت,0.67,محصول,محصول
کرم بیوتی بالم بی بی (ب ب کرم),https://www.khanoumi.com/products/syn-skin-syn-beauty-bb-cream-spf30-25475,بافتش خیلی خوبه.  پرایمر و فیکساتور بزنید عالی میشه.  فقط من همیشه میخریدم همراهش یه کرم کوچیک بود که اونو نداشت,0,true,2024-06-20T16:06:40+00:00,مثبت,0.91,محصول | اصل بودن کالا,محصول
کرم بیوتی بالم بی بی (ب ب کرم),https://www.khanoumi.com/products/syn-skin-syn-beauty-bb-cream-spf30-25475,کرم خوبی بود بافت سبکی داره و احساس کردم هرچی بمونه جا افتاده تر میشه روی پوست  من  که راضی ام از خریدم ,0,true,2024-06-18T06:47:03+00:00,مثبت,0.91,محصول,محصول
کرم بیوتی بالم بی بی (ب ب کرم),https://www.khanoumi.com/products/syn-skin-syn-beauty-bb-cream-spf30-25475,لطفا تخفیف بیشتر بزارید ,0,true,2024-06-16T12:47:48+00:00,خنثی,0.35,قیمت,قیمت
کرم بیوتی بالم بی بی (ب ب کرم),https://www.khanoumi.com/products/syn-skin-syn-beauty-bb-cream-spf30-25475,من هنوز موفق به خرید نشدم با توجه به نظر کاربرا میخام بگیرم لطفا تخفیفشو بیشتر کنید تا بتونم بخرم بعد از استفاده نظرمو ثبت میکنم,0,false,2024-06-16T10:45:55+00:00,خنثی,0.35,محصول | قیمت,محصول
کرم بیوتی بالم بی بی (ب ب کرم),https://www.khanoumi.com/products/syn-skin-syn-beauty-bb-cream-spf30-25475,"خیلی خوبه، کاور نسبتا خوبی داره و سبکه،پوست رو یکدست میکنه
",0,true,2024-06-12T05:38:46+00:00,مثبت,0.95,محصول,محصول
کرم بیوتی بالم بی بی (ب ب کرم),https://www.khanoumi.com/products/syn-skin-syn-beauty-bb-cream-spf30-25475,تولدت مبارک خانومی امیدوارم همیشه بدرخشید. خیلی راضی بودم از خریدم هم با قیمت مناسب تر از شما گرفتم هم محصول خوبی بود این کرم از همه نظر,0,true,2024-06-10T09:44:16+00:00,ترکیبی,0.74,محصول | قیمت,محصول
کرم بیوتی بالم بی بی (ب ب کرم),https://www.khanoumi.com/products/syn-skin-syn-beauty-bb-cream-spf30-25475,از خریدم از شما خیلی راضی بودم,0,true,2024-06-10T09:43:17+00:00,مثبت,0.67,محصول,محصول
کرم بیوتی بالم بی بی (ب ب کرم),https://www.khanoumi.com/products/syn-skin-syn-beauty-bb-cream-spf30-25475,تقریباً سه ساله استفاده میکنم به جای کرم پودر ,0,true,2024-06-09T18:41:29+00:00,خنثی,0.35,محصول,محصول
کرم بیوتی بالم بی بی (ب ب کرم),https://www.khanoumi.com/products/syn-skin-syn-beauty-bb-cream-spf30-25475,"بهترین بی بی کرم ایرانی
کاور قابل قبولی داره
بافت سبک داره
تابحال دوبار خودم و چندین بار بقیه دوستام شارژ کردن
متاسفانه رنگ محدودی داره و شاید به هر پوستی نیاد
درمقایسه از خارجیا بنظرم از پوپا هم بهتره",0,false,2024-06-09T16:28:45+00:00,ترکیبی,0.71,محصول,محصول
کرم بیوتی بالم بی بی (ب ب کرم),https://www.khanoumi.com/products/syn-skin-syn-beauty-bb-cream-spf30-25475,واقعا عالیه,0,true,2024-06-09T14:46:06+00:00,مثبت,0.79,سایر,سایر
کرم بیوتی بالم بی بی (ب ب کرم),https://www.khanoumi.com/products/syn-skin-syn-beauty-bb-cream-spf30-25475,کاورش خیلی خوب سبک   ماندگاریش خوب من 6صبح زدم تا 2 قشنگ روپوستم خوابیده بود دون دون اصلا نشد .,0,true,2024-06-09T13:58:12+00:00,مثبت,0.79,محصول | اصل بودن کالا,محصول
کرم بیوتی بالم بی بی (ب ب کرم),https://www.khanoumi.com/products/syn-skin-syn-beauty-bb-cream-spf30-25475,سلام بی بی کرم هم عالی بود وخوب پوشش میده.,0,true,2024-06-09T13:56:03+00:00,مثبت,0.91,محصول,محصول
کرم بیوتی بالم بی بی (ب ب کرم),https://www.khanoumi.com/products/syn-skin-syn-beauty-bb-cream-spf30-25475,"عالیه از همه نظر
کاور ب شدت خوبی داره
روی پوست خیلی قشنگ میشینه
ولی خب ضد آفتابش کافی نیست بنظرم باید زیرش از ی ضد آفتاب بی رنگ استفاده کنید",0,true,2024-06-08T21:21:07+00:00,مثبت,0.91,محصول,محصول
کرم بیوتی بالم بی بی (ب ب کرم),https://www.khanoumi.com/products/syn-skin-syn-beauty-bb-cream-spf30-25475,این کرم بینظیره واقعا حرف نداره خیلی خوب رو پوست میخوابه کلا عالیه واقعا شک نکنید در خریدنش,0,true,2024-05-30T19:11:58+00:00,خنثی,0.35,محصول,محصول
کرم بیوتی بالم بی بی (ب ب کرم),https://www.khanoumi.com/products/syn-skin-syn-beauty-bb-cream-spf30-25475,لطفا تخفیف 40 درصد بزنید این محصولو,0,true,2024-05-27T12:58:21+00:00,خنثی,0.35,محصول | قیمت,محصول
کرم بیوتی بالم بی بی (ب ب کرم),https://www.khanoumi.com/products/syn-skin-syn-beauty-bb-cream-spf30-25475,بی نظیر بی نظیر ماندگاری عالی در خریدش اصلا تردید نکنید ,0,true,2024-05-19T13:01:34+00:00,مثبت,0.79,محصول | اصل بودن کالا,محصول
کرم بیوتی بالم بی بی (ب ب کرم),https://www.khanoumi.com/products/syn-skin-syn-beauty-bb-cream-spf30-25475,عااااالی حرف نداره من 3 سال مداوم دارم استفاده می کنم اصلا کرم آرایشی استفاده نمی کنم دیگه,0,true,2024-05-06T10:41:17+00:00,مثبت,0.67,محصول | اصل بودن کالا,محصول
کرم بیوتی بالم بی بی (ب ب کرم),https://www.khanoumi.com/products/syn-skin-syn-beauty-bb-cream-spf30-25475," خیلی خوب روی پوست میخوابه و خیییییییلی سبکه اصلا احساسش نمیکنی.رنگش روشنه ، کاورش متوسطه 
پوستم باهاش خوب شد",0,true,2024-05-05T22:14:50+00:00,مثبت,0.79,محصول | اصل بودن کالا,محصول
کرم بیوتی بالم بی بی (ب ب کرم),https://www.khanoumi.com/products/syn-skin-syn-beauty-bb-cream-spf30-25475,من پوست سفید و مختلطی دارم و رو صورتم خیلی خوب میخوابه و خیلی ام عالیه من خیلی راضی ام ,0,true,2024-05-02T17:37:15+00:00,مثبت,0.95,محصول,محصول
کرم بیوتی بالم بی بی (ب ب کرم),https://www.khanoumi.com/products/syn-skin-syn-beauty-bb-cream-spf30-25475,منم دو دوره هست استفاده میکنم خیلی راضیم,0,true,2024-05-01T14:00:35+00:00,مثبت,0.79,سایر,سایر
کرم بیوتی بالم بی بی (ب ب کرم),https://www.khanoumi.com/products/syn-skin-syn-beauty-bb-cream-spf30-25475,"کاور خوبی نداره
ولی سبکه و به رنگ پوست میاد
",0,true,2024-04-23T13:05:35+00:00,منفی,0.67,محصول,محصول
کرم بیوتی بالم بی بی (ب ب کرم),https://www.khanoumi.com/products/syn-skin-syn-beauty-bb-cream-spf30-25475,عالی بود ، کاور خیلی خوبی داره خیلی سبکه و رنگش به پوستم خورد خیلی میترسیدم به پوستم نخوره رنگش ولی عالی بود و موندگاری خوبیم داره ، یکم از کرم واسه کل صورت کافیه ,0,true,2024-04-21T16:58:56+00:00,مثبت,0.95,محصول | تحویل و ارسال,محصول
کرم بیوتی بالم بی بی (ب ب کرم),https://www.khanoumi.com/products/syn-skin-syn-beauty-bb-cream-spf30-25475,"کارو عالی 
سبک مخصوصا برای کسایی که پوست چربی دارن 
چندین ساعت هم که روی پوست می مونه احساس کثیفی و سنگینی ندارم عالیه واقعا",0,true,2024-04-17T18:21:32+00:00,منفی,0.67,محصول,محصول
کرم بیوتی بالم بی بی (ب ب کرم),https://www.khanoumi.com/products/syn-skin-syn-beauty-bb-cream-spf30-25475,خیلی عالیه من برای همه خانواده ام هم گرفتم واقعا عالیه ,0,true,2024-04-17T18:20:38+00:00,مثبت,0.95,سایر,سایر
کرم بیوتی بالم بی بی (ب ب کرم),https://www.khanoumi.com/products/syn-skin-syn-beauty-bb-cream-spf30-25475,حدود یه هفته هست که استفاده میکنم و باتوجه به اینکه بی بی کرم نه کرم پودر کاورش خوب و پوست یک دست میشه و قبل استفاده باید مرطوب کننده میزنم,0,true,2024-04-17T01:26:09+00:00,مثبت,0.67,محصول,محصول
کرم بیوتی بالم بی بی (ب ب کرم),https://www.khanoumi.com/products/syn-skin-syn-beauty-bb-cream-spf30-25475,کاورش اصلا بالا نیست.,0,true,2024-04-11T16:09:49+00:00,منفی,0.67,اصل بودن کالا,اصل بودن کالا
کرم بیوتی بالم بی بی (ب ب کرم),https://www.khanoumi.com/products/syn-skin-syn-beauty-bb-cream-spf30-25475,من دوبار از این کرم گرفتم واقعا راضیم از نظر من عالیه خیییلی سبکه شاید پوشانندگی در حد کرم پودر های گریم نداشته باشه ولی در حد عادی واقعا عالیه خیلیم روی پوست خوب میشینه,0,true,2024-04-09T15:58:50+00:00,مثبت,0.95,محصول,محصول
کرم بیوتی بالم بی بی (ب ب کرم),https://www.khanoumi.com/products/syn-skin-syn-beauty-bb-cream-spf30-25475,سلام من این کرمو طبق نظرات خریدم پوستم مختلط ولی اصلا ن پوشانندگی خوبی داره ن خوب رو پوست میخوابه تعجب میکنم ازاین همه تعریف با اینکه من کلا ادم سختگیری نیستم ولی واقعا فقط ی کرم معمولی در حدکرمای ارزون عمل میکنه پشیمون شوم از خریدش ,0,true,2024-04-07T14:17:17+00:00,ترکیبی,0.87,محصول | اصل بودن کالا | قیمت,محصول
کرم بیوتی بالم بی بی (ب ب کرم),https://www.khanoumi.com/products/syn-skin-syn-beauty-bb-cream-spf30-25475,سلام چرا تخفیف این کرم برداشته شده ؟کرم بسیار سبک وخوبیه,0,true,2024-04-04T22:32:11+00:00,مثبت,0.67,محصول | قیمت,محصول
کرم بیوتی بالم بی بی (ب ب کرم),https://www.khanoumi.com/products/syn-skin-syn-beauty-bb-cream-spf30-25475,اصلا برای پوست سبزه خوب نیست,0,true,2024-04-04T14:33:23+00:00,خنثی,0.35,محصول | اصل بودن کالا,محصول
کرم بیوتی بالم بی بی (ب ب کرم),https://www.khanoumi.com/products/syn-skin-syn-beauty-bb-cream-spf30-25475,لطفااااا موجود کنید ,0,true,2024-03-16T03:03:30+00:00,خنثی,0.35,محصول,محصول
کرم بیوتی بالم بی بی (ب ب کرم),https://www.khanoumi.com/products/syn-skin-syn-beauty-bb-cream-spf30-25475,لطفا موجود کنید,0,true,2024-03-15T15:38:46+00:00,خنثی,0.35,محصول,محصول
کرم بیوتی بالم بی بی (ب ب کرم),https://www.khanoumi.com/products/syn-skin-syn-beauty-bb-cream-spf30-25475,خیلی عالی من واقعا راضی هستم اصلا اکسیده نمیشه,0,false,2024-03-13T21:45:48+00:00,مثبت,0.67,اصل بودن کالا,اصل بودن کالا
کرم بیوتی بالم بی بی (ب ب کرم),https://www.khanoumi.com/products/syn-skin-syn-beauty-bb-cream-spf30-25475,بهترین ب ب کرم,0,false,2024-03-07T20:08:14+00:00,مثبت,0.67,محصول,محصول
کرم بیوتی بالم بی بی (ب ب کرم),https://www.khanoumi.com/products/syn-skin-syn-beauty-bb-cream-spf30-25475,بسیار کرم سبک ومناسب روزانه روی پوست همرنگ پوستت میشه به مرور اصلا سنگین نیست ویه کاور قابل قبول داره ,0,true,2024-03-02T11:54:27+00:00,منفی,0.67,محصول | اصل بودن کالا,اصل بودن کالا
کرم بیوتی بالم بی بی (ب ب کرم),https://www.khanoumi.com/products/syn-skin-syn-beauty-bb-cream-spf30-25475,پوست چرب و مستعد جوش دارم بعد چند مدل عوض کردن کرم واقعا راضی هستم کاملا رو پوستم میخوابه و اصلا جوش یزنم ,0,true,2024-03-02T10:25:34+00:00,مثبت,0.79,محصول | اصل بودن کالا,محصول
کرم بیوتی بالم بی بی (ب ب کرم),https://www.khanoumi.com/products/syn-skin-syn-beauty-bb-cream-spf30-25475,سلام دوستان من از بی بی کرم درماتپیک استفاده میکنم میخواستم ببینم کسی تجربه ای داره که بین این دوتا بی بی کرم کدوم کیفیتش بهتره؟؟,0,false,2024-02-28T15:44:57+00:00,خنثی,0.35,محصول | تحویل و ارسال,محصول
کرم بیوتی بالم بی بی (ب ب کرم),https://www.khanoumi.com/products/syn-skin-syn-beauty-bb-cream-spf30-25475,این کرم سبک و فاقد چریی هست اصلا برق نمیفته و ماته، پوستم گندمی روشن هست این کرم خیلی نزدیک رنگ پوستمه و روزانه استفاده میکنم جوش نمیزنم درکل راضی هستم ,0,true,2024-02-15T15:30:51+00:00,منفی,0.79,محصول | اصل بودن کالا,اصل بودن کالا
کرم بیوتی بالم بی بی (ب ب کرم),https://www.khanoumi.com/products/syn-skin-syn-beauty-bb-cream-spf30-25475,سبک و برای استفاده روزانه عالیه . من که خیلی راضیم ,0,true,2024-02-05T18:35:45+00:00,مثبت,0.95,سایر,سایر
کرم بیوتی بالم بی بی (ب ب کرم),https://www.khanoumi.com/products/syn-skin-syn-beauty-bb-cream-spf30-25475,کرم فوق العاده ای هست مات و پوشش دهی بالایی داره ،خیلی خوب رو پوست میخوابه با اینکه پوست صورتم خیلی چرب هست ,0,true,2024-02-05T01:45:49+00:00,مثبت,0.91,محصول,محصول
کرم بیوتی بالم بی بی (ب ب کرم),https://www.khanoumi.com/products/syn-skin-syn-beauty-bb-cream-spf30-25475,کرم بسیار خوبیه و من ازش فوق العاده راضیم و دوسش دارم,0,true,2024-01-29T13:26:23+00:00,مثبت,0.95,محصول,محصول
کرم بیوتی بالم بی بی (ب ب کرم),https://www.khanoumi.com/products/syn-skin-syn-beauty-bb-cream-spf30-25475,سبک و مات ,0,true,2024-01-13T23:41:12+00:00,خنثی,0.35,سایر,سایر
کرم بیوتی بالم بی بی (ب ب کرم),https://www.khanoumi.com/products/syn-skin-syn-beauty-bb-cream-spf30-25475,کرم بسیار سبک با پوشانندگی خوبی داره برای استفاده روزانه و سریع آماده شدن عالیه زود پخش میشه,0,true,2024-01-07T19:16:43+00:00,مثبت,0.91,محصول,محصول
کرم بیوتی بالم بی بی (ب ب کرم),https://www.khanoumi.com/products/syn-skin-syn-beauty-bb-cream-spf30-25475,از همه نظر عالیه فقط تنها عیبی ک داره زیادی رقیقه,0,true,2023-12-28T14:35:10+00:00,مثبت,0.79,سایر,سایر
کرم بیوتی بالم بی بی (ب ب کرم),https://www.khanoumi.com/products/syn-skin-syn-beauty-bb-cream-spf30-25475,من یک ماهه از این محصول استفاده میکنم.کاور خیلی خوبی داره خیلی سبک هست،تایم طولانی روی پوستم میمونه،اصلا اکسید نمیشه .فقط بهتره زیرش از یه آبرسان یا مرطوب کننده استفاده کنید که من از آبرسان سیمپل استفاده میکنم.,0,true,2023-12-24T15:19:07+00:00,مثبت,0.67,محصول | اصل بودن کالا,محصول
کرم بیوتی بالم بی بی (ب ب کرم),https://www.khanoumi.com/products/syn-skin-syn-beauty-bb-cream-spf30-25475,امروز رسید دستم یبار زدم فعلا که خیلی خوبه من پوست حساس و چرب دارم اگه جوش زدم میام کامنت میزارم برا راهنماییتون ,0,true,2023-12-23T11:50:07+00:00,مثبت,0.91,محصول | تحویل و ارسال,محصول
کرم بیوتی بالم بی بی (ب ب کرم),https://www.khanoumi.com/products/syn-skin-syn-beauty-bb-cream-spf30-25475,پوشانندگی بسیار عالی دارد و پوست را کاور میکند اما حتما باید زیرش از ابرسان یا مرطوب کننده استفاده کرد,0,true,2023-12-19T19:02:03+00:00,مثبت,0.67,محصول,محصول
کرم بیوتی بالم بی بی (ب ب کرم),https://www.khanoumi.com/products/syn-skin-syn-beauty-bb-cream-spf30-25475,محصولات ساین اسکین بهترینه ..ممنون از خانومی بابت بسته بندی خوب ,0,true,2023-12-13T20:04:27+00:00,مثبت,0.91,تحویل و ارسال | محصول,تحویل و ارسال
کرم بیوتی بالم بی بی (ب ب کرم),https://www.khanoumi.com/products/syn-skin-syn-beauty-bb-cream-spf30-25475,لطفا دوباره تو تخفیف بذاریدش پلیز,0,true,2023-12-09T10:17:11+00:00,خنثی,0.35,قیمت,قیمت
کرم بیوتی بالم بی بی (ب ب کرم),https://www.khanoumi.com/products/syn-skin-syn-beauty-bb-cream-spf30-25475,"سلام
وااااای اصن نگم براتون
فقط بخرینش
عالی عالی
سبک، کاور خوب
راحت ردی صورت میخوابه
عاشقشم",0,true,2023-12-05T14:55:22+00:00,مثبت,0.95,سایر,سایر
کرم بیوتی بالم بی بی (ب ب کرم),https://www.khanoumi.com/products/syn-skin-syn-beauty-bb-cream-spf30-25475,من حدودا یک ماه استفاده میکنم . پوشانندگی خوبی داره و برای استفاده روزانه مناسب اصلا جوش نزدم  واقعا راضیم,0,false,2023-12-04T09:38:44+00:00,مثبت,0.95,اصل بودن کالا,اصل بودن کالا
کرم بیوتی بالم بی بی (ب ب کرم),https://www.khanoumi.com/products/syn-skin-syn-beauty-bb-cream-spf30-25475,گزینه انتخاب رنگ حذف شده,0,true,2023-11-27T11:04:07+00:00,خنثی,0.35,محصول,محصول
کرم بیوتی بالم بی بی (ب ب کرم),https://www.khanoumi.com/products/syn-skin-syn-beauty-bb-cream-spf30-25475,"ای کاش رنگش روشن تر بود
واسه من متاسفانه تیره هست",0,true,2023-11-06T10:10:52+00:00,منفی,0.67,محصول,محصول
کرم بیوتی بالم بی بی (ب ب کرم),https://www.khanoumi.com/products/syn-skin-syn-beauty-bb-cream-spf30-25475,کرم خیلی خوبیه و اگه زیرش ابرسان بزنی خیلی بهتر روی پوست میخوابه من کاملا راضی ام,0,true,2023-11-04T00:52:11+00:00,مثبت,0.95,محصول,محصول
کرم بیوتی بالم بی بی (ب ب کرم),https://www.khanoumi.com/products/syn-skin-syn-beauty-bb-cream-spf30-25475,بسیار عاالی کاور خوب و سبک اصلا چرب نیست خیلی خوبه بنظرم,0,true,2023-11-02T12:10:05+00:00,منفی,0.91,اصل بودن کالا,اصل بودن کالا
کرم بیوتی بالم بی بی (ب ب کرم),https://www.khanoumi.com/products/syn-skin-syn-beauty-bb-cream-spf30-25475,خیلی خوبه من بار دومه که میخرم پوشش دهی عالیه,1,true,2023-10-23T23:32:57+00:00,مثبت,0.95,محصول,محصول
کرم بیوتی بالم بی بی (ب ب کرم),https://www.khanoumi.com/products/syn-skin-syn-beauty-bb-cream-spf30-25475,"بجای کرم پودر روزمره یا ضدافتاب رنگی گزینه خوبیه و در این حد 
کاور خوبی داره .زود همرنگ پوست میشه و سبکه",1,false,2023-10-10T01:00:23+00:00,مثبت,0.79,محصول,محصول
کرم بیوتی بالم بی بی (ب ب کرم),https://www.khanoumi.com/products/syn-skin-syn-beauty-bb-cream-spf30-25475,اصلا روی پوست چرب و براق نیست بافت سبک با پوشانندگی متوسط داره برای مصرف روزانه خیلی خوبه ,2,true,2023-10-02T08:32:54+00:00,مثبت,0.95,محصول | اصل بودن کالا,محصول
کرم بیوتی بالم بی بی (ب ب کرم),https://www.khanoumi.com/products/syn-skin-syn-beauty-bb-cream-spf30-25475,بسیار عالی هست اصلا فکرش را هم نمی کردم انقدر با کیفیت باشد,0,true,2023-09-13T19:09:41+00:00,مثبت,0.79,محصول | اصل بودن کالا,محصول
کرم بیوتی بالم بی بی (ب ب کرم),https://www.khanoumi.com/products/syn-skin-syn-beauty-bb-cream-spf30-25475,قبلا استفاده کردم بسیار راضی بودم و هیچ حساسیت پوستی بوجود نمیاره ولی قبلا قیمتش نسبت به کرم های دیگه پایین تر بود ,0,true,2023-09-06T22:35:15+00:00,مثبت,0.67,محصول | قیمت,محصول
کرم بیوتی بالم بی بی (ب ب کرم),https://www.khanoumi.com/products/syn-skin-syn-beauty-bb-cream-spf30-25475,همه چیز تخفیف داره جز همون چیزی ک من نیازش دارم,3,false,2023-08-24T04:26:36+00:00,خنثی,0.35,محصول | قیمت,محصول
کرم بیوتی بالم بی بی (ب ب کرم),https://www.khanoumi.com/products/syn-skin-syn-beauty-bb-cream-spf30-25475,سلام لطفا روی این کرم تخفیف بیشتری تو حراج 31 مرداد بذارید. ممنون,3,true,2023-08-19T21:54:31+00:00,مثبت,0.67,محصول | قیمت,محصول
کرم بیوتی بالم بی بی (ب ب کرم),https://www.khanoumi.com/products/syn-skin-syn-beauty-bb-cream-spf30-25475,عالی من میخوام دوباره بخرم ولی تخفیف بزارید لطفا,2,true,2023-08-14T23:06:32+00:00,مثبت,0.67,قیمت,قیمت
کرم بیوتی بالم بی بی (ب ب کرم),https://www.khanoumi.com/products/syn-skin-syn-beauty-bb-cream-spf30-25475,"محصول خوبیه فقط اینکه قیمتش فوق العاده بالاست
خیلی خوب میشه اگر داخل تخفیفات شانس قراره بگیره ",8,true,2023-08-05T11:07:47+00:00,مثبت,0.95,قیمت | محصول,قیمت
کرم بیوتی بالم بی بی (ب ب کرم),https://www.khanoumi.com/products/syn-skin-syn-beauty-bb-cream-spf30-25475,به عنوان جایگزین کرمپودرهای متنوع و سنگین روی پوست این بی بی کرم بینظیره و من خیلی راضی هستم ازش.برای استفاده روزانه خیلی خوبه و برق نمیندازه و پوشانندگی قابل قبولی هم داره باعث جوش هم نشد,7,true,2023-07-29T13:50:09+00:00,منفی,0.79,محصول,محصول
کرم بیوتی بالم بی بی (ب ب کرم),https://www.khanoumi.com/products/syn-skin-syn-beauty-bb-cream-spf30-25475,"من پوست چرب و دهیدراته ای دارم و نزدیک سه سال هستش که این کرم رو دارم استفاده میکنم و خیلی ازش راضی هستم
نه سنگینه نه پوست رو چرب میکنه
رنگش خیلی خوب و طبیعیه و بافتش هم راحت میشینه رویپوست",5,true,2023-07-22T12:34:11+00:00,مثبت,0.91,محصول,محصول
کرم بیوتی بالم بی بی (ب ب کرم),https://www.khanoumi.com/products/syn-skin-syn-beauty-bb-cream-spf30-25475,بسیار عالیه.دو ساله استفاده میکنم .لطفاً تو تخفیفات بیشتر بزارید .حتی عروسی هم میرم از همین کرم استفاده میکنم,2,true,2023-07-22T10:53:49+00:00,مثبت,0.79,محصول | قیمت,محصول
کرم بیوتی بالم بی بی (ب ب کرم),https://www.khanoumi.com/products/syn-skin-syn-beauty-bb-cream-spf30-25475,کاور و رنگ خوبی داره و خوب روی پوست میشینه من دوست داشتم,2,true,2023-07-19T10:53:59+00:00,مثبت,0.91,محصول,محصول
کرم بیوتی بالم بی بی (ب ب کرم),https://www.khanoumi.com/products/syn-skin-syn-beauty-bb-cream-spf30-25475,سبک و پوشانندگی خوب دارد.پیشنهاد می شود.,2,true,2023-07-04T11:23:05+00:00,مثبت,0.79,سایر,سایر
کرم بیوتی بالم بی بی (ب ب کرم),https://www.khanoumi.com/products/syn-skin-syn-beauty-bb-cream-spf30-25475,کرم سبک با پوشش دهی عالی فقط مناسب فردی که صورتش عرق میکنه نیست چون به راحتی با آب شسته میشه وپاک میشه از روی صورت  ,2,true,2023-07-03T11:57:07+00:00,مثبت,0.67,محصول,محصول
کرم بیوتی بالم بی بی (ب ب کرم),https://www.khanoumi.com/products/syn-skin-syn-beauty-bb-cream-spf30-25475,خیلی پوست روخوب و طبیعی پوشش میده اصلا گلوله گلوله نمیشه فقط یه ایراد اینکه تیوبش  انکار بیشتر توش  هواست . ,2,true,2023-06-18T21:27:42+00:00,مثبت,0.79,محصول | اصل بودن کالا,محصول
کرم بیوتی بالم بی بی (ب ب کرم),https://www.khanoumi.com/products/syn-skin-syn-beauty-bb-cream-spf30-25475,عاااااالیههههه عااااالیه عالیهههههه همین.لطفا شارژش کنید,2,true,2023-05-21T15:30:08+00:00,مثبت,0.79,سایر,سایر
کرم بیوتی بالم بی بی (ب ب کرم),https://www.khanoumi.com/products/syn-skin-syn-beauty-bb-cream-spf30-25475,"من راضی بودم برای آرایش روزانه ،کاورنسبتا خوبی داره 
لطفاً دوباره شارژ کنید ",3,true,2023-05-20T14:31:09+00:00,مثبت,0.79,محصول,محصول
کرم بیوتی بالم بی بی (ب ب کرم),https://www.khanoumi.com/products/syn-skin-syn-beauty-bb-cream-spf30-25475,"من سه چهار ماهه ازش استفاده میکنم و به شدت راضیم
برای پوستای چرب عالیه و اصلا باعث جوش نمیشه حتی من از وقتی ازش استفاده میکنم دیگه جوش نزدم
از صب تا شب هم ک دانشگاه و سرکارم اصلا نمیماسه",8,true,2023-04-28T14:24:09+00:00,مثبت,0.95,اصل بودن کالا | محصول,اصل بودن کالا
کرم بیوتی بالم بی بی (ب ب کرم),https://www.khanoumi.com/products/syn-skin-syn-beauty-bb-cream-spf30-25475,لطفا شانس بزارید,5,true,2023-04-15T15:36:19+00:00,خنثی,0.35,سایر,سایر
کرم بیوتی بالم بی بی (ب ب کرم),https://www.khanoumi.com/products/syn-skin-syn-beauty-bb-cream-spf30-25475,"راضیم ، خیلی خوبه 

",5,true,2022-11-30T15:31:46+00:00,مثبت,0.95,سایر,سایر
کرم بیوتی بالم بی بی (ب ب کرم),https://www.khanoumi.com/products/syn-skin-syn-beauty-bb-cream-spf30-25475,خیلی خوبه و اصلا باعث جوش نمیشه برای پوستای چرب عالیه،. پوستای مختلط حتما زیرش ابرسان بزنن تا خشک نشه رو پوستتون,11,false,2022-07-15T03:23:33+00:00,مثبت,0.95,محصول | اصل بودن کالا,محصول
کرم بیوتی بالم بی بی (ب ب کرم),https://www.khanoumi.com/products/syn-skin-syn-beauty-bb-cream-spf30-25475,عالیه,9,true,2022-07-09T13:00:00+00:00,مثبت,0.79,سایر,سایر
کرم بیوتی بالم بی بی (ب ب کرم),https://www.khanoumi.com/products/syn-skin-syn-beauty-bb-cream-spf30-25475,"واقعا عالیه.خیلی خیلی سبکه .اصلا اصلا چرب نیست.نمیماسه.رنگشم برا پوست من که گندمی روشنم خوبه.همرنگ پوستمه.
از صبح تا عصر که سرکار هستم رو پوستمه.اصلا نمیماسه.به شدت راضیم.خیلی هم به صرفه اس.اصلا باعث جوش نمیشه.به شدت راضیم.به پوستای چرب پیشنهادش میکنم.",36,true,2022-02-28T20:31:23+00:00,مثبت,0.95,محصول | اصل بودن کالا,محصول
کرم بیوتی بالم بی بی (ب ب کرم),https://www.khanoumi.com/products/syn-skin-syn-beauty-bb-cream-spf30-25475,خیلی خوبه ،سبک و عالی  ،ولی من تو تخفیف ولنتاین خریدم الان دیدم ارزونتر از اون موقع شده کاشکی الان میخریدم,8,true,2022-02-19T02:24:41+00:00,مثبت,0.95,قیمت | محصول,قیمت
کرم بیوتی بالم بی بی (ب ب کرم),https://www.khanoumi.com/products/syn-skin-syn-beauty-bb-cream-spf30-25475,من یکساله ازش استفاده میکنم و خیلی راضی هستم اصلا جوش نمیزنه صورتم و پوشانندگی خوبی هم داره,8,false,2022-02-18T23:50:36+00:00,مثبت,0.67,اصل بودن کالا,اصل بودن کالا
کرم بیوتی بالم بی بی (ب ب کرم),https://www.khanoumi.com/products/syn-skin-syn-beauty-bb-cream-spf30-25475,واقعا عالیه ,4,true,2022-02-07T20:46:26+00:00,مثبت,0.79,سایر,سایر
کرم بیوتی بالم بی بی (ب ب کرم),https://www.khanoumi.com/products/syn-skin-syn-beauty-bb-cream-spf30-25475,من چندماهی هست خریدم و ازش راضیم,122,true,2019-11-27T04:00:28.5666667+00:00,مثبت,0.79,سایر,سایر
تاپ کت ایفکت,https://www.khanoumi.com/products/misslyn-effect-top-coat-25523,خیلی قشنگه,0,false,2026-04-27T20:30:45.1427387+03:30,خنثی,0.35,سایر,سایر
کاپ قاعدگی سایز مدیوم کلاسیک ساقه‌ای,https://www.khanoumi.com/products/meluna-classic-menstrual-cup-25560,سلام به نظر من یکی از بهترین هدیه هایی که یه خانوم به خودش میتونه بده همین کاپه،من متاسفانه نمیدونستم که خانومی داره از یه سایت دیگه سفارش دادم ،خانومی لطفا روی کاپهاتونم تخفیف بزارید که همه بتونن تهیه کنن😘,1,true,2023-08-17T00:26:21+00:00,ترکیبی,0.66,قیمت,قیمت
کاپ قاعدگی سایز مدیوم کلاسیک ساقه‌ای,https://www.khanoumi.com/products/meluna-classic-menstrual-cup-25560,بسیار خوب و راحت من اشتباهی که داشتم کوچک گرفتم و روزهایی که خونریزی زیادی دارم اگر بخام برم بیرون از خونه که نتونم با فاصله کم خالی کنم بهتره محض احتیاط پد بذارم اما در کل عالی و پیشنهاد میکنم تهیه کنید و برای استفاده و حرفه ای شدن در جاگذاری به خودتون زمان بدین حتی تا چند دوره ممکنه نتونید شیوه درست و دقیق رو پیدا کنید اما ارزشش رو داره چون وقتی باهاش اوکی بشی میفهمی چه لطفی به خودت کردی حتتتما و حتتتمابزرگش رو سفارش میدم تا دیگه راحتی صد درصد رو داشته باشم ,0,true,2023-08-16T00:04:30+00:00,ترکیبی,0.92,اصل بودن کالا,اصل بودن کالا
کاپ قاعدگی سایز مدیوم کلاسیک ساقه‌ای,https://www.khanoumi.com/products/meluna-classic-menstrual-cup-25560,عاااالیه من رنگ ابی اکلیلی دارم.اینقدر راحتم ک گاهی فراموش میکنم پریودم😂,5,false,2022-05-22T17:06:31+00:00,خنثی,0.35,محصول,محصول
کاپ قاعدگی سایز مدیوم کلاسیک ساقه‌ای,https://www.khanoumi.com/products/meluna-classic-menstrual-cup-25560,بنظرم کاپ قاعدگی یکی از اتفاقات خوب در جهت راحتی بانوانه و شما با یکبار خرید میتونید بشکل هزینه ای هم کلی صرفه جویی داشته باشید و با استفاده از کاپ در کمتر کردن زباله هم کمک کننده باشید. استفاده ازش می‌تونه قلق هایی داشته باشه که به مرور شما بهش پی میبرید و روش مناسب خودتون رو پیدا میکنید. اصلا شما احساس نمیکنید کاپ درون واژن شماست و احساس راحتی خواهید داشت,15,true,2022-04-09T15:50:50+00:00,مثبت,0.79,اصل بودن کالا | قیمت,اصل بودن کالا
ضد آفتاب فیوژن ژل اسپرت,https://www.khanoumi.com/products/isdin-fotoprotector-fusion-gel-sport-spf50-25562,اين محصول براى چه نوع پوستي هستش؟!,3,false,2019-09-14T14:22:41+00:00,خنثی,0.35,محصول,محصول
ضد آفتاب فیوژن ژل اسپرت,https://www.khanoumi.com/products/isdin-fotoprotector-fusion-gel-sport-spf50-25562,ببخشید ایزدین فیوژن واتر برای پوست چرب بهتره ید ایزدین فیوژن ژل؟,5,false,2019-08-23T14:00:49.8366667+00:00,خنثی,0.35,محصول,محصول
کرم ضد خارش اوره دين کالم,https://www.khanoumi.com/products/isdin-hydration-ureadin-calm-antipicor-cream-25565,بسیارعالی,0,false,2024-12-31T09:01:16.5087477+00:00,مثبت,0.67,سایر,سایر
کرم ضد خارش اوره دين کالم,https://www.khanoumi.com/products/isdin-hydration-ureadin-calm-antipicor-cream-25565,عالی,0,false,2024-12-30T16:45:40.9430028+00:00,مثبت,0.67,سایر,سایر
ژل پاک کننده زنياک,https://www.khanoumi.com/products/noreva-zeniac-cleansing-gel-25568,لطفاا اینو موجود کنید,0,false,2024-12-17T22:28:00.4369924+00:00,خنثی,0.35,محصول,محصول
ژل پاک کننده زنياک,https://www.khanoumi.com/products/noreva-zeniac-cleansing-gel-25568,من دوساله استفاده میکنم عالی و خیلی راضی ام ,6,false,2020-02-01T00:43:14+00:00,مثبت,0.91,سایر,سایر
ژل پاک کننده زنياک,https://www.khanoumi.com/products/noreva-zeniac-cleansing-gel-25568,بهترین ژل برای پوستای چرب و جوشدار و اصلا پوست رو خشک نمیکنه بسیار غلیظه و من ۶ ماه واسه من طول یکشید تا تموم شه,10,false,2019-11-28T01:28:38+00:00,مثبت,0.79,محصول | اصل بودن کالا,محصول
ژل پاک کننده زنياک,https://www.khanoumi.com/products/noreva-zeniac-cleansing-gel-25568,"بهترین و بهترین محصول برای پوست چرب و جوش داره هست،  اولین باره که خریدمش 
اصلا بعد شست و شو احساس خشکی پوست نمیکنین،  خیلی غلیظ هست و خریدش به صرفه هست چون اگر حتی روزی دوبار هم ازش استفاده کنید، پنج ماه رو راحت جواب میده 
توی خریدش شک نکنین 
بوی فوق العاده کم و ملایمی داره، که من خیلی دوستش دارم 
خریدش میارزه",20,false,2019-10-20T14:34:26+00:00,مثبت,0.95,محصول | اصل بودن کالا,محصول
ژل پاک کننده زنياک,https://www.khanoumi.com/products/noreva-zeniac-cleansing-gel-25568,يه شوينده عالي براي پوست چرب و جوشاي زير پوستي بدون ايجاد كشيدگي و خشكي,12,true,2019-10-15T16:30:16+00:00,ترکیبی,0.66,محصول,محصول
کرم صورت آب معدني ريچ,https://www.khanoumi.com/products/uriage-rich-water-cream-25580,آبرسان اوریاژ فوق العادست من خیلی ازش راضیم به پوست طروات و شادابی پوست بچه رو میده پیشنهاد 100 درصد میدم .سپاس خانومی,2,true,2019-10-15T19:23:39+00:00,مثبت,0.95,محصول,محصول
کرم صورت آب معدني ريچ,https://www.khanoumi.com/products/uriage-rich-water-cream-25580,این کرم فوق العادستتتت پوست رو بسیار لطیف میکنه سپاااس خانمی,2,true,2019-10-05T13:13:58+00:00,خنثی,0.35,محصول,محصول
کرم صورت آب معدني ريچ,https://www.khanoumi.com/products/uriage-rich-water-cream-25580,مزيت اين مرطوب كننده اينه كه بدون اينكه حس چربي بده به پوست ابرساني ميكنه و زود جذب ميشه,2,true,2019-10-03T19:27:07+00:00,منفی,0.91,محصول,محصول
کرم دست آب معدني,https://www.khanoumi.com/products/uriage-water-hand-cream-25581,من خیلی ازین کرم راضی بودم. هم زود جذبه هم وقتی میزنی حس خنکی ب پوستت میده بافتش نرم و سبکه بوش هم خیلی خوبه. واسه کسایی ک تو زمستون مدام دستشون خشکی میزنه فوق العادست. من هیچ کرمی پیدا نکردم ک مثل این انقدر خوب پوستو ابرسانی کنه. ,20,false,2019-11-26T21:13:05.17+00:00,مثبت,0.95,محصول,محصول
ژل بهداشتی بانوان جین فیزیولوژیک,https://www.khanoumi.com/products/uriage-gyn-phy-gel-25582,احساس تازگی و تمیزی همراه با بوی خیلی خوب! 👌🔮,9,false,2019-09-03T10:29:49+00:00,مثبت,0.79,محصول,محصول
ژل بهداشتی بانوان جین فیزیولوژیک,https://www.khanoumi.com/products/uriage-gyn-phy-gel-25582,من تاحالا دوبار این محصول رو خرید کردم ، بوش خیلی خوبه ، بوشو دوستدارم و کلا راضی بودم ازش ,8,false,2019-09-02T17:09:36+00:00,مثبت,0.95,محصول,محصول
ژل بهداشتی بانوان جین فیزیولوژیک,https://www.khanoumi.com/products/uriage-gyn-phy-gel-25582,به نظر من فرق زیادی بین شوینده های بهداشتی بانوان نیست. من مدت هاست از شامپوی بچه استفاده میکنم مشکلی نداشتم.,3,false,2019-09-02T15:35:04+00:00,خنثی,0.35,محصول,محصول
ژل بهداشتی بانوان جین فیزیولوژیک,https://www.khanoumi.com/products/uriage-gyn-phy-gel-25582,محصول خیلی خوبیه قبلا هم به توصیه پزشک زنانم از خودتون خریده بودمش. دکتر برای بهداشت بعد از مراقبه جنسی بهم توصیه کرده بود من که خیلی راضی ام  پیشنهادش میکنم,2,false,2019-09-02T15:16:39+00:00,مثبت,0.95,محصول,محصول
ژل بهداشتی بانوان جین فیزیولوژیک,https://www.khanoumi.com/products/uriage-gyn-phy-gel-25582,من مشکل عفونت های مکرر داشتم، اول دکتر بهم دارو داد و بعد از این که درمانم کامل شد الان دو ساله دارم از این محصول استفاده می کنم. ,2,false,2019-09-02T15:08:44+00:00,خنثی,0.35,محصول,محصول
پن (پوست خشک) سورگرس جديد,https://www.khanoumi.com/products/uriage-surgras-remover-pan-25586,"اتفاقا خیلی پوستو خشک میکنه، حتما بعدش باید مرطوب کننده زد، اما من اگزمای شدید داشتم با استفاده از این پوستم عالی شد.
",1,false,2019-09-10T16:25:23+00:00,مثبت,0.67,محصول,محصول
پاک کننده آرایش میسلار کرن بری پوست نرمال و خشک,https://www.khanoumi.com/products/uriage-micellar-water-cranberry-makeup-remover-25588,انتظاری که از این برند داشتم رو برام فراهم نکرد متاسفانه..قدرت پاک کنندگیش خیلی معمولی بود و پوست صورتم رو خشک میکرد..مطمءنم که با این قیمت میتونم محصول بهتری رو امتحان کنم,0,false,2020-05-06T15:44:17+00:00,منفی,0.67,محصول | قیمت,محصول
پاک کننده آرایش میسلار کرن بری پوست نرمال و خشک,https://www.khanoumi.com/products/uriage-micellar-water-cranberry-makeup-remover-25588,اصلا خوب نیست قدرت پاک کنندگی کافی ندارد.,3,false,2019-11-19T00:02:52+00:00,منفی,0.79,اصل بودن کالا,اصل بودن کالا
ژل بهداشتی بانوان اوریاژ مدل ژین-فی بسته 2 عددی,https://www.khanoumi.com/products/uriage-clean-gyn-phy-genital-cleaning-gel-200-ml-pack-of-2-25593,وااااااااااقعا عاااالیه ،حتما امتحانش کنید,1,false,2020-05-04T18:04:51+00:00,خنثی,0.35,سایر,سایر
کرم بازسازنده و التیام بخش پوست های چرب آسیب دیده هایسه اک R,https://www.khanoumi.com/products/uriage-hyseac-r-cream-25595,به جرات میشه گفت هیسه اک ار بهترین کرمه اب رسانه .. پوست من دهیدراته شده بود با اینکه ماهیت پوستم چرب بود ولی سطحش خشکو جوش دار شده بود الان حدود یه ماهه دارم استفاده میکنم خیلی بهتر شده پوشتم اصلا چرب نیست آب رسانی میکنه و حس خوبی به پوست میده .. از خانومی ممنونم بابت ارائه محصولات اصل واقعا همیشه میترسیدم از خرید اینترننتی ولی از بعد خرید از خانومی مشتری ثابتش شدم ,3,true,2019-10-19T13:18:13+00:00,مثبت,0.91,محصول | اصل بودن کالا | تحویل و ارسال,محصول
کرم ضد جوش هایسه اک تری رگول اس پی اف 30,https://www.khanoumi.com/products/uriage-hyseak-3regul-spf30-global-skin-care-25596,منتظریم لطفا موجود کنید,0,false,2024-02-25T16:50:19+00:00,خنثی,0.35,محصول,محصول
کرم ضد جوش هایسه اک تری رگول اس پی اف 30,https://www.khanoumi.com/products/uriage-hyseak-3regul-spf30-global-skin-care-25596,لطفاااااا موجودد کنید. با تخفیف ممنون .,0,false,2024-02-25T16:50:06+00:00,مثبت,0.67,محصول | قیمت,محصول
کرم ضد جوش اوریاژ هایسه اک مدل اس او اس,https://www.khanoumi.com/products/uriage-hyseac-sos-paste-local-skin-care-25597,"من وخواهرم از محصول یکماه استفاده کردیم اصلا کارایی نداش فقط برا جوش هایی ک فعال میشن سرش سفید میشه یه کوچولو کم میکنه
 اما ازبین نمیبره جوشو ",7,true,2020-01-22T09:12:01+00:00,مثبت,0.67,محصول | اصل بودن کالا,محصول
کرم ضد جوش اوریاژ هایسه اک مدل اس او اس,https://www.khanoumi.com/products/uriage-hyseac-sos-paste-local-skin-care-25597,چندروزه ازاین کرم استفاده میکنم و التهاب آکنه رو سریع کم کرد و بافت غلیظی داره,2,true,2019-10-05T13:10:07+00:00,خنثی,0.35,محصول,محصول
کرم ضد جوش اوریاژ هایسه اک مدل اس او اس,https://www.khanoumi.com/products/uriage-hyseac-sos-paste-local-skin-care-25597,من تقریبا دو ماهه از این محصول استفاده میکنم و راضی هستم جوش هارو کاملا خالی میکنه و بافت خمیری داره و قیمتش نسبت به کیفیتش عالیه,6,true,2019-10-02T20:56:57+00:00,مثبت,0.91,محصول | قیمت,محصول
کيت دو عددی کرم تري رگول رنگي و ميسلار پوست چرب,https://www.khanoumi.com/products/uriage-3-regul-tinted-cream-and-green-apple-makeup-remover-pack-of-2-25598,این محصول عالیه هم کرم هایسه اگ تری رگول هم میسلار واتر ,1,false,2019-08-17T19:49:02.3966667+00:00,مثبت,0.79,محصول,محصول
کرم دپيدرم اس پی اف 50,https://www.khanoumi.com/products/uriage-retina-depiderm-soin-spf50-25599,"خوب و عالی
",0,false,2020-06-20T16:02:06+00:00,مثبت,0.79,سایر,سایر
کرم دپيدرم اس پی اف 50,https://www.khanoumi.com/products/uriage-retina-depiderm-soin-spf50-25599, من راضی بودم در کنار دیگر محصولات مراقبت پوستی تاثیر داشت لکه ها  هارو کمرنگ کرده,0,false,2020-06-20T16:01:21+00:00,مثبت,0.67,محصول,محصول
کرم دپيدرم اس پی اف 50,https://www.khanoumi.com/products/uriage-retina-depiderm-soin-spf50-25599,خیلی خوبه,1,true,2020-06-20T11:16:36+00:00,مثبت,0.91,سایر,سایر
کرم دپيدرم اس پی اف 50,https://www.khanoumi.com/products/uriage-retina-depiderm-soin-spf50-25599,خیلی ازش راضیم هروقت تموم بشه بازم میخرم,1,true,2020-06-12T17:14:32+00:00,مثبت,0.79,محصول,محصول
کرم دپيدرم اس پی اف 50,https://www.khanoumi.com/products/uriage-retina-depiderm-soin-spf50-25599,عاااليه بهترين ضدافتاب,4,true,2020-06-08T11:00:24+00:00,مثبت,0.67,سایر,سایر
کرم دپيدرم اس پی اف 50,https://www.khanoumi.com/products/uriage-retina-depiderm-soin-spf50-25599,عالی .الان‌بار سوم‌هست ک میخرم.پوستم‌عالی شده,9,true,2020-05-12T05:04:48+00:00,مثبت,0.79,محصول,محصول
کرم دپيدرم اس پی اف 50,https://www.khanoumi.com/products/uriage-retina-depiderm-soin-spf50-25599,خوبه و جای جوش رو ترمیم میکنه ,14,false,2020-05-11T23:57:12+00:00,مثبت,0.79,سایر,سایر
فلوئید دپيدرم اس پی اف 15,https://www.khanoumi.com/products/uriage-depiderm-flouid-anti-taches-spf15-25601,عالی بود من خیلی راضی هستم ازش صورتم جای جوش مونده بود قرمز قرمز شده بود جوری که دیگه اعتماد به نفس نداشتم !اما چال نبود روی سطح پوستم الان هنوز دوره درمانم تموم نشده اما واقعا جواب داد ، پوست فوقالعاده چربی دارم.من دوتا از خانومی خریدم با تخفیف خیلی ویژه عالیییی، امیدوارم باز تخفیف بخوره,6,true,2020-02-05T11:50:37+00:00,مثبت,0.95,محصول | قیمت,محصول
فلوئید دپيدرم اس پی اف 15,https://www.khanoumi.com/products/uriage-depiderm-flouid-anti-taches-spf15-25601,آیا برای جای جوش هم موثر هست ؟ ,2,false,2020-01-12T20:50:57+00:00,خنثی,0.35,محصول,محصول
قلم ضد لک دپيدرم,https://www.khanoumi.com/products/uriage-depiderm-anti-brown-spot-targeted-care-25602,من این محصول رو برای از بین بردن لک های صورتم که اکثراً جای جوش بود تهیه کردم؛ حدود دوماه هر شب استفاده کردم ولی نتیجه ی خاصی ندیدم. در نظر داشته باشین که رنگ این کرم به قهوه ای می زنه و من اول فکر کردم نکنه تغییر رنگ داده باشه برای همین با شرکت وارد کننده تماس گرفتم ولی گفتن باید همین شکلی باشه. بوی خوبی هم نداره که البته فقط چند لحظه به مشام می رسه. نکته ی بعد اینه که فکر کردم چون اسم قلم داره استفاده روی نقاط کوچیک رو راحت می کنه ولی رقیقه موادش و خیلی طوری نیست که شما رو یه نقطه ی خاص بزنینش چون با فشارِ تیوپ معمولاً زیادی از سرش شُره می کنه!,17,false,2020-04-16T04:52:40+00:00,منفی,0.67,محصول | خدمات و پشتیبانی,محصول
قلم ضد لک دپيدرم,https://www.khanoumi.com/products/uriage-depiderm-anti-brown-spot-targeted-care-25602,خوب نبود لک رو حالت زخمی میکنه و برای پوستی که نازکه تازه لکو بدتر میکنه,16,true,2020-01-01T23:14:29+00:00,منفی,0.67,محصول,محصول
ژل کرم شوینده اسکراب و لایه بردار گمانت,https://www.khanoumi.com/products/uriage-creme-gommante-corps-25604,بهترین شوینده,0,false,2020-06-22T17:00:39+00:00,مثبت,0.67,سایر,سایر
کرم دست بریدرم,https://www.khanoumi.com/products/uriage-bariederm-hand-cream-25606,خیلی سبکه غلظتش خوبه سریع جذب میشه,0,false,2020-04-26T14:49:30+00:00,مثبت,0.79,سایر,سایر
دئودرانت پاور 3,https://www.khanoumi.com/products/uriage-power-deodorant-anti-perspirant-roll-on-25610,این دئودورانت واقعا عالیه، من از برنده ای ایرانی و خارجی حتی رکسونا و... استفاده کردم، ولی هیچکدوم مثل این نیستن، من بعد از ورزش اصلا بوی عرق نمی گیرم.,5,true,2019-12-06T21:18:22+00:00,مثبت,0.91,محصول | اصل بودن کالا,محصول
اسپری ضد تعریق فرش,https://www.khanoumi.com/products/uriage-fresh-deodorant-anti-perspirant-spray-25611,واقعا برای ضدتعریق اسپری اوریاژ خیلی خوبه خیلی 👍👍👍👍👍,0,false,2020-04-26T14:09:21+00:00,مثبت,0.91,سایر,سایر
دئودرانت جنتل,https://www.khanoumi.com/products/uriage-gentle-deodorant-anti-perspirant-roll-on-25612,دئودرانت خیلی خوبیع و کیفیت بالایی داره,0,false,2020-05-12T16:28:27+00:00,مثبت,0.79,محصول,محصول
دئودرانت جنتل,https://www.khanoumi.com/products/uriage-gentle-deodorant-anti-perspirant-roll-on-25612,خوب بود,1,true,2019-11-30T10:46:10.74+00:00,مثبت,0.79,محصول,محصول
استیک مغذی بوم لب,https://www.khanoumi.com/products/uriage-retina-stick-levres-25613,بهترین بالم لبی که استفاده کردم,1,false,2020-03-16T13:25:49+00:00,مثبت,0.67,سایر,سایر
اولين محلول پاک کننده کودک,https://www.khanoumi.com/products/uriage-1st-babe-cleansing-water-25618,من عاشق بوشم. ولی دقیقا نمیدونم کارش چیه. فقط واسه تمیز کردنه؟ البته من بیشتر مصرفم برای تمیز کردن دست بیرون از خونست. استریل که نمیکنه .‌,1,false,2019-11-29T08:55:56.77+00:00,خنثی,0.35,محصول,محصول
اولین اسپری کيوزينک کودک,https://www.khanoumi.com/products/uriage-1st-babe-cu-zn-spray-25621,خیلی خوبه,1,false,2020-06-29T18:06:58+00:00,مثبت,0.91,سایر,سایر
 شامپو بچه( اولین شامپو),https://www.khanoumi.com/products/uriage-1st-babe-extra-gentle-kids-shampoo-25622,تو برند های خارجی شامپو بچه اوریاژ یکی از فوق العاده ترین هاست...,3,false,2020-04-26T14:08:23+00:00,مثبت,0.67,محصول,محصول
ضد آفتاب بری سان کودک,https://www.khanoumi.com/products/uriage-bariesun-kids-sunscreen-cream-spf50-25623,لطفا موجودش کنید توروخدا خیلی لازمش دارم,1,false,2023-07-19T00:15:53+00:00,خنثی,0.35,محصول,محصول
فلوئید ضد آفتاب ضد براقی بری سان مات,https://www.khanoumi.com/products/uriage-bariesun-matt-sunscreen-cram-25625,"این کرم عطر ملایم ظریف و لوکسی داره که به محض دریافت کرم عاشقش شدم
به لحاظ بافتش در مقایسه با اوسرین پایینتره 
اوسرینو که میزنی مات مات میشه 
و انتظار از فلویید رو میبره بالا
و اوریاژ در کناز اون ضعیف تر به نظر میرسه
ولی اوسرین بوی زننده ای داره هرچند که ملایمه.
من فلویید سومی که تست خواهم کردم از بیودرما هست 
و بعد ازون تصمیم میگیرم که با کدومشون ادامه بدم.",2,true,2020-06-18T22:44:56+00:00,منفی,0.79,محصول,محصول
فلوئید ضد آفتاب ضد براقی بری سان مات,https://www.khanoumi.com/products/uriage-bariesun-matt-sunscreen-cram-25625,مثل کرم سنگین نیست ولی روی پوست حس میشه ، من قبلا فلویید اوسرین استفاده کردم عالیه خیلی سبکه هیچی حس نمیکنی و خیلی زود جذب میشه. دفه بعد اوسرین میگیرم ,1,true,2020-05-19T10:40:32+00:00,مثبت,0.79,محصول,محصول
فلوئید ضد آفتاب ضد براقی بری سان مات,https://www.khanoumi.com/products/uriage-bariesun-matt-sunscreen-cram-25625,نمیتونم بگم بد بود ولی خب نسبت ب برندش خیلی انتظار بیشتری داشتم ولی خیلی معمولیه و‌خیلی سبک کامل رو پوست حس میشه ,0,true,2020-05-09T14:40:37+00:00,مثبت,0.79,محصول,محصول
فلوئید ضد آفتاب ضد براقی بری سان مات,https://www.khanoumi.com/products/uriage-bariesun-matt-sunscreen-cram-25625,ضد آفتاب خوبیه . همین که بی رنگه عالیه . چربیش نسبت به رنگی کمتره . ,3,false,2020-05-04T10:19:03+00:00,مثبت,0.91,محصول,محصول
فلوئید ضد آفتاب ضد براقی بری سان مات,https://www.khanoumi.com/products/uriage-bariesun-matt-sunscreen-cram-25625,بهترین ضد آفتاب برای پوست چرب,7,false,2019-11-20T08:40:39+00:00,مثبت,0.67,محصول,محصول
فلوئید ضد آفتاب ضد براقی بری سان مات,https://www.khanoumi.com/products/uriage-bariesun-matt-sunscreen-cram-25625,تنها ضد آفتابی که پوست و چرب نمیکنه و خیلی سبکه و اصلا باعث جوش نمیشه,9,true,2019-09-23T12:23:01+00:00,مثبت,0.67,محصول | اصل بودن کالا,محصول
فلوئید ضد آفتاب ضد براقی بری سان مات,https://www.khanoumi.com/products/uriage-bariesun-matt-sunscreen-cram-25625,تنها ضد آفتابی که پوست و چرب نمیکنه و خیلی سبکه و اصلا باعث جوش نمیشه,3,true,2019-09-23T12:22:50+00:00,مثبت,0.67,محصول | اصل بودن کالا,محصول
کرم ضد جوش اکتی پور,https://www.khanoumi.com/products/noreva-soin-anti-imperfections-cream-25626,بسیار عالی..سبک ..ساعتها روی صورت بمونه احساس سنگینی اصلا نمیکنم...پوشش دهی خیلی خیلی عالی...اگر کسی پوستش خشکه حتما فلش از کرم مرطوب کننده استفاده کنه,1,false,2022-11-26T23:51:51+00:00,مثبت,0.67,محصول | اصل بودن کالا,محصول
کرم ضد جوش اکتی پور,https://www.khanoumi.com/products/noreva-soin-anti-imperfections-cream-25626,من که می زنم باعث جوش ریز رو بعضی قسمت های صورتم میشه,2,false,2020-06-10T17:32:41+00:00,خنثی,0.35,سایر,سایر
کرم ضد جوش اکتی پور,https://www.khanoumi.com/products/noreva-soin-anti-imperfections-cream-25626,من از پلت سایه میبلین استفاده می‌کنم رنگ خیلی‌ عالی دار راضی هستم,3,false,2020-04-28T13:57:33+00:00,مثبت,0.79,محصول,محصول
کرم ضد جوش اکتی پور,https://www.khanoumi.com/products/noreva-soin-anti-imperfections-cream-25626,من کلا از اکتی پور راضیم بزارین تو شانس,77,false,2019-11-20T18:03:18+00:00,مثبت,0.79,سایر,سایر
ضد آفتاب فلوئید هایسک اس پی اف 50-1,https://www.khanoumi.com/products/biorga-heyseke-spf50-sunscreen-fluid-25627,عاليه,5,false,2019-08-31T14:02:40.74+00:00,مثبت,0.79,سایر,سایر
روغن جوجوبا,https://www.khanoumi.com/products/bioswiss-gojoba-oil-25644,"روغن خوبيه ولي صورت رو برق ميندازه فقط شبا بايد استفاده بشه 
براي مو هم كه حجمش كمه صرف نداره  در كل محصول خوبيه",3,true,2019-10-17T15:53:57+00:00,مثبت,0.79,محصول,محصول
روغن جوجوبا,https://www.khanoumi.com/products/bioswiss-gojoba-oil-25644,خیلی روغن سبکیه.من برا موهام استفاده میکنم اصلا موها رو چرب نمیکنه,6,true,2019-09-28T21:29:20+00:00,مثبت,0.67,محصول | اصل بودن کالا,محصول
روغن جوجوبا,https://www.khanoumi.com/products/bioswiss-gojoba-oil-25644,یک هفته‌است که به صورت مداوم از این روغن استفاده‌ می‌کنم و واقعا راضیم. از تمام روغن‌های صورتی که داشتم به مراتب سبک تره و خیلی سریع جذب میشه و اصلا سنگینیش رو روی پوست حس نمی‌کنم. پوست نرمال رو به خشک دارم و به عنوان آخرین قدم تو روتین مراقبت پوست شبم چند قطره ازش رو کف دستم پخش می‌کنم و به صورت ضربه ای روی پوستم می‌زنم تا جذب شه و تاثیرشو صبح فردا تو نرم و شفاف شدن پوستم به عینه ببینم🥰 ‌ علاوه بر اون من از کرم پودر با کاور بالا استفاده می‌کنم ولی بافت غلیظ و ماتش رو دوست ندارم این روغن برای میکس کردن با کرم پودر یه انتخاب عالیه و هم جلوه کرم پودرو طبیعی‌تر می‌کنه و هم خیلی سبکه و تو طول روز اصلا باعث چرب شدن صورت نمی‌شه من به کسایی که پوست مختلط تا خشک دارن توصیه‌ش می‌کنم,13,false,2019-09-24T09:01:35+00:00,مثبت,0.95,محصول | اصل بودن کالا,محصول
روغن جوجوبا,https://www.khanoumi.com/products/bioswiss-gojoba-oil-25644,"این محصول به جرات تا امروز یکی از بهترین محصولات طبیعی بود که تست کردم، به نظرم هر کس یدونه ازش باشه از خیلی محصولات بی نیازه...
 برای مو، پوست، ناخن و... قابل استفاده و عالیه، اثرش روی موهای من بینظیر بود، بدون اینکه ذره ای اثر چربی بجا بذاره موها رو نرم و براق میکنه و پیشگیری از موخوره🌸",29,false,2019-09-22T18:15:18+00:00,مثبت,0.79,محصول,محصول
لیوان ضد عفونی مخصوص ماکروویو,https://www.khanoumi.com/products/meluna-sterile-cup-25646,"عالی
",1,true,2020-07-05T22:28:55+00:00,مثبت,0.67,سایر,سایر
ضد چروک صورت و گردن بالنا,https://www.khanoumi.com/products/miotto-skin-rejuvenation-balena-25649,موجودش کنید لطفاً,0,false,2024-12-03T12:06:28.3244917+00:00,خنثی,0.35,محصول,محصول
ضد چروک صورت و گردن بالنا,https://www.khanoumi.com/products/miotto-skin-rejuvenation-balena-25649,"لطفا موجود کنید 
",0,false,2024-05-18T10:17:08+00:00,خنثی,0.35,محصول,محصول
ضد چروک دور چشم و لب کارولا,https://www.khanoumi.com/products/miotto-skin-rejuvenation-carolla-25650,اصلا نخرید بجاش برید کلی کرم و چیزای دیگه بخرید,0,false,2026-05-15T15:20:41.2596996+03:30,مثبت,0.67,محصول | اصل بودن کالا,محصول
ضد چروک دور چشم و لب کارولا,https://www.khanoumi.com/products/miotto-skin-rejuvenation-carolla-25650,با کرم منلسبب و به طور مرتب استفاده بشه، مفیده,0,false,2026-03-26T20:54:44.7126838+03:30,خنثی,0.35,محصول,محصول
ضد چروک دور چشم و لب کارولا,https://www.khanoumi.com/products/miotto-skin-rejuvenation-carolla-25650,ببخشید فقط برای دور چشم و لب یا برای کل پوست هم میشه استفاده کرد,0,false,2025-02-02T09:58:09.4334515+00:00,خنثی,0.35,محصول,محصول
لیفتینگ صورت دلفینو,https://www.khanoumi.com/products/miotto-skin-rejuvenation-delfino-25651,لطفا موجود بشه,0,false,2024-11-12T05:46:05.5649796+00:00,خنثی,0.35,محصول,محصول
لیفتینگ صورت دلفینو,https://www.khanoumi.com/products/miotto-skin-rejuvenation-delfino-25651,لطفا موجود کنید ,0,false,2024-05-18T10:17:54+00:00,خنثی,0.35,محصول,محصول
ژل شستشوی صورت مناسب پوست خشک حجم 500 میلی لیتر,https://www.khanoumi.com/products/comeon-dry-skin-face-wash-25652,من ازش خریدم،بشدت احساس کشیدگی بعد از شستشو به پوست میده,0,false,2026-07-07T22:46:05.8511291+03:30,خنثی,0.35,محصول,محصول
ژل شستشوی صورت مناسب پوست خشک حجم 500 میلی لیتر,https://www.khanoumi.com/products/comeon-dry-skin-face-wash-25652,آشغال به تمام معنا.اصلا کف نمیکنه.نخرید این محصول رو.افتضاحه,0,false,2026-06-12T03:28:12.4039046+03:30,منفی,0.79,محصول | اصل بودن کالا,اصل بودن کالا
ژل شستشوی صورت مناسب پوست خشک حجم 500 میلی لیتر,https://www.khanoumi.com/products/comeon-dry-skin-face-wash-25652,امشب استفاده کردم اصلا راضی نبودم بشدت بی کیفیت بود,0,false,2026-05-22T22:08:10.7532727+03:30,منفی,0.67,محصول | اصل بودن کالا,اصل بودن کالا
ژل شستشوی صورت مناسب پوست خشک حجم 500 میلی لیتر,https://www.khanoumi.com/products/comeon-dry-skin-face-wash-25652,من مدتهاست از این فیس واش استفاده میکنم عالیه,0,true,2026-04-06T07:30:59.0420477+03:30,مثبت,0.79,سایر,سایر
ژل شستشوی صورت مناسب پوست خشک حجم 500 میلی لیتر,https://www.khanoumi.com/products/comeon-dry-skin-face-wash-25652,من پوستم خشکه و اینو استفاده کردم و پوستم به شدت خشکتر شد و سوزش گرفت، زیاد کف نمی کنه ولی بوشو دوست داشتم,0,false,2026-03-24T12:39:58.7227764+03:30,مثبت,0.67,محصول,محصول
ژل شستشوی صورت مناسب پوست خشک حجم 500 میلی لیتر,https://www.khanoumi.com/products/comeon-dry-skin-face-wash-25652,محصول خوبیه ارایش و خیلی‌خوب‌از روی‌صورت پاک میکنه واقعا اما باید زیاد بریزی ک کف‌کنه,0,true,2026-03-16T01:09:32.2550769+03:30,مثبت,0.79,محصول,محصول
ژل شستشوی صورت مناسب پوست خشک حجم 500 میلی لیتر,https://www.khanoumi.com/products/comeon-dry-skin-face-wash-25652,واقعا عالی بود اصلا پوست خشک  نمیکنه و با یه کوچولو زدن روی پوست رو تمیز میکنه ممنون ازخانمی ارسال سریع  قیمت مناسب,0,true,2026-02-24T02:22:36.1311614+03:30,مثبت,0.79,محصول | تحویل و ارسال | اصل بودن کالا | قیمت,محصول
ژل شستشوی صورت مناسب پوست خشک حجم 500 میلی لیتر,https://www.khanoumi.com/products/comeon-dry-skin-face-wash-25652,"بسیار بی کیفیت و کاملا آبکی و شل 
اصلا نخرید",0,false,2026-02-20T13:05:12.5278367+03:30,ترکیبی,0.66,محصول | اصل بودن کالا,محصول
ژل شستشوی صورت مناسب پوست خشک حجم 500 میلی لیتر,https://www.khanoumi.com/products/comeon-dry-skin-face-wash-25652,واقعا راضی هستم و هم قدرت تمیز کنندگی بالا داره هم خیلی سبکه.,0,true,2026-01-17T21:10:01.9283689+03:30,مثبت,0.67,سایر,سایر
ژل شستشوی صورت مناسب پوست خشک حجم 500 میلی لیتر,https://www.khanoumi.com/products/comeon-dry-skin-face-wash-25652,پس چرا وقتی من صورتمو با این فیس واش میشورم بعدش احساس کشیدگی روی پوستم میکنم مگه واسه پوست های خشک نیست؟؟,0,false,2025-11-23T00:58:49.9121807+03:30,خنثی,0.35,محصول,محصول
ژل شستشوی صورت مناسب پوست خشک حجم 500 میلی لیتر,https://www.khanoumi.com/products/comeon-dry-skin-face-wash-25652,بسیار بد بو اصلا توصیه نمیکنم,0,true,2025-09-26T15:55:57.7461329+03:30,منفی,0.91,محصول | اصل بودن کالا,اصل بودن کالا
ژل شستشوی صورت مناسب پوست خشک حجم 500 میلی لیتر,https://www.khanoumi.com/products/comeon-dry-skin-face-wash-25652,عالیه این محصول بشدت پوست و تمیز میکنه و رایحه خیلی ملایم و خوبی داره . توی خریدش شک نکنین.,0,true,2025-08-09T10:54:32.0185283+00:00,مثبت,0.91,محصول,محصول
ژل شستشوی صورت مناسب پوست خشک حجم 500 میلی لیتر,https://www.khanoumi.com/products/comeon-dry-skin-face-wash-25652,"عالیه من ازش استفاده کردم 
رایحه خوبی هم داره و پوست رو قشنگ تمیز میکنه",0,false,2025-06-09T18:14:50.0738388+00:00,مثبت,0.91,محصول,محصول
ژل شستشوی صورت مناسب پوست خشک حجم 500 میلی لیتر,https://www.khanoumi.com/products/comeon-dry-skin-face-wash-25652,برای استفاده روزانه عالیییییه . پوست من با اکثر فیسواش ها خشک میشد اما این خشک نمیکنه من خیلی راضی ام,0,false,2025-04-06T11:06:35.0863772+00:00,مثبت,0.91,محصول,محصول
ژل شستشوی صورت مناسب پوست خشک حجم 500 میلی لیتر,https://www.khanoumi.com/products/comeon-dry-skin-face-wash-25652,خیلی خوبه حتما واسه شستن صورتتون حتی وقتی آرایش ندارین استفاده کنید باعث لطافت پوست صورت میشه,0,true,2025-03-05T20:08:54.4634224+00:00,مثبت,0.91,محصول,محصول
ژل شستشوی صورت مناسب پوست خشک حجم 500 میلی لیتر,https://www.khanoumi.com/products/comeon-dry-skin-face-wash-25652,کامان همه چیزش عالیه.من خریدم راضی بودم,0,true,2024-11-16T13:05:29.8910258+00:00,مثبت,0.91,محصول,محصول
ژل شستشوی صورت مناسب پوست خشک حجم 500 میلی لیتر,https://www.khanoumi.com/products/comeon-dry-skin-face-wash-25652,من خیلی راضی هستم.پوست رو با طراوت میکنه.,0,true,2024-10-21T18:13:03.3573012+00:00,مثبت,0.67,محصول,محصول
ژل شستشوی صورت مناسب پوست خشک حجم 500 میلی لیتر,https://www.khanoumi.com/products/comeon-dry-skin-face-wash-25652,"اصلاااا راضی نیستم 
حجم زیادی داره که بنظر مقرون بصرفه میاد اما اونقدر زیاد باید بزنی تا بتونه ارایش پاک کنه و خیلییییی رقیق هست 
توصیه نمیکنم",0,false,2024-09-25T03:45:17+00:00,منفی,0.67,محصول | اصل بودن کالا,اصل بودن کالا
ژل شستشوی صورت مناسب پوست خشک حجم 500 میلی لیتر,https://www.khanoumi.com/products/comeon-dry-skin-face-wash-25652,عالی هست مخصوصا برا شستشوی ارایش چشم,0,true,2024-08-28T13:41:02+00:00,مثبت,0.67,سایر,سایر
ژل شستشوی صورت مناسب پوست خشک حجم 500 میلی لیتر,https://www.khanoumi.com/products/comeon-dry-skin-face-wash-25652,به پوست من که خیلی سازگاره،بعد استفاده دیگه احساس کشیدگی پوست ندارم,0,true,2024-06-25T13:54:23+00:00,خنثی,0.35,محصول,محصول
ژل شستشوی صورت مناسب پوست خشک حجم 500 میلی لیتر,https://www.khanoumi.com/products/comeon-dry-skin-face-wash-25652,"من اول با میسلاروارتر آرایشم رو پاک میکنم بعدش از این شوینده استفاده میکنم. خوبشی اینه که رطوبت پوستم رو از بین نمیبره. من پوست حساسی دارم ولی این شوینده خیلی خوب بهش سازگاره

",0,false,2024-01-18T17:46:51+00:00,مثبت,0.91,محصول,محصول
ژل شستشوی صورت مناسب پوست خشک حجم 500 میلی لیتر,https://www.khanoumi.com/products/comeon-dry-skin-face-wash-25652,همه محصولات کامان که خوب هستن. این محصولم یه جور دیگه خوبه. حس میکنم با این حجم و قیمت دیگه نمیشه مثلش رو توی ایران پیدا کرد.,0,false,2024-01-18T13:56:54+00:00,مثبت,0.91,محصول | قیمت,محصول
ژل شستشوی صورت مناسب پوست خشک حجم 500 میلی لیتر,https://www.khanoumi.com/products/comeon-dry-skin-face-wash-25652,وقتی دکتر بهم گفت که باید روزی دوبار صورتم رو بشورم، کلی غمم گرفت چون پوستم خشکه و بعد از هر بار شستن انگار داره ترک میخوره. مخصوصا توی فصول سرد. اما دکتر بهم این شوینده رو معرفی کرد که خیلی ازش راضیم و هیچ کدوم از اون حس های بد رو بهم نمیده و حال پوستم بعد از استفاده ازش خیلی خوبه,0,false,2024-01-18T13:56:15+00:00,مثبت,0.95,محصول,محصول
ژل شستشوی صورت مناسب پوست خشک حجم 500 میلی لیتر,https://www.khanoumi.com/products/comeon-dry-skin-face-wash-25652,من این محصول رو نزدیک به سه ساله که دارم استفاده میکنم و واقعا ازش راضیم. هم حجمش خیلی خوبه، هم ترکیبات توش خیلی به پوستم سازگاره,0,false,2024-01-18T11:12:22+00:00,مثبت,0.95,محصول,محصول
ژل شستشوی صورت مناسب پوست خشک حجم 500 میلی لیتر,https://www.khanoumi.com/products/comeon-dry-skin-face-wash-25652,رطوبت و لطافت رو به پوستم برگردوند. مخصوصا اگه با مرطوب کننده همین برند استفاده کنین، بعد از یه ماه استفاده نتیجه اش رو به وضوح میبینین,0,false,2023-12-18T17:18:18+00:00,خنثی,0.35,محصول,محصول
ژل شستشوی صورت مناسب پوست خشک حجم 500 میلی لیتر,https://www.khanoumi.com/products/comeon-dry-skin-face-wash-25652,پیدا کردن یه شوینده خوب برای پوست خشک، یکی از سخت ترین کارهاست. من این شوینده رو بهتون پیشنهاد میکنم چون با هیالونیک اسیدی که داره، پوستتون رو آبرسانی میکنه و حالش رو بهتر میکنه,0,false,2023-12-18T16:22:12+00:00,مثبت,0.91,محصول,محصول
ژل شستشوی صورت مناسب پوست خشک حجم 500 میلی لیتر,https://www.khanoumi.com/products/comeon-dry-skin-face-wash-25652,قدرت پاک کنندگی و از بین بردن آلودگی این شوینده عالیه. یه بار ازش استفاده کنی معتادش میشی,0,false,2023-12-18T16:21:45+00:00,مثبت,0.79,سایر,سایر
ژل شستشوی صورت مناسب پوست خشک حجم 500 میلی لیتر,https://www.khanoumi.com/products/comeon-dry-skin-face-wash-25652,قدرت پاک کنندگی و از بین بردن آلودگی این شوینده عالیه. یه بار ازش استفاده کنی معتادش میشی,0,false,2023-12-18T16:21:45+00:00,مثبت,0.79,سایر,سایر
ژل شستشوی صورت مناسب پوست خشک حجم 500 میلی لیتر,https://www.khanoumi.com/products/comeon-dry-skin-face-wash-25652,من خودم شوینده پوست چرب کامان رو داشتم. این محصول رو برای خواهرم گرفتم و الان یه ماهی هست استفاده میکنه و خیلی راضیه. واقعا بعد از استفاده از این شوینده معنی کیفیت رو میفهمین,0,false,2023-12-16T12:41:01+00:00,مثبت,0.67,محصول,محصول
ژل شستشوی صورت مناسب پوست خشک حجم 500 میلی لیتر,https://www.khanoumi.com/products/comeon-dry-skin-face-wash-25652, اگه پوست خشکی داری حتما تجربه این رو داری که شوینده ها مخصوصا توی فصل سرد خشکی پوستت رو بدتر میکنن. یه جوری که اصلا نمیخوام صورتم رو بشورم. ولی این شوینده، روتین پوستی رو برام لذت بخش کرده,0,false,2023-12-13T11:02:00+00:00,منفی,0.79,محصول | اصل بودن کالا,اصل بودن کالا
ژل شستشوی صورت مناسب پوست خشک حجم 500 میلی لیتر,https://www.khanoumi.com/products/comeon-dry-skin-face-wash-25652,اگه شما هم مثل من پوستتون خشک میشه و حس کشیدگی دارین، این محصول رو سفارش بدین. هیالونیک استید داخلش باعث میشه بعد از زدنش پوست خشک نشه و آبرسانی هم بشه.,0,false,2023-12-11T10:45:52+00:00,منفی,0.67,محصول,محصول
ژل شستشوی صورت مناسب پوست خشک حجم 500 میلی لیتر,https://www.khanoumi.com/products/comeon-dry-skin-face-wash-25652,لطفا برای پوست خشک و چرب موجود کنید با تمامی خریدامون سفارش بدیم,0,false,2023-12-06T15:32:53+00:00,منفی,0.67,محصول,محصول
ژل شستشوی صورت مناسب پوست خشک حجم 500 میلی لیتر,https://www.khanoumi.com/products/comeon-dry-skin-face-wash-25652,برای من خیلی خوب بود ، پوستم خشک بود و با هر محصول دیگه ای که صورتم را می شستم بعدش پوست صورتم می سوخت ، ولی الان این جوری نمی شه,0,false,2023-11-27T15:16:28+00:00,مثبت,0.91,محصول,محصول
ژل شستشوی صورت مناسب پوست خشک حجم 500 میلی لیتر,https://www.khanoumi.com/products/comeon-dry-skin-face-wash-25652,این محصول بوی خوبی داره ولی باید با حجم زیاد و مدت بیشتری روی صورت ماساژ بدی که پوست کامل تمیز بشه,0,false,2023-09-05T13:53:21+00:00,ترکیبی,0.71,محصول,محصول
ژل شستشوی صورت مناسب پوست خشک حجم 500 میلی لیتر,https://www.khanoumi.com/products/comeon-dry-skin-face-wash-25652,"عالییییییی بود.
ممنون از خانومی",0,false,2023-06-18T11:16:21.9866667+00:00,مثبت,0.79,محصول,محصول
ژل شستشوی صورت مناسب پوست خشک حجم 500 میلی لیتر,https://www.khanoumi.com/products/comeon-dry-skin-face-wash-25652,رایحه خوبی داره و پوست رو کامل تمیز می کنه. حتی آرایش های سنگین رو . 5 ستاره ,0,false,2023-06-18T09:48:14.0033333+00:00,مثبت,0.67,محصول,محصول
ژل شستشوی صورت مناسب پوست خشک حجم 500 میلی لیتر,https://www.khanoumi.com/products/comeon-dry-skin-face-wash-25652,محصولات کامان خیلی عالیه کلا همه محصولات خانمی بهترینها😍😍,0,false,2023-06-07T16:12:00+00:00,مثبت,0.67,محصول,محصول
ژل شستشوی صورت مناسب پوست خشک حجم 500 میلی لیتر,https://www.khanoumi.com/products/comeon-dry-skin-face-wash-25652,"غلظت و پاک کنندگی بسیار خوبی داره
راضی بودم",0,true,2023-06-06T13:54:18+00:00,مثبت,0.79,محصول,محصول
ژل شستشوی صورت مناسب پوست خشک حجم 500 میلی لیتر,https://www.khanoumi.com/products/comeon-dry-skin-face-wash-25652,"از انتظارم بهتر بود
پاک کنندگی و غلظت خیلی خوبی داره و با پوست خشکم سازگار بود",0,true,2023-05-28T22:12:45+00:00,مثبت,0.79,محصول,محصول
ژل شستشوی صورت مناسب پوست خشک حجم 500 میلی لیتر,https://www.khanoumi.com/products/comeon-dry-skin-face-wash-25652,وای خیلی خوبه که هیالورونیک اسید دارن ، این جوری نگران خشک شدن پوستم نیستم,0,false,2023-05-09T10:02:15+00:00,مثبت,0.91,محصول | قیمت,محصول
ژل شستشوی صورت مناسب پوست خشک حجم 500 میلی لیتر,https://www.khanoumi.com/products/comeon-dry-skin-face-wash-25652,من همیشه محصولاتی را استفاده می کنم که هیالورونیک اسید دارن  ، چون رطوبت را توی پوست نگه می داره,0,false,2023-05-09T10:00:02+00:00,خنثی,0.35,محصول,محصول
ژل شستشوی صورت مناسب پوست خشک حجم 500 میلی لیتر,https://www.khanoumi.com/products/comeon-dry-skin-face-wash-25652,با معرفی پزشکم این محصول را خریدم و الان نمی تونم ازش جدا بشم. برای منی که پوست خشکی دارم، پیدا کردن یک محصول که پوستم رو خشک و پوسته پوسته نکنه، واقعا کار سختیه.,1,false,2023-05-09T09:59:06+00:00,خنثی,0.35,محصول,محصول
ژل شستشوی صورت مناسب پوست خشک حجم 500 میلی لیتر,https://www.khanoumi.com/products/comeon-dry-skin-face-wash-25652,من با این محصول برای دوستم یک پک هدیه درست کردم ولی انقدر که از این ژل شست و شو تعریف کرد منم ازش خریدم و خیلی راضی ام,0,false,2023-05-09T09:58:03+00:00,مثبت,0.79,محصول,محصول
ژل شستشوی صورت مناسب پوست خشک حجم 500 میلی لیتر,https://www.khanoumi.com/products/comeon-dry-skin-face-wash-25652,من دنبال یک چیزی بودم تا بعد از میسلار بتونم صورتم را با اون بشورم ، همکارانم این محصول را معرفی کردن و واقعا راضی ام,0,false,2023-05-09T09:57:12+00:00,مثبت,0.79,محصول,محصول
ژل شستشوی صورت مناسب پوست خشک حجم 500 میلی لیتر,https://www.khanoumi.com/products/comeon-dry-skin-face-wash-25652,ممنونم از اینکه موجودش کردین، من به خاطر جوش هام باید صورتم را با محصول هایی که صابون ندارن بشورم و خیلی ازاین محصول راضی ام.,0,false,2023-05-09T09:56:14+00:00,مثبت,0.91,محصول,محصول
ژل شستشوی صورت مناسب پوست خشک حجم 500 میلی لیتر,https://www.khanoumi.com/products/comeon-dry-skin-face-wash-25652,من خیلی راضی ام ، بعد از شست و شو احساس خشکی و کشیدگی روی پوستم را دیگه ندارم,0,false,2023-05-09T09:54:18+00:00,مثبت,0.79,محصول,محصول
ژل شستشوی صورت مناسب پوست خشک حجم 500 میلی لیتر,https://www.khanoumi.com/products/comeon-dry-skin-face-wash-25652,وقتی هر روز باید استفاده کنیم برای من حجم و قیمت اش خیلی مهمه با این حجم زیادش واقعا می صرفه که امتحانش کنید,0,false,2023-05-09T09:52:30+00:00,خنثی,0.35,محصول | قیمت,محصول
ژل شستشوی صورت مناسب پوست خشک حجم 500 میلی لیتر,https://www.khanoumi.com/products/comeon-dry-skin-face-wash-25652,کنار این که برای پوستم خوبه بخاطر بوی خوبی که داره گرفتم,0,false,2023-05-09T09:49:31+00:00,مثبت,0.91,محصول,محصول
ژل شستشوی صورت مناسب پوست خشک حجم 500 میلی لیتر,https://www.khanoumi.com/products/comeon-dry-skin-face-wash-25652,"برای من خیلی خوب بود ، پوستم خشک بود و با هر محصول دیگه ای که صورتم را می شستم بعدش پوست صورتم می سوخت. ولی الان این جوری نمی شد

",0,false,2023-05-09T09:33:30+00:00,مثبت,0.91,محصول,محصول
ژل شستشوی صورت مناسب پوست خشک حجم 500 میلی لیتر,https://www.khanoumi.com/products/comeon-dry-skin-face-wash-25652,"سلام
این محصول نسبت به برند های دیگر و موجود در ایران از لحاظ بو و اندازه کیفیت بهتری دارد 
متشکرم",0,false,2023-03-28T12:34:21+00:00,خنثی,0.35,محصول,محصول
ژل شستشوی صورت مناسب پوست خشک حجم 500 میلی لیتر,https://www.khanoumi.com/products/comeon-dry-skin-face-wash-25652,این محصول چند وقت هست خریدم خوبه و نسبت به بقیه برند هاییکه استفاده کردم بهتر ارزانتر و به صرفه تر میباشد,0,false,2023-03-28T12:25:00+00:00,مثبت,0.79,محصول | قیمت,محصول
ژل شستشوی صورت مناسب پوست خشک حجم 500 میلی لیتر,https://www.khanoumi.com/products/comeon-dry-skin-face-wash-25652,سلام. من از این محصول استفاده کردم وهنوزم دارم استفاده می کنم واز این محصول بسیار راضی بودم برای پوست خشک هستش وعالی من پیشنهاد میدم حتما استفاده کنید  ونکته دوم قیمتش خیلی خوب بود هستش ,0,false,2023-03-28T11:09:18+00:00,مثبت,0.95,محصول | قیمت,محصول
ژل شستشوی صورت مناسب پوست خشک حجم 500 میلی لیتر,https://www.khanoumi.com/products/comeon-dry-skin-face-wash-25652,سلام. من از این محصول استفاده کردم وهنوزم دارم استفاده می کنم واز این محصول بسیار راضی بودم ونکته دوم قیمتش خیلی خوب بود,0,false,2023-03-28T11:03:35+00:00,مثبت,0.95,محصول | قیمت,محصول
ژل شستشوی صورت مناسب پوست خشک حجم 500 میلی لیتر,https://www.khanoumi.com/products/comeon-dry-skin-face-wash-25652,"با سلام این محصول تازه خریدم 
اول برای خانومم خریدم ولی بعد دیدم نه. خودمم باید استفاده کنم اولین بار تست کردم خیلی خوب بود الان بیشترین مصرف من دارم 
نکته دوم که این نسبت به قیمت وحجم اون با برند های دیگه تواین قیمت بهترین هست و من ترجیح میدم از برند دیگه ای خرید نکنم جالب بود من بخاطره کارم پوست خشک دارم و استفاده میکنم که برای عالی هست خانمم بعد از آرایش و میکرومیبلدینگ با این محصول میشوره صورتشو 
پیشنهاد میشه خرید کنید خودمم دایم میخرم",1,false,2023-03-26T19:33:00+00:00,مثبت,0.95,محصول | قیمت,محصول
ژل شستشوی صورت مناسب پوست خشک حجم 500 میلی لیتر,https://www.khanoumi.com/products/comeon-dry-skin-face-wash-25652,اصلا خوب نیست تازه به دستم رسیده،،، فوق العده رقیق رقیق رقیق،،، اصلا هم کف نمیکنه. پشیمونم از خریدش،، فقط آدرا عالیه,5,true,2023-02-28T13:42:09+00:00,مثبت,0.67,اصل بودن کالا | محصول | تحویل و ارسال,اصل بودن کالا
ژل شستشوی صورت مناسب پوست خشک حجم 500 میلی لیتر,https://www.khanoumi.com/products/comeon-dry-skin-face-wash-25652,پوست من خشکه. و یکی از مشکلاتی که همیشه باهاش دارم، پوسته پوسته شدن و کمی زبر بودنه. برای جلوگیری از خشکی بیش از حد و مراقبت بیشتر از پوستم، تصمیم گرفتم که از فیس واش کامان، مخصوص پوست‌های خشک استفاده کنم. روزای اول به خوبی نرمی و شادابی که در پوستم ایجاد شد، رو احساس کردم. و به مرور زمان دیگه پوستم دچار خشکی شدید نشد. اما یکی از مشکلات بزرگی که با این محصول داشتم، رایحه عطری بیش از اندازه اون بود. اگر رایحه‌های زیاد در یک محصول برای شما خوشایند نیست، اصلا از این محصول استفاده نکنید. حجم این فیس واش نسبتا زیاده و برای مصرف طولانی مدت گزینه خوبیه. اگر دنبال یک محصول رده متوسط و قیمت مناسب هستید، فیس واش کامان گزینه خوبی می‌تونه برای شما باشه.,13,false,2022-01-21T23:37:11+00:00,مثبت,0.79,محصول | اصل بودن کالا | قیمت,محصول
ژل شستشوی صورت مناسب پوست خشک حجم 500 میلی لیتر,https://www.khanoumi.com/products/comeon-dry-skin-face-wash-25652,من با استفاده از این محصول صورتم خشکتر شد و کلی جوش زدم,8,false,2021-10-06T11:04:13+00:00,خنثی,0.35,محصول,محصول
ژل شستشوی صورت مناسب پوست خشک حجم 500 میلی لیتر,https://www.khanoumi.com/products/comeon-dry-skin-face-wash-25652,من ازین محصول استفاده کردم پاک کنندگیش عالیه حرف نداره خیلی خوش بو هستش حجمش عالیه هیلی بصرفه هستش تنها ایرادش بااینکه مخصوص پوست خشک هستش بدتر بعداز مصرف پوست رو خشک تر میکنه.,36,true,2020-10-07T02:13:34+00:00,منفی,0.67,محصول,محصول
ژل شستشوی صورت مناسب پوست خشک حجم 500 میلی لیتر,https://www.khanoumi.com/products/comeon-dry-skin-face-wash-25652,بنظرم فقط از لحاظ خجم و قیمت مناسبه. چون بعد از استفاده پوست رو خشک تر میکنه و کمی حالت سوزش در اثر خشکی ایجاد میکنه . من از برند سینره استفاده میکردم و خیلی خوب بود اصلا پوست رو بعد شستشو خشک نمیکنه,14,true,2020-09-08T15:25:58+00:00,مثبت,0.95,محصول | اصل بودن کالا | قیمت,محصول
ژل شستشوی صورت مناسب پوست خشک حجم 500 میلی لیتر,https://www.khanoumi.com/products/comeon-dry-skin-face-wash-25652,چشم ها رو میسوزونه،خشکیه پوستو در حد کمی برطرف میکنه ولی بد نیست با توجه به قیمت و حجم زیادی که داره ,5,true,2020-08-20T20:41:01+00:00,مثبت,0.67,محصول | قیمت,محصول
ژل شستشوی صورت مناسب پوست خشک حجم 500 میلی لیتر,https://www.khanoumi.com/products/comeon-dry-skin-face-wash-25652,"من پوستم خشکه 
وقتی استفاده کردم پوستم خشک تر نشد ولی خیلی جوش زدم 
در حدی که تابحال اینطور جوش نزده بودم 
",1,true,2020-08-14T01:25:02+00:00,خنثی,0.35,محصول,محصول
ژل شستشوی صورت مناسب پوست خشک حجم 500 میلی لیتر,https://www.khanoumi.com/products/comeon-dry-skin-face-wash-25652,من پوست خشکی دارم و تازه از این محصول استفاده کردم و راضی بودم👌,1,true,2020-08-06T12:59:18+00:00,مثبت,0.67,محصول,محصول
ژل شستشوی صورت مناسب پوست خشک حجم 500 میلی لیتر,https://www.khanoumi.com/products/comeon-dry-skin-face-wash-25652,من خیلی راضی بودم ازش❤️,4,true,2020-07-22T15:17:53+00:00,مثبت,0.67,محصول,محصول
ژل شستشوی صورت مناسب پوست خشک حجم 500 میلی لیتر,https://www.khanoumi.com/products/comeon-dry-skin-face-wash-25652,واقعا عالیه ، بوی خوبی داره ، اصلا حالت خشکی زیاد و کشیدگی پوست رو نمیده فقط تنها ایرادی که میتونم بگیرم ازش اینه که دیر کف میکنه وگرنه عالیه,3,true,2020-07-20T07:12:12+00:00,مثبت,0.95,محصول | اصل بودن کالا,محصول
ژل شستشوی صورت مناسب پوست خشک حجم 500 میلی لیتر,https://www.khanoumi.com/products/comeon-dry-skin-face-wash-25652,من استفاده کردم و بسیار راضی بودم.پوست و تمیز می‌کنه و نرم,6,true,2020-06-01T16:10:57+00:00,مثبت,0.67,محصول,محصول
ژل شستشوی صورت مناسب پوست خشک حجم 500 میلی لیتر,https://www.khanoumi.com/products/comeon-dry-skin-face-wash-25652,من این محصول رو دو سری برای مادرم شارژ کردم و خیلی راضیه,5,true,2020-04-21T23:07:07+00:00,مثبت,0.67,محصول,محصول
ژل شستشوی صورت مناسب پوست خشک حجم 500 میلی لیتر,https://www.khanoumi.com/products/comeon-dry-skin-face-wash-25652,من دو بار از این برای مامانم گرفتم و خیلی راضی هست,3,true,2020-04-12T22:36:26+00:00,مثبت,0.67,سایر,سایر
ژل شستشوی صورت مناسب پوست خشک حجم 500 میلی لیتر,https://www.khanoumi.com/products/comeon-dry-skin-face-wash-25652,عالیه اولش یکم حس کشیدگی میده به پوستای خشک ولی بعد چندروز کم کم پوستو ب مرور مرطوب و نرم تر میکنه خیلیم دیر تموم میشه😍😍,6,true,2020-03-03T00:41:59+00:00,مثبت,0.79,محصول,محصول
ژل شستشوی صورت مناسب پوست خشک حجم 500 میلی لیتر,https://www.khanoumi.com/products/comeon-dry-skin-face-wash-25652,عالیه پوستو ب مرور مرطوب و نرم تر میکنه,2,true,2020-03-03T00:39:55+00:00,مثبت,0.79,محصول,محصول
ژل شستشوی صورت مناسب پوست خشک حجم 500 میلی لیتر,https://www.khanoumi.com/products/comeon-dry-skin-face-wash-25652,سلام . من حدود دوماه میشه که این محصول رو خریدم و فوق العاده راضیم . علاوه بر پاک کنندگی صورت باعث خشکی پوست نمیشه و نسبت به حجمی که داره قیمتش خیلی مناسبه,3,true,2020-02-25T16:19:35+00:00,مثبت,0.91,محصول | قیمت,محصول
ژل شستشوی صورت مناسب پوست خشک حجم 500 میلی لیتر,https://www.khanoumi.com/products/comeon-dry-skin-face-wash-25652,من یک هفتست ک ازین محصول استفاده میکنم واقعا عالیه حتی منافذ سیاهه رویه بینیمو ازبین برده و منافذو کوچیک تر کرده بعد از استفادش احساس خیلی خوبی به ادم دست میده,3,false,2020-02-16T19:00:51+00:00,مثبت,0.95,محصول,محصول
ژل شستشوی صورت مناسب پوست خشک حجم 500 میلی لیتر,https://www.khanoumi.com/products/comeon-dry-skin-face-wash-25652,حجمش عالی.قدرت پاک کنندگی عالی.خیلی کف میکنه و اصلا پوستم رو خشک نمیکنه.بعضی از دوستان گفتن بهتره بعدش از مرطوب کننده استفاده بشه اما پوست من بعد از استفاده اصلا خشک نشد.اما بعدش از آبرسان استفاده میکنم و راضیم,7,true,2020-01-22T19:29:52+00:00,مثبت,0.95,محصول | اصل بودن کالا,محصول
ژل شستشوی صورت مناسب پوست خشک حجم 500 میلی لیتر,https://www.khanoumi.com/products/comeon-dry-skin-face-wash-25652,خیلی عالی بود. من همیشه پوستم خشک بود مجبور بودم مرطوب کننده بزنم ولی از وقتی از این محصول استفاده کردم پوستم بهتر شده‌.,2,false,2020-01-19T16:47:23+00:00,مثبت,0.79,محصول,محصول
ژل شستشوی صورت مناسب پوست خشک حجم 500 میلی لیتر,https://www.khanoumi.com/products/comeon-dry-skin-face-wash-25652,من پوست خشکی دارم یک ماه پیش سفارش دادم این فیس واش رو،الان که دارم مصرفش میکنم پوستم خیلی خیلی دیگه خشک شده،بدترشده پوستم که بهترنشده،پوسته های سفید هم زیرگونم میبینم این روزا,3,true,2020-01-19T00:49:33+00:00,منفی,0.67,محصول,محصول
ژل شستشوی صورت مناسب پوست خشک حجم 500 میلی لیتر,https://www.khanoumi.com/products/comeon-dry-skin-face-wash-25652,"فیس واس کامان برای پوست های خشک واقعا عالی باعث شده صورتم کمتر خشکه بزنه و کامل ارایش هارو هم از بین میبره و خشک بودن صورتم رو به نرمال تغییر کرده
مرسی از خانومی بابت محصولات با کیفیتی که در اختیار مصرف کننده قرار میده ",1,true,2020-01-17T17:04:11+00:00,مثبت,0.79,محصول,محصول
ژل شستشوی صورت مناسب پوست خشک حجم 500 میلی لیتر,https://www.khanoumi.com/products/comeon-dry-skin-face-wash-25652,من پوست نرمال و خشکی دارم ، به نظرم محصول خوبی هستش و بعد از تموم شدنش مجدد میخرم  اما بهتره بعد از شستشوی صورت از مرطوب کننده هم استفاده بشه . ,7,true,2019-11-23T00:55:23+00:00,مثبت,0.67,محصول,محصول
ژل شستشوی صورت مناسب پوست خشک حجم 500 میلی لیتر,https://www.khanoumi.com/products/comeon-dry-skin-face-wash-25652,من بسیار راضی هستم. با تشکر از شما,5,false,2019-10-30T16:02:26+00:00,مثبت,0.67,سایر,سایر
ژل شستشوی صورت مناسب پوست خشک حجم 500 میلی لیتر,https://www.khanoumi.com/products/comeon-dry-skin-face-wash-25652,من بسیار راضی هستم. با تشکر از شما,3,false,2019-10-30T15:58:03+00:00,مثبت,0.67,سایر,سایر
ژل شستشوی صورت مناسب پوست خشک حجم 500 میلی لیتر,https://www.khanoumi.com/products/comeon-dry-skin-face-wash-25652,من ازش دارم استفاده ميكنم عاليه,6,true,2019-10-21T20:53:30+00:00,مثبت,0.79,سایر,سایر
ژل شستشوی صورت مناسب پوست خشک حجم 500 میلی لیتر,https://www.khanoumi.com/products/comeon-dry-skin-face-wash-25652,من يك هفته اس استفاده ميكنم ، روزي دوبار ، اصلا پوستم خشك نميشه و بوي خوبي هم داره ,5,true,2019-10-17T12:09:33+00:00,خنثی,0.35,محصول | اصل بودن کالا,محصول
ژل شستشوی صورت مناسب پوست خشک حجم 500 میلی لیتر,https://www.khanoumi.com/products/comeon-dry-skin-face-wash-25652,من پوستم خشکه و فیس واش کامان مخصوص پوستهای خشکو خریدم خیلی خوبه وقتی صورتمو میشورم احساس کشیدگی روی پوستم ندارم,8,true,2019-10-13T16:41:57+00:00,مثبت,0.91,محصول,محصول
ژل شستشوی صورت مناسب پوست خشک حجم 500 میلی لیتر,https://www.khanoumi.com/products/comeon-dry-skin-face-wash-25652,سلام من دو روزه خریدم بوی خوبی داره ،احساس میکنم پوستم بهتر شده  ،راضیم ازش حجمشم زیاده,2,true,2019-10-13T15:41:34+00:00,مثبت,0.91,محصول,محصول
ژل شستشوی صورت مناسب پوست خشک حجم 500 میلی لیتر,https://www.khanoumi.com/products/comeon-dry-skin-face-wash-25652,بعد از شستن صورتم احساس خوبی به پوستم دست داد,2,true,2019-10-12T11:29:12+00:00,مثبت,0.67,محصول,محصول
ژل شستشوی صورت مناسب پوست خشک حجم 500 میلی لیتر,https://www.khanoumi.com/products/comeon-dry-skin-face-wash-25652,من مخصوص پوست خشکشو گرفتم . بوی خوبی داره پوستم نرم میکنه  ولی من خیلی جوش زدم . منی که اصلا جوش نمیزنم. نمیدونم شایدم به پوست  من نساخته ,14,true,2019-09-12T11:22:04+00:00,خنثی,0.35,محصول | اصل بودن کالا,محصول
ژل شستشوی صورت مناسب پوست خشک حجم 500 میلی لیتر,https://www.khanoumi.com/products/comeon-dry-skin-face-wash-25652,این محصول برای پوستهای  مایل به خشک خوبه؟؟اخه پوستم خشک نیست من.مختلطه رو به خشکه,18,false,2019-08-15T11:19:13.7733333+00:00,مثبت,0.79,محصول,محصول
ژل شستشوی صورت مناسب پوست چرب 500میل,https://www.khanoumi.com/products/comeon-oily-skin-face-wash-25653,"من از خریدم پشیمونم 
چون اصلاً کیفیت سابق رو نداره 
هربار باید مقدار زیادی ژل مصرف کنم تا صورتم از یک ضدآفتاب پاک بشه .
واقعاً راضی نیستم",0,true,2026-08-26T23:30:12.7623666+03:30,منفی,0.79,محصول | اصل بودن کالا,اصل بودن کالا
ژل شستشوی صورت مناسب پوست چرب 500میل,https://www.khanoumi.com/products/comeon-oily-skin-face-wash-25653,سمی ترین,0,false,2026-04-28T05:04:08.6852635+03:30,خنثی,0.35,سایر,سایر
ژل شستشوی صورت مناسب پوست چرب 500میل,https://www.khanoumi.com/products/comeon-oily-skin-face-wash-25653,خیلی بد,0,false,2026-04-17T16:11:44.8465848+03:30,منفی,0.67,سایر,سایر
ژل شستشوی صورت مناسب پوست چرب 500میل,https://www.khanoumi.com/products/comeon-oily-skin-face-wash-25653,اصلا کیفیت نداره بنظرم اصلا ارزش خرید نداره و پوست من بشدت باهاش جوش زد و پیشنهاد نمیکنم,0,false,2026-04-11T12:09:24.0134554+03:30,منفی,0.79,محصول | اصل بودن کالا | قیمت,اصل بودن کالا
ژل شستشوی صورت مناسب پوست چرب 500میل,https://www.khanoumi.com/products/comeon-oily-skin-face-wash-25653,عالی و خیلی به نسبت سایر ژل های شست و شوی صورت، و به نسبت قیمتش به صرفه بود,0,false,2026-03-30T14:08:19.6492397+03:30,مثبت,0.67,محصول | قیمت,محصول
ژل شستشوی صورت مناسب پوست چرب 500میل,https://www.khanoumi.com/products/comeon-oily-skin-face-wash-25653,"اگه می‌خوایید پوست‌تون نابود بشه ، پر از جوش بشه و سد دفاعی‌ش نابود حتماً این ژل شست‌وشو تهیه کنید 
یعنی فوق‌الاده وحشتناک 
با نصف قیمت این دیپ‌سنس مدل بامبو بخرید هم پوست اذیت نمیکنه و هم چربی پوست کنترل و به درمان کمک میکنه .",0,false,2026-03-28T15:53:29.2254174+03:30,خنثی,0.35,محصول | قیمت,محصول
ژل شستشوی صورت مناسب پوست چرب 500میل,https://www.khanoumi.com/products/comeon-oily-skin-face-wash-25653,من یکسالی هست از جاهای دیگه خرید این ژل رو داره عالیه,0,true,2026-03-05T17:39:06.3179069+03:30,مثبت,0.79,سایر,سایر
ژل شستشوی صورت مناسب پوست چرب 500میل,https://www.khanoumi.com/products/comeon-oily-skin-face-wash-25653,برای صورت خوب نیست خشک میکنه پوست رو ولی برای جوشای بدن خیلی عالیه من واقعا تاثیرشو دیدم ..,0,false,2026-02-21T17:05:52.9335955+03:30,ترکیبی,0.71,محصول,محصول
ژل شستشوی صورت مناسب پوست چرب 500میل,https://www.khanoumi.com/products/comeon-oily-skin-face-wash-25653,من خودم میخرم ژلش شفافه ولی اینجا سفارش دادم ژلش سفیده اصلنم کیفیت نداره,0,true,2025-09-21T17:50:34.1907312+03:30,مثبت,0.67,محصول | اصل بودن کالا,محصول
ژل شستشوی صورت مناسب پوست چرب 500میل,https://www.khanoumi.com/products/comeon-oily-skin-face-wash-25653,سلام لطفا تخفیف رو بیشتر کنید میخام سفارشم رو ثبت کنم,0,false,2025-02-26T19:48:11.9803976+00:00,خنثی,0.35,قیمت,قیمت
ژل شستشوی صورت مناسب پوست چرب 500میل,https://www.khanoumi.com/products/comeon-oily-skin-face-wash-25653,لطفا تخفیفش رو بیشتر کنید,0,false,2025-01-12T17:47:18.0388398+00:00,خنثی,0.35,قیمت,قیمت
ژل شستشوی صورت مناسب پوست چرب 500میل,https://www.khanoumi.com/products/comeon-oily-skin-face-wash-25653,با توجه به نظرات مثبتی که بود این محصول رو خریداری کردم اما بعد از مدت کوتاهی صورتم پر از جوش های بزرگ، چرکی و دردناک شد,0,true,2024-11-05T08:31:00.1832839+00:00,خنثی,0.35,محصول,محصول
ژل شستشوی صورت مناسب پوست چرب 500میل,https://www.khanoumi.com/products/comeon-oily-skin-face-wash-25653,خیلی خشک میکنه پوست رو حتی همین سر انگشتام که با این ژل تماس داشته پوسته پوسته شده,0,true,2024-05-23T17:08:39+00:00,خنثی,0.35,محصول | خدمات و پشتیبانی,محصول
ژل شستشوی صورت مناسب پوست چرب 500میل,https://www.khanoumi.com/products/comeon-oily-skin-face-wash-25653,برای شستشوی روزانه خوبه,0,true,2024-04-07T19:02:12+00:00,مثبت,0.79,سایر,سایر
ژل شستشوی صورت مناسب پوست چرب 500میل,https://www.khanoumi.com/products/comeon-oily-skin-face-wash-25653,سلام ، لطفا موجود کنید ,0,false,2024-03-03T07:55:15+00:00,خنثی,0.35,محصول,محصول
ژل شستشوی صورت مناسب پوست چرب 500میل,https://www.khanoumi.com/products/comeon-oily-skin-face-wash-25653,"به نظرم گزینه خوبیه. همه جا هم در دسترس هست و قیمت و حجم خوبیم داره. من حتما پیشنهادش میکنم
",0,false,2024-02-18T18:11:17+00:00,مثبت,0.91,محصول | قیمت,محصول
ژل شستشوی صورت مناسب پوست چرب 500میل,https://www.khanoumi.com/products/comeon-oily-skin-face-wash-25653,"همین الان سومین بسته از این شوینده رو سفارش دادم. برای دختر خالمم یدونه گرفتم. اگه پوست چربی دارین امتحانش کنین
",0,false,2024-02-18T15:03:48+00:00,خنثی,0.35,محصول | تحویل و ارسال,محصول
ژل شستشوی صورت مناسب پوست چرب 500میل,https://www.khanoumi.com/products/comeon-oily-skin-face-wash-25653,"این شوینده یه بوی خوبی دراه. بافتش رقیقه و یکمش انقدر خوب کف میکنه که نگم براتون. خیلی پاک کنندگیش خوبه. من دوسش دارم
",0,false,2024-02-17T21:58:33+00:00,مثبت,0.95,محصول,محصول
ژل شستشوی صورت مناسب پوست چرب 500میل,https://www.khanoumi.com/products/comeon-oily-skin-face-wash-25653,"من از حس کششی که شوینده های پوست چرب روی پوستم ایجاد میکردن متنفرم. این اصلا اینجوری نیست تازه بعدش پوستت لطیف و نرم میشه
",0,false,2024-02-16T16:22:33+00:00,مثبت,0.67,محصول | اصل بودن کالا,محصول
ژل شستشوی صورت مناسب پوست چرب 500میل,https://www.khanoumi.com/products/comeon-oily-skin-face-wash-25653,"اولین بار محصولات کامان رو دکترم بهم معرفی کرد. الان یک سالی هست دارم از شوینده و ابرسان این برند استفاده میکنم. به نظرم خیلی برای پوست چرب خوبن
",0,false,2024-02-15T14:04:56+00:00,مثبت,0.67,محصول,محصول
ژل شستشوی صورت مناسب پوست چرب 500میل,https://www.khanoumi.com/products/comeon-oily-skin-face-wash-25653,اولین بار محصولات کامان رو دکترم بهم معرفی کرد. الان یک سالی هست دارم از شوینده و ابرسان این برند استفاده میکنم. به نظرم خیلی برای پوست چرب خوبن,0,false,2024-02-14T11:24:40+00:00,مثبت,0.67,محصول,محصول
ژل شستشوی صورت مناسب پوست چرب 500میل,https://www.khanoumi.com/products/comeon-oily-skin-face-wash-25653,"من الان دو سالی هست از این شوینده و مرطوب کننده کامان دارم استفاده میکنم و خیلی راضیم. خیلی خوب الودگی رو میبره. بوی میوه ای میده
",0,false,2024-02-13T19:10:55+00:00,مثبت,0.95,محصول,محصول
ژل شستشوی صورت مناسب پوست چرب 500میل,https://www.khanoumi.com/products/comeon-oily-skin-face-wash-25653,شوینده های پوست چرب خیلی پوستم رو خشک میکرد. دوستم این شوینده رو بهم معرفی کرد. الحق که شوشنده با کیفیتیه,0,false,2024-02-07T20:14:40+00:00,خنثی,0.35,محصول,محصول
ژل شستشوی صورت مناسب پوست چرب 500میل,https://www.khanoumi.com/products/comeon-oily-skin-face-wash-25653,کلی تعریف این شوینده رو خریدم. به نظرم که انتخاب خوبی برای ما پوست چرب هاست سفارش دادم منتظرم بیاد کلی ذوق دارم,0,false,2024-02-07T12:24:36+00:00,مثبت,0.67,محصول,محصول
ژل شستشوی صورت مناسب پوست چرب 500میل,https://www.khanoumi.com/products/comeon-oily-skin-face-wash-25653,پیشنهاد میکنم بعد از استفاده از این شوینده از ابرسان و مرطوب کننده همین برند استفاده کنین خیلی با کیفیتن این محصولات باهم پوستتون رو عالی میکنه,0,false,2024-02-07T00:45:14+00:00,مثبت,0.91,محصول,محصول
ژل شستشوی صورت مناسب پوست چرب 500میل,https://www.khanoumi.com/products/comeon-oily-skin-face-wash-25653,شوینده های پوست چرب خیلی پوستم رو خشک میکرد. دوستم این شوینده رو بهم معرفی کرد. الحق که شوشنده با کیفیتیه,0,false,2024-02-06T22:13:24+00:00,خنثی,0.35,محصول,محصول
ژل شستشوی صورت مناسب پوست چرب 500میل,https://www.khanoumi.com/products/comeon-oily-skin-face-wash-25653,پیشنهاد میکنم بعد از استفاده از این شوینده از ابرسان و مرطوب کننده همین برند استفاده کنین خیلی با کیفیتن این محصولات باهم پوستتون رو عالی میکنه,0,false,2024-02-06T21:44:07+00:00,مثبت,0.91,محصول,محصول
ژل شستشوی صورت مناسب پوست چرب 500میل,https://www.khanoumi.com/products/comeon-oily-skin-face-wash-25653,این شوینده رو امتحان کنین هیچ شوینده دیگه ای جاش نمیتونین پیدا کنین. حجم خوب قیمت خوب پاک کنندگی خوب . هیالونیک اسید,0,false,2024-02-06T16:57:20+00:00,مثبت,0.91,محصول | قیمت,محصول
ژل شستشوی صورت مناسب پوست چرب 500میل,https://www.khanoumi.com/products/comeon-oily-skin-face-wash-25653,حجم خیلی خوبی داره ، قدرت پاک کنندگیش بالاست تمام آلودگی و آرایش پوست رو به خوبی پاک میکنه و اصلا باعث خشک شدن پوست نمیشه.,0,false,2024-02-05T18:54:12+00:00,مثبت,0.95,محصول | اصل بودن کالا,محصول
ژل شستشوی صورت مناسب پوست چرب 500میل,https://www.khanoumi.com/products/comeon-oily-skin-face-wash-25653,حجم خیلی خوبی داره ، قدرت پاک کنندگیش بالاست تمام آلودگی و آرایش پوست رو به خوبی پاک میکنه و اصلا باعث خشک شدن پوست نمیشه.,0,false,2024-02-05T15:21:41+00:00,مثبت,0.95,محصول | اصل بودن کالا,محصول
ژل شستشوی صورت مناسب پوست چرب 500میل,https://www.khanoumi.com/products/comeon-oily-skin-face-wash-25653,از نکات مثبت این محصول بخوام بگم ، قدرت تمیزکنندگیش بالاست اصلا باعث خشکی پوست نمیشه ، مورد تایید پزشکانه و بوی خیلی خوبی داره حجمش برای 6 ماه کافیه.,0,false,2024-02-04T23:50:28+00:00,مثبت,0.91,محصول | اصل بودن کالا,محصول
ژل شستشوی صورت مناسب پوست چرب 500میل,https://www.khanoumi.com/products/comeon-oily-skin-face-wash-25653,یه مدتی هست که ازش استفاده میکنم ، کیفیت خوبی داره. خیلی عمیق پوست رو تمیز میکنه. واقعا آبرسانی داره و بعد استفاده پوست آدم نرم میشه.,0,false,2024-02-04T22:08:14+00:00,مثبت,0.79,محصول,محصول
ژل شستشوی صورت مناسب پوست چرب 500میل,https://www.khanoumi.com/products/comeon-oily-skin-face-wash-25653,واقعا دوسش دارم و بعد از اینکه صورتم رو باهاش میشورم خیلی حس خوبی دارم، آخه پوست رو نه خشک میکنه و نه سریع چرب میکنه بوش رو هم خیلی دوس دارم.,0,false,2024-02-04T18:35:43+00:00,مثبت,0.67,محصول,محصول
ژل شستشوی صورت مناسب پوست چرب 500میل,https://www.khanoumi.com/products/comeon-oily-skin-face-wash-25653,حجمش واقعا خیلی خوبه و کاملا به صرفه است طبق نظرات فکر میکردم رقیق باشه اما غلظت خوبیم داشت من هرشب استفاده میکنم و بعد استفاده کاملا نرمی پوستم و روشن شدنشو احساس میکنم.,0,false,2024-02-04T14:28:45+00:00,مثبت,0.95,محصول,محصول
ژل شستشوی صورت مناسب پوست چرب 500میل,https://www.khanoumi.com/products/comeon-oily-skin-face-wash-25653,بافتش یه بافت ژلی باحالیه. یه بوی خوب میوه ای هم داره به نظرم حتما یه بار امتحان کنین,0,false,2024-01-24T22:54:43+00:00,مثبت,0.67,محصول,محصول
ژل شستشوی صورت مناسب پوست چرب 500میل,https://www.khanoumi.com/products/comeon-oily-skin-face-wash-25653,خیلی خوب کف میکنه و الودگی رو از پوست میبره. واقعا بعدش حس تمیزی دارم,0,false,2024-01-24T22:21:58+00:00,مثبت,0.79,محصول,محصول
ژل شستشوی صورت مناسب پوست چرب 500میل,https://www.khanoumi.com/products/comeon-oily-skin-face-wash-25653,الان یه هفته است دارم ازش استفاده میکنم و هربار با کلی ذوق ازش استفاده میکنم چون هم شوینده خوبیه هم خیلیییی بوی خوبی میده,0,false,2024-01-24T21:36:48+00:00,مثبت,0.79,محصول,محصول
ژل شستشوی صورت مناسب پوست چرب 500میل,https://www.khanoumi.com/products/comeon-oily-skin-face-wash-25653,توی تابستون وقتی با شوینده صورتم رو میشستم به نیم ساعت نمیکشید که دوباره پوست صورتم چرب میشد. اما این شوینده چربی پوستم رو کنترل میکنه. ,0,false,2024-01-19T23:15:29+00:00,خنثی,0.35,محصول,محصول
ژل شستشوی صورت مناسب پوست چرب 500میل,https://www.khanoumi.com/products/comeon-oily-skin-face-wash-25653,پوست چربی دارم و روزی حداقل دوبار باید صورتم رو بشورم. ولی خوبی این محصول اینه که انقدر حجمش خوبه که با این وجود 5 6 ماه قشنگ جواب میده. خیلی محصول خوبیه,0,false,2024-01-19T23:15:08+00:00,مثبت,0.95,محصول,محصول
ژل شستشوی صورت مناسب پوست چرب 500میل,https://www.khanoumi.com/products/comeon-oily-skin-face-wash-25653,با این حجم و قیمت و با این کیفیت دیگه توی محصولات ایرانی و حتی خارجی پیدا نمیکنین. من که خیلی پیشنهادش کردم,0,false,2024-01-19T23:14:50+00:00,مثبت,0.67,محصول | قیمت,محصول
ژل شستشوی صورت مناسب پوست چرب 500میل,https://www.khanoumi.com/products/comeon-oily-skin-face-wash-25653,اولین بار پزشک داروخانه این محصول رو بهم معرفی کرد. خدا خیرش بده. واقعا ازش راضیم. یک شوینده با کیفیت و همه آلودگی و کثیفی رو از روی پوستم پاک میکنه,0,false,2024-01-18T22:48:02+00:00,ترکیبی,0.87,محصول,محصول
ژل شستشوی صورت مناسب پوست چرب 500میل,https://www.khanoumi.com/products/comeon-oily-skin-face-wash-25653,"من مدت ها شوینده خارجی میخریدم که خیلی گرون در میومد و خب با پوست چربی که دارم باید هر روز حداقل دوبار پوستم رو بشورم. دیگه شوینده های خارجی برام نمی ارزید. خداروشکر خواهرم من رو با کامان آشنا کرد. واقعا باکیفیته

",0,false,2024-01-18T17:48:39+00:00,خنثی,0.35,محصول | قیمت,محصول
ژل شستشوی صورت مناسب پوست چرب 500میل,https://www.khanoumi.com/products/comeon-oily-skin-face-wash-25653,من این محصول رو به همراه آبرسان و مرطوب کننده کامان استفاده میکنم. پیشنهادم اینه همه محصولات کامان رو یک بار هم که شده امتحان کنید,0,false,2024-01-18T14:10:58+00:00,مثبت,0.67,محصول,محصول
ژل شستشوی صورت مناسب پوست چرب 500میل,https://www.khanoumi.com/products/comeon-oily-skin-face-wash-25653,من اول ابرسان این برند رو خریدم الان دو هفته ایه دارم از این شوینده هم استفاده میکنم و باید بگم واقعا کیفیتش خوبه. هم قدرت پاک کنندگیش خوبه هم پوست رو خشک و کویر نمیکنه,0,false,2024-01-18T14:10:45+00:00,مثبت,0.95,محصول,محصول
ژل شستشوی صورت مناسب پوست چرب 500میل,https://www.khanoumi.com/products/comeon-oily-skin-face-wash-25653,همسرم هم کنار هم داره از این محصول استفاده میکنه. میخوام براش شوینده مردونه کامان رو بخرم تا دیگه به شوینده من دست نزنه,0,false,2024-01-18T14:10:33+00:00,خنثی,0.35,محصول,محصول
ژل شستشوی صورت مناسب پوست چرب 500میل,https://www.khanoumi.com/products/comeon-oily-skin-face-wash-25653,اکثر شوینده های پوست چرب پوست رو خشک میکنن و آب پوست رو از بین میبرن. ولی خوبی این شوینده دقیقا اینجاست که توش هیالونیک اسید داره و مانع از بین رفتن رطوبت طبیعی پوست میشه,0,false,2024-01-18T14:10:21+00:00,مثبت,0.67,محصول,محصول
ژل شستشوی صورت مناسب پوست چرب 500میل,https://www.khanoumi.com/products/comeon-oily-skin-face-wash-25653,هم پاک کنندگیش خوبه. هم چربی پوست رو کنترل میکنه. من که خیلی راضیم,0,false,2024-01-18T12:58:37+00:00,مثبت,0.95,محصول,محصول
ژل شستشوی صورت مناسب پوست چرب 500میل,https://www.khanoumi.com/products/comeon-oily-skin-face-wash-25653,من که خیلی بوش رو دوست دارم. یه شوینده خوب با پاک کنندگی خوب. واقعا ترکیباتی که توش هست عالیه. امتحانش کنین,0,false,2024-01-18T11:14:20+00:00,مثبت,0.95,محصول,محصول
ژل شستشوی صورت مناسب پوست چرب 500میل,https://www.khanoumi.com/products/comeon-oily-skin-face-wash-25653,"کیفیتش حرف نداره واقعا عالی هستش
پوست و کامل تمیز میکند
و نسبت به حجم زیادش قیمت مناسبی داره",0,true,2023-12-24T19:34:12+00:00,منفی,0.67,محصول | قیمت,محصول
ژل شستشوی صورت مناسب پوست چرب 500میل,https://www.khanoumi.com/products/comeon-oily-skin-face-wash-25653,لطفا موجودش کنین میخوام سبد خریدمو ثبت کنم,0,false,2023-12-19T01:17:33+00:00,منفی,0.67,محصول,محصول
ژل شستشوی صورت مناسب پوست چرب 500میل,https://www.khanoumi.com/products/comeon-oily-skin-face-wash-25653,من این شوینده رو برای خواهر نوجوانم که جوش میزنه خریدم. واقعا کمکش کرد و خیلی تا اینجا دوسش داشته مرسی از کامان,0,false,2023-12-18T17:20:11+00:00,مثبت,0.67,سایر,سایر
ژل شستشوی صورت مناسب پوست چرب 500میل,https://www.khanoumi.com/products/comeon-oily-skin-face-wash-25653,من پوستم چربه ولی بعد از استفاده از خیلی از شوینده های پوست چرب صورتم خشک میشد و کم آب . این محصول هیالونیک اسید داره که خیلی خوبه و پوست رو نرم و لطیف میکنه,0,false,2023-12-18T16:30:19+00:00,مثبت,0.91,محصول,محصول
ژل شستشوی صورت مناسب پوست چرب 500میل,https://www.khanoumi.com/products/comeon-oily-skin-face-wash-25653,مشکل اکثر شوینده های پوست چرب اینه که توشون به شدت الکل داره و مخصوصا توی زمستان پوست رو خشک میکنن و این خودش باعث میشه پوست کلی چربی ترشح کنه و دوباره جوش. ولی این محصول تازه ابرسانی هم میکنه پوستتون رو,0,false,2023-12-18T16:29:53+00:00,خنثی,0.35,محصول,محصول
ژل شستشوی صورت مناسب پوست چرب 500میل,https://www.khanoumi.com/products/comeon-oily-skin-face-wash-25653,با این حجم و قدرت شویندگی واقعا بی نظیره. اول با میسلار ارایشتون رو پاک کنین و بعد با این بشورید تا همه الودگی ها از روی پوستتون بره,0,false,2023-12-16T12:48:50+00:00,خنثی,0.35,محصول,محصول
ژل شستشوی صورت مناسب پوست چرب 500میل,https://www.khanoumi.com/products/comeon-oily-skin-face-wash-25653,برعکس همه شوینده های پوست چربی که تا الان استفاده کردم. اصلا حس کشش روی پوستم ایجاد نمیکنه. فکر کنم به خاطره هیالونیک اسیدیه که توش هست که حتی بعدش خیلی پوستم نرم هم میشه. تازه با این حجم خوبش، بخدا مثلش رو دیگه پیدا نمیکنین.,0,false,2023-12-13T11:09:23+00:00,مثبت,0.79,محصول | اصل بودن کالا,محصول
ژل شستشوی صورت مناسب پوست چرب 500میل,https://www.khanoumi.com/products/comeon-oily-skin-face-wash-25653,من که خیلی راضیم. نمیدونم چرا یه سری ها اومدن میگن باهاش جوش زدن. فکر کنم اونا باید مدل شوینده ضدجوش کامان رو بگیرن و پوست حساسی دارن. من که خیلی خیلی راضی بودم.,0,false,2023-12-11T10:56:31+00:00,منفی,0.67,محصول,محصول
ژل شستشوی صورت مناسب پوست چرب 500میل,https://www.khanoumi.com/products/comeon-oily-skin-face-wash-25653,نسبت به قیمت و حجم بالایی که داره، واقعا می ارزه یه بار هم شده امتحانش کنین. البته من الان برای بار دومه که دارم میخرمش. شما هم امتحانش کنین. توی ایران مثلش رو پیدا نمیکنین.,0,false,2023-11-27T15:45:16+00:00,خنثی,0.35,محصول | قیمت,محصول
ژل شستشوی صورت مناسب پوست چرب 500میل,https://www.khanoumi.com/products/comeon-oily-skin-face-wash-25653,من خیلی دوسش دارم. پوستم چربه. توی تابستون که چربی ازش میباره، این شوینده نجاتم داد. چربی پوستم رو واقعا کنترل کرد. من به شدت پیشنهادش میکنم,0,false,2023-11-27T11:43:21+00:00,مثبت,0.67,محصول,محصول
ژل شستشوی صورت مناسب پوست چرب 500میل,https://www.khanoumi.com/products/comeon-oily-skin-face-wash-25653,چربی پوست رو خیلی بیشتر کرد و  حس کشیدگی زیادی میده,0,true,2023-11-07T00:15:38+00:00,خنثی,0.35,محصول,محصول
ژل شستشوی صورت مناسب پوست چرب 500میل,https://www.khanoumi.com/products/comeon-oily-skin-face-wash-25653,پوست رو به شدت خشک میکنه که همین باعث میشه چند ساعت بعد پوست به طور ناخوداگاه چربی اضافه تولید کنه جوش ها دو برابر میشه ، اصلا راضی نبودم ,2,false,2023-09-14T01:41:22+00:00,منفی,0.79,محصول | اصل بودن کالا,اصل بودن کالا
ژل شستشوی صورت مناسب پوست چرب 500میل,https://www.khanoumi.com/products/comeon-oily-skin-face-wash-25653,سلام لطفاً ژل شست و شو برای پوست جوش دار برند کامان رو در سایت قرار بدید 🙏🏻,0,false,2023-07-18T17:56:18+00:00,منفی,0.67,محصول,محصول
ژل شستشوی صورت مناسب پوست چرب 500میل,https://www.khanoumi.com/products/comeon-oily-skin-face-wash-25653,"این محصول را اولین بار از داروخانه خریدم ، واقعا عالیه درجه یک هیچ فکر نمیکردم اینقدر خوب باشه
",1,false,2023-05-10T06:46:57+00:00,مثبت,0.91,محصول,محصول
ژل شستشوی صورت مناسب پوست چرب 500میل,https://www.khanoumi.com/products/comeon-oily-skin-face-wash-25653,"چیزی که باعث شد من از ژل شستشو کامان استفاده کنم تعریفی بود که دوستام در مورد قدرت ابرسان در کنار قدرت پاک کنندگی اش گفتن و قتی استفاده کردم تاثیرش را دیدم 
",0,false,2023-05-10T06:45:19+00:00,خنثی,0.35,محصول,محصول
ژل شستشوی صورت مناسب پوست چرب 500میل,https://www.khanoumi.com/products/comeon-oily-skin-face-wash-25653,"من تبلیغات اینستاگرام کامان دیدم ، این کارشون که از مردم می خوان خودشون قضاوت کنن و تاثیرات یک ماهه شون را به اشتراک بزارن باعث شد من به کیفیت خوب  محصولات کامان اعتماد کنم .
",0,false,2023-05-10T06:43:43+00:00,مثبت,0.79,محصول,محصول
ژل شستشوی صورت مناسب پوست چرب 500میل,https://www.khanoumi.com/products/comeon-oily-skin-face-wash-25653,به لطف خاصیت آلودگی زدایی و کنترل چربی که این محصول داره تونستم چربی های پوستم را کنترل کنم و احتمال بروز جوش و اکنه به دلیل چربی پوستم را کم کنم,0,false,2023-05-09T10:38:00+00:00,خنثی,0.35,محصول,محصول
ژل شستشوی صورت مناسب پوست چرب 500میل,https://www.khanoumi.com/products/comeon-oily-skin-face-wash-25653,بعد از زمان زیادی که از انواع ژل های شست شو استفاده کردم ، به قطعیت می تونم بگم خیلی از تاثیر ابرسان و کنترل چربی این ژل شست شو راضی ام,0,false,2023-05-09T10:36:40+00:00,مثبت,0.79,سایر,سایر
ژل شستشوی صورت مناسب پوست چرب 500میل,https://www.khanoumi.com/products/comeon-oily-skin-face-wash-25653,بعد از هر بار شست و شو حس خوبی دارم ، که هم تونستم آلودگی ها را از  پوستم پاک کنم هم با خاصیت هایی که داره  پوستم را ابرسانی هم  کردم,0,false,2023-05-09T10:35:39+00:00,مثبت,0.67,محصول,محصول
ژل شستشوی صورت مناسب پوست چرب 500میل,https://www.khanoumi.com/products/comeon-oily-skin-face-wash-25653,بعضی وقت ها خیلی صورتم چرب میشد و لازم بود چندین بار صورتم را بشورم و بعد از هر بار روی پوستم احساس خشکی و کشیدگی داشتم ولی از وقتی دارم از این ژل شست و شو استفاده می کنم حس می کنم پوستم رطوبت اش حفظ می شه و دیگه اون حس قبل رو ندارم,1,false,2023-05-09T10:34:46+00:00,خنثی,0.35,محصول,محصول
ژل شستشوی صورت مناسب پوست چرب 500میل,https://www.khanoumi.com/products/comeon-oily-skin-face-wash-25653,. شک نکنید توی خریدش. با این حجم و قیمت واقعا به صرفه است. من شوینده صورت زیاد داشتم. شوینده هایی مثل اون، درماتیپیک، الارو رو امتحان کردم. با این وجود از این محصول بیشتر خوشم اومده,0,false,2023-05-09T10:33:49+00:00,خنثی,0.35,محصول | تحویل و ارسال | قیمت,محصول
ژل شستشوی صورت مناسب پوست چرب 500میل,https://www.khanoumi.com/products/comeon-oily-skin-face-wash-25653,این شوینده خیلی بوی خوبی داره. من میپسندمش.  بعد از هربار استفاده، واقعا حس تمیزی میده و پوست رو اذیت نمیکنه,0,false,2023-05-09T10:31:18+00:00,مثبت,0.67,محصول,محصول
ژل شستشوی صورت مناسب پوست چرب 500میل,https://www.khanoumi.com/products/comeon-oily-skin-face-wash-25653,"گفتم بیام نظرم رو با بقیه به اشتراک بذارم
شوینده صورت در روز دوبار استفاده میشه. برای همین باید حجم خوبی داشته باشه که طولانی بمونه و نخوای هی بری بخریش. این شوینده واقعا حجم خوبی داره و خیالم از بابت حجمش راحته",0,false,2023-05-09T10:30:20+00:00,مثبت,0.79,محصول,محصول
ژل شستشوی صورت مناسب پوست چرب 500میل,https://www.khanoumi.com/products/comeon-oily-skin-face-wash-25653,چند وقت پیش یکی از دوستام این حصول رو داخل یک پک هدیه بهم داد. باورم نمیشد ه انقدر خو باشه. رفته بود داروخونه و گفته بود برای یکی که پوستش چربه دنبال شوینده است. من از اون روز ازش استفاده کردم و واقعا راضی بودم. الان میخوام برای یک دوست دیگه ام سفارش بدم. ,0,false,2023-05-09T10:27:48+00:00,ترکیبی,0.66,محصول,محصول
ژل شستشوی صورت مناسب پوست چرب 500میل,https://www.khanoumi.com/products/comeon-oily-skin-face-wash-25653,شوینده های پوست چرب متاسفانه  پوست چرب من رو خشک میکردن. مخصوصا توی زمستون روی قسمت پیشونیم حس میکردم داره یکی پوستم رو میکشه. اما این محصول چون توش کیو تن و هیالونیک اسید داره دیگه اون حس رو به آدم نمیده.,0,false,2023-05-09T10:26:28+00:00,منفی,0.67,محصول,محصول
ژل شستشوی صورت مناسب پوست چرب 500میل,https://www.khanoumi.com/products/comeon-oily-skin-face-wash-25653,من پوستم چربه و مستعد جوش. خیلی نگران بودم که نکنه با زدن این محصول جوش هام بیشتر بشه.  اما الان بعد از یک ماه استفاده میتونم بگم که خیلی راضیم و واقعا توقعم رو از شوینده های ایرانی برد بالا,0,false,2023-05-09T10:25:32+00:00,مثبت,0.79,محصول | قیمت,محصول
ژل شستشوی صورت مناسب پوست چرب 500میل,https://www.khanoumi.com/products/comeon-oily-skin-face-wash-25653,بعد از این چند سالی که مشتری دائمی این مارک ام به هر کسی که بتونم معرفی اش می کنم. یه روتین پوستی کامل و اقتصادی میتونیم با محصولات دیگه این برند در بیاریم. من به جای شویندهای گرون خارجی مثل بایودرما و اون، از محصولات این برند استفاده میکنم.,0,false,2023-05-09T10:24:29+00:00,خنثی,0.35,محصول | قیمت,محصول
ژل شستشوی صورت مناسب پوست چرب 500میل,https://www.khanoumi.com/products/comeon-oily-skin-face-wash-25653,توی تابستون بلافاصله بعد از شستن صورتم چرب میشد. اما با این شوینده چربی پوستم متعادل شد و به کم شدن جوش هام هم کمک کرد,0,false,2023-05-09T10:22:51+00:00,مثبت,0.67,محصول | اصل بودن کالا,محصول
ژل شستشوی صورت مناسب پوست چرب 500میل,https://www.khanoumi.com/products/comeon-oily-skin-face-wash-25653,برای من به جز قیمت و حجم خوبی که داره ، قدرت پاکسازی که داشت مهم بود بعد استفاده از این محصول قشنگ حس میکنی پوستت تمیز شده. مخصوصا توی شهر آلوده ای مثل تهران این خیلی برای من مهم بود,0,false,2023-05-09T10:14:40+00:00,مثبت,0.67,محصول | قیمت,محصول
ژل شستشوی صورت مناسب پوست چرب 500میل,https://www.khanoumi.com/products/comeon-oily-skin-face-wash-25653,چون هر روز  ازش استفاده می کنم ، در کنار تاثیرش ، قیمت هم خیلی برام مهم بود . حجمشم خیلی خوبه. یعنی برعکس بقیه شوینده ها که زود تموم میشن، این محصول مدتهای زیادی براتون می مونه.,0,false,2023-05-09T10:13:37+00:00,مثبت,0.91,محصول | قیمت,محصول
ژل شستشوی صورت مناسب پوست چرب 500میل,https://www.khanoumi.com/products/comeon-oily-skin-face-wash-25653,خیلی دنبال محصولی بودم که هیالورونیک داشته باشه تا هم چربی پوستم را کنترل کنم و هم پوستم خشک نشه,0,false,2023-05-09T10:12:23+00:00,خنثی,0.35,محصول,محصول
ژل شستشوی صورت مناسب پوست چرب 500میل,https://www.khanoumi.com/products/comeon-oily-skin-face-wash-25653,عصاره چای خیلی برای ماهایی که پوست چرب داریم خوبه. انقدر خوب صورتم رو تمیز میکنه که دیگه هیچ حس کثیفی بعد از زدنش روی پوستم ندارم.,0,false,2023-05-09T10:11:27+00:00,مثبت,0.91,محصول,محصول
ژل شستشوی صورت مناسب پوست چرب 500میل,https://www.khanoumi.com/products/comeon-oily-skin-face-wash-25653,"پوست چربی دارم ولی وقتی از ژل های شست شو دیگه استفاده می کردم پوستم خصوصا توی تابستونا را خیلی خشک می کرد. ولی با این محصول اصلا این حس رو نداشتم. یه حس تمیزی بهم می داد
",0,false,2023-05-09T10:05:54+00:00,مثبت,0.67,محصول | اصل بودن کالا,محصول
ژل شستشوی صورت مناسب پوست چرب 500میل,https://www.khanoumi.com/products/comeon-oily-skin-face-wash-25653,"سلام
این محصول نسبت به برند های دیگر و موجود در ایران از لحاظ بو و اندازه کیفیت بهتری دارد 
متشکرم",0,false,2023-03-28T12:34:50+00:00,خنثی,0.35,محصول,محصول
ژل شستشوی صورت مناسب پوست چرب 500میل,https://www.khanoumi.com/products/comeon-oily-skin-face-wash-25653,ا چند وقت برای پوست چرب صورتم  خریدم خوبه و نسبت به بقیه برند هاییکه استفاده کردم هم از لحاظ قیمت و مقدار  ارزانتر و به صرفه تر میباشد,0,false,2023-03-28T12:27:10+00:00,مثبت,0.79,قیمت | محصول,قیمت
ژل شستشوی صورت مناسب پوست چرب 500میل,https://www.khanoumi.com/products/comeon-oily-skin-face-wash-25653,سلام. من از این محصول برای همسرم تهیه کردم استفاده می کنه وهنوزم داره استفاده می کنه واز این محصول بسیار راضی بودهستش   وعالی من پیشنهاد میدم حتما استفاده کنید  ونکته دوم قیمتش خیلی خوب بود هستش ,0,false,2023-03-28T11:11:07+00:00,مثبت,0.95,محصول | قیمت,محصول
ژل شستشوی صورت مناسب پوست چرب 500میل,https://www.khanoumi.com/products/comeon-oily-skin-face-wash-25653,سلام. من از این محصول استفاده کردم وهنوزم دارم استفاده می کنم واز این محصول بسیار راضی بودم ونکته دوم قیمتش خیلی خوب بود نسب به محصولات دیگه توی بازار,0,false,2023-03-28T11:05:15+00:00,مثبت,0.95,محصول | قیمت,محصول
ژل شستشوی صورت مناسب پوست چرب 500میل,https://www.khanoumi.com/products/comeon-oily-skin-face-wash-25653,"با سلام 
این محصول 
 برای خانومم خریدم  خودمم باید استفاده کنم اولین بار تست کردم خیلی خوب بود
نکته دوم که این نسبت به قیمت وحجم اون با برند های دیگه تواین قیمت بهترین هست خانمم بعد از آرایش و میکرومیبلدینگ با این محصول میشوره صورتشو 
پیشنهاد میشه خرید کنید.",0,false,2023-03-26T19:39:29+00:00,مثبت,0.95,محصول | قیمت,محصول
ژل شستشوی صورت مناسب پوست چرب 500میل,https://www.khanoumi.com/products/comeon-oily-skin-face-wash-25653,خوب حجم زیادی داره و از این نظر به صرفه هست ولی خیلی رقیقه و بنظرم این یه ایراده من پوست خیلی چرپی دارم رو دماغم احساس میکردم اونطور که باید پاک نمی کنه اوایل استفاده ازش زیاد جوش زدم در کل محصول متوسطیه محصولی نیشت که بخوام بازم شارژ کنم,5,true,2022-03-03T19:42:46+00:00,مثبت,0.67,محصول,محصول
ژل شستشوی صورت مناسب پوست چرب 500میل,https://www.khanoumi.com/products/comeon-oily-skin-face-wash-25653,ژل کامان برای شستشوی صورت عالیه و یه حجم زیاد و قیمت خیلی مناسبی داره. حجمش جوریه که تا مدتها نیاز به خرید مجدد نیست و خیلی به صرفه است. چون خیلی زیاد کف نمیکنه پوست رو هم خشک نمیکنه و باعث کشیدگیش نمیشه. برای پوست من که چرب بود عالیه چون هم چربیشو از بین میبره هم کاملا تمیزش میکنه. من اصلا با این محصول جوش نزدم اگه پوستتون چربه بهتون پیشنهاد میکنم حتما امتحانش کنید.,9,true,2022-01-08T12:49:08+00:00,مثبت,0.95,محصول | اصل بودن کالا | قیمت,محصول
ژل شستشوی صورت مناسب پوست چرب 500میل,https://www.khanoumi.com/products/comeon-oily-skin-face-wash-25653,افتضاحه ،کلی جوش زدم و خیلی خشک میکنه پوستو در حالیکه پوست من چربه ,41,false,2021-01-07T01:56:15+00:00,منفی,0.67,محصول,محصول
ژل شستشوی صورت مناسب پوست چرب 500میل,https://www.khanoumi.com/products/comeon-oily-skin-face-wash-25653,افتضاح بود، صورتم پر جوش شد، اصلا هم خوب تمیز نمیکرد پوست رو، بعد از استفاده اصلا حس نمیکردی صورت رو شستی,28,false,2021-01-06T23:56:50+00:00,منفی,0.79,محصول | اصل بودن کالا,اصل بودن کالا
ژل شستشوی صورت مناسب پوست چرب 500میل,https://www.khanoumi.com/products/comeon-oily-skin-face-wash-25653,این شوینده خیلی خیلی رقیقه و مثل آب میمونه و عطری هستش برای من باعث جوش نشد و پوستم رو هم خشک نمیکرد قدرت پاک کنندگی خوبی هم داشت و نسبت به قیمتش اقتصادی محسوب میشه ولی تاثیر مثبت واضحی مثل روشن و شفاف کردن پوست یا کنترل چربی و ... نباید ازش انتظار داشت اگر براتون قیمت اهمیت زیادی داره میتونه انتخاب مناسبی باشه,62,false,2020-11-11T16:55:46+00:00,مثبت,0.67,محصول | قیمت,محصول
ژل شستشوی صورت مناسب پوست چرب 500میل,https://www.khanoumi.com/products/comeon-oily-skin-face-wash-25653,من پوست مختلط داارم و رو من خیلی خوب جواب داد. قبلش سینره میزدم ولی میتونم بگم کامان هم اقتصادی تره هم قوی تره..بعد شستشو هم پوستو نرم میکنه,15,false,2020-11-09T03:42:05+00:00,مثبت,0.91,محصول,محصول
ژل شستشوی صورت مناسب پوست چرب 500میل,https://www.khanoumi.com/products/comeon-oily-skin-face-wash-25653,افتضاحه خیلی جوش میرنم باهاش ,19,false,2020-10-28T22:18:16+00:00,منفی,0.67,سایر,سایر
ژل شستشوی صورت مناسب پوست چرب 500میل,https://www.khanoumi.com/products/comeon-oily-skin-face-wash-25653,پوست منم چربه اصلا و اصلا سازگاری نداشت پوستمو خراب کرد ,4,false,2020-10-27T09:11:57+00:00,مثبت,0.79,محصول | اصل بودن کالا,محصول
ژل شستشوی صورت مناسب پوست چرب 500میل,https://www.khanoumi.com/products/comeon-oily-skin-face-wash-25653,اصلاااا راضی نیستم پوست خیلی چرب منو خشککک میکنه پوست حس کشیدگی میگیره و پاک کنندگی خوبی نداده تازه جوش جوشی هم میکنه پوستو,9,false,2020-10-26T15:59:40+00:00,مثبت,0.67,محصول | اصل بودن کالا,محصول
ژل شستشوی صورت مناسب پوست چرب 500میل,https://www.khanoumi.com/products/comeon-oily-skin-face-wash-25653,"اصلااااااا راضي نيستم
با سه بار استفاده صورتم كلي جوش زد!!
",8,true,2020-10-26T13:14:00+00:00,خنثی,0.35,اصل بودن کالا,اصل بودن کالا
ژل شستشوی صورت مناسب پوست چرب 500میل,https://www.khanoumi.com/products/comeon-oily-skin-face-wash-25653,عااااالیه,1,false,2020-10-22T12:32:29+00:00,خنثی,0.35,سایر,سایر
ژل شستشوی صورت مناسب پوست چرب 500میل,https://www.khanoumi.com/products/comeon-oily-skin-face-wash-25653,محصول حوبیه ، من برای پوست چربشو استفاده میکنم و راضیم باعث میشه پوستتون کاملا خشک بشه و هیچ چربی روی پوستتون نمونه.,3,true,2020-10-20T13:07:59+00:00,مثبت,0.79,محصول,محصول
ژل شستشوی صورت مناسب پوست چرب 500میل,https://www.khanoumi.com/products/comeon-oily-skin-face-wash-25653,من از کیفیت این محصول خیلی راضی ام حدود10تا شایدم بیشترش استفاده کردم,2,true,2020-10-14T18:51:49+00:00,مثبت,0.79,محصول,محصول
ژل شستشوی صورت مناسب پوست چرب 500میل,https://www.khanoumi.com/products/comeon-oily-skin-face-wash-25653,یه مدتی هست که ازش استفاده میکنم.کیفیت خوبی داره. خیلیییی عمقی تمیز میکنه.واقعا ابرسانی داره و بعد استفاده پوست ادم نرم میشه.من درکل راضی بودم.حجم خیلی خوبی هم داره.,8,false,2020-10-10T23:11:15+00:00,مثبت,0.95,محصول,محصول
ژل شستشوی صورت مناسب پوست چرب 500میل,https://www.khanoumi.com/products/comeon-oily-skin-face-wash-25653,عالی ,2,true,2020-10-04T17:25:40+00:00,مثبت,0.67,سایر,سایر
ژل شستشوی صورت مناسب پوست چرب 500میل,https://www.khanoumi.com/products/comeon-oily-skin-face-wash-25653,به صرفس اما زیاد خوب نیست توقع زیادی نداشته باشید ازش زیاد پاک کنندگی نداره انگار اب قاطیه باهاش,3,true,2020-10-04T00:35:22+00:00,منفی,0.67,سایر,سایر
ژل شستشوی صورت مناسب پوست چرب 500میل,https://www.khanoumi.com/products/comeon-oily-skin-face-wash-25653,من جوش میزنه پوستم با این محصول متاسفانه,8,true,2020-09-30T13:20:51+00:00,منفی,0.67,محصول,محصول
ژل شستشوی صورت مناسب پوست چرب 500میل,https://www.khanoumi.com/products/comeon-oily-skin-face-wash-25653,عالیه,2,true,2020-09-17T16:05:12+00:00,مثبت,0.79,سایر,سایر
ژل شستشوی صورت مناسب پوست چرب 500میل,https://www.khanoumi.com/products/comeon-oily-skin-face-wash-25653," واقعا بصرفه و عالیه
",2,true,2020-09-11T18:47:11+00:00,مثبت,0.79,سایر,سایر
ژل شستشوی صورت مناسب پوست چرب 500میل,https://www.khanoumi.com/products/comeon-oily-skin-face-wash-25653,من واقعا خیلی راضیم👌,8,true,2020-09-08T22:30:11+00:00,مثبت,0.79,سایر,سایر
ژل شستشوی صورت مناسب پوست چرب 500میل,https://www.khanoumi.com/products/comeon-oily-skin-face-wash-25653,پوست رو خشک میکنه و ایجاد کشیدگی در پوست میکنه ، بعد از استفاده,8,false,2020-09-02T22:17:44+00:00,خنثی,0.35,محصول,محصول
ژل شستشوی صورت مناسب پوست چرب 500میل,https://www.khanoumi.com/products/comeon-oily-skin-face-wash-25653,پوست رو خشک میکنه و بعد از شستشو ایجاد کشیدگی تو پوست صورت مبکنه,4,false,2020-09-02T22:15:40+00:00,خنثی,0.35,محصول,محصول
ژل شستشوی صورت مناسب پوست چرب 500میل,https://www.khanoumi.com/products/comeon-oily-skin-face-wash-25653,عاالیه . من جوشای زیر پوستی زیادی روی پیشونیم داشتم . اما بعد از استفاده از این محصول تمامیشون از بین رفتن . عااالیه. حتما تهیه کنید.,2,false,2020-09-02T01:35:19+00:00,خنثی,0.35,محصول,محصول
ژل شستشوی صورت مناسب پوست چرب 500میل,https://www.khanoumi.com/products/comeon-oily-skin-face-wash-25653,"فیس واش خوبیه و اینکه ایرانیه و مناسب پوستمونه 
وقتی استفاده میکنم پوستم حالت کشی میشه فقط اگه یه کم غلیظ تر بود بهتر بود",3,true,2020-08-28T12:41:14+00:00,مثبت,0.67,محصول,محصول
ژل شستشوی صورت مناسب پوست چرب 500میل,https://www.khanoumi.com/products/comeon-oily-skin-face-wash-25653,اصلا راضی نبودن اصلا پوستو‌تمیز نمیکنه من پوستم‌ خیلی چربه ولی با دو‌سه بار شستن با این فیس واش بازم تمیز نمیشه هنوز هم کمی از ضد افتاب و ارایش میمونه روی پوستم‌ با اینکه من از‌مواد ارایشی زیادی استفاده نمیکنم فقط ضد افتاب و‌ابرومو میکشم ولی اصلا تمیز نمیکنه,4,true,2020-08-23T16:51:29+00:00,منفی,0.95,محصول | اصل بودن کالا,اصل بودن کالا
ژل شستشوی صورت مناسب پوست چرب 500میل,https://www.khanoumi.com/products/comeon-oily-skin-face-wash-25653,من این فیس واش رو خیلی دوست دارم . بوی خیلی خوبی داره. برای من صورتمو خوب تمیز میکنه.,5,true,2020-08-12T21:06:22+00:00,مثبت,0.91,محصول,محصول
ژل شستشوی صورت مناسب پوست چرب 500میل,https://www.khanoumi.com/products/comeon-oily-skin-face-wash-25653,چندوقته ازین ژل شستشو استفاده میکنم خیلی رقیقه و بعد ی ساعت دوباره پوستم چرب میشه😑,9,false,2020-08-10T00:38:56+00:00,خنثی,0.35,محصول,محصول
ژل شستشوی صورت مناسب پوست چرب 500میل,https://www.khanoumi.com/products/comeon-oily-skin-face-wash-25653,من واقعا دوسش دارم و بعد از اینکه صورتم رو باهاش میشورم خیلی حس خوبی دارم.آخه پوست رو نه خشک میکنه و نه سریع چرب میکنه.بوش رو هم خیلی دوس دارم.,4,true,2020-08-06T21:32:26+00:00,مثبت,0.67,محصول,محصول
ژل شستشوی صورت مناسب پوست چرب 500میل,https://www.khanoumi.com/products/comeon-oily-skin-face-wash-25653,واسه پوست من که فوق العاده چربه خوب نیس...منافذ پوستم رو تمیز نمیکنه,4,true,2020-08-05T23:31:26+00:00,مثبت,0.79,محصول,محصول
ژل شستشوی صورت مناسب پوست چرب 500میل,https://www.khanoumi.com/products/comeon-oily-skin-face-wash-25653,من یه مدتی هست از این فیس واش استفاده میکنم ولی اصلا پوستم رو‌ تمیز نمیکنه خیلی رقیقه و همیشه پوستم چربه ,6,true,2020-08-03T17:18:10+00:00,مثبت,0.67,محصول | اصل بودن کالا,محصول
ژل شستشوی صورت مناسب پوست چرب 500میل,https://www.khanoumi.com/products/comeon-oily-skin-face-wash-25653,عالی عالی جوش ها و لک ها از بین می بره,5,true,2020-07-29T07:45:20+00:00,مثبت,0.79,سایر,سایر
ژل شستشوی صورت مناسب پوست چرب 500میل,https://www.khanoumi.com/products/comeon-oily-skin-face-wash-25653,عالیه من هرچی به صورتم میزنم جوش میزد اما واقعا ازاین راضی ام اللن پنج ماهه دارمش هنوز تموم نشده خیلی ب صرفه و عالیه نسبت به قیمتش پیشنهاد میکنم بخرید,10,false,2020-07-23T07:15:50+00:00,مثبت,0.95,محصول | قیمت,محصول
ژل شستشوی صورت مناسب پوست چرب 500میل,https://www.khanoumi.com/products/comeon-oily-skin-face-wash-25653,حس کشیدگی به پوست نمیده,7,false,2020-07-19T14:53:05+00:00,خنثی,0.35,محصول,محصول
ژل شستشوی صورت مناسب پوست چرب 500میل,https://www.khanoumi.com/products/comeon-oily-skin-face-wash-25653,پوستم چربه روزی دوبار استفاده میکنم جوشامو خشک میکنه.غلظتش کمه ولی کامل تمیز میکنه.بوی عطرشم کمه و اصلا اذیت نمیکنه،حجمش فوق العاده زیاد و به صرفه ست‌.الان یه هفته س میزنم جوشامو از بین برده,6,false,2020-07-19T14:51:58+00:00,منفی,0.79,محصول | اصل بودن کالا,اصل بودن کالا
ژل شستشوی صورت مناسب پوست چرب 500میل,https://www.khanoumi.com/products/comeon-oily-skin-face-wash-25653,"حجمش واقعا خیلی خوبه و کاملا به صرفس
طبق نظرات فک میکردم رقیق باشه اما غلظت خوبیم داشت
من هرشب استفاده میکنم و بعد استفاده کاملا نرمی پوست و روشن شدنشو احساس میکنم و جوشامم برطرف کرده(جوشایی که بخاطر چربی باشه)
با فیس واش دستیم که استفاده کردم بیشتر کف کرد",4,true,2020-07-17T01:15:51+00:00,مثبت,0.95,محصول,محصول
ژل شستشوی صورت مناسب پوست چرب 500میل,https://www.khanoumi.com/products/comeon-oily-skin-face-wash-25653,برای دومین بار گرفتمش واقعا راضیم ، ولی دومین سری یکم آبکی بود,13,true,2020-06-19T15:01:48+00:00,مثبت,0.79,محصول,محصول
ژل شستشوی صورت مناسب پوست چرب 500میل,https://www.khanoumi.com/products/comeon-oily-skin-face-wash-25653,واقعا عالیه، ارایش هم به راحتی پاک میکنه ، حجمش هم زیاده ,22,true,2020-05-19T13:38:13+00:00,مثبت,0.79,محصول,محصول
ژل شستشوی صورت مناسب پوست چرب 500میل,https://www.khanoumi.com/products/comeon-oily-skin-face-wash-25653,خیلی بوی خوبی داره و پوستو نرم می کنه من تازه خریدمش ,17,true,2020-05-19T01:04:46+00:00,مثبت,0.67,محصول,محصول
ژل شستشوی صورت مناسب پوست چرب 500میل,https://www.khanoumi.com/products/comeon-oily-skin-face-wash-25653,عالیه واقعا,10,true,2020-05-17T01:20:03+00:00,مثبت,0.79,سایر,سایر
ژل شستشوی صورت مناسب پوست چرب 500میل,https://www.khanoumi.com/products/comeon-oily-skin-face-wash-25653,"برای خواهرم گرفتم
راضیه",0,true,2020-05-16T21:57:24+00:00,مثبت,0.67,سایر,سایر
ژل شستشوی صورت مناسب پوست چرب 500میل,https://www.khanoumi.com/products/comeon-oily-skin-face-wash-25653,من پستم مختلطه بعد یک مدت استفاده از این ژل پویتم کلی جوش زد دیگه تکرارش نمیکنم,10,false,2020-04-21T14:48:40+00:00,خنثی,0.35,تحویل و ارسال,تحویل و ارسال
ژل شستشوی صورت مناسب پوست چرب 500میل,https://www.khanoumi.com/products/comeon-oily-skin-face-wash-25653,پوست من چربه و این فیس واش کاملا پوستمو تمیز میکن حجم زیادیم دار ک از نظر اقتصادی به صرفه است درکل ازش راضیم,14,true,2020-04-17T12:33:27+00:00,مثبت,0.79,محصول,محصول
ژل شستشوی صورت مناسب پوست چرب 500میل,https://www.khanoumi.com/products/comeon-oily-skin-face-wash-25653,متاسفانه پوست من با اینکه مختلطه بشدت با این شوینده جوش زد و ملتهب شد حتی بعد از چندین بار استفاده! من دیگه تکرارش نمیکنم,24,false,2020-03-24T14:40:16+00:00,منفی,0.67,محصول,محصول
ژل شستشوی صورت مناسب پوست چرب 500میل,https://www.khanoumi.com/products/comeon-oily-skin-face-wash-25653,واقعا محصولات کامان یکی ازیکی بهتره این مدل فیس واش ها هم واقعا پاک کننده عمیق هستن ضمن اینکه پوستم بعدازشستشو نرم میشه (پوستمم مختلطه دوستان )به همه پیشنهادش میکنم عالیه🥰🥰🥰,12,true,2020-03-14T03:29:30+00:00,مثبت,0.91,محصول,محصول
ژل شستشوی صورت مناسب پوست چرب 500میل,https://www.khanoumi.com/products/comeon-oily-skin-face-wash-25653,"عالیه، پوست من چربه و بخاطر همینم جوش ریز زیاد میزنم ،الان که ازین استفاده میکنم جوشام رفته پوستمم صاف شده ، بعد شستن ام اصلا پوست رو خشک نمیکنه
 عالی حتما بخرید",17,true,2020-03-11T04:35:03+00:00,مثبت,0.79,محصول | اصل بودن کالا,محصول
ژل شستشوی صورت مناسب پوست چرب 500میل,https://www.khanoumi.com/products/comeon-oily-skin-face-wash-25653,فیس واش های کامان همه مدلش عالین. اولش یکم حالت کشیدگی ب پوست میده.ولی بعد از چندروز و به مرور پوستو نرم تر میکنن.و به شدت هم قدرت تمیزکنندگیشون بالاست خیلی خوبن و زیادن و بصرفه واقعا😍,7,true,2020-03-03T12:28:24+00:00,مثبت,0.91,محصول,محصول
ژل شستشوی صورت مناسب پوست چرب 500میل,https://www.khanoumi.com/products/comeon-oily-skin-face-wash-25653,وای این فیس واش عالیه بوی کرم های کامان رو داره و پوست بعد از استفاده ازش شادابه حجمش هم زیاده,5,true,2020-03-03T00:10:50+00:00,مثبت,0.79,محصول,محصول
ژل شستشوی صورت مناسب پوست چرب 500میل,https://www.khanoumi.com/products/comeon-oily-skin-face-wash-25653,این محصول حجم خوبی داره و برای پوست های چرب خوبه و بنظرم ابرسانی هم میکنه چون بعد از چند بار استفاده من این رو قشنگ حس کردم قیمتش هم نسبت به حجمش واقعا به صرفست ,3,true,2020-02-29T21:34:29+00:00,مثبت,0.91,محصول | قیمت,محصول
ژل شستشوی صورت مناسب پوست چرب 500میل,https://www.khanoumi.com/products/comeon-oily-skin-face-wash-25653,خیلی خوبه بزرگ و به صرفه و با قیمت عالی ,6,true,2020-02-26T11:43:16+00:00,مثبت,0.95,قیمت,قیمت
ژل شستشوی صورت مناسب پوست چرب 500میل,https://www.khanoumi.com/products/comeon-oily-skin-face-wash-25653,حجم زیادی داره و خیلی به صرفه هست،پاک کنندگی و کف کنندگی خوبی هم داره,6,true,2020-02-20T23:15:22+00:00,مثبت,0.67,محصول,محصول
ژل شستشوی صورت مناسب پوست چرب 500میل,https://www.khanoumi.com/products/comeon-oily-skin-face-wash-25653,این سومین باره ک این فیس واش رو گرفتمو استفاده میکنم واقعا عالیه,2,true,2020-02-20T21:11:28+00:00,مثبت,0.79,محصول,محصول
ژل شستشوی صورت مناسب پوست چرب 500میل,https://www.khanoumi.com/products/comeon-oily-skin-face-wash-25653,"من یک ماه از این فیس واش استفاده کردم
به نظر من حجمش زیاد نیست چون خیلی شله
من قبلا از اوریفلیم استفاده کردم و به نظرم اون خیلی غلیظتر و به صرفه تر بود
و نکته دیگه اینکه پوست من چربه و بعد از استفاده از این ژل تمام صورتم پر از جوشای ریز زیر پوستی شده .امیدوارم با قطع کردنش از بین بره",14,false,2020-02-15T18:03:27+00:00,خنثی,0.35,محصول,محصول
ژل شستشوی صورت مناسب پوست چرب 500میل,https://www.khanoumi.com/products/comeon-oily-skin-face-wash-25653,خیلی راضیم از وقتی استفاده کردم ازش صورتم جوش نزد و پوستم روشن شد ,0,true,2020-02-13T21:31:45+00:00,مثبت,0.79,محصول,محصول
ژل شستشوی صورت مناسب پوست چرب 500میل,https://www.khanoumi.com/products/comeon-oily-skin-face-wash-25653,فوق العاده خوش بو.قدرت پاک کنندگیش خیلی خوبه و اصلاااااا بعدش پوست خشک نمیشه تازه خیلی هم لطیف میشه,3,true,2020-01-26T21:27:45+00:00,مثبت,0.95,محصول | اصل بودن کالا,محصول
ژل شستشوی صورت مناسب پوست چرب 500میل,https://www.khanoumi.com/products/comeon-oily-skin-face-wash-25653,از جنبه مثبت بخوام نقد کنم قدرت تمیزکنندگیش بالاست بوی خیلی خوبی داره حجمش برای ۶ ماه کافیه اما تاثیری روی جوشام نداشته درول می لرزید به قیمتش. میخوام بیودرما و سینره رو هم امتحان کنم,8,true,2020-01-19T04:35:55+00:00,مثبت,0.79,محصول | قیمت,محصول
ژل شستشوی صورت مناسب پوست چرب 500میل,https://www.khanoumi.com/products/comeon-oily-skin-face-wash-25653,عالی عالی,5,true,2020-01-12T15:22:02+00:00,مثبت,0.79,سایر,سایر
ژل شستشوی صورت مناسب پوست چرب 500میل,https://www.khanoumi.com/products/comeon-oily-skin-face-wash-25653,چند ماهه که این فیس واش رو استفاده میکنم فوق العاده ست. پوست رو خیلی نرم و مرطوب میکنه. حجم و قیمتش هم خیلی خوبه.,5,true,2020-01-06T15:41:47+00:00,مثبت,0.95,محصول | قیمت,محصول
ژل شستشوی صورت مناسب پوست چرب 500میل,https://www.khanoumi.com/products/comeon-oily-skin-face-wash-25653,"خیلی خوب تمیز میکنه!
حجمشم نسبت به قیمتش خوب و به صرفه س!
بوش خوبه!
ولی خیلی شل و آبکیه:/",1,true,2020-01-05T14:59:47+00:00,مثبت,0.95,محصول | قیمت,محصول
ژل شستشوی صورت مناسب پوست چرب 500میل,https://www.khanoumi.com/products/comeon-oily-skin-face-wash-25653,اگه پوست چربی دارید اینو بگیرید. به هیچ عنوان برای پوست معمولی و خشک خوب نیست. چون تقریبا چربی پوست رو میگیره و بعدش هم حتما باید از مرطوب کننده استفاده کنید.,2,true,2020-01-01T15:02:21+00:00,منفی,0.67,محصول,محصول
ژل شستشوی صورت مناسب پوست چرب 500میل,https://www.khanoumi.com/products/comeon-oily-skin-face-wash-25653,پوستم چربه و از این محصول خیلی راضیم ..هم خوب میشوره هم بوی خوبی داره ,3,false,2020-01-01T13:17:38+00:00,مثبت,0.95,محصول,محصول
ژل شستشوی صورت مناسب پوست چرب 500میل,https://www.khanoumi.com/products/comeon-oily-skin-face-wash-25653,واقعا عالیه.,1,true,2019-12-07T15:12:27+00:00,مثبت,0.79,سایر,سایر
ژل شستشوی صورت مناسب پوست چرب 500میل,https://www.khanoumi.com/products/comeon-oily-skin-face-wash-25653,من از کرم مرطوب کنندش استفاده می کردم و راضی بودم آبرسانی فوق العاده ای داشت... بعد فیس واش کامان رو تهییه کردم.. و از میزان آبرسانیش به پوست، مخصوصا بعد از پاک کردن آرایش که پوست ملتهب و به عبارتی خشک میشه ، بسیار راضی هستم ...  ,9,true,2019-12-05T08:04:52+00:00,مثبت,0.91,محصول,محصول
ژل شستشوی صورت مناسب پوست چرب 500میل,https://www.khanoumi.com/products/comeon-oily-skin-face-wash-25653,"من همزمان چند محصول برای روتین روزانم خریدم و مطمئن نیستم تاثیر این شوینده باشه روی صورتم اما تاثیر آنی اون گرفتن چربی صورته که عامل مهم جوش برای پوستای چربه
پیشنهادش میکنم",4,true,2019-12-04T21:57:39+00:00,مثبت,0.67,محصول,محصول
ژل شستشوی صورت مناسب پوست چرب 500میل,https://www.khanoumi.com/products/comeon-oily-skin-face-wash-25653,خیلی محصول و خوب و عالی هستش بازم سفارش دادم,4,true,2019-12-04T14:09:12+00:00,مثبت,0.79,محصول,محصول
ژل شستشوی صورت مناسب پوست چرب 500میل,https://www.khanoumi.com/products/comeon-oily-skin-face-wash-25653,نسبت به اینهمه تبلیغ شوینده خاصی نیست و احساس پاک کنندگی خوبی ندارم باهاش کیفیت و قدرت پاک کنندگی سینره خیلی بهتر از اینه ,5,true,2019-12-03T21:53:51+00:00,منفی,0.67,محصول,محصول
ژل شستشوی صورت مناسب پوست چرب 500میل,https://www.khanoumi.com/products/comeon-oily-skin-face-wash-25653,این فیس واش برای منی که پوستم خیلی چربه باعث خشکی نشد ولی برای دوستم بعد از اینکه میزنه حتما باید مرطوب کننده بزنه ولی در کل فیس واش خوبیه ولی اینکه میگن حجمش زیاده واقعا این موضوع فقط ی چیز ظاهریه وقتی استفاده میکنید میبیند که چقد شل و آبکیه و باید چند پمپ استفاده کنید که کامل پوستتونو تمیز کنه در صورتی که ژل قبلی خودم حجمش نصفه این بود ولی فوق العاده غلیظتر بود و شاید بیشتر از این طول میکشید تا تموم شه و میگم شل بودن بدونید در حدیه که باید سری دستتونو بیارید بالا بزنید به صورتتون وگرنه میریزه از دستتون...,4,true,2019-11-28T01:13:53+00:00,ترکیبی,0.79,محصول,محصول
ژل شستشوی صورت مناسب پوست چرب 500میل,https://www.khanoumi.com/products/comeon-oily-skin-face-wash-25653,آتوسا جان بله برای پوست‌های نرمال و همین طور برای پوست خشک هم داره. توی خانومی هم هست خوشبختانه. ,1,false,2019-11-23T03:45:06+00:00,خنثی,0.35,محصول,محصول
ژل شستشوی صورت مناسب پوست چرب 500میل,https://www.khanoumi.com/products/comeon-oily-skin-face-wash-25653,از این فیس واش برای پوست های خشک هم وجود داره؟,7,true,2019-11-17T16:48:07+00:00,خنثی,0.35,محصول,محصول
ژل شستشوی صورت مناسب پوست چرب 500میل,https://www.khanoumi.com/products/comeon-oily-skin-face-wash-25653,اين فيس واش رو مدتي ست استفاده ميكنم چربي اضافي پوست رو كه باعث ميشه بيني و پيشاني براق و چرب به نظر برسه كنترل ميكنه.جوشهاي ريز ملايم پراكنده رو برطرف ميكنه و به جهت قدرت پاك كنندگي بالا از باقي ماندن باكتري و آلودگي محيط روي پوست جلوگيري ميكنه تبعا وضعيت جوشهاي متوسط تا شديد رو هم در كنار درمانهاي پزشكي بهتر ميكنه. و چون تركيبات هومكتان و آبرسان داره پوست رو خشك و ملتهب نميكنه. رايحه ملايمش مطلوبه ،و حجم زيادش كه پونصد ميله نسبت به كلينزرهاي ديگه باعث شده خريدش به صرفه باشه. اينكه چشم رو نميسوزونه هم خيلي دوستداشتني ش كرده.. فقط اگه كسانيكه پوست خشك يا حتي نرمال دارند اينو استفاده كنند براي پوستشون مناسب نيست و باعث خشكي بيشتر ميشه و بهتره از فيس واش كامان مخصوص نوع پوستشون استفاده كنند. اين براي پوستهاي چربه,55,false,2019-10-27T23:41:12+00:00,خنثی,0.35,محصول,محصول
ژل شستشوی صورت مناسب پوست چرب 500میل,https://www.khanoumi.com/products/comeon-oily-skin-face-wash-25653,خیلی عالی هست پاک کنندگیش عالیه بوی خاصی نداره پوست رو هم خشک نمیکنه قیمتشم عالیه حجمش هم همینطور برای چشم هم استفاده میشه,8,false,2019-10-21T20:11:08+00:00,مثبت,0.95,محصول | قیمت,محصول
ژل شستشوی صورت مناسب پوست چرب 500میل,https://www.khanoumi.com/products/comeon-oily-skin-face-wash-25653,حجمش بالاست مهم تر از همه کیفیت فیس واش کامان هست ک راضی کننده است.,2,false,2019-10-21T17:06:19+00:00,مثبت,0.79,محصول,محصول
ژل شستشوی صورت مناسب پوست چرب 500میل,https://www.khanoumi.com/products/comeon-oily-skin-face-wash-25653,خیلی خوبه و راضیم,2,true,2019-10-21T16:29:56+00:00,مثبت,0.95,سایر,سایر
ژل شستشوی صورت مناسب پوست چرب 500میل,https://www.khanoumi.com/products/comeon-oily-skin-face-wash-25653,من اازش خیلی راضیم,1,true,2019-10-21T16:07:02+00:00,مثبت,0.79,سایر,سایر
ژل شستشوی صورت مناسب پوست چرب 500میل,https://www.khanoumi.com/products/comeon-oily-skin-face-wash-25653,.من فیس واش پوست چرب رو ازتون خریدم بسیار خوب بود ,1,true,2019-10-21T10:55:14+00:00,مثبت,0.79,محصول,محصول
ژل شستشوی صورت مناسب پوست چرب 500میل,https://www.khanoumi.com/products/comeon-oily-skin-face-wash-25653,قدرت پاک کنندگی بالایی داره...و همچنین عطرخوب...حجم زیاد و قیمت مناسب...خیلی راضی ام ازش,1,true,2019-10-21T10:40:56+00:00,مثبت,0.91,محصول | قیمت,محصول
ژل شستشوی صورت مناسب پوست چرب 500میل,https://www.khanoumi.com/products/comeon-oily-skin-face-wash-25653,من دو هفته هست دارم استفاده میکنم عالیه عالی😍,2,true,2019-10-19T22:07:50+00:00,مثبت,0.91,سایر,سایر
ژل شستشوی صورت مناسب پوست چرب 500میل,https://www.khanoumi.com/products/comeon-oily-skin-face-wash-25653,محصولات کامان عالی هستن....با وجود ابکی بودن بسیار عالی و قوی صورتو شستشو میده.....و همچنین عطر فوق العاده ای داره,4,true,2019-10-18T12:52:44+00:00,مثبت,0.91,محصول,محصول
ژل شستشوی صورت مناسب پوست چرب 500میل,https://www.khanoumi.com/products/comeon-oily-skin-face-wash-25653,"فیس واشتون عالیه 
",0,true,2019-10-11T12:17:50+00:00,مثبت,0.79,سایر,سایر
ژل شستشوی صورت مناسب پوست چرب 500میل,https://www.khanoumi.com/products/comeon-oily-skin-face-wash-25653,اين فيس واش براي پوست چرب من عالي جواب داد و چربي پوستم رو تعديل كرده . و با توجه به حجم زيادي كه داره خيلي به صرفه است .👌🏻👌🏻,2,true,2019-10-09T10:36:28+00:00,مثبت,0.79,محصول,محصول
ژل شستشوی صورت مناسب پوست چرب 500میل,https://www.khanoumi.com/products/comeon-oily-skin-face-wash-25653,سلام.واقعا عالیه حجمش زیاده و حس خوبی ب پوست میده.بوش عالیه.من که واقعا راضیم.,0,true,2019-10-08T14:26:38+00:00,مثبت,0.95,محصول,محصول
ژل شستشوی صورت مناسب پوست چرب 500میل,https://www.khanoumi.com/products/comeon-oily-skin-face-wash-25653,سلام فیش واش پوست چرب رو سفارش دادم . سر وقت گفته شده رسید و بوش خیلی خوبه پوست خشک نمیشه ومن راضی بودم .ممنون از خانمی ,1,true,2019-10-06T09:00:14+00:00,مثبت,0.67,محصول | تحویل و ارسال,محصول
ژل شستشوی صورت مناسب پوست چرب 500میل,https://www.khanoumi.com/products/comeon-oily-skin-face-wash-25653,حجم خیلی خوبه داره.قدرت پاک کنندگیش عالیه.تمام آلودگی و آرایش پوست رو به خوبی پاک میکنه.از بافتش هم عکس گذاشتم,2,true,2019-10-05T19:07:38+00:00,مثبت,0.95,محصول,محصول
ژل شستشوی صورت مناسب پوست چرب 500میل,https://www.khanoumi.com/products/comeon-oily-skin-face-wash-25653,خیلی حسه خوبی به پوست میده ,1,true,2019-10-05T17:45:15+00:00,مثبت,0.67,محصول,محصول
ژل شستشوی صورت مناسب پوست چرب 500میل,https://www.khanoumi.com/products/comeon-oily-skin-face-wash-25653,خیلی خوبه واقعا به صرفه و کیفیت بالا,2,true,2019-10-05T17:07:12+00:00,مثبت,0.91,محصول,محصول
ژل شستشوی صورت مناسب پوست چرب 500میل,https://www.khanoumi.com/products/comeon-oily-skin-face-wash-25653,خیلی خوبه واقعا به صرفه و کیفیت بالا,1,true,2019-10-05T17:06:58+00:00,مثبت,0.91,محصول,محصول
ژل شستشوی صورت مناسب پوست چرب 500میل,https://www.khanoumi.com/products/comeon-oily-skin-face-wash-25653,حجم زیادی داره پوست خشک نمیکنه ,1,true,2019-10-04T23:40:08+00:00,خنثی,0.35,محصول,محصول
ژل شستشوی صورت مناسب پوست چرب 500میل,https://www.khanoumi.com/products/comeon-oily-skin-face-wash-25653,باتوجه به حجم و قیمت و کیفیت بالا اصلا برای خریدش شک نکنید من کاملا راضی ام,1,true,2019-10-03T22:51:19+00:00,مثبت,0.91,محصول | اصل بودن کالا | قیمت,محصول
ژل شستشوی صورت مناسب پوست چرب 500میل,https://www.khanoumi.com/products/comeon-oily-skin-face-wash-25653,"قدرت پاک کنندگی خوب. حجم زیاد. پوست رو خشک نمیکنه و خوشبو هستش. استفاده بسیار راحت به دلیل پمپی بودن محصول من خیلی راضی هستم.
",1,false,2019-10-03T21:26:45+00:00,مثبت,0.79,محصول,محصول
ژل شستشوی صورت مناسب پوست چرب 500میل,https://www.khanoumi.com/products/comeon-oily-skin-face-wash-25653,سلام من پوستم چربه این فیس واش خیلی خوبه هم قیمتش خوبه هم حجم زیادی داره پوستموتمیزمیکنه وشفاف خیلی خوبه وازخریدم راضیم مرسی خانمی.,2,true,2019-10-03T20:32:22+00:00,مثبت,0.95,محصول | قیمت,محصول
ژل شستشوی صورت مناسب پوست چرب 500میل,https://www.khanoumi.com/products/comeon-oily-skin-face-wash-25653,حجم زیادی داره خیلی راضیم ازش‌ مرطوبیت پوست حفظ میکنه,3,true,2019-10-01T20:10:44+00:00,مثبت,0.79,محصول,محصول
ژل شستشوی صورت مناسب پوست چرب 500میل,https://www.khanoumi.com/products/comeon-oily-skin-face-wash-25653,خوبه و حجم زیادی هم داره,3,false,2019-09-28T15:56:30+00:00,مثبت,0.79,محصول,محصول
ژل شستشوی صورت مناسب پوست چرب 500میل,https://www.khanoumi.com/products/comeon-oily-skin-face-wash-25653,خیلی خوبه من راضیم,2,true,2019-09-28T10:24:49+00:00,مثبت,0.95,سایر,سایر
ژل شستشوی صورت مناسب پوست چرب 500میل,https://www.khanoumi.com/products/comeon-oily-skin-face-wash-25653,سلام فیس‌واش‌پوست چرب‌مثل‌ شستشو صورت سینره برای پاک کردن ارایش هم ‌استفاده میشه یا فقط فیس‌واش معمولی‌هست برای ارتیش نیست؟,23,false,2019-09-02T15:10:00.0266667+00:00,خنثی,0.35,محصول,محصول
عطر جیبی مردانه مدل لجند حجم 20 میلی لیتر,https://www.khanoumi.com/products/smart-collection-legend-men-pocket-perfume-25674,واقعا بوی فوق العاده ای داره، من این عطر رو برای پدرم خریدم ، بنظرم لجند و کرید اونتوس بهترین عطر برای اقایونه,3,true,2019-10-05T16:58:16+00:00,مثبت,0.79,محصول,محصول
عطر جیبی زنانه مدل ورساچه حجم 20 میلی لیتر,https://www.khanoumi.com/products/smart-collection-versace-women-pocket-perfume-25678,خوشبو و ملایم,0,true,2019-10-05T00:19:31+00:00,خنثی,0.35,محصول,محصول
عطر جیبی زنانه مدل 212 اس ایکس حجم 20 میلی لیتر,https://www.khanoumi.com/products/smart-collection-212-sx-women-pocket-perfume-25679,بوی آرامش بخشی داره,0,false,2022-05-03T20:31:43+00:00,خنثی,0.35,محصول,محصول
عطر جیبی زنانه مدل 212 اس ایکس حجم 20 میلی لیتر,https://www.khanoumi.com/products/smart-collection-212-sx-women-pocket-perfume-25679,ماندگاری بالا و خوشبو و خریدی به صرفه,0,true,2022-01-22T07:58:39+00:00,خنثی,0.35,محصول,محصول
عطر جیبی زنانه مدل 212 اس ایکس حجم 20 میلی لیتر,https://www.khanoumi.com/products/smart-collection-212-sx-women-pocket-perfume-25679,خوشبو و دوست داشتنی,7,true,2019-10-05T00:16:09+00:00,خنثی,0.35,محصول,محصول
عطر جیبی زنانه مدل ایفوریا حجم 20 میلی لیتر,https://www.khanoumi.com/products/smart-collection-euphoria-women-pocket-perfume-25680,خوشبو و ماندکار,3,true,2020-04-20T01:33:38+00:00,خنثی,0.35,محصول,محصول
عطر جیبی مردانه مدل بوگارت حجم 20 میلی لیتر,https://www.khanoumi.com/products/smart-collection-bogart-men-pocket-perfume-25686,خوش عطره و موندگاریش یکی دو روز هست ,3,true,2020-04-30T22:42:04+00:00,خنثی,0.35,محصول,محصول
عطر جیبی مردانه مدل اونتوس حجم 20 میلی لیتر,https://www.khanoumi.com/products/smart-collection-aventus-men-pocket-perfume-25693,من عاشق بوی اونتوس اصل هستم,6,true,2019-09-17T12:21:32+00:00,مثبت,0.67,محصول | اصل بودن کالا,محصول
ادو پرفیوم زنانه شماره 323 رایحه مشابه 212 وی آی پی حجم 100 میل,https://www.khanoumi.com/products/smart-collection-212-vip-women-perfume-25694,"رایحه شیرین و ملایم داره و ب نسبت موندگاریش خوبه 
من از این محصول راضی هستم برای استفاده روزانه تهیه میکنم",1,true,2023-05-14T12:11:05+00:00,مثبت,0.91,محصول,محصول
ادو پرفیوم زنانه شماره 323 رایحه مشابه 212 وی آی پی حجم 100 میل,https://www.khanoumi.com/products/smart-collection-212-vip-women-perfume-25694,بهترینه واقعا😍😍,22,false,2020-11-14T22:24:04+00:00,مثبت,0.67,سایر,سایر
ادو پرفیوم زنانه مدل فنتسی حجم 100 میل,https://www.khanoumi.com/products/smart-collection-fantasy-women-perfume-25696,"من خیلی دوسش داشتم 
",0,true,2023-12-22T23:06:13+00:00,خنثی,0.35,سایر,سایر
ادو پرفیوم زنانه مدل لاکوست حجم 100 میل,https://www.khanoumi.com/products/smart-collection-lacoste-women-perfume-25697,ماندگاری خیلی کم .بوی عروسکی و بسیار ملایم ,0,true,2023-12-14T11:58:30+00:00,خنثی,0.35,محصول,محصول
ادو پرفیوم مردانه مدل تام فورد کد 359 حجم 100 میل,https://www.khanoumi.com/products/smart-collection-tom-ford-black-orchid-men-perfume-25698,زمانی که قیمت این ادکلن زیر ده هزارتومن بود میخریدمش ..  اونموقع ساخت فرانسه نوشته بود و ماندگاریش به راحتی 24 ساعت بود .. ولی حالا ساخت امارات هست و ماندگاریش به یک روز نمیرسه ولی بو و ماندگاری ش راضی کننده س,0,true,2025-12-28T01:45:04.0791945+03:30,مثبت,0.79,محصول | قیمت,محصول
خودتراش مردانه سیستم مدل بلیز5,https://www.khanoumi.com/products/silver-blaze5-blade-for-men-25718,"کاملا اصل ،پلمپ، با قابلیت تعویض سری  (تعویض سری نیز راحت انجام میشه )
اصلاح خیلی راحت و نرم و سریع انجام میشه و جنس دسته و سری بسیار با کیفیت هست 
سری اضافه ندارد و اون عدد 1 که نوشته همون سری اصلی روی دسته خودتراش می باشد اما سری اضاف تو همین سایت موجود هست. سری درپوش ندارد 
خود دست یک کاور برای نگه داری بعد از استفاده دارد که خیلی هم محکم جا میگیره داخلش 
ممنون از سایت خوبتون (بسته بندی کلی ضربه گیر داشت راضی بودم )
",12,true,2022-10-03T17:52:37+00:00,مثبت,0.95,محصول | تحویل و ارسال | اصل بودن کالا,محصول
خودتراش زنانه مدل Rubber Grip بسته 5 عددی,https://www.khanoumi.com/products/silver-rubber-grip-blade-pack-of-5-for-women-25719,حتی دفعه اول استفاده هم تیز نیست,0,true,2025-10-11T16:59:08.3332266+03:30,خنثی,0.35,سایر,سایر
خودتراش زنانه مدل Rubber Grip بسته 5 عددی,https://www.khanoumi.com/products/silver-rubber-grip-blade-pack-of-5-for-women-25719,خوبه راضی ام,0,true,2025-02-20T21:37:10.4771346+00:00,مثبت,0.95,سایر,سایر
خودتراش زنانه مدل Rubber Grip بسته 5 عددی,https://www.khanoumi.com/products/silver-rubber-grip-blade-pack-of-5-for-women-25719,جنسش آشغاله نخرید,0,true,2025-02-19T03:02:59.2233543+00:00,خنثی,0.35,محصول,محصول
خودتراش زنانه مدل Rubber Grip بسته 5 عددی,https://www.khanoumi.com/products/silver-rubber-grip-blade-pack-of-5-for-women-25719,زیاد راضی نیستم اون لایه ی صابونش توی اولین استفاده کنده میشه و بعدشم زیاد کارایی نداره و انگار کنده,0,true,2024-12-11T20:47:18.1143058+00:00,منفی,0.67,محصول,محصول
خودتراش زنانه مدل Rubber Grip بسته 5 عددی,https://www.khanoumi.com/products/silver-rubber-grip-blade-pack-of-5-for-women-25719,کیفیتش نسبت به قیمت سازگاری داره، معمولیه و خیلی زود کند میشه,0,true,2024-06-27T13:30:28+00:00,خنثی,0.35,محصول | قیمت,محصول
خودتراش زنانه مدل Rubber Grip بسته 5 عددی,https://www.khanoumi.com/products/silver-rubber-grip-blade-pack-of-5-for-women-25719,اصلا خوب نیس,0,false,2024-04-30T12:45:16+00:00,مثبت,0.79,اصل بودن کالا,اصل بودن کالا
خودتراش زنانه مدل Rubber Grip بسته 5 عددی,https://www.khanoumi.com/products/silver-rubber-grip-blade-pack-of-5-for-women-25719,خیلی کنده، خوب نیست,0,true,2024-04-25T17:13:27+00:00,منفی,0.67,سایر,سایر
خودتراش زنانه مدل Rubber Grip بسته 5 عددی,https://www.khanoumi.com/products/silver-rubber-grip-blade-pack-of-5-for-women-25719,اصلا خوب نیست .خیلی کنده,0,true,2024-04-03T12:26:57+00:00,منفی,0.79,اصل بودن کالا,اصل بودن کالا
خودتراش زنانه مدل Rubber Grip بسته 5 عددی,https://www.khanoumi.com/products/silver-rubber-grip-blade-pack-of-5-for-women-25719,اصلا خوب نیست ,0,false,2024-04-03T11:23:54+00:00,منفی,0.79,اصل بودن کالا,اصل بودن کالا
خودتراش زنانه مدل Rubber Grip بسته 5 عددی,https://www.khanoumi.com/products/silver-rubber-grip-blade-pack-of-5-for-women-25719,خیلی خوبه، ممنون از خانومی,0,true,2024-02-10T15:00:28+00:00,مثبت,0.95,سایر,سایر
خودتراش زنانه مدل Rubber Grip بسته 5 عددی,https://www.khanoumi.com/products/silver-rubber-grip-blade-pack-of-5-for-women-25719,برای شیو صورت استفاده میکنم. بخاطر صابونی که داره اصلا پوستو خشک و کشیده نمیکنه.راضیم,0,true,2023-07-31T17:32:13+00:00,منفی,0.67,محصول | اصل بودن کالا,اصل بودن کالا
تیغ یدک مدل بلیز5 بسته 4 عددی,https://www.khanoumi.com/products/silver-blaze5-blade-cartridge-pack-of-4-25720,اولا به دسته مچ تری نمیخوره و اصلا هم تیز نیست و صورت و هم زخم میکنه,0,true,2025-03-09T06:12:44.3448286+00:00,منفی,0.67,اصل بودن کالا,اصل بودن کالا
تیغ یدک مدل بلیز5 بسته 4 عددی,https://www.khanoumi.com/products/silver-blaze5-blade-cartridge-pack-of-4-25720,اولا اصلا تیز نیستن و مهمتر اینکه به دسته مچ‌تری نمیخوره یه دسته دیگه لازم دارن . کلا افتضاح بود .,0,true,2025-03-08T17:53:43.3940228+00:00,منفی,0.79,محصول | اصل بودن کالا,اصل بودن کالا
تیغ یدک مدل بلیز5 بسته 4 عددی,https://www.khanoumi.com/products/silver-blaze5-blade-cartridge-pack-of-4-25720,خیلی گرونه....لطفا تخفیف بیشتری براش بذارید,0,false,2024-11-21T05:32:46.9016425+00:00,خنثی,0.35,قیمت,قیمت
تیغ یدک سیلور مدل گلوریا بسته 4 عددی,https://www.khanoumi.com/products/silver-gloria-blade-cartridge-pack-of-4-25721,"من ازین تیغ گرفتم ولی دسته ای که دارم بهش نمی‌خوره
میشه دسته مربوطه رو معرفی کنید کدوم کالا هست؟؟؟",0,true,2025-03-07T16:03:43.8431042+00:00,خنثی,0.35,محصول,محصول
تیغ یدک سیلور مدل گلوریا بسته 4 عددی,https://www.khanoumi.com/products/silver-gloria-blade-cartridge-pack-of-4-25721,موجود کنید,0,false,2024-10-03T19:35:36.2738851+00:00,خنثی,0.35,محصول,محصول
تیغ یدک سیلور مدل گلوریا بسته 4 عددی,https://www.khanoumi.com/products/silver-gloria-blade-cartridge-pack-of-4-25721,واقعا کیفیت و ماندگاری خوبی داره هر تیغ راحت 6 ما جوابه,0,true,2024-05-21T12:50:46+00:00,مثبت,0.67,محصول,محصول
تیغ یدک سیلور مدل گلوریا بسته 4 عددی,https://www.khanoumi.com/products/silver-gloria-blade-cartridge-pack-of-4-25721,لطفا تیغ یدک رنگ آبی بیارید ممنونم,0,false,2024-02-24T00:40:49+00:00,مثبت,0.67,محصول,محصول
تیغ یدک سیلور مدل گلوریا بسته 4 عددی,https://www.khanoumi.com/products/silver-gloria-blade-cartridge-pack-of-4-25721,کیفیت خوبی داره,0,false,2024-01-02T23:32:29+00:00,مثبت,0.79,محصول,محصول
خودتراش زنانه مدل سیستم گلوریا,https://www.khanoumi.com/products/silver-gloria-blade-for-women-25724,فوقالعاده همیشه میخرم,0,false,2024-03-19T21:26:32+00:00,مثبت,0.67,سایر,سایر
خودتراش زنانه مدل سیستم گلوریا,https://www.khanoumi.com/products/silver-gloria-blade-for-women-25724,عالی واقعا,2,false,2023-04-15T17:24:24+00:00,مثبت,0.67,سایر,سایر
خودتراش 5 تیغه چند بار مصرف زنانه مدل Gloria5 ارسال با رنگ رندوم,https://www.khanoumi.com/products/silver-gloria-razor-5-blade-for-women-25725,"خیلی نرم و روانه
حساسیت هم نمیده",0,true,2026-08-29T10:32:53.4614168+03:30,خنثی,0.35,سایر,سایر
خودتراش 5 تیغه چند بار مصرف زنانه مدل Gloria5 ارسال با رنگ رندوم,https://www.khanoumi.com/products/silver-gloria-razor-5-blade-for-women-25725,با اینکه گرونه ولی عاااالیه ، بهترین ژیلتیه تا ب حال داشتم ارزش داره انقد هزینه کنه آدم,0,true,2026-08-25T00:26:27.6660486+03:30,مثبت,0.67,قیمت,قیمت
خودتراش 5 تیغه چند بار مصرف زنانه مدل Gloria5 ارسال با رنگ رندوم,https://www.khanoumi.com/products/silver-gloria-razor-5-blade-for-women-25725,عالیه یکسال استفاده کردم,0,true,2026-07-05T14:35:14.6918127+03:30,مثبت,0.79,سایر,سایر
خودتراش 5 تیغه چند بار مصرف زنانه مدل Gloria5 ارسال با رنگ رندوم,https://www.khanoumi.com/products/silver-gloria-razor-5-blade-for-women-25725,لطفا موجود شه خیلی خوب بود چ زنانه چ مردانه,0,true,2025-11-28T22:38:47.9880667+03:30,مثبت,0.91,محصول,محصول
خودتراش 5 تیغه چند بار مصرف زنانه مدل Gloria5 ارسال با رنگ رندوم,https://www.khanoumi.com/products/silver-gloria-razor-5-blade-for-women-25725,خیلی خوب بود تورو خدا مجدد شارژش کنین,0,true,2025-10-24T12:17:54.38081+03:30,مثبت,0.91,محصول,محصول
خودتراش 5 تیغه چند بار مصرف زنانه مدل Gloria5 ارسال با رنگ رندوم,https://www.khanoumi.com/products/silver-gloria-razor-5-blade-for-women-25725,نسبت به قیمتش ارزش نداره، مگه اینکه با تخفیف بخرین، ولی از ژیلت های دیگه بهتره، برای نواحی حساس هم سخت استفاده میشه چون سری بزرگی داره، و اینکه پوست من چون کلا به ژیلت حساسه و جوش میزنه به اینم حساسیت نشون داد ولی در کل تیزه و به مدت زیادی میشه ازش استفاده کرد,0,true,2025-06-29T09:38:52.1442112+00:00,خنثی,0.35,قیمت | محصول,قیمت
خودتراش 5 تیغه چند بار مصرف زنانه مدل Gloria5 ارسال با رنگ رندوم,https://www.khanoumi.com/products/silver-gloria-razor-5-blade-for-women-25725,خیلی راضی ام واقعا عالیه,0,false,2025-05-08T21:31:52.3705709+00:00,مثبت,0.95,سایر,سایر
خودتراش 5 تیغه چند بار مصرف زنانه مدل Gloria5 ارسال با رنگ رندوم,https://www.khanoumi.com/products/silver-gloria-razor-5-blade-for-women-25725,خیلی عالیه واقعا، یه طوری نرم و صابونی شیو می‌کنه که با اینکه پوستم حساسه ولی دیگه اصلا فوم استفاده نمی‌کنم,0,true,2025-05-04T17:35:43.9929941+00:00,مثبت,0.91,محصول | اصل بودن کالا,محصول
خودتراش 5 تیغه چند بار مصرف زنانه مدل Gloria5 ارسال با رنگ رندوم,https://www.khanoumi.com/products/silver-gloria-razor-5-blade-for-women-25725,انقدر عالیه که من برای مامانم و خواهرامم خریدم,0,true,2025-05-04T07:30:24.0024031+00:00,مثبت,0.79,سایر,سایر
خودتراش 5 تیغه چند بار مصرف زنانه مدل Gloria5 ارسال با رنگ رندوم,https://www.khanoumi.com/products/silver-gloria-razor-5-blade-for-women-25725,خوبه راضی ام از کارکردش,0,true,2025-04-21T17:13:30.436427+00:00,مثبت,0.95,سایر,سایر
خودتراش 5 تیغه چند بار مصرف زنانه مدل Gloria5 ارسال با رنگ رندوم,https://www.khanoumi.com/products/silver-gloria-razor-5-blade-for-women-25725,بسیار عالی خیلی راضی بودم,0,true,2025-04-08T19:23:24.596348+00:00,مثبت,0.79,محصول,محصول
خودتراش 5 تیغه چند بار مصرف زنانه مدل Gloria5 ارسال با رنگ رندوم,https://www.khanoumi.com/products/silver-gloria-razor-5-blade-for-women-25725,بی نظیره..رو دستش ندیدم..باید استفاده کنید تا متوجه بشید,0,true,2025-04-04T07:50:54.7379088+00:00,خنثی,0.35,سایر,سایر
خودتراش 5 تیغه چند بار مصرف زنانه مدل Gloria5 ارسال با رنگ رندوم,https://www.khanoumi.com/products/silver-gloria-razor-5-blade-for-women-25725,خیلی روونه و من دوتا دوتا ازش میخرم همیشه. لطفا موجود کنین مرتب,0,true,2025-03-26T11:02:14.6802508+00:00,خنثی,0.35,محصول,محصول
خودتراش 5 تیغه چند بار مصرف زنانه مدل Gloria5 ارسال با رنگ رندوم,https://www.khanoumi.com/products/silver-gloria-razor-5-blade-for-women-25725,خیلی خوبه پوست رو زخم نمیکنه,0,true,2025-03-14T19:18:57.2420677+00:00,مثبت,0.91,محصول,محصول
خودتراش 5 تیغه چند بار مصرف زنانه مدل Gloria5 ارسال با رنگ رندوم,https://www.khanoumi.com/products/silver-gloria-razor-5-blade-for-women-25725,"عالی تر از این نیس بخداااااا یعنی من سریع اومدم دوباره سفارش بدم تموم شد شانس من
ولی بینهایت عالیه اصلا شک نکنید تو خریدش",0,true,2025-02-28T10:35:17.6823965+00:00,ترکیبی,0.92,محصول | اصل بودن کالا,محصول
خودتراش 5 تیغه چند بار مصرف زنانه مدل Gloria5 ارسال با رنگ رندوم,https://www.khanoumi.com/products/silver-gloria-razor-5-blade-for-women-25725,"خیلی نرم و روونه ولی ضد حساسیت نیست
من باهاش جوش زدم",0,true,2025-02-25T16:24:59.9986065+00:00,خنثی,0.35,سایر,سایر
خودتراش 5 تیغه چند بار مصرف زنانه مدل Gloria5 ارسال با رنگ رندوم,https://www.khanoumi.com/products/silver-gloria-razor-5-blade-for-women-25725,موجود کنید لطفا,0,false,2025-02-25T14:12:27.6113014+00:00,خنثی,0.35,محصول,محصول
خودتراش 5 تیغه چند بار مصرف زنانه مدل Gloria5 ارسال با رنگ رندوم,https://www.khanoumi.com/products/silver-gloria-razor-5-blade-for-women-25725,خیلی خوبه. راحت و تیزه به پوستم هم آسیب نمیرسونه,0,true,2025-02-20T06:57:08.9675744+00:00,مثبت,0.91,محصول,محصول
خودتراش 5 تیغه چند بار مصرف زنانه مدل Gloria5 ارسال با رنگ رندوم,https://www.khanoumi.com/products/silver-gloria-razor-5-blade-for-women-25725,بسیار عالی طول عمر بالا کیفیت تیغه ها عالی و اصلا ایجاد قرمز و اسکار نداره و ژل الوورا که داره کاملا ماندگار حتی بعد از چند ماه استفاده,0,true,2025-02-18T11:08:09.6029955+00:00,مثبت,0.91,محصول | اصل بودن کالا,محصول
خودتراش 5 تیغه چند بار مصرف زنانه مدل Gloria5 ارسال با رنگ رندوم,https://www.khanoumi.com/products/silver-gloria-razor-5-blade-for-women-25725,خیلی خوب و باکیفیته.راضیییییم ازش,0,true,2025-02-05T09:01:33.1812233+00:00,مثبت,0.91,محصول,محصول
خودتراش 5 تیغه چند بار مصرف زنانه مدل Gloria5 ارسال با رنگ رندوم,https://www.khanoumi.com/products/silver-gloria-razor-5-blade-for-women-25725,خیلی کیفیتش خوب بود. من پوستم حساسه و سریع سوزش و خارش می‌گیره ولی سری صابونی این ژیلت باعث میشه که خیلی نرم و لطیف شیو کنه و اصلا نیازی به ژل یا شامپو نداشته باشم، بعد شیو هم هیچ خارش و قرمزی نداشتم,0,true,2025-01-22T19:27:32.184046+00:00,مثبت,0.91,محصول | اصل بودن کالا,محصول
خودتراش 5 تیغه چند بار مصرف زنانه مدل Gloria5 ارسال با رنگ رندوم,https://www.khanoumi.com/products/silver-gloria-razor-5-blade-for-women-25725,من که خیلی ازش راضیم..,0,true,2025-01-19T20:16:19.627865+00:00,مثبت,0.79,سایر,سایر
خودتراش 5 تیغه چند بار مصرف زنانه مدل Gloria5 ارسال با رنگ رندوم,https://www.khanoumi.com/products/silver-gloria-razor-5-blade-for-women-25725,باحاله قبلا از این مدل داشتم بدون صابون ، این سری هم راضی کننده ست، بسیار متشکرم,0,true,2025-01-07T12:06:24.0110806+00:00,ترکیبی,0.74,محصول,محصول
خودتراش 5 تیغه چند بار مصرف زنانه مدل Gloria5 ارسال با رنگ رندوم,https://www.khanoumi.com/products/silver-gloria-razor-5-blade-for-women-25725,تخفیف بزارید لطفا,0,false,2025-01-06T19:08:06.6504991+00:00,خنثی,0.35,قیمت,قیمت
خودتراش 5 تیغه چند بار مصرف زنانه مدل Gloria5 ارسال با رنگ رندوم,https://www.khanoumi.com/products/silver-gloria-razor-5-blade-for-women-25725,خیلی خوبه بدون شک بخرین.,0,true,2025-01-03T14:22:08.6360902+00:00,مثبت,0.79,سایر,سایر
خودتراش 5 تیغه چند بار مصرف زنانه مدل Gloria5 ارسال با رنگ رندوم,https://www.khanoumi.com/products/silver-gloria-razor-5-blade-for-women-25725,تخفیف بیشتری بزارید,0,false,2024-12-26T08:11:09.7819332+00:00,خنثی,0.35,قیمت,قیمت
خودتراش 5 تیغه چند بار مصرف زنانه مدل Gloria5 ارسال با رنگ رندوم,https://www.khanoumi.com/products/silver-gloria-razor-5-blade-for-women-25725,عالیه,0,true,2024-12-01T14:04:49.9982228+00:00,مثبت,0.79,سایر,سایر
خودتراش 5 تیغه چند بار مصرف زنانه مدل Gloria5 ارسال با رنگ رندوم,https://www.khanoumi.com/products/silver-gloria-razor-5-blade-for-women-25725,تخفیفش رو بیشتر کنید لطفا برای بلک فرایدی,0,false,2024-11-20T17:11:03.6313477+00:00,خنثی,0.35,قیمت,قیمت
خودتراش 5 تیغه چند بار مصرف زنانه مدل Gloria5 ارسال با رنگ رندوم,https://www.khanoumi.com/products/silver-gloria-razor-5-blade-for-women-25725,لطفا تخفیفش رو بیشتر کنید,0,true,2024-11-18T17:21:32.2189831+00:00,خنثی,0.35,قیمت,قیمت
خودتراش 5 تیغه چند بار مصرف زنانه مدل Gloria5 ارسال با رنگ رندوم,https://www.khanoumi.com/products/silver-gloria-razor-5-blade-for-women-25725,سومین باره دارم شارژ میکنم ، هر کدوم قشنگ سه چهار ماه جوابه ، خیلی هم خوبه ، تو تخفیف چهل ، پنجاه درصدی واقعا ارزش خرید داره,0,true,2024-08-19T15:51:37+00:00,مثبت,0.91,قیمت,قیمت
خودتراش 5 تیغه چند بار مصرف زنانه مدل Gloria5 ارسال با رنگ رندوم,https://www.khanoumi.com/products/silver-gloria-razor-5-blade-for-women-25725,"خیلی عااالیه 
ممنون از خانومی ",0,true,2024-08-09T17:36:52+00:00,مثبت,0.67,سایر,سایر
خودتراش 5 تیغه چند بار مصرف زنانه مدل Gloria5 ارسال با رنگ رندوم,https://www.khanoumi.com/products/silver-gloria-razor-5-blade-for-women-25725,"واقعا ارزش خرید داره 
شیو عالی و تمیز شدنشم هم عالیه به صابون حالتی داره که همیشه پوستو نرم میکنه و زود تموم نمیشه",0,true,2024-08-07T15:23:46+00:00,مثبت,0.95,محصول | قیمت,محصول
خودتراش 5 تیغه چند بار مصرف زنانه مدل Gloria5 ارسال با رنگ رندوم,https://www.khanoumi.com/products/silver-gloria-razor-5-blade-for-women-25725,عالی بود. واقعا ارزش خرید داره ,0,true,2024-07-12T10:43:39+00:00,مثبت,0.91,محصول | قیمت,محصول
خودتراش 5 تیغه چند بار مصرف زنانه مدل Gloria5 ارسال با رنگ رندوم,https://www.khanoumi.com/products/silver-gloria-razor-5-blade-for-women-25725,خیلی خوبه عالیه این ژیلت.نرم و راحت کشیده میشه روی پوست,0,false,2024-07-11T23:31:15+00:00,مثبت,0.95,محصول,محصول
خودتراش 5 تیغه چند بار مصرف زنانه مدل Gloria5 ارسال با رنگ رندوم,https://www.khanoumi.com/products/silver-gloria-razor-5-blade-for-women-25725,واقعا خیلی عالیه من پوست حساسی دارم و اصلا التهابی برام ایجاد نشد و کار باهاش خیلی راحته رنگ صورتی برام ارسال شد مرسی از خانومی,0,true,2024-06-30T16:18:05+00:00,مثبت,0.95,محصول | تحویل و ارسال | اصل بودن کالا,محصول
خودتراش 5 تیغه چند بار مصرف زنانه مدل Gloria5 ارسال با رنگ رندوم,https://www.khanoumi.com/products/silver-gloria-razor-5-blade-for-women-25725,تو آف خریدم خیلی خوب بود,0,true,2024-06-27T12:51:05+00:00,مثبت,0.91,محصول,محصول
خودتراش 5 تیغه چند بار مصرف زنانه مدل Gloria5 ارسال با رنگ رندوم,https://www.khanoumi.com/products/silver-gloria-razor-5-blade-for-women-25725,"عالی این تیغ .روان کار میکنه. 
خیلی نرم و راحت شیو میکنه",0,true,2024-06-21T17:04:04+00:00,مثبت,0.91,سایر,سایر
خودتراش 5 تیغه چند بار مصرف زنانه مدل Gloria5 ارسال با رنگ رندوم,https://www.khanoumi.com/products/silver-gloria-razor-5-blade-for-women-25725,واقعا عالیه. اصلا بدنو زخم نمیکنه و باعث التهاب پوست نمیشه مخصوصا اگه پوست حساسی دارید حتما پیشنهاد میشه,0,true,2024-06-13T16:28:51+00:00,مثبت,0.95,محصول | اصل بودن کالا,محصول
خودتراش 5 تیغه چند بار مصرف زنانه مدل Gloria5 ارسال با رنگ رندوم,https://www.khanoumi.com/products/silver-gloria-razor-5-blade-for-women-25725,بهترین تیغی بود که تاحالا استفاده کردم. خیلی اون ژلی که روی پوست به جا میذاره خوبه و باعث میشه حتی خراش برنداره پوست، چه برسه به زخم شدن,0,true,2024-06-12T00:21:23+00:00,مثبت,0.91,محصول,محصول
خودتراش 5 تیغه چند بار مصرف زنانه مدل Gloria5 ارسال با رنگ رندوم,https://www.khanoumi.com/products/silver-gloria-razor-5-blade-for-women-25725,"من پوست ب شدت حساسی دارم و تا حدی خشک
این ژیلت معرکه ترین ژیلتی بود ک تا حالا استفاده کرده بودم
دورش کلا صابونیه ولی من بازم هنگام شیو از شاممو یا صابون استفاده میکنم",0,true,2024-06-11T18:32:35+00:00,خنثی,0.35,محصول,محصول
خودتراش 5 تیغه چند بار مصرف زنانه مدل Gloria5 ارسال با رنگ رندوم,https://www.khanoumi.com/products/silver-gloria-razor-5-blade-for-women-25725,عالیه. عالیه عالیه واقعا معرکه است. وقتی استفاده می کنی از خودش مایع صابونی پس میده اصلا نیاز نیست صابون استفاده کنی   خیلی نرم اصلا روی پوست احساسش نمی کنی,0,true,2024-05-27T11:38:56+00:00,مثبت,0.95,محصول | اصل بودن کالا,محصول
خودتراش 5 تیغه چند بار مصرف زنانه مدل Gloria5 ارسال با رنگ رندوم,https://www.khanoumi.com/products/silver-gloria-razor-5-blade-for-women-25725,کاملا معمولیه و چیز هیجان انگیزی نیست,0,true,2024-04-17T15:12:23+00:00,خنثی,0.35,محصول,محصول
خودتراش 5 تیغه چند بار مصرف زنانه مدل Gloria5 ارسال با رنگ رندوم,https://www.khanoumi.com/products/silver-gloria-razor-5-blade-for-women-25725,"فوق العاده واقعا فوق العادست.
وقتی ازش استفاده میکردم تازه فهمیدم کیفیتش چقدر متفاوته به بقیه ی ژیلت ها.
سرش صابونیه و به شدت نرمه اصلا احساسش نمیکنید روی پوستتون.",0,true,2024-03-30T01:30:39+00:00,خنثی,0.35,محصول | اصل بودن کالا,محصول
خودتراش 5 تیغه چند بار مصرف زنانه مدل Gloria5 ارسال با رنگ رندوم,https://www.khanoumi.com/products/silver-gloria-razor-5-blade-for-women-25725,چندوقت میشه ازش استفاده کرد؟,0,false,2024-03-26T19:55:17+00:00,خنثی,0.35,سایر,سایر
خودتراش 5 تیغه چند بار مصرف زنانه مدل Gloria5 ارسال با رنگ رندوم,https://www.khanoumi.com/products/silver-gloria-razor-5-blade-for-women-25725,تخفیفشو زیادبزارین ,0,false,2024-03-18T03:40:33+00:00,خنثی,0.35,قیمت,قیمت
خودتراش 5 تیغه چند بار مصرف زنانه مدل Gloria5 ارسال با رنگ رندوم,https://www.khanoumi.com/products/silver-gloria-razor-5-blade-for-women-25725,عالیه .اصلا رو پوست حس نمیشه .موادی که اطرافش داره باعث میشه حساسیت کمتری و تجربه کنین ,0,true,2024-03-14T01:51:42+00:00,مثبت,0.91,محصول | اصل بودن کالا,محصول
خودتراش 5 تیغه چند بار مصرف زنانه مدل Gloria5 ارسال با رنگ رندوم,https://www.khanoumi.com/products/silver-gloria-razor-5-blade-for-women-25725,عالی بود واقعا رو پوست حس نمیشه,0,true,2024-02-28T10:17:46+00:00,مثبت,0.79,محصول,محصول
خودتراش 5 تیغه چند بار مصرف زنانه مدل Gloria5 ارسال با رنگ رندوم,https://www.khanoumi.com/products/silver-gloria-razor-5-blade-for-women-25725,رنگ سبزش برام ارسال شد. خیلی خوبه.,0,true,2024-02-15T00:02:16+00:00,مثبت,0.91,تحویل و ارسال | محصول,تحویل و ارسال
خودتراش 5 تیغه چند بار مصرف زنانه مدل Gloria5 ارسال با رنگ رندوم,https://www.khanoumi.com/products/silver-gloria-razor-5-blade-for-women-25725,عالیه این ژیلت هیچ ایرادی ازش نمیشه گرفت حتی رنگش هم خوشگله,0,true,2024-01-31T21:34:36+00:00,مثبت,0.79,محصول,محصول
خودتراش 5 تیغه چند بار مصرف زنانه مدل Gloria5 ارسال با رنگ رندوم,https://www.khanoumi.com/products/silver-gloria-razor-5-blade-for-women-25725,خوبه ، نرمه و زخم نمیکنه,0,false,2024-01-02T23:21:49+00:00,مثبت,0.79,سایر,سایر
خودتراش 5 تیغه چند بار مصرف زنانه مدل Gloria5 ارسال با رنگ رندوم,https://www.khanoumi.com/products/silver-gloria-razor-5-blade-for-women-25725,"عالی 
اصلا رو پوست حس نمیشه در عین حال مویی به جا نمی مونه",0,true,2024-01-01T16:15:31+00:00,مثبت,0.79,محصول | اصل بودن کالا,محصول
خودتراش 5 تیغه چند بار مصرف زنانه مدل Gloria5 ارسال با رنگ رندوم,https://www.khanoumi.com/products/silver-gloria-razor-5-blade-for-women-25725,واقعا ژیلت عالیه،سری متحرک که احتمال اسیب دیدگی و خیلی میاره پایین و دسته سیلیکونی که اصلا تو دست لیز نمیخوره و تیغه های تیز و نرم و اصلا روی پوست احساس نمیشهموجود بشه دوباره تهیه میکنم,0,true,2023-12-26T02:31:26+00:00,مثبت,0.95,محصول | اصل بودن کالا,محصول
خودتراش 5 تیغه چند بار مصرف زنانه مدل Gloria5 ارسال با رنگ رندوم,https://www.khanoumi.com/products/silver-gloria-razor-5-blade-for-women-25725,عالیه این ژیلت,0,true,2023-12-23T03:55:00+00:00,مثبت,0.79,سایر,سایر
خودتراش 5 تیغه چند بار مصرف زنانه مدل Gloria5 ارسال با رنگ رندوم,https://www.khanoumi.com/products/silver-gloria-razor-5-blade-for-women-25725,بهترین ژیلتی که تا حالا داشتم,2,true,2023-04-21T10:32:40+00:00,مثبت,0.67,سایر,سایر
خودتراش 5 تیغه چند بار مصرف زنانه مدل Gloria5 ارسال با رنگ رندوم,https://www.khanoumi.com/products/silver-gloria-razor-5-blade-for-women-25725,عالییییییییییی,2,false,2023-03-18T02:56:03+00:00,مثبت,0.67,سایر,سایر
خودتراش 5 تیغه چند بار مصرف زنانه مدل Gloria5 ارسال با رنگ رندوم,https://www.khanoumi.com/products/silver-gloria-razor-5-blade-for-women-25725,خیلی خوبه,2,true,2022-07-26T17:21:06+00:00,مثبت,0.91,سایر,سایر
خودتراش 5 تیغه چند بار مصرف زنانه مدل Gloria5 ارسال با رنگ رندوم,https://www.khanoumi.com/products/silver-gloria-razor-5-blade-for-women-25725,عالیییی,1,true,2022-06-29T19:48:55+00:00,مثبت,0.67,سایر,سایر
خودتراش 5 تیغه چند بار مصرف زنانه مدل Gloria5 ارسال با رنگ رندوم,https://www.khanoumi.com/products/silver-gloria-razor-5-blade-for-women-25725,خیلی عالیه حرف ندارن,3,false,2020-04-26T17:50:33+00:00,مثبت,0.79,سایر,سایر
خود تراش 4 عددی مدل اسمارت3,https://www.khanoumi.com/products/silver-smart3-blade-pack-of-4-25727,خیلی عالی وتیز هست چندمین بار هست که سفارش میدم.,0,true,2024-06-26T19:00:23+00:00,مثبت,0.67,سایر,سایر
خود تراش 4 عددی مدل اسمارت3,https://www.khanoumi.com/products/silver-smart3-blade-pack-of-4-25727,تخفیف بیشتر بزارید,0,false,2024-05-25T15:28:42+00:00,خنثی,0.35,قیمت,قیمت
خود تراش 4 عددی مدل Fast3 Lady,https://www.khanoumi.com/products/silver-fast3-lady-blade-pack-of-4-25731,خیلی کنده راضی نبودم,0,true,2025-02-21T15:56:53.1336452+00:00,منفی,0.67,محصول,محصول
خود تراش 4 عددی مدل Fast3 Lady,https://www.khanoumi.com/products/silver-fast3-lady-blade-pack-of-4-25731,لطفا موجود کنین,0,true,2024-12-22T21:48:25.3922977+00:00,خنثی,0.35,محصول,محصول
خود تراش 4 عددی مدل Fast3 Lady,https://www.khanoumi.com/products/silver-fast3-lady-blade-pack-of-4-25731,فوق العادس چند ساله استفاده میکنم ازش,0,true,2024-12-22T21:46:32.64964+00:00,خنثی,0.35,سایر,سایر
خود تراش 4 عددی مدل Fast3 Lady,https://www.khanoumi.com/products/silver-fast3-lady-blade-pack-of-4-25731,خیلی کنده و خیلی زمانبره کار باهاش واقعا,0,true,2024-03-01T13:34:56+00:00,خنثی,0.35,سایر,سایر
خود تراش 4 عددی مدل Fast3 Lady,https://www.khanoumi.com/products/silver-fast3-lady-blade-pack-of-4-25731,برای موهای بدن استفاده بسیار خوبی داره زخم هم نمیکنه,0,false,2023-08-08T22:47:47+00:00,ترکیبی,0.66,محصول,محصول
خودتراش مدل Normal 2 Sensitive بسته 5 عددی,https://www.khanoumi.com/products/silver-normal-2-sensitive-blade-pack-of-5-25734,پیشنهاد نمیکنم اصلا خوب نیست,0,true,2025-06-12T05:12:02.2409561+00:00,منفی,0.91,اصل بودن کالا,اصل بودن کالا
کرم ضدچروک روز هیالورن فیلر + الاستیسیتی,https://www.khanoumi.com/products/eucerin-hyaluron-filler-and-elasticity-day-cream-25736,خیلی ضدچروک خوبیه👍❤️,0,false,2020-05-26T18:17:41+00:00,مثبت,0.67,سایر,سایر
ژل شستشوی صورت مناسب پوست معمولی 500میل,https://www.khanoumi.com/products/comeon-normal-skin-face-wash-25738,من بعد چندماه استفاده نظرمو مینویسم من پوستم مختلط بود و برام واقعا خوب بود جوشام کمتر شد پاک کنندگی خوبی داره و با یکی دو پمپ هم کل صورتو تمیز میکنه بوی خوب خیلی خوبی هم میده من حتی بعد شستن حس میکنم صورتمو شفاف و روشن میکنه,0,true,2026-05-16T12:18:15.4455715+03:30,مثبت,0.95,محصول,محصول
ژل شستشوی صورت مناسب پوست معمولی 500میل,https://www.khanoumi.com/products/comeon-normal-skin-face-wash-25738,حجمش عالیه. پوست رو کاملا نرم و خوشبو میکنه. نیاز نیست زیاد پمپ کنید مثلا برای آرایش کامل دو پمپ کافیه‌. توی تخفیف بخرید که دیگه عالیه,0,true,2026-04-09T21:21:03.9095407+03:30,مثبت,0.95,محصول | قیمت,محصول
ژل شستشوی صورت مناسب پوست معمولی 500میل,https://www.khanoumi.com/products/comeon-normal-skin-face-wash-25738,"عالیه
من پوستم نرمال هست و معمولا هر شوینده‌ای برام اوکیه
اما کامان مثل بعضی از محصولات خاص، هم پاک‌کنندگی خوبی داره و هم پوست رو نمیکشه و خشک هم نمیکنه 
بوی خوشی هم داره و نرم هم میکنه تاحدود بسیاری 

چشم رو هم اگر بخوره بهش، زیاد اذیت نمیکنه.",0,true,2026-02-11T01:20:44.9380505+03:30,مثبت,0.91,محصول,محصول
ژل شستشوی صورت مناسب پوست معمولی 500میل,https://www.khanoumi.com/products/comeon-normal-skin-face-wash-25738,کف نمیکنه و بعدش که تونر می‌کشم صورتم هنوز کثیفی داره من چندباری استفاده کردم اما الان دیگه استفاده نمیکنم,0,true,2025-11-30T14:58:53.9214568+03:30,خنثی,0.35,سایر,سایر
ژل شستشوی صورت مناسب پوست معمولی 500میل,https://www.khanoumi.com/products/comeon-normal-skin-face-wash-25738,نسیت به قیمت حجم بسیار خوبی داره. با دو پمپ آرایش غلیظ رو پاک میکنه. بوی خوبی داره و در کل خرید عالی هست و حتما مجددا خرید خواهم کرد,0,true,2025-11-29T22:54:46.816528+03:30,مثبت,0.91,محصول | قیمت,محصول
ژل شستشوی صورت مناسب پوست معمولی 500میل,https://www.khanoumi.com/products/comeon-normal-skin-face-wash-25738,قبلا کیفیت بهتری داشت، سری آخر که خریدم هر موقع استفاده می کنم جوش می زنم,0,true,2025-08-17T20:56:23.6668562+00:00,خنثی,0.35,محصول,محصول
ژل شستشوی صورت مناسب پوست معمولی 500میل,https://www.khanoumi.com/products/comeon-normal-skin-face-wash-25738,پاک کنندگی خیلی خوبی داره. بوش خوبه و در کل راضیم فعلا,0,true,2025-03-03T20:28:20.2027249+00:00,مثبت,0.95,محصول,محصول
ژل شستشوی صورت مناسب پوست معمولی 500میل,https://www.khanoumi.com/products/comeon-normal-skin-face-wash-25738,لطفا تخفیف رو بیشتر بزارید,0,false,2025-01-12T17:46:51.3125952+00:00,خنثی,0.35,قیمت,قیمت
ژل شستشوی صورت مناسب پوست معمولی 500میل,https://www.khanoumi.com/products/comeon-normal-skin-face-wash-25738,من بعد از 7 ماه استفاده نظرمو می‌نویسم. پوست من معمولیه و تا الان خوب عمل کرده و راضی ام. باعث جوش نشده. برای پاک کردن آرایش هم ازش استفاده می‌کنم و پاک کنندگی خوبی داره، حتی لازم نیست یه پمپ کامل از محصول رو استفاده کنم و با نصف پمپ هم کامل آرایشمو پاک می‌کنه. زیاد احساس خشکی و کشیدگی به پوست نمی‌ده، البته یکم این حس رو ایجاد می‌کنه ولی خب بهتره بعد هر شوینده ای از آبرسان و مرطوب کننده استفاده بشه. حجمش هم نسبت به قیمتش عالیه. درکل راضی بودم و دوباره شارژ میکنم.,0,true,2024-12-19T18:47:57.9376882+00:00,مثبت,0.95,محصول | قیمت,محصول
ژل شستشوی صورت مناسب پوست معمولی 500میل,https://www.khanoumi.com/products/comeon-normal-skin-face-wash-25738,خوبه دو هفته دارم ازش استفاده میکنم حس کشیدگی به پوست نمیده من بعد این شوینده میسلار واتر استفاده کردم و متوجه شدم هنوز از آرایش رو پوستم مونده یعنی پاک کنندگی قوی نداره,0,true,2024-11-24T06:56:07.0455323+00:00,مثبت,0.79,محصول,محصول
ژل شستشوی صورت مناسب پوست معمولی 500میل,https://www.khanoumi.com/products/comeon-normal-skin-face-wash-25738,بنظرم با این حجم قیمتش فوق العادس و اینکه پاک کنندیش خیلی خوبه و رد ارایش رو اصلا باقی نمیذاره  ,0,true,2024-04-08T18:55:02+00:00,مثبت,0.79,محصول | اصل بودن کالا | قیمت,محصول
ژل شستشوی صورت مناسب پوست معمولی 500میل,https://www.khanoumi.com/products/comeon-normal-skin-face-wash-25738,قبلا استفاده میکردم از این شوینده راضی نبودم صورتم پر جوش شد,0,false,2024-01-25T17:27:30+00:00,منفی,0.67,محصول,محصول
ژل شستشوی صورت مناسب پوست معمولی 500میل,https://www.khanoumi.com/products/comeon-normal-skin-face-wash-25738,خوبه باعث جوش نمیشه گاهی احساس کشیدگی رو پوستم دارم ک زیاد نیست بعدش آبرسان و مرطوب کننده حتما بزنید فقط سه چهار تا پمپ باید بزنی تا کف کنه,0,false,2024-01-23T22:03:21+00:00,مثبت,0.79,محصول,محصول
ژل شستشوی صورت مناسب پوست معمولی 500میل,https://www.khanoumi.com/products/comeon-normal-skin-face-wash-25738,خوبی این شوندیه اینه که میتونین همراه با همسرتون ازش استفاده کنین. همسرم هم پوستش رو با این شوینده میشوره و راضیه. میخوام براش شوینده مردونه کامان رو بخرم که انقدر شوینده من رو تموم نکنه,0,false,2024-01-19T23:13:21+00:00,مثبت,0.79,محصول,محصول
ژل شستشوی صورت مناسب پوست معمولی 500میل,https://www.khanoumi.com/products/comeon-normal-skin-face-wash-25738,من الان یکیش رو تموم کردم بعد از 5 ماه و اومدم یکی دیگه بخرم. تا اینجا که پوستم ساخته و کیفیتش عالی بوده. حس کشش به پوستم نمیده و تا جایی که برای پوستم مشکلی ایجاد نکنه فقط همین شوینده رو میخرم,0,false,2024-01-19T23:13:03+00:00,مثبت,0.79,محصول,محصول
ژل شستشوی صورت مناسب پوست معمولی 500میل,https://www.khanoumi.com/products/comeon-normal-skin-face-wash-25738,من مامانم یه پوست معمولی داشت و زیاد به مراقبت خاصی نداشت. براش این شوینده رو خریدم و تا اینجا که خیلی دوسش داره و یکم شروع کرده به خودش رسیدن,0,false,2024-01-19T23:12:38+00:00,خنثی,0.35,محصول | تحویل و ارسال,محصول
ژل شستشوی صورت مناسب پوست معمولی 500میل,https://www.khanoumi.com/products/comeon-normal-skin-face-wash-25738,بعد از استفاده از این محصول بعد چند وقت به وضوح نرم شدن و درخشان تر شدن پوستتون رو میبیند. من که خیلی پیشنادش میکنم,0,false,2024-01-18T22:47:13+00:00,خنثی,0.35,محصول,محصول
ژل شستشوی صورت مناسب پوست معمولی 500میل,https://www.khanoumi.com/products/comeon-normal-skin-face-wash-25738,"هیالونیک اسید توی شوینده های کامان خیلی خوبه. کلا اگه پوست کدر و کم آبی دارین محصولات کامان رو امتحان کنین

",0,false,2024-01-18T17:47:41+00:00,مثبت,0.91,محصول,محصول
ژل شستشوی صورت مناسب پوست معمولی 500میل,https://www.khanoumi.com/products/comeon-normal-skin-face-wash-25738,من از حس کششی که بعد از استفاده از شوینده ها توی پوستم ایجاد میشد فراری بودم. ولی این شونیده واقعا خوبه و به همه توصیه اش میکنم,0,false,2024-01-18T14:06:15+00:00,مثبت,0.91,محصول,محصول
ژل شستشوی صورت مناسب پوست معمولی 500میل,https://www.khanoumi.com/products/comeon-normal-skin-face-wash-25738,این شوینده رو دکتر بهم معرفی کرد. واقعا خدا خیرش بده. هم پاک کنندگیش خوبه هم بعد از استفاده اصلا حس کشیدگی روی پوست ندارم.,0,false,2024-01-18T14:05:57+00:00,ترکیبی,0.9,محصول | اصل بودن کالا,محصول
ژل شستشوی صورت مناسب پوست معمولی 500میل,https://www.khanoumi.com/products/comeon-normal-skin-face-wash-25738,این شوینده رو دکتر بهم معرفی کرد. واقعا خدا خیرش بده. هم پاک کنندگیش خوبه هم بعد از استفاده اصلا حس کشیدگی روی پوست ندارم.,0,false,2024-01-18T14:05:09+00:00,ترکیبی,0.9,محصول | اصل بودن کالا,محصول
ژل شستشوی صورت مناسب پوست معمولی 500میل,https://www.khanoumi.com/products/comeon-normal-skin-face-wash-25738,یه جایگیزن واقعا خوب برای برندهای خارجی و گرونی مثل نوتروژیناست. اگه پوست نرمالی دارین امتحانش کنین,0,false,2024-01-18T14:04:53+00:00,مثبت,0.67,محصول | قیمت,محصول
ژل شستشوی صورت مناسب پوست معمولی 500میل,https://www.khanoumi.com/products/comeon-normal-skin-face-wash-25738,من این شوینده رو برای دخترم خریدم چون مشکلی نداره پوستش. ولی خب نظافت و شستشو رو باید از بچگی یاد بگیره. خوشحالم که مناسب پوست اونم هست.,0,false,2024-01-18T14:04:37+00:00,خنثی,0.35,محصول,محصول
ژل شستشوی صورت مناسب پوست معمولی 500میل,https://www.khanoumi.com/products/comeon-normal-skin-face-wash-25738,خوبیش اینه اصلا پوست رو خشک نمیکنه و خیلی خوبم پوست رو از آلودگی تمیز میکنه. خیلی بافتش رقیقه و هیچی از خودش روی پوست باقی نمیذاره,0,false,2024-01-18T12:57:47+00:00,مثبت,0.79,محصول | اصل بودن کالا,محصول
ژل شستشوی صورت مناسب پوست معمولی 500میل,https://www.khanoumi.com/products/comeon-normal-skin-face-wash-25738,من یه پوست معمولی و نرمال دارم که شوینده ها اکثرا پوستم رو خشک میکردن ولی این شوینده خیلی خوبه و بعدش تازه پوستم رو رطوبت رساین هم میکنه,0,false,2024-01-18T11:13:26+00:00,مثبت,0.91,محصول,محصول
ژل شستشوی صورت مناسب پوست معمولی 500میل,https://www.khanoumi.com/products/comeon-normal-skin-face-wash-25738,سلام کی موجود میشه؟؟؟,0,false,2023-12-20T02:55:14+00:00,خنثی,0.35,محصول,محصول
ژل شستشوی صورت مناسب پوست معمولی 500میل,https://www.khanoumi.com/products/comeon-normal-skin-face-wash-25738,با توجه به حجم و قیمتش واقعا گزینه عالیه برای خرید. تا 6 7 ماه هم براتون میمونه. ,0,false,2023-12-18T17:19:27+00:00,مثبت,0.79,محصول | قیمت,محصول
ژل شستشوی صورت مناسب پوست معمولی 500میل,https://www.khanoumi.com/products/comeon-normal-skin-face-wash-25738,شوینده برای پوست نرمال توی محصولات ایرانی نبود. من مجبور بودم کلی خرج کنم از خارج محصول بخرم. ولی این شوینده کامان کاملا جایگزین نمونه های خارجیش شده برای من,0,false,2023-12-18T16:27:30+00:00,خنثی,0.35,محصول,محصول
ژل شستشوی صورت مناسب پوست معمولی 500میل,https://www.khanoumi.com/products/comeon-normal-skin-face-wash-25738,شوینده برای پوست نرمال توی محصولات ایرانی نبود. من مجبور بودم کلی خرج کنم از خارج محصول بخرم. ولی این شوینده کامان کاملا جایگزین نمونه های خارجیش شده برای من,0,false,2023-12-18T16:27:30+00:00,خنثی,0.35,محصول,محصول
ژل شستشوی صورت مناسب پوست معمولی 500میل,https://www.khanoumi.com/products/comeon-normal-skin-face-wash-25738,اونایی که میگن پاک کنندگیش خوب نیست فکر کنم آرایششون هم با این محصول پاک میکنن. اول باید آؤایش رو با میسلاواتر پاک کنین بعد با این شوینده بشورید. اینجوری واقعا دیگه آلودگی روی پوستتون نمیمونه,0,false,2023-12-18T16:27:12+00:00,منفی,0.67,محصول,محصول
ژل شستشوی صورت مناسب پوست معمولی 500میل,https://www.khanoumi.com/products/comeon-normal-skin-face-wash-25738,خوبی این شوینده اینه که برای زیر چشم هم میشه استفاده کرد و اذیت و خشک نمیکنه.  قدرت پاک کنندگیش هم واقعا خوبه و بعدش حس تمیزی دارم بعدش,0,false,2023-12-16T12:47:20+00:00,مثبت,0.91,سایر,سایر
ژل شستشوی صورت مناسب پوست معمولی 500میل,https://www.khanoumi.com/products/comeon-normal-skin-face-wash-25738,این که میشه باهاش دور چشم رو هم شست خیلی مهمه. دیگه نیازی نیست یه شوینده دیگه مخصوص دور چشم بگیری. تازه با ترکیباتی که دراه باعث کمک به ابرسانی دور چشمم میشه.,0,false,2023-12-13T11:08:20+00:00,خنثی,0.35,سایر,سایر
ژل شستشوی صورت مناسب پوست معمولی 500میل,https://www.khanoumi.com/products/comeon-normal-skin-face-wash-25738,واقعا نمیدونم چرا برندهای دیگه شونیده پوست نرمال ندارن. شونیده های پوست چرب پوستم رو خشک میکرد. شوینده پوست خشک هم اصلا حس خوبی بهم نمیده. اما این شوینده واقعا مناسبه پوستمه. اگه پوست نرمالی دارین، تو خریدش شک نکنین,0,false,2023-12-11T10:54:45+00:00,خنثی,0.35,محصول | اصل بودن کالا,محصول
ژل شستشوی صورت مناسب پوست معمولی 500میل,https://www.khanoumi.com/products/comeon-normal-skin-face-wash-25738,این محصول الان چندساله پایه ثابت خرید های مراقبت پوستی منه. از اون شوینده ها که به خاطر حجم خوبی که داره تا مدت زیادی میمونه و قیمتشم مناسبه. از اون بهتر در دسترسه و هم آنلاین شاپ ها هم داروخونه ها دارنش و هر زمان تموم شد سریع میشه جایگزینش کرد.,0,false,2023-11-29T11:38:33+00:00,مثبت,0.67,محصول | قیمت,محصول
ژل شستشوی صورت مناسب پوست معمولی 500میل,https://www.khanoumi.com/products/comeon-normal-skin-face-wash-25738,من این محصول رو برای مامانم خریدم که پوستش نرماله و مشکلی نداره. خیلی راضیه. هم آلودگی ها رو خوب پاک میکنه، هم رطوبت رسانی میکنه پوستش رو چین و چروک نیوفته,0,false,2023-11-27T15:48:15+00:00,خنثی,0.35,محصول,محصول
ژل شستشوی صورت مناسب پوست معمولی 500میل,https://www.khanoumi.com/products/comeon-normal-skin-face-wash-25738,من پوستم مختلطه. کلی شوینده پوست رو امتحان کردم. مال پوست چرب ها بعضی قسمت های پوستم رو خشک میکنه. شوینده های پوست خشک هم چربی پوستم رو بیشتر میکنه. اما این شوینده خیلی خوبه. آلودگی ها رو به خوبی از روی پوستم پاک میکنه,0,false,2023-11-27T11:42:08+00:00,مثبت,0.95,محصول,محصول
ژل شستشوی صورت مناسب پوست معمولی 500میل,https://www.khanoumi.com/products/comeon-normal-skin-face-wash-25738,به نظر من قدرت پاک کنندگیش کم هستش و اگه قبلش، صورت با میسیلار پاک نشه، به تنهایی نمیتونه پاک کننده خوبی باشه.,2,false,2023-06-19T11:06:23+00:00,مثبت,0.67,سایر,سایر
ژل شستشوی صورت مناسب پوست معمولی 500میل,https://www.khanoumi.com/products/comeon-normal-skin-face-wash-25738,"خیلی وقته استفاده می کنم و پوستم رو اصلا خشک نمیکنه و توش هیالونیک اسید داره که باعث میشه پوستم آبرسانی بشه
ابرسان و مرطوب کننده
+پوست رو نرم و لطیف میکنه
+بوی خوبی هم داره",1,false,2023-04-14T07:09:03+00:00,خنثی,0.35,محصول | اصل بودن کالا,محصول
ژل شستشوی صورت مناسب پوست معمولی 500میل,https://www.khanoumi.com/products/comeon-normal-skin-face-wash-25738,با توجه به قیمت، حجم خوبی داره. پوستم خیلی نرم تر شده بوی خیلی عالی هم داره,0,false,2023-04-11T22:44:09+00:00,مثبت,0.79,محصول | قیمت,محصول
ژل شستشوی صورت مناسب پوست معمولی 500میل,https://www.khanoumi.com/products/comeon-normal-skin-face-wash-25738,"
پاک کنندگی عالی داره با مقدار کمی ازش میتونی صورتت رو بشوری . هیالونیک اسید داخلش بعد از هربار استفاده باعث میشه پوستم آبرسانی و بشدت نرم و لطیف بشه",1,false,2023-04-11T22:40:42+00:00,مثبت,0.67,محصول,محصول
ژل شستشوی صورت مناسب پوست معمولی 500میل,https://www.khanoumi.com/products/comeon-normal-skin-face-wash-25738,"برای بار دوم این محصول رو سفارش میدم عالیه 
من اول با میسلار آرایشم رو پاک میکنم بعد از فیس واش استفاده میکنم خیلی خوب جواب داده به خاطره هیالونیک اسیدی که داره، پوستم خیلی خوب آبرسانی شده و نرم و لطیف شده  بوش هم به نظرم مطبوعه ""
",0,false,2023-04-11T22:38:34+00:00,مثبت,0.95,محصول,محصول
ژل شستشوی صورت مناسب پوست معمولی 500میل,https://www.khanoumi.com/products/comeon-normal-skin-face-wash-25738,بعد یک ماه استفاده نظر میدم برای پوست نرمال یا مختلط عالیه وحس تمیزی میده، استفاده ازش راحته با یک مقدار خیلی کمش، کل صورت پاک میشه. به نظرم با این قیمت اصلا شک نکنید در خرید,0,false,2023-04-11T22:36:01+00:00,مثبت,0.91,محصول | اصل بودن کالا | قیمت,محصول
ژل شستشوی صورت مناسب پوست معمولی 500میل,https://www.khanoumi.com/products/comeon-normal-skin-face-wash-25738, پاک کنندگی قوی داره البته بهتره قبلش آرایش رو با میسلار همین برند پاک بشه و بعدش از این استفاده کنیم,0,false,2023-04-11T22:29:34+00:00,خنثی,0.35,سایر,سایر
ژل شستشوی صورت مناسب پوست معمولی 500میل,https://www.khanoumi.com/products/comeon-normal-skin-face-wash-25738,"خیلی وقته استفاده می کنم و پوستم رو اصلا خشک نمیکنه و توش هیالونیک اسید داره که باعث میشه پوستم آبرسانی بشه.
+آبرسان و مرطوب کننده
+پوست رو نرم و لطیف میکنه
+بوی خوبی هم داره",0,false,2023-04-11T22:26:16+00:00,خنثی,0.35,محصول | اصل بودن کالا,محصول
ژل شستشوی صورت مناسب پوست معمولی 500میل,https://www.khanoumi.com/products/comeon-normal-skin-face-wash-25738,فیس واش کامان قبلاً خیلی کیفیت خوبی داشت ولی الان به شدت کیفیتش پایین اومده متاسفانه ارزش خرید نداره ,2,false,2023-03-25T13:57:58+00:00,ترکیبی,0.71,محصول | قیمت,محصول
ژل شستشوی صورت مناسب پوست معمولی 500میل,https://www.khanoumi.com/products/comeon-normal-skin-face-wash-25738,فیس واش کامان محصول خوبی بود. حجم زیادی داره که تا مدتها قابل استفاده است. پوست رو اصلا حساس و یا قرمز هم نمیکنه. اما برای ارایش های سنگین لازمه که دو مرتبه شسته بشه صورت. و تنها نکته منفیش برای پوست من همین بود,0,false,2023-03-07T17:00:55+00:00,مثبت,0.79,محصول | اصل بودن کالا,محصول
ژل شستشوی صورت مناسب پوست معمولی 500میل,https://www.khanoumi.com/products/comeon-normal-skin-face-wash-25738,خوب نیست، حس تمیزی نمیده. قیمت روی کالا رو مخدوش کرده بودند. چیزی نیست که بخوام دوباره بخرمش,3,false,2023-02-20T00:06:56+00:00,منفی,0.67,محصول | قیمت,محصول
ژل شستشوی صورت مناسب پوست معمولی 500میل,https://www.khanoumi.com/products/comeon-normal-skin-face-wash-25738,عالیه توتخفیف گرفتم قیمت بسیارخوب ممنون,0,true,2022-12-03T01:37:15+00:00,مثبت,0.95,قیمت,قیمت
ژل شستشوی صورت مناسب پوست معمولی 500میل,https://www.khanoumi.com/products/comeon-normal-skin-face-wash-25738,از نطر پاک کنندگی خیلی خوب بود وصورتو خشک نمیکنه فقط یه جوری بود که از ظرفش مواد بیرون نمیاد وبه سختی میکشه بالا,0,true,2022-11-07T01:29:24+00:00,مثبت,0.91,محصول,محصول
ژل شستشوی صورت مناسب پوست معمولی 500میل,https://www.khanoumi.com/products/comeon-normal-skin-face-wash-25738,قبلا خیلی خوب بود الان خیلی رقیق شده ۵۰۰سی سی مثل معادل ۲۵۰ سی سی شده,4,true,2022-04-28T11:58:35+00:00,مثبت,0.91,محصول,محصول
ژل شستشوی صورت مناسب پوست معمولی 500میل,https://www.khanoumi.com/products/comeon-normal-skin-face-wash-25738,انگار اب قاطیش کردی خیلی ابکی و اصلا تمیز نمیکنه صورتو با اب بشوری بهتر از اینه,14,false,2022-02-06T16:24:15+00:00,منفی,0.67,اصل بودن کالا,اصل بودن کالا
ژل شستشوی صورت مناسب پوست معمولی 500میل,https://www.khanoumi.com/products/comeon-normal-skin-face-wash-25738,فیش واش کامان یکی از بهترین محصولات روتین پوستی منه. معمولا روزی 2 بار صورتم رو باهاش شستشو می‌دم و به خوبی آلودگی‌های پوستم رو پاک می‌کنه. یکی از ویژگی‌های خیلی خوبه دیگه‌ای که این محصول داره، خاصیت رطوبت رسانی بالای اونه. بعد از استفاده به خوبی متوجه می‌شم که پوستم نرم و لطیف تر شده و شاداب به نظر می‌رسه. حجم این محصول نسبتا زیاده و با خرید اون تا مدت زمان زیادی نیاز به خرید مجدد ندارید. به نسبت حجم قیمت بسیار خوبی هم داره.,9,false,2021-12-29T08:35:32+00:00,مثبت,0.95,محصول | قیمت,محصول
ژل شستشوی صورت مناسب پوست معمولی 500میل,https://www.khanoumi.com/products/comeon-normal-skin-face-wash-25738,من الان نزدیک ۲سالی میشه استفاده میکنم همون موقع ک اومد ب بازار خریدم و راضی,13,false,2020-12-05T10:01:08+00:00,مثبت,0.67,محصول,محصول
ژل شستشوی صورت مناسب پوست معمولی 500میل,https://www.khanoumi.com/products/comeon-normal-skin-face-wash-25738,بد نیست ولی واقعا خوبم نیست صورت من که جوش زد بعد استفادش و حس میکنم قدرت پاک کنندگی نداره انگار آب قاطیش کردی...,18,true,2020-11-19T23:08:58+00:00,خنثی,0.4,سایر,سایر
ژل شستشوی صورت مناسب پوست معمولی 500میل,https://www.khanoumi.com/products/comeon-normal-skin-face-wash-25738,من حدودا شش ماهه ازش استفاده میکنم پوستم مختلطه و واقعا برام عالی بوده. احساس تمیزی بعد از استفاده و همچنین بوی محشرش و نرمی ای که به پوست میده عالیه. فقط بعدش حتما باید آبرسان بزنید که برای همه فیس واش ها همین هست,25,false,2020-11-15T21:30:23+00:00,مثبت,0.95,محصول,محصول
ژل شستشوی صورت مناسب پوست معمولی 500میل,https://www.khanoumi.com/products/comeon-normal-skin-face-wash-25738,چند هفته است دارم استفاده میکنم شوینده ملایم و خوبیه و پاک کنندگی خوبی هم داره بوی خوبی هم داره ,7,false,2020-10-13T12:11:30+00:00,مثبت,0.91,محصول,محصول
ژل شستشوی صورت مناسب پوست معمولی 500میل,https://www.khanoumi.com/products/comeon-normal-skin-face-wash-25738,"نسبت به قیمتش خیلی بود 
پاک کنندگی خیلی خوبی داره 
فقط یکم ابکی ،اگه یکم سفت تر بود بهتر بود 
در کل خوبه ",3,false,2020-08-07T17:37:30+00:00,مثبت,0.95,محصول | قیمت,محصول
ژل شستشوی صورت مناسب پوست معمولی 500میل,https://www.khanoumi.com/products/comeon-normal-skin-face-wash-25738,عالیه من نصفشو استفاده کردم و کاملا راضی هستم کامل قدرت پاک کنندگیشو حس میکنم و حالت خشکی به پوست نمیدع ,7,true,2020-08-06T16:00:37+00:00,مثبت,0.91,محصول,محصول
ژل شستشوی صورت مناسب پوست معمولی 500میل,https://www.khanoumi.com/products/comeon-normal-skin-face-wash-25738,محصولات کامان بسیار عالین 😍😍,5,true,2020-08-03T14:13:27+00:00,مثبت,0.67,محصول,محصول
ژل شستشوی صورت مناسب پوست معمولی 500میل,https://www.khanoumi.com/products/comeon-normal-skin-face-wash-25738,"خوب بود



",1,false,2020-07-27T00:38:08+00:00,مثبت,0.79,محصول,محصول
ژل شستشوی صورت مناسب پوست معمولی 500میل,https://www.khanoumi.com/products/comeon-normal-skin-face-wash-25738,من این فیس واشو دارم. به نسبت محصولا هم رده ی خودش(از لحاظ کیفیت) که اونا دویست میلشون تقریبا این قیمته، شما پونصد میل این محصولو دارید میگیرید.منکه از کیفیتش راضیم. ,0,true,2020-07-25T15:05:08+00:00,مثبت,0.79,محصول | قیمت,محصول
ژل شستشوی صورت مناسب پوست معمولی 500میل,https://www.khanoumi.com/products/comeon-normal-skin-face-wash-25738,حجم بالا وقدرت پاک کنندگی عالی,2,true,2020-07-18T18:36:27+00:00,مثبت,0.67,محصول,محصول
ژل شستشوی صورت مناسب پوست معمولی 500میل,https://www.khanoumi.com/products/comeon-normal-skin-face-wash-25738,این فیس واش نسبت به قیمتس حجم خوبی داره ولی یکم آبکیه اگه یکم ژلی تر و غلیظ تر بود بهتر بود پاک کنندگیش هم خوب بود و هیچ سوزشی برا پوست و چشمم نداشت فقط یه کوچولو روی گونه هام رو خشک میکرد که بعد از استفاده از بمب آبرسان کامان بهتر شد,2,true,2020-07-16T14:06:35+00:00,مثبت,0.91,محصول | قیمت,محصول
ژل شستشوی صورت مناسب پوست معمولی 500میل,https://www.khanoumi.com/products/comeon-normal-skin-face-wash-25738,نسبت ب حجمش واقعا عالیه ممنون,3,true,2020-06-13T22:59:39+00:00,مثبت,0.91,محصول,محصول
ژل شستشوی صورت مناسب پوست معمولی 500میل,https://www.khanoumi.com/products/comeon-normal-skin-face-wash-25738,نسبت به قیمتش واقعا عالیه من راضی بودم👌👌,5,true,2020-05-22T14:02:42+00:00,مثبت,0.91,محصول | قیمت,محصول
ژل شستشوی صورت مناسب پوست معمولی 500میل,https://www.khanoumi.com/products/comeon-normal-skin-face-wash-25738,خیلی خوبه کاملا ارایش رو پاک میکنه و اصلا صابون توش نداره به راحتی میتونین چشماتونو باز بزارین,8,false,2020-04-26T00:00:32+00:00,مثبت,0.95,محصول | اصل بودن کالا,محصول
ژل شستشوی صورت مناسب پوست معمولی 500میل,https://www.khanoumi.com/products/comeon-normal-skin-face-wash-25738,"غلظت خوبی نداره😐
بوی مطبوع👍",4,true,2020-04-24T03:46:56+00:00,منفی,0.67,محصول,محصول
ژل شستشوی صورت مناسب پوست معمولی 500میل,https://www.khanoumi.com/products/comeon-normal-skin-face-wash-25738,این چندمین باریه که من فیس واش کامان رو میخرم. بیشتر اویل فری استفاده کردم و این هدیه برای خواهرم بود و میگه دور لبهاشو خشک میکنه و ترجیح میده مخصوص پوست خشک رو بگیره,5,true,2020-04-12T00:55:48+00:00,خنثی,0.35,محصول,محصول
ژل شستشوی صورت مناسب پوست معمولی 500میل,https://www.khanoumi.com/products/comeon-normal-skin-face-wash-25738,نسبت به حجمی که داره و محصولات هم قیمتش خیلی کیفیت مناسبی داره ,4,true,2020-03-22T16:34:42+00:00,خنثی,0.35,محصول | قیمت,محصول
ژل شستشوی صورت مناسب پوست معمولی 500میل,https://www.khanoumi.com/products/comeon-normal-skin-face-wash-25738,فیس واش های کامان عالین به همگی پیشنهادمیکنم واینکه پوست من مختلطه اولین بار برای پوست چربشو سفارش دادم اگرپوستتون مختلطه دقت کنید نرمالشو بگیرید هرچی بگم ازخوبیشون کمه پاک کننده عمیقه و پوستمو نرم میکنه🧡🧡🧡🧡,7,true,2020-03-14T03:32:18+00:00,مثبت,0.91,محصول,محصول
ژل شستشوی صورت مناسب پوست معمولی 500میل,https://www.khanoumi.com/products/comeon-normal-skin-face-wash-25738,فیس واش بسیار خوبی که یاعث خشکی پوست نمیشه وازنظر حجم هم خیلی به صرفه هست,1,true,2020-03-06T19:07:27+00:00,مثبت,0.67,محصول,محصول
ژل شستشوی صورت مناسب پوست معمولی 500میل,https://www.khanoumi.com/products/comeon-normal-skin-face-wash-25738,در طی سه ماه به طور مداوم ازش استفاده کردم و خیلی راضی هستم.خیلی با پوستم سازگاری داره باعث حساسیت یا جوش نشد بوی خوبی داره و حجم زیادش بیشتر ترغیب به خریدم کرد و انتخابم بعد ها تا زمانی که مشکلی برای پوستم به وجود نیاره همین فیس واش خواهد بود.,0,true,2020-03-02T23:48:06+00:00,خنثی,0.35,محصول,محصول
ژل شستشوی صورت مناسب پوست معمولی 500میل,https://www.khanoumi.com/products/comeon-normal-skin-face-wash-25738,فیس واش خوبیه بوی خوبی داره و اصلا پوست رو خشک نمیکنه خیلی پوست نرم میشه و حجم بالایی هم داره,3,true,2020-02-29T18:21:23+00:00,مثبت,0.91,محصول | اصل بودن کالا,محصول
ژل شستشوی صورت مناسب پوست معمولی 500میل,https://www.khanoumi.com/products/comeon-normal-skin-face-wash-25738,نسبت به قیمتش عالیه هم اینکه حجمش واقعا زیاده و زود تموم نمیشه,1,true,2020-02-29T11:14:57+00:00,مثبت,0.79,محصول | قیمت,محصول
ژل شستشوی صورت مناسب پوست معمولی 500میل,https://www.khanoumi.com/products/comeon-normal-skin-face-wash-25738,من هم از خرید این محصول راضی ام و واسه بار اول خرید داشتم اما ازین ب بعد فقط همین فیس واش رو میزنم. به پوشتم میسازه و عالیه,5,true,2020-01-12T11:40:29+00:00,مثبت,0.95,محصول,محصول
ژل شستشوی صورت مناسب پوست معمولی 500میل,https://www.khanoumi.com/products/comeon-normal-skin-face-wash-25738,من ازین فیس واش استفاده کردم قدرت پاک کنندگی بالایی نداره فیس واش یونی خیلی قویتره از نظر پاک کنندگی نسبت به یونی بوی بهتری داره,2,true,2019-12-02T14:32:16+00:00,خنثی,0.35,محصول,محصول
ژل شستشوی صورت مناسب پوست معمولی 500میل,https://www.khanoumi.com/products/comeon-normal-skin-face-wash-25738,"این محصولا واقعا فوق‌العادس
با یبار استفاده هم معجزه لطافت پوستشو میبینید.
واقعا ازش راضیم
قیمتشم نسبت به حجمش خوبه",5,false,2019-12-02T00:53:35+00:00,مثبت,0.95,محصول | قیمت,محصول
ژل شستشوی صورت مناسب پوست معمولی 500میل,https://www.khanoumi.com/products/comeon-normal-skin-face-wash-25738,قیمتش نسبت به کیفیت و سایزش عالیه.با یه کوچولو میشه صورتو شست من هر روز صب بعد از بیدار شدن صورتمو میشورم حس طراوت و تمیزی خوبی به پوست صورتم میده و باعث میشه خیلی خوب آرایش رو صورتم بشینه.در کل عالیه بوی فوق العاده ای هم داره و خیلییییی به صرفه اس,8,true,2019-11-29T08:38:18.1333333+00:00,مثبت,0.95,محصول | قیمت,محصول
ژل شستشوی صورت مناسب پوست معمولی 500میل,https://www.khanoumi.com/products/comeon-normal-skin-face-wash-25738,مثلا ریمل رو میشه باهاش شست؟ ,21,true,2019-11-02T03:02:48+00:00,خنثی,0.35,سایر,سایر
ژل شستشوی صورت مناسب پوست معمولی 500میل,https://www.khanoumi.com/products/comeon-normal-skin-face-wash-25738,این محصول برای شستن آرایش چشم میشه استفاده کرد؟ ,17,true,2019-11-02T02:58:57+00:00,خنثی,0.35,محصول,محصول
ژل شستشوی صورت مناسب پوست معمولی 500میل,https://www.khanoumi.com/products/comeon-normal-skin-face-wash-25738,سلام.میشه راهنمایی کنید برای من ک پوستم مختلطه کدومو بخرم؟؟؟؟,26,false,2019-10-28T14:51:38+00:00,خنثی,0.35,محصول,محصول
ژل شستشوی صورت مناسب پوست معمولی 500میل,https://www.khanoumi.com/products/comeon-normal-skin-face-wash-25738,محصول خوب و با صرفه ایه ؛و صورتو خشک نمیکنه،بخصوص اگه بعدش از مرطوب کننده اش استفاده کنی ,0,true,2019-10-21T13:28:07+00:00,مثبت,0.67,محصول,محصول
ژل شستشوی صورت مناسب پوست معمولی 500میل,https://www.khanoumi.com/products/comeon-normal-skin-face-wash-25738,بوی کرمش رو میده و قدرت تمیز کنندگیش خوبه.,1,true,2019-10-09T22:45:29+00:00,مثبت,0.79,محصول,محصول
ژل شستشوی صورت مناسب پوست معمولی 500میل,https://www.khanoumi.com/products/comeon-normal-skin-face-wash-25738,من خیلی از این محصول راضیم. کرم مرطوب کننده و فیس واشش رو برای پوست های معمولی گرفتم و ظرف 2 روز قشنگ مرطوب شدن پوستم رو حس کردم. هم قیمتش عالیه هم کیفیتش. فقط نمیدنم برای پاک کردن آرایش چشم هم میشه استفاده کرد یا نه؟,10,true,2019-10-09T11:07:15+00:00,مثبت,0.95,محصول | قیمت,محصول
ژل شستشوی صورت مناسب پوست معمولی 500میل,https://www.khanoumi.com/products/comeon-normal-skin-face-wash-25738,من رايحه اش رو دوست دارم و نسبت به قيمتش به صرفه است,2,true,2019-10-06T22:24:31+00:00,خنثی,0.35,قیمت,قیمت
ژل شستشوی صورت مناسب پوست معمولی 500میل,https://www.khanoumi.com/products/comeon-normal-skin-face-wash-25738,من خیلی راضی ام هم قیمتش خوب بود هم اینکه پوستم رو مرطوب کرده . ممنونم از خانومی 🙏🏻🙏🏻,2,true,2019-10-06T21:29:41+00:00,مثبت,0.95,محصول | قیمت,محصول
ژل شستشوی صورت مناسب پوست معمولی 500میل,https://www.khanoumi.com/products/comeon-normal-skin-face-wash-25738,نسبت ب قیمنش واقعا عالیه من دو هفتس دارم استفاده میکنم راضیم❤️,1,true,2019-10-06T01:37:18+00:00,مثبت,0.95,سایر,سایر
ژل شستشوی صورت مناسب پوست معمولی 500میل,https://www.khanoumi.com/products/comeon-normal-skin-face-wash-25738,بنظر من این فیس واش نسبت به قیمتش عالی هست هم حجمش نسبت به فیس واش های با  این رنج قیمت زیاده هم بوی خیلی خوبی داره و بعد از شستشو پوست رو خشک نمیکنه و حس کشیدگی به پوست نمیده من خیلی راضی هستم از خریدم مرسی از خانومی بابت فروش محصولات با کیفیت ایرانی,1,true,2019-10-03T20:40:43+00:00,مثبت,0.95,محصول | قیمت,محصول
ژل شستشوی صورت مناسب پوست معمولی 500میل,https://www.khanoumi.com/products/comeon-normal-skin-face-wash-25738,عالیه کامل پوست رو تمیز می کنه بدون اینکه ذره ای احساس خشکی و کشیدگی داشته باشین. و یه مقدار کمش برای کل صورت کافیه. ,2,true,2019-09-29T00:04:17+00:00,ترکیبی,0.74,محصول,محصول
ژل شستشوی صورت مناسب پوست معمولی 500میل,https://www.khanoumi.com/products/comeon-normal-skin-face-wash-25738,عالی ارایش خیلی راحت پاک میکنه بدون اینکه بخوای پوستتو بسابی😊😊,2,true,2019-09-28T11:22:24+00:00,ترکیبی,0.66,محصول,محصول
خمیردندان سنستیو100 میلی لیتر ساده,https://www.khanoumi.com/products/signal-sensitive-expert-core-original-toothpaste-100ml-25744,من این خمیر دندون و یکی دیگه رو خریدم،جالب اینه که قیمتی که با تخفیف در فاکتور محاسبه کردن،از قیمتی که روی خمیر دندون که به دستم رسیده خورده، بیشتر هست.ولی خمیردندون خیلی خوبیه یکساله که استفاده میکنم,0,true,2025-02-02T13:24:04.584643+00:00,مثبت,0.79,قیمت | تحویل و ارسال,قیمت
خمیردندان سنستیو100 میلی لیتر سفیدکننده,https://www.khanoumi.com/products/signal-sensitive-expert-white-toothpaste-100ml-25746,بعد یه مدت استفاده، تفاوت محسوس هست,0,true,2025-04-28T22:08:56.3084613+00:00,خنثی,0.35,سایر,سایر
خمیردندان سنستیو100 میلی لیتر سفیدکننده,https://www.khanoumi.com/products/signal-sensitive-expert-white-toothpaste-100ml-25746,عالیه,0,true,2025-04-28T22:08:27.270379+00:00,مثبت,0.79,سایر,سایر
خمیردندان سنستیو100 میلی لیتر سفیدکننده,https://www.khanoumi.com/products/signal-sensitive-expert-white-toothpaste-100ml-25746,خمیر دندان فوق العاده سبک و ملایم که بعد از استفاده یه حس سبکی و آرامش به آدم میده😍من این مدل رو از داروخونه گرفتم و از خانومی این خمیر دندان رو با نوار نارنجیش گرفتم,0,false,2023-09-11T15:36:11+00:00,مثبت,0.67,محصول,محصول
شامپو موهای آسیب دیده 350 میلی لیتر,https://www.khanoumi.com/products/sunsilk-instant-restore-shampoo-350ml-25748,این شامپو موهای آسیب دیده شما رو تقویت میکنه و به علت داشتن کلیسم و کراتین موجب نرمی و لطافت موهای شما می شود. من مدتیه ازش استفاده میکنم و راضیم.,0,false,2023-04-05T08:56:35+00:00,مثبت,0.79,محصول,محصول
شامپو موهای ضعیف و شکننده 600میل,https://www.khanoumi.com/products/sunsilk-hairfall-solution-shampoo-600ml-25750,لطفا خیلی زود موجود کنید جز این شامپو، شامپو دیگه ای استفاده نمیکنم برای رفع ریزش مو خیلی تاثیرگذار هست. موجود کنید,0,true,2025-09-09T11:46:12.3525371+03:30,خنثی,0.35,محصول,محصول
شامپو موهای ضعیف و شکننده 600میل,https://www.khanoumi.com/products/sunsilk-hairfall-solution-shampoo-600ml-25750,بیش از 9 ساله دارم از این برند استفاده میکنم تمام مدلهای دیگه اش را گرفتم استفاده کردم موهای خشک و شکننده ای دارم ولی تاثیر خاصی نداشته برام نه برای ریزش نه لطافت و نرمی معمولیه و صرفا یه ادعاس که برای موهای ضعیف مناسبه من فقط رایحه و بوی این شامپو را خیلی دوست دارم و با کرم موی انار دیترون استفاده میکنم چون خیلی علاقه داشتم به عطرش و مدلای دیگه اش زیاد تفاوت ندارن با هم .,0,false,2025-02-24T22:46:17.2198865+00:00,منفی,0.67,محصول,محصول
شامپو موهای ضعیف و شکننده 600میل,https://www.khanoumi.com/products/sunsilk-hairfall-solution-shampoo-600ml-25750,برند سانسیلک واقعا نسبت به قیمتش خیلی خوبه محصولاتش ، اما من موهای چرب و نرمالی دارم این مدلش برای من مناسب نبود و موهامو خشک میکرد.,0,false,2023-08-28T19:57:03+00:00,مثبت,0.91,محصول | قیمت,محصول
نرم کننده موهای ضعیف و شکننده 350 میلی لیتر,https://www.khanoumi.com/products/sunsilk-hair-fall-solution-conditioner-350ml-25753,بوی خیلی خوبی داره خیلی هم نرم میکنه,0,false,2025-02-28T12:25:30.9498624+00:00,مثبت,0.79,محصول,محصول
نرم کننده موهای ضعیف و شکننده 350 میلی لیتر,https://www.khanoumi.com/products/sunsilk-hair-fall-solution-conditioner-350ml-25753,راضی ام هم بوی خیلی خوبی داره هم موهای خشک رو خیلی خوب میکنه بعد از حمام,0,false,2025-02-28T12:24:20.2646105+00:00,مثبت,0.95,محصول,محصول
شامپو موهای ضعیف و شکننده 600میل,https://www.khanoumi.com/products/sunsilk-hairfall-solution-shampoo-600ml-25750,لطفا خیلی زود موجود کنید جز این شامپو، شامپو دیگه ای استفاده نمیکنم برای رفع ریزش مو خیلی تاثیرگذار هست. موجود کنید,0,true,2025-09-09T11:46:12.3525371+03:30,خنثی,0.35,محصول,محصول
شامپو موهای ضعیف و شکننده 600میل,https://www.khanoumi.com/products/sunsilk-hairfall-solution-shampoo-600ml-25750,بیش از 9 ساله دارم از این برند استفاده میکنم تمام مدلهای دیگه اش را گرفتم استفاده کردم موهای خشک و شکننده ای دارم ولی تاثیر خاصی نداشته برام نه برای ریزش نه لطافت و نرمی معمولیه و صرفا یه ادعاس که برای موهای ضعیف مناسبه من فقط رایحه و بوی این شامپو را خیلی دوست دارم و با کرم موی انار دیترون استفاده میکنم چون خیلی علاقه داشتم به عطرش و مدلای دیگه اش زیاد تفاوت ندارن با هم .,0,false,2025-02-24T22:46:17.2198865+00:00,منفی,0.67,محصول,محصول
شامپو موهای ضعیف و شکننده 600میل,https://www.khanoumi.com/products/sunsilk-hairfall-solution-shampoo-600ml-25750,برند سانسیلک واقعا نسبت به قیمتش خیلی خوبه محصولاتش ، اما من موهای چرب و نرمالی دارم این مدلش برای من مناسب نبود و موهامو خشک میکرد.,0,false,2023-08-28T19:57:03+00:00,مثبت,0.91,محصول | قیمت,محصول
نرم کننده موهای ضعیف و شکننده 350 میلی لیتر,https://www.khanoumi.com/products/sunsilk-hair-fall-solution-conditioner-350ml-25753,بوی خیلی خوبی داره خیلی هم نرم میکنه,0,false,2025-02-28T12:25:30.9498624+00:00,مثبت,0.79,محصول,محصول
نرم کننده موهای ضعیف و شکننده 350 میلی لیتر,https://www.khanoumi.com/products/sunsilk-hair-fall-solution-conditioner-350ml-25753,راضی ام هم بوی خیلی خوبی داره هم موهای خشک رو خیلی خوب میکنه بعد از حمام,0,false,2025-02-28T12:24:20.2646105+00:00,مثبت,0.95,محصول,محصول
نرم کننده موهای آسیب دیده 350 میلی لیتر,https://www.khanoumi.com/products/sunsilk-instant-restore-conditioner-350ml-25754,عالیه خوشبو و واقعا نرم و ابریشمی میکنه موهارو,0,true,2025-04-02T22:22:27.0271641+00:00,مثبت,0.79,محصول,محصول
نرم کننده موهای آسیب دیده 350 میلی لیتر,https://www.khanoumi.com/products/sunsilk-instant-restore-conditioner-350ml-25754,خیلی خوشبوئه,0,true,2024-12-26T19:47:34.9275996+00:00,خنثی,0.35,محصول,محصول
شامپو موهای چرب 400 میلی لیتر,https://www.khanoumi.com/products/dove-purifying-dome-shampoo-400ml-25757,بوش عالیهههه,0,true,2025-05-05T16:31:58.4220172+00:00,مثبت,0.79,محصول,محصول
شامپو موهای چرب 400 میلی لیتر,https://www.khanoumi.com/products/dove-purifying-dome-shampoo-400ml-25757,چطور شامپو داوه ولی لیبل ایرانی داره؟,0,false,2025-03-08T21:41:51.3357091+00:00,خنثی,0.35,محصول,محصول
شامپو موهای چرب 400 میلی لیتر,https://www.khanoumi.com/products/dove-purifying-dome-shampoo-400ml-25757,عالی,0,true,2025-02-24T18:44:28.8718049+00:00,مثبت,0.67,سایر,سایر
شامپو موهای چرب 400 میلی لیتر,https://www.khanoumi.com/products/dove-purifying-dome-shampoo-400ml-25757,بهترین شامپویی که  تا حالا استفاده کردم کاش موجودشان کنین ,0,true,2024-09-20T19:00:49+00:00,مثبت,0.67,محصول,محصول
شامپو موهای چرب 400 میلی لیتر,https://www.khanoumi.com/products/dove-purifying-dome-shampoo-400ml-25757,بهترین شامپویی که میتونستم داشته باشم . موهام چربه و کاملا تمیز میشه. لطیف و نرم میشه و غلطت خوبی هم داره ,0,true,2024-04-17T15:17:09+00:00,مثبت,0.79,محصول,محصول
شامپو موهای چرب 400 میلی لیتر,https://www.khanoumi.com/products/dove-purifying-dome-shampoo-400ml-25757,من اصلا راضی نبودم بعد استفاده خارش پیدا میکنم کلییر خیلی بهتره,0,true,2023-12-23T22:15:22+00:00,منفی,0.79,محصول | اصل بودن کالا,اصل بودن کالا
شامپو موهای چرب 400 میلی لیتر,https://www.khanoumi.com/products/dove-purifying-dome-shampoo-400ml-25757,به موهای من که نساخت کف سرم بعد استفاده خارش داشت,0,true,2023-12-08T03:46:02+00:00,خنثی,0.35,محصول,محصول
شامپو موهای چرب 400 میلی لیتر,https://www.khanoumi.com/products/dove-purifying-dome-shampoo-400ml-25757,واقعا عالی,0,true,2023-12-03T16:36:44+00:00,مثبت,0.67,سایر,سایر
شامپو موهای چرب 400 میلی لیتر,https://www.khanoumi.com/products/dove-purifying-dome-shampoo-400ml-25757,من از خرید این شامپو خیلی راضی بودم. این شامپو برای موهای چرب عالیه. چربی موهارو کاملا کنترل میکنه و باعث خشکی و وز مو هم نمیشه. مو کاملا تمیز میشه و برق نمی افته. حجم زیادی داره و قیمتش هم مناسبه.,0,false,2022-11-15T16:48:27+00:00,مثبت,0.91,محصول | قیمت,محصول
نرم کننده تثبیت رنگ مو 200 میلی لیتر,https://www.khanoumi.com/products/dove-hair-conditioner-color-protect-dome-200ml-25761,خوبه اما برای موی چرب مناسب نیست و سریع چرب میشه موها ، رایحه هم خوب,0,true,2025-03-09T17:51:39.7722529+00:00,مثبت,0.91,محصول,محصول
نرم کننده تثبیت رنگ مو 200 میلی لیتر,https://www.khanoumi.com/products/dove-hair-conditioner-color-protect-dome-200ml-25761,خیلی عالی ,0,true,2024-03-20T02:43:29+00:00,مثبت,0.67,سایر,سایر
نرم کننده تثبیت رنگ مو 200 میلی لیتر,https://www.khanoumi.com/products/dove-hair-conditioner-color-protect-dome-200ml-25761,خیلی موهام وز بود ولی تو استفاده اول به خوبی موهام و نرم و حالت دار کرد,0,true,2023-12-01T00:29:39+00:00,مثبت,0.67,محصول,محصول
ریمل حجم دهنده و حالت دهنده مژه لشز تو کیل,https://www.khanoumi.com/products/catrice-lashes-to-kill-ultra-curl-and-volume-mascara-25772,بود نبود,0,false,2023-06-17T11:15:26.4133333+00:00,خنثی,0.35,محصول,محصول
ریمل مدل Glam And Doll,https://www.khanoumi.com/products/catrice-glam-and-doll-false-lashes-mascara-25777,عالیه,0,false,2026-06-10T20:53:57.8483689+03:30,مثبت,0.79,سایر,سایر
ریمل لش درسر,https://www.khanoumi.com/products/catrice-lash-dresser-comb-mascara-25779,فوق‌العاده⁦❤️⁩⁦❤️⁩⁦❤️⁩,0,false,2019-10-15T16:01:05+00:00,مثبت,0.67,سایر,سایر
کرم پودر اچ دی با پوشش بالا,https://www.khanoumi.com/products/catrice-hd-liquid-coverage-foundation-25793,موجود کنید رنگ های روشنش رو مثل 01 و 02,0,false,2025-12-06T02:48:53.9311582+03:30,خنثی,0.35,محصول,محصول
کرم پودر اچ دی با پوشش بالا,https://www.khanoumi.com/products/catrice-hd-liquid-coverage-foundation-25793,لطفا موجود کنید,0,false,2024-03-02T15:08:15+00:00,خنثی,0.35,محصول,محصول
کرم پودر اچ دی با پوشش بالا,https://www.khanoumi.com/products/catrice-hd-liquid-coverage-foundation-25793,"خیلی وقته تموم شده لطفا موجودش کنید
",0,false,2023-11-28T18:43:37+00:00,خنثی,0.35,محصول,محصول
کرم پودر اچ دی با پوشش بالا,https://www.khanoumi.com/products/catrice-hd-liquid-coverage-foundation-25793,"میشه موجود کنید
",0,false,2023-11-22T21:15:23+00:00,خنثی,0.35,محصول,محصول
کرم پودر اچ دی با پوشش بالا,https://www.khanoumi.com/products/catrice-hd-liquid-coverage-foundation-25793,"کرم پودر خوبی هست من راضی بودم سبک و پوشش خوبی داشت بعد از گذشت زمان هم تیره نمیشد روی پوستم 
لطفا دوباره شارژ کنید ",0,true,2023-09-30T00:45:59+00:00,مثبت,0.91,محصول,محصول
کرم پودر اچ دی با پوشش بالا,https://www.khanoumi.com/products/catrice-hd-liquid-coverage-foundation-25793,من چند وقتی این کرم استفاده میکنم از کیفیتش خیلی راضی ام فقط پوستم خشکه و قبلش کرم نرم کننده میزنم ,1,true,2023-07-18T12:52:38+00:00,مثبت,0.79,محصول,محصول
کرم پودر اچ دی با پوشش بالا,https://www.khanoumi.com/products/catrice-hd-liquid-coverage-foundation-25793,لطفاااا موجود کنید ,2,true,2022-11-25T21:30:48+00:00,خنثی,0.35,محصول,محصول
کرم پودر اچ دی با پوشش بالا,https://www.khanoumi.com/products/catrice-hd-liquid-coverage-foundation-25793,سلام من این کرم پودر چندوقتی هست خریدم و باید بگم عالیه هم رنگ خوبی داره من020 خریدم که رنگ پرطرفدار این کرم هست خیلیم خوشرنگه 😍خیلی خیلی مخملی و سبک اصلا من عاشق سبک بودن این کرم شدم پوشش هم بنظرم عالیه و برخلاف خیلی از کرمها که کاور بالایی دارن اصلا سنگین نیست روی پوست من که چربه خوب می شینه و اصلا حالت کیکی نداره و نمی ماسه من که عاشقش شدم و شد کرم پودر مورد علاقه ام و کسانی که دیدن همه ازم پرسیدن چی زدی که انقدر عالی خوابیده رو پوستت من هم شما رو معرفی کردم باز هم ممنونم خانمی ❤❤,15,true,2019-10-14T23:12:12+00:00,مثبت,0.95,محصول | اصل بودن کالا | تحویل و ارسال,محصول
کرم پودر اچ دی با پوشش بالا,https://www.khanoumi.com/products/catrice-hd-liquid-coverage-foundation-25793,"درحدی ک ادعاشده فول کاور نیست اما کاورخوبی داره و موندگاریشم خوبه میتونید برای مهمونیاتون مقدار زیادیش رو صورتتون بزنید تا کاورش رو بیشتر کنه و همچنین روی پوست خوب میخوابه و طبیعیه بوی خوبیم داره اذیت کننده نیست اما مناسب پوست چربه اگر پوستتون خشکه و خریدید مثل من قبل از ارایش با مرطوب کننده پوستتونو چرب کنید
درکل کرم پودر خوبیه ارزش امتحان کردن داره",15,true,2019-10-13T23:58:39+00:00,مثبت,0.95,محصول,محصول
کرم پودر اچ دی با پوشش بالا,https://www.khanoumi.com/products/catrice-hd-liquid-coverage-foundation-25793,خيلي كرم پودر خوبيه خيلي طبيعيه,8,true,2019-09-20T20:17:23+00:00,مثبت,0.67,محصول,محصول
کرم پودر اچ دی با پوشش بالا,https://www.khanoumi.com/products/catrice-hd-liquid-coverage-foundation-25793,کاتریس اچ دی یکی از بهترین کرم پودرهایی هست که تو زندگیم داشتم.بااینکه سبکه کاور بالا داره.فینیش تقریبا مات داره اما مات طبیعی نه مات بتونه طور.بنظرم برای تمام انواع پوست قابل استفاده ست اما من که پوست خشک دارم باید حتما زیرش مرطوب کننده بزنم.من شماره ۰۱۰ رو گرفتم.اول که زدمش حس کردم خیلی روشنه اما بعد از چند دقیقه کمی اکسید شد و رنگ طبیعی تری پیدا کرد.شماره ۰۱۰ اولش یه رنگ کاملا روشن با خیلی کم ته رنگ زرد هست بعد از اکسید شدن،کمی تناژ هلویی پیدا میکنه و یه کوچولو برای من تیره شد اما باز هم بد دیده نمیشه.برای پوست روشن تا گندمی روشن مناسبه.(بعنوان مقایسه،روشن ترین شماره بورژوا هلثی میکس یعنی شماره ۵۱ از شماره ۱۰ کاتریس اچ دی هم روشن تره هم زردتر) از اونجایی که یکدست اکسید میشه با اکسید شدنش مشکلی نداشتم..از لحاظ موندگاری هم فوق العاده کرم پودر خوبی هست و یه نکته هم اینکه فلش بک نداره و پوست آدم تو عکس خیلی خوب میفته.من حتی شیشه ش و قطره چکانی بودنش رو هم خیلی دوس دارم,9,false,2019-09-08T13:57:49+00:00,مثبت,0.95,محصول,محصول
کرم پودر اچ دی با پوشش بالا,https://www.khanoumi.com/products/catrice-hd-liquid-coverage-foundation-25793,انگار شماره 10 هم مقداری زردی داره؟! ,3,false,2019-09-08T12:52:19+00:00,خنثی,0.35,سایر,سایر
کرم پودر اچ دی با پوشش بالا,https://www.khanoumi.com/products/catrice-hd-liquid-coverage-foundation-25793,من اين كرم پودر رو خريدم اصلنننننن كاور خوبي نداره رو صورت هم كيكي ميشه حتما بايد صورت خيلي چربي داشته باشي تا يكم روي پوست بشينه ب درد پوست معمولي نميخوره ,5,false,2019-09-08T09:32:27+00:00,خنثی,0.35,محصول | اصل بودن کالا,محصول
تیره کننده کرم پودر پرایم اند فاین,https://www.khanoumi.com/products/catrice-prime-and-fine-make-up-transformer-drops-darkening-25796,"من این کرم پودرو داشتم ک رنگش برام خیلی روشن بود. خیلی ناراحت بودم ک نمیتونم ازش استفاده کنم. تا اینکه دیدم خانومی این تیره کننده کاتریس رو اورده😍😍😍
انقد خوشحالم ک کرمپودرمو میتونم با رنگ دلخواهم استفاده کنم...مرررسی خانومی",11,true,2019-10-09T12:38:05+00:00,خنثی,0.35,محصول,محصول
کانسیلر ری تاچ با خاصیت انعکاس نور,https://www.khanoumi.com/products/catrice-re-touch-light-reflecting-concealer-25798,فوق العاده اس تا بحال چنین محصولی استفاده نکردم و تیرگی پوستشو کاملا پوشش میده ,0,false,2020-05-31T16:06:25+00:00,مثبت,0.67,محصول,محصول
رژلب جامد مات آلتیمیت,https://www.khanoumi.com/products/catrice-ultimate-matt-lipstick-25800,"من این مدل رژ شماره ۳۰ دارم خیلی خوش رنگ
روی لب  عالیه ",1,false,2020-01-20T02:59:19+00:00,مثبت,0.79,محصول,محصول
رژلب جامد دو رنگ,https://www.khanoumi.com/products/catrice-ombre-two-tone-lipstick-25804,رژ لب نرم و لطیفیه و رنگ خیلی خوبی هم داره. و قیمتش هم نسبت به سایتهای دیگه کمتره. ,3,true,2019-10-01T12:05:29+00:00,مثبت,0.79,محصول | قیمت,محصول
رژلب جامد دو رنگ,https://www.khanoumi.com/products/catrice-ombre-two-tone-lipstick-25804,"خیلی بافت نرم و براقی داره و جلوه امبره اش بدک نیس...شماره ۶۰ اش واقعا قشنگه😍
ولی خوب ماندگاری زیادی نداره.",3,true,2019-09-30T14:00:07+00:00,ترکیبی,0.71,محصول,محصول
مداد هایلایتر با دوام,https://www.khanoumi.com/products/catrice-made-to-stay-highlighter-pen-25818,چشم رو خیلی خوش حالت میکنه و واقعا تاثیر گذاره و قیمتش بیشتر ازینا می ارزه🌼,3,true,2019-10-01T15:35:09+00:00,خنثی,0.35,قیمت,قیمت
مداد چشم کالر اند کانتور 18 ساعته,https://www.khanoumi.com/products/catrice-18h-colour-and-contour-eye-pencil-25819,من شماره 70 رو گرفتم و ازش راضیم. جلوه خوبی به چشم میده. ,5,true,2019-10-01T12:09:46+00:00,مثبت,0.91,سایر,سایر
سایه چشم مدادی آی متیک,https://www.khanoumi.com/products/catrice-eye-matic-eye-powder-pen-25820,میشه شماره 20 این محصول رو موجود کنید,0,false,2024-04-19T11:13:11+00:00,خنثی,0.35,محصول,محصول
پالت سایه چشم مدرن مت,https://www.khanoumi.com/products/catrice-the-modern-matt-collection-eyeshadow-palette-25823,خیلی لایت و قشنگه. من برای آرایش عقدم ازش استفاده کردم و عاشقشم انقد خوش رنگ و لایت و طبیعیه,0,false,2020-09-09T11:23:40+00:00,مثبت,0.67,محصول,محصول
پالت سایه چشم مدرن مت,https://www.khanoumi.com/products/catrice-the-modern-matt-collection-eyeshadow-palette-25823,جالب نیست.اصلا پیگمنت قوی نداره‌ماندگار نیست.رو پلک نمیشینه.توصیه به خرید به هیچ‌وجه نمیکنم,6,true,2020-01-11T22:55:07+00:00,منفی,0.79,اصل بودن کالا,اصل بودن کالا
کرم پودر مات کننده شاین کنترل,https://www.khanoumi.com/products/catrice-all-matt-plus-shine-control-make-up-25837,"من بااینک این محصول از خانومی نگرفتم ولی نظرم رو درباره ش مینویسم. پوستم چرب و مختلطه و من بسیااااار ازش راضیم تاحدود 8_10 ساعت بعد از آرایش روی پوستم برق نمی فته و اصلا حس سنگینی نمیده
من باپنکک خود این مارک استفاده میکنم و ب شدت راضیم ولی خواهرم با پنکک بورژوا استفاده کرد حالت کیکی و زشتی ب خودش گرفت",20,false,2019-09-18T07:13:25+00:00,مثبت,0.91,محصول | اصل بودن کالا,محصول
پرایمر سرم,https://www.khanoumi.com/products/catrice-light-correcting-serum-primer-25841,اینم شاینشه که به عنوان هایلایتر خیلی طبیعی و قشنگه,0,true,2020-04-16T03:44:07+00:00,خنثی,0.35,سایر,سایر
پرایمر سرم,https://www.khanoumi.com/products/catrice-light-correcting-serum-primer-25841,این محصول بیشتر برای هایلایتر خوبه و واقعا هم اگر بخواد به عنوان هایلایتر استفاده بشه خیلی خوشگل و طبیعه من دوسش دارم ، بوش هم خیلی ملایمو خوبه ,1,true,2020-04-16T03:36:58+00:00,مثبت,0.95,محصول,محصول
پرایمر سرم,https://www.khanoumi.com/products/catrice-light-correcting-serum-primer-25841,"اصلا خوب نبود
صورت رو خشک میکنه و خطهای صورت رو مشخص تر میکنه",1,false,2020-01-11T16:59:00+00:00,خنثی,0.4,محصول | اصل بودن کالا,محصول
کرم پایه محو کننده لک و نقاط سیاه پوست,https://www.khanoumi.com/products/catrice-prime-and-fine-pore-refining-anti-shine-base-25843,بنظرم کار خاصی انجام نمیده. راضی نبودم.,3,true,2020-02-20T22:31:35+00:00,منفی,0.67,محصول,محصول
کرم پایه محو کننده لک و نقاط سیاه پوست,https://www.khanoumi.com/products/catrice-prime-and-fine-pore-refining-anti-shine-base-25843,کیا استفاده کردن نظرتونو بدین لطفا ،میخام بدونم برای پوستهای لک دار چطورع حواب میده یا نه،،،،،،ممنونم،،،،,5,false,2019-10-04T09:08:15+00:00,ترکیبی,0.74,محصول,محصول
کرم پایه محو کننده لک و نقاط سیاه پوست,https://www.khanoumi.com/products/catrice-prime-and-fine-pore-refining-anti-shine-base-25843,سلام من مدتی از این پرایمر استفاده می کنم باید بگم بافتش ژلی و خیلی سبک هست زود هم جذب میشه کرم پودر هم مات مات می کنه عالیه و یکدست روی پوست میشینه من که خیلی راضی بودم ممنونم خانمی ,9,true,2019-09-28T15:46:51+00:00,مثبت,0.79,محصول,محصول
کرم پایه محو کننده لک و نقاط سیاه پوست,https://www.khanoumi.com/products/catrice-prime-and-fine-pore-refining-anti-shine-base-25843,این پرایمر عالیه هم بافت سبک و ژلی مانندی داره هم زود جذب میشه وقتی هم زیر کرم پودر استفاده می کنید به کرم پودر بافت مخملی و مات میده و یکدست می کنه پوستتو من که خیلی ازش راضیم ممنونم خانومی 😍,7,true,2019-09-27T23:53:58+00:00,مثبت,0.95,محصول,محصول
کانسیلر کموفلاژ مایع,https://www.khanoumi.com/products/catrice-liquid-camouflage-25845,"من شماره ۱۰ و ۲۰ رو دارم
۱۰ واسه پوستای خیلی روشن و ۲۰ واسه پوستای گندمی خوبه
من هردو رو باهم میکس میکنم",3,false,2019-11-04T12:42:35+00:00,مثبت,0.79,محصول,محصول
کانسیلر کموفلاژ مایع,https://www.khanoumi.com/products/catrice-liquid-camouflage-25845,من نمیدونم کدومش مناسب رنگ پوستمه لطفا کمکم کنید,4,false,2019-10-29T17:05:18+00:00,خنثی,0.35,محصول,محصول
کانسیلر کموفلاژ مایع,https://www.khanoumi.com/products/catrice-liquid-camouflage-25845,برای استفاده روزانه و به نسبت قیمتش کانسیلر سبک و خوبی هست من راضی هستم👍,4,true,2019-10-19T13:58:08+00:00,مثبت,0.79,قیمت,قیمت
کانسیلر کموفلاژ مایع,https://www.khanoumi.com/products/catrice-liquid-camouflage-25845,سلام برای پوست متوسط چه رنگ کانسیلری مناسب هست ؟ ,4,true,2019-10-01T21:01:57+00:00,خنثی,0.35,محصول,محصول
کانسیلر کموفلاژ شاداب کننده,https://www.khanoumi.com/products/catrice-camouflage-cream-wake-up-effect-25848,از این محصول برای خنثی کردن تیرگی زیر چشمم استفاده میکنم.اول مرطوب کننده دورچشم میزنم.کمی صبر میکنم تا جذب شه.بعد با انگشت حلقه،این محصول رو فقط رو حلقه تیره ی زیر چشمم میزنم.با یه اسفنج بیوتی بلندر پخشش میکنم.بعد کانسیلر میزنم.درمجموع خوبه و تو خنثی کردن تیرگی زیرچشمم موثره اما به این منظور،کانسیلر هلویی پرو کانسیل ال ای گرل رو ترجیح میدم.وقتی به اون دسترسی ندارم از کاتریس استفاده میکنم,10,false,2019-09-10T00:31:40+00:00,مثبت,0.79,محصول,محصول
رژلب لیپ کوشن,https://www.khanoumi.com/products/catrice-lip-cushion-25852,میشه موجودش کنید,0,false,2024-06-12T01:31:47+00:00,خنثی,0.35,محصول,محصول
رژلب لیپ کوشن,https://www.khanoumi.com/products/catrice-lip-cushion-25852,دوماه گذشته موجود نکردید... موجود کنید ,0,false,2024-03-30T14:43:32+00:00,خنثی,0.35,محصول,محصول
رژلب لیپ کوشن,https://www.khanoumi.com/products/catrice-lip-cushion-25852,موجود کنید لطفا,0,false,2024-02-08T21:34:35+00:00,خنثی,0.35,محصول,محصول
ریمل حجم دهنده مژه راک کوتور 24 ساعته,https://www.khanoumi.com/products/catrice-rock-couture-extreme-volume-mascara-24h-25857,سلام. لطفا ریمل های برند کاتریس رو موجود کنید.,0,false,2024-03-31T00:44:54+00:00,خنثی,0.35,محصول,محصول
ریمل حجم دهنده مژه راک کوتور 24 ساعته,https://www.khanoumi.com/products/catrice-rock-couture-extreme-volume-mascara-24h-25857,ریمل خوبیه حجم میده و حالت میده و خیلی مشکیه و جدا میکنه مژه هارو ولی اونجوری که نوشته حجم دهنده فوقالعاده نیست حجم معمولی میده در کل خوبه من راضی ام ارزش خرید داره به نظره من,0,true,2020-02-02T11:33:43+00:00,مثبت,0.95,محصول | قیمت,محصول
ریمل حجم دهنده مژه دو مرحله ای دی تو نایت,https://www.khanoumi.com/products/rimmel-glam-eyes-day-2-night-mascara-25859,این ریمل واقعا عالیه خواهشا دوباره با تخفیف شارژش کنید,0,false,2023-12-27T12:51:53+00:00,مثبت,0.79,قیمت,قیمت
ریمل حجم دهنده مژه دو مرحله ای دی تو نایت,https://www.khanoumi.com/products/rimmel-glam-eyes-day-2-night-mascara-25859,خیلی عالی و فوق العاده . لطفا موجودش کنید خیلی وقته موجود نیست ولی تو سایتهای دیگه موجوده,0,true,2023-10-21T11:09:55+00:00,مثبت,0.79,محصول,محصول
ریمل حجم دهنده مژه دو مرحله ای دی تو نایت,https://www.khanoumi.com/products/rimmel-glam-eyes-day-2-night-mascara-25859,درود بر همراهان خانومی، من یک ماهی میشه این ریمل رو گرفتم، از خوبی ریمل بخوام بگم اینه که فوق العاده مشکیه، حجم ریمل زیاده،یعنی مواد داخل محفظه پر پره، کلا یک عدد براش داره که با پایینی ریمل رو میزنیم با در بالایی چون مواد خیلی کمی روی براش میمونه میتونین مژه هارو از هم جدا کنین، ولی معایبش اینه که خیلی پره و خیلی با دقت باید ریمل بزنید،زیاد بزنی مژه ها بهم میچسبه و زشت میشه,1,true,2023-09-04T22:17:37+00:00,مثبت,0.79,محصول,محصول
ریمل حجم دهنده مژه دو مرحله ای دی تو نایت,https://www.khanoumi.com/products/rimmel-glam-eyes-day-2-night-mascara-25859,فوق العاده سبک و عالیییی,0,true,2023-08-28T02:58:31+00:00,مثبت,0.79,سایر,سایر
ریمل حجم دهنده مژه دو مرحله ای دی تو نایت,https://www.khanoumi.com/products/rimmel-glam-eyes-day-2-night-mascara-25859,عالی پیشنهاد میدم حتما بخرید ,1,true,2023-08-16T15:26:08+00:00,مثبت,0.79,سایر,سایر
ریمل حجم دهنده مژه دو مرحله ای دی تو نایت,https://www.khanoumi.com/products/rimmel-glam-eyes-day-2-night-mascara-25859,عالیه,17,false,2020-04-26T18:06:00+00:00,مثبت,0.79,سایر,سایر
ریمل حجم دهنده اسکندال آیز ریلودد,https://www.khanoumi.com/products/rimmel-scandaleyes-reloaded-mascara-25860,"سلام وقت بخیر
اصلا ریمل خوبی نیست ، مایع نداره و بوی بسیار زیاد الکل میدهد ",11,true,2022-01-18T15:11:51+00:00,خنثی,0.35,محصول | اصل بودن کالا,محصول
ریمل حجم دهنده اسکندال آیز ریلودد,https://www.khanoumi.com/products/rimmel-scandaleyes-reloaded-mascara-25860,عالیه,11,false,2020-04-26T18:05:36+00:00,مثبت,0.79,سایر,سایر
ریمل حجم دهنده ضد آب اسکندال آیز ریلودد,https://www.khanoumi.com/products/rimmel-scandaleyes-reloaded-mascara-waterproof-25861,سلام من اینو استفاده کردم.قبلا ریمل اسنس صورتی داشتم.احتمالا دیگه اینو نمیخرم.این برای کسایی خوبه که میخوان مژه ها بلند وکمی فر بشه.به مژه هام حجم نداد برخلاف اسمش که حجم دهنده بود.چهار پنج بار ریمل زدم اما بازم اونی که میخواستم نشد.بافتش سبکه وظاهرنهایی طبیعیه.اگه مژه هاتون حجمش خوبه فقط مشکی و فرنیست اینو بخرید.دقیقا شبیه لیفت مژه است کارش.پاسوسکی هم نمیشه و به هم نمیچسبونه مژه هارو.اگه مژه هاتون کوتاه وکم حجمه مث من، اینو نخرید چون کفاف نمیده.مگراینکه یه ارایش اروپایی ملایم که تابلو نباشه بخواید.چون این مژه رو کمی مشکی و بلند و یکم فر میکنه.درمورد ضداب بودنش صورتمو یکبار شستم باآب پاک نشد.بهش2ستاره میدم.به اسنس صورتی5ستاره میدم.بافت اسنس صورتی سنگینتره وغلیظ تر وظاهرنهایی شبیه مژه مصنوعی حجیمتر.اسنس گرونتره.,8,true,2022-07-24T10:38:07+00:00,مثبت,0.95,محصول | قیمت,محصول
ریمل حجم دهنده ضد آب اسکندال آیز ریلودد,https://www.khanoumi.com/products/rimmel-scandaleyes-reloaded-mascara-waterproof-25861,سلام من اینو استفاده کردم.قبلا ریمل اسنس صورتی داشتم.احتمالا دیگه اینو نمیخرم.این برای کسایی خوبه که میخوان مژه ها بلند وکمی فر بشه.به مژه هام حجم نداد برخلاف اسمش که حجم دهنده بود.چهار پنج بار ریمل زدم اما بازم اونی که میخواستم نشد.بافتش سبکه وظاهرنهایی طبیعیه.اگه مژه هاتون حجمش خوبه فقط مشکی و فرنیست اینو بخرید.دقیقا شبیه لیفت مژه است کارش.پاسوسکی هم نمیشه و به هم نمیچسبونه مژه هارو.اگه مژه هاتون کوتاه وکم حجمه مث من، اینو نخرید چون کفاف نمیده.مگراینکه یه ارایش اروپایی ملایم که تابلو نباشه بخواید.چون این فقط مژه رو کمی مشکی و بلند و فر میکنه.درمورد ضداب بودنش صورتمو یکبار شستم باآب پاک نشد.بهش2ستاره میدم.به اسنس صورتی5ستاره میدم.بافت اسنس صورتی سنگینتره وغلیظ تر وظاهرنهایی شبیه مژه مصنوعی حجیمتر.اسنس گرونتره.,8,true,2022-07-24T10:32:05+00:00,مثبت,0.95,محصول | قیمت,محصول
ریمل حجم دهنده مژه والیوم کالریست,https://www.khanoumi.com/products/rimmel-volume-colourist-mascara-25862,بی رمق و معمولیه,6,true,2019-11-29T12:46:50+00:00,خنثی,0.35,محصول,محصول
ریمل ضد آب واندرفول حاوی روغن آرگان,https://www.khanoumi.com/products/rimmel-wonderfull-waterproof-mascara-with-argan-oil-25863,یه ریمل بسیار بسیار معمولی،نه مژه رو بلند میکنه نه پر و نه رنگی میده به مژه,2,true,2020-01-22T13:20:09+00:00,خنثی,0.35,محصول,محصول
 ژل حالت دهنده ابرو حاوی روغن آرگان,https://www.khanoumi.com/products/rimmel-brow-this-way-gel--brow-styling-gel-with-argan-oil-25869,در يك كلام براي خانم هايي كه ابرو هاي كم پشتي دارند چون رنگيه و از ژل ابروي بي رنگ به نظر من بهتره و از مداد ابرو خيلي بهتره و كاملا حالت ژلي داره و خيلي طبيعي و مدت طولاني ميمونه و در عين حال به راحتي پاك ميشه,5,false,2020-01-24T16:21:59+00:00,خنثی,0.35,محصول,محصول
کرم پودر مچ پرفکشن,https://www.khanoumi.com/products/rimmel-match-perfection-liquid-foundation-25871,من شماره ١٠٠خريدم خيلي سبكه كاورش خيلي زياد نيست ولي نرماله.دوسش دارم در كل,5,true,2020-03-16T15:06:02+00:00,خنثی,0.35,سایر,سایر
کرم پودر لستینگ فینیش,https://www.khanoumi.com/products/rimmel-lasting-finish-25h-foundation-25872,واقعا عالی و خوبه ماته و سبک,14,true,2020-02-06T12:52:06+00:00,مثبت,0.91,سایر,سایر
بی بی کرم مچ پرفکشن,https://www.khanoumi.com/products/rimmel-match-perfection-bb-cream-25873,لطفا این محصول رو موجود کنید,0,false,2024-10-19T12:44:05.2446267+00:00,خنثی,0.35,محصول,محصول
بی بی کرم بیوتی بالم مات 9 در 1,https://www.khanoumi.com/products/rimmel-bb-cream-9-in-1-matte-25874,اصلا مات نمیکننه و ماندگاری بسیار کمی داره‌. پوشش دهی کم داره اما مرطوب کنندگی خوب و بافت سبک داره. به نظرم برای پوستهای چرب اصلا مناسب نیست.,6,true,2020-01-24T01:11:37+00:00,منفی,0.67,محصول | اصل بودن کالا,اصل بودن کالا
رژلب مایع دو سر پرووکالیپس 16 ساعته,https://www.khanoumi.com/products/rimmel-provocalips-kissproof-lip-colour-16h-25887,عالیه تابحال همچین رژلبی رو نداشتم از هر لحاظ عالی ماندگاری بالا رنگ جادویی وحفظ نرمی ولطافت لب,0,false,2024-09-02T15:38:15+00:00,مثبت,0.91,محصول,محصول
رژلب مایع دو سر پرووکالیپس 16 ساعته,https://www.khanoumi.com/products/rimmel-provocalips-kissproof-lip-colour-16h-25887,اين رژ عاااليه حرف نداره 😍,17,false,2019-11-19T20:43:48+00:00,خنثی,0.35,سایر,سایر
کانسیلر مچ پرفکشن,https://www.khanoumi.com/products/rimmel-match-perfection-concealer-25893,"شماره ۱۰ این کانسیلر رو دارم و ازش رضایت کامل دارم.رنگش برای پوست روشن مناسبه.کاورش خوبه،نمیشه گفت فول کاوره اما تو بنظر من از کانسیلر میبلین بهتره.پوست من خشکه و این کانسیلر،راحت رو پوستم پخش میشه و دورچشمم رو خشک نمیکنه.البته همیشه زیرش مرطوب کننده میزنم و قبل اینکه با بیوتی بلندر پخشش کنم،با حرکات ضربه ای انگشت حلقه م کمی پخشش میکنم چون گرمای پوست باعث میشه کانسیلرها بهتر پخش بشن.ضمن اینکه ظاهرش باعث شده استفاده ازش راحت باشه و بشه براحتی برای هایلایت پل بینی و قسمت های دیگه صورت هم ازش استفاده کرد
درمجموع منی که دورچشم تیره و خشک دارم ازش کاملا راضیم و تموم بشه دوباره میخرم",16,false,2019-11-19T09:37:14+00:00,خنثی,0.35,محصول,محصول
کانسیلر استیکی ضد لک هاید د بلمیش,https://www.khanoumi.com/products/rimmel-hide-the-blemish-concealer-25894,"نسبت به قیمت، کالای قابل قبول و مناسبی هستش
ممنون از شما",3,true,2020-04-05T22:55:57+00:00,مثبت,0.67,محصول | قیمت,محصول
پد گرد معمولی 120 عددی,https://www.khanoumi.com/products/septona-lady-care-round-pad-120-pieces-25911,من از این پدها برای میسلار، استون و تونر استفاده میکنم. پرکاربرده و باید همیشه همراهم باشه.,0,false,2022-12-25T08:44:43.9366667+00:00,خنثی,0.35,سایر,سایر
پد گرد معمولی 120 عددی,https://www.khanoumi.com/products/septona-lady-care-round-pad-120-pieces-25911,دوردوخت نیست و پنبه داخلش میاد بیرون,5,false,2020-09-09T23:06:35+00:00,خنثی,0.35,سایر,سایر
پد گرد دو طرفه 70 عددی,https://www.khanoumi.com/products/septona-lady-care-two-ways-round-pad-70-pieces-25912,کیفیت پد سپتونا خیلی خوبه و برای پاک کردن صورت عالیه. یکی از چیزای ضروریه که تقریبا همه بهش نیاز داریم چون برای استفاده از پاک کننده استفاده میشه. باعث میشه محلول پاک کننده به مقدار کافی مصرف بشه و پوست نرم و لطیف بشه. کیفیتش خیلی خوبه و لایه های پد از هم باز نمیشه و حساسیت روی پوست ایجاد نمیکنه.,2,false,2022-10-18T08:17:37+00:00,مثبت,0.95,محصول,محصول
گوش پاک کن 100 عددی -X-25924,https://www.khanoumi.com/products/septona-cotton-buds-100-pieces-25924,من همیشه از این برند استفاده می کنم کیفیت خوبی داره و اصلا گوش رو اذیت نمیکنه. همچنین این گوش پاک کن ضد حساسیته.,0,false,2022-11-15T19:16:42.39+00:00,مثبت,0.91,محصول | اصل بودن کالا,محصول
گوش پاک کن زیبایی آرایشی 100 عددی,https://www.khanoumi.com/products/septona-daily-clean-makeup-cotton-buds-100-pieces-25927,کی موجود می‌کنید,0,false,2025-02-03T21:45:26.2874978+00:00,خنثی,0.35,محصول,محصول
گوش پاک کن خمره ای آرایشی 300 عددی,https://www.khanoumi.com/products/septona-daily-clean-makeup-cotton-buds-300-pieces-25928,عالی,0,false,2026-04-17T07:03:35.2859211+03:30,مثبت,0.67,سایر,سایر
کرم ضدچروک,https://www.khanoumi.com/products/facile-anti-wrinkle-cream-25929,کرم خوبیه برای چروک های پیشانی ک ریزن من استفاده کردم ,0,false,2020-05-12T16:34:16+00:00,مثبت,0.67,محصول,محصول
کرم ضدچروک,https://www.khanoumi.com/products/facile-anti-wrinkle-cream-25929,این ضدچروک خیلی کیفیتش عالیه مادرمن استفاده میکنه خیلی ازش راضیه ,0,false,2020-04-11T16:08:27+00:00,مثبت,0.91,محصول,محصول
سرم ضد چروک و روشن کننده حاوی ویتامین C حجم 30 میلی لیتر,https://www.khanoumi.com/products/medilann-vitamin-c-anti-ageing-and-lightening-serum-25932,من اینو از اینجا نگرفته بودم،از داروخانه گرفته بودم،هیچ تاثیری ندارد ،مثل مرطوب کننده است،انگار پولتو انداختی دور,0,false,2026-08-05T01:26:01.4985215+03:30,خنثی,0.35,محصول,محصول
سرم ضد چروک و روشن کننده حاوی ویتامین C حجم 30 میلی لیتر,https://www.khanoumi.com/products/medilann-vitamin-c-anti-ageing-and-lightening-serum-25932,من پوستم چربه. ازش راضیم. هم لک و هم پوست رو روشن تر میکنه. فقط تیوپش مشکل داره بعد از چندبار استفاده سر تیوپ خراب میشه,0,true,2026-04-17T23:44:42.2275285+03:30,مثبت,0.79,محصول,محصول
سرم ضد چروک و روشن کننده حاوی ویتامین C حجم 30 میلی لیتر,https://www.khanoumi.com/products/medilann-vitamin-c-anti-ageing-and-lightening-serum-25932,خیلی عالیه من پوستم چربه شب وقت خواب میزنم صب ک بیدار میشم پوستم شفاف و روشنه انگار ک ضد آفتاب زدم من  5 ساله دارم استفاده میکنم وخیییییلی راضیم ازش ولی باتوجه به حجمش ک کمه گرون شده,0,true,2025-12-04T02:03:37.51355+03:30,مثبت,0.95,محصول | قیمت,محصول
سرم ضد چروک و روشن کننده حاوی ویتامین C حجم 30 میلی لیتر,https://www.khanoumi.com/products/medilann-vitamin-c-anti-ageing-and-lightening-serum-25932,این سری خریدم افتضاح بود,0,false,2025-09-23T13:30:08.9660345+03:30,منفی,0.67,محصول,محصول
سرم ضد چروک و روشن کننده حاوی ویتامین C حجم 30 میلی لیتر,https://www.khanoumi.com/products/medilann-vitamin-c-anti-ageing-and-lightening-serum-25932,من خاصیت روشن کنندگی ازش ندیدم ولی واسه ی چروک دور چشمم خیلی خوب بود,0,false,2025-06-13T21:04:11.5174588+00:00,مثبت,0.91,محصول,محصول
سرم ضد چروک و روشن کننده حاوی ویتامین C حجم 30 میلی لیتر,https://www.khanoumi.com/products/medilann-vitamin-c-anti-ageing-and-lightening-serum-25932,من پوستم خشک بود و پوسته میشه چند ساله دارم استفاده میکنم خیلی برای من عالی بود پوست رو نرم میکنه,0,true,2025-05-20T09:44:09.4278643+00:00,مثبت,0.79,محصول,محصول
سرم ضد چروک و روشن کننده حاوی ویتامین C حجم 30 میلی لیتر,https://www.khanoumi.com/products/medilann-vitamin-c-anti-ageing-and-lightening-serum-25932,"من گرفتم پوستم خشکه ،وخیلی اذیت شد پوستم رو خیلی می سوزوند انگار خیلی خشکش می کرد و از شدت خشکی صورتم که جوش نمی زد ،جوش زد 
کاش نمی خریدم",0,false,2025-04-29T19:29:04.4420054+00:00,خنثی,0.35,محصول,محصول
سرم ضد چروک و روشن کننده حاوی ویتامین C حجم 30 میلی لیتر,https://www.khanoumi.com/products/medilann-vitamin-c-anti-ageing-and-lightening-serum-25932,"من فقط بعد حموم ازش استفاده میکنم پوست و روشن میکنه خوبه دوسش داره.یه ستاره کم دادم چون تیوپش خرابه قدیم توسی بود با 3 بار باز و بسته کردن خراب میشد ولی اینم زود خراب شد.
مارک های دیگه خیلی گرونن از این جواب گرفتم فعلا تمدید کردم",0,true,2025-03-16T21:30:05.0413749+00:00,مثبت,0.79,محصول | تحویل و ارسال | قیمت,محصول
سرم ضد چروک و روشن کننده حاوی ویتامین C حجم 30 میلی لیتر,https://www.khanoumi.com/products/medilann-vitamin-c-anti-ageing-and-lightening-serum-25932,تاثیر خاصی ندیدم,0,true,2025-02-17T05:26:51.2659918+00:00,خنثی,0.35,سایر,سایر
سرم ضد چروک و روشن کننده حاوی ویتامین C حجم 30 میلی لیتر,https://www.khanoumi.com/products/medilann-vitamin-c-anti-ageing-and-lightening-serum-25932,خیلی عالیه، برای من که پوست چرب دارم عالیه,0,false,2024-11-29T10:06:48.2819772+00:00,مثبت,0.95,محصول,محصول
سرم ضد چروک و روشن کننده حاوی ویتامین C حجم 30 میلی لیتر,https://www.khanoumi.com/products/medilann-vitamin-c-anti-ageing-and-lightening-serum-25932,"من راضیم 
",0,true,2024-09-06T13:25:19+00:00,مثبت,0.79,سایر,سایر
سرم ضد چروک و روشن کننده حاوی ویتامین C حجم 30 میلی لیتر,https://www.khanoumi.com/products/medilann-vitamin-c-anti-ageing-and-lightening-serum-25932,"خوبه من راضیم پوسنم لک داشته الان دوهفته هست که استفاده میکنم لکش روشن تر شد
",0,true,2024-08-20T11:39:04+00:00,مثبت,0.95,سایر,سایر
سرم ضد چروک و روشن کننده حاوی ویتامین C حجم 30 میلی لیتر,https://www.khanoumi.com/products/medilann-vitamin-c-anti-ageing-and-lightening-serum-25932,خیلی خوبه من پوستم چرب هست بافت خیلی سبکی داره,0,false,2024-07-29T11:19:40+00:00,مثبت,0.91,محصول,محصول
سرم ضد چروک و روشن کننده حاوی ویتامین C حجم 30 میلی لیتر,https://www.khanoumi.com/products/medilann-vitamin-c-anti-ageing-and-lightening-serum-25932,برای پوست چرب خیلی خوبه,0,false,2024-07-28T16:12:39+00:00,مثبت,0.91,محصول,محصول
سرم ضد چروک و روشن کننده حاوی ویتامین C حجم 30 میلی لیتر,https://www.khanoumi.com/products/medilann-vitamin-c-anti-ageing-and-lightening-serum-25932,لطفا تخفیف 50 درصد بزارید,0,false,2024-05-07T10:43:09+00:00,خنثی,0.35,قیمت,قیمت
سرم ضد چروک و روشن کننده حاوی ویتامین C حجم 30 میلی لیتر,https://www.khanoumi.com/products/medilann-vitamin-c-anti-ageing-and-lightening-serum-25932,خوبه من برای دومین بار خرید کردم و راضی هستم ,0,true,2024-04-13T11:23:05+00:00,مثبت,0.91,سایر,سایر
سرم ضد چروک و روشن کننده حاوی ویتامین C حجم 30 میلی لیتر,https://www.khanoumi.com/products/medilann-vitamin-c-anti-ageing-and-lightening-serum-25932,"تاثیری ندیدم 

",0,true,2024-03-06T00:24:52+00:00,خنثی,0.35,سایر,سایر
سرم ضد چروک و روشن کننده حاوی ویتامین C حجم 30 میلی لیتر,https://www.khanoumi.com/products/medilann-vitamin-c-anti-ageing-and-lightening-serum-25932,من مدتی استفاده میکنم تاثیر خاصی ندیدم بعد از زدنش جوش زدم پوستم مختلطه,0,true,2024-02-05T23:27:13+00:00,خنثی,0.35,محصول,محصول
سرم ضد چروک و روشن کننده حاوی ویتامین C حجم 30 میلی لیتر,https://www.khanoumi.com/products/medilann-vitamin-c-anti-ageing-and-lightening-serum-25932,عالیه سریع تاثیر میزاره،مشکلش اینه پاره میشه ,0,true,2024-02-03T23:35:42+00:00,مثبت,0.79,سایر,سایر
سرم ضد چروک و روشن کننده حاوی ویتامین C حجم 30 میلی لیتر,https://www.khanoumi.com/products/medilann-vitamin-c-anti-ageing-and-lightening-serum-25932,"سلام من این محصول رو دوبار گرفتم سری اول بستش طوسی بود که راضی بودم پوستمو روشنتر میکرد 
این سری فرق کرده ک تو هردوش سری هاش زود پاره میشه
حس میکنم کیفیتش اومده پایین و تاثیر قبلی رو برام نداره
درکل خوبه ",0,true,2023-11-27T10:48:53+00:00,منفی,0.67,محصول,محصول
سرم ضد چروک و روشن کننده حاوی ویتامین C حجم 30 میلی لیتر,https://www.khanoumi.com/products/medilann-vitamin-c-anti-ageing-and-lightening-serum-25932,تاثیری ندیدم ازش,0,true,2023-11-24T14:03:19+00:00,خنثی,0.35,سایر,سایر
سرم ضد چروک و روشن کننده حاوی ویتامین C حجم 30 میلی لیتر,https://www.khanoumi.com/products/medilann-vitamin-c-anti-ageing-and-lightening-serum-25932,چندباری اسنفاده کردم هنوز که تاثیری ندیدم مخصوصا در مورد لک ها تغییری ایجاد نکردبیشتر رطوبت دهی داره انگار,0,true,2023-10-27T15:52:57+00:00,خنثی,0.35,محصول,محصول
سرم ضد چروک و روشن کننده حاوی ویتامین C حجم 30 میلی لیتر,https://www.khanoumi.com/products/medilann-vitamin-c-anti-ageing-and-lightening-serum-25932,من که دو ماه استفاده کردم هیچ تاثیری نداشت پیشنهاد خرید نمیدم,0,true,2023-10-03T08:13:48+00:00,منفی,0.67,سایر,سایر
سرم ضد چروک و روشن کننده حاوی ویتامین C حجم 30 میلی لیتر,https://www.khanoumi.com/products/medilann-vitamin-c-anti-ageing-and-lightening-serum-25932,"من سه دوره استفاده کردم .جای جوش رو اگه دست نزنی برطرف میکنه ، جوش جدید نمیزنم زمانی که مرتب با روتین پوستی استفاده کنم. در کل راضی ام و در واقع پوستم بهش عادت کرده. پوستم یه مقدار روشنتر شده. 
قیمتش رو یهو بالا بردین. لطفا تخیف بزارین بشه خرید. ",2,true,2023-09-28T18:15:34+00:00,مثبت,0.79,محصول | قیمت,محصول
سرم ضد چروک و روشن کننده حاوی ویتامین C حجم 30 میلی لیتر,https://www.khanoumi.com/products/medilann-vitamin-c-anti-ageing-and-lightening-serum-25932,چه جوش های بدی زدم با این سرم ویتامین سی نباید حاوی دایمتیکون  باشه,2,true,2023-09-24T08:56:48+00:00,منفی,0.67,سایر,سایر
سرم ضد چروک و روشن کننده حاوی ویتامین C حجم 30 میلی لیتر,https://www.khanoumi.com/products/medilann-vitamin-c-anti-ageing-and-lightening-serum-25932,من الان یکماهه دارم هرشب استفاده میکنم واقعا تاثیری نداشت دیگه شارژ نمیکنم,1,true,2023-09-22T13:41:28+00:00,خنثی,0.35,سایر,سایر
سرم ضد چروک و روشن کننده حاوی ویتامین C حجم 30 میلی لیتر,https://www.khanoumi.com/products/medilann-vitamin-c-anti-ageing-and-lightening-serum-25932,واقعا با خریدن این محصول پوستمو خراب کردم جوشای ریز زدم و پوستم کدر شد .پوست من چرب,1,true,2023-09-12T23:36:38+00:00,خنثی,0.35,محصول,محصول
سرم ضد چروک و روشن کننده حاوی ویتامین C حجم 30 میلی لیتر,https://www.khanoumi.com/products/medilann-vitamin-c-anti-ageing-and-lightening-serum-25932,دوستان من چون ازاین سرم خیلی استفاده میکنم،رضایتم رو دوبارثبت کردم اینجا.اینبارمیخواستم یه رضایت دیگه ثبت کنم،اون هم این بود ک پکیجینگ سرم های قبل(رنگ طوسی)این نقص روداشتن ک سری در پیچی میشکست و مامجبورمیشدیم برای اینکه محتویات هدرندره داخل جای محلول قطره چشم یابینی بریزیم.این نظرروگذاشتم ک بگم همین الان دوتاسرم ب دستم رسیدوخوشبختانه رنگ درب محصول سفیدشده(بجای طوسی) وازجنس پلاستیک باکیفیت.مشکل قبلی اصلاح شده.پس باخیال راحت مجددا خریدکنید.ازتاریخ تولید 31خرداد ب بعد این مشکل حل شده,4,true,2023-09-11T14:39:40+00:00,مثبت,0.67,محصول | تحویل و ارسال | اصل بودن کالا,محصول
سرم ضد چروک و روشن کننده حاوی ویتامین C حجم 30 میلی لیتر,https://www.khanoumi.com/products/medilann-vitamin-c-anti-ageing-and-lightening-serum-25932,ازعالی بودنش زبانم قاصره😂ببین معجزه میکنه.توهفته اول همه ازم پرسیدن ک چیکارکردم باپوستم.فقط مشکلی ک هست اینه ک زودتموم میشه.من چون مرتب ازش استفاده میکنم(صبح وشب) مصرفم درماه دوتا سرم هست.ولی ارزششو داره.توی تخفیفات قیمت خانومی بهترازبقیه سایتاس.من توهرسفارش یه دونه ازاین سرم ثبت میزنم.کرم روشن کننده مدیلن روهم بخاطرقیمت مناسبش برای گردنم استفاده میکنم.کلا ازمحصولات مدیلن خیلییی راضیم وخیلی خوشحالم ازاینکه کیفت محصولات برندهای ایرانی رفته رفته بهتروبهترمیشه.,3,true,2023-09-03T17:26:26+00:00,مثبت,0.95,محصول | قیمت | تحویل و ارسال,محصول
سرم ضد چروک و روشن کننده حاوی ویتامین C حجم 30 میلی لیتر,https://www.khanoumi.com/products/medilann-vitamin-c-anti-ageing-and-lightening-serum-25932,واااااقعا بدون اغراق میگم ک عالی بود.من دوروزبعدازمصرف نتیجه رودیدم و همه ازم پرسیدن چیکارکردم باصورتم.حتی تیرگی زیرچشمم هم کمی برطرف شده.من کرمش روهم گرفتم و قبل ازآرایش میزنم.,3,true,2023-08-31T20:23:43+00:00,ترکیبی,0.74,محصول | تحویل و ارسال,محصول
سرم ضد چروک و روشن کننده حاوی ویتامین C حجم 30 میلی لیتر,https://www.khanoumi.com/products/medilann-vitamin-c-anti-ageing-and-lightening-serum-25932,خیلی عالی بود واقعا لک هام کمرنگ شدن و رنگ پوستم روشن,2,true,2023-08-29T22:14:12+00:00,مثبت,0.79,محصول,محصول
سرم ضد چروک و روشن کننده حاوی ویتامین C حجم 30 میلی لیتر,https://www.khanoumi.com/products/medilann-vitamin-c-anti-ageing-and-lightening-serum-25932,کرم خوبیه فقط نسبت به حجمش گرونه,2,true,2023-08-14T18:34:47+00:00,مثبت,0.67,محصول | قیمت,محصول
سرم ضد چروک و روشن کننده حاوی ویتامین C حجم 30 میلی لیتر,https://www.khanoumi.com/products/medilann-vitamin-c-anti-ageing-and-lightening-serum-25932,"عالی..بعد از مدت زمان 3 هفته همراه با روتین پوستی اثر فوق العاده خودش رو نشون میده ..
فقط یک مقدار حجم کمی داره و تو تخفیفات بذارید لطفا",4,false,2023-07-17T10:14:48+00:00,مثبت,0.79,محصول | قیمت,محصول
سرم ضد چروک و روشن کننده حاوی ویتامین C حجم 30 میلی لیتر,https://www.khanoumi.com/products/medilann-vitamin-c-anti-ageing-and-lightening-serum-25932,تغییر خاصی احساس نکردم . پوستم چربه و شبها که این کرم رو میزنم صبحش حتما باید صورتم رو با ژل شستشو صورت بشورم چون یه جوری میشه,1,true,2023-07-10T11:42:34+00:00,خنثی,0.35,محصول,محصول
سرم ضد چروک و روشن کننده حاوی ویتامین C حجم 30 میلی لیتر,https://www.khanoumi.com/products/medilann-vitamin-c-anti-ageing-and-lightening-serum-25932,   چند هفته بعد از خرید از قسمت ورودی تیوپ پاره شد  ولی در کل بد نیست نرم کننده هست و روشن کننده گی کمی داره,7,true,2023-07-06T15:50:04+00:00,مثبت,0.67,سایر,سایر
سرم ضد چروک و روشن کننده حاوی ویتامین C حجم 30 میلی لیتر,https://www.khanoumi.com/products/medilann-vitamin-c-anti-ageing-and-lightening-serum-25932,دکتر پوست این کرم بهم داد خیلی راضی ام پوستم روشنکرد,1,true,2023-06-26T15:23:29+00:00,مثبت,0.79,محصول,محصول
سرم ضد چروک و روشن کننده حاوی ویتامین C حجم 30 میلی لیتر,https://www.khanoumi.com/products/medilann-vitamin-c-anti-ageing-and-lightening-serum-25932,"ویتامین سی موجود تو این سرم روشن ککندگی به پوستم داد و دیگه لازم نبود از روشن کننده استفاده کنم،عالیه ن 

رتینول موجود در این سرم لایه برداری میکنه، ",5,true,2023-06-18T09:09:20+00:00,مثبت,0.79,محصول,محصول
سرم ضد چروک و روشن کننده حاوی ویتامین C حجم 30 میلی لیتر,https://www.khanoumi.com/products/medilann-vitamin-c-anti-ageing-and-lightening-serum-25932,من چند وقته از این کرم استفاده میکنم،با بالا رفتن سن لکه های قهوه ای رو صورت پدیدار میشه ،به کمک این کرم لکه جدیدی رو صورتم ایجاد نشده لکه های قبلی هم دارن کمرنگ تر میشن ،توصیه میکنم,8,false,2023-06-14T13:37:18+00:00,مثبت,0.79,محصول,محصول
سرم ضد چروک و روشن کننده حاوی ویتامین C حجم 30 میلی لیتر,https://www.khanoumi.com/products/medilann-vitamin-c-anti-ageing-and-lightening-serum-25932,خیلی خوبه,2,true,2023-05-29T09:41:37+00:00,مثبت,0.91,سایر,سایر
سرم ضد چروک و روشن کننده حاوی ویتامین C حجم 30 میلی لیتر,https://www.khanoumi.com/products/medilann-vitamin-c-anti-ageing-and-lightening-serum-25932,خوبه دوسش دارم😍😍😍,3,true,2023-05-18T22:32:54+00:00,مثبت,0.79,سایر,سایر
سرم ضد چروک و روشن کننده حاوی ویتامین C حجم 30 میلی لیتر,https://www.khanoumi.com/products/medilann-vitamin-c-anti-ageing-and-lightening-serum-25932,"طبق نظر دوستان خیلس مسمم سفارشش دادم و بی صبرانه منتظرشم خیلی وقته دنبال ی سرم ویتامین سی با کیفیت و قیمت مناسبم البته ب لطف
 خانومی هست ک قیمتش مناسبع و دوتا سفارش دادم😍🥰😘",4,true,2023-05-04T20:26:28+00:00,خنثی,0.35,قیمت | محصول,قیمت
سرم ضد چروک و روشن کننده حاوی ویتامین C حجم 30 میلی لیتر,https://www.khanoumi.com/products/medilann-vitamin-c-anti-ageing-and-lightening-serum-25932,کرم خیلی خوبیه با زدنش بهم جوش نزد و برای پوست من خوب بود. چون پوست هرکس متفاوته ولی در کل کرم خوبیه من بهش امتیاز 5 میدم.,7,true,2023-04-29T00:02:32+00:00,مثبت,0.95,محصول,محصول
سرم ضد چروک و روشن کننده حاوی ویتامین C حجم 30 میلی لیتر,https://www.khanoumi.com/products/medilann-vitamin-c-anti-ageing-and-lightening-serum-25932,من پوستم چرب و مستعد جوش هست این محصول اصلا چرب نکرد و باعث جوش نشد پوست رو نرم و شفاف میکنه خیلی راضی ام,8,true,2023-04-24T11:14:10+00:00,مثبت,0.91,محصول | اصل بودن کالا,محصول
سرم ضد چروک و روشن کننده حاوی ویتامین C حجم 30 میلی لیتر,https://www.khanoumi.com/products/medilann-vitamin-c-anti-ageing-and-lightening-serum-25932,سلام اگه ممکنه دوباره تو شانس بزارین,3,true,2023-03-09T16:33:19+00:00,خنثی,0.35,سایر,سایر
سرم ضد چروک و روشن کننده حاوی ویتامین C حجم 30 میلی لیتر,https://www.khanoumi.com/products/medilann-vitamin-c-anti-ageing-and-lightening-serum-25932,محصول خوبی است ولی کوچیک وموادش کمه و قیمتش بالاس,6,true,2023-01-28T15:59:50+00:00,مثبت,0.67,محصول | قیمت,محصول
سرم ضد چروک و روشن کننده حاوی ویتامین C حجم 30 میلی لیتر,https://www.khanoumi.com/products/medilann-vitamin-c-anti-ageing-and-lightening-serum-25932,سلام من این سرم رو چند باری گرفتم هم پوست رو روشن میکنه هم لایه برداری  و به نظرم عالی و قیمت مناسب هست ,5,true,2023-01-21T00:03:13+00:00,مثبت,0.67,محصول | قیمت,محصول
سرم ضد چروک و روشن کننده حاوی ویتامین C حجم 30 میلی لیتر,https://www.khanoumi.com/products/medilann-vitamin-c-anti-ageing-and-lightening-serum-25932,سلام من استفاده کردم پوستم خیلی خشک بود عالیه  خیلی راضی بودم,5,true,2022-12-16T20:45:11+00:00,مثبت,0.91,محصول,محصول
سرم ضد چروک و روشن کننده حاوی ویتامین C حجم 30 میلی لیتر,https://www.khanoumi.com/products/medilann-vitamin-c-anti-ageing-and-lightening-serum-25932,خوبه,9,true,2022-09-07T17:08:56+00:00,مثبت,0.79,سایر,سایر
سرم ضد چروک و روشن کننده حاوی ویتامین C حجم 30 میلی لیتر,https://www.khanoumi.com/products/medilann-vitamin-c-anti-ageing-and-lightening-serum-25932,سرمش عالیه من دو باره دارم شارژش میکنم ,14,true,2022-08-11T03:24:38+00:00,مثبت,0.79,سایر,سایر
سرم ضد چروک و روشن کننده حاوی ویتامین C حجم 30 میلی لیتر,https://www.khanoumi.com/products/medilann-vitamin-c-anti-ageing-and-lightening-serum-25932,من مدتیه استفاده میکنم عالیه ..وبازم شارژ میکنم ,20,false,2022-04-29T11:36:53+00:00,مثبت,0.79,سایر,سایر
سرم ضد چروک و روشن کننده حاوی ویتامین C حجم 30 میلی لیتر,https://www.khanoumi.com/products/medilann-vitamin-c-anti-ageing-and-lightening-serum-25932,من شنیده بودم که ویتامین C با افزایش کلاژن سازی در پوست به جوانسازی و بهبود کیفیت اون کمک زیادی میکنه به همین خاطر دنبال یه کرم یا سرم ویتامین سی بودم که توی آیتم های پیشنهادی فروشگاه اینترنتی خانومی سرم ویتامین سی مدلین رو دیدم و از اونجاییکه سرم ها بافت سبکی دارن این محصول رو خریدم. حدودا بیست شبه که دارم به طور مداوم ازش استفاده می‌کنم، به خوبی پوستم رو رطوبت رسانی میکنه و مانع خشک شدنش میشه. احساس میکنم در حال حاضر کمی پوستم شفاف تر و روشن تر شده و چندتا لکی که روی صورتم به خاطر جای جوش باقیمونده بود رو از بین برده. ضمنا این سرم به کاهش و پر شدن چروک‌های سطحی و خطوط کوچیک روی پوستم هم کمک کرده و من از خریدش راضیم.,56,false,2022-01-29T20:36:27+00:00,مثبت,0.95,محصول,محصول
سرم ضد چروک و روشن کننده حاوی ویتامین C حجم 30 میلی لیتر,https://www.khanoumi.com/products/medilann-vitamin-c-anti-ageing-and-lightening-serum-25932,من حدود دو هفته هست که این محصول رو خریدم وتو این مدت کوتاه تاثیرش رو دیدم واقعا پوست صورت رو شفاف میکنه ، راضیم ازش.,32,true,2022-01-06T00:41:48+00:00,مثبت,0.79,محصول,محصول
سرم ضد چروک و روشن کننده حاوی ویتامین C حجم 30 میلی لیتر,https://www.khanoumi.com/products/medilann-vitamin-c-anti-ageing-and-lightening-serum-25932,من پوستم مختلطه و مستعد جوش این سرم برا پوستم عااااالیه درسته قیمتش یکم بالاست ولی عاااااااااااالیه ,85,true,2021-01-30T10:16:57+00:00,خنثی,0.35,محصول | قیمت,محصول
سرم ضد چروک و روشن کننده حاوی ویتامین C حجم 30 میلی لیتر,https://www.khanoumi.com/products/medilann-vitamin-c-anti-ageing-and-lightening-serum-25932,من پوست خیلی حساسی دارم ک هر چیزی میتونه برام باعث جوش بشه الان دو سه ماهه از این سرم استفاده میکنم پوستم خیلی شفاف شده واصلا هم باعث جوش جدید نمیشه و تا حدودی لک هامم کم میکنه پیشنهاد میکنم ,79,false,2020-07-09T12:18:34+00:00,مثبت,0.91,محصول | اصل بودن کالا,محصول
سرم ضد چروک و روشن کننده حاوی ویتامین C حجم 30 میلی لیتر,https://www.khanoumi.com/products/medilann-vitamin-c-anti-ageing-and-lightening-serum-25932,پوستم چربه و عالیه ,56,false,2020-06-30T20:10:22+00:00,مثبت,0.79,محصول,محصول
سرم ضد چروک و روشن کننده حاوی ویتامین C حجم 30 میلی لیتر,https://www.khanoumi.com/products/medilann-vitamin-c-anti-ageing-and-lightening-serum-25932,من استفاده میکنم پزشک برای لک برام تجویز کردن . برای جواب باید یه مدت حداقل سه چهار ماه استفاده کنین .  با یک ماه نتیجه عالی نمیده . چون لک مقاوم هست . من که راضی ام و لکه هام کم رنگ تر شدن تو این دو ماه . بازم ادامه میدم و مجدد شارژ می کنم  ,25,false,2020-06-30T11:39:45+00:00,مثبت,0.67,محصول,محصول
سرم ضد چروک و روشن کننده حاوی ویتامین C حجم 30 میلی لیتر,https://www.khanoumi.com/products/medilann-vitamin-c-anti-ageing-and-lightening-serum-25932,"پوستم چربه و اصلا باعث جوش نشد برام . بافت سبکی داره به سرعت جذب میشه و اصلا احساس نمیشه رو پوست ...
تاثیرش هم به مرور زمان طی استفاده حس میشه",16,true,2020-02-20T22:09:26+00:00,خنثی,0.35,محصول | اصل بودن کالا,محصول
سرم ضد چروک و روشن کننده حاوی ویتامین C حجم 30 میلی لیتر,https://www.khanoumi.com/products/medilann-vitamin-c-anti-ageing-and-lightening-serum-25932,"پوست من با هرچیزی جوش میزنم حتی ضدآفتاب ساده ،ولی این سرم اصلا بعث جوش نشد در مدت یک ماه هم پوستمو یک درجه روشن کرده هم لک های روی گونه ی من داره کم کم از بین می‌ره .واقعا از حصولات خارجی مشابهش خیلی خیلی بهتره 
",21,true,2020-02-04T11:22:35+00:00,مثبت,0.67,محصول | اصل بودن کالا,محصول
سرم ضد چروک و روشن کننده حاوی ویتامین C حجم 30 میلی لیتر,https://www.khanoumi.com/products/medilann-vitamin-c-anti-ageing-and-lightening-serum-25932,پوستمو خیلی بد کرده اصلا راضی نبودم,9,true,2020-01-07T09:57:36+00:00,منفی,0.91,محصول | اصل بودن کالا,اصل بودن کالا
سرم ضد چروک و روشن کننده حاوی ویتامین C حجم 30 میلی لیتر,https://www.khanoumi.com/products/medilann-vitamin-c-anti-ageing-and-lightening-serum-25932,بدرد نمیخوره الکیه,1,true,2020-01-06T11:53:54+00:00,مثبت,0.67,سایر,سایر
سرم ضد چروک و روشن کننده حاوی ویتامین C حجم 30 میلی لیتر,https://www.khanoumi.com/products/medilann-vitamin-c-anti-ageing-and-lightening-serum-25932,بعد از ۲ ماه استفاده هیچ تاثیری رو پوستم نداشت اصلا بدرد نمیخوره و انگار پولمو ریختم دور در کل توصیه نمیکنم,2,true,2020-01-05T19:30:12+00:00,خنثی,0.4,محصول | اصل بودن کالا,محصول
سرم ضد چروک و روشن کننده حاوی ویتامین C حجم 30 میلی لیتر,https://www.khanoumi.com/products/medilann-vitamin-c-anti-ageing-and-lightening-serum-25932,"میشه این کرمو دور چشم هم زد؟
",13,false,2019-11-30T14:01:12.9833333+00:00,خنثی,0.35,محصول,محصول
سرم ضد چروک و روشن کننده حاوی ویتامین C حجم 30 میلی لیتر,https://www.khanoumi.com/products/medilann-vitamin-c-anti-ageing-and-lightening-serum-25932,چهار روزه ک ب دستم رسیده امیدوارم نتیجه بگیرم این سرم بافت خیلی سبکی داره و سریع جذب پوست میشه واسه من ک پوستم مختلطه خوبه و اینکه این سرم چون داخلش ویتامین سی داره با رطوبت رابطه ی خوبی نداره حتما نیم ساعت بعد از شستن صورتتون ازش استفاده کنید,7,true,2019-11-08T21:59:44+00:00,مثبت,0.67,محصول | تحویل و ارسال,محصول
سرم ضد چروک و روشن کننده حاوی ویتامین C حجم 30 میلی لیتر,https://www.khanoumi.com/products/medilann-vitamin-c-anti-ageing-and-lightening-serum-25932,برای منکه پوستم چرب بود عالیه,9,true,2019-10-22T11:00:17+00:00,مثبت,0.79,محصول,محصول
سرم ضد چروک و روشن کننده حاوی ویتامین C حجم 30 میلی لیتر,https://www.khanoumi.com/products/medilann-vitamin-c-anti-ageing-and-lightening-serum-25932,این سرم محدودیت سنی نداره به خاطر ضد چروک بودنش,5,false,2019-10-21T22:43:06+00:00,خنثی,0.35,محصول,محصول
سرم ضد چروک و روشن کننده حاوی ویتامین C حجم 30 میلی لیتر,https://www.khanoumi.com/products/medilann-vitamin-c-anti-ageing-and-lightening-serum-25932,"واقعا تغییر رو احساس کردم 
من پوستم چرب هست ولی اصلا جوش نزدم😇",4,true,2019-10-19T22:11:29+00:00,مثبت,0.67,محصول | اصل بودن کالا,محصول
سرم ضد چروک و روشن کننده حاوی ویتامین C حجم 30 میلی لیتر,https://www.khanoumi.com/products/medilann-vitamin-c-anti-ageing-and-lightening-serum-25932,بعد از یک هفته استفاده کاملا تاثیرات مثبتش رو روی پوستم حس میکنم. با تشکر از فروشگاه خانومی جهت ارائه محصولات باکیفیت,6,true,2019-10-16T19:30:38+00:00,خنثی,0.35,محصول,محصول
فوم شستشو و آبرسان صورت مناسب پوست های خشک و حساس,https://www.khanoumi.com/products/medilann-hydrating-foam-cleanser-dry-to-sensetive-skin-25933,حدود یکساله ازاین فوم استفاده میکنم واقعا شوینده خوبیه برای پوست خشک،خیلی راضیم،بعداز استفاده پوست خشک و کشیده نمیشه،لطفا شارژش کنید,0,true,2025-07-30T10:30:15.0522413+00:00,مثبت,0.91,محصول,محصول
فوم شستشو و آبرسان صورت مناسب پوست های خشک و حساس,https://www.khanoumi.com/products/medilann-hydrating-foam-cleanser-dry-to-sensetive-skin-25933,"من پوستم به شدت خشک و حساس هست این فوم شست و شو که زدم دیگه بعد از شست و شو پوستم جمع و خشکتر نمیشود و حالت نرم کنندگی پوستم حفظ میشه 
به کسایی پوست خشک دارن این فوم پیشنهاد میکنم",0,true,2025-05-24T09:47:07.4174566+00:00,مثبت,0.79,محصول,محصول
فوم شستشو و آبرسان صورت مناسب پوست های خشک و حساس,https://www.khanoumi.com/products/medilann-hydrating-foam-cleanser-dry-to-sensetive-skin-25933,من پوستم خیلی خشکه و واقعا راضیم ازش,0,true,2025-05-22T20:45:02.7140949+00:00,مثبت,0.79,محصول,محصول
فوم شستشو و آبرسان صورت مناسب پوست های خشک و حساس,https://www.khanoumi.com/products/medilann-hydrating-foam-cleanser-dry-to-sensetive-skin-25933,لطفا تخفیف زیاد بذارین,0,false,2025-02-15T07:37:40.1580294+00:00,خنثی,0.35,قیمت,قیمت
فوم شستشو و آبرسان صورت مناسب پوست های خشک و حساس,https://www.khanoumi.com/products/medilann-hydrating-foam-cleanser-dry-to-sensetive-skin-25933,خیلی عالی بود,0,true,2025-02-13T13:38:08.8799179+00:00,مثبت,0.79,محصول,محصول
فوم شستشو و آبرسان صورت مناسب پوست های خشک و حساس,https://www.khanoumi.com/products/medilann-hydrating-foam-cleanser-dry-to-sensetive-skin-25933,خیلی خوب بود حتی برای من که پوستم چربه,0,true,2025-02-12T07:46:59.4683612+00:00,مثبت,0.91,محصول,محصول
فوم شستشو و آبرسان صورت مناسب پوست های خشک و حساس,https://www.khanoumi.com/products/medilann-hydrating-foam-cleanser-dry-to-sensetive-skin-25933,لطفا تخفیف 50 درصدی بزارین,0,false,2025-02-11T08:11:16.9926451+00:00,خنثی,0.35,قیمت,قیمت
فوم شستشو و آبرسان صورت مناسب پوست های خشک و حساس,https://www.khanoumi.com/products/medilann-hydrating-foam-cleanser-dry-to-sensetive-skin-25933,عالیه . پاک کنندگی خوبی داره و پوست رو اصلا خشک نمیکنه,0,true,2025-02-10T14:53:34.3713091+00:00,مثبت,0.79,محصول | اصل بودن کالا,محصول
فوم شستشو و آبرسان صورت مناسب پوست های خشک و حساس,https://www.khanoumi.com/products/medilann-hydrating-foam-cleanser-dry-to-sensetive-skin-25933,شوینده خوبیه به پوست آسیب نمیزنه من ازش راضی بودم,0,true,2025-02-02T09:41:03.4014626+00:00,مثبت,0.79,محصول,محصول
فوم شستشو و آبرسان صورت مناسب پوست های خشک و حساس,https://www.khanoumi.com/products/medilann-hydrating-foam-cleanser-dry-to-sensetive-skin-25933,منم اینو سفارش دادم و چندوقته استفاده می‌کنم. خوش بووه و حجم خوبی داره و هم اینکه خوب پوست رو تمیز می‌کنه. پوست من نرمال هست.,0,true,2024-12-13T01:58:54.0146547+00:00,مثبت,0.79,محصول,محصول
فوم شستشو و آبرسان صورت مناسب پوست های خشک و حساس,https://www.khanoumi.com/products/medilann-hydrating-foam-cleanser-dry-to-sensetive-skin-25933,من از این فوم سفارش دادم هم حجم خوبی داره اصلا باعث کشیدگی پوست نمیشه,0,true,2024-12-09T12:47:19.7947403+00:00,مثبت,0.79,محصول | اصل بودن کالا,محصول
فوم شستشو و آبرسان صورت مناسب پوست های خشک و حساس,https://www.khanoumi.com/products/medilann-hydrating-foam-cleanser-dry-to-sensetive-skin-25933,لطفا فوم شستشوی صورت مدلین را مجدد شارژ کنید,0,false,2024-11-03T07:49:42.5048789+00:00,خنثی,0.35,سایر,سایر
فوم شستشو و آبرسان صورت مناسب پوست های خشک و حساس,https://www.khanoumi.com/products/medilann-hydrating-foam-cleanser-dry-to-sensetive-skin-25933,راضی بودم,0,true,2024-10-31T19:50:30.8194038+00:00,مثبت,0.67,محصول,محصول
فوم شستشو و آبرسان صورت مناسب پوست های خشک و حساس,https://www.khanoumi.com/products/medilann-hydrating-foam-cleanser-dry-to-sensetive-skin-25933,دقیقا یک ساله که از این شوینده استفاده میکنم. هم ملایمه هم پاک کنندگی خوبی داره,0,true,2024-08-20T17:28:32+00:00,مثبت,0.67,محصول,محصول
فوم شستشو و آبرسان صورت مناسب پوست های خشک و حساس,https://www.khanoumi.com/products/medilann-hydrating-foam-cleanser-dry-to-sensetive-skin-25933,بسیار راضی هستم. دوبار گرفتم و الان بار سوم هست. من پوستم حساسه. اصلا احساس خشکی و کشیدگی نمیده. شوینده بسیار ملایم و با بوی مطبوع سیب هست,0,true,2024-08-15T18:15:46+00:00,مثبت,0.79,محصول | اصل بودن کالا,محصول
فوم شستشو و آبرسان صورت مناسب پوست های خشک و حساس,https://www.khanoumi.com/products/medilann-hydrating-foam-cleanser-dry-to-sensetive-skin-25933,عالی بود من3 ماه از استفاده کردم,0,true,2024-07-17T11:25:39+00:00,مثبت,0.79,محصول,محصول
فوم شستشو و آبرسان صورت مناسب پوست های خشک و حساس,https://www.khanoumi.com/products/medilann-hydrating-foam-cleanser-dry-to-sensetive-skin-25933,باهاش جوش زدم,0,true,2024-06-25T16:23:07+00:00,خنثی,0.35,سایر,سایر
فوم شستشو و آبرسان صورت مناسب پوست های خشک و حساس,https://www.khanoumi.com/products/medilann-hydrating-foam-cleanser-dry-to-sensetive-skin-25933,من تقریبا دوماه استفاده میکنم با توجه به قیمتش میشه گفت خوبه,0,true,2024-06-12T16:48:50+00:00,مثبت,0.79,قیمت,قیمت
فوم شستشو و آبرسان صورت مناسب پوست های خشک و حساس,https://www.khanoumi.com/products/medilann-hydrating-foam-cleanser-dry-to-sensetive-skin-25933,زیاد عالی نیس،نه خوبه نه بعد، من بعد استفاده یه احساس خشکی داشتم,0,true,2024-05-21T12:36:46+00:00,مثبت,0.91,سایر,سایر
فوم شستشو و آبرسان صورت مناسب پوست های خشک و حساس,https://www.khanoumi.com/products/medilann-hydrating-foam-cleanser-dry-to-sensetive-skin-25933,عالیه.من پوست خشکی دارم و ازش راضی هستم.قبل استفاده باید صورت خیس باشه...دو هفتست استفاده میکنم احساس میکنم پوستم جون گرفته و منافذ بازش کمتر شده...حتما دوباره میخرم ,0,false,2024-03-11T12:51:54+00:00,مثبت,0.91,محصول,محصول
فوم شستشو و آبرسان صورت مناسب پوست های خشک و حساس,https://www.khanoumi.com/products/medilann-hydrating-foam-cleanser-dry-to-sensetive-skin-25933,راضی بودم به نسبت قیمتش خیلی خوبه ,0,true,2023-11-05T21:22:10+00:00,مثبت,0.95,محصول | قیمت,محصول
فوم شستشو و آبرسان صورت مناسب پوست های خشک و حساس,https://www.khanoumi.com/products/medilann-hydrating-foam-cleanser-dry-to-sensetive-skin-25933,من همون اولین باری که استفاده کردم پوستم لطافت پوستمو حس کردم خیلی ملایمه بوی خیلی خوبیم داره.پیشنهاد میکنم استفاده کنید,2,false,2023-11-03T17:33:04+00:00,مثبت,0.95,محصول,محصول
فوم شستشو و آبرسان صورت مناسب پوست های خشک و حساس,https://www.khanoumi.com/products/medilann-hydrating-foam-cleanser-dry-to-sensetive-skin-25933,پوستو کاملا تمییز میکنه. بعد از شستن اصلا حالت خشکی و کشیدگی پوستو احساس نمیکنی و بوی بسیار خوبی داره . من حتما دوباره شارژش میکنم,0,true,2023-07-31T18:00:53+00:00,مثبت,0.79,محصول | اصل بودن کالا,محصول
فوم شستشو و آبرسان صورت مناسب پوست های خشک و حساس,https://www.khanoumi.com/products/medilann-hydrating-foam-cleanser-dry-to-sensetive-skin-25933,قدرت پاک کنندگی خوبی نداره متوسط رو به پایین هست,0,true,2023-06-29T12:59:01+00:00,منفی,0.67,سایر,سایر
فوم شستشو و آبرسان صورت مناسب پوست های خشک و حساس,https://www.khanoumi.com/products/medilann-hydrating-foam-cleanser-dry-to-sensetive-skin-25933,من پوست صورت خشکی دارم ولی این فوم جز معدود محصولات با این رنج قیمت بود که عالیه. رطوبت و چربی پوست رو حفظ میکنه.,4,true,2023-03-30T14:07:25+00:00,مثبت,0.79,محصول | قیمت,محصول
فوم شستشو و آبرسان صورت مناسب پوست های چرب,https://www.khanoumi.com/products/medilann-purifying-foam-cleanser-oily-to-combination-skin-25934,فوق العادس ولی چرا انقد افزایش قیمت داشته,0,true,2026-08-20T14:48:27.3545844+03:30,خنثی,0.35,قیمت,قیمت
فوم شستشو و آبرسان صورت مناسب پوست های چرب,https://www.khanoumi.com/products/medilann-purifying-foam-cleanser-oily-to-combination-skin-25934,5 ساله شوینده ثابتمه خیلی ملایمه اصلا قوی نیست,0,true,2026-05-15T19:49:39.2859931+03:30,منفی,0.67,محصول | اصل بودن کالا,اصل بودن کالا
فوم شستشو و آبرسان صورت مناسب پوست های چرب,https://www.khanoumi.com/products/medilann-purifying-foam-cleanser-oily-to-combination-skin-25934,ارزش خرید داره، حجم خوبی هم داره,0,true,2025-10-14T02:02:51.2459728+03:30,مثبت,0.79,محصول | قیمت,محصول
فوم شستشو و آبرسان صورت مناسب پوست های چرب,https://www.khanoumi.com/products/medilann-purifying-foam-cleanser-oily-to-combination-skin-25934,قدرت پاک کنندگی مناسبی نداره اصلا نمیدونم چرا انقدر بقیه ازش تعریف میکنن منم رو حساب همون تعاریف خریدم ولی برای من که پوستم چربه اصلا مناسب نیست,0,true,2025-10-08T09:20:10.463593+03:30,منفی,0.79,محصول | اصل بودن کالا,اصل بودن کالا
فوم شستشو و آبرسان صورت مناسب پوست های چرب,https://www.khanoumi.com/products/medilann-purifying-foam-cleanser-oily-to-combination-skin-25934,"مناسب پوست چرب و مختلط 
پوست رو خشک نمی کنه ولی تمیز می کنه و مانع جوش میشه",0,true,2025-09-19T11:29:21.1502711+03:30,خنثی,0.35,محصول,محصول
فوم شستشو و آبرسان صورت مناسب پوست های چرب,https://www.khanoumi.com/products/medilann-purifying-foam-cleanser-oily-to-combination-skin-25934,"بزرگترین اشتباهم این بود که بعد تموم شدن دو تا از این محصول رفتم سراغ شوینده دیگه
این محصول عالیه بوی سیب میده پاک کنندگی عالی اصلا ایجاد خشکی نمیکنه و پوست رو بعد از یه مدت استفاده روشن تر میکنه",0,true,2025-09-18T07:57:23.2004864+03:30,مثبت,0.95,محصول | اصل بودن کالا,محصول
فوم شستشو و آبرسان صورت مناسب پوست های چرب,https://www.khanoumi.com/products/medilann-purifying-foam-cleanser-oily-to-combination-skin-25934,من دو سال ازش استفاده میکنم واقعا فوم عالی هست. هم بوی فوق‌العاده ای داره که حتی بعد از آبگشی هم حس میشه هم قدرت پاک کنندگی مناسبی داره و هم اینکه پوستو روشن هم میکنه.,0,true,2025-08-22T00:14:42.7673285+00:00,مثبت,0.79,محصول,محصول
فوم شستشو و آبرسان صورت مناسب پوست های چرب,https://www.khanoumi.com/products/medilann-purifying-foam-cleanser-oily-to-combination-skin-25934,محصول خوبیه بد نیست ولی حتما باید بعدش آبرسان بزنید ، متاسفانه قیمتش که بالا رفته زیاد ارزش خرید نداره دیگه,0,true,2025-08-11T18:53:34.2236085+00:00,منفی,0.79,قیمت | محصول,قیمت
فوم شستشو و آبرسان صورت مناسب پوست های چرب,https://www.khanoumi.com/products/medilann-purifying-foam-cleanser-oily-to-combination-skin-25934,سلام لطفا موجودش کنید.کیفیتش عالیه,0,true,2025-07-31T23:04:56.829476+00:00,مثبت,0.79,محصول,محصول
فوم شستشو و آبرسان صورت مناسب پوست های چرب,https://www.khanoumi.com/products/medilann-purifying-foam-cleanser-oily-to-combination-skin-25934,من استفاده کردم خوب بوده لطفا مجددا موجودش کنید...,0,true,2025-06-24T09:09:11.6919795+00:00,مثبت,0.79,محصول,محصول
فوم شستشو و آبرسان صورت مناسب پوست های چرب,https://www.khanoumi.com/products/medilann-purifying-foam-cleanser-oily-to-combination-skin-25934,پوست صورتم چربه اما کمی حساس و با این محصول صورتم قرمز میشد و خارش گرفتم,0,true,2025-05-09T10:26:19.4175706+00:00,خنثی,0.35,محصول,محصول
فوم شستشو و آبرسان صورت مناسب پوست های چرب,https://www.khanoumi.com/products/medilann-purifying-foam-cleanser-oily-to-combination-skin-25934,بهترین خیلی دوسش دارم بهترین فومی هست ک خریدم تازه یکم روشن هم میکنه,0,true,2025-05-08T17:58:05.0628851+00:00,مثبت,0.79,سایر,سایر
فوم شستشو و آبرسان صورت مناسب پوست های چرب,https://www.khanoumi.com/products/medilann-purifying-foam-cleanser-oily-to-combination-skin-25934,خوب بود,0,true,2025-05-01T21:43:50.4699769+00:00,مثبت,0.79,محصول,محصول
فوم شستشو و آبرسان صورت مناسب پوست های چرب,https://www.khanoumi.com/products/medilann-purifying-foam-cleanser-oily-to-combination-skin-25934,لطفا موجود کنید,0,false,2025-02-20T16:26:06.5968596+00:00,خنثی,0.35,محصول,محصول
فوم شستشو و آبرسان صورت مناسب پوست های چرب,https://www.khanoumi.com/products/medilann-purifying-foam-cleanser-oily-to-combination-skin-25934,بنظرم محصول خوبیه برای پوستهای معمولی رو به چرب,0,true,2025-02-02T14:25:24.7385226+00:00,مثبت,0.67,محصول,محصول
فوم شستشو و آبرسان صورت مناسب پوست های چرب,https://www.khanoumi.com/products/medilann-purifying-foam-cleanser-oily-to-combination-skin-25934,خیلی پوستو نرم میکنه و برای من اصلا باعث جوش نشد,0,true,2025-02-01T16:11:26.9958544+00:00,مثبت,0.67,محصول | اصل بودن کالا,محصول
فوم شستشو و آبرسان صورت مناسب پوست های چرب,https://www.khanoumi.com/products/medilann-purifying-foam-cleanser-oily-to-combination-skin-25934,من بار دوم از این محصول استفاده میکنم ...قبلا خیلی جوشهای بزرگ و چرکی داشت صورتم بخاطر استفاده نادرست از ژل شستشو صورت مورینگا که واقعا افتضاح بوداما با استفاده از این محصول صورتم صاف و بدون جوش شده...واقعا ازش راضیم,0,false,2025-01-25T19:07:11.3226275+00:00,ترکیبی,0.87,محصول,محصول
فوم شستشو و آبرسان صورت مناسب پوست های چرب,https://www.khanoumi.com/products/medilann-purifying-foam-cleanser-oily-to-combination-skin-25934,لطفا موجود کنید,0,false,2025-01-23T11:01:09.8257671+00:00,خنثی,0.35,محصول,محصول
فوم شستشو و آبرسان صورت مناسب پوست های چرب,https://www.khanoumi.com/products/medilann-purifying-foam-cleanser-oily-to-combination-skin-25934,من پوستم چرب و دهیدراته اس، اینو بهم پیشنهاد دادن واقعا راضیم ازش و شوینده ملایمی هستش و اصلا پوست رو خشک و بی آب نمیکنه,0,true,2025-01-19T06:18:33.3391085+00:00,مثبت,0.95,محصول | اصل بودن کالا,محصول
فوم شستشو و آبرسان صورت مناسب پوست های چرب,https://www.khanoumi.com/products/medilann-purifying-foam-cleanser-oily-to-combination-skin-25934,"من پوستم مختلط هست کف زیادی داره حجمشم زیاده ولی قدرت تمیز کنندگیش برای شستن صورت برای ریمو میکاپ عالی یا خوب نیست معمولیه 
دیگه شارژ نمیکنم",0,true,2025-01-18T20:21:08.8105412+00:00,منفی,0.79,محصول,محصول
فوم شستشو و آبرسان صورت مناسب پوست های چرب,https://www.khanoumi.com/products/medilann-purifying-foam-cleanser-oily-to-combination-skin-25934,تخفیف خوب بزارید لطفااااا,0,true,2025-01-10T09:16:24.5104401+00:00,مثبت,0.67,قیمت,قیمت
فوم شستشو و آبرسان صورت مناسب پوست های چرب,https://www.khanoumi.com/products/medilann-purifying-foam-cleanser-oily-to-combination-skin-25934,لطفا موجودش کنید سبد خریدم ناکامله,0,true,2024-11-29T14:45:03.7771644+00:00,منفی,0.67,محصول,محصول
فوم شستشو و آبرسان صورت مناسب پوست های چرب,https://www.khanoumi.com/products/medilann-purifying-foam-cleanser-oily-to-combination-skin-25934,من 167خریدم خیلی وقت نیست گرونتر شده شوینده خوبیه پوستم خشک نمیکنه,0,true,2024-11-19T11:44:08.9356452+00:00,مثبت,0.67,محصول | قیمت,محصول
فوم شستشو و آبرسان صورت مناسب پوست های چرب,https://www.khanoumi.com/products/medilann-purifying-foam-cleanser-oily-to-combination-skin-25934,این محصول غلظت خوب شویندگی خوب و مرطوب کنندگی خوبی داره خیلی خیلی راضیم بعده شستن اصلا پوستم کشیدگی نداره حتما امتحان کنید,0,false,2024-11-19T07:56:32.3638539+00:00,مثبت,0.95,محصول | اصل بودن کالا,محصول
فوم شستشو و آبرسان صورت مناسب پوست های چرب,https://www.khanoumi.com/products/medilann-purifying-foam-cleanser-oily-to-combination-skin-25934,بیش از حد ملایمه فقط یه ساعت پوست چرب رو تمیز نگه میداره,0,true,2024-11-13T07:13:42.1122329+00:00,خنثی,0.35,محصول,محصول
فوم شستشو و آبرسان صورت مناسب پوست های چرب,https://www.khanoumi.com/products/medilann-purifying-foam-cleanser-oily-to-combination-skin-25934,سلام لطفا با تخفیف موجودش کنید,0,false,2024-11-13T02:01:28.5693351+00:00,خنثی,0.35,محصول | قیمت,محصول
فوم شستشو و آبرسان صورت مناسب پوست های چرب,https://www.khanoumi.com/products/medilann-purifying-foam-cleanser-oily-to-combination-skin-25934,موجود کنیددددد میخوام خرید کنم.,0,true,2024-11-12T20:24:23.0753536+00:00,خنثی,0.35,محصول,محصول
فوم شستشو و آبرسان صورت مناسب پوست های چرب,https://www.khanoumi.com/products/medilann-purifying-foam-cleanser-oily-to-combination-skin-25934,لطفا موجودش کنید,0,false,2024-11-01T21:03:42.46889+00:00,خنثی,0.35,محصول,محصول
فوم شستشو و آبرسان صورت مناسب پوست های چرب,https://www.khanoumi.com/products/medilann-purifying-foam-cleanser-oily-to-combination-skin-25934,فوق العادس,0,true,2024-10-24T14:16:59.8689578+00:00,خنثی,0.35,سایر,سایر
فوم شستشو و آبرسان صورت مناسب پوست های چرب,https://www.khanoumi.com/products/medilann-purifying-foam-cleanser-oily-to-combination-skin-25934,لطفا موجودش کنید می‌خوام سبدم رو کامل کنم,0,false,2024-10-22T17:02:24.0860685+00:00,منفی,0.67,محصول,محصول
فوم شستشو و آبرسان صورت مناسب پوست های چرب,https://www.khanoumi.com/products/medilann-purifying-foam-cleanser-oily-to-combination-skin-25934,من توی تخفیف زیر 100 تومن خریدمش.بوی میوه ای خوبی داره. پاک کنندگی مناسبی داره. پوست دچار کشیدگی نمیشه. حجمشم به صرفه است.,0,true,2024-10-19T15:56:30.0011902+00:00,مثبت,0.67,محصول | قیمت,محصول
فوم شستشو و آبرسان صورت مناسب پوست های چرب,https://www.khanoumi.com/products/medilann-purifying-foam-cleanser-oily-to-combination-skin-25934,شوینده بسیار خوبیه. هم پاکسازی خوبی انجام میده و هم پوست رو خشک نمی کنه.,0,true,2024-10-10T05:02:08.34531+00:00,مثبت,0.79,محصول,محصول
فوم شستشو و آبرسان صورت مناسب پوست های چرب,https://www.khanoumi.com/products/medilann-purifying-foam-cleanser-oily-to-combination-skin-25934,عالیهه هم پوست رو عمیق پاک سازی میکنه هم جوش ها رو واقعااااا از بین میبره و پوست رو هم نه خشک میکنه نه میکشه,0,true,2024-10-04T17:46:50.50233+00:00,مثبت,0.79,محصول,محصول
فوم شستشو و آبرسان صورت مناسب پوست های چرب,https://www.khanoumi.com/products/medilann-purifying-foam-cleanser-oily-to-combination-skin-25934,پاک کنندگیش واقعا قویه و ارایش غلیظو هم با مقدار کمی  از بین میبره,0,false,2024-09-10T17:32:32+00:00,خنثی,0.35,سایر,سایر
فوم شستشو و آبرسان صورت مناسب پوست های چرب,https://www.khanoumi.com/products/medilann-purifying-foam-cleanser-oily-to-combination-skin-25934,لطفا قبل خرید حتما به نوع پستتون دقت کنید. پوست من از نوع مختلط بود و با این فوم باعت ایجاد اگزمای شدید و خارش شد. ,0,true,2024-09-09T00:11:14+00:00,خنثی,0.35,محصول | تحویل و ارسال,محصول
فوم شستشو و آبرسان صورت مناسب پوست های چرب,https://www.khanoumi.com/products/medilann-purifying-foam-cleanser-oily-to-combination-skin-25934,"قدرت پاک کنندگی زیاده حس میکنم پوستم یکم کشیده میشه
پوستت من چربه",0,true,2024-09-05T22:51:07+00:00,خنثی,0.35,محصول,محصول
فوم شستشو و آبرسان صورت مناسب پوست های چرب,https://www.khanoumi.com/products/medilann-purifying-foam-cleanser-oily-to-combination-skin-25934,لطفا تخفیف بزارید من منتظر این کالا هستم تا سفارش بدم,0,true,2024-09-05T16:19:14+00:00,منفی,0.67,قیمت,قیمت
فوم شستشو و آبرسان صورت مناسب پوست های چرب,https://www.khanoumi.com/products/medilann-purifying-foam-cleanser-oily-to-combination-skin-25934,"بوی خیلی خوب و ملایمیداره مثل بوی سیب سبز
پاک کنندگی خوبی داره حتی ارایش رو هم خوب پاکمیکنه 
بنظرم باعث روشن شدن پوست هم میشه",0,true,2024-08-22T00:41:56+00:00,مثبت,0.95,محصول,محصول
فوم شستشو و آبرسان صورت مناسب پوست های چرب,https://www.khanoumi.com/products/medilann-purifying-foam-cleanser-oily-to-combination-skin-25934,واقعااا عالیه خیلی دوسش داشتم پاک کنندگی خوبی داشت و پوستم حالت کشیدگی پیدانکرد ,0,true,2024-08-21T23:27:41+00:00,مثبت,0.91,محصول,محصول
فوم شستشو و آبرسان صورت مناسب پوست های چرب,https://www.khanoumi.com/products/medilann-purifying-foam-cleanser-oily-to-combination-skin-25934,پاک کنندگی نسبتا خوبی داره حس کشیدگی اصلا نمیده یکم عطرش برای من زیاده بوی سیب میده .ولی در کل راضی ام ,0,true,2024-08-13T20:05:04+00:00,مثبت,0.79,محصول | اصل بودن کالا,محصول
فوم شستشو و آبرسان صورت مناسب پوست های چرب,https://www.khanoumi.com/products/medilann-purifying-foam-cleanser-oily-to-combination-skin-25934,بسیار فوم غلیظ و خوش بویی داره بوش مث بوی سیبه ، با اینکه پوست چربی دارم اما بعد از شستشو احساس خشکی و کشیدگی دارم ، برای پاک کردن ارایش مناسبه ، احساس میکنم یکم پوستو روشن میکنه و اینکه ملایمه !,0,true,2024-08-13T01:00:28+00:00,خنثی,0.35,محصول,محصول
فوم شستشو و آبرسان صورت مناسب پوست های چرب,https://www.khanoumi.com/products/medilann-purifying-foam-cleanser-oily-to-combination-skin-25934,عالی بود,0,true,2024-07-30T23:05:08+00:00,مثبت,0.79,محصول,محصول
فوم شستشو و آبرسان صورت مناسب پوست های چرب,https://www.khanoumi.com/products/medilann-purifying-foam-cleanser-oily-to-combination-skin-25934,سلام من همیشه از داروخانه با قیمت بالاتری میگرفتم از خانومی با تخفیف گرفتم  با بسته بندی تمیز و عالی به دستم رسید ,0,true,2024-07-28T13:13:46+00:00,مثبت,0.67,تحویل و ارسال | قیمت,تحویل و ارسال
فوم شستشو و آبرسان صورت مناسب پوست های چرب,https://www.khanoumi.com/products/medilann-purifying-foam-cleanser-oily-to-combination-skin-25934,راضی بودم,0,true,2024-07-28T11:36:47+00:00,مثبت,0.67,محصول,محصول
فوم شستشو و آبرسان صورت مناسب پوست های چرب,https://www.khanoumi.com/products/medilann-purifying-foam-cleanser-oily-to-combination-skin-25934,عالی بود اصلا انتظار نداشتم یه برند ایرانی اینقدر خوب باشه بوی خیلی ملایم خوبی داره پوست اصلا خشک نمیشه اصلا باهاش جوش نزدم ,0,true,2024-07-25T13:44:45+00:00,مثبت,0.91,محصول | اصل بودن کالا,محصول
فوم شستشو و آبرسان صورت مناسب پوست های چرب,https://www.khanoumi.com/products/medilann-purifying-foam-cleanser-oily-to-combination-skin-25934,"اصلا جوش نزدم
راضی بودم ازش",0,true,2024-07-19T01:57:32+00:00,مثبت,0.79,محصول | اصل بودن کالا,محصول
فوم شستشو و آبرسان صورت مناسب پوست های چرب,https://www.khanoumi.com/products/medilann-purifying-foam-cleanser-oily-to-combination-skin-25934,یه شوینده ملایم و خوب,0,false,2024-07-13T01:06:56+00:00,مثبت,0.67,محصول,محصول
فوم شستشو و آبرسان صورت مناسب پوست های چرب,https://www.khanoumi.com/products/medilann-purifying-foam-cleanser-oily-to-combination-skin-25934,عالیه,0,true,2024-07-08T00:56:01+00:00,مثبت,0.79,سایر,سایر
فوم شستشو و آبرسان صورت مناسب پوست های چرب,https://www.khanoumi.com/products/medilann-purifying-foam-cleanser-oily-to-combination-skin-25934,پوستم چربه و متاسفانه باهاش جوش زدم  برای پوست خشک مناسبه ,0,true,2024-07-07T01:02:10+00:00,منفی,0.67,محصول,محصول
فوم شستشو و آبرسان صورت مناسب پوست های چرب,https://www.khanoumi.com/products/medilann-purifying-foam-cleanser-oily-to-combination-skin-25934,بنظرم خوبه حس کشیدگی و خشکی به پوست نمیده و پوست رو نرم میکنه . ,0,true,2024-06-30T22:51:07+00:00,مثبت,0.79,محصول,محصول
فوم شستشو و آبرسان صورت مناسب پوست های چرب,https://www.khanoumi.com/products/medilann-purifying-foam-cleanser-oily-to-combination-skin-25934,بعد از شستشو خشکی نداره و خوبه,0,true,2024-06-29T12:32:11+00:00,منفی,0.79,سایر,سایر
فوم شستشو و آبرسان صورت مناسب پوست های چرب,https://www.khanoumi.com/products/medilann-purifying-foam-cleanser-oily-to-combination-skin-25934,ازش راضی ام. بعد از استفاده حس خشکی پوست نداشتم. یه مقدار کم از فوم برای کل صورتم کافی بود,0,true,2024-06-25T14:47:19+00:00,مثبت,0.79,محصول,محصول
فوم شستشو و آبرسان صورت مناسب پوست های چرب,https://www.khanoumi.com/products/medilann-purifying-foam-cleanser-oily-to-combination-skin-25934,خوب بود دوسش داشتم... پوست نرم میکنه و از ابرسان بعدش بی نیازت میکنه ولی برای من روی جوش تأثیری نداشته,0,true,2024-06-23T12:06:28+00:00,مثبت,0.79,محصول,محصول
فوم شستشو و آبرسان صورت مناسب پوست های چرب,https://www.khanoumi.com/products/medilann-purifying-foam-cleanser-oily-to-combination-skin-25934,بد استفاده پوست رو نرم میکنه من عاشقش شدم هنوز تموم نشده میخوام یکی دیگه سفارش بدم قبلا فوم شستشو بیوآکوا برای جوش استفاده میکردم که پوستم رو به شدت خشک و داغون کرد ولی این پوستم رو نجات داد ,0,true,2024-06-15T19:29:38+00:00,منفی,0.91,محصول,محصول
فوم شستشو و آبرسان صورت مناسب پوست های چرب,https://www.khanoumi.com/products/medilann-purifying-foam-cleanser-oily-to-combination-skin-25934,"باعث جوش نشد
ملایمه و حس خشکی نمیده",0,true,2024-06-11T20:26:40+00:00,خنثی,0.35,محصول,محصول
فوم شستشو و آبرسان صورت مناسب پوست های چرب,https://www.khanoumi.com/products/medilann-purifying-foam-cleanser-oily-to-combination-skin-25934,معمولی. برای من که پوستم چربه پاک کنندگیش خوب نیس. جوش زدم,0,true,2024-05-13T21:22:22+00:00,مثبت,0.67,محصول,محصول
فوم شستشو و آبرسان صورت مناسب پوست های چرب,https://www.khanoumi.com/products/medilann-purifying-foam-cleanser-oily-to-combination-skin-25934,تخفیف 50 درصد بذارین فقط همین مونده سبد خریدم تکمیل شه,0,false,2024-05-07T19:37:42+00:00,منفی,0.67,محصول | قیمت,محصول
فوم شستشو و آبرسان صورت مناسب پوست های چرب,https://www.khanoumi.com/products/medilann-purifying-foam-cleanser-oily-to-combination-skin-25934,میتونم بگم محشره عاشقشممم بخدا خیلی حجمش خوبه کیفتش عالیههههههههههه 4 تا خریدم ممنون ,0,false,2024-04-28T13:58:09+00:00,مثبت,0.95,محصول,محصول
فوم شستشو و آبرسان صورت مناسب پوست های چرب,https://www.khanoumi.com/products/medilann-purifying-foam-cleanser-oily-to-combination-skin-25934,لطفا تخفیف پنجاه درصد بزارید ,0,true,2024-04-23T12:02:09+00:00,خنثی,0.35,قیمت,قیمت
فوم شستشو و آبرسان صورت مناسب پوست های چرب,https://www.khanoumi.com/products/medilann-purifying-foam-cleanser-oily-to-combination-skin-25934,"برای دومین بار شارژ کردم
خیلی به صرفه و اقتصادیه  
ملایم هست پاکنندگیش خوبه و جوش زا هم نیست",0,true,2024-04-22T08:48:08+00:00,مثبت,0.79,محصول,محصول
فوم شستشو و آبرسان صورت مناسب پوست های چرب,https://www.khanoumi.com/products/medilann-purifying-foam-cleanser-oily-to-combination-skin-25934,من پوست چربی دارم و خیلی عالی چربی پوستمو کنترل کرد و جوش زیر پوستی منو هم درمان کرد,0,true,2024-04-21T22:01:51+00:00,مثبت,0.67,محصول,محصول
فوم شستشو و آبرسان صورت مناسب پوست های چرب,https://www.khanoumi.com/products/medilann-purifying-foam-cleanser-oily-to-combination-skin-25934,"واقعا عالی بود چربی پوستمو کنترل کرد
حجم بصرفه ای داره",0,true,2024-04-13T04:18:10+00:00,مثبت,0.79,محصول,محصول
فوم شستشو و آبرسان صورت مناسب پوست های چرب,https://www.khanoumi.com/products/medilann-purifying-foam-cleanser-oily-to-combination-skin-25934,لطفا تخفیف پنجاه درصد بزارید، سپاااس.,0,true,2024-04-03T11:56:42+00:00,خنثی,0.35,قیمت,قیمت
فوم شستشو و آبرسان صورت مناسب پوست های چرب,https://www.khanoumi.com/products/medilann-purifying-foam-cleanser-oily-to-combination-skin-25934,لطفا تخفیف بزارید ممنون ,0,false,2024-04-02T12:03:19+00:00,مثبت,0.67,قیمت,قیمت
فوم شستشو و آبرسان صورت مناسب پوست های چرب,https://www.khanoumi.com/products/medilann-purifying-foam-cleanser-oily-to-combination-skin-25934,یه محصول خیلی ملایم برای پوست چرب و مختلطه . بعد از شست و شو پوستو اذیت نمیکنه و حتی جوشای سر سیاهو هم میبره . قبل از استفاده بهتره چربی اضافه پوست رو با دستمال بگیرید و بعد ازش استفاده کنید که تاثیرشو بهتر بزاره,0,true,2024-03-27T05:25:39+00:00,خنثی,0.35,محصول,محصول
فوم شستشو و آبرسان صورت مناسب پوست های چرب,https://www.khanoumi.com/products/medilann-purifying-foam-cleanser-oily-to-combination-skin-25934,خیلی خوب تمیز میکنه وبوی دوست داشتنی ایم داره . بقیه شوینده هایی مثل وچه که اتفاقا خیلی گرونترن پوست منو یجوری خشک میکردن که ساقه طلاییم گردن نمیگرفت اما این محصول خیلی ملایم بود . ,0,false,2024-03-20T09:12:24+00:00,مثبت,0.79,محصول | قیمت,محصول
فوم شستشو و آبرسان صورت مناسب پوست های چرب,https://www.khanoumi.com/products/medilann-purifying-foam-cleanser-oily-to-combination-skin-25934,لطفا تخفیف 50درصدی این محصول رو تمدید کنید,0,false,2024-03-16T23:27:30+00:00,خنثی,0.35,محصول | قیمت,محصول
فوم شستشو و آبرسان صورت مناسب پوست های چرب,https://www.khanoumi.com/products/medilann-purifying-foam-cleanser-oily-to-combination-skin-25934,من نمیدونستم پوستم دهیدراتست و همیشه پر از خشکی و لکه های قرمز و حساسیت بود پوستم شوینده های خیلی زیادی رو هم امتحان کردم ولی این محصول مخصوص پوست چربش رو گرفتم کاملا خشکی رو برطرف کرد دیگه پوستمم پوسته پوسته نشد دوسه بار اول یکم صورتمو خشک کرد ولی بعدش دیگه خوب شد و الان دفعه دومیه که این محصول میگیرم علاوه بر کیفیت قیمتشم مناسبه مخصوصآ نسبت به حجمش,0,true,2024-02-21T21:05:28+00:00,مثبت,0.67,محصول | قیمت,محصول
فوم شستشو و آبرسان صورت مناسب پوست های چرب,https://www.khanoumi.com/products/medilann-purifying-foam-cleanser-oily-to-combination-skin-25934,خوبه من پوست خشک و مستعد آکنه دارم از این فوم راضیم واقعا توجه داشته باشید قبل از شستن صورت حتما صورتون خیس کنید بعد شست و شو انجام بدید و از روتین بعد شست و شو قافل نشید هیچ محصولی ب تنها به شما کمک نمیکند,0,true,2024-02-13T15:23:36+00:00,ترکیبی,0.92,محصول,محصول
فوم شستشو و آبرسان صورت مناسب پوست های چرب,https://www.khanoumi.com/products/medilann-purifying-foam-cleanser-oily-to-combination-skin-25934,منم امروز رسید دستم ممنونم از کیفیت و ارسال بموقعه بسته بندی عالی راضی بودم,0,true,2024-02-13T00:02:33+00:00,مثبت,0.91,تحویل و ارسال | محصول,تحویل و ارسال
فوم شستشو و آبرسان صورت مناسب پوست های چرب,https://www.khanoumi.com/products/medilann-purifying-foam-cleanser-oily-to-combination-skin-25934,من این محصول رو الان خریدم و چندباره که فقط دارم ازش استفاده میکنم. اما واقعا حس میکنم که پوستم نفس میکشه و لطیف تر شده.. بازم میخرمش,0,true,2024-02-03T18:31:05+00:00,خنثی,0.35,محصول,محصول
فوم شستشو و آبرسان صورت مناسب پوست های چرب,https://www.khanoumi.com/products/medilann-purifying-foam-cleanser-oily-to-combination-skin-25934,سلام دوستان ممنون میشم اگه این محصول رو از خانومی خرید کردین عکسش رو اپلود کنین ,0,false,2024-01-25T17:41:01+00:00,مثبت,0.67,محصول,محصول
فوم شستشو و آبرسان صورت مناسب پوست های چرب,https://www.khanoumi.com/products/medilann-purifying-foam-cleanser-oily-to-combination-skin-25934,عالیه.من به پیشنهاد دکتر چند سری ازش استفاده میکنم پوستمو کامل تمیز میکنه و در کاهش جوشهامم موثره ,0,true,2024-01-23T13:51:45+00:00,مثبت,0.91,محصول,محصول
فوم شستشو و آبرسان صورت مناسب پوست های چرب,https://www.khanoumi.com/products/medilann-purifying-foam-cleanser-oily-to-combination-skin-25934,عاشق بوش شدم . رایحه آبمیوه داره و درکل خوبه,0,true,2023-12-23T14:10:28+00:00,مثبت,0.79,محصول,محصول
فوم شستشو و آبرسان صورت مناسب پوست های چرب,https://www.khanoumi.com/products/medilann-purifying-foam-cleanser-oily-to-combination-skin-25934,من این شوینده رو دکتر پوستم برام نوشت من ک راضیم لطفا تخفیف بزارید بیشتر,0,false,2023-12-16T19:35:03+00:00,مثبت,0.79,محصول | قیمت,محصول
فوم شستشو و آبرسان صورت مناسب پوست های چرب,https://www.khanoumi.com/products/medilann-purifying-foam-cleanser-oily-to-combination-skin-25934,خدایی خیلی خوبه من خیلی ازش راضیم نسبت به قیمتش واقعا ارزش خرید داره قبلش نواکنه میزدم اصلا خوب نبود اینو در کنار شوینده ضدجوش نوتروژینا استفاده میکنم چربی پوستم کنترل شده و ابرسانیم میشه پوستم ,0,false,2023-12-13T11:06:20+00:00,مثبت,0.95,محصول | قیمت | اصل بودن کالا,محصول
فوم شستشو و آبرسان صورت مناسب پوست های چرب,https://www.khanoumi.com/products/medilann-purifying-foam-cleanser-oily-to-combination-skin-25934,ببینید یعنی عاااالیه... من  هیچ وقت نظر نمیزارم و از چیزی تعریف نمیکنم. ولی این یکی به پیشنهاد من انتخاب دوستمم شد بعد از امتحان کردن چند شوینده و حسابی راضیه. خوب پاک  میکنه. اصلاً خشک نمیکنه درعین حال. بوی ملایم و دلپذیری داره... پوست من مختلطه و برام خیلی مهم بود که شویندهای که میگیرم تمیز کنه پوستمو و در عین حال حس خشکی و دهیدراته نده و فوم مدیلن تمام این ویژگی ها رو داشت.ه. ,0,true,2023-11-08T21:43:09+00:00,مثبت,0.79,محصول | اصل بودن کالا,محصول
فوم شستشو و آبرسان صورت مناسب پوست های چرب,https://www.khanoumi.com/products/medilann-purifying-foam-cleanser-oily-to-combination-skin-25934,قبلاً از درمالیفت استفاده میکردم قیمتش مناسب تر بود به خاطر تعریف اینو خریدم و کل صورتم جوش زد با اینکه بدون روتین پوستی هم جوش خاصی نمی دم الان هیچ کرمی به پوستم نمیزنم ولی بازم جوشام ادامه دارن میخوام شوینده مو عوض کنم و کلی زحمت برای از بین بردن جای جوش ,0,true,2023-11-05T00:49:03+00:00,منفی,0.67,محصول | قیمت,محصول
فوم شستشو و آبرسان صورت مناسب پوست های چرب,https://www.khanoumi.com/products/medilann-purifying-foam-cleanser-oily-to-combination-skin-25934,اصلا فکر نمیکردم اینقدر خوب باشه ولی واقعا عالی بود حتی ارایش چشم رو هم عالی پاک میکنه,1,false,2023-10-13T16:25:34+00:00,مثبت,0.91,محصول | اصل بودن کالا,محصول
فوم شستشو و آبرسان صورت مناسب پوست های چرب,https://www.khanoumi.com/products/medilann-purifying-foam-cleanser-oily-to-combination-skin-25934,تو شانس بذارین,0,true,2023-09-20T13:35:14+00:00,خنثی,0.35,سایر,سایر
فوم شستشو و آبرسان صورت مناسب پوست های چرب,https://www.khanoumi.com/products/medilann-purifying-foam-cleanser-oily-to-combination-skin-25934,تو شانس بذارین,0,true,2023-09-15T15:55:52+00:00,خنثی,0.35,سایر,سایر
فوم شستشو و آبرسان صورت مناسب پوست های چرب,https://www.khanoumi.com/products/medilann-purifying-foam-cleanser-oily-to-combination-skin-25934,لطفا لطفا تو شانس برذارییییین,0,true,2023-09-15T15:55:08+00:00,خنثی,0.35,سایر,سایر
فوم شستشو و آبرسان صورت مناسب پوست های چرب,https://www.khanoumi.com/products/medilann-purifying-foam-cleanser-oily-to-combination-skin-25934,لطفا لطفا تو شانس برذارییییین,1,true,2023-09-11T19:38:32+00:00,خنثی,0.35,سایر,سایر
فوم شستشو و آبرسان صورت مناسب پوست های چرب,https://www.khanoumi.com/products/medilann-purifying-foam-cleanser-oily-to-combination-skin-25934,فوم خیلی خوبیه ,0,true,2023-09-02T17:12:50+00:00,مثبت,0.79,سایر,سایر
فوم شستشو و آبرسان صورت مناسب پوست های چرب,https://www.khanoumi.com/products/medilann-purifying-foam-cleanser-oily-to-combination-skin-25934,"اصلا راضی نبودم چند بار صورتمو با این فوم شستم ولی موقع خشک کردن هنوز کرم ضدآفتابم رو حوله میومد یعنی اصلا پاک نشده بود
من نمیدونستم این فوم نباید دور چشم بخوره، آرایش چشممو باهاش شستم تا سه روز چشمام میسوخت و میخارید بعد رفتم پشتشو خوندم دیدم نوشته به چشم نزنید
من از میزان تمیز کننده گی اصلا راضی نبودم گذاشتمش کنار",3,true,2023-08-29T15:46:40+00:00,منفی,0.95,محصول | اصل بودن کالا,اصل بودن کالا
فوم شستشو و آبرسان صورت مناسب پوست های چرب,https://www.khanoumi.com/products/medilann-purifying-foam-cleanser-oily-to-combination-skin-25934,بنا بر نظرات خریدمش واقعا هم خوبه من دنبال شوینده ای بودم ک پوستمو بعد شستوشو خشک نکنه و کشیده نشه,0,true,2023-08-07T15:58:56+00:00,مثبت,0.79,محصول,محصول
فوم شستشو و آبرسان صورت مناسب پوست های چرب,https://www.khanoumi.com/products/medilann-purifying-foam-cleanser-oily-to-combination-skin-25934,اصلاااا شک نکن و بگیرش چون عااالیه واقعا,0,false,2023-08-02T10:51:12+00:00,مثبت,0.67,اصل بودن کالا,اصل بودن کالا
فوم شستشو و آبرسان صورت مناسب پوست های چرب,https://www.khanoumi.com/products/medilann-purifying-foam-cleanser-oily-to-combination-skin-25934,..ازش راضی بودم دوباره میخوام شارژش کنم,0,true,2023-08-01T13:54:33+00:00,مثبت,0.67,محصول,محصول
فوم شستشو و آبرسان صورت مناسب پوست های چرب,https://www.khanoumi.com/products/medilann-purifying-foam-cleanser-oily-to-combination-skin-25934,"خیلی عالیه برای پوست های چرب،کامل پوست رو تمیز میکنه بوی خوبیم داره
راضی بودم از خریدم",1,true,2023-07-18T12:27:00+00:00,مثبت,0.95,محصول,محصول
فوم شستشو و آبرسان صورت مناسب پوست های چرب,https://www.khanoumi.com/products/medilann-purifying-foam-cleanser-oily-to-combination-skin-25934,عالیه هم پوستو خوب تمیز میکنه هم آبرسانی میکنه و پوست خشک نمیشه بعدش,1,true,2023-07-08T12:57:52+00:00,مثبت,0.91,محصول,محصول
فوم شستشو و آبرسان صورت مناسب پوست های چرب,https://www.khanoumi.com/products/medilann-purifying-foam-cleanser-oily-to-combination-skin-25934, با اینکه فوم ملایمیه قدرت پاک کنندگیش عالیه پوست رو نرم میکنه و بعد از استفاده خشکی در کار نیست تمدید میشه,2,true,2023-07-07T20:12:48+00:00,مثبت,0.79,محصول,محصول
فوم شستشو و آبرسان صورت مناسب پوست های چرب,https://www.khanoumi.com/products/medilann-purifying-foam-cleanser-oily-to-combination-skin-25934,"ب مدت سه روزه دارم استفاده میکنم.خوب بوده .احساس 
 کشیدگی نمیده و خوب پاکسازی میکنه",1,true,2023-07-07T15:59:55+00:00,مثبت,0.67,محصول,محصول
فوم شستشو و آبرسان صورت مناسب پوست های چرب,https://www.khanoumi.com/products/medilann-purifying-foam-cleanser-oily-to-combination-skin-25934,فوق العاده خوبه .چربی پوست و کنترل میکنه .. از مورینگا خیلی . بهترههههه.خدایی راضی بودم من,2,false,2023-06-23T23:24:01+00:00,مثبت,0.95,محصول,محصول
فوم شستشو و آبرسان صورت مناسب پوست های چرب,https://www.khanoumi.com/products/medilann-purifying-foam-cleanser-oily-to-combination-skin-25934,عالی عاشقش شدم،خشکنمیکنه،بوی خوبی داره،چربی پوست را تنظیممیکنه,3,true,2023-04-01T08:39:17+00:00,خنثی,0.35,محصول,محصول
فوم شستشو و آبرسان صورت مناسب پوست های چرب,https://www.khanoumi.com/products/medilann-purifying-foam-cleanser-oily-to-combination-skin-25934,فوم خوبیه برای پاککندگی صورت در طول روز ،پوست رو خشکنمیکنه,4,true,2022-12-31T10:49:14+00:00,مثبت,0.67,محصول,محصول
فوم شستشو و آبرسان صورت مناسب پوست های چرب,https://www.khanoumi.com/products/medilann-purifying-foam-cleanser-oily-to-combination-skin-25934,خیلی راضی ام,5,false,2022-09-02T15:09:39+00:00,مثبت,0.79,سایر,سایر
فوم شستشو و آبرسان صورت مناسب پوست های چرب,https://www.khanoumi.com/products/medilann-purifying-foam-cleanser-oily-to-combination-skin-25934,حجم خوبی داره و با این قیمت بهترین محصوله,8,false,2022-03-24T12:52:54+00:00,مثبت,0.79,محصول | قیمت,محصول
فوم شستشو و آبرسان صورت مناسب پوست های چرب,https://www.khanoumi.com/products/medilann-purifying-foam-cleanser-oily-to-combination-skin-25934,من دو باره که این محصول رو استفاده میکنم و خیلی راضیم چربی پوستمو تنظیم کرده و باعث بهبودی جوشام شده,14,false,2021-09-09T06:51:38+00:00,مثبت,0.79,محصول,محصول
فوم شستشو و آبرسان صورت مناسب پوست های چرب,https://www.khanoumi.com/products/medilann-purifying-foam-cleanser-oily-to-combination-skin-25934,برای من متخصص پوست تجویز کردن و فعلا تو دو هفته ای که دارم ازش استفاده میکنم راضیم ... چربی پوستم رو تنظیم میکنه ، پوست صورتم رو نرم میکنه . تو این مدت کمی که دادم استفاده میکنم هنوز اثر روشن کنندگیش رو ندیدم اما در کل خوبه,21,false,2020-11-12T10:18:38+00:00,مثبت,0.95,محصول,محصول
فوم شستشو و آبرسان صورت مناسب پوست های چرب,https://www.khanoumi.com/products/medilann-purifying-foam-cleanser-oily-to-combination-skin-25934,خوبه استفاده میکنم،فقط یکم پوستم رو خشک میکنه,12,false,2020-06-10T14:41:24+00:00,مثبت,0.79,محصول,محصول
پن مایع حاوی ویتامین سی,https://www.khanoumi.com/products/prime-c-prime-liquid-syndet-200ml-25935,"من سومین باره دارم میخرم 
خوبه به شدت راضی ام",0,true,2026-08-12T14:39:33.7124155+03:30,مثبت,0.95,سایر,سایر
پن مایع حاوی ویتامین سی,https://www.khanoumi.com/products/prime-c-prime-liquid-syndet-200ml-25935,من خیلی ازش راضی ام از همه لحاظ من پوست مختلطی دارم و نگران بودم ک پوستم خیلی خشک شده ولی اینطور نشد و از لحاظ روشن کننده پوست واقعا میتونید تاثیرشو حس کنید و پشنهاد میکنم بهتون,0,true,2026-07-27T11:01:24.6502803+03:30,مثبت,0.79,محصول | قیمت,محصول
پن مایع حاوی ویتامین سی,https://www.khanoumi.com/products/prime-c-prime-liquid-syndet-200ml-25935,"پاک کنندگی خوبی داشت ولی چون کف نمی‌کرد باید حجم زیاد میزدی
پوست من چربی و براش ملایم بود در کل بد نبود متوسط بود",0,true,2026-06-21T01:54:06.5180704+03:30,مثبت,0.79,محصول,محصول
پن مایع حاوی ویتامین سی,https://www.khanoumi.com/products/prime-c-prime-liquid-syndet-200ml-25935,"بقیه نوشتن کف نمیکنه
چون قبل شستشو باید صورت رو کاملا خیس کرد
بعدش این پن مایع رو بزنید قشنگ کف میکنه
من خیلی راضی ام 
پوستم رو از خشکی نجات داد به شدت پیشنهاد میکنم",0,false,2026-04-28T08:00:46.5355466+03:30,مثبت,0.95,محصول,محصول
پن مایع حاوی ویتامین سی,https://www.khanoumi.com/products/prime-c-prime-liquid-syndet-200ml-25935,دوسالی هست که از محصولات پرایم استفاده میکنم  و یکیشون همین پن مایع بوده که میتونم بگم تا به حال فوق العاده بوده,0,true,2026-03-15T09:31:21.3617855+03:30,مثبت,0.67,محصول,محصول
پن مایع حاوی ویتامین سی,https://www.khanoumi.com/products/prime-c-prime-liquid-syndet-200ml-25935,دوستای هست که از محصولات پرایم استفاده میکنم و این پن مایع هم جزشون هست میتونم بگم یکی از فوق العاده ترین شوینده های بوده که تاحالااستفاده کردم,0,true,2026-03-15T09:30:19.3634554+03:30,مثبت,0.67,محصول,محصول
پن مایع حاوی ویتامین سی,https://www.khanoumi.com/products/prime-c-prime-liquid-syndet-200ml-25935,زیاد کف نمیکنه ولی بوی خوبی داره قدرت پاک کنندگی متوسط داره,0,true,2026-02-02T23:05:44.2994784+03:30,مثبت,0.67,محصول,محصول
پن مایع حاوی ویتامین سی,https://www.khanoumi.com/products/prime-c-prime-liquid-syndet-200ml-25935,زیاد کف نمیکنه اما خوبه، پوست رو تمیز میکنه و بوی ملایمی داره .من بدم نیومد تکرارش میکنم.,0,true,2025-10-23T00:03:57.6583332+03:30,منفی,0.91,محصول,محصول
پن مایع حاوی ویتامین سی,https://www.khanoumi.com/products/prime-c-prime-liquid-syndet-200ml-25935,"بد نیست ، اما خیلی خوب هم‌نیست و این پاک‌کنندگی که 
 رو تا این حد که میگن نداره . متوسط",0,true,2025-04-27T13:46:21.6300643+00:00,منفی,0.67,سایر,سایر
پن مایع حاوی ویتامین سی,https://www.khanoumi.com/products/prime-c-prime-liquid-syndet-200ml-25935,"خیلی خوبه پوستو نرم و تمیز و شفاف میکنه
فقط بدیش اینه که زیاد کف نمیکنه",0,true,2025-04-04T19:16:32.6530896+00:00,مثبت,0.79,محصول,محصول
پن مایع حاوی ویتامین سی,https://www.khanoumi.com/products/prime-c-prime-liquid-syndet-200ml-25935,تاریخ انقضاش تا کی هست؟,0,false,2025-01-28T18:28:35.2625518+00:00,خنثی,0.35,سایر,سایر
پن مایع حاوی ویتامین سی,https://www.khanoumi.com/products/prime-c-prime-liquid-syndet-200ml-25935,من خیلی راضی ام خوب همه شوینده ها بعد شستشو پوست رو خشک میکنن که باید بعدش آب رسان استفاده کنید من برای بعدش سرم ویتامین سی همین مارک رو پیشنهاد میدم,0,true,2025-01-04T18:52:42.3832153+00:00,مثبت,0.95,محصول,محصول
پن مایع حاوی ویتامین سی,https://www.khanoumi.com/products/prime-c-prime-liquid-syndet-200ml-25935,من دومین بار هست که این محصول رو خریداری کردم ، حس لطافت و نرمی رو به پوست میده و کمی هم پوست رو روشن میکنه,0,true,2024-12-10T10:59:08.692151+00:00,خنثی,0.35,محصول,محصول
پن مایع حاوی ویتامین سی,https://www.khanoumi.com/products/prime-c-prime-liquid-syndet-200ml-25935,پاک کنندگیش زیاد نیست و کف نمیکنه,0,true,2024-10-24T12:19:18.5863392+00:00,خنثی,0.35,سایر,سایر
پن مایع حاوی ویتامین سی,https://www.khanoumi.com/products/prime-c-prime-liquid-syndet-200ml-25935,"متاسفانه پاک کنندگی خوبی نداره..
ولی روشن کنندگی اندکی داره..",0,true,2024-10-22T21:44:18.7222318+00:00,منفی,0.79,سایر,سایر
پن مایع حاوی ویتامین سی,https://www.khanoumi.com/products/prime-c-prime-liquid-syndet-200ml-25935,من قبلا استفاده کردم خیلی پوست رو خشک میکنه,0,false,2024-10-07T08:39:12.6683795+00:00,خنثی,0.35,محصول,محصول
پن مایع حاوی ویتامین سی,https://www.khanoumi.com/products/prime-c-prime-liquid-syndet-200ml-25935,معمولی ,0,true,2024-09-13T13:42:55+00:00,خنثی,0.35,محصول,محصول
پن مایع حاوی ویتامین سی,https://www.khanoumi.com/products/prime-c-prime-liquid-syndet-200ml-25935,من خیلی وقته منتظرم موجود بشه,0,true,2024-01-17T10:27:03+00:00,خنثی,0.35,محصول,محصول
پن مایع حاوی ویتامین سی,https://www.khanoumi.com/products/prime-c-prime-liquid-syndet-200ml-25935,لطفا شارژ کنید,0,false,2023-10-20T14:31:51+00:00,خنثی,0.35,سایر,سایر
پن مایع حاوی ویتامین سی,https://www.khanoumi.com/products/prime-c-prime-liquid-syndet-200ml-25935,لطفا شارژ کنید,0,false,2023-10-12T11:17:12+00:00,خنثی,0.35,سایر,سایر
پن مایع حاوی ویتامین سی,https://www.khanoumi.com/products/prime-c-prime-liquid-syndet-200ml-25935,هنوز استفاده نکردم اما محصولات پریم عالیه، ,0,true,2023-10-05T11:08:56+00:00,مثبت,0.79,محصول,محصول
پن مایع حاوی ویتامین سی,https://www.khanoumi.com/products/prime-c-prime-liquid-syndet-200ml-25935,بی نظیره سایت خانومی هم که ازبقیه فروشگاهاقیمتش خیلی بهتره ,0,true,2022-12-03T01:36:14+00:00,خنثی,0.35,قیمت,قیمت
پن مایع حاوی ویتامین سی,https://www.khanoumi.com/products/prime-c-prime-liquid-syndet-200ml-25935,نزیک یک ماه دارم استفاده میکنم بدون کف خیلی خوب پوست تمیز میکنه وروشن من خیلی راضی بودم بوی خوبی هم داره ,0,true,2022-10-16T08:41:06+00:00,مثبت,0.91,محصول,محصول
پن مایع حاوی ویتامین سی,https://www.khanoumi.com/products/prime-c-prime-liquid-syndet-200ml-25935,یکبار استفاده کردم و حس بدی ازش نگرفتم ، خوشبو ، پوستمو خشک نکرد فعلا که راضیم از خرید این محصول ,4,true,2022-08-04T08:13:35+00:00,ترکیبی,0.74,محصول,محصول
پن مایع حاوی ویتامین سی,https://www.khanoumi.com/products/prime-c-prime-liquid-syndet-200ml-25935,سلام دوست عزیز این محصول شوینده هست و ضدلک نیست که ازش انتظار برطرف کردن لک رو داشته باشیم.,2,false,2022-07-21T12:03:15+00:00,خنثی,0.35,محصول,محصول
پن مایع حاوی ویتامین سی,https://www.khanoumi.com/products/prime-c-prime-liquid-syndet-200ml-25935,من از این خریدم استفاده کردم خیلی خیلی خوب بود. عالی. من صورتم چروک داشت و رنگش کدر بود بعد یک ماه استفاده نتیجه شو می بینی. بعد یک ماه صورتم شفاف و بیرنگ شد. میدونین اصن انگار زیر پوستم آب اورد,4,false,2022-07-16T00:44:46+00:00,مثبت,0.95,محصول,محصول
پن مایع حاوی ویتامین سی,https://www.khanoumi.com/products/prime-c-prime-liquid-syndet-200ml-25935,"نه جوش و برطرف میکنه و نه لکو کم رنگ 
",2,true,2022-03-09T15:35:14+00:00,خنثی,0.35,محصول,محصول
پن مایع حاوی ویتامین سی,https://www.khanoumi.com/products/prime-c-prime-liquid-syndet-200ml-25935,"من از این محصول یک ماهی 
هست استفاده می کنم واقعا راضیم",2,true,2022-02-20T12:20:25+00:00,مثبت,0.79,محصول,محصول
پن مایع حاوی ویتامین سی,https://www.khanoumi.com/products/prime-c-prime-liquid-syndet-200ml-25935,من اینو دارم نسبت به اندازش زیاد استفاده میشه و پوستمو واقعا عمقی تمیز میکنه حتما تکرارش میکنم,9,false,2021-08-10T16:01:21+00:00,خنثی,0.35,محصول,محصول
پن مایع حاوی ویتامین سی,https://www.khanoumi.com/products/prime-c-prime-liquid-syndet-200ml-25935,پاک کننده و شوينده پريم بوي خوبي ميده و پوست رو لطيف و نرم ميکنه و ابرساني ميکنه ,17,true,2019-09-28T10:03:32+00:00,مثبت,0.67,محصول,محصول
کرم وازلین روغن آرگان و ویتامین E حجم 230 میلی لیتر,https://www.khanoumi.com/products/comeon-geneva-vaselina-25936,"محصولات خانومی بسیار عالی
به موقع میرسه
چندساله  که هرماه لوازم آرایشی ضدآفتاب و انواع ویتامین‌ها دارو،باقیمت مناسب خریداری میکنم تخفیفات هم خوبه ان شالله همیشه تخفیف بزارید حتماً بخرید محصولات درجه یک زیاد هست",0,false,2026-06-01T16:56:44.0359565+03:30,مثبت,0.91,محصول | قیمت,محصول
کرم وازلین روغن آرگان و ویتامین E حجم 230 میلی لیتر,https://www.khanoumi.com/products/comeon-geneva-vaselina-25936,مادرم روی پوست دستش اگزما داره این وازلین براش عالیه پوستشو چرب نگه میداره و از خارش جلوگیری میکنه,0,true,2026-05-05T14:19:16.0476376+03:30,مثبت,0.79,محصول,محصول
کرم وازلین روغن آرگان و ویتامین E حجم 230 میلی لیتر,https://www.khanoumi.com/products/comeon-geneva-vaselina-25936,من برای بدن و دست استفاده نکردم به خاطر چربیش اما برای پا عالی بود مقداری شل هست و بوش از خانواده محصولات کامان,0,true,2026-05-02T12:22:25.8760806+03:30,ترکیبی,0.79,محصول,محصول
کرم وازلین روغن آرگان و ویتامین E حجم 230 میلی لیتر,https://www.khanoumi.com/products/comeon-geneva-vaselina-25936,سلام واقعا عالیه من خیلی وقته دارم به این زودی تموم نمیشه قیمتش هم مناسبه بوی خوبی هم داره,0,true,2026-03-28T14:44:40.6538556+03:30,مثبت,0.91,محصول | قیمت,محصول
کرم وازلین روغن آرگان و ویتامین E حجم 230 میلی لیتر,https://www.khanoumi.com/products/comeon-geneva-vaselina-25936,بد نبود بوی خاصی نداشت رو پوستم حالت رو غنی داره,0,true,2025-12-12T19:24:51.3305517+03:30,مثبت,0.67,محصول,محصول
کرم وازلین روغن آرگان و ویتامین E حجم 230 میلی لیتر,https://www.khanoumi.com/products/comeon-geneva-vaselina-25936,خیلى چرب تره از وازلینه ، بوى عطر مشهدى م میده ، ب نظرم با این قیمت ارزش نداره,0,true,2025-12-03T20:28:54.0066882+03:30,خنثی,0.35,محصول | قیمت,محصول
کرم وازلین روغن آرگان و ویتامین E حجم 230 میلی لیتر,https://www.khanoumi.com/products/comeon-geneva-vaselina-25936,تازه امروز به دستم رسید ،خیلی شل بود و کیفیت نداشت,0,true,2025-11-27T00:57:02.9508465+03:30,خنثی,0.35,محصول | تحویل و ارسال,محصول
کرم وازلین روغن آرگان و ویتامین E حجم 230 میلی لیتر,https://www.khanoumi.com/products/comeon-geneva-vaselina-25936,"بافتش عالیه
بوش عالیه
نرم کنندگانش فوق العادست",0,true,2025-10-14T14:28:14.4499949+03:30,مثبت,0.95,محصول,محصول
کرم وازلین روغن آرگان و ویتامین E حجم 230 میلی لیتر,https://www.khanoumi.com/products/comeon-geneva-vaselina-25936,"بافت خاصی داره
مثل روغنه
بد نبود",0,true,2025-08-24T12:49:58.6368668+00:00,مثبت,0.67,محصول,محصول
کرم وازلین روغن آرگان و ویتامین E حجم 230 میلی لیتر,https://www.khanoumi.com/products/comeon-geneva-vaselina-25936,بر خلاف این وازلین کوچیک قدیمی ها اصلا بوی نفت نمیده چون بهش اسانس زدن و اصلا سفت نیست خیلی هم شله من شب ها به عنوان کرم دست ازش استفاده میکنم  به ناخن هام هم میمالم تا صبح هم پوست دستم نرمه اگر هم دستم رو نشورم چربی ش چون که جذب شده اذیت نمیکنه اصلا,0,true,2025-06-08T08:28:24.5442439+00:00,منفی,0.67,محصول | اصل بودن کالا,اصل بودن کالا
کرم وازلین روغن آرگان و ویتامین E حجم 230 میلی لیتر,https://www.khanoumi.com/products/comeon-geneva-vaselina-25936,لطفا شارژ بشه خیلی عالی بود، لطفا سریع,0,true,2025-05-16T06:22:11.4115583+00:00,مثبت,0.79,محصول,محصول
کرم وازلین روغن آرگان و ویتامین E حجم 230 میلی لیتر,https://www.khanoumi.com/products/comeon-geneva-vaselina-25936,"من خوشم اومد
بافتش از وازلین شل تره
و چرب تره
اما جذب میشه
من راضی بودم",0,true,2025-04-04T18:31:06.6634497+00:00,مثبت,0.67,محصول,محصول
کرم وازلین روغن آرگان و ویتامین E حجم 230 میلی لیتر,https://www.khanoumi.com/products/comeon-geneva-vaselina-25936,وازلین هست. اصلا حالت کرم وازلین نداره. چرب و دیر جذب میشه.,0,true,2025-02-27T16:28:00.6208334+00:00,مثبت,0.67,محصول | اصل بودن کالا,محصول
کرم وازلین روغن آرگان و ویتامین E حجم 230 میلی لیتر,https://www.khanoumi.com/products/comeon-geneva-vaselina-25936,"من با توجه به نظرات از این محصول خریدم ، ولی اصلا بدرد نمیخوره و کاملا بوی وازلین ، بوی نفت مانند  میده.
اصلا راضی نبودم",0,true,2025-02-11T11:39:01.9087688+00:00,منفی,0.67,محصول | اصل بودن کالا,اصل بودن کالا
کرم وازلین روغن آرگان و ویتامین E حجم 230 میلی لیتر,https://www.khanoumi.com/products/comeon-geneva-vaselina-25936,وااااقعا عالی بود دستای من با هر کرمی که استفاده میکردم بازم حس خشکی میکردم ولی این کرم خیللللی عالی بود لطافت فوق العاده ای به پوست دستم داده .. ممنون میشم دوباره موجود کنید .. بینظیرررره,0,true,2025-01-22T06:36:16.1145228+00:00,مثبت,0.95,محصول,محصول
کرم وازلین روغن آرگان و ویتامین E حجم 230 میلی لیتر,https://www.khanoumi.com/products/comeon-geneva-vaselina-25936,پیشنهاد میکنم بخرید,0,true,2025-01-21T08:58:04.9973233+00:00,مثبت,0.79,سایر,سایر
کرم وازلین روغن آرگان و ویتامین E حجم 230 میلی لیتر,https://www.khanoumi.com/products/comeon-geneva-vaselina-25936,خواهش میکنم تخفیف50 درصدی رو دوباره بذارید من میخواستم ازمحصولات کامان چندتاسفارش بدم,0,false,2024-12-15T13:23:18.7471295+00:00,منفی,0.67,محصول | قیمت,محصول
کرم وازلین روغن آرگان و ویتامین E حجم 230 میلی لیتر,https://www.khanoumi.com/products/comeon-geneva-vaselina-25936,برای پوست خشک خیلی خوبه بنظرم، من برای دست و پا استفاده کردم و راضی بودم، چربی معمولی داره زیاد اذیت کننده نیست,0,true,2024-12-02T15:50:23.2045483+00:00,مثبت,0.95,محصول,محصول
کرم وازلین روغن آرگان و ویتامین E حجم 230 میلی لیتر,https://www.khanoumi.com/products/comeon-geneva-vaselina-25936,"سلام.اولا اینکه بوی خاصی نداره پس اگر نگران بوی بد وازلینی بگم که با خیال راحت بخر
خیلی چرب هست.نسبتا خوب جذب میشه
اما اصلا نرم کنندگی چندانی نداره
برای دست و بدن شاید نتیجه نسبتا خوبی داشته باشه
من برای کف پا میزنم تاثیر چندانی نداره.البته کامان محصول جداگونه داره برای ترک پا
من نخواستم جداگونه هزینه کنم.",0,true,2024-11-20T10:11:26.8103889+00:00,ترکیبی,0.92,محصول | قیمت | اصل بودن کالا,محصول
کرم وازلین روغن آرگان و ویتامین E حجم 230 میلی لیتر,https://www.khanoumi.com/products/comeon-geneva-vaselina-25936,واقعا عالی بود من چندین سال روی قوزک پام خشک شده بود کلی کرم استفاده کروم ولی جواب نداد اما با این وازلین کامل خوب شد,0,true,2024-08-06T21:02:52+00:00,مثبت,0.91,محصول,محصول
کرم وازلین روغن آرگان و ویتامین E حجم 230 میلی لیتر,https://www.khanoumi.com/products/comeon-geneva-vaselina-25936,توروخدا تخفیف بیشتر بزارید سبد خریدمو نهایی کنم,0,false,2024-05-26T11:46:30+00:00,منفی,0.67,محصول | قیمت,محصول
کرم وازلین روغن آرگان و ویتامین E حجم 230 میلی لیتر,https://www.khanoumi.com/products/comeon-geneva-vaselina-25936,برای رفع بخیه های بعد از عمل دکتر بهم این محصول رو پیشنهاد داد الحق که محصول واقعا خوبی بود. خیلی کمک کرد به بهبود زخمم,0,false,2024-01-18T10:49:13+00:00,مثبت,0.79,محصول,محصول
کرم وازلین روغن آرگان و ویتامین E حجم 230 میلی لیتر,https://www.khanoumi.com/products/comeon-geneva-vaselina-25936,من خیلی شنیده بودم که برای پوست خشک بدن از وازلین استفاده میکنن. ولی خب وازلین معمولی خیلی بوی بدی میده و خیلی سنگینه خیلی دیرم جذب میشه. ولی این محصول کاملا از وازلین معموی متفاوته و خوبه. عالیه حتما بگیریدش,0,false,2023-12-18T17:13:10+00:00,ترکیبی,0.92,محصول,محصول
کرم وازلین روغن آرگان و ویتامین E حجم 230 میلی لیتر,https://www.khanoumi.com/products/comeon-geneva-vaselina-25936,این محصول رو دکترم به خاطر مشکل خشکی پوست بدنم بهم توصیه کرد. الان یه ماهی هست دارم استفاده یکنم و پوستم رو لطیف کرده. اصلا هم بوی بدی نداره,0,false,2023-12-18T15:46:57+00:00,مثبت,0.79,محصول | اصل بودن کالا,محصول
کرم وازلین روغن آرگان و ویتامین E حجم 230 میلی لیتر,https://www.khanoumi.com/products/comeon-geneva-vaselina-25936,اگه شما هم پوست بدن و خصوصا کف پاتون خشک میشه و تیکه تیکه میشه این محصول رو حتما بخرید.,0,false,2023-12-18T15:46:42+00:00,منفی,0.67,محصول,محصول
کرم وازلین روغن آرگان و ویتامین E حجم 230 میلی لیتر,https://www.khanoumi.com/products/comeon-geneva-vaselina-25936,من اگزما دارم و خصوصا توی فصل سرما اگزمام بدتر هم میشه. این وازلین عالیه. من الان یه ماهه ازش استفاده میکنم و عالیه,0,false,2023-12-16T12:29:43+00:00,مثبت,0.91,سایر,سایر
کرم وازلین روغن آرگان و ویتامین E حجم 230 میلی لیتر,https://www.khanoumi.com/products/comeon-geneva-vaselina-25936,بازم تخفیف 50 درصدی یلدایی بزارید,0,false,2023-12-11T11:19:05+00:00,خنثی,0.35,قیمت,قیمت
کرم وازلین روغن آرگان و ویتامین E حجم 230 میلی لیتر,https://www.khanoumi.com/products/comeon-geneva-vaselina-25936,خیلی خوبه. من شب ها برای کف پام استفاده میکنم تا صبح میذارم بمونه. صبح که پا میشم پوست کف پام مثل بچه نرم شده,0,false,2023-12-11T11:03:23+00:00,مثبت,0.91,محصول,محصول
کرم وازلین روغن آرگان و ویتامین E حجم 230 میلی لیتر,https://www.khanoumi.com/products/comeon-geneva-vaselina-25936,حجم خوب، به صرفه که زیاد میمونه، بافت زود جذب ، قیمت مناسب. دیگه چی میخواید از یک وازلین,0,false,2023-11-29T11:41:33+00:00,مثبت,0.67,محصول | قیمت,محصول
کرم وازلین روغن آرگان و ویتامین E حجم 230 میلی لیتر,https://www.khanoumi.com/products/comeon-geneva-vaselina-25936,اصلا اون تصوری که از وازلین های بد بو و سنگین قدیمی رو دارین رو بندازین دور. هم بافتش خیلی بهتره هم زودتر جذب میشه. هم بوی بدی نداره. برای پوست بدن مخصوصا پا عالیه به حفظ رطوبت پوست کمک میکنه,0,false,2023-11-27T15:11:45+00:00,مثبت,0.79,محصول | اصل بودن کالا,محصول
کرم وازلین روغن آرگان و ویتامین E حجم 230 میلی لیتر,https://www.khanoumi.com/products/comeon-geneva-vaselina-25936,این محصول عالیه. وازلین رو قبل از حموم به ته موهاتون بزنید و یکی دوساعت بعد برید حموم. از موخوره جلوگیری میکنه. تضمینی,0,false,2023-11-27T11:12:34+00:00,مثبت,0.79,محصول,محصول
کرم وازلین روغن آرگان و ویتامین E حجم 230 میلی لیتر,https://www.khanoumi.com/products/comeon-geneva-vaselina-25936,کرم وازلین کامان رو حدود یک ماهه که از پیشنهادهای ویژه فروشگاه خانومی خریدم. یکی از خوبیای کرم وازلین کامان اینه که اصلا مثل وازلین های قدیمی که تو ذهنمونه چرب نیست و احساس بد و سنگینی روی پوست به وجود نمیاره. این محصول موجب رطوبت رسانی و حفظ رطوبت پوستم میشه و توی این مدتی که ازش استفاده کردم احساس میکنم در رفع لک و اسکار روی پوستم هم تاثیرگذار بوده و به ترمیم این قسمتها کمک کرده. ضمنا من روی دستم یه اگزمای کوچیک دارم که از وقتیکه از کرم وازلین کامان استفاده میکنم خیلی بهتر شده و خارشش هم کم شده. در کل از خریدم راضیم و میگم که این محصول کیفیت خوبی داره. ,5,false,2022-03-01T20:57:18+00:00,ترکیبی,0.92,محصول | اصل بودن کالا,محصول
کرم وازلین روغن آرگان و ویتامین E حجم 230 میلی لیتر,https://www.khanoumi.com/products/comeon-geneva-vaselina-25936,خیلی نرم میکنه، و اینکه حجمشم زیاده، بوی خوبی هم داره,11,true,2021-01-03T19:44:24+00:00,مثبت,0.67,محصول,محصول
کرم وازلین روغن آرگان و ویتامین E حجم 230 میلی لیتر,https://www.khanoumi.com/products/comeon-geneva-vaselina-25936,خیلی خوبه برای همه چی از خشکی بگیر تا زخمای کوچیک. حتما یکی بخرید داشته باشید,13,true,2020-10-04T00:33:28+00:00,مثبت,0.91,سایر,سایر
کرم وازلین روغن آرگان و ویتامین E حجم 230 میلی لیتر,https://www.khanoumi.com/products/comeon-geneva-vaselina-25936,"خیلی خوب و کاربردیه, خراشیدگی  وجای اونو روی پوستو سریع خوب میکنه 
",7,true,2020-09-30T02:55:31+00:00,مثبت,0.91,محصول,محصول
کرم وازلین روغن آرگان و ویتامین E حجم 230 میلی لیتر,https://www.khanoumi.com/products/comeon-geneva-vaselina-25936,خیلی خوشبوعه از وازلین مایع تره میشه راحتتر پخشش کرد,8,true,2020-09-21T13:38:19+00:00,خنثی,0.35,محصول,محصول
کرم وازلین روغن آرگان و ویتامین E حجم 230 میلی لیتر,https://www.khanoumi.com/products/comeon-geneva-vaselina-25936,عالیه تو خریدش اصلا شک نکنید,6,true,2020-05-19T02:53:33+00:00,مثبت,0.91,اصل بودن کالا,اصل بودن کالا
کرم وازلین روغن آرگان و ویتامین E حجم 230 میلی لیتر,https://www.khanoumi.com/products/comeon-geneva-vaselina-25936,وازلینه دیگه . دیر جذب میشه,2,true,2020-01-14T09:39:23+00:00,خنثی,0.35,سایر,سایر
کرم وازلین روغن آرگان و ویتامین E حجم 230 میلی لیتر,https://www.khanoumi.com/products/comeon-geneva-vaselina-25936,بوی خوبی داره اما باهوشا اومدن یه کرم سفت رو ریختن تو ظرف پمپی.شما تصور کنیدبخواید وازلین رو با پمپ بکشید.چطور میشه آخه استفاده کرد.,10,false,2019-12-01T16:36:37+00:00,مثبت,0.67,محصول,محصول
کرم وازلین روغن آرگان و ویتامین E حجم 230 میلی لیتر,https://www.khanoumi.com/products/comeon-geneva-vaselina-25936,خوشبوئه اما به اندازه وازلین های معمولی قدرت رفع خشکی مثلا پا یا دست رو نداره ,9,false,2019-10-15T01:36:36+00:00,خنثی,0.35,محصول,محصول
کرم وازلین روغن آرگان و ویتامین E حجم 230 میلی لیتر,https://www.khanoumi.com/products/comeon-geneva-vaselina-25936,عالیه,3,false,2019-10-09T02:03:21+00:00,مثبت,0.79,سایر,سایر
فوم شستشو و آبرسان صورت مناسب پوست های چرب,https://www.khanoumi.com/products/medilann-purifying-foam-cleanser-oily-to-combination-skin-25934,واقعا عالیه هم پوست نرم می‌کنه هم پوست روشن میکنه,34,true,2019-10-17T12:30:12+00:00,مثبت,0.79,محصول,محصول
ژل کرم افترسان سان سنس,https://www.khanoumi.com/products/ego-sun-sense-after-sun-cream-gel-25941,"محصول اصل به نظر می رسه چون عطر عالی ای داره و مرطوب کنندگی طولانی مدته
به نسبت قیمتش, حجم و کیفیت خیلی خوبی هم داره.  راضی ام و خریدش رو توصیه می کنم. ممنون از خانومی",1,true,2021-07-21T00:18:33+00:00,مثبت,0.95,محصول | اصل بودن کالا | قیمت,محصول
ضد آفتاب اولترا سانس سنس 125 میلی لیتر,https://www.khanoumi.com/products/ego-sun-sense-ultra-sun-protection-lotion-125ml-25943,من الان یه ماه ازین کرم استفاده میکنم خیلی سبکه روی پوست و بدون رنگم هست روی خود محصول نوشته برای انواع پوست ولی بنظر من برای پوست خشک خیلی بهتره چون یکم به چربی میزنه و در آخر اینکه خیلی بصرفه س من راضیم,1,false,2020-03-15T17:39:17+00:00,ترکیبی,0.79,محصول,محصول
ضد آفتاب اولترا سانس سنس 125 میلی لیتر,https://www.khanoumi.com/products/ego-sun-sense-ultra-sun-protection-lotion-125ml-25943,من الان یه ماه ازین کرم استفاده میکنم خیلی سبکه روی پوست و بدون رنگم هست روی خود محصول نوشته برای انواع پوست ولی بنظر من برای پوست خشک خیلی بهتره چون یکم به چربی میزنه و در آخر اینکه خیلی بصرفه س من راضیم,0,false,2020-03-15T15:31:58+00:00,ترکیبی,0.79,محصول,محصول
ضد آفتاب اولترا سانس سنس 125 میلی لیتر,https://www.khanoumi.com/products/ego-sun-sense-ultra-sun-protection-lotion-125ml-25943,بسیار عالی و سبک / کوه که میرم و میام اصلا پوستم التهاب و سوزش پیدا نمی کنه و آفتاب سوخته نمیشه 🥰😍😘,0,false,2020-03-15T15:16:13+00:00,مثبت,0.79,محصول | اصل بودن کالا,محصول
ضد آفتاب اولترا سانس سنس 125 میلی لیتر,https://www.khanoumi.com/products/ego-sun-sense-ultra-sun-protection-lotion-125ml-25943,آیا این ضد آفتاب مثل ایزدین رو پوست جذب میشه یا میماسه؟,0,false,2019-10-07T09:50:24+00:00,خنثی,0.35,محصول,محصول
ضد آفتاب دیلی فیس سان سنس 50 گرمی,https://www.khanoumi.com/products/ego-sun-sense-daily-face-sunscreen-50g-25944,بهترین ضدآفتاب پوست چرب همینه,0,false,2024-05-29T00:05:46+00:00,مثبت,0.67,محصول,محصول
کرم پمپی کیو وی,https://www.khanoumi.com/products/ego-qv-cream-500g-25948,لطفا شارژ کنید..خیلی کرم خوبیه,0,false,2026-06-04T06:41:03.1685261+03:30,مثبت,0.67,محصول,محصول
کرم پمپی کیو وی,https://www.khanoumi.com/products/ego-qv-cream-500g-25948,دفعه سومه که این کرم رو تهیه می کنم،با پوست دست من که توی زمستون به شدت خشک میشه خیلی سازگاره,1,true,2020-03-16T15:34:40+00:00,خنثی,0.35,محصول,محصول
کرم پمپی کیو وی,https://www.khanoumi.com/products/ego-qv-cream-500g-25948,میتونم بگم فوق العادست، به هیچ وجه ایجاد حساسیت نمیکنه و واقعا اون چربی و رطوبتی که یه پوست خشک لازم داره رو تامین میکنه احساس سوزش پوست رو برطرف میکنه، ضمنا بسته بندی خاص حجم۵۰۰میل باعث شده که کرم کاملا مصرف بشه و چیزی تهش نمونه,10,true,2019-11-20T21:53:08+00:00,خنثی,0.35,محصول | تحویل و ارسال,محصول
فوم شستشو ازکلییر فومینگ واش کیو وی,https://www.khanoumi.com/products/ego-azclear-action-foaming-wash-25949,حدودا 2 سال دارم ازش استفاده میکنم، بی نظیره... قبلا جوش های چرکی خیلی میزدم ولی وقتی با این محصول آشنا شدم صورت خیلی خوب شد... اما من قبل از شست و شو با این محصول اول با میسلار آرایش رو پاک میکنم، بعد میشورم و بعد هم با تونر که برای گوشت چربه صورتم رو پاک میکنم و بعد هم بمب آبرسان میزنم... الان وضعیت صورتم عالیه... ,3,false,2020-04-15T17:14:25+00:00,مثبت,0.95,محصول,محصول
لایه بردار پولیش کیو وی,https://www.khanoumi.com/products/ego-qv-exfoliating-polish-25950,حالت کرمی داره و تعداد زیادی دونه‌های خیلی ریز داره.بنظر من برای پوست نرمال تا خشک مناسبتره و پوست رو با ملایمت لایه‌برداری میکنه بدون اینکه حساس کنه.من معمولا هفته‌ای یکبار موقع حموم استفاده می‌کنم و راضیم,14,false,2020-10-22T09:20:51+00:00,ترکیبی,0.74,محصول,محصول
کرم ترک پا کیو وی,https://www.khanoumi.com/products/ego-qv-feet-heel-balm-cream-25957,سلام لطفا لطفا کرم ترک پا کیو وی رو موجود کنید .من برای ترک پای دیابتی استفاده میکردم و واقعا تاثیرگذار بود طی چندروز ترمیم میشد,0,false,2026-06-23T13:11:11.5164624+03:30,خنثی,0.35,محصول,محصول
کرم مرطوب کننده نوزاد 100گرمی کیو وی,https://www.khanoumi.com/products/ego-qv-baby-moisturising-cream-100g-25965,برای دون دون شدن و قرزی و التهاب صورت نوزاد استفاده کردم، کرم بدون بو و اسانسی و مناسب نوزادان هست. ,4,false,2020-08-02T19:47:22+00:00,منفی,0.67,محصول,محصول
ادوپرفیوم زنانه نامبر ناین 50 میل,https://www.khanoumi.com/products/beverly-hills-polo-club-eau-de-perfume-number-9-for-women-50-ml-25968,خوبه,0,true,2023-01-09T23:03:48+00:00,مثبت,0.79,سایر,سایر
ادوپرفیوم زنانه نامبر ناین 50 میل,https://www.khanoumi.com/products/beverly-hills-polo-club-eau-de-perfume-number-9-for-women-50-ml-25968,خیلی بوی خوبی میده,2,false,2020-05-10T10:52:59+00:00,مثبت,0.67,محصول,محصول
ادوپرفیوم زنانه نامبر وان 50 میل,https://www.khanoumi.com/products/beverly-hills-polo-club-eau-de-perfume-number-1-for-women-50-ml-25969,بوی خوبی داره ولی موندگاری نداره,0,false,2020-05-09T14:37:54+00:00,مثبت,0.67,محصول,محصول
ادوتویلت مردانه نامبر ناین 100 میل,https://www.khanoumi.com/products/beverly-hills-polo-club-eau-de-toilette-number-9-for-men-100-ml-25972,اصلا موندگاری نداره،از خریدش پشیمونم,1,false,2020-10-01T12:09:09+00:00,ترکیبی,0.74,محصول | اصل بودن کالا,محصول
ادوتویلت مردانه نامبر ناین 100 میل,https://www.khanoumi.com/products/beverly-hills-polo-club-eau-de-toilette-number-9-for-men-100-ml-25972,خیلی بوی خوبی داره اما حتی نیم ساعت هم ماندگاری نداره.اصلا هم پخش بو نداره‌واقعا نمیدونم چرا اینجوریه.الان ارزونترین عطر هم حداقل ی موندگاری قابل قبول داره ولی این عطر هیچی نداره,0,true,2020-06-28T20:00:08+00:00,خنثی,0.35,محصول | اصل بودن کالا | قیمت,محصول
عطر زنانه دارک ویو  100 میلی لیتر,https://www.khanoumi.com/products/jacksaf-dark-wave-eau-de-parfum-25975,بوش بده,0,true,2025-11-08T22:15:53.1066957+03:30,منفی,0.79,محصول,محصول
عطر زنانه دارک ویو  100 میلی لیتر,https://www.khanoumi.com/products/jacksaf-dark-wave-eau-de-parfum-25975,تخفیف لطفااااا,0,false,2025-02-03T11:31:38.2286193+00:00,خنثی,0.35,قیمت,قیمت
عطر زنانه دارک ویو  100 میلی لیتر,https://www.khanoumi.com/products/jacksaf-dark-wave-eau-de-parfum-25975,لطفا تخفیف 50٪بزارید ,0,false,2024-05-14T10:56:37+00:00,خنثی,0.35,قیمت,قیمت
عطر زنانه دارک ویو  100 میلی لیتر,https://www.khanoumi.com/products/jacksaf-dark-wave-eau-de-parfum-25975,نسبت به قیمتش عالیه,0,true,2024-02-24T01:39:26+00:00,مثبت,0.79,قیمت,قیمت
عطر زنانه دارک ویو  100 میلی لیتر,https://www.khanoumi.com/products/jacksaf-dark-wave-eau-de-parfum-25975,خنک و شیرین ,0,false,2023-06-22T15:08:02+00:00,خنثی,0.35,سایر,سایر
عطر زنانه بی لایف بلک 100 میلی لیتر,https://www.khanoumi.com/products/marc-joseph-black-belief-eau-de-parfum-25988,بی نظیره,0,false,2023-08-22T14:18:00+00:00,خنثی,0.35,سایر,سایر
عطر زنانه آپولوژی 100 میلی لیتر,https://www.khanoumi.com/products/halloween-apology-eau-de-parfum-26003,عطر آپولوژی به نسبت قیمتی که داشت ماندگاری بسیار خوبی داشت و از استفادش راضی بودم. پخش بوی زیادی نداشت اما قابل استشمام بود. ماندگاریش هم زیاد نبود و نیاز به تمدید داشت. اما به عنوان یک عطر زنانه با توجه به قیمتش پیشنهاد خوبی برای استفاده کردن می تونه باشه.,2,false,2022-08-17T09:01:12+00:00,مثبت,0.95,محصول | قیمت,محصول
عطر زنانه آپولوژی 100 میلی لیتر,https://www.khanoumi.com/products/halloween-apology-eau-de-parfum-26003,ماندگاری خوبی داشت پخش بوی مناسبی هم داشت اگر از رایحه های بهاری خوشتون بیاد یا قبلا رایحه kenzo  را دوست داشتید احتمالا عاشق apology   می شید من 5 سال که استفاده میکنم اخیرا دیگه تو بازار پیدا نکردم و با ترس و لرز اینترنتی سفارش دادم کاملا مشابه نمونه ای بود که قبلا داشتم از سایت خانومی ممنونم,14,true,2020-08-24T10:41:10+00:00,مثبت,0.79,محصول,محصول
عطر زنانه مونداین 95 میلی لیتر,https://www.khanoumi.com/products/halloween-mondaine-eau-de-parfum-26004,این عطر رو چند ساله دارم بوی شیرین و گرمی داره تا دوسه روز ماندگار بوی اصلی و حتی با شستشوی لباس ی ته بوش مونده رو لباس هام,12,false,2020-10-03T00:12:59+00:00,مثبت,0.67,محصول | اصل بودن کالا,محصول
عطر مردانه فرش 100 میلی لیتر,https://www.khanoumi.com/products/versace-eau-fraiche-eau-de-toilet-26018,عالی بود من ازشون خرید کردم اصل بود محصولاتشون,0,false,2023-03-29T04:21:45+00:00,مثبت,0.95,محصول | اصل بودن کالا,محصول
عطر زنانه برایت کریستال 90میل,https://www.khanoumi.com/products/versace-bright-crystal-eau-de-parfum-26020,لطفا موجود کنیدددد,0,false,2024-11-24T13:29:32.1720204+00:00,خنثی,0.35,محصول,محصول
عطر زنانه برایت کریستال 90میل,https://www.khanoumi.com/products/versace-bright-crystal-eau-de-parfum-26020,لطفا این کار رو موجود کنید من نمیتونم به سایت های دیگه اعتماد کنم,0,false,2024-05-03T15:54:54+00:00,خنثی,0.35,محصول,محصول
عطر زنانه برایت کریستال 90میل,https://www.khanoumi.com/products/versace-bright-crystal-eau-de-parfum-26020,رایحه این ادکلن عااااالییه من دارم آخراشه حیفم مییاد استفاده کنم یه بویِ موندگار خاص و عامه پسند ,1,false,2022-11-02T12:15:41+00:00,خنثی,0.35,محصول,محصول
ادوتویلت مردانه مدل Classic Black حجم 100 میلی لیتر,https://www.khanoumi.com/products/jaguar-classic-black-eau-de-toilette-26027,خیلی عالیه لطفا موجودش کنید,0,false,2025-10-09T19:44:12.5332258+03:30,مثبت,0.79,محصول,محصول
ادوتویلت مردانه مدل Classic Black حجم 100 میلی لیتر,https://www.khanoumi.com/products/jaguar-classic-black-eau-de-toilette-26027,لطفا شارژش کنید,0,false,2025-01-19T22:26:02.3790543+00:00,خنثی,0.35,سایر,سایر
ادوتویلت مردانه مدل Classic Black حجم 100 میلی لیتر,https://www.khanoumi.com/products/jaguar-classic-black-eau-de-toilette-26027,"عالیه 
لطفا موجودش کنید",0,true,2024-10-13T05:59:00.2602073+00:00,مثبت,0.79,محصول,محصول
ادوتویلت مردانه مدل Classic Black حجم 100 میلی لیتر,https://www.khanoumi.com/products/jaguar-classic-black-eau-de-toilette-26027,لطفااااا شارژش کنید,0,false,2024-02-23T23:49:11+00:00,خنثی,0.35,سایر,سایر
ادوتویلت مردانه مدل Classic Black حجم 100 میلی لیتر,https://www.khanoumi.com/products/jaguar-classic-black-eau-de-toilette-26027,موجود کنید لطفا,0,false,2024-02-23T23:26:45+00:00,خنثی,0.35,محصول,محصول
ادوتویلت مردانه مدل Classic Black حجم 100 میلی لیتر,https://www.khanoumi.com/products/jaguar-classic-black-eau-de-toilette-26027,من این محصول رو دارم و بهترینه اصلا کلمه عالی براش کمه خیلی خیلی فوقالعادس,1,false,2022-10-20T17:26:25+00:00,مثبت,0.91,محصول | اصل بودن کالا,محصول
عطر ادکلن نارسیسو پودری زنانه حجم 90 میلی لیتر,https://www.khanoumi.com/products/narcisco-rodriguez-poudree-eau-de-parfum-26041,فوق العاده،ماندگاری عالی،بوی شیک وخاص،من سومین باره خریدم,0,false,2026-07-27T07:51:35.0451123+03:30,مثبت,0.79,محصول,محصول
عطر ادکلن نارسیسو پودری زنانه حجم 90 میلی لیتر,https://www.khanoumi.com/products/narcisco-rodriguez-poudree-eau-de-parfum-26041,لطفااااااااااااا شارژش کن خانومیییییی,0,false,2025-01-13T08:23:09.3209412+00:00,خنثی,0.35,سایر,سایر
عطر ادکلن فور هر نارسیسو رودریگز حجم 100 میلی لیتر,https://www.khanoumi.com/products/narcisco-rodriguez--for-her-eau-de-parfum-26044,"بوش عالیه ،اگه بوی شیک و بوی گل میخوای انتخاب عالییه  ساعتها ماندگاری داره 
هر بار که استفاده کردم ازم اسمش رو",0,false,2026-01-17T03:46:52.2479326+03:30,مثبت,0.91,محصول,محصول
عطر ادکلن فور هر نارسیسو رودریگز حجم 100 میلی لیتر,https://www.khanoumi.com/products/narcisco-rodriguez--for-her-eau-de-parfum-26044,کاملا بوی گل رز میده ولی خیلی ماندگاری نداره ,0,false,2024-03-14T01:26:38+00:00,خنثی,0.35,محصول,محصول
عطر زنانه گود گرل ولوت فتال 80 میلی لیتر,https://www.khanoumi.com/products/carolina-herrera-good-girl-velvet-fatale-eau-de-parfum-26049,این عطر فوق العاده است. بوی خیلی گرم و جذابی داره که حسابی پخش میشه. تا ساعت ها روی پوست و لباس باقی می مونه. اگر به رد بو  علاقه دارید، پیشنهاد می کنم حتما از این عطر استفاده کنید.,0,false,2022-12-24T09:18:25+00:00,مثبت,0.79,محصول,محصول
عطر زنانه مون پاریس 90 میلی لیتر,https://www.khanoumi.com/products/ysl-mon-paris-eau-de-parfum-26050,لطفاً اصلش رو موجود کنید با هر قیمتی باشه من اولین نفر میخرم,0,false,2026-04-20T00:46:38.9502314+03:30,مثبت,0.67,محصول | اصل بودن کالا | قیمت,محصول
عطر زنانه مون پاریس 90 میلی لیتر,https://www.khanoumi.com/products/ysl-mon-paris-eau-de-parfum-26050,"هرچقدر از بوی خوش و قشنگش بگم کمه خیلی خوبه 
بوش دخترونه و شیکه",0,false,2026-03-14T17:40:26.2949919+03:30,مثبت,0.91,محصول,محصول
عطر زنانه مون پاریس 90 میلی لیتر,https://www.khanoumi.com/products/ysl-mon-paris-eau-de-parfum-26050,لطفاً موجود کنید,0,false,2025-01-03T22:54:34.6217496+00:00,خنثی,0.35,محصول,محصول
عطر زنانه مون پاریس 90 میلی لیتر,https://www.khanoumi.com/products/ysl-mon-paris-eau-de-parfum-26050,لطفاً شارژ کنید,0,false,2025-01-03T22:53:43.6897825+00:00,خنثی,0.35,سایر,سایر
عطر زنانه مون پاریس 90 میلی لیتر,https://www.khanoumi.com/products/ysl-mon-paris-eau-de-parfum-26050,لطفاً موجود کنید,0,false,2025-01-03T18:47:50.6343342+00:00,خنثی,0.35,محصول,محصول
عطر زنانه مون پاریس 90 میلی لیتر,https://www.khanoumi.com/products/ysl-mon-paris-eau-de-parfum-26050,لطفاً شارژ کنید,0,false,2025-01-03T18:47:28.1427645+00:00,خنثی,0.35,سایر,سایر
عطر زنانه مون پاریس 90 میلی لیتر,https://www.khanoumi.com/products/ysl-mon-paris-eau-de-parfum-26050,سلام لطفا موجودش کنید خیلی خوشبوعه,0,false,2024-12-24T07:38:15.0564068+00:00,خنثی,0.35,محصول,محصول
ادوپرفیوم زنانه مدل Black Opium حجم 90میل,https://www.khanoumi.com/products/ysl-black-opium-eau-de-parfum-26051,فوق العادسسس,0,false,2026-03-10T14:20:23.1973365+03:30,خنثی,0.35,سایر,سایر
ادوپرفیوم زنانه مدل Black Opium حجم 90میل,https://www.khanoumi.com/products/ysl-black-opium-eau-de-parfum-26051,لطفا موجود کنید,0,false,2024-11-24T17:26:22.1933555+00:00,خنثی,0.35,محصول,محصول
ادوپرفیوم زنانه مدل Black Opium حجم 90میل,https://www.khanoumi.com/products/ysl-black-opium-eau-de-parfum-26051,لطفا این محصول و موجود کنید,0,false,2024-10-22T08:30:43.9026632+00:00,خنثی,0.35,محصول,محصول
ادوپرفیوم زنانه مدل Black Opium حجم 90میل,https://www.khanoumi.com/products/ysl-black-opium-eau-de-parfum-26051,در نوع خود کم نظیر,0,true,2024-04-12T16:44:24+00:00,خنثی,0.35,سایر,سایر
ادوپرفیوم زنانه مدل Black Opium حجم 90میل,https://www.khanoumi.com/products/ysl-black-opium-eau-de-parfum-26051,خیلی خوبه,0,false,2024-04-11T17:00:17+00:00,مثبت,0.91,سایر,سایر
ادوپرفیوم زنانه مدل Black Opium حجم 90میل,https://www.khanoumi.com/products/ysl-black-opium-eau-de-parfum-26051,عالیه ,0,false,2024-03-26T12:26:43+00:00,مثبت,0.79,سایر,سایر
عطر زنانه الگزیر 100 میلی لیتر,https://www.khanoumi.com/products/clinique-aromatics-elixir-eau-de-parfum-26056,فوق العاده خوش بو و ماندگار لطفاً موجود کنید,0,false,2025-02-23T20:33:45.8142999+00:00,مثبت,0.67,محصول,محصول
عطر زنانه الگزیر 100 میلی لیتر,https://www.khanoumi.com/products/clinique-aromatics-elixir-eau-de-parfum-26056,بهترین خوشبوترین رایحه ای که درعطر میخواهی باشه در این عطره من 40 ساله که فقط از این عطر استفاده میکنم و عاشقش هستم ,0,false,2024-03-12T07:24:36+00:00,مثبت,0.67,محصول,محصول
عطر زنانه سداکشن گیزاس 100 میلی لیتر,https://www.khanoumi.com/products/quizas-loewe-seduccion-eau-de-parfum-26062,این عطر واقعا محشره برای تمام سنین و علایق عالی هست به شدت پیشنهاد میشه,3,false,2022-12-20T10:15:58+00:00,مثبت,0.79,محصول,محصول
عطر زنانه سیگنوریا الگانزا 100 میلی لیتر,https://www.khanoumi.com/products/salvatore-ferragamo-signora-eleganza-eau-de-parfum-26081,بوی شیک و با کلاسی داره. محشره,1,false,2023-01-19T20:49:29+00:00,خنثی,0.35,محصول,محصول
ادوتویلت مردانه مدل The man intense حجم 100 میلی لیتر,https://www.khanoumi.com/products/marco-serussi-the-man-intense-eau-de-toilet-26108,نسبت به قیمتش کیفیت جالبی نداره,0,false,2026-05-26T20:49:50.1349535+03:30,خنثی,0.35,محصول | قیمت,محصول
ادوتویلت مردانه مدل The man intense حجم 100 میلی لیتر,https://www.khanoumi.com/products/marco-serussi-the-man-intense-eau-de-toilet-26108,"نسبت به اون چیزی که قبلا تست کرده بودم متفاوت بود 
اونطوری که میخواستم  و بقیه میگفتن نبود
ولی بد هم نبود",1,true,2022-12-16T11:26:23+00:00,مثبت,0.67,محصول,محصول
ادوتویلت زنانه آنجل ساکری 50 میلی لیتر,https://www.khanoumi.com/products/t-m-angele-eau-sucree-eau-de-toilet-26119,لطفا موجود کنید,0,false,2025-01-03T02:37:07.8740041+00:00,خنثی,0.35,محصول,محصول
ادوتویلت زنانه آنجل ساکری 50 میلی لیتر,https://www.khanoumi.com/products/t-m-angele-eau-sucree-eau-de-toilet-26119,لطفا موجود کنید,0,false,2025-01-03T02:36:41.5847249+00:00,خنثی,0.35,محصول,محصول
عطر زنانه اینسولنس 100 میلی لیتر,https://www.khanoumi.com/products/insolence-guerlien--eau-de-toilet-26122,خیلی بوش خوبه و ماندگاره,0,false,2023-07-27T00:03:51+00:00,مثبت,0.79,محصول,محصول
عطر زنانه اینسولنس 100 میلی لیتر,https://www.khanoumi.com/products/insolence-guerlien--eau-de-toilet-26122,عالیه 😍😍😍چه بویی داره 😍😍😍,1,false,2023-04-28T02:25:37+00:00,مثبت,0.79,محصول,محصول
کاندوم 12 عددی بسیار نازک مدل سنسیتیو پرو سنسیشن,https://www.khanoumi.com/products/nach-kodex-sensitive-pro-sensation-condom-12pcs-26127,افتضاح خیلی زود پاره میشه,0,true,2026-04-25T00:55:00.7492187+03:30,منفی,0.67,سایر,سایر
کاندوم 12 عددی بسیار نازک مدل سنسیتیو پرو سنسیشن,https://www.khanoumi.com/products/nach-kodex-sensitive-pro-sensation-condom-12pcs-26127,محصول خوبیه,0,true,2025-01-06T09:14:18.6625203+00:00,مثبت,0.67,محصول,محصول
کاندوم 12 عددی بسیار نازک مدل سنسیتیو پرو سنسیشن,https://www.khanoumi.com/products/nach-kodex-sensitive-pro-sensation-condom-12pcs-26127,خوب بود البته فکر میکردیم بهتر باشه,0,false,2024-12-03T11:32:39.2206052+00:00,مثبت,0.79,محصول,محصول
کاندوم 12 عددی تاخیری خاردار مدل مستر 3 در 1,https://www.khanoumi.com/products/nach-kodex-master-3-in-1-condom-12pcs-26128,خیلی خوبه عالی,0,false,2026-04-11T21:30:35.9807435+03:30,مثبت,0.95,سایر,سایر
کاندوم 10 عددی تاخیری فیزیکی نازک مدل Double Delay,https://www.khanoumi.com/products/nach-kodex-double-delay-condom-12pcs-26132,خیلی ضخیم هست,0,false,2026-01-18T11:19:46.7081926+03:30,خنثی,0.35,سایر,سایر
کاندوم 12 عددی تاخیری خاردار تحریک کننده مدل وارم چلنجر 5 در 1,https://www.khanoumi.com/products/nach-kodex-warm-challenger-5-in-1-condom-12pcs-26135,خاردار نیست,0,true,2025-08-17T09:09:47.8645661+00:00,خنثی,0.35,سایر,سایر
کاندوم 12 عددی تاخیری مدل رد کاکتوس,https://www.khanoumi.com/products/nach-kodex-red-cactus-condom-12pcs-26138,واقعا تو تاخیر عالیه,0,false,2025-09-12T19:21:46.6121697+03:30,ترکیبی,0.74,سایر,سایر
کاندوم 12 عددی بسیار نازک مدل زیرو اینویزیبل,https://www.khanoumi.com/products/nach-kodex-zero-invisible-condom-12pcs-26139,اینا سایز بندی داره؟ سایزش چند؟,0,false,2025-10-14T11:36:15.9752172+03:30,خنثی,0.35,محصول,محصول
کاندوم 12 عددی ساده مدل آلویز استند آپ کلاسیک,https://www.khanoumi.com/products/nach-kodex-always-stand-up-classic-condom-12pcs-26140,خیلی خوبه,0,false,2025-06-23T14:12:45.229671+00:00,مثبت,0.91,سایر,سایر
کاندوم 12 عددی تنگ کننده مدل دابل پومگرانت,https://www.khanoumi.com/products/nach-kodex-double-pomegranate-condom-12pcs-26141,مثل بقیه کاتدوم هاکاملامعمولی,0,true,2025-09-12T05:59:48.4703015+03:30,خنثی,0.35,محصول,محصول
کاندوم 12 عددی تاخیری خاردار میوهای مدل ماتادور,https://www.khanoumi.com/products/nach-kodex-matador-most-power-condom-12pcs-26144,خاردار نبود,0,true,2026-04-20T01:36:33.476697+03:30,خنثی,0.35,محصول,محصول
کاندوم 12 عددی تاخیری خاردار تحریک کننده مدل جینسینگ,https://www.khanoumi.com/products/nach-kodex-ginseng-condom-12pcs-26145,تاخیری اونجوری نیست خالدارهم نیست ساده است,0,true,2026-04-06T19:21:49.2814113+03:30,منفی,0.67,سایر,سایر
کاندوم 10 عددی خاردار مدل بیگ داتس,https://www.khanoumi.com/products/nach-kodex-big-dots-condom-10pcs-26146,خاراش هیچ تاثیری نداره وای درکل بدنبود,0,false,2026-05-14T02:30:13.7848188+03:30,مثبت,0.67,محصول,محصول
کاندوم 10 عددی خاردار مدل بیگ داتس,https://www.khanoumi.com/products/nach-kodex-big-dots-condom-10pcs-26146,خوبه ولی تو تایم طولانی اذیت میکنه ,3,false,2023-04-19T05:02:15+00:00,مثبت,0.79,سایر,سایر
فیس براش دستی سیلیکونی,https://www.khanoumi.com/products/etude-house-my-beauty-tool-jellyfish-silicone-brush-26147,باید رنگ رو میزدید رندوم ,2,true,2020-01-13T12:10:52+00:00,خنثی,0.35,محصول,محصول
فیس براش دستی سیلیکونی,https://www.khanoumi.com/products/etude-house-my-beauty-tool-jellyfish-silicone-brush-26147,تو عکس بزرگتر از حالت عادیه در صورتی که خیلی کوچیکه و کاش مینوشتید که رنگ فیس براش شانسیه,1,true,2020-01-10T20:41:02+00:00,خنثی,0.35,محصول,محصول
فیس براش دستی سیلیکونی,https://www.khanoumi.com/products/etude-house-my-beauty-tool-jellyfish-silicone-brush-26147,"اینو من خریدم یه اسباب بازی تا یه فیس براش
",3,true,2019-12-28T20:24:43+00:00,خنثی,0.35,سایر,سایر
فیس براش دستی سیلیکونی,https://www.khanoumi.com/products/etude-house-my-beauty-tool-jellyfish-silicone-brush-26147,"من اصلا از خرید این محصول راضی نیستم 
",7,true,2019-12-07T19:36:57+00:00,خنثی,0.35,محصول | اصل بودن کالا,محصول
فیس براش دستی دو سر ارسال با رنگ رندوم,https://www.khanoumi.com/products/double-side-face-brush-26148,اصلا شبیه عکسش نیست، سریش خیییلی کوچیکه,0,false,2026-06-14T23:48:23.3092904+03:30,مثبت,0.67,اصل بودن کالا,اصل بودن کالا
فیس براش دستی دو سر ارسال با رنگ رندوم,https://www.khanoumi.com/products/double-side-face-brush-26148,"امروز بدستم رسید
چیز خوبیه
منکه حال کردم پوستمو برق انداخت",0,true,2026-04-23T00:53:22.8155644+03:30,ترکیبی,0.66,محصول | تحویل و ارسال,محصول
فیس براش دستی دو سر ارسال با رنگ رندوم,https://www.khanoumi.com/products/double-side-face-brush-26148,خوب بود,0,false,2025-12-17T22:54:54.5196816+03:30,مثبت,0.79,محصول,محصول
فیس براش دستی دو سر ارسال با رنگ رندوم,https://www.khanoumi.com/products/double-side-face-brush-26148,عالی من که خیلی راضیم,0,true,2025-11-25T11:45:27.1088692+03:30,مثبت,0.91,سایر,سایر
فیس براش دستی دو سر ارسال با رنگ رندوم,https://www.khanoumi.com/products/double-side-face-brush-26148,خوبه و خوش دسته,0,true,2025-08-16T20:58:35.632595+00:00,مثبت,0.79,سایر,سایر
فیس براش دستی دو سر ارسال با رنگ رندوم,https://www.khanoumi.com/products/double-side-face-brush-26148,خوبه پوست عمقی تمیز میشه,0,false,2024-08-11T23:26:08+00:00,مثبت,0.79,محصول,محصول
فیس براش دستی دو سر ارسال با رنگ رندوم,https://www.khanoumi.com/products/double-side-face-brush-26148,تخفیف بزارید ,0,false,2024-02-01T15:06:27+00:00,خنثی,0.35,قیمت,قیمت
فیس براش دستی دو سر ارسال با رنگ رندوم,https://www.khanoumi.com/products/double-side-face-brush-26148,اولش تا چند ماه خوبه ولی بعد ۳ ماه برس های مویی سر فیس براش شروع به ریزش کرد و بعد یکی دو هفته نصفش ریخت  ..برا من فقط ۳ ماه کار کرد,17,false,2020-07-06T18:49:17+00:00,مثبت,0.79,محصول,محصول
پالت درخشان کننده صورت,https://www.khanoumi.com/products/fara-beauty-illuminating-pallet-26150,این محصول فوق العاده است و زیبایی آرایش رو چند برابر میکنه وماندگاری زیادی داره,0,true,2023-06-29T19:28:33+00:00,مثبت,0.67,محصول,محصول
پالت سایه چشم شب,https://www.khanoumi.com/products/fara-beauty-night-eyeshadow-pallet-26151,"من گریم سینما کار میکنم و میخوام بگم که بافت سبک و رنگهای خاصش در رده ی بالایی از محصولات آرایشی قرار داره و بی اونکه شما بخواین هزینه خیلی زیادی بابت محصولات گریم که خیلی هم سنگینن و به پوست آسیب میزنن بدید میتونید با این سایه بیشتر انتظاراتتون رو 
 براورده کنید.ضمن اینکه بعد از استفاده تغییرات زیاد چشمتون رو خواهید دید بی اونکه خیلی ارایشتون بخواد زننده باشه و کاملا نچرال دیده میشید",0,false,2023-06-29T19:34:04+00:00,منفی,0.67,محصول | قیمت,محصول
روغن زیبایی طلای 24 عیار,https://www.khanoumi.com/products/fara-beauty-24-karat-beauty-rosehip-oil-26156,"سلام
من پوست خشکی دارم که چروک های زیاد و ریزی داره و آدمی هستم که کرم های روز و شب مرتب استفاده میکنم و زیاد اهل آرایش نیستم
برای اولین بار این محصول رو از خانومی خریدم  استفاده کردم و هر کی میدید میگفت که ی کاری به صورتت کردی (بوتاکس..) 
پرایمر استفاده کردم و اثر بسیااار زیبایی داشت و2 یا 3 قطره برای پوست صورت و لب کافیه ",19,true,2020-04-29T11:20:52+00:00,خنثی,0.35,محصول,محصول
اسفنج آرایشی,https://www.khanoumi.com/products/fara-beauty-sponge-26178,تفاوت سایز خشک و مرطوبش تو عکس مشخصه خیلی عالیه خیلی نرم و با کیفیته,1,true,2020-02-22T20:02:22+00:00,مثبت,0.79,محصول,محصول
اسفنج آرایشی,https://www.khanoumi.com/products/fara-beauty-sponge-26178,خيلي خيلي بافت نرمي داره و بعد از خيس شدن سايزش بزرگ ميشه . ,1,true,2020-01-27T10:19:32+00:00,خنثی,0.35,محصول,محصول
اسفنج آرایشی,https://www.khanoumi.com/products/fara-beauty-sponge-26178,خیلی عالیه بعد از خیس کردن سایزش بزرگ میشه. خیلی خوب و سریع کرمپودر رو پخش میکنه و خیلی خیلی نرمه. اصلا سفت نیست,6,true,2019-12-26T10:18:34+00:00,مثبت,0.91,محصول | اصل بودن کالا,محصول
فرمژه حرفه ای AB106,https://www.khanoumi.com/products/vergen-ab106-eyelash-curls-26190,اصلاا خوب نی,0,false,2026-05-18T21:32:45.2011489+03:30,مثبت,0.79,اصل بودن کالا,اصل بودن کالا
فرمژه حرفه ای AB106,https://www.khanoumi.com/products/vergen-ab106-eyelash-curls-26190,خوبه راضی دوبار از این محصول گرفتم,0,false,2026-05-05T22:00:31.0656542+03:30,مثبت,0.91,محصول,محصول
فرمژه حرفه ای AB106,https://www.khanoumi.com/products/vergen-ab106-eyelash-curls-26190,کیفیتش خیلی خوبه,0,false,2025-10-06T21:10:40.8891946+03:30,مثبت,0.91,محصول,محصول
فرمژه حرفه ای AB106,https://www.khanoumi.com/products/vergen-ab106-eyelash-curls-26190,خوبه راضی هستم,0,false,2025-02-03T18:21:28.4097957+00:00,مثبت,0.91,سایر,سایر
فرمژه حرفه ای AB106,https://www.khanoumi.com/products/vergen-ab106-eyelash-curls-26190,اصلا خوب نیست و حالتی به مژه ها ننیده,6,true,2020-06-22T01:09:56+00:00,منفی,0.79,اصل بودن کالا,اصل بودن کالا
فرمژه دسته لاکی AB102,https://www.khanoumi.com/products/vergen-ab102-eyelash-curls-26191,عالی,0,false,2025-10-18T20:09:57.2491464+03:30,مثبت,0.67,سایر,سایر
فرمژه دسته لاکی AB102,https://www.khanoumi.com/products/vergen-ab102-eyelash-curls-26191,به نظرم بد نبود. رضایت بخشه,0,true,2022-11-14T19:35:24+00:00,مثبت,0.67,محصول,محصول
فرمژه دسته لاکی AB102,https://www.khanoumi.com/products/vergen-ab102-eyelash-curls-26191,بنظرم نسبت به قیمتش بد نیست من راضیم ,2,true,2020-08-19T16:46:16+00:00,منفی,0.67,قیمت,قیمت
فرمژه دسته لاکی AB102,https://www.khanoumi.com/products/vergen-ab102-eyelash-curls-26191,من راضی نیستم,3,true,2020-08-05T21:16:41+00:00,منفی,0.67,سایر,سایر
پد حوله ای ساتن دار N102,https://www.khanoumi.com/products/vergen-n102-towel-makeup-pad-26192,نرم وباکیفیته,0,false,2025-10-07T11:32:45.8836239+03:30,خنثی,0.35,محصول,محصول
پد حوله ای ساتن دار N102,https://www.khanoumi.com/products/vergen-n102-towel-makeup-pad-26192,خیلی بزرگه اصلن تو قوطیه پنکک جاش نمیشه,2,true,2019-10-12T12:14:37+00:00,مثبت,0.67,اصل بودن کالا,اصل بودن کالا
پد دوقلو حرفه ای N108,https://www.khanoumi.com/products/vergen-n108-twin-professional-makeup-pads-26193,این مدل حوله ای خیلی با کیفیته من دارم ازش و ب شدت راضیم خراب نمیشن و برای پوست حساسیت ایجاد نمیکنن اما برای ی سری نقاط صورت پد اشکی و تخم مرغی لازم میشه,0,false,2026-02-22T02:35:05.2649947+03:30,منفی,0.79,محصول,محصول
پد دوقلو حرفه ای N108,https://www.khanoumi.com/products/vergen-n108-twin-professional-makeup-pads-26193,چرا کرم پودرو به خودش جذب میکنه؟انگار اصن نمیشه باهاش کرم پودرو روی صورت فید کرد,0,true,2026-01-23T01:36:46.2500582+03:30,خنثی,0.35,محصول,محصول
پد دوقلو حرفه ای N108,https://www.khanoumi.com/products/vergen-n108-twin-professional-makeup-pads-26193,به شدت با کیفیت,0,true,2025-03-19T08:16:39.2940076+00:00,خنثی,0.35,محصول,محصول
پد دوقلو حرفه ای N108,https://www.khanoumi.com/products/vergen-n108-twin-professional-makeup-pads-26193,خیلی نرم وبا کیفیته,0,false,2025-02-19T19:59:47.9995503+00:00,خنثی,0.35,محصول,محصول
پد حرفه ای کوچک کرم پودر N117,https://www.khanoumi.com/products/vergen-n117-professional-small-pad-26194,پد خوبیه ازش راضی بودم ,0,true,2022-03-13T09:23:25+00:00,مثبت,0.79,محصول,محصول
پد حرفه ای کوچک کرم پودر N117,https://www.khanoumi.com/products/vergen-n117-professional-small-pad-26194,خیلی خیلی جنسش خوبه و نرمه، من واقعا راضی ام از این برند پد ✌,1,true,2021-08-10T14:28:25+00:00,مثبت,0.95,محصول,محصول
پد حرفه ای بزرگ کرم پودر N118,https://www.khanoumi.com/products/vergen-n118-professional-large-pad-26195,جنسش عالیه فقط وقتی میشوریم مقداری کرم پودر را جذب میکنه به خودش,0,true,2026-04-24T16:23:50.2249752+03:30,مثبت,0.79,محصول,محصول
پد حرفه ای بزرگ کرم پودر N118,https://www.khanoumi.com/products/vergen-n118-professional-large-pad-26195,جنس و کیفیت خوبی داره و اندازه‌ش قابل قبوله، به راحتی میشه باهاش کار کرد، من برای پودر فیکس استفاده میکنم و کار باهاش راحته,0,true,2026-03-30T00:08:16.8961096+03:30,ترکیبی,0.74,محصول | اصل بودن کالا,محصول
پد حرفه ای بزرگ کرم پودر N118,https://www.khanoumi.com/products/vergen-n118-professional-large-pad-26195,نرم و با کیفیته,0,false,2025-10-06T21:09:09.3892947+03:30,خنثی,0.35,محصول,محصول
پد حرفه ای بزرگ کرم پودر N118,https://www.khanoumi.com/products/vergen-n118-professional-large-pad-26195,من خریدم نوشته رنگ نارنجی ولی برای من صورتی اومد ولی فکر میکردم بزرگتر باشه,0,true,2025-05-08T16:05:36.3280557+00:00,خنثی,0.35,محصول,محصول
پد حرفه ای بزرگ کرم پودر N118,https://www.khanoumi.com/products/vergen-n118-professional-large-pad-26195,نرمه و برای بلندن کردن خوبه,0,true,2025-03-14T08:48:17.4219607+00:00,مثبت,0.79,سایر,سایر
پد حرفه ای بزرگ کرم پودر N118,https://www.khanoumi.com/products/vergen-n118-professional-large-pad-26195,"خوبن ولی تفاوتی با پد های ارزون تر که تو سایت خانومی موجوده ندارن
الکی هزینه نکنین",0,true,2025-03-09T08:46:20.034861+00:00,مثبت,0.67,قیمت | محصول,قیمت
پد حرفه ای بزرگ کرم پودر N118,https://www.khanoumi.com/products/vergen-n118-professional-large-pad-26195,عالیه من تا حاله سه چهارتا ازش گرفتم واقعا نرمو عالین😍🤍,0,true,2021-10-22T10:41:53+00:00,مثبت,0.91,محصول,محصول
پد حرفه ای بزرگ کرم پودر N118,https://www.khanoumi.com/products/vergen-n118-professional-large-pad-26195,صورتیشو گرفتم خیلی خوبه🥰,9,true,2020-06-13T23:00:30+00:00,مثبت,0.91,سایر,سایر
پد حرفه ای بزرگ کرم پودر N118,https://www.khanoumi.com/products/vergen-n118-professional-large-pad-26195,این پدا خیلی خوبه😍,8,false,2020-04-29T01:16:28+00:00,مثبت,0.91,سایر,سایر
پد آرایش دسته دار اشکی دوکاره N127,https://www.khanoumi.com/products/vergen-n127-makeup-pad-26196,خیلی کیفیت پایینی داره,1,true,2020-05-01T01:07:58+00:00,خنثی,0.35,محصول,محصول
پد آرایش اشکی دوکاره N124 ارسال با رنگ رندوم,https://www.khanoumi.com/products/vergen-n124-makeup-pad-26197,عالیه,0,false,2025-10-06T21:04:50.5694935+03:30,مثبت,0.79,سایر,سایر
پد آرایش اشکی دوکاره N124 ارسال با رنگ رندوم,https://www.khanoumi.com/products/vergen-n124-makeup-pad-26197,تا یه مدت خوب بود,0,true,2022-01-22T23:08:22+00:00,مثبت,0.79,محصول,محصول
پد آرایش اشکی دوکاره N124 ارسال با رنگ رندوم,https://www.khanoumi.com/products/vergen-n124-makeup-pad-26197,خوب بود مدت زمان زیادی ازش استفاده کردم ,0,true,2021-09-20T01:25:31+00:00,مثبت,0.79,محصول,محصول
پد آرایش اشکی دوکاره N124 ارسال با رنگ رندوم,https://www.khanoumi.com/products/vergen-n124-makeup-pad-26197,"من دارم استفاده میکنم تقریبا یه ساله خریدمش عالیه پاره هم نشده
",1,true,2020-07-04T16:02:22+00:00,خنثی,0.35,سایر,سایر
پد آرایش اشکی دوکاره N124 ارسال با رنگ رندوم,https://www.khanoumi.com/products/vergen-n124-makeup-pad-26197,رنگ سرخابیشو گرفتم دقیقا رنگ عکسشه خیلی خوب میشه باهاش کرمپودر زد و نرمه,2,true,2020-06-17T19:18:00+00:00,مثبت,0.79,محصول,محصول
پد آرایش اشکی دوکاره N124 ارسال با رنگ رندوم,https://www.khanoumi.com/products/vergen-n124-makeup-pad-26197,من صورتی رو سفارش داده بودم خیلی نرم هستش وکاربردی.  مرسی خانومی,1,true,2020-05-04T18:16:11+00:00,مثبت,0.67,محصول,محصول
پد آرایش اشکی دوکاره N124 ارسال با رنگ رندوم,https://www.khanoumi.com/products/vergen-n124-makeup-pad-26197,خیلی نرم و خوبه ,0,true,2020-03-04T14:37:55+00:00,مثبت,0.79,سایر,سایر
پد آرایش کاجی طرح دار N122 ارسال با رنگ رندوم,https://www.khanoumi.com/products/vergen-n122-makeup-pad-26198,مدلش خوب و توی دست خوش فرم هست ،بعد از نم دار کردنش سایزش بزرگتر میشه،کرم پودر رو هم خوب پخش میکنه,4,true,2020-03-27T12:25:30+00:00,مثبت,0.79,محصول,محصول
پد آرایش کاجی طرح دار N122 ارسال با رنگ رندوم,https://www.khanoumi.com/products/vergen-n122-makeup-pad-26198,"من دوسش دارم😊
بعداز مرطوب کردنش سایزش بزرگتر میشه
کرم پودر رو کم میخوره و تمیز کردنش نسبت به اسفنج های دیگه من خیلی راحتتره👍🏻♥️",7,true,2020-02-09T23:46:41+00:00,خنثی,0.35,محصول,محصول
براش آرایشی حرفه ای کرم پودر TC108,https://www.khanoumi.com/products/vergen-tc108-professional-brush-26200,"چيزي كه فكر مي كردم اصلا ني اصلاااا
خيلي سرش كوچيكه",37,true,2019-09-28T18:09:00+00:00,مثبت,0.79,اصل بودن کالا,اصل بودن کالا
براش بزرگ رژگونه رومیزی کریستال TC101,https://www.khanoumi.com/products/vergen-tc101-large-blush-brush-26201,لطفااا موجود کنید,0,false,2025-01-15T03:57:24.0640311+00:00,خنثی,0.35,محصول,محصول
براش رژگونه وکیوم بزرگ T103,https://www.khanoumi.com/products/vergen-t103-large-blush-brush-26205,من ازینا دارم عااااالیه عالی ,4,false,2019-12-15T02:56:03+00:00,مثبت,0.67,سایر,سایر
برس سایه نگین دار TV102 بسته 24 عددی,https://www.khanoumi.com/products/vergen-tv102-shadow-brush-26209,برس نرم و خوبی داره ,1,true,2021-08-16T08:28:24+00:00,مثبت,0.67,سایر,سایر
موچین انبری بیضی حرفه ای AC101,https://www.khanoumi.com/products/vergen-ac101-professional-eyebrow-tweezers-26213,واقعا موچین خوبیه اما قیمتش اصلا به محصولش نمیخوره هم رده این موچین تو بازار خیلی ارزون تره,0,true,2026-07-08T19:22:25.8324189+03:30,مثبت,0.79,محصول | قیمت | اصل بودن کالا,محصول
موچین انبری بیضی حرفه ای AC101,https://www.khanoumi.com/products/vergen-ac101-professional-eyebrow-tweezers-26213,چند ساله دارم عین روز اول خیلی عالیه,0,false,2026-05-29T16:23:14.6552277+03:30,مثبت,0.79,سایر,سایر
موچین انبری هفت رنگ انگشتی AC104,https://www.khanoumi.com/products/vergen-ac104--eyebrow-tweezers-26214,خوب بود راضی ام,0,true,2022-08-19T15:37:15+00:00,مثبت,0.95,محصول,محصول
ناخن گیر خط دار کوچک AE103,https://www.khanoumi.com/products/vergen-ae103-nail-clipper-26215,خوبه,0,true,2026-05-22T16:41:12.2790115+03:30,مثبت,0.79,سایر,سایر
ناخن گیر خط دار کوچک AE103,https://www.khanoumi.com/products/vergen-ae103-nail-clipper-26215,جنس الیاژش خیلی خوب بود از این دوهزار های بدرد نخور تو بازار نبود,0,true,2026-02-27T13:51:24.0764452+03:30,مثبت,0.79,محصول,محصول
ناخن گیر خط دار کوچک AE103,https://www.khanoumi.com/products/vergen-ae103-nail-clipper-26215,خیلی عالیه ، تازه رسیده به دستم و استفاده کردم خیلی خوبه,0,true,2025-03-31T18:59:38.8584402+00:00,مثبت,0.95,تحویل و ارسال,تحویل و ارسال
ناخن گیر خط دار کوچک AE103,https://www.khanoumi.com/products/vergen-ae103-nail-clipper-26215,خیلی خوبه من چند سال استفاده می کنم,0,false,2025-02-26T19:20:31.9234208+00:00,مثبت,0.91,سایر,سایر
ناخن گیر بزرگ حرفه ای AE106,https://www.khanoumi.com/products/vergen-ae105-professional-nail-clipper-26216,"زیاد تعریف نداره همچین توی توضیحات نوشتن ناخن گیر بزرگ حرفه ای آدم فکر میکنه چی هست
یه ناخن گیر معمولی دوستان",0,true,2025-03-05T20:03:55.4811853+00:00,خنثی,0.35,محصول,محصول
سوهان بلند حرفه ای ناخن AG101,https://www.khanoumi.com/products/vergen-ag101-professional-nail-file-26217,یه سوهان معمولی و کوچک بود.,0,true,2026-08-02T12:32:55.6707296+03:30,خنثی,0.35,محصول,محصول
سوهان بلند حرفه ای ناخن AG101,https://www.khanoumi.com/products/vergen-ag101-professional-nail-file-26217,عاشقشم محشره ارزش خرید داره دوستان,0,true,2026-06-18T02:16:37.2444873+03:30,مثبت,0.79,قیمت,قیمت
سوهان بلند حرفه ای ناخن AG101,https://www.khanoumi.com/products/vergen-ag101-professional-nail-file-26217,خیلی خوب بود، از خریدش پشیمون نمیشین.,0,true,2025-12-10T03:46:57.7844396+03:30,مثبت,0.95,محصول,محصول
سوهان بلند حرفه ای ناخن AG101,https://www.khanoumi.com/products/vergen-ag101-professional-nail-file-26217,خیلی خوب بود، از خریدش پشیمون نخواهید شد.,0,true,2025-12-10T03:43:50.4864069+03:30,مثبت,0.79,محصول,محصول
سوهان بلند حرفه ای ناخن AG101,https://www.khanoumi.com/products/vergen-ag101-professional-nail-file-26217,جنسش خوبه و خوش دستِ ، ارزش خرید داره واقعا,0,true,2025-03-31T19:00:19.4859963+00:00,مثبت,0.91,محصول | قیمت,محصول
سوهان تاشو فلزی ناخن AG102,https://www.khanoumi.com/products/vergen-ag102-nail-file-26218,افتضاحه,0,false,2025-07-06T16:18:31.9411047+00:00,منفی,0.67,سایر,سایر
گوشه گیر و سوهان ناخن دوکاره AG105,https://www.khanoumi.com/products/vergen-105-cuticle-nail-clipper-26219,خوبه و راضیم,0,false,2025-12-01T09:10:21.0984213+03:30,مثبت,0.95,سایر,سایر
گوشه گیر و سوهان ناخن دوکاره AG105,https://www.khanoumi.com/products/vergen-105-cuticle-nail-clipper-26219,خوبه  و با کیفیت,0,false,2025-02-15T17:32:57.0963791+00:00,مثبت,0.79,محصول,محصول
پولیش 7کاره AN102,https://www.khanoumi.com/products/vergen-an102-polisher-26220,"برای اراسته بودن ناخون ها و برای استفاده توی خونه خوبه
هر وجه‌ش هم زبری مختلفی داره که جالبه",0,true,2026-05-21T23:58:39.0597552+03:30,مثبت,0.79,محصول,محصول
پولیش 7کاره AN102,https://www.khanoumi.com/products/vergen-an102-polisher-26220,راضی بودم,0,true,2025-05-13T13:57:09.4867945+00:00,مثبت,0.67,محصول,محصول
پولیش 7کاره AN102,https://www.khanoumi.com/products/vergen-an102-polisher-26220,وجه های مختلف با میزان زبری و نرمی متفاوت داره که برای مانیکور ناخن تو خونه خوبه.,2,false,2020-06-03T01:25:12+00:00,مثبت,0.79,محصول,محصول
آینه مربعی طرح دار 107,https://www.khanoumi.com/products/vergen-107-mirror-26226,موجود کنید دیگه ,0,false,2024-03-09T13:49:01+00:00,خنثی,0.35,محصول,محصول
آینه مربعی طرح دار 107,https://www.khanoumi.com/products/vergen-107-mirror-26226,من میخوام سفارشم بدم,0,false,2024-03-09T13:48:14+00:00,منفی,0.67,سایر,سایر
آینه مربعی طرح دار 107,https://www.khanoumi.com/products/vergen-107-mirror-26226,موجود کنید ,0,false,2024-03-09T13:47:58+00:00,خنثی,0.35,محصول,محصول
ست براش گریم 7تیکه DR102,https://www.khanoumi.com/products/vergen-dr102-makeup-brush-set-7pcs-26227,خیلی بده،بعداز شست وشو سری ها از دسته جدا میشن، کیفیت خیلی پایینه,77,false,2019-11-26T01:15:18+00:00,منفی,0.79,محصول,محصول
ست براش آرایشی 10تیکه DR108,https://www.khanoumi.com/products/vergen-dr108-makeup-brush-set-10pcs-26228,من این ست و به قیمت خیلی خوبی از خانومی خرید کردم. خیلی کاربردیه و ازهمه مهمتر اینکه کیف مخصوص داره و راحت میشه جا به جا کرد و همه جا همراه داشت. خیلی براش نرمیه و برای پوست ایجاد حساسیت نمیکنه. برای پودر و کرم خیلی مناسبه و راحت روی پوست پخش میشه. موهاش نمیریزه و کم نمیشه. کیفیت خوبی داره و ارزش خرید داره. ,1,false,2022-07-16T08:52:32+00:00,مثبت,0.67,محصول | قیمت,محصول
ست براش آرایشی 10تیکه DR108,https://www.khanoumi.com/products/vergen-dr108-makeup-brush-set-10pcs-26228,اکثر براش هاش شبیه هم هستن و استفاده ی منحصر ب فردی نمیشه ازشون کرد.به خصوص براش های کوچیکش. ولی جنس خوبی دارن و موهاشون‌نمیریزه. ,3,true,2021-06-16T15:52:28+00:00,مثبت,0.67,محصول,محصول
ست براش آرایشی 10تیکه DR108,https://www.khanoumi.com/products/vergen-dr108-makeup-brush-set-10pcs-26228,ست براش خیلی خوبیه، الیافش خیلی نرمه و اصلا هم موهاش نمیریزه. بعد از شست و با آب گرم هم مشکلی براش پیش نیومد,89,false,2019-10-08T11:25:29.6766667+00:00,مثبت,0.91,محصول | اصل بودن کالا,محصول
براش گریم فید سر کج D107,https://www.khanoumi.com/products/vergen-d107-makeup-brush-26229,جنس موهای این براش خیلی نرمه و اصلا باعث ایجاد حساسیت نمیشه. من از براش ورژن برای سایه گوشه چشم استفاده می کنم چون سر کج آن خیلی برای اینکار خوبه. من مدل های مختلف براش های ورژن رو دارم که همشون خیلی خوبن.,1,false,2022-12-04T08:51:21+00:00,مثبت,0.95,محصول | اصل بودن کالا,محصول
براش گریم فید سر گرد D107,https://www.khanoumi.com/products/vergen-d107-makeup-brush-26230,موی روی براش خیلی سفت و سخت هست و بدرد سایه یا موارد مشابه نمی خوره ,7,true,2020-11-16T14:35:24+00:00,منفی,0.67,محصول,محصول
براش گریم D101 سایز 000,https://www.khanoumi.com/products/vergen-d101-makeup-brush-size-000-26232,"افتضاحه
تارهاش از هم باز میشع",0,false,2026-03-24T19:59:51.8310718+03:30,منفی,0.67,سایر,سایر
کیف دو زیپ پوست ماری P101,https://www.khanoumi.com/products/vergen-p101-makeup-bag-26233,عالیه,0,true,2020-01-23T15:28:42+00:00,مثبت,0.79,سایر,سایر
برس تخت بامبو C135,https://www.khanoumi.com/products/vergen-c135-hair-brush-26239,خیلی راحت باهاش مو شونه میشه,3,true,2020-04-21T19:08:34+00:00,خنثی,0.35,محصول,محصول
دسته تیغ دوتایی تاشو K101,https://www.khanoumi.com/products/vergen-k101-eyebrow-razor-26241,افتزاهه بدن را خیلی بدن میبره,0,false,2026-04-30T22:38:03.5807205+03:30,منفی,0.79,سایر,سایر
براش گریم بادبزنی D118,https://www.khanoumi.com/products/vergen-d118-makeup-brush-26242,خیلی مو هاش کم بود,0,true,2020-08-21T04:54:14+00:00,خنثی,0.35,محصول,محصول
گوشت گیر ناخن درجه یک AM101,https://www.khanoumi.com/products/vergen-cuticle-nipper-26243,فعلا که خوب نبود,0,true,2025-04-06T17:11:53.6583802+00:00,خنثی,0.4,محصول,محصول
پد روزانه بهداشتی خیلی نازک سایز متوسط,https://www.khanoumi.com/products/panberes-ultra-thin-sanitary-pad-20-pcs-26248,خیلی خوب و جذب خوبی داره،چسب اش از لینا نیست که راحت تکون بخوره و باز بشه،تمدیدش میکنم,0,true,2022-11-09T15:14:09+00:00,مثبت,0.91,سایر,سایر
پد روزانه بهداشتی خیلی نازک سایز متوسط,https://www.khanoumi.com/products/panberes-ultra-thin-sanitary-pad-20-pcs-26248,عالی و با کیفیت خیلی راضی بودم قطعا بازم خواهم خرید,10,true,2020-04-12T01:02:47+00:00,مثبت,0.79,محصول,محصول
کرم پودر فرش اند فیت,https://www.khanoumi.com/products/essence-fresh-and-fit-awake-make-up-foundation-26262,کاش رنگهای دیگه ش رو هم موجود کنید.کرم پودر خوبی بنظر میرسه,5,false,2019-11-19T09:43:21+00:00,مثبت,0.67,محصول,محصول
پرایمر سایه چشم,https://www.khanoumi.com/products/golden-rose-eyeshadow-primer-26264,من این محصولو خریدم با کانسیلر ترکیب کنی و بزنی خیلی نتیجه قشنگی میده,0,true,2026-07-07T07:12:57.2064385+03:30,خنثی,0.35,محصول,محصول
پرایمر سایه چشم,https://www.khanoumi.com/products/golden-rose-eyeshadow-primer-26264,ازش راضیم ماندگاری و پیگمنت سایه رو بالا میبره بافت بسیار خوبی داره ‌من پوستم مختلط و چرب هستش. کلاً محصولات گلدن رز رو دوست دارم,0,true,2026-06-27T12:17:27.5394621+03:30,مثبت,0.91,محصول,محصول
پرایمر سایه چشم,https://www.khanoumi.com/products/golden-rose-eyeshadow-primer-26264,"واقعا ماندگاری سایه رو بالا برد
پوستم هم مختلط رو به چربه.
",0,true,2024-04-17T23:52:13+00:00,خنثی,0.35,محصول,محصول
خط چشم مویی والیوم,https://www.khanoumi.com/products/golden-rose-volume-eyeliner-26265,ریزش داره زیاد,0,true,2026-06-29T17:59:18.0183235+03:30,خنثی,0.35,سایر,سایر
خط چشم مویی والیوم,https://www.khanoumi.com/products/golden-rose-volume-eyeliner-26265,به شدت بد،ریزش خیلی زیاد,0,true,2026-06-15T22:35:35.9834116+03:30,منفی,0.67,سایر,سایر
خط چشم مویی والیوم,https://www.khanoumi.com/products/golden-rose-volume-eyeliner-26265,کافیه یه قطره اشک ازچشم بریزه کاملا پخش میشه واصلا کیفیت نداره,0,true,2026-05-17T14:10:34.7551529+03:30,مثبت,0.67,محصول | اصل بودن کالا,محصول
خط چشم مویی والیوم,https://www.khanoumi.com/products/golden-rose-volume-eyeliner-26265,"برای روزمره خوبه
پاریس از این بهتره",0,true,2026-05-17T12:20:39.3131305+03:30,مثبت,0.79,سایر,سایر
خط چشم مویی والیوم,https://www.khanoumi.com/products/golden-rose-volume-eyeliner-26265,دوسش نداشتم,0,false,2026-04-29T14:42:09.5409612+03:30,خنثی,0.35,سایر,سایر
خط چشم مویی والیوم,https://www.khanoumi.com/products/golden-rose-volume-eyeliner-26265,نازک بودنشو دوست دارم ولی خط چشم با ماندگاری خیلییی بالا میخاید بدردتون نمیخوره ولی برای استفاده روزمره خوبه و بنظرم برای روزمره خوشگله,0,true,2026-04-27T20:38:23.9412046+03:30,مثبت,0.91,محصول,محصول
خط چشم مویی والیوم,https://www.khanoumi.com/products/golden-rose-volume-eyeliner-26265,برای میکاپ روزانه و سبک عالیه دوسش دارم خیلی خوب و نازک میکشه,0,false,2026-04-05T02:34:32.9030965+03:30,مثبت,0.95,سایر,سایر
خط چشم مویی والیوم,https://www.khanoumi.com/products/golden-rose-volume-eyeliner-26265,این خط چشم فوق العاده عالیه. هم حجمش زیاده، هم پخش نمیشه و ماندگاری بالایی داره البته که انتظار ضد آب نباید داشت,0,true,2026-01-25T09:38:30.9319341+03:30,مثبت,0.91,محصول,محصول
خط چشم مویی والیوم,https://www.khanoumi.com/products/golden-rose-volume-eyeliner-26265,خیلی خوبه چند ساله همینو استفاده میکنم لطفاً دوباره موجودش کنید,0,false,2025-12-07T22:02:07.9509136+03:30,مثبت,0.91,محصول,محصول
خط چشم مویی والیوم,https://www.khanoumi.com/products/golden-rose-volume-eyeliner-26265,لطفا خط چشمای گلدن رز رو موجودش کنین خیلی عالین,0,false,2025-11-25T01:57:16.1599437+03:30,مثبت,0.67,محصول,محصول
خط چشم مویی والیوم,https://www.khanoumi.com/products/golden-rose-volume-eyeliner-26265,عالی بود,0,true,2023-06-25T16:11:20+00:00,مثبت,0.79,محصول,محصول
خط چشم مویی والیوم,https://www.khanoumi.com/products/golden-rose-volume-eyeliner-26265,از نظر نازک بودن خیلی خوبه ولی ماندگاریش به شدت کمه,0,false,2023-06-02T11:11:34+00:00,مثبت,0.91,محصول,محصول
خط چشم مویی والیوم,https://www.khanoumi.com/products/golden-rose-volume-eyeliner-26265,خیلی خوبههه,11,false,2020-05-25T17:02:28+00:00,مثبت,0.91,سایر,سایر
خط چشم مویی پرفکت لشز,https://www.khanoumi.com/products/golden-rose-perfect-lashes-black-eyeliner-26266,خط چشم فقط مویی بودنش خوبه وگرنه خیلی زود پخش میده کافیه یه قطره اشک بریزید تا زندگیتونو سیاه کنه,0,true,2026-08-25T18:01:36.501672+03:30,مثبت,0.79,محصول,محصول
خط چشم مویی پرفکت لشز,https://www.khanoumi.com/products/golden-rose-perfect-lashes-black-eyeliner-26266,زود پاک میشه. رنگ نداره. پخش میشه,0,true,2026-08-24T23:26:24.4353827+03:30,خنثی,0.35,محصول,محصول
خط چشم مویی پرفکت لشز,https://www.khanoumi.com/products/golden-rose-perfect-lashes-black-eyeliner-26266,با قطره اشک پاک میشه بدرد نمیخوره,0,true,2026-08-22T14:18:40.5120762+03:30,مثبت,0.67,سایر,سایر
خط چشم مویی پرفکت لشز,https://www.khanoumi.com/products/golden-rose-perfect-lashes-black-eyeliner-26266,فکر میکردم به خاطر مارکش خط چشم خوبی باشه. افتضاحه. کمرنگه. اصلا ماندگاری نداره. پخش میشه. مخصوصا اگه پوست چرب داشته باشی. مای خیلی بهتر از اینه. خیلی خیلی,0,true,2026-08-20T22:57:52.1653911+03:30,ترکیبی,0.74,محصول | اصل بودن کالا,محصول
خط چشم مویی پرفکت لشز,https://www.khanoumi.com/products/golden-rose-perfect-lashes-black-eyeliner-26266,"کار کردن باهاش راحته کاملا مشکیه 
از کیفیتش راضی بودم تیکه تیکه نمیشه.",0,true,2026-08-10T20:18:04.1187313+03:30,مثبت,0.67,محصول,محصول
خط چشم مویی پرفکت لشز,https://www.khanoumi.com/products/golden-rose-perfect-lashes-black-eyeliner-26266,رنگش خیلی سیاهه. کار با قلمش هم سخت نیست. اما چندتا نکته. اصلا ضد اب نیست. خیلی سریع با اب پخش میشه. بعد از شستن هم باید چندین بار بشورید تا تیرگیش از بین بره. سریع هم خشک نمیشه و باید صبر کنید تا خشک بشه. بهتره اخرین چیزیم باشه که توی ارایشتون ازش استفاده میکنید.,0,false,2026-07-16T11:11:42.3568476+03:30,منفی,0.67,محصول | اصل بودن کالا,اصل بودن کالا
خط چشم مویی پرفکت لشز,https://www.khanoumi.com/products/golden-rose-perfect-lashes-black-eyeliner-26266,خط چشم خیلی خوبی هست مشکی و بادوام فقط باید صبر کنید خشک بشه و سر نازک و خوبی داره,0,true,2026-07-12T02:56:47.6568324+03:30,مثبت,0.91,سایر,سایر
خط چشم مویی پرفکت لشز,https://www.khanoumi.com/products/golden-rose-perfect-lashes-black-eyeliner-26266,قلمو نازک و خوبی داره و از نظر مشکی بودنم راضی کنندس ولی اصلا در برابر اب یا اشک چشم مقاومت نداره به راحتی پاک میشه,0,true,2026-07-06T11:23:39.5542207+03:30,مثبت,0.91,محصول | اصل بودن کالا,محصول
خط چشم مویی پرفکت لشز,https://www.khanoumi.com/products/golden-rose-perfect-lashes-black-eyeliner-26266,والا با اینکه گذاشتم خشک شد ولی راحت پخش میشه نمیدونم چجوری دوستان میگن با دوامه راحت پاک میشه راضی نبودم زیاد,0,true,2026-06-09T16:55:15.0832967+03:30,منفی,0.67,محصول,محصول
خط چشم مویی پرفکت لشز,https://www.khanoumi.com/products/golden-rose-perfect-lashes-black-eyeliner-26266,خط چشم نازک و پرنگی هست قشنگ میشه دنباله ابرو تقارن کشید,0,true,2026-05-20T17:43:22.9973993+03:30,خنثی,0.35,محصول,محصول
خط چشم مویی پرفکت لشز,https://www.khanoumi.com/products/golden-rose-perfect-lashes-black-eyeliner-26266,دست میکشی. روش پخش میشه,0,true,2026-05-14T03:25:20.2972583+03:30,خنثی,0.35,سایر,سایر
خط چشم مویی پرفکت لشز,https://www.khanoumi.com/products/golden-rose-perfect-lashes-black-eyeliner-26266,این مدل خط چشم عالیه به راحتی کشیده میشه ریزش نداره پیشنهاد میکنم امتحانش کنید,0,true,2026-05-11T09:37:37.582588+03:30,خنثی,0.35,سایر,سایر
خط چشم مویی پرفکت لشز,https://www.khanoumi.com/products/golden-rose-perfect-lashes-black-eyeliner-26266,خیلی مشکی نیست و اصلا ماندگاری نداره ،در حدی که روش دست بکشی پخش میشه,0,true,2026-05-10T15:10:22.7493004+03:30,منفی,0.67,محصول | اصل بودن کالا,اصل بودن کالا
خط چشم مویی پرفکت لشز,https://www.khanoumi.com/products/golden-rose-perfect-lashes-black-eyeliner-26266,خیلی عالیه اصلا پخش نمیشه و حیلی کار کردن باهاش راحته,0,true,2026-05-03T12:15:06.2308626+03:30,مثبت,0.67,اصل بودن کالا,اصل بودن کالا
خط چشم مویی پرفکت لشز,https://www.khanoumi.com/products/golden-rose-perfect-lashes-black-eyeliner-26266,عالیه این خط چشم بعد مدتها تونستم خط چشم مورد علاقمو پیدا کنم بخرم قلمش خیلی نازک و خوبه,0,true,2026-04-12T21:29:44.3047753+03:30,مثبت,0.95,محصول,محصول
خط چشم مویی پرفکت لشز,https://www.khanoumi.com/products/golden-rose-perfect-lashes-black-eyeliner-26266,"اومدم مجدد بخرم ولی ناموجوده گفت نظر بدم 
من 402 خریدم
الان دیگه واقعا خشک شده
و خیلی راضی بودم
مویی و نازک 
مشکی
خوش دست
بعد از خشک شدن تیکه تیکه نمیشد
زیر چشم هم نمی ریخت
امیدوارم هنوز همون کیفیت رو داشته باشه",0,true,2025-07-29T08:04:31.6417154+00:00,ترکیبی,0.71,محصول,محصول
خط چشم مویی پرفکت لشز,https://www.khanoumi.com/products/golden-rose-perfect-lashes-black-eyeliner-26266,"خط چشم خوبیه
و نسبت به بقیه خط چشم ها بهتره",0,true,2024-10-16T22:05:45.1680312+00:00,مثبت,0.67,سایر,سایر
خط چشم مویی پرفکت لشز,https://www.khanoumi.com/products/golden-rose-perfect-lashes-black-eyeliner-26266,"بهترین خط چشم
ماندگاری بالا
بدون پخش 
بی نظیره",0,false,2024-09-09T00:04:45+00:00,ترکیبی,0.66,محصول,محصول
خط چشم مویی پرفکت لشز,https://www.khanoumi.com/products/golden-rose-perfect-lashes-black-eyeliner-26266,بسیار خط چشم خوب و عالی بود لطفاموجود کنید,0,true,2024-04-29T12:15:18+00:00,مثبت,0.91,محصول,محصول
خط چشم مویی پرفکت لشز,https://www.khanoumi.com/products/golden-rose-perfect-lashes-black-eyeliner-26266,خواهشا موجود کنید با تخفیف من خریدم از خانمی خیییلی راضی بودم,0,true,2024-04-16T02:07:44+00:00,منفی,0.67,محصول | قیمت,محصول
خط چشم مویی پرفکت لشز,https://www.khanoumi.com/products/golden-rose-perfect-lashes-black-eyeliner-26266,بنظرم خیییلی عالیه لطفا موجودش کنید ممنونم,0,true,2024-03-31T00:47:00+00:00,مثبت,0.91,محصول,محصول
خط چشم مویی پرفکت لشز,https://www.khanoumi.com/products/golden-rose-perfect-lashes-black-eyeliner-26266,خط چشم خیلی خوبیه سبکه ولی دیر خشک میشه و اگه یکم اب بهش بخوره کاملا پاک میشه اگه از چشمتون اشک بیاد کاملا زیر چشمتون سیاه میشه,0,true,2023-12-13T00:19:15+00:00,مثبت,0.79,سایر,سایر
خط چشم مویی پرفکت لشز,https://www.khanoumi.com/products/golden-rose-perfect-lashes-black-eyeliner-26266,یکی بم میگه این با ضد آبش چه فرقی داره؟,2,true,2023-10-12T21:45:55+00:00,خنثی,0.35,سایر,سایر
خط چشم مویی پرفکت لشز,https://www.khanoumi.com/products/golden-rose-perfect-lashes-black-eyeliner-26266,خیلی این خط چشم خوبه عالی نرم و سبک مشکی اصلا نریخت راحتم پاک میشه,0,true,2023-10-10T13:09:09+00:00,مثبت,0.95,اصل بودن کالا,اصل بودن کالا
خط چشم مویی پرفکت لشز,https://www.khanoumi.com/products/golden-rose-perfect-lashes-black-eyeliner-26266,من این محصول رو استفاده کردم بسیار راضی هستم,2,true,2023-10-07T00:54:00+00:00,مثبت,0.67,محصول,محصول
خط چشم مویی پرفکت لشز,https://www.khanoumi.com/products/golden-rose-perfect-lashes-black-eyeliner-26266,خیلی استفاده راحت و ماندگاری بالا بدون پخش شدن داره,1,true,2023-09-13T22:02:11+00:00,منفی,0.67,محصول,محصول
خط چشم مویی پرفکت لشز,https://www.khanoumi.com/products/golden-rose-perfect-lashes-black-eyeliner-26266,اگه آب بهش بخوره پای چشم سیاه میشه به درد تابستون نمیخوره از اینا نیس که با دست پاک بشه ,1,true,2023-08-19T10:44:04+00:00,خنثی,0.35,سایر,سایر
خط چشم مویی پرفکت لشز,https://www.khanoumi.com/products/golden-rose-perfect-lashes-black-eyeliner-26266,این خط چشم هم در کیفیت و ماندگاری و هم در سهولت استفاده فوق العاده ست👌,2,true,2023-08-04T12:47:57+00:00,مثبت,0.67,محصول,محصول
خط چشم مویی پرفکت لشز,https://www.khanoumi.com/products/golden-rose-perfect-lashes-black-eyeliner-26266,لطفا تخفیف بیشتری برای محصولات گلدن رز بزارین.,10,false,2023-05-27T00:56:52+00:00,خنثی,0.35,محصول | قیمت,محصول
خط چشم مویی پرفکت لشز,https://www.khanoumi.com/products/golden-rose-perfect-lashes-black-eyeliner-26266,خیلی خوبه ازش استفاده میکنم فوق العاده راضیم,1,false,2023-04-04T19:27:26+00:00,مثبت,0.95,سایر,سایر
خط چشم مویی پرفکت لشز,https://www.khanoumi.com/products/golden-rose-perfect-lashes-black-eyeliner-26266,کیفیت و ماندگاری خوبی داره. کار باهاش راحته,3,true,2023-03-11T02:10:35+00:00,مثبت,0.67,محصول,محصول
خط چشم مویی پرفکت لشز,https://www.khanoumi.com/products/golden-rose-perfect-lashes-black-eyeliner-26266,این خط چشم و من تازگی خریدم  چند باری ازش استفاده کردم. برای استفاده روزانه خوبه و ریزش نداره. قلم مویی نازکی داره و برای کسانی که میخوان خط چشم نازک و ظریف بکشن مناسبه. ماندگاریش خوبه و پشت پلک حالت ترک خوردگی و تیکه شدن نداره. قیمتش مناسبه و ارزش خرید داره,4,false,2022-11-01T16:40:03+00:00,مثبت,0.95,محصول | قیمت,محصول
خط چشم مویی پرفکت لشز,https://www.khanoumi.com/products/golden-rose-perfect-lashes-black-eyeliner-26266,خیلی عالیه، خوش دست و ظریف، اصلا نمیریزه وپخش نمیشه، فقط یکم دیر خشک میشه رنگش و دوامش عالیه,2,false,2022-10-13T00:45:10+00:00,مثبت,0.91,محصول | اصل بودن کالا,محصول
خط چشم مویی پرفکت لشز,https://www.khanoumi.com/products/golden-rose-perfect-lashes-black-eyeliner-26266,خیلی خوبه و استفاده ازش خیلی راحته,6,false,2019-10-21T16:22:59+00:00,مثبت,0.91,سایر,سایر
خط چشم ضد آب وینیل لاینر,https://www.khanoumi.com/products/golden-rose-vinyl-liner-waterproof-eyeliner-26267,خیلی خوبه,0,false,2024-05-09T08:41:13+00:00,مثبت,0.91,سایر,سایر
خط چشم ضد آب وینیل لاینر,https://www.khanoumi.com/products/golden-rose-vinyl-liner-waterproof-eyeliner-26267,تیکه تیکه نمیشه غلظتش هم خوبه و کار باهاش راحته فقط اگه یکم اشتباه بکشی پاک کردنش مکافاته ضد آب هم نیس از چشمات اشک هم بیاد میره ولی بدون رطوبت ماندگاریش خوبه فقط یه نکته اونایی که پلک افتاده دارن مثل من این ریمل از اوناییه که حتی وقتی خشک میشه در طول روز باز هم پشت چشم رو خط سیاه میندازه و هی باید حواست باشه تا پاکش کنی. تا الان فقط با خط چشم های ماژیکی این دردسر رو نداشتم ولی برای کسیکه پلک افتاده نداره در کل خوبه بنظرم ,0,true,2023-12-24T07:58:37+00:00,ترکیبی,0.79,محصول,محصول
خط چشم ضد آب وینیل لاینر,https://www.khanoumi.com/products/golden-rose-vinyl-liner-waterproof-eyeliner-26267,"عالی بود باز هم سفارش میدم که حتما ازش داشته باشم
کاملا ضد آبه و پاک میشه تیکه تیکه نمیشه
کلا من خیلی راضی ام ",3,false,2022-09-28T11:17:43+00:00,مثبت,0.95,محصول,محصول
خط چشم ضد آب وینیل لاینر,https://www.khanoumi.com/products/golden-rose-vinyl-liner-waterproof-eyeliner-26267,اصلا ضد اب نیست با کوچکترین رطوبتی پخش میشه ولی اگه رطوبت نباشه خوب میمونه از طرفی هم بخاطر غلطت موادش اجازه اصلاح نداری یکم بخوای پاکش کنی کل دور چشمت سیاه میشه,12,false,2021-09-06T18:27:25+00:00,مثبت,0.67,محصول | اصل بودن کالا,محصول
رژ گونه پودری,https://www.khanoumi.com/products/golden-rose-powder-blush-26268,رنگ 17 خریدم کاملا گلبهی و اصن ماندگاری نداره افتضاح هست,0,true,2026-08-30T18:30:27.3788341+03:30,مثبت,0.67,محصول,محصول
رژ گونه پودری,https://www.khanoumi.com/products/golden-rose-powder-blush-26268,"رنگ 17
تست روی ساعد",0,true,2026-08-21T09:52:33.2039214+03:30,خنثی,0.35,محصول,محصول
رژ گونه پودری,https://www.khanoumi.com/products/golden-rose-powder-blush-26268,ماندگاری کمه ولی خوشرنگه,0,true,2026-08-16T13:31:23.2220193+03:30,خنثی,0.35,محصول,محصول
رژ گونه پودری,https://www.khanoumi.com/products/golden-rose-powder-blush-26268,رنگ‌13 رو‌خریدم‌ پوستم گندمی رو به سفیده اصلا قشنگ نبود و‌ بهم ‌نمیومد پیگمنتش هم کمه بنظرم,0,true,2026-08-15T19:26:57.9030323+03:30,منفی,0.67,محصول | اصل بودن کالا,اصل بودن کالا
رژ گونه پودری,https://www.khanoumi.com/products/golden-rose-powder-blush-26268,این عکس فکر میکنم بتونه تو انتخاب رنگ کمک کنه,0,false,2026-08-05T23:45:23.4529882+03:30,خنثی,0.35,محصول,محصول
رژ گونه پودری,https://www.khanoumi.com/products/golden-rose-powder-blush-26268,من شماره 15 گرفتم اصلا پیگمنت نداره واقعا کم رنگه,0,true,2026-08-02T13:10:42.7168136+03:30,مثبت,0.67,محصول | اصل بودن کالا,محصول
رژ گونه پودری,https://www.khanoumi.com/products/golden-rose-powder-blush-26268,من‌ شماره 17 رو خریدم قبلا هم ازش استفاده کردم خیلی خوبه راضیم,0,true,2026-07-29T21:27:40.35801+03:30,مثبت,0.95,سایر,سایر
رژ گونه پودری,https://www.khanoumi.com/products/golden-rose-powder-blush-26268,تست رنگهاش,0,false,2026-07-27T05:11:32.0209282+03:30,خنثی,0.35,محصول,محصول
رژ گونه پودری,https://www.khanoumi.com/products/golden-rose-powder-blush-26268,دوستان من دلم ی صورتی خوشگل و دخترونه می خواد نه خیلی گم رنگ نه خیلی پرنگ بین 13 و 17 کدومو بگیرم پوستم سفید,0,false,2026-07-26T03:00:32.3975699+03:30,خنثی,0.35,محصول,محصول
رژ گونه پودری,https://www.khanoumi.com/products/golden-rose-powder-blush-26268,دوستان رنگ گلبهی یا هلویی کدوم رنگش اگه. خریدین راهنمایی کنین,0,false,2026-07-20T15:31:04.6261841+03:30,خنثی,0.35,محصول,محصول
رژ گونه پودری,https://www.khanoumi.com/products/golden-rose-powder-blush-26268,من شماره 13 خریدم، خوبه، رنگ صورتی قشنگی داره,0,true,2026-07-07T09:50:28.7916908+03:30,مثبت,0.79,محصول,محصول
رژ گونه پودری,https://www.khanoumi.com/products/golden-rose-powder-blush-26268,"میترسیدم شکسته به دستم برسه مخصوصا هوا خیلی گرمه 
ولی سالم به دستم رسید 
راضی ام
فقط خیلی کوچولوعه فک میکردم بزرگ تر باشه",0,true,2026-07-04T15:00:26.9233603+03:30,ترکیبی,0.79,تحویل و ارسال,تحویل و ارسال
رژ گونه پودری,https://www.khanoumi.com/products/golden-rose-powder-blush-26268,من شماره 13 رو خریدم رنگی خیلی قشنگ و موندگاری خوبی داره پیشنهاد میشه این رژگونه,0,true,2026-07-03T22:11:05.7394376+03:30,مثبت,0.79,محصول,محصول
رژ گونه پودری,https://www.khanoumi.com/products/golden-rose-powder-blush-26268,"من که عاشقش شدم 
شماره 15",0,true,2026-07-02T12:53:46.788251+03:30,خنثی,0.35,سایر,سایر
رژ گونه پودری,https://www.khanoumi.com/products/golden-rose-powder-blush-26268,"من بین شماره ی 15 و شماره ی 17 موندم 
میشه یه راهنمایی بکنید ؟",0,false,2026-06-29T21:00:54.0211494+03:30,خنثی,0.35,محصول,محصول
رژ گونه پودری,https://www.khanoumi.com/products/golden-rose-powder-blush-26268,رنگ 08 چه رنگیه دقیقا میشه راهنماییم کنید ممنون. من دنبال ی رنگیم که گرم باشه و تناژ قرمزی داشته باشه یکم. صورتی نباشه,0,false,2026-06-22T11:20:43.7530166+03:30,مثبت,0.67,محصول,محصول
رژ گونه پودری,https://www.khanoumi.com/products/golden-rose-powder-blush-26268,عالیییییییی,0,true,2026-06-14T10:16:46.8615612+03:30,مثبت,0.67,سایر,سایر
رژ گونه پودری,https://www.khanoumi.com/products/golden-rose-powder-blush-26268,رنگ 17 رو سفارش دادم خیلی خوشرنگه صورتی خیلی کیوت,0,true,2026-05-31T23:51:44.6724326+03:30,خنثی,0.35,محصول,محصول
رژ گونه پودری,https://www.khanoumi.com/products/golden-rose-powder-blush-26268,دوستان محصولاتش اصله بارکد برای چک کردن داره,0,false,2026-05-31T19:11:31.6631561+03:30,مثبت,0.67,محصول | اصل بودن کالا,محصول
رژ گونه پودری,https://www.khanoumi.com/products/golden-rose-powder-blush-26268,"شماره 17 رو گرفتم
توناژش یه صورتی ملایمه و بنظرم خیلی قشنگه
باعث میشه آرایش دخترونه و کیوت بشه",0,true,2026-05-30T20:07:05.0756265+03:30,خنثی,0.35,محصول,محصول
رژ گونه پودری,https://www.khanoumi.com/products/golden-rose-powder-blush-26268,من رنگ شماره 15 رو خریدم یکم کمرنگه و رنگ صورتی ملایمی داره ماندگاریشم خوبه,0,true,2026-05-21T14:59:10.5205025+03:30,مثبت,0.79,محصول,محصول
رژ گونه پودری,https://www.khanoumi.com/products/golden-rose-powder-blush-26268,من رنگ 13 رو سفارش دادم. راضی بودم طبق نظرات دوستان گرفتم. صورتی خیلی ملایم و نازیه. ولی کوچیکه,0,true,2026-05-21T05:20:11.0799969+03:30,مثبت,0.67,محصول,محصول
رژ گونه پودری,https://www.khanoumi.com/products/golden-rose-powder-blush-26268,"من رنگ 13 رو خریدم خیلی ناز و باربی طوره
فقط یکم کوچولوئه تو عکس بزرگتر دیده میشه
ماندگاریشم خوبه
پیگمنتش هم خوب و قابل کنترله
اصلا هم پودر نمیشه",0,true,2026-05-17T18:13:37.6669297+03:30,مثبت,0.95,محصول | اصل بودن کالا,محصول
رژ گونه پودری,https://www.khanoumi.com/products/golden-rose-powder-blush-26268,سلام دوستان من رنگ 13 و 15 رو خریدم، رنگ 13 یه صورتی باربی طور هست و بسیار ملیح و دخترانه برای تابستون، رنگ 15 هم صورتیه ولی یه مقدار تناژ بنفش داره، پیگمنت متوسط داره نه خیلی زیاد که یه دفعه از کنترل خارج شه و نه خیلی کم که مجبور شی چندبار بزنی، از لحاظ موندگاری هم قابل قبوله 4 5 ساعتی میمونه,0,true,2026-05-17T09:46:27.7751183+03:30,خنثی,0.35,محصول,محصول
رژ گونه پودری,https://www.khanoumi.com/products/golden-rose-powder-blush-26268,"من شماره 17این رژگونه رو سفازش دادم
اندازش خیلی کوچیکه 
و پیگمنت نسبتا کمی داره نسبت به قیمتش
برای پوستای سفید و گندمی روشن مناسبه",0,true,2026-05-11T14:22:49.5299868+03:30,خنثی,0.35,محصول | قیمت,محصول
رژ گونه پودری,https://www.khanoumi.com/products/golden-rose-powder-blush-26268,"رنگ 17 رو خریدم کاورش خوب و ملایمه
 و رنگش کاملا صورتیه تناژ هلویی یا گلبهی نداره",0,true,2026-05-06T22:48:56.3086899+03:30,مثبت,0.67,محصول,محصول
رژ گونه پودری,https://www.khanoumi.com/products/golden-rose-powder-blush-26268,رنگ شماره 15 سفارش دادم یه صورتی خیلی ملیح و ناز خیلی قشنگه,0,true,2026-05-05T20:32:29.4974946+03:30,خنثی,0.35,محصول,محصول
رژ گونه پودری,https://www.khanoumi.com/products/golden-rose-powder-blush-26268,من رنگ شماره 17 خریدم یه صورتی خیلی ملایم و طبیعی بنظر میرسه  ماندگاریشم خیلی خوبه در کل خیلی راضیم,0,true,2026-05-03T21:47:39.6327611+03:30,مثبت,0.95,محصول,محصول
رژ گونه پودری,https://www.khanoumi.com/products/golden-rose-powder-blush-26268,شماره 13 . یه صورتى نازه. عاشقشم,0,true,2026-05-03T20:24:40.6886598+03:30,مثبت,0.67,سایر,سایر
رژ گونه پودری,https://www.khanoumi.com/products/golden-rose-powder-blush-26268,رنگ خوبی داره پیگمت کار راه اندازی داره رنگ 14و17 خریدم,0,true,2026-05-02T13:28:47.3765298+03:30,مثبت,0.67,محصول,محصول
رژ گونه پودری,https://www.khanoumi.com/products/golden-rose-powder-blush-26268,بین شماره 15 و 17 کدومش طبیعی و قشنگ تره؟؟؟,0,false,2026-05-01T19:22:58.2830206+03:30,خنثی,0.35,سایر,سایر
رژ گونه پودری,https://www.khanoumi.com/products/golden-rose-powder-blush-26268,خیلی خوب بود کیفت بسته بندی هم عالی بود,0,true,2026-04-30T23:21:56.4599189+03:30,مثبت,0.95,تحویل و ارسال | محصول,تحویل و ارسال
رژ گونه پودری,https://www.khanoumi.com/products/golden-rose-powder-blush-26268,رنگ شماره 17 رو خریدم سایزش خیلی کوچولو تر از عکسه و کیوته پیگمنت حس نمیکنم خیلی داشته باشه یعنی یه چندبار که براش رو بکشی اره رنگ صورتی خوبی میده,0,true,2026-04-30T12:27:07.1998867+03:30,مثبت,0.67,محصول,محصول
رژ گونه پودری,https://www.khanoumi.com/products/golden-rose-powder-blush-26268,دوستان رنگ شماره 17 چطوره؟,0,false,2026-04-29T09:57:25.9830078+03:30,خنثی,0.35,محصول,محصول
رژ گونه پودری,https://www.khanoumi.com/products/golden-rose-powder-blush-26268,ماندگاریش خیلی خوبه من صبح میزنم تا از دانشگاه برگردم که 8 شب ایناست همونطوری که زدم میمونه و اصلا لک نمیشه و خط نمیندازه,0,false,2026-04-27T13:14:44.2838303+03:30,مثبت,0.79,محصول | اصل بودن کالا,محصول
رژ گونه پودری,https://www.khanoumi.com/products/golden-rose-powder-blush-26268,دوستان کدوم رنگش شبیه لاو کیک شیگلمه,0,false,2026-04-26T15:49:19.8354004+03:30,خنثی,0.35,محصول,محصول
رژ گونه پودری,https://www.khanoumi.com/products/golden-rose-powder-blush-26268,درسا چه رنگیشو گرفتی؟,0,false,2026-04-25T19:34:38.934316+03:30,خنثی,0.35,محصول,محصول
رژ گونه پودری,https://www.khanoumi.com/products/golden-rose-powder-blush-26268,رنگ 15 سفارش دادم خیلی نازه و قشنگه,0,false,2026-04-25T11:54:27.4580291+03:30,خنثی,0.35,محصول,محصول
رژ گونه پودری,https://www.khanoumi.com/products/golden-rose-powder-blush-26268,بسته بندی عالی خیلی شیکه خیلی هم خوش رنگه بازم رنگ های دیگه اشو میخرم,0,true,2026-04-24T14:13:00.7733635+03:30,مثبت,0.67,تحویل و ارسال | محصول,تحویل و ارسال
رژ گونه پودری,https://www.khanoumi.com/products/golden-rose-powder-blush-26268,اینو برای کاربر ناشناس می‌نویسم .من برای تابستون که رنگ 17 رو سفارش دادم خیلی عالیه,0,false,2026-04-20T16:33:30.1200708+03:30,مثبت,0.79,محصول,محصول
رژ گونه پودری,https://www.khanoumi.com/products/golden-rose-powder-blush-26268,کدوم رنگش صورتی ملیح و طبیعیه؟؟؟ نمیخام گلبهی باشه یه صورتی خوشگل و طبیعی میخام واسه تابستون,0,false,2026-04-19T00:32:36.5657637+03:30,خنثی,0.35,محصول,محصول
رژ گونه پودری,https://www.khanoumi.com/products/golden-rose-powder-blush-26268,شماره 13 صورتیش خیلی ناااازه,0,true,2026-04-17T12:23:18.621986+03:30,خنثی,0.35,سایر,سایر
رژ گونه پودری,https://www.khanoumi.com/products/golden-rose-powder-blush-26268,"شماره 13 رنگه خوبی داره 
مانگاریشم خوب بود",0,true,2026-04-17T11:48:11.6957203+03:30,مثبت,0.91,محصول,محصول
رژ گونه پودری,https://www.khanoumi.com/products/golden-rose-powder-blush-26268,شماره 14 یه صورتی قشنگه و طبیعی.و واقعا ماندگاری خوبی داره.ممنون,0,false,2026-04-10T08:54:59.206543+03:30,مثبت,0.79,محصول,محصول
رژ گونه پودری,https://www.khanoumi.com/products/golden-rose-powder-blush-26268,من شماره 13 رو سفارش دادم یه صورتی خیلی خوشگل و ناز,0,true,2026-04-08T13:45:13.252793+03:30,خنثی,0.35,سایر,سایر
رژ گونه پودری,https://www.khanoumi.com/products/golden-rose-powder-blush-26268,"اصلا پیگمنت خوبی نداره من صورتی سفارش دادم 
رنگ پینک اما رو پوست صورتی نیست گلبهیه",0,false,2026-04-08T00:31:29.8338485+03:30,خنثی,0.35,محصول | اصل بودن کالا,محصول
رژ گونه پودری,https://www.khanoumi.com/products/golden-rose-powder-blush-26268,من شماره 13 و 7 رو سفارش دادم خیلی خوش رنگن,0,true,2026-04-05T15:42:43.5953752+03:30,خنثی,0.35,محصول,محصول
رژ گونه پودری,https://www.khanoumi.com/products/golden-rose-powder-blush-26268,روی پوست گندمی روشن کاملا رنگ صورتی داره,0,true,2026-02-04T03:27:07.0150802+03:30,خنثی,0.35,محصول,محصول
رژ گونه پودری,https://www.khanoumi.com/products/golden-rose-powder-blush-26268,من شماره 113 رو گرفتم صورتی ملایم هست و رنگش خیلی خوبه ماندگاریش هم خوبه,0,true,2026-01-28T17:12:05.7542013+03:30,مثبت,0.95,محصول,محصول
رژ گونه پودری,https://www.khanoumi.com/products/golden-rose-powder-blush-26268,لطفا رنگ صورتیشو موجود کنید.,0,false,2025-02-16T02:51:23.1960712+00:00,خنثی,0.35,محصول,محصول
رژ گونه پودری,https://www.khanoumi.com/products/golden-rose-powder-blush-26268,موجود کنید لطفا,0,false,2025-01-20T08:25:59.4685608+00:00,خنثی,0.35,محصول,محصول
رژ گونه پودری,https://www.khanoumi.com/products/golden-rose-powder-blush-26268,کاشکی همه ی محصولات گلدن رز دوباره موجود میشد,0,false,2024-11-23T09:43:11.2453653+00:00,خنثی,0.35,محصول,محصول
رژ گونه پودری,https://www.khanoumi.com/products/golden-rose-powder-blush-26268,رو پوست خوب نمیمونه و زود رنگش میره ..راضی نبودم,0,true,2024-07-15T12:46:01+00:00,منفی,0.79,محصول,محصول
رژ گونه پودری,https://www.khanoumi.com/products/golden-rose-powder-blush-26268,من رنگ 13 رو گرفتم خوشگله ، نه نارنجیه نه خیلی صورتی گلبهی و ناز,0,true,2024-06-18T22:59:39+00:00,خنثی,0.35,محصول,محصول
رژ گونه پودری,https://www.khanoumi.com/products/golden-rose-powder-blush-26268,محصول باکیفیتیه ماندگاری و پیگمنت خوبی داره،با براش پخش خوبی داره راضیم از خریدم,0,true,2024-06-12T18:17:31+00:00,مثبت,0.95,محصول,محصول
رژ گونه پودری,https://www.khanoumi.com/products/golden-rose-powder-blush-26268,تخفیف بزارررررررررررررررید,0,false,2024-04-17T00:15:33+00:00,خنثی,0.35,قیمت,قیمت
رژ گونه پودری,https://www.khanoumi.com/products/golden-rose-powder-blush-26268,هم رنگ قشنگی داره هم ماندگاری عالی. ولی رنگ 13 صورتی خوشرنگه و پیگمنت نارنجی نداره.,0,true,2024-04-12T06:13:06+00:00,مثبت,0.67,محصول,محصول
رژ گونه پودری,https://www.khanoumi.com/products/golden-rose-powder-blush-26268,این عالیه من که خیلی خوشم اومد,0,false,2024-04-02T15:51:22+00:00,مثبت,0.79,سایر,سایر
رژ گونه پودری,https://www.khanoumi.com/products/golden-rose-powder-blush-26268,نچرال هست رنگ 15 رو گرفتم ولی کمی قرمزیش زیاد بود,0,true,2024-02-19T14:44:22+00:00,خنثی,0.35,محصول,محصول
رژ گونه پودری,https://www.khanoumi.com/products/golden-rose-powder-blush-26268,من رنگ 15 رو گرفتم انقدر خوشرنگ و نچراله که نگم خیلییی دوسش دارم حتما شارژش میکنم,0,true,2023-12-12T17:15:03+00:00,خنثی,0.35,محصول,محصول
رژ گونه پودری,https://www.khanoumi.com/products/golden-rose-powder-blush-26268,من رنگ شماره 15 شو گرفتم ولی خیلی کم رنگه,0,true,2023-11-18T16:00:31+00:00,خنثی,0.35,محصول,محصول
رژ گونه پودری,https://www.khanoumi.com/products/golden-rose-powder-blush-26268,40 درصد تخفیف بذارین بخریمش :((((,4,true,2023-09-26T15:21:32+00:00,خنثی,0.35,قیمت,قیمت
رژ گونه پودری,https://www.khanoumi.com/products/golden-rose-powder-blush-26268,خیلی راضیم از خریدش,0,true,2023-07-09T08:54:40+00:00,مثبت,0.79,سایر,سایر
رژ گونه پودری,https://www.khanoumi.com/products/golden-rose-powder-blush-26268,توروخدا تخفیف بیشتر بزارید، خیلی قیمتش بالاست,9,false,2023-05-22T15:27:44+00:00,خنثی,0.35,قیمت,قیمت
رژ گونه پودری,https://www.khanoumi.com/products/golden-rose-powder-blush-26268,این رژگونه خیلی عالیه و من از خریدش خیلی راضی بودم. پیگمنتش خیلی خوبه و رنگشم خیلی خوشرنگه و چهره رو شاداب و با نشاط میکنه. خیلی خوب روی صورت پخش میشه و با عرق کردن پاک نمیشه. قیمتشم توی تخفیفای سایت خانومی عالیه.,9,false,2022-11-26T08:04:44+00:00,مثبت,0.95,محصول | قیمت,محصول
رژ گونه پودری,https://www.khanoumi.com/products/golden-rose-powder-blush-26268,عالیه پیگمنتش زیاده و خوب پخش میشه. شماره ۰۷ یکم نارنجی داره که خوش رنگه و ماته اما شاین دارش رو خانومی نداره اونم خیلی خوبه شماره ۱۰,20,false,2022-07-03T12:56:07+00:00,مثبت,0.95,محصول,محصول
نخ دندان ضخیم با اسانس اکالیپتوس حاوی فلوراید,https://www.khanoumi.com/products/mina-eucalyptus-dental-floss-26271,هنوزم بهترین نخ دندون هست که ریش ریش نمیشه و جنس خوبی داره,0,true,2026-08-27T09:08:38.5854865+03:30,خنثی,0.35,محصول,محصول
نخ دندان ضخیم با اسانس اکالیپتوس حاوی فلوراید,https://www.khanoumi.com/products/mina-eucalyptus-dental-floss-26271,عالی,0,true,2026-01-03T16:48:23.6760466+03:30,مثبت,0.67,سایر,سایر
نخ دندان متراکم مدل Strawberry-Waxed,https://www.khanoumi.com/products/mina-strawberry-dental-floss-26273,به نظرم هنوز رو دست این برند بلند بلند نشده. با برندهای خارجی رقابت میکنهذ,0,false,2026-06-11T08:08:54.5124013+03:30,خنثی,0.35,سایر,سایر
نخ دندان نازک با اسانس نعناع حاوی فلوراید,https://www.khanoumi.com/products/mina-mint-mina-star-dental-floss-26274,"راضی بودم ازش
نازک و محکم",0,true,2026-07-31T14:14:07.7247169+03:30,مثبت,0.67,محصول,محصول
نخ دندان نازک با اسانس نعناع حاوی فلوراید,https://www.khanoumi.com/products/mina-mint-mina-star-dental-floss-26274,خوبه,0,true,2026-04-01T13:28:09.8472638+03:30,مثبت,0.79,سایر,سایر
نخ دندان نازک با اسانس نعناع حاوی فلوراید,https://www.khanoumi.com/products/mina-mint-mina-star-dental-floss-26274,نازک و با کیفیت هست.,0,true,2026-01-21T19:26:53.2025817+03:30,خنثی,0.35,محصول,محصول
نخ دندان نازک با اسانس نعناع حاوی فلوراید,https://www.khanoumi.com/products/mina-mint-mina-star-dental-floss-26274,کیفیتش خوبه,0,true,2026-01-02T00:56:01.3719589+03:30,مثبت,0.79,محصول,محصول
نخ دندان نازک با اسانس نعناع حاوی فلوراید,https://www.khanoumi.com/products/mina-mint-mina-star-dental-floss-26274,من چند دفعه دارم میگیرم راضیم,0,true,2025-12-17T12:55:52.3990343+03:30,مثبت,0.79,سایر,سایر
نخ دندان نازک با اسانس نعناع حاوی فلوراید,https://www.khanoumi.com/products/mina-mint-mina-star-dental-floss-26274,محکم و نازک و موم دار .درکل پیشنهاد میکنم,0,true,2025-10-21T18:23:40.710208+03:30,مثبت,0.79,محصول,محصول
نخ دندان نازک با اسانس اکالیپتوس حاوی فلوراید,https://www.khanoumi.com/products/mina-eucalyptus-mina-star-dental-floss-26275,خیلی نازک نیست، خوبه,0,true,2026-07-17T13:57:10.6693217+03:30,منفی,0.79,سایر,سایر
نخ دندان نازک با اسانس اکالیپتوس حاوی فلوراید,https://www.khanoumi.com/products/mina-eucalyptus-mina-star-dental-floss-26275,خیلی خوبه,0,true,2026-02-01T16:20:51.2051769+03:30,مثبت,0.91,سایر,سایر
نخ دندان نازک با اسانس اکالیپتوس حاوی فلوراید,https://www.khanoumi.com/products/mina-eucalyptus-mina-star-dental-floss-26275,نازکه و گیر نمیکنه لای دندان,0,true,2026-01-28T23:28:18.7691987+03:30,خنثی,0.35,سایر,سایر
نخ دندان نازک با اسانس اکالیپتوس حاوی فلوراید,https://www.khanoumi.com/products/mina-eucalyptus-mina-star-dental-floss-26275,خوبه راضی بودم,0,true,2026-01-13T20:26:02.9452568+03:30,مثبت,0.91,محصول,محصول
نخ دندان نازک با اسانس اکالیپتوس حاوی فلوراید,https://www.khanoumi.com/products/mina-eucalyptus-mina-star-dental-floss-26275,خوبه، این مدلش بوی خیلی خوبی داره، راضی‌ام,0,true,2025-12-10T14:47:23.4657332+03:30,مثبت,0.95,محصول,محصول
نخ دندان نازک با اسانس اکالیپتوس حاوی فلوراید,https://www.khanoumi.com/products/mina-eucalyptus-mina-star-dental-floss-26275,نازکه و خوبه در کل ولی میتونست بهتر باشه,0,true,2021-07-12T15:47:01+00:00,مثبت,0.79,سایر,سایر
نخ دندان نازک با اسانس دارچین حاوی فلوراید,https://www.khanoumi.com/products/mina-cinnamon-mina-star-dental-floss-26276,خیلی خوب بود نرمه و با کیفیت...,0,true,2026-05-18T00:30:24.5888252+03:30,مثبت,0.91,محصول,محصول
نخ دندان نازک با اسانس دارچین حاوی فلوراید,https://www.khanoumi.com/products/mina-cinnamon-mina-star-dental-floss-26276,عالیه هم بوی جذابی داره هم باکیفیته و قیمت مناسب.,0,true,2026-05-06T22:21:51.763825+03:30,مثبت,0.79,محصول | قیمت,محصول
نخ دندان نازک با اسانس دارچین حاوی فلوراید,https://www.khanoumi.com/products/mina-cinnamon-mina-star-dental-floss-26276,من فاصله بین دندونام خیلی کمه و این به راحتی برای من قابل استفاده است. قرقره همیشه سالم بوده و تا اخر تونستم استفاده کنم,0,true,2025-12-17T14:57:52.5198953+03:30,مثبت,0.67,محصول | اصل بودن کالا,محصول
نخ دندان نازک با اسانس دارچین حاوی فلوراید,https://www.khanoumi.com/products/mina-cinnamon-mina-star-dental-floss-26276,نخ دندان های مینا راحت از قرقره میاد بیرون و فرمش جوریه که نرمه و فضای بین دندان ها رو پوشش میده . طعم خوبی هم داره,0,true,2025-09-06T05:24:57.2810106+03:30,مثبت,0.67,محصول,محصول
نخ دندان نازک با اسانس توت فرنگی حاوی فلوراید,https://www.khanoumi.com/products/mina-strawberry-mina-star-dental-floss-26277,"خیلی خوبه 
هم قیمت
هم کیفیت
فقط اولش بو توت فرنگی میده
بعد دوسه روز بوش میره",0,true,2026-07-03T14:03:03.1651843+03:30,مثبت,0.91,محصول | قیمت,محصول
نخ دندان نازک با اسانس توت فرنگی حاوی فلوراید,https://www.khanoumi.com/products/mina-strawberry-mina-star-dental-floss-26277,به عنوان تست خریدم اسانس توت فرنگی خیلی خوب و زیادی داره . نخ محکم و کمی ضخیم هست من با نخ های نازک نمیتونم کار کنم و این نخ اصلا باعث خونریزی لثه من نشده فقط بوووووووش,0,true,2025-11-25T14:30:07.5481858+03:30,مثبت,0.91,محصول | اصل بودن کالا,محصول
رژلب جامد لیپ سنس,https://www.khanoumi.com/products/my-lip-sense-lipstick-26289,من شماره های ۰۵ و ۰۶ رو سفارش دادم،براق و بسیار نرمه،به نظر رژ لب خوبی میاد،خوش بو هم هست.,2,true,2020-07-06T13:49:30+00:00,مثبت,0.67,محصول,محصول
رژلب جامد لیپ سنس,https://www.khanoumi.com/products/my-lip-sense-lipstick-26289,"به نظرم رژ لب خوبي مياد ماندگاري خوبي داره با توجه به قيمتش كيفيتش خوبه و بوي خوبي داره نميخواد زياد هم استفاده كنيد رنگ خوبي داره 
ولي رژلب ماتي نيس و چربه و برق ميزنه ",0,true,2020-07-05T02:04:07+00:00,مثبت,0.95,محصول | قیمت,محصول
رژلب جامد لیپ سنس,https://www.khanoumi.com/products/my-lip-sense-lipstick-26289,این رنگ شماره ۰۳ هستش، یه سایت نقره ای داره که به نظرم اگه نداشت خیلی بهتر بود،خیلی چرب هم نیست در کل خیلی رژلب خاصی نیست در حد همین قیمتشه,11,true,2020-01-21T12:19:14+00:00,خنثی,0.35,محصول | قیمت,محصول
رژلب جامد سری بلک دایموند مدل ستین لوکس,https://www.khanoumi.com/products/my-black-diamond-satin-luxe-lipstick-26290,من از ستین لوکس مای تا حالا چندبار خریدم. شماره 3 از همه اش مصرفی تره. یه رنگ خیلی طبیعی که مناسب بیرون و سرکار و ایناست. ماندگاریشم خوبه. و لب رو نرم میکنه,0,true,2026-01-04T13:12:34.3546556+03:30,مثبت,0.79,محصول,محصول
رژلب جامد سری بلک دایموند مدل ستین لوکس,https://www.khanoumi.com/products/my-black-diamond-satin-luxe-lipstick-26290,من 05و06رو از جای دیگه خریدم حالت نیمه مات داره خیلی سبک نیست ولی واقعا خوشرنگه و ارزش خرید داره.,0,true,2024-06-04T22:42:24+00:00,مثبت,0.67,محصول | قیمت,محصول
رژلب جامد سری بلک دایموند مدل ستین لوکس,https://www.khanoumi.com/products/my-black-diamond-satin-luxe-lipstick-26290,شماره 03ستین لوکس مای هست عکسشو براتون فرستادن ,0,false,2023-08-14T10:36:54+00:00,خنثی,0.35,سایر,سایر
رژلب جامد سری بلک دایموند مدل ستین لوکس,https://www.khanoumi.com/products/my-black-diamond-satin-luxe-lipstick-26290,عکسی که براتون فرستادم شماره 3ستین لوکس مای هست خیلی خوشرنگ  نرمه روی لب نه خیلی کم رنگه که پیدا نباشه روی لب ،نه خیلی پررنگه که برای بیرون مناسب نباشه من دوسش دارم رنگش بنفشه متوسطه ماندگاریش هم متوسطه ,0,false,2023-08-12T14:51:02+00:00,خنثی,0.35,محصول,محصول
رژلب جامد سری بلک دایموند مدل ستین لوکس,https://www.khanoumi.com/products/my-black-diamond-satin-luxe-lipstick-26290,شماره 13رژ لب ستین لوکس مای هست که عکسشو فرستادم براتون خوشرنگه نه کم رنگه نه پررنگ به نارنجی  میخوره من دوسش دارم به نظرم هم به پوست سفید میاد هم گندمی ,1,false,2023-07-26T21:54:46+00:00,خنثی,0.35,محصول,محصول
رژلب جامد سری بلک دایموند مدل ستین لوکس,https://www.khanoumi.com/products/my-black-diamond-satin-luxe-lipstick-26290,شماره sl07 رو دارم خیلی خوشرنگه.نه خیلی چربه و نه خیلی مات و خشک. عااالیه من خیلی راضیم.,7,false,2020-05-22T17:14:50+00:00,مثبت,0.79,محصول,محصول
رژلب جامد سری بلک دایموند مدل ستین لوکس,https://www.khanoumi.com/products/my-black-diamond-satin-luxe-lipstick-26290,من سه رنگ از این رژ رو دارم که توی عکس شماره هاشونو مشخص کردم. در کل بخوام راجبش بگم رژهای خیلی خوبین. لب رو خشک نمیکنن. موندگاری خوبی دارن و بین خطوط نمیرن. میشه گفت بین رژایی ایرانی ای که امتحان کردم بهترینن. این سه رنگ هم همشون رنگای پررنگین و اگه اهل رنگ nude هستید این رنگا به دردتون نمیخورن اما فوق العاده خوشگلن خصوصا شماره sl11. ,16,false,2020-04-14T12:34:31+00:00,مثبت,0.91,محصول,محصول
رژلب جامد سری بلک دایموند مدل ستین لوکس,https://www.khanoumi.com/products/my-black-diamond-satin-luxe-lipstick-26290,"رنگ و بافت خوبی داره
روی لب خیلی نرم و روانه
من که خیلی راضی بودم",8,true,2020-04-03T21:13:44+00:00,مثبت,0.79,محصول,محصول
سایه تک رنگ بلک دایموند,https://www.khanoumi.com/products/my-eyeshadow-26291,پیگمنت خوبی داره مشکیش. من به عنوان خط چشم ازش استفاده میکنم. پودریه و میریزه زیر چشم که مجبورم بعد از خط چشم کشیدن صورتمو تمیز کنم. اگه براش رو کمی مرطوب کنید و بعد بزنید تو سایه خیلی بهتره.,0,false,2026-04-07T18:33:03.2174841+03:30,مثبت,0.67,محصول,محصول
سایه تک رنگ بلک دایموند,https://www.khanoumi.com/products/my-eyeshadow-26291,من خیلی راضی بودم درسته یکم پودری و ممکنه زیر چشمتون رو کثیف کنه...ولی من به عنوان خط چشم استفاده میکنم ازش، یکم میسلارواتر توی یه ظرف کوچیک می‌ریزم بعد با قلمو سه صفر که آغشته به میسلاره میزنم داخل سایه و خط چشم میکشم هم ماندگاری خیلی زیادی داره و هم زیر چشم و کثیف نمیکنه,0,false,2026-03-29T15:14:47.4026221+03:30,مثبت,0.67,محصول,محصول
سایه تک رنگ بلک دایموند,https://www.khanoumi.com/products/my-eyeshadow-26291,"به شدت پودریه
پیگمنت بالایی نداره
ولی در کل بدم نیست
من راضیم",0,true,2025-02-02T14:33:02.7242645+00:00,منفی,0.67,سایر,سایر
سایه تک رنگ بلک دایموند,https://www.khanoumi.com/products/my-eyeshadow-26291,تخفیف 50درصدی بزارید خواهش میکنم رنگ های 65 ، 68 ، رو موجود کنید,0,false,2025-02-02T08:57:26.0701032+00:00,خنثی,0.35,محصول | قیمت,محصول
سایه تک رنگ بلک دایموند,https://www.khanoumi.com/products/my-eyeshadow-26291,شماره 68 اسموکی هست نه بنفش، با رنگی که توی تصویر هست کاملا متفاوته,0,false,2024-12-31T12:28:02.4925304+00:00,خنثی,0.35,محصول,محصول
سایه تک رنگ بلک دایموند,https://www.khanoumi.com/products/my-eyeshadow-26291,من مشکیشو گرفتم پیگمنتش خیلی کمه و رد انگشت روی سایه بود یعنی هم باز شده بود و هم تست ,0,true,2024-03-03T12:34:03+00:00,خنثی,0.35,محصول,محصول
سایه تک رنگ بلک دایموند,https://www.khanoumi.com/products/my-eyeshadow-26291,"من مشکی ماتو گرفتم پیگمنتش خیلی کمه انگار طوسیه در واقع
باید خیلی زیاد بزنی",0,true,2023-12-26T10:13:29+00:00,خنثی,0.35,سایر,سایر
سایه تک رنگ بلک دایموند,https://www.khanoumi.com/products/my-eyeshadow-26291,من رنگ مشکی رو گرفتم . سایزش خیلی کوچیک بود . پیگمنت بالایی نداره و اگه بخوایین باهاش خط چشم بکشین کاملا مشکی نیستش و کم رنگه ولی خوبیش اینه که اصلا پخش نمیشه . ,0,true,2022-11-25T01:21:39+00:00,خنثی,0.35,محصول | اصل بودن کالا,محصول
سایه تک رنگ بلک دایموند,https://www.khanoumi.com/products/my-eyeshadow-26291,من رنگ مشکی این محصول رو از خانومی با تخفیف خیلی خوب خریدیم که با قیمت مغازه های بیرون خیلی تفاوت داشت. این سایه کاملا ماته که من خیلی دوستش دارم. به راحتی روی پوست کشیده میشه و ماندگاری طولانی مدت هم داره. فقط اگر پوست چربی دارید، بهتره قبل از استفاده حتما از زیرساز مناسب استفاده کنید که دوام سایه بالا بره. من از رنگ مشکی این سایه هم به عنوان خط چشم و هم به عنوان سایه استفاده کردم و کاملا راضی بودم.,2,false,2022-10-11T09:36:26+00:00,مثبت,0.91,محصول | قیمت,محصول
سایه تک رنگ بلک دایموند,https://www.khanoumi.com/products/my-eyeshadow-26291,بد نیس ولی خب خیلی رنگ ملایمی داره تقریبا معلوم نیس ,1,false,2021-07-03T01:16:50+00:00,منفی,0.67,محصول,محصول
سایه تک رنگ بلک دایموند,https://www.khanoumi.com/products/my-eyeshadow-26291,"خیلی خوبه و ماندگاری خوبی داره
..من ۶۵ رو دارم و راضیم برای استفاده روزانه خوبه...فقط کاش تنوع رنگ هاش بیشتر بود",4,false,2020-11-08T13:00:33+00:00,مثبت,0.95,محصول,محصول
سایه تک رنگ بلک دایموند,https://www.khanoumi.com/products/my-eyeshadow-26291,رنگ ۶۵ رو دارم خیلی قشنگه ولی روی پلک زیاد خودشو نشون نمیده,4,true,2020-06-17T19:07:18+00:00,خنثی,0.35,محصول,محصول
سایه تک رنگ بلک دایموند,https://www.khanoumi.com/products/my-eyeshadow-26291,"من چند ساله ک از سایه های تکی مای استفاده میکنم و ب نظرم عالین
",4,true,2020-05-11T12:48:47+00:00,مثبت,0.67,سایر,سایر
سایه تک رنگ بلک دایموند,https://www.khanoumi.com/products/my-eyeshadow-26291,"من از سایه های تکی مای استفاده کردم
هم ماندگاری خوبی دارن هم پیگمنت خوب",0,true,2020-05-02T03:33:11+00:00,مثبت,0.79,محصول,محصول
سایه تک رنگ بلک دایموند,https://www.khanoumi.com/products/my-eyeshadow-26291,من شماره ۶۵ و ۶۷ رو خریدم عالین,0,true,2020-05-01T05:10:46+00:00,مثبت,0.67,سایر,سایر
سایه تک رنگ بلک دایموند,https://www.khanoumi.com/products/my-eyeshadow-26291,عالیه ,0,false,2020-03-01T04:41:17+00:00,مثبت,0.79,سایر,سایر
سایه تک رنگ بلک دایموند,https://www.khanoumi.com/products/my-eyeshadow-26291,"سایه های مای عالین پیشنهاد میشن حتما
این رنگ هم برای بزرگ نشون دادن پشت پلک خیلی خوبه",3,false,2019-11-17T23:42:53+00:00,مثبت,0.95,محصول,محصول
سایه تک رنگ بلک دایموند,https://www.khanoumi.com/products/my-eyeshadow-26291,شماره 65 را گرفتم و واقعا رنگ ملیح و قشنگی داره، یه برق خاصی هم میزنه محصول. بافت محصول هم واقعا نرم و لطیفه. اندازه محصول هم کوچیک و مناسبه کیفه.,9,true,2019-10-06T12:10:27+00:00,خنثی,0.35,محصول,محصول
مداد چشم مدل پانورامیک,https://www.khanoumi.com/products/my-panoramic-eye-pencil-26292,رنگ قهوه ایش رو خریدم راضیم. ولی ماندگاریش زیاد نیست.,0,true,2026-01-22T13:53:04.7928264+03:30,مثبت,0.79,محصول,محصول
مداد چشم مدل پانورامیک,https://www.khanoumi.com/products/my-panoramic-eye-pencil-26292,من 06 خریدم و قهوه ای سوخته هست. پوست من چربه و کلا همه ریملا و خط چشم ها رو پوست من میریزه پس نظری نمیدم در این مورد ولی برای من موندگاری داشت تا 6 7 ساعت با این که پوست من آرایشو میخوره,0,true,2025-12-17T14:49:50.1050084+03:30,خنثی,0.35,محصول,محصول
مداد چشم مدل پانورامیک,https://www.khanoumi.com/products/my-panoramic-eye-pencil-26292,نیم ساعت بعد پاک میشه,0,true,2025-07-06T15:57:16.0777482+00:00,خنثی,0.35,سایر,سایر
مداد چشم مدل پانورامیک,https://www.khanoumi.com/products/my-panoramic-eye-pencil-26292,من رنگ سرمه ای رو خریدم اصلا مشخص نیست که رنگش سرمه ای بارنگ مشکی فرق نمیکنه,0,true,2025-04-12T04:40:30.5475496+00:00,منفی,0.67,محصول | اصل بودن کالا,اصل بودن کالا
مداد چشم مدل پانورامیک,https://www.khanoumi.com/products/my-panoramic-eye-pencil-26292,"زود پاک میشه 
دور چشم پخش میشه
رنگش خیلییی کمرنگه 
در کل اصلا ارزش خرید نداره",0,true,2025-04-05T10:48:27.7288777+00:00,خنثی,0.35,محصول | اصل بودن کالا | قیمت,محصول
مداد چشم مدل پانورامیک,https://www.khanoumi.com/products/my-panoramic-eye-pencil-26292,دوتا خریدم و اصلا راضی نبودم,0,true,2025-02-10T12:06:51.0788678+00:00,منفی,0.79,محصول | اصل بودن کالا,اصل بودن کالا
مداد چشم مدل پانورامیک,https://www.khanoumi.com/products/my-panoramic-eye-pencil-26292,"بسته بندی خوبه
نرمه ولی نه زیاد",0,true,2025-02-02T14:29:44.6372732+00:00,مثبت,0.79,تحویل و ارسال,تحویل و ارسال
مداد چشم مدل پانورامیک,https://www.khanoumi.com/products/my-panoramic-eye-pencil-26292,اصلا قابل تراش شدن نیست,0,true,2024-12-14T09:47:40.1958047+00:00,مثبت,0.67,اصل بودن کالا,اصل بودن کالا
مداد چشم مدل پانورامیک,https://www.khanoumi.com/products/my-panoramic-eye-pencil-26292,من استفاده کردم اصلا چشمو نسوزاند حتی داخل چشمم زدم خیلی خاصه مشکی اکلیلی فقط یه مقدار خیلی کم پخش شد ولی درکل عالی بود,0,true,2024-12-09T00:08:16.5940088+00:00,مثبت,0.91,محصول | اصل بودن کالا,محصول
مداد چشم مدل پانورامیک,https://www.khanoumi.com/products/my-panoramic-eye-pencil-26292,من خط چشم باش نمیکشم هر از گاهی استفاده میکنم و خوب بود ارسال بموقع و بسته بندی خوب داشتن,0,true,2024-11-30T15:20:33.6291759+00:00,مثبت,0.91,تحویل و ارسال | محصول,تحویل و ارسال
مداد چشم مدل پانورامیک,https://www.khanoumi.com/products/my-panoramic-eye-pencil-26292,"ااصلا راضی نیستم
اصلا نمیشه تراشش کنی
با یه دست کشیدن هم میره",0,true,2024-11-03T08:57:23.2555131+00:00,منفی,0.91,اصل بودن کالا,اصل بودن کالا
مداد چشم مدل پانورامیک,https://www.khanoumi.com/products/my-panoramic-eye-pencil-26292,فکر میکردم ایراد الکیه وقتی توی کامنتا خوندم ولی جدی چشم منم سوزوند. حتی من داخلشم نکشیدم پشت و زیر چشمم کشیدم اما از گوشه چشمم کشید داخل انگار و سوزوند.,0,true,2024-10-22T14:22:16.8101973+00:00,خنثی,0.35,سایر,سایر
مداد چشم مدل پانورامیک,https://www.khanoumi.com/products/my-panoramic-eye-pencil-26292,چشم رو میسوزونه حتی وقتی پشت چشم میکشم و سعی میکنم توی چشمم نره ولی بازم چشمم اشک میزنه,0,true,2024-10-17T10:45:37.1010114+00:00,خنثی,0.35,سایر,سایر
مداد چشم مدل پانورامیک,https://www.khanoumi.com/products/my-panoramic-eye-pencil-26292,خیلی خوب و روانه ,0,true,2024-09-17T19:02:39+00:00,مثبت,0.79,سایر,سایر
مداد چشم مدل پانورامیک,https://www.khanoumi.com/products/my-panoramic-eye-pencil-26292,خیلی زوووود پاک میشه پشت پلک کشیده بشه و داخل چشم هم اذیت میکنه، در کل راضی نیستم از خریدش,0,true,2024-03-05T19:37:21+00:00,منفی,0.67,سایر,سایر
مداد چشم مدل پانورامیک,https://www.khanoumi.com/products/my-panoramic-eye-pencil-26292,بازم میخرم,0,true,2024-02-29T00:21:04+00:00,خنثی,0.35,سایر,سایر
مداد چشم مدل پانورامیک,https://www.khanoumi.com/products/my-panoramic-eye-pencil-26292,"من صفر دو اش رو خریدم
اکلیلیه و خیلی دوستش دارم
و استفاده اش هم راحت تر از مدادهاییه که تا حالا داشتم",0,true,2024-02-23T14:09:44+00:00,خنثی,0.35,سایر,سایر
مداد چشم مدل پانورامیک,https://www.khanoumi.com/products/my-panoramic-eye-pencil-26292,شماره 6 همیشه میخرم نرم و خوشرنگ اما زود تموم میشه کوچیکه.,0,true,2024-02-10T20:36:56+00:00,خنثی,0.35,محصول,محصول
مداد چشم مدل پانورامیک,https://www.khanoumi.com/products/my-panoramic-eye-pencil-26292,لطفا تخفیف بزااارید ,2,false,2023-07-06T23:53:26+00:00,خنثی,0.35,قیمت,قیمت
مداد چشم مدل پانورامیک,https://www.khanoumi.com/products/my-panoramic-eye-pencil-26292,لطفا تخفیف بزارید رو این بینظیر,0,false,2023-07-05T22:23:20+00:00,خنثی,0.35,قیمت,قیمت
مداد چشم مدل پانورامیک,https://www.khanoumi.com/products/my-panoramic-eye-pencil-26292,من سه تا شماره ازش گرفتم قهوه ای 06 که عالیه صورمه ای تیره 04 و مشکی بور 03 که یه شاین و برق کمی داره میخواستم 02 بزنم اشتباه 03 گرفتم خیلی نزدیک به هم شدن... ولی کاملا روان هستن من که دوسشون دارم و ترجیحا مداد رو داخل چشم نکشین کلا چون خشکی چشم میگیرین خودم قبلا خیلی انجام میدادم سعی کنین نزدیک به خط پلک بکشین باید کالیته روی پوست دست یا پشت چشم اضافه کنین نه صرفا رنگای دیجیتال خانومی توجه کن,9,true,2023-05-29T20:27:47+00:00,مثبت,0.79,محصول,محصول
مداد چشم مدل پانورامیک,https://www.khanoumi.com/products/my-panoramic-eye-pencil-26292,از خانومی خرید کردم بسیار راضی بودم.بهترین مداد چشمی که تاالان دیدم.ممنون,3,true,2020-11-18T12:55:38+00:00,مثبت,0.91,محصول,محصول
مداد چشم مدل پانورامیک,https://www.khanoumi.com/products/my-panoramic-eye-pencil-26292,رنگ٠٤كه ابيه به مشكي ميخوره پشت پلك,2,true,2020-07-25T21:48:08+00:00,خنثی,0.35,محصول,محصول
مداد چشم مدل پانورامیک,https://www.khanoumi.com/products/my-panoramic-eye-pencil-26292,من شماره‌ی ۱ رو دارم که مشکیه، رنگش و روان کشیدنش خوبه ولی دوام چندانی نداره پشت پلک. ,4,false,2020-05-07T01:24:26+00:00,مثبت,0.79,محصول,محصول
مداد چشم مدل پانورامیک,https://www.khanoumi.com/products/my-panoramic-eye-pencil-26292,رنگ شماره ۲ خریدم ولی اکلیلیه که برای داخل چشم اصلا مناسب نیست. کاش تو توضیحات مینوشتید .,21,true,2019-11-25T14:48:04+00:00,منفی,0.67,محصول | اصل بودن کالا,اصل بودن کالا
مداد لب اور لستینگ,https://www.khanoumi.com/products/my-ever-lasting-eyeliner-26293,من رنگ 04 این محصول رو سفارش دادم و به جاش مداد چشم فرستادنننن، من اینو میخواستممم,0,true,2026-08-22T17:14:36.9620457+03:30,خنثی,0.35,محصول,محصول
مداد لب اور لستینگ,https://www.khanoumi.com/products/my-ever-lasting-eyeliner-26293,پیشنهاد نمیکنم.,0,true,2026-07-04T15:57:01.0552433+03:30,منفی,0.67,سایر,سایر
مداد لب اور لستینگ,https://www.khanoumi.com/products/my-ever-lasting-eyeliner-26293,عالیه برا خط لب دوست داشتم دوبار دارم شارژ میکنم,0,true,2026-04-30T23:17:32.5300536+03:30,مثبت,0.91,سایر,سایر
مداد لب اور لستینگ,https://www.khanoumi.com/products/my-ever-lasting-eyeliner-26293,من رنگ 01 خریدم کیفیتش خوبه ولی رنگش اصلا خوب نیست اصلا شبیه تصویر نیست خیلی خیلی کم رنگه اصلا روی لب قشنگ نمیشه,0,true,2025-09-03T16:32:25.5876838+03:30,خنثی,0.35,محصول | اصل بودن کالا,محصول
مداد لب اور لستینگ,https://www.khanoumi.com/products/my-ever-lasting-eyeliner-26293,رنگ 01 با تینت و برق لب ترکیب خیلی قشنگی میشه,0,false,2025-07-05T03:54:37.5954412+00:00,خنثی,0.35,محصول,محصول
مداد لب اور لستینگ,https://www.khanoumi.com/products/my-ever-lasting-eyeliner-26293,من رنگ 01 خریدم اصلا اینی که تو رنگ ها گذاشته نیست بسیار کم رنگ و اصلا دیده نمیشه کالباسی کالباسیه,0,true,2025-06-28T05:53:19.3755981+00:00,خنثی,0.35,محصول | اصل بودن کالا,محصول
مداد لب اور لستینگ,https://www.khanoumi.com/products/my-ever-lasting-eyeliner-26293,اصلا راضی نبودم و خشک بود,0,false,2025-06-13T16:29:34.4201195+00:00,منفی,0.79,محصول | اصل بودن کالا,اصل بودن کالا
مداد لب اور لستینگ,https://www.khanoumi.com/products/my-ever-lasting-eyeliner-26293,"رنگ 08 تقریبا یه جور گوشتی تیره مایل به قهوه ایه  که به عنوان خط لب خوب و کاربردی.
اندازش کوچیکه و تو تخفیف ارزش خرید داره.
بافت نسبتا نرم و خوبی داره.
در کل واسه روزمره خوبه.",0,true,2025-04-25T08:49:56.9078976+00:00,مثبت,0.95,محصول | قیمت,محصول
مداد لب اور لستینگ,https://www.khanoumi.com/products/my-ever-lasting-eyeliner-26293,رنگ 04 رو گرفتم به قرمزی میزنه,0,true,2025-03-10T16:05:44.4286071+00:00,خنثی,0.35,محصول,محصول
مداد لب اور لستینگ,https://www.khanoumi.com/products/my-ever-lasting-eyeliner-26293,متاسفانه اصلا خوب نبود ، نه رنگش نه کیفیتش,0,true,2025-02-26T09:21:14.619262+00:00,منفی,0.67,محصول | اصل بودن کالا,اصل بودن کالا
مداد لب اور لستینگ,https://www.khanoumi.com/products/my-ever-lasting-eyeliner-26293,سایز مداد خییییییلی کوچیک و باریکه شبیه عکسش نیست زود تموم میشه ، بیشتر مناسب خط لبه تا رژ ،اگه واسه رژ میخواین استفاده کنید مناسب نیست اصلا با این قیمت ارزش خرید نداره,0,true,2025-02-07T09:48:26.6083372+00:00,منفی,0.79,محصول | قیمت | اصل بودن کالا,اصل بودن کالا
مداد لب اور لستینگ,https://www.khanoumi.com/products/my-ever-lasting-eyeliner-26293,من رنگ 08 خریدم بسیار مداد مزخرفی هست. یه رنگ بیحال مسخره و مداد خیلی کوچیک و بافت نرمی هم نداره .خیلی زود هم تموم میشه و تند تند باید تراش کرد .واقعا حیف پول,0,true,2025-02-04T05:53:34.3535954+00:00,خنثی,0.35,محصول,محصول
مداد لب اور لستینگ,https://www.khanoumi.com/products/my-ever-lasting-eyeliner-26293,من 2 رنگ متفاوت سفارش دادم شماره 03 و 06 اما برام هردو رو رنگ 901 فرستادن متاسفانه. دفعه اول تو خریدهای من از خانومی چنین اتفاقی میوفته,0,true,2025-01-19T07:50:05.1991972+00:00,منفی,0.67,محصول,محصول
مداد لب اور لستینگ,https://www.khanoumi.com/products/my-ever-lasting-eyeliner-26293,شماره 08ش خیلی خوبهههه,0,true,2025-01-15T09:26:46.4417457+00:00,مثبت,0.91,سایر,سایر
مداد لب اور لستینگ,https://www.khanoumi.com/products/my-ever-lasting-eyeliner-26293,"من رنگ شماره 1 که صورتی نارنجی هست و بیشتر مایل به نارنجی کرم داره و شماره 5 ک صورتی بنفش هست رو تهیه کردم
فقط اینکه ابن مداد ها خیلی کوچیک هستن اندازه کف دست هستن ،منم فکر کردم از این مداد های ضخیم و بزرگ هست ولی کوچیک و مینی هست ک توی تخفیف بالا ارزش خرید داره فقط",0,true,2024-12-30T10:00:31.6272414+00:00,مثبت,0.67,محصول | قیمت,محصول
مداد لب اور لستینگ,https://www.khanoumi.com/products/my-ever-lasting-eyeliner-26293,"شماره 05 رنگ گوشتی 
خوش رنگ 
با اینکه اصلا شبیه اونی نبود که فکر میکردم ولی قشنگه و پسندیدمش.",0,true,2024-12-28T17:37:45.3058467+00:00,مثبت,0.67,محصول | اصل بودن کالا,محصول
مداد لب اور لستینگ,https://www.khanoumi.com/products/my-ever-lasting-eyeliner-26293,"شماره 3 رنگش به سرخابی میزنه 
تقریبا نرم و روونه.
قشنگه ولی اونی نبود که تو تصاویر سایت می‌بینین",0,true,2024-12-28T17:28:11.437081+00:00,خنثی,0.35,محصول,محصول
مداد لب اور لستینگ,https://www.khanoumi.com/products/my-ever-lasting-eyeliner-26293,خوب بود,0,true,2024-12-16T05:09:13.3272165+00:00,مثبت,0.79,محصول,محصول
مداد لب اور لستینگ,https://www.khanoumi.com/products/my-ever-lasting-eyeliner-26293,مداد نرم و روانی هست ماندگاری خوبی داره فقط زود به زود باید بتراشید و احتمالا زود مصرف میشه,0,true,2024-12-04T07:52:10.4004966+00:00,مثبت,0.67,محصول,محصول
مداد لب اور لستینگ,https://www.khanoumi.com/products/my-ever-lasting-eyeliner-26293,"لطفا روی همه رنگاش تخفیف50 ،60درصدی بزارین
همه رژ ها تخفیف بالا خوردن جز برند هایی ک ما بیشتر دوست داریم و استفاده مبکنبم",0,false,2024-12-02T03:02:36.5994806+00:00,خنثی,0.35,قیمت | محصول,قیمت
مداد لب اور لستینگ,https://www.khanoumi.com/products/my-ever-lasting-eyeliner-26293,لطفا تخفیفشو زیاد کنید,0,false,2024-12-01T14:06:49.2763742+00:00,خنثی,0.35,قیمت,قیمت
مداد لب اور لستینگ,https://www.khanoumi.com/products/my-ever-lasting-eyeliner-26293,"بافت و رنگ فوق العاده ای داره، با همه رژ لب هام استفاده کردم
فقط مغزی ضعیفی داره و زود تموم میشه",0,true,2024-06-27T01:00:54+00:00,ترکیبی,0.66,محصول,محصول
مداد لب اور لستینگ,https://www.khanoumi.com/products/my-ever-lasting-eyeliner-26293,شارژ کنید لطفا,0,true,2024-04-21T00:52:53+00:00,خنثی,0.35,سایر,سایر
مداد لب اور لستینگ,https://www.khanoumi.com/products/my-ever-lasting-eyeliner-26293,من 08 رو گرفتم فکر میکردم تیره تر باشه ولی ملایمه.رنگ دهیش هم معمولی بود و نسبتا هم نرمه,0,true,2024-01-25T08:21:17+00:00,خنثی,0.35,محصول,محصول
مداد لب اور لستینگ,https://www.khanoumi.com/products/my-ever-lasting-eyeliner-26293,من شماره دو رو گرفتم اصلا انگار روی لب رنگ نداره راضی نبودم از رنگش,0,true,2023-12-11T11:36:17+00:00,خنثی,0.35,محصول | اصل بودن کالا,محصول
مداد لب اور لستینگ,https://www.khanoumi.com/products/my-ever-lasting-eyeliner-26293,خیلی راضیم ,1,true,2020-05-13T15:15:42+00:00,مثبت,0.79,سایر,سایر
مداد لب اور لستینگ,https://www.khanoumi.com/products/my-ever-lasting-eyeliner-26293,من شماره‌ی ۲ رو دارم که تقریباً گلبهی روشنه، ماته و من به عنوان رژ ازش استفاده می‌کنم ولی لبم رو خشک می‌کنه.,4,false,2020-05-07T01:26:10+00:00,خنثی,0.35,سایر,سایر
مداد لب اور لستینگ,https://www.khanoumi.com/products/my-ever-lasting-eyeliner-26293,مداد فوق العاده چربی به جای رژ میشه زد خیلی خوبه,7,true,2019-10-15T15:59:16+00:00,مثبت,0.95,سایر,سایر
پرایمر صورت سری بلک دایموند مدل مت تاچ,https://www.khanoumi.com/products/my-black-diamond-matt-touch-primer-35ml-26294,خیلی خوب بود رو پوستم نشست آرایشم تا چند ساعت نگه داشت,0,true,2026-07-07T10:20:51.4674641+03:30,مثبت,0.91,محصول,محصول
پرایمر صورت سری بلک دایموند مدل مت تاچ,https://www.khanoumi.com/products/my-black-diamond-matt-touch-primer-35ml-26294,انتظار یه پرایمر خارجیو نباید داشته باشید برای زیر سازی خوبه,0,true,2026-07-04T20:34:03.5872694+03:30,مثبت,0.79,سایر,سایر
پرایمر صورت سری بلک دایموند مدل مت تاچ,https://www.khanoumi.com/products/my-black-diamond-matt-touch-primer-35ml-26294,خیلی سبک و با کیفیت بود,0,true,2026-04-17T17:51:27.5122486+03:30,خنثی,0.35,محصول,محصول
پرایمر صورت سری بلک دایموند مدل مت تاچ,https://www.khanoumi.com/products/my-black-diamond-matt-touch-primer-35ml-26294,مای درکل برند خوبیه فقط شاید ماندگاری کرم پودر ی چندساعت بیشتر کنه منافذ صورت اصلااااا جمع نمیکنه من روی گونه ام خیلی کم منافذ ایجاد شده جدیدا و برای اون گرفته بودم ک استفاده نکرده اش بهتره,0,true,2026-03-26T19:01:05.7282067+03:30,مثبت,0.79,محصول | اصل بودن کالا,محصول
پرایمر صورت سری بلک دایموند مدل مت تاچ,https://www.khanoumi.com/products/my-black-diamond-matt-touch-primer-35ml-26294,من زیر کرم پودر مای استفاده کردم عالی بود قشنگ ارایشو شیش هفت ساعت نگه داشت من کرم پودر بدون پرایمر زدم خیلی چرب شد صورتم و برق میزد ولی با پرایمر کاملا مات شد راضی بودم,0,true,2026-02-22T11:00:49.0846042+03:30,ترکیبی,0.87,محصول,محصول
پرایمر صورت سری بلک دایموند مدل مت تاچ,https://www.khanoumi.com/products/my-black-diamond-matt-touch-primer-35ml-26294,"چه نظرات عجیب و غریبی میخونم....خیلی خوبه ماندگاری داره آرایش رو مات میکنه
شاید مشکل از خود پوست هست...قرار نیست یه پرایمر معجزه کنه
لطفا با بی انصافی نظر منفی ندین من اگر خودم استفاده نکرده بودم ممکن بو با خوندن این نظدات منفی نخرم ولی واقعا پرایمر خوبیه.",0,true,2026-02-21T15:43:26.0884998+03:30,مثبت,0.95,محصول,محصول
پرایمر صورت سری بلک دایموند مدل مت تاچ,https://www.khanoumi.com/products/my-black-diamond-matt-touch-primer-35ml-26294,من این پرایمر رو همراه کرمپودر خودش یعنی کرمپودر مای سری بلک دایموند گرفتم و واقعا برای مصرف روزانه یا حتی مهمونی هم عالی و موندگار هستش و پوست و مخملی و یکدست میکنه.برای صورتهای چرب که تعریق زیاد دارن توصیه میکنم و موندگاریش تضمینیه.,0,true,2026-01-09T20:04:38.61519+03:30,مثبت,0.91,محصول,محصول
پرایمر صورت سری بلک دایموند مدل مت تاچ,https://www.khanoumi.com/products/my-black-diamond-matt-touch-primer-35ml-26294,یک ساله استفاده میکنم خیلی راضیم,0,false,2025-11-19T03:14:59.2407803+03:30,مثبت,0.79,سایر,سایر
پرایمر صورت سری بلک دایموند مدل مت تاچ,https://www.khanoumi.com/products/my-black-diamond-matt-touch-primer-35ml-26294,"من اولین بار خرید کردم فقط یکبار استفاده کردم
انتظار پرایمر فوق العاده نداشته باشید
اما برای استفاده روزانه گزینه خوبی
من کرم پودر بلک موند مای چون استفاده کردم
و رژلب های مای استفاده میکنم
راضی بودم تصمیم گرفتم پرایمر مای رو هم امتحان کنم",0,true,2025-11-07T11:44:16.9514218+03:30,مثبت,0.67,محصول,محصول
پرایمر صورت سری بلک دایموند مدل مت تاچ,https://www.khanoumi.com/products/my-black-diamond-matt-touch-primer-35ml-26294,این پرایمر رو بالای 400 از خانومی یکی دو ماه پیش خریدم تا در تابستان گرم و شرجی شمال اضد آفتاب و ارایشم نریزه اما متاسفانه حتی یک دقیقه هم نمیتونه آرایش رو نگهداره واقعا حیف پولی که روش بدی,0,true,2025-08-04T17:10:13.4012673+00:00,منفی,0.79,سایر,سایر
پرایمر صورت سری بلک دایموند مدل مت تاچ,https://www.khanoumi.com/products/my-black-diamond-matt-touch-primer-35ml-26294,برخی دوستان من از چسبناکی پرایمر ناراضی بودن خواستم بگم اون برای قفل کردن کرم پودره و مزیت محسوب میشه,0,false,2025-07-07T16:01:44.0930967+00:00,ترکیبی,0.66,محصول,محصول
پرایمر صورت سری بلک دایموند مدل مت تاچ,https://www.khanoumi.com/products/my-black-diamond-matt-touch-primer-35ml-26294,موقع استفاده رو پوست یکم چسبناک میشه در کل زیاد خوب نبود,0,true,2025-04-27T10:06:30.393621+00:00,خنثی,0.4,محصول,محصول
پرایمر صورت سری بلک دایموند مدل مت تاچ,https://www.khanoumi.com/products/my-black-diamond-matt-touch-primer-35ml-26294,خوبه,0,true,2025-02-28T22:49:44.594543+00:00,مثبت,0.79,سایر,سایر
پرایمر صورت سری بلک دایموند مدل مت تاچ,https://www.khanoumi.com/products/my-black-diamond-matt-touch-primer-35ml-26294,تخفیف 50 درصدی بزارید بتونیم بخریم,0,true,2025-02-25T20:42:29.5632494+00:00,خنثی,0.35,قیمت,قیمت
پرایمر صورت سری بلک دایموند مدل مت تاچ,https://www.khanoumi.com/products/my-black-diamond-matt-touch-primer-35ml-26294,من این پرایمر رو از خانومی خریدم از نحوه ارسال و بسته بندی بسیار راضی بودم و خود پرایمر هم تا 1406 تاریخ داره، صورت رو براق نمیکنه و جذب سریع داره,0,true,2025-02-18T20:41:51.0108564+00:00,مثبت,0.67,تحویل و ارسال | محصول,تحویل و ارسال
پرایمر صورت سری بلک دایموند مدل مت تاچ,https://www.khanoumi.com/products/my-black-diamond-matt-touch-primer-35ml-26294,"تجربه اولم از پرایمر بود
و واقعا حرف نداشت
خیلیییی خوب نشست رو صورتم",0,true,2025-02-02T14:41:08.7232902+00:00,مثبت,0.67,محصول,محصول
پرایمر صورت سری بلک دایموند مدل مت تاچ,https://www.khanoumi.com/products/my-black-diamond-matt-touch-primer-35ml-26294,پرایمرها انواع مختلف دارن. بعضی بیشتر منافذ رو پر می‌کنن، بعضی مرطوب‌کننده هستن و بعضی کرم رو ماندگار می‌کنن. اون چسبندگی که بعضی دوستان بهش اشاره کردن، به خاطر این خوبه که کرم بهش می‌چسبه و حرکت نمی‌کنه از روی پوست. من این محصول رو دوست داشتمو ارایشم رو ماندگار کرد,0,true,2025-01-13T10:19:24.6684006+00:00,مثبت,0.91,محصول,محصول
پرایمر صورت سری بلک دایموند مدل مت تاچ,https://www.khanoumi.com/products/my-black-diamond-matt-touch-primer-35ml-26294,من این محصول و خرید کردم و واقعا ناراضی بودم و فقط یه بار استفاده کردم و انداختم بیرون متاسفانه,0,true,2024-11-23T20:10:42.248208+00:00,ترکیبی,0.74,محصول,محصول
پرایمر صورت سری بلک دایموند مدل مت تاچ,https://www.khanoumi.com/products/my-black-diamond-matt-touch-primer-35ml-26294,خیلی چسبناک و کارای زیاد نداره ,0,false,2024-06-10T21:53:21+00:00,خنثی,0.35,سایر,سایر
پرایمر صورت سری بلک دایموند مدل مت تاچ,https://www.khanoumi.com/products/my-black-diamond-matt-touch-primer-35ml-26294,پرایمر خیلی سبکیه و باعث میشه تا پوست براق نشه و کرم پودر راحت روی پوست می شینه. برای سرکار و استفاده روزانه خیلی خیلی خوبه,0,false,2023-06-21T16:33:06.31+00:00,مثبت,0.91,محصول,محصول
پرایمر صورت سری بلک دایموند مدل مت تاچ,https://www.khanoumi.com/products/my-black-diamond-matt-touch-primer-35ml-26294,این پرایمر مات کنندگی زیادی نداره و همچنین ماندگاریش هم حدود 3 تا 4 ساعته. البته با این قیمت پایین و تخفیفات خانومی برای آرایش های روزانه مناسبه و برای مهمونی و موارد خاص خیلی پیشنهاد نمیشه. البته استفاده از پرایمر قلق های مختص خودش رو داره که باید بلد باشید تا بهترین نتیجه رو ازش بگیرید. درکل محصولات برند مای همیشه کیفیت قابل قبولی داشتن توی رنج قیمتی محصولات ایرانی.,32,false,2022-02-13T09:24:45+00:00,خنثی,0.35,محصول | قیمت,محصول
پرایمر صورت سری بلک دایموند مدل مت تاچ,https://www.khanoumi.com/products/my-black-diamond-matt-touch-primer-35ml-26294,من تازه خریدم،چسبناک و زیر کرم پودر من که مارک شون هست گوله گوله شد،با اینکه یک ربع هم زمان دادم به پرایمر،با این قیمت اصلا ارزش خرید نداره. ,28,false,2021-08-22T22:20:54+00:00,خنثی,0.35,قیمت | محصول | اصل بودن کالا,قیمت
پرایمر صورت سری بلک دایموند مدل مت تاچ,https://www.khanoumi.com/products/my-black-diamond-matt-touch-primer-35ml-26294,حدودا تا۳-۴ساعت مات میمونه البته برا من که پوستم به شدت چربه. در کل من راضی ام,24,true,2020-10-07T13:44:06+00:00,مثبت,0.79,محصول,محصول
پرایمر صورت سری بلک دایموند مدل مت تاچ,https://www.khanoumi.com/products/my-black-diamond-matt-touch-primer-35ml-26294,به نظر من برا استفاده روزانه و معمولی خوبه پوشانندگی متوسطی داره یکمم حالت چسبندگی داره,13,false,2020-09-20T22:25:43+00:00,مثبت,0.79,محصول,محصول
پرایمر صورت سری بلک دایموند مدل مت تاچ,https://www.khanoumi.com/products/my-black-diamond-matt-touch-primer-35ml-26294,"پوستم مختلطه
اثر قابل توجهي نداره روي پوستم 
من از پرايمر مات گلدن رز و ژاكلينا استفاده كردم اونا به مراتب از اين پرايمر بهتر بودن چون وقتي به صورتم ميزدم همان لحظه ماتي قشنگي به پوستم ميدادن و يه جورايي پوستمو تميز نشون ميدادن. اما اين پرايمر اصلا اون اثر رو نداره و خب البته قيمتش از هر دوي اونها پايين تره. به نظرم براي مات كردن ارايش اصلا به اين پرايمر فكر نكنين😊",40,true,2020-09-03T23:43:24+00:00,مثبت,0.79,محصول | اصل بودن کالا | قیمت,محصول
پرایمر صورت سری بلک دایموند مدل مت تاچ,https://www.khanoumi.com/products/my-black-diamond-matt-touch-primer-35ml-26294,من گونه هام حالت پوست پرتقالی داره. من زیر کرم پودر ازش استفاده کردم. ماکسیمم یک ساعت جواب داد. کیفیت بالایی ازش توقع نداشته باشید.,5,true,2020-08-29T14:19:43+00:00,مثبت,0.67,محصول,محصول
پرایمر صورت سری بلک دایموند مدل مت تاچ,https://www.khanoumi.com/products/my-black-diamond-matt-touch-primer-35ml-26294,تغییری احساس نمیکنم باهاش,2,true,2020-08-15T02:11:57+00:00,خنثی,0.35,سایر,سایر
پرایمر صورت سری بلک دایموند مدل مت تاچ,https://www.khanoumi.com/products/my-black-diamond-matt-touch-primer-35ml-26294,با توجه به قیمتی که داره کارایش خوبه برای استفاده روزانه عالیه.چندساعت بدون اینکه کرم پودرتون ماسیده بشه با این گرما تابسنون میمونه.من پوستم چرب و مختلط و برام عالی بوده.,1,false,2020-07-16T16:57:17+00:00,مثبت,0.95,محصول | قیمت,محصول
پرایمر صورت سری بلک دایموند مدل مت تاچ,https://www.khanoumi.com/products/my-black-diamond-matt-touch-primer-35ml-26294,"واقعا عاليه من امروز امتحانش كردم فوق العاده بود، اينو بگم كه بنده متاسفانه خط لبخند دارم و هر كرم پودري ميزنم بعد يمدت توي خط لبخندم جمع ميشه حتي بااينكه با پودربيك فيكسش ميكردم بازم اين اتفاق ميافتاد و مشكل ديگم چرب شدن روي بينيم بود، امروز ازين پرايمر قبل كرم پودرم استفاده كردم و بينيم چرب نشد و حتي بعد چندساعت خط لبخندمم اصلا مشخص نشد.
پوستم مختلطه و براي كسايي كه مشكل منو دارن توصيه ميكنم.",9,true,2020-06-19T00:53:01+00:00,ترکیبی,0.9,محصول | اصل بودن کالا,محصول
پرایمر صورت سری بلک دایموند مدل مت تاچ,https://www.khanoumi.com/products/my-black-diamond-matt-touch-primer-35ml-26294,من میزنم رو پوستم چسب ناک میشه.پوستم خشکه ,1,false,2020-05-29T21:38:33+00:00,خنثی,0.35,محصول,محصول
پرایمر صورت سری بلک دایموند مدل مت تاچ,https://www.khanoumi.com/products/my-black-diamond-matt-touch-primer-35ml-26294,خوبه ، منافذ رو میبنده و ارایش رو یکدست میکنه ، من برای استفاده روزانه خریدمش راضیم ,4,true,2020-05-19T13:35:41+00:00,مثبت,0.95,سایر,سایر
پرایمر صورت سری بلک دایموند مدل مت تاچ,https://www.khanoumi.com/products/my-black-diamond-matt-touch-primer-35ml-26294,محصول خوبیه منافذ ریز پوست رو میبنده بیشتر مناسب پوست چرب هستش چون مات کنندس ,2,false,2020-04-15T10:34:07+00:00,مثبت,0.67,محصول,محصول
پرایمر صورت سری بلک دایموند مدل مت تاچ,https://www.khanoumi.com/products/my-black-diamond-matt-touch-primer-35ml-26294,نسبت به قیمتش خیلی راضی بودم، فکرکنم محصولی باشه که بازم سراغش بیام,5,true,2019-12-04T05:11:32+00:00,مثبت,0.67,محصول | قیمت,محصول
پرایمر صورت سری بلک دایموند مدل مت تاچ,https://www.khanoumi.com/products/my-black-diamond-matt-touch-primer-35ml-26294,این پرایمرو میشه زیر ضد افتاب زد؟,29,false,2019-10-17T16:02:02+00:00,خنثی,0.35,سایر,سایر
پرایمر صورت سری بلک دایموند مدل مت تاچ,https://www.khanoumi.com/products/my-black-diamond-matt-touch-primer-35ml-26294,عالی ,10,false,2019-10-04T22:24:31+00:00,مثبت,0.67,سایر,سایر
بادی اسپلش اندلس فانتزی 220میل,https://www.khanoumi.com/products/my-endless-fantasy-body-splash-26295,هر چی بگم کمه,0,false,2026-08-30T01:07:28.8543284+03:30,خنثی,0.35,سایر,سایر
بادی اسپلش اندلس فانتزی 220میل,https://www.khanoumi.com/products/my-endless-fantasy-body-splash-26295,"پخش بوی معمولی داشت 
بوش خوب بود 
ماندگاری متوسطی داشت",0,true,2026-08-28T12:26:38.7593684+03:30,مثبت,0.79,محصول,محصول
بادی اسپلش اندلس فانتزی 220میل,https://www.khanoumi.com/products/my-endless-fantasy-body-splash-26295,سلام من تقریبا دوماه و نیم پیش سفارش دادم اللن نظرمو میگم . وقتی به دستم رسید کاملا سلفون پیچ شده بود و  بی نظیره من چندساله از همین برند و همین مدل شاین استفاده میکنم بی نظیره با یبار استفاده دیگه سمت هیچ مام یا اسپری دیگه ای نمیرین,0,true,2026-08-20T01:50:51.889643+03:30,خنثی,0.35,محصول | تحویل و ارسال,محصول
بادی اسپلش اندلس فانتزی 220میل,https://www.khanoumi.com/products/my-endless-fantasy-body-splash-26295,فوق العادس واقعا،هرچی بگم کم گفتم,0,true,2026-07-31T11:20:51.418094+03:30,خنثی,0.35,سایر,سایر
بادی اسپلش اندلس فانتزی 220میل,https://www.khanoumi.com/products/my-endless-fantasy-body-splash-26295,"ماندگاری خوبی داره سالم به دستم رسید سلفون پیچش کرده بودن
شاینشم خوبه بوش اول میزنه تو ذوق ولی بعد اوکی میشه
سری اسپرش خرابه تو نظرات متوجه شدم برای اکثریت همینطوره
هزینه ارسال خیلی خوب بود قیمت محصول با تخفیف خریدم ولی یکم بالا بود",0,true,2026-07-26T13:42:24.8161598+03:30,مثبت,0.95,محصول | قیمت | تحویل و ارسال,محصول
بادی اسپلش اندلس فانتزی 220میل,https://www.khanoumi.com/products/my-endless-fantasy-body-splash-26295,خیلی راضیم بوش تقریبا همه پسنده هرموقع زدم همه گفتن چه بوی خوبی میدی با اینکه بادی اسپلشه اما پخش بو و ماندگاری هم داره,0,true,2026-07-18T11:39:42.6621686+03:30,مثبت,0.91,محصول,محصول
بادی اسپلش اندلس فانتزی 220میل,https://www.khanoumi.com/products/my-endless-fantasy-body-splash-26295,شاینش خوبه تا تقریبا یک ساعت موندگاریش با پخش بوعه و عالیه.برای باشگاه مناسبه ولی بعد یک ساعت نیاز به تمدید داره و پخش بوش کم میشه.بوش ملایمه و حالت چسبندگی نداره من دو تا مدل شاین دار گرفتم این ملایمتره و تنها باگی که داره جفتشون سرشون مشکل داره خرابه و میریزه و ب صورت مستقیم اسپری میکنه نه بصورت پخش,0,true,2026-07-14T11:22:12.7486874+03:30,مثبت,0.95,محصول,محصول
بادی اسپلش اندلس فانتزی 220میل,https://www.khanoumi.com/products/my-endless-fantasy-body-splash-26295,"اصلا پیشنهادش نمیکنم نخرید واقعا
ارزش هزار تومن هم نداره همش الکل و اینکه دو ساعت ک میگذره به شدت آدم بوی بد میگیره انگار ک 10 ساله حموم نرفتی",0,false,2026-07-11T02:21:12.0967994+03:30,منفی,0.67,محصول | اصل بودن کالا,اصل بودن کالا
بادی اسپلش اندلس فانتزی 220میل,https://www.khanoumi.com/products/my-endless-fantasy-body-splash-26295,اشغاله بویه الکل میده و بد بو میکنه بدنو حیف پولی که دادم براش,0,true,2026-07-03T01:39:19.4319121+03:30,منفی,0.79,محصول,محصول
بادی اسپلش اندلس فانتزی 220میل,https://www.khanoumi.com/products/my-endless-fantasy-body-splash-26295,خیلی بوی الکل میده دوسش نداشتم,0,true,2026-06-29T23:54:20.7940249+03:30,خنثی,0.35,محصول,محصول
بادی اسپلش اندلس فانتزی 220میل,https://www.khanoumi.com/products/my-endless-fantasy-body-splash-26295,هم بوش خوبه و ماندگاریش,0,true,2026-06-29T17:41:17.6074028+03:30,مثبت,0.79,محصول,محصول
بادی اسپلش اندلس فانتزی 220میل,https://www.khanoumi.com/products/my-endless-fantasy-body-splash-26295,خیلییی خیلییی خوشبوست فقط مشکل سری اسپری هست که چون مایع داخل غلیظ هست سری کوچک هست,0,false,2026-06-26T23:43:57.9401145+03:30,خنثی,0.35,محصول,محصول
بادی اسپلش اندلس فانتزی 220میل,https://www.khanoumi.com/products/my-endless-fantasy-body-splash-26295,"خیلیییییییییییییی عالییی بود
هم موندگاری خوبی هم بوی عالی. و بوی ادکلن معروف رو میده...
ارزش خرید رو واقعن داشت...",0,true,2026-06-15T15:59:20.501599+03:30,مثبت,0.95,محصول | قیمت,محصول
بادی اسپلش اندلس فانتزی 220میل,https://www.khanoumi.com/products/my-endless-fantasy-body-splash-26295,"از جفتشون راضی بودم، رایحه هاشون مورد پسندم بود 
 طلایی برای پاییز و زمستون مناسبه و آبی خنکه واسه فصل بهار و تابستون مناسبه",0,false,2026-06-12T16:30:00.2732612+03:30,مثبت,0.67,محصول,محصول
بادی اسپلش اندلس فانتزی 220میل,https://www.khanoumi.com/products/my-endless-fantasy-body-splash-26295,بوی خیلی خوب و حاله ای و تند و گرمی داره و واسه زمستون مناسبه و بوی الکلش وقتی میزنی خیلی زیاده ولی زود از بین میره و موندگاریشم بد نیست من اون اکلیل و شاین خیلی خیلی کمی ک میداد رو خیلی دوست داشتم,0,true,2026-06-01T02:21:18.5355785+03:30,مثبت,0.95,محصول,محصول
بادی اسپلش اندلس فانتزی 220میل,https://www.khanoumi.com/products/my-endless-fantasy-body-splash-26295,سر اسپری که درجا خراب شد و بنظرم خیلی بوی الکل میده ولی شاین خوبی داره درکل پیشنهادش نمیکنم,0,true,2026-05-21T23:55:43.7611266+03:30,خنثی,0.35,محصول,محصول
بادی اسپلش اندلس فانتزی 220میل,https://www.khanoumi.com/products/my-endless-fantasy-body-splash-26295,وای من این رایحه رو دارم عالی آنقدر که خشبوعه که خدا می‌دونه فقط برای موندگاریش یه قلغ دار اونم اینه که وقتی زدینش به نبضتون اسپری کنین و بهش دست نزنید تا خشک بشه عالی مرسی از خانمی,0,false,2026-05-15T20:22:11.0413977+03:30,مثبت,0.67,محصول,محصول
بادی اسپلش اندلس فانتزی 220میل,https://www.khanoumi.com/products/my-endless-fantasy-body-splash-26295,خیلی بوی خوبی داره اگه بعد حموم استفاده بشه تا چند ساعت بوی بهشت میدین,0,false,2026-05-09T01:59:43.3893415+03:30,مثبت,0.67,محصول,محصول
بادی اسپلش اندلس فانتزی 220میل,https://www.khanoumi.com/products/my-endless-fantasy-body-splash-26295,بوش خوبه واقعا بعد حموم بزنید ب عنوان بیس اولیه خیلی خوبه ماندگاری ادکلن نداره ولی برای بهار تابستون متاسب اگر مام استفاده کنید و اسپری بدن و این بادی اسپلش تا چندین ساعت بوی خوبی میدین,0,true,2026-05-02T00:16:35.4030024+03:30,ترکیبی,0.92,محصول,محصول
بادی اسپلش اندلس فانتزی 220میل,https://www.khanoumi.com/products/my-endless-fantasy-body-splash-26295,این بو از بهشت میاد با شاین خیلی نازز عالیه و ماندگار پیشنهاد میکنم,0,true,2026-05-01T03:37:51.0264176+03:30,مثبت,0.95,محصول,محصول
بادی اسپلش اندلس فانتزی 220میل,https://www.khanoumi.com/products/my-endless-fantasy-body-splash-26295,بوش خوبه ولی انگار سری اسپری خرابه خوب پخش نمیکنه,0,false,2026-04-29T17:16:53.3158773+03:30,مثبت,0.67,محصول,محصول
بادی اسپلش اندلس فانتزی 220میل,https://www.khanoumi.com/products/my-endless-fantasy-body-splash-26295,واقعا عالی بود هم بو هم ماندگاری یه شاین خیلی خوشگلم داره هزار بار شارژش میکنم توی تخفیف بگیرید بهتره,0,true,2026-04-29T15:16:30.2206091+03:30,مثبت,0.79,محصول | قیمت,محصول
بادی اسپلش اندلس فانتزی 220میل,https://www.khanoumi.com/products/my-endless-fantasy-body-splash-26295,سر اسپری افشانه ای نیست و بد اسپری میکنه,0,true,2026-04-27T18:57:56.1632036+03:30,مثبت,0.67,سایر,سایر
بادی اسپلش اندلس فانتزی 220میل,https://www.khanoumi.com/products/my-endless-fantasy-body-splash-26295,من اینو قبلا تو یک فروشگاه بوشو تست کردم و خیلی خوش بو بود خوشم اومد از رایحش و بخاطر همین سفارش دادم ولی بوش به تندی میخوره و بیشتر انگار الکل داره و اون بوی شیرین قبلی هاشو نمیده,0,true,2026-04-27T12:06:49.1561181+03:30,خنثی,0.35,محصول,محصول
بادی اسپلش اندلس فانتزی 220میل,https://www.khanoumi.com/products/my-endless-fantasy-body-splash-26295,خیلی تعریفشو شنیده بودم و خریدم ولی خیلی بوی بدی داره و انگار الکل خالی میزنی افتضاح واقعا به درد نمیخوره,0,true,2026-04-26T01:07:54.8909873+03:30,منفی,0.79,محصول,محصول
بادی اسپلش اندلس فانتزی 220میل,https://www.khanoumi.com/products/my-endless-fantasy-body-splash-26295,"من ازش داشتم 
خیلی خوش‌بو ، ماندگارم هست
اما ازش انتظار ماندگاری ادکلن و نداشته باشین",0,false,2026-04-25T22:28:16.3329084+03:30,خنثی,0.35,محصول,محصول
بادی اسپلش اندلس فانتزی 220میل,https://www.khanoumi.com/products/my-endless-fantasy-body-splash-26295,خیلیی خوشبو هست من سومین باری هست که خریدم,0,true,2026-04-24T14:55:40.6570223+03:30,خنثی,0.35,محصول,محصول
بادی اسپلش اندلس فانتزی 220میل,https://www.khanoumi.com/products/my-endless-fantasy-body-splash-26295,اصن بو نداره الکله فقط نمیدونم چرا تعریفشو کردن,0,true,2026-04-23T11:16:43.9051244+03:30,خنثی,0.35,محصول,محصول
بادی اسپلش اندلس فانتزی 220میل,https://www.khanoumi.com/products/my-endless-fantasy-body-splash-26295,"افتضاااااااح ترین فقط بو الکل میده 
اینا که گفتن عالیه دروغ میگن از خود شرکتن",0,false,2026-04-21T12:31:42.4471787+03:30,مثبت,0.79,محصول,محصول
بادی اسپلش اندلس فانتزی 220میل,https://www.khanoumi.com/products/my-endless-fantasy-body-splash-26295,خیلی بوی خوبی داره و شاین ریزی داره که رو پوست وقتی میشینه برق میزنه پخش بوش هم خوبه برای مصرف روزانه خوبه,0,true,2026-04-20T22:18:39.7402498+03:30,مثبت,0.95,محصول,محصول
بادی اسپلش اندلس فانتزی 220میل,https://www.khanoumi.com/products/my-endless-fantasy-body-splash-26295,واقعا فوق العاده ست برای باشگاه مهمانی جواب ،جواب,0,true,2026-04-19T21:12:27.4150405+03:30,مثبت,0.67,سایر,سایر
بادی اسپلش اندلس فانتزی 220میل,https://www.khanoumi.com/products/my-endless-fantasy-body-splash-26295,عالی,0,false,2026-04-18T13:16:44.2252497+03:30,مثبت,0.67,سایر,سایر
بادی اسپلش اندلس فانتزی 220میل,https://www.khanoumi.com/products/my-endless-fantasy-body-splash-26295,"شاین قشنگی داره
بوی تافت میده 
ماندگاری در حد دوساعت",0,false,2026-04-18T11:57:34.518318+03:30,خنثی,0.35,محصول,محصول
بادی اسپلش اندلس فانتزی 220میل,https://www.khanoumi.com/products/my-endless-fantasy-body-splash-26295,ماندگاری پایین و حس چربی روی پوست,0,true,2026-04-13T17:20:46.8532557+03:30,خنثی,0.35,محصول,محصول
بادی اسپلش اندلس فانتزی 220میل,https://www.khanoumi.com/products/my-endless-fantasy-body-splash-26295,از این بادی اسپلش برام هدیه آوردن به نظر من بوش فوق العادس,0,false,2026-04-10T23:29:14.0736075+03:30,خنثی,0.35,محصول,محصول
بادی اسپلش اندلس فانتزی 220میل,https://www.khanoumi.com/products/my-endless-fantasy-body-splash-26295,اصلا برای من شبیه عکسش نبود بوی الکل میده,0,false,2026-04-09T17:33:46.9034319+03:30,مثبت,0.67,محصول | اصل بودن کالا,محصول
بادی اسپلش اندلس فانتزی 220میل,https://www.khanoumi.com/products/my-endless-fantasy-body-splash-26295,من همیشه انتخابم بوی خنک و رایحه گلی هستش اصلا از این مدل خوشم نیومد سلیقه من نبود طبق نظرات خریدم ولی بوی خیلی تند و گرمی داره,0,false,2026-04-04T15:06:34.2510852+03:30,مثبت,0.67,محصول | اصل بودن کالا,محصول
بادی اسپلش اندلس فانتزی 220میل,https://www.khanoumi.com/products/my-endless-fantasy-body-splash-26295,"بوی ادکلنی داره و داخلش شاین هست.
موندگاریشم تا یکی دو ساعت هست
من که خیلی خوشم اومد و احتمالا مجدد شارژش میکنم",0,true,2026-03-31T10:44:09.9480949+03:30,خنثی,0.35,محصول,محصول
بادی اسپلش اندلس فانتزی 220میل,https://www.khanoumi.com/products/my-endless-fantasy-body-splash-26295,شاین خوبی داره، حجمش هم به نسبت زیاده، من عطرشم دوست دارم,0,true,2026-03-21T21:01:44.6015111+03:30,مثبت,0.67,محصول,محصول
بادی اسپلش اندلس فانتزی 220میل,https://www.khanoumi.com/products/my-endless-fantasy-body-splash-26295,"اصلا راضی نیستم و به شدت بوی الکل میده
کاش الکلش بوش کمتر از رایجه اش بود 
قدیما بهتر و باکیفیت تر بود",0,true,2026-03-17T16:57:41.7505441+03:30,منفی,0.79,محصول | اصل بودن کالا,اصل بودن کالا
بادی اسپلش اندلس فانتزی 220میل,https://www.khanoumi.com/products/my-endless-fantasy-body-splash-26295,اینا که میگین خوبه دقیقا چیش و میگین خوبه افتضااااااحه,0,false,2026-03-15T22:11:48.2073722+03:30,مثبت,0.95,سایر,سایر
بادی اسپلش اندلس فانتزی 220میل,https://www.khanoumi.com/products/my-endless-fantasy-body-splash-26295,ماندگاری نداره,0,true,2026-02-16T00:10:57.2868782+03:30,خنثی,0.35,محصول,محصول
بادی اسپلش اندلس فانتزی 220میل,https://www.khanoumi.com/products/my-endless-fantasy-body-splash-26295,"خیلی خوشبوئهههه
یه شاین ریزی هم داره",0,true,2026-02-01T13:41:37.7625617+03:30,خنثی,0.35,محصول,محصول
بادی اسپلش اندلس فانتزی 220میل,https://www.khanoumi.com/products/my-endless-fantasy-body-splash-26295,خیلی خوبه موندگاری درست تا 24ساعت,0,true,2026-01-29T12:15:29.230943+03:30,مثبت,0.91,محصول,محصول
بادی اسپلش اندلس فانتزی 220میل,https://www.khanoumi.com/products/my-endless-fantasy-body-splash-26295,من از بیرون تهیه کردم بوش خیلی زود از بین میره و اصلا ماندگاری و شاین خاصی هم نداره پیشنهاد نمیکنم,0,false,2026-01-22T23:28:26.1119361+03:30,خنثی,0.35,محصول | اصل بودن کالا,محصول
بادی اسپلش اندلس فانتزی 220میل,https://www.khanoumi.com/products/my-endless-fantasy-body-splash-26295,اولش یکم بوش ترشه،یکم که میگذره بوی مطلوبی داره من خوشم اومد,0,true,2026-01-11T17:13:04.5474789+03:30,خنثی,0.35,محصول,محصول
بادی اسپلش اندلس فانتزی 220میل,https://www.khanoumi.com/products/my-endless-fantasy-body-splash-26295,رایحه عالی ماندگاری خوب,0,true,2026-01-02T11:53:19.9569089+03:30,مثبت,0.79,محصول,محصول
بادی اسپلش اندلس فانتزی 220میل,https://www.khanoumi.com/products/my-endless-fantasy-body-splash-26295,خیلی خوشبوعه,0,true,2025-12-31T04:03:05.1762796+03:30,خنثی,0.35,محصول,محصول
بادی اسپلش اندلس فانتزی 220میل,https://www.khanoumi.com/products/my-endless-fantasy-body-splash-26295,بوشو اصن دوست نداشتم با اینکه عطرهای تند میزنم ولی این خیلی تند و تیزه بادی اسپلش بایذ یه بوی ملایم داشته باشه,0,false,2025-12-26T01:34:37.9632486+03:30,خنثی,0.35,محصول,محصول
بادی اسپلش اندلس فانتزی 220میل,https://www.khanoumi.com/products/my-endless-fantasy-body-splash-26295,خیلی راضیم موندگاریشم خیلی خوبه,0,true,2025-12-22T02:39:05.7713812+03:30,مثبت,0.95,محصول,محصول
بادی اسپلش اندلس فانتزی 220میل,https://www.khanoumi.com/products/my-endless-fantasy-body-splash-26295,خیلی خوش بوئه,0,true,2025-12-22T02:38:42.3720295+03:30,خنثی,0.35,محصول,محصول
بادی اسپلش اندلس فانتزی 220میل,https://www.khanoumi.com/products/my-endless-fantasy-body-splash-26295,"بوی ملایم داره بنظرم
ولی شاین خوشگلی داره ، مناسب مهمونی هست",0,true,2025-12-19T20:06:50.6073019+03:30,خنثی,0.35,محصول,محصول
بادی اسپلش اندلس فانتزی 220میل,https://www.khanoumi.com/products/my-endless-fantasy-body-splash-26295,بو وماندگاریش عالیه,0,true,2025-12-16T22:41:13.7066438+03:30,مثبت,0.79,محصول,محصول
بادی اسپلش اندلس فانتزی 220میل,https://www.khanoumi.com/products/my-endless-fantasy-body-splash-26295,خیلی خوش بوئه و برای من واقعا ماندگاری داشت,0,false,2025-11-30T15:16:44.1659825+03:30,خنثی,0.35,محصول,محصول
بادی اسپلش اندلس فانتزی 220میل,https://www.khanoumi.com/products/my-endless-fantasy-body-splash-26295,خیل راضیم ولی قدیمیاش بوش بهتر و موندگار تر بود,0,true,2025-11-20T16:57:27.4111642+03:30,مثبت,0.79,محصول,محصول
بادی اسپلش اندلس فانتزی 220میل,https://www.khanoumi.com/products/my-endless-fantasy-body-splash-26295,"واقعا عالیه 
از همه بادی اسپلش های این برند بیشتر ماندگاری داره و بوش فوق العادسسسس همه اطرافیانم از بوش تعریف میکنن",0,false,2025-11-19T18:57:49.6601948+03:30,مثبت,0.79,محصول,محصول
بادی اسپلش اندلس فانتزی 220میل,https://www.khanoumi.com/products/my-endless-fantasy-body-splash-26295,من 4 بار از این بادی اسپلش خریدم به شدت بو خوبی داره تا ساعت ها بدنت اون بو خوبو میده خیلی خفنه واقعا,0,true,2025-11-16T22:29:33.9745914+03:30,ترکیبی,0.74,محصول,محصول
بادی اسپلش اندلس فانتزی 220میل,https://www.khanoumi.com/products/my-endless-fantasy-body-splash-26295,"بوش مثل بوی ادکلن و عطره
خیلی بوی زیاد و تیزی داره جوری که من یکبار اسپری میکنم از بوش اذیت میشم
اگر بوی ملایم دوست دارین توصیه نمیکنم اما اگر دوست دارین خیلی بوی عطر و ادکلن بدین و اذیت نمیشین بهترین گزینست",0,true,2025-11-03T23:24:39.0105077+03:30,منفی,0.91,محصول,محصول
بادی اسپلش اندلس فانتزی 220میل,https://www.khanoumi.com/products/my-endless-fantasy-body-splash-26295,این بادی اسپلش فوق العاده عالی و خوش بو هست ممنون از خانومی,0,true,2025-10-14T21:37:11.2799744+03:30,مثبت,0.91,محصول,محصول
بادی اسپلش اندلس فانتزی 220میل,https://www.khanoumi.com/products/my-endless-fantasy-body-splash-26295,من از جای دیگه گرفتم بو و ماندگاریش واقعا عالیه,0,true,2025-09-13T03:48:41.0879612+03:30,مثبت,0.79,محصول,محصول
بادی اسپلش اندلس فانتزی 220میل,https://www.khanoumi.com/products/my-endless-fantasy-body-splash-26295,ماندگاریش خیلی خوبه بوی خیلی خوبی دارع من دوسش دارم,0,true,2025-09-04T20:59:12.4742941+03:30,مثبت,0.95,محصول,محصول
بادی اسپلش اندلس فانتزی 220میل,https://www.khanoumi.com/products/my-endless-fantasy-body-splash-26295,"خیلیییی بوی خوبی داره
ماندگاری عالی
باعث سردرد نمیشه",0,true,2025-07-27T09:46:44.6160361+00:00,مثبت,0.79,محصول,محصول
بادی اسپلش اندلس فانتزی 220میل,https://www.khanoumi.com/products/my-endless-fantasy-body-splash-26295,بوش عالیه اما حیف که خیلی گرون شده امیدوارم تخفیف بخوره,0,true,2025-07-20T22:01:27.9753532+00:00,مثبت,0.79,قیمت | محصول,قیمت
بادی اسپلش اندلس فانتزی 220میل,https://www.khanoumi.com/products/my-endless-fantasy-body-splash-26295,من بار سوم بود که این بادی اسپلش رو میخریدم این بار که خریدم کاملا بوی الکل میده و اصلا ماندگاری نداره راضی نبود قبلا خیلی بهتر و خوشبو بود,0,true,2025-06-26T11:07:11.5728063+00:00,خنثی,0.35,محصول | اصل بودن کالا,محصول
بادی اسپلش اندلس فانتزی 220میل,https://www.khanoumi.com/products/my-endless-fantasy-body-splash-26295,دوسش نداشتم زیاد,0,false,2025-06-19T20:30:12.1266433+00:00,خنثی,0.35,سایر,سایر
بادی اسپلش اندلس فانتزی 220میل,https://www.khanoumi.com/products/my-endless-fantasy-body-splash-26295,دقیقا منم گرفتم بوی الکل میده از بیرون حضوری خریده بودم خیلییی خوشبو بود ولی اینی ک سفارش دادم بوی الکل میده,0,false,2025-06-13T11:05:23.9538026+00:00,خنثی,0.35,محصول,محصول
بادی اسپلش اندلس فانتزی 220میل,https://www.khanoumi.com/products/my-endless-fantasy-body-splash-26295,افتضاح,0,false,2025-06-13T10:07:46.0124611+00:00,منفی,0.67,سایر,سایر
بادی اسپلش اندلس فانتزی 220میل,https://www.khanoumi.com/products/my-endless-fantasy-body-splash-26295,هربار میگرفتم عالی بود.ولی اینبار به شدت بوی الکل میده!!!!نمیدونم چرا....اگه کسی دونست دلیلشو بگه ممنون میشم,0,false,2025-06-11T08:44:09.9308088+00:00,مثبت,0.91,محصول,محصول
بادی اسپلش اندلس فانتزی 220میل,https://www.khanoumi.com/products/my-endless-fantasy-body-splash-26295,بهترییییینهههههه,0,false,2025-06-05T14:52:05.8010192+00:00,خنثی,0.35,سایر,سایر
بادی اسپلش اندلس فانتزی 220میل,https://www.khanoumi.com/products/my-endless-fantasy-body-splash-26295,من چندین بار هستش از این بادی اسپلش استفاده میکنم اصلا پوست رو سیاه نمیکنه و خیلی خوبه,0,false,2025-05-29T23:48:05.8049446+00:00,مثبت,0.79,محصول | اصل بودن کالا,محصول
بادی اسپلش اندلس فانتزی 220میل,https://www.khanoumi.com/products/my-endless-fantasy-body-splash-26295,ماندگاری نداره,0,false,2025-05-19T21:38:41.1423864+00:00,خنثی,0.35,محصول,محصول
بادی اسپلش اندلس فانتزی 220میل,https://www.khanoumi.com/products/my-endless-fantasy-body-splash-26295,بر خلاف نظراتی که ثبت شده خیلی خوشبو و ماندگاری بالا داره .من توی تخفیف خریدمش و خیلی راضیم ازش,0,true,2025-05-10T09:19:12.5943749+00:00,مثبت,0.79,محصول | قیمت,محصول
بادی اسپلش اندلس فانتزی 220میل,https://www.khanoumi.com/products/my-endless-fantasy-body-splash-26295,اصلا بوش سلیقه ی من نبود و بنظرم همه پسند نیست، یکبار فقط گرفتم و دیگه اصلا شارژ نمیکنم,0,true,2025-05-05T19:59:20.6239498+00:00,خنثی,0.35,محصول | اصل بودن کالا,محصول
بادی اسپلش اندلس فانتزی 220میل,https://www.khanoumi.com/products/my-endless-fantasy-body-splash-26295,بوی خوبی داشت ولی نه اثر شاینش زیاد میموند و هم اینکه باعث می‌شد روی شونه هام جوش بزنه,0,false,2025-04-25T13:19:32.8643743+00:00,مثبت,0.67,محصول,محصول
بادی اسپلش اندلس فانتزی 220میل,https://www.khanoumi.com/products/my-endless-fantasy-body-splash-26295,اگر عاشق عطر های گرم و شیرین هستین این محصول اصلا مناسب نیست  بوی گرم و شیرین نداره ته بوی صابون گلنار میده بوش دخترونه و ملوس نیست.  شاین خوبی داره  ولی به درستی اسپری نمیشه به صورت کلی پیشنهاد نمی کنم,0,true,2025-03-31T09:48:59.3779962+00:00,منفی,0.91,محصول | اصل بودن کالا,اصل بودن کالا
بادی اسپلش اندلس فانتزی 220میل,https://www.khanoumi.com/products/my-endless-fantasy-body-splash-26295,"سلام
واقعاماندگاری خیلی خیلی بالایی داره 
قیمت و حجم مناسبی داره
من بوش رو دوست ندارم ولی خواهرم خیلی دوسش داره",0,false,2025-03-27T21:39:25.2637565+00:00,خنثی,0.35,محصول | قیمت,محصول
بادی اسپلش اندلس فانتزی 220میل,https://www.khanoumi.com/products/my-endless-fantasy-body-splash-26295,اصلا ماندگاری  نداره,0,false,2025-03-06T21:36:13.1548583+00:00,مثبت,0.67,محصول | اصل بودن کالا,محصول
بادی اسپلش اندلس فانتزی 220میل,https://www.khanoumi.com/products/my-endless-fantasy-body-splash-26295,بوی شیرین و زنونه ای داره چندمین باره میگیرم اما این سری سری اسپری کاملا خراب بود و به جای اینکه افشانه باشه نقطه ای اسپری میکرد..لطفا دقت کنید کالا سالم ارسال بشه,0,true,2025-02-19T19:59:02.7853623+00:00,منفی,0.67,محصول | تحویل و ارسال,محصول
بادی اسپلش اندلس فانتزی 220میل,https://www.khanoumi.com/products/my-endless-fantasy-body-splash-26295,بوش که عالیه ولی سرش یکم مشکل داشت و درست نمیپاشید,0,true,2025-02-15T12:40:19.2292507+00:00,مثبت,0.79,محصول,محصول
بادی اسپلش اندلس فانتزی 220میل,https://www.khanoumi.com/products/my-endless-fantasy-body-splash-26295,اصلا کیفیت خوبی نداره و خوبم اسپری نمیشه,0,true,2025-02-04T19:42:31.063312+00:00,منفی,0.79,محصول | اصل بودن کالا,اصل بودن کالا
بادی اسپلش اندلس فانتزی 220میل,https://www.khanoumi.com/products/my-endless-fantasy-body-splash-26295,واقعا سلیقه ای هستش ولی من بوش رو اصلا دوست ندارم ، وقتی بمونه انگار بویی مثل بوی عرق میده,0,false,2025-02-02T11:30:10.693318+00:00,منفی,0.67,محصول | اصل بودن کالا,اصل بودن کالا
بادی اسپلش اندلس فانتزی 220میل,https://www.khanoumi.com/products/my-endless-fantasy-body-splash-26295,بوی خوبی نداره ماندگاری هم نداره,0,false,2025-01-24T22:56:22.1193652+00:00,منفی,0.67,محصول,محصول
بادی اسپلش اندلس فانتزی 220میل,https://www.khanoumi.com/products/my-endless-fantasy-body-splash-26295,بوش عالیه و یه شاین ملایم هم داره رو پوست,0,true,2025-01-24T13:21:33.928815+00:00,مثبت,0.79,محصول,محصول
بادی اسپلش اندلس فانتزی 220میل,https://www.khanoumi.com/products/my-endless-fantasy-body-splash-26295,بوش خیلی تنده و بوی الکل میده من اصلا راضی نبودم,0,true,2024-12-28T10:44:28.2143778+00:00,منفی,0.79,محصول | اصل بودن کالا,اصل بودن کالا
بادی اسپلش اندلس فانتزی 220میل,https://www.khanoumi.com/products/my-endless-fantasy-body-splash-26295,بوی خنکو خوردنی. عاشقشم,0,true,2024-12-25T16:13:47.2654785+00:00,مثبت,0.67,محصول,محصول
بادی اسپلش اندلس فانتزی 220میل,https://www.khanoumi.com/products/my-endless-fantasy-body-splash-26295,قیمت خوب و رایحه خوب مناسب برای بد حمام ، اما انتظار شاین شدن نداشته باشین,0,true,2024-12-25T08:56:33.2118649+00:00,ترکیبی,0.79,قیمت,قیمت
بادی اسپلش اندلس فانتزی 220میل,https://www.khanoumi.com/products/my-endless-fantasy-body-splash-26295,با وجود 40درصد تخفیف بازم از جاهای دیگه گرونتره,0,true,2024-12-18T10:23:41.4042697+00:00,خنثی,0.35,قیمت,قیمت
بادی اسپلش اندلس فانتزی 220میل,https://www.khanoumi.com/products/my-endless-fantasy-body-splash-26295,شاینش سریع از بدن پاک میشه و شاین کمی داره ولی بو و رایحه خوبی داره من که دوسش داشتم,0,true,2024-12-10T21:36:38.821251+00:00,ترکیبی,0.71,محصول,محصول
بادی اسپلش اندلس فانتزی 220میل,https://www.khanoumi.com/products/my-endless-fantasy-body-splash-26295,"شاینش خوشگله یکم بوش تنده و زیاد جالب نبود
اصلا ماندگاری نداره",0,false,2024-12-05T15:40:57.2106646+00:00,منفی,0.67,محصول | اصل بودن کالا,اصل بودن کالا
بادی اسپلش اندلس فانتزی 220میل,https://www.khanoumi.com/products/my-endless-fantasy-body-splash-26295,شاین زیادی نداره ولی بوش عالیه,0,true,2024-11-30T08:49:53.5055563+00:00,مثبت,0.79,محصول,محصول
بادی اسپلش اندلس فانتزی 220میل,https://www.khanoumi.com/products/my-endless-fantasy-body-splash-26295,میشه درصد تخفیف بیشتر کنید ؟؟؟؟,0,false,2024-11-28T16:34:33.3220359+00:00,خنثی,0.35,قیمت,قیمت
بادی اسپلش اندلس فانتزی 220میل,https://www.khanoumi.com/products/my-endless-fantasy-body-splash-26295,لطفاموجود کنید,0,false,2024-11-06T17:10:54.3656092+00:00,خنثی,0.35,محصول,محصول
بادی اسپلش اندلس فانتزی 220میل,https://www.khanoumi.com/products/my-endless-fantasy-body-splash-26295,واقعان بوش عالی هست شاین خیلی ملایمی هم داره,0,true,2024-10-16T12:46:21.3820458+00:00,مثبت,0.67,محصول,محصول
بادی اسپلش اندلس فانتزی 220میل,https://www.khanoumi.com/products/my-endless-fantasy-body-splash-26295,بوی الکل میده و ماندگاری کمی داره بوی خوبی داره بوش تقریبا تلخه بوی شیرینی نداره یه شاین ملایمی هم روی پوست میندازه,0,true,2024-09-29T15:05:00+00:00,مثبت,0.67,محصول,محصول
بادی اسپلش اندلس فانتزی 220میل,https://www.khanoumi.com/products/my-endless-fantasy-body-splash-26295,خوبه خوشبوعه اما ماندگاری کمه و اولش بشدت بوی الکل داره,0,true,2024-09-09T16:38:50+00:00,مثبت,0.79,محصول,محصول
بادی اسپلش اندلس فانتزی 220میل,https://www.khanoumi.com/products/my-endless-fantasy-body-splash-26295,"من این محصول تازه به دستم رسید واقعا خوشبو و ماندگاره
مرسیییی",0,true,2024-09-05T12:17:12+00:00,مثبت,0.67,محصول | تحویل و ارسال,محصول
بادی اسپلش اندلس فانتزی 220میل,https://www.khanoumi.com/products/my-endless-fantasy-body-splash-26295,واقعا بوش عالی بود,0,true,2024-09-04T11:03:02+00:00,مثبت,0.79,محصول,محصول
بادی اسپلش اندلس فانتزی 220میل,https://www.khanoumi.com/products/my-endless-fantasy-body-splash-26295,بوی خوبی دارد فقط کمی باعث خارش میشه,0,true,2024-08-24T13:44:26+00:00,مثبت,0.67,محصول,محصول
بادی اسپلش اندلس فانتزی 220میل,https://www.khanoumi.com/products/my-endless-fantasy-body-splash-26295,از هر لحاظی ک فکرشو کنید فوق العادس,0,false,2024-08-13T00:33:53+00:00,خنثی,0.35,سایر,سایر
بادی اسپلش اندلس فانتزی 220میل,https://www.khanoumi.com/products/my-endless-fantasy-body-splash-26295,این بادی اسپلش یه رایحه خنک داره و روی پوست یه شاین جذاب میندازه ، مثله یکسری از بادی اسپلش ها که پوست رو چسبناک میکنن، اونجوری نیست و ماندگاری معقولی هم داشت ,0,true,2024-08-10T13:15:28+00:00,خنثی,0.35,محصول,محصول
بادی اسپلش سیلکی تاچ 200میل,https://www.khanoumi.com/products/my-silky-touch-body-splash-26298,"ماندگاری خیلی خوبه ،وقتی بوش میکنی شاید بگی بوی تندی داره ولی بوش عالیهههههه خیلی خوبه یک بویه ملیحی داده و خیلیی رازیم از خریدم و دوبار وقتی تموش کنم میگیرم ازش و یه نظرم یک بار امتحانش کنید عاشقش میشید.
هر اسپری یا بادی که بگیر خیلی موندگاری داشته باشه 2 یا 3 روز دیگه بیشتر نباید انتظار داشت، و این واقعا خیلی خوب بد",0,true,2026-07-27T01:30:53.4913896+03:30,ترکیبی,0.92,محصول,محصول
بادی اسپلش سیلکی تاچ 200میل,https://www.khanoumi.com/products/my-silky-touch-body-splash-26298,اونایی که سلیقشون رایحه شیرین و گرم هست این محصول انتخاب خوبیه ماندگاری و بخش بوی خوبی داره,0,true,2026-07-24T23:09:19.282743+03:30,مثبت,0.79,محصول,محصول
بادی اسپلش سیلکی تاچ 200میل,https://www.khanoumi.com/products/my-silky-touch-body-splash-26298,وقتی خودشو بو کنی بوی خوبی نداره بو الکل میده ولی رو لباس و بدن بوش و ماندگاریش عااااالیهههه,0,false,2026-04-21T11:25:53.954848+03:30,منفی,0.79,محصول,محصول
بادی اسپلش سیلکی تاچ 200میل,https://www.khanoumi.com/products/my-silky-touch-body-splash-26298,اصلا ماندگاری نداره درجا میپره به نظرم برند شون خیلی بهتره,0,true,2026-04-03T01:05:52.9853708+03:30,مثبت,0.67,محصول | اصل بودن کالا,محصول
بادی اسپلش سیلکی تاچ 200میل,https://www.khanoumi.com/products/my-silky-touch-body-splash-26298,"والا منم فک کنم شانسی یه 
واسه من که ماندگاریش عالی بود، حتی لباس تو کمد هم که هست بعد چند روز خود لباس بوش رو میده و من قطعا باز هم میخرمش، خیلی خوش بو عه، ملایم و دلنشینه",0,true,2026-03-08T14:46:57.9316618+03:30,مثبت,0.79,محصول,محصول
بادی اسپلش سیلکی تاچ 200میل,https://www.khanoumi.com/products/my-silky-touch-body-splash-26298,"خیلی بوی خوبی داره ماندگاریشم به عنوان یه بادی اسپلش عالیه
دوسش دارم و شارژش میکنم مجدد..
البته من از بیرون خریدم از اینجا سفارش ندادم.",0,false,2026-02-23T00:35:02.7527692+03:30,مثبت,0.91,محصول,محصول
بادی اسپلش سیلکی تاچ 200میل,https://www.khanoumi.com/products/my-silky-touch-body-splash-26298,خیلی بوش بده بوی سیگار میده,0,false,2026-01-31T14:03:23.736418+03:30,منفی,0.79,محصول,محصول
بادی اسپلش سیلکی تاچ 200میل,https://www.khanoumi.com/products/my-silky-touch-body-splash-26298,"بوی خیلی خوبی داره وماندگاریش هم خیلی خوبه واقعا بوی پاستیل میده
از بقیه بادی اسپلش های ک گرفتم خیلی بهتره 
و اینک از یه بادی اسپلش دیگ هم ک راضی بودم و ماندگاریش خیلی خوب بود بادی اسپلش هیدرودرم بود",0,false,2026-01-12T16:17:13.1992492+03:30,مثبت,0.95,محصول,محصول
بادی اسپلش سیلکی تاچ 200میل,https://www.khanoumi.com/products/my-silky-touch-body-splash-26298,خیلی راضی ام خانومی محصولاتش اوکی هست,0,true,2025-12-13T11:23:55.1413365+03:30,مثبت,0.79,محصول,محصول
بادی اسپلش سیلکی تاچ 200میل,https://www.khanoumi.com/products/my-silky-touch-body-splash-26298,نخرید به درد نمیخوره,0,true,2025-09-20T10:24:46.6715081+03:30,خنثی,0.35,سایر,سایر
بادی اسپلش سیلکی تاچ 200میل,https://www.khanoumi.com/products/my-silky-touch-body-splash-26298,بوی خیلی خوبی داره، اما ماندگاری نه. صرفاً استفاده ازش حس خوبی داره و من به خاطر همین دوباره می‌خرمش.,0,true,2025-03-23T18:49:08.7230713+00:00,مثبت,0.91,محصول,محصول
بادی اسپلش سیلکی تاچ 200میل,https://www.khanoumi.com/products/my-silky-touch-body-splash-26298,بوی خوبی داره اما ماندگاری اصلاا نداره,0,false,2025-02-24T07:26:50.4352128+00:00,خنثی,0.35,محصول | اصل بودن کالا,محصول
بادی اسپلش سیلکی تاچ 200میل,https://www.khanoumi.com/products/my-silky-touch-body-splash-26298,هر کی یه چیزی میکه یکی میگی ماندگاریش عالیه یکی میگه خیلی بده ، خلاصه خرید کاملا شانسیه . البته من از بیرون خریدم با تخفیف خیلی ارزونتر و بوی خوبی داره مخصوصا وقتی یکم روی پوست بمونه ، ماندگاریش در حد چند ساعته من حتی با اب دستمو شستم بازم بو تا حدی باقی مونده بود تنها مشکلی که داره اسپری کار نمیکنه فکر کنم جون اکلیل داره,0,false,2025-02-13T09:56:19.4971606+00:00,ترکیبی,0.9,محصول | قیمت,محصول
بادی اسپلش سیلکی تاچ 200میل,https://www.khanoumi.com/products/my-silky-touch-body-splash-26298,"بوش خییلی خوبه ولی چه فایده ماندگاری نداره اصلا
کاش یکم کیفیت داشت",0,true,2025-01-31T04:49:59.3588744+00:00,مثبت,0.67,محصول | اصل بودن کالا,محصول
بادی اسپلش سیلکی تاچ 200میل,https://www.khanoumi.com/products/my-silky-touch-body-splash-26298,واقعا بوی خوبی داره و ماندگاریش زیاده,0,true,2025-01-21T08:17:15.6904502+00:00,مثبت,0.67,محصول,محصول
بادی اسپلش سیلکی تاچ 200میل,https://www.khanoumi.com/products/my-silky-touch-body-splash-26298,بوی عالی و شیرین ماندگاری متناسب,0,true,2025-01-20T12:09:20.5331885+00:00,مثبت,0.67,محصول,محصول
بادی اسپلش سیلکی تاچ 200میل,https://www.khanoumi.com/products/my-silky-touch-body-splash-26298,"من قبلا اصلشو داشتم خیلی بوش ماندگارتر از این بود .
اینم بد نیست ولی خب از لحاظ پخش بو و ماندگاری یک مقداره ضعیف تر از اصلشه",0,true,2024-12-30T12:32:03.2798749+00:00,مثبت,0.79,محصول | اصل بودن کالا,محصول
بادی اسپلش سیلکی تاچ 200میل,https://www.khanoumi.com/products/my-silky-touch-body-splash-26298,خیلی بد بود قبلا داشتم اصلشو شاین دار بود و بوی بهتری داشت این انگار بوی الکل میده,0,true,2024-12-24T12:27:00.0389466+00:00,ترکیبی,0.74,محصول | اصل بودن کالا,محصول
بادی اسپلش سیلکی تاچ 200میل,https://www.khanoumi.com/products/my-silky-touch-body-splash-26298,ماندگاریش واقعا عالیه... بوشو خیلی دوس دارم,0,true,2024-12-22T19:17:04.0197308+00:00,مثبت,0.79,محصول,محصول
بادی اسپلش سیلکی تاچ 200میل,https://www.khanoumi.com/products/my-silky-touch-body-splash-26298,اولش امتیاز دادم گفتم معمولیه ولی خیلی بده. بسیار شیرینه واقعا نمیدونم چجوری از بوش یه سریا تعریف کردن. تا مغزتون شیرینیش نفوذ میکنه,0,true,2024-12-12T09:54:30.9908876+00:00,منفی,0.79,محصول,محصول
بادی اسپلش سیلکی تاچ 200میل,https://www.khanoumi.com/products/my-silky-touch-body-splash-26298,سلام بوی معمولی داره و بنظرم مورد پسند تعداد کمی میتونه باشه. بوی بسیار شیرینی داره و چیزی نیست که برای بار دوم شارژ کنم,0,true,2024-12-12T09:13:40.9126469+00:00,خنثی,0.35,محصول,محصول
بادی اسپلش سیلکی تاچ 200میل,https://www.khanoumi.com/products/my-silky-touch-body-splash-26298,سلام لطفاً تخفیف خوب بذارید براش تشکر,0,false,2024-12-10T05:54:30.4212312+00:00,مثبت,0.67,قیمت,قیمت
بادی اسپلش سیلکی تاچ 200میل,https://www.khanoumi.com/products/my-silky-touch-body-splash-26298,7 ساله این مدل رو استفاده میکنم، بو و ماندگاریش عالیه,0,true,2024-11-29T20:54:51.4278222+00:00,مثبت,0.79,محصول,محصول
بادی اسپلش سیلکی تاچ 200میل,https://www.khanoumi.com/products/my-silky-touch-body-splash-26298,لطفا تخفیف بذارین,0,true,2024-11-24T22:52:09.5685745+00:00,خنثی,0.35,قیمت,قیمت
بادی اسپلش سیلکی تاچ 200میل,https://www.khanoumi.com/products/my-silky-touch-body-splash-26298,من این محصول رو گرفتم اصلا ماندگاری نداره راجب بوش ام چیزی نمییگم چون سلیقه ایی است,0,true,2024-09-13T14:21:18+00:00,مثبت,0.67,محصول | اصل بودن کالا,محصول
بادی اسپلش سیلکی تاچ 200میل,https://www.khanoumi.com/products/my-silky-touch-body-splash-26298,بوی فوق العاده خوبی داره و بوی الکل نمیده ، ماندکاریش هم قابل قبول هست ، اگه بوی گرم و شیرین دوست دارید بوی خوشمزه ای داره واقعا,0,true,2024-08-19T15:52:45+00:00,مثبت,0.79,محصول,محصول
بادی اسپلش سیلکی تاچ 200میل,https://www.khanoumi.com/products/my-silky-touch-body-splash-26298,بوی خوبی داره اگر میگرن دارید به نظر من اذیتتون نمیکنه ولی ماندگاریش کمه,0,false,2024-07-31T13:17:36+00:00,مثبت,0.67,محصول,محصول
بادی اسپلش سیلکی تاچ 200میل,https://www.khanoumi.com/products/my-silky-touch-body-splash-26298,تو تخفیف خریدم بوش خیلی دوس دارم ماندگاریش نسبت به قیماش عالیه بوی شیرینی داره من ک خیلی دوسش دارم دوباره تخفیف بخوره حتما چند تا ازش میخرم ,0,true,2024-07-31T01:39:17+00:00,مثبت,0.79,محصول | قیمت,محصول
بادی اسپلش سیلکی تاچ 200میل,https://www.khanoumi.com/products/my-silky-touch-body-splash-26298,رایحه و ماندگاری عاااااالی,0,false,2024-07-18T20:45:04+00:00,خنثی,0.35,محصول,محصول
بادی اسپلش سیلکی تاچ 200میل,https://www.khanoumi.com/products/my-silky-touch-body-splash-26298,پخش بوی خیلی خوبی داره و بوش روی لباس اصلا تند نیست و مورد علاقه من بود دوسش داشتم,0,false,2024-07-14T17:07:27+00:00,مثبت,0.67,محصول | اصل بودن کالا,محصول
بادی اسپلش سیلکی تاچ 200میل,https://www.khanoumi.com/products/my-silky-touch-body-splash-26298,خوشبوعه.بوی شیرین و گرمی داره.,0,true,2024-07-11T07:05:44+00:00,خنثی,0.35,محصول,محصول
بادی اسپلش سیلکی تاچ 200میل,https://www.khanoumi.com/products/my-silky-touch-body-splash-26298,خیلی بوی تند و تلخی داره من دوسش نداشتم,0,true,2024-06-22T14:10:31+00:00,خنثی,0.35,محصول,محصول
بادی اسپلش سیلکی تاچ 200میل,https://www.khanoumi.com/products/my-silky-touch-body-splash-26298,موندگاریش عالیه من تو باشگاه میزنم همه میپرسن چه اسپری زدی ... بوی شکلات و شیرینی داره,0,true,2024-06-08T14:16:13+00:00,مثبت,0.79,محصول,محصول
بادی اسپلش سیلکی تاچ 200میل,https://www.khanoumi.com/products/my-silky-touch-body-splash-26298,بوی ماندگاری داره ولی بوی مورد پسند من نبود و خیلی تند هست . من بوهای شیرین دوست دارم توی شانس خریدم و تقریبا از خریدنش خوشحال نیستم و دومیشو نگهداشتم هدیه بدم چون دوستش نداشتم,0,true,2024-04-18T18:22:04+00:00,منفی,0.67,محصول,محصول
بادی اسپلش سیلکی تاچ 200میل,https://www.khanoumi.com/products/my-silky-touch-body-splash-26298,من این بادی اسپلش و قبلا تهیه کردم بوی گلی میوه ای  داره ولی تند گرم خیلی شیرین نیست و من از بوش خیلی خوشم اومد و دوباره بشه شارژ میکنم,0,false,2024-04-08T23:27:04+00:00,خنثی,0.35,محصول,محصول
بادی اسپلش سیلکی تاچ 200میل,https://www.khanoumi.com/products/my-silky-touch-body-splash-26298,"من این بادی اسپلش رو از دو سال پیش تهیه می کردم و دوسش داشتم . بوی گرم و شیرین میوه ای گلی و ماندگاری قابل قبول از نظر من! اما این سری که سفارش دادم انگار بوش کمی تغییر کرده نمیدونم چرا... من بوی قبلیشو بیشتر دوست داشتم اما این بوی جدیدش هم اوکیه... شاین نداره و یکم سر اسپری هم مشکل داشت. 
در کل میتونه گزینه خوبی باشه برای افرادی که روایح گرم و شیرین رو دوست دارن.",0,true,2024-04-07T10:07:57+00:00,مثبت,0.79,محصول,محصول
بادی اسپلش سیلکی تاچ 200میل,https://www.khanoumi.com/products/my-silky-touch-body-splash-26298,"ماندگاریش تقریبا یه روز
بوی خیلی ملایمی داره 
",0,true,2024-03-05T14:22:26+00:00,خنثی,0.35,محصول,محصول
بادی اسپلش سیلکی تاچ 200میل,https://www.khanoumi.com/products/my-silky-touch-body-splash-26298,خوبه ولی ماندگاری نداره,0,false,2023-10-16T22:29:04+00:00,مثبت,0.79,محصول,محصول
بادی اسپلش سیلکی تاچ 200میل,https://www.khanoumi.com/products/my-silky-touch-body-splash-26298,"بوی خیلی خوبی داره، روی لباس واقعا ماندگاری خوبی داره
آبی کمرنگش رو هم استفاده کردم تقریبا شبیه بادی میست های ویکتوریا سیکرت هست. آبیش موندگاریش کمتره",0,true,2023-09-09T02:15:02+00:00,مثبت,0.91,محصول,محصول
بادی اسپلش سیلکی تاچ 200میل,https://www.khanoumi.com/products/my-silky-touch-body-splash-26298,خیلی بوی خوبی داره اما ماندگاری نداره اصلا,1,false,2023-07-20T01:30:28+00:00,خنثی,0.35,محصول | اصل بودن کالا,محصول
بادی اسپلش سیلکی تاچ 200میل,https://www.khanoumi.com/products/my-silky-touch-body-splash-26298,میشه زودتر موجودش کنید با تخفیف,0,true,2023-05-19T00:05:30+00:00,خنثی,0.35,محصول | قیمت,محصول
بادی اسپلش سیلکی تاچ 200میل,https://www.khanoumi.com/products/my-silky-touch-body-splash-26298,بوش عالیه فوق العادست,1,true,2023-05-11T14:14:09+00:00,مثبت,0.79,محصول,محصول
بادی اسپلش سیلکی تاچ 200میل,https://www.khanoumi.com/products/my-silky-touch-body-splash-26298,این بادی اسپلش مای و برخلاف مدل مجیک مومنتش که صورتیه شاین داره و تنده خیلی دوس دارم اگه مثل من بوی گلی و شیرین البته ملایم دوست دارین این گزینه خوبیه من بار دومه تمدیدش میکنم ، بعنوان عطر روزانه عالیه. کلا بادی اسپلش های مای رایحهشون خیلی زیاده و بینشون این ملایم ترین و خوشبوترین بود بنظرم ، من خیلی دوسش داشتم. مرسی از فروشگاه خانومی,5,false,2023-04-17T17:35:00+00:00,مثبت,0.95,محصول,محصول
بادی اسپلش سیلکی تاچ 200میل,https://www.khanoumi.com/products/my-silky-touch-body-splash-26298,"سلام 
همین امروز به دستمرسید
بوی خیلی خوبی داره
و قیمتش نسبت به بازار خیلیی مناسب تر بود
ممنون از سایت خانومی و اسنپ",1,true,2022-12-17T11:40:06+00:00,مثبت,0.95,محصول | تحویل و ارسال | قیمت,محصول
بادی اسپلش سیلکی تاچ 200میل,https://www.khanoumi.com/products/my-silky-touch-body-splash-26298,عالیه ,0,false,2021-06-15T17:34:37+00:00,مثبت,0.79,سایر,سایر
بادی اسپلش سیلکی تاچ 200میل,https://www.khanoumi.com/products/my-silky-touch-body-splash-26298,عالیه,0,false,2020-12-13T15:55:47+00:00,مثبت,0.79,سایر,سایر
بادی اسپلش سیلکی تاچ 200میل,https://www.khanoumi.com/products/my-silky-touch-body-splash-26298,بد نیست زیاد موندگاری نداره نهایت 12 ساعت ,4,false,2020-04-20T17:10:59+00:00,مثبت,0.67,محصول,محصول
بادی اسپلش سیلکی تاچ 200میل,https://www.khanoumi.com/products/my-silky-touch-body-splash-26298,خیلی خوش بوء، بوش رو خیلی دوست داشتم، موندگاریش روی پوست هم متوسطه در کل خوبه,21,true,2020-04-14T15:48:55+00:00,مثبت,0.91,محصول,محصول
بادی اسپلش کول اوشن 200میل,https://www.khanoumi.com/products/my-cool-ocean-body-splash-26299,بوی خیلی خوبی داره ولی ماندگاریش کمه,0,true,2026-08-29T20:31:05.5265162+03:30,مثبت,0.79,محصول,محصول
بادی اسپلش کول اوشن 200میل,https://www.khanoumi.com/products/my-cool-ocean-body-splash-26299,موندگاریش کمه و بوی الکل میده خیلی,0,false,2026-08-28T14:47:48.3698961+03:30,خنثی,0.35,محصول,محصول
بادی اسپلش کول اوشن 200میل,https://www.khanoumi.com/products/my-cool-ocean-body-splash-26299,بوش بد نیست ولی اصلا ماندگاری نداره,0,true,2026-08-20T02:45:38.094457+03:30,خنثی,0.4,محصول | اصل بودن کالا,محصول
بادی اسپلش کول اوشن 200میل,https://www.khanoumi.com/products/my-cool-ocean-body-splash-26299,الکل خالص همین,0,true,2026-08-19T08:03:34.3215881+03:30,خنثی,0.35,سایر,سایر
بادی اسپلش کول اوشن 200میل,https://www.khanoumi.com/products/my-cool-ocean-body-splash-26299,"بوی خیلی خوب و ملایمی داره،ولی ماندگاریش خیلیی زیاد نیست در حد دو ساعت
قیمتش هم مناسبه",0,true,2026-08-13T17:12:04.4536279+03:30,مثبت,0.79,محصول | قیمت,محصول
بادی اسپلش کول اوشن 200میل,https://www.khanoumi.com/products/my-cool-ocean-body-splash-26299,تازگیا بوش بد شده فقط بوی الکل میده ی حالت سر دردری هم میاره در صورتی که مدلا قدیمی ترش خیلی خوش بو و عالی بودن بوی گل فروشی رو میدادن ترکیباتش و عوض کردن فقط الکی قاطیش کردن,0,true,2026-08-11T18:24:53.964054+03:30,ترکیبی,0.74,محصول,محصول
بادی اسپلش کول اوشن 200میل,https://www.khanoumi.com/products/my-cool-ocean-body-splash-26299,بوش خیلی خوبه ولی پنج دقیقه ای میره اصلا ارزش خرید نداره,0,true,2026-08-07T19:31:30.1294751+03:30,مثبت,0.91,محصول | اصل بودن کالا | قیمت,محصول
بادی اسپلش کول اوشن 200میل,https://www.khanoumi.com/products/my-cool-ocean-body-splash-26299,مزخرفففف به تمام معنا.حتی با تخفیف هم ارزش خرید نداره.الکل خالص.میزنی فقط بوی الکل پخش میشه,0,true,2026-08-01T00:25:32.2695995+03:30,منفی,0.67,محصول | قیمت,محصول
بادی اسپلش کول اوشن 200میل,https://www.khanoumi.com/products/my-cool-ocean-body-splash-26299,هم بوش خوبه هم ماندگاری قابل قبولی داره,0,true,2026-07-30T09:56:13.2792573+03:30,مثبت,0.79,محصول,محصول
بادی اسپلش کول اوشن 200میل,https://www.khanoumi.com/products/my-cool-ocean-body-splash-26299,"بوی آرومی داره و حس خوبی رو میده 
 و گلی ماندگاری زیادی نداره",0,true,2026-07-30T09:54:13.8308176+03:30,مثبت,0.67,محصول,محصول
بادی اسپلش کول اوشن 200میل,https://www.khanoumi.com/products/my-cool-ocean-body-splash-26299,"ماندگاریش درحد یک ساعته 
بوش خیلی خوبه حتی اگه سخت پسند هم باشی بوش بازم خوبه ولی ماندگاری کمی داره",0,true,2026-07-30T00:55:10.7226238+03:30,مثبت,0.95,محصول,محصول
بادی اسپلش کول اوشن 200میل,https://www.khanoumi.com/products/my-cool-ocean-body-splash-26299,من خیلی راضی بودم.,0,false,2026-07-26T12:45:41.1373814+03:30,مثبت,0.67,محصول,محصول
بادی اسپلش کول اوشن 200میل,https://www.khanoumi.com/products/my-cool-ocean-body-splash-26299,اولش که بوی الکله اون هیچ... بعدشم کلا بو نداره... باور کن بوی صابون حموم بیشتر رو بدن میمونه,0,false,2026-07-21T22:17:08.8259741+03:30,منفی,0.67,محصول,محصول
بادی اسپلش کول اوشن 200میل,https://www.khanoumi.com/products/my-cool-ocean-body-splash-26299,بوی خیلی خوبی داره خیلی بوش خنک و لطیف هست قشنگ انگاری بوی تمیزی میده خیلی بوش دوست داشتم عالی بود,0,true,2026-07-20T18:22:58.8343548+03:30,مثبت,0.95,محصول,محصول
بادی اسپلش کول اوشن 200میل,https://www.khanoumi.com/products/my-cool-ocean-body-splash-26299,بوش خیلی خوبه رو پوست تمیز دوسه ساعت ماندگاری داره ولی وقتای دیگه بزنی 5دقیقه بعد بوش میره,0,true,2026-06-24T11:30:43.4475662+03:30,مثبت,0.91,محصول,محصول
بادی اسپلش کول اوشن 200میل,https://www.khanoumi.com/products/my-cool-ocean-body-splash-26299,بوی شوینده و تمیزی و حموم میده دقیقا همون چیزی که میخواستم,0,true,2026-06-03T16:56:05.8151099+03:30,خنثی,0.35,محصول,محصول
بادی اسپلش کول اوشن 200میل,https://www.khanoumi.com/products/my-cool-ocean-body-splash-26299,بوی خیلی بَهی داره و مناسب فصل گرماس و از تموم بادی اسپلشای مای بیشتر دوسش دارم اولش بوی الکل رو داره ولی بعدش بوی خودش موندگار تره و نصف روز بوش برای من موندگاری داشت و قطعا بازم ازش میگیرم,0,true,2026-06-01T01:31:11.1072478+03:30,خنثی,0.35,محصول,محصول
بادی اسپلش کول اوشن 200میل,https://www.khanoumi.com/products/my-cool-ocean-body-splash-26299,فقط بوی الکل میده تازه همونم بعد ده دقیقه دیگه نمیده.,0,true,2026-05-25T09:51:45.9091782+03:30,خنثی,0.35,محصول,محصول
بادی اسپلش کول اوشن 200میل,https://www.khanoumi.com/products/my-cool-ocean-body-splash-26299,"اصلا ماندگار نیست!
بهم اعتماد کنید.
با این هزینه بادی اسپلش های بهتری می‌تونید پیدا کنید.",0,false,2026-05-17T15:23:00.6921881+03:30,مثبت,0.67,اصل بودن کالا | قیمت,اصل بودن کالا
بادی اسپلش کول اوشن 200میل,https://www.khanoumi.com/products/my-cool-ocean-body-splash-26299,بوش واقعا خوبه من میگرن دارم و با بوهای تند سردرد میگیرم ولی این بوش ملتیم و خنکه برای تابستون خیلی خوبه ولی ماندگاریش واقعا کمه در حد 5دقیقه من دوباره نمیخرم,0,true,2026-05-10T22:24:13.5445696+03:30,مثبت,0.95,محصول,محصول
بادی اسپلش کول اوشن 200میل,https://www.khanoumi.com/products/my-cool-ocean-body-splash-26299,اوایل که میخریدم خیلی خوشبو تر بود تازگیا انگار بوی الکلش بیشتر شده متاسفانه ماندگاریشم کم شده,0,true,2026-05-05T16:35:00.9921767+03:30,منفی,0.67,محصول,محصول
بادی اسپلش کول اوشن 200میل,https://www.khanoumi.com/products/my-cool-ocean-body-splash-26299,سلام خیلی بوی الکل میده، ماندگاری هم نداره حیف اون همه هزینه,0,true,2026-04-23T12:32:22.5305946+03:30,خنثی,0.35,محصول | قیمت,محصول
بادی اسپلش کول اوشن 200میل,https://www.khanoumi.com/products/my-cool-ocean-body-splash-26299,"خیلی خوش بوعه و بوی ملایمی داره 
به شدت راضی ام",0,false,2026-04-22T23:13:57.2800078+03:30,مثبت,0.79,محصول,محصول
بادی اسپلش کول اوشن 200میل,https://www.khanoumi.com/products/my-cool-ocean-body-splash-26299,خیلی خوش بوئه ولی قیمتش یه مقدار بالاست,0,true,2026-04-08T20:04:01.0392232+03:30,خنثی,0.35,محصول | قیمت,محصول
بادی اسپلش کول اوشن 200میل,https://www.khanoumi.com/products/my-cool-ocean-body-splash-26299,ماندگاریش زیاد نیس ولی خیلی خوش بوه  حجمش زیاده یخوردم قیمتش بالاس درکل خیلی دوسش داشتم ومجدد شارژش میکنم,0,true,2026-04-08T14:31:05.4342414+03:30,خنثی,0.35,محصول | قیمت,محصول
بادی اسپلش کول اوشن 200میل,https://www.khanoumi.com/products/my-cool-ocean-body-splash-26299,اولین بارگرفتم خوب،بود ولی دومین بارگرفتم همش،الکل بود اصلا خوب نبود,0,true,2026-03-13T11:25:59.3110215+03:30,مثبت,0.79,محصول | اصل بودن کالا,محصول
بادی اسپلش کول اوشن 200میل,https://www.khanoumi.com/products/my-cool-ocean-body-splash-26299,عالیه,0,false,2026-03-04T22:30:10.5306359+03:30,مثبت,0.79,سایر,سایر
بادی اسپلش کول اوشن 200میل,https://www.khanoumi.com/products/my-cool-ocean-body-splash-26299,ماندکاری بوش خیلی نیست ولی بوی بسیار خوب وخنکی داره .جدابه .و چند ساعت بدنو خوشبو نگه میداره .توصیه میکنم برای تابستون این بو عالیه,0,true,2026-02-26T08:27:35.2869671+03:30,ترکیبی,0.92,محصول,محصول
بادی اسپلش کول اوشن 200میل,https://www.khanoumi.com/products/my-cool-ocean-body-splash-26299,بوی صابون میده یکوچولو پخش بو داره ولی ماندگاریش زیاد نیست در کل نسبت به قیمتش خوبه,0,true,2026-02-25T02:24:32.2191457+03:30,مثبت,0.79,محصول | قیمت,محصول
بادی اسپلش کول اوشن 200میل,https://www.khanoumi.com/products/my-cool-ocean-body-splash-26299,"توی تخفیف خریدم‌
اولش یکم بوی الکل میده اما وقتی میگذره بهتر میشه
ماندگاریشم متوسط
در کل راضیم به نسبت هزینه ای که براش کردم
طلاییشو قبلا داشتم بهتره",0,true,2026-02-19T22:06:06.7650411+03:30,مثبت,0.79,محصول | قیمت,محصول
بادی اسپلش کول اوشن 200میل,https://www.khanoumi.com/products/my-cool-ocean-body-splash-26299,"اول که میزنی بوی الکل میده جوری که میزنه توی ذوق بعد کم کم روی پوست بوی اصلیش ظاهر میشه اما پخش بوی کمی داره جوری که فقط بوشو متوجه میشی
من قبلا داشتم اینجوری نبود همون اول که میزدم پخش بوی خوبی داشت و بوی الکل هم نمیداد اصلا",0,true,2026-02-14T17:35:53.052415+03:30,مثبت,0.67,محصول | اصل بودن کالا,محصول
بادی اسپلش کول اوشن 200میل,https://www.khanoumi.com/products/my-cool-ocean-body-splash-26299,نظرات رو خوندم خریدم هم جوش میزنم به خاطر الکلی که داره و ماندگاری  اصلا نداره,0,true,2026-01-21T17:27:41.7453738+03:30,منفی,0.67,محصول | اصل بودن کالا,اصل بودن کالا
بادی اسپلش کول اوشن 200میل,https://www.khanoumi.com/products/my-cool-ocean-body-splash-26299,اصلا بوش خوب نیس,0,true,2026-01-21T01:29:54.0701376+03:30,مثبت,0.79,محصول | اصل بودن کالا,محصول
بادی اسپلش کول اوشن 200میل,https://www.khanoumi.com/products/my-cool-ocean-body-splash-26299,این قطعا فیکشه اگه اصلشو بتونید پیدا کنید محشره ماندگاری و پخش بو بالایی داره ولی من فیکشم سفارش دادم خوبه اصن اجازه نمیده عرقتون بو بده,0,true,2026-01-10T11:07:33.6247793+03:30,ترکیبی,0.92,محصول | اصل بودن کالا,محصول
بادی اسپلش کول اوشن 200میل,https://www.khanoumi.com/products/my-cool-ocean-body-splash-26299,خیلی خوشبوه,0,true,2026-01-05T19:45:07.040756+03:30,خنثی,0.35,محصول,محصول
بادی اسپلش کول اوشن 200میل,https://www.khanoumi.com/products/my-cool-ocean-body-splash-26299,خیلی بوس خنک و سبکی داشت دوسش داشتم,0,true,2025-11-30T18:26:01.102403+03:30,خنثی,0.35,محصول,محصول
بادی اسپلش کول اوشن 200میل,https://www.khanoumi.com/products/my-cool-ocean-body-splash-26299,رایحه خوبی داره حس آرامش میده ماندگاری هم خوبه,0,true,2025-09-09T08:31:59.3159966+03:30,مثبت,0.91,محصول,محصول
بادی اسپلش کول اوشن 200میل,https://www.khanoumi.com/products/my-cool-ocean-body-splash-26299,خیلی بد افتضاح بوی صابون میده,0,false,2025-09-08T11:08:20.9898149+03:30,منفی,0.79,محصول,محصول
بادی اسپلش کول اوشن 200میل,https://www.khanoumi.com/products/my-cool-ocean-body-splash-26299,عالیهههه بعد از استفاده هم تا چند ساعت یه بوی ملایمی ازش احساس میکنید,0,true,2025-09-03T12:55:51.3415895+03:30,مثبت,0.79,محصول,محصول
بادی اسپلش کول اوشن 200میل,https://www.khanoumi.com/products/my-cool-ocean-body-splash-26299,لطفاً توی تخفیفات قرارش بدین،مثل قبل.خیلی خوبه این رایحه.,0,false,2025-07-28T04:00:38.5271209+00:00,مثبت,0.79,قیمت,قیمت
بادی اسپلش کول اوشن 200میل,https://www.khanoumi.com/products/my-cool-ocean-body-splash-26299,من چندین بارخریدم،خیلی راضیم بو و رایحه خنک عالی،ماندگاریش هم متوسطه،خط بو متوسط،خیلی بهتر از اکثر بادی اسپلش هایی هست که فقط پول هوا وبوی چندثانیه ایی می‌دیم.,0,false,2025-07-28T03:59:07.6591742+00:00,مثبت,0.91,محصول,محصول
بادی اسپلش کول اوشن 200میل,https://www.khanoumi.com/products/my-cool-ocean-body-splash-26299,بوش خوبه از نظر من اما ماندگاری نداره میشه که با یه عطری چیزی که ماندگار هست ترکیب کنید که اون مقدارش زیاد بشه اینم مصرف بشه,0,true,2025-06-10T15:43:04.8772423+00:00,مثبت,0.79,محصول,محصول
بادی اسپلش کول اوشن 200میل,https://www.khanoumi.com/products/my-cool-ocean-body-splash-26299,بوی خوبی نداره ماندگاری هم که اصلا نداره,0,true,2025-05-27T19:04:30.3099245+00:00,منفی,0.79,محصول | اصل بودن کالا,اصل بودن کالا
بادی اسپلش کول اوشن 200میل,https://www.khanoumi.com/products/my-cool-ocean-body-splash-26299,موندگاری نداره ولی بوی خوبی داره حالت خنک و ملیح,0,true,2025-05-24T00:05:28.1766714+00:00,مثبت,0.67,محصول,محصول
بادی اسپلش کول اوشن 200میل,https://www.khanoumi.com/products/my-cool-ocean-body-splash-26299,پکیجینگ زیبا، حجم مناسب، رایحه خنک بسیار عالی که غیر قابل توصیفه. قیمت معقول. ماندگاری متوسط ولی اگه روی لوسیون اسپری کنید بیشتر میمونه ولی روی لباس اصلا.,0,false,2025-05-06T18:07:20.1160798+00:00,مثبت,0.79,محصول | اصل بودن کالا | قیمت,محصول
بادی اسپلش کول اوشن 200میل,https://www.khanoumi.com/products/my-cool-ocean-body-splash-26299,ماندگاری اصلا نداره,0,false,2025-04-03T00:13:36.8450004+00:00,منفی,0.67,محصول | اصل بودن کالا,اصل بودن کالا
بادی اسپلش کول اوشن 200میل,https://www.khanoumi.com/products/my-cool-ocean-body-splash-26299,فقط بوی الکل میده افتضاح پولمو دور ریختم,0,true,2025-03-05T20:54:58.6606092+00:00,منفی,0.67,محصول,محصول
بادی اسپلش کول اوشن 200میل,https://www.khanoumi.com/products/my-cool-ocean-body-splash-26299,خیلی بوی بدی داره، من قبلا هم از این محصول استفاده کردم اما بوش عالی بود، اما چیزی که الان ارسال شده واقعا بد بو هستش,0,true,2025-03-05T15:33:47.3733385+00:00,ترکیبی,0.87,محصول | تحویل و ارسال,محصول
بادی اسپلش کول اوشن 200میل,https://www.khanoumi.com/products/my-cool-ocean-body-splash-26299,بوی خنک و خوبی داره ولی اصلا ماندگاری نداره,0,true,2025-02-21T16:50:14.7347047+00:00,مثبت,0.79,محصول | اصل بودن کالا,محصول
بادی اسپلش کول اوشن 200میل,https://www.khanoumi.com/products/my-cool-ocean-body-splash-26299,خیلی بوی بدی میده و درب محصول شکسته بود و نصفی از محصول داخل جعبه ریخته شده بود,0,true,2025-02-19T04:39:04.5324391+00:00,منفی,0.79,محصول,محصول
بادی اسپلش کول اوشن 200میل,https://www.khanoumi.com/products/my-cool-ocean-body-splash-26299,ازبیرون خریدم بوشش خیلیی خوبه,0,false,2025-02-16T08:12:38.5107939+00:00,مثبت,0.79,محصول,محصول
بادی اسپلش کول اوشن 200میل,https://www.khanoumi.com/products/my-cool-ocean-body-splash-26299,"بوی خوبی داره 
فقط لطفا توی بسته بندی  دقت کنید 
داخل کارتون ریخته شده بود",0,true,2025-02-15T15:36:35.8517546+00:00,مثبت,0.67,محصول | تحویل و ارسال,محصول
بادی اسپلش کول اوشن 200میل,https://www.khanoumi.com/products/my-cool-ocean-body-splash-26299,بوش بد نیس بیشتر بوی الکل میده و اصن ماندگاری پخش بو نداره,0,false,2025-02-11T10:27:08.2247027+00:00,منفی,0.67,محصول,محصول
بادی اسپلش کول اوشن 200میل,https://www.khanoumi.com/products/my-cool-ocean-body-splash-26299,بوی الکل میده،افتضاح,0,true,2025-02-09T11:11:30.0320926+00:00,منفی,0.67,محصول,محصول
بادی اسپلش کول اوشن 200میل,https://www.khanoumi.com/products/my-cool-ocean-body-splash-26299,بوی الکل میده فیک پرش کردن متاسفم ..,0,true,2025-02-05T21:56:12.5968622+00:00,منفی,0.79,محصول | اصل بودن کالا,اصل بودن کالا
بادی اسپلش کول اوشن 200میل,https://www.khanoumi.com/products/my-cool-ocean-body-splash-26299,"بدردنخور،بوی الکل میده
هیچ ماندگاری هم نداره",0,false,2025-01-30T10:54:59.5903013+00:00,منفی,0.67,محصول,محصول
بادی اسپلش کول اوشن 200میل,https://www.khanoumi.com/products/my-cool-ocean-body-splash-26299,هنوزم معتقدم خوشبو ترینه یکمی هم بوی یاس میده بنظرم,0,true,2025-01-17T21:45:55.178728+00:00,خنثی,0.35,محصول,محصول
بادی اسپلش کول اوشن 200میل,https://www.khanoumi.com/products/my-cool-ocean-body-splash-26299,"بوی صابون میده 
توصیه نمیکنم بادی اسپلش و عطر و ادکلن رو بهتره حضوری بخرید",0,true,2025-01-06T22:58:49.0010929+00:00,منفی,0.67,محصول,محصول
بادی اسپلش کول اوشن 200میل,https://www.khanoumi.com/products/my-cool-ocean-body-splash-26299,بوی خوبی دارد,0,true,2025-01-03T22:51:09.4313879+00:00,مثبت,0.67,محصول,محصول
بادی اسپلش کول اوشن 200میل,https://www.khanoumi.com/products/my-cool-ocean-body-splash-26299,سالهاس از این رنگ آبیش برای تابستون و رنگ زردش برای زمستون استفاده میکنم.. اصلا تند و زننده نیست الکلش خیلی کمه ..هم به بدن بعد حمام هم لباس و روی مو میشه زد.. موندگاریشم خوب وقابل قبوله ، بعنوان دئودرانت و مام هم میشه استفاده کرد,0,true,2024-12-31T13:57:02.8678448+00:00,ترکیبی,0.74,محصول | اصل بودن کالا,محصول
بادی اسپلش کول اوشن 200میل,https://www.khanoumi.com/products/my-cool-ocean-body-splash-26299,من دوساله از این بادی اسپلش استفاده میکنم و هیچوقت بوی الکل نمیداد اما این سری بوی الکل میداد و درش خراب بود مقداری ازش ریخته بود توی جعبه.,0,true,2024-12-25T07:27:02.4824347+00:00,منفی,0.67,محصول,محصول
بادی اسپلش کول اوشن 200میل,https://www.khanoumi.com/products/my-cool-ocean-body-splash-26299,بی نظیره  هشت ساله پایه ثابتم شده تا قبلی نصفه میشه سریع سفارش میدم یکروزم نمیتونم نداشته باشمش,0,true,2024-12-18T21:56:19.9125702+00:00,خنثی,0.35,سایر,سایر
بادی اسپلش کول اوشن 200میل,https://www.khanoumi.com/products/my-cool-ocean-body-splash-26299,خیلی خوشبو و عااااالی و درجه یکه،قیمت توب و ماندگاری بالا حتما پیشنهادش میکنم,0,true,2024-12-12T21:47:35.6067509+00:00,مثبت,0.67,محصول | قیمت,محصول
بادی اسپلش کول اوشن 200میل,https://www.khanoumi.com/products/my-cool-ocean-body-splash-26299,عااالی بود,0,true,2024-12-10T17:31:08.0226788+00:00,خنثی,0.35,محصول,محصول
بادی اسپلش کول اوشن 200میل,https://www.khanoumi.com/products/my-cool-ocean-body-splash-26299,بوی خنک و ملایم و لطیفی داره و بوی خیلی قوی نداره من که خوشم اومد.,0,true,2024-12-06T12:26:52.7663103+00:00,خنثی,0.35,محصول,محصول
بادی اسپلش کول اوشن 200میل,https://www.khanoumi.com/products/my-cool-ocean-body-splash-26299,خیلی بوی عالی ای داشت,0,true,2024-12-06T09:11:09.1857945+00:00,مثبت,0.67,محصول,محصول
بادی اسپلش کول اوشن 200میل,https://www.khanoumi.com/products/my-cool-ocean-body-splash-26299,زیاد توی سلیقم نبود ملایم و لطیف نیست کمی تندی داره,0,true,2024-12-02T22:14:12.98159+00:00,خنثی,0.35,محصول,محصول
بادی اسپلش کول اوشن 200میل,https://www.khanoumi.com/products/my-cool-ocean-body-splash-26299,عالی بود بازم سفارش میدم,0,true,2024-12-01T17:19:25.6241119+00:00,مثبت,0.79,محصول,محصول
بادی اسپلش کول اوشن 200میل,https://www.khanoumi.com/products/my-cool-ocean-body-splash-26299,بوی خوبی داره بوش خنک و تلخه دوسش دارم,0,true,2024-12-01T13:00:22.3723776+00:00,مثبت,0.67,محصول,محصول
بادی اسپلش کول اوشن 200میل,https://www.khanoumi.com/products/my-cool-ocean-body-splash-26299,من واقعا راضیم خیلی خوشبو هست,0,true,2024-11-29T18:41:01.9214629+00:00,مثبت,0.79,محصول,محصول
بادی اسپلش کول اوشن 200میل,https://www.khanoumi.com/products/my-cool-ocean-body-splash-26299,بچه ها اگه این بادی اسپلش رو دقیقا بعد از حموم اونم روی پوستتون بزنید ماندگاریش زیاده ولی اگه روی لباس استفاده می‌کنید معلومه نمیمونه .. بوش شیرین و خنکه یه جورایی ترکیب بوی میوه های ترش و گل و یه کوچولو آدامس میده من خوشم اومد حس خنکی میده اونجوری نیست که بگم دفعه بعدی هم ازش میگیرم برای تنوع خوبه پیشنهاد میکنم امتحانش کنید,0,true,2024-11-27T14:39:40.4376447+00:00,مثبت,0.95,محصول,محصول
بادی اسپلش کول اوشن 200میل,https://www.khanoumi.com/products/my-cool-ocean-body-splash-26299,به نظرم بوش خوب نبود البته سلیقه ایه اما ماندگاری خوبی داشت به نسبت,0,true,2024-11-27T12:13:57.3138206+00:00,مثبت,0.67,محصول,محصول
بادی اسپلش کول اوشن 200میل,https://www.khanoumi.com/products/my-cool-ocean-body-splash-26299,با توجه به همه ک گفتن ماندگاری نداره من میخوام بگم اتفاقا ماندگاری داره و بقیه متوجه میشن شتید بینی خودشون عادت کرده . من راضی بودم هم از رایحه هم قیمت هم بسته بندی و سالم رسیدنش هم انقضا داشتنش همه جوره راضیم از خانومی,0,true,2024-11-27T07:57:51.5096409+00:00,مثبت,0.91,تحویل و ارسال | محصول | قیمت,تحویل و ارسال
بادی اسپلش کول اوشن 200میل,https://www.khanoumi.com/products/my-cool-ocean-body-splash-26299,اصلا خوب نبود، بوی بد و ماندگاری خیلی کم,0,true,2024-11-25T20:43:46.838202+00:00,مثبت,0.67,محصول | اصل بودن کالا,محصول
بادی اسپلش کول اوشن 200میل,https://www.khanoumi.com/products/my-cool-ocean-body-splash-26299,اصلا ماندگاری نداره,0,true,2024-11-25T18:27:29.464069+00:00,مثبت,0.67,محصول | اصل بودن کالا,محصول
بادی اسپلش کول اوشن 200میل,https://www.khanoumi.com/products/my-cool-ocean-body-splash-26299,همین الان سه تا پلمپ شو دارم هنوز انقدر این محصول بوی خوب و موندگاری داره هروقت خانومی تخفیف میذاره سفارش میذارم تو خریدش شک نکنید,0,true,2024-11-14T12:13:18.7101744+00:00,مثبت,0.67,محصول | تحویل و ارسال | قیمت,محصول
