نام محصول,لینک محصول,متن کامنت,تعداد لایک,خریدار,تاریخ ثبت,احساس نظر,اطمینان احساس,دسته‌بندی‌ها,دسته اصلی
ریمل حجم دهنده مدل اکستریم والیوم,https://www.khanoumi.com/products/essence-i-love-extreme-mascara-4490,سلام این ریل کی شارژ میشه؟ اگه امکانش هست تا قبل عید شارژش کنین🥲💜,6,true,2023-02-28T23:53:09+00:00,خنثی,0.35,سایر,سایر
ریمل حجم دهنده مدل اکستریم والیوم,https://www.khanoumi.com/products/essence-i-love-extreme-mascara-4490,سلام میشه شارژ کنید و تخفیف ویژه بذارید🙏,13,false,2023-02-20T18:08:42+00:00,خنثی,0.35,قیمت,قیمت
ریمل حجم دهنده مدل اکستریم والیوم,https://www.khanoumi.com/products/essence-i-love-extreme-mascara-4490,میشه شارژ کنید مجدد در تخفیف این ریمل رو,13,false,2023-02-12T13:42:59+00:00,خنثی,0.35,قیمت,قیمت
ریمل حجم دهنده مدل اکستریم والیوم,https://www.khanoumi.com/products/essence-i-love-extreme-mascara-4490,سلام عالیه من عاشقشم لطفا تو تخفیف بزارین,7,false,2023-02-07T08:18:34+00:00,مثبت,0.91,قیمت,قیمت
ریمل حجم دهنده مدل اکستریم والیوم,https://www.khanoumi.com/products/essence-i-love-extreme-mascara-4490,قیمت مناسب. بدون ریزش و شستن راحت...,2,true,2023-01-16T07:21:31+00:00,منفی,0.67,قیمت,قیمت
ریمل حجم دهنده مدل اکستریم والیوم,https://www.khanoumi.com/products/essence-i-love-extreme-mascara-4490,کیفیتش حرف نداره .حجم خوبی به مژه های کم پشت میده,2,true,2023-01-11T00:57:09+00:00,منفی,0.67,محصول,محصول
ریمل حجم دهنده مدل اکستریم والیوم,https://www.khanoumi.com/products/essence-i-love-extreme-mascara-4490,شارژ شود ودر شانس قرار بگیرد,13,false,2023-01-03T20:23:23+00:00,خنثی,0.35,سایر,سایر
ریمل حجم دهنده مدل اکستریم والیوم,https://www.khanoumi.com/products/essence-i-love-extreme-mascara-4490,من چند ساله استفاده میکنم خیلی هم راضیم,4,true,2023-01-01T08:39:55+00:00,مثبت,0.79,سایر,سایر
ریمل حجم دهنده مدل اکستریم والیوم,https://www.khanoumi.com/products/essence-i-love-extreme-mascara-4490,این ریملو موجود کنید لطفا,3,false,2022-12-31T11:38:57+00:00,خنثی,0.35,محصول,محصول
ریمل حجم دهنده مدل اکستریم والیوم,https://www.khanoumi.com/products/essence-i-love-extreme-mascara-4490,ممنون از خانمی برای اجناس اصلی که ارسال میکنه حتماً باز این ریملو سفارش میدم,0,true,2022-12-12T10:20:56+00:00,خنثی,0.35,اصل بودن کالا | تحویل و ارسال,اصل بودن کالا
ریمل حجم دهنده مدل اکستریم والیوم,https://www.khanoumi.com/products/essence-i-love-extreme-mascara-4490,به نظر من خیلی جالب نیست، خیلی خیس و مژه ها را مصنوعی می کند ,14,false,2022-11-24T00:08:50+00:00,خنثی,0.35,سایر,سایر
ریمل حجم دهنده مدل اکستریم والیوم,https://www.khanoumi.com/products/essence-i-love-extreme-mascara-4490,این ریمل بافت خیلی سبکی داشت. وقتی روی مژه هام استفاده کردم خیلی راحت روی مژه کشیده شد و اصلا باعث چسبندگی روی مژه هم نشده. کیفیت بالایی داشت و اصلا هم دچار ریزش نشد. به عنوان یک محصول روزانه میتوانید از این ریمل استفاده کنید.,19,false,2022-11-23T16:12:14.0733333+00:00,مثبت,0.79,محصول | اصل بودن کالا,محصول
ریمل حجم دهنده مدل اکستریم والیوم,https://www.khanoumi.com/products/essence-i-love-extreme-mascara-4490,واقعا عالیه ازش راضیم,21,false,2022-10-06T10:02:33+00:00,مثبت,0.95,سایر,سایر
ریمل حجم دهنده مدل اکستریم والیوم,https://www.khanoumi.com/products/essence-i-love-extreme-mascara-4490, ،خیلی مژه هارو بلند و حجیم نمیکنه،به ریمل فوق معمولیه,31,true,2022-04-21T00:24:06+00:00,خنثی,0.35,محصول,محصول
ریمل حجم دهنده مدل اکستریم والیوم,https://www.khanoumi.com/products/essence-i-love-extreme-mascara-4490,بدترین ریملی بود که تاحالا خریدم.‌.‌‌.من با توجه به نظرات مثبت اینجا سفارشش دادم ولی اصللاااا حجم دهنده نیست و انگار فقط مژه هارو خیس نگه داشته همین.هییییییچ کار خاصی نکرد,36,true,2022-03-02T14:42:08+00:00,ترکیبی,0.79,محصول | اصل بودن کالا,محصول
ریمل حجم دهنده مدل اکستریم والیوم,https://www.khanoumi.com/products/essence-i-love-extreme-mascara-4490,من این ریمل و همیشه از سایت خانومی و زمان تخفیف میخرم چون واقعا ریمل خوبیه و ارزش خرید داره.قیمتش در مقابل کیفیتش خیلی خیلی مناسبه و کاملا به مژه ها حجم میده و اصلا ریزش نداره. ریمل اسنش کاملا مشکیه و مژه هارو پرپشت و بلند میکنه. موندگاری بالایی هم داره و مژه ها رو بهم نمیچسبونه.,79,true,2022-01-18T11:01:04+00:00,مثبت,0.67,محصول | قیمت | اصل بودن کالا,محصول
ریمل حجم دهنده مدل اکستریم والیوم,https://www.khanoumi.com/products/essence-i-love-extreme-mascara-4490,خیلی خیسه و شدیدا ریزش داره زیر چشم,34,false,2021-09-21T20:27:51+00:00,خنثی,0.35,سایر,سایر
ریمل حجم دهنده مدل اکستریم والیوم,https://www.khanoumi.com/products/essence-i-love-extreme-mascara-4490,عالیه معرکه,16,false,2020-11-27T10:30:43+00:00,مثبت,0.79,سایر,سایر
ریمل حجم دهنده مدل کریزی والیوم,https://www.khanoumi.com/products/essence-i-love-extreme-crazy-volume-mascara-4491,موجود کنیددد توروخدا,0,false,2024-02-24T00:21:09+00:00,خنثی,0.35,محصول,محصول
ریمل حجم دهنده مدل کریزی والیوم,https://www.khanoumi.com/products/essence-i-love-extreme-crazy-volume-mascara-4491,لطفا موجود کنید,0,true,2024-02-21T04:02:45+00:00,خنثی,0.35,محصول,محصول
ریمل حجم دهنده مدل کریزی والیوم,https://www.khanoumi.com/products/essence-i-love-extreme-crazy-volume-mascara-4491,موجود کنید لطفاً ,0,false,2024-02-19T15:08:20+00:00,خنثی,0.35,محصول,محصول
ریمل حجم دهنده مدل کریزی والیوم,https://www.khanoumi.com/products/essence-i-love-extreme-crazy-volume-mascara-4491,موجود کنیید,0,false,2024-02-12T17:20:45+00:00,خنثی,0.35,محصول,محصول
ریمل حجم دهنده مدل کریزی والیوم,https://www.khanoumi.com/products/essence-i-love-extreme-crazy-volume-mascara-4491,"مژه ها رو بلند میکند 
زیر چشم نمی ریزد 
کیفیت خوبی دارد ",0,true,2024-02-11T10:11:11+00:00,خنثی,0.35,محصول,محصول
ریمل حجم دهنده مدل کریزی والیوم,https://www.khanoumi.com/products/essence-i-love-extreme-crazy-volume-mascara-4491,لطفا این محصول ی تخفیف خوب بذارید ,0,false,2024-02-11T02:20:36+00:00,مثبت,0.67,محصول | قیمت,محصول
ریمل حجم دهنده مدل کریزی والیوم,https://www.khanoumi.com/products/essence-i-love-extreme-crazy-volume-mascara-4491,عالی بود من خیلی راضیم,0,false,2024-02-06T23:56:57+00:00,مثبت,0.95,محصول,محصول
ریمل حجم دهنده مدل کریزی والیوم,https://www.khanoumi.com/products/essence-i-love-extreme-crazy-volume-mascara-4491,خیلی زود میریزه زیر چشم و زیر چشمو سیاه میکنه اسنس مشکی بهتره نسبت به این ,0,false,2024-02-04T13:02:29+00:00,خنثی,0.35,محصول,محصول
ریمل حجم دهنده مدل کریزی والیوم,https://www.khanoumi.com/products/essence-i-love-extreme-crazy-volume-mascara-4491,حتماپیشهاد میکنم عالیه واقعا ریمل خیلی خوبیه,0,false,2024-01-31T23:38:51+00:00,مثبت,0.95,سایر,سایر
ریمل حجم دهنده مدل کریزی والیوم,https://www.khanoumi.com/products/essence-i-love-extreme-crazy-volume-mascara-4491,ریزش نداره و راحت هم پاک میشه. برند خوبیه,0,true,2024-01-28T10:55:08+00:00,مثبت,0.67,سایر,سایر
ریمل حجم دهنده مدل کریزی والیوم,https://www.khanoumi.com/products/essence-i-love-extreme-crazy-volume-mascara-4491,خیلی خوبه واقعا حجم و قد بینظیری داره فقط اولش که مواد زیاده کثیف کاریش زیاده,0,false,2024-01-24T22:37:16+00:00,مثبت,0.91,محصول,محصول
ریمل حجم دهنده مدل کریزی والیوم,https://www.khanoumi.com/products/essence-i-love-extreme-crazy-volume-mascara-4491,این ریمل به هیچ عنوان پرپشت کننده نیست؛فقط مژه های خودتون رو بلند تر و مشکی تر نشون میده,0,true,2024-01-12T16:12:56+00:00,خنثی,0.35,سایر,سایر
ریمل حجم دهنده مدل کریزی والیوم,https://www.khanoumi.com/products/essence-i-love-extreme-crazy-volume-mascara-4491,"مژه هام رو به هم چسبوند
رضایت نداشتم
مشکیش بهتره",0,true,2024-01-09T12:12:26+00:00,خنثی,0.35,محصول,محصول
ریمل حجم دهنده مدل کریزی والیوم,https://www.khanoumi.com/products/essence-i-love-extreme-crazy-volume-mascara-4491,این ریمل حجم دهندس... بلند کننده مژه اون مشکیش هست و اول باید با نوک برس حسابی بزنید سر مژه ها بعد درست ریمل بزنید.اونایی ک میگن بلند نکرده و خوب نبوده بلد نیشتن بزنن.اگر اصل باشه عالیه ,0,false,2024-01-04T00:54:13+00:00,مثبت,0.91,محصول | اصل بودن کالا,محصول
ریمل حجم دهنده مدل کریزی والیوم,https://www.khanoumi.com/products/essence-i-love-extreme-crazy-volume-mascara-4491,"خوشم نیومد. 
اصلا بلند نمیکنه و حالت خوبی به مژه های من نداد
",0,true,2023-12-28T21:59:52+00:00,خنثی,0.35,اصل بودن کالا,اصل بودن کالا
ریمل حجم دهنده مدل کریزی والیوم,https://www.khanoumi.com/products/essence-i-love-extreme-crazy-volume-mascara-4491,اول اینکه ممنون بابت اصالت کالا و اینکه این ریمل به نظرم عالیه.من دنبال یه ریمل بلند کننده بودم این ریمل عالیه جوریه که انگار مژه کاشتی.ممنون,0,true,2023-12-21T22:55:17+00:00,مثبت,0.95,محصول | اصل بودن کالا,محصول
ریمل حجم دهنده مدل کریزی والیوم,https://www.khanoumi.com/products/essence-i-love-extreme-crazy-volume-mascara-4491,من تا حالا استفاده نکرده بودم برای اولین باره گرفتم خیلی جالب نیست برای سرکار خوبه خیلی به چشم نمیاد که ریمل زدی,0,true,2023-12-20T19:19:51+00:00,مثبت,0.79,محصول,محصول
ریمل حجم دهنده مدل کریزی والیوم,https://www.khanoumi.com/products/essence-i-love-extreme-crazy-volume-mascara-4491,اصل بود و مثل همیشه که استفاده میکنم خوب بود و پر و بلند میکنه ,0,true,2023-12-20T10:19:55+00:00,مثبت,0.95,محصول | اصل بودن کالا,محصول
ریمل حجم دهنده مدل کریزی والیوم,https://www.khanoumi.com/products/essence-i-love-extreme-crazy-volume-mascara-4491,"برای استفاده روزمره مثلا دانشگاه و سرکار خوبه 
زیاد مژه رو بلند نمی کنه ولی بخاطر فرچه ش مژه ها به هم نمیچسبن
روی پوکه ش زده ساخت ایتالیا
",0,true,2023-12-15T19:25:14+00:00,مثبت,0.79,سایر,سایر
ریمل حجم دهنده مدل کریزی والیوم,https://www.khanoumi.com/products/essence-i-love-extreme-crazy-volume-mascara-4491,لطفا تخیف 50درصدی,0,true,2023-12-06T13:15:01+00:00,خنثی,0.35,سایر,سایر
ریمل حجم دهنده مدل کریزی والیوم,https://www.khanoumi.com/products/essence-i-love-extreme-crazy-volume-mascara-4491,اصلا از خرید این محصول راضی نیستم انگار ریمل کاملا خشکه,0,true,2023-12-04T23:33:51+00:00,خنثی,0.35,محصول | اصل بودن کالا,محصول
ریمل حجم دهنده مدل کریزی والیوم,https://www.khanoumi.com/products/essence-i-love-extreme-crazy-volume-mascara-4491,لطفا تخفیف 50 درصدو دوباره بزاریددددد,0,true,2023-12-03T09:30:10+00:00,خنثی,0.35,قیمت,قیمت
ریمل حجم دهنده مدل کریزی والیوم,https://www.khanoumi.com/products/essence-i-love-extreme-crazy-volume-mascara-4491,سلام امروز به دستم رسید عالی بود فقط خیلی دیر ارسال میشه لطفا زود بفرستین ممنون,0,true,2023-11-29T22:33:32+00:00,مثبت,0.91,تحویل و ارسال | محصول,تحویل و ارسال
ریمل حجم دهنده مدل کریزی والیوم,https://www.khanoumi.com/products/essence-i-love-extreme-crazy-volume-mascara-4491,من اولین باره ریمل از خانمی میگیرم امیدوارم خشک نباشه,0,true,2023-11-29T14:14:22+00:00,خنثی,0.35,سایر,سایر
ریمل حجم دهنده مدل کریزی والیوم,https://www.khanoumi.com/products/essence-i-love-extreme-crazy-volume-mascara-4491,من به تازگی سفارش دادم کامل خشک بود...,0,true,2023-11-27T10:49:06+00:00,خنثی,0.35,محصول,محصول
ریمل حجم دهنده مدل کریزی والیوم,https://www.khanoumi.com/products/essence-i-love-extreme-crazy-volume-mascara-4491,"مژه هام باهاش میریزه مژه های پر پشت و بلندی دارم از وقتی
استفاده کردم خیلی ریخت",0,true,2023-11-12T19:12:33+00:00,خنثی,0.35,سایر,سایر
ریمل حجم دهنده مدل کریزی والیوم,https://www.khanoumi.com/products/essence-i-love-extreme-crazy-volume-mascara-4491,ماندگاری کمی داره و زیر چشم سیاه میکنه ,4,true,2023-11-01T13:15:28+00:00,خنثی,0.35,محصول,محصول
ریمل حجم دهنده مدل کریزی والیوم,https://www.khanoumi.com/products/essence-i-love-extreme-crazy-volume-mascara-4491,بنظرمن ایزادورا کیفیت بالاتری داشت نسبت به این ریمل .پای چشم رو سیاه میکنه گاهی,5,true,2023-10-19T13:07:40+00:00,خنثی,0.35,محصول,محصول
ریمل حجم دهنده مدل کریزی والیوم,https://www.khanoumi.com/products/essence-i-love-extreme-crazy-volume-mascara-4491,عالی بوود من تو تخفیف خریدمش خیلییی راضیم,3,true,2023-10-17T02:38:26+00:00,مثبت,0.91,محصول | قیمت,محصول
ریمل حجم دهنده مدل کریزی والیوم,https://www.khanoumi.com/products/essence-i-love-extreme-crazy-volume-mascara-4491,چرا تخفیف نداره😭,3,true,2023-10-12T19:04:30+00:00,خنثی,0.35,قیمت,قیمت
ریمل حجم دهنده مدل کریزی والیوم,https://www.khanoumi.com/products/essence-i-love-extreme-crazy-volume-mascara-4491,سلام لطفا تخفیف بزارید,0,false,2023-10-12T17:05:31+00:00,خنثی,0.35,قیمت,قیمت
ریمل حجم دهنده مدل کریزی والیوم,https://www.khanoumi.com/products/essence-i-love-extreme-crazy-volume-mascara-4491,سومین باره از این ریمل میخرم مژه هارو بلند میکنه سبکو طبیعیه حتی ممکنه متوجه نشن ریمل زدینو فک کنن مژه هاتون طبیعی بلندو خوش حالته مژه هارو اصلا بهم نمیچسبونه خیلی راحت شسته میشه هیچ سوزشو خارشی ایجاد نمیکنه پلکو سنگین نمیکنه پر از مزیته تنها بدیش اینه که زود خشک میشه ولی مدل مشکیش از این لحاظ بهتره موادش خیلی دیرتر خشک میشه با این حال من صورتیشو بیشتر دوس دارم,6,true,2023-09-27T23:26:21+00:00,منفی,0.79,محصول | اصل بودن کالا,اصل بودن کالا
ریمل حجم دهنده مدل کریزی والیوم,https://www.khanoumi.com/products/essence-i-love-extreme-crazy-volume-mascara-4491,لطفااااا موجودش کنید من سبدم تکمیله منتظرم این شارژ شه,0,true,2023-09-24T21:14:14+00:00,منفی,0.67,محصول,محصول
ریمل حجم دهنده مدل کریزی والیوم,https://www.khanoumi.com/products/essence-i-love-extreme-crazy-volume-mascara-4491,اولش که نوعه و مواد توش زیاده اصلا خوب نیست ولی یکم که میگذره خشک تر میشه خوب میشه. درضمن برای مژه های پر خوب نیست چون بهم میچسبونه . من یه چشمم مژه های پره ولی کوتاه یه چشم دیگه مژه های بلندتره ولی کمتراکم. واسه این یکی بهتره جواب داده,2,true,2023-09-17T20:44:34+00:00,منفی,0.67,محصول | اصل بودن کالا,اصل بودن کالا
ریمل حجم دهنده مدل کریزی والیوم,https://www.khanoumi.com/products/essence-i-love-extreme-crazy-volume-mascara-4491,ریمل خوبیه طبیعی رو چشم نشون میده و تغییرات  متوسطی داره و مناسب استفاده روزانه هست اما در مقایسه با ریمل لاندن،لاندنو از لحاظ تغییرات زیاد و پرپشتی بیشتر ترجیح میدم,0,true,2023-09-13T04:48:41+00:00,مثبت,0.67,سایر,سایر
ریمل حجم دهنده مدل کریزی والیوم,https://www.khanoumi.com/products/essence-i-love-extreme-crazy-volume-mascara-4491,اصل بود👍🏼,2,true,2023-09-09T23:23:28+00:00,مثبت,0.79,اصل بودن کالا | محصول,اصل بودن کالا
ریمل حجم دهنده مدل کریزی والیوم,https://www.khanoumi.com/products/essence-i-love-extreme-crazy-volume-mascara-4491,انتظار خیلی بالایی ازش نداشته باشین چون تغییر زیادی ایجاد نمیکنه اما مزیتش اینکه اگر تایم زیادی میخواین ریمل رو چشمتون باشه تنها ریملی که من خریدم و چشمم رو خسته نکرد همینه کل روزم بمونه اذیتی نداره,0,false,2023-09-09T17:31:16+00:00,خنثی,0.35,محصول,محصول
ریمل حجم دهنده مدل کریزی والیوم,https://www.khanoumi.com/products/essence-i-love-extreme-crazy-volume-mascara-4491,این ریمل فوق العادست هم بلند میکنه و هم حجم میده عااااشقشم,2,false,2023-09-07T23:09:01+00:00,خنثی,0.35,محصول,محصول
ریمل حجم دهنده مدل کریزی والیوم,https://www.khanoumi.com/products/essence-i-love-extreme-crazy-volume-mascara-4491,من عاشق این ریملم انقدر قشنگ حالت میده مژه ها رو در عین حال سبکم هست و طبیعیه راحتم شسته میشه ولی توی بازار اکثرا فیکش هست باید از جای معتبر مثل خانومی بگیرید :)),4,true,2023-08-08T14:30:42+00:00,منفی,0.67,اصل بودن کالا,اصل بودن کالا
ریمل حجم دهنده مدل کریزی والیوم,https://www.khanoumi.com/products/essence-i-love-extreme-crazy-volume-mascara-4491,عاشقشم,0,true,2023-07-27T14:10:53+00:00,مثبت,0.67,سایر,سایر
ریمل حجم دهنده مدل کریزی والیوم,https://www.khanoumi.com/products/essence-i-love-extreme-crazy-volume-mascara-4491,ریمل خیلی خوبیه سبکه و اصلا ریمل خیسی نیست و پاکردنشم راحته و مناسب مصرف روزانس,3,true,2023-07-22T17:08:21+00:00,مثبت,0.91,اصل بودن کالا,اصل بودن کالا
ریمل حجم دهنده مدل کریزی والیوم,https://www.khanoumi.com/products/essence-i-love-extreme-crazy-volume-mascara-4491,دوستان من این ریمل رو از فروشگاه خانومی خریداری کردم با تخفیف خیلی خوب اول اینکه اصل بود بسیار سبکه و هیچ اسیبی به مژه ها نمیزنه فقط زد اب نیست و ماندگاری کمی داره ,3,true,2023-07-20T02:14:38+00:00,مثبت,0.95,محصول | اصل بودن کالا | قیمت,محصول
ریمل حجم دهنده مدل کریزی والیوم,https://www.khanoumi.com/products/essence-i-love-extreme-crazy-volume-mascara-4491,"بیشتر به مژه ها حالت میده وبلندشون میکننه و حجم 
  متوسطی میده ،و به صورت فیتیله ای شسته نمیشه در کل ریمل خوبیه ",3,true,2023-07-13T00:56:19+00:00,مثبت,0.67,محصول,محصول
ریمل حجم دهنده مدل کریزی والیوم,https://www.khanoumi.com/products/essence-i-love-extreme-crazy-volume-mascara-4491,فقط میتونم بگم عالیه,1,true,2023-07-02T19:26:42+00:00,مثبت,0.79,سایر,سایر
ریمل حجم دهنده مدل کریزی والیوم,https://www.khanoumi.com/products/essence-i-love-extreme-crazy-volume-mascara-4491,ریمل خوبیه ولی این دفعه که تو تولد خانومی سفارش دادم تاریخ نداشت هم این مدلش من مشکیش,4,true,2023-06-30T14:35:13+00:00,مثبت,0.67,سایر,سایر
ریمل حجم دهنده مدل کریزی والیوم,https://www.khanoumi.com/products/essence-i-love-extreme-crazy-volume-mascara-4491,"ریمل مورد علاقه من😍
هم حجم دهیش عالیه و هم ماندگاریش",1,false,2023-06-27T08:43:30+00:00,مثبت,0.79,محصول,محصول
ریمل حجم دهنده مدل کریزی والیوم,https://www.khanoumi.com/products/essence-i-love-extreme-crazy-volume-mascara-4491,من خیلی سال پیش این ریمل رو گرفتم و چون موقع شستن زیر چشمم رو سیاه میکرد و بسختی پاک میشد دیگه نگرفتم. این بار توی تخفیف چون قیمتش خیلی خوب شده بود خریدم که دوباره تست کنم. خوشبختانه مشکل قبل رو اصلا باهاش ندارم و خیلی راضیم مژه ها رو بلند میکنه حالت هم میده,1,true,2023-06-24T10:06:01+00:00,مثبت,0.95,محصول | قیمت | اصل بودن کالا,محصول
ریمل حجم دهنده مدل کریزی والیوم,https://www.khanoumi.com/products/essence-i-love-extreme-crazy-volume-mascara-4491,کاملا طبیعی و تنها ایرادش ضد آب نبودنش هست ولی من این ریمل را خیلی دوست دارم عالیه ,2,true,2023-05-25T12:58:10+00:00,مثبت,0.79,محصول,محصول
ریمل حجم دهنده مدل کریزی والیوم,https://www.khanoumi.com/products/essence-i-love-extreme-crazy-volume-mascara-4491,لطفا موجودش کنید 🙏🙏🙏🙏,2,false,2023-05-04T02:41:14+00:00,خنثی,0.35,محصول,محصول
ریمل حجم دهنده مدل کریزی والیوم,https://www.khanoumi.com/products/essence-i-love-extreme-crazy-volume-mascara-4491,امروز به دستم رسید کیفیتش عالیه حالت دهنده و بلند کنندس بزای مژهای من ک پره ولی بی حالت جواب داد من ک راضیم😍👌🏼,5,true,2023-04-13T13:43:09+00:00,مثبت,0.95,محصول | تحویل و ارسال,محصول
ریمل حجم دهنده مدل کریزی والیوم,https://www.khanoumi.com/products/essence-i-love-extreme-crazy-volume-mascara-4491,ریمل خیلی خوبی برای من نبود هم بعد چندساعت میریزه زیر چشم و هم میچسبونه بهم مژه هارو و درکل راضی نبودم. برخلاف ریمل اینلی که خوب پاک میشه این گلوله نمیشه و بد پاک میشه پخش میشه,2,false,2023-04-04T23:40:16+00:00,مثبت,0.91,محصول,محصول
ریمل حجم دهنده مدل کریزی والیوم,https://www.khanoumi.com/products/essence-i-love-extreme-crazy-volume-mascara-4491,خوبه ولی یه ایراد بزرگی که داره مژه های منو ریخت و مجبور شدم ازش استفاده نکنم,2,false,2023-03-18T00:30:47+00:00,مثبت,0.79,محصول,محصول
ریمل حجم دهنده مدل کریزی والیوم,https://www.khanoumi.com/products/essence-i-love-extreme-crazy-volume-mascara-4491,"درکل ریمل خوبیه و من راضی بودم. ویژگی هایی ک بنظرم اومدو مینویسم براتون
اولا ک ضد آب نیس و کاملا منطقیه برند های معتبر اجازه استفاده مواد پلاستیکی رو ندارن و این نشونه اسیب کمترشه برای چشم و مژه
با یک دور زدن یه حالت طبیعی به مژه میده ک من دوس داشتم اما برای افزایش حجم و قد بیشتر باید حداقل 2 دور ریمل بزنید که در اون صورت یه قد و حجم باور نکردنی میده ب مژه باتوجه ب قیمتش
ریزش بخصوصی نداشت در مدت زمان 2_3ساعته
و مژه رو بهم ریخته نمیکنه و من بین ریمل دیپ رومنس و این ریمل، اسنس صورتی رو بیشتر دوس داشتم",17,true,2023-01-28T17:36:13+00:00,مثبت,0.79,محصول | قیمت,محصول
ریمل حجم دهنده مدل کریزی والیوم,https://www.khanoumi.com/products/essence-i-love-extreme-crazy-volume-mascara-4491,عالیه هم رنگ مشکی و هم صورتیشو خریدم از هر دو راضیم واقعا ❤️ ,1,true,2023-01-27T02:00:22+00:00,مثبت,0.95,محصول,محصول
ریمل حجم دهنده مدل کریزی والیوم,https://www.khanoumi.com/products/essence-i-love-extreme-crazy-volume-mascara-4491,لطفا شارژش کنید دیگه😕🙏,2,true,2023-01-20T11:55:56+00:00,خنثی,0.35,سایر,سایر
ریمل حجم دهنده مدل کریزی والیوم,https://www.khanoumi.com/products/essence-i-love-extreme-crazy-volume-mascara-4491,شاررژش کنید دیگه من چند روز میخوام خریدمو تکمیل کنم ولی منتظرم این ریمل شارژ شه   لطفا زودتر ,9,true,2023-01-08T09:24:46+00:00,خنثی,0.35,محصول,محصول
ریمل حجم دهنده مدل کریزی والیوم,https://www.khanoumi.com/products/essence-i-love-extreme-crazy-volume-mascara-4491,شارژ کنید این ریمل رو ممنون,8,true,2023-01-06T16:48:21+00:00,مثبت,0.67,سایر,سایر
ریمل حجم دهنده مدل کریزی والیوم,https://www.khanoumi.com/products/essence-i-love-extreme-crazy-volume-mascara-4491,بهترین ریملی که داشتم,6,true,2023-01-04T18:02:36+00:00,مثبت,0.67,سایر,سایر
ریمل حجم دهنده مدل کریزی والیوم,https://www.khanoumi.com/products/essence-i-love-extreme-crazy-volume-mascara-4491,"ریمل خوبیه
ولی گاهی چشممو می سوزونه
باید زیرش پرایمر بزنم",1,true,2022-12-17T13:50:35+00:00,مثبت,0.67,محصول,محصول
ریمل حجم دهنده مدل کریزی والیوم,https://www.khanoumi.com/products/essence-i-love-extreme-crazy-volume-mascara-4491,ریملی که برام فرستادن اصل بود فقط مژه هارو به هم میچسبونه و حجم نمیده فقط بلند می‌کنه یه مقدار,10,true,2022-09-28T14:10:18+00:00,مثبت,0.79,محصول | اصل بودن کالا,محصول
ریمل حجم دهنده مدل کریزی والیوم,https://www.khanoumi.com/products/essence-i-love-extreme-crazy-volume-mascara-4491,اصن دیگه لازم نیس مژه بکاری..محششششششرررررهههههه😍مرسی خانومی,8,true,2022-09-27T22:22:55+00:00,مثبت,0.67,سایر,سایر
ریمل حجم دهنده مدل کریزی والیوم,https://www.khanoumi.com/products/essence-i-love-extreme-crazy-volume-mascara-4491,این ریمل عالیه ,10,false,2022-09-18T22:02:19+00:00,مثبت,0.79,سایر,سایر
ریمل حجم دهنده مدل کریزی والیوم,https://www.khanoumi.com/products/essence-i-love-extreme-crazy-volume-mascara-4491,این ریمل عالیه,3,false,2022-09-15T20:47:50+00:00,مثبت,0.79,سایر,سایر
ریمل حجم دهنده مدل کریزی والیوم,https://www.khanoumi.com/products/essence-i-love-extreme-crazy-volume-mascara-4491,ریمل خوبیه مژه های منو بلند کرد و حجم متوسطی داد و اصلا مژه هارو بهم نچسبوند ممنون,7,true,2022-07-10T18:20:59+00:00,مثبت,0.91,محصول | اصل بودن کالا,محصول
ریمل حجم دهنده مدل کریزی والیوم,https://www.khanoumi.com/products/essence-i-love-extreme-crazy-volume-mascara-4491,خوبه ولی خیلی کم مواده,17,false,2022-03-04T21:57:06+00:00,مثبت,0.79,محصول,محصول
ریمل حجم دهنده مدل کریزی والیوم,https://www.khanoumi.com/products/essence-i-love-extreme-crazy-volume-mascara-4491,من به شخصه از این ریمل استفاده میکنم و ازش راضیم. این ریمل بیشتر از حالت بلندکنندگی داره نه پرکنندگی پس بهتره افرادی که دارای مژه های کوتاه هستند اینو استفاده کنن. تنها مشکلی که به نظر من این ریمل داره اینه که ممکنه یکم بریزه، البته این مشکلیه که من دارم ولی اطرافیانم ندارن. در حالت کلی من از کیفیت این محصول راضیم.,49,false,2022-01-25T10:00:05+00:00,مثبت,0.95,محصول,محصول
ریمل حجم دهنده مدل کریزی والیوم,https://www.khanoumi.com/products/essence-i-love-extreme-crazy-volume-mascara-4491,"من زیاد اهل ریمیل نیستم، اما نظرم رو میگم: این ریمیل، سبک هست و هم خاصیت بلندکردن داره و بیشتر از اون، خاصیت حجم دهندگی داره. میشه باهاش خیلی طبیعی مژه ها رو پررنگ تر و حجیم تر کرد، و میشه گفت مژه ها رو تار به تار پررنگ میکنه و به هم نمی چسبونه، که این ویژگی ش رو خیلی دوست دارم. 
ماندگاری ش روی مژه خیلی خوبه، به راحتی هم میشه پاکش کرد.
برای من، ایجاد ریزش مژه نکرد.
قیمتش هم با توجه به کیفیتی که داره، مناسب هست.
تنها ایرادی که ازش دیدم، اینه که به نظرم ضد آب نیست، و حتی توی هوای مرطوب، ریزش داره. اما بازم با یک دستمال مرطوب، راحت تونستم از زیر چشمم پاک کنم و هنوز باقی ونده ش روی مژه هام قشنگ بود.
در کل، ازش راضی ام اما حواسم هست که توی هوای بارونی یا مرطوب، یا نزنم یا بیشتر مواظبش باشم که خیس نشه :)
",63,true,2022-01-03T18:54:52+00:00,مثبت,0.95,محصول | قیمت,محصول
ریمل حجم دهنده مدل کریزی والیوم,https://www.khanoumi.com/products/essence-i-love-extreme-crazy-volume-mascara-4491,من یکبار خریدم اصلا راضی نبودم  خیییلی زود خشک میشه و اتگار مواد کمی داره زیاد هم حجم دهی نداره,16,false,2021-09-09T01:03:58+00:00,منفی,0.79,محصول | اصل بودن کالا,اصل بودن کالا
ریمل حجم دهنده مدل کریزی والیوم,https://www.khanoumi.com/products/essence-i-love-extreme-crazy-volume-mascara-4491,من چند ساله ازین ریمل استفاده میکنم و برای من عالیه٬ چون خاصیت بلندکنندگی داره فقط و قشنگ مشکی میکنه ولی خاصیت حجم دهندگی نداره٬ ,25,false,2020-11-12T04:02:39+00:00,مثبت,0.79,محصول,محصول
ریمل حجم دهنده مدل کریزی والیوم,https://www.khanoumi.com/products/essence-i-love-extreme-crazy-volume-mascara-4491,ریملش فوق العاده س.انگار مژه مصنوعی گذاشتی .فقط کوچیکترین ابی روش بریزه پایین میاد و شستنش کل صورتتو سیاه میکنه,33,false,2020-10-20T12:11:49+00:00,مثبت,0.67,سایر,سایر
ریمل حجم دهنده مدل کریزی والیوم,https://www.khanoumi.com/products/essence-i-love-extreme-crazy-volume-mascara-4491,چرا موجود نمی کنییید؟ ,35,false,2018-12-10T12:11:57.7033333+00:00,خنثی,0.35,محصول,محصول
ریمل حجم دهنده مدل کریزی والیوم,https://www.khanoumi.com/products/essence-i-love-extreme-crazy-volume-mascara-4491,به نسبت قیمتش ریمل مناسبیه ، ولی از مدل های دیگه اسنس بیشتر راضی بودم,6,true,2018-05-05T14:42:59.2566667+00:00,مثبت,0.67,محصول | قیمت,محصول
ریمل حجم دهنده مدل کریزی والیوم,https://www.khanoumi.com/products/essence-i-love-extreme-crazy-volume-mascara-4491,ریمل خوبیه.حجم دهیش عالیه اما سنگینه روی چشم,11,false,2018-04-11T11:19:47.5166667+00:00,مثبت,0.91,محصول,محصول
ریمل حجم دهنده مدل کریزی والیوم,https://www.khanoumi.com/products/essence-i-love-extreme-crazy-volume-mascara-4491,چرا محصولات اسنس همه ناموجوده!؟,20,true,2018-02-26T14:21:36.48+00:00,خنثی,0.35,محصول,محصول
ریمل حجم دهنده مدل کریزی والیوم,https://www.khanoumi.com/products/essence-i-love-extreme-crazy-volume-mascara-4491,موجود کنید چه زود تموم میشه وسایلاتون,11,false,2017-12-21T13:56:10.2733333+00:00,خنثی,0.35,محصول,محصول
ریمل حجم دهنده مدل کریزی والیوم,https://www.khanoumi.com/products/essence-i-love-extreme-crazy-volume-mascara-4491,از هرکدومش یکی دوتا میارین که زود تموم میشه ؟ :|,8,true,2017-11-21T23:45:04.4433333+00:00,خنثی,0.35,محصول,محصول
ریمل حجم دهنده مدل کریزی والیوم,https://www.khanoumi.com/products/essence-i-love-extreme-crazy-volume-mascara-4491,لطفا این ریمل و مشکیشو شارژ کنید تو تخفیف,7,false,2017-10-31T23:25:13.1866667+00:00,خنثی,0.35,قیمت,قیمت
ریمل حجم دهنده مدل کریزی والیوم,https://www.khanoumi.com/products/essence-i-love-extreme-crazy-volume-mascara-4491,لطفا این ریمل و مشکیشو شارژ کنید تو تخفیف,6,false,2017-10-31T23:25:12.6566667+00:00,خنثی,0.35,قیمت,قیمت
ریمل حجم دهنده مدل کریزی والیوم,https://www.khanoumi.com/products/essence-i-love-extreme-crazy-volume-mascara-4491,لطفا اين محصول رو موجود كنيد,10,true,2017-10-25T18:24:39.22+00:00,خنثی,0.35,محصول,محصول
ریمل حجم دهنده مدل کریزی والیوم,https://www.khanoumi.com/products/essence-i-love-extreme-crazy-volume-mascara-4491,خوبه ولى يكم ميريزه زير چشم واسه دو سه ساعت خوبه ,7,false,2017-08-10T19:41:39+00:00,مثبت,0.95,سایر,سایر
ریمل حجم دهنده مدل کریزی والیوم,https://www.khanoumi.com/products/essence-i-love-extreme-crazy-volume-mascara-4491,هیچ تخفیفی نخورده اونوقت چطور جزو سورپرایزای آخر هفتس؟! 😒,14,false,2017-06-15T12:41:41.83+00:00,خنثی,0.35,قیمت,قیمت
ریمل حجم دهنده مدل کریزی والیوم,https://www.khanoumi.com/products/essence-i-love-extreme-crazy-volume-mascara-4491,شانس بذارید لطفا دیگه,7,false,2017-06-13T11:42:43.6266667+00:00,خنثی,0.35,سایر,سایر
ریمل حجم دهنده مدل کریزی والیوم,https://www.khanoumi.com/products/essence-i-love-extreme-crazy-volume-mascara-4491,تعریفشو زیاد شنیده بودم ولی دیروز که به دستم رسید دیدم جالب نیست باید با یه ریمل دیگه استفاده بشه,2,true,2017-06-09T16:40:11.2766667+00:00,خنثی,0.35,محصول | تحویل و ارسال,محصول
ریمل حجم دهنده مدل کریزی والیوم,https://www.khanoumi.com/products/essence-i-love-extreme-crazy-volume-mascara-4491,شانس لطفا,4,false,2017-05-28T16:39:37.2066667+00:00,خنثی,0.35,سایر,سایر
ریمل حجم دهنده مدل کریزی والیوم,https://www.khanoumi.com/products/essence-i-love-extreme-crazy-volume-mascara-4491,شانس ١٠-١٠ بذاريد لطفا دوباره,11,false,2017-03-04T23:49:09.2466667+00:00,خنثی,0.35,سایر,سایر
ریمل حجم دهنده مدل کریزی والیوم,https://www.khanoumi.com/products/essence-i-love-extreme-crazy-volume-mascara-4491,این ریمل با ریمل بدنه مشکی اسنس تفاوتی داره؟,18,false,2017-02-28T01:38:39.6633333+00:00,منفی,0.67,سایر,سایر
ریمل حجم دهنده مدل کریزی والیوم,https://www.khanoumi.com/products/essence-i-love-extreme-crazy-volume-mascara-4491,ازش استفاده میکنم و راضی ام.لطفا موجودش کنید.ممنون.,7,false,2017-02-17T19:15:34.2533333+00:00,مثبت,0.91,محصول,محصول
ریمل حجم دهنده مدل کریزی والیوم,https://www.khanoumi.com/products/essence-i-love-extreme-crazy-volume-mascara-4491,"Salam,be nazare man bishtar halate boland konandegi dare ta hajm dahandegi, ama ye maziyati k dare nemirize zire cheshmo siyah nemikone",11,false,2016-12-03T10:39:53.8333333+00:00,خنثی,0.35,سایر,سایر
ریمل حجم دهنده مدل کریزی والیوم,https://www.khanoumi.com/products/essence-i-love-extreme-crazy-volume-mascara-4491,"خانم "" مرتضوی"" عزیز / میتوانید در صفحه محصول آیکون "" به من اطلاع بده "" را فعال کنید تا هم شانس در تخفیف قرار گرفتن محصول مورد علاقه تان را افزایش دهید و هم در زمان در تخفیف قرار گرفتن آن از طریق پیامک و ایمیل اطلاع پیدا کنید .
",8,false,2016-10-19T14:34:02.2666667+00:00,منفی,0.79,محصول | قیمت,محصول
ریمل حجم دهنده مدل کریزی والیوم,https://www.khanoumi.com/products/essence-i-love-extreme-crazy-volume-mascara-4491,شانس لطفا,11,false,2016-10-19T14:08:39.0633333+00:00,خنثی,0.35,سایر,سایر
ریمل حجم دهنده مدل کریزی والیوم,https://www.khanoumi.com/products/essence-i-love-extreme-crazy-volume-mascara-4491,"خانم "" باورساد"" عزیز /  در صورت امکان تامین نمونه با کیفیت محصولات مورد اشاره شما  حتما از جانب بخش تامین کالا   موجود و در دسترس شما ""همراهان عزیز خانومی"" قرار خواهد گرفت . ",2,false,2016-08-22T13:16:13.0166667+00:00,خنثی,0.35,محصول,محصول
ریمل حجم دهنده مدل کریزی والیوم,https://www.khanoumi.com/products/essence-i-love-extreme-crazy-volume-mascara-4491,لطفا سایه چشم های اسنس رو هم بیارین :(,11,false,2016-08-22T12:19:54.91+00:00,خنثی,0.35,سایر,سایر
ریمل حجم دهنده مدل کریزی والیوم,https://www.khanoumi.com/products/essence-i-love-extreme-crazy-volume-mascara-4491,"سلام و خسته نباشید در صورت امکان این محصول رو شارژ کنید مجددا برای حراج بزرگ
ممنون",18,false,2016-02-27T01:25:26.7166667+00:00,مثبت,0.67,محصول,محصول
ریمل حجم دهنده مدل اکستریم والیوم,https://www.khanoumi.com/products/essence-i-love-extreme-mascara-4490,ریمل خیلی خوبیه یکم زدنش قلق داره،اما خیلی خوبه و بهتر از همه چی قیمتشه که نسبت به کاراییش خیلی خوبه,40,true,2020-09-12T22:46:48+00:00,مثبت,0.95,محصول | قیمت,محصول
ریمل حجم دهنده مدل اکستریم والیوم,https://www.khanoumi.com/products/essence-i-love-extreme-mascara-4490,ب این قیمت عالیه...ولی بیشتر بدرد استفاده روزانه میخوره،البته منکه همینقدر حجم دهندگیو دوس دارم. بیشتر از این مژه ها مث پای عنکبوت میشه😂,23,false,2019-11-29T16:46:49.7933333+00:00,ترکیبی,0.79,محصول | قیمت,محصول
ریمل حجم دهنده مدل اکستریم والیوم,https://www.khanoumi.com/products/essence-i-love-extreme-mascara-4490,خیلی معمولیه به نظرم و این که مژه ها رو فقط بلند میکنه خیلی حجم نمیده,6,false,2019-11-27T00:30:28.9633333+00:00,خنثی,0.35,محصول,محصول
ریمل حجم دهنده مدل اکستریم والیوم,https://www.khanoumi.com/products/essence-i-love-extreme-mascara-4490,"این ریمل فوق العادس و من راضیم ازش ازین جهت که هم خیلی راحت پاک میشه و مژه ها رو پر و بلند تر نشون میده 
ممنونم ازتون 
",9,true,2019-10-12T13:15:51+00:00,مثبت,0.91,سایر,سایر
ریمل حجم دهنده مدل اکستریم والیوم,https://www.khanoumi.com/products/essence-i-love-extreme-mascara-4490,من این ریملو خریدم ازتون واقعا عالی بود هم حجم داد هم بلند کرد مژه هامو,10,true,2019-09-16T10:44:38+00:00,مثبت,0.79,محصول,محصول
ریمل حجم دهنده مدل اکستریم والیوم,https://www.khanoumi.com/products/essence-i-love-extreme-mascara-4490,"واقعاااا ریمل خوبیه 
هم حجم دهندگیش هم اینکه مژه هارو تقریبا بلند میکنه
یه ایراد کوچک داره که کمی زیر چشم پخش میشه 
ولی در کل عاشقشم😍😍
لطفااا شارژش کنید",14,true,2019-07-22T22:35:15.9866667+00:00,مثبت,0.79,محصول,محصول
ریمل حجم دهنده مدل اکستریم والیوم,https://www.khanoumi.com/products/essence-i-love-extreme-mascara-4490,"از نظر حجم دهی ریمل خوبیه ولی یه ایراد داره که زیر چشم رو سیاه میکنه همش باید تو اینه صورتتو چک کنی که نریخته باشه
",8,true,2019-07-14T09:53:48.7666667+00:00,مثبت,0.67,محصول,محصول
ریمل حجم دهنده مدل اکستریم والیوم,https://www.khanoumi.com/products/essence-i-love-extreme-mascara-4490,لطفا بیارید دوباره 😭,14,true,2019-02-20T17:10:13.1033333+00:00,خنثی,0.35,سایر,سایر
ریمل حجم دهنده مدل اکستریم والیوم,https://www.khanoumi.com/products/essence-i-love-extreme-mascara-4490,لطفا شارژ کنید,8,true,2019-01-16T13:30:55.6966667+00:00,خنثی,0.35,سایر,سایر
ریمل حجم دهنده مدل اکستریم والیوم,https://www.khanoumi.com/products/essence-i-love-extreme-mascara-4490,اینو باید یه تخفیف 50-70درصدی بذارید لذت ببریم ,48,false,2018-11-20T19:04:51.5+00:00,خنثی,0.35,قیمت,قیمت
ریمل حجم دهنده مدل اکستریم والیوم,https://www.khanoumi.com/products/essence-i-love-extreme-mascara-4490,لطفا شارژش کنید,23,false,2018-06-27T19:27:56.07+00:00,خنثی,0.35,سایر,سایر
ریمل حجم دهنده مدل اکستریم والیوم,https://www.khanoumi.com/products/essence-i-love-extreme-mascara-4490,ریمل بی کیفیت و بدی بود مخصوصا که پلمپ نداره و خشکه من راضی نبودم ,4,false,2018-04-23T20:58:32.94+00:00,منفی,0.91,محصول | تحویل و ارسال,محصول
ریمل حجم دهنده مدل اکستریم والیوم,https://www.khanoumi.com/products/essence-i-love-extreme-mascara-4490,"واقعا به این قیمت خیلییییی ریمل خوبیه/
زیر چشم نمیریزه
حجم دهندگیه خیلی خوبی داره ",17,true,2018-04-12T11:24:05.8+00:00,مثبت,0.91,محصول | قیمت,محصول
ریمل حجم دهنده مدل اکستریم والیوم,https://www.khanoumi.com/products/essence-i-love-extreme-mascara-4490,لطفا هرچه زودتر شارژ کنید این محصول رو.ممنون,8,false,2018-03-08T03:17:11.2466667+00:00,مثبت,0.67,محصول,محصول
ریمل حجم دهنده مدل اکستریم والیوم,https://www.khanoumi.com/products/essence-i-love-extreme-mascara-4490, لطفا این ریملو در شانس قرار بدین .مرسی,14,false,2018-01-07T02:43:42.1533333+00:00,ترکیبی,0.66,سایر,سایر
ریمل حجم دهنده مدل اکستریم والیوم,https://www.khanoumi.com/products/essence-i-love-extreme-mascara-4490,حجم دهنده ی متعادل و برای استفاده ی روزانه خیلی خوبه,7,true,2017-11-25T13:24:00.31+00:00,مثبت,0.91,محصول,محصول
ریمل حجم دهنده مدل اکستریم والیوم,https://www.khanoumi.com/products/essence-i-love-extreme-mascara-4490,لطفا شارژ کنید دوس دارم امتحانش کنم اینقد تعریفشو شنیدم,5,true,2017-10-31T23:22:35.5633333+00:00,خنثی,0.35,سایر,سایر
ریمل حجم دهنده مدل اکستریم والیوم,https://www.khanoumi.com/products/essence-i-love-extreme-mascara-4490,ممکنه بگین کی شارژ میشه؟ من هیچ جای دیگه هم پیداش نکردم:(( ,3,false,2017-09-28T23:21:29.5166667+00:00,خنثی,0.35,سایر,سایر
ریمل حجم دهنده مدل اکستریم والیوم,https://www.khanoumi.com/products/essence-i-love-extreme-mascara-4490,اي بابا چند وقته منتظرم شارژش كنيد اما خبري نيست ،تا اينو شارژ كنيد بقيه وسايل تو سبدم تموم ميشن  :(   تنها ايرادي كه خانومي داره اينه   :(((( ,6,false,2017-09-21T16:49:01.67+00:00,منفی,0.67,محصول,محصول
ریمل حجم دهنده مدل اکستریم والیوم,https://www.khanoumi.com/products/essence-i-love-extreme-mascara-4490,ميشه بگين كي شارژ ميشه؟ خيلي وقته منتظرشم ,6,false,2017-09-18T14:16:42.36+00:00,خنثی,0.35,سایر,سایر
ریمل حجم دهنده مدل اکستریم والیوم,https://www.khanoumi.com/products/essence-i-love-extreme-mascara-4490,لطفا شارژش كنيد :(,6,false,2017-09-14T09:34:17.54+00:00,خنثی,0.35,سایر,سایر
ریمل حجم دهنده مدل اکستریم والیوم,https://www.khanoumi.com/products/essence-i-love-extreme-mascara-4490,شارژش كنين هرچه سريع تر لطفا ...,5,false,2017-06-25T23:39:53.8466667+00:00,خنثی,0.35,سایر,سایر
ریمل حجم دهنده مدل اکستریم والیوم,https://www.khanoumi.com/products/essence-i-love-extreme-mascara-4490,عالیه با 2بار برس کشیدن مژه ها بلند و پرپشت میشن و قیمتش هم نسبت به کاراییش مناسبه,2,true,2017-03-09T15:56:42.2766667+00:00,مثبت,0.79,محصول | قیمت,محصول
ریمل حجم دهنده مدل اکستریم والیوم,https://www.khanoumi.com/products/essence-i-love-extreme-mascara-4490,من از این ریمل راضیم.چون چشمام خیلی حساسه و ریمل بلا استفاده زیاد جمع میکنم با خرید این ریمل خوشحالم که حساسیتی واسم ایجاد نکرد.البته موقع شستن سیاه میکنه و به نظرم کمی سنگینه.در کل ملاک واسم حساسیت ندادنه,6,true,2017-03-08T13:32:01.3866667+00:00,مثبت,0.79,محصول,محصول
ریمل حجم دهنده مدل اکستریم والیوم,https://www.khanoumi.com/products/essence-i-love-extreme-mascara-4490,این ریمل مشکی و بنفش اکسنس تفاوتشون چیه؟!,3,false,2017-02-28T01:34:04.2933333+00:00,خنثی,0.35,سایر,سایر
ریمل حجم دهنده مدل اکستریم والیوم,https://www.khanoumi.com/products/essence-i-love-extreme-mascara-4490,یه ریمل حجم دهنده ی خوب و با قیمت مناسب ک برای استفاده روزانه کاملا مناسبه! لطفا این محصول عالی رو شارژ کنید.مرسی.,12,false,2017-02-17T19:18:00.6133333+00:00,مثبت,0.91,محصول | قیمت,محصول
ریمل حجم دهنده مدل اکستریم والیوم,https://www.khanoumi.com/products/essence-i-love-extreme-mascara-4490,"خانم "" حداده ئی "" عزیز / به محض تامین نمونه با کیفیت محصول ازطرف بخش تامین کالا فروشگاه .محصول شارژ و در دسترس شما همراهان عزیز "" خانومی"" قرار خواهد گرفت
. میتوانید در صفحه محصول "" آیکون "" به من اطلاع بده "" را فعال کنید تا در زمان شارژ کالا از طریق پیامک و ایمیل اطلاع پیدا کنید .",0,false,2016-09-25T10:29:13.19+00:00,منفی,0.79,محصول,محصول
ریمل حجم دهنده مدل اکستریم والیوم,https://www.khanoumi.com/products/essence-i-love-extreme-mascara-4490,لطفا این ریمل و دوباره شارژ کنید,5,true,2016-09-24T21:15:09.2266667+00:00,خنثی,0.35,سایر,سایر
ریمل حجم دهنده مدل اکستریم والیوم,https://www.khanoumi.com/products/essence-i-love-extreme-mascara-4490,خودم داشتم واسه دوستم خریدم خیلی راضیه ممنون,10,false,2016-03-15T12:49:24.32+00:00,مثبت,0.79,سایر,سایر
ریمل حجم دهنده مدل اکستریم والیوم,https://www.khanoumi.com/products/essence-i-love-extreme-mascara-4490,سلام. لطفا این محصول رو در حراج دوباره شارژ کنید,15,false,2016-02-27T01:22:54.9766667+00:00,خنثی,0.35,محصول,محصول
ریمل حجم دهنده مدل ولوم سنسیشن,https://www.khanoumi.com/products/artdeco-volume-sensation-mascara-4504,ریمل خوبیه ولی موقع پاک کردنش خیلییی سخته و زیر چشمو خیلی سیاه میکنه ولی حجم دهندگیش خوب بود,2,false,2017-03-09T13:43:05.4333333+00:00,مثبت,0.91,محصول,محصول
ریمل حجم دهنده مدل ولوم سنسیشن,https://www.khanoumi.com/products/artdeco-volume-sensation-mascara-4504,شانس,5,false,2017-02-21T20:17:03.4266667+00:00,خنثی,0.35,سایر,سایر
ریمل حجم دهنده مدل ولوم سنسیشن,https://www.khanoumi.com/products/artdeco-volume-sensation-mascara-4504,"خانم "" خلیل پور واثق"" عزیز / میتوانید در صفحه محصول آیکون "" به من اطلاع بده "" را فعال کنید تا هم شانس در تخفیف قرار گرفتن محصول مورد علاقه تان را افزایش دهید و هم در زمان در تخفیف قرار گرفتن آن از طریق پیامک و ایمیل اطلاع پیدا کنید .
",18,false,2016-12-12T16:46:38.2433333+00:00,منفی,0.79,محصول | قیمت,محصول
رژ لب جامد مدل کلاسیک با بافت نرم,https://www.khanoumi.com/products/artdeco-art-couture-classic-lipstick-4505,لطفا همه رنگاشو شارژ کنید و در شانس قرار بدید . ,13,false,2017-07-11T23:49:37.1866667+00:00,منفی,0.67,محصول,محصول
پرایمر آرایش مدل جوان کننده پوست صوررت,https://www.khanoumi.com/products/artdeco-makeup-basewith-anti-aging-effect-4506,من اینو داشتم حجمش کمه وبه صرفه نیست,9,false,2017-06-21T20:04:55.9666667+00:00,خنثی,0.35,محصول,محصول
پرایمر آرایش مدل جوان کننده پوست صوررت,https://www.khanoumi.com/products/artdeco-makeup-basewith-anti-aging-effect-4506,لطفا موجود کنید این پرایمر رو چند ماهه منتظرم,16,false,2017-01-25T12:41:40.9866667+00:00,خنثی,0.35,محصول,محصول
پرایمر آرایش مدل جوان کننده پوست صوررت,https://www.khanoumi.com/products/artdeco-makeup-basewith-anti-aging-effect-4506,لطفا در شانس بذارید ، ممنون,29,false,2016-04-04T11:52:03.0033333+00:00,مثبت,0.67,سایر,سایر
پرایمر آرایش مدل جوان کننده پوست صوررت,https://www.khanoumi.com/products/artdeco-makeup-basewith-anti-aging-effect-4506,خانم فرهادی عزیز / به طور کلی افراط در استفاده از موارد آرایشی توصیه نمیشود . با ابن حال به علت سبک بودن این محصول و دارا بودن  ، خاصیت جوان کننده و ضد چروک آن میتوانید در صورت تمایل استفاده روزانه نیز داشته باشید.,6,false,2016-02-17T12:48:49.83+00:00,منفی,0.67,محصول,محصول
پرایمر آرایش مدل جوان کننده پوست صوررت,https://www.khanoumi.com/products/artdeco-makeup-basewith-anti-aging-effect-4506,برای مصرف روزانه میشه ازش استفاده کرد؟,4,false,2016-02-17T08:50:48.1433333+00:00,خنثی,0.35,سایر,سایر
پرایمر آرایش مدل جوان کننده پوست صوررت,https://www.khanoumi.com/products/artdeco-makeup-basewith-anti-aging-effect-4506,در شانس خانومی گذاشته شود,10,false,2016-02-14T23:16:30.7266667+00:00,خنثی,0.35,سایر,سایر
پرایمر آرایش مدل جوان کننده پوست صوررت,https://www.khanoumi.com/products/artdeco-makeup-basewith-anti-aging-effect-4506,لطفا در شانس10:10 بذاریدش.سپاسگذار,12,false,2016-02-04T11:38:52.23+00:00,مثبت,0.67,سایر,سایر
پرایمر آرایش مدل جوان کننده پوست صوررت,https://www.khanoumi.com/products/artdeco-makeup-basewith-anti-aging-effect-4506,لطفا در شانس 10:10 بذاريد ,23,false,2015-11-23T11:26:46.2566667+00:00,خنثی,0.35,سایر,سایر
پرایمر آرایش مدل جوان کننده پوست صوررت,https://www.khanoumi.com/products/artdeco-makeup-basewith-anti-aging-effect-4506,لطفا در شانس 10:10 بذاريد ,23,false,2015-11-23T11:26:45.7433333+00:00,خنثی,0.35,سایر,سایر
پرایمر آرایش مدل جوان کننده پوست صوررت,https://www.khanoumi.com/products/artdeco-makeup-basewith-anti-aging-effect-4506,لطفا در شانس 10:10 بذاريد ,26,false,2015-11-23T11:26:44.76+00:00,خنثی,0.35,سایر,سایر
رژ لب مدل مرطوب کننده مینرال,https://www.khanoumi.com/products/artdeco-pure-moisture-lipstick-4509,سلام . لطفا رنگای کامل این رژ رو شارژ کنید . شاید این رژ به لبهای من بخوره و پوسته پوستش نکنه و من برای اولین بار بتونم یه رژلب خوبو مناسبو تجربه کنم.,8,false,2017-06-15T16:09:34.9033333+00:00,مثبت,0.67,محصول,محصول
رژ لب مدل مرطوب کننده مینرال,https://www.khanoumi.com/products/artdeco-pure-moisture-lipstick-4509,رنگ های دیگرش هم بیارید لطفا ,8,false,2017-04-16T17:40:34.94+00:00,خنثی,0.35,محصول,محصول
رژ لب مدل مرطوب کننده مینرال,https://www.khanoumi.com/products/artdeco-pure-moisture-lipstick-4509,شانس,4,false,2017-02-25T10:15:15.9833333+00:00,خنثی,0.35,سایر,سایر
رژ لب حجم دهنده ی پرفورمنس,https://www.khanoumi.com/products/artdeco-high-performance-lipstick-4510,"سلام
لطفا شماره 539 brownstone رو هم اضافه کنید",2,false,2017-01-15T07:00:02.3+00:00,خنثی,0.35,سایر,سایر
رژ لب حجم دهنده ی پرفورمنس,https://www.khanoumi.com/products/artdeco-high-performance-lipstick-4510,"خانم "" عندلیب "" عزیز / رژ لب حجم دهنده ی پرفورمنس آرت دکو همانطور که در توضیحات ان درج شده تقویت کننده و مغذی است و حاوی ویتامین B5 , ,و ویتامین ای هست که ظاهر لب هارا براق میکند و از خشکی آنها جلوگیری به عمل می اورد . که اگر این حالت برای شما نامطلوب است پیشنهاد ما به شما استفاده از رژ های سری مات است . ",3,false,2016-09-06T13:02:53.92+00:00,مثبت,0.67,محصول,محصول
رژ لب حجم دهنده ی پرفورمنس,https://www.khanoumi.com/products/artdeco-high-performance-lipstick-4510,"چطوری یه رژ میتونه انقدر بد باشه 
یه سری سفارش دادم که این هم بینشون بود 
روش حساب کرده بودم ولی افتضاحه. هم خیلی روی لب حالت ماسیدگی داره 
",3,true,2016-09-06T11:53:43.1733333+00:00,منفی,0.79,محصول,محصول
رژ لب حجم دهنده ی پرفورمنس,https://www.khanoumi.com/products/artdeco-high-performance-lipstick-4510,شانس لطف ,9,false,2016-06-22T14:09:14.91+00:00,خنثی,0.35,سایر,سایر
رژ لب حجم دهنده ی پرفورمنس,https://www.khanoumi.com/products/artdeco-high-performance-lipstick-4510,شانس لطفا,7,false,2016-05-13T18:17:06.68+00:00,خنثی,0.35,سایر,سایر
رژ لب حجم دهنده ی پرفورمنس,https://www.khanoumi.com/products/artdeco-high-performance-lipstick-4510,شانس ۱۰:۱۰ لطفاً,7,false,2016-05-13T15:22:04.58+00:00,خنثی,0.35,سایر,سایر
رژ لب حجم دهنده ی پرفورمنس,https://www.khanoumi.com/products/artdeco-high-performance-lipstick-4510,این کالا را هم در شانس 10:10 اضافه بفرمایید,3,false,2016-02-13T17:40:33.0333333+00:00,خنثی,0.35,سایر,سایر
کرم پودر های پرفورمنس حجم 30 میلی لیتر,https://www.khanoumi.com/products/artdeco-performance-lifting-foundation-4511,برای کسانی که می گن ارت دکو پوشانندگی نداره..منم یه مدلشو دارم بعد فهمیدم خب من مدل درستی نخریدم که کاورش کمه. مثلا کرم پودر فاقد چربی آرت دکو شماره 18(که البته برای من کمی تیره بود اما خوش رنگه)استفاده کردم چندبار ، کاورش خیلی خوبه...مدل های دیگه ایم داره که کاور خوب دارند,3,false,2017-11-14T17:24:09+00:00,مثبت,0.95,محصول,محصول
کرم پودر های پرفورمنس حجم 30 میلی لیتر,https://www.khanoumi.com/products/artdeco-performance-lifting-foundation-4511,نفهمیدم بالاخره کدوم بهتراست برای پوست خشک وحساس ارتدیکو ریچ غنی شداست یا این رو؟,0,false,2017-10-31T15:16:07.0566667+00:00,خنثی,0.35,محصول,محصول
کرم پودر های پرفورمنس حجم 30 میلی لیتر,https://www.khanoumi.com/products/artdeco-performance-lifting-foundation-4511,سلام دوستان من هم استفاده کردم زیاد پوشانندگی نداره. توصیه میکنم به اونهاییکه میخوان پوشانندگی خوبی داشته باشه کرم پودر مارک مک ضد آب اونو استفاده کنن عاااالیه,3,false,2017-10-02T16:58:58.2666667+00:00,منفی,0.67,محصول,محصول
کرم پودر های پرفورمنس حجم 30 میلی لیتر,https://www.khanoumi.com/products/artdeco-performance-lifting-foundation-4511,"من آرتدکو دارم البته نه پرفورمنس ولی پوشانندگیش بالا نیست باید خیلی غلیظ بزنی تا یکم بپوشونه که اونم صورت حالت مصنوعی پیدا میکنه ... دیگه موندم چی بگیرم که این جای جوشای لعنتی رو بپوشونه :((((
",12,false,2016-03-11T17:08:26.67+00:00,خنثی,0.35,محصول,محصول
رژ لب کلاسیک مخملی,https://www.khanoumi.com/products/artdeco-art-couture-velvet-lipstick-4512,خانومی عزیز این رژلب رو که هنوز شارژ نکردید همون قبلیا هستن پس چرا فقط قیمتو بالا بردید ؟ ,6,false,2017-11-29T15:44:32.7133333+00:00,خنثی,0.35,محصول | قیمت,محصول
رژ لب کلاسیک مخملی,https://www.khanoumi.com/products/artdeco-art-couture-velvet-lipstick-4512,لطفا بقیه رنگهای این رژ رو شارژ کنید و در شانس قرار بدید . مامنتظریم .,10,false,2017-07-11T23:44:06.2333333+00:00,منفی,0.67,محصول,محصول
رژ لب کلاسیک مخملی,https://www.khanoumi.com/products/artdeco-art-couture-velvet-lipstick-4512,شانس,6,false,2017-02-21T20:15:53.29+00:00,خنثی,0.35,سایر,سایر
رژ لب کلاسیک مخملی,https://www.khanoumi.com/products/artdeco-art-couture-velvet-lipstick-4512,لطفا تمام رنگها رو شارژ کنید ممنون,3,false,2017-02-16T10:18:17.9366667+00:00,مثبت,0.67,محصول,محصول
رژ لب کلاسیک مخملی,https://www.khanoumi.com/products/artdeco-art-couture-velvet-lipstick-4512,سلام. واقعا از این رژ لذت بردم. کیفیت عالی، نمای مات خیلی قشنگی داره . بخصوص وقتی با رژهای دیگه ترکیب میشه محشر میشه .ماندگاریش که حرف نداره بدون خشکی لب . ممنونم. امیدوارم بازم توی شانس یاتخفیف ویژه ببینمش تا رنگهای دیگه شو بخرم.,7,true,2017-02-04T11:03:37.8866667+00:00,مثبت,0.95,محصول | قیمت,محصول
رژ لب کلاسیک مخملی,https://www.khanoumi.com/products/artdeco-art-couture-velvet-lipstick-4512,"کاربر عزیز / به محض تامین نمونه با کیفیت محصول ازطرف بخش تامین کالا فروشگاه .رنگ بندی محصول   شارژ و در دسترس شما همراهان عزیز "" خانومی"" قرار خواهد گرفت .",3,false,2016-09-11T10:26:18.0466667+00:00,خنثی,0.35,محصول,محصول
رژ لب کلاسیک مخملی,https://www.khanoumi.com/products/artdeco-art-couture-velvet-lipstick-4512,سلام، شماره 656 رو موجود کنین لطفا,4,false,2016-09-10T21:28:54.1+00:00,خنثی,0.35,محصول,محصول
رژ لب کلاسیک مخملی,https://www.khanoumi.com/products/artdeco-art-couture-velvet-lipstick-4512,لطفا شماره های 631 650 656 رو شارژ کنید,5,false,2016-06-30T02:22:24.3633333+00:00,خنثی,0.35,سایر,سایر
رژ لب کلاسیک مخملی,https://www.khanoumi.com/products/artdeco-art-couture-velvet-lipstick-4512,لطفا شانس,4,false,2016-06-22T14:07:22.4+00:00,خنثی,0.35,سایر,سایر
رژ لب کلاسیک مخملی,https://www.khanoumi.com/products/artdeco-art-couture-velvet-lipstick-4512,"سلام
لطفا شماره 650 velvet رو موجود بفرمایین",4,false,2016-06-12T18:17:14.5133333+00:00,خنثی,0.35,محصول,محصول
لاک لب,https://www.khanoumi.com/products/artdeco-lip-lacquer-4513,"با سلام وتشکر از فروشگاه خانومی عزیز،
شماره 15 این لاک لب رو خریدم ، باید بگم بسیار کم رنگ هست و رنگ اصلی لاک لب  خیلی تفاوت داره با این عکسی که اینجاست.
رنگش خیلی از عکسش کمرنگ تره و روشن تره. بیشتر بصورت برق لب با تن رنگی ملایم هست.",10,true,2018-04-12T16:32:23.5933333+00:00,مثبت,0.67,محصول | اصل بودن کالا,محصول
لاک لب,https://www.khanoumi.com/products/artdeco-lip-lacquer-4513,"خانم "" دری "" عزیز / میتوانید در صفحه محصول آیکون "" به من اطلاع بده "" را فعال کنید تا هم شانس در تخفیف قرار گرفتن محصول مورد علاقه تان را افزایش دهید و هم در زمان در تخفیف قرار گرفتن آن از طریق پیامک و ایمیل اطلاع پیدا کنید .",0,false,2016-09-13T10:29:50.1966667+00:00,منفی,0.79,محصول | قیمت,محصول
لاک لب,https://www.khanoumi.com/products/artdeco-lip-lacquer-4513,Shans lotfan,12,false,2016-09-11T22:51:56.4333333+00:00,خنثی,0.35,سایر,سایر
لاک لب,https://www.khanoumi.com/products/artdeco-lip-lacquer-4513,شانس لطفا...,14,false,2016-06-14T17:13:05.13+00:00,خنثی,0.35,سایر,سایر
کانسیلر ضد پیری,https://www.khanoumi.com/products/artdeco-anti-aging-concealer-4514,لطفا رنگهاي دیگر شارژ شود🌷,1,false,2017-07-31T12:35:50.1033333+00:00,خنثی,0.35,محصول,محصول
کانسیلر ضد پیری,https://www.khanoumi.com/products/artdeco-anti-aging-concealer-4514,شماره ی 2 رو موجود کنید لطفا,1,false,2017-07-15T00:47:15.3266667+00:00,خنثی,0.35,محصول,محصول
کانسیلر ضد پیری,https://www.khanoumi.com/products/artdeco-anti-aging-concealer-4514,لطفا رنگ های دیگشو موجود کنید,2,false,2017-07-15T00:10:30.0433333+00:00,خنثی,0.35,محصول,محصول
کانسیلر ضد پیری,https://www.khanoumi.com/products/artdeco-anti-aging-concealer-4514,کاربر عزیز / کانسیلر محصولی آرایشی است و محدودیت سنی ندارد و خاصیت ضد پیری آن فرمول سنگین ندارد و ویتامینه است . در خصوص انتخاب رنگ هرچه مناسبتر محصول نیز میتوانید به تلگرام خانومی پیام دهید . ,3,false,2016-12-06T13:05:28.11+00:00,خنثی,0.35,محصول,محصول
کانسیلر ضد پیری,https://www.khanoumi.com/products/artdeco-anti-aging-concealer-4514,لطفا برای محصولاتت ذکر کنید مناسب چه سنی هستن ؟ و اینکه کدوم رنگ این کانسیلر برای پوست های روشن مناسبه. ممنون,2,false,2016-12-05T09:12:49.88+00:00,مثبت,0.67,محصول,محصول
کانسیلر ضد پیری,https://www.khanoumi.com/products/artdeco-anti-aging-concealer-4514,رویا عزیز / شماره  ۱۲ نزدیک ترین تناژ به رنگ کانسیلر ایج ریواند میبلین را دارد.,0,false,2016-07-07T23:37:30.9233333+00:00,خنثی,0.35,محصول,محصول
کانسیلر ضد پیری,https://www.khanoumi.com/products/artdeco-anti-aging-concealer-4514,کدوم رنگش به کانسیلر ایج ریواند میبلین نزدیکه؟,0,false,2016-07-07T02:16:45.8166667+00:00,خنثی,0.35,محصول,محصول
کانسیلر ضد پیری,https://www.khanoumi.com/products/artdeco-anti-aging-concealer-4514,"خانم رازقی عزیز / از رضایت شما خرسندیم و از بابت خرید و اعتمادتان از شما سپاس گذاریم . در خصوص رنگ بندی محصولات و انتخاب هرچه مناسب تر رنگ محصول میتوانید قبل از خرید با مشاورین فروش خانومی صحبت و مشاوره تخصصی دریافت کنید و با توجه به شرایط و رنگ و تناژ پوستتتان بهترین محصول و رنگ را انتخاب کنید . تمام تلاش تیم خانومی انتخاب هرچه مناسب تر و در نتیجه رضایت شما خریداران و همراهان همیشگی ""خانومی"" است . ",2,false,2016-04-03T10:37:23.8566667+00:00,مثبت,0.79,محصول,محصول
کانسیلر ضد پیری,https://www.khanoumi.com/products/artdeco-anti-aging-concealer-4514,با سلام این کانسیلر امروز رسید دستم و واقعا خوبه و راضی هستم به خصوص بافت سبکش و برسسش که خیلی یکدست پخش می کنه مواد رو،،فقط این که من شماره 6 رو خریدم چون مشابه تصویر سایت رنگ روشنی به نظر میاد ولی متاسفانه خیلی تیرس به خصوص برای منی که سفیدم، متاسفانه بعد از استفاده متوجه رنگ تیرش شدم و می دونم دیگه امکان تعویضش نیست ، ولی خوب خرید انلاین کنار مزایاش ، این مشکلات رو هم داره دیگه :(,4,true,2016-04-03T01:25:35.2166667+00:00,ترکیبی,0.87,محصول | تحویل و ارسال,محصول
کرم پودر فاقد چربی SPF 20 حجم 30 میلی لیتر,https://www.khanoumi.com/products/artdeco-long-lasting-oil-free-foundation-4515,رنگ‌۰۴ چرا ندارین,3,false,2018-11-18T17:40:51.0566667+00:00,خنثی,0.35,محصول,محصول
کرم پودر فاقد چربی SPF 20 حجم 30 میلی لیتر,https://www.khanoumi.com/products/artdeco-long-lasting-oil-free-foundation-4515,کرم پودر خوبیه. لطفا شماره 35 و شارژ کنید,4,false,2018-03-31T18:56:05.99+00:00,مثبت,0.67,محصول,محصول
کرم پودر فاقد چربی SPF 20 حجم 30 میلی لیتر,https://www.khanoumi.com/products/artdeco-long-lasting-oil-free-foundation-4515,شماره 15 رو چرا ندارين؟,7,false,2017-10-02T12:16:16.1466667+00:00,خنثی,0.35,سایر,سایر
کرم پودر فاقد چربی SPF 20 حجم 30 میلی لیتر,https://www.khanoumi.com/products/artdeco-long-lasting-oil-free-foundation-4515,چرا اينو تو شانس نمي ذارين؟ :(,9,false,2017-09-20T12:54:41.7033333+00:00,خنثی,0.35,سایر,سایر
کرم پودر فاقد چربی SPF 20 حجم 30 میلی لیتر,https://www.khanoumi.com/products/artdeco-long-lasting-oil-free-foundation-4515,"خانم "" کوشا "" عزیز/ میتوانید در صفحه محصول آیکون "" به من اطلاع بده "" را فعال کنید تا هم شانس در تخفیف قرار گرفتن محصول مورد علاقه تان را افزایش دهید و هم در زمان در تخفیف قرار گرفتن آن از طریق پیامک و ایمیل اطلاع پیدا کنید .
",5,false,2016-11-15T09:20:36.5866667+00:00,منفی,0.79,محصول | قیمت,محصول
کرم پودر فاقد چربی SPF 20 حجم 30 میلی لیتر,https://www.khanoumi.com/products/artdeco-long-lasting-oil-free-foundation-4515,شانس لطفا,7,false,2016-11-15T08:30:51.7666667+00:00,خنثی,0.35,سایر,سایر
کرم پودر فاقد چربی SPF 20 حجم 30 میلی لیتر,https://www.khanoumi.com/products/artdeco-long-lasting-oil-free-foundation-4515,"کاربر عزیز / به محض تامین نمونه با کیفیت محصول ازطرف بخش تامین کالا فروشگاه .رنگ بندی محصول   شارژ و در دسترس شما همراهان عزیز "" خانومی"" قرار خواهد گرفت .",4,false,2016-11-12T08:52:45.3633333+00:00,خنثی,0.35,محصول,محصول
کرم پودر فاقد چربی SPF 20 حجم 30 میلی لیتر,https://www.khanoumi.com/products/artdeco-long-lasting-oil-free-foundation-4515,لطفا رنگ کرم روشن این محصول شارژ کنید.,2,false,2016-11-10T23:10:29.9933333+00:00,خنثی,0.35,محصول,محصول
کرم پودر فاقد چربی SPF 20 حجم 30 میلی لیتر,https://www.khanoumi.com/products/artdeco-long-lasting-oil-free-foundation-4515,"خانم "" ارمغانی"" عزیز / با تشکر از حس توجه شما .در صورت امکان  تامین نمونه با کیفیت محصول ازطرف بخش تامین کالا فروشگاه . محصول مورد اشاره شما  شارژ و در دسترس شما همراهان عزیز "" خانومی"" قرار خواهد گرفت .",1,false,2016-10-15T10:23:47.33+00:00,خنثی,0.35,محصول,محصول
کرم پودر فاقد چربی SPF 20 حجم 30 میلی لیتر,https://www.khanoumi.com/products/artdeco-long-lasting-oil-free-foundation-4515,من این کرم رو برای خواهرم گرفتم و کیفیت مطلوبی داشت. اما برای خودم کرم پودر تیوپی اون avene از داروخونه میگیرم که خاصیت درمانی هم داره. چندبار برای خانومی پیغام گذاشتم برای تامین این کالا. لطفا پیگیری بفرمایید. با تشکر,1,false,2016-10-15T00:45:50.0566667+00:00,خنثی,0.35,محصول | خدمات و پشتیبانی,محصول
کرم پودر فاقد چربی SPF 20 حجم 30 میلی لیتر,https://www.khanoumi.com/products/artdeco-long-lasting-oil-free-foundation-4515,شانس لطفا,2,false,2016-07-07T21:54:34.8233333+00:00,خنثی,0.35,سایر,سایر
کرم پودر فاقد چربی SPF 20 حجم 30 میلی لیتر,https://www.khanoumi.com/products/artdeco-long-lasting-oil-free-foundation-4515,خانم پورعلی عزیز/ روشن ترین رنگ محصول شماره ۳۰ است. هر دو محصول مناسب پوست های چرب و مختلط هستند،ضمن آنکه این محصول فاقد چربی نیز هست و پوشش متوسطی دارد و کرم پودر کامفورت دبورا پوشش بالاتر و کامل تری به پوست میدهد.,2,false,2016-07-07T01:24:26.0133333+00:00,خنثی,0.35,محصول,محصول
کرم پودر فاقد چربی SPF 20 حجم 30 میلی لیتر,https://www.khanoumi.com/products/artdeco-long-lasting-oil-free-foundation-4515,لطفا تو آف  عید فطر قرار بدید. ,3,false,2016-07-06T10:04:34.9466667+00:00,منفی,0.67,سایر,سایر
کرم پودر فاقد چربی SPF 20 حجم 30 میلی لیتر,https://www.khanoumi.com/products/artdeco-long-lasting-oil-free-foundation-4515,روشن ترین رنگ این محصول کدومه؟ شماره 30؟ و تناژش چه رنگیه؟ و همچنین میخوام بدونم بین این محصول با کرم پودر کامفورت مات دبورا کدوم برای پوست دارای اکنه و حساس مناسب تره؟ و ماندگاری و پوشش کدوم بالاتره؟ ممنون از شما,0,false,2016-07-06T09:03:58.5166667+00:00,ترکیبی,0.66,محصول,محصول
کرم پودر فاقد چربی SPF 20 حجم 30 میلی لیتر,https://www.khanoumi.com/products/artdeco-long-lasting-oil-free-foundation-4515,شانس خانومي لطفا🙏,11,false,2016-03-16T17:40:58.7333333+00:00,خنثی,0.35,سایر,سایر
کرم پودر فاقد چربی SPF 20 حجم 30 میلی لیتر,https://www.khanoumi.com/products/artdeco-long-lasting-oil-free-foundation-4515,در شانس 10:10 قرار بدید.,14,false,2016-01-31T13:41:21.0333333+00:00,منفی,0.67,سایر,سایر
کرم پودر فاقد چربی SPF 20 حجم 30 میلی لیتر,https://www.khanoumi.com/products/artdeco-long-lasting-oil-free-foundation-4515,لطفا برای شانسهای درخواستی بزارین ,15,false,2015-11-23T10:59:36.8033333+00:00,خنثی,0.35,سایر,سایر
ریمل ابرو -X-4516 حجم 10 میلی لیتر,https://www.khanoumi.com/products/artdeco-eyebrow-filler-4516,فقط همین رنگ رو داره؟,0,false,2018-12-24T18:23:11.02+00:00,خنثی,0.35,محصول,محصول
ریمل ابرو -X-4516 حجم 10 میلی لیتر,https://www.khanoumi.com/products/artdeco-eyebrow-filler-4516,سلام. لطفا در شانس بذارید. ممنون,7,false,2017-08-08T13:54:50.3933333+00:00,مثبت,0.67,سایر,سایر
ریمل ابرو -X-4516 حجم 10 میلی لیتر,https://www.khanoumi.com/products/artdeco-eyebrow-filler-4516,"خانم "" خانی"" عزیز / به محض تامین نمونه با کیفیت محصول ازطرف بخش تامین کالا فروشگاه .محصول شارژ و در دسترس شما همراهان عزیز "" خانومی"" قرار خواهد گرفت.",1,false,2016-08-27T10:01:20.1133333+00:00,خنثی,0.35,محصول,محصول
ریمل ابرو -X-4516 حجم 10 میلی لیتر,https://www.khanoumi.com/products/artdeco-eyebrow-filler-4516,لطفاً شارژش کنید🌸,4,false,2016-08-25T00:53:48.09+00:00,خنثی,0.35,سایر,سایر
ریمل ابرو -X-4516 حجم 10 میلی لیتر,https://www.khanoumi.com/products/artdeco-eyebrow-filler-4516,لطفا رنگ روشن رو موجود کنید,9,false,2016-06-30T01:31:36.0433333+00:00,خنثی,0.35,محصول,محصول
ریمل ابرو -X-4516 حجم 10 میلی لیتر,https://www.khanoumi.com/products/artdeco-eyebrow-filler-4516,لطفا شانس,3,false,2016-06-22T14:03:25.7033333+00:00,خنثی,0.35,سایر,سایر
ریمل ابرو -X-4516 حجم 10 میلی لیتر,https://www.khanoumi.com/products/artdeco-eyebrow-filler-4516,شانس خانومي,7,false,2015-12-02T01:17:12.0933333+00:00,خنثی,0.35,سایر,سایر
ریمل ابرو -X-4516 حجم 10 میلی لیتر,https://www.khanoumi.com/products/artdeco-eyebrow-filler-4516,شانس درخواستی من,9,false,2015-11-23T14:23:29.56+00:00,خنثی,0.35,سایر,سایر
مداد طراحی ابرو,https://www.khanoumi.com/products/artdeco-eyebrow-designer-4517,لطفا تمام رنگبندی رو موجود کنین ,22,false,2016-06-27T16:55:02.03+00:00,خنثی,0.35,محصول,محصول
کرم پودر درمانی غنی شده,https://www.khanoumi.com/products/artdeco-rich-treatment-foundation-4518,سلام. ائلطفا رنگها رو شارژ کنید . و در صورت امکان شانس بذارید حتما🙏👌,12,false,2018-05-16T06:10:34.55+00:00,خنثی,0.35,محصول,محصول
کرم پودر درمانی غنی شده,https://www.khanoumi.com/products/artdeco-rich-treatment-foundation-4518,چرا همه رنگای خوب جنساتون تموم شده من شماره ده رو میخام😩😩😩😩,13,false,2017-10-21T17:24:08.1166667+00:00,مثبت,0.67,محصول,محصول
کرم پودر درمانی غنی شده,https://www.khanoumi.com/products/artdeco-rich-treatment-foundation-4518,"من میخوام بگیرم اما نمیدونم کدوم رنگو باید بگیرم. من پوستم متوسط رو به روشنه و با آرایش یکم همیشه روشن ترش میکنم. کدوم رنک برام مناسبه؟
استخوانیش خیلی روشنه؟  استخوانی؟ بژ متوسط یا عسلی کرم؟؟",10,false,2017-06-19T21:06:19.3366667+00:00,خنثی,0.35,محصول,محصول
کرم پودر درمانی غنی شده,https://www.khanoumi.com/products/artdeco-rich-treatment-foundation-4518,سلام میشه رنگ شماره 10 رو شارژ کنید ممنون,2,false,2017-06-19T13:49:58.6333333+00:00,مثبت,0.67,محصول,محصول
کرم پودر درمانی غنی شده,https://www.khanoumi.com/products/artdeco-rich-treatment-foundation-4518,شماره ۱۵ رو دارم خیلی خوبه پوستم خشک خشک بود هیچ کرم پودری واسم خوب نبود جز ارت دکو😍تموم شه بازم میخرم.واسه کرم پودر و کانسیلر باید هزینه کرد .هرکرم پودری رو استفاده نکنید ک بعدش ی عالمه مشکل پوستی واستون پیش نیاد,2,false,2017-06-01T15:22:08.8+00:00,مثبت,0.91,محصول | قیمت,محصول
کرم پودر درمانی غنی شده,https://www.khanoumi.com/products/artdeco-rich-treatment-foundation-4518,خواهش میکنم رز تیره ۱۵ را مجدد شارژ کنید.,1,true,2017-04-30T18:05:49.2633333+00:00,خنثی,0.35,سایر,سایر
کرم پودر درمانی غنی شده,https://www.khanoumi.com/products/artdeco-rich-treatment-foundation-4518,شانسسسسسس 10.0,3,false,2017-02-22T19:29:52.2233333+00:00,خنثی,0.35,سایر,سایر
کرم پودر درمانی غنی شده,https://www.khanoumi.com/products/artdeco-rich-treatment-foundation-4518,ارتدکو مارک بسیارخوبی هست دوستان فقط یکم گرونه,0,false,2017-02-20T13:56:56.93+00:00,مثبت,0.67,قیمت,قیمت
کرم پودر درمانی غنی شده,https://www.khanoumi.com/products/artdeco-rich-treatment-foundation-4518,سلام دوستان یا مسیولانی که از این محصول استفاده کردند یا اطلاع دارند لطفا راجب  پوشش و دوامش توضیح بدهند ممنونم,6,false,2016-12-08T02:13:21.4233333+00:00,ترکیبی,0.74,محصول,محصول
کرم پودر درمانی غنی شده,https://www.khanoumi.com/products/artdeco-rich-treatment-foundation-4518,شانس خانومي لطفا 🙏,19,false,2016-03-16T17:38:27.8666667+00:00,خنثی,0.35,سایر,سایر
کرم پودر درمانی غنی شده,https://www.khanoumi.com/products/artdeco-rich-treatment-foundation-4518,من این محصول رو خریداری کردم. پوستم خشکه و تا قبل از استفاده از این محصول از هر محصول دیگری استفاده می کردم صورتم پوست پوست می شد.اما این محصول واقعا خوب روی پوست می نشینه.اگر مشکل من رو دارید بهتون پیشنهاد می کنم که حتما ازش استفاده کنید.متاسفانه مبلغش بالاست اما من واقعا از کیفیتش راضی هستم.این رو نوشتم چون شاید افرادی باشند شبیه به من که به نظرات زیر محصولات توجه کنند و بخواند نظر افرادی که از محصول استفاده کردند رو مطلع بشند.,61,true,2016-02-11T22:39:48.9233333+00:00,ترکیبی,0.87,محصول,محصول
کرم پودر درمانی غنی شده,https://www.khanoumi.com/products/artdeco-rich-treatment-foundation-4518,shans bezarin lotfan,26,false,2016-02-11T21:30:29.2033333+00:00,خنثی,0.35,سایر,سایر
کرم پودر درمانی غنی شده,https://www.khanoumi.com/products/artdeco-rich-treatment-foundation-4518,متوجهم اما مینرالش حتی به صورت غیر موجود تو لیست نیست که من تیک اطلاع رو بزنم,3,false,2016-01-06T10:50:17.1166667+00:00,خنثی,0.35,محصول,محصول
کرم پودر درمانی غنی شده,https://www.khanoumi.com/products/artdeco-rich-treatment-foundation-4518,سلام من کرم پودر مینرال آرت دکو رو می خواستم . موجود ندارین؟ می تونم سفارش بدم؟؟,6,false,2016-01-03T19:53:39.6766667+00:00,منفی,0.67,محصول,محصول
کرم پودر درمانی غنی شده,https://www.khanoumi.com/products/artdeco-rich-treatment-foundation-4518,باسلام لطفا قیمت رومناسبترکنید ودرشانس قراردهیدباتشکر,30,false,2015-11-21T14:45:14.7766667+00:00,خنثی,0.35,قیمت,قیمت
مداد چشم ضد آب بادوام,https://www.khanoumi.com/products/artdeco-khol-long-lasting-eye-liner-4519,این مداداز مداد استایلر مینرال آرت دکو بهتره،چون استایلر مینرال  بعد چند ساعت زیر چشم پخش میشه اما این اصلا،تازه رنگ مشکی تری هم نسبت به اون داره..خیلی راضی ام ازش،مرسی خانومی.,7,true,2016-12-23T00:31:22.3966667+00:00,مثبت,0.95,محصول | اصل بودن کالا,محصول
مداد چشم ضد آب بادوام,https://www.khanoumi.com/products/artdeco-khol-long-lasting-eye-liner-4519,شانس خانومی لطفا,3,false,2016-12-10T00:49:53.9633333+00:00,خنثی,0.35,سایر,سایر
مداد چشم سرمه کلاسیک,https://www.khanoumi.com/products/artdeco-khol-liner-4520,درود. لطفا این کالا را در هفته شانس های درخواستی، وارد شانس کنید. ممنون,7,false,2015-11-21T21:18:09.7666667+00:00,مثبت,0.67,سایر,سایر
پنکک ابریشمی مینرال,https://www.khanoumi.com/products/artdeco-hydra-mineral-compact-foundation-4521,شانسسسس,10,false,2017-03-03T21:11:28.94+00:00,خنثی,0.35,سایر,سایر
پنکک ابریشمی مینرال,https://www.khanoumi.com/products/artdeco-hydra-mineral-compact-foundation-4521,"شانس
",10,false,2017-02-21T20:19:15.4966667+00:00,خنثی,0.35,سایر,سایر
پنکک ابریشمی مینرال,https://www.khanoumi.com/products/artdeco-hydra-mineral-compact-foundation-4521,شانس لطفا,18,false,2017-01-17T10:50:23.7366667+00:00,خنثی,0.35,سایر,سایر
پنکک ابریشمی مینرال,https://www.khanoumi.com/products/artdeco-hydra-mineral-compact-foundation-4521,شانس خانومی,15,false,2016-02-28T14:59:31.7+00:00,خنثی,0.35,سایر,سایر
پنکک ابریشمی مینرال,https://www.khanoumi.com/products/artdeco-hydra-mineral-compact-foundation-4521,شانس خانمی,15,false,2016-02-27T15:11:06.7566667+00:00,خنثی,0.35,سایر,سایر
پنکک ابریشمی مینرال,https://www.khanoumi.com/products/artdeco-hydra-mineral-compact-foundation-4521,خانم فرهادی عزیز / محصولاتی  در تخفیف  شانس قرار میگیرند که مشتریان درخواست بیشتری در خصوص در تخفیف  قرار گرفتن آن داشته باشند. و محصولات در تخفیف قرارگرفته با تعداد درخواست مشتریان ارتباط مستقیم دارد.,3,false,2016-02-17T12:58:37.06+00:00,خنثی,0.35,قیمت | محصول,قیمت
پنکک ابریشمی مینرال,https://www.khanoumi.com/products/artdeco-hydra-mineral-compact-foundation-4521,چرا هیچکدوم از پنکیکها رو توی شانس نمیذارین؟در حالیکه همه خانومها مصرف روزانه دارن؟,10,false,2016-02-17T08:30:46.4566667+00:00,خنثی,0.35,سایر,سایر
پنکک ابریشمی مینرال,https://www.khanoumi.com/products/artdeco-hydra-mineral-compact-foundation-4521,لطفا توی شانس قراربدین,10,false,2016-02-13T08:57:38.4533333+00:00,منفی,0.67,سایر,سایر
پنکک ابریشمی مینرال,https://www.khanoumi.com/products/artdeco-hydra-mineral-compact-foundation-4521,لطفا در تخفیف 10:10 بذارین مرسی,14,false,2015-11-21T21:30:01.8333333+00:00,مثبت,0.67,قیمت,قیمت
مداد چشم استایلر مینرال,https://www.khanoumi.com/products/artdeco-mineral-eye-styler-4522,"خانم "" پیروی "" عزیز / از اینکه تجربه مصرف خود از محصول فوق را با ما و دیگر همراهان ""خانومی"" در میان گذاشتید بسیار سپاسگزاریم.",0,false,2016-10-31T11:12:07.72+00:00,مثبت,0.67,محصول,محصول
مداد چشم استایلر مینرال,https://www.khanoumi.com/products/artdeco-mineral-eye-styler-4522,سلام،این مداد رو اگه زیر چشم بکشید بعد دو سه ساعت یکم پخش میشه،مغزیش هم زود میشکنه هم به نسبت قیمتش  خیلی زود تموم میشه..ولی باز نسبت به مدادهایی که تاحالا استفاده کردم یه درجه بالاتره..اگه قیمتش 20 تومن بود ازش راضی تر بودم.,3,true,2016-10-30T20:31:51.16+00:00,مثبت,0.67,محصول | قیمت,محصول
مداد چشم استایلر مینرال,https://www.khanoumi.com/products/artdeco-mineral-eye-styler-4522,"خانم "" یوسف آبادی"" عزیز / از اینکه تجربه مصرف خود از محصول فوق را با ما و دیگر همراهان ""خانومی"" در میان گذاشتید بسیار سپاسگزاریم و بسیار خرسندیم که خرید از ""خانومی"" برای شما رضایتمندی را به همراه داشته است .
",0,false,2016-10-27T09:56:40.4466667+00:00,مثبت,0.67,محصول,محصول
مداد چشم استایلر مینرال,https://www.khanoumi.com/products/artdeco-mineral-eye-styler-4522,سلام. دو سه ساعت تو چشم زده بودم و اصلا پخش نشد. چشمم نسوزوند. فقط یه چیزی ! سرش زود گرد میشه یه تراش پلاستیکی کوچولو تهش داره که باید خیلی مراقب باشه موقع تراش سر مدادو نشکونه . فقط از همینش ناراضی بودم چون میخواشتم باهاش خط چشم ظریف هم بکشم. اما ماندگاری و غیرحساسیت زاییش خیلی خوب بود. ,0,true,2016-10-26T20:41:08.2866667+00:00,ترکیبی,0.87,محصول | اصل بودن کالا,محصول
مداد چشم استایلر مینرال,https://www.khanoumi.com/products/artdeco-mineral-eye-styler-4522,شانس درخواستی من,4,false,2015-11-23T14:11:18.2166667+00:00,خنثی,0.35,سایر,سایر
پنکک ضد آفتاب وزن 11 گرم,https://www.khanoumi.com/products/artdeco-sun-protection-compact-foundation-4523,شانسسسسس,9,false,2017-02-22T19:30:44.3266667+00:00,خنثی,0.35,سایر,سایر
پنکک ضد آفتاب وزن 11 گرم,https://www.khanoumi.com/products/artdeco-sun-protection-compact-foundation-4523,شانس خانومی جونمممم شانسسسس,8,false,2017-02-21T16:22:16.3566667+00:00,خنثی,0.35,سایر,سایر
پنکک ضد آفتاب وزن 11 گرم,https://www.khanoumi.com/products/artdeco-sun-protection-compact-foundation-4523,"خانم "" کوشا "" عزیز/ میتوانید در صفحه محصول آیکون "" به من اطلاع بده "" را فعال کنید تا هم شانس در تخفیف قرار گرفتن محصول مورد علاقه تان را افزایش دهید و هم در زمان در تخفیف قرار گرفتن آن از طریق پیامک و ایمیل اطلاع پیدا کنید .
",16,false,2016-11-15T09:20:47.7866667+00:00,منفی,0.79,محصول | قیمت,محصول
پنکک ضد آفتاب وزن 11 گرم,https://www.khanoumi.com/products/artdeco-sun-protection-compact-foundation-4523,شانس لطفا!,17,false,2016-11-15T08:31:46.6766667+00:00,خنثی,0.35,سایر,سایر
پنکک ضد آفتاب وزن 11 گرم,https://www.khanoumi.com/products/artdeco-sun-protection-compact-foundation-4523,شانس شانس,16,false,2016-06-22T14:08:18.4066667+00:00,خنثی,0.35,سایر,سایر
پنکک ضد آفتاب وزن 11 گرم,https://www.khanoumi.com/products/artdeco-sun-protection-compact-foundation-4523,شانس لطفاً🌸,7,false,2016-06-12T14:35:15.0633333+00:00,خنثی,0.35,سایر,سایر
پنکک ضد آفتاب وزن 11 گرم,https://www.khanoumi.com/products/artdeco-sun-protection-compact-foundation-4523,لطفا توی شانس بذارین,13,false,2016-02-17T08:31:57.4366667+00:00,خنثی,0.35,سایر,سایر
پنکک ضد آفتاب وزن 11 گرم,https://www.khanoumi.com/products/artdeco-sun-protection-compact-foundation-4523,شانس لطفا,14,false,2016-02-14T23:44:10.92+00:00,خنثی,0.35,سایر,سایر
رژ گونه مینرال,https://www.khanoumi.com/products/artdeco-mineral-baked-blusher-4524,شانس لطفا,1,true,2016-07-08T02:15:07.0733333+00:00,خنثی,0.35,سایر,سایر
رژ گونه مینرال,https://www.khanoumi.com/products/artdeco-mineral-baked-blusher-4524,خانم پورعلی عزیز/ ته رنگ نارنجی دارد و زیاد تیره و برنز نیست.,1,false,2016-07-07T01:32:28.4833333+00:00,خنثی,0.35,محصول,محصول
رژ گونه مینرال,https://www.khanoumi.com/products/artdeco-mineral-baked-blusher-4524,ببخشید رنگی که باقی مونده چه رنگیه؟ و میخوام بدونم درصد تیرگیش چقدره. ممنون,1,true,2016-07-06T10:26:08.8566667+00:00,ترکیبی,0.66,محصول,محصول
رژ گونه مینرال,https://www.khanoumi.com/products/artdeco-mineral-baked-blusher-4524,"سلام
لطفا شماره 28 رو موجود بفرمایین",1,false,2016-06-29T16:04:45.04+00:00,خنثی,0.35,محصول,محصول
رژ گونه مینرال,https://www.khanoumi.com/products/artdeco-mineral-baked-blusher-4524,شانس ۱۰:۱۰ لطفاً,2,false,2016-05-13T15:24:43.7633333+00:00,خنثی,0.35,سایر,سایر
رژ گونه مینرال,https://www.khanoumi.com/products/artdeco-mineral-baked-blusher-4524,بله خانم اباذری عزیز این محصول دارای اکلیل بوده و شاین طبیعی روی پوست ایجاد میکند,0,false,2016-01-28T13:50:09.8966667+00:00,خنثی,0.35,محصول,محصول
رژ گونه مینرال,https://www.khanoumi.com/products/artdeco-mineral-baked-blusher-4524,اکلیل داره این رژ گونه؟ براقه؟,0,false,2016-01-28T11:45:14.78+00:00,خنثی,0.35,سایر,سایر
رژ گونه مینرال,https://www.khanoumi.com/products/artdeco-mineral-baked-blusher-4524,"فاطمه جان 
رنگ  هلویی این محصول شماره ی 24 هست.",0,false,2015-12-12T18:13:42.7866667+00:00,خنثی,0.35,محصول,محصول
رژ گونه مینرال,https://www.khanoumi.com/products/artdeco-mineral-baked-blusher-4524,رنگ هلویی کدوم شماره میشه؟,1,false,2015-12-11T23:55:10.8+00:00,خنثی,0.35,محصول,محصول
ماژیک ابرو نوک تیز,https://www.khanoumi.com/products/artdeco-eyebrow-color-pen-4525,سلام. لطفا در شانس قرار بدید.,7,false,2017-08-08T13:57:14.8466667+00:00,منفی,0.67,سایر,سایر
ماژیک ابرو نوک تیز,https://www.khanoumi.com/products/artdeco-eyebrow-color-pen-4525,شانس خانومی لطفا,11,false,2016-04-25T23:00:28.6433333+00:00,خنثی,0.35,سایر,سایر
ماژیک ابرو نوک تیز,https://www.khanoumi.com/products/artdeco-eyebrow-color-pen-4525,Salam lotfan dar shanse 10:10 gharar bedahid,15,false,2015-11-23T20:59:37.1433333+00:00,خنثی,0.35,سایر,سایر
خط چشم مایع پرفکت کالر,https://www.khanoumi.com/products/artdeco-perfect-color-eyeliner-4526,چرا اينو تو شانس نمي ذارين؟ :(,2,false,2017-09-20T13:00:55.4333333+00:00,خنثی,0.35,سایر,سایر
خط چشم مایع پرفکت کالر,https://www.khanoumi.com/products/artdeco-perfect-color-eyeliner-4526,"من ایم محصول رو خریدم از خانومی اما نتونستم متوجه بشم اصل هست یا نه ؟! 
آیا قبلا استفاده شده یا نه؟! 
چون اولا جعبه یا بسته بندی خاصی نداشت....!!!!در حالی ک فکر میکنم تمامه برندهای اصل و قابل اعتمادی مثله آرت دکو حتی مداد چسم و لب هم جداگانه جعبه داره....و این ،حصولات ارزان قیمت و تقلبی هستند که جعبه ندارند....
ثانیا ، ایم محصول به ظاهر پلمپ بود ..از اون جایی که مواد آرایشی با سلامت مردم سروکار دارن نباید امکان تعویض یا پس گرفتن کالا وجود داشته باشه ...",2,false,2016-01-14T17:36:07.3266667+00:00,ترکیبی,0.79,محصول | تحویل و ارسال | اصل بودن کالا | قیمت,محصول
خط چشم همه کاره,https://www.khanoumi.com/products/artdeco-all-in-one-liquid-liner-4527,لطفا براي اين كالا تخفيف بذاريد,4,false,2016-05-12T22:42:33.5966667+00:00,خنثی,0.35,قیمت,قیمت
رژ لب حجم دهنده هیدرو استار,https://www.khanoumi.com/products/beyu-hydro-star-lipstick-4528,سلام ،لطفا بیو هیدرواستار ۳۴۲ رو موجود کنید ,11,false,2019-04-05T00:48:55.3166667+00:00,خنثی,0.35,محصول,محصول
رژ لب حجم دهنده هیدرو استار,https://www.khanoumi.com/products/beyu-hydro-star-lipstick-4528,"سلام
باز هم یه مورد دیگه که قیمت تو داروخانه ارزونتر بود ولی اینجا گرونتر زدین ؟؟؟؟ نکینین اینکارو مشتریتونو از دست میدید",23,true,2017-12-23T10:15:07+00:00,خنثی,0.35,قیمت | محصول,قیمت
رژ لب حجم دهنده هیدرو استار,https://www.khanoumi.com/products/beyu-hydro-star-lipstick-4528,لطفا رنگبندی رو شارژ کنین تو بازار و سایتهای دیگه هست شما چرا ندارین؟,7,false,2017-06-05T11:58:15.6066667+00:00,خنثی,0.35,محصول,محصول
رژ لب حجم دهنده هیدرو استار,https://www.khanoumi.com/products/beyu-hydro-star-lipstick-4528,لطفارنگ هاشوشارژکنید،ودرتخفیف تون قرارش بدید،واینکه چراقیمت هااینجابیشترازبیرونه؟!😲,12,false,2017-01-28T02:36:19.2966667+00:00,منفی,0.67,قیمت | محصول,قیمت
رژ لب حجم دهنده هیدرو استار,https://www.khanoumi.com/products/beyu-hydro-star-lipstick-4528,لطفا درشانس 10.10,8,false,2017-01-16T13:00:39.92+00:00,خنثی,0.35,سایر,سایر
رژ لب حجم دهنده هیدرو استار,https://www.khanoumi.com/products/beyu-hydro-star-lipstick-4528,"خانم ""ناجی "" عزیز / به محض تامین نمونه با کیفیت محصول ازطرف بخش تامین کالا فروشگاه .رنگ بندی محصول   شارژ و در دسترس شما همراهان عزیز "" خانومی"" قرار خواهد گرفت .",4,false,2016-08-02T10:23:53.7833333+00:00,خنثی,0.35,محصول,محصول
رژ لب حجم دهنده هیدرو استار,https://www.khanoumi.com/products/beyu-hydro-star-lipstick-4528,سلام ببخشید من این محصول رو دارم و راضیم . دوباره لازمشون دارم . زیر رژ شماره های 19 و 36 خورده. این محصولات رو شارژ نمیکنید؟ ممنون,11,false,2016-08-01T23:11:42.1666667+00:00,مثبت,0.67,محصول,محصول
رژ لب حجم دهنده هیدرو استار,https://www.khanoumi.com/products/beyu-hydro-star-lipstick-4528,لطفا این محصول رو در هفته ی شانس درخواستی  قرار بدین، ممنون,9,false,2016-05-14T14:27:13.3833333+00:00,ترکیبی,0.66,محصول,محصول
رژ لب حجم دهنده هیدرو استار,https://www.khanoumi.com/products/beyu-hydro-star-lipstick-4528,لطفا تو شانس 10.10 قرار بدید,30,false,2015-11-28T17:36:43.4066667+00:00,منفی,0.67,سایر,سایر
کانسیلر مینرال حاوی عناصر معدنی,https://www.khanoumi.com/products/artdeco-mineral-concealer-4529,بسیار خوب,1,true,2018-03-15T13:48:25.56+00:00,مثبت,0.67,سایر,سایر
کانسیلر مینرال حاوی عناصر معدنی,https://www.khanoumi.com/products/artdeco-mineral-concealer-4529,رویا عزیز / شماره  ۰۴ نزدیک ترین تناژ به رنگ کانسیلر ایج ریواند میبلین را دارد.,0,false,2016-07-07T23:41:19.4533333+00:00,خنثی,0.35,محصول,محصول
کانسیلر مینرال حاوی عناصر معدنی,https://www.khanoumi.com/products/artdeco-mineral-concealer-4529,کدوم رنگش به کانسیلر ایج ریواند میبلین نزدیکه؟,0,false,2016-07-07T02:19:30.6333333+00:00,خنثی,0.35,محصول,محصول
کانسیلر مینرال حاوی عناصر معدنی,https://www.khanoumi.com/products/artdeco-mineral-concealer-4529,شانس لطفا,2,false,2016-07-06T10:19:47.7633333+00:00,خنثی,0.35,سایر,سایر
بیس سایه مینرال,https://www.khanoumi.com/products/artdeco-mineral-eyeshadow-base-4530,"سلام و خسته نباشید
 لطف کنید فیکس لب آرت دکو ( یا برند های دیگه) رو هم تو محصولاتتون قرار بدین.
با تشکر",0,false,2018-03-05T19:41:12.8266667+00:00,منفی,0.79,محصول | اصل بودن کالا,اصل بودن کالا
بیس سایه مینرال,https://www.khanoumi.com/products/artdeco-mineral-eyeshadow-base-4530,اما بيس سايه مينرال آرت دكو تيوپش  نقره اي نيست؟,1,false,2017-07-10T01:20:20.4766667+00:00,خنثی,0.35,سایر,سایر
بیس سایه مینرال,https://www.khanoumi.com/products/artdeco-mineral-eyeshadow-base-4530,ایا این بیس رنگ دار است یا خیر؟؟؟,0,false,2017-02-02T18:46:12.7333333+00:00,خنثی,0.35,محصول,محصول
بیس سایه مینرال,https://www.khanoumi.com/products/artdeco-mineral-eyeshadow-base-4530,"کاربر عزیز / میتوانید در صفحه محصول آیکون "" به من اطلاع بده "" را فعال کنید تا هم شانس در تخفیف قرار گرفتن محصول مورد علاقه تان را افزایش دهید و هم در زمان در تخفیف قرار گرفتن آن از طریق پیامک و ایمیل اطلاع پیدا کنید .",0,false,2016-09-13T10:50:46.7166667+00:00,منفی,0.79,محصول | قیمت,محصول
بیس سایه مینرال,https://www.khanoumi.com/products/artdeco-mineral-eyeshadow-base-4530,"شانس خانومی
",5,false,2016-09-12T12:00:07.9533333+00:00,خنثی,0.35,سایر,سایر
پودر تثبیت کننده مینرال,https://www.khanoumi.com/products/artdeco-mineral-loose-powder-4531,"لطفا موجود کنننییید.
من تو سایتش دیدم رنگاش بیشتر بود چرا؟",1,false,2017-09-07T14:50:14.1566667+00:00,خنثی,0.35,محصول,محصول
پودر تثبیت کننده مینرال,https://www.khanoumi.com/products/artdeco-mineral-loose-powder-4531,لطفازودتراین پودرفیکسوشارژکنیدخیلی وقته منتظرم.,1,false,2017-07-28T18:23:54.0633333+00:00,منفی,0.67,اصل بودن کالا,اصل بودن کالا
پودر تثبیت کننده مینرال,https://www.khanoumi.com/products/artdeco-mineral-loose-powder-4531,این پودر رنک سفید نداره؟؟؟بهش میکن ترنسلوسنت,5,false,2017-02-02T18:28:49.59+00:00,خنثی,0.35,سایر,سایر
پودر تثبیت کننده مینرال,https://www.khanoumi.com/products/artdeco-mineral-loose-powder-4531,حجم (وزن) این محصول چقدره؟ ,0,false,2017-01-19T10:51:18.2366667+00:00,خنثی,0.35,محصول,محصول
پودر تثبیت کننده مینرال,https://www.khanoumi.com/products/artdeco-mineral-loose-powder-4531,حجم (وزن) این محصول چقدره؟ ,0,false,2017-01-19T10:51:09.64+00:00,خنثی,0.35,محصول,محصول
پودر تثبیت کننده مینرال,https://www.khanoumi.com/products/artdeco-mineral-loose-powder-4531,آف بذارید روی محصولات آرت دکو,16,false,2016-06-02T09:35:44.6266667+00:00,خنثی,0.35,محصول,محصول
پودر تثبیت کننده مینرال,https://www.khanoumi.com/products/artdeco-mineral-loose-powder-4531,شانس خانومی,9,false,2016-04-04T14:57:32.2066667+00:00,خنثی,0.35,سایر,سایر
پودر تثبیت کننده مینرال,https://www.khanoumi.com/products/artdeco-mineral-loose-powder-4531,شانس 10:10 لطفا,9,true,2016-03-15T23:35:04.4266667+00:00,خنثی,0.35,سایر,سایر
پودر تثبیت کننده مینرال,https://www.khanoumi.com/products/artdeco-mineral-loose-powder-4531,چرا محصولات آرت دکو اف نمی خوره,8,false,2016-03-15T11:53:50.1266667+00:00,خنثی,0.35,محصول,محصول
پودر تثبیت کننده مینرال,https://www.khanoumi.com/products/artdeco-mineral-loose-powder-4531,لطفا در شانس خانومی گذاشته شود,7,false,2016-02-14T23:20:55.96+00:00,خنثی,0.35,سایر,سایر
پودر تثبیت کننده مینرال,https://www.khanoumi.com/products/artdeco-mineral-loose-powder-4531,لطفا در شانس 10.10 قرار دهید,7,false,2016-02-14T21:21:29.32+00:00,خنثی,0.35,سایر,سایر
پودر تثبیت کننده مینرال,https://www.khanoumi.com/products/artdeco-mineral-loose-powder-4531,شانس درخواستی من,19,false,2015-11-23T14:05:32.72+00:00,خنثی,0.35,سایر,سایر
پودر تثبیت کننده مینرال,https://www.khanoumi.com/products/artdeco-mineral-loose-powder-4531,لطفا تو شانس 10:10 بذاريد با تشكر,25,false,2015-11-23T11:22:04.8666667+00:00,خنثی,0.35,سایر,سایر
کرم شب ضد چروک ومرطوب کننده اپتیمالز,https://www.khanoumi.com/products/oriflame-optimals-smooth-out-night-cream-4532,"خانم "" زرین پناه "" عزیز / میتوانید در صفحه محصول آیکون "" به من اطلاع بده "" را فعال کنید تا هم شانس در تخفیف قرار گرفتن محصول مورد علاقه تان را افزایش دهید و هم در زمان در تخفیف قرار گرفتن آن از طریق پیامک و ایمیل اطلاع پیدا کنید .",10,false,2016-08-21T10:16:24.3+00:00,منفی,0.79,محصول | قیمت,محصول
کرم شب ضد چروک ومرطوب کننده اپتیمالز,https://www.khanoumi.com/products/oriflame-optimals-smooth-out-night-cream-4532,لطفا این محصول و تو تخفیف بذارید,6,false,2016-08-21T09:16:24.2333333+00:00,خنثی,0.35,محصول | قیمت,محصول
کرم شب ضد چروک ومرطوب کننده اپتیمالز,https://www.khanoumi.com/products/oriflame-optimals-smooth-out-night-cream-4532,"با سلام
لطفا  کرم روز این محصول را هم بذارید.",5,false,2015-11-25T11:16:54.0933333+00:00,خنثی,0.35,محصول,محصول
کرم شب ضد چروک ومرطوب کننده اپتیمالز,https://www.khanoumi.com/products/oriflame-optimals-smooth-out-night-cream-4532,لطفا تو شانس بزارید,13,false,2015-11-18T23:47:01.9833333+00:00,خنثی,0.35,سایر,سایر
رژ لب مایع هیدرو کر گلاس,https://www.khanoumi.com/products/beyu-hydro-care-gloss-4533,ارزش خرید نداره. کیفیت خوبی نداره,0,true,2019-06-20T10:14:26.2233333+00:00,منفی,0.91,محصول | قیمت,محصول
رژ لب مایع هیدرو کر گلاس,https://www.khanoumi.com/products/beyu-hydro-care-gloss-4533,این به عنوان هدیه خریدهام بود. توقع نداشتم انقدر ملوس باشه.شماره 95 برام اومده و خیلی خوشرنگ و نازه,4,true,2019-06-19T20:50:09.02+00:00,خنثی,0.35,محصول,محصول
رژ لب مایع هیدرو کر گلاس,https://www.khanoumi.com/products/beyu-hydro-care-gloss-4533,یکدست پخش نمیشه ولی درکل راضی بودم,1,true,2019-06-19T14:05:18.4833333+00:00,مثبت,0.67,محصول,محصول
رژ لب مایع هیدرو کر گلاس,https://www.khanoumi.com/products/beyu-hydro-care-gloss-4533,مال منم برچسب شبنم نداشت یعنی انگار داشته ولی کنده بودن رنگ خیلی متفاوتی داره با رنگی که تو سایته چسبناکه و واقع بدرد نخوره اصلا ارزش خرید نداره,0,true,2019-06-18T20:17:55.5533333+00:00,منفی,0.67,محصول | اصل بودن کالا | قیمت,اصل بودن کالا
رژ لب مایع هیدرو کر گلاس,https://www.khanoumi.com/products/beyu-hydro-care-gloss-4533,یه شاین خیلی قشنگی داره و حالت هولو گرافیک هست، مال من رنگ شماره نود و پنجه و کمرنگتر از تصویره اما در کل خیلی قشنگه و اصلا چسبناک هم نیست,1,true,2019-06-16T12:52:56.3566667+00:00,ترکیبی,0.71,محصول | اصل بودن کالا,محصول
رژ لب مایع هیدرو کر گلاس,https://www.khanoumi.com/products/beyu-hydro-care-gloss-4533,برچسب  شبنم  نداره و اینکه خیلی رقیقه و بصورت یکنواخت روی لب نمیشینه و رنگش هم با اونی که توی سایت زده متفاوته ,5,true,2019-06-12T12:39:56.5966667+00:00,خنثی,0.35,محصول,محصول
مداد ابروی ضد آب,https://www.khanoumi.com/products/beyu-waterproof-eyebrow-liner-4534,بدترین و بی کیفیت ترییین مداد ابروی زندگیم بود,4,false,2019-08-14T04:33:18.83+00:00,منفی,0.91,محصول,محصول
مداد ابروی ضد آب,https://www.khanoumi.com/products/beyu-waterproof-eyebrow-liner-4534,"خانم "" موسوی"" عزیز / به محض تامین نمونه با کیفیت محصول ازطرف بخش تامین کالا فروشگاه .رنگ بندی محصول   شارژ و در دسترس شما همراهان عزیز "" خانومی"" قرار خواهد گرفت .",2,false,2016-10-30T11:08:13.89+00:00,خنثی,0.35,محصول,محصول
مداد ابروی ضد آب,https://www.khanoumi.com/products/beyu-waterproof-eyebrow-liner-4534,سلام لطفا شماره 7رو شارژ کنید ,1,false,2016-10-30T07:37:54.5366667+00:00,خنثی,0.35,سایر,سایر
مداد ابروی ضد آب,https://www.khanoumi.com/products/beyu-waterproof-eyebrow-liner-4534,"خانم "" عاکفی"" عزیز / به محض تامین نمونه با کیفیت محصول ازطرف بخش تامین کالا فروشگاه .رنگ بندی محصول   شارژ و در دسترس شما همراهان عزیز "" خانومی"" قرار خواهد گرفت .میتوانید در صفحه محصول آیکون "" به من اطلاع بده "" را فعال کنید تا هم شانس در تخفیف قرار گرفتن محصول مورد علاقه تان را افزایش دهید و هم در زمان در تخفیف قرار گرفتن آن از طریق پیامک و ایمیل اطلاع پیدا کنید .",0,false,2016-10-09T11:55:02.7+00:00,منفی,0.79,محصول | قیمت,محصول
مداد ابروی ضد آب,https://www.khanoumi.com/products/beyu-waterproof-eyebrow-liner-4534,سلام.لطفا رنگ شماره ی 5 را شارژر کنید و در صورت امکان در شانس قرار دهید.ممنون,0,false,2016-10-09T02:00:49.12+00:00,مثبت,0.67,محصول,محصول
مداد دوکاره لب کالر بیگی,https://www.khanoumi.com/products/beyu-color-biggie-lipstick-4537,رژلبهای بیو بسیار عالی و با کیفیت هستن من قبلن چنتا ازش خریدم و عالی بود دوست دارم بازم ازش بخرم ولی ظاهرا هیجا نیست,0,false,2026-06-02T08:00:04.9081628+03:30,مثبت,0.91,محصول,محصول
مداد دوکاره لب کالر بیگی,https://www.khanoumi.com/products/beyu-color-biggie-lipstick-4537,نرم و خوش رنگه و راضيم ازش,0,false,2019-10-13T14:22:11+00:00,مثبت,0.79,محصول,محصول
مداد دوکاره لب کالر بیگی,https://www.khanoumi.com/products/beyu-color-biggie-lipstick-4537,بافت نرمي داره و من راضي بودم ,0,false,2019-10-12T15:56:05+00:00,مثبت,0.67,محصول,محصول
مداد دوکاره لب کالر بیگی,https://www.khanoumi.com/products/beyu-color-biggie-lipstick-4537,من شماره ۴۳۱ این مدل رو از بیرون گرفتم.خیلی خوشرنگه.صورتی روشن و شاد با کمی ته رنگ گلبهی ولی از کیفیتش اصلا راضی نیستم.من عاشق رژهای مات هستم و این کاملا ماته ولی دیگه زیادی خشکه و نمیشه یکدست و بدون تیکه تیکه شدن رو لب زدش.بعنوان خط لب یا زیرساز لب بهتره.بعنوان رژلب،رژلب مدادی گلدن رز رو ترجیح میدم,9,false,2019-08-20T21:02:08.49+00:00,منفی,0.91,محصول | اصل بودن کالا,اصل بودن کالا
مداد دوکاره لب کالر بیگی,https://www.khanoumi.com/products/beyu-color-biggie-lipstick-4537,"ماندگاریش خیلی خوبه،ماتم هست 
خوشم اومد درکل ازش😁",6,true,2019-07-31T20:16:53.9233333+00:00,مثبت,0.91,محصول,محصول
مداد دوکاره لب کالر بیگی,https://www.khanoumi.com/products/beyu-color-biggie-lipstick-4537,"من رنگ گلبهی رو گرفتم اصلا دوسش نداشتم خیلی کمرنگ تر از اینیه که تو عکسه.
خاتومی لطفا رنگارو با کیفیت تر بذاید
کیفیت خود رژ بد نبود موندگاری کمی داره مات میشه رو لب",8,false,2019-07-31T12:33:31.5966667+00:00,خنثی,0.4,محصول | اصل بودن کالا,محصول
مداد دوکاره لب کالر بیگی,https://www.khanoumi.com/products/beyu-color-biggie-lipstick-4537,بسیااار بی کیفیت ، در حد رژلب های مترو هست. حتی ارزش خریدن توی آف هم نداره ، من انداختمش دور. ,2,true,2019-07-29T18:09:53.9966667+00:00,ترکیبی,0.66,محصول | قیمت,محصول
مداد دوکاره لب کالر بیگی,https://www.khanoumi.com/products/beyu-color-biggie-lipstick-4537,ماندگاریش خیلی خوبه.مات هم هست.در کد رژ خیلی خوبیه.,1,false,2019-07-28T01:40:00.51+00:00,مثبت,0.95,محصول,محصول
مداد دوکاره لب کالر بیگی,https://www.khanoumi.com/products/beyu-color-biggie-lipstick-4537,این مداد واقعا عالیه من خیلی وقته استفاده میکنم.مات هست و ماندگاریش خیلی خوبه . من به کل لب هم میزنم و  روش لیپ گلس که میزنم خیلی خوشگل ترش میکنه,7,false,2019-03-07T19:42:59.4333333+00:00,مثبت,0.95,محصول,محصول
مداد دوکاره لب کالر بیگی,https://www.khanoumi.com/products/beyu-color-biggie-lipstick-4537,"من این رژ رو تو تخفیف گرفتم.رنگ 289 رو.یکم تم قهوه ای داره.کاملاااا ماته

یکم خشکه به خاطر مات بودنش.اما ماندگاریش خیییلی خوبه.در کل راضی ام ازش",14,true,2017-12-03T20:43:04.9533333+00:00,مثبت,0.95,محصول | قیمت,محصول
مداد دوکاره لب کالر بیگی,https://www.khanoumi.com/products/beyu-color-biggie-lipstick-4537,تو عکس انگار رنگها و بدنه ش متالیک هستن اما کاملا مات هست.,11,false,2017-11-12T22:46:08.46+00:00,منفی,0.67,محصول,محصول
مداد دوکاره لب کالر بیگی,https://www.khanoumi.com/products/beyu-color-biggie-lipstick-4537,لطف رنگ هاي ديگه رو موجود كن خانومي,21,false,2017-08-27T15:12:44.6+00:00,خنثی,0.35,محصول,محصول
مداد دوکاره لب کالر بیگی,https://www.khanoumi.com/products/beyu-color-biggie-lipstick-4537,رنگ های اینو شارژ کنید لطفا,23,false,2017-02-01T23:39:29.2866667+00:00,خنثی,0.35,محصول,محصول
مداد دوکاره لب کالر بیگی,https://www.khanoumi.com/products/beyu-color-biggie-lipstick-4537,حداقل بزاریدش تو سورپرایز اخر هفته یکی دوتا بخرم ,24,false,2017-01-15T20:49:56.1566667+00:00,خنثی,0.35,سایر,سایر
مداد دوکاره لب کالر بیگی,https://www.khanoumi.com/products/beyu-color-biggie-lipstick-4537,درصد تخفیف این رز رو هم زیاد کنید ,27,false,2017-01-14T22:57:21.15+00:00,خنثی,0.35,قیمت,قیمت
مداد دوکاره لب کالر بیگی,https://www.khanoumi.com/products/beyu-color-biggie-lipstick-4537,"خییییییلی خشکه و لب رو پوسته پوسته میکنه
پاک شدنشم مصیبته فقط با پاک کننده های ارایشی پاک میشه
خوشم نیومد",9,true,2016-10-20T14:42:53.42+00:00,خنثی,0.35,محصول,محصول
مداد دوکاره لب کالر بیگی,https://www.khanoumi.com/products/beyu-color-biggie-lipstick-4537,"خانم "" ویرانی "" عزیز / به محض تامین نمونه با کیفیت رنگ های به اتمام رسیده ازطرف بخش تامین کالا فروشگاه .محصول شارژ و در دسترس شما همراهان عزیز "" خانومی"" قرار خواهد گرفت .",4,false,2016-07-23T13:08:44.0966667+00:00,خنثی,0.35,محصول | تحویل و ارسال,محصول
مداد دوکاره لب کالر بیگی,https://www.khanoumi.com/products/beyu-color-biggie-lipstick-4537,"سلام
باز هم رنگهای مختلف رو شارژ کنیدتابه رنگ مورد علاقه ام برسم.",13,false,2016-07-23T04:29:31.5933333+00:00,خنثی,0.35,محصول,محصول
مداد دوکاره لب کالر بیگی,https://www.khanoumi.com/products/beyu-color-biggie-lipstick-4537,مخصوصا رنگ شماره 405 حتما موجود شه,13,false,2016-05-24T02:05:23.0666667+00:00,خنثی,0.35,محصول,محصول
مداد دوکاره لب کالر بیگی,https://www.khanoumi.com/products/beyu-color-biggie-lipstick-4537,سلام  خواهشا رنگاشو شارژ کنید ممنون,13,false,2016-05-21T16:59:41.6633333+00:00,مثبت,0.67,محصول,محصول
مداد دوکاره لب کالر بیگی,https://www.khanoumi.com/products/beyu-color-biggie-lipstick-4537,لطفا تو شانس قرارش بدین.,8,false,2016-04-14T22:37:50.48+00:00,منفی,0.67,سایر,سایر
مداد دوکاره لب کالر بیگی,https://www.khanoumi.com/products/beyu-color-biggie-lipstick-4537,شانس خانومی لطفا,7,false,2016-04-11T17:48:12.7766667+00:00,خنثی,0.35,سایر,سایر
مداد دوکاره لب کالر بیگی,https://www.khanoumi.com/products/beyu-color-biggie-lipstick-4537,چرا این محصول و هیچ وقت در تخفیفات و شانش نذاشتید ،لطف کنید بذارید,9,false,2016-04-07T13:19:08.4766667+00:00,خنثی,0.35,محصول | قیمت,محصول
مداد دوکاره لب کالر بیگی,https://www.khanoumi.com/products/beyu-color-biggie-lipstick-4537,شانس لطفا,9,false,2016-03-22T10:41:39.3633333+00:00,خنثی,0.35,سایر,سایر
مداد دوکاره لب کالر بیگی,https://www.khanoumi.com/products/beyu-color-biggie-lipstick-4537,فهیمه جان برند بیو دارای نمایندگی رسمی در ایران میباشد و تمامی محصولات این برند دارای برچسب اصالت بوده و از نظر کیفیت و اورجینال بودن کاملا قابل تایید هستند.درج نوشته فارسی بر روی این محصول هم دقیقا بر همین امر اشاره دارد.علاوه براین فروشگاه خانومی اورجینال بودن محصول دریافتی شما را تایید خواهد.,3,false,2016-02-02T12:54:18.4033333+00:00,مثبت,0.79,محصول | اصل بودن کالا,محصول
مداد دوکاره لب کالر بیگی,https://www.khanoumi.com/products/beyu-color-biggie-lipstick-4537,"این رژ لب برای من ارسال شد. دقیقا مشابه حک شدن برندش روی مداد هم حک شده رنگ لب!!!!!!!!!!!!!!!!! مگه اورجینال نیست؟!! پس چرا فارسی حک شده؟!!
",4,true,2016-02-01T14:35:24.06+00:00,منفی,0.67,تحویل و ارسال | محصول | اصل بودن کالا,اصل بودن کالا
خط لب با بافت نرم,https://www.khanoumi.com/products/beyu-soft-lip-liner-4538,سلام اطفا شماله ی 408 این محصول رو موجود کنید,2,false,2017-02-23T12:08:48.7633333+00:00,خنثی,0.35,محصول,محصول
خط لب با بافت نرم,https://www.khanoumi.com/products/beyu-soft-lip-liner-4538,شانس10:10,5,false,2016-04-23T19:34:14.27+00:00,خنثی,0.35,سایر,سایر
سایه چشم دوتایی مدل کالر پشن,https://www.khanoumi.com/products/beyu-color-passion-eyeshadow-4539,"کاربر عزیز / میتوانید در صفحه محصول آیکون "" به من اطلاع بده "" را فعال کنید تا هم شانس در تخفیف قرار گرفتن محصول مورد علاقه تان را افزایش دهید و هم در زمان در تخفیف قرار گرفتن آن از طریق پیامک و ایمیل اطلاع پیدا کنید .",0,false,2016-07-31T10:04:31.4866667+00:00,منفی,0.79,محصول | قیمت,محصول
سایه چشم دوتایی مدل کالر پشن,https://www.khanoumi.com/products/beyu-color-passion-eyeshadow-4539,شانس لطفا,0,false,2016-07-29T18:25:15.7166667+00:00,خنثی,0.35,سایر,سایر
سایه چشم دوتایی مدل کالر پشن,https://www.khanoumi.com/products/beyu-color-passion-eyeshadow-4539,"خانم ""کلبادی"" عزیز / به محض تامین نمونه با کیفیت محصول ازطرف بخش تامین کالا فروشگاه محصول شارژ و در دسترس شما همراهان عزیز "" خانومی"" قرار خواهد گرفت .",1,false,2016-07-20T10:03:06.8133333+00:00,خنثی,0.35,محصول,محصول
سایه چشم دوتایی مدل کالر پشن,https://www.khanoumi.com/products/beyu-color-passion-eyeshadow-4539,لطفا کد 274 رو موجود کنید!!!!!!!!!!!!,0,false,2016-07-20T01:04:12.8066667+00:00,خنثی,0.35,محصول,محصول
مداد ابرو با بافت نرم,https://www.khanoumi.com/products/beyu-eyebrow-liner-4541,خانم ثابت عزیز / روشن ترین رنگ مداد ابرو بیو شماره 06 می باشد .,3,false,2016-04-10T15:46:54.6066667+00:00,خنثی,0.35,محصول,محصول
مداد ابرو با بافت نرم,https://www.khanoumi.com/products/beyu-eyebrow-liner-4541,روشنترین رنگ این مداد ابرو شماره ی ۰۶ هس یا ۰۹ ؟,2,false,2016-04-10T14:02:19.76+00:00,خنثی,0.35,محصول,محصول
رژ گونه مدل کالر پشن,https://www.khanoumi.com/products/beyu-color-passion-blusher-4542,لطفا این محصول عالی رو در هفته ی شانس درخواستی درنظر بگیرین ممنون,4,false,2016-05-14T14:29:07.0266667+00:00,مثبت,0.79,محصول,محصول
رژ گونه مدل کالر پشن,https://www.khanoumi.com/products/beyu-color-passion-blusher-4542,خانم ثابت عزیز / شماره 141 از رژ گونه کالر پشن بیو نزدیک ترین تناژ را به رنگ هلویی دارد . ,3,false,2016-04-09T17:37:06.74+00:00,خنثی,0.35,محصول,محصول
رژ گونه مدل کالر پشن,https://www.khanoumi.com/products/beyu-color-passion-blusher-4542,کدوم شماره ی این رژگونه هلویی هس؟تشکر,3,false,2016-04-09T15:51:00.2433333+00:00,خنثی,0.35,سایر,سایر
رژ گونه مدل کالر پشن,https://www.khanoumi.com/products/beyu-color-passion-blusher-4542,shans bezarin khaheshan,2,false,2016-02-11T20:47:45.3866667+00:00,خنثی,0.35,سایر,سایر
مداد چشم ضد آب کد 910,https://www.khanoumi.com/products/beyu-waterproof-soft-liner-4544,"مداد چشمای بادوامو ضد آب مثل اینو تو شانس بذارید لطفا..یه چیز خیلی مهم اینه ک مردم نمیتونن هردفه 2 تا چیز بگیرن اگه میگیرن باید چنتا بگیرن ک یهو بیاد.پس هر وقت شانس میذارین ب صورت یه پکیج از همه لوازم..چشم لب پوشاننده اونایی ک مردم خواستن.ب صورت اتفاقی بذارین ک حداقل شانسیو تصادفیم هست بتونه تو ی بار خرید نیازای مختلفو پوشش بده چون معلوم نیس 2 تا چیز بخرن بقیرم ازینجا بگیرن..؟..مرسی
",11,false,2015-11-30T01:23:46.05+00:00,ترکیبی,0.74,محصول,محصول
رژ لب مدل پاور شاین,https://www.khanoumi.com/products/oriflame-the-one-power-shine-lipstick-4545,شانس لطفااااا,3,false,2017-05-21T16:46:03.37+00:00,خنثی,0.35,سایر,سایر
رژ لب مدل پاور شاین,https://www.khanoumi.com/products/oriflame-the-one-power-shine-lipstick-4545,خانم صمدی عزیز/ شماره ۴۳۳ تناژ صورتی دارد،بله در هنگام تماس مشاورین میتوانید بگویید تا رنگ را در صورت تمایل شما برایتان تعویض کنند.,0,false,2016-07-08T23:16:25.1166667+00:00,خنثی,0.35,محصول | خدمات و پشتیبانی,محصول
رژ لب مدل پاور شاین,https://www.khanoumi.com/products/oriflame-the-one-power-shine-lipstick-4545,شماره 432 و 433 چه فرقی دارن ؟ هر دو تناژ صورتی دارن؟ کدوم تناژ قرمز کمرنگ داره؟ میشه وقتی که باهامون برای ارسال تماس می گیرن بگیم رنگشو عوض کنن؟از بین همه رنگت کدوم یک تناژ قرمز خیلی کمرنگ داره صورتی نمی خوام. مرسی,1,true,2016-07-08T11:38:35.7766667+00:00,منفی,0.67,محصول | تحویل و ارسال | خدمات و پشتیبانی,محصول
رژ لب مدل پاور شاین,https://www.khanoumi.com/products/oriflame-the-one-power-shine-lipstick-4545,"خانم حسینی اول عزیز / از اینکه نظر ارزشمند خود را در خصوص مصرف رژ لب پاور شاین اوریف لیم با دیگر همراهان عزیز ""خانومی "" در میان گذاشته اید از شما بسیار سپاسگزاریم و به خود میبالیم که توانسته ایم رضایت خاطر شما را جلب کنیم . هدف تیم ""خانومی"" ارائه بهترین محصولات با بالاترین کیفیت با هدف جلب رضایت خاطر شما خریداران عزیز میباشد .",0,false,2016-05-30T11:37:08.3+00:00,مثبت,0.79,محصول,محصول
رژ لب مدل پاور شاین,https://www.khanoumi.com/products/oriflame-the-one-power-shine-lipstick-4545,"سلام خسته نباشین
این رژ لب رو توی یک حراج خوب خریدم از شما، و واقعا ازش راضی هستم. همونطور که توی توضیحاتش گفته واقعا روی لب سبک هست و لب رو هم نرم می کنه. مونددگاری اش هم خوبه با اینکه به عنوان مشخصه در مورد موندگاری اش حرفی زده نشه اما خوبه. اکلیل هاش هم  واقعا درخشش یکدست و خاصی دارن، همه اش فکر می کردم از ایناست که اکلیل هاش تیکه تیکه روی لب برق می زنه اما اینقدر بافت اکلیلی اش خوب و حرفه ای هست که یک برق عمومی به کل لب می ده واقعا رژ خوب و عالی ای هست خیلی خیلی ممنون
فقط یک نکته: من شماره ی 439 رو خریدم و فکر می کردم رنگش جیغ باشه اما یک صورتی پر و ملایم هست، اصلا ناراضی نیستم چون این رنگ هم بسیار زیباست. ولی گفتم به دوستان بگم، حالا نمی دونم بقیه ی شماره ها هم کمرنگ تر از عکسشون هستن یا نه، اما این یک شماره که من گرفتم اینطوری بود، ولی اینقدر رژ خوب و زیبایی هست که اصلا ناراحت نیستم :)",10,true,2016-05-30T11:10:22.12+00:00,مثبت,0.95,محصول | اصل بودن کالا,محصول
رژ لب مدل پاور شاین,https://www.khanoumi.com/products/oriflame-the-one-power-shine-lipstick-4545,شانس ۱۰ ۱۰ لطفا ,7,false,2016-05-13T17:15:12.42+00:00,خنثی,0.35,سایر,سایر
کرم پودر مدل مات مخملی فاقد روغن حجم 30 میلی لیتر,https://www.khanoumi.com/products/beyu-velvet-mat-foundation-4546,با سلام...این کرم پودر برای استفاده روزانه خوبه و بسیار سبکه اما با این قیمت کرم پودر های بهتری میتوان خرید.,2,false,2020-03-28T16:34:53+00:00,مثبت,0.79,محصول | قیمت,محصول
کرم پودر مدل مات مخملی فاقد روغن حجم 30 میلی لیتر,https://www.khanoumi.com/products/beyu-velvet-mat-foundation-4546,محدثه عزیز، خانومی با توجه به دارا بودن نماد اعتماد الکترونیک اصالت کلیه کالاها را تضمین میکند. ,5,false,2019-08-11T17:01:21.4333333+00:00,خنثی,0.35,محصول | اصل بودن کالا,محصول
کرم پودر مدل مات مخملی فاقد روغن حجم 30 میلی لیتر,https://www.khanoumi.com/products/beyu-velvet-mat-foundation-4546,سلام وقت بخیر میخواستم ببینم همه محصولات پیج و سایت خانومی شاپ اصل و اورجینال هستن دیگه؟,11,false,2019-08-11T06:01:17.3666667+00:00,مثبت,0.79,اصل بودن کالا | محصول,اصل بودن کالا
کرم پودر مدل مات مخملی فاقد روغن حجم 30 میلی لیتر,https://www.khanoumi.com/products/beyu-velvet-mat-foundation-4546,"چرا کرم پودرهاتون همش رنگ هاش ناقصه
من پوستم روشنه
اکثر کارهاتون رنگ های تیرش مونده",19,false,2019-08-07T13:46:23.6166667+00:00,خنثی,0.35,محصول,محصول
کرم پودر مدل مات مخملی فاقد روغن حجم 30 میلی لیتر,https://www.khanoumi.com/products/beyu-velvet-mat-foundation-4546,رنگاش رو کی پس شارژ میکنین؟,27,false,2018-04-23T18:44:37.6266667+00:00,خنثی,0.35,محصول,محصول
کرم پودر مدل مات مخملی فاقد روغن حجم 30 میلی لیتر,https://www.khanoumi.com/products/beyu-velvet-mat-foundation-4546,لطفا رنگای روشن رو شارژ کنید.برای پوست سفید اینا مناسب نیستن .,57,false,2017-11-16T12:57:40.6066667+00:00,خنثی,0.35,محصول,محصول
کرم پودر مدل مات مخملی فاقد روغن حجم 30 میلی لیتر,https://www.khanoumi.com/products/beyu-velvet-mat-foundation-4546,زهرای عزیز برای انتخاب رنگ مناسب پوستتان به مشاوره تلگرام پیام دهید تا مشاوران خانومی شما را راهنمایی کنند.,26,false,2017-01-24T08:56:45.1966667+00:00,خنثی,0.35,محصول,محصول
کرم پودر مدل مات مخملی فاقد روغن حجم 30 میلی لیتر,https://www.khanoumi.com/products/beyu-velvet-mat-foundation-4546,باسلام لطفازودترشماره های روشن این کارتونوموجودکنید.واگه میشه بگیدبرای پوست سفید صورتی کدوم شماره مناسب تره ,22,false,2017-01-23T23:25:58.32+00:00,خنثی,0.35,محصول,محصول
کرم پودر مدل مات مخملی فاقد روغن حجم 30 میلی لیتر,https://www.khanoumi.com/products/beyu-velvet-mat-foundation-4546,سلام این محصول پارابن داره؟!,3,false,2017-01-22T07:46:41.79+00:00,خنثی,0.35,محصول,محصول
کرم پودر مدل مات مخملی فاقد روغن حجم 30 میلی لیتر,https://www.khanoumi.com/products/beyu-velvet-mat-foundation-4546,سلام. لطفا کرم پودر های مخصوص پوست خشک بیو  رو هم موجود کنید. تشکر,1,false,2016-12-06T20:40:28.8966667+00:00,خنثی,0.35,محصول,محصول
کرم پودر مدل مات مخملی فاقد روغن حجم 30 میلی لیتر,https://www.khanoumi.com/products/beyu-velvet-mat-foundation-4546,این کرم خیلی سبک هستش اما پوشانندگی بالایی نداره,0,false,2016-11-26T23:32:21.1766667+00:00,خنثی,0.35,محصول,محصول
کرم پودر مدل مات مخملی فاقد روغن حجم 30 میلی لیتر,https://www.khanoumi.com/products/beyu-velvet-mat-foundation-4546,خانم ارکانی عزیز / کرم پودر مات مخملی بیو با بافتی نرم و سبک و ماندگاری بالا پوشش کامل و کارو یک دستی روی پوست به شما میدهد . اما  پوششی در حد  کرم های فوق العاده گریم به شما نخواهد داد . ,3,false,2016-06-11T09:48:39.69+00:00,مثبت,0.67,محصول,محصول
کرم پودر مدل مات مخملی فاقد روغن حجم 30 میلی لیتر,https://www.khanoumi.com/products/beyu-velvet-mat-foundation-4546,سلام . پوشش دهی این محصول چقدره؟ من اغلب از کرم پودرهای فشرده که برای گریم هست استفاده میکنم . برام پوشش محصول خیلی مهمه . میشه راهنمایی کنید .,4,false,2016-06-11T08:26:08.0533333+00:00,خنثی,0.35,محصول,محصول
کرم پودر مدل مات مخملی فاقد روغن حجم 30 میلی لیتر,https://www.khanoumi.com/products/beyu-velvet-mat-foundation-4546,شانس 1010 لطفا,10,false,2016-05-18T11:02:48.2266667+00:00,خنثی,0.35,سایر,سایر
کرم پودر مدل مات مخملی فاقد روغن حجم 30 میلی لیتر,https://www.khanoumi.com/products/beyu-velvet-mat-foundation-4546,لطفا در شانس خانومی قرارش بدین,9,false,2016-05-17T01:49:51.17+00:00,منفی,0.67,سایر,سایر
کرم پودر مدل مات مخملی فاقد روغن حجم 30 میلی لیتر,https://www.khanoumi.com/products/beyu-velvet-mat-foundation-4546,"خانم فروزان عزیز / بله حق با شماست  اشاره من هم به مت موس اورآل بود که تصحیح شد دوست عزیز
",0,false,2016-01-31T10:21:53.7366667+00:00,خنثی,0.35,محصول,محصول
کرم پودر مدل مات مخملی فاقد روغن حجم 30 میلی لیتر,https://www.khanoumi.com/products/beyu-velvet-mat-foundation-4546,مت مو اورال نگفتم من دومين بار گفتم موس جادويي اورال؟,0,false,2016-01-30T21:25:31.05+00:00,خنثی,0.35,محصول,محصول
کرم پودر مدل مات مخملی فاقد روغن حجم 30 میلی لیتر,https://www.khanoumi.com/products/beyu-velvet-mat-foundation-4546,خانم فروزان عزیز / در خصوص بافت سبک تر مت موس اوال به طور قطع از این محصول دارای بافت سبک تری هست / ضمن اینکه به پوست چرب اشاره کردید طبیعتا مت موس اورآل میتونه انتخاب مناسب تری باشه برای این نوع پوست / اما نباید انتظار کاوری در حد کرم پودر را به علت انسجام متفاوت آنها داشت.,0,false,2016-01-30T12:07:26+00:00,خنثی,0.35,محصول,محصول
کرم پودر مدل مات مخملی فاقد روغن حجم 30 میلی لیتر,https://www.khanoumi.com/products/beyu-velvet-mat-foundation-4546,"درمقايسه با موس جادويي اورال كدوم بهتره? پوستمم چربه
",0,false,2016-01-29T15:13:50.2533333+00:00,خنثی,0.35,محصول,محصول
کرم پودر مدل مات مخملی فاقد روغن حجم 30 میلی لیتر,https://www.khanoumi.com/products/beyu-velvet-mat-foundation-4546,بله خانم فروزان این محصول جوش ها رو هم کاور میکنه و از نظر مقایسه کاملا با مت مور اورآل کاملا متفاوت است زیرا دارای بافت کاملا متفاوت و منسجم تری نسبت به این محصول است..,0,false,2016-01-13T15:30:05.2533333+00:00,خنثی,0.35,محصول,محصول
کرم پودر مدل مات مخملی فاقد روغن حجم 30 میلی لیتر,https://www.khanoumi.com/products/beyu-velvet-mat-foundation-4546,رنگ پوستم سفيده ديگه.راستي جوش هارو هم پوشش ميده؟اين بهتره كاورش يا كرم پودر مت مور اورال؟,1,false,2016-01-13T00:27:44.15+00:00,خنثی,0.35,محصول,محصول
کرم پودر مدل مات مخملی فاقد روغن حجم 30 میلی لیتر,https://www.khanoumi.com/products/beyu-velvet-mat-foundation-4546,"پانیذ جان 
رنگ پوستتون در چه حد روشن است؟ اگر زیاد روشن نباشد می توانید از این رنگ استفاده کنید ، البته بهتر است برای انتخاب بهتر رنگ کرم پودرتون می توانید از مشاورین خانومی کمک بگیرید و با این شماره تماس بگیرید 02143905050 یا از مشاوره ی آنلاین سایت کمک بگیرید.",1,false,2016-01-11T09:44:58.71+00:00,خنثی,0.35,محصول | خدمات و پشتیبانی,محصول
کرم پودر مدل مات مخملی فاقد روغن حجم 30 میلی لیتر,https://www.khanoumi.com/products/beyu-velvet-mat-foundation-4546,من پوستم چربه و رنگش هم روشنه ميشه بگيد چه شماره اي بهتره البته رنگه موهام هم بژ بلونده خودمم رنگ شماره18 روانتخاب كردم ايا انتخابم درسته؟,9,false,2016-01-11T01:31:48.32+00:00,خنثی,0.35,محصول,محصول
کرم پودر مدل مات مخملی فاقد روغن حجم 30 میلی لیتر,https://www.khanoumi.com/products/beyu-velvet-mat-foundation-4546,"کاربر عزیز
ما معمولا کرم پودرهایی که کاورشون متوسط روبه بالا هست رو برای استفاده ی روزانه توصیه نمی کنیم ولی اگر شما پوستتون عادت داره به همچین کرم پودرهایی مشکلی ایجاد نمی کند .",7,false,2015-12-14T16:17:47.4066667+00:00,منفی,0.67,محصول,محصول
کرم پودر مدل مات مخملی فاقد روغن حجم 30 میلی لیتر,https://www.khanoumi.com/products/beyu-velvet-mat-foundation-4546,برای مصرف روزانه پیشنهاد پیکنین؟؟,12,false,2015-12-14T15:54:28.0533333+00:00,مثبت,0.67,تحویل و ارسال,تحویل و ارسال
کانسیلر مدل هیدرو میرکل,https://www.khanoumi.com/products/beyu-hydro-miracle-concealer-4547,این کانسیلر با شماره ۶ فوق العادست 👌👌👌,3,true,2017-02-09T14:35:01.5333333+00:00,خنثی,0.35,سایر,سایر
کانسیلر مدل هیدرو میرکل,https://www.khanoumi.com/products/beyu-hydro-miracle-concealer-4547,لطفا شارژ کنید رنگ بندیشو,6,true,2016-12-29T20:53:46.85+00:00,خنثی,0.35,محصول,محصول
کانسیلر مدل هیدرو میرکل,https://www.khanoumi.com/products/beyu-hydro-miracle-concealer-4547,شماره ۶ این محصول از شماره ۲ روشنتره؟,1,true,2016-12-28T23:12:45.4566667+00:00,خنثی,0.35,محصول,محصول
کانسیلر مدل هیدرو میرکل,https://www.khanoumi.com/products/beyu-hydro-miracle-concealer-4547,رویا عزیز / شماره  ۰۴ نزدیک ترین تناژ به رنگ کانسیلر ایج ریواند میبلین را دارد. البته تقریبا دو درجه تیره تر است.,0,false,2016-07-07T23:44:58.7766667+00:00,خنثی,0.35,محصول,محصول
کانسیلر مدل هیدرو میرکل,https://www.khanoumi.com/products/beyu-hydro-miracle-concealer-4547,کدوم رنگش به کانسیلر ایج ریواند میبلین نزدیکه؟,0,false,2016-07-07T02:23:13.7966667+00:00,خنثی,0.35,محصول,محصول
کانسیلر مدل هیدرو میرکل,https://www.khanoumi.com/products/beyu-hydro-miracle-concealer-4547,خانم پورصفر عزیز / کانسیلر هیدرو میرکل بیو در سه رنگ موجود میباشد که هیچ کدام دارای تناژ صورتی و سرخ نیستند . میتوانید به رنگ شماره 12 از  کانسیلر ضد پیری آرت دکو  نگاهی بیاندازید . ,0,false,2016-06-05T09:55:22.3133333+00:00,خنثی,0.35,محصول,محصول
کانسیلر مدل هیدرو میرکل,https://www.khanoumi.com/products/beyu-hydro-miracle-concealer-4547,رنگ صورتی چه شماره ایی هست من میخوام سفارش بدم,0,false,2016-06-02T20:36:29.79+00:00,منفی,0.67,محصول,محصول
کانسیلر مدل هیدرو میرکل,https://www.khanoumi.com/products/beyu-hydro-miracle-concealer-4547,"ولی من وقتی استفاده کردم پوستم خشکتر شد و چروک زیر چشم رو بیشتر نشون میده 
",0,false,2016-05-18T08:38:35.5833333+00:00,خنثی,0.35,محصول,محصول
کانسیلر مدل هیدرو میرکل,https://www.khanoumi.com/products/beyu-hydro-miracle-concealer-4547,"خانم فتحی عزیز / رنگ 04Miracle Peach از  کانسیلر هیدرو میرکل بیو روشن ترین رنگ محصول می باشد . 
",0,false,2016-05-11T17:27:51.4766667+00:00,خنثی,0.35,محصول,محصول
کانسیلر مدل هیدرو میرکل,https://www.khanoumi.com/products/beyu-hydro-miracle-concealer-4547,رنگ روشنش کدومه؟,0,false,2016-05-11T16:59:12.74+00:00,خنثی,0.35,محصول,محصول
کانسیلر مدل هیدرو میرکل,https://www.khanoumi.com/products/beyu-hydro-miracle-concealer-4547,خیلی سبک و لطیفه برای استفاده روزانه عالیه,8,false,2016-05-05T16:09:01.8933333+00:00,مثبت,0.79,سایر,سایر
مداد چشم ضد آب مدل متالیک,https://www.khanoumi.com/products/beyu-soft-eyeliner-4548,شماره 615 این مداد چه رنگی هست؟,0,false,2018-12-14T14:46:37.4766667+00:00,خنثی,0.35,محصول,محصول
مداد چشم ضد آب مدل متالیک,https://www.khanoumi.com/products/beyu-soft-eyeliner-4548,خانم ثابت عزیز /  رنگ710 Metallic Black  میباشد . ,1,false,2016-04-11T10:07:02.3666667+00:00,خنثی,0.35,محصول,محصول
مداد چشم ضد آب مدل متالیک,https://www.khanoumi.com/products/beyu-soft-eyeliner-4548,مداد چشمی که کشیده شده توی تصویر با مداد شماره Metallic Black ۷۱۰ هست یا شماره ی ۶۱۰ ؟تشکر.,0,false,2016-04-10T19:34:34.6966667+00:00,خنثی,0.35,سایر,سایر
خط چشم مویی ضد آب فاقد پارابن,https://www.khanoumi.com/products/beyu-liquid-waterproof-eye-liner-4550,شانس خانومی لطفا,9,false,2015-11-30T01:26:34.45+00:00,خنثی,0.35,سایر,سایر
ماژیک ابرو مدل آرتیست,https://www.khanoumi.com/products/beyu-liquid-eyebrow-4551,"خانم "" خانی "" عزیز / به محض تامین نمونه با کیفیت محصول ازطرف بخش تامین کالا فروشگاه .محصول شارژ و در دسترس شما همراهان عزیز "" خانومی"" قرار خواهد گرفت",0,false,2016-08-10T09:52:53.64+00:00,خنثی,0.35,محصول,محصول
ماژیک ابرو مدل آرتیست,https://www.khanoumi.com/products/beyu-liquid-eyebrow-4551,مجدداً شارژش کنید🌸,5,true,2016-08-09T17:47:48.7866667+00:00,خنثی,0.35,سایر,سایر
پنکک برنزه مدل سان مناسب انواع پوست,https://www.khanoumi.com/products/beyu-sun-powder-4553,من رنگ 03 خریدم که روشنه و برای برنزرو کانتور مناسب نیس و از تاریخ مصرفش هم کمتر از یکسال مانده که باید ذکر میشد تولید۲۰۱۶هست,5,false,2018-04-03T15:47:27.4933333+00:00,خنثی,0.35,محصول,محصول
پنکک برنزه مدل سان مناسب انواع پوست,https://www.khanoumi.com/products/beyu-sun-powder-4553,شانس خانومي,14,false,2016-05-16T18:36:54.2733333+00:00,خنثی,0.35,سایر,سایر
کیت طراحی ابرو سه رنگ همراه با برس مخصوص,https://www.khanoumi.com/products/oriflame-eyebrow-kit-4554,"اون رنگ روشن چرب نیست بلکه واکس ابرو هست. اول برس رو توی پودر باید بزنید بعد توی واکس چون واکس باعث میشه سایه پودری پخش نشه و جلوه بهتری میده.
پالتهای حرفه ای سایه ابرو یدونه هایلایتر، واکس و پودر دارن.",20,false,2016-09-03T20:26:24.0233333+00:00,خنثی,0.35,محصول,محصول
کیت طراحی ابرو سه رنگ همراه با برس مخصوص,https://www.khanoumi.com/products/oriflame-eyebrow-kit-4554,"خانم "" زرین پناه "" عزیز / به محض تامین نمونه با کیفیت محصول ازطرف بخش تامین کالا فروشگاه .محصول شارژ و در دسترس شما همراهان عزیز "" خانومی"" قرار خواهد گرفت ضمن آنکه میتوانید در صفحه محصول "" آیکون "" به من اطلاع بده "" را فعال کنید تا در زمان شارژ کالا و همچنین در تخفیف قرار گرفتن آن  از طریق پیامک و ایمیل اطلاع پیدا کنید .",2,false,2016-08-21T10:15:49.8066667+00:00,منفی,0.79,محصول | قیمت,محصول
کیت طراحی ابرو سه رنگ همراه با برس مخصوص,https://www.khanoumi.com/products/oriflame-eyebrow-kit-4554,لطفا این محصول و موجود کنید و تو تخفیف بذارید,11,false,2016-08-21T09:12:02.5433333+00:00,خنثی,0.35,محصول | قیمت,محصول
کیت طراحی ابرو سه رنگ همراه با برس مخصوص,https://www.khanoumi.com/products/oriflame-eyebrow-kit-4554,"خانم حسینی اول عزیز / با تشکر از اینکه نظر ارزشمند خود را با در میان گذاشته اید میتوان اشاره کرد که شما با فعال کردن آیکون "" به من اطلاع بده "" در صفحه محصول میتوانید در زمان در تخفیف قرار گرفتن محصولات مورد نظرتان از طریق پیامک  و ایمیل اطلاع پیدا کنید و با قیمت در تخفیف اقدام به خرید آنها کنید . ",1,false,2016-06-22T17:23:08.9566667+00:00,منفی,0.79,محصول | قیمت,محصول
کیت طراحی ابرو سه رنگ همراه با برس مخصوص,https://www.khanoumi.com/products/oriflame-eyebrow-kit-4554,"من این محصول رو میخوام..اما قیمتش خیلی زیاده
لطفا تخفیف ویژه برای مشتریانی که زیاد خرید میکنن اعمال کنید
با تشکر",3,false,2016-06-22T16:26:42.9666667+00:00,خنثی,0.35,قیمت | محصول,قیمت
کیت طراحی ابرو سه رنگ همراه با برس مخصوص,https://www.khanoumi.com/products/oriflame-eyebrow-kit-4554,شانس لطفا,1,false,2016-06-22T11:47:53.0066667+00:00,خنثی,0.35,سایر,سایر
کیت طراحی ابرو سه رنگ همراه با برس مخصوص,https://www.khanoumi.com/products/oriflame-eyebrow-kit-4554,شانس لطفا...,1,false,2016-06-21T23:09:20.98+00:00,خنثی,0.35,سایر,سایر
کیت طراحی ابرو سه رنگ همراه با برس مخصوص,https://www.khanoumi.com/products/oriflame-eyebrow-kit-4554,شانس درخواستی خانومی لطفا,1,true,2016-05-16T22:39:06.2966667+00:00,خنثی,0.35,سایر,سایر
کیت طراحی ابرو سه رنگ همراه با برس مخصوص,https://www.khanoumi.com/products/oriflame-eyebrow-kit-4554,خیلی عالی و طبیعیه، سبک هم هست,1,false,2016-05-13T02:43:24.56+00:00,مثبت,0.67,سایر,سایر
کیت طراحی ابرو سه رنگ همراه با برس مخصوص,https://www.khanoumi.com/products/oriflame-eyebrow-kit-4554,برای شانس 10:10 بذارید دیگه:((ا,2,false,2016-02-15T17:18:09.1333333+00:00,خنثی,0.35,سایر,سایر
کیت طراحی ابرو سه رنگ همراه با برس مخصوص,https://www.khanoumi.com/products/oriflame-eyebrow-kit-4554,لطفا اکسسوریهای برند اریفلیم رو هم بیارید,2,false,2016-02-04T04:36:38.8966667+00:00,خنثی,0.35,سایر,سایر
کیت طراحی ابرو سه رنگ همراه با برس مخصوص,https://www.khanoumi.com/products/oriflame-eyebrow-kit-4554,10:10 باشه لطفا.,4,false,2016-01-31T15:08:21.19+00:00,خنثی,0.35,سایر,سایر
کیت طراحی ابرو سه رنگ همراه با برس مخصوص,https://www.khanoumi.com/products/oriflame-eyebrow-kit-4554,شانس  10:10 لطفا,5,false,2015-12-05T19:57:08.7633333+00:00,خنثی,0.35,سایر,سایر
کیت طراحی ابرو سه رنگ همراه با برس مخصوص,https://www.khanoumi.com/products/oriflame-eyebrow-kit-4554,سلام وقتتون بخیر میشه لطف کنید این محصول رو تو بلک فرایدی هم عرضه کنید؟,5,false,2015-11-28T13:10:49.9866667+00:00,خنثی,0.35,محصول,محصول
پالت رژ لب مدل وان,https://www.khanoumi.com/products/oriflame-the-one-lip-palette-4556,"خانم "" پیروی"" عزیز / میتوانید در صفحه محصول آیکون "" به من اطلاع بده "" را فعال کنید تا هم شانس در تخفیف قرار گرفتن محصول مورد علاقه تان را افزایش دهید و هم در زمان در تخفیف قرار گرفتن آن از طریق پیامک و ایمیل اطلاع پیدا کنید .
",0,false,2016-10-23T09:23:22.4166667+00:00,منفی,0.79,محصول | قیمت,محصول
پالت رژ لب مدل وان,https://www.khanoumi.com/products/oriflame-the-one-lip-palette-4556,شانس لطفا.,6,false,2016-10-22T23:51:34.5766667+00:00,خنثی,0.35,سایر,سایر
پالت رژ لب مدل وان,https://www.khanoumi.com/products/oriflame-the-one-lip-palette-4556,خانم پیروی عزیز / محصولات اوریفلیم بطور کل ارگانیک هستند و رژ های فاقد سرب است.,0,false,2016-10-20T22:18:23.7766667+00:00,خنثی,0.35,محصول,محصول
پالت رژ لب مدل وان,https://www.khanoumi.com/products/oriflame-the-one-lip-palette-4556,سلام،این محصول هم مثل رژ لبهای وان بدون سرب هستش؟,1,false,2016-10-20T21:01:45.3866667+00:00,منفی,0.67,محصول,محصول
پالت رژ لب مدل وان,https://www.khanoumi.com/products/oriflame-the-one-lip-palette-4556,"سلام 
لطفا در شانس بگذارین",3,false,2016-09-16T20:46:29.0166667+00:00,خنثی,0.35,سایر,سایر
پالت رژ لب مدل وان,https://www.khanoumi.com/products/oriflame-the-one-lip-palette-4556,"خانم "" درسی "" عزیز / میتوانید در صفحه محصول آیکون "" به من اطلاع بده "" را فعال کنید تا هم شانس در تخفیف قرار گرفتن محصول مورد علاقه تان را افزایش دهید و هم در زمان در تخفیف قرار گرفتن آن از طریق پیامک و ایمیل اطلاع پیدا کنید .",0,false,2016-09-13T10:29:30.5566667+00:00,منفی,0.79,محصول | قیمت,محصول
پالت رژ لب مدل وان,https://www.khanoumi.com/products/oriflame-the-one-lip-palette-4556,Shans lotfaaan,1,false,2016-09-11T22:45:43.9666667+00:00,خنثی,0.35,سایر,سایر
پالت رژ لب مدل وان,https://www.khanoumi.com/products/oriflame-the-one-lip-palette-4556,فهیمه جان / به محض تامین نمونه با کیفیت محصول سریعا شارژ و در دست رس شما خریداران عزیز قرار خواهد گرفت . ,5,false,2016-04-28T10:21:59.54+00:00,خنثی,0.35,محصول,محصول
پالت رژ لب مدل وان,https://www.khanoumi.com/products/oriflame-the-one-lip-palette-4556,"لطفا این محصول رو شارژ کنید
ممنون؛)",7,false,2016-04-28T07:09:07.7933333+00:00,مثبت,0.67,محصول,محصول
پالت رژ لب مدل وان,https://www.khanoumi.com/products/oriflame-the-one-lip-palette-4556,لطفا باز هم اين محصول رو بياوريد و در تخفيف بگذاريد,6,true,2016-03-02T18:12:18.6466667+00:00,خنثی,0.35,محصول | قیمت,محصول
پالت رژ لب مدل وان,https://www.khanoumi.com/products/oriflame-the-one-lip-palette-4556,ميشه اين محصول رو هم در شانس خانومي بذاريد لطفا,4,false,2016-02-13T12:09:19.8966667+00:00,خنثی,0.35,محصول,محصول
پالت رژ لب مدل وان,https://www.khanoumi.com/products/oriflame-the-one-lip-palette-4556,نیمه ماته. هر سه رنگ موجود در یک پالت خیلی خوشرنگه و برای کسایی که میخوان آرایش لایت داشته باشن خیلی خوبه.بهتر از همه مخملی بودنش حسه خوبی بهتون میده و لب هارو نرم و مرطوب میکنه.من chic  رو استفاده کردم.حتما رنگای دیگش هم خوبه,7,false,2016-01-20T15:28:52.9333333+00:00,مثبت,0.95,محصول,محصول
کرم پا مدل Winter Wood مناسب حجم 75 میلی لیتر,https://www.khanoumi.com/products/oriflame-feet-up-winter-wood-foot-cream-4557,این کرم عالیه..پوست پا رو نرم و لطیف میکنه...,0,false,2016-04-03T03:12:36.36+00:00,مثبت,0.79,محصول,محصول
رژ گونه براق مدل The One,https://www.khanoumi.com/products/oriflame-the-one-illuskin-blush-4558,"خانم "" ارمغانی"" عزیز / میتوانید در صفحه محصول آیکون "" به من اطلاع بده "" را فعال کنید تا هم شانس در تخفیف قرار گرفتن محصول مورد علاقه تان را افزایش دهید و هم در زمان در تخفیف قرار گرفتن آن از طریق پیامک و ایمیل اطلاع پیدا کنید .",0,false,2016-09-13T10:10:33.5966667+00:00,منفی,0.79,محصول | قیمت,محصول
رژ گونه براق مدل The One,https://www.khanoumi.com/products/oriflame-the-one-illuskin-blush-4558,شانس عید قربان,0,false,2016-09-11T20:13:41.9566667+00:00,خنثی,0.35,سایر,سایر
رژ گونه براق مدل The One,https://www.khanoumi.com/products/oriflame-the-one-illuskin-blush-4558,شانس 10:10  لطفاً,4,true,2016-05-08T21:02:04.8466667+00:00,خنثی,0.35,سایر,سایر
شاور ژل مدل Icelandic Purity حجم 250 میلی لیتر,https://www.khanoumi.com/products/oriflame-the-one-kajal-eyeliner-4559,"خانم "" حسین پور "" عزیز / میتوانید در صفحه محصول آیکون "" به من اطلاع بده "" را فعال کنید تا هم شانس در تخفیف قرار گرفتن محصول مورد علاقه تان را افزایش دهید و هم در زمان در تخفیف قرار گرفتن آن از طریق پیامک و ایمیل اطلاع پیدا کنید .",0,false,2016-08-18T10:38:36.5266667+00:00,منفی,0.79,محصول | قیمت,محصول
شاور ژل مدل Icelandic Purity حجم 250 میلی لیتر,https://www.khanoumi.com/products/oriflame-the-one-kajal-eyeliner-4559,"لطفا به پیشنهاد های شانس اضافه کنین
",4,false,2016-08-17T23:10:42.3633333+00:00,مثبت,0.67,سایر,سایر
شاور ژل مدل Icelandic Purity حجم 250 میلی لیتر,https://www.khanoumi.com/products/oriflame-the-one-kajal-eyeliner-4559,عالیه,1,true,2016-01-18T23:05:00.9733333+00:00,مثبت,0.79,سایر,سایر
کرم دور چشم ضد چروک مدل Optimals حجم 15 میلی لیتر,https://www.khanoumi.com/products/oriflame-optimals-smooth-out-eye-cream-4561,"من چند ماه از این محصول اصتفاده کردم اصلا هیچ تاثیری نداشته!!  من محصولات پایین تر از این قیمت استفاده کردم تاثیرش رو بهتر دیدم تا این محصول !
",8,true,2017-04-10T12:37:34.6566667+00:00,مثبت,0.67,محصول | اصل بودن کالا | قیمت,محصول
کرم دور چشم ضد چروک مدل Optimals حجم 15 میلی لیتر,https://www.khanoumi.com/products/oriflame-optimals-smooth-out-eye-cream-4561,"شانس لطفا
",3,false,2017-02-25T16:32:53.48+00:00,خنثی,0.35,سایر,سایر
کرم دور چشم ضد چروک مدل Optimals حجم 15 میلی لیتر,https://www.khanoumi.com/products/oriflame-optimals-smooth-out-eye-cream-4561,"سلام من زیر چشمام خیلی تیرس این کرم زده برای بالای 40 سال مشکلی دار هزیر 40 ساله استفاده بشه؟
",7,true,2016-12-02T17:27:24.1366667+00:00,خنثی,0.35,محصول,محصول
کرم دور چشم ضد چروک مدل Optimals حجم 15 میلی لیتر,https://www.khanoumi.com/products/oriflame-optimals-smooth-out-eye-cream-4561,"ببخشید حجم این کرم چقدر هس؟
چرا اطلاعات این چنینیش رو نمیذارید",1,false,2016-11-27T02:07:32.7633333+00:00,خنثی,0.35,محصول,محصول
کرم دور چشم ضد چروک مدل Optimals حجم 15 میلی لیتر,https://www.khanoumi.com/products/oriflame-optimals-smooth-out-eye-cream-4561,يه كرم قويترازين بهم معرفي كنيد براي بالاي ٤٠ سال,0,false,2016-11-25T00:09:55.4966667+00:00,خنثی,0.35,محصول,محصول
کرم دور چشم ضد چروک مدل Optimals حجم 15 میلی لیتر,https://www.khanoumi.com/products/oriflame-optimals-smooth-out-eye-cream-4561,"خانم "" سیفی"" عزیز / کرم دور چشم ضد چروک اپتیمالز اوریف لیم د رحال حاضر در تخفیف قرار دارد .",0,false,2016-11-22T16:32:59.1466667+00:00,خنثی,0.35,محصول | قیمت,محصول
کرم دور چشم ضد چروک مدل Optimals حجم 15 میلی لیتر,https://www.khanoumi.com/products/oriflame-optimals-smooth-out-eye-cream-4561,لطفا اینو بذارین تو بلک پفرایدی خیلی وقته منتظررم,0,false,2016-11-22T15:58:06.6333333+00:00,خنثی,0.35,سایر,سایر
کرم دور چشم ضد چروک مدل Optimals حجم 15 میلی لیتر,https://www.khanoumi.com/products/oriflame-optimals-smooth-out-eye-cream-4561,"خانم "" سیفی"" عزیز / میتوانید در صفحه محصول آیکون "" به من اطلاع بده "" را فعال کنید تا هم شانس در تخفیف قرار گرفتن محصول مورد علاقه تان را افزایش دهید و هم در زمان در تخفیف قرار گرفتن آن از طریق پیامک و ایمیل اطلاع پیدا کنید .
",0,false,2016-11-07T10:15:13.1733333+00:00,منفی,0.79,محصول | قیمت,محصول
کرم دور چشم ضد چروک مدل Optimals حجم 15 میلی لیتر,https://www.khanoumi.com/products/oriflame-optimals-smooth-out-eye-cream-4561,شانس لطفااااااااا,2,false,2016-11-07T09:47:54.9666667+00:00,خنثی,0.35,سایر,سایر
کرم دور چشم ضد چروک مدل Optimals حجم 15 میلی لیتر,https://www.khanoumi.com/products/oriflame-optimals-smooth-out-eye-cream-4561,"خانم "" زرین پناه "" عزیز / میتوانید مقداری کمی از کرم را با استفاده از اپلیکاتور سر کرم  اطراف چشم بزنید. در صورت تمایل می توانید در ادامه با ملایمت با نوک انگشتان و به صورت دورانی روی پوست ماساژ دهید.",2,false,2016-08-15T10:32:47.1433333+00:00,خنثی,0.35,محصول,محصول
کرم دور چشم ضد چروک مدل Optimals حجم 15 میلی لیتر,https://www.khanoumi.com/products/oriflame-optimals-smooth-out-eye-cream-4561,سلام من این کرم و خریدم اینکه نوشتید با نوک انگشت به صورت دورانی ؟؟ این کرم که سرش رولی هست و طریقه استفاده اش مثل بقیه کرم ها نیست ؟؟؟؟ میشه طریقه استفاده اش و بگید؟؟,1,true,2016-08-15T00:12:40.1633333+00:00,خنثی,0.35,محصول,محصول
کرم دور چشم ضد چروک مدل Optimals حجم 15 میلی لیتر,https://www.khanoumi.com/products/oriflame-optimals-smooth-out-eye-cream-4561,"سلام 
اکثرا  اقلام فروشگاه تمام شده لطفا موجودی رو شارژ کنید ",8,false,2016-04-04T08:36:51.1033333+00:00,خنثی,0.35,محصول,محصول
کرم دور چشم ضد چروک مدل Optimals حجم 15 میلی لیتر,https://www.khanoumi.com/products/oriflame-optimals-smooth-out-eye-cream-4561,خانومى از اوريفليم بيشتر بيارين همه محصولاتشونو ميخوان 💛💛,14,false,2016-01-27T02:41:56.1133333+00:00,خنثی,0.35,محصول,محصول
کرم دور چشم ضد چروک مدل Optimals حجم 15 میلی لیتر,https://www.khanoumi.com/products/oriflame-optimals-smooth-out-eye-cream-4561,سلام این محصول خیلی وقته تمام شده چرا نمیاریدش؟ من خیلی وقتا چک کردم نه موجود میشه نه تخفیف  میذارید,12,false,2016-01-13T14:34:55.3933333+00:00,خنثی,0.35,محصول | قیمت,محصول
کرم دور چشم ضد چروک مدل Optimals حجم 15 میلی لیتر,https://www.khanoumi.com/products/oriflame-optimals-smooth-out-eye-cream-4561,خیلی ممنون که خیلی سريع موجودش کردین و تونستيم تو تخفیف بلک فرايدي بخريمش,2,true,2015-11-28T10:39:41.3266667+00:00,مثبت,0.67,محصول | قیمت,محصول
کرم دور چشم ضد چروک مدل Optimals حجم 15 میلی لیتر,https://www.khanoumi.com/products/oriflame-optimals-smooth-out-eye-cream-4561,زهرا خانم عزیز از اعتماد شما به سایت خودتان ممنون. این مورد مد نظر قرار داشته ولی به دلیل استقبال زیاد متاسفانه خیلی زود تمام شد,2,false,2015-11-27T16:37:11.3933333+00:00,ترکیبی,0.71,محصول,محصول
کرم دور چشم ضد چروک مدل Optimals حجم 15 میلی لیتر,https://www.khanoumi.com/products/oriflame-optimals-smooth-out-eye-cream-4561,سلام لطفا این محصول رومجدد شارژ کنیدودرشانس یاتخفیف ویژه قرار بدید مرسی,11,false,2015-11-27T16:10:54.1366667+00:00,ترکیبی,0.66,محصول | قیمت,محصول
کرم دور چشم ضد چروک مدل Optimals حجم 15 میلی لیتر,https://www.khanoumi.com/products/oriflame-optimals-smooth-out-eye-cream-4561,باسلام محصولاتی که متقاضی زیادی داره یامثلا تخفیف یادرفروش ویژه قرارمیدید لطفا  موجودی انبارتون رودرحدفروش اون محصول پشتیبانی و شارژ کنید که  مشتریان با انگیزه بیشتری واردسایتتون بشن  ودرموردبن تخفیف  هم ی توضیح بفرمایید ممنون,22,false,2015-11-27T16:07:50.1966667+00:00,مثبت,0.67,محصول | قیمت | خدمات و پشتیبانی,محصول
کرم دور چشم ضد چروک مدل Optimals حجم 15 میلی لیتر,https://www.khanoumi.com/products/oriflame-optimals-smooth-out-eye-cream-4561,خانوم غلامی عزیز این محدودیت سنی با توجه  به  تفاوت قدرت  ضد چروک ها تعریف میشود.مثلا ضد چروک هایی که برای بالای 60 سال تعریف شده اند، قدرت بالاتری  از کنترل چروک صورت و از بین بردن چین و چروک ها به نسبت ضد چروک های بالای 35 دارند که با توجه به میزان بالاتر چروک در سنین بالای 60 سال تنظیم  شده اند.اگر چروک های صورت زودتر از محدودیت سنی تعریف شده ایجاد شوند استفاده از آنها مانعی ندارد. به خصوص در مورد این کرم  که  الاستین و کلاژن مورد نیاز اطراف چشم را تامین میکند باعث جلوگیری از ایجاد چروک بیشتر و همچنین سفت شدن پوست اطراف چشم خواهد شد ,6,false,2015-11-27T11:19:26.4133333+00:00,خنثی,0.35,محصول,محصول
کرم دور چشم ضد چروک مدل Optimals حجم 15 میلی لیتر,https://www.khanoumi.com/products/oriflame-optimals-smooth-out-eye-cream-4561,"سلام من خواهرم ۲۶ سال داره اما چروک های دور چشمش خیلی زیاد و عميقه نمیتونه از این محصول استفاده کنه؟
با توجه به اینکه محدودیت سن ۳۵ سال به بالا داره",7,true,2015-11-27T02:30:51.77+00:00,خنثی,0.35,محصول,محصول
پنکک مات مخملی مدل وان مناسب انواع پوست,https://www.khanoumi.com/products/oriflame-the-one-matte-velvet-powder-4562,سلام.‌من پوستم روشنه. سفیدم. آیا رنگ روشنش پوستم رو تیره نمیکنه چون نمی‌خوام تیره تر بشه.ممنون از جوابدهیتون,5,false,2017-10-20T18:50:36.4933333+00:00,ترکیبی,0.74,محصول,محصول
پنکک مات مخملی مدل وان مناسب انواع پوست,https://www.khanoumi.com/products/oriflame-the-one-matte-velvet-powder-4562,تخفیف 50 درصدی بدید به این محصول. کلا محصولات اریف لیم رو تخفیف بزنید,16,false,2017-06-24T02:25:19.32+00:00,منفی,0.67,محصول | قیمت,محصول
پنکک مات مخملی مدل وان مناسب انواع پوست,https://www.khanoumi.com/products/oriflame-the-one-matte-velvet-powder-4562,سلام  .من قبلا این محصول رو خریدم و خیلی خیلی راضی بودم .کیفیتش عالی بود من پوستم چرب و حساس هست و هر پنککی به پوستم نمی خوره ولی این عالی بود ....ممنونم از سایت خوبتون ,2,true,2017-06-17T11:49:44.2866667+00:00,مثبت,0.95,محصول,محصول
پنکک مات مخملی مدل وان مناسب انواع پوست,https://www.khanoumi.com/products/oriflame-the-one-matte-velvet-powder-4562,"سلام
لطفا بقیه رنگ هاش رو موجود کنید یا اگر نوع دیگه ای از پنکک اوریف لیم هست موجود کنید",3,false,2017-06-04T11:50:28.7166667+00:00,خنثی,0.35,محصول,محصول
پنکک مات مخملی مدل وان مناسب انواع پوست,https://www.khanoumi.com/products/oriflame-the-one-matte-velvet-powder-4562,"خانم "" داودی "" عزیز / میتوانید در صفحه محصول آیکون "" به من اطلاع بده "" را فعال کنید تا هم شانس در تخفیف قرار گرفتن محصول مورد علاقه تان را افزایش دهید و هم در زمان در تخفیف قرار گرفتن آن از طریق پیامک و ایمیل اطلاع پیدا کنید .",1,false,2016-08-03T10:27:43.6866667+00:00,منفی,0.79,محصول | قیمت,محصول
پنکک مات مخملی مدل وان مناسب انواع پوست,https://www.khanoumi.com/products/oriflame-the-one-matte-velvet-powder-4562,شانس خانومي لطفا,4,false,2016-08-02T18:05:29.21+00:00,خنثی,0.35,سایر,سایر
پنکک مات مخملی مدل وان مناسب انواع پوست,https://www.khanoumi.com/products/oriflame-the-one-matte-velvet-powder-4562,خانم نعیمی عزیز / در مرحله تکمیل خرید رو به روی هر محصول علامت ضربدر قرار دارد که با کلیک بر روی آن محصول از سبد خریدتان حذف میشود . اما اگر تا مرحله آخر پیش رفتید و فاکتور خود را به ثبت رساندید . در هنگام تماس مشاورین جهت هماهنگی ارسال به مشاور خود اطلاع دهید تا محصولاتی که مایل به خرید آنها نیستید از فاکتور شما حذف کنند . ,1,false,2016-06-20T09:46:49.4666667+00:00,منفی,0.79,محصول | تحویل و ارسال | خدمات و پشتیبانی,محصول
پنکک مات مخملی مدل وان مناسب انواع پوست,https://www.khanoumi.com/products/oriflame-the-one-matte-velvet-powder-4562,ببخشید من الان سفارش دادم ولی اشتباها بک محصول را چند بار سفارش دادم چطوری بقیرو حذ کنم من فقط یکی میخوام,0,false,2016-06-19T18:43:55.34+00:00,خنثی,0.35,محصول,محصول
پنکک مات مخملی مدل وان مناسب انواع پوست,https://www.khanoumi.com/products/oriflame-the-one-matte-velvet-powder-4562,خانم حسینی عزیز / پنکک مات مخملی وان اوریف لیم پایه چرب ندارد و به دلیل غیر روغنی و غیر براق خود بیشتر مناسب پوست های چرب است . ضمن آنکه نظرات ارزشمندتان حتما به واحد تامین کالا ارجاع داده میشود و در صورت تامین نمونه با کیفیت محصول حتما شارژ و در دسترس مشتریان عزیز قرار خواهد گرفت . ,2,false,2016-06-15T10:13:39.7133333+00:00,خنثی,0.35,محصول,محصول
پنکک مات مخملی مدل وان مناسب انواع پوست,https://www.khanoumi.com/products/oriflame-the-one-matte-velvet-powder-4562,واینکه تنوع پنکیک های اوریف لیم در فروشگاه خانومی خیلی کمه وهمین یک نوع میباشد  با اینکه تنوع پنکیک های اوریف لیم زیاده اگر متنوع کنید خیلی ممنون میشم  چون تنها فروشگاهیه که من واقعا با اعتماد ورضایت ازش خریدمیکنم ,1,true,2016-06-14T22:28:02.66+00:00,مثبت,0.67,سایر,سایر
پنکک مات مخملی مدل وان مناسب انواع پوست,https://www.khanoumi.com/products/oriflame-the-one-matte-velvet-powder-4562,با سلام خدمت شما من میخوام این پنکیک رو تهیه کنم میخواستم بدونم ایا پایه چرب داره یا خشک چون پنکیک های خشک اصلا رو پوست من نمیشینه وخواهشمندم پنکیک جیوردانی گلد وپنکیک ورمی ودیگر پنکیک های اوریف لیم هم به محصولات اوریف لیم اضافه کنید که دیگه ن واقعا بینظیر میشه ممنون میشم موجود کنید ,0,true,2016-06-14T22:21:52.1566667+00:00,ترکیبی,0.74,محصول | اصل بودن کالا,محصول
پنکک مات مخملی مدل وان مناسب انواع پوست,https://www.khanoumi.com/products/oriflame-the-one-matte-velvet-powder-4562,"خانم حسینی اول عزیز / پنکک مات مخملی وان اوریف لیم در دو  رنگ92-Nude Porcelain و رنگ93-Nude Beige موجود میباشد . که رنگ رنگ93-Nude Beige دارای تناژ ""بژ"" و مناسب پوست های سبزه و تیره تر است و  رنگ92-Nude Porcelain دارای تناژ روشن و مناسب پوست های گندمی و روشن تر میباشد . ضمن آنکه در خصوص انتخاب هر چه مناسبتر رنگ محصول میتوانید با مشاورین ""خانومی"" از طریق تماس با فروشگاه / تلگرام و چت آنلاین سایت در ارتباط باشید . ",2,false,2016-06-05T09:49:03.7633333+00:00,خنثی,0.35,محصول | خدمات و پشتیبانی,محصول
پنکک مات مخملی مدل وان مناسب انواع پوست,https://www.khanoumi.com/products/oriflame-the-one-matte-velvet-powder-4562,"سلام
لطفا درمورد رنگهاش و توناژشون توضیح بدین تا انتخاب ساده تر بشه..به نظر می رسه شماره 92 بی نهایت روشنه و شماره 93 خیلی تیره ست . ",1,false,2016-06-02T16:29:14.4933333+00:00,منفی,0.67,محصول,محصول
پنکک مات مخملی مدل وان مناسب انواع پوست,https://www.khanoumi.com/products/oriflame-the-one-matte-velvet-powder-4562,شانس خانومی,5,false,2016-03-18T14:20:14.3866667+00:00,خنثی,0.35,سایر,سایر
پنکک مات مخملی مدل وان مناسب انواع پوست,https://www.khanoumi.com/products/oriflame-the-one-matte-velvet-powder-4562,لطفا مجددا شارژ کنید من میخوام ,8,false,2016-02-24T00:12:46.5133333+00:00,خنثی,0.35,سایر,سایر
پنکک مات مخملی مدل وان مناسب انواع پوست,https://www.khanoumi.com/products/oriflame-the-one-matte-velvet-powder-4562,شانس لطفا,8,false,2016-02-16T09:27:20.0066667+00:00,خنثی,0.35,سایر,سایر
پنکک مات مخملی مدل وان مناسب انواع پوست,https://www.khanoumi.com/products/oriflame-the-one-matte-velvet-powder-4562,لطفا در شانس 10.10 قرار دهید,12,false,2016-02-14T22:22:41.39+00:00,خنثی,0.35,سایر,سایر
پنکک مات مخملی مدل وان مناسب انواع پوست,https://www.khanoumi.com/products/oriflame-the-one-matte-velvet-powder-4562,سلام نميشه شارژش ميكرديد شانس 10 10 ,16,false,2016-01-29T14:49:49.9+00:00,خنثی,0.35,سایر,سایر
پنکک مات مخملی مدل وان مناسب انواع پوست,https://www.khanoumi.com/products/oriflame-the-one-matte-velvet-powder-4562,سلام ،بیشتر محصولات اوریف لیم تموم شدن لطفا شارژشون کنین متشکرم,19,false,2016-01-21T10:07:31.7633333+00:00,خنثی,0.35,محصول,محصول
پنکک مات مخملی مدل وان مناسب انواع پوست,https://www.khanoumi.com/products/oriflame-the-one-matte-velvet-powder-4562,لطفا در شانس ۱۰و۱۰قراردهید,34,false,2015-11-30T12:21:07.6466667+00:00,خنثی,0.35,سایر,سایر
کیت زیباسازی دست,https://www.khanoumi.com/products/oriflame-beautifying-hands-set-4563,"خانم "" بهرامی "" عزیز / با تشکر از کامنت سرشار از  مهر شما . به محض تامین نمونه با کیفیت محصول ازطرف بخش تامین کالا فروشگاه .محصول شارژ و در دسترس شما همراهان عزیز "" خانومی"" قرار خواهد گرفت
. میتوانید در صفحه محصول "" آیکون "" به من اطلاع بده "" را فعال کنید تا در زمان شارژ کالا از طریق پیامک و ایمیل اطلاع پیدا کنید .
",1,false,2016-11-06T09:32:25.81+00:00,منفی,0.79,محصول,محصول
کیت زیباسازی دست,https://www.khanoumi.com/products/oriflame-beautifying-hands-set-4563,"با سلام وسپاس فراوان از گروه ""خانومی""؛ خواهشمندم چنانچه ممکن است این محصول خوب و پر کاربرد را باز هم شارژ بفرمایید. سپاسگزارم",0,false,2016-11-06T06:23:38.2933333+00:00,مثبت,0.91,محصول,محصول
کیت زیباسازی دست,https://www.khanoumi.com/products/oriflame-beautifying-hands-set-4563,خانم   حداده ئئ عزیز/ حق با شماست به علت استقبال بی نظیر همراهان همیشکی خانومی  در روز اول سایت به علت در حال بروز رسانی بودن با مشکل مواجه شد که سریعا برطرف شد .  ,0,false,2016-02-22T12:42:47.3466667+00:00,خنثی,0.35,محصول,محصول
کیت زیباسازی دست,https://www.khanoumi.com/products/oriflame-beautifying-hands-set-4563,متاسفانه بعلت خرابی سایتتون سفارش این محصول ثبت نهایی نشد والان هم که تموم شد،کاش سایتتون موقع حراجها مشکل ساز نشه,0,false,2016-02-21T04:26:29.8866667+00:00,منفی,0.67,محصول,محصول
کرم روز مدل Anti Aging مناسب انواع پوست حجم 50 میلی لیتر,https://www.khanoumi.com/products/oriflame-love-nature-anti-aging-day-cream-4564,این کرم بوی خوبی داره و سریع جذب پوست میشه.و چروک ها و خط های ریز صورت و از بین میبره.در ضمن لطفا محصولات اوریف بین را شارژ کنید.,7,true,2018-01-20T17:57:40.76+00:00,مثبت,0.67,محصول,محصول
کرم روز مدل Anti Aging مناسب انواع پوست حجم 50 میلی لیتر,https://www.khanoumi.com/products/oriflame-love-nature-anti-aging-day-cream-4564,خانومی  من کاتالوگ محصولات اوریفلیم رو یجا دیدم تعجب کردم چون خیلی از محصولات جدید اوریفلیم رو شما ندارید..لطفا هم محصولات قبلی رو شارژ کنید هم محصولات جدیدشو بیارید.,5,false,2018-01-02T13:30:17.0933333+00:00,خنثی,0.35,محصول,محصول
کرم روز مدل Anti Aging مناسب انواع پوست حجم 50 میلی لیتر,https://www.khanoumi.com/products/oriflame-love-nature-anti-aging-day-cream-4564,این کرم برای پوست چرب خوبه؟؟؟؟,0,false,2017-12-24T16:16:18.6666667+00:00,مثبت,0.79,محصول,محصول
کرم روز مدل Anti Aging مناسب انواع پوست حجم 50 میلی لیتر,https://www.khanoumi.com/products/oriflame-love-nature-anti-aging-day-cream-4564,میشه روی این کرم ارایش کرد؟لطفازودجوابموبدید ,6,true,2017-05-09T17:39:09.9433333+00:00,منفی,0.67,محصول,محصول
کرم روز مدل Anti Aging مناسب انواع پوست حجم 50 میلی لیتر,https://www.khanoumi.com/products/oriflame-love-nature-anti-aging-day-cream-4564,"خانم "" هادی "" عزیز / این محصول نیز کرم روز است و نیاز واجب  به استفاده همزمان با کرم روز دیگر نخواهید داشت .",2,false,2016-09-06T13:34:52.0066667+00:00,خنثی,0.35,محصول,محصول
کرم روز مدل Anti Aging مناسب انواع پوست حجم 50 میلی لیتر,https://www.khanoumi.com/products/oriflame-love-nature-anti-aging-day-cream-4564,من کرم روز اوریف لیم سفارش دادم که باید صبح استفاده بشه.اینم همراه با کرم روز میشه استفاده کرد. یا همون کافیه؟,1,true,2016-09-06T12:35:48.4133333+00:00,خنثی,0.35,محصول,محصول
کرم روز مدل Anti Aging مناسب انواع پوست حجم 50 میلی لیتر,https://www.khanoumi.com/products/oriflame-love-nature-anti-aging-day-cream-4564,"خانم ""فرزانگان "" عزیز/ از اینکه خرید از فروشگاه ""خانومی"" برای شما رضایت خاطر را به همراه داشته بسیار خرسندیم و به خود میبالیم که توانسته ایم با ارائه بهترین ها اعتماد و رضایت شما را جلب کنیم . ضمن آنکه فروشگاه ""خانومی"" جهت اطلاع خریداران عزیز حجم محصولات را نیز در توضیحات درج میکند تا خریداران عزیز با آگاهی محصولات را خریداری کنند . ",0,false,2016-07-23T12:49:43.69+00:00,مثبت,0.67,محصول,محصول
کرم روز مدل Anti Aging مناسب انواع پوست حجم 50 میلی لیتر,https://www.khanoumi.com/products/oriflame-love-nature-anti-aging-day-cream-4564,انتظار داشتم اندازه کرم بزرگتر باشه اما با همه حجم کمش هم کیفیت خوبی داره و هم بوش خیلی خوبه...راضیم از خریدم .ممنونم از شما,2,false,2016-07-21T09:07:09.0066667+00:00,مثبت,0.95,محصول,محصول
کرم روز مدل Anti Aging مناسب انواع پوست حجم 50 میلی لیتر,https://www.khanoumi.com/products/oriflame-love-nature-anti-aging-day-cream-4564,shans lotfan,5,false,2016-06-26T10:30:51.1733333+00:00,خنثی,0.35,سایر,سایر
کرم روز مدل Anti Aging مناسب انواع پوست حجم 50 میلی لیتر,https://www.khanoumi.com/products/oriflame-love-nature-anti-aging-day-cream-4564,"خانم ثابت عزیز / از رضایت شما خرسندیم و از اعتماد شما به ""فروشگاه خانومی"" سپاسگزاریم.",0,false,2016-04-18T09:34:04.4966667+00:00,مثبت,0.67,سایر,سایر
کرم روز مدل Anti Aging مناسب انواع پوست حجم 50 میلی لیتر,https://www.khanoumi.com/products/oriflame-love-nature-anti-aging-day-cream-4564,من این کرم رو سفارش داده بودم دیروز بدستم رسید واقعا عالیه،ازش راضی ام، حس خوبی باهاش دارم،تشکر و سپاس از کادر خانومی.,1,false,2016-04-17T20:51:34.87+00:00,مثبت,0.95,محصول | تحویل و ارسال,محصول
کرم روز مدل Anti Aging مناسب انواع پوست حجم 50 میلی لیتر,https://www.khanoumi.com/products/oriflame-love-nature-anti-aging-day-cream-4564,خانم اسد پور عزیز /افرادی با سنین بالای 30 سال در خصوص مصرف  کرم روز آنتی ایج اوریف لیم ممانعتی نخواهند داشت.,1,false,2016-03-02T14:58:51.6166667+00:00,خنثی,0.35,محصول,محصول
کرم روز مدل Anti Aging مناسب انواع پوست حجم 50 میلی لیتر,https://www.khanoumi.com/products/oriflame-love-nature-anti-aging-day-cream-4564,سلام. آیا محدودیت سنی داره این محصول؟ برای خانمهای 50 سال به بالا هم قابل استفاده است؟,1,false,2016-03-02T09:21:18.9366667+00:00,خنثی,0.35,محصول,محصول
کرم روز مدل Anti Aging مناسب انواع پوست حجم 50 میلی لیتر,https://www.khanoumi.com/products/oriflame-love-nature-anti-aging-day-cream-4564,من هم برای خودم هم برای مادرم تهیه کردم جداً حس خوبی داره در مقایسه با قیمتش واقعن عالیه,0,false,2016-02-26T01:33:40.2966667+00:00,مثبت,0.91,قیمت,قیمت
کرم روز مدل Anti Aging مناسب انواع پوست حجم 50 میلی لیتر,https://www.khanoumi.com/products/oriflame-love-nature-anti-aging-day-cream-4564,لطفا شانس 10:10,7,true,2016-02-14T11:17:58.08+00:00,خنثی,0.35,سایر,سایر
کرم روز مدل Anti Aging مناسب انواع پوست حجم 50 میلی لیتر,https://www.khanoumi.com/products/oriflame-love-nature-anti-aging-day-cream-4564,"خانم آوازی عزیز / کرم دور چشم این سری از محصول هم در فروشگاه موجود هست که در سمت راست صفحه "" محصول مکمل""  نیز قابل مشاهده هست.",2,false,2016-02-07T10:17:41.9266667+00:00,خنثی,0.35,محصول,محصول
کرم روز مدل Anti Aging مناسب انواع پوست حجم 50 میلی لیتر,https://www.khanoumi.com/products/oriflame-love-nature-anti-aging-day-cream-4564,وایی ممنونم که این کرمو دوباره آوردید .لطفا کرم دور چشمو کرم شبش هم بیارید که کلا همه رو باهم سفارش بدیم .ممنونم ازتون,5,true,2016-02-06T23:38:17.1666667+00:00,ترکیبی,0.74,محصول,محصول
کرم روز مدل Anti Aging مناسب انواع پوست حجم 50 میلی لیتر,https://www.khanoumi.com/products/oriflame-love-nature-anti-aging-day-cream-4564,بازم ازش بيارين خيلى خوب بود بيارين لطفا,5,false,2016-01-27T02:39:14.0133333+00:00,مثبت,0.79,محصول,محصول
کرم روز مدل Anti Aging مناسب انواع پوست حجم 50 میلی لیتر,https://www.khanoumi.com/products/oriflame-love-nature-anti-aging-day-cream-4564,رویا جان این کرم به خاطر داشتن مواد ضد چروک برای سنین 30 به بالا مناسب و قابل استفاده است.,4,false,2016-01-11T17:15:12.8033333+00:00,خنثی,0.35,محصول,محصول
کرم روز مدل Anti Aging مناسب انواع پوست حجم 50 میلی لیتر,https://www.khanoumi.com/products/oriflame-love-nature-anti-aging-day-cream-4564,برای چه سنی مناسبه؟,4,false,2016-01-11T16:48:46.0433333+00:00,خنثی,0.35,سایر,سایر
کرم روز مدل Anti Aging مناسب انواع پوست حجم 50 میلی لیتر,https://www.khanoumi.com/products/oriflame-love-nature-anti-aging-day-cream-4564,این کرم خیلی خوبه. مامانم 5 روزه داره ازش استفاده میکنه و کاملا مشخصه که پوستش شاداب تر و نرم تر شده و حتی چروک های ریز قبلیش هم بعد از استفاده از این کرم  کمتر دیده میشه. خیلی ممنون خانومی برای محصول عالی,3,true,2015-12-19T11:59:38.0833333+00:00,مثبت,0.95,محصول,محصول
کرم روز مدل Anti Aging مناسب انواع پوست حجم 50 میلی لیتر,https://www.khanoumi.com/products/oriflame-love-nature-anti-aging-day-cream-4564,"ریحانه جان 
این کرم برای استفاده در روز هست.",5,false,2015-12-14T16:14:37.6466667+00:00,خنثی,0.35,محصول,محصول
کرم روز مدل Anti Aging مناسب انواع پوست حجم 50 میلی لیتر,https://www.khanoumi.com/products/oriflame-love-nature-anti-aging-day-cream-4564,ممنون. فرقی نداره صبح باشه یا شب؟ چون برای بعضی کرم ها فرق میکنه زمان استفاده ش,3,true,2015-12-14T15:29:20.2766667+00:00,منفی,0.67,محصول,محصول
کرم روز مدل Anti Aging مناسب انواع پوست حجم 50 میلی لیتر,https://www.khanoumi.com/products/oriflame-love-nature-anti-aging-day-cream-4564,"ریحانه جان 
یکبار می تونید استفاده کنید.",6,false,2015-12-14T15:26:34.2133333+00:00,خنثی,0.35,سایر,سایر
کرم روز مدل Anti Aging مناسب انواع پوست حجم 50 میلی لیتر,https://www.khanoumi.com/products/oriflame-love-nature-anti-aging-day-cream-4564,این کرم رو چند بار در طول روز میشه استفاده کرد؟,5,true,2015-12-14T15:21:39+00:00,خنثی,0.35,محصول,محصول
کرم روز مدل Anti Aging مناسب انواع پوست حجم 50 میلی لیتر,https://www.khanoumi.com/products/oriflame-love-nature-anti-aging-day-cream-4564,"خیلی دوسش دارم هر روز میزنم.
با توجه به اینکه کارمندم و در طول روز صورتم رو نمیشورم ولی کلی حس خوب دارم باهاش.
ممنونم",10,true,2015-12-08T15:38:39.3533333+00:00,مثبت,0.79,سایر,سایر
ست 3+1 (3 لاک + تاپ کت),https://www.khanoumi.com/products/golden-rose-nail-color-package-4565,موجود کنین لطفا,0,false,2024-02-12T02:49:12+00:00,خنثی,0.35,محصول,محصول
ست 3+1 (3 لاک + تاپ کت),https://www.khanoumi.com/products/golden-rose-nail-color-package-4565,پکیج درست امروز بدستم رسید، لاک ها همشون عالین. فقط ماندگاری 60Secخیلی کمه. بقیه عالللللین.مرسی از خانومی,3,true,2015-11-30T22:13:04.8+00:00,ترکیبی,0.74,محصول | تحویل و ارسال,محصول
ست 3+1 (3 لاک + تاپ کت),https://www.khanoumi.com/products/golden-rose-nail-color-package-4565,خیلی ممنون از پشتیبانی عزیز خانومی حتی در روزهای تعطیل رسمی و پیگیری عالیتون:) پکیج خیلی خوبی بود این آفر بنظرم,3,true,2015-11-27T23:28:15.88+00:00,مثبت,0.95,خدمات و پشتیبانی | محصول,خدمات و پشتیبانی
ست 3+1 (3 لاک + تاپ کت),https://www.khanoumi.com/products/golden-rose-nail-color-package-4565,خانوم حقدوست عزیز بابت این اشتباه عذرخواهی میکنم فردا حتما با شما تماس میگیریم برای تعویض این محصول ,2,false,2015-11-27T11:49:33.3066667+00:00,خنثی,0.35,محصول | خدمات و پشتیبانی,محصول
ست 3+1 (3 لاک + تاپ کت),https://www.khanoumi.com/products/golden-rose-nail-color-package-4565,این لاکها و بسته ویژه شون خیلی عالین، اما شما اشتباهی بجای p10 ، ست p5 رو برایم ارسال نموده اید متاسفانه :(((( نمیخوامش,2,true,2015-11-26T18:50:41.9866667+00:00,مثبت,0.79,تحویل و ارسال | محصول,تحویل و ارسال
اسپری محافظ حرارت و براق کننده مو کریستال حجم 100 میلی لیتر,https://www.khanoumi.com/products/schwarzkopf-essence-ultime-crystal-shine-spray-4567,لطفا در شانس خانومی گذاشته شود،ممنون,4,false,2016-02-14T22:53:53.4266667+00:00,مثبت,0.67,سایر,سایر
اسپری محافظ حرارت و براق کننده مو کریستال حجم 100 میلی لیتر,https://www.khanoumi.com/products/schwarzkopf-essence-ultime-crystal-shine-spray-4567,لطفا در شانس خانومی گذاشته شود،ممنون,3,false,2016-02-14T22:53:48.9466667+00:00,مثبت,0.67,سایر,سایر
اسپری محافظ حرارت و براق کننده مو کریستال حجم 100 میلی لیتر,https://www.khanoumi.com/products/schwarzkopf-essence-ultime-crystal-shine-spray-4567,شانس خانومی,3,false,2016-02-12T20:33:47.0666667+00:00,خنثی,0.35,سایر,سایر
ماسک مو تقویت کننده مدل Mucizevi Yag مناسب موهای خشک و زبر حجم 300 میلی لیتر,https://www.khanoumi.com/products/loreal-elseve-extra-ordinary-oils-hair-mask-4568,شارژ میشه ؟,0,false,2024-04-09T13:32:21+00:00,خنثی,0.35,سایر,سایر
ماسک مو تقویت کننده مدل Mucizevi Yag مناسب موهای خشک و زبر حجم 300 میلی لیتر,https://www.khanoumi.com/products/loreal-elseve-extra-ordinary-oils-hair-mask-4568,این ماسک مو برای کسایی که موهای خشک و زبر دارن عالیه. من هر بار موقع حموم کردن بعد از شامپو استفاده میکنم و خیلی راضی ام. خیلی موهامو نرم و لطیف میکنه و دیگه خشک و زبر نیست. گره موهارو باز میکنه و راحت شونه میشه. بوی ملایمی داره و کیفیت فوق العاده. ,0,false,2022-10-19T08:48:11+00:00,مثبت,0.95,محصول,محصول
ماسک مو تقویت کننده مدل Mucizevi Yag مناسب موهای خشک و زبر حجم 300 میلی لیتر,https://www.khanoumi.com/products/loreal-elseve-extra-ordinary-oils-hair-mask-4568,سلام من پایین موهام خشک و شکننده شده و سوخته کدوم ماسک و ویتامینه مو از اورال رو سفارش بدم همین رنگ زرد مفید ؟,55,false,2018-09-14T22:13:50.1866667+00:00,منفی,0.67,محصول,محصول
ماسک مو تقویت کننده مدل Mucizevi Yag مناسب موهای خشک و زبر حجم 300 میلی لیتر,https://www.khanoumi.com/products/loreal-elseve-extra-ordinary-oils-hair-mask-4568,من این محصول و تا بحال نخریدم ولی موهام خشکیه زیادی داره لطفا بفرمایید این محصول آبرسانی داره و لطفا محصولی که آبرسانیه زسادی داره یهم معرفی کنید.ممنونم از سایتتون واقعا هرچی گرفتم عالی بوده ,41,false,2018-03-12T13:23:38.3933333+00:00,مثبت,0.91,محصول,محصول
ماسک مو تقویت کننده مدل Mucizevi Yag مناسب موهای خشک و زبر حجم 300 میلی لیتر,https://www.khanoumi.com/products/loreal-elseve-extra-ordinary-oils-hair-mask-4568,سفارش دادم تا الان سفارشم رو نیوردید.نه تلفن پاسخگوئه نه امور مشتریان تلگرام پاسخگوئه.باید بگم متآسفم براتون.اینقدر هم میگم تا همه بدونن سفارشات رو تحویل نمیدین,12,false,2018-02-11T14:26:50.2166667+00:00,منفی,0.67,خدمات و پشتیبانی | محصول | تحویل و ارسال,خدمات و پشتیبانی
ماسک مو تقویت کننده مدل Mucizevi Yag مناسب موهای خشک و زبر حجم 300 میلی لیتر,https://www.khanoumi.com/products/loreal-elseve-extra-ordinary-oils-hair-mask-4568,این محصولو هم دوباره شانس بذارید لطفا یا حداقل تو حراج زیاد بذارید که بخریم ازش چون دفعه ی قبلی که شانس گذاشتید خیلی سریع تموم شد ، خب دوباره تخفیفش بزنید دیگه 😞,3,false,2017-06-24T21:59:23.8866667+00:00,خنثی,0.35,محصول | قیمت,محصول
ماسک مو تقویت کننده مدل Mucizevi Yag مناسب موهای خشک و زبر حجم 300 میلی لیتر,https://www.khanoumi.com/products/loreal-elseve-extra-ordinary-oils-hair-mask-4568,دوبلره شانس بذارین خب ! خیلی سری مهلت شانسش تموم میشه این محصول,0,false,2017-06-17T22:36:38.6066667+00:00,خنثی,0.35,محصول,محصول
ماسک مو تقویت کننده مدل Mucizevi Yag مناسب موهای خشک و زبر حجم 300 میلی لیتر,https://www.khanoumi.com/products/loreal-elseve-extra-ordinary-oils-hair-mask-4568,لطفا تا زمان فروش ویژه یلدا این محصولو موجود کنید...من خیلی ازش راضیم,2,true,2016-12-16T15:25:09.4833333+00:00,مثبت,0.79,محصول,محصول
ماسک مو تقویت کننده مدل Mucizevi Yag مناسب موهای خشک و زبر حجم 300 میلی لیتر,https://www.khanoumi.com/products/loreal-elseve-extra-ordinary-oils-hair-mask-4568,منم ازتون اینو خریدم وراضیم ازش بازم بیارید,3,true,2016-12-01T09:54:28.45+00:00,مثبت,0.79,سایر,سایر
ماسک مو تقویت کننده مدل Mucizevi Yag مناسب موهای خشک و زبر حجم 300 میلی لیتر,https://www.khanoumi.com/products/loreal-elseve-extra-ordinary-oils-hair-mask-4568,"خانم "" ارجمند "" عزیز / ممنون از توجه شما در صورت امکان  تامین نمونه با کیفیت محصول ازطرف بخش تامین کالا محصولات مورد اشاره شما   شارژ و در دسترس شما همراهان عزیز "" خانومی"" قرار خواهد گرفت .",0,false,2016-10-31T15:39:43.2666667+00:00,مثبت,0.67,محصول,محصول
ماسک مو تقویت کننده مدل Mucizevi Yag مناسب موهای خشک و زبر حجم 300 میلی لیتر,https://www.khanoumi.com/products/loreal-elseve-extra-ordinary-oils-hair-mask-4568,"برای موهایی که دراثر رنگ و دکلره خشک و وز شده خیلی خوبه..لطفا شامپو و نرم کننده این سری را برای فروش توسایت قرار بدید.درضمن این سری ازمحصولات اورآل مخصوص موهای فر هم داره به نام Extradionary Oil,Curl nourishment masque  کاش بشه اونم بیارید باشامپو و نرم کنندش",7,true,2016-10-31T13:48:20.0533333+00:00,مثبت,0.79,محصول,محصول
ماسک موی احیا کننده و براق کننده 300 میلی لیتر,https://www.khanoumi.com/products/loreal-elseve-nutri-gloss-hair-mask-4569,"کاربر عزیز
تمامی محصولات فروشگاه خانومی آکبند هستند. اگر هر گونه نارضایتی از محصولات دارید می تونید از ضمانت 7 روز بازگشت محصول استفاده کنید و در صورتیکه از کالا استفاده نکردید اون رو مرجوع کنید حتی اگر به صورت اینترنتی هزینه رو پرداخت کرده باشید. برای رسیدگی به مشکلتون می تونید با شماره 43905050 تماس بگیرید یا برای ما ایمیل بفرستید. قطعا این مساله پیگیری خواهد شد. 
به علاوه انتخاب محصولات برای قرار گیری در شانس کاملا به صورت تصادفی انجام میشه و کیفیتشون با سایر محصولات موجود در سایت تفاوتی نداره. 
",1,false,2016-01-19T10:41:23.37+00:00,خنثی,0.35,محصول | خدمات و پشتیبانی | تحویل و ارسال | قیمت,محصول
ماسک موی احیا کننده و براق کننده 300 میلی لیتر,https://www.khanoumi.com/products/loreal-elseve-nutri-gloss-hair-mask-4569,"این ماسک برای من ارسال شده. نه تاریخ تولید و انقضا داره نه آکبنده. هیچکدوم از محصولاتی که از شانس 10:10 گرفتم کیفیت ندارن. اسپری براق کننده هم خرابه و صورت مایع خارج میشه
اگه اینترنتی پرداخت نکرده بودم تحویل نمیگرفتم",4,true,2016-01-18T21:39:29.7733333+00:00,خنثی,0.35,محصول | تحویل و ارسال,محصول
ماسک موی احیا کننده و براق کننده 300 میلی لیتر,https://www.khanoumi.com/products/loreal-elseve-nutri-gloss-hair-mask-4569,این ماسک برای موهایی که فر طبیعی دارند هم مناسبه؟ آسیبی به فر موها نمی رسونه؟,0,false,2016-01-13T22:59:32.0266667+00:00,خنثی,0.35,محصول,محصول
ماسک درمانی موهای آسیب دیده حاوی امگا حجم 200 میلی لیتر,https://www.khanoumi.com/products/schwarzkopf-essence-ultime-omega-repair-hair-mask-4570,"خانم "" لعل"" عزیز / به محض تامین نمونه با کیفیت محصول ازطرف بخش تامین کالا فروشگاه .محصول شارژ و در دسترس شما همراهان عزیز "" خانومی"" قرار خواهد گرفت
. میتوانید در صفحه محصول "" آیکون "" به من اطلاع بده "" را فعال کنید تا در زمان شارژ کالا از طریق پیامک و ایمیل اطلاع پیدا کنید .
",0,false,2016-10-15T09:29:12.3766667+00:00,منفی,0.79,محصول,محصول
ماسک درمانی موهای آسیب دیده حاوی امگا حجم 200 میلی لیتر,https://www.khanoumi.com/products/schwarzkopf-essence-ultime-omega-repair-hair-mask-4570,لطفا شارژ کنید,1,false,2016-10-12T17:05:16.8+00:00,خنثی,0.35,سایر,سایر
ماسک درمانی موهای آسیب دیده حاوی امگا حجم 200 میلی لیتر,https://www.khanoumi.com/products/schwarzkopf-essence-ultime-omega-repair-hair-mask-4570,lotfan sharj konid in mahsulo va tu takhfif bzarin,4,false,2016-06-07T15:03:06.48+00:00,خنثی,0.35,سایر,سایر
ماسک درمانی موهای آسیب دیده حاوی امگا حجم 200 میلی لیتر,https://www.khanoumi.com/products/schwarzkopf-essence-ultime-omega-repair-hair-mask-4570,من منتظر شارژ این محصولم,1,false,2016-05-13T19:28:57.95+00:00,خنثی,0.35,محصول,محصول
تاپ کت ژلی مدل Maxi Brush حجم 11 میلی لیتر,https://www.khanoumi.com/products/golden-rose-gel-look-top-coat-4571,درود اصلا کیفیت ندارن و سریعا پوسته می شه و از روی ناخن کنده می شه و اصلا برای خرید توصیه نمی کنم,0,false,2026-06-27T00:09:23.2646698+03:30,مثبت,0.67,محصول | اصل بودن کالا,محصول
تاپ کت ژلی مدل Maxi Brush حجم 11 میلی لیتر,https://www.khanoumi.com/products/golden-rose-gel-look-top-coat-4571,خیلی خوبه اگه به یه اندازه متناسب استفاده شه دقیقا یه برق خاص مث ژلیش به ناخن میده و دوام لاک رو زیاد میکنه و به راحتی لب پر نمیشه,0,false,2026-06-18T16:51:47.6615548+03:30,مثبت,0.91,سایر,سایر
تاپ کت ژلی مدل Maxi Brush حجم 11 میلی لیتر,https://www.khanoumi.com/products/golden-rose-gel-look-top-coat-4571,خوب بود راضی بودم,0,true,2023-10-05T23:55:16+00:00,مثبت,0.91,محصول,محصول
تاپ کت ژلی مدل Maxi Brush حجم 11 میلی لیتر,https://www.khanoumi.com/products/golden-rose-gel-look-top-coat-4571,ارزش خرید داره بنظرم اگه دو لایه بزنید خیلی بهتر نشون میده خودشو ,1,false,2019-10-04T22:20:13+00:00,مثبت,0.67,قیمت,قیمت
تاپ کت ژلی مدل Maxi Brush حجم 11 میلی لیتر,https://www.khanoumi.com/products/golden-rose-gel-look-top-coat-4571,با برق ناخنای عادی تفاوتی نداره فرقش اینه که وارداتیه و گرونتره. من راضی بودم بهرحال اما کیفیتش مث اسنس و مای هست .اونا هم برق ناخنشونو بخونید زیرش نوشته تاپ کت . پس فرقی نداره .,4,true,2019-03-11T22:58:10.8766667+00:00,مثبت,0.67,محصول | قیمت,محصول
تاپ کت ژلی مدل Maxi Brush حجم 11 میلی لیتر,https://www.khanoumi.com/products/golden-rose-gel-look-top-coat-4571,کاملا معمولییییی!!! با نصف همین قیمت میشد یه چیز مثل همینو بخرم ,3,true,2019-02-27T14:13:14.5133333+00:00,خنثی,0.35,محصول | قیمت,محصول
تاپ کت ژلی مدل Maxi Brush حجم 11 میلی لیتر,https://www.khanoumi.com/products/golden-rose-gel-look-top-coat-4571,تخفیف بدید یا تو شانس بزارینش لطفا,8,false,2018-07-18T00:17:07.4533333+00:00,منفی,0.67,قیمت,قیمت
تاپ کت ژلی مدل Maxi Brush حجم 11 میلی لیتر,https://www.khanoumi.com/products/golden-rose-gel-look-top-coat-4571,راضی بودم ازش... لاک رو زود خشک میکنه... دوامشم میبره بالا، برای من تا تقریبا ۲ هفته لاکمو سالم نگه داشت,3,true,2018-04-07T12:15:34.3066667+00:00,مثبت,0.67,محصول,محصول
تاپ کت ژلی مدل Maxi Brush حجم 11 میلی لیتر,https://www.khanoumi.com/products/golden-rose-gel-look-top-coat-4571,زیاد جالب نبوذ عینه این تاپ کاتای معمولی بود  ,2,false,2017-06-26T03:07:16.4766667+00:00,خنثی,0.35,محصول,محصول
تاپ کت ژلی مدل Maxi Brush حجم 11 میلی لیتر,https://www.khanoumi.com/products/golden-rose-gel-look-top-coat-4571,شانس خانومی لطفا.این کوچیکای ارزونو میشه چند تا خرید...,12,false,2015-11-30T00:53:44.7266667+00:00,خنثی,0.35,قیمت,قیمت
سرم ضد وز ابریشم مایع,https://www.khanoumi.com/products/schwarzkopf-gliss-liquid-silk-anti-frizz-serum-4572,لطفا موجود کنید قبل عید,0,false,2017-02-28T21:03:34.0166667+00:00,خنثی,0.35,محصول,محصول
سرم ضد وز ابریشم مایع,https://www.khanoumi.com/products/schwarzkopf-gliss-liquid-silk-anti-frizz-serum-4572,"شانس خانمی
",6,false,2015-12-05T05:09:37.1633333+00:00,خنثی,0.35,سایر,سایر
سرم ضد وز ابریشم مایع,https://www.khanoumi.com/products/schwarzkopf-gliss-liquid-silk-anti-frizz-serum-4572,"شانس خانمی
",5,false,2015-12-05T05:09:26.5866667+00:00,خنثی,0.35,سایر,سایر
شوینده و ماسک صورت 2 در 1 حجم 150 میلی لیتر,https://www.khanoumi.com/products/clean-and-clear-2in1-wash-and-mask-4580,شارژ و شانس لطفاااا,0,false,2017-11-05T10:22:33.47+00:00,خنثی,0.35,سایر,سایر
شوینده و ماسک صورت 2 در 1 حجم 150 میلی لیتر,https://www.khanoumi.com/products/clean-and-clear-2in1-wash-and-mask-4580,لطفا سریعتر موجودش کنین ,8,false,2017-02-05T20:17:25.5966667+00:00,خنثی,0.35,محصول,محصول
شوینده و ماسک صورت 2 در 1 حجم 150 میلی لیتر,https://www.khanoumi.com/products/clean-and-clear-2in1-wash-and-mask-4580,"خانم "" سلیمی "" عزیز / به محض تامین نمونه با کیفیت محصول ازطرف بخش تامین کالا فروشگاه .محصول شارژ و در دسترس شما همراهان عزیز "" خانومی"" قرار خواهد گرفت
. میتوانید در صفحه محصول "" آیکون "" به من اطلاع بده "" را فعال کنید تا در زمان شارژ کالا از طریق پیامک و ایمیل اطلاع پیدا کنید .",3,false,2016-12-18T10:32:15.72+00:00,منفی,0.79,محصول,محصول
شوینده و ماسک صورت 2 در 1 حجم 150 میلی لیتر,https://www.khanoumi.com/products/clean-and-clear-2in1-wash-and-mask-4580,"سلام لطفا موجود کنید سفارش بدم
",4,false,2016-12-17T16:19:18.19+00:00,منفی,0.67,محصول,محصول
شوینده و ماسک صورت 2 در 1 حجم 150 میلی لیتر,https://www.khanoumi.com/products/clean-and-clear-2in1-wash-and-mask-4580,لطفا موجود کنید,2,false,2016-11-25T23:39:17.1666667+00:00,خنثی,0.35,محصول,محصول
شوینده و ماسک صورت 2 در 1 حجم 150 میلی لیتر,https://www.khanoumi.com/products/clean-and-clear-2in1-wash-and-mask-4580,لطفا دوباره شارژ کنید،ممنون,6,false,2016-03-05T22:00:31.71+00:00,مثبت,0.67,سایر,سایر
شوینده و ماسک صورت 2 در 1 حجم 150 میلی لیتر,https://www.khanoumi.com/products/clean-and-clear-2in1-wash-and-mask-4580,شانس درخواستی,3,false,2016-02-16T02:29:53.41+00:00,خنثی,0.35,سایر,سایر
شوینده و ماسک صورت 2 در 1 حجم 150 میلی لیتر,https://www.khanoumi.com/products/clean-and-clear-2in1-wash-and-mask-4580,چرا انقد زود تموم شد:((((  من اینو از کیِ یهتون پیشنهاد داده بودم...,12,false,2016-01-20T21:38:34.06+00:00,مثبت,0.67,محصول,محصول
سرم موی ترمیم کننده مخصوص شب حجم 145 میلی لیتر,https://www.khanoumi.com/products/pantene-pro-v-overnight-repair-serum-4581,سلام خانومی من موهام زبر و وز و اسیب دیده است به نظرتون کدوم محصول پنتن واسه من مناسب تره؟ممنون,0,false,2018-01-01T11:49:32.5466667+00:00,مثبت,0.67,محصول,محصول
سرم موی ترمیم کننده مخصوص شب حجم 145 میلی لیتر,https://www.khanoumi.com/products/pantene-pro-v-overnight-repair-serum-4581,"خانم غضنفری عزیز / همانطور که در سایت نیز قابل مشاهده است فروشگاه خانومی دارای ""نماد اعتماد الکترونیک"" میباشد که اصالت و کیفیت کلیه محصولات را کاملا تضمین میکند. در خصوص تاریخ ها قابل ذکر است که بسیاری از محصولات به علت خریداری شدن در پک ها با تعداد بالا تاریخ بر روی پک درج میشود و بر روی تک تک آنها تاریخ درج نشده. اما تمامی محصولات دارای ""سری ساخت "" هستند که با رویت آن میتوان تاریخ محصولات را چک کرد . در صورت تمایل میتوانید سری ساخت محصولی که به دستتان رسیده است را برای ما ارسال کنید تا واحد مربوط تاریخ دقیق محصول را در اختیار شما قرار دهد . ",2,false,2016-04-11T14:15:17.16+00:00,خنثی,0.35,محصول | تحویل و ارسال | اصل بودن کالا,محصول
سرم موی ترمیم کننده مخصوص شب حجم 145 میلی لیتر,https://www.khanoumi.com/products/pantene-pro-v-overnight-repair-serum-4581,"سلام، من اين محصول را خريداري كردم ولي تاريخ مصرف نداشت.
بهتر است محصولات ارجينال و داراي تاريخ مصرف عرضه گردد.
باتشكر ",14,false,2016-01-19T16:21:43.1333333+00:00,خنثی,0.35,محصول,محصول
ماسک آبرسان صورت گوجی بری حجم 175 میلی لیتر,https://www.khanoumi.com/products/freeman-goji-berry-hydration-facial-mask-4582,لطفا موجود کنید . هیچ جای معتبری این ماسک رو پیدا نکردم,0,false,2024-04-05T18:55:03+00:00,خنثی,0.35,محصول,محصول
ماسک آبرسان صورت گوجی بری حجم 175 میلی لیتر,https://www.khanoumi.com/products/freeman-goji-berry-hydration-facial-mask-4582,"اولین کارایی این ماسک اسموتی کردن یا همون یکدست کردن پوست هست.
بعد از استفاده پوست جون. میگیره و آبدار و پر میشه
بافت ماسک منو یاد بافت ماسک حبابی اوتی میندازه
فوق العاده آبرسان خوبیه",1,false,2020-11-01T13:18:11+00:00,ترکیبی,0.79,محصول,محصول
ماسک آبرسان صورت گوجی بری حجم 175 میلی لیتر,https://www.khanoumi.com/products/freeman-goji-berry-hydration-facial-mask-4582,بعد استفاده ازين ماسك صورتم خارش ميگيره,3,true,2018-08-26T14:20:53.46+00:00,خنثی,0.35,سایر,سایر
ماسک آبرسان صورت گوجی بری حجم 175 میلی لیتر,https://www.khanoumi.com/products/freeman-goji-berry-hydration-facial-mask-4582,محصولی که برای من ارسال شده نصفش خالیه قشنگ مشخصه که قبلا استفاده شده چون من همین محصول و از سایت دیگه خریداری کردم و محصول کامل پر بوده اما این نصفص واقعا براتون متاسفام آخرین باری بود که از این سایت خرید کردم واقعا توهین به شعور فرد کار زشتیه,38,true,2018-07-17T14:26:49.1366667+00:00,منفی,0.67,محصول | تحویل و ارسال,محصول
ماسک آبرسان صورت گوجی بری حجم 175 میلی لیتر,https://www.khanoumi.com/products/freeman-goji-berry-hydration-facial-mask-4582,چرا این نمونه هیچ جا شارژ نمیشه؟حداقل شما که همیشه کامل بودین شارژ کنید گوجی رو,3,false,2018-03-15T19:23:39.37+00:00,خنثی,0.35,محصول,محصول
ماسک آبرسان صورت گوجی بری حجم 175 میلی لیتر,https://www.khanoumi.com/products/freeman-goji-berry-hydration-facial-mask-4582,چرا ماسکای فیری من رو شارژ نمی کنین،من خیلی وقته منتظرم,2,false,2018-02-17T19:03:13.1566667+00:00,خنثی,0.35,سایر,سایر
ماسک آبرسان صورت گوجی بری حجم 175 میلی لیتر,https://www.khanoumi.com/products/freeman-goji-berry-hydration-facial-mask-4582,شانس لطفا,2,true,2017-11-22T00:43:13.7366667+00:00,خنثی,0.35,سایر,سایر
ماسک آبرسان صورت گوجی بری حجم 175 میلی لیتر,https://www.khanoumi.com/products/freeman-goji-berry-hydration-facial-mask-4582,شانس لطفا,5,false,2017-09-23T11:25:13.92+00:00,خنثی,0.35,سایر,سایر
ماسک آبرسان صورت گوجی بری حجم 175 میلی لیتر,https://www.khanoumi.com/products/freeman-goji-berry-hydration-facial-mask-4582,خیلی ماسک عالیه. واقعا ابرسانی میکنه و بعد از استفاده پوست نرم و لطیف میشه,4,true,2017-05-08T21:04:26.8466667+00:00,مثبت,0.79,محصول,محصول
ماسک آبرسان صورت گوجی بری حجم 175 میلی لیتر,https://www.khanoumi.com/products/freeman-goji-berry-hydration-facial-mask-4582,سلام لطفا شانس ,6,false,2017-02-23T16:39:26.5033333+00:00,خنثی,0.35,سایر,سایر
ماسک آبرسان صورت گوجی بری حجم 175 میلی لیتر,https://www.khanoumi.com/products/freeman-goji-berry-hydration-facial-mask-4582,موجود کنید لطفا,3,false,2017-01-22T21:26:49.5866667+00:00,خنثی,0.35,محصول,محصول
ماسک آبرسان صورت گوجی بری حجم 175 میلی لیتر,https://www.khanoumi.com/products/freeman-goji-berry-hydration-facial-mask-4582,"سلام
خواهشا تمامي ماسك و اسكرابهاي فريمن رو بياريد يعني عالين من دارم ولي بازم مي خوام ",12,false,2016-04-15T08:40:18.4366667+00:00,مثبت,0.67,سایر,سایر
ماسک آبرسان صورت گوجی بری حجم 175 میلی لیتر,https://www.khanoumi.com/products/freeman-goji-berry-hydration-facial-mask-4582,"با سلام 
به نظرم اومد در بهبود رنگ پوست تاثیری نداشت.",2,true,2016-01-09T13:58:34.0166667+00:00,خنثی,0.35,محصول,محصول
ماسک آبرسان صورت گوجی بری حجم 175 میلی لیتر,https://www.khanoumi.com/products/freeman-goji-berry-hydration-facial-mask-4582,شانس خانومی لطفا.ماسکا روشن کننده و آبرسان.ک مناسب پوست ایرانیاس.,6,false,2015-11-30T01:34:56.0566667+00:00,خنثی,0.35,محصول,محصول
ماسک آبرسان صورت گوجی بری حجم 175 میلی لیتر,https://www.khanoumi.com/products/freeman-goji-berry-hydration-facial-mask-4582,شانس خانومی لطفا.ماسکا روشن کننده و آبرسان.ک مناسب پوست ایرانیاس.,3,false,2015-11-30T01:34:55.9766667+00:00,خنثی,0.35,محصول,محصول
ماسک صورت خاک رسی جو و آووکادو حجم 175 میلی لیتر,https://www.khanoumi.com/products/freeman-avocado-and-oatmeal-clay-facial-mask-4583,من خیلی راضی بودم عالی,0,true,2023-07-02T14:25:22+00:00,مثبت,0.79,محصول,محصول
ماسک صورت خاک رسی جو و آووکادو حجم 175 میلی لیتر,https://www.khanoumi.com/products/freeman-avocado-and-oatmeal-clay-facial-mask-4583,دوباره شارژ کنید,0,true,2023-06-11T19:07:09+00:00,خنثی,0.35,سایر,سایر
ماسک صورت خاک رسی جو و آووکادو حجم 175 میلی لیتر,https://www.khanoumi.com/products/freeman-avocado-and-oatmeal-clay-facial-mask-4583,"از بهترین ماسک هاییه که داشتم 
بوی خوبی داره 
بعد از استفاده پوست نرم میشه 
راحت پخش میشه روی صورت
شستنش یکم طول میکشه ولی میتونید با یه دسمال خیس اول پاک کنید بعد با آب بشورید
پوست حال میاد بعدش قشنگ 
حجمش هم خوبه فقط قیمتش هی داره بیشتر میشه🥲
",1,true,2023-04-26T17:30:56+00:00,مثبت,0.95,محصول | قیمت,محصول
ماسک صورت خاک رسی جو و آووکادو حجم 175 میلی لیتر,https://www.khanoumi.com/products/freeman-avocado-and-oatmeal-clay-facial-mask-4583,این ماسک روی کوچیک کردن منافذ تاثیر بسیار خوبی داره وپوست خیلی نرم و شاداب میکنه ,2,false,2023-04-04T23:10:58+00:00,مثبت,0.67,محصول,محصول
ماسک صورت خاک رسی جو و آووکادو حجم 175 میلی لیتر,https://www.khanoumi.com/products/freeman-avocado-and-oatmeal-clay-facial-mask-4583,خوب بود من راضی بودم,4,true,2022-02-11T17:58:22+00:00,مثبت,0.91,محصول,محصول
ماسک صورت خاک رسی جو و آووکادو حجم 175 میلی لیتر,https://www.khanoumi.com/products/freeman-avocado-and-oatmeal-clay-facial-mask-4583,من سالهاست از ماسک های فریمن استفاده میکنم و واقعا راضی ام.این ماسک واقعا عالیه و برای پوست مختلط و چرب خیلی کاربرد داره. اگه نواحی پیشونی و بینی اتون فقط چربه میتونید این ماسک و فقط برای همون ناحیه استفاده کنید. پوست و کاملا پاکسازی میکنه و چربی اضافه پوست و میگیره. بعدش پوست کاملا شفاف و نرم میشه و به مرور جوش های سرسیاه و زیر پوستیو کمتر میکنه. پیشنهاد میکنم حتما امتحانش کنید,18,false,2022-01-10T09:27:13+00:00,مثبت,0.95,محصول,محصول
ماسک صورت خاک رسی جو و آووکادو حجم 175 میلی لیتر,https://www.khanoumi.com/products/freeman-avocado-and-oatmeal-clay-facial-mask-4583,من سالهاست از ماسک و اسکراب استفاده میکنم و از هیچ کرم زیبایی استفاده‌ نمیکنم و از زمانی که از فریمن استفاده میکنم  واقعا خیلی راضی بودم  و ماسک خیارش هم عالیه ,20,false,2021-05-29T17:35:41+00:00,مثبت,0.91,محصول,محصول
ماسک صورت خاک رسی جو و آووکادو حجم 175 میلی لیتر,https://www.khanoumi.com/products/freeman-avocado-and-oatmeal-clay-facial-mask-4583,من دوسالی میشه دارم و ازش استفاده میکنم. پوست ر واقعا تمیز میکنه اما اشتباه خیلی‌ها اینه که دقت نمیکنن محصولاتی که خاک رس دارن فقط و فقط باید تو ناحیه تی زون استفاده بشه. چون بقیه جاهای صورت که اکثرا خشک هست باعث التهاب و سوزش میشه. مسئله مهم دیگه اینه که چطور پاکش کنید. بعد از مصرف خشک میشه و تغییر رنگ میده و میتونید با یه پد یا دستکش یا فیش براش خیس به آرومی ماساژ بدید و پاک کنید و بعد هم حتما تونر پوست چرب بزنید ,43,false,2020-11-01T13:08:42+00:00,منفی,0.67,محصول,محصول
ماسک صورت خاک رسی جو و آووکادو حجم 175 میلی لیتر,https://www.khanoumi.com/products/freeman-avocado-and-oatmeal-clay-facial-mask-4583,"ماسک خیلی خوبی هست 
برای خشک کردن جوش عالیه 
به کسایی که پوست ها چرب دارن پیشنهاد می کنم
",32,true,2020-06-12T18:13:19+00:00,مثبت,0.95,محصول,محصول
ماسک صورت خاک رسی جو و آووکادو حجم 175 میلی لیتر,https://www.khanoumi.com/products/freeman-avocado-and-oatmeal-clay-facial-mask-4583,دوستان من اول مسافرتیشو گرفتم عالی بود برای همین سایزبزرگ خریدم واقعا ماسکای فریمن عالیه پوست من مختلطه و گندمی به پوست حالت لیفت میده روشن کنندس نرم کنندس و دونه های زیرپوستی وسرسیاهو ب مرور ازبین میبره و روزنه های پوستمم تمیزمیکنه پیشنهادمیکنم به همه💙💙💙💙💚💚💚💚💚,27,true,2020-03-14T03:36:45+00:00,مثبت,0.95,محصول,محصول
ماسک صورت خاک رسی جو و آووکادو حجم 175 میلی لیتر,https://www.khanoumi.com/products/freeman-avocado-and-oatmeal-clay-facial-mask-4583,ماسک خوبیه ,4,true,2020-03-03T15:31:10+00:00,مثبت,0.67,سایر,سایر
ماسک صورت خاک رسی جو و آووکادو حجم 175 میلی لیتر,https://www.khanoumi.com/products/freeman-avocado-and-oatmeal-clay-facial-mask-4583,تاثیر فوق العاده ای داره روی پوست. پاکسازی می کنه و درخشان تر میشه پوست .,4,true,2020-02-26T23:57:21+00:00,مثبت,0.67,محصول,محصول
ماسک صورت خاک رسی جو و آووکادو حجم 175 میلی لیتر,https://www.khanoumi.com/products/freeman-avocado-and-oatmeal-clay-facial-mask-4583,بوی خوبی داره حس خوبی به پوست میده و به نظرم روی جوشا هم اثر داره البته باید مداوم استفاده بشه,4,true,2020-02-22T20:31:08+00:00,مثبت,0.79,محصول,محصول
ماسک صورت خاک رسی جو و آووکادو حجم 175 میلی لیتر,https://www.khanoumi.com/products/freeman-avocado-and-oatmeal-clay-facial-mask-4583,من یکبار مصرفشو استفاده کردم واسه جوشای زیرپوستی و پوست چرب عالیه بعد از شستن متوجه نرم شدن پوست میشین,5,false,2020-02-08T19:20:51+00:00,مثبت,0.79,محصول,محصول
ماسک صورت خاک رسی جو و آووکادو حجم 175 میلی لیتر,https://www.khanoumi.com/products/freeman-avocado-and-oatmeal-clay-facial-mask-4583," تقریبا نصف تیوپ ، خالی بود و هوا داشت . 
",13,true,2020-01-07T15:16:03+00:00,خنثی,0.35,محصول,محصول
ماسک صورت خاک رسی جو و آووکادو حجم 175 میلی لیتر,https://www.khanoumi.com/products/freeman-avocado-and-oatmeal-clay-facial-mask-4583,خیلی خوبه منافذ رو هم میبنده ولی  پلمپ نیست ,10,true,2019-12-27T16:05:34+00:00,مثبت,0.91,تحویل و ارسال,تحویل و ارسال
ماسک صورت خاک رسی جو و آووکادو حجم 175 میلی لیتر,https://www.khanoumi.com/products/freeman-avocado-and-oatmeal-clay-facial-mask-4583,حس خیلی خوب داشت بعد از استفاده اولین بار بود ازش استفاده کردم حس کردم جوش زیر پوستی موثره,4,true,2019-10-19T17:12:53+00:00,مثبت,0.79,محصول,محصول
ماسک صورت خاک رسی جو و آووکادو حجم 175 میلی لیتر,https://www.khanoumi.com/products/freeman-avocado-and-oatmeal-clay-facial-mask-4583,خیلی خوب بود از یکبار مصرفش استفاده کردم,5,false,2019-10-13T15:16:41+00:00,مثبت,0.91,محصول,محصول
ماسک صورت خاک رسی جو و آووکادو حجم 175 میلی لیتر,https://www.khanoumi.com/products/freeman-avocado-and-oatmeal-clay-facial-mask-4583,اولین بار بود از این ماسک استفاده می کردم،در استفاده های اول خوب بوده و کامنت منفی ندارم، به صورت جذاب و براقی سفت میشه و راحت شسته میشه,5,true,2019-10-13T13:47:57+00:00,مثبت,0.79,محصول,محصول
ماسک صورت خاک رسی جو و آووکادو حجم 175 میلی لیتر,https://www.khanoumi.com/products/freeman-avocado-and-oatmeal-clay-facial-mask-4583,برای جوش زیر پوستی خیلی خوب هست حتی با یبار استفاده,3,false,2019-09-28T15:58:12+00:00,مثبت,0.79,محصول,محصول
ماسک صورت خاک رسی جو و آووکادو حجم 175 میلی لیتر,https://www.khanoumi.com/products/freeman-avocado-and-oatmeal-clay-facial-mask-4583,این ماسک حرف نداره مخصوصا واسه جوش های زیرپوستی خیلی خوبه اگر مرتب استفاده بشه,3,false,2019-09-08T16:20:53+00:00,مثبت,0.91,محصول,محصول
ماسک صورت خاک رسی جو و آووکادو حجم 175 میلی لیتر,https://www.khanoumi.com/products/freeman-avocado-and-oatmeal-clay-facial-mask-4583,اینو من قبلا خریده بودم بدک نبود ولی یهو قیمتش چرا انقد فضایی شده؟؟؟؟,16,true,2019-08-13T20:42:43.8033333+00:00,مثبت,0.67,محصول | قیمت,محصول
ماسک صورت خاک رسی جو و آووکادو حجم 175 میلی لیتر,https://www.khanoumi.com/products/freeman-avocado-and-oatmeal-clay-facial-mask-4583,عالیه👌👌,5,true,2019-07-20T22:51:10.04+00:00,مثبت,0.79,سایر,سایر
ماسک صورت خاک رسی جو و آووکادو حجم 175 میلی لیتر,https://www.khanoumi.com/products/freeman-avocado-and-oatmeal-clay-facial-mask-4583,متاسفانه اثر خاصی از این ماسک ندیدم😕,10,true,2019-01-15T04:29:20.59+00:00,منفی,0.67,محصول,محصول
ماسک صورت خاک رسی جو و آووکادو حجم 175 میلی لیتر,https://www.khanoumi.com/products/freeman-avocado-and-oatmeal-clay-facial-mask-4583,مشتری گرامی/ لطفا مشکل خود را از بخش خریدهای من برای امور مشتریان ارسال بفرمایید تا بررسی شود. ,2,false,2018-12-26T18:19:43.9433333+00:00,خنثی,0.35,محصول | تحویل و ارسال,محصول
ماسک صورت خاک رسی جو و آووکادو حجم 175 میلی لیتر,https://www.khanoumi.com/products/freeman-avocado-and-oatmeal-clay-facial-mask-4583,"من چندین محصول از خانومی خریدم از جمله همین ماسکو اما متاسفانه هیچ نوع پلمپی نداره محصولاتش  و این ماسک نصفش فقط هواست 
کرم پودر و کانسیلر و رژی هم که خریدم نه جعبه داشت نه پلمپ واقعا متاسفم.",51,true,2018-12-25T09:23:59.6833333+00:00,منفی,0.79,محصول | تحویل و ارسال,محصول
ماسک صورت خاک رسی جو و آووکادو حجم 175 میلی لیتر,https://www.khanoumi.com/products/freeman-avocado-and-oatmeal-clay-facial-mask-4583,سلام عذرميخوام ميشه بفرمايين چرا ظاهرِ اين ماسك با ماسكاي اصلِ فيري من فرق داره !؟ امريكايي نيست ؟ تو پيج اصليش هم اين شكلي نبود آووكادوش !,15,false,2018-12-23T01:01:01.1133333+00:00,خنثی,0.35,اصل بودن کالا | محصول,اصل بودن کالا
ماسک صورت خاک رسی جو و آووکادو حجم 175 میلی لیتر,https://www.khanoumi.com/products/freeman-avocado-and-oatmeal-clay-facial-mask-4583,سلام براي پوست چرب و جوش زير پوستي كدوم مدل مناسبه؟؟لطفا كسي ميدونه جواب بده,2,true,2018-12-13T19:28:40.61+00:00,منفی,0.79,محصول,محصول
ماسک صورت خاک رسی جو و آووکادو حجم 175 میلی لیتر,https://www.khanoumi.com/products/freeman-avocado-and-oatmeal-clay-facial-mask-4583,سلام خسته نباشید من این ماسک رو خریدم باید بگم پوست تنها یکم روشن و لطیف میکنه ولی بعد از استفاده پوستم ملتهب شد وبعد از چند روز پوستم خارش شدیدی گرفت و شروع به جوش زدن کرد،اصلا برای پوست چرب و مختلط من مناسب نبود پیشنهاد نمیکنم,10,false,2018-12-10T13:34:15.3466667+00:00,خنثی,0.35,محصول | اصل بودن کالا,محصول
ماسک صورت خاک رسی جو و آووکادو حجم 175 میلی لیتر,https://www.khanoumi.com/products/freeman-avocado-and-oatmeal-clay-facial-mask-4583,اخه ۱۳ درصد دیگه شانس هست؟!!!!!!!,13,false,2018-11-29T13:33:07.08+00:00,خنثی,0.35,سایر,سایر
ماسک صورت خاک رسی جو و آووکادو حجم 175 میلی لیتر,https://www.khanoumi.com/products/freeman-avocado-and-oatmeal-clay-facial-mask-4583,این ماسک برا منافذ واقعا عالیه من با ی بار استفاده تاثیرش حس کردم ..پوست بعد استفاده خیلی شفاف و روشن می شه ..واقعا ماسک خوبیه,5,true,2018-10-27T22:40:55.3566667+00:00,مثبت,0.91,محصول,محصول
ماسک صورت خاک رسی جو و آووکادو حجم 175 میلی لیتر,https://www.khanoumi.com/products/freeman-avocado-and-oatmeal-clay-facial-mask-4583,این رو من خریدم امروز به دستم رسید چند بار در هفته میشه استفاده کرد؟تو توضیحاتش ننوشته,4,false,2018-10-23T12:22:15.6766667+00:00,خنثی,0.35,تحویل و ارسال,تحویل و ارسال
ماسک صورت خاک رسی جو و آووکادو حجم 175 میلی لیتر,https://www.khanoumi.com/products/freeman-avocado-and-oatmeal-clay-facial-mask-4583,پریسا عزیز، محصولات به صورت مستقیم از وارد کننده اصلی تامین میشوند. برخی از محصولات به طور کلی پلمپ خاصی ندارند و خانومی هیچ دخل و تصرفی در بسته بندی هیچ کدام از محصولات ندارد.,1,false,2018-09-15T17:13:31.66+00:00,مثبت,0.67,تحویل و ارسال | محصول | اصل بودن کالا,تحویل و ارسال
ماسک صورت خاک رسی جو و آووکادو حجم 175 میلی لیتر,https://www.khanoumi.com/products/freeman-avocado-and-oatmeal-clay-facial-mask-4583,"به نظرم برای سایت معتبری مثل شما خیلی بده که محصولات  باز میفرستید
من این ماسک و یکی دیگه از همین برند رو  خریدم  که متاسفانه انگار نصف تیوب خالی هستش و چون بازه من مطمعن نیستم که از کارخونه به این شکل بوده باشه...",10,true,2018-09-15T16:35:31.34+00:00,منفی,0.91,محصول,محصول
ماسک صورت خاک رسی جو و آووکادو حجم 175 میلی لیتر,https://www.khanoumi.com/products/freeman-avocado-and-oatmeal-clay-facial-mask-4583,من خیلی وقته ازین ماسک استفاده میکنم...دوستانی ک گفتن رو جوش سرسیاه تاثیر نداره خب اصلا کارش ازبین بردن جوش سرسیاه نیس... اما منافذو کوچیک میکنه رنگ پوستو یکی دو درجه روشن تر میکنه و ی حس خوبی ب پوست میده... ولی من پوستم مختلطه و بعد از استفاده پوستمو خشک میکنه یکم ک با ی کرم مرطوب کننده اونم حل میشه... درکل  من ازش راضیم..,3,true,2018-09-03T13:30:16.23+00:00,مثبت,0.79,محصول | اصل بودن کالا,محصول
ماسک صورت خاک رسی جو و آووکادو حجم 175 میلی لیتر,https://www.khanoumi.com/products/freeman-avocado-and-oatmeal-clay-facial-mask-4583,همجا قیمت کمتره چرا انقدر گرون میدید ,29,false,2018-06-01T09:48:11+00:00,خنثی,0.35,قیمت,قیمت
ماسک صورت خاک رسی جو و آووکادو حجم 175 میلی لیتر,https://www.khanoumi.com/products/freeman-avocado-and-oatmeal-clay-facial-mask-4583,من پوستم نرمال رو به خشکه و این ماسک پوستمو خشک میکنه اونقدرا هم پاکشازی عمیق نداره سرسیاه هارو از بین نمیبره ولی پوست شفاف میشه بعدش و منافذ پوست رو کوچیکتر میکنه ....این تجربه من بعد از دوماه مصرفه معمولا هفته ای یک بار میزنم ازش چون بیشتر از این پوستمو خیلی خیلی خشک میکنه,20,true,2018-04-02T18:44:42.1433333+00:00,خنثی,0.35,محصول,محصول
ماسک صورت خاک رسی جو و آووکادو حجم 175 میلی لیتر,https://www.khanoumi.com/products/freeman-avocado-and-oatmeal-clay-facial-mask-4583,ماسک خوبی بود پاک سازی عمیق میکنه و پوست رو شفاف میکنه ,8,true,2018-03-27T11:09:21.2233333+00:00,مثبت,0.67,محصول,محصول
ماسک صورت خاک رسی جو و آووکادو حجم 175 میلی لیتر,https://www.khanoumi.com/products/freeman-avocado-and-oatmeal-clay-facial-mask-4583,قیمتی خانمی اکثرا مناسب هستن مخصوصا وقتی توی شانس قرار میدید.اما ماسکای فریمن حتی وقتی که توی شانس میرن از جاهای دیگه گرونترن ,20,false,2018-03-11T08:26:00.6066667+00:00,خنثی,0.35,قیمت,قیمت
ماسک صورت خاک رسی جو و آووکادو حجم 175 میلی لیتر,https://www.khanoumi.com/products/freeman-avocado-and-oatmeal-clay-facial-mask-4583,لطفا تو شانس قرارش بدین لطفااااااااااااااااااواا,4,false,2018-02-22T21:08:57.5+00:00,منفی,0.67,سایر,سایر
ماسک صورت خاک رسی جو و آووکادو حجم 175 میلی لیتر,https://www.khanoumi.com/products/freeman-avocado-and-oatmeal-clay-facial-mask-4583,شانس 10:10 لطفاااااااااااااااااااااااااااااااااااااااااااااااااااااااااااااااااااااااااااااااااااااااااااااااااااااااااااااااااااااااااااااا,7,false,2018-01-28T23:25:35.7066667+00:00,خنثی,0.35,سایر,سایر
ماسک صورت خاک رسی جو و آووکادو حجم 175 میلی لیتر,https://www.khanoumi.com/products/freeman-avocado-and-oatmeal-clay-facial-mask-4583,چرا همه چی رو تو شانس قرار میدی ماسک های فریمن رو قرار نمی دید. شانس بزارید لطفا خیلی وقته منتظرشم...,7,true,2018-01-28T23:22:22.13+00:00,خنثی,0.35,سایر,سایر
ماسک صورت خاک رسی جو و آووکادو حجم 175 میلی لیتر,https://www.khanoumi.com/products/freeman-avocado-and-oatmeal-clay-facial-mask-4583,لطفا این رو هم تو شانس قرار بدید، من کلی خرید کردم منتظر این محصولم تا خریدمو نهایی کنم. لطفاااااااااااااااااااااا,5,true,2018-01-20T23:45:30.6866667+00:00,منفی,0.67,محصول,محصول
ماسک صورت خاک رسی جو و آووکادو حجم 175 میلی لیتر,https://www.khanoumi.com/products/freeman-avocado-and-oatmeal-clay-facial-mask-4583,"5 ستاره 
پوستم باهاش هم نرم تر شد هم یکی دو درجه شفاف تر و روشن تر",2,true,2018-01-20T22:23:28.1766667+00:00,خنثی,0.35,محصول,محصول
ماسک صورت خاک رسی جو و آووکادو حجم 175 میلی لیتر,https://www.khanoumi.com/products/freeman-avocado-and-oatmeal-clay-facial-mask-4583,سلام لطفا من رو راهنمایی کنید کدوم یکی از این ماسگها برای پوست چرب و جوش زیرپوستی سرسیاه و سرسپید مناسب هستش؟ سپاسسس ,1,true,2018-01-15T12:51:28.6166667+00:00,مثبت,0.67,محصول,محصول
ماسک صورت خاک رسی جو و آووکادو حجم 175 میلی لیتر,https://www.khanoumi.com/products/freeman-avocado-and-oatmeal-clay-facial-mask-4583,بهترین ماسک برای پوست های چرب و جوش دار,4,true,2017-12-27T16:50:57.47+00:00,مثبت,0.67,محصول,محصول
ماسک صورت خاک رسی جو و آووکادو حجم 175 میلی لیتر,https://www.khanoumi.com/products/freeman-avocado-and-oatmeal-clay-facial-mask-4583,خانووومييييى موجووود كنننن 😭,0,true,2017-12-19T11:42:58.7+00:00,خنثی,0.35,محصول,محصول
ماسک صورت خاک رسی جو و آووکادو حجم 175 میلی لیتر,https://www.khanoumi.com/products/freeman-avocado-and-oatmeal-clay-facial-mask-4583,من ازین ماسک راضی بودم لطفا موجودش کنین,2,true,2017-12-09T09:23:16.4066667+00:00,مثبت,0.67,محصول,محصول
ماسک صورت خاک رسی جو و آووکادو حجم 175 میلی لیتر,https://www.khanoumi.com/products/freeman-avocado-and-oatmeal-clay-facial-mask-4583,چرا شانس  ده ده بيش از يك عدد صورت نميگيريد,2,true,2017-11-23T15:28:09.7566667+00:00,خنثی,0.35,سایر,سایر
ماسک صورت خاک رسی جو و آووکادو حجم 175 میلی لیتر,https://www.khanoumi.com/products/freeman-avocado-and-oatmeal-clay-facial-mask-4583,شانس,9,false,2017-07-02T10:33:52.2566667+00:00,خنثی,0.35,سایر,سایر
ماسک صورت خاک رسی جو و آووکادو حجم 175 میلی لیتر,https://www.khanoumi.com/products/freeman-avocado-and-oatmeal-clay-facial-mask-4583,شانس لطفا.,25,false,2017-01-08T12:42:04.2466667+00:00,خنثی,0.35,سایر,سایر
ماسک صورت خاک رسی جو و آووکادو حجم 175 میلی لیتر,https://www.khanoumi.com/products/freeman-avocado-and-oatmeal-clay-facial-mask-4583,لطفا موجود کنید,10,true,2016-04-13T22:01:09.37+00:00,خنثی,0.35,محصول,محصول
ماسک صورت خاک رسی جو و آووکادو حجم 175 میلی لیتر,https://www.khanoumi.com/products/freeman-avocado-and-oatmeal-clay-facial-mask-4583,لطفا این محصول را موجود کنید,10,false,2016-02-12T00:17:05.4766667+00:00,خنثی,0.35,محصول,محصول
ماسک صورت خاک رسی جو و آووکادو حجم 175 میلی لیتر,https://www.khanoumi.com/products/freeman-avocado-and-oatmeal-clay-facial-mask-4583,لطفا موجود کنید,7,true,2016-01-08T13:11:19.92+00:00,خنثی,0.35,محصول,محصول
ماسک صورت خاک رسی جو و آووکادو حجم 175 میلی لیتر,https://www.khanoumi.com/products/freeman-avocado-and-oatmeal-clay-facial-mask-4583,"شانس خانمی لطفا
",19,false,2015-12-05T05:07:09.6666667+00:00,خنثی,0.35,سایر,سایر
ماسک صورت آنزیمی آناناس حجم 175 میلی لیتر,https://www.khanoumi.com/products/freeman-pine-apple-enzyme-facial-mask-4584,ماسک خوبیه لایه برداری ملایمی میکنه اما از برند فریمن کانی های دریاییش برای سفیدی پوست و شفافیت من بیشتر رضایت داشتم ,0,true,2023-05-02T23:48:02+00:00,مثبت,0.67,محصول,محصول
ماسک صورت آنزیمی آناناس حجم 175 میلی لیتر,https://www.khanoumi.com/products/freeman-pine-apple-enzyme-facial-mask-4584,شانس,0,false,2023-03-24T22:58:22+00:00,خنثی,0.35,سایر,سایر
ماسک صورت آنزیمی آناناس حجم 175 میلی لیتر,https://www.khanoumi.com/products/freeman-pine-apple-enzyme-facial-mask-4584,استفاده کردم خوب بود پوستم رو نرم کرد اما چرا 175 میل نوشته شده و چیزی که برای من فرستادید 150 میل هستش ! ,2,true,2023-03-11T23:18:41+00:00,مثبت,0.79,محصول,محصول
ماسک صورت آنزیمی آناناس حجم 175 میلی لیتر,https://www.khanoumi.com/products/freeman-pine-apple-enzyme-facial-mask-4584,"ماسک عالی
روشن کنندگی داره
بوی فوق العاده خوب
پاکسازی خوب
مناسب انواع پوست
بنسبت گریفروت غلیظتره",8,false,2020-11-01T13:12:29+00:00,مثبت,0.95,محصول,محصول
ماسک صورت آنزیمی آناناس حجم 175 میلی لیتر,https://www.khanoumi.com/products/freeman-pine-apple-enzyme-facial-mask-4584,"دوسش دارم پوست رو نرم تر میکنه
",9,true,2020-06-13T01:17:44+00:00,خنثی,0.35,محصول,محصول
ماسک صورت آنزیمی آناناس حجم 175 میلی لیتر,https://www.khanoumi.com/products/freeman-pine-apple-enzyme-facial-mask-4584,سلام ببخشید برای از بین بردن لک های پوستی کدوم ماسک یا اسکراب فری من مناسبه,41,true,2019-10-24T00:14:22+00:00,خنثی,0.35,محصول,محصول
ماسک صورت آنزیمی آناناس حجم 175 میلی لیتر,https://www.khanoumi.com/products/freeman-pine-apple-enzyme-facial-mask-4584,خیلی فوق العاده,6,true,2019-10-09T21:30:30+00:00,مثبت,0.67,سایر,سایر
ماسک صورت آنزیمی آناناس حجم 175 میلی لیتر,https://www.khanoumi.com/products/freeman-pine-apple-enzyme-facial-mask-4584,عالللیه پوست رو شفاف و نرم میکنه,1,true,2019-10-09T21:00:01+00:00,خنثی,0.35,محصول,محصول
ماسک صورت آنزیمی آناناس حجم 175 میلی لیتر,https://www.khanoumi.com/products/freeman-pine-apple-enzyme-facial-mask-4584,عالللیه پوست رو شفاف و نرم میکنه,0,true,2019-10-09T18:55:10+00:00,خنثی,0.35,محصول,محصول
ماسک صورت آنزیمی آناناس حجم 175 میلی لیتر,https://www.khanoumi.com/products/freeman-pine-apple-enzyme-facial-mask-4584,لطفا توشانس بزارینش...,8,true,2019-02-01T16:20:57.06+00:00,خنثی,0.35,سایر,سایر
ماسک صورت آنزیمی آناناس حجم 175 میلی لیتر,https://www.khanoumi.com/products/freeman-pine-apple-enzyme-facial-mask-4584,من دوسش دارم پوست دو نرم میکنه و روشن در لحظه چون تازه شروع کردم هنوز نمیدونم واقعا لکه هرومی بره یا نه,0,false,2018-11-23T02:08:32.4733333+00:00,خنثی,0.35,محصول,محصول
ماسک صورت آنزیمی آناناس حجم 175 میلی لیتر,https://www.khanoumi.com/products/freeman-pine-apple-enzyme-facial-mask-4584,لطفا موجودش کنید ,10,false,2018-05-01T22:04:21.36+00:00,خنثی,0.35,محصول,محصول
ماسک صورت آنزیمی آناناس حجم 175 میلی لیتر,https://www.khanoumi.com/products/freeman-pine-apple-enzyme-facial-mask-4584,این ماسک برای پوست خیلی خشک مناسبه؟,10,false,2017-05-08T11:53:39.5866667+00:00,خنثی,0.35,محصول,محصول
ماسک صورت آنزیمی آناناس حجم 175 میلی لیتر,https://www.khanoumi.com/products/freeman-pine-apple-enzyme-facial-mask-4584,ماسکای فریمن عالیه.کاش بیشتر محصولات فریمن رو توی شانس قرار میدادید.بی صبرانه منتظریم...,35,false,2017-05-02T04:00:28.2233333+00:00,مثبت,0.79,محصول,محصول
ماسک صورت آنزیمی آناناس حجم 175 میلی لیتر,https://www.khanoumi.com/products/freeman-pine-apple-enzyme-facial-mask-4584,شانس خانومي,31,false,2017-02-05T22:10:27.01+00:00,خنثی,0.35,سایر,سایر
ماسک صورت آنزیمی آناناس حجم 175 میلی لیتر,https://www.khanoumi.com/products/freeman-pine-apple-enzyme-facial-mask-4584,خیلی ماسک خوبیه  ازش راضیم,9,false,2016-11-22T17:50:26.6966667+00:00,مثبت,0.91,سایر,سایر
ماسک صورت آنزیمی آناناس حجم 175 میلی لیتر,https://www.khanoumi.com/products/freeman-pine-apple-enzyme-facial-mask-4584,"خانم "" صفی "" عزیز / از اینکه تجربه مصرف خود را با ما و دیگر همراهان ""خانومی"" در میان گذاشتید بسیار سپاسگزاریم و بسیار خرسندیم که خرید از ""خانومی"" برای شما رضایتمندی را به همراه داشته است .",2,false,2016-08-09T14:39:50+00:00,مثبت,0.67,سایر,سایر
ماسک صورت آنزیمی آناناس حجم 175 میلی لیتر,https://www.khanoumi.com/products/freeman-pine-apple-enzyme-facial-mask-4584,من ماسک آووکادوش رو گرفتم که9 سبز رنگه. فوق العاده است. تمام جوش هام رو از بین برد. در کل برند خوبیه. هم اینکه راحت شسته میشه. هم اینکه وقتی خشک میشه ترک ترک نمیشه، در نتیجه اگر بخواین شب تا صبح بزنید و بخوابید بالشتون کثیف نمیشه. ,8,false,2016-08-09T13:55:10.11+00:00,مثبت,0.79,محصول,محصول
ماسک صورت آنزیمی آناناس حجم 175 میلی لیتر,https://www.khanoumi.com/products/freeman-pine-apple-enzyme-facial-mask-4584,شانس خانومی لطفا,10,true,2016-05-14T12:51:16.08+00:00,خنثی,0.35,سایر,سایر
ماسک پاکسازی صورت شکلات و توت فرنگی حجم 175 میلی لیتر,https://www.khanoumi.com/products/freeman-chocolate-and-strawberry-detoxifying-facial-mask-4586,"عالیه این ماسک
",2,false,2019-12-24T23:01:20+00:00,مثبت,0.79,سایر,سایر
ماسک پاکسازی صورت شکلات و توت فرنگی حجم 175 میلی لیتر,https://www.khanoumi.com/products/freeman-chocolate-and-strawberry-detoxifying-facial-mask-4586,عجب شانس ۱۰:۱۰ !!! بهتره اسمشو عوض کنید وقتی قراره هروقت از شبانه روز گذاشته بشه,13,false,2017-10-10T23:24:55.5233333+00:00,خنثی,0.35,سایر,سایر
ماسک پاکسازی صورت شکلات و توت فرنگی حجم 175 میلی لیتر,https://www.khanoumi.com/products/freeman-chocolate-and-strawberry-detoxifying-facial-mask-4586,شانس لطفا,12,true,2017-07-07T22:26:29.0966667+00:00,خنثی,0.35,سایر,سایر
ماسک پاکسازی صورت شکلات و توت فرنگی حجم 175 میلی لیتر,https://www.khanoumi.com/products/freeman-chocolate-and-strawberry-detoxifying-facial-mask-4586,"شکیبای عزیز به محض تامین نمونه با کیفیت محصول ازطرف بخش تامین کالا فروشگاه محصول شارژ و در دسترس شما همراهان عزیز "" خانومی"" قرار خواهد گرفت. میتوانید در صفحه محصول "" آیکون "" به من اطلاع بده "" را فعال کنید تا در زمان شارژ کالا از طریق پیامک و ایمیل اطلاع پیدا کنید.",9,false,2017-01-23T08:35:59.6333333+00:00,منفی,0.79,محصول,محصول
ماسک پاکسازی صورت شکلات و توت فرنگی حجم 175 میلی لیتر,https://www.khanoumi.com/products/freeman-chocolate-and-strawberry-detoxifying-facial-mask-4586,لطفا ماسک ذغال این مارک رو هم بیارید,8,false,2017-01-23T05:26:46.8933333+00:00,خنثی,0.35,سایر,سایر
ماسک پاکسازی صورت شکلات و توت فرنگی حجم 175 میلی لیتر,https://www.khanoumi.com/products/freeman-chocolate-and-strawberry-detoxifying-facial-mask-4586,"خانم "" علی عرب "" عزیز / میتوانید در صفحه محصول آیکون "" به من اطلاع بده "" را فعال کنید تا هم شانس در تخفیف قرار گرفتن محصول مورد علاقه تان را افزایش دهید و هم در زمان در تخفیف قرار گرفتن آن از طریق پیامک و ایمیل اطلاع پیدا کنید .
",0,false,2016-10-27T09:42:02.0266667+00:00,منفی,0.79,محصول | قیمت,محصول
ماسک پاکسازی صورت شکلات و توت فرنگی حجم 175 میلی لیتر,https://www.khanoumi.com/products/freeman-chocolate-and-strawberry-detoxifying-facial-mask-4586,شانس خانومی لطفا,3,false,2016-10-26T19:32:08.9766667+00:00,خنثی,0.35,سایر,سایر
ماسک پاکسازی صورت شکلات و توت فرنگی حجم 175 میلی لیتر,https://www.khanoumi.com/products/freeman-chocolate-and-strawberry-detoxifying-facial-mask-4586,شانس,4,false,2016-06-24T22:41:26.39+00:00,خنثی,0.35,سایر,سایر
ماسک پاکسازی صورت شکلات و توت فرنگی حجم 175 میلی لیتر,https://www.khanoumi.com/products/freeman-chocolate-and-strawberry-detoxifying-facial-mask-4586,لطفا در شانس قرار بديد,7,false,2016-02-15T10:53:28.58+00:00,منفی,0.67,سایر,سایر
ماسک پاکسازی صورت شکلات و توت فرنگی حجم 175 میلی لیتر,https://www.khanoumi.com/products/freeman-chocolate-and-strawberry-detoxifying-facial-mask-4586,خانم شفیعی پور عزیز  / توصیه میشه محصولات از این دست در محیط متعدل و رو به خنک نگه داری شوند  ولی بطور قطع یخچال خیر . ضمن اینکه این ماسک کمی غلیظ هست ولی پیشنهاد میکنم ماسک را در محیط معتدل گزاشته و بعد در جهت استفاده اقدام کنید. اگر مایل هستید میتوانید از کاردک جهت پوشاندن صورت خود با ماسک استفاده کنید ولی به طور قطع نیازی به ترکیب آن با آب نیست.,3,false,2016-02-06T17:11:15.32+00:00,مثبت,0.91,محصول,محصول
ماسک پاکسازی صورت شکلات و توت فرنگی حجم 175 میلی لیتر,https://www.khanoumi.com/products/freeman-chocolate-and-strawberry-detoxifying-facial-mask-4586,سلام من از این ماسک خریدم. الان چند هفته است به دستم رسیده و تو این مدت تو یخچال نگهداری کردم. دیروز که زدم به صورتم خیلی سفت بود . به راحتی روی پوست نمیشد بزنی. و اینکه به نظرم خیلی زود روی صورت خشک شد. می خواستم بپرسم این نوع ماسک در چه حد روان هست؟ نباید تو یخچال میگذاشتم؟ باید قبل از استفاده با کمی آب قاطی کنم و با قلم مو به صورتم بزنم؟ ممنون,10,true,2016-02-06T11:18:29.58+00:00,مثبت,0.67,محصول | تحویل و ارسال,محصول
ماسک پاکسازی صورت شکلات و توت فرنگی حجم 175 میلی لیتر,https://www.khanoumi.com/products/freeman-chocolate-and-strawberry-detoxifying-facial-mask-4586,شانس خانومي,12,false,2015-12-02T01:10:51.9033333+00:00,خنثی,0.35,سایر,سایر
رژ لب مدادی مدل Matte,https://www.khanoumi.com/products/golden-rose-matte-lipstick-4587,اصلا مات نیست و در کل راضی نبودم,0,true,2026-08-28T23:49:28.33147+03:30,منفی,0.79,محصول | اصل بودن کالا,اصل بودن کالا
رژ لب مدادی مدل Matte,https://www.khanoumi.com/products/golden-rose-matte-lipstick-4587,ولی یکم اندازش کوچیکه نسبت به اون چیزی که فکر میکردم,0,true,2026-08-26T16:34:40.8251868+03:30,خنثی,0.35,سایر,سایر
رژ لب مدادی مدل Matte,https://www.khanoumi.com/products/golden-rose-matte-lipstick-4587,من شماره 21 رو سفارش دادم و به نظرم رنگ خیلی مناسبیه، برای سرکار یا یه بیرون معمولی، یه حالت نود ترکیبی با صورتی.و اینم بگم نرم هست رو لب,0,true,2026-08-26T16:34:08.237791+03:30,خنثی,0.35,محصول,محصول
رژ لب مدادی مدل Matte,https://www.khanoumi.com/products/golden-rose-matte-lipstick-4587,"واقعا کیفیت خوبی داره و نرمه و‌روی لب خشک نمیشه کلا دوسش دارم فقط اگه حجم کمی ازش بزنی زود پاک میشه نیاز داره برای مدت طولانی تمدید بشه 
من که خیلی دوسشون دارم",0,true,2026-08-24T11:23:24.9795587+03:30,مثبت,0.79,محصول,محصول
رژ لب مدادی مدل Matte,https://www.khanoumi.com/products/golden-rose-matte-lipstick-4587,خیلی چربه,0,true,2026-08-18T14:56:54.6881162+03:30,خنثی,0.35,سایر,سایر
رژ لب مدادی مدل Matte,https://www.khanoumi.com/products/golden-rose-matte-lipstick-4587,عالی بود دوسش دارم موندگاریشم خوبه,0,true,2026-08-14T16:08:44.9780022+03:30,مثبت,0.95,محصول,محصول
رژ لب مدادی مدل Matte,https://www.khanoumi.com/products/golden-rose-matte-lipstick-4587,خیلی خوشگله من شماره 21 رو گرفتم خیلی هم نرمه بوش هم بد نیست نسبت به قیمت هم عالیهه,0,true,2026-08-13T19:32:35.3663866+03:30,مثبت,0.91,محصول | قیمت,محصول
رژ لب مدادی مدل Matte,https://www.khanoumi.com/products/golden-rose-matte-lipstick-4587,شماره 05 واقعاً رنگ قشنگ و جذابی داره. بافتش نرمه، راحت روی لب پخش میشه و حس سنگینی ایجاد نمی‌کنه. ماندگاریش هم خوبه و برای استفاده روزانه انتخاب مناسبیه. رنگش خیلی شیک و کاربردیه,0,true,2026-08-01T14:45:54.6407654+03:30,مثبت,0.79,محصول,محصول
رژ لب مدادی مدل Matte,https://www.khanoumi.com/products/golden-rose-matte-lipstick-4587,رژ لب شماره 05 گلدن رز واقعاً رنگ قشنگ و جذابی داره. بافتش نرمه، راحت روی لب پخش میشه و حس سنگینی ایجاد نمی‌کنه. ماندگاریش هم خوبه و برای استفاده روزانه انتخاب مناسبیه. رنگش خیلی شیک و کاربردیه و با آرایش‌های مختلف هماهنگ میشه. از خریدم راضی هستم.,0,true,2026-07-30T12:00:49.3854821+03:30,مثبت,0.91,محصول,محصول
رژ لب مدادی مدل Matte,https://www.khanoumi.com/products/golden-rose-matte-lipstick-4587,"اصلا لب رو خشک نمیکنه موندگاری خوبی هم داره 
تست رنگهاش رو میزارم راحت تر انتخاب کنید.",0,false,2026-07-27T03:37:22.3382795+03:30,مثبت,0.79,محصول | اصل بودن کالا,محصول
رژ لب مدادی مدل Matte,https://www.khanoumi.com/products/golden-rose-matte-lipstick-4587,"خوش کیفیت، نرم و روان و البته خوشرنگ، شماره 21
به اندازه دلخواه من مات نیست، ولی تو ذوق هم نمیزنه. شاید اولهای نوکش مصرف بشه بعدش مات تر باشه.
انتخاب رنگ از روی تصویر کار مشکلی بود ولی انتظاری که از 21 داشتم به دست اومد.
رنگش آجری هست و خوشبختانه نشانی از صورتی نداره.
قیمتش هم تخفیف خورده بود و 411 تومن گرفتم که در 
مقایسه با پیپا آف لاندن کمتر از یک سوم قیمت میشه.
مرسی از فروشنده محترم که کالای سالم و درست فرستادن.
پک نایلونی درعکس مشخصه",0,true,2026-07-24T16:21:34.9654436+03:30,مثبت,0.67,محصول | قیمت,محصول
رژ لب مدادی مدل Matte,https://www.khanoumi.com/products/golden-rose-matte-lipstick-4587,شماره 12 خریدم صورتی خیلی تابستونی و جذاب بافت نرم,0,true,2026-07-23T12:08:45.7875572+03:30,خنثی,0.35,محصول,محصول
رژ لب مدادی مدل Matte,https://www.khanoumi.com/products/golden-rose-matte-lipstick-4587,رژ خیلی نرم و روونه. مشکل انتخاب رنگه که ظاهراً برای اکثر خریدارها ایجاد مشکل کرده. من رنگ 29 رو خریدم به هوای رنگ کاملاً قهوه‌ای که بشه با رنگ‌های دیگه ترکیبش کرد، اما روی لب خیلی نود و کمی صورتیه که انگار هیچی نزدم رو لبم. و بی‌روحه. پوست من گندمی روشنه، شاید روی پوستهای سفید یه چیزی معلوم باشه!,0,true,2026-07-15T13:11:15.8779133+03:30,خنثی,0.35,محصول,محصول
رژ لب مدادی مدل Matte,https://www.khanoumi.com/products/golden-rose-matte-lipstick-4587,ترکیب رنگ 21 و وسط لبم 18 زدم واقعاااا قشنگه برا من ک رژ لب خشک دوس ندارم عالیه خودش ی جلوه براق و شیک داره و اصلا خشک نیس.سنگینم نیس کلا گلدن رز خوبه. 21 یکم تیرس و 18 همون تناژ روشنتر کسایی ک رژ لب ترکیبی میزنن و میک اپ نود دوس دارن حتما این دو تا رو بخرن,0,true,2026-07-15T13:10:41.4575596+03:30,مثبت,0.67,محصول | اصل بودن کالا,محصول
رژ لب مدادی مدل Matte,https://www.khanoumi.com/products/golden-rose-matte-lipstick-4587,"رژ لب جامد گلدن رز شماره 12 و رژ لب مدادی گلدن رز شماره 21 گرفتم داغ داغ همین الان رسید بسیار خوشرنگ و جذابن بوی خوبی داره نرم لب خشک و پوشت پوشت نمیکنه صحیح و سالم و پلمپ هم رسید
رنگ هاش شیک و کاربردی ب خصوص برای سرکار خوبن",0,true,2026-07-08T12:14:01.2028614+03:30,مثبت,0.79,محصول | تحویل و ارسال,محصول
رژ لب مدادی مدل Matte,https://www.khanoumi.com/products/golden-rose-matte-lipstick-4587,من کد 11 رو چندساله استفاده میکنم، واقعا عالیه، بسیار نرمه، ماندگاری خوبی داره، روی لب لطیف و سبکه,0,true,2026-07-02T22:55:12.3505255+03:30,مثبت,0.91,محصول,محصول
رژ لب مدادی مدل Matte,https://www.khanoumi.com/products/golden-rose-matte-lipstick-4587,خود رژ خیلی کیفیت خوبی داره ،من شماره 02 رو خریدم و  یک زرشکی خوشرنگ میخواستم ولی اینی که خریدم رو پوست دست زرشکی تیره هس ولی روی لب یکم بادمجانیه وخیلی رنگشو دوست ندارم شاید اگه زرشکی روشن رو میگرفتم به چیزی که میخواستم نزدیک بود,0,true,2026-07-02T14:56:34.9232779+03:30,مثبت,0.79,محصول,محصول
رژ لب مدادی مدل Matte,https://www.khanoumi.com/products/golden-rose-matte-lipstick-4587,رنگ 21 رو گرفتم بافتش خوبه,0,true,2026-06-28T22:10:31.5973257+03:30,مثبت,0.79,محصول,محصول
رژ لب مدادی مدل Matte,https://www.khanoumi.com/products/golden-rose-matte-lipstick-4587,"من‌ شماره 21 و 14 خریدم
21 خیلییی خوشگله ولی 14 کمرنگه",0,true,2026-06-27T21:26:15.5233365+03:30,خنثی,0.35,محصول,محصول
رژ لب مدادی مدل Matte,https://www.khanoumi.com/products/golden-rose-matte-lipstick-4587,واسه لبای من که همیشه خشکه عالیه نرم و کره ای و خوش رنگ,0,true,2026-06-26T12:49:33.6407982+03:30,مثبت,0.79,محصول,محصول
رژ لب مدادی مدل Matte,https://www.khanoumi.com/products/golden-rose-matte-lipstick-4587,رنگ22سفارش دادم خیلی صورتی روشن و روغنیه و زود پاک میشه.,0,true,2026-06-14T23:34:47.6396487+03:30,خنثی,0.35,محصول,محصول
رژ لب مدادی مدل Matte,https://www.khanoumi.com/products/golden-rose-matte-lipstick-4587,خیلی نرم و لطیفه رنگ 22 گرفتم و واقعا راضی هستم و مجدد سفارش دادم,0,true,2026-06-12T16:22:29.0111515+03:30,مثبت,0.67,محصول,محصول
رژ لب مدادی مدل Matte,https://www.khanoumi.com/products/golden-rose-matte-lipstick-4587,رنگ 21 خیلی خوب بود,0,true,2026-06-11T17:27:26.7238213+03:30,مثبت,0.91,محصول,محصول
رژ لب مدادی مدل Matte,https://www.khanoumi.com/products/golden-rose-matte-lipstick-4587,"شماره 20 که ی قرمز آلبالوییه رو دارم رنگش خیلی قشنگه ولی من قرمز گوجه ای دوست داشتم ولی اینم خوبه 
ماندگاری زیادی نداره نسبت به رژهای جامد و مایع گلدن رز
ولی نسبت ب قیمتش خوبه",0,false,2026-06-08T00:14:40.4121763+03:30,مثبت,0.95,محصول | قیمت,محصول
رژ لب مدادی مدل Matte,https://www.khanoumi.com/products/golden-rose-matte-lipstick-4587,واقعا از خریدم راضی هستم من شماره 20رو گرفتم البالویی روشن خیلی خوش رنگه ماندگاری بالایی داره,0,true,2026-06-06T21:34:02.514897+03:30,مثبت,0.67,محصول,محصول
رژ لب مدادی مدل Matte,https://www.khanoumi.com/products/golden-rose-matte-lipstick-4587,"رنگ 21 صورتی قهوه ای
و رنگ 20 ک سمت راست هست آلبالویی روشن ک بیشتر قرمز قرمزه",0,true,2026-06-03T10:27:58.6568286+03:30,خنثی,0.35,محصول,محصول
رژ لب مدادی مدل Matte,https://www.khanoumi.com/products/golden-rose-matte-lipstick-4587,"من رنگ 20 آلبالویی روشن
و رنگ 21 صورتی قهوه ای رو خریدم
حقیقت از رنگ آلبالویی روشن ک اصلا خوشم نیومد چون قرمز قرمز 
ولی رنگ صورتی قهوه ای زیبا بود
باید بگم جلوه این رژ اصلااااا مات و مخملی نیست بلکه براق و اصلا روی لب خشک نمیشه یعنی یه رژ چرب ک تا آخر چرب میمونه و ماندگاری نداره من اگه میدونستم مات نیست محال بود بخرم ولی روون کشیده میشه پیگمنت خوبی داره
ولی عین رژای ماتیکی میمونه اصلا شبیه رژ مدادی قابل قبول نیست امیدوارم نظرم ب کارتون بیاد",0,true,2026-06-03T10:24:16.3133515+03:30,مثبت,0.95,محصول | اصل بودن کالا,محصول
رژ لب مدادی مدل Matte,https://www.khanoumi.com/products/golden-rose-matte-lipstick-4587,بافتش فوق العادس,0,true,2026-06-01T13:45:57.2132355+03:30,خنثی,0.35,محصول,محصول
رژ لب مدادی مدل Matte,https://www.khanoumi.com/products/golden-rose-matte-lipstick-4587,عاشق این رژ لبم واقعا عالیه روی لب نرم و مخملی ماندگاری خوب و بسیار خوش رنگ من رنگ سرخابی روشن رو سفارش دادم,0,true,2026-05-31T23:46:31.8863581+03:30,مثبت,0.91,محصول,محصول
رژ لب مدادی مدل Matte,https://www.khanoumi.com/products/golden-rose-matte-lipstick-4587,رنگ 07 صورتی خریدم،خیلی قشنگ و واسہ مونگاریش کمی لیپ گلس ھم میزنم,0,true,2026-05-23T11:19:39.3268885+03:30,خنثی,0.35,محصول,محصول
رژ لب مدادی مدل Matte,https://www.khanoumi.com/products/golden-rose-matte-lipstick-4587,"رنگ 8 رو خریدم خیلی بنفش من فکر میکردم صورتی باشه ولی روی اب بنفشش قالب میشه
از لحاظ موندگاری و کیفیت هم که گلدن رز دیگه عالی",0,true,2026-05-22T12:53:00.1578312+03:30,مثبت,0.67,محصول,محصول
رژ لب مدادی مدل Matte,https://www.khanoumi.com/products/golden-rose-matte-lipstick-4587,رنگی که سفارش دادم فرق داشت ولی اینم خوشرنگ هست خیلی ام نرم و خوبه,0,true,2026-05-20T17:42:07.5962194+03:30,مثبت,0.79,محصول,محصول
رژ لب مدادی مدل Matte,https://www.khanoumi.com/products/golden-rose-matte-lipstick-4587,من رنگ صورتی را خریدم بنفش و بی روح بود کیفیتش هم افتضاح بود اصلا شبیهه محصولات گلدن رز که خریدم نیود افتضاحهههه اصلا گول برند را نخورد نخرید,0,true,2026-05-18T17:33:26.2437734+03:30,ترکیبی,0.82,محصول | اصل بودن کالا,محصول
رژ لب مدادی مدل Matte,https://www.khanoumi.com/products/golden-rose-matte-lipstick-4587,شماره 09 اناری خیلی خوشرنگ و نرمه ولی زود پاک میشه، شماره 28 کالباسی روشنش خیلی کمرنگه من فکر میکردم رنگ لب باشه ولی کمرنگ تره، در کل جنسش نرمه.,0,true,2026-05-10T23:48:42.0011107+03:30,خنثی,0.35,محصول,محصول
رژ لب مدادی مدل Matte,https://www.khanoumi.com/products/golden-rose-matte-lipstick-4587,"من رنگ ارغوانی 08 رو خریدم بادمجونی بود و تیره تر از عکسش،
 زیاد این رنگو استفاده نمیکنم
اما بافت این رژ لب ها مات و خوبه. نه خیلی چرب نه خیلی خشک",0,true,2026-05-07T02:13:09.138234+03:30,مثبت,0.79,محصول,محصول
رژ لب مدادی مدل Matte,https://www.khanoumi.com/products/golden-rose-matte-lipstick-4587,من شماره12روگرفتم خیلی چرب وزشت و بد رنگ و بی روح هست پیگمنت نداره اصلا راضی نیستم ب معنای واقعی افتضاح,0,true,2026-05-03T19:56:32.104643+03:30,منفی,0.95,محصول | اصل بودن کالا,اصل بودن کالا
رژ لب مدادی مدل Matte,https://www.khanoumi.com/products/golden-rose-matte-lipstick-4587,بی کیفیت و چرب,0,true,2026-05-03T14:14:09.9787672+03:30,منفی,0.67,محصول,محصول
رژ لب مدادی مدل Matte,https://www.khanoumi.com/products/golden-rose-matte-lipstick-4587,"در کل چیز متوسطی هست
من شماره 29 گرفتم و اینقد رنگ روی لب نداره",0,false,2026-05-02T00:04:28.3970666+03:30,خنثی,0.35,محصول,محصول
رژ لب مدادی مدل Matte,https://www.khanoumi.com/products/golden-rose-matte-lipstick-4587,من رنگ ارغوانی خریدم با خط لب 526گلدن رز استفاده کردم چربی به اندازه اصلا احساس سنگینی نداره رنگش نسبتا پررنگ و بسیار شیکه رنگش مناسب مهمانیه البته من برای روزانه هم استفاده میکنم عکسشم براتون گذاشتم,0,true,2026-04-28T17:48:32.7908356+03:30,مثبت,0.67,محصول | اصل بودن کالا,محصول
رژ لب مدادی مدل Matte,https://www.khanoumi.com/products/golden-rose-matte-lipstick-4587,"رنگ12 اشو خریدم اصلا ماندگاری نداره و به بنفش میزنه تا صورتی
کلا رژلبای گلدن رز اصلا خوب نیستن",0,true,2026-04-28T12:10:19.5645788+03:30,منفی,0.67,محصول | اصل بودن کالا,اصل بودن کالا
رژ لب مدادی مدل Matte,https://www.khanoumi.com/products/golden-rose-matte-lipstick-4587,کالباس روشنش شبیه روح میکنه بیشتر شبیه کانسیلره تا رژلب اصلا خوشم نیومد انگار تو رژلب شن ریزه داره,0,true,2026-04-20T16:26:08.2527491+03:30,مثبت,0.67,اصل بودن کالا,اصل بودن کالا
رژ لب مدادی مدل Matte,https://www.khanoumi.com/products/golden-rose-matte-lipstick-4587,08 گرفتم انگار صورتیه روشنه بعدشم خیلی بی کیفیت و نرمه و زود پاک میشه اصلا ماندگاری نداره,0,true,2026-04-20T16:24:52.8843573+03:30,ترکیبی,0.66,محصول | اصل بودن کالا,محصول
رژ لب مدادی مدل Matte,https://www.khanoumi.com/products/golden-rose-matte-lipstick-4587,شماره 12 و 21 رو من دارم و هر دو رنگ در یک کلام بینظیرن,0,true,2026-04-20T00:49:19.4252802+03:30,خنثی,0.35,محصول,محصول
رژ لب مدادی مدل Matte,https://www.khanoumi.com/products/golden-rose-matte-lipstick-4587,شماره 09 انارى فوق العاااادست عاشقش شدمممم,0,true,2026-04-19T22:38:51.7684207+03:30,خنثی,0.35,سایر,سایر
رژ لب مدادی مدل Matte,https://www.khanoumi.com/products/golden-rose-matte-lipstick-4587,خیلی نرمو راحت کشیده میشه,0,true,2026-04-14T13:56:20.5592285+03:30,خنثی,0.35,محصول,محصول
رژ لب مدادی مدل Matte,https://www.khanoumi.com/products/golden-rose-matte-lipstick-4587,شماره 14 گرفتم اصلا رنگ نداره,0,true,2026-04-14T13:29:44.7731311+03:30,منفی,0.67,محصول | اصل بودن کالا,اصل بودن کالا
رژ لب مدادی مدل Matte,https://www.khanoumi.com/products/golden-rose-matte-lipstick-4587,رنگ زرشکی روشن گرفتم اما انگار سرخابی هست,0,true,2026-04-12T21:24:39.2020132+03:30,خنثی,0.35,محصول,محصول
رژ لب مدادی مدل Matte,https://www.khanoumi.com/products/golden-rose-matte-lipstick-4587,به دستم رسید و رنگ آلبالویی روشنش واقعا  زیباس . نرم و  روان,0,false,2026-04-05T23:23:58.6864483+03:30,خنثی,0.35,محصول | تحویل و ارسال,محصول
رژ لب مدادی مدل Matte,https://www.khanoumi.com/products/golden-rose-matte-lipstick-4587,شماره 12شو گرفتم ولی اصلا خوشرنگ نیست یاسی ماننده رنگش,0,true,2026-04-05T14:18:08.2473419+03:30,مثبت,0.67,محصول | اصل بودن کالا,محصول
رژ لب مدادی مدل Matte,https://www.khanoumi.com/products/golden-rose-matte-lipstick-4587,بعد از مدتها اتفاقى دیدم محصولات گلدن رز رو موجود کردین خیلییییی خوشحال شدم. این رژها فوق العاده هستن. لطفاً شماره 11 و 21 رو موجود کنید. با تشکر از سایت خیلى خوب خانومى,0,true,2026-03-28T08:14:30.4986794+03:30,مثبت,0.79,محصول,محصول
رژ لب مدادی مدل Matte,https://www.khanoumi.com/products/golden-rose-matte-lipstick-4587,من شماره 8 رو گرفتم‌ رنگی بین صورتی و بنفشه. خوشرنگه، نرمم هست من راضی بودم.,0,true,2026-03-14T10:15:10.8457935+03:30,مثبت,0.67,محصول,محصول
رژ لب مدادی مدل Matte,https://www.khanoumi.com/products/golden-rose-matte-lipstick-4587,"من رنگ 8 رو خریددم ی رنگ بین صورتی بنفشه، خوش رنگه 
بافت نرمی داره، من واقعا راضیم.",0,true,2026-01-30T07:56:57.5494305+03:30,مثبت,0.79,محصول,محصول
رژ لب مدادی مدل Matte,https://www.khanoumi.com/products/golden-rose-matte-lipstick-4587,512 رو گرفتم کیفیت رژلب عالیه منتها رنگش خیلی روشنه عملا بی کاربرده,0,true,2026-01-20T15:35:05.5347042+03:30,مثبت,0.79,محصول,محصول
رژ لب مدادی مدل Matte,https://www.khanoumi.com/products/golden-rose-matte-lipstick-4587,"دوستان من از این رژ لب گلدن رز استفاده کردم 
پیشنهادم برای تراشیدنش، اینه که نتراشید
اون قسمت رنگی مداد رو بکشید بیرون و بعد با یک مداد یا براش فشار بدید تا رژ بیاد بیرون و دوباره اون قسمت انتهایی رو بزنید سرجاش و هرموقع نیاز بود بازم تکرار کنید تا رژ بیاد بیرون و بتونید استفاده کنید",0,true,2026-01-17T12:08:32.0286341+03:30,ترکیبی,0.66,محصول,محصول
رژ لب مدادی مدل Matte,https://www.khanoumi.com/products/golden-rose-matte-lipstick-4587,به نسبت قیمتشوت خیلی عالین رنگ های خوبی هم دارن,0,true,2025-09-24T22:35:30.8700298+03:30,مثبت,0.79,محصول | قیمت,محصول
رژ لب مدادی مدل Matte,https://www.khanoumi.com/products/golden-rose-matte-lipstick-4587,خیلی عالین چرا مووووجودنمیکنید اخه ی مدت طولانی نگاه میکنم نیست,0,true,2025-02-19T17:13:17.4133468+00:00,مثبت,0.67,محصول,محصول
رژ لب مدادی مدل Matte,https://www.khanoumi.com/products/golden-rose-matte-lipstick-4587,نزدیک عیده دیگه برندهای خوب رو شارژ کنید لطفا گلدن رز و شیگلم رو موجود کنید,0,false,2025-02-13T13:47:14.1256669+00:00,مثبت,0.67,محصول,محصول
رژ لب مدادی مدل Matte,https://www.khanoumi.com/products/golden-rose-matte-lipstick-4587,لطفاً محصولات گلدن رز را شارژ کنید,0,false,2025-01-09T07:35:39.6818756+00:00,خنثی,0.35,محصول,محصول
رژ لب مدادی مدل Matte,https://www.khanoumi.com/products/golden-rose-matte-lipstick-4587,لطفا موجود کنین خیلییییی عالیه,0,true,2024-12-23T07:39:52.354538+00:00,مثبت,0.79,محصول,محصول
رژ لب مدادی مدل Matte,https://www.khanoumi.com/products/golden-rose-matte-lipstick-4587,چرا شارژ نمیکنید خانومی محترم خیلی وقته برندای خوبتونو شارژ نمیکنیدا,0,true,2024-12-18T21:44:32.6791922+00:00,مثبت,0.67,سایر,سایر
رژ لب مدادی مدل Matte,https://www.khanoumi.com/products/golden-rose-matte-lipstick-4587,لطفا موجودش کنین,0,true,2024-12-07T18:34:54.3379184+00:00,خنثی,0.35,محصول,محصول
رژ لب مدادی مدل Matte,https://www.khanoumi.com/products/golden-rose-matte-lipstick-4587,لطفاً لطفاً لطفاً محصولات گلدن رز رو موجود کنید,0,false,2024-12-07T07:16:31.5152838+00:00,خنثی,0.35,محصول,محصول
رژ لب مدادی مدل Matte,https://www.khanoumi.com/products/golden-rose-matte-lipstick-4587,لطفا موجود کنید سبد خریدم تکمیل کنم,0,true,2024-11-27T08:46:50.7989161+00:00,منفی,0.67,محصول,محصول
رژ لب مدادی مدل Matte,https://www.khanoumi.com/products/golden-rose-matte-lipstick-4587,این رژ فوق العاده‌ست اولین چیزی که من همیشه چک میکنم خانومی موجود کرده باشه این محصوله ولی هیچوقت موجود نیست,0,true,2024-11-22T10:27:08.7441492+00:00,مثبت,0.67,محصول,محصول
رژ لب مدادی مدل Matte,https://www.khanoumi.com/products/golden-rose-matte-lipstick-4587,لطفا موجود کنید,0,true,2024-11-17T09:06:46.8488541+00:00,خنثی,0.35,محصول,محصول
رژ لب مدادی مدل Matte,https://www.khanoumi.com/products/golden-rose-matte-lipstick-4587,سلام چرا موجود نمیشه,0,false,2024-11-15T14:29:28.6163913+00:00,خنثی,0.35,محصول,محصول
رژ لب مدادی مدل Matte,https://www.khanoumi.com/products/golden-rose-matte-lipstick-4587,لطفا موجودش کنید,0,false,2024-11-14T17:11:09.146195+00:00,خنثی,0.35,محصول,محصول
رژ لب مدادی مدل Matte,https://www.khanoumi.com/products/golden-rose-matte-lipstick-4587,لطفاً موجود کنید,0,true,2024-11-10T09:50:07.8219254+00:00,خنثی,0.35,محصول,محصول
رژ لب مدادی مدل Matte,https://www.khanoumi.com/products/golden-rose-matte-lipstick-4587,لطفا موجود کنید,0,false,2024-10-30T15:08:09.0620821+00:00,خنثی,0.35,محصول,محصول
رژ لب مدادی مدل Matte,https://www.khanoumi.com/products/golden-rose-matte-lipstick-4587,چرا موجود نمیکنین؟ عالی بودن,0,true,2024-10-10T06:50:53.8244189+00:00,منفی,0.79,محصول,محصول
رژ لب مدادی مدل Matte,https://www.khanoumi.com/products/golden-rose-matte-lipstick-4587,عالی بود.خیلی دوسش دارم,0,false,2024-09-11T01:04:17+00:00,مثبت,0.79,محصول,محصول
رژ لب مدادی مدل Matte,https://www.khanoumi.com/products/golden-rose-matte-lipstick-4587,خیلی چربی داره،ماندگاریشم خیلی خیلی کمه,0,true,2024-09-09T09:57:34+00:00,خنثی,0.35,محصول,محصول
رژ لب مدادی مدل Matte,https://www.khanoumi.com/products/golden-rose-matte-lipstick-4587,خیلی چرب و براقه مورد پسندم نبود,0,true,2024-08-05T13:23:30+00:00,خنثی,0.35,محصول,محصول
رژ لب مدادی مدل Matte,https://www.khanoumi.com/products/golden-rose-matte-lipstick-4587,لطفا کسانی که خریداری کردن بگن این مداد ها قابل تراش هستن؟؟؟؟؟,0,false,2024-06-27T13:50:18+00:00,خنثی,0.35,سایر,سایر
رژ لب مدادی مدل Matte,https://www.khanoumi.com/products/golden-rose-matte-lipstick-4587,"برای اولین باره که غیرحضوری رژ میخرم،خوشبختانه جواب اعتمادم رو از خانومی گرفتم
بی نظیره،چرب،روان،موندگاری عالی و از همه مهم تر بارکدش رو که اسکن کردم ساخت ترکیه و اصل بود.
من شماره 08رو گرفتم و خوشرنگ بود.",0,true,2024-06-26T09:50:58+00:00,مثبت,0.91,محصول | اصل بودن کالا,محصول
رژ لب مدادی مدل Matte,https://www.khanoumi.com/products/golden-rose-matte-lipstick-4587,اکثر رنگها نامحدود بود من09 اناری رو گرفتم یه قرمزی خاصی داری برای مهمونی و عروسی مناسبه,0,true,2024-06-26T07:18:01+00:00,خنثی,0.35,محصول,محصول
رژ لب مدادی مدل Matte,https://www.khanoumi.com/products/golden-rose-matte-lipstick-4587,"میشه شماره 18 رو شارژ کنید لطفا
",0,false,2024-06-21T13:56:30+00:00,خنثی,0.35,سایر,سایر
رژ لب مدادی مدل Matte,https://www.khanoumi.com/products/golden-rose-matte-lipstick-4587,"رنگ 18 خیلی خیلی کمرنگ
اگه خیلی کمرنگ دوست دارین بخرین",0,true,2024-06-18T15:25:24+00:00,خنثی,0.35,محصول,محصول
رژ لب مدادی مدل Matte,https://www.khanoumi.com/products/golden-rose-matte-lipstick-4587,شماره 10 شارژ میکنید لطفا,0,true,2024-06-15T22:07:08+00:00,خنثی,0.35,سایر,سایر
رژ لب مدادی مدل Matte,https://www.khanoumi.com/products/golden-rose-matte-lipstick-4587,لطفاً رنگ شماره 2 و 19 رو شارژ کنید,0,true,2024-06-15T16:25:09+00:00,خنثی,0.35,محصول,محصول
رژ لب مدادی مدل Matte,https://www.khanoumi.com/products/golden-rose-matte-lipstick-4587,من شماره 12 گرفتم صورتی روشنه رنگش قشنگه و به پوستهای روشن میاد,0,true,2024-06-15T12:11:58+00:00,خنثی,0.35,محصول,محصول
رژ لب مدادی مدل Matte,https://www.khanoumi.com/products/golden-rose-matte-lipstick-4587,شماره 10 شارژ بکنید لطفا,0,true,2024-06-14T16:56:01+00:00,خنثی,0.35,سایر,سایر
رژ لب مدادی مدل Matte,https://www.khanoumi.com/products/golden-rose-matte-lipstick-4587,"عالیه با وجود حساس و نازک بودن پوست لبم اون رو خشک و پوسته نکرد ماندگاری خوبی هم داره
فقط کاش تخفیف بیشتر بگذارید",0,true,2024-06-12T15:18:08+00:00,مثبت,0.91,محصول | قیمت,محصول
رژ لب مدادی مدل Matte,https://www.khanoumi.com/products/golden-rose-matte-lipstick-4587,لطفا شماره 31 رنگ نسکافه ای رو شارژ کنید ,0,true,2024-06-12T10:56:26+00:00,خنثی,0.35,محصول,محصول
رژ لب مدادی مدل Matte,https://www.khanoumi.com/products/golden-rose-matte-lipstick-4587,خیلی با کیفیت نیست ولی خوش رنگه. من شماره 14 رو خریدم ,0,true,2024-06-12T00:22:55+00:00,خنثی,0.35,محصول,محصول
رژ لب مدادی مدل Matte,https://www.khanoumi.com/products/golden-rose-matte-lipstick-4587,"رژ لب نرم و روانی هست
چربه و بعد از گذشت چند دقیقه مات میشه
اگه بلافاصه بعد از اینکه رژ رو زدین با دستمال چربی اضافه شو بگیرید هم خیلی بیشتر میمونه هم مات میشه هم خوشرنگ تر",0,true,2024-06-09T09:24:57+00:00,خنثی,0.35,محصول,محصول
رژ لب مدادی مدل Matte,https://www.khanoumi.com/products/golden-rose-matte-lipstick-4587,نرم و روان و باکیفیت,0,true,2024-06-05T14:56:01+00:00,خنثی,0.35,محصول,محصول
رژ لب مدادی مدل Matte,https://www.khanoumi.com/products/golden-rose-matte-lipstick-4587,خیلی نرم و خوبه,0,true,2024-06-03T13:58:22+00:00,مثبت,0.79,سایر,سایر
رژ لب مدادی مدل Matte,https://www.khanoumi.com/products/golden-rose-matte-lipstick-4587,شماره 10شارژمیکنید,0,true,2024-06-01T13:15:38+00:00,خنثی,0.35,سایر,سایر
رژ لب مدادی مدل Matte,https://www.khanoumi.com/products/golden-rose-matte-lipstick-4587,شماره 10 شارژ میکنید ,0,true,2024-06-01T11:23:44+00:00,خنثی,0.35,سایر,سایر
رژ لب مدادی مدل Matte,https://www.khanoumi.com/products/golden-rose-matte-lipstick-4587,"چربههههه حتی بعد پودر فیکس زدن هم باز خوب نمیمونه اصولا اون رژایی ک ماتن خوب و طبیعی میمونن رو لب
نسبت ب قیمت خوب نیس",0,true,2024-05-31T14:57:28+00:00,ترکیبی,0.66,محصول | اصل بودن کالا | قیمت,محصول
رژ لب مدادی مدل Matte,https://www.khanoumi.com/products/golden-rose-matte-lipstick-4587,"میشه شارژ کنید با تخفیف خوب 

",0,true,2024-05-28T12:48:58+00:00,مثبت,0.67,قیمت,قیمت
رژ لب مدادی مدل Matte,https://www.khanoumi.com/products/golden-rose-matte-lipstick-4587,زهرا خانوم اینو باید بتراشی، تراش مخصوص داره,0,false,2024-05-26T17:44:27+00:00,خنثی,0.35,سایر,سایر
رژ لب مدادی مدل Matte,https://www.khanoumi.com/products/golden-rose-matte-lipstick-4587,من شماره بیست و یکشو و گرفتم و به معنای واقعی کلمههههه عالیهههههه....از بوششش نگم براتونننن...برا بو شکلاتش میخواممم بمیرممممم...رنگشم فوق العادستتتت...و اینکه موندگاری خوبیم و داره و بنظر من ارزش خرید دارهههه,0,true,2024-05-26T09:49:50+00:00,مثبت,0.95,محصول | قیمت,محصول
رژ لب مدادی مدل Matte,https://www.khanoumi.com/products/golden-rose-matte-lipstick-4587,اصلا لب رو خشک نمیکنه فقط من موندم این رژ مدادی رو باید بتراشیم یا مقدار رژ همونقدری هست که بیرونه ? ببخشید سوالم خنده دار به نظر میاد ولی واقعا نمیدونم ممنون میشم راهنمایی کنید ,0,true,2024-05-25T09:28:59+00:00,خنثی,0.35,محصول | اصل بودن کالا,محصول
رژ لب مدادی مدل Matte,https://www.khanoumi.com/products/golden-rose-matte-lipstick-4587,یه تخفیف 50 درصدی خوب بزارین تا بخریم,0,false,2024-05-24T22:41:41+00:00,مثبت,0.67,قیمت,قیمت
رژ لب مدادی مدل Matte,https://www.khanoumi.com/products/golden-rose-matte-lipstick-4587,خیلی رژ خوبیه روانه ماندگاریشم خوبه,0,true,2024-05-23T00:38:27+00:00,مثبت,0.91,محصول,محصول
رژ لب مدادی مدل Matte,https://www.khanoumi.com/products/golden-rose-matte-lipstick-4587,ماندگاری اصلا نداره، همش باید تمدید شه.. رژ جامد گلدن رز خیلییی مناسب تره,0,true,2024-05-18T13:34:25+00:00,منفی,0.67,محصول | اصل بودن کالا,اصل بودن کالا
رژ لب مدادی مدل Matte,https://www.khanoumi.com/products/golden-rose-matte-lipstick-4587,لطفا ببرید تو شانس با تخفیف 40 درصدددد,0,false,2024-05-18T05:11:04+00:00,خنثی,0.35,قیمت,قیمت
رژ لب مدادی مدل Matte,https://www.khanoumi.com/products/golden-rose-matte-lipstick-4587,شماره 13 گرفتم به نظرم خیلی صورتی بود,0,true,2024-05-10T04:18:20+00:00,خنثی,0.35,محصول,محصول
ماسک پیل آف صورت ورقه ای سوپر فروت,https://www.khanoumi.com/products/freeman-superfruit-revealing-peel-off-facial-mask-4588, خوبه ,0,false,2020-07-08T15:18:42+00:00,مثبت,0.79,سایر,سایر
ماسک پیل آف صورت ورقه ای سوپر فروت,https://www.khanoumi.com/products/freeman-superfruit-revealing-peel-off-facial-mask-4588,موجودش کنید لطفا,4,true,2018-01-09T10:34:07.7866667+00:00,خنثی,0.35,محصول,محصول
ماسک پیل آف صورت ورقه ای سوپر فروت,https://www.khanoumi.com/products/freeman-superfruit-revealing-peel-off-facial-mask-4588,شارژش کنید لطفا,2,true,2017-11-18T12:33:47.0133333+00:00,خنثی,0.35,سایر,سایر
ماسک پیل آف صورت ورقه ای سوپر فروت,https://www.khanoumi.com/products/freeman-superfruit-revealing-peel-off-facial-mask-4588,خانم رفیع عزیز /  به طور کل این محصول به افرادی با پوست نرمال تا مختلط توصیه میشود . و اگر در نقاط خاصی از صورتتان چربی احساس میکنید میتوانید جهت پاکسازی منافذ پوست از این محصول بهره ببرید,1,false,2016-02-02T16:23:23.15+00:00,مثبت,0.67,محصول,محصول
ماسک پیل آف صورت ورقه ای سوپر فروت,https://www.khanoumi.com/products/freeman-superfruit-revealing-peel-off-facial-mask-4588,"برای پوست چرب هم خوبه؟
",1,false,2016-02-02T15:46:17.8666667+00:00,مثبت,0.79,محصول,محصول
ماسک پیل آف صورت ورقه ای سوپر فروت,https://www.khanoumi.com/products/freeman-superfruit-revealing-peel-off-facial-mask-4588,لطفا در شانس ده و ده قرار دهید,6,false,2016-01-31T18:34:58.19+00:00,خنثی,0.35,سایر,سایر
لوسیون بدن سکرت کراش,https://www.khanoumi.com/products/victorias-secret-secret-crush-body-lotion-4589,این محصول هم جزء حراج بزارید لطفا,8,false,2015-11-29T14:59:07.7066667+00:00,خنثی,0.35,محصول,محصول
ماسک صورت کانیهای دریایی حجم 175 میلی لیتر,https://www.khanoumi.com/products/freeman-anti-stress--facial-mask--4591,محصولات فریمن رو شارژ کنید ، ممنون,0,true,2023-07-20T11:19:47+00:00,مثبت,0.67,محصول,محصول
ماسک صورت کانیهای دریایی حجم 175 میلی لیتر,https://www.khanoumi.com/products/freeman-anti-stress--facial-mask--4591,این ماسک همونطور که روش نوشته برای کشش پوسته. من استفاده کردم و کاملا کشیدگی پوستم رو احساس کردم. اما برای رفع جوش موثر نیست. بنظرم ماسک خیار و آووکادو تاثیر بیشتری در پاک سازی پوست دارن.,0,true,2023-04-22T13:44:34+00:00,خنثی,0.35,محصول,محصول
ماسک صورت کانیهای دریایی حجم 175 میلی لیتر,https://www.khanoumi.com/products/freeman-anti-stress--facial-mask--4591,عالی بود ,0,true,2023-04-02T15:03:24+00:00,مثبت,0.79,محصول,محصول
ماسک صورت کانیهای دریایی حجم 175 میلی لیتر,https://www.khanoumi.com/products/freeman-anti-stress--facial-mask--4591,روی ماسک عربی نوشته شده و از اصل بودن کالا اطمینانی نیست,9,true,2023-03-12T09:45:17+00:00,مثبت,0.79,اصل بودن کالا | محصول,اصل بودن کالا
ماسک صورت کانیهای دریایی حجم 175 میلی لیتر,https://www.khanoumi.com/products/freeman-anti-stress--facial-mask--4591,این ماسک خیلی صورت و سرحال و شاداب میکنه. حس خنکی به پوست میده و بعد از استفاده اش پوست نرم و لطیف میشه. من مدت طولانیه که ازش استفاده میکنم و منافذ پوستم کوچیکتر شدن و رنگ پوستم روشن تر شده. در کل برای پاکسازی پوست عالیه.من  ازش راضی ام و بازم میخرم.,14,false,2022-02-01T12:20:40+00:00,مثبت,0.95,محصول,محصول
ماسک صورت کانیهای دریایی حجم 175 میلی لیتر,https://www.khanoumi.com/products/freeman-anti-stress--facial-mask--4591,عالیه منافذ و جوش های سر سیاه رو کامل تمیز می کنه بوی خیلی خوبی داره اولش خیسه بعد از یه مدت خشک‌میشه انگار رو صورتتون‌گچ‌گذاشتید بعد می تونید بشوریدش,13,true,2021-07-16T16:00:14+00:00,مثبت,0.95,محصول,محصول
ماسک صورت کانیهای دریایی حجم 175 میلی لیتر,https://www.khanoumi.com/products/freeman-anti-stress--facial-mask--4591,من مدل آواکادو ماسک فریمن رو خریدم و واقعا موثر بود.,14,false,2020-08-21T04:56:02+00:00,خنثی,0.35,محصول,محصول
ماسک صورت کانیهای دریایی حجم 175 میلی لیتر,https://www.khanoumi.com/products/freeman-anti-stress--facial-mask--4591,دوستان من پوستم خشک هست اما جوش میزنه چند ماهی هست از چی میتونم استفاده کنم که جوش ها از بین برن میشه راهنمایی کنید ممنون میشم! ,17,false,2020-07-16T09:55:28+00:00,مثبت,0.67,محصول,محصول
ماسک صورت کانیهای دریایی حجم 175 میلی لیتر,https://www.khanoumi.com/products/freeman-anti-stress--facial-mask--4591,استفاده کردم خوبه ولی تاثیر چندانی نداشت برای من که پوستم چربه ماسک نمک دریایی بهتر جواب داد اون عالیه قشنگ یک درجه پوستمو روشن تر میکنه,8,true,2020-05-26T08:55:21+00:00,مثبت,0.95,محصول,محصول
ماسک صورت کانیهای دریایی حجم 175 میلی لیتر,https://www.khanoumi.com/products/freeman-anti-stress--facial-mask--4591,متاسفانه تقریبا نصف تیوپ ، خالی بود و هوا داشت . ,12,true,2020-01-07T15:16:23+00:00,منفی,0.67,محصول,محصول
ماسک صورت کانیهای دریایی حجم 175 میلی لیتر,https://www.khanoumi.com/products/freeman-anti-stress--facial-mask--4591,من بسته به دستم رسید و ازش استفاده و خیلی ازش راضی بودم ,1,true,2020-01-03T00:56:33+00:00,مثبت,0.67,تحویل و ارسال | محصول,تحویل و ارسال
ماسک صورت کانیهای دریایی حجم 175 میلی لیتر,https://www.khanoumi.com/products/freeman-anti-stress--facial-mask--4591,کسی با پوست چرب و جوش دار استفاده کرده ؟,9,false,2019-12-25T18:44:56+00:00,خنثی,0.35,محصول,محصول
ماسک صورت کانیهای دریایی حجم 175 میلی لیتر,https://www.khanoumi.com/products/freeman-anti-stress--facial-mask--4591,سلام روزتون به خیر برای صورتی که جوش داره وجای جوش هم مانده کدام ماسک مناسب است؟؟؟,1,false,2019-12-22T17:04:24+00:00,خنثی,0.35,سایر,سایر
ماسک صورت کانیهای دریایی حجم 175 میلی لیتر,https://www.khanoumi.com/products/freeman-anti-stress--facial-mask--4591,واقعا عالیه,4,true,2019-10-25T00:35:55+00:00,مثبت,0.79,سایر,سایر
ماسک صورت کانیهای دریایی حجم 175 میلی لیتر,https://www.khanoumi.com/products/freeman-anti-stress--facial-mask--4591,این ماسک خیلی خوبه هم پوست رو نرم تر و کمی روشن تر میکنه و خستگی صورت رو کامل برطرف میکنه,2,true,2019-10-15T20:36:40+00:00,مثبت,0.91,محصول,محصول
ماسک صورت کانیهای دریایی حجم 175 میلی لیتر,https://www.khanoumi.com/products/freeman-anti-stress--facial-mask--4591,"من چندبار استفاده کردم،حس بهتری به پوست میده ولی تاثیر چشم گیری ندیدیم،ولی درکل ممنون از تیم خوبتون
",2,true,2019-10-15T10:10:53+00:00,مثبت,0.79,محصول,محصول
ماسک صورت کانیهای دریایی حجم 175 میلی لیتر,https://www.khanoumi.com/products/freeman-anti-stress--facial-mask--4591, بوی خوبی داشت و اینکه من با ماسک چای شیرین حس بهتر داشتم در کل تشکر از تیمتون,0,true,2019-09-22T15:22:49+00:00,مثبت,0.67,محصول,محصول
ماسک صورت کانیهای دریایی حجم 175 میلی لیتر,https://www.khanoumi.com/products/freeman-anti-stress--facial-mask--4591,خيلي خوش رنگه دقيقا عين رنگ عكسش، من دوسش دارم ,5,true,2019-04-18T14:24:07.4766667+00:00,خنثی,0.35,محصول,محصول
ماسک صورت کانیهای دریایی حجم 175 میلی لیتر,https://www.khanoumi.com/products/freeman-anti-stress--facial-mask--4591,صورت من جدیدا پر از جوش های زیر پوستی و غیر زیرپوستی ولکشده خانومی عزیز ازبین ماسک های فری من کدومشو بهم پیشنهاد میدین ؟,25,false,2018-10-19T15:47:50.9866667+00:00,مثبت,0.67,محصول,محصول
ماسک صورت کانیهای دریایی حجم 175 میلی لیتر,https://www.khanoumi.com/products/freeman-anti-stress--facial-mask--4591,این ماسک پوست منو خشک کرد و بعد از شستن این ماسک پوستم خیلی خارش میگرفت طوری که تمام صورتم قرمز میشد .,21,true,2018-08-28T11:30:35.5033333+00:00,خنثی,0.35,محصول,محصول
ماسک صورت کانیهای دریایی حجم 175 میلی لیتر,https://www.khanoumi.com/products/freeman-anti-stress--facial-mask--4591,این ماسک را من خریدم و ماسک الماس را هم خریدم، اما بیشتر از الماس خوشم اومد و عالی بود .. ماسکهای فریمن خیلی حس خوب ب پوست میده,7,true,2018-08-25T14:54:49.03+00:00,مثبت,0.91,محصول,محصول
ماسک صورت کانیهای دریایی حجم 175 میلی لیتر,https://www.khanoumi.com/products/freeman-anti-stress--facial-mask--4591,خانم نصیری عزیز از امور مشتریان خانومی برای پیگیری بیشتر با شما تماس گرفته میشود.,0,false,2018-08-19T17:13:52.09+00:00,خنثی,0.35,خدمات و پشتیبانی | محصول,خدمات و پشتیبانی
ماسک صورت کانیهای دریایی حجم 175 میلی لیتر,https://www.khanoumi.com/products/freeman-anti-stress--facial-mask--4591,من این ماسک سفارش دادم و به دستم رسیده  ولی یه مشکلی دارم هر چی هم سعی میکنم تو بخش ارسال به بخش مشتریان پیامم ارسال نمیشه باید چکار کنم؟,2,true,2018-08-19T09:58:50+00:00,خنثی,0.35,تحویل و ارسال,تحویل و ارسال
ماسک صورت کانیهای دریایی حجم 175 میلی لیتر,https://www.khanoumi.com/products/freeman-anti-stress--facial-mask--4591,صبا رضوانجو عزیز/  سری  های  جدید  ماسک های  فری  من  تغییرات  کوچکی  در  طراحی  روی  جلدشان  داشته اند و کیفیت محصول  مانند قبل توضیع گردیده و جای نگرانی نیست . در حال حاضر عکس این محصول را هم  به  روز  کرده ایم  تا دیگر عزیزان دچار  سوءتفاهم نشوند,4,true,2018-07-22T16:11:03.6966667+00:00,خنثی,0.35,محصول | قیمت,محصول
ماسک صورت کانیهای دریایی حجم 175 میلی لیتر,https://www.khanoumi.com/products/freeman-anti-stress--facial-mask--4591,مال من هم دیروز به دستم رسید ولی همون طور که بقیه دوستان هم اشاره کردن مال من هم نوشته های روی جلدش با عکسی که اینجا گذاشتین متفاوته ولی حجمش همون 175 میله . البته من برچسب اصالتش استعلام کردم اصل بود.,3,true,2018-07-22T08:25:28.02+00:00,مثبت,0.79,محصول | اصل بودن کالا | تحویل و ارسال,محصول
ماسک صورت کانیهای دریایی حجم 175 میلی لیتر,https://www.khanoumi.com/products/freeman-anti-stress--facial-mask--4591,این ماسک امروز به دستم رسید ولی چرا نوشته های روی جلد با این عکسی که توی این صفحه گذاشتین متفاوته ... توی توضیحات نوشته شده 175 میل و لی روی خود محصول 150 میل خورده، راستش به اصل بودنش شک کردم,5,true,2018-06-09T11:43:03.2066667+00:00,مثبت,0.79,محصول | اصل بودن کالا | تحویل و ارسال,محصول
ماسک صورت کانیهای دریایی حجم 175 میلی لیتر,https://www.khanoumi.com/products/freeman-anti-stress--facial-mask--4591,من این ماسک رو تازه ازتون خریدم و خیلی ازش خوشم اومد. بعد از استفاده احساس میکردم پوستم نرم تر شده و حس تازگی داشتم. ,3,true,2018-05-03T20:36:56.0466667+00:00,خنثی,0.35,محصول,محصول
ماسک صورت کانیهای دریایی حجم 175 میلی لیتر,https://www.khanoumi.com/products/freeman-anti-stress--facial-mask--4591,شانس لطفا...,2,false,2018-04-25T18:38:05.43+00:00,خنثی,0.35,سایر,سایر
ماسک صورت کانیهای دریایی حجم 175 میلی لیتر,https://www.khanoumi.com/products/freeman-anti-stress--facial-mask--4591,این ماسک امروز به دستم رسید ولی نوشته های روی جلد با این عکسی که توی این صفحه گذاشتین متفاوته ... راستش به اصل بودنش شک کردم,6,true,2018-03-12T13:42:01.5966667+00:00,مثبت,0.79,اصل بودن کالا | محصول | تحویل و ارسال,اصل بودن کالا
ماسک صورت کانیهای دریایی حجم 175 میلی لیتر,https://www.khanoumi.com/products/freeman-anti-stress--facial-mask--4591,خیلی خوبه شانس لطفا,9,true,2018-02-24T23:20:02.9666667+00:00,مثبت,0.91,سایر,سایر
ماسک صورت کانیهای دریایی حجم 175 میلی لیتر,https://www.khanoumi.com/products/freeman-anti-stress--facial-mask--4591,متشكرم از ارسال تون / اما اين ماسك چرا درب شون بازه و پلمپ نيست 😐,6,true,2018-02-24T11:50:22.4566667+00:00,خنثی,0.35,تحویل و ارسال | محصول,تحویل و ارسال
ماسک صورت کانیهای دریایی حجم 175 میلی لیتر,https://www.khanoumi.com/products/freeman-anti-stress--facial-mask--4591,بره توی شانسسسس لطفا,13,false,2018-01-15T12:57:06.24+00:00,خنثی,0.35,سایر,سایر
ماسک صورت کانیهای دریایی حجم 175 میلی لیتر,https://www.khanoumi.com/products/freeman-anti-stress--facial-mask--4591,شانس لطفا,7,true,2018-01-07T02:50:09.7066667+00:00,خنثی,0.35,سایر,سایر
ماسک صورت کانیهای دریایی حجم 175 میلی لیتر,https://www.khanoumi.com/products/freeman-anti-stress--facial-mask--4591,این محصول عالیه لطفا هرچه زود تر شارژش کنید  شانس لطفا,12,false,2017-11-24T03:33:21.4233333+00:00,مثبت,0.79,محصول,محصول
ماسک صورت کانیهای دریایی حجم 175 میلی لیتر,https://www.khanoumi.com/products/freeman-anti-stress--facial-mask--4591,شانس لطفا,23,false,2017-06-23T22:30:02.0433333+00:00,خنثی,0.35,سایر,سایر
ماسک صورت کانیهای دریایی حجم 175 میلی لیتر,https://www.khanoumi.com/products/freeman-anti-stress--facial-mask--4591,لطفا این ماسک را زود زود شارژ کنین....,20,true,2017-06-15T04:24:20.11+00:00,خنثی,0.35,سایر,سایر
ماسک صورت کانیهای دریایی حجم 175 میلی لیتر,https://www.khanoumi.com/products/freeman-anti-stress--facial-mask--4591,شانس,30,false,2017-04-27T08:29:43.8666667+00:00,خنثی,0.35,سایر,سایر
ماسک صورت کانیهای دریایی حجم 175 میلی لیتر,https://www.khanoumi.com/products/freeman-anti-stress--facial-mask--4591,"خانم ""آراسته "" عزیز / میتوانید در صفحه محصول آیکون "" به من اطلاع بده "" را فعال کنید تا هم شانس در تخفیف قرار گرفتن محصول مورد علاقه تان را افزایش دهید و هم در زمان در تخفیف قرار گرفتن و شارژ محصول  از طریق پیامک و ایمیل اطلاع پیدا کنید .
",9,false,2016-10-16T14:32:31.17+00:00,منفی,0.79,محصول | قیمت,محصول
ماسک صورت کانیهای دریایی حجم 175 میلی لیتر,https://www.khanoumi.com/products/freeman-anti-stress--facial-mask--4591,شارژ و شانس لطفن,32,false,2016-10-16T14:08:35.7766667+00:00,خنثی,0.35,سایر,سایر
ماسک صورت کانیهای دریایی حجم 175 میلی لیتر,https://www.khanoumi.com/products/freeman-anti-stress--facial-mask--4591,منم نظر خانوم کتیبه رو دارم ماسکا رو تو شانس بزارین لطفا,34,false,2016-05-14T12:22:53.29+00:00,خنثی,0.35,سایر,سایر
ماسک صورت کانیهای دریایی حجم 175 میلی لیتر,https://www.khanoumi.com/products/freeman-anti-stress--facial-mask--4591,لطفا ماسک‌های صورت فری‌من رو در شانس قرار بدید,35,true,2016-03-04T05:51:02.0066667+00:00,منفی,0.67,سایر,سایر
ماسک صورت کانیهای دریایی حجم 175 میلی لیتر,https://www.khanoumi.com/products/freeman-anti-stress--facial-mask--4591,شانس خانومي,41,false,2015-12-02T01:12:08.25+00:00,خنثی,0.35,سایر,سایر
ماسک خاک رسی سوپر فروت حجم 175 میلی لیتر,https://www.khanoumi.com/products/freeman-acai-purifying-clay-facial-mask-4592,ماسکهای فریمن جز بهترین برندهای موجود در بازار هستند. این ماسک برای پاک سازی پوست عالی عمل میکنه. اگر به طور مداوم استفاده بشه جوش های سر سیاه و کاملا از بین میبره. بهتره که هفته ای دوبار روی پوست خشک استفاده کنید. جوش و التهاب پوست و از بین میبره. بعد از استفاده پوست نرم و لطیف میشه. با توجه به کیفیتش قیمت مناسبی داره من توصیه میکنم امتحانش کنید. ,3,false,2022-05-21T09:08:49+00:00,مثبت,0.95,محصول | قیمت,محصول
ماسک خاک رسی سوپر فروت حجم 175 میلی لیتر,https://www.khanoumi.com/products/freeman-acai-purifying-clay-facial-mask-4592,خوشرنگه بوش برای من زیاد جالب نیست پوست نرم و شفاف میکنه اگر مرتب استفاده کنید,6,true,2020-08-20T19:09:02+00:00,خنثی,0.35,محصول,محصول
ماسک خاک رسی سوپر فروت حجم 175 میلی لیتر,https://www.khanoumi.com/products/freeman-acai-purifying-clay-facial-mask-4592,اطلاع دادم اما هیچ خبری از پیگیری از سمت کارشناساتون نشد واسه رفع اشکال!,14,false,2018-12-10T23:45:00.9166667+00:00,خنثی,0.35,خدمات و پشتیبانی,خدمات و پشتیبانی
ماسک خاک رسی سوپر فروت حجم 175 میلی لیتر,https://www.khanoumi.com/products/freeman-acai-purifying-clay-facial-mask-4592,سلام خسته نباشید من دوتا از ماسکاتون سفارش دادم اما جای اینک ماسک گریپ فروت ک سفارش خودم هس بفرستین برام این ماسک سوپر فروت ک اصلا سفارشم نیستو فرستادین..الان تکلیف من چیه ک سفارش خودم نیس؟؟؟,25,false,2018-12-10T11:19:02.9833333+00:00,مثبت,0.67,اصل بودن کالا,اصل بودن کالا
ماسک خاک رسی سوپر فروت حجم 175 میلی لیتر,https://www.khanoumi.com/products/freeman-acai-purifying-clay-facial-mask-4592,من اینو خریدم ولی برخلاف اون چیزی که اینجا زده ۱۵۰میل بود..اگه میدونستم ۱۵۰ میله عمرا سفارش میدادم...چون کشور پرکننده‌ی ۱۵۰ میل و ۱۷۰ میل با هم فرق داره...پشیمون شدم از اعتمادی که بهتون کردم و متاسفم,22,true,2018-05-05T19:02:58.8966667+00:00,منفی,0.79,محصول,محصول
ماسک خاک رسی سوپر فروت حجم 175 میلی لیتر,https://www.khanoumi.com/products/freeman-acai-purifying-clay-facial-mask-4592,چرا واقعا جواب ماهارو نمیدین؟؟؟ الان من نمیدونم خاک رس آواکادو با پوستم سازگار هست یا این چه کنم؟ و اینکه محصول آمریکایی دست ما میرسه دیکه؟,8,false,2018-01-21T21:28:58.4866667+00:00,خنثی,0.35,محصول,محصول
ماسک خاک رسی سوپر فروت حجم 175 میلی لیتر,https://www.khanoumi.com/products/freeman-acai-purifying-clay-facial-mask-4592,ایا این محصول پاکستانیش به دست ما میرسه؟؟؟,7,false,2018-01-14T21:42:05.6466667+00:00,خنثی,0.35,محصول,محصول
ماسک خاک رسی سوپر فروت حجم 175 میلی لیتر,https://www.khanoumi.com/products/freeman-acai-purifying-clay-facial-mask-4592,شانس,7,false,2017-07-02T10:45:40.56+00:00,خنثی,0.35,سایر,سایر
ماسک خاک رسی سوپر فروت حجم 175 میلی لیتر,https://www.khanoumi.com/products/freeman-acai-purifying-clay-facial-mask-4592,"لطفااااااا شانسسسس خانومییییی
خواهشا شانس",7,false,2017-05-31T18:08:51.3733333+00:00,خنثی,0.35,سایر,سایر
ماسک خاک رسی سوپر فروت حجم 175 میلی لیتر,https://www.khanoumi.com/products/freeman-acai-purifying-clay-facial-mask-4592,سلام لطفا شانس خواهشا ,10,false,2017-02-23T16:39:04.5666667+00:00,خنثی,0.35,سایر,سایر
ماسک خاک رسی سوپر فروت حجم 175 میلی لیتر,https://www.khanoumi.com/products/freeman-acai-purifying-clay-facial-mask-4592,چرا قیمت ماسک های freeman شما گرون تر از جای دیگه است؟,14,false,2017-02-15T11:13:08+00:00,خنثی,0.35,قیمت,قیمت
ماسک خاک رسی سوپر فروت حجم 175 میلی لیتر,https://www.khanoumi.com/products/freeman-acai-purifying-clay-facial-mask-4592,"خانم ""آراسته "" عزیز / میتوانید در صفحه محصول آیکون "" به من اطلاع بده "" را فعال کنید تا هم شانس در تخفیف قرار گرفتن محصول مورد علاقه تان را افزایش دهید و هم در زمان در تخفیف قرار گرفتن آن از طریق پیامک و ایمیل اطلاع پیدا کنید .
",2,false,2016-12-14T10:20:55.5533333+00:00,منفی,0.79,محصول | قیمت,محصول
ماسک خاک رسی سوپر فروت حجم 175 میلی لیتر,https://www.khanoumi.com/products/freeman-acai-purifying-clay-facial-mask-4592,شانسش کنید لطفن,6,false,2016-12-13T16:26:16.67+00:00,خنثی,0.35,سایر,سایر
ماسک خاک رسی سوپر فروت حجم 175 میلی لیتر,https://www.khanoumi.com/products/freeman-acai-purifying-clay-facial-mask-4592,خانم کتیبه عزیز / به محض تامین نمونه با کیفیت کالا حتما شارژ خواهد شد و در دست رس خریداران عزیز قرار خواهد گرفت . ,1,false,2016-04-14T10:03:46.26+00:00,خنثی,0.35,محصول,محصول
ماسک خاک رسی سوپر فروت حجم 175 میلی لیتر,https://www.khanoumi.com/products/freeman-acai-purifying-clay-facial-mask-4592,متاسفانه بعد از خرید این محصول، متوجه شدم این محصول به دلیل اتمام در بسته پستی نیست و با ماسک  دیگه‌ای جایگزینش کردم. ممنون میشم اگر این ماست و سایر ماسک های تمام شده را موجود کنید :),6,true,2016-04-13T22:04:04.4033333+00:00,ترکیبی,0.66,محصول | تحویل و ارسال,محصول
ماسک خاک رسی سوپر فروت حجم 175 میلی لیتر,https://www.khanoumi.com/products/freeman-acai-purifying-clay-facial-mask-4592,لطفا در شانس خانمی قرار دهید,11,false,2016-02-13T00:24:42.27+00:00,خنثی,0.35,سایر,سایر
رژ لب مدادی مدل Matte,https://www.khanoumi.com/products/golden-rose-matte-lipstick-4587,واقعا روون و خوبه.رنگ09یه قرمز خیلی قشنگه که کمی روشنه و تناژ نارنجی هم نداره.شماره 10هم خیلی کم به سرخابی میزنه.در کل راضی بودم.لطفا بقیه رنگارو هم شارژ کنید.,0,true,2024-05-09T21:15:59+00:00,مثبت,0.91,محصول,محصول
رژ لب مدادی مدل Matte,https://www.khanoumi.com/products/golden-rose-matte-lipstick-4587,"من دو رنگ 08 و 21 رو خریدم خوش رنگه 
رووان کشیده میشه 
دوسش داشتم ",0,true,2024-05-05T14:09:44+00:00,خنثی,0.35,محصول,محصول
رژ لب مدادی مدل Matte,https://www.khanoumi.com/products/golden-rose-matte-lipstick-4587,رنگ 08 خیلی قشنگ بود .برای پوست گندمی روشن,0,true,2024-05-03T11:15:07+00:00,خنثی,0.35,محصول,محصول
رژ لب مدادی مدل Matte,https://www.khanoumi.com/products/golden-rose-matte-lipstick-4587,لطفا محصولات گلدن روز شارج کنید وتوی تخفیفات بزارین,0,true,2024-04-24T10:42:47+00:00,خنثی,0.35,محصول | قیمت,محصول
رژ لب مدادی مدل Matte,https://www.khanoumi.com/products/golden-rose-matte-lipstick-4587,لطفا تخفیفش رو زیاد کنین,0,false,2024-04-20T19:33:32+00:00,خنثی,0.35,قیمت,قیمت
رژ لب مدادی مدل Matte,https://www.khanoumi.com/products/golden-rose-matte-lipstick-4587,به نسبت قیمتش کیفیت خیلی خوبی داره من راضی بودم ,0,true,2024-04-14T13:01:46+00:00,مثبت,0.91,محصول | قیمت,محصول
رژ لب مدادی مدل Matte,https://www.khanoumi.com/products/golden-rose-matte-lipstick-4587,لطفا تخفیف بیشتری بزارین,0,true,2024-04-04T01:14:06+00:00,خنثی,0.35,قیمت,قیمت
رژ لب مدادی مدل Matte,https://www.khanoumi.com/products/golden-rose-matte-lipstick-4587,واقعا عالیه بچه ها من خیلی راضی ام حتما امتحانش کنید,0,false,2024-04-02T15:50:47+00:00,مثبت,0.95,سایر,سایر
رژ لب مدادی مدل Matte,https://www.khanoumi.com/products/golden-rose-matte-lipstick-4587,خیلی نرم و روانه در عین حال لب رو چرب یا براق نمیکنه،بوی خوبی داره و ماندگاریش اگه باهاش غذا نخوردید در حد 4 ساعت راحت مثل اولش رو لب میمونه،من رنگ 10،11و 18 رو دارم.رنگ شماره 10 یه کالباسی صورتیِ خوشگله,0,true,2024-03-31T12:18:46+00:00,منفی,0.67,محصول,محصول
رژ لب مدادی مدل Matte,https://www.khanoumi.com/products/golden-rose-matte-lipstick-4587,رژلب خیلی خوبی هست لب رو نرم و مخملی میکند در خریدش شک نکنید ممنونم از خانمی بخاطر تخفیفات خیلی خوبی که میزاره,0,true,2024-03-30T21:17:52+00:00,مثبت,0.91,قیمت,قیمت
رژ لب مدادی مدل Matte,https://www.khanoumi.com/products/golden-rose-matte-lipstick-4587,"عالی هرچی بگم کم گفتمممم
روی لب اصلا خشک نمیشه
خیلی هم نرمه و بوی خوبی داره،من رنگ اناری رو گرفتم و خیلیییی راضی بودم،دوباره هم شارژ میکنم این محصول رو قطعا",0,true,2024-03-29T19:56:45+00:00,مثبت,0.79,محصول | اصل بودن کالا,محصول
رژ لب مدادی مدل Matte,https://www.khanoumi.com/products/golden-rose-matte-lipstick-4587,تخفیف بیشتر بزنین لطفا این رژ عالیه لبو خشک نمیکنه و رنگ هایش خیلی خاصن,0,true,2024-03-27T17:24:24+00:00,خنثی,0.35,محصول | قیمت,محصول
رژ لب مدادی مدل Matte,https://www.khanoumi.com/products/golden-rose-matte-lipstick-4587,شماره18گلبهی رنگ خیلی شیکی داره و فوق العاده نرم و باکیفبن ممنون از خانومی,0,true,2024-03-26T19:22:07+00:00,مثبت,0.79,محصول,محصول
رژ لب مدادی مدل Matte,https://www.khanoumi.com/products/golden-rose-matte-lipstick-4587,"من برای اولین بار بود این رژ رو سفارش میدادم خیلی خوب و سبکه رولب، پوسته پوسته هم نمیشه بهتون پیشنهاد میکنم
 ",0,true,2024-03-22T11:47:13+00:00,خنثی,0.35,محصول,محصول
رژ لب مدادی مدل Matte,https://www.khanoumi.com/products/golden-rose-matte-lipstick-4587,لطفا تخفیف بیش تر بذارید چندتا میخوام بخرم،ممنونم ,0,false,2024-03-19T00:48:32+00:00,مثبت,0.67,قیمت,قیمت
رژ لب مدادی مدل Matte,https://www.khanoumi.com/products/golden-rose-matte-lipstick-4587,من شماره 21 خریدم خیلی خوب و چربه و عالی,0,true,2024-03-05T15:18:07+00:00,مثبت,0.91,سایر,سایر
رژ لب مدادی مدل Matte,https://www.khanoumi.com/products/golden-rose-matte-lipstick-4587,رنگ 14، 18 و 21 رو گرفتم. سبکه و ماندگاری خوبی داره. برای استفاده روزانه عالیه.,0,true,2024-02-17T11:38:34+00:00,مثبت,0.91,محصول,محصول
رژ لب مدادی مدل Matte,https://www.khanoumi.com/products/golden-rose-matte-lipstick-4587,رنگ اناریش واقعا جذابه,0,true,2024-02-15T00:00:49+00:00,خنثی,0.35,محصول,محصول
رژ لب مدادی مدل Matte,https://www.khanoumi.com/products/golden-rose-matte-lipstick-4587,خیلی خوشرنگ و ملیحه. مناسب مصرف روزانه ست.,0,true,2024-02-14T23:59:14+00:00,خنثی,0.35,محصول,محصول
رژ لب مدادی مدل Matte,https://www.khanoumi.com/products/golden-rose-matte-lipstick-4587,خیلی راضی هستم. 2 تا دیگه هم سفارش دادم,0,true,2024-02-09T11:00:04+00:00,مثبت,0.67,سایر,سایر
رژ لب مدادی مدل Matte,https://www.khanoumi.com/products/golden-rose-matte-lipstick-4587,کیفیت خوبی داره سبک هست  موندگاریشم خوبه,0,true,2024-02-08T12:44:20+00:00,مثبت,0.95,محصول,محصول
رژ لب مدادی مدل Matte,https://www.khanoumi.com/products/golden-rose-matte-lipstick-4587,رنگهای محدودی موجوده و قیمت تخفیف چندانی نداره,0,true,2024-02-04T01:23:17+00:00,خنثی,0.35,محصول | قیمت,محصول
رژ لب مدادی مدل Matte,https://www.khanoumi.com/products/golden-rose-matte-lipstick-4587,کاش زودتر بقیه رنگ ها رو هم موجود کنین,0,false,2024-01-28T02:01:23+00:00,خنثی,0.35,محصول,محصول
رژ لب مدادی مدل Matte,https://www.khanoumi.com/products/golden-rose-matte-lipstick-4587,ماندگاری نداره ولی چون فاقد سرب خوبه,0,true,2024-01-26T15:18:22+00:00,مثبت,0.79,محصول,محصول
رژ لب مدادی مدل Matte,https://www.khanoumi.com/products/golden-rose-matte-lipstick-4587,من دارمشون عالیه ولی متاسفانه چندماهه رنگای مختلفش موجود نمیشه و تخفیفش هم همون 5درصده,0,true,2024-01-22T06:04:07+00:00,ترکیبی,0.79,محصول | قیمت,محصول
رژ لب مدادی مدل Matte,https://www.khanoumi.com/products/golden-rose-matte-lipstick-4587,رنگ مسی رو ممکنه موجود کنین؟,0,true,2024-01-16T22:34:59+00:00,خنثی,0.35,محصول,محصول
رژ لب مدادی مدل Matte,https://www.khanoumi.com/products/golden-rose-matte-lipstick-4587,ممکنه رنگ مسی رو موجود کنین؟,0,true,2024-01-13T23:53:12+00:00,خنثی,0.35,محصول,محصول
رژ لب مدادی مدل Matte,https://www.khanoumi.com/products/golden-rose-matte-lipstick-4587,بسیار نرم و سبک و خوش رنگ بودن هر سه شون خیلی راضیم. ,0,true,2024-01-07T11:41:54+00:00,مثبت,0.79,محصول,محصول
رژ لب مدادی مدل Matte,https://www.khanoumi.com/products/golden-rose-matte-lipstick-4587,چرا شارژ نمیشه؟,0,true,2024-01-03T11:32:26+00:00,خنثی,0.35,سایر,سایر
رژ لب مدادی مدل Matte,https://www.khanoumi.com/products/golden-rose-matte-lipstick-4587,شماره هشت رو گرفتم یجور رنگ سرخابی قشنگی داره با کیفیته,0,false,2024-01-02T23:20:13+00:00,خنثی,0.35,محصول,محصول
رژ لب مدادی مدل Matte,https://www.khanoumi.com/products/golden-rose-matte-lipstick-4587,رنگ 12 ش رو خریدم قشنگه ولی روی لب خشک میشه متاسفانه,0,true,2024-01-02T09:01:14+00:00,منفی,0.67,محصول,محصول
رژ لب مدادی مدل Matte,https://www.khanoumi.com/products/golden-rose-matte-lipstick-4587,من شماره 10 و گرفتم خوشرنگه،رنگی مابین صورتی و بنفش داره,0,true,2023-12-27T00:41:49+00:00,خنثی,0.35,محصول,محصول
رژ لب مدادی مدل Matte,https://www.khanoumi.com/products/golden-rose-matte-lipstick-4587,کیفیتش عالیه خشک نمشه روی لب ,0,false,2023-12-26T21:18:00+00:00,مثبت,0.79,محصول,محصول
رژ لب مدادی مدل Matte,https://www.khanoumi.com/products/golden-rose-matte-lipstick-4587,من شماره 09 و خریدم خیلی قرمزه  اصلا مطابق سلیقه من نیست,0,true,2023-12-25T11:32:56+00:00,مثبت,0.67,اصل بودن کالا,اصل بودن کالا
رژ لب مدادی مدل Matte,https://www.khanoumi.com/products/golden-rose-matte-lipstick-4587,دو تا رنگشو گرفتم و الان هم دارم سومی رو سفارش میدم عالیه . برا من که پوست لبم خیلی خشک میشه و مدام پوست پوست میشه چربه و اصلا ترک نمیخوره . خیلی هم خوشرنگه مخصوصا رنگ شماره 10,0,true,2023-12-17T15:53:20+00:00,مثبت,0.67,محصول | اصل بودن کالا,محصول
رژ لب مدادی مدل Matte,https://www.khanoumi.com/products/golden-rose-matte-lipstick-4587,من رنگ 19 رو گرفتم زرشکی مایل به بنفش، خیلی تیره هستش و بنظرم خیلی سلیقه ای,0,true,2023-12-11T18:08:28+00:00,خنثی,0.35,محصول,محصول
رژ لب مدادی مدل Matte,https://www.khanoumi.com/products/golden-rose-matte-lipstick-4587,من شماره 27 رو گرفتم عالی بود. اصلا روی لب سنگینی نمیکنه و ماندگاری خوبی هم داره ,0,true,2023-12-08T22:42:12+00:00,مثبت,0.95,محصول | اصل بودن کالا,محصول
رژ لب مدادی مدل Matte,https://www.khanoumi.com/products/golden-rose-matte-lipstick-4587,ارغوانی08رو شارژ کنید,0,false,2023-12-08T21:11:52+00:00,خنثی,0.35,سایر,سایر
رژ لب مدادی مدل Matte,https://www.khanoumi.com/products/golden-rose-matte-lipstick-4587,لطفا کد 5 رو بازم موجود کنید,0,false,2023-12-07T21:26:15+00:00,خنثی,0.35,محصول,محصول
رژ لب مدادی مدل Matte,https://www.khanoumi.com/products/golden-rose-matte-lipstick-4587,من رنگ ارغوانی و اناری این رژ رو خریدم هردو خیلی خوشرنگ بودن من پوستم روشنه ب پوستم خیلی میومد با اینکه تناژ بنفش ب پوست من نمیاد ولی این ارغوانی خیلی خوب بود,0,true,2023-12-07T00:56:07+00:00,مثبت,0.91,محصول,محصول
رژ لب مدادی مدل Matte,https://www.khanoumi.com/products/golden-rose-matte-lipstick-4587,رژ خوبیه لب رو نرم میکنه و خشکی ها رو برطرف میکنه پیگمنت بالایی داره,0,true,2023-12-02T16:33:37+00:00,مثبت,0.67,سایر,سایر
رژ لب مدادی مدل Matte,https://www.khanoumi.com/products/golden-rose-matte-lipstick-4587,کد 21 رو گرفتم خوشرنگه ,0,true,2023-12-02T12:45:17+00:00,خنثی,0.35,محصول,محصول
رژ لب مدادی مدل Matte,https://www.khanoumi.com/products/golden-rose-matte-lipstick-4587,"لطفا شماره 21 روموجودکنید
",0,false,2023-11-23T15:51:42+00:00,خنثی,0.35,محصول,محصول
رژ لب مدادی مدل Matte,https://www.khanoumi.com/products/golden-rose-matte-lipstick-4587,لطفاً رنگ 16رو موجود کنین,0,true,2023-11-23T11:33:48+00:00,خنثی,0.35,محصول,محصول
رژ لب مدادی مدل Matte,https://www.khanoumi.com/products/golden-rose-matte-lipstick-4587,فوق العاده روان و خوش رنگ اصلا نمیتونم رژی جز این برند استفاده کنم خیلی دنبالش بودم مرسی که خانومی موجودش کرد,0,true,2023-11-21T22:22:29+00:00,مثبت,0.67,محصول | اصل بودن کالا,محصول
رژ لب مدادی مدل Matte,https://www.khanoumi.com/products/golden-rose-matte-lipstick-4587,"من هر رژی میزدم بعد چند دقیقه تهه گلوم میسوخت تااینکه این رژ رو دیدم زده بدون پارابن و خریدمش و وقتی زدم اصلا تهه گلوم رو نسوزوند
کلا برند خوبیه من اکثر محصولاتش رو دارم
و 4رنگ رژش رو خریدم که خیلی نازن😍 رنگاشو میذارم خواستین بخرین بدونین چجوریه",1,true,2023-11-02T20:45:59+00:00,ترکیبی,0.82,محصول | اصل بودن کالا,محصول
رژ لب مدادی مدل Matte,https://www.khanoumi.com/products/golden-rose-matte-lipstick-4587,دوستان من هر سایتی نگاه میکنم از اینکه این رژ سرب داره یا نه چیزی ننوشته… اینجا هم فقط اشاره کرده فاقد پارابن. اگر عزیزی اطلاعاتی دارن ممنون میشم توی دیدگاها بنویسن,1,false,2023-11-02T00:22:59+00:00,مثبت,0.67,سایر,سایر
رژ لب مدادی مدل Matte,https://www.khanoumi.com/products/golden-rose-matte-lipstick-4587,تا حالا سه تا رنگشو گرفتم به نظرم خیلی خوبه ، شماره ی 16 را موجود کنید لطفا ,0,true,2023-10-20T17:44:32+00:00,مثبت,0.91,محصول,محصول
رژ لب مدادی مدل Matte,https://www.khanoumi.com/products/golden-rose-matte-lipstick-4587,"خانومی نظراتو ثبت میکنی ولی چرا تخفیف نمیدی☹️
اینهمه تخفیف خواستیم تخفیف بده دیگ🥺❤",2,false,2023-09-25T11:11:35+00:00,منفی,0.79,قیمت,قیمت
رژ لب مدادی مدل Matte,https://www.khanoumi.com/products/golden-rose-matte-lipstick-4587,همه رو تخفیف بدین بخرم همه شماره هاشو,4,false,2023-09-24T17:52:13+00:00,منفی,0.67,قیمت,قیمت
رژ لب مدادی مدل Matte,https://www.khanoumi.com/products/golden-rose-matte-lipstick-4587,برا شماره 21 تخفیف بذارینننننننننننن,3,false,2023-09-24T17:33:44+00:00,خنثی,0.35,قیمت,قیمت
رژ لب مدادی مدل Matte,https://www.khanoumi.com/products/golden-rose-matte-lipstick-4587,برای رنگ 18 هم تخفیف بذارین دیگه ,5,true,2023-09-23T17:22:09+00:00,خنثی,0.35,محصول | قیمت,محصول
رژ لب مدادی مدل Matte,https://www.khanoumi.com/products/golden-rose-matte-lipstick-4587,برای شماره 11 و 21 هم تخفیف بذارین,5,false,2023-09-19T20:29:21+00:00,خنثی,0.35,قیمت,قیمت
رژ لب مدادی مدل Matte,https://www.khanoumi.com/products/golden-rose-matte-lipstick-4587,شماره 11 و 21 تخفیف نداره تخفیف بذارین لطفاااااا,5,false,2023-09-19T02:49:56+00:00,خنثی,0.35,قیمت,قیمت
رژ لب مدادی مدل Matte,https://www.khanoumi.com/products/golden-rose-matte-lipstick-4587,چرا شماره 11 و 21 تخفیف نداره؟تخفیف بذار خانومی❤,5,false,2023-09-19T02:48:43+00:00,خنثی,0.35,قیمت,قیمت
رژ لب مدادی مدل Matte,https://www.khanoumi.com/products/golden-rose-matte-lipstick-4587,من 12 رو خریدم خوشرنگه فقط برنزه میکنه بدون کرمپودر,1,true,2023-08-28T11:15:07+00:00,منفی,0.67,محصول,محصول
رژ لب مدادی مدل Matte,https://www.khanoumi.com/products/golden-rose-matte-lipstick-4587,من رنگ اناری رو گرفتم واقعا زیباست خیلی هم نرمه ولی رنگ خیلی پس می ده,0,true,2023-08-17T13:33:23+00:00,خنثی,0.35,محصول,محصول
رژ لب مدادی مدل Matte,https://www.khanoumi.com/products/golden-rose-matte-lipstick-4587,خیلی رژ خوبیه رو لب راحت کشیده میشه پوسته پوسته نمیشه فقط یه ایرادی که داره خیلی چربه برای همین راحت تراش نمیشه و همش میشکنه مدادم زود تموم شد ,3,true,2023-08-08T19:21:18+00:00,مثبت,0.67,محصول,محصول
رژ لب مدادی مدل Matte,https://www.khanoumi.com/products/golden-rose-matte-lipstick-4587,رژ لب خوب و با دوام و روانی هستش من دوسش داشتم کاملا پلمپ رسید دستم ممنونم از خانومی,0,true,2023-07-22T17:41:19+00:00,مثبت,0.79,تحویل و ارسال,تحویل و ارسال
رژ لب مدادی مدل Matte,https://www.khanoumi.com/products/golden-rose-matte-lipstick-4587,من رنگ اناری خریدم خیلی خوشکله.اصلا قرمز خیلی جیغ نیست,1,true,2023-07-05T18:51:01+00:00,مثبت,0.67,محصول | اصل بودن کالا,محصول
رژ لب مدادی مدل Matte,https://www.khanoumi.com/products/golden-rose-matte-lipstick-4587,عاااالی واقعا,0,true,2023-07-02T09:07:12+00:00,خنثی,0.35,سایر,سایر
رژ لب مدادی مدل Matte,https://www.khanoumi.com/products/golden-rose-matte-lipstick-4587,سلام چرا شماره 11رو توی تخفیف نمیزارین,0,false,2023-06-20T12:48:21+00:00,خنثی,0.35,قیمت,قیمت
رژ لب مدادی مدل Matte,https://www.khanoumi.com/products/golden-rose-matte-lipstick-4587,عالیه ,0,true,2023-05-11T13:39:32+00:00,مثبت,0.79,سایر,سایر
رژ لب مدادی مدل Matte,https://www.khanoumi.com/products/golden-rose-matte-lipstick-4587,لطفا شماره 22 رو شارژ کنید🙏🏿💕,1,true,2023-05-07T10:27:19+00:00,خنثی,0.35,سایر,سایر
رژ لب مدادی مدل Matte,https://www.khanoumi.com/products/golden-rose-matte-lipstick-4587,فوق العاده بود رنگ صورتی روشن گرفتم واس کسایی ک پوست سفید دارن خیلی ناز میشه,1,true,2023-03-17T01:48:19+00:00,مثبت,0.67,محصول,محصول
رژ لب مدادی مدل Matte,https://www.khanoumi.com/products/golden-rose-matte-lipstick-4587,لطفا رنگ ارغوانی رو شارژ کنید,0,false,2023-02-25T16:40:09+00:00,خنثی,0.35,محصول,محصول
رژ لب مدادی مدل Matte,https://www.khanoumi.com/products/golden-rose-matte-lipstick-4587,تخفیف بیشتر بذارین لطفا ,10,false,2023-02-15T12:33:36+00:00,خنثی,0.35,قیمت,قیمت
رژ لب مدادی مدل Matte,https://www.khanoumi.com/products/golden-rose-matte-lipstick-4587,گلدن رز حرف نداره,1,false,2023-02-02T01:04:26+00:00,خنثی,0.35,سایر,سایر
رژ لب مدادی مدل Matte,https://www.khanoumi.com/products/golden-rose-matte-lipstick-4587,شماره 3و5,1,false,2023-01-23T19:21:37+00:00,خنثی,0.35,سایر,سایر
رژ لب مدادی مدل Matte,https://www.khanoumi.com/products/golden-rose-matte-lipstick-4587,لطفا رنگهای دیگه هم موجود کنین,4,true,2023-01-01T12:45:56+00:00,خنثی,0.35,محصول,محصول
رژ لب مدادی مدل Matte,https://www.khanoumi.com/products/golden-rose-matte-lipstick-4587,عاشق اینرنگش هستم کیفیتش هم خیلی خوبه ,5,false,2022-12-24T15:56:54+00:00,مثبت,0.91,محصول,محصول
رژ لب مدادی مدل Matte,https://www.khanoumi.com/products/golden-rose-matte-lipstick-4587,این رژلب مدادی خیلی نرم و روونه و اصلا حس چربی و سنگینی ایجاد نمیکنه. خیلی سبکه و رنگ دهی خیلی خوبی داره.ماندگاریش خیلی خوبه و روی لب ثابت میمونه. قیمتش خیلی مناسبه و مهمتر از همه فاقد پارابنه و باعث خشک شدن لب نمیشه.,4,false,2022-12-21T14:21:29+00:00,مثبت,0.95,محصول | اصل بودن کالا | قیمت,محصول
رژ لب مدادی مدل Matte,https://www.khanoumi.com/products/golden-rose-matte-lipstick-4587,"بسیار نرم و روان
رنگ 07",1,true,2022-12-14T20:49:56+00:00,خنثی,0.35,محصول,محصول
رژ لب مدادی مدل Matte,https://www.khanoumi.com/products/golden-rose-matte-lipstick-4587,خیلی باکیفیته ماندگاریشم خوبه من راضی بودم,2,false,2022-10-22T20:46:40+00:00,مثبت,0.91,محصول,محصول
رژ لب مدادی مدل Matte,https://www.khanoumi.com/products/golden-rose-matte-lipstick-4587,فوق العاده نرم و سبک و شیک هست.,0,true,2022-10-08T19:55:49+00:00,مثبت,0.67,سایر,سایر
رژ لب مدادی مدل Matte,https://www.khanoumi.com/products/golden-rose-matte-lipstick-4587,اولین ویژگی مثبت این محصول، ماندگاری خیلی بالای اون بدون ماسیدگی و یا پخش شدن روی لبه. با وجود مدادی بودن بافت خیلی خیلی نرمی داره و با وجود پیگمنت بالا به راحتی روی لب کشیده میشه. اصلا ماسیدگی نداره و جلوه مات داره. هم به عنوان رژ روزانه می‌تونید از این محصول استفاده کنید و هم در مهمانی و مجالس. ,9,true,2022-10-01T15:45:17+00:00,ترکیبی,0.71,محصول | اصل بودن کالا,محصول
رژ لب مدادی مدل Matte,https://www.khanoumi.com/products/golden-rose-matte-lipstick-4587,من این رژلبو از تخفیفای سایت خانومی خریدم. خیلی کیفیت خوبی داره. بافتش نرم و روان بود و لبم و خشک و پوسته نکرد. رنگای خیلی خوبی داره و میشه به صورت ترکیبی هم ازش استفاده کرد. اصلا روی لب حالت ماسیدگی نداره. روی لب دوام خوبی داره و براحتی پاک نمیشه. قیمت خیلی مناسبی هم داره و ارزش خرید داره,7,false,2022-08-14T08:29:43+00:00,مثبت,0.95,محصول | قیمت | اصل بودن کالا,محصول
رژ لب مدادی مدل Matte,https://www.khanoumi.com/products/golden-rose-matte-lipstick-4587,باید بگم بافتش از رژ لبای مدادی دیگه‌ای که داشتم بهتره مثلا بیو میماسه رو لب ولی این نه ,5,false,2022-07-03T12:39:30+00:00,خنثی,0.35,محصول,محصول
رژ لب مدادی مدل Matte,https://www.khanoumi.com/products/golden-rose-matte-lipstick-4587,"با کیفیت 
من شماره ۱۹ رو گرفتم که رنگ تقریبا ارغوانی بنفش دارد",13,true,2022-04-28T13:08:18+00:00,خنثی,0.35,محصول,محصول
رژ لب مدادی مدل Matte,https://www.khanoumi.com/products/golden-rose-matte-lipstick-4587,ماندگاری ندارد. لبم رو خشک و پوسته پوسته کرد.,11,true,2022-04-05T14:28:53+00:00,خنثی,0.35,محصول,محصول
رژ لب مدادی مدل Matte,https://www.khanoumi.com/products/golden-rose-matte-lipstick-4587,اصلا ماندگاری نداره، اصلا راضی نیستم,11,true,2022-01-12T15:53:20+00:00,منفی,0.67,اصل بودن کالا | محصول,اصل بودن کالا
رژ لب مدادی مدل Matte,https://www.khanoumi.com/products/golden-rose-matte-lipstick-4587,من شماره 11 رو خریدم.خیلی خوشرنگ و خوب بود فقط حیف که اصلا ماندگاری نداره.,8,true,2021-12-22T07:32:26+00:00,مثبت,0.91,محصول | اصل بودن کالا,محصول
رژ لب مدادی مدل Matte,https://www.khanoumi.com/products/golden-rose-matte-lipstick-4587,"کیفیت عاااااالیه
همه محصولات گلدن‌رز عالی هستن
فقط تناژ رنگیش با تصویر رنگی که انتخاب میشه تفاوت داره ",21,true,2021-08-14T15:13:05+00:00,مثبت,0.67,محصول,محصول
رژ لب مدادی مدل Matte,https://www.khanoumi.com/products/golden-rose-matte-lipstick-4587,خیلی نرم و روونه رنگ11رو خریدم خیییلی خیییلی خوشرنگه ..فقط حیف اصلن اصلن ماندگاری نداره زد تو ذوقم گلدن رز,7,true,2021-07-10T01:31:01+00:00,مثبت,0.79,محصول | اصل بودن کالا,محصول
رژ لب مدادی مدل Matte,https://www.khanoumi.com/products/golden-rose-matte-lipstick-4587,به نطرم اصلا خوب نبود نوشته مات اصلا مات نیستش رو لب نمیمونه,14,true,2021-07-08T17:02:38+00:00,منفی,0.67,محصول | اصل بودن کالا,اصل بودن کالا
رژ لب مدادی مدل Matte,https://www.khanoumi.com/products/golden-rose-matte-lipstick-4587,خوب و با کیفیته فقط تناژ رنگی با عکس داخل سایت خیلی فرق میکنه من دو رنگ سفارش دادم خیلی شبیه هم بودن .,6,false,2021-06-12T14:27:40+00:00,مثبت,0.67,محصول,محصول
رژ لب مدادی مدل Matte,https://www.khanoumi.com/products/golden-rose-matte-lipstick-4587,رژ خوبیه اما به نظرم کسایی که میخوان ماندگار باشه سمتش نرن ، همون نیم ساعت اول رنگش رفته حتی اگر یک چایی ساده بخورید .,7,false,2020-11-12T23:42:48+00:00,مثبت,0.67,محصول,محصول
رژ لب مدادی مدل Matte,https://www.khanoumi.com/products/golden-rose-matte-lipstick-4587,واقعا رژ خوبیه . خیلی راضیم خیلی خوب روی لب میشینه,7,false,2020-06-24T10:28:29+00:00,مثبت,0.95,سایر,سایر
رژ لب مدادی مدل Matte,https://www.khanoumi.com/products/golden-rose-matte-lipstick-4587,بهترین رژ😍😍,2,false,2020-06-22T17:15:47+00:00,مثبت,0.67,سایر,سایر
رژ لب مدادی مدل Matte,https://www.khanoumi.com/products/golden-rose-matte-lipstick-4587,خیلی خوبه😍,2,false,2020-06-07T19:50:25+00:00,مثبت,0.91,سایر,سایر
رژ لب مدادی مدل Matte,https://www.khanoumi.com/products/golden-rose-matte-lipstick-4587,عالیه موندگاری زیادی داره,1,false,2020-05-09T14:44:00+00:00,مثبت,0.79,محصول,محصول
رژ لب مدادی مدل Matte,https://www.khanoumi.com/products/golden-rose-matte-lipstick-4587,من شماره‌ی ۱۴ رو دارم که کرم با ته نارنجی روشنه تقریباً. نرمه بافتش ولی خیلی مات نیست رو لب.,4,false,2020-05-07T00:58:14+00:00,خنثی,0.35,محصول,محصول
رژ لب مدادی مدل Matte,https://www.khanoumi.com/products/golden-rose-matte-lipstick-4587,این رنگش خیلی خوشگل و مخملیه☺😘,2,false,2020-05-04T13:46:05+00:00,خنثی,0.35,محصول,محصول
رژ لب مدادی مدل Matte,https://www.khanoumi.com/products/golden-rose-matte-lipstick-4587,من قرمزش رو دارم خیلی خوبه و روی لب کاملا موندگاره,0,false,2020-04-29T18:38:38+00:00,مثبت,0.91,محصول,محصول
رژ لب مدادی مدل Matte,https://www.khanoumi.com/products/golden-rose-matte-lipstick-4587,ماندگاریش عالیه,1,false,2020-04-29T01:48:47+00:00,مثبت,0.79,محصول,محصول
رژ لب مدادی مدل Matte,https://www.khanoumi.com/products/golden-rose-matte-lipstick-4587,این رژ لب مدادی گلدن رز خیلی خوبه 😍😍😍,0,false,2020-04-22T16:33:35+00:00,مثبت,0.91,سایر,سایر
رژ لب مدادی مدل Matte,https://www.khanoumi.com/products/golden-rose-matte-lipstick-4587,رژ خیلی خوبیه ماندگاریشم بالاس,1,false,2020-04-19T15:50:10+00:00,مثبت,0.79,محصول,محصول
رژ لب مدادی مدل Matte,https://www.khanoumi.com/products/golden-rose-matte-lipstick-4587,شماره ۱ و ۲ خیلی تیرن,1,true,2020-04-15T17:30:48+00:00,خنثی,0.35,سایر,سایر
رژ لب مدادی مدل Matte,https://www.khanoumi.com/products/golden-rose-matte-lipstick-4587,من شماره ۱۰۱ و ۲۶ رو خریدم رنگ پوست صورته اصلا جالب نیست بی روح بی روح,1,true,2020-04-11T13:47:33+00:00,منفی,0.67,محصول | اصل بودن کالا,اصل بودن کالا
رژ لب مدادی مدل Matte,https://www.khanoumi.com/products/golden-rose-matte-lipstick-4587,من رنگ 21 و 101 رو گرفتم 21 خوبه ولی از 101 میخوام به عنوان کرمپودر استفاده کنم اینقد که روشنه /..... ,5,true,2020-04-04T10:56:07+00:00,مثبت,0.79,محصول,محصول
سفت کننده ناخن حجم 11 میلی لیتر,https://www.khanoumi.com/products/golden-rose-black-diamond-nail-hardener-4593,خیلی عالیه.لطفا موجود کنید,0,true,2026-08-25T18:34:00.9598+03:30,مثبت,0.79,محصول,محصول
سفت کننده ناخن حجم 11 میلی لیتر,https://www.khanoumi.com/products/golden-rose-black-diamond-nail-hardener-4593,"خیلی عالیه
 اولین بار بود این محصول رو سفارش میدادم، واقعا  راضیم تو طول یه هفته تاثیرشو رو ناخنم دیدم  ناخن رو محکم و تقویت میکنه مثل برق لاک میمونه و خیلی با کیفیته .
مثل برق لاک میمونه",0,true,2026-08-10T15:51:30.7056969+03:30,مثبت,0.95,محصول,محصول
سفت کننده ناخن حجم 11 میلی لیتر,https://www.khanoumi.com/products/golden-rose-black-diamond-nail-hardener-4593,"من بعد از هفت سال کاشت ناخن ناخنامو ریمو کردم و این محصول حدودا سه هفته ای است که استفاده میکنم خوبه ناخن من که نازک شده و یکم مقاوم تر کرد ولی با همه لاکا جور نمیشه با لاک همین برند زدم گوله گوله میشه و جمع میشه خودش به تنهایی قشنگ تره و برق قشنگی به ناخن میده تا سه 
لایه هم رو هم زدم درکل خوبه راضیم ازش",0,true,2026-05-06T16:36:51.3396906+03:30,مثبت,0.95,محصول,محصول
سفت کننده ناخن حجم 11 میلی لیتر,https://www.khanoumi.com/products/golden-rose-black-diamond-nail-hardener-4593,لطفا موجود کنید با تخفیفف.سبد خریدم تکمیله فقط همین مونده تا اضافه کنم,0,false,2024-03-13T14:14:26+00:00,منفی,0.67,محصول | قیمت,محصول
سفت کننده ناخن حجم 11 میلی لیتر,https://www.khanoumi.com/products/golden-rose-black-diamond-nail-hardener-4593,هیچ اثری از این محصول روی ناخنم مشاهده نکردم . ,0,true,2023-11-10T13:48:01+00:00,خنثی,0.35,محصول,محصول
سفت کننده ناخن حجم 11 میلی لیتر,https://www.khanoumi.com/products/golden-rose-black-diamond-nail-hardener-4593,درنظر داشته باشید محصول خوبیه ولی جنبه لاک داره و نمیشه باهاش نماز خوند ,2,false,2023-09-25T17:28:54+00:00,مثبت,0.67,محصول,محصول
سفت کننده ناخن حجم 11 میلی لیتر,https://www.khanoumi.com/products/golden-rose-black-diamond-nail-hardener-4593,لایه شیشه ای رو ناخن,0,true,2023-09-12T18:10:32+00:00,خنثی,0.35,سایر,سایر
سفت کننده ناخن حجم 11 میلی لیتر,https://www.khanoumi.com/products/golden-rose-black-diamond-nail-hardener-4593,یک لایه کاملا صیقلی و مقاوم روی ناخن ایجاد میکنه به طوریکه به کنارها های ناخن اجازه ریش ریش شدن و از هم گسیختگی نمیده، ادعا گرد الماس داره، نمیدونم چقدر واقعیه ولی چیز خوبیه,0,true,2023-09-09T20:59:17+00:00,مثبت,0.67,سایر,سایر
سفت کننده ناخن حجم 11 میلی لیتر,https://www.khanoumi.com/products/golden-rose-black-diamond-nail-hardener-4593,راضی هستم از این برند اما ناخن رو تازمانی از شکنندگیش جلوگیری میکنه ک روی ناخن باشه جنبه ی درمانی نداره مث برق ناخن می مونه و از کدری ناخن جلوگیری میکنه,5,true,2022-10-14T19:55:44+00:00,مثبت,0.67,محصول,محصول
سفت کننده ناخن حجم 11 میلی لیتر,https://www.khanoumi.com/products/golden-rose-black-diamond-nail-hardener-4593,من یک ماهه که این محصول و از سایت خانومی خریدمو دارم استفاده میکنم. تو این مدت ناخونم خیلی محکم تر شده و براحتی نمیشکنه. من اول یه لایه میزنم میذارم خشک بشه و بعد لایه دوم میزنم. کاملا ناخونارو سفت و محکم میکنه و خیلی کمتر میشکنه. بی رنگ هست و زیر لاک هم میشه استفاده اش کرد.,7,false,2022-07-02T08:01:11+00:00,خنثی,0.35,محصول,محصول
سفت کننده ناخن حجم 11 میلی لیتر,https://www.khanoumi.com/products/golden-rose-black-diamond-nail-hardener-4593,بسیار عالی هست این سومین دوره هست که خریدم کاملا راضی هستم به طرز کاملا مشهودی سفت شدن ناخن حس میکنید خودتون متوجه میشید بعد از استفاده ناخنتون سفت شده براق بودنش هم مزیت خوبی هست که داره ,10,true,2021-09-29T16:18:22+00:00,مثبت,0.91,محصول,محصول
سفت کننده ناخن حجم 11 میلی لیتر,https://www.khanoumi.com/products/golden-rose-black-diamond-nail-hardener-4593,تقریبا تا یک هفته روی ناخن میمونه البته اگر با دست ظرف بشویید و این کارها لبه های ناخن پاک میشه در کل برای زیر لاک هم خوبه تا یک هفته ناخن سفت تر هست ,7,true,2021-08-23T13:10:43+00:00,مثبت,0.79,محصول,محصول
سفت کننده ناخن حجم 11 میلی لیتر,https://www.khanoumi.com/products/golden-rose-black-diamond-nail-hardener-4593,خیلی خوب سفت میکنه ناخن رو. مخصوصا وقتی که رو ناخن باشه، اصلا نمیشکنه ناخنم. یکی از ناخن های پام هم موجدار شده بود، اونم درست شد. شده دو هفته هم مونده رو ناخنم، ولی ناخنمو زرد نکرده اصلا,15,true,2020-06-06T21:25:32+00:00,مثبت,0.79,محصول | اصل بودن کالا,محصول
سفت کننده ناخن حجم 11 میلی لیتر,https://www.khanoumi.com/products/golden-rose-black-diamond-nail-hardener-4593,عالیه,3,false,2020-04-26T15:02:31+00:00,مثبت,0.79,سایر,سایر
سفت کننده ناخن حجم 11 میلی لیتر,https://www.khanoumi.com/products/golden-rose-black-diamond-nail-hardener-4593,واقعا عالیه. بعد از ریموو ناخن هام نجاتم داد چون ناخنام خیییلی نازک و شکننده شده..البته من اینجور استفاده میکنم که اول از این محصول میزنم رو ناخنم،بعد لاکمو میزنم،بعد دوباره همینو میزنم..اینجوری محکمتر میشه,14,true,2020-04-20T03:19:22+00:00,مثبت,0.79,محصول,محصول
سفت کننده ناخن حجم 11 میلی لیتر,https://www.khanoumi.com/products/golden-rose-black-diamond-nail-hardener-4593,خيلي خوبه👌🏻,1,true,2019-11-18T19:38:52+00:00,مثبت,0.91,سایر,سایر
سفت کننده ناخن حجم 11 میلی لیتر,https://www.khanoumi.com/products/golden-rose-black-diamond-nail-hardener-4593,برای کسایی که تازه کاشت ناخن رو برداشتن و ناخن هاشون شکننده ست خوبه . 6 ماهه استفاده میکنم و بد نیست . بیشتر از اینکه به عنوان بیس کت دوام لاک رو زیاد میکنه راضی ام . وقتی که روی ناخنه باعث سفتی ناخن میشه و بهتره مدام باشه روی ناخن . ,12,true,2019-04-22T16:31:22.3633333+00:00,مثبت,0.95,محصول,محصول
سفت کننده ناخن حجم 11 میلی لیتر,https://www.khanoumi.com/products/golden-rose-black-diamond-nail-hardener-4593,بايد دائم ازش استفاده كرد، موندگاريش بالاس و مثه برگ ناخن، باعث برق زدن ناخن ميشه,7,true,2019-04-18T14:25:38.87+00:00,خنثی,0.35,محصول,محصول
سفت کننده ناخن حجم 11 میلی لیتر,https://www.khanoumi.com/products/golden-rose-black-diamond-nail-hardener-4593,من ک هیچ تاثیری ندیدم...ناخنم هم هیچ تغیری نکرد.یا من اشتباه زدم یا جنس ناخنم طالب این محصول نبوده...نمیدونم...در هر صورت قبل از انجام هر خریدی سعی کنید اول نیاز پوستتون رو بشناسید و بعد اقدام ب خریدتون کنید نه این ک از روی توصیه و تعریف بقیه خرید کنید😊,22,true,2019-02-04T17:51:43.3466667+00:00,مثبت,0.67,محصول,محصول
سفت کننده ناخن حجم 11 میلی لیتر,https://www.khanoumi.com/products/golden-rose-black-diamond-nail-hardener-4593,باسلام...من از این محصول استفاده کردم..‌‌بی نظیره من ک همیشه ناخنم میشکست الان....کاملا بلند شدن...‌دوستت دارم خانومی با محصولهایی ک معرفی میکنی...فقط شارژ بزارید اونایی ک فروش بیشتری داره....,14,true,2018-11-19T10:41:53.25+00:00,خنثی,0.35,محصول,محصول
سفت کننده ناخن حجم 11 میلی لیتر,https://www.khanoumi.com/products/golden-rose-black-diamond-nail-hardener-4593,من هم ب عنوان بیس هم تاپ کت ازش استفاده میکنم. دوام لاک رو خیلی خیلی زیاد میکنه. ناخن سفت هم میشه اما فک کنم فقط مناسب کسانی باشه که ناخن خیلی نرم دارن. ناخن های من کلا نرم نیستن و با این لاک خیلی سفت میشن که بیشتر وقتا باعث میشه خیلی گوشه هاش بپره. اما همونطور ک گفتم دوام لاک رو واقعا بالا میبره.,13,false,2018-06-13T14:03:14.96+00:00,خنثی,0.35,محصول,محصول
سفت کننده ناخن حجم 11 میلی لیتر,https://www.khanoumi.com/products/golden-rose-black-diamond-nail-hardener-4593,سلام، ببخشید این محصول بی رنگ هستش؟؟؟,23,false,2017-03-13T14:20:00.6366667+00:00,خنثی,0.35,محصول,محصول
سفت کننده ناخن حجم 11 میلی لیتر,https://www.khanoumi.com/products/golden-rose-black-diamond-nail-hardener-4593,سلام ببخشيد اين همون بيس كد هست؟؟؟,5,false,2017-03-03T20:38:28.2333333+00:00,خنثی,0.35,محصول,محصول
سفت کننده ناخن حجم 11 میلی لیتر,https://www.khanoumi.com/products/golden-rose-black-diamond-nail-hardener-4593,"سلام،خسته نباشید
لطفا این محصول لاک ضد شکنندگی رو شارژ کنید،مرسی",14,false,2016-05-28T23:01:45.0833333+00:00,مثبت,0.67,محصول,محصول
قلم سایه کوچک,https://www.khanoumi.com/products/artdeco-small-eyeshadow-brush-4594,"شارژ کنید لطفا
و در شانس بذارین 😊❤مرسییییی",1,false,2016-05-13T15:01:40.8066667+00:00,مثبت,0.67,سایر,سایر
رژ لب مدادی مدل Matte,https://www.khanoumi.com/products/golden-rose-matte-lipstick-4587,دوست دارم شماره آن را بدانم,4,true,2020-03-13T16:15:53+00:00,منفی,0.67,سایر,سایر
رژ لب مدادی مدل Matte,https://www.khanoumi.com/products/golden-rose-matte-lipstick-4587,شما از چه رنگی استفاده میکنید؟,1,true,2020-03-13T16:01:30+00:00,خنثی,0.35,محصول,محصول
رژ لب مدادی مدل Matte,https://www.khanoumi.com/products/golden-rose-matte-lipstick-4587,\من رنگ اناریشو گرفتم عالیه اینم تستش,11,true,2020-02-24T12:02:50+00:00,مثبت,0.79,محصول,محصول
رژ لب مدادی مدل Matte,https://www.khanoumi.com/products/golden-rose-matte-lipstick-4587,اصلا اصلا راضی نبودم,6,false,2020-01-20T14:38:29+00:00,منفی,0.67,اصل بودن کالا | محصول,اصل بودن کالا
رژ لب مدادی مدل Matte,https://www.khanoumi.com/products/golden-rose-matte-lipstick-4587,رژ گلدن رز عالیه واقعا❤,7,true,2020-01-19T04:42:00+00:00,مثبت,0.79,سایر,سایر
رژ لب مدادی مدل Matte,https://www.khanoumi.com/products/golden-rose-matte-lipstick-4587,من رنگ اناری رو گرفتم واقعا خوشرنگ و با دوام..ممنون از خانومی ,2,true,2020-01-18T08:56:13+00:00,مثبت,0.67,محصول,محصول
رژ لب مدادی مدل Matte,https://www.khanoumi.com/products/golden-rose-matte-lipstick-4587,من رنگ 101 قهوه ای روشن سفارش دادم.واقعا رنگشو تو عکسا دیدم خیلی خوشم اومد ولی وقتی سفارشم رسید اصلا راضی نبودم.رنگش کرم بود.عین کرمپودر.پشیمون شدم ,3,true,2019-12-24T01:24:55+00:00,منفی,0.91,محصول | تحویل و ارسال | اصل بودن کالا,اصل بودن کالا
رژ لب مدادی مدل Matte,https://www.khanoumi.com/products/golden-rose-matte-lipstick-4587,رنگ شماره ۱۰۱ رو بعنوان قهوه ای خریدم که اصلا اینطور نیست و رو لب رنگ بدی بجا میذاره و خیلللی روشنه ...اصلا رنگ قشنگی نداره,1,true,2019-12-22T12:02:05+00:00,ترکیبی,0.74,محصول | اصل بودن کالا,محصول
رژ لب مدادی مدل Matte,https://www.khanoumi.com/products/golden-rose-matte-lipstick-4587,رنگ شماره ۲۷خیلی رنگ بدیه اصلا بااون چیزی ک زده متفاوته خیلی بی روحه,3,true,2019-12-03T23:31:13+00:00,ترکیبی,0.66,محصول | اصل بودن کالا,محصول
رژ لب مدادی مدل Matte,https://www.khanoumi.com/products/golden-rose-matte-lipstick-4587,من دوتا از رنگاشو خریدم خیلی با کیفیت و موندگاره پیگمنتش هم عالیه.از مدل جامد گلدن رز خیلی بهتره. شماره ی داخل عکس ۰۲ هست,6,true,2019-10-22T17:29:53+00:00,مثبت,0.79,محصول,محصول
رژ لب مدادی مدل Matte,https://www.khanoumi.com/products/golden-rose-matte-lipstick-4587,البالویی تیره گرفتم واقعا خوشرنگ و عالی,1,true,2019-10-22T13:02:15+00:00,مثبت,0.67,محصول,محصول
رژ لب مدادی مدل Matte,https://www.khanoumi.com/products/golden-rose-matte-lipstick-4587,البالویی تیره گرفتم واقعا خوشرنگ و عالی,3,true,2019-10-22T12:59:49+00:00,مثبت,0.67,محصول,محصول
رژ لب مدادی مدل Matte,https://www.khanoumi.com/products/golden-rose-matte-lipstick-4587,"من الان سه ساله از این برند رژ استفاده میکنم.
رنگ های عالی و ماندگاری خیلی خوبی داره...عالین
چند تا از این رژ رو از شما خریداری کردم",0,true,2019-10-21T22:27:36+00:00,مثبت,0.95,محصول,محصول
رژ لب مدادی مدل Matte,https://www.khanoumi.com/products/golden-rose-matte-lipstick-4587,کیفیت هاشون خوبه ,1,true,2019-10-19T11:33:44+00:00,مثبت,0.79,محصول,محصول
رژ لب مدادی مدل Matte,https://www.khanoumi.com/products/golden-rose-matte-lipstick-4587,شماره ۲۱، کاری ندارم به رنگش ولی جنس و ماندگاریش حرف نداره!!!,1,true,2019-10-10T20:12:38+00:00,خنثی,0.35,محصول,محصول
رژ لب مدادی مدل Matte,https://www.khanoumi.com/products/golden-rose-matte-lipstick-4587,خیلی رژ خوش رنگی بود کیفیت هم به نسبت قیمت خوب بود,2,false,2019-10-09T12:59:37+00:00,مثبت,0.79,محصول | قیمت,محصول
رژ لب مدادی مدل Matte,https://www.khanoumi.com/products/golden-rose-matte-lipstick-4587,مات و نرم هست و روي لب اصلا حس سنگيني ايجاد نميكنه ,1,true,2019-10-09T10:41:52+00:00,مثبت,0.67,اصل بودن کالا,اصل بودن کالا
رژ لب مدادی مدل Matte,https://www.khanoumi.com/products/golden-rose-matte-lipstick-4587,من رنگ اناري خريدم كه خيلي قرمز خوشرنگيه!,0,true,2019-10-08T14:29:10+00:00,خنثی,0.35,محصول,محصول
رژ لب مدادی مدل Matte,https://www.khanoumi.com/products/golden-rose-matte-lipstick-4587,من رنگ اناري خريدم كه خيلي قرمز خوشرنگيه!,0,true,2019-10-08T14:29:08+00:00,خنثی,0.35,محصول,محصول
رژ لب مدادی مدل Matte,https://www.khanoumi.com/products/golden-rose-matte-lipstick-4587,مات و نرم می باشد,0,true,2019-10-05T00:33:43+00:00,خنثی,0.35,سایر,سایر
رژ لب مدادی مدل Matte,https://www.khanoumi.com/products/golden-rose-matte-lipstick-4587,من رنگ 21 رو گرفتم که گوشتی خوشرنگیه و 14 که بژ هست ظاهری مات داره و بافت خوبیم داره، از رژهای جامد مخملی گلدن رز ماندگاریشون بیشتره ,0,true,2019-10-04T12:38:07+00:00,مثبت,0.67,محصول,محصول
رژ لب مدادی مدل Matte,https://www.khanoumi.com/products/golden-rose-matte-lipstick-4587,من شماره ۲۱ رو خریدم،گوشتی و خیلی خوش رنگه،لبو خشک نمیکنه و راحت رو لب کشیده میشه .خلاصه که عالیه,0,true,2019-10-04T00:25:19+00:00,مثبت,0.79,محصول,محصول
رژ لب مدادی مدل Matte,https://www.khanoumi.com/products/golden-rose-matte-lipstick-4587,"نسبت به قیمتش کیفیتش خیلی خوبه . سبک و راحت روی لب میشینه❤ دوسش دارم ❤ مخصوصا رنگاش هم عالیه
",0,true,2019-10-04T00:02:44+00:00,مثبت,0.95,محصول | قیمت,محصول
رژ لب مدادی مدل Matte,https://www.khanoumi.com/products/golden-rose-matte-lipstick-4587,این رژ رنگ و بافت فوق العاده ای داره و روس لب بسیار سبک,0,true,2019-09-28T15:28:00+00:00,مثبت,0.67,محصول,محصول
رژ لب مدادی مدل Matte,https://www.khanoumi.com/products/golden-rose-matte-lipstick-4587,من رنگ های 14 و 21 رو خریدم و واقعا خوشرنگ و با دوامن، حتما امتحان کنید پشیمون نمیشید ,0,false,2019-09-28T14:23:32+00:00,مثبت,0.67,محصول,محصول
رژ لب مدادی مدل Matte,https://www.khanoumi.com/products/golden-rose-matte-lipstick-4587,قرمز روشن و صورتیش خریدم همونی بود که میخواستم.جنسش نرم و ماندگاری عالی,1,true,2019-09-23T13:50:58+00:00,مثبت,0.67,محصول,محصول
رژ لب مدادی مدل Matte,https://www.khanoumi.com/products/golden-rose-matte-lipstick-4587,من شماره ۲۷و۲۸رو گرفتم دوتاش رو لب دقیقا یه رنگه و هر دو کاملا بی روحه..شبیه مرده ها میشی و خیلی هم چربه و کاور خوبی هم نداره .. درحد تعریف هایی که ازش میشه نیست اصلا,4,true,2019-09-18T14:50:57+00:00,منفی,0.79,محصول | اصل بودن کالا,اصل بودن کالا
رژ لب مدادی مدل Matte,https://www.khanoumi.com/products/golden-rose-matte-lipstick-4587,"خیلی بی رنگه 
واقعا رنگ خاصی نداره ",0,true,2019-09-18T11:19:54+00:00,خنثی,0.35,محصول,محصول
رژ لب مدادی مدل Matte,https://www.khanoumi.com/products/golden-rose-matte-lipstick-4587,شماره27 اصلا رو لب رنگ نداره🙁,4,true,2019-07-17T11:32:36.24+00:00,مثبت,0.67,محصول | اصل بودن کالا,محصول
رژ لب مدادی مدل Matte,https://www.khanoumi.com/products/golden-rose-matte-lipstick-4587,من شماره ۰۸ رو خریدم و واقعا راضیم خیلی خوشرنگه ,11,true,2019-06-10T12:07:06.9333333+00:00,مثبت,0.79,محصول,محصول
رژ لب مدادی مدل Matte,https://www.khanoumi.com/products/golden-rose-matte-lipstick-4587,چرا رنگ شماره ی ۱۱ رو نمیارین؟؟؟😭😭😭,10,false,2019-06-10T11:17:46.54+00:00,خنثی,0.35,محصول,محصول
رژ لب مدادی مدل Matte,https://www.khanoumi.com/products/golden-rose-matte-lipstick-4587,شماره ۲۱ رو میخوام ندارین؟,4,false,2019-06-09T17:51:43.1066667+00:00,خنثی,0.35,سایر,سایر
رژ لب مدادی مدل Matte,https://www.khanoumi.com/products/golden-rose-matte-lipstick-4587,من شماره ۴ البالویی روشن رو خریدم فکر کردم مثل عکس حالت قرمز روشن داره اما روی لب دقیقا همون رنگ سرخابی تیره میشه. البته اینم دوس داشتم. بافتش نرمه و کاورشم خوبه این مدادی هاش,13,true,2019-02-26T17:46:09.4633333+00:00,مثبت,0.79,محصول,محصول
رژ لب مدادی مدل Matte,https://www.khanoumi.com/products/golden-rose-matte-lipstick-4587,من شماره21 رو خریدم و البته که رنگش متفاوت با رنگ سایته.اما خب با دیدن تسترای تو اینترنت میشه تا حدی رنگ واقعی رو حدس زد.بافت سبکی داره و رو لب نمیماسه. ماندگاریشم واسه ارایش روزانه مناسبه.,12,true,2019-01-20T19:43:29.87+00:00,خنثی,0.35,محصول,محصول
رژ لب مدادی مدل Matte,https://www.khanoumi.com/products/golden-rose-matte-lipstick-4587,من شماره ۱۰۱ این رژ رو خریدم با توجه ب این ک تو تصویر کاملا قهوه ایه ولی رنگ واقعیش کرمیه و اصلاااا قهوه ای نیست ادم شبیه روح میشه ..بافت رژ خیلی نرم و خوبه حیفف شد ک رنگش قشنگ نیس,14,true,2018-12-17T23:07:25.1366667+00:00,مثبت,0.91,محصول | اصل بودن کالا,محصول
رژ لب مدادی مدل Matte,https://www.khanoumi.com/products/golden-rose-matte-lipstick-4587,شماره ۵ و ۱۰ کی موجود میشه ؟؟؟😕😕,1,true,2018-12-11T10:17:04.9966667+00:00,خنثی,0.35,محصول,محصول
رژ لب مدادی مدل Matte,https://www.khanoumi.com/products/golden-rose-matte-lipstick-4587,من همیشه از شماره 10 استفاده میکنم. خیلی خوشرنگه و نزدیک به رنگ طبیعی لب. بافت سبکی داره و ماندگاریش قابل قبوله.,3,true,2018-12-09T04:12:10.71+00:00,خنثی,0.35,محصول,محصول
رژ لب مدادی مدل Matte,https://www.khanoumi.com/products/golden-rose-matte-lipstick-4587,نرمه و حالت ماسیدگی رو لب نمیذاره. ماندگاریش خوبه . من شماره 09 - اناری رو گرفتم که خیلییییی پررنگ تر از رنگ داخل سایت هستش,10,false,2018-09-26T16:46:30.0733333+00:00,مثبت,0.79,محصول,محصول
رژ لب مدادی مدل Matte,https://www.khanoumi.com/products/golden-rose-matte-lipstick-4587,"من برای استفاده روزانه شماره 21 گرفتم  .رنگش خیلی خوبه دقیقا بین صورتی و قهوه ای .ولی جدا از این که موندگاریش خیلی کمه ، به شدت سرش نرمه که باعث میشه خیلی زود تموم بشه .
دیگه این مدل رو تمدید نمیکنم .ب نظرم جامداش بهترن 
",5,true,2018-09-18T13:43:51.8533333+00:00,مثبت,0.91,محصول,محصول
رژ لب مدادی مدل Matte,https://www.khanoumi.com/products/golden-rose-matte-lipstick-4587,سلام امروز بدستم رسیدن ، همیشه رژ مایع که دوام  داره استفاده میکردم گفتم یدفعه مدادی بخرم. شماره ۱۱ رو سفارش دادم رو لب که تست کردم دیدم از رنگی ک تصور میکردم یکمی روشن تره و ته رنگ صورتی داره یچیزی بین کالباسی صورتی یا همون سرخابی روشن که تو مشخصاته ....البته رنگ خوبیه راضیم فقط ایکاش دوامشونم بیشتر بود ولی خب چون رژ مدادیه اینجوریه ولی کیفیتشون خوبه,15,true,2018-08-18T12:55:01.2566667+00:00,ترکیبی,0.92,محصول | تحویل و ارسال,محصول
رژ لب مدادی مدل Matte,https://www.khanoumi.com/products/golden-rose-matte-lipstick-4587,میتونست دوامش بیشتر باشه.,4,true,2018-08-06T13:46:05.7233333+00:00,خنثی,0.35,سایر,سایر
رژ لب مدادی مدل Matte,https://www.khanoumi.com/products/golden-rose-matte-lipstick-4587,شماره ۲۶-۲۷-۲۸ خیلی ب هم نزدیکن رنگشون اینجا فرق دارن اما در واقع اینطور نیست!اما در کل رز خوب و سبک و با کیفیته و همچنین خط لب ها ک خودشون د حد رز عمل میکنه ,1,true,2018-08-02T13:42:35.47+00:00,مثبت,0.67,محصول,محصول
رژ لب مدادی مدل Matte,https://www.khanoumi.com/products/golden-rose-matte-lipstick-4587,لطفا شماره 09 و شماره 21 رو شارژ کنید مجدد.,3,true,2018-06-18T11:37:02.2133333+00:00,خنثی,0.35,سایر,سایر
رژ لب مدادی مدل Matte,https://www.khanoumi.com/products/golden-rose-matte-lipstick-4587,این رژها واقعا خوبن و لب رو خشک نمیکنن. شماره 21 رنگ گوشتی داره و شماره 1 قهوه ای تیره هست نه قهوه ای مسی  شماره 27 هم گلبهی روشن متمایل به کرم هست ,9,true,2018-05-06T13:25:33.1666667+00:00,مثبت,0.67,محصول,محصول
رژ لب مدادی مدل Matte,https://www.khanoumi.com/products/golden-rose-matte-lipstick-4587,لطفا رنگارو شارژ كنيد,15,false,2018-05-05T00:06:00.1333333+00:00,خنثی,0.35,محصول,محصول
رژ لب مدادی مدل Matte,https://www.khanoumi.com/products/golden-rose-matte-lipstick-4587,لطفا رنگارو شارژ كنيد,10,false,2018-05-05T00:04:46.8566667+00:00,خنثی,0.35,محصول,محصول
رژ لب مدادی مدل Matte,https://www.khanoumi.com/products/golden-rose-matte-lipstick-4587,سلام لطفا شماره ۱۱و۱۳ موجود کنید,0,true,2018-05-03T12:02:45.98+00:00,خنثی,0.35,محصول,محصول
رژ لب مدادی مدل Matte,https://www.khanoumi.com/products/golden-rose-matte-lipstick-4587,من شماره08رو خریدم.خیلی خوشرنگه بین صورتی و بنفش ملایمه.بوی خوبی میده.کاملا مخملی و ماته,2,true,2018-04-18T15:59:30.1633333+00:00,مثبت,0.67,محصول,محصول
رژ لب مدادی مدل Matte,https://www.khanoumi.com/products/golden-rose-matte-lipstick-4587,درسای عزیز من هم مثل  اغلب مشتریان آنلاین در جهان از این تکنیک استفاده کردم  ولی جواب نداد برای همین به دوستان توصیه کردم اگه براشون رنگ مهم هست اینکار رو نکنن.,2,true,2018-04-12T22:52:18.5233333+00:00,مثبت,0.67,محصول,محصول
رژ لب مدادی مدل Matte,https://www.khanoumi.com/products/golden-rose-matte-lipstick-4587,من رنگ ۱۰۱ خریدم خیلی روشنه اصن رنگ نداره روشم نوشته  اززمان بازکردن در محصول ۱۸ماه انقضا داره ولی اینی که برامن فرستادن فقط ۶ماه از انقضاش مونده....,1,true,2018-04-07T12:12:58.23+00:00,خنثی,0.35,محصول,محصول
رژ لب مدادی مدل Matte,https://www.khanoumi.com/products/golden-rose-matte-lipstick-4587,به دوستان عزیز توصیه می کنم به هیچ عنوان بدون تست حضوری تو مغازه اقدام به خرید این خط لب ها نکنند رنگش با واقعیت انقدرمتفاوته.,2,true,2018-04-06T00:52:15.96+00:00,ترکیبی,0.66,محصول,محصول
رژ لب مدادی مدل Matte,https://www.khanoumi.com/products/golden-rose-matte-lipstick-4587,من رنگ 8 رو خریدم از رنگ اینجا تیره تره ولی در کل خیلی راضی ام. لبمو خشک نمی کنه و ماندگاریشم برای آرایش روزانه خوبه,0,true,2018-03-26T17:44:36.6533333+00:00,مثبت,0.95,محصول,محصول
رژ لب مدادی مدل Matte,https://www.khanoumi.com/products/golden-rose-matte-lipstick-4587,رنگ ۲۱ رو خریدم و خیلی راضی ام,0,false,2018-03-18T15:47:45.5766667+00:00,مثبت,0.79,محصول,محصول
رژ لب مدادی مدل Matte,https://www.khanoumi.com/products/golden-rose-matte-lipstick-4587,07رو سفارش دادم.خوشرنگه و بادوام .فقط با آرایش پاک کن میره.فقط لبمو بعدش پوسته کرد فکر کنم قبلش لبمو چرب کنم بهتر باشه,2,true,2018-03-04T14:49:50.84+00:00,خنثی,0.35,محصول,محصول
رژ لب مدادی مدل Matte,https://www.khanoumi.com/products/golden-rose-matte-lipstick-4587,من 05 رو دارم تیره تر از چیزی هست که فکر میکردم و خیلی نرم هست,1,true,2018-02-26T11:55:28.8+00:00,خنثی,0.35,سایر,سایر
رژ لب مدادی مدل Matte,https://www.khanoumi.com/products/golden-rose-matte-lipstick-4587,امروز سفارشم به دستم رسید رژهای گلدن رز واقعا عالیه خیلی از خریدم راضی هستم خانمی ,3,true,2018-02-02T16:14:11.7266667+00:00,مثبت,0.67,تحویل و ارسال,تحویل و ارسال
رژ لب مدادی مدل Matte,https://www.khanoumi.com/products/golden-rose-matte-lipstick-4587,رژ خوبیه ولی ماندگاری نداره,1,true,2018-01-28T23:55:43.0966667+00:00,مثبت,0.67,محصول,محصول
رژ لب مدادی مدل Matte,https://www.khanoumi.com/products/golden-rose-matte-lipstick-4587,خیلی رژ خوبیه خیلی راضیم من ۲ بار ازش گرفتم تست رنگ رژهارو همیشه تو گوگل سرچ کنید تا به مشکل نخورین,3,true,2017-11-19T11:18:11.3933333+00:00,مثبت,0.91,محصول,محصول
رژ لب مدادی مدل Matte,https://www.khanoumi.com/products/golden-rose-matte-lipstick-4587,خود رژ خیلی نرم کشیده میشه و مخملیه اما بعد از چند ساعت لب منو داغون میکنه، خشک میکنه خیلی و خارش میاره برام ,7,true,2017-11-10T22:49:29.1633333+00:00,منفی,0.67,سایر,سایر
رژ لب مدادی مدل Matte,https://www.khanoumi.com/products/golden-rose-matte-lipstick-4587,من شماره ۱۰ و ۱۲ رو دارم فوق العادست بافتش . ۱۰ رنگ طبیعی و خوبی داشت خیلی را۱یم ۱۲ امروز بدستم رسیدددد یکم روشنتره مرسی خانومی,5,true,2017-10-25T16:22:04.6+00:00,ترکیبی,0.74,محصول | تحویل و ارسال,محصول
رژ لب مدادی مدل Matte,https://www.khanoumi.com/products/golden-rose-matte-lipstick-4587,دومين باره دارم سفارش ميدم راضي بودم مرسي خانومي,2,true,2017-10-14T14:27:43.4533333+00:00,مثبت,0.79,محصول,محصول
رژ لب مدادی مدل Matte,https://www.khanoumi.com/products/golden-rose-matte-lipstick-4587,رنگای 8-10-11-12-13-14-19 خیلی خوبن😍😊,7,false,2017-10-03T00:19:48.08+00:00,مثبت,0.79,محصول,محصول
رژ لب مدادی مدل Matte,https://www.khanoumi.com/products/golden-rose-matte-lipstick-4587,من 3 تا از این رژ لب ها رو گرفتم از هر 3 تا راضیم دقیقا همین رنگ که تو تصویر بوده ممنون خانمی ,3,true,2017-09-21T22:49:49.2466667+00:00,مثبت,0.67,محصول,محصول
رژ لب مدادی مدل Matte,https://www.khanoumi.com/products/golden-rose-matte-lipstick-4587,من شماره 11 رو گرفتم.روی لب خیلی سبک و نرمه.اگه بره توی تخفیف چند تا دیگه هم ازش میگیرم.,17,false,2017-04-27T15:50:57.9333333+00:00,خنثی,0.35,قیمت,قیمت
رژ لب مدادی مدل Matte,https://www.khanoumi.com/products/golden-rose-matte-lipstick-4587,شماره ی 09 رو خریدم ولی اضلا گوشتی نبود و قرمز جیغ بود,15,true,2017-04-16T17:25:16.9566667+00:00,خنثی,0.35,محصول,محصول
رژ لب مدادی مدل Matte,https://www.khanoumi.com/products/golden-rose-matte-lipstick-4587,من از این رژ رنگ های 02 و 05 و 08 و 11 و 19 رو برای خودم و اطرافیان خریدم،کیفیتش خیلی خوبه، به نسبت چربه و لب رو پوست پوست نمیکنه. رنگاش هم پررنگه، برای من هم نوکش نشکست ولی در کل نباید زیاد فشار بدین. ماندگاریش هم خوبه. فقط حواستون باشه رنگای تو سایت دقیق نیست خیلی، قبل از خرید تو گوگل سرچ بزنید رنگ ها رو روی لب میاره بعد انتخاب کنید.,27,true,2017-04-03T14:29:35.9933333+00:00,ترکیبی,0.92,محصول,محصول
رژ لب مدادی مدل Matte,https://www.khanoumi.com/products/golden-rose-matte-lipstick-4587,خیلی عالیههههه.کاملا با کیفیت و مخملیه و روی لب بسیار زیبا میشینه. فقط یه مشکلی داشت. اونم اینکه نوکش زود شکست :( یعنی بعد دو سه بار استفاده .خیلی ازین بابت متاسف شدم. و از برند گلدن رز همچین انتظری نداشتم. مشکل چی بوده یعنی؟ طرز استفاده خاصی داره؟,4,true,2017-03-22T14:36:30.0866667+00:00,ترکیبی,0.74,محصول,محصول
رژ لب مدادی مدل Matte,https://www.khanoumi.com/products/golden-rose-matte-lipstick-4587,شماره 101 رو خریدم ولی اصلا قهوه ای نیست. کاملا کرم بژ هست و روشنه.,4,true,2017-03-13T21:54:18.11+00:00,مثبت,0.67,محصول | اصل بودن کالا,محصول
رژ لب مدادی مدل Matte,https://www.khanoumi.com/products/golden-rose-matte-lipstick-4587,"با عرض سلام و خسته نباشید و تشکر از سایت خانمی.
من شماره 01-قهوه ای مسی این رژ لب رو خریدم ولی متأسفانه رنگش اصلا قهوه ای مسی نیست بلکه قهوه ای آلبالویی تیره است.",5,true,2017-03-12T11:52:15.1833333+00:00,مثبت,0.67,محصول | اصل بودن کالا,محصول
رژ لب مدادی مدل Matte,https://www.khanoumi.com/products/golden-rose-matte-lipstick-4587,شماره 15 لطفا بیارید.,2,true,2017-01-30T01:45:56.7+00:00,خنثی,0.35,سایر,سایر
رژ لب مدادی مدل Matte,https://www.khanoumi.com/products/golden-rose-matte-lipstick-4587,پس بقيه رنگاش كو؟,12,true,2017-01-04T22:04:56.9766667+00:00,خنثی,0.35,محصول,محصول
رژ لب مدادی مدل Matte,https://www.khanoumi.com/products/golden-rose-matte-lipstick-4587,"خانم "" مقیمی"" عزیز /به محض تامین نمونه با کیفیت محصول ازطرف بخش تامین کالا فروشگاه  رنگبندی محصول شارژ و در دسترس شما همراهان عزیز "" خانومی"" قرار خواهد گرفت
",1,false,2016-12-18T10:06:00.4433333+00:00,خنثی,0.35,محصول,محصول
رژ لب مدادی مدل Matte,https://www.khanoumi.com/products/golden-rose-matte-lipstick-4587,"سلام
لطفا شماره 24 رو هم اضافه کنید",2,false,2016-12-14T18:26:18.2533333+00:00,خنثی,0.35,سایر,سایر
رژ لب مدادی مدل Matte,https://www.khanoumi.com/products/golden-rose-matte-lipstick-4587,از اين محصول راضي بودم ، خيلي خوب رو لب ميشينه. چرا از برند اتود فقط لاك پاك كن دارين؟ لطفا اگه امكانش هست رژ هاي اتود رو هم موجود كنين. ممنون,8,false,2016-12-08T23:18:11.7333333+00:00,مثبت,0.95,محصول,محصول
رژ لب مدادی مدل Matte,https://www.khanoumi.com/products/golden-rose-matte-lipstick-4587,سلام ايا محصولات گلدن رز درمشهد نمايندگي دارد ؟,1,false,2016-11-27T08:14:33.4966667+00:00,خنثی,0.35,محصول,محصول
رژ لب مدادی مدل Matte,https://www.khanoumi.com/products/golden-rose-matte-lipstick-4587,"اینم مثال:
https://www.google.com/search?q=golden+rose+matte+lipstick+crayon+swatches&tbm=isch&tbo=u&source=univ&sa=X&ved=0ahUKEwiGzZrA5L_QAhXDDcAKHdQoApsQsAQIGg",5,true,2016-11-24T00:38:47.83+00:00,خنثی,0.35,سایر,سایر
رژ لب مدادی مدل Matte,https://www.khanoumi.com/products/golden-rose-matte-lipstick-4587,"بهترین راه برای اینکه رنگ واقعی یک ماده آرایشی رو ببینید اینه که اسم محصول به زبان انگلیسی رو توی گوگل سرچ کنید و جلوش یک کلمه swatch رو اضافه کنید.
در اینصورت تمام عکسهایی که افراد مختلف اون به فرض رژ لب رو روی دستشون تست کردن رو براتون میاره و میتونید راجت انتخاب کنید.
ایزی پیزی :))",34,true,2016-11-24T00:33:30.73+00:00,مثبت,0.67,محصول,محصول
رژ لب مدادی مدل Matte,https://www.khanoumi.com/products/golden-rose-matte-lipstick-4587,"خانم ""عندلیب"" عزیز /  فروشگاه خانومی در خصوص ارائه رنگ های محصولات با سایت های مرجع و تولید کننده کاملا مطابقت دارد و ارائه این رنگ ها در هر فروشگاه و کاتالوگی با همین شمایل میباشد  . در خصوص تفاوت رنگی ایی که برای بعضی مشتریان پیش می آید میتوان به وضوح و کیفیت نمایش مانیتور ها اشاره داشت همچنین توصیه میشود جهت اطمینان از رنگ مورد نظرتان قبل از خرید به سایت های اصلی برند یا فروشگاه های معتبر خارجی مراجعه , رنگ ها را مشاهده و مقایسه کنید . سپس اقدام به خرید کنید",1,false,2016-10-15T10:19:33+00:00,مثبت,0.79,محصول | اصل بودن کالا,محصول
رژ لب مدادی مدل Matte,https://www.khanoumi.com/products/golden-rose-matte-lipstick-4587,"چقدر بده که نمیشه فهمید چه رنگیه واقعا 
اگه خانوم دانشگر میگن 09 گرفتن ولی قرمزه پس نمیشه گفت پر رنگتر بگیریم که بعدش دو درجه از اون کم تر به دستمون برسه 
منم 14 رو گرفتم که بژ تیره ست ولی در حقیقت بژتیره نیست 
یه حالت کالباسی مانند میخوام 
میتونین بگین کدومش کالباسیه واقعا؟
",5,true,2016-10-14T18:04:38.9866667+00:00,مثبت,0.79,محصول,محصول
رژ لب مدادی مدل Matte,https://www.khanoumi.com/products/golden-rose-matte-lipstick-4587,"خانم "" دانشگر"" عزیز / از اینکه تجربه مصرف خود از محصول فوق را با ما و دیگر همراهان ""خانومی"" در میان گذاشتید بسیار سپاسگزاریم و بسیار خرسندیم که خرید از ""خانومی"" برای شما رضایتمندی را به همراه داشته است .",0,false,2016-10-05T13:29:04.1633333+00:00,مثبت,0.67,محصول,محصول
رژ لب مدادی مدل Matte,https://www.khanoumi.com/products/golden-rose-matte-lipstick-4587,این محصول دیروز به دستم رسید.من شماره 09 رو سفارش دادم که زده گوشتی رنگ ولی کاملا قرمزه.من برای استفاده روزانه میخاستم اما اینطوری فقط میشه عروسی ها زد.ممنون از سایت خانومی که بقی محصولات سفارشیم عالی بودن و همونی بود که میخاستم.,12,true,2016-10-05T12:49:17.2966667+00:00,مثبت,0.91,محصول | تحویل و ارسال,محصول
رژ لب مدادی مدل Matte,https://www.khanoumi.com/products/golden-rose-matte-lipstick-4587,"خانم "" درویش "" عزیز / خیر رژ لب مدادی مات گلدن رز پیچی نیست.
",1,false,2016-10-03T09:16:27.7133333+00:00,خنثی,0.35,سایر,سایر
رژ لب مدادی مدل Matte,https://www.khanoumi.com/products/golden-rose-matte-lipstick-4587,سلام اين رژ پيچي هست و بيرون مياد؟!,1,false,2016-10-02T18:15:07.5666667+00:00,خنثی,0.35,سایر,سایر
رژ لب مدادی مدل Matte,https://www.khanoumi.com/products/golden-rose-matte-lipstick-4587,"خانم "" عندلیب "" عزیز /  فروشگاه خانومی در خصوص ارائه رنگ های محصولات با سایت های مرجع و تولید کننده کاملا مطابقت دارد و ارائه این رنگ ها در هر فروشگاه و کاتالوگی با همین شمایل میباشد  . در خصوص تفاوت رنگی ایی که برای بعضی مشتریان پیش می آید میتوان به وضوح و کیفیت نمایش مانیتور ها اشاره داشت. ضمن آنکه فروشگاه اینترنتی ""خانومی"" به جهت اطمینان خاطر و رضایتمندی بیشتر مشتریان عزیز برای بسیاری از کالا های خود فرصت بازگشت 7روزه رایگان درنظر گرفته.لازم است جهت استفاده از این ضمانت از بازکردن پلمپ محصول خودداری کرده و طی 24 ساعت موضوع را به واحد امور مشتریان اطلاع دهید .",0,false,2016-09-06T13:07:27+00:00,خنثی,0.35,محصول | تحویل و ارسال | خدمات و پشتیبانی,محصول
رژ لب مدادی مدل Matte,https://www.khanoumi.com/products/golden-rose-matte-lipstick-4587,"رنگی که میخاستم نبود خطا داره انتخاب 
اون مخملی و نرمی هم اصلا نداره و خیلی هم کوچیکه تعجب کرد
از برندای دیگه همین مدلا رو میگیرم هم بزرگتره و هم بهتر روی لب میشینه",4,true,2016-09-06T11:55:25.4466667+00:00,منفی,0.67,محصول | اصل بودن کالا,اصل بودن کالا
رژ لب مدادی مدل Matte,https://www.khanoumi.com/products/golden-rose-matte-lipstick-4587,"خانم "" رشیدی"" عزیز / از اینکه تجربه مصرف خود از محصول فوق را با ما و دیگر همراهان ""خانومی"" در میان گذاشتید بسیار سپاسگزاریم و بسیار خرسندیم که خرید از ""خانومی"" برای شما رضایتمندی را به همراه داشته است .",0,false,2016-09-05T13:51:32.6666667+00:00,مثبت,0.67,محصول,محصول
رژ لب مدادی مدل Matte,https://www.khanoumi.com/products/golden-rose-matte-lipstick-4587,من دوتا شماره از این رژ لب خریدم به نظرم رنگهای توی سایت با رنگ رژها متفاوته کیفیتشون خیلی خوبه ولی رنگهاشون کمی فرق داره هرچی پرنگ تر انتخاب کنی بهتره چون رنگهای رژها با رنگ امتخابی یکی دو درجه کمرنگ ترن ,3,true,2016-09-05T11:44:28.4466667+00:00,مثبت,0.91,محصول,محصول
رژ لب مدادی مدل Matte,https://www.khanoumi.com/products/golden-rose-matte-lipstick-4587,"خانم "" قدیمی پور"" عزیز /  فروشگاه خانومی در خصوص ارائه رنگ های محصولات با سایت های مرجع و تولید کننده کاملا مطابقت دارد و ارائه این رنگ ها در هر فروشگاه و کاتالوگی با همین شمایل میباشد  . در خصوص تفاوت رنگی ایی که برای بعضی مشتریان پیش می آید میتوان به وضوح و کیفیت نمایش مانیتور ها اشاره داشت همچنین توصیه میشود جهت اطمینان از رنگ مورد نظرتان قبل از خرید به سایت های اصلی برند یا فروشگاه های معتبر خارجی مراجعه , عکس های متنوع رنگ ها را مشاهده و مقایسه کنید . سپس اقدام به خرید کنید",0,false,2016-08-24T11:53:30+00:00,مثبت,0.79,محصول | اصل بودن کالا,محصول
رژ لب مدادی مدل Matte,https://www.khanoumi.com/products/golden-rose-matte-lipstick-4587,"من رنگ ۱۰۱ قهوه ایی روشن گرفتم به امید اینکه خود رنگی که نمایش داده شده هست دیگه اما متاسفانه به استفاده دیدم که رنگش بژروشن هست(مشابه شماره ۱۵ بالا) ؛ شبیه روح میکنه آدم رو.
از خریدم بسیار متاسف شدم.
ولی در کل جنس خیلی خوبه حتی بهتر از رژ مدادی اسکار.",8,true,2016-08-24T10:41:32.7533333+00:00,ترکیبی,0.92,محصول,محصول
رژ لب مدادی مدل Matte,https://www.khanoumi.com/products/golden-rose-matte-lipstick-4587,"""مینا "" عزیز / رژ لب هایی "" چرب "" نامیده میشوند که پس از استفاده روی لب برق ایجاد میکنند و رژ لب مدادی مات گلدن رز همانطور که از نام آن پیداست مات و مخملی روی لب جلوه میکند در خصوص رنگ نیز ,  فروشگاه خانومی در خصوص ارائه رنگ های محصولات با سایت های مرجع و تولید کننده کاملا مطابقت دارد و ارائه این رنگ ها در هر فروشگاه و کاتالوگی با همین شمایل است.",1,false,2016-08-13T10:18:07.83+00:00,خنثی,0.35,محصول,محصول
رژ لب مدادی مدل Matte,https://www.khanoumi.com/products/golden-rose-matte-lipstick-4587,من شماره ی 11 این رژ رو به تازگی سفارش دادم وقتی به دستم رسید دیدم که اصلا اصلا مات نیست، کاملا چربه و مثل رژ مدادی های دیگه که تا حالا داشتم نیست. رنگش هم با عکسی که اینجا گذاشتین کاملا متفاوته. در کل از خریدم راضی نیستم.,17,true,2016-08-12T15:04:17.4666667+00:00,منفی,0.67,اصل بودن کالا | محصول | تحویل و ارسال,اصل بودن کالا
رژ لب مدادی مدل Matte,https://www.khanoumi.com/products/golden-rose-matte-lipstick-4587,"خانم "" قدیمی پور "" عزیز / طبق قوانین خرید از سایت و به جهت احترام و حفظ حقوق تمامی خریداران عزیز هر شخص در هر فاکتور تنها مجاز به انتخاب سه تعداد از هر محصول میباشد . ",0,false,2016-07-31T10:01:14.5366667+00:00,خنثی,0.35,محصول,محصول
رژ لب مدادی مدل Matte,https://www.khanoumi.com/products/golden-rose-matte-lipstick-4587,چرا ارور میده که امکان اضافه کردن بیش از سه کالا از یک نوع محصول امکان پذیر نيست؟ چه فرقی داره برای شما؟اصلا شاید کسی بخواد تمام رنگ های دلخواهش رو یکجا بگيره؟خودم ۵ تا رنگش رو میخوام؛ چون یکی خریدم و ازش راضی ام.تازه کلی منتظر موندم تا موجود بشن همه رنگ هاش.,4,true,2016-07-28T22:59:56+00:00,مثبت,0.91,محصول | اصل بودن کالا,محصول
رژ لب مدادی مدل Matte,https://www.khanoumi.com/products/golden-rose-matte-lipstick-4587,Lotfan mojadadan shans ya takhfif bezarid ba tashakor az ❤️mahsolate aliton,5,true,2016-07-18T00:10:00.9633333+00:00,خنثی,0.35,سایر,سایر
رژ لب مدادی مدل Matte,https://www.khanoumi.com/products/golden-rose-matte-lipstick-4587,خانم قدیمی پور عزیز/ به محض تامین نمونه با کیفیت کالا؛ بخش مربوط حتما محصول را شارژ و در دسترس شما خریداران عزیز قرار خواهند داد.,2,false,2016-07-08T00:04:14.94+00:00,خنثی,0.35,محصول,محصول
رژ لب مدادی مدل Matte,https://www.khanoumi.com/products/golden-rose-matte-lipstick-4587,"خیلی خوبه؛لطفا به طور کامل شارژ کنید از اونايي که میخوام فقط یکی شون موجوده.
خیلی طول می کشه تا شارژ کامل؟",2,true,2016-07-07T15:04:06.4033333+00:00,مثبت,0.91,محصول,محصول
رژ لب مدادی مدل Matte,https://www.khanoumi.com/products/golden-rose-matte-lipstick-4587,۰۷ رو موجود کنید لطفا,0,true,2016-07-03T12:36:26.8833333+00:00,خنثی,0.35,محصول,محصول
رژ لب مدادی مدل Matte,https://www.khanoumi.com/products/golden-rose-matte-lipstick-4587,"اکثره رنگاش تموم شده , شماره های 8 و 14 رو ممکنه شارژ کنید ؟",11,true,2016-06-08T00:43:56.8033333+00:00,خنثی,0.35,محصول,محصول
رژ لب مدادی مدل Matte,https://www.khanoumi.com/products/golden-rose-matte-lipstick-4587,lotfan shomare 14 sharzh konid ,4,false,2016-06-03T23:09:33.1766667+00:00,خنثی,0.35,سایر,سایر
رژ لب مدادی مدل Matte,https://www.khanoumi.com/products/golden-rose-matte-lipstick-4587,رنگ های قهوه ای رژ ها تقریبا ناموجوده . لطفا شماره 14 این محصول رو شارژ کنید,9,false,2016-05-13T19:31:53.4366667+00:00,خنثی,0.35,محصول,محصول
قلم سایه بزرگ,https://www.khanoumi.com/products/artdeco-large-eyeshadow-brush-4595,"شارژ کنیییید لطفا 😊
و توی شانس بذارین",2,false,2016-05-13T15:00:27.2833333+00:00,خنثی,0.35,سایر,سایر
قلم سایه بزرگ,https://www.khanoumi.com/products/artdeco-large-eyeshadow-brush-4595,لطفا در شانس یا حراج بزرگ خانمی قرار دهید ^_^,3,false,2016-04-10T11:46:39.96+00:00,خنثی,0.35,سایر,سایر
برس  کرم پودر,https://www.khanoumi.com/products/artdeco-make-up-brush-premium-quality-4596,"خانم "" مقیمی"" عزیز / به محض تامین نمونه با کیفیت محصول ازطرف بخش تامین کالا فروشگاه .محصول شارژ و در دسترس شما همراهان عزیز "" خانومی"" قرار خواهد گرفت
. میتوانید در صفحه محصول "" آیکون "" به من اطلاع بده "" را فعال کنید تا در زمان شارژ کالا از طریق پیامک و ایمیل اطلاع پیدا کنید .
",2,false,2016-11-14T09:25:34.5066667+00:00,منفی,0.79,محصول,محصول
برس  کرم پودر,https://www.khanoumi.com/products/artdeco-make-up-brush-premium-quality-4596,لطفا موجود کنید,4,false,2016-11-14T01:45:41.6233333+00:00,خنثی,0.35,محصول,محصول
برس  کرم پودر,https://www.khanoumi.com/products/artdeco-make-up-brush-premium-quality-4596,"کاربر عزیز / میتوانید در صفحه محصول آیکون "" به من اطلاع بده "" را فعال کنید تا هم شانس در تخفیف قرار گرفتن محصول مورد علاقه تان را افزایش دهید و هم در زمان در تخفیف قرار گرفتن آن از طریق پیامک و ایمیل اطلاع پیدا کنید .",1,false,2016-09-11T16:32:36.5633333+00:00,منفی,0.79,محصول | قیمت,محصول
برس  کرم پودر,https://www.khanoumi.com/products/artdeco-make-up-brush-premium-quality-4596,شانس خانووومی,1,false,2016-05-13T14:58:19.66+00:00,خنثی,0.35,سایر,سایر
برس  کرم پودر,https://www.khanoumi.com/products/artdeco-make-up-brush-premium-quality-4596,لطفا در شانس یا حراج بزرگ خانمی قرار دهید ^_^,3,false,2016-04-10T11:46:55.7633333+00:00,خنثی,0.35,سایر,سایر
برس  کرم پودر,https://www.khanoumi.com/products/artdeco-make-up-brush-premium-quality-4596,شانس خانومي,3,false,2015-12-02T01:13:39.01+00:00,خنثی,0.35,سایر,سایر
براش پنکک,https://www.khanoumi.com/products/artdeco-powder-brush-premium-quality-4597,"سلام وقتتون خوش
 این براش با براش پنکک مینرال چه تفاوتی داره؟
با سپاس از وقتی که میگذارید و به پیامها پاسخ میدین",0,false,2017-01-19T04:40:08.9933333+00:00,مثبت,0.67,خدمات و پشتیبانی,خدمات و پشتیبانی
براش پنکک,https://www.khanoumi.com/products/artdeco-powder-brush-premium-quality-4597,خانم سلمانی عزیز / محصولات بصورت سیستماتیک و بر اساس تعداد درخواست ها ی مشتریان عزیز در شانس و تخفیف ها قرار میگیرند . ,1,false,2016-05-14T09:55:33.82+00:00,خنثی,0.35,محصول | قیمت,محصول
براش پنکک,https://www.khanoumi.com/products/artdeco-powder-brush-premium-quality-4597,چرا ابزارهای آرایشی رو توی شانس نمیگذارین؟؟؟؟؟ 😣,0,false,2016-05-13T14:57:40.2066667+00:00,خنثی,0.35,سایر,سایر
براش پنکک,https://www.khanoumi.com/products/artdeco-powder-brush-premium-quality-4597,لطفا در شانس یا حراج بزرگ خانمی قرار دهید ^_^,0,false,2016-04-10T11:44:45.1433333+00:00,خنثی,0.35,سایر,سایر
برس تخصصی رژ گونه,https://www.khanoumi.com/products/artdeco-blusher-brush-premium-quality-4598,لطفا در شانس یا حراج بزرگ خانمی قرار دهید ^_^,5,false,2016-04-10T11:44:21.0266667+00:00,خنثی,0.35,سایر,سایر
برس تخصصی رژ گونه,https://www.khanoumi.com/products/artdeco-blusher-brush-premium-quality-4598,لطفا شانس,4,false,2016-03-01T18:49:17.4733333+00:00,خنثی,0.35,سایر,سایر
برس تخصصی رژ گونه,https://www.khanoumi.com/products/artdeco-blusher-brush-premium-quality-4598,"*********  شا نس 10:10 لطفا  ***********
",7,false,2016-02-18T02:06:31.2433333+00:00,خنثی,0.35,سایر,سایر
برس تخصصی رژ گونه,https://www.khanoumi.com/products/artdeco-blusher-brush-premium-quality-4598,"*********  شانس 10:10 لطفا  ***********
",5,false,2016-02-18T02:06:16.22+00:00,خنثی,0.35,سایر,سایر
برس تخصصی رژ گونه,https://www.khanoumi.com/products/artdeco-blusher-brush-premium-quality-4598,شانس 10:10,6,false,2016-02-12T17:07:11.7633333+00:00,خنثی,0.35,سایر,سایر
رژ لب مدادی مدل Matte,https://www.khanoumi.com/products/golden-rose-matte-lipstick-4587,لطفا رنگاش و شارژ کنید,8,true,2016-04-11T00:53:48.9966667+00:00,خنثی,0.35,محصول,محصول
رژ لب مدادی مدل Matte,https://www.khanoumi.com/products/golden-rose-matte-lipstick-4587,"خانم ثابت عزیز / شماره های 11 و 12 و 13 محصول تناژ صورتی دارند. 
",3,false,2016-04-09T10:24:05.5266667+00:00,خنثی,0.35,محصول,محصول
رژ لب مدادی مدل Matte,https://www.khanoumi.com/products/golden-rose-matte-lipstick-4587,سلام شماره هشت صورتی رنگه یا شماره دوازده یا سیزده؟میشه لطفا راهنمایی کنین،تشکر,1,false,2016-04-08T01:10:46.6966667+00:00,خنثی,0.35,محصول,محصول
رژ لب مدادی مدل Matte,https://www.khanoumi.com/products/golden-rose-matte-lipstick-4587,واقعا بافت نرم و سبکی داره عالیه ....,8,true,2016-04-02T19:41:35.2433333+00:00,مثبت,0.79,محصول,محصول
رژ لب مدادی مدل Matte,https://www.khanoumi.com/products/golden-rose-matte-lipstick-4587,"خانم حمیدی عزیز /  حتما به محض تامین نمونه با کیفیت محصول ,سریعا  رنگ ها شارژ و در دست رس خریداران عزیز قرار خواهد گرفت .",1,false,2016-04-02T10:12:12.1533333+00:00,خنثی,0.35,محصول,محصول
رژ لب مدادی مدل Matte,https://www.khanoumi.com/products/golden-rose-matte-lipstick-4587,رنگهاش کی موجود میشه پس؟ :((((,5,true,2016-03-29T18:24:16.9433333+00:00,خنثی,0.35,محصول,محصول
رژ لب مدادی مدل Matte,https://www.khanoumi.com/products/golden-rose-matte-lipstick-4587,رنگهاش کی موجود میشه پس؟ :((((,5,true,2016-03-29T18:24:07.66+00:00,خنثی,0.35,محصول,محصول
رژ لب مدادی مدل Matte,https://www.khanoumi.com/products/golden-rose-matte-lipstick-4587,شماره‌ ۱۴ لطفا,5,false,2016-03-26T04:56:37.1233333+00:00,خنثی,0.35,سایر,سایر
رژ لب مدادی مدل Matte,https://www.khanoumi.com/products/golden-rose-matte-lipstick-4587,خانم نجفی عزیز / حتما در خواستتان به واحد مربوط ارجاع داده خواهد شد و به محض تامین کالا با نمونه با کیفیت آن برای فروش عرضه خواهد شد . ,0,false,2016-03-23T17:57:22.5266667+00:00,خنثی,0.35,محصول,محصول
رژ لب مدادی مدل Matte,https://www.khanoumi.com/products/golden-rose-matte-lipstick-4587,لطف می کنید این محصول رو شارژ کنید دوباره؟,4,true,2016-03-21T11:16:41.47+00:00,خنثی,0.35,محصول,محصول
رژ لب مدادی مدل Matte,https://www.khanoumi.com/products/golden-rose-matte-lipstick-4587,لطفا رنگهایی که تمام شده شارژ نمایید,4,true,2016-03-17T16:37:18.3066667+00:00,خنثی,0.35,محصول,محصول
رژ لب مدادی مدل Matte,https://www.khanoumi.com/products/golden-rose-matte-lipstick-4587,"خیلی ممنون از راهنماییتون 
لطفا 14 رو شارژ کنید",1,false,2016-03-13T22:33:22.4666667+00:00,مثبت,0.67,سایر,سایر
رژ لب مدادی مدل Matte,https://www.khanoumi.com/products/golden-rose-matte-lipstick-4587,"رویا عزیز / رنگ شماره 14از رژ لب مدادی مات گلدن رز نزدیک ترین تناژ را به شماره 289  رژ لب مدادی کالر بیگی بیو دارد . اما  هم رنگ و همانند هم نیستند. 

",2,false,2016-03-08T10:41:39.63+00:00,خنثی,0.35,محصول,محصول
رژ لب مدادی مدل Matte,https://www.khanoumi.com/products/golden-rose-matte-lipstick-4587,كدوم شمارش به شماره 289 بيو شبيه است?,1,false,2016-03-07T16:31:26.5433333+00:00,خنثی,0.35,سایر,سایر
رژ لب مدادی مدل Matte,https://www.khanoumi.com/products/golden-rose-matte-lipstick-4587,14 شااااااارژ شه لطفا,5,true,2016-03-05T14:56:36.5466667+00:00,خنثی,0.35,سایر,سایر
رژ لب مدادی مدل Matte,https://www.khanoumi.com/products/golden-rose-matte-lipstick-4587,لطفا رنگاش و شارژ کنید,8,true,2016-02-28T21:15:09.5033333+00:00,خنثی,0.35,محصول,محصول
رژ لب مدادی مدل Matte,https://www.khanoumi.com/products/golden-rose-matte-lipstick-4587,رنگاشو کامل شارژ کنید لطفا,10,true,2016-02-26T15:43:16.3433333+00:00,خنثی,0.35,محصول,محصول
رژ لب مدادی مدل Matte,https://www.khanoumi.com/products/golden-rose-matte-lipstick-4587,"شماره هشت رو موجود کنید
",9,false,2016-02-15T10:32:23.3833333+00:00,خنثی,0.35,محصول,محصول
رژ لب مدادی مدل Matte,https://www.khanoumi.com/products/golden-rose-matte-lipstick-4587,شانس ١٠:١٠ لطفا,9,false,2016-02-13T11:11:38.2566667+00:00,خنثی,0.35,سایر,سایر
رژ لب مدادی مدل Matte,https://www.khanoumi.com/products/golden-rose-matte-lipstick-4587,shans bezarin,13,false,2016-02-11T20:48:47.6+00:00,خنثی,0.35,سایر,سایر
برس رژ گونه مینرال,https://www.khanoumi.com/products/artdeco-mineral-blusher-brush-4599,اندازه ش کوچیکه ، لطفا ابعاد ابزار های آرایشی و طول برس ها رو توی توضیحات بذارید ، کیفیتش خوبه برسش نرم ولی دسته کوتاهی داره و بیشتر مناسب توی کیف ارایش هست تا استفاده روزانه لطفا برس های دسته بلند موجود کنید ، مرسی,9,false,2016-04-29T15:29:51.63+00:00,مثبت,0.91,محصول,محصول
برس رژ گونه مینرال,https://www.khanoumi.com/products/artdeco-mineral-blusher-brush-4599,لطفا در شانس یا حراج بزرگ خانمی قرار دهید ^_^,1,false,2016-04-10T11:46:20.7266667+00:00,خنثی,0.35,سایر,سایر
قلم سایه مینرال,https://www.khanoumi.com/products/artdeco-mineral-baked-eyeshadow-applicator--4600,لطفا اين محصولم در شانس ١٠:١٠ بذاريد,3,false,2016-02-13T11:31:21.1866667+00:00,خنثی,0.35,محصول,محصول
برس پنکک مینرال,https://www.khanoumi.com/products/artdeco-mineral-loose-powder-brush--4601,شارژ کنید و توی شانس قرار بدین لطفا 😊,7,false,2016-05-13T15:02:57.8866667+00:00,منفی,0.67,سایر,سایر
برس مخصوص پودر تثبیت کننده مینرال,https://www.khanoumi.com/products/artdeco-mineral-powder-foundation-brush--4602,لطفا در شانس یا حراج بزرگ خانمی قرار دهید ^_^,1,false,2016-04-10T11:45:27.39+00:00,خنثی,0.35,سایر,سایر
برس مخصوص پودر تثبیت کننده مینرال,https://www.khanoumi.com/products/artdeco-mineral-powder-foundation-brush--4602,khaheshhhh mikonam baraye in mahsool shans 10:10 bezarin,0,false,2016-02-11T20:50:46.8633333+00:00,خنثی,0.35,سایر,سایر
قلم  طراحی ابروی,https://www.khanoumi.com/products/artdeco-eyebrow-brush-4603,هیچ براش طراحی ابرویی توی سایت  موجود نیست، لطفا شارژ کنید براشها رو. ,2,false,2017-03-16T20:02:53.75+00:00,خنثی,0.35,محصول,محصول
قلم  طراحی ابروی,https://www.khanoumi.com/products/artdeco-eyebrow-brush-4603,شانس لطفا,5,false,2016-03-01T18:50:03.9466667+00:00,خنثی,0.35,سایر,سایر
برق ناخن قوی,https://www.khanoumi.com/products/golden-rose-mega-shine-4604,یعنی خوبه واقعا😏😏😏,1,false,2020-05-02T02:30:42+00:00,مثبت,0.79,سایر,سایر
برق ناخن قوی,https://www.khanoumi.com/products/golden-rose-mega-shine-4604,خیلی سریع خشک میشه و لاک رو زیاد روی ناخن حفظ می کنه,7,true,2019-04-24T12:15:13.0466667+00:00,خنثی,0.35,سایر,سایر
برق ناخن قوی,https://www.khanoumi.com/products/golden-rose-mega-shine-4604,سلام. اونقدرام برق ناخنش قوی نیست راستش. معمولیه. ولی خیلی زود خشک میشه. اینش خوبه,22,true,2017-06-25T01:42:01.6766667+00:00,مثبت,0.79,محصول,محصول
برق ناخن قوی,https://www.khanoumi.com/products/golden-rose-mega-shine-4604,خیلی خوبِ زود هم خشک میشه,12,true,2017-04-23T18:48:23.8566667+00:00,مثبت,0.79,سایر,سایر
روغن زیبایی ناخن,https://www.khanoumi.com/products/golden-rose-nail-beauty-oil-4605,برای دوستانی که توضیحش رو احتیاج دارن,0,false,2026-07-30T01:52:46.2928487+03:30,خنثی,0.35,سایر,سایر
روغن زیبایی ناخن,https://www.khanoumi.com/products/golden-rose-nail-beauty-oil-4605,خوب بود راضیم,0,false,2026-07-30T01:50:28.5829079+03:30,مثبت,0.95,محصول,محصول
روغن زیبایی ناخن,https://www.khanoumi.com/products/golden-rose-nail-beauty-oil-4605,من این محصول رو چند ماه پیش خریدم و هر روز روی ناخنام استفاده کردم اما هیچ تاثیری نداشت. به نظرم تاثیر کرم مرطوب کننده روی ناخن واضح تره تا تاثیر این محصول. ,5,false,2018-11-21T12:38:21.06+00:00,خنثی,0.35,محصول,محصول
روغن زیبایی ناخن,https://www.khanoumi.com/products/golden-rose-nail-beauty-oil-4605,خانومی واسه وضو مشکل نداره؟اخه گفته یک لایه محافظ غیرروغنی ایجاد میکنه..؟,9,false,2018-04-11T13:44:54.74+00:00,خنثی,0.35,سایر,سایر
روغن زیبایی ناخن,https://www.khanoumi.com/products/golden-rose-nail-beauty-oil-4605,برای وضو مشکل نداره؟؟؟,13,false,2017-06-17T02:25:07.1+00:00,خنثی,0.35,سایر,سایر
روغن زیبایی ناخن,https://www.khanoumi.com/products/golden-rose-nail-beauty-oil-4605,من این محصول رو ازاینجا خریدم.تا حالا 2 بار ازش استفاده کردم.در طول این دوبار نظر کاملا مثبتی دارم نسبت بهش. دستور استفاده پشته جعبه نوشته شده طبق اون عمل کنید.,10,false,2017-04-23T03:44:53.3466667+00:00,خنثی,0.35,محصول,محصول
روغن زیبایی ناخن,https://www.khanoumi.com/products/golden-rose-nail-beauty-oil-4605,سلام من این محصولو از خانومی خریدم.عالی عالی عالیییییییی بسیار عالی.هفته ای دوبار بزنید رو ناخن و زیر ناخن و اطراف و ماساژ بدید.عالیه.ناخن های بسیار زیبایی خواهید داشت.من بسیار راضی بودم,14,true,2017-02-27T12:52:19.1366667+00:00,مثبت,0.95,محصول,محصول
ژل پاک کننده کوتیکول ناخن,https://www.khanoumi.com/products/golden-cuticle-remover-gel-4606,اصلا چیز بدرد بخوری نیست.همون کارو وقتی از حمام میاید میتونید بکنید,8,false,2018-12-13T14:25:42.2166667+00:00,ترکیبی,0.66,محصول | اصل بودن کالا,محصول
ماسک صورت یکبار مصرف کانیهای دریایی حجم 15 میلی لیتر,https://www.khanoumi.com/products/freeman-dead-sea-minerals-anti-stress-facial-mask--4607,عععععععااااااااااااللللللللييييييى,0,true,2019-02-04T03:07:26.7866667+00:00,خنثی,0.35,سایر,سایر
ماسک صورت یکبار مصرف کانیهای دریایی حجم 15 میلی لیتر,https://www.khanoumi.com/products/freeman-dead-sea-minerals-anti-stress-facial-mask--4607,این ماسک عالیه.فقط من پوستم خشکه و بعد از استفاده از این ماسک پوستم خشک شده بود. کسایی که پوستشون خشکه بعد ماسک از مرطوب کننده و آبرسان استفاده کنن.ولی خیلی پوست و سرحال و تمیز میکنه 😊,0,true,2018-04-02T12:38:52.6233333+00:00,مثبت,0.79,محصول,محصول
ماسک صورت یکبار مصرف کانیهای دریایی حجم 15 میلی لیتر,https://www.khanoumi.com/products/freeman-dead-sea-minerals-anti-stress-facial-mask--4607,این محصول عالیه حس خیلی خوبی میده،ممنون خانمی,2,true,2018-03-13T22:30:07.0933333+00:00,مثبت,0.91,محصول,محصول
ماسک صورت یکبار مصرف کانیهای دریایی حجم 15 میلی لیتر,https://www.khanoumi.com/products/freeman-dead-sea-minerals-anti-stress-facial-mask--4607,کاش از این ماسک های مسافرتی اشانتیون میذاشتین.,31,false,2018-02-13T16:52:12.98+00:00,خنثی,0.35,سایر,سایر
ماسک صورت یکبار مصرف کانیهای دریایی حجم 15 میلی لیتر,https://www.khanoumi.com/products/freeman-dead-sea-minerals-anti-stress-facial-mask--4607,من این ماسکو خریدم ک برای بار اول ببینم چجوریه ک خوب بود بخرم باز باید بگم فوق العادس هم پوستمو چربیشو کنترل کرد هم دو درجه پوستم روشن تر شد لطیف تر شد فوق العاده بود فقط مدت این خوبیاش کم بود ے روز بیشتر نموند باز دوباره صورتم مخصوصا پیشانی چربی ترشح کرد و ے خوبیش این بود جوشمم برد خیلی خوب بود و راضی بودم و این همه خوبیش فقط تو استفاده اولش بود برام واقعا خوب بود,8,true,2018-01-07T11:54:36.2666667+00:00,مثبت,0.95,محصول,محصول
ماسک صورت یکبار مصرف کانیهای دریایی حجم 15 میلی لیتر,https://www.khanoumi.com/products/freeman-dead-sea-minerals-anti-stress-facial-mask--4607,موجود کنید لطفا ماسک های فیریمن رو بیشنرشون تموم شده سایز مسافرتیش,7,true,2017-12-05T15:48:57.32+00:00,خنثی,0.35,محصول,محصول
ماسک صورت یکبار مصرف کانیهای دریایی حجم 15 میلی لیتر,https://www.khanoumi.com/products/freeman-dead-sea-minerals-anti-stress-facial-mask--4607,لطفا قبل از شارژ سایز اصلی ماسک ها سایز مسافرتی رو موجود کنید که بتونیم بخریم و تستش کنیم یا هم هر دو سایز رو باهم شارژ کنید که در صورت رضایت سایز اصلی رو سفارش بدیم,11,false,2017-11-03T18:28:28.68+00:00,ترکیبی,0.74,محصول | اصل بودن کالا,محصول
برس پنکک,https://www.khanoumi.com/products/oriflmae-professional-powder-brush-4609,"خانم "" درویش "" / میتوانید در صفحه محصول آیکون "" به من اطلاع بده "" را فعال کنید تا هم شانس در تخفیف قرار گرفتن محصول مورد علاقه تان را افزایش دهید و هم در زمان در تخفیف قرار گرفتن آن از طریق پیامک و ایمیل اطلاع پیدا کنید .",1,false,2016-08-20T10:16:06.4066667+00:00,منفی,0.79,محصول | قیمت,محصول
برس پنکک,https://www.khanoumi.com/products/oriflmae-professional-powder-brush-4609,سلام لطفااااااا تو شانس قرار بديد خيلي ميخوامش,3,false,2016-08-18T21:45:32.6266667+00:00,منفی,0.67,سایر,سایر
قلم  موی دو سر سایه,https://www.khanoumi.com/products/oriflmae-professional-double-ended-eye-shadow-brush-4610,موجودش كنيد لطفا,1,true,2016-03-09T10:22:25.7766667+00:00,خنثی,0.35,محصول,محصول
قلم  موی کانسیلر و رژلب,https://www.khanoumi.com/products/oriflmae-professional-concealer-lip-brush-4611,رنگ ۲۱ این محصولو هرچی سریعتر شارژ کنید لطفا البته باهمین قیمت,0,false,2017-09-04T11:20:26.7833333+00:00,خنثی,0.35,محصول | قیمت,محصول
قلم  موی کانسیلر و رژلب,https://www.khanoumi.com/products/oriflmae-professional-concealer-lip-brush-4611,خانم فتاحی عزیز / تنها شامل قلمو میشود که در خصوص مصرف رژ و کانسیلر میتوانید از  آن کمک بگیرید . ,0,false,2016-05-14T10:33:40.95+00:00,خنثی,0.35,محصول,محصول
قلم  موی کانسیلر و رژلب,https://www.khanoumi.com/products/oriflmae-professional-concealer-lip-brush-4611,يعني يه رژم جدا داره؟يافقط قلمو,3,false,2016-05-12T14:12:35.32+00:00,خنثی,0.35,محصول,محصول
قلم  موی کانسیلر و رژلب,https://www.khanoumi.com/products/oriflmae-professional-concealer-lip-brush-4611,کاش این محصولم بره تو شانس,5,false,2015-12-12T16:16:27.2333333+00:00,خنثی,0.35,محصول,محصول
ماسک یکبار مصرف خاک رسی نعنا و لیمو حجم 15 میلی لیتر,https://www.khanoumi.com/products/freeman-mint-and-lemon-clay-facial-mask-4612,عاليه تمام منافذ پوستمو جمع كرد وجوشاى زير پوستيرو از بين برد,1,true,2019-02-04T03:12:20.02+00:00,مثبت,0.79,محصول,محصول
ماسک یکبار مصرف خاک رسی نعنا و لیمو حجم 15 میلی لیتر,https://www.khanoumi.com/products/freeman-mint-and-lemon-clay-facial-mask-4612,ه،بعد استفاده ازش اصلا احساس خشکی نکردم البته اول با فیس واش اکنه الارو صورتمو میشورم و بعد تونر بایودرما استفاده میکنم و بعد استفاده از ماسک ابرسانمو میزنم،به خانم هایی که جوش زیر پوستی و حتی چرکی دارند پیشنهاد میکنم حتما استفاده کنن,4,true,2018-10-15T17:55:47.8+00:00,مثبت,0.91,محصول | اصل بودن کالا,محصول
ماسک یکبار مصرف خاک رسی نعنا و لیمو حجم 15 میلی لیتر,https://www.khanoumi.com/products/freeman-mint-and-lemon-clay-facial-mask-4612,این ماسک بینظیره،من عاشقشم،تمام جوش های صورتمو ازبین برده و منافذ پوستمم کاملا بسته و جمع کرده،ی چیز خوبیم که داره لکه هایی که از جوش هام رو صورتم داشتم یکم کمرنگ کرده بی نظیره,7,true,2018-10-15T17:54:52.9066667+00:00,مثبت,0.79,محصول | تحویل و ارسال,محصول
ماسک یکبار مصرف خاک رسی نعنا و لیمو حجم 15 میلی لیتر,https://www.khanoumi.com/products/freeman-mint-and-lemon-clay-facial-mask-4612,به پوست من اصلا نساخت. پوستم را خشک و پوسته پوسته کرد.,0,true,2018-08-11T11:25:38.0866667+00:00,مثبت,0.67,محصول | اصل بودن کالا,محصول
ماسک یکبار مصرف خاک رسی نعنا و لیمو حجم 15 میلی لیتر,https://www.khanoumi.com/products/freeman-mint-and-lemon-clay-facial-mask-4612,خیلی عالیه.واقعا منافذ پوست و کاهش میده.من که عاشقش شدم.پوستم فوق العاده لطیف و شفاف شد,4,true,2018-04-16T16:30:27.7933333+00:00,مثبت,0.91,محصول,محصول
ماسک یکبار مصرف خاک رسی نعنا و لیمو حجم 15 میلی لیتر,https://www.khanoumi.com/products/freeman-mint-and-lemon-clay-facial-mask-4612,لطفا ماسكهاي يكبار مصرف ديگه فيري من هم موجود كنين.,10,true,2018-01-17T16:52:02.6333333+00:00,خنثی,0.35,محصول,محصول
ماسک یکبار مصرف خاک رسی نعنا و لیمو حجم 15 میلی لیتر,https://www.khanoumi.com/products/freeman-mint-and-lemon-clay-facial-mask-4612,لطفا هم سایز سفری هم سایز بزرگشو موجود کنین,7,false,2017-12-13T16:57:53.8766667+00:00,خنثی,0.35,محصول,محصول
ماسک یکبار مصرف خاک رسی نعنا و لیمو حجم 15 میلی لیتر,https://www.khanoumi.com/products/freeman-mint-and-lemon-clay-facial-mask-4612,لطفا شارژ کنید,3,true,2017-11-13T10:33:01.5566667+00:00,خنثی,0.35,سایر,سایر
ماسک یکبار مصرف خاک رسی نعنا و لیمو حجم 15 میلی لیتر,https://www.khanoumi.com/products/freeman-mint-and-lemon-clay-facial-mask-4612,Lotfan size aslisho mojod konin,2,true,2017-11-03T18:22:27.8833333+00:00,خنثی,0.35,سایر,سایر
ماسک یکبار مصرف خاک رسی نعنا و لیمو حجم 15 میلی لیتر,https://www.khanoumi.com/products/freeman-mint-and-lemon-clay-facial-mask-4612,لطفا موجود کنید,6,true,2016-01-26T16:39:44.4733333+00:00,خنثی,0.35,محصول,محصول
ماسک یکبار مصرف خاک رسی نعنا و لیمو حجم 15 میلی لیتر,https://www.khanoumi.com/products/freeman-mint-and-lemon-clay-facial-mask-4612,"من از این ماسک استفاده کردم و کاملا ازش راضی بودم 
لطفا سایز بزرگ (تیوپی) رو موجود کنید ،ممنون ",13,false,2016-01-03T19:03:01.5533333+00:00,مثبت,0.79,محصول,محصول
ماسک یکبار مصرف خاک رسی نعنا و لیمو حجم 15 میلی لیتر,https://www.khanoumi.com/products/freeman-mint-and-lemon-clay-facial-mask-4612,من اینو خریدم ..4-5 بار میشه ازش استفاده کرد...خیلی ازش راضی بودم عالی بود و اینکه امریکایی و نچرال هم بود...,10,false,2016-01-02T17:00:09.3266667+00:00,مثبت,0.91,محصول,محصول
ماسک یکبار مصرف خاک رسی نعنا و لیمو حجم 15 میلی لیتر,https://www.khanoumi.com/products/freeman-mint-and-lemon-clay-facial-mask-4612,"فاطمه جان 
می تونید از اسکراب سنت ایوز استفاده کنید ، ماسک رو معمولا هفته ای 1 یا 2 بار استفاده کنید  بهتر هست همچنین اسکراب ، و اگر روی پوستتون احساس خشکی کردید هفته ای 1 بار استفاده کنید بهتر هست.",0,false,2015-12-12T18:16:22.58+00:00,خنثی,0.35,محصول,محصول
ماسک یکبار مصرف خاک رسی نعنا و لیمو حجم 15 میلی لیتر,https://www.khanoumi.com/products/freeman-mint-and-lemon-clay-facial-mask-4612,برای جوش های زیرپوستی کدام ماسک تون مناسب تره؟ و اینکه فاصله زمانی ماس صورت چطوری باید باشه؟در ماه چندبار میشه از ماس استفاده کرد؟مرسی,2,false,2015-12-11T23:39:02.2266667+00:00,مثبت,0.79,محصول | اصل بودن کالا,محصول
ماسک یکبار مصرف پاکسازی صورت شکلات و توت فرنگی حجم 15 میلی لیتر,https://www.khanoumi.com/products/freeman-chocolate-and-strawberry-detoxifying-facial-mask-4613,"بوی فوق العاده خوبی داره
بعد از استفاده اش پوستم نرم شد و حس میکنم جوشم کمتر شد و زودتر خوب شد
امااا خیلیییی سخت شسته میشه",0,true,2019-01-11T23:18:56.5966667+00:00,مثبت,0.91,محصول,محصول
ماسک یکبار مصرف پاکسازی صورت شکلات و توت فرنگی حجم 15 میلی لیتر,https://www.khanoumi.com/products/freeman-chocolate-and-strawberry-detoxifying-facial-mask-4613,"من ازین ماسک استفاده کردم
فوق‌العادست
شک نکنید 
تا ۴ یا ۵ دفعه هم استفاده اش کردم
منافذ باز پوستم رو بست
و پوستم رو صدف و شفاف کرد
فقط یه دفعه‌ای خیلی گرونش کردین",3,true,2018-11-09T13:30:50.9833333+00:00,خنثی,0.35,محصول | قیمت,محصول
ماسک یکبار مصرف پاکسازی صورت شکلات و توت فرنگی حجم 15 میلی لیتر,https://www.khanoumi.com/products/freeman-chocolate-and-strawberry-detoxifying-facial-mask-4613,چرا شارژ نمیکنید این محصول رو؟؟؟؟,4,true,2017-11-13T10:34:51.8666667+00:00,خنثی,0.35,محصول,محصول
ماسک یکبار مصرف پاکسازی صورت شکلات و توت فرنگی حجم 15 میلی لیتر,https://www.khanoumi.com/products/freeman-chocolate-and-strawberry-detoxifying-facial-mask-4613,لطفا مجدد اين ماسك رو موجود كن خانومي,1,true,2017-10-15T11:24:44.3366667+00:00,خنثی,0.35,محصول,محصول
ماسک یکبار مصرف پاکسازی صورت شکلات و توت فرنگی حجم 15 میلی لیتر,https://www.khanoumi.com/products/freeman-chocolate-and-strawberry-detoxifying-facial-mask-4613,راضي بودم مرسي خانومي,4,true,2017-10-03T09:21:12.94+00:00,مثبت,0.79,محصول,محصول
ماسک یکبار مصرف پاکسازی صورت شکلات و توت فرنگی حجم 15 میلی لیتر,https://www.khanoumi.com/products/freeman-chocolate-and-strawberry-detoxifying-facial-mask-4613,رویا جان / حتما به محض تامین محصولات سریعا شارژ و در دست رس خریداران عزیز قرار خواهد گرفت . ,0,false,2016-04-02T09:48:44.4066667+00:00,خنثی,0.35,محصول,محصول
ماسک یکبار مصرف پاکسازی صورت شکلات و توت فرنگی حجم 15 میلی لیتر,https://www.khanoumi.com/products/freeman-chocolate-and-strawberry-detoxifying-facial-mask-4613,لطفا ماسکهای فیری من رو شارژ کنید,1,false,2016-03-26T01:47:07.85+00:00,خنثی,0.35,سایر,سایر
ماسک یکبار مصرف پاکسازی صورت شکلات و توت فرنگی حجم 15 میلی لیتر,https://www.khanoumi.com/products/freeman-chocolate-and-strawberry-detoxifying-facial-mask-4613,اصلا جالب نبود. برعکس ماسک خیارش. اون عالی بود,0,false,2016-02-09T16:12:04.8+00:00,مثبت,0.67,محصول | اصل بودن کالا,محصول
ماسک صورت یکبار مصرف خاک رسی جو و آووکادو حجم 15 میلی لیتر,https://www.khanoumi.com/products/freeman-avocado-and-oatmeal-clay-facial-mask-4614,من این ماسک رو برای پاکسازی روی پوست تمیز استفاده میکنم و بازم تمدید میکنم,0,true,2020-02-20T21:03:25+00:00,خنثی,0.35,محصول,محصول
ماسک صورت یکبار مصرف خاک رسی جو و آووکادو حجم 15 میلی لیتر,https://www.khanoumi.com/products/freeman-avocado-and-oatmeal-clay-facial-mask-4614,"واقعا ماسک خوبیه و صورتو نرم و تمیز میکنه
حدودا ۴ بار هم‌ میشه ازش استفاده‌ کرد",0,true,2019-11-19T14:52:39+00:00,مثبت,0.67,سایر,سایر
ماسک صورت یکبار مصرف خاک رسی جو و آووکادو حجم 15 میلی لیتر,https://www.khanoumi.com/products/freeman-avocado-and-oatmeal-clay-facial-mask-4614,پوست رو شفاف میکنه شاداب میکنه پاکسازی میکنه,0,false,2019-11-15T16:45:31+00:00,خنثی,0.35,محصول,محصول
ماسک صورت یکبار مصرف خاک رسی جو و آووکادو حجم 15 میلی لیتر,https://www.khanoumi.com/products/freeman-avocado-and-oatmeal-clay-facial-mask-4614,ماسک خوبیه باید بیشتر بزنی تا نتیجشو ببینی,0,true,2019-10-07T21:33:59+00:00,مثبت,0.67,سایر,سایر
ماسک صورت یکبار مصرف خاک رسی جو و آووکادو حجم 15 میلی لیتر,https://www.khanoumi.com/products/freeman-avocado-and-oatmeal-clay-facial-mask-4614,واقعا خیلی عالیه صورتو نرم میکنه,1,true,2019-10-06T11:26:16+00:00,مثبت,0.79,سایر,سایر
ماسک صورت یکبار مصرف خاک رسی جو و آووکادو حجم 15 میلی لیتر,https://www.khanoumi.com/products/freeman-avocado-and-oatmeal-clay-facial-mask-4614,"عالی حرف نداره نرم کنندس حس لیفت میده منافذروپاک میکنه 7باراستفاده کردم ازش 
قبلا نظردادم ولی نیستش",2,true,2019-10-04T12:22:24+00:00,منفی,0.67,سایر,سایر
ماسک صورت یکبار مصرف خاک رسی جو و آووکادو حجم 15 میلی لیتر,https://www.khanoumi.com/products/freeman-avocado-and-oatmeal-clay-facial-mask-4614,"ماسک فوق العاده ایه
صورتمو نرم میکنه و یه بستشو برای ۴_۵ بار استفاده کردم ",4,true,2019-08-27T11:40:50.8833333+00:00,مثبت,0.67,محصول,محصول
ماسک صورت یکبار مصرف خاک رسی جو و آووکادو حجم 15 میلی لیتر,https://www.khanoumi.com/products/freeman-avocado-and-oatmeal-clay-facial-mask-4614,ماسک خیلی خوبیه من خیلی راضی بودم برخلاف ماسک های خاک رسی پوست منو خشک نکرد لطفا سایز تیوپیش رو هم موجود کنید,6,true,2019-08-06T12:40:13.5033333+00:00,مثبت,0.91,محصول,محصول
ماسک صورت یکبار مصرف خاک رسی جو و آووکادو حجم 15 میلی لیتر,https://www.khanoumi.com/products/freeman-avocado-and-oatmeal-clay-facial-mask-4614,من راضيم فوق العادس پوست و سرد ميكنه يه بوي خاك داره خيلي دوسش دارم يه بسته تا ٢و٣بار ميشه استفاده كرد ,9,true,2019-07-18T11:50:06.32+00:00,مثبت,0.79,محصول | تحویل و ارسال,محصول
ماسک صورت یکبار مصرف خاک رسی جو و آووکادو حجم 15 میلی لیتر,https://www.khanoumi.com/products/freeman-avocado-and-oatmeal-clay-facial-mask-4614,برا من حکم ماسک یبار مصرف و نداشت خخخ وقتی جوش میزنم شب تا صب میذارم رو جوش ،روند بهبودیشو سریعتر میکنه ،من راضیم دوس دارم همش آف بخوره خخخ,6,false,2019-07-07T12:52:08.4366667+00:00,مثبت,0.79,محصول,محصول
ماسک صورت یکبار مصرف خاک رسی جو و آووکادو حجم 15 میلی لیتر,https://www.khanoumi.com/products/freeman-avocado-and-oatmeal-clay-facial-mask-4614,ماسک خیلی خوبی بود جوش های زیرپوستی رو ازبین میبره فقط بعد استفاده به یه مرطوب کننده نیاز داره...,7,false,2019-07-06T00:57:59.18+00:00,مثبت,0.79,محصول,محصول
ماسک صورت یکبار مصرف خاک رسی جو و آووکادو حجم 15 میلی لیتر,https://www.khanoumi.com/products/freeman-avocado-and-oatmeal-clay-facial-mask-4614,وای خیلی بوی تندی داره تا زدم روصورتم چشمام بشدت سوزش گرفت .,0,true,2019-06-22T02:09:19.6666667+00:00,خنثی,0.35,محصول,محصول
ماسک صورت یکبار مصرف خاک رسی جو و آووکادو حجم 15 میلی لیتر,https://www.khanoumi.com/products/freeman-avocado-and-oatmeal-clay-facial-mask-4614,این ماسک عالیه واقعا خوب بود و حتی بیشتر از ۴ بارم میشه استفاده کرد,8,true,2019-04-16T11:18:18.5166667+00:00,مثبت,0.95,محصول,محصول
ماسک صورت یکبار مصرف خاک رسی جو و آووکادو حجم 15 میلی لیتر,https://www.khanoumi.com/products/freeman-avocado-and-oatmeal-clay-facial-mask-4614,خيلى ماسك خوبيه,9,true,2019-02-04T03:15:51.4666667+00:00,مثبت,0.67,سایر,سایر
ماسک صورت یکبار مصرف خاک رسی جو و آووکادو حجم 15 میلی لیتر,https://www.khanoumi.com/products/freeman-avocado-and-oatmeal-clay-facial-mask-4614,خیلی خوبه و منافذ پوست رو پاکسازی میکنه. راضی بودم,16,true,2018-11-21T12:46:56.0766667+00:00,مثبت,0.95,محصول,محصول
ماسک صورت یکبار مصرف خاک رسی جو و آووکادو حجم 15 میلی لیتر,https://www.khanoumi.com/products/freeman-avocado-and-oatmeal-clay-facial-mask-4614,چرا قیمت قبلی را میزنه، من نمیت از تخفیف استفاده کنم,9,false,2018-11-14T16:33:10.47+00:00,خنثی,0.35,قیمت,قیمت
ماسک صورت یکبار مصرف خاک رسی جو و آووکادو حجم 15 میلی لیتر,https://www.khanoumi.com/products/freeman-avocado-and-oatmeal-clay-facial-mask-4614,شانس ۱۰۱۰ تعریف خاص خودشو داشت .اخه ۹۵۰۰ رو با تخفیف میزنید ۸۵۵۰؟؟؟؟؟ این چه شانسی بحساب میاد,23,false,2018-09-13T10:40:26.8466667+00:00,خنثی,0.35,قیمت,قیمت
ماسک صورت یکبار مصرف خاک رسی جو و آووکادو حجم 15 میلی لیتر,https://www.khanoumi.com/products/freeman-avocado-and-oatmeal-clay-facial-mask-4614,خیلی خوب بود. هم برای 4-5 بار استفاده مناسب است. و هم بعد مصرف پوستم را لطیف کرد. من جوش های ریز زیر پوستی داشتم که همشو از بین برد.,4,true,2018-08-11T11:36:04.1466667+00:00,مثبت,0.91,محصول,محصول
ماسک صورت یکبار مصرف خاک رسی جو و آووکادو حجم 15 میلی لیتر,https://www.khanoumi.com/products/freeman-avocado-and-oatmeal-clay-facial-mask-4614,به نظر من این ماسک به درد کسانی میخوره که پوستشون خییییلی چربه. من پوستم کمی چرب و جوش داره. این ماسک رو که استفاده کردم پوستم رو خیلی خشک کرد. اما ماسک کانی های دریاییش خیلی بهتر بود و به پوست من بیشتر میخورد,7,true,2018-05-03T20:39:01.7566667+00:00,خنثی,0.35,محصول,محصول
ماسک صورت یکبار مصرف خاک رسی جو و آووکادو حجم 15 میلی لیتر,https://www.khanoumi.com/products/freeman-avocado-and-oatmeal-clay-facial-mask-4614,بین تمام ماسک ها به نظرم این مدل از همه بهتره ... پوست رو خیلی نرم و لطیف میکنه,11,true,2018-04-07T15:51:51.87+00:00,خنثی,0.35,محصول,محصول
ماسک صورت یکبار مصرف خاک رسی جو و آووکادو حجم 15 میلی لیتر,https://www.khanoumi.com/products/freeman-avocado-and-oatmeal-clay-facial-mask-4614,شانس,7,true,2017-12-24T16:24:33.31+00:00,خنثی,0.35,سایر,سایر
ماسک صورت یکبار مصرف خاک رسی جو و آووکادو حجم 15 میلی لیتر,https://www.khanoumi.com/products/freeman-avocado-and-oatmeal-clay-facial-mask-4614,لطفا شارژ کنید در شانس قرار دهید,8,true,2017-11-13T10:33:49.84+00:00,خنثی,0.35,سایر,سایر
ماسک صورت یکبار مصرف خاک رسی جو و آووکادو حجم 15 میلی لیتر,https://www.khanoumi.com/products/freeman-avocado-and-oatmeal-clay-facial-mask-4614,عاليه عالي,4,true,2017-09-19T21:43:52.4866667+00:00,مثبت,0.91,سایر,سایر
ماسک صورت یکبار مصرف خاک رسی جو و آووکادو حجم 15 میلی لیتر,https://www.khanoumi.com/products/freeman-avocado-and-oatmeal-clay-facial-mask-4614,لطفا در حراج بگذارید,6,false,2016-05-18T08:42:03.0333333+00:00,خنثی,0.35,سایر,سایر
ماسک صورت یکبار مصرف خاک رسی جو و آووکادو حجم 15 میلی لیتر,https://www.khanoumi.com/products/freeman-avocado-and-oatmeal-clay-facial-mask-4614,لطفا موجود کنید,3,false,2016-02-12T00:10:20.47+00:00,خنثی,0.35,محصول,محصول
ماسک صورت یکبار مصرف خاک رسی جو و آووکادو حجم 15 میلی لیتر,https://www.khanoumi.com/products/freeman-avocado-and-oatmeal-clay-facial-mask-4614,,1,true,2016-01-26T16:42:13.9833333+00:00,خنثی,0,سایر,سایر
ماسک صورت یکبار مصرف خاک رسی جو و آووکادو حجم 15 میلی لیتر,https://www.khanoumi.com/products/freeman-avocado-and-oatmeal-clay-facial-mask-4614,کاربر گرامی به زودی این محصول رو می تونید خریداری کنید.,0,false,2015-12-09T10:06:34.4366667+00:00,خنثی,0.35,محصول,محصول
ماسک صورت یکبار مصرف خاک رسی جو و آووکادو حجم 15 میلی لیتر,https://www.khanoumi.com/products/freeman-avocado-and-oatmeal-clay-facial-mask-4614,"میشه موجودش کنید؟
",4,false,2015-12-08T23:17:28.62+00:00,خنثی,0.35,محصول,محصول
 برس کرم پودر,https://www.khanoumi.com/products/oriflame-professional-foundation-brush-4616,"خانم "" غفاری "" عزیز / به محض تامین نمونه با کیفیت محصول ازطرف بخش تامین کالا فروشگاه .محصول شارژ و در دسترس شما همراهان عزیز "" خانومی"" قرار خواهد گرفت .",0,false,2016-07-31T10:05:19.6133333+00:00,خنثی,0.35,محصول,محصول
 برس کرم پودر,https://www.khanoumi.com/products/oriflame-professional-foundation-brush-4616,لطفا شارژش كنيد,2,false,2016-07-30T10:49:39.1366667+00:00,خنثی,0.35,سایر,سایر
 برس کرم پودر,https://www.khanoumi.com/products/oriflame-professional-foundation-brush-4616,خانم بشارتی عزیز / به علت آنکه ممکن است در شارژ مجدد کالا قیمت محصولات  با نوسان همراه باشد . بعد از اتمام محصول قیمت آن نیز برداشته میشود تا در زمان تامین کالا قیمت به روز شده آن نمایش داده شود.,0,false,2016-03-05T16:54:18.01+00:00,خنثی,0.35,قیمت | محصول,قیمت
 برس کرم پودر,https://www.khanoumi.com/products/oriflame-professional-foundation-brush-4616,سلام.لطفا حتی وقتیم محصولی موجود نیس قیمتش رو بنویسید.ممنون,3,false,2016-03-05T07:52:21.6233333+00:00,مثبت,0.67,محصول | قیمت,محصول
 برس کرم پودر,https://www.khanoumi.com/products/oriflame-professional-foundation-brush-4616,شانس درخواستی من,1,false,2016-02-13T12:18:03.9166667+00:00,خنثی,0.35,سایر,سایر
 برس کرم پودر,https://www.khanoumi.com/products/oriflame-professional-foundation-brush-4616,قیمتش چنده؟,1,false,2016-01-20T15:36:06.99+00:00,خنثی,0.35,قیمت,قیمت
تراش آرایشی دوقلو,https://www.khanoumi.com/products/essence-sharpener-4618,موجود کنید لطفا,11,true,2018-03-09T21:37:39.8966667+00:00,خنثی,0.35,محصول,محصول
مداد تراش آرایشی دوقلو,https://www.khanoumi.com/products/bourjois-sharpener-4619,شانس خانومی,0,false,2016-02-18T23:47:44.06+00:00,خنثی,0.35,سایر,سایر
پیل آف ناخن بدون نیاز به پاک کنندگی,https://www.khanoumi.com/products/sun-best-peel-of-base-coat-4622,کی موجود میشه؟؟,11,false,2016-02-02T21:49:51.12+00:00,خنثی,0.35,محصول,محصول
پیل آف ناخن بدون نیاز به پاک کنندگی,https://www.khanoumi.com/products/sun-best-peel-of-base-coat-4622,خانم امین عزیز میتوانید با شماره 02143905050 تماس گرفته تا مشاورین خانومی در خصوص بازگشت محصول و عودت پول پرداختی شما را راهنمایی کنند.,3,false,2016-01-27T12:06:10.9133333+00:00,خنثی,0.35,محصول | خدمات و پشتیبانی,محصول
پیل آف ناخن بدون نیاز به پاک کنندگی,https://www.khanoumi.com/products/sun-best-peel-of-base-coat-4622,سلام من ٢ تا پيل آف خريدم امروز و الان متوجه شدم يكي خراب است از طرفي اين محصول تمام شده است چه راهنمايي ميكنيد؟,4,false,2016-01-25T22:33:25.8066667+00:00,خنثی,0.35,محصول,محصول
پیل آف ناخن بدون نیاز به پاک کنندگی,https://www.khanoumi.com/products/sun-best-peel-of-base-coat-4622,لطفا موجودش کنید.,11,false,2016-01-07T13:16:56.5766667+00:00,خنثی,0.35,محصول,محصول
ریمل حجم دهنده بمب شل,https://www.khanoumi.com/products/cover-girl-bomb-shell-mascara-4624,"من این ریمل رو از خانومی خریدم، 2 تا مشکل اساسی داره این ریمل.
1- ضد آب هست و واقعا به سختی پاک میشه و اتفاقا اصلا برای روزمره مناسب نیست چون باعث آسیب به مژه ها میشه.
2- بعد از زدن ریمل مدتی باید صبر کنید تا خشک شه اگر دستتون به مژه ها بخوره تمام مژه ها میچسبه به هم.",7,true,2016-12-21T13:22:57.06+00:00,مثبت,0.67,اصل بودن کالا,اصل بودن کالا
ریمل حجم دهنده بمب شل,https://www.khanoumi.com/products/cover-girl-bomb-shell-mascara-4624,"خانم "" خلیل پور واثق"" عزیز / میتوانید در صفحه محصول آیکون "" به من اطلاع بده "" را فعال کنید تا هم شانس در تخفیف قرار گرفتن محصول مورد علاقه تان را افزایش دهید و هم در زمان در تخفیف قرار گرفتن آن از طریق پیامک و ایمیل اطلاع پیدا کنید .
",7,false,2016-12-20T10:57:16.9466667+00:00,منفی,0.79,محصول | قیمت,محصول
نرم کننده ضد موخوره 900 میلی لیتر,https://www.khanoumi.com/products/tresemme-anti-breakage-conditioner-4626,لطفا شامپوش رو هم موجود کنید,1,false,2016-04-03T01:35:09.67+00:00,خنثی,0.35,محصول,محصول
ریمل واندرفول آرگان,https://www.khanoumi.com/products/rimmel-wonderfull-mascara-4629,بچه ها من این ریمل رو قبل از این که تموم بشه با تخفیف خریدم.و میتونم بگم ریمل خوبیه برای استفاده ی روزانه و استفاده باهش راحته و جلوه ی خوبی به مژه هاتون میده!,5,true,2017-04-16T11:40:35.16+00:00,مثبت,0.79,محصول | قیمت,محصول
ریمل واندرفول آرگان,https://www.khanoumi.com/products/rimmel-wonderfull-mascara-4629,من این ریملُ خریدم خیلی خوبه. خیلی روان حرکت میکنه و مژه هارو قشنگ از هم جدا میکنه و اصلا چسبندگی ایجاد نمیکنه. هم بادوامه هم راحت پاک میشه.,6,true,2017-01-15T23:03:07.5766667+00:00,مثبت,0.95,اصل بودن کالا,اصل بودن کالا
ریمل واندرفول آرگان,https://www.khanoumi.com/products/rimmel-wonderfull-mascara-4629,"خانم "" شریف"" عزیز / میتوانید در صفحه محصول آیکون "" به من اطلاع بده "" را فعال کنید تا هم شانس در تخفیف قرار گرفتن محصول مورد علاقه تان را افزایش دهید و هم در زمان در تخفیف قرار گرفتن آن از طریق پیامک و ایمیل اطلاع پیدا کنید .
",2,false,2016-10-31T11:23:43.3266667+00:00,منفی,0.79,محصول | قیمت,محصول
ریمل واندرفول آرگان,https://www.khanoumi.com/products/rimmel-wonderfull-mascara-4629,"خانم "" شاکری "" عزیز / از اینکه تجربه مصرف خود از محصول فوق را با ما و دیگر همراهان ""خانومی"" در میان گذاشتید بسیار سپاسگزاریم و بسیار خرسندیم که خرید از ""خانومی"" برای شما رضایتمندی را به همراه داشته است .",0,false,2016-07-28T11:08:38.3333333+00:00,مثبت,0.67,محصول,محصول
ریمل واندرفول آرگان,https://www.khanoumi.com/products/rimmel-wonderfull-mascara-4629,من خرید کردم و ازین ریمل واقعا راضی هستم. بیشتر باعث بلند نشون دادن مژه ها و تفکیک اونامیشه.زیرچشم نمیریزه و راحت شسته میشه.,3,true,2016-07-27T18:38:48.5766667+00:00,مثبت,0.67,سایر,سایر
ریمل حجم دهنده 24 ساعته کلاژن مگا,https://www.khanoumi.com/products/loreal-power-volume-24h-mascara-4630,عالی بود,0,true,2024-06-17T08:43:07+00:00,مثبت,0.79,محصول,محصول
ریمل حجم دهنده 24 ساعته کلاژن مگا,https://www.khanoumi.com/products/loreal-power-volume-24h-mascara-4630,بهترین ریمله، خیللی سالِ ازش استفاده میکنم ولی خیلللی گرون شده ,0,false,2023-12-05T19:49:25+00:00,مثبت,0.67,قیمت,قیمت
ریمل حجم دهنده 24 ساعته کلاژن مگا,https://www.khanoumi.com/products/loreal-power-volume-24h-mascara-4630,لطفاً مجدد شارژش کنید با تخفیف ,0,false,2023-11-27T20:10:44+00:00,خنثی,0.35,قیمت,قیمت
ریمل حجم دهنده 24 ساعته کلاژن مگا,https://www.khanoumi.com/products/loreal-power-volume-24h-mascara-4630,این ریمل و از تخفیف های سایت خانومی خریدم و خیلی راضی ام. اگه دنبال یه ریمل سبک هستید این بهترین گزینه است. این ریمل مژه ها رو بلند و مشکی میکنه و اصلا ریزش نداره. کیفیتش خیلی خوبه و حالت خوبی به مژه ها میده. روی چشم خیلی طبیعیه و قیمتشم مناسبه. پیشنهاد میکنم امتحان کنید,10,false,2022-06-07T09:01:25+00:00,مثبت,0.95,قیمت | محصول | اصل بودن کالا,قیمت
ریمل حجم دهنده 24 ساعته کلاژن مگا,https://www.khanoumi.com/products/loreal-power-volume-24h-mascara-4630,من این ریملو دارمش خیلی عالیه ،تا حالا از هیچ ریملی انقد راضی نبودم,21,false,2020-12-14T16:47:49+00:00,مثبت,0.67,محصول,محصول
ریمل حجم دهنده 24 ساعته کلاژن مگا,https://www.khanoumi.com/products/loreal-power-volume-24h-mascara-4630,لورآل خفن ترین ریملا رو داره به نظرم من از این مدلش خیلی وقت پیش استفاده کردم خیلی خوشگل میکنه مژه هارو طبیعی نشون میده ,27,false,2020-10-23T14:37:42+00:00,خنثی,0.35,سایر,سایر
ریمل حجم دهنده 24 ساعته کلاژن مگا,https://www.khanoumi.com/products/loreal-power-volume-24h-mascara-4630,جذابیت رو به چشمای زیباتون هدیه بدید با این ریمل فوق العاده 🥰,18,false,2020-03-15T15:52:23+00:00,ترکیبی,0.66,سایر,سایر
ریمل حجم دهنده 24 ساعته کلاژن مگا,https://www.khanoumi.com/products/loreal-power-volume-24h-mascara-4630,من چند تا از ریملای لورال رو استفاده کردم بنظرم همشون خوبن اینم خوب بود,3,false,2019-10-29T22:52:58+00:00,مثبت,0.91,محصول,محصول
ریمل حجم دهنده 24 ساعته کلاژن مگا,https://www.khanoumi.com/products/loreal-power-volume-24h-mascara-4630,من ريمل هاى زيادى از برندهاى مختلف رو امتحان كردم ولى ميتونم با اطمينان بگم ايم مدل ريمل يكى از بهترين هاست مخصوصا براى افرادى مثل من ك چشم هاى حساسي دارن و نميتونن از همه نوع لوازم آرايشي استفاده كنن،و امتياز ديگه اين محصول سبك بودن و طبيعى بودن اون روى چشم هاست.ب نظر من كمتر كسي ممكنه از استفاده اين ريمل ناراضي باشه.,10,false,2019-07-02T17:11:36.11+00:00,ترکیبی,0.74,محصول,محصول
ریمل حجم دهنده 24 ساعته کلاژن مگا,https://www.khanoumi.com/products/loreal-power-volume-24h-mascara-4630,بهیچ عنوان حجم دهنده نیست، فرچه ی خیلی بدی داره واقعا با این قیمت نمی ارزه خریدش، یه مارک گرونتر ولی بهتر بخرید بهتره,10,true,2019-03-14T03:03:53.2833333+00:00,منفی,0.67,قیمت | محصول,قیمت
ریمل حجم دهنده 24 ساعته کلاژن مگا,https://www.khanoumi.com/products/loreal-power-volume-24h-mascara-4630,من این رو خریدم ریملش روی مژه سبک و نرم و خوبه  اما اینقدری که میگن حجم نمیده به مژه. بیشتر بلند و مشکی میکنه من قبلا اون مدل طوسی رنگه از همین برند رو استفاده کردم اون بیشتر حجم میداد. راحت شسته میشه و اصلا ریزش نداره. در کل خوب بود و ارزش امتحان کردن داشت,11,true,2019-02-26T17:43:46.19+00:00,منفی,0.67,محصول | اصل بودن کالا,اصل بودن کالا
ریمل حجم دهنده 24 ساعته کلاژن مگا,https://www.khanoumi.com/products/loreal-power-volume-24h-mascara-4630,"ریمل خوبیه...خیس نیست ...اصلا ریزش نداره...به مژه ها 
برای شست و شو هم کافیه با محلول شست و شوی صورت به ارومی بشوریدش ، کاملا راحت پاک میشه اما فیتیله فیتیله نمیشه...
در کل ریمل خوبیه و ارزش امتحان داره ...
البته این مدل لوریل رو فروشگاه خانومی بدون کارتن و بسته بندی فرستادن ک یکمی دور از انتظاره ازش",10,false,2019-02-21T07:16:32.67+00:00,منفی,0.79,تحویل و ارسال | اصل بودن کالا,اصل بودن کالا
ریمل حجم دهنده 24 ساعته کلاژن مگا,https://www.khanoumi.com/products/loreal-power-volume-24h-mascara-4630,ریمل خوبیه...خیس نیست ...اصلا ریزش نداره...به مژه ها حجم میده اما نه خیلی ک فکر کنید معجزه میکنه...متوسط رو به خوبه...مژه هارو مشکی میکنه و اصلا به هم نمیچسبونه...کاملا دونه دونه میشه...به مژه ها حالت میده  و مثل ریمل میبلین ، حساسیت ایجاد نمیکنه..یه مقدار هم بلند میکنه.,2,false,2019-02-21T07:16:04.1666667+00:00,منفی,0.67,محصول | اصل بودن کالا,اصل بودن کالا
ریمل حجم دهنده 24 ساعته کلاژن مگا,https://www.khanoumi.com/products/loreal-power-volume-24h-mascara-4630,حتا تو حراج هم قیمتاتون از دیجی کالا بیشتره.قبلنا اینجا خیلی بهتر بود,17,false,2018-06-14T00:51:05.73+00:00,خنثی,0.35,محصول | قیمت,محصول
ریمل حجم دهنده 24 ساعته کلاژن مگا,https://www.khanoumi.com/products/loreal-power-volume-24h-mascara-4630,من این ریمل رو دارم عالیه خیلی مشکی و خوب ریزش هم نداره ,18,false,2018-04-15T17:16:59.03+00:00,مثبت,0.91,سایر,سایر
ریمل حجم دهنده 24 ساعته کلاژن مگا,https://www.khanoumi.com/products/loreal-power-volume-24h-mascara-4630,از این ریمل داشتم، سری اول خوب بود اما سری بعد ک خریدمش دو هفته ای خشک شد😐,6,false,2017-09-25T19:05:23.9333333+00:00,مثبت,0.79,محصول,محصول
ریمل حجم دهنده 24 ساعته کلاژن مگا,https://www.khanoumi.com/products/loreal-power-volume-24h-mascara-4630,ی شانس توپ بذارید رو چنتا ریمل توپ,17,false,2017-02-15T08:41:09.0066667+00:00,خنثی,0.35,سایر,سایر
ریمل حجم دهنده 24 ساعته کلاژن مگا,https://www.khanoumi.com/products/loreal-power-volume-24h-mascara-4630,اگه میشه یه شانس خوب براش بذارید. مرسی.,16,false,2017-02-06T18:59:05.6+00:00,مثبت,0.79,سایر,سایر
ریمل فر کننده ی 24 ساعته سوپر کرلر,https://www.khanoumi.com/products/rimmelsupercurler24hmascara-4631,"خانم "" مرتضوی "" عزیز /  بله این ریمل مناسب شما است ضمن آنکه ریمل های اینستنت اکستنشن وان اوریف لیم و  ریمل حجم دهنده و فر کننده اسنشالز گلدن رز را نیز به شما پیشنهاد میدهم .",4,false,2016-10-02T09:33:24.0866667+00:00,مثبت,0.67,محصول,محصول
ریمل فر کننده ی 24 ساعته سوپر کرلر,https://www.khanoumi.com/products/rimmelsupercurler24hmascara-4631,من مژه هام کامل ب سمت پایینن آیا این ریمل برام مناسبه؟؟,3,false,2016-10-01T17:59:47.5133333+00:00,خنثی,0.35,سایر,سایر
ریمل فر کننده ی 24 ساعته سوپر کرلر,https://www.khanoumi.com/products/rimmelsupercurler24hmascara-4631,من این کارو خرید. اطا اون چیزی ک فکر میکردم نبود. راضی نبود. کار ضعیفی بود,4,true,2016-05-24T09:55:42.7633333+00:00,خنثی,0.4,محصول,محصول
ریمل فر کننده ی 24 ساعته سوپر کرلر,https://www.khanoumi.com/products/rimmelsupercurler24hmascara-4631,رویا عزیز /  این محصول ضد آب نیست و با آب و صابون شسته میشود و به همین جهت مناسب استخر نمیباشد . ,1,false,2016-04-09T10:40:55.19+00:00,خنثی,0.35,محصول,محصول
ریمل فر کننده ی 24 ساعته سوپر کرلر,https://www.khanoumi.com/products/rimmelsupercurler24hmascara-4631,In rimel zede abe? Va baraye estakhr monasebe?,0,false,2016-04-06T13:10:10.86+00:00,خنثی,0.35,سایر,سایر
ریمل فر کننده ی 24 ساعته سوپر کرلر,https://www.khanoumi.com/products/rimmelsupercurler24hmascara-4631,با چه اشتیاقی سفارشش دادم... اصلا با  تفاسیری که راجع بهش نوشته بودین تطابق نداشت... نه فر کرد.. نه حجم چندانی داد...بسته بندی نامناسب... فقط نایلون پیچش کرده بودین...برچسب گارانتیه اصالت و سلامت فیزیکی کالا هم که روش نخورده بود... جسارتا الان از کجا معلوم اصل بوده باشه؟؟؟؟؟؟؟؟؟؟؟ روی صداقت شما با مشتری یه جور دیگه ای حساب میکردم....,4,true,2016-02-06T19:47:07.5966667+00:00,مثبت,0.91,محصول | اصل بودن کالا | تحویل و ارسال | خدمات و پشتیبانی,محصول
ریمل فر کننده ی 24 ساعته سوپر کرلر,https://www.khanoumi.com/products/rimmelsupercurler24hmascara-4631,لطفا موجودش کن میخواستم بخرمش!!!!!!!!!!,6,false,2016-02-04T22:16:33.4633333+00:00,خنثی,0.35,محصول,محصول
ریمل فر کننده ی 24 ساعته سوپر کرلر,https://www.khanoumi.com/products/rimmelsupercurler24hmascara-4631,از راهنماییت ممنونم,1,false,2016-01-29T07:53:12.4166667+00:00,مثبت,0.67,سایر,سایر
ریمل فر کننده ی 24 ساعته سوپر کرلر,https://www.khanoumi.com/products/rimmelsupercurler24hmascara-4631,خیر خانم حیدر آبادی عزیز این ریمل باعث چسبیدن مژه ها بهم نمیشود اما با توجه به اینکه فرچه این ریمل مویی است،برای جدا شدن کامل مژه ها (نمایش تک تک مژه ها جداگانه )عموما از فرچه های پلاستیکی استفاده میشود.اما درصورتی که به دنبال ریملی حجم دهنده هستید در عین حال حالت دهنده، این ریمل گزینه مناسبی برای انتخاب است.,4,false,2016-01-28T10:30:39.4566667+00:00,خنثی,0.35,محصول,محصول
ریمل فر کننده ی 24 ساعته سوپر کرلر,https://www.khanoumi.com/products/rimmelsupercurler24hmascara-4631,مژه ها به هم نمیچسبه؟,2,false,2016-01-27T15:38:11.6066667+00:00,خنثی,0.35,سایر,سایر
ریمل فر کننده ی 24 ساعته سوپر کرلر,https://www.khanoumi.com/products/rimmelsupercurler24hmascara-4631,واقعا ریمل خوبیه. اصلا نمیریزه. کاملا مژه هارو فر میکنه و در عین حال جدا...عالییه,3,true,2015-12-30T21:02:24.7666667+00:00,منفی,0.67,اصل بودن کالا,اصل بودن کالا
ادو تویلت مردانه مدل Legend حجم 100 میلی لیتر,https://www.khanoumi.com/products/mont-blanc-legend-eau-de-toilette-4632,ادوتویلت مردانه مدل legend مون بلان رو از پیشنهادهای ویژه فروشگاه اینترنتی خانومی با یه تخفیف خوب برای همسرم  خریدم. این عطر بوی شیرین، خنک، میوه ای، گلی و چوبی داره و با پخش بو و موندگاری خوبش برای استفاده در فصل بهار و تابستون مناسبه.,5,false,2022-10-27T12:33:28+00:00,مثبت,0.91,محصول | قیمت,محصول
کرم روز ضد چروک اپتیمالز اس پی اف 10,https://www.khanoumi.com/products/oriflame-optimals-redefining-facial-contours-day-cream-4633,لطفا شانس بگذارید,0,false,2017-01-21T11:54:31.96+00:00,خنثی,0.35,سایر,سایر
کرم روز ضد چروک اپتیمالز اس پی اف 10,https://www.khanoumi.com/products/oriflame-optimals-redefining-facial-contours-day-cream-4633,سلام،چرا دیگه ضدچروکهای قویتر و تخصصی از برندهای فرانسوی نمیارید؟خیلی وقته منتظریم.,3,true,2016-12-28T01:02:17.4066667+00:00,خنثی,0.35,سایر,سایر
کرم روز ضد چروک اپتیمالز اس پی اف 10,https://www.khanoumi.com/products/oriflame-optimals-redefining-facial-contours-day-cream-4633,"خانم "" رئیسی زاده "" عزیز / این کرم به پوست های خشک و نرمال و افراد بالای 50 سال توصیه می شود.",0,false,2016-12-19T12:00:50.24+00:00,مثبت,0.67,محصول,محصول
کرم روز ضد چروک اپتیمالز اس پی اف 10,https://www.khanoumi.com/products/oriflame-optimals-redefining-facial-contours-day-cream-4633,سلام . این کرم برای پوست مختلط یا چرب مناسب نیست؟یعنی شرایطو بدتر میکنه یا نه؟,0,true,2016-12-19T10:46:30.86+00:00,منفی,0.67,محصول,محصول
کرم روز ضد چروک اپتیمالز اس پی اف 10,https://www.khanoumi.com/products/oriflame-optimals-redefining-facial-contours-day-cream-4633, لطفا این کرم را در شانس قرار دهید.متشکرم از همه ی زحمات تیم شما.,0,false,2016-12-08T18:24:05.2166667+00:00,خنثی,0.35,محصول,محصول
کرم روز ضد چروک اپتیمالز اس پی اف 10,https://www.khanoumi.com/products/oriflame-optimals-redefining-facial-contours-day-cream-4633,کاربر عزیز / کرم روز ضد چروک اپتیمالز اس پی اف 10 اوریف لیم برای سنین 50 سال به بالا است . در خصوص انتخاب هرچه مناسبتر محصول مناسب با پوست و سنتان میتوانید از مشاورین خانومی کمک بگیرید . از طریق چت تلگرام و تماس با فروشگاه میتوانید با مشاورین گفتگو داشته باشید . ,1,false,2016-10-25T12:24:13.8133333+00:00,خنثی,0.35,محصول | خدمات و پشتیبانی,محصول
کرم روز ضد چروک اپتیمالز اس پی اف 10,https://www.khanoumi.com/products/oriflame-optimals-redefining-facial-contours-day-cream-4633,سلام. برای سنین پایین تر هم قابل استفاده هست؟ من ۲۱ سالمه چه کرمی برای سن من مناسب تر هست؟,0,false,2016-10-25T09:34:06.1433333+00:00,خنثی,0.35,محصول,محصول
کرم روز ضد چروک اپتیمالز اس پی اف 10,https://www.khanoumi.com/products/oriflame-optimals-redefining-facial-contours-day-cream-4633,"خانم "" عباسی "" عزیز / از اینکه تجربه مصرف خود از محصول فوق را با ما و دیگر همراهان ""خانومی"" در میان گذاشتید از شما  بسیار سپاسگزاریم.",0,false,2016-08-03T10:30:46.3+00:00,مثبت,0.67,محصول,محصول
کرم روز ضد چروک اپتیمالز اس پی اف 10,https://www.khanoumi.com/products/oriflame-optimals-redefining-facial-contours-day-cream-4633,من این کرم رو برای مرطوب نگه داشتن پوست خشکم خریدم و اینکه اس پی اف داره و برای من که دائما با کامپیوتر در منزل کار میکنم مناسب بود اما نکته جالب اینه که به طرز محسوسی باعث کاهش لکه های زیاد و بزرگ ناشی از آفتابی شد که پای چشمهای من بود و متاسفانه نمیتونستم براشون کاری بکنم اما این کرم اونها را از بین برد یعنی در حدود 80درصد از اون لکهای تیره از بین رفتن. ,2,true,2016-08-02T22:26:40.8033333+00:00,مثبت,0.67,محصول,محصول
کرم روز ضد چروک اپتیمالز اس پی اف 10,https://www.khanoumi.com/products/oriflame-optimals-redefining-facial-contours-day-cream-4633,خانم رحمانی عزیز / بصورت تک هم میشود از کرم شب یا روز استفاده کرد اما به طور کل جهت نتیجه بخشی موثر تر توصیه میشود از کرم های مکمل شب و روز استفاده شود . با این حال همانطور که اشاره شد تنها نیز قابل استفاده و موثر هستند . در خصوص همزمانی استفاده از این کرم نیز : بله میتوانید از کرم شب ضد لک در کنار این محصول استفاده کنید ضمن آنکه این کرم به افراد بالای 50 سال توصیه میشود . ,1,false,2016-06-06T17:07:18+00:00,مثبت,0.79,محصول,محصول
کرم روز ضد چروک اپتیمالز اس پی اف 10,https://www.khanoumi.com/products/oriflame-optimals-redefining-facial-contours-day-cream-4633,باسلام این کرم های ست حتماباید روز و شب باهم زد نتیجه گرفت یا یکی هم میشه؟برای30سال اگه پوست خشک باشه و لک داشته باشه باید هم ست این زد هم ست ضد لک؟وآیامیشه روز این کرم زد با شب ضد لک رو؟,0,false,2016-06-06T15:47:58.2666667+00:00,خنثی,0.35,محصول,محصول
کرم روز ضد چروک اپتیمالز اس پی اف 10,https://www.khanoumi.com/products/oriflame-optimals-redefining-facial-contours-day-cream-4633,خانم فاطمه عزیز / این محصول ارگانیک از برند اوریف لیم  همانطور که در توضیحات آن درج شده است  خاصیت سفت کنندگی و کاهش چین و چروک و احیا کننده پوست و دارای فرمولاسیونی جهت جلوگیری از پیری زود رس است و در خصوص افراد با توجه به مواردی  مانند سن و شهر سکونت و نوع پوست و فاکتور های این دست میتواند زمان تاثیر گذاری آن متفاوت باشد اما به طور کل  از هفته چهارم به بعد تاثیرات آن قابل مشاهده است.,0,false,2016-03-14T13:37:31.52+00:00,خنثی,0.35,محصول,محصول
کرم روز ضد چروک اپتیمالز اس پی اف 10,https://www.khanoumi.com/products/oriflame-optimals-redefining-facial-contours-day-cream-4633,من این محصول را برای مادرم خریدم آیا واقعا تاثیری دارد؟ بعد از چند وقت مشاهده خواهد شد؟,0,false,2016-03-14T09:16:06.0566667+00:00,خنثی,0.35,محصول,محصول
کرم روز ضد چروک اپتیمالز اس پی اف 10,https://www.khanoumi.com/products/oriflame-optimals-redefining-facial-contours-day-cream-4633,شانس لطفاااا,0,false,2016-02-16T09:18:26.71+00:00,خنثی,0.35,سایر,سایر
کرم روز ضد چروک اپتیمالز اس پی اف 10,https://www.khanoumi.com/products/oriflame-optimals-redefining-facial-contours-day-cream-4633,شانس درخواستی,1,false,2016-02-14T01:21:06.2633333+00:00,خنثی,0.35,سایر,سایر
کرم دور چشم روشن کننده و ضد پف,https://www.khanoumi.com/products/oriflame-optimals-seeing-is-believing--eye-cream-4634,لطفا این محصولو موجود کنیییید,24,false,2017-02-27T18:28:51.86+00:00,خنثی,0.35,محصول,محصول
کرم دور چشم روشن کننده و ضد پف,https://www.khanoumi.com/products/oriflame-optimals-seeing-is-believing--eye-cream-4634,با سلام. این کرم رو میشه در طول روز هم استفاده کنیم؟,6,true,2016-11-25T10:05:13.5066667+00:00,خنثی,0.35,محصول,محصول
کرم دور چشم روشن کننده و ضد پف,https://www.khanoumi.com/products/oriflame-optimals-seeing-is-believing--eye-cream-4634,کاربر عزیز / سنین بالای 25 در خصوص مصرف کرم دور چشم روشن کننده و ضد پف اوریف لیم منع مصرف نخواهند داشت. ,10,false,2016-11-19T11:36:30.7866667+00:00,خنثی,0.35,محصول,محصول
کرم دور چشم روشن کننده و ضد پف,https://www.khanoumi.com/products/oriflame-optimals-seeing-is-believing--eye-cream-4634,براي چه سني مناسبه؟,1,false,2016-11-19T11:06:31.2633333+00:00,خنثی,0.35,سایر,سایر
کرم دور چشم روشن کننده و ضد پف,https://www.khanoumi.com/products/oriflame-optimals-seeing-is-believing--eye-cream-4634,"خانم "" زبرجدی شیرازی "" عزیز / از اینکه خرید از فروشگاه ""خانومی"" برای شما رضایت خاطر را به همراه داشته بسیار خرسندیم و به خود میبالیم که توانسته ایم با ارائه بهترین ها اعتماد و رضایت شما را جلب کنیم . ",0,false,2016-11-13T13:55:26.4166667+00:00,مثبت,0.67,سایر,سایر
کرم دور چشم روشن کننده و ضد پف,https://www.khanoumi.com/products/oriflame-optimals-seeing-is-believing--eye-cream-4634,"دو هفته است که دارم از این محصول استفاده میکنم. پس از زدن, حس رطوبت فوق العاده ای به آدم میده و چشم رو شاداب میکنه. پس از دوهفته , واقعا حس میکنم که پوست اطراف چشم من شاداب تر هست. و جوان تر شده انگار. مقدار تیرگی دور چشمم هم به تدریج داره کم میشه. البته توی توضیحات این کرم نوشته شده که بعد از یک ماه تاثیر رو حس میکنید , که قابل قبول هست.",6,true,2016-11-13T12:08:41.4866667+00:00,مثبت,0.67,محصول,محصول
کرم دور چشم روشن کننده و ضد پف,https://www.khanoumi.com/products/oriflame-optimals-seeing-is-believing--eye-cream-4634,"خانم "" جان یاوری "" عزیز / با توجه به سنتان میتوانید از محصولاتی مانند :  ژل کرم ضد چروک دور چشم و لب نوروا و  کرم دور چشم کیو وی اگو استفاده کنید .",1,false,2016-09-27T11:55:08.86+00:00,خنثی,0.35,محصول,محصول
کرم دور چشم روشن کننده و ضد پف,https://www.khanoumi.com/products/oriflame-optimals-seeing-is-believing--eye-cream-4634,من با سن ۲۲ سال زیرچشمم چندتا خط نسبتا عمیق و کمی هم چروک سطحی هست باید چه محصولاتی استفاده کنم ؟,0,false,2016-09-26T18:43:00.5266667+00:00,خنثی,0.35,محصول,محصول
کرم دور چشم روشن کننده و ضد پف,https://www.khanoumi.com/products/oriflame-optimals-seeing-is-believing--eye-cream-4634,خانم صدیق عزیز / روزانه میتوانید کرم دور چشم روشن کننده و ضد پف اوریف لیم را  با ملایمت با نوک انگشتان و به صورت دورانی روی پوست اطراف چشم ماساژ دهید تا جذب شود . ,2,false,2016-06-15T10:00:36.8433333+00:00,خنثی,0.35,محصول,محصول
کرم دور چشم روشن کننده و ضد پف,https://www.khanoumi.com/products/oriflame-optimals-seeing-is-believing--eye-cream-4634,"طرز استفاده ی دقیقش چی هس؟  کی به کی زده شه و چقدر بمونه؟
ممنون از پاسخگویی",4,true,2016-06-14T18:12:27.29+00:00,مثبت,0.67,خدمات و پشتیبانی | محصول,خدمات و پشتیبانی
کرم دور چشم روشن کننده و ضد پف,https://www.khanoumi.com/products/oriflame-optimals-seeing-is-believing--eye-cream-4634,لطفا توی شانس بزارید این محصول رو ....,8,false,2016-06-12T15:55:52.1566667+00:00,خنثی,0.35,محصول,محصول
کرم دور چشم روشن کننده و ضد پف,https://www.khanoumi.com/products/oriflame-optimals-seeing-is-believing--eye-cream-4634,"خانم بابا گلی عزیز / کلیه قیمت ها در فروشگاه ""خانومی"" با نظارت واحد های مربوط و حفظ حقوق خریدار تعیین میشود و همچنین کرم دور چشم روشن کننده و ضد پف اوریف لیم
دارای فرمولاسیون غنی  و تکنولوژی  لینگون 50:50 میباشد که با توجه به این موارد قیمت معقول و مناسبی برای آن در نظر گرفته شده است . ",0,false,2016-06-01T16:23:51.4333333+00:00,خنثی,0.35,محصول | قیمت,محصول
کرم دور چشم روشن کننده و ضد پف,https://www.khanoumi.com/products/oriflame-optimals-seeing-is-believing--eye-cream-4634,چرا قیمت این کرن اینقدر گرونه؟,2,false,2016-06-01T15:20:25.4633333+00:00,خنثی,0.35,قیمت,قیمت
کرم دور چشم روشن کننده و ضد پف,https://www.khanoumi.com/products/oriflame-optimals-seeing-is-believing--eye-cream-4634,سلام خسته نباشید ببخشید لطفا این کرم رو همراه با تقویت کننده مژه و ابرو اوریفلیم رو دوباره حتما اااا شارژ کنید. از بعد از حراج عید دیگه محصولات سایت زیاد و خوب نبود الان خیلی دیگه از محصولات خوبی مثل برند ترزمه هم خیلی وقته  شارژ نشدن.   ,5,false,2016-05-24T12:21:04.7466667+00:00,مثبت,0.67,محصول,محصول
کرم دور چشم روشن کننده و ضد پف,https://www.khanoumi.com/products/oriflame-optimals-seeing-is-believing--eye-cream-4634,چه زمانی این محصول شارژ میشه؟,4,false,2016-05-13T19:20:08.5966667+00:00,خنثی,0.35,محصول,محصول
کرم دور چشم روشن کننده و ضد پف,https://www.khanoumi.com/products/oriflame-optimals-seeing-is-believing--eye-cream-4634,در شانس قرار بدید این محصول رو لطفا,28,false,2016-02-16T02:10:00.4933333+00:00,منفی,0.67,محصول,محصول
ریمل ابروی ژلی جیوردانی,https://www.khanoumi.com/products/oriflame-giordani-eyebrow-gel-4635,یکی از بهترین هاست عالیه. لطفا تمام محصولات اوریفلیم رو موجود کنید . من خیلی نیازشون دارم,0,false,2025-09-02T01:05:19.0682133+03:30,مثبت,0.91,محصول,محصول
ریمل ابروی ژلی جیوردانی,https://www.khanoumi.com/products/oriflame-giordani-eyebrow-gel-4635,این محصول بهتره یا ریمل ابرو آرت دکو؟کدوم سبک تر و طبیعی تره ؟,1,false,2017-02-25T19:16:00.26+00:00,خنثی,0.35,محصول,محصول
ریمل ابروی ژلی جیوردانی,https://www.khanoumi.com/products/oriflame-giordani-eyebrow-gel-4635,سلام وخسته نباشید.لطفارنگ بلوندشو شارژ کنید.ممنون.,5,false,2016-12-23T01:39:07.8266667+00:00,مثبت,0.67,محصول,محصول
ریمل ابروی ژلی جیوردانی,https://www.khanoumi.com/products/oriflame-giordani-eyebrow-gel-4635,من رنگ بلوندشو خریدم ، بسیار طبیعی و خیلی سبک . واقعا عالیه❤,1,true,2016-12-04T13:37:40.0733333+00:00,مثبت,0.79,محصول,محصول
ریمل ابروی ژلی جیوردانی,https://www.khanoumi.com/products/oriflame-giordani-eyebrow-gel-4635,شانس,3,false,2016-09-11T20:26:53.3333333+00:00,خنثی,0.35,سایر,سایر
ریمل ابروی ژلی جیوردانی,https://www.khanoumi.com/products/oriflame-giordani-eyebrow-gel-4635,"خانم "" خانی"" عزیز / میتوانید در صفحه محصول آیکون "" به من اطلاع بده "" را فعال کنید تا هم شانس در تخفیف قرار گرفتن محصول مورد علاقه تان را افزایش دهید و هم در زمان در تخفیف قرار گرفتن آن از طریق پیامک و ایمیل اطلاع پیدا کنید .",1,false,2016-09-04T11:42:58.1566667+00:00,منفی,0.79,محصول | قیمت,محصول
ریمل ابروی ژلی جیوردانی,https://www.khanoumi.com/products/oriflame-giordani-eyebrow-gel-4635,شانس لطفاً🌸,5,true,2016-09-03T21:58:51.9733333+00:00,خنثی,0.35,سایر,سایر
ریمل ابروی ژلی جیوردانی,https://www.khanoumi.com/products/oriflame-giordani-eyebrow-gel-4635,"خانم "" خانی "" عزیز / به محض تامین نمونه با کیفیت محصول ازطرف بخش تامین کالا فروشگاه .محصول شارژ و در دسترس شما همراهان عزیز "" خانومی"" قرار خواهد گرفت.",1,false,2016-08-27T09:56:49.7966667+00:00,خنثی,0.35,محصول,محصول
ریمل ابروی ژلی جیوردانی,https://www.khanoumi.com/products/oriflame-giordani-eyebrow-gel-4635,لطفاً زودتر شارژش کنید🌸,5,true,2016-08-24T19:03:41.3033333+00:00,خنثی,0.35,سایر,سایر
ریمل ابروی ژلی جیوردانی,https://www.khanoumi.com/products/oriflame-giordani-eyebrow-gel-4635,شانس درخواستی خانومی قرار بدین،ممنون,2,false,2016-05-16T22:42:59.2833333+00:00,ترکیبی,0.66,سایر,سایر
ریمل ابروی ژلی جیوردانی,https://www.khanoumi.com/products/oriflame-giordani-eyebrow-gel-4635,من رنگ تیره شو دارم، خییییلی طبیعی و سبکه، ابروها رو پرتر هم نشون میده,1,false,2016-05-13T02:45:26.63+00:00,خنثی,0.35,محصول,محصول
ریمل ابروی ژلی جیوردانی,https://www.khanoumi.com/products/oriflame-giordani-eyebrow-gel-4635,خانم ثابت عزیز / ریمل ابروی ژلی جیوردانی اوریف لیم بعد از استفاده روی ابرو خشک میشود و ظاهری کاملا طبیعی به ابرو میبخشد . ,0,false,2016-04-16T10:14:20.8433333+00:00,خنثی,0.35,سایر,سایر
ریمل ابروی ژلی جیوردانی,https://www.khanoumi.com/products/oriflame-giordani-eyebrow-gel-4635,این ریمل ابرو با توجه به ساختار ژلی آن خیلی براق میشه رو ابرو یا نه؟میخوام بدونم تابلو براق میکنه یا نه ؟ممنون میشم راهنمایی کنین تشکر,0,false,2016-04-15T16:27:10.0033333+00:00,ترکیبی,0.66,سایر,سایر
ریمل ابروی ژلی جیوردانی,https://www.khanoumi.com/products/oriflame-giordani-eyebrow-gel-4635,خواهش میکنم این محصول رو درشانس10:10بذارید.باتشکر,2,false,2016-02-17T17:07:09.4366667+00:00,خنثی,0.35,محصول,محصول
پاک کننده آرایش حاوی عصاره ریشه زنجبیل حجم 100میل,https://www.khanoumi.com/products/oriflame-all-over-make-up-remover-4636,شانس خانمی,6,false,2016-02-17T18:39:46.87+00:00,خنثی,0.35,سایر,سایر
پاک کننده آرایش حاوی عصاره ریشه زنجبیل حجم 100میل,https://www.khanoumi.com/products/oriflame-all-over-make-up-remover-4636,این محصول برای چشم هم مناسبه؟و اگر نیست چه محصولی خوبه؟,3,false,2016-02-14T11:17:03.3866667+00:00,مثبت,0.79,محصول,محصول
پاک کننده آرایش حاوی عصاره ریشه زنجبیل حجم 100میل,https://www.khanoumi.com/products/oriflame-all-over-make-up-remover-4636,این محصول برای چشم هم مناسبه؟و اگر نیست چه محصولی خوبه؟,1,false,2016-02-14T11:17:03.1366667+00:00,مثبت,0.79,محصول,محصول
پاک کننده آرایش حاوی عصاره ریشه زنجبیل حجم 100میل,https://www.khanoumi.com/products/oriflame-all-over-make-up-remover-4636,"BARAYE CHESHM HAM GHABELE ESTEFADAST?
",2,false,2016-01-23T00:22:49.79+00:00,خنثی,0.35,سایر,سایر
ژل شست و شوی صورت گلابی,https://www.khanoumi.com/products/free-man-pear-refining-facial-cleanser-4637,من و دخترم استفاده کردیم ولی دچار حساسیت و خارش پوست شدیم شاید واسه پوستهای حساس مناسب نیست,3,true,2018-03-01T11:05:11.98+00:00,خنثی,0.35,محصول,محصول
ژل شست و شوی صورت گلابی,https://www.khanoumi.com/products/free-man-pear-refining-facial-cleanser-4637,چرا اينو شارژ نميكنييد,8,false,2018-02-27T14:04:40.3566667+00:00,خنثی,0.35,سایر,سایر
ژل شست و شوی صورت گلابی,https://www.khanoumi.com/products/free-man-pear-refining-facial-cleanser-4637,لطفا شارژ كنيد,17,false,2018-02-24T17:10:29.6466667+00:00,خنثی,0.35,سایر,سایر
ژل شست و شوی صورت گلابی,https://www.khanoumi.com/products/free-man-pear-refining-facial-cleanser-4637,تخفیف رو بیشتر کنید لطفا ,24,false,2017-07-10T14:11:33.9633333+00:00,خنثی,0.35,قیمت,قیمت
ژل شست و شوی صورت گلابی,https://www.khanoumi.com/products/free-man-pear-refining-facial-cleanser-4637,شانس لطفا,11,false,2017-07-07T22:26:11.53+00:00,خنثی,0.35,سایر,سایر
ژل شست و شوی صورت گلابی,https://www.khanoumi.com/products/free-man-pear-refining-facial-cleanser-4637,شانس,14,false,2017-06-26T11:15:59.7133333+00:00,خنثی,0.35,سایر,سایر
ژل شست و شوی صورت گلابی,https://www.khanoumi.com/products/free-man-pear-refining-facial-cleanser-4637,لطفا شانس . مرسی از فروشگاه بی نظیرتون من مشتری ثابت شما هستم و همه لوازم ارایشی بهداشتیمو از همین جا تهیه میکنم,11,false,2017-06-24T22:59:03.6433333+00:00,مثبت,0.67,محصول,محصول
ژل شست و شوی صورت گلابی,https://www.khanoumi.com/products/free-man-pear-refining-facial-cleanser-4637,تخفیف خیلی کمی زدین  :-( ,9,false,2017-06-04T00:05:53.2233333+00:00,خنثی,0.35,قیمت,قیمت
ژل شست و شوی صورت گلابی,https://www.khanoumi.com/products/free-man-pear-refining-facial-cleanser-4637,اگه از شوینده ی صورت توقع معجزه(ازبین بردن همه ی جای جوش ها و لک ها و...) نداشته باشین بهترین انتخابه*: بوی خیلی خوبی داره ، نرمی میده به صورت و در عین حال که بی ادعاست ، واقعا چربی پوست رو تنظیم میکنه و کلی جلوگیری میکنه از جوش های جدید :) دوستش دارم و پیشنهادش میکنم.*: البته اگه به دنبال محصولی هستین که خاصیت درمانی بالایی داشته باشه(جای جوش و...)فکر میکنم محصولات نوروا انتخاب بهتری باشن.,7,true,2017-03-18T07:59:25.0366667+00:00,مثبت,0.95,محصول,محصول
ژل شست و شوی صورت گلابی,https://www.khanoumi.com/products/free-man-pear-refining-facial-cleanser-4637,خیلی راضیم ازش شانس لطفا,10,true,2016-09-19T11:31:00.9333333+00:00,مثبت,0.79,سایر,سایر
ژل شست و شوی صورت گلابی,https://www.khanoumi.com/products/free-man-pear-refining-facial-cleanser-4637,"خانم "" شریفی "" عزیز / میتوانید در صفحه محصول آیکون "" به من اطلاع بده "" را فعال کنید تا هم شانس در تخفیف قرار گرفتن محصول مورد علاقه تان را افزایش دهید و هم در زمان در تخفیف قرار گرفتن آن از طریق پیامک و ایمیل اطلاع پیدا کنید .",3,false,2016-08-27T15:08:37.87+00:00,منفی,0.79,محصول | قیمت,محصول
ژل شست و شوی صورت گلابی,https://www.khanoumi.com/products/free-man-pear-refining-facial-cleanser-4637,در شانس 10:10 قرار بدید لطفا ,12,false,2016-08-25T20:34:17.6533333+00:00,منفی,0.67,سایر,سایر
کرم پمپی مرطوب کننده و مغذی اتودرم 200 میلی لیتر,https://www.khanoumi.com/products/bioderma-atoderm-nourishing-cream-4638,برای پوست خشک بعد از شست و شو با صابون خیلی خوبه,4,true,2020-02-10T14:42:43+00:00,مثبت,0.91,محصول,محصول
کرم پمپی مرطوب کننده و مغذی اتودرم 200 میلی لیتر,https://www.khanoumi.com/products/bioderma-atoderm-nourishing-cream-4638,من ۵ ساله استفاده میکنم و به جرات میتونم بگم بهترین کرمیه که تا بحال داشتم ,9,false,2019-10-21T15:34:14+00:00,مثبت,0.67,محصول,محصول
کرم پمپی مرطوب کننده و مغذی اتودرم 200 میلی لیتر,https://www.khanoumi.com/products/bioderma-atoderm-nourishing-cream-4638,خیلی مرطوب کننده خوبیه برای من که پوستم نرماله عالی بود احساس سنگینی هم نداشت رو پوستم.,7,true,2019-10-13T17:50:55+00:00,مثبت,0.91,محصول,محصول
کرم پمپی مرطوب کننده و مغذی اتودرم 200 میلی لیتر,https://www.khanoumi.com/products/bioderma-atoderm-nourishing-cream-4638,بسیار مفید برای پوست های خشک,3,true,2019-09-25T09:57:45+00:00,خنثی,0.35,محصول,محصول
کرم پمپی مرطوب کننده و مغذی اتودرم 200 میلی لیتر,https://www.khanoumi.com/products/bioderma-atoderm-nourishing-cream-4638,سنگینه،و حس میشه،من ۵۰۰ میلش رو خریدم ، کاملا آبرسان هست و راضی ام,3,false,2019-09-09T06:59:03.4166667+00:00,مثبت,0.79,سایر,سایر
کرم پمپی مرطوب کننده و مغذی اتودرم 200 میلی لیتر,https://www.khanoumi.com/products/bioderma-atoderm-nourishing-cream-4638,برای بدن هم میشه استفاده کرد؟؟ینی لوسیونه؟,5,false,2019-05-11T12:14:40.47+00:00,منفی,0.67,سایر,سایر
کرم پمپی مرطوب کننده و مغذی اتودرم 200 میلی لیتر,https://www.khanoumi.com/products/bioderma-atoderm-nourishing-cream-4638,کاربر گرامی خانم زهره احمد پور عزیز ؛ قیمت گذاری توسط وارد کننده اصلی انجام میشود و خانومی دخل و تصرفی دراین امر ندارد. نظر شما بررسی میشود و در صورتی که تفاوت قیمتی وجود داشته باشد حتما تصحیح و اعمال میشود. ,9,false,2019-01-06T17:39:41.2266667+00:00,مثبت,0.67,اصل بودن کالا | قیمت,اصل بودن کالا
کرم پمپی مرطوب کننده و مغذی اتودرم 200 میلی لیتر,https://www.khanoumi.com/products/bioderma-atoderm-nourishing-cream-4638,سایتای  گرون فروش اینو بدون تخفیف ارزان تر زده !,47,false,2019-01-06T15:51:39+00:00,منفی,0.67,قیمت,قیمت
کرم پمپی مرطوب کننده و مغذی اتودرم 200 میلی لیتر,https://www.khanoumi.com/products/bioderma-atoderm-nourishing-cream-4638,دارخونه گرون فروش ما اونم تو زعفرانيه اينو ميده ٨٢تومان شما چطور ميدين ٩٦؟؟؟,44,false,2018-11-23T01:52:30.7966667+00:00,خنثی,0.35,قیمت,قیمت
کرم پمپی مرطوب کننده و مغذی اتودرم 200 میلی لیتر,https://www.khanoumi.com/products/bioderma-atoderm-nourishing-cream-4638,چند میل هست؟,0,false,2018-11-12T15:34:02.1666667+00:00,خنثی,0.35,سایر,سایر
بالم لب وان,https://www.khanoumi.com/products/oriflame-lip-spa-care-lip-balm-4639,امروز بدستم رسید کیفیتش نسبة خوبه اما حجمش خيلي كوچیک نسبت به قيمت بالاش.,2,true,2018-01-28T19:35:49.4566667+00:00,ترکیبی,0.79,محصول | تحویل و ارسال | قیمت,محصول
بالم لب وان,https://www.khanoumi.com/products/oriflame-lip-spa-care-lip-balm-4639,امروز بدستم رسید کیفیتش نسبة خوبه اما حجمش خيلي كوچیک نسبت به قيمت بالاش.,1,true,2018-01-28T19:35:48.88+00:00,ترکیبی,0.79,محصول | تحویل و ارسال | قیمت,محصول
بالم لب وان,https://www.khanoumi.com/products/oriflame-lip-spa-care-lip-balm-4639,برای من کمی چرب بود و روی لبم حسش میکنم...دوستش نداشتم...اما بوی خوبی داره و برای درمان خشکی لب خوبه,2,false,2018-01-09T14:53:46.0033333+00:00,مثبت,0.91,محصول,محصول
بالم لب وان,https://www.khanoumi.com/products/oriflame-lip-spa-care-lip-balm-4639,من از این بالم استفاده کردم، واقعا عالیه,6,true,2017-10-09T16:27:13.7733333+00:00,مثبت,0.79,سایر,سایر
بالم لب وان,https://www.khanoumi.com/products/oriflame-lip-spa-care-lip-balm-4639,حجم خیلی کم و بی تاثیر... در مقایسه با بالم کیو وی اصلا خوب نیست این...,1,true,2017-10-07T21:53:59.6533333+00:00,منفی,0.79,محصول | اصل بودن کالا,اصل بودن کالا
بالم لب وان,https://www.khanoumi.com/products/oriflame-lip-spa-care-lip-balm-4639,اينو من دارم خيلي خوبه عاليه براي من كه لبام هميشه خشكه ولي ايرادش اينه كه حجمش خيلي كمه خيلي زود تموم ميشه,5,false,2017-06-08T11:41:28.2866667+00:00,مثبت,0.95,محصول,محصول
بالم لب وان,https://www.khanoumi.com/products/oriflame-lip-spa-care-lip-balm-4639,شانس لطفا,9,false,2017-01-19T21:40:09.7233333+00:00,خنثی,0.35,سایر,سایر
بالم لب وان,https://www.khanoumi.com/products/oriflame-lip-spa-care-lip-balm-4639,"خانم "" جمشیدی"" عزیز / از اینکه تجربه مصرف خود از محصول فوق را با ما و دیگر همراهان ""خانومی"" در میان گذاشتید بسیار سپاسگزاریم و بسیار خرسندیم که خرید از ""خانومی"" برای شما رضایتمندی را به همراه داشته است .",5,false,2016-11-15T13:45:57.5933333+00:00,مثبت,0.67,محصول,محصول
بالم لب وان,https://www.khanoumi.com/products/oriflame-lip-spa-care-lip-balm-4639,رنگ nude44 را خریدم، خیلی عالیه، خوشبو و فوق العاده خوشرنگه، ممنونم از خانومی به خاطر ارسال سریع، محصول با کیفیت و قیمت مناسب.,6,true,2016-11-15T13:03:23.0533333+00:00,مثبت,0.95,محصول | تحویل و ارسال | قیمت,محصول
بالم لب وان,https://www.khanoumi.com/products/oriflame-lip-spa-care-lip-balm-4639,"خانم ثابت عزیز / ممنون از اینکه تجربه خرید خود از فروشگاه و مصرف محصول را با ما و دیگر همراهان ""خانومی"" در میان گذاشتید و از اعتمادتان به فروشگاه از شما سپاسگزاریم . ",0,false,2016-05-28T12:31:45.7633333+00:00,مثبت,0.79,محصول,محصول
بالم لب وان,https://www.khanoumi.com/products/oriflame-lip-spa-care-lip-balm-4639,من این بالم رو توی شانس خریدم هم کیفیتش خوبه نرم و سبک روی لب میشینه هم رنگ داره رنگ ملایم برخلاف بالم های دیگه که اصلا رنگ ندارن و فقط برق ایجاد میکنن این بالم رنگدار هست من رنگ صورتی طبیعی اش رو گرفتم natrual pink 43 ،ازش خیلی راضیم،ممنون از خانومی.,7,false,2016-05-28T11:30:15.23+00:00,مثبت,0.95,محصول | اصل بودن کالا,محصول
بالم لب وان,https://www.khanoumi.com/products/oriflame-lip-spa-care-lip-balm-4639,شانس10:10,12,true,2016-05-17T10:53:20.9533333+00:00,خنثی,0.35,سایر,سایر
بالم لب وان,https://www.khanoumi.com/products/oriflame-lip-spa-care-lip-balm-4639,شانس 1010 خانومی,9,true,2016-05-14T12:24:50.62+00:00,خنثی,0.35,سایر,سایر
بالم لب وان,https://www.khanoumi.com/products/oriflame-lip-spa-care-lip-balm-4639,خانم بهرامی عزیز / با تشکر از حس توجه  و کامنت پر محبت شما . تیم خانومی نیز از رضایت شما و حس اعتمادتان به فروشگاه بسیار خرسند میباشد و به خود میبالیم که توانسته ایم رضایت و اعتماد شمارا جلب نماییم . ,0,false,2016-05-14T10:22:38.9466667+00:00,خنثی,0.35,سایر,سایر
بالم لب وان,https://www.khanoumi.com/products/oriflame-lip-spa-care-lip-balm-4639,شانش 10.10 خانومی,7,true,2016-05-13T12:26:37.2733333+00:00,خنثی,0.35,سایر,سایر
بالم لب وان,https://www.khanoumi.com/products/oriflame-lip-spa-care-lip-balm-4639,من این محصول را با پست عادی سفارش دادم و درکمال تعجب دیدم که در کمتر از 10 روز  به دستم رسید و برخودم واجب دیدم که  بخاطر این حسن همکاری وهمراهی دلسوزانه سایت محبوبم- خانومی- از پرسنل گرامی فروشگاه تشکر کنم ؛ چون اکثر ما مشتریها وقتی شکایت  یا انتقادی داریم بادقت وجزییات بیان میکنیم اما برای این سرعت عمل ومسوولیت پذیری فروشگاه خانومی واقعا حیف هستسش که تقدیری  ارسال نشه... فاکتور این محصول 15 اردی بهشت برای من ثبت شد وامروز که 23 اردی بهشته سفارش بالم لب اوریف لیم به دستم رسید و خوشحالم که باپست عادی هم زمان کمی صرف ارسال سفارشم شد؛ چیزی که برای سایر فروشگاهها وخریدهای اینترنتی خودم کمتر پیش اومده ! همچنین از کیفیت بالم لب وان رنگ ملایم و دلنشین ونرم کنندگی اون بسیار راضی هستم.. از سایت خانومی خیلی ممنونم    ,2,true,2016-05-12T21:03:36.6766667+00:00,مثبت,0.79,محصول | تحویل و ارسال | خدمات و پشتیبانی,محصول
بالم لب وان,https://www.khanoumi.com/products/oriflame-lip-spa-care-lip-balm-4639,خانم موسوی عزیز / عکس رنگ بندی محصولات مطابق با سایت مرجع و برند تولید کننده آن است و بصورت مستقیم از آن تبعیت میکنید . با این حال حتما به این مورد رسیدگی خواهد شد و بابت مشکل پیش آمده از شما پوزش میطلبیم . ,0,false,2016-03-16T13:11:47.7233333+00:00,خنثی,0.35,محصول | تحویل و ارسال,محصول
بالم لب وان,https://www.khanoumi.com/products/oriflame-lip-spa-care-lip-balm-4639,"سلام،بسته ی من دیروز به دستم رسید،ممنون
من شماره ی ۴۳ این محصول رو سفارش دادم اما اصلا رنگش با رنگی که در سایت هست برابری نمیکنه،لطفا عکس رو با محصول واقعی کاملا همگام کنید.",2,true,2016-03-16T09:58:05.5366667+00:00,مثبت,0.79,محصول | تحویل و ارسال | اصل بودن کالا,محصول
بالم لب وان,https://www.khanoumi.com/products/oriflame-lip-spa-care-lip-balm-4639,خانم موسوی عزیز / در خصوص هماهنگی ارسال از جانب فروشگاه با شما تماس گرفته خواهد شد .و اگر قبل از 20 اسفند سفارش داده ایید . برای شما قبل از سال جدید ارسال خواهد شد .,2,false,2016-03-09T15:50:53.69+00:00,خنثی,0.35,تحویل و ارسال | محصول | خدمات و پشتیبانی,تحویل و ارسال
بالم لب وان,https://www.khanoumi.com/products/oriflame-lip-spa-care-lip-balm-4639,من این محصول رو امروز سفارش دادم،کی بدستم میرسه؟چون گفته بودین از ۲۰ اسفند به بعد ۸ فروردین ارسال میکنید،الان سفارش من ممکن هست با اینکه ۱۹ دهم سفارش دادم ۸ فروردین به بعد به دستم برسه؟,1,true,2016-03-09T14:47:30.2133333+00:00,منفی,0.67,محصول | تحویل و ارسال,محصول
بالم لب وان,https://www.khanoumi.com/products/oriflame-lip-spa-care-lip-balm-4639,خیلی نرم و خوب روی لب میشینه فقط خیلی کوچیکه:| ,13,true,2015-12-30T21:05:56.7233333+00:00,مثبت,0.67,سایر,سایر
سایه چشم چهارتایی پریتی,https://www.khanoumi.com/products/flormar-pretty-compact-quartet-eye-shadow-4640,من پلت نارنجی این سایه خریدم.سایه پیگمنت بالایی نداده ماندگاری اش کمه.,2,true,2017-12-05T20:27:42.2533333+00:00,خنثی,0.35,محصول,محصول
سایه چشم چهارتایی پریتی,https://www.khanoumi.com/products/flormar-pretty-compact-quartet-eye-shadow-4640,خانم عسگری عزیز/ این سایه چشم نمای براق دارد.,6,false,2016-11-03T22:12:54.5966667+00:00,خنثی,0.35,سایر,سایر
سایه چشم چهارتایی پریتی,https://www.khanoumi.com/products/flormar-pretty-compact-quartet-eye-shadow-4640,این سایه ها مات هستن یا براق؟؟,11,false,2016-11-03T01:32:20.96+00:00,خنثی,0.35,سایر,سایر
کرم روز ضد چروک,https://www.khanoumi.com/products/flormar-advice-timeless-antiwrinkle-day-cream-4641,برای چه سنی مناسبه؟,1,false,2017-02-22T00:25:34.8333333+00:00,خنثی,0.35,سایر,سایر
کرم روز ضد چروک,https://www.khanoumi.com/products/flormar-advice-timeless-antiwrinkle-day-cream-4641,خانم ریگی عزیز / بله در صورت تمایل میتوانید کرم روز ضد چروک فلورمار را قبل از آرایش روی پوست  صورت خود استفاده کنید . توصیه میکنیم پس از زدن کرم روز ضد چروک فلورمار به پوست خود  کمی زمان دهید تا کرم جذب شود . سپس اقدام به آرایش پوست خود کنید . ,1,false,2016-07-03T10:26:18.2933333+00:00,مثبت,0.67,محصول,محصول
کرم روز ضد چروک,https://www.khanoumi.com/products/flormar-advice-timeless-antiwrinkle-day-cream-4641,"آیا می شه این کرم رو زیر آرایش استفاده کرد؟ 

",2,true,2016-07-02T23:46:11.7433333+00:00,خنثی,0.35,محصول,محصول
کرم روز ضد چروک,https://www.khanoumi.com/products/flormar-advice-timeless-antiwrinkle-day-cream-4641,"اعظم جان 
بله ، کرم مخصوص روز در روز باید استفاده شود و کرم مخصوص شب در شب باید استفاده شود.
",0,false,2015-12-23T10:45:02.43+00:00,خنثی,0.35,محصول,محصول
کرم روز ضد چروک,https://www.khanoumi.com/products/flormar-advice-timeless-antiwrinkle-day-cream-4641,آیا کرمهای روز و شب باید تواما استفاده شوند یا خیر؟,0,false,2015-12-23T10:32:28.42+00:00,خنثی,0.35,محصول,محصول
کرم روز ضد چروک,https://www.khanoumi.com/products/flormar-advice-timeless-antiwrinkle-day-cream-4641,آیا کرمهای روز و شب باید تواما استفاده شوند یا خیر؟,0,false,2015-12-23T10:32:27.9033333+00:00,خنثی,0.35,محصول,محصول
کرم روز ضد چروک,https://www.khanoumi.com/products/flormar-advice-timeless-antiwrinkle-day-cream-4641,"لطفا این محصول را در شانس قرار دهید
",1,false,2015-12-23T10:28:58.38+00:00,خنثی,0.35,محصول,محصول
کرم شب ضد چروک و جوانساز پوست,https://www.khanoumi.com/products/flormar-advice-timeless-antiwrinkle-night-cream-4642,میشه دور چشم هم استفاده کرد؟,8,false,2016-01-23T02:33:24.4866667+00:00,خنثی,0.35,سایر,سایر
کرم شب ضد چروک و جوانساز پوست,https://www.khanoumi.com/products/flormar-advice-timeless-antiwrinkle-night-cream-4642,برای چه سنی مناسبه؟,14,false,2016-01-11T16:55:07.8233333+00:00,خنثی,0.35,سایر,سایر
کرم شب ضد چروک و جوانساز پوست,https://www.khanoumi.com/products/flormar-advice-timeless-antiwrinkle-night-cream-4642,لطفا این محصول را در شانس قرار دهید,10,false,2015-12-23T10:27:41.05+00:00,خنثی,0.35,محصول,محصول
برس دو سر,https://www.khanoumi.com/products/flormar-all-about-makeup-duo-brush-4643,"خانم "" عسگری "" عزیز / این محصول در حال حاضر در 12درصد تخفیف قرار دارد . با این حال میتوانید میتوانید در صفحه محصول آیکون "" به من اطلاع بده "" را فعال کنید تا هم شانس در تخفیف قرار گرفتن محصول مورد علاقه تان را افزایش دهید و هم در زمان در تخفیف قرار گرفتن آن از طریق پیامک و ایمیل اطلاع پیدا کنید .
",0,false,2016-11-05T09:42:46.5733333+00:00,منفی,0.79,محصول | قیمت,محصول
برس دو سر,https://www.khanoumi.com/products/flormar-all-about-makeup-duo-brush-4643,لطفا تو شانس بزارین خیلی قیمتش بالاس,9,false,2016-11-03T01:27:28.1166667+00:00,خنثی,0.35,قیمت,قیمت
برس دو سر,https://www.khanoumi.com/products/flormar-all-about-makeup-duo-brush-4643,شانس خانمی لطفا,12,false,2016-02-11T13:05:47.5866667+00:00,خنثی,0.35,سایر,سایر
پودر آرایشی صورت  و بدن  تراکوتا,https://www.khanoumi.com/products/flormar-terracotta-powder-4644,وایییییییییی چقد این محصوول عالیییی و سبک و براق شیک جذابه هر چی بگم کم گفتم هم دوامش خوبه هم درخشش 🥰😘,5,true,2020-03-15T15:35:15+00:00,مثبت,0.91,سایر,سایر
پودر آرایشی صورت  و بدن  تراکوتا,https://www.khanoumi.com/products/flormar-terracotta-powder-4644,اینقدر دیر جواب دادین که رنگایی که میخواستم تموم شد,6,false,2017-10-04T23:54:43.57+00:00,مثبت,0.67,محصول,محصول
پودر آرایشی صورت  و بدن  تراکوتا,https://www.khanoumi.com/products/flormar-terracotta-powder-4644,لطفا زودتر پاسخ بدید، این محصول شاین و براقه یا مثل پنکک ؟میشه بجای هایلایتر استفاده کرد؟,12,false,2017-09-01T18:35:46.0933333+00:00,منفی,0.67,محصول | خدمات و پشتیبانی,محصول
پودر آرایشی صورت  و بدن  تراکوتا,https://www.khanoumi.com/products/flormar-terracotta-powder-4644,"چرا بقیه شماره ها رو شارژ نمیکنید؟؟؟؟؟؟؟؟؟؟؟؟؟؟؟؟؟؟؟؟؟ الان چند ماهه من شماره 20 میخوام
",7,true,2017-06-18T11:49:03.1066667+00:00,خنثی,0.35,سایر,سایر
پودر آرایشی صورت  و بدن  تراکوتا,https://www.khanoumi.com/products/flormar-terracotta-powder-4644,ی شاینر خیلی جذاب با دوام بالا و کارکرد خیلی فوق العاده است،برای سومین باره ک برای استفاده روزانه ب عنوان رژگونه میخرمش,2,false,2017-04-17T16:58:32.3733333+00:00,مثبت,0.67,سایر,سایر
پودر آرایشی صورت  و بدن  تراکوتا,https://www.khanoumi.com/products/flormar-terracotta-powder-4644,خانومي چرا هايلايتر نميارين؟از اين ميشه به عنوان هايلايتر استفاده كرد؟,3,false,2017-03-10T21:14:34.7033333+00:00,خنثی,0.35,سایر,سایر
پودر آرایشی صورت  و بدن  تراکوتا,https://www.khanoumi.com/products/flormar-terracotta-powder-4644,"رنگ صورتی مسی رو واقعا میشه به عنوان رژگونه استفاده کرد؟
لطفا همین امروز جوابم رو بدید چون میخوام خرید کنم ممنون",2,false,2017-02-01T14:33:15.4266667+00:00,ترکیبی,0.66,محصول,محصول
پودر آرایشی صورت  و بدن  تراکوتا,https://www.khanoumi.com/products/flormar-terracotta-powder-4644,مونا عزیز / ممنون از کامنت محبت آمیز شما . هدف تیم خانومی رضایت شما از خریدتان است و همواره  تمام تلاش خود را میکنیم  تا خرید از خانومی برای شما تجربه یک خرید عالی باشد . ,1,false,2016-10-22T11:31:05.74+00:00,مثبت,0.79,محصول,محصول
پودر آرایشی صورت  و بدن  تراکوتا,https://www.khanoumi.com/products/flormar-terracotta-powder-4644,محصولی که برام فرستاده شده بود زخمی بود وبنظر میومد باز شده که وقتی اطلاع دادم خداروشکر خانومی باروی خوش ازم قبول کرد وپس گرفت. برخوردشون عالی بود.میخواستم همینجا هم ازتون تشکر کنم بابت سرویس دهی خوبتون.ممنونم,13,true,2016-10-20T15:15:48+00:00,مثبت,0.95,محصول,محصول
پودر آرایشی صورت  و بدن  تراکوتا,https://www.khanoumi.com/products/flormar-terracotta-powder-4644,"تو توضیحات نوشته شده براقه ولی ازنزدیک اصلا براق نبود.شاید وقتی رو پوست زده بشه نهایت یه برق طبیعی داشته باشه نمیدونم
",2,true,2016-10-20T15:15:06.5466667+00:00,منفی,0.67,محصول | اصل بودن کالا,اصل بودن کالا
پودر آرایشی صورت  و بدن  تراکوتا,https://www.khanoumi.com/products/flormar-terracotta-powder-4644,مونا عزیز/ بله این محصول پنکک است و بیشتر در آرایش های برنز مورد استفاده قرار می‌گیرد، و در صورت تمایل به جای رژ گونه نیز میتوان استفاده داشت.,3,false,2016-07-15T23:08:32.6533333+00:00,خنثی,0.35,محصول,محصول
پودر آرایشی صورت  و بدن  تراکوتا,https://www.khanoumi.com/products/flormar-terracotta-powder-4644,اینها پنکک ان واقعا؟ یعنی تاثیر رژگونه ای ندارن؟,2,true,2016-07-14T11:01:09.3833333+00:00,خنثی,0.35,سایر,سایر
رژ گونه تراکوتا دارای اکلیل های ریز,https://www.khanoumi.com/products/flormar-blushon-4645,تو تخفیف رنگ شماره ۴۰ شو گرفتم نمیتونم بگم رژ گونه ولی یه هایلایتر صورتی روشن خیلی قشنگی و دوسش دارم ,1,true,2022-09-26T10:50:02+00:00,خنثی,0.35,محصول | قیمت,محصول
رژ گونه تراکوتا دارای اکلیل های ریز,https://www.khanoumi.com/products/flormar-blushon-4645,محصول بسیار عالی هستش ، از کیفیت کالا رضایت دارم ,0,false,2022-05-18T15:25:53+00:00,مثبت,0.67,محصول,محصول
رژ گونه تراکوتا دارای اکلیل های ریز,https://www.khanoumi.com/products/flormar-blushon-4645,رژگونه‌یِ خوبیه,1,false,2020-04-22T14:28:40+00:00,مثبت,0.67,سایر,سایر
رژ گونه تراکوتا دارای اکلیل های ریز,https://www.khanoumi.com/products/flormar-blushon-4645,من رنگ شماره ۴۵ رو گرفتم اصلا رنگ نداره.انگار نه انگار رو صورت میکشیم.فقط کمی اکلیل داره.خوشم نیومد.,4,true,2017-12-03T11:06:02.0166667+00:00,منفی,0.67,محصول | اصل بودن کالا,اصل بودن کالا
رژ گونه تراکوتا دارای اکلیل های ریز,https://www.khanoumi.com/products/flormar-blushon-4645,من رنگ 41 رو گرفتم وراضیم یه رنگ ملایم با شاین لایت دقیقا مثل عکسش فکر کنم حالا حالا ها تموم نشه,2,true,2017-06-20T14:38:04.4866667+00:00,مثبت,0.79,محصول,محصول
رژ گونه تراکوتا دارای اکلیل های ریز,https://www.khanoumi.com/products/flormar-blushon-4645,من رنگ۴۵ رو گرفتم.اصن رنگش معلوم نیست رنگ نمیده رو پوست همش اکلیله...,4,true,2017-05-17T22:17:51.9533333+00:00,خنثی,0.35,محصول,محصول
رژ گونه تراکوتا دارای اکلیل های ریز,https://www.khanoumi.com/products/flormar-blushon-4645,سلام.خواهشا این محصول رو دوباره توی شانس قراربدید.ممنون,3,true,2017-04-05T17:57:12.8233333+00:00,ترکیبی,0.66,محصول,محصول
رژ گونه تراکوتا دارای اکلیل های ریز,https://www.khanoumi.com/products/flormar-blushon-4645,لطفا دوباره شانس بزاریدش,3,false,2017-03-15T17:12:03.51+00:00,خنثی,0.35,سایر,سایر
رژ گونه تراکوتا دارای اکلیل های ریز,https://www.khanoumi.com/products/flormar-blushon-4645,شانس ؟:(,4,true,2017-01-22T14:25:28.9133333+00:00,خنثی,0.35,سایر,سایر
رژ گونه تراکوتا دارای اکلیل های ریز,https://www.khanoumi.com/products/flormar-blushon-4645,شانس لطفا,3,false,2017-01-04T10:27:13.0833333+00:00,خنثی,0.35,سایر,سایر
رژ گونه تراکوتا دارای اکلیل های ریز,https://www.khanoumi.com/products/flormar-blushon-4645,شانس لطفا,4,false,2017-01-04T10:27:12.2566667+00:00,خنثی,0.35,سایر,سایر
رژ گونه تراکوتا دارای اکلیل های ریز,https://www.khanoumi.com/products/flormar-blushon-4645,من رنگ 45 رو خریدم واقعا خوشرنگه، همونه که من میخواستم جلوه زیبایی به گونه میده. خیلی ازش راضیم,2,true,2016-12-06T10:35:26.3566667+00:00,مثبت,0.79,محصول,محصول
رژ گونه تراکوتا دارای اکلیل های ریز,https://www.khanoumi.com/products/flormar-blushon-4645,"خانم "" دانشگر "" عزیز /از اینکه تجربه مصرف خود از محصول فوق را با ما و دیگر همراهان ""خانومی"" در میان گذاشتید بسیار سپاسگزاریم و بسیار خرسندیم که خرید از ""خانومی"" برای شما رضایتمندی را به همراه داشته است .",1,false,2016-10-05T13:24:07.42+00:00,مثبت,0.67,محصول,محصول
رژ گونه تراکوتا دارای اکلیل های ریز,https://www.khanoumi.com/products/flormar-blushon-4645,من این محصولو گرفتم و واقعا بنظرم بااین قیمت عالیه.من دنبا ل یه محصولی بودم که رنگش قشنگ و امروزی باشه و درضمن زیاد باشه و زود تموم نشه و قیمتشم مناسب باشه.من بین رنگ44 و 45 مونده بودم که 45 رو گرفتم و دقیقا همونیه که میخام.مخلوطی از هلویی و صورتیه.ممنون از سایت خانومی که شرایط خیلی خوبی داره واسه خرید هم تنوع مارک ها و هم سرعت رسوندنه محصول به دستمون.,5,true,2016-10-05T12:24:21.3633333+00:00,مثبت,0.95,محصول | قیمت,محصول
سایه چشم 4 تایی کوارتت,https://www.khanoumi.com/products/flormar-quartet-4-eye-shadow--4646,خیلی با کیفیته رنگیندیشم خیلی خوبه,0,false,2022-10-22T20:49:02+00:00,مثبت,0.91,محصول,محصول
سایه چشم 4 تایی کوارتت,https://www.khanoumi.com/products/flormar-quartet-4-eye-shadow--4646,من رنگ ۴۰۲رو دارم .پیگمنتش خوبه و راضیم,5,false,2018-02-03T00:51:52.7133333+00:00,مثبت,0.95,محصول,محصول
سایه چشم 4 تایی کوارتت,https://www.khanoumi.com/products/flormar-quartet-4-eye-shadow--4646,من کد ۴۰۱ رو‌ ازتون گرفتم، نسبت به قیمتش خوبه❤️,5,true,2017-12-09T08:59:31.9366667+00:00,مثبت,0.79,قیمت,قیمت
سایه چشم 4 تایی کوارتت,https://www.khanoumi.com/products/flormar-quartet-4-eye-shadow--4646,من اینُ ازتون خریدم خیلی خوبه واقعا خوشگل و بادوامه. بافت مخملی و یکم براق داره. از کد ۴۰۱ که قهوه ای کرمه و تنالیته ی بژ داره واسه قسمتای دیگه ی صورت هم میشه استفاده کرد.,21,true,2017-01-21T15:34:24.8833333+00:00,مثبت,0.91,محصول,محصول
سایه چشم 4 تایی کوارتت,https://www.khanoumi.com/products/flormar-quartet-4-eye-shadow--4646,کاربر عزیز/ این محصول بافت مات و براق ندارد و نمایی مخملی دارد.,6,false,2016-10-13T22:26:05.3666667+00:00,خنثی,0.35,محصول,محصول
سایه چشم 4 تایی کوارتت,https://www.khanoumi.com/products/flormar-quartet-4-eye-shadow--4646,این سایه ها مات هستن؟ یا براق؟ ,5,true,2016-10-13T15:11:37.93+00:00,خنثی,0.35,سایر,سایر
سایه چشم 4 تایی کوارتت,https://www.khanoumi.com/products/flormar-quartet-4-eye-shadow--4646,ۀطفا شماره 401 شارژ کنید,0,false,2016-05-26T11:58:24.0133333+00:00,خنثی,0.35,سایر,سایر
سایه چشم 4 تایی کوارتت,https://www.khanoumi.com/products/flormar-quartet-4-eye-shadow--4646,"با سلام
لطفا اگر امکانش هست  شماره 401 دوباره شارژ کنید
ممنون",14,false,2016-02-29T12:34:09.8733333+00:00,مثبت,0.67,سایر,سایر
رژ گونه ساده,https://www.khanoumi.com/products/flormar-blush-4647,لطفا لطفا موجود کنید این رژگونه رو فوق العاده است اصلا رو دستش نمیاد نمیدونم چرا هیجا ندارنش,0,false,2026-08-27T12:37:49.9611417+03:30,مثبت,0.79,محصول | اصل بودن کالا,محصول
رژ گونه ساده,https://www.khanoumi.com/products/flormar-blush-4647,رژگونه فلورمار پیکمنت بالایی داره و به خوبی می‌تونه به گونه‌ها رنگ بده. اصلا ریزش نداره و تا مدت زمان طولانی بدون پخش شدن روی پوست باقی می‌مونه. حجم این محصول زیاده و تا مدت‎ها قابل استفاده است. اگر دنبال یک رژگونه خوش رنگ و با کیفیت خوب هستید، پیشنهاد می‌کنم از فلورمار استفاده کنید.,9,false,2022-04-18T13:48:21+00:00,ترکیبی,0.9,محصول | تحویل و ارسال | اصل بودن کالا,محصول
رژ گونه ساده,https://www.khanoumi.com/products/flormar-blush-4647,رژگونه ی خوبیه و خیلیم خوب فید میشه,8,false,2019-12-04T15:34:33+00:00,مثبت,0.79,سایر,سایر
رژ گونه ساده,https://www.khanoumi.com/products/flormar-blush-4647,بافت خیلی مخملی و عالی داره ، و سایزش از چیزی که فکر میکردم بزرگتره . خیلی راضی هستم از خریدم .,9,true,2019-10-01T08:56:57+00:00,مثبت,0.79,محصول,محصول
رژ گونه ساده,https://www.khanoumi.com/products/flormar-blush-4647,"راستش من دیگه به خانومی اعتماد ندارم. همین رژگونه رو امروز در حدود قیمت بعد از تخفیف در یه فروشگاه معتبر خریدم! محصولاتی که مدتها بود وقتی تو همون فروشگاه قیمت میکردم میدیدم خانومی ارزونتر میده، حالا برعکس شده و هرچی اینجا میبینم بیرون ارزونتر میفروشن! لطفا نگید شرکت وارد کننده قیمت میده چون همون شرکت ها دارن به این فروشگاهها محصول میدن. 
کاش همون روال سابقتون رو ادامه میدادید.",60,false,2017-03-13T00:02:02+00:00,خنثی,0.35,محصول | قیمت,محصول
رژ گونه ساده,https://www.khanoumi.com/products/flormar-blush-4647,پس رنگهای دیگه ش کو؟ لطفا رنگهارو شارژ کنید من شماره ۸۰ این رژگونه رو میخوام.,11,false,2017-03-08T14:56:52.0833333+00:00,خنثی,0.35,محصول,محصول
رژ گونه ساده,https://www.khanoumi.com/products/flormar-blush-4647,کدوم رنگش به رنگ هلویی نزدیکتره؟,1,false,2017-03-01T01:56:37.0933333+00:00,خنثی,0.35,محصول,محصول
رژ گونه ساده,https://www.khanoumi.com/products/flormar-blush-4647,لطفا رژگونه مرواریدی جیوردانی گلد هم بیارین,0,false,2017-02-28T00:49:41.1266667+00:00,خنثی,0.35,سایر,سایر
رژ گونه ساده,https://www.khanoumi.com/products/flormar-blush-4647,کدوم رنگش قهوه ای تره؟,1,false,2017-01-04T16:23:32.6433333+00:00,خنثی,0.35,محصول,محصول
رژ گونه ساده,https://www.khanoumi.com/products/flormar-blush-4647,"خانم ""سمیعی"" عزیز / رژ گونه ساده فلورمار ظاهری طبیعی روی پوست ایجاد میکند  (غیر براق و غیر مات ) و در خصوص آرایش های لایت میتوانید به رنگ های83-Pink Coral و80-Sun Kissed
نگاهی بیاندازید . ",3,false,2016-06-29T11:10:09.4333333+00:00,خنثی,0.35,محصول,محصول
رژ گونه ساده,https://www.khanoumi.com/products/flormar-blush-4647,"کدوم رنگش برای ارایش لایت مناسبتره ؟ 
",3,false,2016-06-28T23:48:00.55+00:00,خنثی,0.35,محصول,محصول
رژ گونه ساده,https://www.khanoumi.com/products/flormar-blush-4647,این رژ گونه مات هست یا براق ؟ ,7,false,2016-06-28T21:43:58.7366667+00:00,خنثی,0.35,سایر,سایر
رژ گونه ساده,https://www.khanoumi.com/products/flormar-blush-4647,لطفا این رژ گونه ی عالی رو در هفته ی شانس درخواستی قرار بدین، ممنون,2,false,2016-05-14T14:28:06.1733333+00:00,ترکیبی,0.74,سایر,سایر
بی بی کرم آرایشی 5 در 1,https://www.khanoumi.com/products/flormar-bb-cream-4648,بافتش سبکه و پوست رو مرطوب نگه میداره ولی اصلا پوشانندگی نداره و اگر کاور میخواد پوستتون و لک و جای جوش دارین اصلا کرم مناسبی براتون نیست,5,true,2019-10-22T20:54:36+00:00,مثبت,0.79,محصول | اصل بودن کالا,محصول
بی بی کرم آرایشی 5 در 1,https://www.khanoumi.com/products/flormar-bb-cream-4648,به نظرم نسبت به کیفیتش قیمتش بالاست,3,false,2019-09-12T09:58:33+00:00,خنثی,0.35,محصول | قیمت,محصول
بی بی کرم آرایشی 5 در 1,https://www.khanoumi.com/products/flormar-bb-cream-4648,یکی از دوستان پایین نوشته بودن که پوست خیلی روشن با ته رنگ صورتی دارن.ب ب کرم همرنگ پوست شون میخوان.تنها مواردی ک فک کنم راحت تو ایران پیدا کنید ب ب کرم گلدن رز شماره یک هست.و ب ب کرم د وان اوریفلیم رنگ لایت. بجز اینا ب ب کرم میشا شماره ۱۳ و ب ب کرم ریمل رنگ آلترا لایت هم مناسبن اما بعیده بتونید تو ایران راحت پیداشون کنید,23,false,2019-08-29T19:19:51+00:00,خنثی,0.35,محصول,محصول
بی بی کرم آرایشی 5 در 1,https://www.khanoumi.com/products/flormar-bb-cream-4648,عالی,2,true,2019-08-28T15:19:25.37+00:00,مثبت,0.67,سایر,سایر
بی بی کرم آرایشی 5 در 1,https://www.khanoumi.com/products/flormar-bb-cream-4648,"چقدر زود تخفیفش و برداشتید!
",7,true,2019-07-04T19:13:59.7466667+00:00,خنثی,0.35,قیمت,قیمت
بی بی کرم آرایشی 5 در 1,https://www.khanoumi.com/products/flormar-bb-cream-4648,نصف بیشتر نظرات این محصول، درخواست شارژ رنگهای مختلفش، خصوصاً رنگ روشن هست. امیدوار به شارژ این محصول باشیم اصلاً؟ اغلب محصولات فلورمار از وقتی ناموجود شدن، دیگه شارژ نشدن. لطفاً محصولات فلورمار رو هم شارژ کنید,43,true,2018-04-11T22:30:32.6733333+00:00,مثبت,0.67,محصول | اصل بودن کالا,محصول
بی بی کرم آرایشی 5 در 1,https://www.khanoumi.com/products/flormar-bb-cream-4648,سلام لطفا بازم موجودش کنین تمامی رنگ ها,49,false,2018-03-09T18:07:18.0833333+00:00,خنثی,0.35,محصول,محصول
بی بی کرم آرایشی 5 در 1,https://www.khanoumi.com/products/flormar-bb-cream-4648,لطفاً تمام رنگهاش رو موجود کنید. ماه هاست منتظریم.,47,true,2018-01-20T21:15:38.01+00:00,خنثی,0.35,محصول,محصول
بی بی کرم آرایشی 5 در 1,https://www.khanoumi.com/products/flormar-bb-cream-4648,لطفا رنگ بندی این کرم رو موجود کنید بیشتر از ۲ ماه که رنگ مورد نظرم نیست ,29,true,2017-11-13T22:32:41.7433333+00:00,خنثی,0.35,محصول,محصول
بی بی کرم آرایشی 5 در 1,https://www.khanoumi.com/products/flormar-bb-cream-4648,"سلام  چرا رنگای دیگشو موجو نمیکنید با تشکر
",20,false,2017-11-05T20:08:52.2033333+00:00,خنثی,0.35,محصول,محصول
بی بی کرم آرایشی 5 در 1,https://www.khanoumi.com/products/flormar-bb-cream-4648,این تخفیف خوب و رنگای روشن شارژ نشدههههه,8,false,2017-11-02T12:55:52.96+00:00,مثبت,0.67,محصول | قیمت,محصول
بی بی کرم آرایشی 5 در 1,https://www.khanoumi.com/products/flormar-bb-cream-4648,این تخفیف خوب و رنگای روشن شارژ نشدههههه,2,false,2017-11-02T12:55:52.68+00:00,مثبت,0.67,محصول | قیمت,محصول
بی بی کرم آرایشی 5 در 1,https://www.khanoumi.com/products/flormar-bb-cream-4648,چرا بقیه رنگاش شارژ نشده فقط یکیش موجوده ؟؟؟,3,false,2017-11-02T11:54:16.9866667+00:00,خنثی,0.35,محصول,محصول
بی بی کرم آرایشی 5 در 1,https://www.khanoumi.com/products/flormar-bb-cream-4648,"با سلام
من رنگ پوستم گندمیه و برای مارکای دیگه کرم پودر همیشه بژ طبیعیو استفاده میکنم ولی اینجا بژ طبیعیش تیره تره نمیدونم بژ طبیعی یا متوسط میشه راهنمایی کنین",2,true,2017-10-18T03:22:27.59+00:00,خنثی,0.35,محصول,محصول
بی بی کرم آرایشی 5 در 1,https://www.khanoumi.com/products/flormar-bb-cream-4648,"لطفاً موجود کنید. مخصوصاً رنگهای روشن. 
از وقتی محصولات جدید وارد کردید، قبلی ها رو دیگه شارژ نمی کنید. ",22,true,2017-09-04T12:10:20.0733333+00:00,خنثی,0.35,محصول,محصول
بی بی کرم آرایشی 5 در 1,https://www.khanoumi.com/products/flormar-bb-cream-4648,لطفا رنگ روشن این کرم پودر رو شارژ کنید .من قبلا خریدم خیلیم راضیم جز اینجا جایی دیگه ی هم نتونستم پیداش کنم .تا الان چندبارم گفتم شارژکنید ولی فایده نداشته 😢😢😢,47,true,2017-05-22T14:46:15.86+00:00,مثبت,0.79,محصول,محصول
بی بی کرم آرایشی 5 در 1,https://www.khanoumi.com/products/flormar-bb-cream-4648,بسیار سبک . بر روی پوست خشک هم خوب جذب میشه و احساس خشکی ایجاد نمیکنه و مرطوب کننده هست . پوشانندگی اش متوسطه و پوست را یکدست میکنه . ,17,false,2017-04-05T00:19:19.5333333+00:00,مثبت,0.67,محصول,محصول
بی بی کرم آرایشی 5 در 1,https://www.khanoumi.com/products/flormar-bb-cream-4648,"من اینو ازتون گرفتم راضیم قبلا هم بی بی کرم گلدن رز سفارش داده بودم اونم عالی بود
اگه بخوام مقایسه کنم. فلورمار حالت کرمپودری وپوشانندگیش کمی بیشتره ضمن اینکه قیمتش وحجمش بصرفه تره اما گلدن رز بسیار خوش رنگ وسبکتره وفیلتر ضد افتابش بیشتره",15,true,2017-01-31T23:20:50.7666667+00:00,مثبت,0.95,محصول | قیمت,محصول
بی بی کرم آرایشی 5 در 1,https://www.khanoumi.com/products/flormar-bb-cream-4648,"لطفاً شماره 1 این کرم رو شارژ کنید
",47,true,2017-01-09T23:57:01.2033333+00:00,خنثی,0.35,محصول,محصول
بی بی کرم آرایشی 5 در 1,https://www.khanoumi.com/products/flormar-bb-cream-4648,خانم مهشید احمدیان عزیز/ لطفا  به  مشاور  تلگرام  پیغام  دهید  تا  در  انتخاب  رنگ شما را راهنمایی  کنند ,4,false,2017-01-09T17:00:50.8433333+00:00,خنثی,0.35,محصول,محصول
بی بی کرم آرایشی 5 در 1,https://www.khanoumi.com/products/flormar-bb-cream-4648,پوست من خیلی روشنه با ته رنگ صورتی. دنبال کرم ب ب همرنگ پوستم هستم اما پیدا نمی کنم. میشه منو راهنمایی کنید و بگید کدوم برندها رنگ های روشنشون در ایران موجوده؟ ممنون,2,false,2017-01-09T16:09:20.4766667+00:00,مثبت,0.67,محصول,محصول
بی بی کرم آرایشی 5 در 1,https://www.khanoumi.com/products/flormar-bb-cream-4648,واقعا خیلی خوبه به نسبت قیمت,2,true,2017-01-04T21:55:50.71+00:00,مثبت,0.91,قیمت,قیمت
بی بی کرم آرایشی 5 در 1,https://www.khanoumi.com/products/flormar-bb-cream-4648,"خانم "" رسولی "" عزیز / برای انتخاب هرچه مناسبتر رنگ محصول مطابق با پوست تان میتوانید از مشاور تلگرام خانومی کمک بگیرید . ",0,false,2016-12-13T11:52:58.7666667+00:00,خنثی,0.35,محصول,محصول
بی بی کرم آرایشی 5 در 1,https://www.khanoumi.com/products/flormar-bb-cream-4648,"برای پوست گندمی کدو شماره ش مناسبه؟
",3,false,2016-12-13T11:41:05.4233333+00:00,خنثی,0.35,محصول,محصول
بی بی کرم آرایشی 5 در 1,https://www.khanoumi.com/products/flormar-bb-cream-4648,پوست را یکدست میکنه، برای استفاده روزانه عالیه.,5,true,2016-12-09T11:28:01.77+00:00,مثبت,0.79,محصول,محصول
بی بی کرم آرایشی 5 در 1,https://www.khanoumi.com/products/flormar-bb-cream-4648,"خانم ""حامدی"" عزیز / میتوانید در صفحه محصول آیکون "" به من اطلاع بده "" را فعال کنید تا هم شانس در تخفیف قرار گرفتن محصول مورد علاقه تان را افزایش دهید و هم در زمان در تخفیف قرار گرفتن آن از طریق پیامک و ایمیل اطلاع پیدا کنید .
",1,false,2016-11-02T09:44:50.6533333+00:00,منفی,0.79,محصول | قیمت,محصول
بی بی کرم آرایشی 5 در 1,https://www.khanoumi.com/products/flormar-bb-cream-4648,شانس,3,true,2016-11-01T22:04:35.8866667+00:00,خنثی,0.35,سایر,سایر
بی بی کرم آرایشی 5 در 1,https://www.khanoumi.com/products/flormar-bb-cream-4648,"خانم "" جان یاوری "" عزیز / بطور کل توصیه میشود کرم هارا با هم مخلوط نکنید . و جدا جدا روی پوست استفاده کنید . ",1,false,2016-10-01T10:02:01.5266667+00:00,مثبت,0.67,محصول,محصول
بی بی کرم آرایشی 5 در 1,https://www.khanoumi.com/products/flormar-bb-cream-4648,ایا با ترکیب کردن بی بی کرم و سرم سی سی کرم درست میشود؟,1,false,2016-09-30T14:01:33.5366667+00:00,خنثی,0.35,محصول,محصول
بی بی کرم آرایشی 5 در 1,https://www.khanoumi.com/products/flormar-bb-cream-4648,"خانم "" ثمینی پور"" عزیز / در خصوص انتخاب رنگ هرچه مناسب تر محصول و دریافت مشاوره میتوانید به تلگرام خانومی پیام دهید . ",2,false,2016-09-27T17:13:25.6566667+00:00,خنثی,0.35,محصول,محصول
بی بی کرم آرایشی 5 در 1,https://www.khanoumi.com/products/flormar-bb-cream-4648,سلام وخسته نباشیدمن پوستم سبزه هست کدوم شماره برای من مناسبه,2,true,2016-09-27T15:50:23.9266667+00:00,خنثی,0.35,محصول,محصول
بی بی کرم آرایشی 5 در 1,https://www.khanoumi.com/products/flormar-bb-cream-4648,"خانم "" ناجی "" عزیز / از اینکه خرید از فروشگاه ""خانومی"" برای شما رضایت خاطر را به همراه داشته بسیار خرسندیم و به خود میبالیم که توانسته ایم با ارائه بهترین ها اعتماد و رضایت شما را جلب کنیم . ",0,false,2016-09-17T11:45:46.4833333+00:00,مثبت,0.67,سایر,سایر
بی بی کرم آرایشی 5 در 1,https://www.khanoumi.com/products/flormar-bb-cream-4648,من ازين كرم خيلي راضي هستم خانومي، ممنون,10,true,2016-09-17T04:44:19.1266667+00:00,مثبت,0.79,محصول,محصول
بی بی کرم آرایشی 5 در 1,https://www.khanoumi.com/products/flormar-bb-cream-4648,"خانم "" رضایی "" عزیز / بی بی کرم ها را انواع تیپ پوست میتوانند استفاده داشته باشند . اما بطور کل به دلیل داشتن بیس مرطوب کننده به افرادی که پوست بسیار چرب دارند توصیه نمیشود . ",2,false,2016-09-13T11:12:15.2366667+00:00,منفی,0.67,محصول,محصول
بی بی کرم آرایشی 5 در 1,https://www.khanoumi.com/products/flormar-bb-cream-4648,"این محصول برای پوست چرب مناسب نیست؟
اصلا بی بی کرمی داریم که مناسب پوست چرب باشه؟",3,false,2016-09-13T02:28:31.46+00:00,منفی,0.67,محصول | اصل بودن کالا,اصل بودن کالا
بی بی کرم آرایشی 5 در 1,https://www.khanoumi.com/products/flormar-bb-cream-4648,"خانم "" ناجی "" عزیز / به محض تامین نمونه با کیفیت محصول ازطرف بخش تامین کالا فروشگاه .رنگ بندی محصول   شارژ و در دسترس شما همراهان عزیز "" خانومی"" قرار خواهد گرفت .",1,false,2016-08-13T10:10:39.97+00:00,خنثی,0.35,محصول,محصول
بی بی کرم آرایشی 5 در 1,https://www.khanoumi.com/products/flormar-bb-cream-4648,"شماره يك رو شارژ كنيد لطفااا
خيلي وقته منتظرشم",14,true,2016-08-11T23:33:55.93+00:00,خنثی,0.35,سایر,سایر
بی بی کرم آرایشی 5 در 1,https://www.khanoumi.com/products/flormar-bb-cream-4648,"کاربر عزیز / از اینکه تجربه مصرف خود از محصول فوق را با ما و دیگر همراهان ""خانومی"" در میان گذاشتید بسیار سپاسگزاریم و بسیار خرسندیم که خرید از ""خانومی"" برای شما رضایتمندی را به همراه داشته است .",1,false,2016-08-01T12:58:29.9066667+00:00,مثبت,0.67,محصول,محصول
بی بی کرم آرایشی 5 در 1,https://www.khanoumi.com/products/flormar-bb-cream-4648,سلام من اين كرم رو خريدم و واقعا راضي هستم خيلي عاليه به خانمهايي كه پوست خشك دارن توصيه ميكنم حتما بخرن خيلي طبيعيعه رو پوست خانومي ازت ممنونم❤️,8,false,2016-08-01T12:35:47.2433333+00:00,مثبت,0.95,محصول,محصول
بی بی کرم آرایشی 5 در 1,https://www.khanoumi.com/products/flormar-bb-cream-4648,خانم یوسفی عزیز / جهت پیگیری سفارش خود میتوانید در تایم اداری با فروشگاه تماس حاصل کنید یا به تلگرام پشتیبانی خانومی پیام دهید تا سریعا وضعیت ارسال محصولات خریداری شده شما را بررسی و به اطلاعتان برسانند . شماره فروشگاه : 02143905050 / شماره تلگرام پشتیبانی خانومی: [redacted-phone],0,false,2016-07-19T14:17:40.67+00:00,مثبت,0.67,خدمات و پشتیبانی | محصول | تحویل و ارسال | اصل بودن کالا,خدمات و پشتیبانی
بی بی کرم آرایشی 5 در 1,https://www.khanoumi.com/products/flormar-bb-cream-4648,"کاربر عزیز / از اینکه تجربه مصرف خود از محصول فوق را با ما و دیگر همراهان ""خانومی"" در میان گذاشتید بسیار سپاسگزاریم و بسیار خرسندیم که خرید از ""خانومی"" برای شما رضایتمندی را به همراه داشته است .",0,false,2016-07-19T14:06:13.49+00:00,مثبت,0.67,محصول,محصول
بی بی کرم آرایشی 5 در 1,https://www.khanoumi.com/products/flormar-bb-cream-4648,یعنی هنوز شفارشم دستم نرسیده کی میخواد برسه خدا میدونه آخه مگه دیگه اون کرم میشن بااین هوای گرم این شماره آدرسی که دادین واسه پیگیری جواب  نمیده اصلا بال نمی اد لطفا پیگیری کنید ببین کجاست ,4,false,2016-07-19T12:56:55.2366667+00:00,منفی,0.67,خدمات و پشتیبانی | محصول | تحویل و ارسال | اصل بودن کالا,اصل بودن کالا
بی بی کرم آرایشی 5 در 1,https://www.khanoumi.com/products/flormar-bb-cream-4648,کرم خوبیه پوشش متوسطه که خیلی پوستو طبیعی جلوه میده به شرطی که کاملا همرنگ پوستتون باشه جوش رو نمی پوشونه ولی همه پوستو یکنواخت میکنه و خیلی هم سبکه راضیم ازت,5,true,2016-07-19T11:38:03.7333333+00:00,مثبت,0.91,محصول,محصول
بی بی کرم آرایشی 5 در 1,https://www.khanoumi.com/products/flormar-bb-cream-4648,"خانم "" بهاری "" عزیز / به محض تامین نمونه با کیفیت محصول ازطرف بخش تامین کالا فروشگاه رنگ های به اتمام رسیده شارژ و در دسترس شما همراهان عزیز "" خانومی"" قرار خواهد گرفت .",1,false,2016-07-19T10:32:06.4866667+00:00,خنثی,0.35,محصول | تحویل و ارسال,محصول
بی بی کرم آرایشی 5 در 1,https://www.khanoumi.com/products/flormar-bb-cream-4648,"01 رو هم شارژ کنین مرسی
",12,false,2016-07-19T02:30:04.4433333+00:00,مثبت,0.67,سایر,سایر
بی بی کرم آرایشی 5 در 1,https://www.khanoumi.com/products/flormar-bb-cream-4648,"سلام
 لطفا تو شانس10و10 بزاریدش",11,true,2016-07-18T01:25:10.3366667+00:00,خنثی,0.35,سایر,سایر
بی بی کرم آرایشی 5 در 1,https://www.khanoumi.com/products/flormar-bb-cream-4648,مرسی فدات,2,false,2016-07-17T03:09:49.8566667+00:00,مثبت,0.67,سایر,سایر
بی بی کرم آرایشی 5 در 1,https://www.khanoumi.com/products/flormar-bb-cream-4648,خانم یوسفی عزیز / کد رهگیری پستی شما بنا به درخواستتان به ایمیل تان ارسال شد . از طریق تماس با فروشگاه : 02143905050 / تلگرام خانومی: [redacted-phone] و همچنین مشاور آنلاین سایت میتوانید با مشاوران خانومی در ارتباط باشید . ,1,false,2016-07-16T14:14:24.28+00:00,خنثی,0.35,تحویل و ارسال | خدمات و پشتیبانی,تحویل و ارسال
بی بی کرم آرایشی 5 در 1,https://www.khanoumi.com/products/flormar-bb-cream-4648,سلام چه طوری میشه با مشاورین خانمی در ارتباط بود از طریق تلگرام...؟,1,false,2016-07-16T11:34:13.48+00:00,خنثی,0.35,محصول,محصول
بی بی کرم آرایشی 5 در 1,https://www.khanoumi.com/products/flormar-bb-cream-4648,سلام ،میشه شماره پیگیری سفارش من را بفرستید به ایمیلم  من گوشیمو جایی جا گذشتم  آخه میخوام از طریق سایت پیگرش بشم یه شماره میخواد ,1,false,2016-07-13T04:13:48.14+00:00,خنثی,0.35,محصول | خدمات و پشتیبانی,محصول
بی بی کرم آرایشی 5 در 1,https://www.khanoumi.com/products/flormar-bb-cream-4648,"کاربر عزیز / میتوانید با مراجعه به منو ""آرایشی"" کرم پودر های ""مک "" و ""آرت دکو"" را مشاهده کنید و همچنین رژ هایی مانند رژ های مک و بورژوا و بیو و البته ریمل های بورژوا و آرت دکو و دوسه نیز انتخاب های مناسبی هستند . ",2,false,2016-07-05T10:34:47.86+00:00,خنثی,0.35,محصول,محصول
بی بی کرم آرایشی 5 در 1,https://www.khanoumi.com/products/flormar-bb-cream-4648,سلام خانم خانما من واسه دوستم که دوستش آریشگاه داره یه سری کرم میخوام ولی هر چی میگردم چیزی نمی بینم یعنی نمی دونم چی برای آریش و کریم عروساش خوبه میشه راهنمایی کنید کلی از فرشگاتون پیش تعریف کردم لطفا راهنمایی کنید باتشکر ,2,false,2016-07-04T21:21:22.8566667+00:00,مثبت,0.79,محصول,محصول
بی بی کرم آرایشی 5 در 1,https://www.khanoumi.com/products/flormar-bb-cream-4648,کاربر عزیز / بی بی کرم آرایشی 5 در 1 فلورمار  پوششی متوسط و کاوری  یکدست دارد .,3,false,2016-05-18T10:08:59.2066667+00:00,خنثی,0.35,محصول,محصول
بی بی کرم آرایشی 5 در 1,https://www.khanoumi.com/products/flormar-bb-cream-4648,سلام پوشش دهي اين كرم چطوره؟,3,false,2016-05-17T23:33:46.8333333+00:00,خنثی,0.35,محصول,محصول
بی بی کرم آرایشی 5 در 1,https://www.khanoumi.com/products/flormar-bb-cream-4648,لطفا در شانس خانمی قرار بدین,33,false,2016-01-30T02:37:27+00:00,مثبت,0.67,سایر,سایر
پودر تثبیت کننده آرایشی (پودر فیکس),https://www.khanoumi.com/products/flormar-loose-powder-4649,من میخام پودر فیکس بخرم ولی بین رنگای صفر یک و صفر دو و صفر سه موندم میشه اگه کسی خریده و تناژ پوستش روشنه راهنمایی کنه,0,false,2026-08-31T19:12:14.8040146+03:30,منفی,0.67,محصول | اصل بودن کالا,اصل بودن کالا
پودر تثبیت کننده آرایشی (پودر فیکس),https://www.khanoumi.com/products/flormar-loose-powder-4649,"عالیه
اصل وباکیفیته من بارها وبارها هست ک این محصولو خریدم
شماره دو روشنه بااینک پوستم گندمیه بهم میاد
انگار فیلتر روپوستت میاد وقتی اینو میزنی",0,true,2026-08-30T16:47:10.494352+03:30,مثبت,0.91,محصول | اصل بودن کالا,محصول
پودر تثبیت کننده آرایشی (پودر فیکس),https://www.khanoumi.com/products/flormar-loose-powder-4649,من شماره 02 رو خریدم رنگ روشنه و ماندگاری میکاپو بالا میبره وخوش قیمته و کاملا ارزش خرید داره,0,true,2026-08-28T22:54:59.1798817+03:30,مثبت,0.67,محصول | قیمت,محصول
پودر تثبیت کننده آرایشی (پودر فیکس),https://www.khanoumi.com/products/flormar-loose-powder-4649,من پوستم روشنه و شماره 1 رو گرفتم که عالیه,0,true,2026-08-28T14:31:51.5559335+03:30,مثبت,0.79,محصول,محصول
پودر تثبیت کننده آرایشی (پودر فیکس),https://www.khanoumi.com/products/flormar-loose-powder-4649,من رنگ 02 رو خریدم پوستم  گندمی روشنه برام مناسب بود و از نظر کیفیت واقعا ارزش هزینه کردن رو داره ،ماندگاری میکاپ رو بالا میبره و روی کرم پودر نمی ماسه,0,false,2026-08-18T21:15:17.0064157+03:30,خنثی,0.35,محصول | قیمت,محصول
پودر تثبیت کننده آرایشی (پودر فیکس),https://www.khanoumi.com/products/flormar-loose-powder-4649,رو دست این پودر فیکس فلورمار نیومده و نهواهد اومد. اصلا پودر فیکس یعنی فقط همین فلورمار. 7 ساله همینو میزنم شماره 01 . بهترینه و هیچ ضرری برای پوست حساس من نداشته پارابن اینا نداره در کل همچی تمام.بجای متفرقه ها همینو بخرید و خیالتون راحت باشه. ارایشم‌کامل مات و‌مخملی میکنه حجمشم بصرفس,0,false,2026-08-18T15:31:58.2671705+03:30,ترکیبی,0.82,اصل بودن کالا | محصول,اصل بودن کالا
پودر تثبیت کننده آرایشی (پودر فیکس),https://www.khanoumi.com/products/flormar-loose-powder-4649,سلام من چند محصول از خانومی خرید کردم از طریق اسنپ پی که یکیش همین پودرفیکس هست همه چی عالی و تاریخ هاشون 2 سال به بالا بودن واقعا ممنونم,0,true,2026-08-06T20:06:38.4813837+03:30,ترکیبی,0.74,محصول | اصل بودن کالا,محصول
پودر تثبیت کننده آرایشی (پودر فیکس),https://www.khanoumi.com/products/flormar-loose-powder-4649,خیلی خوب بود راضی بودم، شماره 2 رو خریدم که برای پوست گندمی روشن خیلی اوکی بود.,0,true,2026-08-03T14:44:34.5437589+03:30,مثبت,0.95,محصول,محصول
پودر تثبیت کننده آرایشی (پودر فیکس),https://www.khanoumi.com/products/flormar-loose-powder-4649,دوستان شاین نداره شماره 3؟,0,false,2026-08-01T18:40:43.9392219+03:30,خنثی,0.35,سایر,سایر
پودر تثبیت کننده آرایشی (پودر فیکس),https://www.khanoumi.com/products/flormar-loose-powder-4649,"من پوستم معمولیه نه کاملا سفید نه تیره 
حالت گندمی روشن کدوم رنگش رو بگیرم ؟
بهم گفتن 01 خیلی گچی میشه",0,false,2026-07-25T16:51:57.0965762+03:30,خنثی,0.35,محصول,محصول
پودر تثبیت کننده آرایشی (پودر فیکس),https://www.khanoumi.com/products/flormar-loose-powder-4649,سلام برای رنگ پوست سبزه کدام شماره خوبه؟,0,false,2026-07-22T00:19:15.8864423+03:30,مثبت,0.79,محصول,محصول
پودر تثبیت کننده آرایشی (پودر فیکس),https://www.khanoumi.com/products/flormar-loose-powder-4649,بی نظیره کاور عالی میده برای پوست، من پوستم گندمی روشنه شماره 03 رو دارم.,0,false,2026-06-28T18:28:47.2071909+03:30,مثبت,0.67,محصول,محصول
پودر تثبیت کننده آرایشی (پودر فیکس),https://www.khanoumi.com/products/flormar-loose-powder-4649,عالی و با دوام,0,true,2026-05-09T17:22:29.0556411+03:30,مثبت,0.67,سایر,سایر
پودر تثبیت کننده آرایشی (پودر فیکس),https://www.khanoumi.com/products/flormar-loose-powder-4649,عالیه,0,false,2026-04-23T21:39:43.2716676+03:30,مثبت,0.79,سایر,سایر
پودر تثبیت کننده آرایشی (پودر فیکس),https://www.khanoumi.com/products/flormar-loose-powder-4649,بوی عالی ای داره و خیلی دوسش دارم,0,false,2026-04-05T22:51:50.9689629+03:30,مثبت,0.67,محصول,محصول
پودر تثبیت کننده آرایشی (پودر فیکس),https://www.khanoumi.com/products/flormar-loose-powder-4649,خوب بود,0,true,2025-12-16T11:03:45.5105775+03:30,مثبت,0.79,محصول,محصول
پودر تثبیت کننده آرایشی (پودر فیکس),https://www.khanoumi.com/products/flormar-loose-powder-4649,فلور مار عالیه و پودر فیکسش هم حرف نداره.بهترین پودر فیکس دنیا.لطفا موجود کنید,0,false,2025-10-26T16:48:37.6769796+03:30,ترکیبی,0.74,اصل بودن کالا | محصول,اصل بودن کالا
پودر تثبیت کننده آرایشی (پودر فیکس),https://www.khanoumi.com/products/flormar-loose-powder-4649,لطفا موجودش کنید خیلی وقته منظرم,0,false,2025-02-18T17:48:25.9314399+00:00,خنثی,0.35,محصول,محصول
پودر تثبیت کننده آرایشی (پودر فیکس),https://www.khanoumi.com/products/flormar-loose-powder-4649,لطفااااا موجود کنییید خیلی وقته میام سفارش بدم ناموجوده,0,false,2025-02-10T22:44:07.0678535+00:00,منفی,0.67,محصول,محصول
پودر تثبیت کننده آرایشی (پودر فیکس),https://www.khanoumi.com/products/flormar-loose-powder-4649,توروخدا موجود کنید این محصولات پر طرفدارو نزدیک عیده همه نیازشون میشه,0,false,2025-02-06T07:23:57.4955888+00:00,خنثی,0.35,محصول,محصول
پودر تثبیت کننده آرایشی (پودر فیکس),https://www.khanoumi.com/products/flormar-loose-powder-4649,لطفا این محصول خوب موجود کنید.ماهاواقعا نیازداریم به این محصولات خوب واورجینال وفلورمار توکیف هرخانمی این روزا هست,0,false,2025-01-28T10:54:39.0877068+00:00,مثبت,0.91,محصول | اصل بودن کالا,محصول
پودر تثبیت کننده آرایشی (پودر فیکس),https://www.khanoumi.com/products/flormar-loose-powder-4649,سلام به خانومی،لطفا موجودش کن خیلی وقته منتظرم,0,false,2025-01-26T13:34:18.807986+00:00,خنثی,0.35,محصول,محصول
پودر تثبیت کننده آرایشی (پودر فیکس),https://www.khanoumi.com/products/flormar-loose-powder-4649,لطفاموجودکنیدمن ازبیرون میخرم فیک اصل داره ایندفعه میخوام واسه باراول ازشماخریدکنم,0,false,2025-01-22T11:07:31.009855+00:00,ترکیبی,0.66,اصل بودن کالا | محصول,اصل بودن کالا
پودر تثبیت کننده آرایشی (پودر فیکس),https://www.khanoumi.com/products/flormar-loose-powder-4649,لطفا موجود کنید,0,true,2025-01-17T10:33:38.7996887+00:00,خنثی,0.35,محصول,محصول
پودر تثبیت کننده آرایشی (پودر فیکس),https://www.khanoumi.com/products/flormar-loose-powder-4649,لطفا موجود کنید,0,false,2025-01-13T01:00:24.9748995+00:00,خنثی,0.35,محصول,محصول
پودر تثبیت کننده آرایشی (پودر فیکس),https://www.khanoumi.com/products/flormar-loose-powder-4649,موجود کنید لطفاً,0,false,2024-12-16T21:09:39.1351621+00:00,خنثی,0.35,محصول,محصول
پودر تثبیت کننده آرایشی (پودر فیکس),https://www.khanoumi.com/products/flormar-loose-powder-4649,شارژ کنید لطفا,0,false,2024-12-08T13:30:41.5623321+00:00,خنثی,0.35,سایر,سایر
پودر تثبیت کننده آرایشی (پودر فیکس),https://www.khanoumi.com/products/flormar-loose-powder-4649,کی شارژ میشه؟,0,false,2024-12-04T08:07:37.9274258+00:00,خنثی,0.35,سایر,سایر
پودر تثبیت کننده آرایشی (پودر فیکس),https://www.khanoumi.com/products/flormar-loose-powder-4649,لطفا شارژش کنید من راضی بودم,0,false,2024-10-14T15:11:27.9231618+00:00,مثبت,0.67,محصول,محصول
پودر تثبیت کننده آرایشی (پودر فیکس),https://www.khanoumi.com/products/flormar-loose-powder-4649,لطفا موجودش کنید سری قبل ازتون گرفتم اصل بود راضی بودم,0,true,2024-09-24T22:14:07+00:00,مثبت,0.91,محصول | اصل بودن کالا,محصول
پودر تثبیت کننده آرایشی (پودر فیکس),https://www.khanoumi.com/products/flormar-loose-powder-4649,"محصولش خیلی خوبه واز همه لحاظ عالیه 
خواهشمندم محصولش رو شارژ کنین خیلی خوبه محصولش",0,false,2024-09-06T14:08:43+00:00,مثبت,0.95,محصول,محصول
پودر تثبیت کننده آرایشی (پودر فیکس),https://www.khanoumi.com/products/flormar-loose-powder-4649,بسیار عالی و کاربردی لطفا با تخفیف شارژ کنید,0,true,2024-08-29T14:54:19+00:00,مثبت,0.67,قیمت,قیمت
پودر تثبیت کننده آرایشی (پودر فیکس),https://www.khanoumi.com/products/flormar-loose-powder-4649,لطفاااا شارژ کنید,0,false,2024-08-20T12:57:27+00:00,خنثی,0.35,سایر,سایر
پودر تثبیت کننده آرایشی (پودر فیکس),https://www.khanoumi.com/products/flormar-loose-powder-4649,"بشدت توصیه میکنم .001رو تهیه کردم و بشدت پودری منسجم هست و خیلی راحت میشه پخشش کرد رو پوست و همه صورت رو با مقدار کمی کاور کرد و بعد از اون آرایش کاملا مات و خوشرنگ میشه و فیکس میشه.
",0,true,2024-08-17T15:19:50+00:00,ترکیبی,0.74,محصول | اصل بودن کالا,محصول
پودر تثبیت کننده آرایشی (پودر فیکس),https://www.khanoumi.com/products/flormar-loose-powder-4649,عالی واقعا این برند یکی از بهترین هاست در فیکس آرایش من رنگ یک رو خریدم به نظرم مناسب همه ی رنگ پوست هاست,0,true,2024-08-10T14:18:11+00:00,ترکیبی,0.74,محصول | اصل بودن کالا,محصول
پودر تثبیت کننده آرایشی (پودر فیکس),https://www.khanoumi.com/products/flormar-loose-powder-4649,"واقعا عالی و خوبه
بسته بندیشم خیلی خوبه و من دوستش دارم
من شماره 1 رو گرفتم و برای پوست روشن کاملا خوب و خوش رنگه.",0,true,2024-08-09T00:09:48+00:00,مثبت,0.95,تحویل و ارسال | محصول,تحویل و ارسال
پودر تثبیت کننده آرایشی (پودر فیکس),https://www.khanoumi.com/products/flormar-loose-powder-4649,"2ماه میشه که استفاده کردم راضیم
بعد از زدن روی پوست یه 10دقیقه زمان بدید بعد با براش فید کنید",0,true,2024-08-05T01:33:25+00:00,ترکیبی,0.74,محصول,محصول
پودر تثبیت کننده آرایشی (پودر فیکس),https://www.khanoumi.com/products/flormar-loose-powder-4649,رنگ پوست من سبزس و رنگ002 رو گرفتم خیلی دوسش دارم مات کنندگی عالی و روشنی رنگش اصلا تو ذوق نمیزنه و با پوست مچ میشه الان 3 ساله دارم استفاده میکنم برای کسایی که زود ارایش چون کیکی یا براق میشه عالیه,0,true,2024-07-20T09:51:27+00:00,مثبت,0.79,محصول | اصل بودن کالا,محصول
پودر تثبیت کننده آرایشی (پودر فیکس),https://www.khanoumi.com/products/flormar-loose-powder-4649,"برای اولین بار از این محصول استفاده کردم خیلی عالیه واقعا راضی ام 
دیگه اصلا پوستم چرب و براق نمیشه شده بخشی از میکاپ روزانه ام",0,true,2024-07-18T12:30:00+00:00,مثبت,0.95,محصول | اصل بودن کالا,محصول
پودر تثبیت کننده آرایشی (پودر فیکس),https://www.khanoumi.com/products/flormar-loose-powder-4649,دو لیبلِ نیست ولی کارشخوبه ,0,true,2024-07-13T11:36:51+00:00,مثبت,0.79,سایر,سایر
پودر تثبیت کننده آرایشی (پودر فیکس),https://www.khanoumi.com/products/flormar-loose-powder-4649,واقعا عالی,0,true,2024-07-01T14:18:22+00:00,مثبت,0.67,سایر,سایر
پودر تثبیت کننده آرایشی (پودر فیکس),https://www.khanoumi.com/products/flormar-loose-powder-4649,سلام لطفا زودترشماره 1و2 شارژ کنید,0,true,2024-06-30T11:24:54+00:00,خنثی,0.35,سایر,سایر
پودر تثبیت کننده آرایشی (پودر فیکس),https://www.khanoumi.com/products/flormar-loose-powder-4649,عالیههههه شک نکنید حتما بخرین,0,true,2024-06-26T13:47:27+00:00,مثبت,0.79,سایر,سایر
پودر تثبیت کننده آرایشی (پودر فیکس),https://www.khanoumi.com/products/flormar-loose-powder-4649,"خیلی راضیم
توصیه میکنم",0,true,2024-06-21T23:32:15+00:00,مثبت,0.95,سایر,سایر
پودر تثبیت کننده آرایشی (پودر فیکس),https://www.khanoumi.com/products/flormar-loose-powder-4649,این محصول شماره یک شارژ کنید دیگه، کلی وقته منتظرم.,0,true,2024-06-05T00:06:21+00:00,خنثی,0.35,محصول,محصول
پودر تثبیت کننده آرایشی (پودر فیکس),https://www.khanoumi.com/products/flormar-loose-powder-4649,لطفا شماره 2 رو موجود کنید هر چه زودتر,0,true,2024-06-01T14:29:32+00:00,خنثی,0.35,محصول,محصول
پودر تثبیت کننده آرایشی (پودر فیکس),https://www.khanoumi.com/products/flormar-loose-powder-4649,موجود کنین لطفا چرا دیگه هیچی نداره خانومیییییی,0,false,2024-06-01T10:09:12+00:00,خنثی,0.35,محصول,محصول
پودر تثبیت کننده آرایشی (پودر فیکس),https://www.khanoumi.com/products/flormar-loose-powder-4649,موجودش کنید لطفا,0,false,2024-05-27T12:06:53+00:00,خنثی,0.35,محصول,محصول
پودر تثبیت کننده آرایشی (پودر فیکس),https://www.khanoumi.com/products/flormar-loose-powder-4649,رنگ 003 رو سفارش دادم برای پوست گندمی خوبه فقط قبلا از بیرون گرفتم یه پد روش بود که این اون پدو نداشت,0,true,2024-05-24T16:25:10+00:00,مثبت,0.79,محصول,محصول
پودر تثبیت کننده آرایشی (پودر فیکس),https://www.khanoumi.com/products/flormar-loose-powder-4649,رنگ 1 رو موجود کنید,0,false,2024-05-23T20:10:17+00:00,خنثی,0.35,محصول,محصول
پودر تثبیت کننده آرایشی (پودر فیکس),https://www.khanoumi.com/products/flormar-loose-powder-4649,لطفااا موجودش کنید,0,true,2024-05-18T01:21:35+00:00,خنثی,0.35,محصول,محصول
پودر تثبیت کننده آرایشی (پودر فیکس),https://www.khanoumi.com/products/flormar-loose-powder-4649,لطفاً شماره یک موجود کنیددد,0,true,2024-05-15T14:30:49+00:00,خنثی,0.35,محصول,محصول
پودر تثبیت کننده آرایشی (پودر فیکس),https://www.khanoumi.com/products/flormar-loose-powder-4649,لطفاً موجود کنیددددد.,0,true,2024-05-14T09:17:55+00:00,خنثی,0.35,محصول,محصول
پودر تثبیت کننده آرایشی (پودر فیکس),https://www.khanoumi.com/products/flormar-loose-powder-4649,پودر فیکسش عالیه و پوست رو از عرق و خیسی خشک میکنه من پوستم سبزه و شماره 3گرفتم که همرنگ پوستم میشه ولی اگه میخواین روشن تر بشه 2بگیرین,0,false,2024-05-07T21:21:18+00:00,ترکیبی,0.79,محصول | اصل بودن کالا,محصول
پودر تثبیت کننده آرایشی (پودر فیکس),https://www.khanoumi.com/products/flormar-loose-powder-4649,من چند ساله پودر فیکس فلورمار استفاده میکنم و از نمایندگیش میگیرم،اینبار که از خانومی خرید آنلاین داشتم محصولی که به دستم با نمونه اورجینالی که خودم دارم فرق داره بخاطر همین فکر نکنم یه بار دیگه خریدمو تمدید کنم,0,true,2024-05-05T15:47:49+00:00,ترکیبی,0.71,محصول | اصل بودن کالا,محصول
پودر تثبیت کننده آرایشی (پودر فیکس),https://www.khanoumi.com/products/flormar-loose-powder-4649,تخفیف بزارین سبدمو ببیندم,0,false,2024-04-28T11:09:01+00:00,منفی,0.67,محصول | قیمت,محصول
پودر تثبیت کننده آرایشی (پودر فیکس),https://www.khanoumi.com/products/flormar-loose-powder-4649,باید توجه کنید که خیلی نزنید چون پوستتون خشک میشه و باعث میشه میکاپتون دیگه شاداب نباشه . من سه سال پیش خریدم و هنوز هم یه عالمه داره ، خیلی بصرفه هستش و اصلا تموم نمیشه ,0,false,2024-04-13T13:15:50+00:00,منفی,0.67,محصول | اصل بودن کالا,اصل بودن کالا
پودر تثبیت کننده آرایشی (پودر فیکس),https://www.khanoumi.com/products/flormar-loose-powder-4649,لطفا تخفیف بزارید میخام خرید کنم ,0,true,2024-04-08T09:53:22+00:00,خنثی,0.35,قیمت,قیمت
پودر تثبیت کننده آرایشی (پودر فیکس),https://www.khanoumi.com/products/flormar-loose-powder-4649,میشه لطفا تخفیف 50 درصد بزارید دوباره,0,true,2024-04-07T10:46:36+00:00,خنثی,0.35,قیمت,قیمت
پودر تثبیت کننده آرایشی (پودر فیکس),https://www.khanoumi.com/products/flormar-loose-powder-4649,درسته قیمتش یکم بالاس ولی بسیار با صرفه ست ,0,false,2024-03-18T14:35:42+00:00,خنثی,0.35,قیمت,قیمت
پودر تثبیت کننده آرایشی (پودر فیکس),https://www.khanoumi.com/products/flormar-loose-powder-4649,"شماره 2 ش برا پوستهای روشن عالیه 
فقط نباید دربش رو مث دوستمون باز کنین 
درب اولشو ک برمیدارین یه سری نقاط هس که میتونین با سوزن داغ بازش کنید بعد وقتی که میخواین استفاده کنین چن تاتکون که بدین یه مقدار پودر میریزه داخل محفظه که خیلی به اندازه ست ",0,false,2024-03-18T14:34:08+00:00,ترکیبی,0.74,محصول,محصول
پودر تثبیت کننده آرایشی (پودر فیکس),https://www.khanoumi.com/products/flormar-loose-powder-4649,تخفیف بیشتری بزارین ممنون ,0,false,2024-02-28T16:47:22+00:00,مثبت,0.67,قیمت,قیمت
پودر تثبیت کننده آرایشی (پودر فیکس),https://www.khanoumi.com/products/flormar-loose-powder-4649,چراااا 01 شارژ نمیشههههه,0,true,2024-02-24T17:27:54+00:00,خنثی,0.35,سایر,سایر
پودر تثبیت کننده آرایشی (پودر فیکس),https://www.khanoumi.com/products/flormar-loose-powder-4649,خوبه. فقط فکر کنم خیلی ها فرق پودر فیکساتور و پنکک رو نفهمیدن. این پودر قرار نیست شما رو روشن کنه فقط باعث میشه اون چربی پوست گرفته بشه و آرایش شما مات بنظر برسه برای همین شماره یک و دو اون فرقی نداره باهم. این عکس مال شماره 2 هستش. بنظرم بهتر از اسپری فیکساتوره و حتما با براش رو صورتتون پخش کنید که عالی میشه,0,true,2024-02-23T12:53:26+00:00,ترکیبی,0.9,اصل بودن کالا | محصول,اصل بودن کالا
پودر تثبیت کننده آرایشی (پودر فیکس),https://www.khanoumi.com/products/flormar-loose-powder-4649,سلام لطفا شارژ کنید ,0,true,2024-02-21T12:22:45+00:00,خنثی,0.35,سایر,سایر
پودر تثبیت کننده آرایشی (پودر فیکس),https://www.khanoumi.com/products/flormar-loose-powder-4649,عزیزم لطفاً شماره 01 رو شارژ کنید,0,false,2024-02-19T15:25:25+00:00,خنثی,0.35,سایر,سایر
پودر تثبیت کننده آرایشی (پودر فیکس),https://www.khanoumi.com/products/flormar-loose-powder-4649,من شماره 01 رو خریدم راضیم از خریدم,0,true,2024-02-14T15:19:37+00:00,مثبت,0.79,سایر,سایر
پودر تثبیت کننده آرایشی (پودر فیکس),https://www.khanoumi.com/products/flormar-loose-powder-4649,من شماره 1رو خریدم .من راضی نبودم،بنظر من کلا پودر فیکس به صورت من نمیوفته، هروقت میزدم صورتم خشک و ماسیده دیده میشه و اگه کرم برجستگی جوشمو پوشونده باشه با پودر فیکس اون برجستگی کاملا واضح میشه.کافیه یه ذره هم به صورتتون آب بخوره واقعا به افتضاح تبدیل میشه ،در این حد که ارایش نکردن رو به آرایش کردن ترجیح بدی,0,false,2024-02-08T11:02:23+00:00,منفی,0.95,محصول | اصل بودن کالا,اصل بودن کالا
پودر تثبیت کننده آرایشی (پودر فیکس),https://www.khanoumi.com/products/flormar-loose-powder-4649,رنگ شماره 1 رو موجود کنید لطفا,0,true,2024-01-08T22:22:53+00:00,خنثی,0.35,محصول,محصول
پودر تثبیت کننده آرایشی (پودر فیکس),https://www.khanoumi.com/products/flormar-loose-powder-4649,چرا موجود نمیکنید این پودر فیکس. رو ؟ من الان دوسری خرید کردم همش منتظر اینم که موجود بشه ,0,false,2023-10-20T23:54:38+00:00,منفی,0.67,محصول | اصل بودن کالا,اصل بودن کالا
پودر تثبیت کننده آرایشی (پودر فیکس),https://www.khanoumi.com/products/flormar-loose-powder-4649,پودر فیکس خوبیه فقط بدیش اینه که قیمتش فوق العاده بالاست اگر داخل شانس قرار بگیره خیلی خوب میشه ,9,true,2023-08-05T12:20:52+00:00,ترکیبی,0.9,اصل بودن کالا | قیمت,اصل بودن کالا
پودر تثبیت کننده آرایشی (پودر فیکس),https://www.khanoumi.com/products/flormar-loose-powder-4649,عالیه من نگ 3 رو دارم برای پوست گندمی اصلا میکاپ رو تغییر نمیده. اولین باره از پودر فیکس استفاده میکنم واقعا تفاوت هست بین زدن یا نزدنش.,2,true,2023-07-14T23:09:55+00:00,ترکیبی,0.87,اصل بودن کالا | محصول,اصل بودن کالا
پودر تثبیت کننده آرایشی (پودر فیکس),https://www.khanoumi.com/products/flormar-loose-powder-4649,"سلام. من سالهاست ازین پودر استفاده میکنم و عالیه این پودر. تا اینکه اینسری با این قیمت نجومی سفارش دادم شماره 002، یه بوی تندی داره که واقعا نمیدونم چه مشکلی هست! بسته کاملا پلمپ بود ولی پودرش خیلی بدبوعه. 
",1,true,2023-07-09T22:55:54+00:00,ترکیبی,0.79,محصول | تحویل و ارسال | قیمت,محصول
پودر تثبیت کننده آرایشی (پودر فیکس),https://www.khanoumi.com/products/flormar-loose-powder-4649,من 002رو سفارش دادم واقعا عالیه کاملا صاف و یکدست رو پوست میشینه و اینکه خیلی خوب آرایش رو فیکس میکنه،مخصوصا واسه کسایی که خیلی دوستشون چرب میشه و تو تابستون عرق میکنم عاااالیه،من تو تخفیف یدونه واسه کادو گرفتم الان منتظرم مجدد تخفیف بخوره برای خودم هم بگیرم ،خواهشا تخفیف بزارید....,7,true,2023-06-20T11:41:44+00:00,مثبت,0.91,قیمت | محصول | اصل بودن کالا,قیمت
پودر تثبیت کننده آرایشی (پودر فیکس),https://www.khanoumi.com/products/flormar-loose-powder-4649,لطفا تخفیف بیشتری بزارین قیمتش خیلی بالا رفته,4,false,2023-06-12T02:01:34+00:00,خنثی,0.35,قیمت,قیمت
پودر تثبیت کننده آرایشی (پودر فیکس),https://www.khanoumi.com/products/flormar-loose-powder-4649,"سلام. من رنگ کرم متوسطش رو سفارش دادم خیلی عالیه، پوستم گندمیه و این شماره ن خیلی بژه و نه خیلی سفید. 
در کل راضی ام و من با اینکه پوستم چربه تا چند ساعت قشنگ فیکس نگه میداره آرایشو",14,true,2022-09-20T20:05:18+00:00,مثبت,0.91,محصول | اصل بودن کالا,محصول
پودر تثبیت کننده آرایشی (پودر فیکس),https://www.khanoumi.com/products/flormar-loose-powder-4649,سلام؛امروز به دستم رسیده واقعا عالیه و ازش راضیم,6,true,2022-07-30T23:05:40+00:00,مثبت,0.95,تحویل و ارسال,تحویل و ارسال
پودر تثبیت کننده آرایشی (پودر فیکس),https://www.khanoumi.com/products/flormar-loose-powder-4649,سلام .من امروز سفارشم به دستم رسید کلی خوشحال شدم ازاصل یودن محصول ولی  پد داخلش نبود و ناراحت شدم ,17,true,2022-06-25T17:04:08+00:00,مثبت,0.67,محصول | تحویل و ارسال | اصل بودن کالا,محصول
پودر تثبیت کننده آرایشی (پودر فیکس),https://www.khanoumi.com/products/flormar-loose-powder-4649,لطفا دوباره موجود کنید,0,false,2022-06-21T21:54:41+00:00,خنثی,0.35,محصول,محصول
پودر تثبیت کننده آرایشی (پودر فیکس),https://www.khanoumi.com/products/flormar-loose-powder-4649,تو تخفیف بالا خریده بودم دوتا امروز به دستم رسید اصل بود و انقضای بالا تا ۲۰۲۶ فقط سری جدید پد نداره در جریان باشید ممنون از خانمی,13,true,2022-05-23T21:22:08+00:00,مثبت,0.67,محصول | اصل بودن کالا | تحویل و ارسال | قیمت,محصول
پودر تثبیت کننده آرایشی (پودر فیکس),https://www.khanoumi.com/products/flormar-loose-powder-4649,پودر فیکس فلورمار عااااالیه خیلی خوب آرایشو فیکس و مات میکنه من توی شانس خریدم به قیمت عاااالی ممنون از خانمی👍👍♥️,7,true,2022-05-20T00:33:38+00:00,ترکیبی,0.74,اصل بودن کالا | قیمت,اصل بودن کالا
پودر تثبیت کننده آرایشی (پودر فیکس),https://www.khanoumi.com/products/flormar-loose-powder-4649,پودر فیکس فلورمار بدون شک یکی از بهترین فیکساتورهای دنیاست. روی پوست نمی‌ماسه. با بیشتر پوست‌ها سازگاری داره. رنگبندی متنوعی داره و چین و چروک‌های پوست رو نشون نمی‌ده و کاملا محو کننده است. بافت سبک و نرم این محصول خیلی راحت و بسیار خوب روی پوست می‌خوابه. خاصیت آنتی اکسیدانی این محصول پوست رو به خوبی آبرسانی می‌کنه و اصلا پوست رو خشک نمی‌کنه. و از همه مهم تر با استفاده از این پودر فیکس، دوام آرایش دو برابر میشه.,47,false,2022-03-15T08:35:23+00:00,ترکیبی,0.9,محصول | اصل بودن کالا,محصول
پودر تثبیت کننده آرایشی (پودر فیکس),https://www.khanoumi.com/products/flormar-loose-powder-4649,"استفاده از پودر فیکس به شما کمک میکنه تا آرایش ماندگارتر و طبیعی تری داشته باشید. فلورمتر هم یک برند شناخته شده تو صنعت آرایشیه که محصولاتش طرفدار زیادی داره. 
این پودر دارای حجم قابل قبولیه و برای مدت زمان طولانی برای شما باقی میمونه.",12,false,2022-02-12T08:29:01+00:00,منفی,0.67,محصول | اصل بودن کالا,اصل بودن کالا
پودر تثبیت کننده آرایشی (پودر فیکس),https://www.khanoumi.com/products/flormar-loose-powder-4649, خیلی خوب رو پوست میخابه و واقعا ماندگاری آرایشو بالا میبره،، رنگ پوستم روشنه شماره ۳ رو گرفته بودم که یکم تیره بود برام اما بازم اوکیه رنگ پوستمو طبیعی میکنه. ,28,true,2021-01-18T15:21:25+00:00,مثبت,0.79,محصول,محصول
پودر تثبیت کننده آرایشی (پودر فیکس),https://www.khanoumi.com/products/flormar-loose-powder-4649,عالیه. مخصوصا حجمش. مدت خیلی زیادی می‌مونه.,25,false,2019-10-12T19:23:42+00:00,مثبت,0.79,محصول,محصول
پودر تثبیت کننده آرایشی (پودر فیکس),https://www.khanoumi.com/products/flormar-loose-powder-4649,شارژ كنيد,30,false,2019-08-01T09:42:51.58+00:00,خنثی,0.35,سایر,سایر
پودر تثبیت کننده آرایشی (پودر فیکس),https://www.khanoumi.com/products/flormar-loose-powder-4649,شارژ نمیشه؟ اگه شارژ نمیشه خریدم ثبت کنم:(,35,false,2018-12-12T17:49:54.9566667+00:00,خنثی,0.35,سایر,سایر
پودر تثبیت کننده آرایشی (پودر فیکس),https://www.khanoumi.com/products/flormar-loose-powder-4649,لطفا شارژ کنید و شانس قرار بدید ,37,false,2018-12-07T22:28:46.0066667+00:00,منفی,0.67,سایر,سایر
پودر تثبیت کننده آرایشی (پودر فیکس),https://www.khanoumi.com/products/flormar-loose-powder-4649,لطفا شارژش کنید,46,false,2018-11-14T22:24:03.0933333+00:00,خنثی,0.35,سایر,سایر
پودر تثبیت کننده آرایشی (پودر فیکس),https://www.khanoumi.com/products/flormar-loose-powder-4649,میشه دوباره شارژ کنید؟؟؟؟خیلی دنبالش بودم,21,false,2018-11-07T01:31:05.1166667+00:00,خنثی,0.35,محصول,محصول
پودر تثبیت کننده آرایشی (پودر فیکس),https://www.khanoumi.com/products/flormar-loose-powder-4649,لطفاً سيلور بيرنگش رو موجود كنيد🙏🏻🙏🏻🙏🏻🙏🏻🙏🏻🙏🏻🙏🏻,25,false,2018-11-05T15:21:54.1166667+00:00,خنثی,0.35,محصول,محصول
پودر تثبیت کننده آرایشی (پودر فیکس),https://www.khanoumi.com/products/flormar-loose-powder-4649,شارژ لطفا,10,false,2018-10-09T23:36:06.1066667+00:00,خنثی,0.35,سایر,سایر
پودر تثبیت کننده آرایشی (پودر فیکس),https://www.khanoumi.com/products/flormar-loose-powder-4649,تورو خداااااااااااااا موجودش کنید البته سیلور یا بیرنگشو .... اگه شانس بزارین که عاااااااااااااااااالیه,21,false,2018-09-11T13:19:46.8133333+00:00,خنثی,0.35,محصول,محصول
پودر تثبیت کننده آرایشی (پودر فیکس),https://www.khanoumi.com/products/flormar-loose-powder-4649,لطفا محصولات فلورمار و مخصوصا این پودر رو شارژ کنید.,27,false,2018-07-28T00:41:54.4366667+00:00,خنثی,0.35,محصول,محصول
پودر تثبیت کننده آرایشی (پودر فیکس),https://www.khanoumi.com/products/flormar-loose-powder-4649,Lotfan in mahsoolo mojood knid dg😒😒,54,false,2018-03-21T15:02:47.05+00:00,خنثی,0.35,سایر,سایر
پودر تثبیت کننده آرایشی (پودر فیکس),https://www.khanoumi.com/products/flormar-loose-powder-4649,من مدت هاست دنبال پودر تثبيتم ، متاسفانه خانومي توي بعضي خيزا خيلي ضعيفه لطفا زودتر شارژش كنيد,40,false,2018-03-05T01:52:56.0266667+00:00,منفی,0.79,سایر,سایر
پودر تثبیت کننده آرایشی (پودر فیکس),https://www.khanoumi.com/products/flormar-loose-powder-4649,"چرا هیچ نوع پودر تثبیت کننده تو خانومی نیست؟
چرا یهو همه نوع برند باهم نیست میشن؟",29,false,2018-02-16T20:00:59.8133333+00:00,خنثی,0.35,سایر,سایر
پودر تثبیت کننده آرایشی (پودر فیکس),https://www.khanoumi.com/products/flormar-loose-powder-4649,خانوما قیمتش چنده؟,4,false,2018-02-03T16:12:08.7766667+00:00,خنثی,0.35,قیمت,قیمت
پودر تثبیت کننده آرایشی (پودر فیکس),https://www.khanoumi.com/products/flormar-loose-powder-4649,لطفا بی رنگش رو شارژ کنید,21,false,2017-11-28T10:33:38.85+00:00,خنثی,0.35,محصول,محصول
پودر تثبیت کننده آرایشی (پودر فیکس),https://www.khanoumi.com/products/flormar-loose-powder-4649,لطفا بی رنگ شو شارژ کنید,21,false,2017-11-21T00:12:27.2966667+00:00,خنثی,0.35,محصول,محصول
ناخن گیر,https://www.khanoumi.com/products/flormarnailclipper-4650,بهترین ناخون گیر,0,false,2024-03-22T16:16:07+00:00,مثبت,0.67,سایر,سایر
پودر تثبیت کننده آرایشی (پودر فیکس),https://www.khanoumi.com/products/flormar-loose-powder-4649,لطفاااا رنگای روشنشو شارژ کنیییییددددددد😢😭,22,false,2017-11-06T17:49:32.34+00:00,خنثی,0.35,محصول,محصول
پودر تثبیت کننده آرایشی (پودر فیکس),https://www.khanoumi.com/products/flormar-loose-powder-4649,لطفا از همین مارک فلورمار پودر بیرنگ برای فیکس کرم پودر رو هم شارژ کنید ..اون خیلی بهتره ...invisible loose powder,25,false,2017-11-02T22:12:29.6066667+00:00,منفی,0.67,محصول | اصل بودن کالا,اصل بودن کالا
پودر تثبیت کننده آرایشی (پودر فیکس),https://www.khanoumi.com/products/flormar-loose-powder-4649,سلام لطفاً رنگ هاى روشن رو موجود كنيد,13,false,2017-10-31T16:27:20.8433333+00:00,خنثی,0.35,محصول,محصول
پودر تثبیت کننده آرایشی (پودر فیکس),https://www.khanoumi.com/products/flormar-loose-powder-4649,شارژ کنید رنگای دیگه رو لطفا,14,false,2017-10-18T22:35:51.1866667+00:00,خنثی,0.35,محصول,محصول
پودر تثبیت کننده آرایشی (پودر فیکس),https://www.khanoumi.com/products/flormar-loose-powder-4649,رنگ كرم روشن ، روشن تر از كرم خيلى روشن به نظر ميرسه ! چرا؟,4,false,2017-09-03T00:53:22.2166667+00:00,خنثی,0.35,محصول,محصول
پودر تثبیت کننده آرایشی (پودر فیکس),https://www.khanoumi.com/products/flormar-loose-powder-4649,لطفا رنگارو شارژ کنید دوباره,16,false,2017-06-22T16:00:53.2133333+00:00,خنثی,0.35,محصول,محصول
پودر تثبیت کننده آرایشی (پودر فیکس),https://www.khanoumi.com/products/flormar-loose-powder-4649,سلام رنگاشو شارژ کنین لطفا :),24,false,2017-05-08T00:16:42.06+00:00,خنثی,0.35,محصول,محصول
پودر تثبیت کننده آرایشی (پودر فیکس),https://www.khanoumi.com/products/flormar-loose-powder-4649,لطفا رنگبندی این کار رو کامل کنید . ممنون,25,false,2017-05-05T21:21:07.5666667+00:00,مثبت,0.67,محصول,محصول
پودر تثبیت کننده آرایشی (پودر فیکس),https://www.khanoumi.com/products/flormar-loose-powder-4649,لطفا همه رنگ ها رو شارژ کنید,27,false,2017-04-11T14:54:48.3+00:00,خنثی,0.35,محصول,محصول
پودر تثبیت کننده آرایشی (پودر فیکس),https://www.khanoumi.com/products/flormar-loose-powder-4649,"سلام خسته نباشید
من پوست خشکی دارم آیا این محصول مناسب پوست های خشک هستش؟",14,false,2017-01-16T19:48:32.5466667+00:00,خنثی,0.35,محصول,محصول
پودر تثبیت کننده آرایشی (پودر فیکس),https://www.khanoumi.com/products/flormar-loose-powder-4649,سلام من این محصول رو ازتون خرید کردم ولی باید رنگش رو عوض کنم پلپمش رو هم باز نکردم ایا امکان تعویض رنگ برام وجود داره؟,12,false,2016-12-15T13:46:34.3633333+00:00,خنثی,0.35,محصول,محصول
پودر تثبیت کننده آرایشی (پودر فیکس),https://www.khanoumi.com/products/flormar-loose-powder-4649,محصول خوبیه من استفاده کردم راضی بودم,6,true,2016-12-08T22:40:55.59+00:00,مثبت,0.79,محصول,محصول
پودر تثبیت کننده آرایشی (پودر فیکس),https://www.khanoumi.com/products/flormar-loose-powder-4649,"خانم "" تیموری "" عزیز / از اینکه خرید از فروشگاه ""خانومی"" برای شما رضایت خاطر را به همراه داشته بسیار خرسندیم و به خود میبالیم که توانسته ایم با ارائه بهترین ها اعتماد و رضایت شما را جلب کنیم . ",2,false,2016-09-05T10:01:53.56+00:00,مثبت,0.67,محصول,محصول
پودر تثبیت کننده آرایشی (پودر فیکس),https://www.khanoumi.com/products/flormar-loose-powder-4649,Man k moshtarie daemetun shodam...merc az service khubetun,2,false,2016-09-04T17:36:16.1833333+00:00,خنثی,0.35,سایر,سایر
پودر تثبیت کننده آرایشی (پودر فیکس),https://www.khanoumi.com/products/flormar-loose-powder-4649,"خانم ""صفی "" عزیز / از اینکه تجربه مصرف خود از محصول فوق را با ما و دیگر همراهان ""خانومی"" در میان گذاشتید بسیار سپاسگزاریم و بسیار خرسندیم که خرید از ""خانومی"" برای شما رضایتمندی را به همراه داشته است .",0,false,2016-08-13T11:59:59.3466667+00:00,مثبت,0.67,محصول,محصول
پودر تثبیت کننده آرایشی (پودر فیکس),https://www.khanoumi.com/products/flormar-loose-powder-4649,خیلی خوبه. تا ساعتها از برق زدن صورت جلوگیری میکنه. فقط مواظب باشید رنگ پوستتون رو بخرید.  ,5,true,2016-08-13T10:49:06.2+00:00,مثبت,0.91,محصول,محصول
پودر تثبیت کننده آرایشی (پودر فیکس),https://www.khanoumi.com/products/flormar-loose-powder-4649,"خانم "" ابراهیمی"" عزیز / کرم روشن و کرم خیلی روشن هر دو مناسب پوست های سفید میباشند که بسته به میزان سفید بودن پوستتان بین این دو میتوانید انتخاب داشته باشید . ",0,false,2016-08-09T10:14:06.4466667+00:00,خنثی,0.35,محصول | تحویل و ارسال,محصول
پودر تثبیت کننده آرایشی (پودر فیکس),https://www.khanoumi.com/products/flormar-loose-powder-4649,برای پوست سفید کدوم شماره را توصیهدمیکنید؟؟؟؟؟؟؟؟,5,false,2016-08-08T22:20:27.8266667+00:00,مثبت,0.67,محصول,محصول
پودر تثبیت کننده آرایشی (پودر فیکس),https://www.khanoumi.com/products/flormar-loose-powder-4649,سلام میشه شگفت انگیزش کنید؟؟,16,false,2016-07-02T04:51:36.49+00:00,خنثی,0.35,سایر,سایر
پودر تثبیت کننده آرایشی (پودر فیکس),https://www.khanoumi.com/products/flormar-loose-powder-4649,"کاربر عزیز / در صفحه سایت گوشه سمت راست پایین صفحه مستطیل کوچکی قرار دارد که با کلیک بر روی ان میتوانید با مشاور در ارتباط باشید ضمن آنکه از طریق تماس با فروشگاه و  ارسال پیام به تلگرام ""خانومی"" نیز میتوانید با مشاوران سایت گفتگو کنید .",1,false,2016-06-28T09:58:56.1966667+00:00,خنثی,0.35,تحویل و ارسال | خدمات و پشتیبانی,تحویل و ارسال
پودر تثبیت کننده آرایشی (پودر فیکس),https://www.khanoumi.com/products/flormar-loose-powder-4649,مشاور آنلاین سایت یعنی چه طوری وکدوم قسمت ,4,false,2016-06-26T18:53:34.8633333+00:00,خنثی,0.35,سایر,سایر
پودر تثبیت کننده آرایشی (پودر فیکس),https://www.khanoumi.com/products/flormar-loose-powder-4649,کاربر عزیز / جهت در یافت مشاوره و انتخاب محصول هرچه مناسب تر پوست خود  میتوانید در تایم اداری با فروشگاه تماس حاصل کنید . یا به تلگرام خانومی پیام دهید و یا از مشاور آنلاین سایت کمک بگیرید . ,1,false,2016-06-26T14:08:43.3166667+00:00,مثبت,0.67,محصول | اصل بودن کالا | خدمات و پشتیبانی,محصول
پودر تثبیت کننده آرایشی (پودر فیکس),https://www.khanoumi.com/products/flormar-loose-powder-4649,من پوستم سبزه مایل به تیره است که بعضی وقتا یه زره تیره تر هم میشه چطوری میشه از راهنمایی هایی مشاورتون استفاده کرد ویه کرم خوب بهم پیشنهاد کنن که پوست م روشن تر شه واین جایی جوشها و رنگ صورتم بارز شه ,4,false,2016-06-26T13:11:48.12+00:00,مثبت,0.79,محصول,محصول
پودر تثبیت کننده آرایشی (پودر فیکس),https://www.khanoumi.com/products/flormar-loose-powder-4649,"خانم داور عزیز / از شما نیز جهت در میان گزاشتن نظر ارزشمندتان با  ما و دیگر همراهان ""خانومی"" سپاسگزاریم. فقط همیشه حواستان باشد اگر به هر دلیلی محصولی را نمیخواهید برای گرفتن خدمات پس از فروش خانومی در هیچ شرایطی گارانتی اصالت و سلامت خانومی را باز نکنید که همکاران بنده بتوانند خدمات لازم را ارایه دهند زیرا به علت مسائل بهداشتی اگر گارانتی باز شود دیگر امکان ارایه خدمات پس از فروش نیست. بسته بندی خانومی شفاف است و از روی بسته کاملا داخل آن مشخص است و به هیچ عنوان برای اطمینان از اصالت کالا نیازی به باز کردن گارانتی نیست.",1,false,2016-05-31T10:08:39+00:00,مثبت,0.67,خدمات و پشتیبانی | تحویل و ارسال | اصل بودن کالا | محصول,خدمات و پشتیبانی
پودر تثبیت کننده آرایشی (پودر فیکس),https://www.khanoumi.com/products/flormar-loose-powder-4649,ببخشید ک.جواب میدم در مورد نظر خانم صادقی ... البته ک ایشون درست میفرمایند چون خرید غیر حضوری واقعا ریسک هست با اینکه من از فروشگاه شما خیلی خرید کردم نمیدچنم بیشتر از ۱میلیون شده یا نه ولی میتونم بگم از بیشتر محصولات راضی هستم و محصولاتی ک راضی نبودم پس فرستادم و کاملا فروشگاه قبول کرده این باعث اطمینان و رضایت بیشتر من شده... ,2,true,2016-05-31T01:48:06.8633333+00:00,خنثی,0.35,محصول,محصول
پودر تثبیت کننده آرایشی (پودر فیکس),https://www.khanoumi.com/products/flormar-loose-powder-4649,من گرفتم از نظر کیفیت خوب هستش من ازش راضی هستم فقط رنگهاش یکم روشنتر از رنگ کاتالوگ شماست ... تو شانس بعدی باید تیره تر بگیرم 😁😉,2,true,2016-05-31T01:41:27.1866667+00:00,مثبت,0.91,محصول,محصول
پودر تثبیت کننده آرایشی (پودر فیکس),https://www.khanoumi.com/products/flormar-loose-powder-4649,"خانم صادقی عزیز / ممنون از اینکه تجربه مصرف خود در خصوص محصول فوق را  را با ما و دیگر همراهان خانومی در میان گذاشته اید . و البته امری کاملا طبیعی است که هر محصولی طرفداران و منتقدان خود را دارد و همانطور که از کامنت دیگر دوستان قابل مشاهده است دوستانی نیز از مصرف محصول کمال رضایت را داشته اند . ضمن آنکه میتوان اضافه کرد ""فروشگاه خانومی"" دارای ""نماد اعتماد الکترونیک "" صادر شده از ""مرکر توسعه تجارت الکترونیکی "" را داراست که ارگانی کاملا دولتی میباشد و از این رو اصالت و کیفیت و اورجینال بودن کلیه محصولات را تضمین میکند . مجدد از حس توجه شما و بیان نظر ارزشمندتان از شما سپاسگزاریم . ",2,false,2016-05-29T10:42:06.8133333+00:00,مثبت,0.91,محصول | اصل بودن کالا,محصول
پودر تثبیت کننده آرایشی (پودر فیکس),https://www.khanoumi.com/products/flormar-loose-powder-4649,من این محصولو عید سفارش دادم. یکبارم بیشتر استفاده نکردم چون به شدت روی صورتم می ماسه و رنگ پوستمو تیره می کنه، البته 2تا محصول دیگه هم سفارش دادم که اونام خیلی اکی نبودند، از اون به بعد نه از فروشگاه خانومی نه هیچ فروشگاه اینترنتی دیگه ای چیزی سفارش ندادم، دوستم یه مغازه بهم معرفی کرد که محصولات آرایشی اورجینالو به قیمت عمده می ده. بنظرم توی هرشهری همچین مغازه هایی پیدا میشه، پس دوستای خوبم پولاتونو  بی جهت سر این محصولایی که آیا خوب در بیاد، آیا نه هدر ندید ,4,false,2016-05-29T08:53:34.2566667+00:00,مثبت,0.91,محصول | اصل بودن کالا | قیمت,محصول
پودر تثبیت کننده آرایشی (پودر فیکس),https://www.khanoumi.com/products/flormar-loose-powder-4649,خانم کاظمی عزیز / از اینکه نظر ارزشمند خود را با ما و دیگر همراهان خانومی در میان گذاشتید از شما سپاسگزاریم . ,2,false,2016-05-21T16:07:20.0033333+00:00,مثبت,0.67,سایر,سایر
پودر تثبیت کننده آرایشی (پودر فیکس),https://www.khanoumi.com/products/flormar-loose-powder-4649,"سلام به خانومی و همه دوستان
چند دقیقه پیش این محصول رسید دستم.شماره ۴ رو سفارش دادم و خواستم بگم که فوق العاده به رنگ پوستم میخوره و عالیه.البته کمی روشن تر از رنگیه که زدید.تشکر از خانومی",1,true,2016-05-21T15:28:09.4533333+00:00,مثبت,0.91,محصول | تحویل و ارسال,محصول
پودر تثبیت کننده آرایشی (پودر فیکس),https://www.khanoumi.com/products/flormar-loose-powder-4649,"رنگ بژ رو میخواستم ولی موجود نیست :(
",2,false,2016-04-05T14:00:52.0966667+00:00,خنثی,0.35,محصول,محصول
پودر تثبیت کننده آرایشی (پودر فیکس),https://www.khanoumi.com/products/flormar-loose-powder-4649,"نعیمه جان 
حجم این محصول 18گرم است.",1,false,2015-12-28T10:31:43.3633333+00:00,خنثی,0.35,محصول,محصول
پودر تثبیت کننده آرایشی (پودر فیکس),https://www.khanoumi.com/products/flormar-loose-powder-4649,وزن این کالا چند گرمه؟,2,false,2015-12-27T17:01:14.71+00:00,خنثی,0.35,سایر,سایر
رژ گونه پریتی,https://www.khanoumi.com/products/flormar-pretty-compact-blush-4651,من 115 گرفتم خیلی خوشرنگه.فقط نمیدونم اون رنگ تیرشو کجا استفاده کنم:),6,true,2018-02-07T11:21:53.55+00:00,خنثی,0.35,محصول,محصول
رژ گونه پریتی,https://www.khanoumi.com/products/flormar-pretty-compact-blush-4651,115 رو دارم پیگمنت خوبی داره بدم نمیاد 116 اگه شارژ شد بگیرم,2,true,2017-07-29T20:05:19.43+00:00,مثبت,0.79,سایر,سایر
رژ گونه پریتی,https://www.khanoumi.com/products/flormar-pretty-compact-blush-4651,"سلام، واسه رنگ پوست گندمگون کدوم رنگ رو پیشنهاد میدید؟
کدومش ته رنگ هلویی داره؟",3,false,2017-04-09T12:43:35.9+00:00,مثبت,0.67,محصول,محصول
رژ گونه پریتی,https://www.khanoumi.com/products/flormar-pretty-compact-blush-4651,من p115 این رژ گونه رو گرفتم ... ازش راضی هستم.... پیشنهاد میکنم ,4,true,2017-03-18T16:35:18.6766667+00:00,مثبت,0.91,سایر,سایر
رژ گونه پریتی,https://www.khanoumi.com/products/flormar-pretty-compact-blush-4651,"خانم "" دری "" عزیز / میتوانید در صفحه محصول آیکون "" به من اطلاع بده "" را فعال کنید تا هم شانس در تخفیف قرار گرفتن محصول مورد علاقه تان را افزایش دهید و هم در زمان در تخفیف قرار گرفتن آن از طریق پیامک و ایمیل اطلاع پیدا کنید .",0,false,2016-09-13T10:28:36.3333333+00:00,منفی,0.79,محصول | قیمت,محصول
رژ گونه پریتی,https://www.khanoumi.com/products/flormar-pretty-compact-blush-4651,شانس لطفا,4,false,2016-09-11T22:15:12.65+00:00,خنثی,0.35,سایر,سایر
رژ گونه پریتی,https://www.khanoumi.com/products/flormar-pretty-compact-blush-4651,"خانم ""پورعلی"" عزیز / انتخاب رنگ محصول جدا از قوانین آرایشی مطابق تناژ پوست  , تا مقدار قابل توجهی  سلیقه ایی میباشد . اما جهت انتخاب راحت تر شما میتوانم اشاره کنم که رنگp115 آرایش و ته رنگ گرم تری به پوستتان میدهد و رنگp116 تناژ های سرد تری نسبت به رنگp115 دارد . ",2,false,2016-07-04T10:00:38+00:00,خنثی,0.35,محصول,محصول
رژ گونه پریتی,https://www.khanoumi.com/products/flormar-pretty-compact-blush-4651,سلام . برای پوست های خیلی سفید با تون سرد رنگ 115 مناسب تره یا 116؟ ,4,true,2016-07-03T18:47:25.9066667+00:00,خنثی,0.35,محصول,محصول
پنکک مدل ساده وزن 11 گرمی,https://www.khanoumi.com/products/flormar-compact-powder-4652,مثل گچ میمونه!,0,true,2025-03-14T10:53:06.0453418+00:00,خنثی,0.35,محصول,محصول
پنکک مدل ساده وزن 11 گرمی,https://www.khanoumi.com/products/flormar-compact-powder-4652,لطفا این محصول را موجود کنید,0,false,2024-10-25T10:11:58.1447958+00:00,خنثی,0.35,محصول,محصول
پنکک مدل ساده وزن 11 گرمی,https://www.khanoumi.com/products/flormar-compact-powder-4652,لطفاً موجودش کنید ، خیلی عالیه,0,true,2024-06-10T17:07:07+00:00,مثبت,0.79,محصول,محصول
پنکک مدل ساده وزن 11 گرمی,https://www.khanoumi.com/products/flormar-compact-powder-4652,چرا این محصول موجود نمیشه!,0,false,2024-04-20T11:53:30+00:00,خنثی,0.35,محصول,محصول
پنکک مدل ساده وزن 11 گرمی,https://www.khanoumi.com/products/flormar-compact-powder-4652,لطفا موجود کنید ,0,false,2024-04-05T16:34:33+00:00,خنثی,0.35,محصول,محصول
پنکک مدل ساده وزن 11 گرمی,https://www.khanoumi.com/products/flormar-compact-powder-4652,موجود کنید لطفا,0,false,2024-03-16T19:16:12+00:00,خنثی,0.35,محصول,محصول
پنکک مدل ساده وزن 11 گرمی,https://www.khanoumi.com/products/flormar-compact-powder-4652,"امروز خریدهام به دستم رسید، راستش برای رنگ پنکک نگران بودم، میترسیدم تیره باشه، بر خلاف تصورم بود.  عالیه رنگش
92 هلویی متوسط. برای پوست گندمی خوبه واقعا. ",0,true,2023-12-24T16:49:15+00:00,مثبت,0.95,محصول | تحویل و ارسال | قیمت,محصول
پنکک مدل ساده وزن 11 گرمی,https://www.khanoumi.com/products/flormar-compact-powder-4652,کاش زودتر موجودش کنید,0,false,2023-11-25T23:47:58+00:00,خنثی,0.35,محصول,محصول
پنکک مدل ساده وزن 11 گرمی,https://www.khanoumi.com/products/flormar-compact-powder-4652,این پنکک عالیه، ماندگاری بالایی داره، کاملا مات و اصلا حالت گچی نداره، اگر پوست خشک دارید مثل من حتما قبلش مرطوب کننده استفاده کنید، رنگ 92 هلویی متوسط برای رنگ پوست گندمی روشن عالیه.حتما پیشنهاد میکنم,0,true,2023-11-21T14:44:45+00:00,مثبت,0.95,محصول | اصل بودن کالا,محصول
پنکک مدل ساده وزن 11 گرمی,https://www.khanoumi.com/products/flormar-compact-powder-4652,پنکک خوبیه لطفا رنگای دیگه رو شارژ کنید,0,true,2023-07-25T18:58:35+00:00,مثبت,0.67,محصول,محصول
پنکک مدل ساده وزن 11 گرمی,https://www.khanoumi.com/products/flormar-compact-powder-4652,"خیلی پنکک خوبیه، نه حالت گچی داره و نه میماسه، من چندین ساله دارم استفاده میکنم هم به صورت روزانه و هم مهمونی.کاملا مات هستش و برق نمیفته. البته من پوستم خشکه و قبلش حتما از مرطوب کننده استفاده میکنم
خانومی لطفا رنگای دیگه اش رو شارژ کنید، لطفا لطفا لطفا 🙏",2,true,2023-07-03T15:49:59+00:00,مثبت,0.67,محصول,محصول
پنکک مدل ساده وزن 11 گرمی,https://www.khanoumi.com/products/flormar-compact-powder-4652,پنکک فلورمار، یک محصول با بافت بسیار نرم و سبک بود که به راحتی روی پوست نشست. اصلا پوستم رو چرب و یا کیکی نکرد. کاور خیلی بالایی نداشت اما با توجه به قیمت بسیار خوبی که داشت مناسب جهت استفاده روزانه است.,2,false,2022-07-05T08:50:05+00:00,مثبت,0.79,محصول | اصل بودن کالا | قیمت,محصول
پنکک مدل ساده وزن 11 گرمی,https://www.khanoumi.com/products/flormar-compact-powder-4652,کاملا معمولی و مناسب استفاده ی روزانه نه مهمونی,2,false,2019-12-04T15:31:59+00:00,خنثی,0.35,محصول,محصول
پنکک مدل ساده وزن 11 گرمی,https://www.khanoumi.com/products/flormar-compact-powder-4652,این پن کیک عالیه سرکار میرم میزنم اصلا نمیماسه جزو بهترین پن کیکهایی بود که من داشتم لطفا شارژش کنید,14,true,2019-05-06T12:04:15.9766667+00:00,خنثی,0.35,محصول | اصل بودن کالا,محصول
پنکک مدل ساده وزن 11 گرمی,https://www.khanoumi.com/products/flormar-compact-powder-4652,"اصلاراضی نیستم مثل گچ روصورت میشینه بااینکه من پوستم چربه
واقعامتوجه اینکه چرامیگن شارژ کنیدنمیشم چون منی که انقدرپوستم چربه مثل گچ می مونه چه برسه به بقیه پوست ها",20,true,2017-03-10T22:13:42.1966667+00:00,منفی,0.79,محصول | اصل بودن کالا,اصل بودن کالا
پنکک مدل ساده وزن 11 گرمی,https://www.khanoumi.com/products/flormar-compact-powder-4652,خواهش میکنم رنگای تموم شده رو شارژ کنید,8,true,2017-03-02T19:03:26.5966667+00:00,خنثی,0.35,محصول,محصول
پنکک مدل ساده وزن 11 گرمی,https://www.khanoumi.com/products/flormar-compact-powder-4652,سلام.تیره ترین شماره چنده؟؟؟,2,true,2017-01-27T19:33:30.51+00:00,خنثی,0.35,سایر,سایر
پنکک مدل ساده وزن 11 گرمی,https://www.khanoumi.com/products/flormar-compact-powder-4652,"خانم "" ثابتی "" عزیز / رنگ 88 تیره ترین رنگ محصول از بین رنگ های موجود است .",1,false,2016-12-14T10:23:49.8966667+00:00,خنثی,0.35,محصول,محصول
پنکک مدل ساده وزن 11 گرمی,https://www.khanoumi.com/products/flormar-compact-powder-4652,"هلویی 88 تیره تره یا 92؟ تیره ترین رنگ پنکک کدومه؟

",0,true,2016-12-13T20:14:18.7966667+00:00,خنثی,0.35,محصول,محصول
پنکک مدل ساده وزن 11 گرمی,https://www.khanoumi.com/products/flormar-compact-powder-4652,"خانم "" باورساد "" عزیز / رنگ 93 نزدیک ترین تناژ را به شماره 4  پودر تثبیت کننده آرایشی فلورمار دارد .",0,false,2016-11-23T08:31:03.7066667+00:00,خنثی,0.35,محصول,محصول
پنکک مدل ساده وزن 11 گرمی,https://www.khanoumi.com/products/flormar-compact-powder-4652,کدوم شماره این پنکیک با رنگ پودر تثبیت کننده شماره ۴ فلورمار یکیه؟,0,false,2016-11-22T18:14:05.3966667+00:00,خنثی,0.35,محصول,محصول
پنکک مدل ساده وزن 11 گرمی,https://www.khanoumi.com/products/flormar-compact-powder-4652,خانم رضوی عزیز / رنگ95-Light Porcelain Beige روشن ترین رنگ از پنکک ساده فلورمار می باشد .,1,false,2016-05-14T17:24:39.7633333+00:00,خنثی,0.35,محصول,محصول
پنکک مدل ساده وزن 11 گرمی,https://www.khanoumi.com/products/flormar-compact-powder-4652,"سلام 
روشن ترین شماره کدومه؟",0,false,2016-05-14T17:02:52.2166667+00:00,خنثی,0.35,سایر,سایر
پنکک مدل ساده وزن 11 گرمی,https://www.khanoumi.com/products/flormar-compact-powder-4652,"کاربر عزیز / رنگ90-Medium Rose  و رنگ97-Light Cream هر دو روشن هستند و تفاوت آنها در تناژ آنهاست شماره 90تناژ و ته رنگ صورتی دارد و شماره 97 کرمی می باشد . توصیه میکنم جهت انتخاب محصول و رنگ هرچه مناسب تر پوستتان با مشاورین ""خانومی"" از طریق تماس با فروشگاه و تلگرام خانومی اقدام کنید . ",2,false,2016-04-25T13:32:18.1266667+00:00,مثبت,0.79,محصول | خدمات و پشتیبانی,محصول
پنکک مدل ساده وزن 11 گرمی,https://www.khanoumi.com/products/flormar-compact-powder-4652,"با سلام،ببخشید شماره ی 90 از97 روشن تره?
چون من پوستم سفیده فک میکنم این دوتا بهتر باشه تا 95
ممنون میشم راهنماییم کنین",1,true,2016-04-25T12:53:00.1366667+00:00,مثبت,0.67,محصول,محصول
پنکک دوکاره مدل Wet and Dry مناسب انواع پوست وزن 11 گرمی,https://www.khanoumi.com/products/flormar-wet-and-dry-compact-powder-4653,پنکک خیلی خوبیه لطفا باز موجود کنید رنگ وانیلی رو,0,false,2025-02-17T10:05:54.9652586+00:00,مثبت,0.79,محصول,محصول
پنکک دوکاره مدل Wet and Dry مناسب انواع پوست وزن 11 گرمی,https://www.khanoumi.com/products/flormar-wet-and-dry-compact-powder-4653,لطفا موجود کنید,0,false,2024-08-22T00:50:54+00:00,خنثی,0.35,محصول,محصول
پنکک دوکاره مدل Wet and Dry مناسب انواع پوست وزن 11 گرمی,https://www.khanoumi.com/products/flormar-wet-and-dry-compact-powder-4653,"لطفا رنگای روشنش رو موجود کنید

",0,false,2024-06-09T01:29:56+00:00,خنثی,0.35,محصول,محصول
پنکک دوکاره مدل Wet and Dry مناسب انواع پوست وزن 11 گرمی,https://www.khanoumi.com/products/flormar-wet-and-dry-compact-powder-4653,"لطفااااااااا موجود کنید
",0,false,2024-04-22T23:13:04+00:00,خنثی,0.35,محصول,محصول
پنکک دوکاره مدل Wet and Dry مناسب انواع پوست وزن 11 گرمی,https://www.khanoumi.com/products/flormar-wet-and-dry-compact-powder-4653,خیلی محصول خوبیه موجود کنید رنگای روشنشو لطفا,0,false,2024-02-28T11:09:53+00:00,مثبت,0.67,محصول,محصول
پنکک دوکاره مدل Wet and Dry مناسب انواع پوست وزن 11 گرمی,https://www.khanoumi.com/products/flormar-wet-and-dry-compact-powder-4653,میشه لطفا رنگای روشنشو موجود کنید,0,false,2024-02-28T11:09:12+00:00,خنثی,0.35,محصول,محصول
پنکک دوکاره مدل Wet and Dry مناسب انواع پوست وزن 11 گرمی,https://www.khanoumi.com/products/flormar-wet-and-dry-compact-powder-4653,سلام لطفا هلویی متوسط رو موجود کنید,0,false,2023-11-25T23:27:33+00:00,خنثی,0.35,محصول,محصول
پنکک دوکاره مدل Wet and Dry مناسب انواع پوست وزن 11 گرمی,https://www.khanoumi.com/products/flormar-wet-and-dry-compact-powder-4653,لطفا خیلی زود موجودش کنید الان یک ماه هست که من هر روز چک میکنم ,0,true,2023-11-02T13:00:04+00:00,خنثی,0.35,محصول,محصول
پنکک دوکاره مدل Wet and Dry مناسب انواع پوست وزن 11 گرمی,https://www.khanoumi.com/products/flormar-wet-and-dry-compact-powder-4653,لطفاً زودتر موجود کنید,0,true,2023-10-28T12:04:48+00:00,خنثی,0.35,محصول,محصول
پنکک دوکاره مدل Wet and Dry مناسب انواع پوست وزن 11 گرمی,https://www.khanoumi.com/products/flormar-wet-and-dry-compact-powder-4653,این پنکک خیلی خوبه و به دو صورت خشک و تر میشه ازش استفاده کرد. من معمولا روی کرم پودر و برای فیکس کردن آرایش ازش استفاده میکنم. خیلی سبکه و پوشش طبیعی داره.,0,false,2022-12-26T10:18:08+00:00,مثبت,0.79,محصول | اصل بودن کالا,محصول
پنکک دوکاره مدل Wet and Dry مناسب انواع پوست وزن 11 گرمی,https://www.khanoumi.com/products/flormar-wet-and-dry-compact-powder-4653,به نظر من رنگبندی که گذاشتید مشکل داره. من بژ روشن خریدم ولی رنگش رنگ کاراملی روشن تو این عکسهاست و خیلی روشنه.,22,true,2020-01-13T18:00:24+00:00,خنثی,0.35,محصول,محصول
پنکک دوکاره مدل Wet and Dry مناسب انواع پوست وزن 11 گرمی,https://www.khanoumi.com/products/flormar-wet-and-dry-compact-powder-4653,سلام من شماره 09رو گرفتم چون نوشته بود بژ ولی خیلی تیره هست برام. میشه بگید روشن ترین رنگش کدومه,95,true,2020-01-13T17:00:37+00:00,خنثی,0.35,محصول,محصول
پنکک دوکاره مدل Wet and Dry مناسب انواع پوست وزن 11 گرمی,https://www.khanoumi.com/products/flormar-wet-and-dry-compact-powder-4653,چرا این محصل و شارژ نمیکنید,26,false,2018-03-08T21:18:06.1933333+00:00,خنثی,0.35,سایر,سایر
پنکک دوکاره مدل Wet and Dry مناسب انواع پوست وزن 11 گرمی,https://www.khanoumi.com/products/flormar-wet-and-dry-compact-powder-4653,بقیه شماره ها کی موجود میشه ؟,21,false,2017-08-04T11:36:47.2866667+00:00,خنثی,0.35,محصول,محصول
پنکک دوکاره مدل Wet and Dry مناسب انواع پوست وزن 11 گرمی,https://www.khanoumi.com/products/flormar-wet-and-dry-compact-powder-4653,لطفا زودتر موجود کنید ,22,false,2017-08-02T23:40:57.9066667+00:00,خنثی,0.35,محصول,محصول
پنکک دوکاره مدل Wet and Dry مناسب انواع پوست وزن 11 گرمی,https://www.khanoumi.com/products/flormar-wet-and-dry-compact-powder-4653,بنظر من خوب نیست.روی پوست من که مختلطه اصلا نمیخوابه.,5,false,2017-07-28T15:44:02.6766667+00:00,منفی,0.79,محصول | اصل بودن کالا,اصل بودن کالا
پنکک دوکاره مدل Wet and Dry مناسب انواع پوست وزن 11 گرمی,https://www.khanoumi.com/products/flormar-wet-and-dry-compact-powder-4653,خانومی چقدر زود تخفیف های افطارتا سحر رو کم کردید ! حداقل میذاشتید 1روز تخفیفش رو همون 27درصد بمونه این پنکیک,2,false,2017-06-23T10:37:23.85+00:00,خنثی,0.35,محصول | قیمت,محصول
پنکک دوکاره مدل Wet and Dry مناسب انواع پوست وزن 11 گرمی,https://www.khanoumi.com/products/flormar-wet-and-dry-compact-powder-4653,شانس  لطفا ,8,false,2017-06-22T12:33:16.2766667+00:00,خنثی,0.35,سایر,سایر
پنکک دوکاره مدل Wet and Dry مناسب انواع پوست وزن 11 گرمی,https://www.khanoumi.com/products/flormar-wet-and-dry-compact-powder-4653,سلام من این پنکک رو تهیه کردم؛واقعا عالیه با اینکه رنگ مورد نظرم نبود اما واقعا پوشش یکدست و طبیعی رو ایجاد میکنه! خیلی راضی هستم؛لطفا تمام تناژ رو شارژ کنید ممنون!✌⚘⚘,11,true,2017-06-16T15:54:47.1166667+00:00,مثبت,0.95,محصول,محصول
پنکک دوکاره مدل Wet and Dry مناسب انواع پوست وزن 11 گرمی,https://www.khanoumi.com/products/flormar-wet-and-dry-compact-powder-4653,خانومی چرا مشاور نه تو تلگرام نه تماس تلفنی ها جواب نمیدن؟😣من میخام درباره  سفارشم مشاوره بگیرم و تعویض کنم ؟؟؟ توروخدا یه کاری کنید!,3,true,2017-06-06T10:04:15.31+00:00,خنثی,0.35,خدمات و پشتیبانی,خدمات و پشتیبانی
پنکک دوکاره مدل Wet and Dry مناسب انواع پوست وزن 11 گرمی,https://www.khanoumi.com/products/flormar-wet-and-dry-compact-powder-4653,هلویی متوسط تیره تر از هلویی کارملیه؟,7,true,2017-06-05T11:17:46.34+00:00,خنثی,0.35,سایر,سایر
پنکک دوکاره مدل Wet and Dry مناسب انواع پوست وزن 11 گرمی,https://www.khanoumi.com/products/flormar-wet-and-dry-compact-powder-4653,"لطفا بقیه تناژا رو شارژ کنید برای فردا^__^ من خیلی وقته منتظرم!مرسی خانومی❤ 
",6,true,2017-06-04T13:24:49.39+00:00,مثبت,0.67,سایر,سایر
پنکک دوکاره مدل Wet and Dry مناسب انواع پوست وزن 11 گرمی,https://www.khanoumi.com/products/flormar-wet-and-dry-compact-powder-4653,سلام لطفا رنگ 09 رو شارژ کنید,6,false,2017-06-04T11:52:16.48+00:00,خنثی,0.35,محصول,محصول
پنکک دوکاره مدل Wet and Dry مناسب انواع پوست وزن 11 گرمی,https://www.khanoumi.com/products/flormar-wet-and-dry-compact-powder-4653,لطفا رنگارو شارژ کنید خانومی عزیز,5,false,2017-05-25T13:22:30.9533333+00:00,خنثی,0.35,محصول,محصول
پنکک دوکاره مدل Wet and Dry مناسب انواع پوست وزن 11 گرمی,https://www.khanoumi.com/products/flormar-wet-and-dry-compact-powder-4653,سلام لطفا شماره09 این محصول رو شارژ کنید و در شانس هم قرار بدید..من چندین بار خواستم خرید کنم موفق نشدم,7,true,2017-02-22T01:40:03.8466667+00:00,منفی,0.67,محصول,محصول
پنکک دوکاره مدل Wet and Dry مناسب انواع پوست وزن 11 گرمی,https://www.khanoumi.com/products/flormar-wet-and-dry-compact-powder-4653,شانس لطفا,5,true,2017-02-01T11:07:43.2833333+00:00,خنثی,0.35,سایر,سایر
پنکک دوکاره مدل Wet and Dry مناسب انواع پوست وزن 11 گرمی,https://www.khanoumi.com/products/flormar-wet-and-dry-compact-powder-4653,شماره w07 این پنکک نیست؟ من قبلا این شماره ش رو خریداری کرده بودم و میخوام باز از همین شماره ش بخرم.,12,true,2016-11-24T12:45:10.39+00:00,خنثی,0.35,محصول,محصول
پنکک دوکاره مدل Wet and Dry مناسب انواع پوست وزن 11 گرمی,https://www.khanoumi.com/products/flormar-wet-and-dry-compact-powder-4653,این واقعا عالیه. خیلی راضی بودم ازش. مخصوصا اگه به صورت مرطوب ازش استفاده بشه ماندگاری بالایی داره. برای پوست من که خیلی چربه خیلی خوب بود و ریزش نداشت. روش یکم پودر فیکس هم بزنید بهتر میشه. فقط بنظرم یه مقدار سنگینه رو پوست. ,4,true,2016-11-23T20:38:57.1533333+00:00,مثبت,0.95,محصول | اصل بودن کالا,محصول
پنکک دوکاره مدل Wet and Dry مناسب انواع پوست وزن 11 گرمی,https://www.khanoumi.com/products/flormar-wet-and-dry-compact-powder-4653,"خانم "" بهرامی"" عزیز / پد پنکک خود را کاملا به آب آغشته کنید . سپس با فشار دست آب اضافی آن را کاملا گرفته بطوری که پس از فشار پد آب از آن  نچکدو فقط رطوبت ناشی از آب در بافت پد باقی بماند . سپس پد را روی پنکک کشیده و بصورت ضربه ایی آرام  روی پوست بزنید ",5,false,2016-11-09T09:34:31.21+00:00,خنثی,0.35,محصول,محصول
پنکک دوکاره مدل Wet and Dry مناسب انواع پوست وزن 11 گرمی,https://www.khanoumi.com/products/flormar-wet-and-dry-compact-powder-4653,"سلام
طرز استفاده دقیق این محصول با پد مرطوب به چه شکلیه دقیقا؟
با تشکر",2,true,2016-11-09T00:09:10.6566667+00:00,خنثی,0.35,محصول,محصول
پنکک دوکاره مدل Wet and Dry مناسب انواع پوست وزن 11 گرمی,https://www.khanoumi.com/products/flormar-wet-and-dry-compact-powder-4653,خانم انصاری عزیز / هر دو بصورت مجزا به پوست کاور میدهند، اما در صورت تمایل نیز باهم میتوانید استفاده داشته باشید,1,false,2016-10-20T22:27:46.5766667+00:00,خنثی,0.35,محصول,محصول
پنکک دوکاره مدل Wet and Dry مناسب انواع پوست وزن 11 گرمی,https://www.khanoumi.com/products/flormar-wet-and-dry-compact-powder-4653,سلام آیا این پن کیک میشه با موس میلبیلین  استفاده؟,2,false,2016-10-20T13:13:56.99+00:00,خنثی,0.35,محصول,محصول
پنکک دوکاره مدل Wet and Dry مناسب انواع پوست وزن 11 گرمی,https://www.khanoumi.com/products/flormar-wet-and-dry-compact-powder-4653,"خانم "" دری "" عزیز / میتوانید در صفحه محصول آیکون "" به من اطلاع بده "" را فعال کنید تا هم شانس در تخفیف قرار گرفتن محصول مورد علاقه تان را افزایش دهید و هم در زمان در تخفیف قرار گرفتن آن از طریق پیامک و ایمیل اطلاع پیدا کنید .",2,false,2016-09-17T11:34:17.2766667+00:00,منفی,0.79,محصول | قیمت,محصول
پنکک دوکاره مدل Wet and Dry مناسب انواع پوست وزن 11 گرمی,https://www.khanoumi.com/products/flormar-wet-and-dry-compact-powder-4653,Shanse eyde ghorban bezarin lotfan,3,false,2016-09-15T20:59:03.0666667+00:00,خنثی,0.35,سایر,سایر
پنکک دوکاره مدل Wet and Dry مناسب انواع پوست وزن 11 گرمی,https://www.khanoumi.com/products/flormar-wet-and-dry-compact-powder-4653,"خانم ""صفی "" عزیز / از اینکه تجربه مصرف خود از محصول فوق را با ما و دیگر همراهان ""خانومی"" در میان گذاشتید بسیار سپاسگزاریم و بسیار خرسندیم که خرید از ""خانومی"" برای شما رضایتمندی را به همراه داشته است .
",0,false,2016-08-13T11:58:53.0766667+00:00,مثبت,0.67,محصول,محصول
پنکک دوکاره مدل Wet and Dry مناسب انواع پوست وزن 11 گرمی,https://www.khanoumi.com/products/flormar-wet-and-dry-compact-powder-4653,فوق العاده است. من 2 سری ازش خریدم. برای پوست های برنزه هلویی متوسط خوبه. ,2,true,2016-08-13T10:48:28.3866667+00:00,مثبت,0.91,محصول,محصول
پنکک دوکاره مدل Wet and Dry مناسب انواع پوست وزن 11 گرمی,https://www.khanoumi.com/products/flormar-wet-and-dry-compact-powder-4653,"خانم "" شهاب خواه "" عزیز / جهت دریافت مشاوره و انتخاب هرچه مناسبتر محصول و رنگ مطابق خواسته و پوستتان میتوانید با فروشگاه تماس حاصل کنید و یا به تلگرام خانومی پیام دهید و یا با مشاور آنلاین سایت گفتگو داشته باشید . (شماره فروشگاه : 02143905050/ شماره تلگرام : [redacted-phone])",1,false,2016-08-09T16:16:36.0466667+00:00,مثبت,0.67,محصول | اصل بودن کالا | خدمات و پشتیبانی,محصول
پنکک دوکاره مدل Wet and Dry مناسب انواع پوست وزن 11 گرمی,https://www.khanoumi.com/products/flormar-wet-and-dry-compact-powder-4653,"ببخشید برای پوست گندمی کدوم رنگ مناسب تره؟میخام یک درجه تیره تر از پوستم باشه
و اینکه به جز این پنکیککدوم برای پوست چرب با پوشانندگی بالا مناسب تره؟؟؟؟",2,false,2016-08-09T15:49:24.7966667+00:00,خنثی,0.35,محصول,محصول
پنکک دوکاره مدل Wet and Dry مناسب انواع پوست وزن 11 گرمی,https://www.khanoumi.com/products/flormar-wet-and-dry-compact-powder-4653,لطفاً شماره 4 و 5 رو هم موجود کنید. متتشکرم,9,true,2016-04-21T15:08:15.2733333+00:00,خنثی,0.35,محصول,محصول
پنکک دوکاره مدل Wet and Dry مناسب انواع پوست وزن 11 گرمی,https://www.khanoumi.com/products/flormar-wet-and-dry-compact-powder-4653,خانم حلی عزیز / بله شماره w4 روشن است و اینکه ممانعت مصرف همزمان با کرم پودر کامفورت مات دبورا نخواهید داشت .,2,false,2016-03-23T18:24:25.35+00:00,خنثی,0.35,محصول,محصول
پنکک دوکاره مدل Wet and Dry مناسب انواع پوست وزن 11 گرمی,https://www.khanoumi.com/products/flormar-wet-and-dry-compact-powder-4653,میخواستم این پنکیک رو با کرم پودر کامفورت مات دبورا استفاده کنم بنظرتون خوبه یا نه,6,true,2016-03-18T14:03:06.6266667+00:00,مثبت,0.79,محصول,محصول
پنکک دوکاره مدل Wet and Dry مناسب انواع پوست وزن 11 گرمی,https://www.khanoumi.com/products/flormar-wet-and-dry-compact-powder-4653,ببخشید شمارهه w4روشنه,3,true,2016-03-18T14:00:27.46+00:00,خنثی,0.35,سایر,سایر
پنکک دوکاره مدل Wet and Dry مناسب انواع پوست وزن 11 گرمی,https://www.khanoumi.com/products/flormar-wet-and-dry-compact-powder-4653,سلام.من پوستم سبزست.کدو شمارشو باید بگیرم؟ میخام رنگ پوستم باشه,18,false,2016-02-18T08:05:35.8+00:00,خنثی,0.35,محصول,محصول
کرم پودر مدل Perfect Cover مناسب انواع پوست حجم 30 میلی لیتر,https://www.khanoumi.com/products/flormar-perfect-cover-foundation-4655,"کاور متوسطی روبه بالایی داره  ضد آب و تعریق هستش و حجم خوبی هم داره اس پی اف هم داره ولی من بوشو دوست ندارم 
قیمتش هم کمی بالاست",0,false,2024-10-24T15:30:42.9535428+00:00,مثبت,0.67,محصول | قیمت,محصول
کرم پودر مدل Perfect Cover مناسب انواع پوست حجم 30 میلی لیتر,https://www.khanoumi.com/products/flormar-perfect-cover-foundation-4655,شماره 101 خیلی روشنه؟!,0,false,2024-01-26T01:54:19+00:00,خنثی,0.35,سایر,سایر
کرم پودر مدل Perfect Cover مناسب انواع پوست حجم 30 میلی لیتر,https://www.khanoumi.com/products/flormar-perfect-cover-foundation-4655,سلام لطفا شماره 102 رو موجود کنید,0,false,2023-12-22T16:24:57+00:00,خنثی,0.35,محصول,محصول
کرم پودر مدل Perfect Cover مناسب انواع پوست حجم 30 میلی لیتر,https://www.khanoumi.com/products/flormar-perfect-cover-foundation-4655,سلام لطفا شماره 105 استخونی روشن رو موجود کنیددددد,0,false,2023-12-14T00:53:42+00:00,خنثی,0.35,محصول,محصول
کرم پودر مدل Perfect Cover مناسب انواع پوست حجم 30 میلی لیتر,https://www.khanoumi.com/products/flormar-perfect-cover-foundation-4655,کاش واسه بلک فرایندی تخفیف میذاشتید,0,false,2023-11-24T01:47:43+00:00,خنثی,0.35,قیمت,قیمت
کرم پودر مدل Perfect Cover مناسب انواع پوست حجم 30 میلی لیتر,https://www.khanoumi.com/products/flormar-perfect-cover-foundation-4655,سلام کاش زودتر شارژ کنین من تا اومدم بخرم تموم شدخریدمو خیلی وقته نگه داشتم به خاطر این کرم پودر,0,true,2023-08-27T10:57:43+00:00,خنثی,0.35,محصول,محصول
کرم پودر مدل Perfect Cover مناسب انواع پوست حجم 30 میلی لیتر,https://www.khanoumi.com/products/flormar-perfect-cover-foundation-4655,سلام چه موقع شارژ میشه ,0,false,2023-08-23T14:45:51+00:00,خنثی,0.35,محصول,محصول
کرم پودر مدل Perfect Cover مناسب انواع پوست حجم 30 میلی لیتر,https://www.khanoumi.com/products/flormar-perfect-cover-foundation-4655,عاااالی بود بسیار سبک و همون لحظه جذب پوست شد من شماره 103خریدم فوق العادست حتما بخرید ارزش داره,2,false,2022-09-01T11:52:37+00:00,خنثی,0.35,محصول,محصول
کرم پودر مدل Perfect Cover مناسب انواع پوست حجم 30 میلی لیتر,https://www.khanoumi.com/products/flormar-perfect-cover-foundation-4655,من دیروز برای اولین بار از این کرم پودر استفاده کردم و عالی بود،اگر فلورمار تخفیف بزاره خیلی خوب میشه.,7,false,2022-07-11T12:18:28+00:00,مثبت,0.95,محصول | قیمت,محصول
کرم پودر مدل Perfect Cover مناسب انواع پوست حجم 30 میلی لیتر,https://www.khanoumi.com/products/flormar-perfect-cover-foundation-4655,واقعا خیلی مزخرف بود رو پوست میماسه و اصل نیست,23,true,2022-04-14T19:36:45+00:00,منفی,0.67,محصول | اصل بودن کالا,اصل بودن کالا
کرم پودر مدل Perfect Cover مناسب انواع پوست حجم 30 میلی لیتر,https://www.khanoumi.com/products/flormar-perfect-cover-foundation-4655,سلام من این کرم پودر خریدم خیلی عالی و خوب بود پوشانندگی بالا مخملی شکلی داره پوست لطیف میکنه و درکل باعث جوش هم نمیشه ,23,false,2021-07-28T12:21:34+00:00,مثبت,0.91,محصول,محصول
کرم پودر مدل Perfect Cover مناسب انواع پوست حجم 30 میلی لیتر,https://www.khanoumi.com/products/flormar-perfect-cover-foundation-4655,کاور خیلی خوبی داره مخملیه پوشش خوبی داره,15,false,2020-05-27T14:54:22+00:00,مثبت,0.91,محصول,محصول
کرم پودر مدل Perfect Cover مناسب انواع پوست حجم 30 میلی لیتر,https://www.khanoumi.com/products/flormar-perfect-cover-foundation-4655,ماندگاریش بالاست,14,false,2020-04-29T01:49:51+00:00,خنثی,0.35,محصول,محصول
کرم پودر مدل Perfect Cover مناسب انواع پوست حجم 30 میلی لیتر,https://www.khanoumi.com/products/flormar-perfect-cover-foundation-4655,بهترین کرم که سبکه و‌کاور تقریبا بالایی داره ، عالیهههه روی پوست 👌🏻😍 کاش زود به زود شارژ کنید.,4,false,2019-11-20T12:23:47+00:00,مثبت,0.91,محصول,محصول
کرم پودر مدل Perfect Cover مناسب انواع پوست حجم 30 میلی لیتر,https://www.khanoumi.com/products/flormar-perfect-cover-foundation-4655,برای من که پوستم روشنه چه شماره ای خوبه و آیا موجوده,28,false,2019-07-04T15:47:03.75+00:00,مثبت,0.79,محصول,محصول
کرم پودر مدل Perfect Cover مناسب انواع پوست حجم 30 میلی لیتر,https://www.khanoumi.com/products/flormar-perfect-cover-foundation-4655,"به نظر من این بهترین کرم پودر ساخته شدست
",30,false,2018-05-23T02:18:48.38+00:00,مثبت,0.67,محصول,محصول
کرم پودر مدل Perfect Cover مناسب انواع پوست حجم 30 میلی لیتر,https://www.khanoumi.com/products/flormar-perfect-cover-foundation-4655,سلام، ای بابا پس کی شارژ میشه؟؟؟؟؟؟؟؟واقعا که ,33,false,2018-04-20T18:20:05.5566667+00:00,خنثی,0.35,سایر,سایر
کرم پودر مدل Perfect Cover مناسب انواع پوست حجم 30 میلی لیتر,https://www.khanoumi.com/products/flormar-perfect-cover-foundation-4655,لطفا این کرم پودرو شماره ۱۱۴رو موجود کنین من خیلی وقته منتظرم  ممنون🙏🏻,9,false,2018-04-08T14:57:17.4966667+00:00,مثبت,0.67,محصول,محصول
کرم پودر مدل Perfect Cover مناسب انواع پوست حجم 30 میلی لیتر,https://www.khanoumi.com/products/flormar-perfect-cover-foundation-4655,تو روخدا شارژ کنید ، چرا موجود نمیشه آخه این همه درخواست کندده داره !,9,false,2018-03-18T11:05:33.1+00:00,خنثی,0.35,محصول,محصول
کرم پودر مدل Perfect Cover مناسب انواع پوست حجم 30 میلی لیتر,https://www.khanoumi.com/products/flormar-perfect-cover-foundation-4655,"واقعا تشکر ویژه از این پشتیبانی و بررسی نظراتتون...
یک بار تصمیم گرفتم از سایت خرید کنم که پشیمون شدم. 
موفق باشید. از رسیدگیتونم واقعا ممنون که ماهی یک بار به نظرات سر میزنید..
",3,false,2018-03-15T21:03:55.8666667+00:00,ترکیبی,0.66,محصول | خدمات و پشتیبانی | تحویل و ارسال,محصول
کرم پودر مدل Perfect Cover مناسب انواع پوست حجم 30 میلی لیتر,https://www.khanoumi.com/products/flormar-perfect-cover-foundation-4655,"سلام چی شد پس؟ دو روز گذشت. شما گفتید فردا شارژ میشه؟ آیا شارژ شده و دیگه تموم شده یا هنوز موجود نشده؟سایت چطوری هست؟ باید تند تند چک کنم یا با توجه به قسمت به من اطلاع بده نیاز به چک کردن ساعت به ساعت نیست؟ ضروری هست به موقع رسیدنش 
لطفا پاسخگو باشید. با تشکر",5,false,2018-03-14T23:24:06.9633333+00:00,منفی,0.79,محصول | خدمات و پشتیبانی | تحویل و ارسال,محصول
کرم پودر مدل Perfect Cover مناسب انواع پوست حجم 30 میلی لیتر,https://www.khanoumi.com/products/flormar-perfect-cover-foundation-4655,گفته بودین 22ام شارژ میشه،چی شد پس؟هیشکی نیس اینجا ی جواب درس به مشتری بده واقعا,1,false,2018-03-14T10:31:00.39+00:00,منفی,0.79,محصول,محصول
کرم پودر مدل Perfect Cover مناسب انواع پوست حجم 30 میلی لیتر,https://www.khanoumi.com/products/flormar-perfect-cover-foundation-4655,موجوده با تموم شده بالاخره؟,1,false,2018-03-13T02:22:39.5866667+00:00,خنثی,0.35,محصول,محصول
کرم پودر مدل Perfect Cover مناسب انواع پوست حجم 30 میلی لیتر,https://www.khanoumi.com/products/flormar-perfect-cover-foundation-4655,آیا کسی چک میکنه سایت رو؟ و نظرات رو؟  از 14 اسفند یعنی کسی ندیده که متقاضی داره این محصول؟,3,false,2018-03-12T21:23:31.8666667+00:00,خنثی,0.35,محصول,محصول
کرم پودر مدل Perfect Cover مناسب انواع پوست حجم 30 میلی لیتر,https://www.khanoumi.com/products/flormar-perfect-cover-foundation-4655,با سلام چرا فقط یک رنگ خیلی تیره باقی مانده و رنگ هایی که به طور معمول مورد استفاده قرار میگیرد موجود نمی باشد؟ اکثرا واسه عید نیاز دارند لطفا سریع تر شارژ کنید. اگر قصد شارژ کردن محصول و رنگ های روشن تر( واسه خودم شماره 108) را ندارید لطفا اطلاع رسانی کنید تا به فکر باشیم و منتظر نمونیم. با تشکر,1,false,2018-03-12T21:16:01.1933333+00:00,خنثی,0.35,محصول,محصول
کرم پودر مدل Perfect Cover مناسب انواع پوست حجم 30 میلی لیتر,https://www.khanoumi.com/products/flormar-perfect-cover-foundation-4655,برام سواله که چرا تخفیف میزنین وقتی رنگا موجود نیس😐,6,false,2018-03-11T12:32:14.5233333+00:00,خنثی,0.35,محصول | قیمت,محصول
کرم پودر مدل Perfect Cover مناسب انواع پوست حجم 30 میلی لیتر,https://www.khanoumi.com/products/flormar-perfect-cover-foundation-4655,پس كي رنگاشو شارژ ميكتيد؟واسه عيد ميخوايم,6,false,2018-03-05T22:35:02.53+00:00,خنثی,0.35,محصول,محصول
کرم پودر مدل Perfect Cover مناسب انواع پوست حجم 30 میلی لیتر,https://www.khanoumi.com/products/flormar-perfect-cover-foundation-4655,سلام من خیلی منتظر موندم این محصولتونو در رنگهای دیگه اش رو هم موجود کنید لطفا نمیخام از سایتهای دیگه خریداری کنم چون از محصولات شما واقعا راضی هستم ,5,false,2018-03-05T15:58:51.3666667+00:00,مثبت,0.67,محصول,محصول
کرم پودر مدل Perfect Cover مناسب انواع پوست حجم 30 میلی لیتر,https://www.khanoumi.com/products/flormar-perfect-cover-foundation-4655,سلام خسته نباشید من پوستم سبزه هست .و دوست دارم کرم پودرم یکم روشن تر باشه از پوستم و طبیعی جلوه بده .کدوم شماره مناسب منه؟,7,false,2018-02-20T12:01:46.5333333+00:00,منفی,0.79,محصول,محصول
کرم پودر مدل Perfect Cover مناسب انواع پوست حجم 30 میلی لیتر,https://www.khanoumi.com/products/flormar-perfect-cover-foundation-4655,لطفا قبل از سال نو تمام رنگاشو شارژ کنین وتو شانس تخفیف هم بزارین ممنون,13,false,2018-02-14T14:59:58.6+00:00,مثبت,0.67,محصول | قیمت,محصول
کرم پودر مدل Perfect Cover مناسب انواع پوست حجم 30 میلی لیتر,https://www.khanoumi.com/products/flormar-perfect-cover-foundation-4655,چرا خریدهای این سری من نمیرسه دستم ؟ توشون شماره ۱۰۲ این کرمم بود,3,true,2017-12-02T19:39:24.6666667+00:00,خنثی,0.35,محصول,محصول
کرم پودر مدل Perfect Cover مناسب انواع پوست حجم 30 میلی لیتر,https://www.khanoumi.com/products/flormar-perfect-cover-foundation-4655,الان داشتم ویدئوهای خارجی این مدل از کرم‌پودر فلورمار رو تماشا میکردم تمام‌جوش ها ی درشت و قرمز رو کاور کرد رسما.....البته من جوش نداره صورت ام ....اما عاااالی بود کاورش روی پوستهای پر از جوش قرمز,5,true,2017-11-24T08:06:30.49+00:00,خنثی,0.35,محصول,محصول
کرم پودر مدل Perfect Cover مناسب انواع پوست حجم 30 میلی لیتر,https://www.khanoumi.com/products/flormar-perfect-cover-foundation-4655,من مدل مات از فلورمار رو هم دارم ...... کرم پودر تارت که ۲۲۰ تومن هست رو مدتی قبل از پیج اینستا خریدم . کاوریج متوسط به بالایی داره اما فلورمار کاوریج کاملا بالایی داره و واقعا مناسب مهمانی ِهست.,2,true,2017-11-24T06:24:35.2166667+00:00,خنثی,0.35,محصول,محصول
کرم پودر مدل Perfect Cover مناسب انواع پوست حجم 30 میلی لیتر,https://www.khanoumi.com/products/flormar-perfect-cover-foundation-4655,امروز کنار چند قلم‌جنس دیگه به فاصله ی چهار پنج روز از خرید شماره ۱۰۴ اش ، شماره ی ۱۰۲ که بژ ملایم هست رو هم‌ سفارش دادم .واقعا کاوریج بالایی داره و ماندگاره این کرم پودر .قلق زدنش اینه که زیاد ازش نزنین تا حالت اصطلاحا کیکی به وجود نیاد. شماره ی ۱۰۴ اش دقیقا رنگ‌کرم پودر مک NC42 من هست که ۱۷۰ خریدم با این تفاوت که فلورمار کاور بالاتری داره و مانگارتره با قیمت بسیار مناسب.,0,true,2017-11-24T06:21:49.9666667+00:00,مثبت,0.67,محصول | اصل بودن کالا | قیمت,محصول
کرم پودر مدل Perfect Cover مناسب انواع پوست حجم 30 میلی لیتر,https://www.khanoumi.com/products/flormar-perfect-cover-foundation-4655,عاااالی بود . من رنگ ۱۰۴ رو خریدم .کاملا مناسب پوستهای کندمی روشن تا گندمی متوسطه و کاوریج بالایی داره.,0,true,2017-11-22T13:52:58.0933333+00:00,خنثی,0.35,محصول,محصول
کرم پودر مدل Perfect Cover مناسب انواع پوست حجم 30 میلی لیتر,https://www.khanoumi.com/products/flormar-perfect-cover-foundation-4655,"سلام، لطفا رنگاى تيره رو شارژ كنيد🌹و تو فروش تابستونى قرارش بدين☺️
من دوبار ازش استفاده كردمو خيلى راضيم",4,true,2017-07-13T11:45:21.6366667+00:00,ترکیبی,0.74,محصول,محصول
کرم پودر مدل Perfect Cover مناسب انواع پوست حجم 30 میلی لیتر,https://www.khanoumi.com/products/flormar-perfect-cover-foundation-4655,آف افطار تا سحر لطفاااااا,2,true,2017-05-30T08:43:06.33+00:00,خنثی,0.35,سایر,سایر
کرم پودر مدل Perfect Cover مناسب انواع پوست حجم 30 میلی لیتر,https://www.khanoumi.com/products/flormar-perfect-cover-foundation-4655,تو رو خدا امشب باز تیره ترین رنگشو بزارین توی شانس من‌می خاممممممممم😢😢😭😭😭,3,true,2017-05-28T06:47:10.6366667+00:00,خنثی,0.35,محصول,محصول
کرم پودر مدل Perfect Cover مناسب انواع پوست حجم 30 میلی لیتر,https://www.khanoumi.com/products/flormar-perfect-cover-foundation-4655,تا اومدم بخرم تخفیف رو برداشتین‌..تیره ترین رنگ رو برای کانتور می خواستم,0,true,2017-05-28T06:04:49.7966667+00:00,خنثی,0.35,محصول | قیمت,محصول
کرم پودر مدل Perfect Cover مناسب انواع پوست حجم 30 میلی لیتر,https://www.khanoumi.com/products/flormar-perfect-cover-foundation-4655,با اجازه خانومی ::::: دوستان برای اینکه رنگ‌صحیح رو انتخاب کنین - چه کرم پودر .چه روژگونه.چه روژ و...- نام محصول رو توی گوگل به انگلیسی یا فارسی وارد کنین و عکس و ویدئوهاش که تست شده  روی پوست یا تناژ رنگ در عکسهای مختلف یک محصول رو ببینید.من همیشه این کار رو میکتم و همیشه هم انتخاب رنگ ام درست در میاد.گفتم که به شما هم این روش رو متذکر شه باشم.مرسی,13,true,2017-05-27T23:02:51.01+00:00,مثبت,0.67,محصول,محصول
کرم پودر مدل Perfect Cover مناسب انواع پوست حجم 30 میلی لیتر,https://www.khanoumi.com/products/flormar-perfect-cover-foundation-4655,"واقعا عالیه 
من بار دومه از این مارک خرید میکنم وکاملا متناسب با پوستمه
پوشش دهی عالیییی داره با ماندگاری بالا 
توصیه میکنم حتما بخرین",5,true,2017-04-09T12:59:40.9333333+00:00,مثبت,0.95,محصول,محصول
کرم پودر مدل Perfect Cover مناسب انواع پوست حجم 30 میلی لیتر,https://www.khanoumi.com/products/flormar-perfect-cover-foundation-4655,سلام، من اين محصول امروز بدستم رسيد، رنگ ١٠٢ رو خريدم كه كاملا متناسب با رنگ پوستمه.,4,true,2017-04-06T14:03:16.4633333+00:00,منفی,0.67,محصول | تحویل و ارسال,محصول
کرم پودر مدل Perfect Cover مناسب انواع پوست حجم 30 میلی لیتر,https://www.khanoumi.com/products/flormar-perfect-cover-foundation-4655,لطفا تو شانس ده ده قرارش بدین🌹,7,false,2017-02-20T20:22:44.5366667+00:00,منفی,0.67,سایر,سایر
کرم پودر مدل Perfect Cover مناسب انواع پوست حجم 30 میلی لیتر,https://www.khanoumi.com/products/flormar-perfect-cover-foundation-4655,لطفا تو شانس ده ده قرارش بدین🌹,4,false,2017-02-20T20:22:44.0066667+00:00,منفی,0.67,سایر,سایر
کرم پودر مدل Perfect Cover مناسب انواع پوست حجم 30 میلی لیتر,https://www.khanoumi.com/products/flormar-perfect-cover-foundation-4655,لطفا تو شانس ده ده قرارش بدین🌹,3,false,2017-02-20T20:22:39.9666667+00:00,منفی,0.67,سایر,سایر
کرم پودر مدل Perfect Cover مناسب انواع پوست حجم 30 میلی لیتر,https://www.khanoumi.com/products/flormar-perfect-cover-foundation-4655,واقعا حالت ماسك داره تو نور خيلي پوست زشت ميشه اما خوب كاورش خيلي بالاست,4,true,2017-02-10T13:52:38.44+00:00,مثبت,0.67,محصول,محصول
کرم پودر مدل Perfect Cover مناسب انواع پوست حجم 30 میلی لیتر,https://www.khanoumi.com/products/flormar-perfect-cover-foundation-4655,"با سلام و عرصه ادب به تمامی کارکنان خانومی
ممنون از زحمات بسیار شما ، من این کرم پودر رو تهیه کردم ، خیلی مناسب و کاور بالایی داره منتها یه مقدار چربه که برای خرید باید به این موضوع توجه بشه",9,false,2016-11-25T18:25:33.9733333+00:00,مثبت,0.67,محصول,محصول
کرم پودر مدل Perfect Cover مناسب انواع پوست حجم 30 میلی لیتر,https://www.khanoumi.com/products/flormar-perfect-cover-foundation-4655,من اینو داشتم خیلی کاورش زیاده وحالت ماسک داره اصلا سبک نیست,5,false,2016-10-09T19:04:35.1133333+00:00,منفی,0.67,اصل بودن کالا,اصل بودن کالا
کرم پودر مدل Perfect Cover مناسب انواع پوست حجم 30 میلی لیتر,https://www.khanoumi.com/products/flormar-perfect-cover-foundation-4655,کاربر عزیز/ میتوانید جهت دریافت مشاوره و انتخاب هرچه مناسبتر رنگ محصول مطابق با پوست تان، به تلگرام خانومی پیام دهید، تا شمارا راهنمایی کنند.,3,false,2016-07-07T01:08:15.4866667+00:00,خنثی,0.35,محصول,محصول
کرم پودر مدل Perfect Cover مناسب انواع پوست حجم 30 میلی لیتر,https://www.khanoumi.com/products/flormar-perfect-cover-foundation-4655,توی معمولترین رنگ مورد استفاده ش کدومه؟,0,false,2016-07-06T02:43:28.0966667+00:00,خنثی,0.35,محصول,محصول
کرم پودر مدل Perfect Cover مناسب انواع پوست حجم 30 میلی لیتر,https://www.khanoumi.com/products/flormar-perfect-cover-foundation-4655,"خانم پورعلی عزیز / جهت مشاوره و انتخاب هرچه مناسبتر محصول مطابق با پوستتان میتوانید از طریق تلگرام و تماس با فروشگاه و چت آنلاین سایت با مشاورین ""خانومی "" در ارتباط باشید . ",3,false,2016-05-24T09:50:15.3366667+00:00,خنثی,0.35,محصول | خدمات و پشتیبانی,محصول
کرم پودر مدل Perfect Cover مناسب انواع پوست حجم 30 میلی لیتر,https://www.khanoumi.com/products/flormar-perfect-cover-foundation-4655,برای پوست گندمی سفید رنگ creamy baige خوبه؟؟,2,false,2016-05-24T02:23:02.26+00:00,مثبت,0.79,محصول,محصول
کرم پودر مدل Perfect Cover مناسب انواع پوست حجم 30 میلی لیتر,https://www.khanoumi.com/products/flormar-perfect-cover-foundation-4655,لطفا این محصولو در شانس قرار بدید، تشکر,5,false,2016-05-15T11:57:22.58+00:00,منفی,0.67,محصول,محصول
کرم پودر مدل Perfect Cover مناسب انواع پوست حجم 30 میلی لیتر,https://www.khanoumi.com/products/flormar-perfect-cover-foundation-4655,خانم فتاحی عزیز / جهت دریافت مشاوره و انتخاب هرچه مناسبتر محصول مطابق با شرایط پوستی شما میتوانید با مشاور آنلاین سایت گفتگو کنید و یا به تلگرام خانومی ([redacted-phone]) پیام دهید . ,0,false,2016-05-14T10:32:19.9066667+00:00,خنثی,0.35,محصول,محصول
کرم پودر مدل Perfect Cover مناسب انواع پوست حجم 30 میلی لیتر,https://www.khanoumi.com/products/flormar-perfect-cover-foundation-4655,صورت من لك داره ميخوام كامل بپوشنه لك هارا وميخوام روشن باشه كدوم رنگ برامن خوبه .ون ماسه روصورت,5,true,2016-05-12T14:25:18.8633333+00:00,مثبت,0.79,محصول,محصول
کرم پودر مدل Perfect Cover مناسب انواع پوست حجم 30 میلی لیتر,https://www.khanoumi.com/products/flormar-perfect-cover-foundation-4655,ايالك هاراميپوشونه ورو صورت نمي ماسه؟,10,true,2016-05-12T14:21:03.8666667+00:00,خنثی,0.35,سایر,سایر
کرم پودر مدل Perfect Cover مناسب انواع پوست حجم 30 میلی لیتر,https://www.khanoumi.com/products/flormar-perfect-cover-foundation-4655,کاور این کرم‌پودر بسیار خوبه اما در عین حال کرم سنگینی هست، من دو رنگ روشن و تیره مناسب کانتورینگ از شما خریدم و نسبت به قیمت محصول بسیار راضیم,6,true,2016-04-12T04:37:55.81+00:00,مثبت,0.95,محصول | قیمت,محصول
کرم پودر مدل Perfect Cover مناسب انواع پوست حجم 30 میلی لیتر,https://www.khanoumi.com/products/flormar-perfect-cover-foundation-4655,وای من نمی دونم چرا رو پوستم می ماسه :(,5,true,2016-03-14T14:44:15.4733333+00:00,خنثی,0.35,محصول,محصول
کرم پودر مدل Perfect Cover مناسب انواع پوست حجم 30 میلی لیتر,https://www.khanoumi.com/products/flormar-perfect-cover-foundation-4655,سلام میشه در مورد رنگ کمکم کنید من صورتم گندمیه چه شماره ایی بزنم,1,true,2016-02-19T12:02:32.2333333+00:00,خنثی,0.35,محصول,محصول
کرم پودر مدل Perfect Cover مناسب انواع پوست حجم 30 میلی لیتر,https://www.khanoumi.com/products/flormar-perfect-cover-foundation-4655,shans lotfan,4,false,2016-02-11T20:32:30.66+00:00,خنثی,0.35,سایر,سایر
کرم پودر مدل Perfect Cover مناسب انواع پوست حجم 30 میلی لیتر,https://www.khanoumi.com/products/flormar-perfect-cover-foundation-4655,راحیل عزیز / این کرم پودر پوشش کاملی به شما میدهد و همانطور که در توضیحات محصول هم  درج شده  ماندگاری بالایی دارد و به دلیل دارا بودن از طیف بالایی از تناژ های توصیه میکنم جهت انتخاب بهتر برای رنگ محصول از مشاور آنلاین سایت کمک بگیرید یا با شماره تماس های فروشگاه جهت مشاوره ارتباط برقرار کنید,2,false,2016-01-30T16:25:45.3066667+00:00,مثبت,0.79,محصول | خدمات و پشتیبانی,محصول
کرم پودر مدل Perfect Cover مناسب انواع پوست حجم 30 میلی لیتر,https://www.khanoumi.com/products/flormar-perfect-cover-foundation-4655,سلام من پوستم روشنه میخوام روشنتر و کاملا صاف بشه در ضمن من فقط در مهمانی و عروسی از کرم پودر استفاده میکنم آیا این کرم برای من مناسب است چه شماره ای؟,9,false,2016-01-30T12:37:12.8433333+00:00,خنثی,0.35,محصول,محصول
رژ لب مدل Long Wearing وزن 5 گرمی,https://www.khanoumi.com/products/flormar-long-wearing-lipstick-4656,خیلی براق بود,0,true,2023-12-09T20:58:09+00:00,خنثی,0.35,محصول,محصول
رژ لب مدل Long Wearing وزن 5 گرمی,https://www.khanoumi.com/products/flormar-long-wearing-lipstick-4656,لطفا رنگ شماره 30 رو شارژ کنید عالیههه,0,true,2023-11-30T21:16:35+00:00,مثبت,0.79,محصول,محصول
رژ لب مدل Long Wearing وزن 5 گرمی,https://www.khanoumi.com/products/flormar-long-wearing-lipstick-4656,باسلام لطفا بازم این رژلب رو شارژ کنید,0,true,2023-11-27T14:21:56+00:00,خنثی,0.35,سایر,سایر
رژ لب مدل Long Wearing وزن 5 گرمی,https://www.khanoumi.com/products/flormar-long-wearing-lipstick-4656,لطفا رنگ های بیشتری شارژ کنید ممنون,0,false,2023-10-03T14:02:21+00:00,مثبت,0.67,محصول,محصول
رژ لب مدل Long Wearing وزن 5 گرمی,https://www.khanoumi.com/products/flormar-long-wearing-lipstick-4656,5 تا از این رژ رو گرفتم، رژ خوبیه عکسهاشو برای شما میذارم که تو انتخاب رنگ بهتون کمک کنه.,9,true,2023-03-01T15:43:23+00:00,مثبت,0.67,محصول,محصول
رژ لب مدل Long Wearing وزن 5 گرمی,https://www.khanoumi.com/products/flormar-long-wearing-lipstick-4656,بافت نرمی داره رنگش خوبه,1,false,2023-01-12T00:11:00+00:00,مثبت,0.79,محصول,محصول
رژ لب مدل Long Wearing وزن 5 گرمی,https://www.khanoumi.com/products/flormar-long-wearing-lipstick-4656,من قرمز تیره ۱۳ گرفتم. رنگش تیره نیس ولی خیلی قشنگه البته من خیلی کم ازش زدم رو لب، بیشتر بزنی یکم تیره تر میشه. و بافتش عالیه نرممممه روی لب اصلا حسش نمیکنی ی بافت خوبیم داره اصلا ماده رو لبت نیس و جامد نیس. ماندگاریشم معمولیه مث همه رژای جامد پاک میشه فیکس نیس. ولی رو لیوان نمیشینه . میخام رنگای دیگشم بگیرم,9,true,2022-08-14T19:50:38+00:00,ترکیبی,0.87,محصول | اصل بودن کالا,محصول
رژ لب مدل Long Wearing وزن 5 گرمی,https://www.khanoumi.com/products/flormar-long-wearing-lipstick-4656,واااقعا عالی و ویتامینه‌اس رژلب‌اش و رنگ‌های خیلی خوبی داره😉,8,false,2020-04-22T14:27:53+00:00,مثبت,0.91,محصول,محصول
رژ لب مدل Long Wearing وزن 5 گرمی,https://www.khanoumi.com/products/flormar-long-wearing-lipstick-4656,من l12 رو گرفتم رنگ خوبی بود ماندگاری خوبی هم داشت راضی بودم,17,false,2017-12-25T16:02:22.73+00:00,مثبت,0.91,محصول,محصول
رژ لب مدل Long Wearing وزن 5 گرمی,https://www.khanoumi.com/products/flormar-long-wearing-lipstick-4656,من عسلی رو گرفتم خیلی خوشرنگه و بافت خیلی خوبی داره خیلی راضیم ,16,true,2017-11-19T11:16:14.3466667+00:00,مثبت,0.95,محصول,محصول
رژ لب مدل Long Wearing وزن 5 گرمی,https://www.khanoumi.com/products/flormar-long-wearing-lipstick-4656,سلام. L13 با L11 چه فرقی داره.. من 1قرمز یکم تیره میخوام ولی نمیخوام زیاد تیره باشه...,2,true,2017-11-02T11:57:25.1533333+00:00,خنثی,0.35,سایر,سایر
رژ لب مدل Long Wearing وزن 5 گرمی,https://www.khanoumi.com/products/flormar-long-wearing-lipstick-4656,بافت عالی داره امروز بدستم رسید رنگ عسلیش خیلی شیکه رنگش,1,true,2017-10-25T16:23:34.97+00:00,ترکیبی,0.66,محصول | تحویل و ارسال,محصول
رژ لب مدل Long Wearing وزن 5 گرمی,https://www.khanoumi.com/products/flormar-long-wearing-lipstick-4656,من شماره ۹ رو خریدم. رنگش قهوه ای کمرنگ نیس، ی چیزی بین گوشتی و قهوه ای رو به پررنگه (caramel rose) ولی با این حال اینم قشنگه. بافتش هم خیلی خوبه نه چربه نه خشک و ظاهر طبیعی داره. البته ی ذررره سنگینه..,1,true,2017-08-17T09:20:48.1266667+00:00,مثبت,0.91,محصول,محصول
رژ لب مدل Long Wearing وزن 5 گرمی,https://www.khanoumi.com/products/flormar-long-wearing-lipstick-4656,چرا شماره یک که گوشتی و خیلی خوشرنگ رو شارژ نمیکنید؟😒,4,true,2017-06-17T17:28:46.8166667+00:00,خنثی,0.35,محصول,محصول
رژ لب مدل Long Wearing وزن 5 گرمی,https://www.khanoumi.com/products/flormar-long-wearing-lipstick-4656,کدام رنگ ها صدفی هستن ,0,false,2017-05-21T03:58:39.7166667+00:00,خنثی,0.35,محصول,محصول
رژ لب مدل Long Wearing وزن 5 گرمی,https://www.khanoumi.com/products/flormar-long-wearing-lipstick-4656,من خیلی قبل رنگ 24 رو خریدم کلا رژ خوبیه و ماندگاریش خوبه .چرب هم هست ولی رنگش خیییییلی فرق داره!یه جور بین صورتی و قرمز خیلی جیغه !!!,2,true,2017-04-16T11:42:26.87+00:00,مثبت,0.91,محصول,محصول
رژ لب مدل Long Wearing وزن 5 گرمی,https://www.khanoumi.com/products/flormar-long-wearing-lipstick-4656,"سلام
من امروز سفارشم رو گرفتم و رژ ٣٧ رو خريده بودم كه بازش كردم و رنگش كاملا فرق داره با نمونه سايت .. اصلا كالباسي و تيره نيست و صورتي  چرب و براق هست . متاسفم براي انتخاب اين رژ :(
خانومي چه امكاناتي داره براي چنين مشكلاتي؟ چون رژلب تا درش باز نشه ايرادش معلوم نميشه",14,true,2017-03-31T22:57:14.35+00:00,ترکیبی,0.66,محصول | اصل بودن کالا,محصول
رژ لب مدل Long Wearing وزن 5 گرمی,https://www.khanoumi.com/products/flormar-long-wearing-lipstick-4656,قبلتر هم L01 رو خریدم که گل بهی عسلی خوشرنگیه. ولی صرفا عسلی نیست و رنگ گلی توش داره. باتشکر,3,true,2017-03-13T21:27:39.0133333+00:00,خنثی,0.35,محصول,محصول
رژ لب مدل Long Wearing وزن 5 گرمی,https://www.khanoumi.com/products/flormar-long-wearing-lipstick-4656,"سلام . من 29 رو خریدم به هوای اینکه کالباسی تیره قید شده. ولی  اصلا کالباسی نیست و رز روشن براق هستش که روی خود رژ هم رنگش همین قید شده به انگلیسی. البته من مجبور شدم پلمپشو برای دیدن رنگش باز کنم و مطمئن بشم که خانومی رنگو اشتباه ترجمه کرده و زده.
ولی درکل رژهای نرمی هستند.",8,true,2017-03-13T21:22:12+00:00,مثبت,0.67,محصول | تحویل و ارسال | اصل بودن کالا,محصول
رژ لب مدل Long Wearing وزن 5 گرمی,https://www.khanoumi.com/products/flormar-long-wearing-lipstick-4656,سنگینه رو لب,4,false,2017-02-21T11:38:00.85+00:00,خنثی,0.35,سایر,سایر
رژ لب مدل Long Wearing وزن 5 گرمی,https://www.khanoumi.com/products/flormar-long-wearing-lipstick-4656,سلام . من خیلی راضی بودم .لب هام همیشه خشک هست  و خیلی برا من مناسب بود و رنگش هون رنگی که می خواستم بود ...خیلی زود هم به دستم رسید ....ممنون از سایت خوبتون ,4,true,2017-02-09T11:09:01.09+00:00,مثبت,0.91,محصول | تحویل و ارسال,محصول
رژ لب مدل Long Wearing وزن 5 گرمی,https://www.khanoumi.com/products/flormar-long-wearing-lipstick-4656,"خانم "" پیروی"" عزیز / رژ لب لانگ ورینگ فلورمار همانطور که اشاره کرده اید ارگانیک نیست اما  میتوان اشاره داشت در رژ لب ها بطور معمول سرب وجود دارد نکته مهم میزان آن و استاندارد بودن آن است . سرب موجود در برندهای  رژ لب های موجود در فروشگاه "" خانومی""  مورد تاييد سازمان بهداشت آمريكا/اروپا و وزارت بهداشت ايران میباشند . ",3,false,2016-11-12T08:47:39.3233333+00:00,خنثی,0.35,محصول,محصول
رژ لب مدل Long Wearing وزن 5 گرمی,https://www.khanoumi.com/products/flormar-long-wearing-lipstick-4656,چه رنگهایی داره،حیف که ارگانیک نیست.,19,false,2016-11-10T21:21:52.2066667+00:00,خنثی,0.35,محصول,محصول
رژ لب مدل Long Wearing وزن 5 گرمی,https://www.khanoumi.com/products/flormar-long-wearing-lipstick-4656,خانم عسگری عزیز/ این رژ ظاهری براق به لب ها میدهد.,1,false,2016-11-03T22:06:36+00:00,خنثی,0.35,سایر,سایر
رژ لب مدل Long Wearing وزن 5 گرمی,https://www.khanoumi.com/products/flormar-long-wearing-lipstick-4656,سلام این رژها چرب هستن یا معمولی یا مات؟؟؟,0,false,2016-11-02T19:17:30.7066667+00:00,خنثی,0.35,محصول,محصول
رژ لب مدل Long Wearing وزن 5 گرمی,https://www.khanoumi.com/products/flormar-long-wearing-lipstick-4656,"خانم "" ناجی "" عزیز / سوپرایز آخر هفته خانومی پس از ساعت 24 روز جمعه به پایان میرسد و محصولات اگر در تخفیف روز نیز باشد همچنان با درصد متفاوت در تخفیف باقی میمانند . اگر مایل به خرید از سوپرایز آخر هفته از فروشگاه خانومی هستید باید فاکتور های خود را تا قبل از ساعت 24 جمعه به ثبت برسانید . ",0,false,2016-09-17T11:50:46.02+00:00,خنثی,0.35,قیمت | محصول,قیمت
رژ لب مدل Long Wearing وزن 5 گرمی,https://www.khanoumi.com/products/flormar-long-wearing-lipstick-4656,"خانومى چرا خيلي از كالاهاتون بعد از ساعت ١٢ جمعه هنوز تخفيف اخر هفتشونو دارن ولي بعضي ها رو تخفيفشو برميدارين
اينجوري ادم واقعا تكليفشو نميدونه، فك ميكردم تخفيفش هست تا شب كه برسم خونه و بخرم كه خب نبود. من از مشترياي هميشگيتونم عادت كردم همه چيو ازين جا بخرم...
لطفا باز هم توي تخفيف يا شانس بذاريد اين رژ لب رو، مرسي",1,false,2016-09-17T04:49:24.45+00:00,مثبت,0.67,قیمت | محصول,قیمت
رژ لب مدل Long Wearing وزن 5 گرمی,https://www.khanoumi.com/products/flormar-long-wearing-lipstick-4656,"خانم "" ناجی"" عزیز / میتوانید در صفحه محصول آیکون "" به من اطلاع بده "" را فعال کنید تا هم شانس در تخفیف قرار گرفتن محصول مورد علاقه تان را افزایش دهید و هم در زمان در تخفیف قرار گرفتن آن از طریق پیامک و ایمیل اطلاع پیدا کنید .",0,false,2016-08-23T10:33:23.3766667+00:00,منفی,0.79,محصول | قیمت,محصول
