نام محصول,لینک محصول,متن کامنت,تعداد لایک,خریدار,تاریخ ثبت,احساس نظر,اطمینان احساس,دسته‌بندی‌ها,دسته اصلی
کرم صورت بمب آبرسان حاوی هیالورونیک اسید و کلاژن با عصاره آناناس 500میل,https://www.khanoumi.com/products/comeon-water-bomb-face-cream-with-hyaluronic-acid-and-collagen-500ml-29109,من پوستم چربه آناناس رو خریدم کلی جوش ریز زد پوستم گذاشتمش کنار اصلا خوب نیست ,16,false,2020-08-09T17:41:01+00:00,منفی,0.79,محصول | اصل بودن کالا,اصل بودن کالا
کرم صورت بمب آبرسان حاوی هیالورونیک اسید و کلاژن با عصاره آناناس 500میل,https://www.khanoumi.com/products/comeon-water-bomb-face-cream-with-hyaluronic-acid-and-collagen-500ml-29109,چند روزه دارم استفاده میکنم عالیه پوست رو روشن تر می کنه ابرسانیش عالیه من پوستم خشکه,17,true,2020-06-15T16:20:51+00:00,مثبت,0.95,محصول,محصول
کرم صورت بمب آبرسان حاوی هیالورونیک اسید و کلاژن با عصاره آناناس 500میل,https://www.khanoumi.com/products/comeon-water-bomb-face-cream-with-hyaluronic-acid-and-collagen-500ml-29109,"واییییییییی عالیه




خیلی خوبه 
سبک خوشبو آبرسان مرطوب کننده درکل عاللللللللللللییییییییییییییییییییییی",20,false,2020-05-08T04:53:08+00:00,مثبت,0.95,محصول,محصول
کرم صورت بمب آبرسان با عصاره توت و پشن بری 500میل ,https://www.khanoumi.com/products/comeon-water-bomb-face-cream-with-hyaluronic-acid-and-q10-500ml-29110,من خیلی راضیم از این مدل آبرسان کامان، لطفا موجود کنید سبدخریدم تکمیل بشه، تا بقیه سفارشام تموم نشده ،ممنون از خانومی,0,true,2026-05-23T16:20:29.9643468+03:30,ترکیبی,0.71,محصول,محصول
کرم صورت بمب آبرسان با عصاره توت و پشن بری 500میل ,https://www.khanoumi.com/products/comeon-water-bomb-face-cream-with-hyaluronic-acid-and-q10-500ml-29110,مثل همیشه عالی ...اصلا این برند آبرسان هاش خیلی خوبه,0,true,2025-12-07T15:28:54.6726282+03:30,مثبت,0.95,اصل بودن کالا,اصل بودن کالا
کرم صورت بمب آبرسان با عصاره توت و پشن بری 500میل ,https://www.khanoumi.com/products/comeon-water-bomb-face-cream-with-hyaluronic-acid-and-q10-500ml-29110,من تازه گرفتم، فعلا راضیم، جوشام اضافه نشدن، منافذم بیشتر نشده، وقتایی هم که جوش تازه رو صورتم فقط پوستم سوز میزنه، قسمتای سالمش عادیه,0,true,2025-10-08T11:31:48.3970524+03:30,مثبت,0.79,محصول,محصول
کرم صورت بمب آبرسان با عصاره توت و پشن بری 500میل ,https://www.khanoumi.com/products/comeon-water-bomb-face-cream-with-hyaluronic-acid-and-q10-500ml-29110,خیلی آب رسان خوبیه من راضی بودم,0,false,2025-03-14T15:31:01.5488633+00:00,مثبت,0.79,محصول,محصول
کرم صورت بمب آبرسان با عصاره توت و پشن بری 500میل ,https://www.khanoumi.com/products/comeon-water-bomb-face-cream-with-hyaluronic-acid-and-q10-500ml-29110,محصول خوبیه فقط بوی خیلی تندی داره,0,true,2025-02-03T11:52:38.8184496+00:00,مثبت,0.67,محصول,محصول
کرم صورت بمب آبرسان با عصاره توت و پشن بری 500میل ,https://www.khanoumi.com/products/comeon-water-bomb-face-cream-with-hyaluronic-acid-and-q10-500ml-29110,سلام من این محصول رو تازه خریداری کردم و 2 روزی میشه که به پوست صورتم میزنم..هردفعه احساس سوزش اجاد میکنه دور لبم و بینی ام حالا احساس میکنم همون قسمتا کم کم داره قرمز هم میکنه ، شمایی که تجربه ای استفاده بیشتر ازش دارین ادامه بدم یا قطع کنم؟,0,false,2025-01-24T05:58:00.0608363+00:00,منفی,0.67,محصول,محصول
کرم صورت بمب آبرسان با عصاره توت و پشن بری 500میل ,https://www.khanoumi.com/products/comeon-water-bomb-face-cream-with-hyaluronic-acid-and-q10-500ml-29110,من حدود 9 ماه از این محصول استفاده کردم، می‌تونم بگم که نسبت به قیمتش و رقیبانش آبرسانِ فوق‌العاده‌ای هست.,0,true,2024-12-15T15:01:58.8279685+00:00,مثبت,0.67,محصول | قیمت,محصول
کرم صورت بمب آبرسان با عصاره توت و پشن بری 500میل ,https://www.khanoumi.com/products/comeon-water-bomb-face-cream-with-hyaluronic-acid-and-q10-500ml-29110,لطفا موجود کنید ,0,false,2024-06-13T23:05:33+00:00,خنثی,0.35,محصول,محصول
کرم صورت بمب آبرسان با عصاره توت و پشن بری 500میل ,https://www.khanoumi.com/products/comeon-water-bomb-face-cream-with-hyaluronic-acid-and-q10-500ml-29110,من تازه سفارش دادم محصولات کامان خیلی معروف و مطرحن,0,true,2023-12-29T01:10:07+00:00,خنثی,0.35,محصول,محصول
کرم صورت بمب آبرسان با عصاره توت و پشن بری 500میل ,https://www.khanoumi.com/products/comeon-water-bomb-face-cream-with-hyaluronic-acid-and-q10-500ml-29110,من خیلی از محصولات و ابرسان های داخلی و خارجی رو استفاده کردم. ولی دکترم این محصول رو بهم معرفی کرد و گفت بهتر از همه اوناست. خیلی خوشحال شدم که یک محصول ایرانی و به صرفه، تونسته تایید دکترها رو بدست بیاره.,0,false,2023-12-18T16:16:02+00:00,منفی,0.67,محصول,محصول
کرم صورت بمب آبرسان با عصاره توت و پشن بری 500میل ,https://www.khanoumi.com/products/comeon-water-bomb-face-cream-with-hyaluronic-acid-and-q10-500ml-29110,من این محصول رو خیلی وقته ازش استفاده میکنم. خیلی باکیفیته. بافت سبکی داره. خیلی زود جذبه خیلی زود نتیجه اش رو میبینید. به نظرم با این قیمت و حجم حتما باید امتحانش کنین,0,false,2023-12-18T16:15:34+00:00,خنثی,0.35,محصول | قیمت,محصول
کرم صورت بمب آبرسان با عصاره توت و پشن بری 500میل ,https://www.khanoumi.com/products/comeon-water-bomb-face-cream-with-hyaluronic-acid-and-q10-500ml-29110,من این محصول رو خیلی وقته ازش استفاده میکنم. خیلی باکیفیته. بافت سبکی داره. خیلی زود جذبه خیلی زود نتیجه اش رو میبینید. به نظرم با این قیمت و حجم حتما باید امتحانش کنین,0,false,2023-12-18T16:15:34+00:00,خنثی,0.35,محصول | قیمت,محصول
کرم صورت بمب آبرسان با عصاره توت و پشن بری 500میل ,https://www.khanoumi.com/products/comeon-water-bomb-face-cream-with-hyaluronic-acid-and-q10-500ml-29110,من یه مدت زیادی پوستم چرب بود ولی بعد یه مدت با بال رفتن سنم پوستم خشک شد و حتی یه قسمت هاییش ترک ترک میشد. این محصول رو واقعا دوست دارم. با استفاده از این محصول به صورت منظم کاری میکنه که دیگه هیچ وقت اون حس کشیدگی و خشکی رو نداشته باشی,0,false,2023-12-16T12:37:38+00:00,خنثی,0.35,محصول,محصول
کرم صورت بمب آبرسان با عصاره توت و پشن بری 500میل ,https://www.khanoumi.com/products/comeon-water-bomb-face-cream-with-hyaluronic-acid-and-q10-500ml-29110,از اون محصولاته که اگه یک بار امتحانش کنین دیگه عاشقش میشین من الان یه سالی هست دارم مدام ازش استفاده میکنم و واقعا حال پوستم بعد از استفاده ازش رو دوست دارم,0,false,2023-12-13T10:55:07+00:00,خنثی,0.35,محصول,محصول
کرم صورت بمب آبرسان با عصاره توت و پشن بری 500میل ,https://www.khanoumi.com/products/comeon-water-bomb-face-cream-with-hyaluronic-acid-and-q10-500ml-29110,من این محصول رو علاوه بر پوست صورتم روی پوست دست و بدنم هم استفاده میکنم. یه بافت رقیق و زود جذبی اره که پوست رو ابرساانی میکنه و اصلا هم سنگینی نمیکنه. من بوش رو هم دوست دارم,0,false,2023-12-11T11:13:24+00:00,ترکیبی,0.66,محصول | اصل بودن کالا,محصول
کرم صورت بمب آبرسان با عصاره توت و پشن بری 500میل ,https://www.khanoumi.com/products/comeon-water-bomb-face-cream-with-hyaluronic-acid-and-q10-500ml-29110,بعد از شستن صورتم از این ابرسان میزنم و بعدش با مرطوب کننده کاری میکنم اب توی پوستم حفظ بشه. همه محصولاتمم مال کامانه و واقعا راضیم,0,false,2023-11-29T11:48:43+00:00,مثبت,0.79,محصول,محصول
کرم صورت بمب آبرسان با عصاره توت و پشن بری 500میل ,https://www.khanoumi.com/products/comeon-water-bomb-face-cream-with-hyaluronic-acid-and-q10-500ml-29110,من رفته بودم دکتر پوست و این ابرسان رو بهم معرفی کرد. میگفت کلاژن سازی میکنه و پوست رو علاوه بر ابرسانی در طولانی مدت جوان تر هم میکنه. الان یه ماهه دارم ازش استفاده میکنم و واقعا پوستم تفاوت کرده.,0,false,2023-11-27T11:29:09+00:00,خنثی,0.35,محصول,محصول
کرم صورت بمب آبرسان با عصاره توت و پشن بری 500میل ,https://www.khanoumi.com/products/comeon-water-bomb-face-cream-with-hyaluronic-acid-and-q10-500ml-29110,"باعث جوش سرسیاه توی پوستم شد
با اینکه تایم طولانیی هم جز روتین پوستیم بود اما نتیجهایی ندیدم",0,true,2023-07-15T00:42:26+00:00,خنثی,0.35,محصول,محصول
کرم صورت بمب آبرسان با عصاره توت و پشن بری 500میل ,https://www.khanoumi.com/products/comeon-water-bomb-face-cream-with-hyaluronic-acid-and-q10-500ml-29110,من یه مدت زیادی راکوتان خوردم و این باعث شد پوستم خیلی خشک بشه و پوسته پوسته بشه.  خواهرم این محصول رو بهم پیشنهاد داد و واقعا راضی بودم تا امروز ازش,0,false,2023-05-09T11:05:09+00:00,مثبت,0.79,محصول,محصول
کرم صورت بمب آبرسان با عصاره توت و پشن بری 500میل ,https://www.khanoumi.com/products/comeon-water-bomb-face-cream-with-hyaluronic-acid-and-q10-500ml-29110,ممنون از خانومی که موجودش کرد.  تازه دوبار ازش استفاده کردم واقعا تاثیرش رو روی پوستم دیدم,0,false,2023-05-09T11:03:53+00:00,مثبت,0.67,محصول,محصول
کرم صورت بمب آبرسان با عصاره توت و پشن بری 500میل ,https://www.khanoumi.com/products/comeon-water-bomb-face-cream-with-hyaluronic-acid-and-q10-500ml-29110,"حجمش انقدر خوبه که من هم روی پوست صورتم استفاده میکنم هم روی پوست بدنم. بعد حموم مخصوصا که پوستم خشک میشه. از این آبرسان میزنم و قشنگ پوستم یه نرمی خوبی پیدا میکنه.

",0,false,2023-05-09T11:03:02+00:00,مثبت,0.79,محصول,محصول
کرم صورت بمب آبرسان با عصاره توت و پشن بری 500میل ,https://www.khanoumi.com/products/comeon-water-bomb-face-cream-with-hyaluronic-acid-and-q10-500ml-29110,"یکم میترسیدم که بعد از استفاده از این محصول جوش بزنم. با اینکه پوستم مختلطه اصلا مشکلی برام پیش نیومد تازه با این حجمی هم که داره حالا حالا ها برام میمونه

",0,false,2023-05-09T11:02:17+00:00,مثبت,0.67,محصول | تحویل و ارسال | اصل بودن کالا,محصول
کرم صورت بمب آبرسان با عصاره توت و پشن بری 500میل ,https://www.khanoumi.com/products/comeon-water-bomb-face-cream-with-hyaluronic-acid-and-q10-500ml-29110,"پیشنهادم اینه که اگه میخواین بخرین همین 500 میل هاش رو بخرین. خیلی حجمش خوبه و پشیمون نمیشین از خریدش. برای بدنتونم میتونین استفاده کنید

",0,false,2023-05-09T10:59:23+00:00,مثبت,0.91,محصول,محصول
کرم صورت بمب آبرسان با عصاره توت و پشن بری 500میل ,https://www.khanoumi.com/products/comeon-water-bomb-face-cream-with-hyaluronic-acid-and-q10-500ml-29110,"خیلی بوی خوبی میده. حس خوبی داره مخصوصا توی تابستون. آبرسانیش عالیه.

",0,false,2023-05-09T10:58:39+00:00,مثبت,0.95,محصول,محصول
کرم صورت بمب آبرسان با عصاره توت و پشن بری 500میل ,https://www.khanoumi.com/products/comeon-water-bomb-face-cream-with-hyaluronic-acid-and-q10-500ml-29110,"هیالونیک اسید و کیوتن داخلش باعث میشه با یه بار استفاده تاثیرش رو ببینید. فقط یادتون باشه بعد از استفاده از آبرسان حتما از مرطوب کننده استفاده کنید که تاثیرش رو چندین برابر میکنه.

",0,false,2023-05-09T10:57:43+00:00,خنثی,0.35,سایر,سایر
کرم صورت بمب آبرسان با عصاره توت و پشن بری 500میل ,https://www.khanoumi.com/products/comeon-water-bomb-face-cream-with-hyaluronic-acid-and-q10-500ml-29110,"به همه اونایی که خریدنش یه پیشنهادی دارم. این محصول رو با مرطوب کننده همین برند استفاده کنید که تاثیرش رو چند برابر میکنه. این رو من از یک بلاگر خارجی شنیدم و امتحان کردم. 

",1,false,2023-05-09T10:55:41+00:00,مثبت,0.67,محصول,محصول
کرم صورت بمب آبرسان با عصاره توت و پشن بری 500میل ,https://www.khanoumi.com/products/comeon-water-bomb-face-cream-with-hyaluronic-acid-and-q10-500ml-29110,"عالی بود عالی
من  سایز کوچیک ترش رو برای خودم خریدم، خواهرم انقدر اومد توی اتاق و ازش استفاده کرد که زود تموم شد. این دفعه این سایز بزرگش رو گرفتم. امیدوارم برای من هم بذاره.
",0,false,2023-05-09T10:55:03+00:00,مثبت,0.91,محصول,محصول
کرم صورت بمب آبرسان با عصاره توت و پشن بری 500میل ,https://www.khanoumi.com/products/comeon-water-bomb-face-cream-with-hyaluronic-acid-and-q10-500ml-29110,منم بااینکه پوست مختلطی دارم  بعدازاستفاده اصلا جوش نزدم,3,false,2022-07-09T12:48:08+00:00,مثبت,0.67,محصول | اصل بودن کالا,محصول
کرم صورت بمب آبرسان با عصاره توت و پشن بری 500میل ,https://www.khanoumi.com/products/comeon-water-bomb-face-cream-with-hyaluronic-acid-and-q10-500ml-29110,فوق العاده بد - انگار آب میزنی به صورتت,4,false,2022-03-09T14:19:21+00:00,ترکیبی,0.66,سایر,سایر
کرم صورت بمب آبرسان با عصاره توت و پشن بری 500میل ,https://www.khanoumi.com/products/comeon-water-bomb-face-cream-with-hyaluronic-acid-and-q10-500ml-29110,من  کرم صورت بمب آبرسان با عصاره توت و پشن بری کامان رو برای بار چندم هست که میخرم و از کیفیتش خیلی راضیم. این محصول بافت خیلی سبکی داره و سریع جذب پوست میشه و اصلا باعث حس چربی و سنگینی روی اون نمیشه. این کرم پوستم رو به خوبی آبرسانی میکنه و از خشک شدنش جلوگیری میکنه و باعث میشه پوستم برای مدت طولانی مرطوب، نرم و لطیف باشه. من پوستم چربه ولی این کرم خیلی باهاش سازگار بوده، به مات شدن پوستم کمک میکنه و تا حالا باعث ایجاد جوش و آکنه روی پوستم نشده. من دوباره حتما این محصول رو میخرم و به دوستام هم پیشنهادش کردم.,19,false,2022-02-27T18:50:57+00:00,مثبت,0.95,محصول | اصل بودن کالا,محصول
کرم صورت بمب آبرسان با عصاره توت و پشن بری 500میل ,https://www.khanoumi.com/products/comeon-water-bomb-face-cream-with-hyaluronic-acid-and-q10-500ml-29110,آبرسان خوب و سبکیه صورتم چرب نمیکنه عالیه ,27,false,2020-11-22T01:08:33+00:00,منفی,0.67,سایر,سایر
کرم صورت بمب آبرسان با عصاره توت و پشن بری 500میل ,https://www.khanoumi.com/products/comeon-water-bomb-face-cream-with-hyaluronic-acid-and-q10-500ml-29110,خیلی ابکیه,22,false,2020-08-10T05:14:20+00:00,خنثی,0.35,سایر,سایر
کرم صورت بمب آبرسان با عصاره توت و پشن بری 500میل ,https://www.khanoumi.com/products/comeon-water-bomb-face-cream-with-hyaluronic-acid-and-q10-500ml-29110,خیلی عالیهههه.به جرات میتونم بگم بهترین آبرسانه,57,false,2020-05-14T17:31:53+00:00,مثبت,0.91,سایر,سایر
کرم صورت بمب آبرسان  با عصاره عسل مناسب پوست حساس 500میل ,https://www.khanoumi.com/products/comeon-water-bomb-face-cream-with-hyaluronic-acid-and-honey-500ml-29111,توروخدا این محصول رو شارژ کنید واقعا عالیه,0,false,2026-05-19T01:03:19.0923724+03:30,مثبت,0.79,محصول,محصول
کرم صورت بمب آبرسان  با عصاره عسل مناسب پوست حساس 500میل ,https://www.khanoumi.com/products/comeon-water-bomb-face-cream-with-hyaluronic-acid-and-honey-500ml-29111,خیلی خوبه جذب سریع داره,0,true,2025-11-09T19:46:27.790683+03:30,مثبت,0.91,سایر,سایر
کرم صورت بمب آبرسان  با عصاره عسل مناسب پوست حساس 500میل ,https://www.khanoumi.com/products/comeon-water-bomb-face-cream-with-hyaluronic-acid-and-honey-500ml-29111,"برای پوست خشک من که پوسته پوسته میشد،عالیه
5 سال هست که دائم استفاده میکنم.زود جذب میشه اصلا انگار نه انگار ولی منی که از پوستم باخبر هستم تغییراتی رو متوجه میشوم.البته هرکسی باید محصول مناسب پوست خودش رو پیدا کنه",0,true,2025-09-01T08:56:43.5717475+03:30,مثبت,0.91,محصول | اصل بودن کالا,محصول
کرم صورت بمب آبرسان  با عصاره عسل مناسب پوست حساس 500میل ,https://www.khanoumi.com/products/comeon-water-bomb-face-cream-with-hyaluronic-acid-and-honey-500ml-29111,برای پوست خشک جوابگو نیست,0,false,2025-06-09T22:07:36.6448321+00:00,خنثی,0.35,محصول,محصول
کرم صورت بمب آبرسان  با عصاره عسل مناسب پوست حساس 500میل ,https://www.khanoumi.com/products/comeon-water-bomb-face-cream-with-hyaluronic-acid-and-honey-500ml-29111,عالی من صورتم همش جوش میزد و خشک بود از وقتی خریدمش یدونه جوشم نزدم,0,true,2025-06-01T07:39:11.5260739+00:00,مثبت,0.67,محصول,محصول
کرم صورت بمب آبرسان  با عصاره عسل مناسب پوست حساس 500میل ,https://www.khanoumi.com/products/comeon-water-bomb-face-cream-with-hyaluronic-acid-and-honey-500ml-29111,گول این نظرات رو نخورین منم طبق نظرات خریدم  پوستم خشکه ولی ابرسانی نکرد اصن انگار نه انگار که ابرسان زدی دچار سوزش شذید شدم ولی بازم ادامه دادم شاید بهتر شه ولی به مرور پوستمو تیره کرد . اصلا به درد نمیخوره .,0,true,2025-04-23T12:34:34.7981267+00:00,منفی,0.67,محصول | اصل بودن کالا,اصل بودن کالا
کرم صورت بمب آبرسان  با عصاره عسل مناسب پوست حساس 500میل ,https://www.khanoumi.com/products/comeon-water-bomb-face-cream-with-hyaluronic-acid-and-honey-500ml-29111,لطفا تخفیف رو بیشتر کنید,0,false,2025-04-12T07:18:20.0354797+00:00,خنثی,0.35,قیمت,قیمت
کرم صورت بمب آبرسان  با عصاره عسل مناسب پوست حساس 500میل ,https://www.khanoumi.com/products/comeon-water-bomb-face-cream-with-hyaluronic-acid-and-honey-500ml-29111,خیلی عالیه.بوی خاصی ندارد.قبل خواب هم میزنم و فردا صبحش خبلببییی  پوست صورتم نرمه و خیلی زود جذب میشه,0,true,2025-01-21T08:51:58.4860476+00:00,مثبت,0.79,محصول,محصول
کرم صورت بمب آبرسان  با عصاره عسل مناسب پوست حساس 500میل ,https://www.khanoumi.com/products/comeon-water-bomb-face-cream-with-hyaluronic-acid-and-honey-500ml-29111,سه روزه این ابرسان رو استفاده میکنم.  من پوست به شدت خشکی دارم.  بهترین ابرسانی بود که دیدم.  معجزه بود برای پوستم.  التهاب و خارش پوست رو از بین میبره.  خیلی عالیه. لذت بردم.  مرسی کامان ,0,false,2024-09-08T22:27:59+00:00,مثبت,0.95,محصول,محصول
کرم صورت بمب آبرسان  با عصاره عسل مناسب پوست حساس 500میل ,https://www.khanoumi.com/products/comeon-water-bomb-face-cream-with-hyaluronic-acid-and-honey-500ml-29111,من 3 ساله استفاده میکنم و راضی ام ...لطفا تخفیف بزارین بازم بخرم,0,false,2024-09-04T16:50:34+00:00,مثبت,0.79,قیمت,قیمت
کرم صورت بمب آبرسان  با عصاره عسل مناسب پوست حساس 500میل ,https://www.khanoumi.com/products/comeon-water-bomb-face-cream-with-hyaluronic-acid-and-honey-500ml-29111,باعث جوش میشه اگه پوست چربی دارید مثل وچه و ژنو بایوتیک و آبرسان های تخصصی نیست برای بدن خوبه,0,false,2024-05-30T12:44:14+00:00,مثبت,0.91,محصول,محصول
کرم صورت بمب آبرسان  با عصاره عسل مناسب پوست حساس 500میل ,https://www.khanoumi.com/products/comeon-water-bomb-face-cream-with-hyaluronic-acid-and-honey-500ml-29111,صورتم جوش زد بنفشش خیلی بهتر بود,0,false,2024-04-23T17:21:09+00:00,خنثی,0.35,محصول,محصول
کرم صورت بمب آبرسان  با عصاره عسل مناسب پوست حساس 500میل ,https://www.khanoumi.com/products/comeon-water-bomb-face-cream-with-hyaluronic-acid-and-honey-500ml-29111,عالیه بنظرم پیشنهاد میکنم ,0,true,2024-03-03T20:38:29+00:00,مثبت,0.95,سایر,سایر
کرم صورت بمب آبرسان  با عصاره عسل مناسب پوست حساس 500میل ,https://www.khanoumi.com/products/comeon-water-bomb-face-cream-with-hyaluronic-acid-and-honey-500ml-29111,لطفاااآااااا این محصولو تخفیف بیشتر بذارین سبدمو تکمیل کنم,0,true,2024-01-25T12:18:17+00:00,منفی,0.67,محصول | قیمت,محصول
کرم صورت بمب آبرسان  با عصاره عسل مناسب پوست حساس 500میل ,https://www.khanoumi.com/products/comeon-water-bomb-face-cream-with-hyaluronic-acid-and-honey-500ml-29111,خیلی میدیدم توی اینستاگرام مردم از این محصول استفاده میکنن، منم یدونه خریدم و میتونم بگم واقعا تبلیغ نیست و واقعیه. واقعا محصول باکیفیت و خوبیه,0,false,2024-01-18T17:47:14+00:00,مثبت,0.67,محصول,محصول
کرم صورت بمب آبرسان  با عصاره عسل مناسب پوست حساس 500میل ,https://www.khanoumi.com/products/comeon-water-bomb-face-cream-with-hyaluronic-acid-and-honey-500ml-29111,دکترم برای پوست خشک من این محصول رو تجویز کرد. الان یه ماهیه ازش استفاده میکنم و خیلی دوسش دارم.,0,false,2024-01-18T11:12:57+00:00,خنثی,0.35,محصول,محصول
کرم صورت بمب آبرسان  با عصاره عسل مناسب پوست حساس 500میل ,https://www.khanoumi.com/products/comeon-water-bomb-face-cream-with-hyaluronic-acid-and-honey-500ml-29111,اگه پوست کم آبی دارین و حال پوستتون خوب نیست، بمب هایآبرسان کامان رو امتحان کنین، خصوصا این محصولش که به هر نوع پوستی میخوره,0,false,2023-12-18T17:18:40+00:00,منفی,0.67,محصول,محصول
کرم صورت بمب آبرسان  با عصاره عسل مناسب پوست حساس 500میل ,https://www.khanoumi.com/products/comeon-water-bomb-face-cream-with-hyaluronic-acid-and-honey-500ml-29111,من خیلی از محصولاتی که توشون هیالونیک اسید دارن رو امتحان کردم. باهمشون جوش میزدم و ناامیدم میکردن. کلیم خرج کردم. الان دو هفته است این محصول رو خریدم و تا اینجا که خیلی خوب عمل کرده,0,false,2023-12-18T16:22:43+00:00,مثبت,0.79,محصول,محصول
کرم صورت بمب آبرسان  با عصاره عسل مناسب پوست حساس 500میل ,https://www.khanoumi.com/products/comeon-water-bomb-face-cream-with-hyaluronic-acid-and-honey-500ml-29111,پوست من مختلطه و از این محصول استفاده میکنم و راضیم. برای مامانمم که پوست خشکی داره خوب بوده,0,false,2023-12-16T12:41:29+00:00,مثبت,0.95,محصول,محصول
کرم صورت بمب آبرسان  با عصاره عسل مناسب پوست حساس 500میل ,https://www.khanoumi.com/products/comeon-water-bomb-face-cream-with-hyaluronic-acid-and-honey-500ml-29111,حجم این محصول عالیه. این که پمپی هم هست کلی مزیت محسوب میشه. من این محصول رو به همه توصیه میکنم.,0,false,2023-12-11T10:46:14+00:00,مثبت,0.95,محصول,محصول
کرم صورت بمب آبرسان  با عصاره عسل مناسب پوست حساس 500میل ,https://www.khanoumi.com/products/comeon-water-bomb-face-cream-with-hyaluronic-acid-and-honey-500ml-29111,دو روز پیش به دستم رسید. از بوش نگم براتون. واقعا عاشقش شدم. عاشق اون حسیم که بعد از یه روز کاری سخت میام خونه و این کرم رو میزنم و حالم خوب میشه.,0,false,2023-11-29T11:19:17+00:00,مثبت,0.67,محصول | تحویل و ارسال,محصول
کرم صورت بمب آبرسان  با عصاره عسل مناسب پوست حساس 500میل ,https://www.khanoumi.com/products/comeon-water-bomb-face-cream-with-hyaluronic-acid-and-honey-500ml-29111,عسل از اون ترکیبات قدیمی برای آبرسانیه. حالا اگه با ترمیبات آبرسان دیگه ای مثل هیالونیک اسید هم قاطی بشه که دیگه معجزه میکنه,0,false,2023-11-27T15:16:53+00:00,خنثی,0.35,سایر,سایر
کرم صورت بمب آبرسان  با عصاره عسل مناسب پوست حساس 500میل ,https://www.khanoumi.com/products/comeon-water-bomb-face-cream-with-hyaluronic-acid-and-honey-500ml-29111,من مدل عکاسی هستم و با اون همه آرایشی که مجبورم روی صورت روزانه تحمل کنم، نیاز دارم یک آبرسان و زیرساز خوب داشته باشم تا پوستم خراب نشه. این آبرسان رو دوماهی هست استفاده میکنم و نگم براتون از کیفیتش. تازه خیلی سریع جذب میشه هیچ اثری ازش نمیمونه که آرایش رو خراب کنه. توی خریدش تردید نکنین.,0,false,2023-11-20T15:26:43+00:00,مثبت,0.67,محصول,محصول
کرم صورت بمب آبرسان  با عصاره عسل مناسب پوست حساس 500میل ,https://www.khanoumi.com/products/comeon-water-bomb-face-cream-with-hyaluronic-acid-and-honey-500ml-29111,"عالیه عااالی
برای سوختگی
برای جلوگیری از بروز حساسیت بعد شیو
نرم کننده
اصن عالیه من از خانومی 5تا خریدم
اگر موجود کنه با قیمت کمتر از بازار بازم میخرم",0,true,2023-10-17T10:18:31+00:00,مثبت,0.95,محصول | قیمت,محصول
کرم صورت بمب آبرسان  با عصاره عسل مناسب پوست حساس 500میل ,https://www.khanoumi.com/products/comeon-water-bomb-face-cream-with-hyaluronic-acid-and-honey-500ml-29111,کرم های ابرسان کامان خیلی بافت سبکی دارن و به سرعت جذب پوست می شن. پوست من حساسه و بدون استفاده از آبرسان خیلی حساس و خشک تر میشه. بنابراین استفاده از آبرسان در اولویت همیشگی من قرار داره. ابرسان عسل کامان خیلی سریع روی پوستم میخوابه. بعد از یک دوره استفاده مرتب هم باعث شفاف تر شدن پوستم میشه. من از این کرم قبل از ارایش هم استفاده می کنم و باید بگم واقعا تاثیر گذاره,0,false,2023-04-08T15:15:14+00:00,منفی,0.67,محصول,محصول
کرم صورت بمب آبرسان  با عصاره عسل مناسب پوست حساس 500میل ,https://www.khanoumi.com/products/comeon-water-bomb-face-cream-with-hyaluronic-acid-and-honey-500ml-29111,من اینو گرفتم برای مادرم پوستش مختلطه راضی بود اما برای پوست چرب مناسب نیست. اگه سبک تر میخواید رنگ بنفش یا قرمزش رو بگیرید رنگ سبز هم خیلی خیلی سبک تر از همشونه,2,true,2023-03-01T07:01:34+00:00,مثبت,0.67,محصول,محصول
کرم صورت بمب آبرسان  با عصاره عسل مناسب پوست حساس 500میل ,https://www.khanoumi.com/products/comeon-water-bomb-face-cream-with-hyaluronic-acid-and-honey-500ml-29111,من پوستم مختلطه و اینو چند ماه استفاده کردم ابرسانی خوبی داره برای زیرساز ارایش هم خوبه اما من بینیم خیلی چربه اینو به بینی نمیزنم.حجمش زیاده و به صرفه اس اما دیگه اینو شارژ نمیکنم.چون توی کل صورتم جوش های ریز ریز چربی زده. عین میلیا. یجورایی پوستم رو بهم ریخته من چندین سال هیچوقت همچین مشکلی نداشتم,7,false,2022-12-28T22:40:31+00:00,مثبت,0.91,محصول,محصول
کرم صورت بمب آبرسان  با عصاره عسل مناسب پوست حساس 500میل ,https://www.khanoumi.com/products/comeon-water-bomb-face-cream-with-hyaluronic-acid-and-honey-500ml-29111,این کرم بهترین محصول برای آبرسانی به پوست هست. قدرت جذب سریع و ماندگاری بالایی داره. همین موضوع باعث شده تا همیشه استفاده کنم. در کل فوق العادست و با پوست من سازگاری داره. ,3,false,2022-12-26T15:00:41+00:00,مثبت,0.67,محصول,محصول
کرم صورت بمب آبرسان  با عصاره عسل مناسب پوست حساس 500میل ,https://www.khanoumi.com/products/comeon-water-bomb-face-cream-with-hyaluronic-acid-and-honey-500ml-29111,این کرم خیلی آبرسانی خوبی داره و اصلا پوست و چرب و سنگین نمیکنه. خیلی سریع جذب پوست میشه و خیلی هم سبکه. بهتره آبرسان هارو وقتی صورت نمدار هست استفاده کنید تا آبرسانی بهتر انجام بشه. اگه قبل از آرایش به عنوان بیس زده بشه خیلی خوبه و کرم ها و پنکک خیلی خوب روی پوست میخوابه. رایحه خاصی ام نداره و با قیمت مناسبی که داره واقعا ارزش خرید داره,6,false,2022-03-02T08:47:11+00:00,مثبت,0.95,محصول | قیمت | اصل بودن کالا,محصول
کرم صورت بمب آبرسان  با عصاره عسل مناسب پوست حساس 500میل ,https://www.khanoumi.com/products/comeon-water-bomb-face-cream-with-hyaluronic-acid-and-honey-500ml-29111,نسبت به حجم و قیمتی که داره محصوله معمولی هست. من بعد از 2ماه مصرف نظر میدم. حالت چسبندگی میده که من دوس ندارم. آبرسانی ضعیفی داره پوستم بعده نیم ساعت دوباره حس خشکی میکنه. بارهای اول که استفاده کردم پوستم جوش های ریز ریز زد. ولی جذب بالایی داره. ,5,true,2021-11-04T11:15:40+00:00,منفی,0.67,محصول | قیمت,محصول
کرم صورت بمب آبرسان  با عصاره عسل مناسب پوست حساس 500میل ,https://www.khanoumi.com/products/comeon-water-bomb-face-cream-with-hyaluronic-acid-and-honey-500ml-29111,برای پوست حساس خوب نیس، گونه های منو قرمز میکنه و دچار سوزش میشه، آبرسانی چندانی هم نداره، بازم احساس خشکی و کشیدگی میکنه پوستم,5,true,2021-08-27T13:31:57+00:00,مثبت,0.67,محصول,محصول
کرم صورت بمب آبرسان  با عصاره عسل مناسب پوست حساس 500میل ,https://www.khanoumi.com/products/comeon-water-bomb-face-cream-with-hyaluronic-acid-and-honey-500ml-29111,"بنظرم عالیه
سریع جذب میشه و پوستو شاداب میکنه
حجمش عاااالیه من دو سه ماهه استفاده میکنم تازه نصف شده
تنها بدیش اینه که یه حالت چسبندگی میده به پوست که اونم میشه ازش چشم پوشی کرد",1,true,2020-12-27T11:38:36+00:00,ترکیبی,0.74,محصول,محصول
کرم صورت بمب آبرسان  با عصاره عسل مناسب پوست حساس 500میل ,https://www.khanoumi.com/products/comeon-water-bomb-face-cream-with-hyaluronic-acid-and-honey-500ml-29111,معرکه است قشنگ منافذ پوست رو میبنده و شبیه پرایمر عمل میکنه و خیلی هم نرم میکنه صورت رو، من که عاشقش شدم ,7,true,2020-10-05T08:36:36+00:00,خنثی,0.35,محصول,محصول
کرم صورت بمب آبرسان  با عصاره عسل مناسب پوست حساس 500میل ,https://www.khanoumi.com/products/comeon-water-bomb-face-cream-with-hyaluronic-acid-and-honey-500ml-29111,"سلام
خیلی خوبه. من راضیم. الان دو هفته هس که استفاده میکنم و نرم و لطیف شدن پوستم احساس میکنم. برای من که پوستم حساسه, مشکلی ایجاد نکرده.😊",4,true,2020-09-28T00:35:57+00:00,مثبت,0.95,محصول,محصول
کرم صورت بمب آبرسان  با عصاره عسل مناسب پوست حساس 500میل ,https://www.khanoumi.com/products/comeon-water-bomb-face-cream-with-hyaluronic-acid-and-honey-500ml-29111,تخفیفِ ویژه لطفا    🙏,48,false,2020-07-04T19:25:12+00:00,خنثی,0.35,قیمت,قیمت
کرم صورت بمب آبرسان  با عصاره عسل مناسب پوست حساس 500میل ,https://www.khanoumi.com/products/comeon-water-bomb-face-cream-with-hyaluronic-acid-and-honey-500ml-29111,"خیلی خیلی عالیه. تو هر بار استفاده آب رفتن زیر سطح پوست رو کاملا حس میکنید.
ممنون از خانومی که تو آف گذاشت این محصول رو.",11,true,2020-05-08T14:16:02+00:00,مثبت,0.91,محصول,محصول
کرم صورت بمب آبرسان حاوی هیالورونیک اسید و ویتامین سی با عصاره لیمو 500میل,https://www.khanoumi.com/products/comeon-water-bomb-face-cream-with-hyaluronic-acid-and-vitamin-c-500ml-29112,اشغال ب تمام معنا,0,true,2026-06-01T10:23:16.2549426+03:30,خنثی,0.35,سایر,سایر
کرم صورت بمب آبرسان حاوی هیالورونیک اسید و ویتامین سی با عصاره لیمو 500میل,https://www.khanoumi.com/products/comeon-water-bomb-face-cream-with-hyaluronic-acid-and-vitamin-c-500ml-29112,برای بدنم استفاده میکنم و کلا بی تاثیره,0,true,2025-11-23T15:07:58.2658507+03:30,منفی,0.67,سایر,سایر
کرم صورت بمب آبرسان حاوی هیالورونیک اسید و ویتامین سی با عصاره لیمو 500میل,https://www.khanoumi.com/products/comeon-water-bomb-face-cream-with-hyaluronic-acid-and-vitamin-c-500ml-29112,"افتضاحه 
انگار اب خالیه
بعد از زدن روی موست بدتر خشک شد دستم",0,false,2025-10-17T14:58:34.9907872+03:30,منفی,0.79,محصول,محصول
کرم صورت بمب آبرسان حاوی هیالورونیک اسید و ویتامین سی با عصاره لیمو 500میل,https://www.khanoumi.com/products/comeon-water-bomb-face-cream-with-hyaluronic-acid-and-vitamin-c-500ml-29112,پوست من جوش میزنه ازش استفاده میکنم فک کنم نمیسازه بهم و بعداستفاده هم اصلا تاثیری نداره همچنان پوست خشکه,0,false,2025-10-16T11:12:17.3725363+03:30,مثبت,0.67,محصول | اصل بودن کالا,محصول
کرم صورت بمب آبرسان حاوی هیالورونیک اسید و ویتامین سی با عصاره لیمو 500میل,https://www.khanoumi.com/products/comeon-water-bomb-face-cream-with-hyaluronic-acid-and-vitamin-c-500ml-29112,خیلی رقیقه. نه آبرسانه نه مرطوب کننده,0,false,2025-10-01T08:51:25.06722+03:30,خنثی,0.35,سایر,سایر
کرم صورت بمب آبرسان حاوی هیالورونیک اسید و ویتامین سی با عصاره لیمو 500میل,https://www.khanoumi.com/products/comeon-water-bomb-face-cream-with-hyaluronic-acid-and-vitamin-c-500ml-29112,برای مرطوب نگه داشتن دست خوبه زود جذب می‌شه چرب نیست برای صورت زیاد مناسب نیست یا باید مرطوب کننده کنارش استفاده بشه,0,true,2025-09-16T14:04:51.237101+03:30,مثبت,0.79,سایر,سایر
کرم صورت بمب آبرسان حاوی هیالورونیک اسید و ویتامین سی با عصاره لیمو 500میل,https://www.khanoumi.com/products/comeon-water-bomb-face-cream-with-hyaluronic-acid-and-vitamin-c-500ml-29112,بوی خوبی نداره,0,true,2025-09-14T08:31:20.2561151+03:30,منفی,0.67,محصول,محصول
کرم صورت بمب آبرسان حاوی هیالورونیک اسید و ویتامین سی با عصاره لیمو 500میل,https://www.khanoumi.com/products/comeon-water-bomb-face-cream-with-hyaluronic-acid-and-vitamin-c-500ml-29112,حجم خیلی زیادی داره ولی خیلی رقیقه خیلی آبرسان قوی ایی نیس,0,true,2025-08-28T08:49:03.8064028+00:00,خنثی,0.35,محصول,محصول
کرم صورت بمب آبرسان حاوی هیالورونیک اسید و ویتامین سی با عصاره لیمو 500میل,https://www.khanoumi.com/products/comeon-water-bomb-face-cream-with-hyaluronic-acid-and-vitamin-c-500ml-29112,پوست صورت من اگزمای خفیف شده و این محصول تاحدمناسبی درمانش کرده و باعث قرمز شدن میشه درلحظه ای میزنم اما بعدش اکیه.راضیم درکل,0,true,2025-07-11T09:14:38.4321992+00:00,مثبت,0.79,محصول,محصول
کرم صورت بمب آبرسان حاوی هیالورونیک اسید و ویتامین سی با عصاره لیمو 500میل,https://www.khanoumi.com/products/comeon-water-bomb-face-cream-with-hyaluronic-acid-and-vitamin-c-500ml-29112,بسیار رقیقه و وقتی روی دست میریزم،آب میشه،بعد از استفاده روی دست و صورت،بازهم احساس خشکی دارم,0,true,2025-07-05T19:14:29.1219536+00:00,خنثی,0.35,سایر,سایر
کرم صورت بمب آبرسان حاوی هیالورونیک اسید و ویتامین سی با عصاره لیمو 500میل,https://www.khanoumi.com/products/comeon-water-bomb-face-cream-with-hyaluronic-acid-and-vitamin-c-500ml-29112,آبرسان خیلی خوبیه ، ژل ماننده ، برای دست باید کنارش مرطوب کننده هم استفاده کنی ، برای صورت بستگی به نوع پوستتون داره ،زود جذبه ، روی صورت خیلی کم اولش حس سوزش داره ، پوست مستعد به جوش دارم ولی فعلا باهاش جوش نزدم ، محصول خیلی خوبیه ، و برای پوست های چرب و مختلط بیشتر مناسبه ، بعد مصر پوست نرم میشه اما مرطوب و چرب نه,0,true,2025-06-21T20:41:15.5334531+00:00,مثبت,0.95,محصول,محصول
کرم صورت بمب آبرسان حاوی هیالورونیک اسید و ویتامین سی با عصاره لیمو 500میل,https://www.khanoumi.com/products/comeon-water-bomb-face-cream-with-hyaluronic-acid-and-vitamin-c-500ml-29112,بیشتر خاصیت مرطوب کنندگی داره و آبرسانی میکنه من در کنارش نرم کننده هم استفاده میکنم,0,true,2025-06-16T18:02:19.8805565+00:00,خنثی,0.35,سایر,سایر
کرم صورت بمب آبرسان حاوی هیالورونیک اسید و ویتامین سی با عصاره لیمو 500میل,https://www.khanoumi.com/products/comeon-water-bomb-face-cream-with-hyaluronic-acid-and-vitamin-c-500ml-29112,من که راضی بودم ازش,0,true,2025-06-10T10:26:42.3912669+00:00,مثبت,0.67,محصول,محصول
کرم صورت بمب آبرسان حاوی هیالورونیک اسید و ویتامین سی با عصاره لیمو 500میل,https://www.khanoumi.com/products/comeon-water-bomb-face-cream-with-hyaluronic-acid-and-vitamin-c-500ml-29112,من راضی هستم آبرسان خوبیه پوست من جوش میزنه ولی این آبرسان باعث جوش نشد پوستمو شاداب کرده,0,true,2025-05-21T20:18:30.6098882+00:00,مثبت,0.79,محصول,محصول
کرم صورت بمب آبرسان حاوی هیالورونیک اسید و ویتامین سی با عصاره لیمو 500میل,https://www.khanoumi.com/products/comeon-water-bomb-face-cream-with-hyaluronic-acid-and-vitamin-c-500ml-29112,من این محصول خریدم  امروز استفاده کردم ب شدت پوستم میسوخت بعدم مث کویر خشک شد بعدش باید مرطوب کننده بزنی؟,0,true,2025-04-13T17:32:32.0504706+00:00,خنثی,0.35,محصول,محصول
کرم صورت بمب آبرسان حاوی هیالورونیک اسید و ویتامین سی با عصاره لیمو 500میل,https://www.khanoumi.com/products/comeon-water-bomb-face-cream-with-hyaluronic-acid-and-vitamin-c-500ml-29112,"یکم میسوزونه
زود جذب میشه انگار هیچی نزدی
برای چرب خوب نیست",0,true,2025-04-06T11:56:47.1967539+00:00,منفی,0.67,سایر,سایر
کرم صورت بمب آبرسان حاوی هیالورونیک اسید و ویتامین سی با عصاره لیمو 500میل,https://www.khanoumi.com/products/comeon-water-bomb-face-cream-with-hyaluronic-acid-and-vitamin-c-500ml-29112,برای پوست خش خوب نیست,0,true,2025-02-23T23:24:18.9497205+00:00,منفی,0.67,محصول,محصول
کرم صورت بمب آبرسان حاوی هیالورونیک اسید و ویتامین سی با عصاره لیمو 500میل,https://www.khanoumi.com/products/comeon-water-bomb-face-cream-with-hyaluronic-acid-and-vitamin-c-500ml-29112,استفاه ازش حس خوبی میدا,0,true,2025-01-13T18:20:15.2967923+00:00,مثبت,0.67,سایر,سایر
کرم صورت بمب آبرسان حاوی هیالورونیک اسید و ویتامین سی با عصاره لیمو 500میل,https://www.khanoumi.com/products/comeon-water-bomb-face-cream-with-hyaluronic-acid-and-vitamin-c-500ml-29112,ابرسانیش خوب بود ولی میسوزنه پوست رو اولش,0,false,2025-01-05T22:29:46.0419901+00:00,مثبت,0.79,محصول,محصول
کرم صورت بمب آبرسان حاوی هیالورونیک اسید و ویتامین سی با عصاره لیمو 500میل,https://www.khanoumi.com/products/comeon-water-bomb-face-cream-with-hyaluronic-acid-and-vitamin-c-500ml-29112,حدود دوماه استفاده میکنم واسه پوست مختلط من که عالی بوده جوش نزدم و پوستم چرب نشد پوستم شفاف میشه وقتی استفاده میکنم واسه قبل کرم پودر هم عالی بوده,0,true,2024-12-25T11:38:39.5162524+00:00,مثبت,0.95,محصول,محصول
کرم صورت بمب آبرسان حاوی هیالورونیک اسید و ویتامین سی با عصاره لیمو 500میل,https://www.khanoumi.com/products/comeon-water-bomb-face-cream-with-hyaluronic-acid-and-vitamin-c-500ml-29112,من عاشق این آبرسان شدم.برای دست عالیه,0,true,2024-12-03T10:59:39.8264615+00:00,مثبت,0.79,سایر,سایر
کرم صورت بمب آبرسان حاوی هیالورونیک اسید و ویتامین سی با عصاره لیمو 500میل,https://www.khanoumi.com/products/comeon-water-bomb-face-cream-with-hyaluronic-acid-and-vitamin-c-500ml-29112,خیلی عالیه چرب نیست و زود جذب میشه در کمتر از یک هفته صورتم شاداب شده,0,true,2024-11-26T00:59:07.8599648+00:00,منفی,0.79,سایر,سایر
کرم صورت بمب آبرسان حاوی هیالورونیک اسید و ویتامین سی با عصاره لیمو 500میل,https://www.khanoumi.com/products/comeon-water-bomb-face-cream-with-hyaluronic-acid-and-vitamin-c-500ml-29112,این محصول بی نظیرررره،من تاالان چندبار تهیه کردم.عزیزانی ک میگن چربی نداره،باید داشته باشه یک کم و...عزیزان،هیالورونیک اسید،داره،واتربمبه،و...آبرسان هستش.بعدش نهایتا مرطوب کننده بزنید.ازهمه لحاظ عالیه....,0,false,2024-11-25T21:36:00.3140921+00:00,مثبت,0.79,محصول,محصول
کرم صورت بمب آبرسان حاوی هیالورونیک اسید و ویتامین سی با عصاره لیمو 500میل,https://www.khanoumi.com/products/comeon-water-bomb-face-cream-with-hyaluronic-acid-and-vitamin-c-500ml-29112,من میترسم بگیرم چون تا الان مصرف نکردم دونبال یک آبرسان قوی میگردم این برند دیدم ولی نظرهای جالبی ندیدم.    بازم شاید همین سفارش بدن چون برند کشورمون هستش,0,false,2024-11-16T05:18:46.0338233+00:00,منفی,0.67,محصول,محصول
کرم صورت بمب آبرسان حاوی هیالورونیک اسید و ویتامین سی با عصاره لیمو 500میل,https://www.khanoumi.com/products/comeon-water-bomb-face-cream-with-hyaluronic-acid-and-vitamin-c-500ml-29112,"رضایت بخش نیست اصلا ذره ای چربی نداره با اینکه مرطوب کننده ها یه درصد خیلی کم چربی باید داشته باشن و بجاش چسبناک میشه پوست و قابل تحمل نیست 
ضمنا من که میزنم چشمام میسوزه",0,true,2024-11-13T15:35:44.8832509+00:00,منفی,0.67,محصول | اصل بودن کالا,اصل بودن کالا
کرم صورت بمب آبرسان حاوی هیالورونیک اسید و ویتامین سی با عصاره لیمو 500میل,https://www.khanoumi.com/products/comeon-water-bomb-face-cream-with-hyaluronic-acid-and-vitamin-c-500ml-29112,خوبه,0,true,2024-11-06T09:02:56.9048305+00:00,مثبت,0.79,سایر,سایر
کرم صورت بمب آبرسان حاوی هیالورونیک اسید و ویتامین سی با عصاره لیمو 500میل,https://www.khanoumi.com/products/comeon-water-bomb-face-cream-with-hyaluronic-acid-and-vitamin-c-500ml-29112,محصول خوبیه اما هیدرالیفت درمالیفت برای من بهتر بود به خصوص توی زمستان,0,true,2024-11-02T16:31:18.2661526+00:00,مثبت,0.67,محصول,محصول
کرم صورت بمب آبرسان حاوی هیالورونیک اسید و ویتامین سی با عصاره لیمو 500میل,https://www.khanoumi.com/products/comeon-water-bomb-face-cream-with-hyaluronic-acid-and-vitamin-c-500ml-29112,من خوشم نیومد..خیلی خوب نیست..بوی بدی داره,0,true,2024-10-31T19:11:57.2430009+00:00,منفی,0.67,محصول,محصول
کرم صورت بمب آبرسان حاوی هیالورونیک اسید و ویتامین سی با عصاره لیمو 500میل,https://www.khanoumi.com/products/comeon-water-bomb-face-cream-with-hyaluronic-acid-and-vitamin-c-500ml-29112,محشررررره..پوستم قبلا خشک بود،دوساله ک پوستم مختلط شده و جوش میزد،انواع کرم ها و آبرسان ها و ترمیم کننده ها و...رو استفاده کردم،.از رنگ زردش ک عسل هست استفاده کردم،و اتفاقی بعدش این مدل رو از خانومی تهیه کردم.بی نظیره،هم آبرسانی،هم از لحاظ ترمیم و...تاالان سه دوره استفاده کردم.بازهم تهیه میکنم.خیلی ممنون از تخفیفاتی ک خانومی میزاره,0,false,2024-10-31T14:17:41.7193684+00:00,مثبت,0.67,محصول | قیمت,محصول
کرم صورت بمب آبرسان حاوی هیالورونیک اسید و ویتامین سی با عصاره لیمو 500میل,https://www.khanoumi.com/products/comeon-water-bomb-face-cream-with-hyaluronic-acid-and-vitamin-c-500ml-29112,حجم زیادی داره و خیلی زود جذب میشه پوست چسبناک و براق نمیشه بوی خیلی ملایم و خوبی داره آبرسانی در حد معمولی داره.,0,true,2024-10-15T15:12:21.1229116+00:00,مثبت,0.67,محصول,محصول
کرم صورت بمب آبرسان حاوی هیالورونیک اسید و ویتامین سی با عصاره لیمو 500میل,https://www.khanoumi.com/products/comeon-water-bomb-face-cream-with-hyaluronic-acid-and-vitamin-c-500ml-29112,خوبه.من یکساله دارم استفاده میکنم پوست رو لطیف و سفید و شاداب میکنه,0,false,2024-10-09T09:32:37.1081058+00:00,مثبت,0.79,محصول,محصول
کرم صورت بمب آبرسان حاوی هیالورونیک اسید و ویتامین سی با عصاره لیمو 500میل,https://www.khanoumi.com/products/comeon-water-bomb-face-cream-with-hyaluronic-acid-and-vitamin-c-500ml-29112,واقعا آبرسانه عالیه.من یه ماهه ک دارم استفاده میکنم تاثیرش دیدم.,0,true,2024-09-30T10:59:42+00:00,مثبت,0.79,سایر,سایر
کرم صورت بمب آبرسان حاوی هیالورونیک اسید و ویتامین سی با عصاره لیمو 500میل,https://www.khanoumi.com/products/comeon-water-bomb-face-cream-with-hyaluronic-acid-and-vitamin-c-500ml-29112,جنسش خوبه بوی جالبی نداره ,0,true,2024-09-05T23:21:53+00:00,مثبت,0.79,محصول,محصول
کرم صورت بمب آبرسان حاوی هیالورونیک اسید و ویتامین سی با عصاره لیمو 500میل,https://www.khanoumi.com/products/comeon-water-bomb-face-cream-with-hyaluronic-acid-and-vitamin-c-500ml-29112,"آبرسان واقعا خوبی من یه خشکی بدی روی دستام بود که با چند بار استفاده اوکی شد ؛ همچنین حجم بالایی داره و به این زودیا تموم نمیشه و به قیمتش می ارزه ؛
ولی یه حالت لیز و چسبندگی داره که شاید همه نپسندند ولی من راضی بودم ",0,true,2024-08-09T16:16:50+00:00,ترکیبی,0.79,محصول | قیمت,محصول
کرم صورت بمب آبرسان حاوی هیالورونیک اسید و ویتامین سی با عصاره لیمو 500میل,https://www.khanoumi.com/products/comeon-water-bomb-face-cream-with-hyaluronic-acid-and-vitamin-c-500ml-29112,من 6 ماه ازش استفاده میکنم عالیه پوستم خشک و حساس وبا استفاده ازش دیگه حالت کشیدگی نداره و خیلی محصول خوبیه توصیه میکنم اقتصادی هم هست حجم زیادی داره ,0,true,2024-04-06T19:32:06+00:00,مثبت,0.95,محصول,محصول
کرم صورت بمب آبرسان حاوی هیالورونیک اسید و ویتامین سی با عصاره لیمو 500میل,https://www.khanoumi.com/products/comeon-water-bomb-face-cream-with-hyaluronic-acid-and-vitamin-c-500ml-29112,من اینو خریدم زیاد جالب نیست، بافتش سبکه اما حالت چسبناک داره، خوشم نیومد، برای پوست بدن استفاده میکنم,0,true,2024-02-22T23:55:23+00:00,منفی,0.67,محصول,محصول
کرم صورت بمب آبرسان حاوی هیالورونیک اسید و ویتامین سی با عصاره لیمو 500میل,https://www.khanoumi.com/products/comeon-water-bomb-face-cream-with-hyaluronic-acid-and-vitamin-c-500ml-29112,ممنون میشم توشانس بزارینش,0,false,2024-02-19T12:01:47+00:00,مثبت,0.67,سایر,سایر
کرم صورت بمب آبرسان حاوی هیالورونیک اسید و ویتامین سی با عصاره لیمو 500میل,https://www.khanoumi.com/products/comeon-water-bomb-face-cream-with-hyaluronic-acid-and-vitamin-c-500ml-29112,لطفا تخفیف 50درصد بذارید!!!,0,true,2024-02-19T10:57:59+00:00,خنثی,0.35,قیمت,قیمت
کرم صورت بمب آبرسان حاوی هیالورونیک اسید و ویتامین سی با عصاره لیمو 500میل,https://www.khanoumi.com/products/comeon-water-bomb-face-cream-with-hyaluronic-acid-and-vitamin-c-500ml-29112,تخفیف لطفاااااااااااا,0,true,2024-02-18T10:14:14+00:00,خنثی,0.35,قیمت,قیمت
کرم صورت بمب آبرسان حاوی هیالورونیک اسید و ویتامین سی با عصاره لیمو 500میل,https://www.khanoumi.com/products/comeon-water-bomb-face-cream-with-hyaluronic-acid-and-vitamin-c-500ml-29112,موجود کنید با آف لطفا,0,true,2024-02-11T10:07:12+00:00,خنثی,0.35,محصول,محصول
کرم صورت بمب آبرسان حاوی هیالورونیک اسید و ویتامین سی با عصاره لیمو 500میل,https://www.khanoumi.com/products/comeon-water-bomb-face-cream-with-hyaluronic-acid-and-vitamin-c-500ml-29112,من یک ماهه روزی دوبار زدم و جای جوشام کمرنگ شده ,0,true,2024-02-02T01:28:00+00:00,خنثی,0.35,محصول,محصول
کرم صورت بمب آبرسان حاوی هیالورونیک اسید و ویتامین سی با عصاره لیمو 500میل,https://www.khanoumi.com/products/comeon-water-bomb-face-cream-with-hyaluronic-acid-and-vitamin-c-500ml-29112,"سلام من پوست خشک و حساسی دارم و جوش میزنم چند روزه دارم ازین محصول استفاده میکنم که واقعا برای من عالیه و پیشنهاد میکنم با تایپ پوستی من اگر هستید خیلی خوبه
من اول صورتم رو با شوینده میشورم بعد با تونر پاک میکنم و بعد این آبرسان رو میزنم و پوستم واقعا شاداب شده 
ممنون از خانومی  ",0,true,2024-01-22T14:26:31+00:00,مثبت,0.95,محصول,محصول
کرم صورت بمب آبرسان حاوی هیالورونیک اسید و ویتامین سی با عصاره لیمو 500میل,https://www.khanoumi.com/products/comeon-water-bomb-face-cream-with-hyaluronic-acid-and-vitamin-c-500ml-29112,"اصلاااااا خووب نبود من پوست چربی دارم از این استفاده کردم تماما صورتم جوشا ب شدت بزرگی زد و تاحالا اینطوری نشده بود
اصلا و اصلا برای صورت پوست چرب مناسب نیست ",0,false,2024-01-02T14:21:32+00:00,مثبت,0.67,محصول | اصل بودن کالا,محصول
کرم صورت بمب آبرسان حاوی هیالورونیک اسید و ویتامین سی با عصاره لیمو 500میل,https://www.khanoumi.com/products/comeon-water-bomb-face-cream-with-hyaluronic-acid-and-vitamin-c-500ml-29112,عالیه من این آبرسانو خریدم عاشقشم,0,true,2024-01-02T11:48:47+00:00,مثبت,0.91,سایر,سایر
کرم صورت بمب آبرسان حاوی هیالورونیک اسید و ویتامین سی با عصاره لیمو 500میل,https://www.khanoumi.com/products/comeon-water-bomb-face-cream-with-hyaluronic-acid-and-vitamin-c-500ml-29112,موجود کنید لا تخفیف 50 درصد ,0,false,2023-12-23T01:15:23+00:00,خنثی,0.35,محصول | قیمت,محصول
کرم صورت بمب آبرسان حاوی هیالورونیک اسید و ویتامین سی با عصاره لیمو 500میل,https://www.khanoumi.com/products/comeon-water-bomb-face-cream-with-hyaluronic-acid-and-vitamin-c-500ml-29112,توی این محصول ویتامین سی داره که توی طولانی مدت لک و کدری های پوست رو از بین میبره و کمرنگشون میکنه. به نظرم یک بار هم شده امتحانش کنین,0,false,2023-12-18T15:50:38+00:00,خنثی,0.35,محصول,محصول
کرم صورت بمب آبرسان حاوی هیالورونیک اسید و ویتامین سی با عصاره لیمو 500میل,https://www.khanoumi.com/products/comeon-water-bomb-face-cream-with-hyaluronic-acid-and-vitamin-c-500ml-29112,من کاسه ایش رو داشتم تموم شد. الان اومدم پمپیش رو بگیرم که با مامانم باهم استفاده کنیم. شک نکنین توی خرید این محصول عالیه,0,false,2023-12-18T15:50:20+00:00,مثبت,0.79,محصول,محصول
کرم صورت بمب آبرسان حاوی هیالورونیک اسید و ویتامین سی با عصاره لیمو 500میل,https://www.khanoumi.com/products/comeon-water-bomb-face-cream-with-hyaluronic-acid-and-vitamin-c-500ml-29112,محصولات کامان همشون خوبن. خصوصا این بمب های ابران. من سه سالی هست که دارم ازشون استفاده میکنم. اوایل کاسه ایش رو میگرفتم ولی الان انقدر دوسش دارم که این پمپیش رو میگیرم,0,false,2023-12-18T15:50:03+00:00,مثبت,0.67,محصول,محصول
کرم صورت بمب آبرسان حاوی هیالورونیک اسید و ویتامین سی با عصاره لیمو 500میل,https://www.khanoumi.com/products/comeon-water-bomb-face-cream-with-hyaluronic-acid-and-vitamin-c-500ml-29112,این محصول رو الان دوماهی هست که دارم استفاده میکنم باید بگم بعد از استفاده قشنگ حس میکنین زیر پوستتون آب رفته. خیلی حال پوست رو خوب میکنه فقط یادتون نره حتما روش مرطوب کننده بزنین,0,false,2023-12-16T12:34:19+00:00,مثبت,0.67,محصول,محصول
کرم صورت بمب آبرسان حاوی هیالورونیک اسید و ویتامین سی با عصاره لیمو 500میل,https://www.khanoumi.com/products/comeon-water-bomb-face-cream-with-hyaluronic-acid-and-vitamin-c-500ml-29112,توی این الودگی هوا پوست من بشدت دهیدراته و کدر شده بود. حس میکردم داره خشک میشه و داره شروع میکنه به چروک افتادن. این بمب ابرسان رو یکی از دوستام که کار فشال انجام میده بهم معرفی کرد. واقعا اسم بمب ابرسان برازنده اشه. خیلی باکیفیته,0,false,2023-12-16T12:33:56+00:00,خنثی,0.35,محصول,محصول
کرم صورت بمب آبرسان حاوی هیالورونیک اسید و ویتامین سی با عصاره لیمو 500میل,https://www.khanoumi.com/products/comeon-water-bomb-face-cream-with-hyaluronic-acid-and-vitamin-c-500ml-29112,محصولات کامان یکی از یکی بهترن. این محصول یه بافت خیلی رقیق و زود جذب داره. بافت خوبی داره و پوست رو خیلی خوب ابرسانی میکنه. فقط حواستون باشه حتما بعدش مرطوب کننده بزنین,0,false,2023-12-13T10:50:55+00:00,مثبت,0.91,محصول,محصول
کرم صورت بمب آبرسان حاوی هیالورونیک اسید و ویتامین سی با عصاره لیمو 500میل,https://www.khanoumi.com/products/comeon-water-bomb-face-cream-with-hyaluronic-acid-and-vitamin-c-500ml-29112,"عالییییییییی 
فقط ابرسانی میکنه و نرم کننده نیست بای اونو جدا تهیه کنید 
حجم زیادی داره این خیلی خوبه ",0,true,2023-12-12T01:54:43+00:00,مثبت,0.95,محصول,محصول
کرم صورت بمب آبرسان حاوی هیالورونیک اسید و ویتامین سی با عصاره لیمو 500میل,https://www.khanoumi.com/products/comeon-water-bomb-face-cream-with-hyaluronic-acid-and-vitamin-c-500ml-29112,من پوستم چربه و اصلا نمیتونم بافت های سنگین و کرمی رو روی پوستم تحمل کنم. این محصول رو دکتر پوست بهم معرفی کرد و واقعا عاشقش شدم,0,false,2023-12-11T11:08:52+00:00,منفی,0.67,محصول | اصل بودن کالا,اصل بودن کالا
کرم صورت بمب آبرسان حاوی هیالورونیک اسید و ویتامین سی با عصاره لیمو 500میل,https://www.khanoumi.com/products/comeon-water-bomb-face-cream-with-hyaluronic-acid-and-vitamin-c-500ml-29112,روی دستم خط آفتاب سوختگی بود با استفاده ازش کاملا از بین رفت و رنگ پوست دستم روشن شد استفاده ازش رو پیشنهاد میکنم,0,false,2023-12-03T15:04:43+00:00,مثبت,0.79,محصول,محصول
کرم صورت بمب آبرسان حاوی هیالورونیک اسید و ویتامین سی با عصاره لیمو 500میل,https://www.khanoumi.com/products/comeon-water-bomb-face-cream-with-hyaluronic-acid-and-vitamin-c-500ml-29112,بمب های آبرسان کامان عالین. بعد از شستن صورت و قبل از اینکه مرطوب کننده ام رو بزنم از این آبرسان استفاده میکنم. خیلی بوی خوبی داره و عاشق بافتشم,0,false,2023-11-29T11:44:34+00:00,مثبت,0.79,محصول,محصول
کرم صورت بمب آبرسان حاوی هیالورونیک اسید و ویتامین سی با عصاره لیمو 500میل,https://www.khanoumi.com/products/comeon-water-bomb-face-cream-with-hyaluronic-acid-and-vitamin-c-500ml-29112,من قبلا کاسه ای این محصول رو داشتم انقدر جذاب بود که تصمیم گرفتم سایز بزرگش رو بخرم. واقعا با این حجم و قیمت مثلش توی ایران نیست,0,false,2023-11-27T11:16:43+00:00,خنثی,0.35,محصول | قیمت,محصول
کرم صورت بمب آبرسان حاوی هیالورونیک اسید و ویتامین سی با عصاره لیمو 500میل,https://www.khanoumi.com/products/comeon-water-bomb-face-cream-with-hyaluronic-acid-and-vitamin-c-500ml-29112,عالیه بهترین ابرسان است,0,false,2023-11-11T10:24:08+00:00,مثبت,0.91,سایر,سایر
کرم صورت بمب آبرسان حاوی هیالورونیک اسید و ویتامین سی با عصاره لیمو 500میل,https://www.khanoumi.com/products/comeon-water-bomb-face-cream-with-hyaluronic-acid-and-vitamin-c-500ml-29112,خیلی معمولیه، زود جذب میشه، درضمن مثل بقیه محصولات کامان اصلن بوی خاصی نداره، ,0,true,2023-10-20T13:06:49+00:00,مثبت,0.67,محصول | اصل بودن کالا,محصول
کرم صورت بمب آبرسان حاوی هیالورونیک اسید و ویتامین سی با عصاره لیمو 500میل,https://www.khanoumi.com/products/comeon-water-bomb-face-cream-with-hyaluronic-acid-and-vitamin-c-500ml-29112,محشره,0,true,2023-09-13T21:01:44+00:00,خنثی,0.35,سایر,سایر
کرم صورت بمب آبرسان حاوی هیالورونیک اسید و ویتامین سی با عصاره لیمو 500میل,https://www.khanoumi.com/products/comeon-water-bomb-face-cream-with-hyaluronic-acid-and-vitamin-c-500ml-29112,برای دست فوق العادس زود جذبه و کاملا حس میکنی پوست دست و ابرسانی میکنه,0,false,2023-08-22T02:09:42+00:00,خنثی,0.35,محصول,محصول
کرم صورت بمب آبرسان حاوی هیالورونیک اسید و ویتامین سی با عصاره لیمو 500میل,https://www.khanoumi.com/products/comeon-water-bomb-face-cream-with-hyaluronic-acid-and-vitamin-c-500ml-29112,اصن بهتر از این کرمئ نیستتتتتتت عالیهههههه من عسلو داشتم الان این از عسلم بهترع تازه پمپی عم هست دیگه وحشتناک این محصول پیشنهاد میشه,1,false,2023-05-15T15:51:01+00:00,منفی,0.67,محصول,محصول
کرم صورت بمب آبرسان حاوی هیالورونیک اسید و ویتامین سی با عصاره لیمو 500میل,https://www.khanoumi.com/products/comeon-water-bomb-face-cream-with-hyaluronic-acid-and-vitamin-c-500ml-29112,سلام.من راضی نیستم حدود یک ماهی میشه خریداری کردم با اینکه پوستم از نوع مختلط هست وقتی میزنم صورتم میسوزه وروی گونه هام قرمز میشه دیگه استفاده نمیکنم.ولی برای دست مناسبه زود جذب میشه وچربی نداره که پوستو لیز وسُر کنه,1,false,2023-03-29T15:59:59+00:00,منفی,0.67,محصول,محصول
کرم صورت بمب آبرسان حاوی هیالورونیک اسید و ویتامین سی با عصاره لیمو 500میل,https://www.khanoumi.com/products/comeon-water-bomb-face-cream-with-hyaluronic-acid-and-vitamin-c-500ml-29112,"سلام خیلی عالیه
لطفا شانس 50 درصدی بزارید
مصرفمون بالا و خانوادگی هست😉",2,true,2022-12-22T09:18:27+00:00,مثبت,0.79,محصول,محصول
کرم صورت بمب آبرسان حاوی هیالورونیک اسید و ویتامین سی با عصاره لیمو 500میل,https://www.khanoumi.com/products/comeon-water-bomb-face-cream-with-hyaluronic-acid-and-vitamin-c-500ml-29112,خوبه،زود جذب صورت میشه و شسته نمیشه من همیشه از همین ابرسان استفاده میکنم پوست من خشک و حساسه و خیلی عالی بوده برا من,1,true,2022-09-09T13:30:42+00:00,مثبت,0.95,محصول,محصول
کرم صورت بمب آبرسان حاوی هیالورونیک اسید و ویتامین سی با عصاره لیمو 500میل,https://www.khanoumi.com/products/comeon-water-bomb-face-cream-with-hyaluronic-acid-and-vitamin-c-500ml-29112,عااااااااالی,1,true,2022-06-27T14:20:46+00:00,خنثی,0.35,سایر,سایر
کرم صورت بمب آبرسان حاوی هیالورونیک اسید و ویتامین سی با عصاره لیمو 500میل,https://www.khanoumi.com/products/comeon-water-bomb-face-cream-with-hyaluronic-acid-and-vitamin-c-500ml-29112,این کرم واقعا بمب آبرسانه و پوست و خیلی مرطوب و نرم میکنه. خیلی خوشبوعه و اصلا به پوست حس چربی و سنگینی نمیده. حجم زیادی داره و با توجه به کیفیت و قیمتش واقعا خریدش به صرفه است و مدتهای زیادی ازش استفاده میکنید. ممکنه به خاطر ویتامین سی که داره یه مقداری روی پوستای حساس سوزش ایجاد کنه که مشکلی نداره. در عوض ویتامین سی پوست و روشن و شفاف میکنه و به پوست حس تازگی میده. ,11,false,2022-01-17T11:18:31+00:00,مثبت,0.67,محصول | اصل بودن کالا | قیمت,محصول
کرم صورت بمب آبرسان حاوی هیالورونیک اسید و ویتامین سی با عصاره لیمو 500میل,https://www.khanoumi.com/products/comeon-water-bomb-face-cream-with-hyaluronic-acid-and-vitamin-c-500ml-29112,خیلی عالیه منم آناناس رو استفاده کردم بینظیره,0,false,2021-11-13T14:20:22+00:00,مثبت,0.79,سایر,سایر
کرم صورت بمب آبرسان حاوی هیالورونیک اسید و ویتامین سی با عصاره لیمو 500میل,https://www.khanoumi.com/products/comeon-water-bomb-face-cream-with-hyaluronic-acid-and-vitamin-c-500ml-29112,خیلی خوبه,2,false,2021-02-01T22:03:43+00:00,مثبت,0.91,سایر,سایر
کرم صورت بمب آبرسان حاوی هیالورونیک اسید و ویتامین سی با عصاره لیمو 500میل,https://www.khanoumi.com/products/comeon-water-bomb-face-cream-with-hyaluronic-acid-and-vitamin-c-500ml-29112,منم از آبرسانی که Q10و ویتامین ای داره استفاده کردم وااااقعا عالیه ,4,false,2020-12-16T18:03:13+00:00,مثبت,0.79,سایر,سایر
کرم صورت بمب آبرسان حاوی هیالورونیک اسید و ویتامین سی با عصاره لیمو 500میل,https://www.khanoumi.com/products/comeon-water-bomb-face-cream-with-hyaluronic-acid-and-vitamin-c-500ml-29112,خیلی بد بود بعد از استفاده از این کرم صورت من پر از جوش های ریز شد,9,false,2020-11-23T18:43:02+00:00,منفی,0.79,محصول,محصول
کرم صورت بمب آبرسان حاوی هیالورونیک اسید و ویتامین سی با عصاره لیمو 500میل,https://www.khanoumi.com/products/comeon-water-bomb-face-cream-with-hyaluronic-acid-and-vitamin-c-500ml-29112,من مدل ظرفی رو گرفتم.واقعا عالیه.خیلی راضیم.کسانی که دوست ندارن رو صورتشون حس چربی باشه این کرم واقعا چربی نداره.خیلیم زود جذب میشه.بافت نرم و حالت آبکی داره که به سرعت جذب میشه و اصلا حس سنگینی نداره رو پوست.من برای زیر آرایش هم ازش استفاده میکنم.,12,false,2020-08-08T03:29:22+00:00,مثبت,0.95,محصول | اصل بودن کالا,محصول
کرم صورت بمب آبرسان حاوی هیالورونیک اسید و ویتامین سی با عصاره لیمو 500میل,https://www.khanoumi.com/products/comeon-water-bomb-face-cream-with-hyaluronic-acid-and-vitamin-c-500ml-29112,عالی... ,5,false,2020-07-27T17:34:31+00:00,مثبت,0.67,سایر,سایر
کرم صورت بمب آبرسان حاوی هیالورونیک اسید و ویتامین سی با عصاره لیمو 500میل,https://www.khanoumi.com/products/comeon-water-bomb-face-cream-with-hyaluronic-acid-and-vitamin-c-500ml-29112,عالیه *-*,1,true,2020-07-09T11:59:58+00:00,مثبت,0.79,سایر,سایر
کرم صورت بمب آبرسان حاوی هیالورونیک اسید و ویتامین سی با عصاره لیمو 500میل,https://www.khanoumi.com/products/comeon-water-bomb-face-cream-with-hyaluronic-acid-and-vitamin-c-500ml-29112,کامان کرم مرطوب کننده اش برای پوست معمولی بلوبری و توت پوست خشک منو درمان کرد و راضی بودم ولی این آبرسان لیمو الان که یه روز از استفادش میگذره فکر کنم به لیموش حساسیت نشون داده یا عوامل دیگه صورتم پر جوشای ریز شده صورتم یه کم قبل استفاده از این محصول خودش ملتهب بود الان بعد استفاده ملتهب تر شده متاسفاانه و یکی از بلاگرا میگفت لیمو  باعث افزایش جوش میشه در بعضی افراد حالا یه مدت استفاده نمیکنم صورتم خوب شه اگر خوب شد بازم کرمو میزنم مطمئن شم دلیلش کرم بوده  قابلیت کامنت بسته نشده باشه اینجا باز نتیجه رو شیر میکنم .,7,true,2020-07-09T03:10:40+00:00,ترکیبی,0.87,محصول | تحویل و ارسال,محصول
کرم صورت بمب آبرسان حاوی هیالورونیک اسید و ویتامین سی با عصاره لیمو 500میل,https://www.khanoumi.com/products/comeon-water-bomb-face-cream-with-hyaluronic-acid-and-vitamin-c-500ml-29112,من چند روزی هست کرم عسلش رو استفاده می کنم فوق العاده پوستم خشک و انواع کرم ها رو هم استفاده کردم ولی واقعا من با چند روز استفاده تغییر رو احساس می کنم. ممنونم ,2,false,2020-06-29T02:32:58+00:00,مثبت,0.79,محصول,محصول
کرم صورت بمب آبرسان حاوی هیالورونیک اسید و ویتامین سی با عصاره لیمو 500میل,https://www.khanoumi.com/products/comeon-water-bomb-face-cream-with-hyaluronic-acid-and-vitamin-c-500ml-29112,"حدود7-8روزیه که استفاده میکنم.
بنظرم آب رسان قوی هست و خیلی زود هم جذب پوست میشه.
",2,true,2020-06-06T11:23:30+00:00,خنثی,0.35,محصول,محصول
کرم صورت بمب آبرسان حاوی هیالورونیک اسید و ویتامین سی با عصاره لیمو 500میل,https://www.khanoumi.com/products/comeon-water-bomb-face-cream-with-hyaluronic-acid-and-vitamin-c-500ml-29112,درسته قیمتش یکم بالاس ولی آبرسانی فوق العاده ای داره 👍👍👍,6,false,2020-05-13T11:08:27+00:00,مثبت,0.67,قیمت,قیمت
ژل آبرسان بعد از اصلاح آقایان 2 در 1 رطوبت رسان و ضدحساسیت,https://www.khanoumi.com/products/comeon-hydra-and-sense-after-shave-for-men-29113,استفاده آقایان از ژیلت، ماشین اصلاح و محصولاتی از این قبیل باعث بروز التهاب و خشکی در پوست آن‌ها میشه که اگه اقدامات درستی دراین خصوص صورت نگیره ممکنه آسیب های بیشتری به پوست وارد بشه. اما متاسفانه اکثریت آقایان نسبت به این مسئله بی توجه هستند. کرم هاای آبرسان و مرطوب کننده بهترین گزینه ای هستند که خشکی و التهابات پوستی را از بین می‌برند و به راحتی هم قابل دسترس هستند. کرم آبرسان پس از اصلاح آقایان ضدحساسیت بوده و از التهابات پوستی جلوگیری می‌کند. این کرم به شما پوستی نرم و شاداب را هدیه می‌دهد. ,2,false,2022-06-14T09:01:53+00:00,ترکیبی,0.87,محصول | اصل بودن کالا,محصول
ژل آبرسان بعد از اصلاح آقایان رطوبت رسان و نرم کننده 260میل ,https://www.khanoumi.com/products/comeon-hydrate-after-shave-for-men-29115,اصلاح صورت آقایان در اکثر مواقع با خارش، التهاب و قرمزی همراه است، بنابراین نیاز است تا با خرید محصولات مناسب از این مسائل جلوگیری کرد. ژل بعد از اصلاح آقایان ازجمله همین محصولات است که با خاصیت آبرسانی خود به لطافت و شادابی پوست شما کمک خواهد کرد. این محصول حاوی هیالورونیک اسید بوده و به رفع التهاب و خارش پوست شما کمک شایانی خواهد کرد.,3,false,2022-07-17T08:59:26+00:00,مثبت,0.79,محصول | اصل بودن کالا,محصول
ژل آبرسان کامان مدل Aloevera حجم 400 میلی لیتر,https://www.khanoumi.com/products/comeon-aloevera-concentrate-400ml-29108,من ازش راضی بودم (شاید یکم از آلوئه‌ورای طبیعی رقیق‌تر باشه) ولی قشنگ جذب میشه و پوست رو لطیف میکنه😍 برای دست و بدن و صورت و حتی مو امتحان کردم که واسه دست و بدن بنظر بهتر جواب داد. بازم میخرم ^_^,8,true,2020-09-19T14:21:25+00:00,ترکیبی,0.87,محصول,محصول
ژل آبرسان کامان مدل Aloevera حجم 400 میلی لیتر,https://www.khanoumi.com/products/comeon-aloevera-concentrate-400ml-29108,عالیه پوست رو خوب ابرسانی و مرطوب میکنه اولش یکم حالت چسبندگی داره اما جذب میشه و پوست رو آبرسانی میکنه و حتی با شستن هم از بین نمیره نسبت به قیمتش واقعا به صرفه اس ,11,true,2020-09-15T11:33:52+00:00,مثبت,0.91,محصول | قیمت,محصول
ژل آبرسان کامان مدل Aloevera حجم 400 میلی لیتر,https://www.khanoumi.com/products/comeon-aloevera-concentrate-400ml-29108,بعد از استفاده خیلی چسبناکه و باعث جوش زیرپوستی شده،آبرسانی خاصی هم نداره.,12,true,2020-08-28T15:16:29+00:00,خنثی,0.35,محصول,محصول
ژل آبرسان کامان مدل Aloevera حجم 400 میلی لیتر,https://www.khanoumi.com/products/comeon-aloevera-concentrate-400ml-29108,محصول خوبیه ولی ابرسان و کرم های کامان بهترن,5,true,2020-08-28T13:11:06+00:00,مثبت,0.67,محصول,محصول
ژل آبرسان کامان مدل Aloevera حجم 400 میلی لیتر,https://www.khanoumi.com/products/comeon-aloevera-concentrate-400ml-29108,من خیلی دوستش دارم. پوستم چربه ولی گاهی دستام که خشک میشه استفاده میکنم و خییلی زود جذب میشه. خیلی دوسش دارم. مرسی خانومی,3,true,2020-08-23T13:32:00+00:00,مثبت,0.67,محصول,محصول
ژل آبرسان کامان مدل Aloevera حجم 400 میلی لیتر,https://www.khanoumi.com/products/comeon-aloevera-concentrate-400ml-29108,توی تخفیف خریدم..با تخفیف ارزش خرید داره..من بعد حموم واسه پا و بدنم استفاده میکنم..در کل محصول جالبیه,0,true,2020-08-21T15:16:19+00:00,ترکیبی,0.66,قیمت | محصول,قیمت
ژل آبرسان کامان مدل Aloevera حجم 400 میلی لیتر,https://www.khanoumi.com/products/comeon-aloevera-concentrate-400ml-29108,"خوبه ولی بوی تندی داره بوی الکل میده و پوستم یکم حساسه نسبت بهش
",3,true,2020-08-15T13:53:23+00:00,مثبت,0.79,محصول,محصول
ژل آبرسان کامان مدل Aloevera حجم 400 میلی لیتر,https://www.khanoumi.com/products/comeon-aloevera-concentrate-400ml-29108,"همش مواد شیمیایی داره تو ترکیباتش رو که بخونی بعد نمیدونم چرا زده طبیعی ۱۰۰%
حالت چسبناکیش رو هم اصلا دوست ندارم ",5,true,2020-08-12T01:37:13+00:00,منفی,0.67,محصول | اصل بودن کالا,اصل بودن کالا
ژل آبرسان کامان مدل Aloevera حجم 400 میلی لیتر,https://www.khanoumi.com/products/comeon-aloevera-concentrate-400ml-29108,من دارم راضیم خوبه ,4,false,2020-08-09T17:41:55+00:00,مثبت,0.95,سایر,سایر
ژل آبرسان کامان مدل Aloevera حجم 400 میلی لیتر,https://www.khanoumi.com/products/comeon-aloevera-concentrate-400ml-29108,زیادی رقیق و آبکیه,10,true,2020-08-03T18:16:11+00:00,خنثی,0.35,سایر,سایر
ژل آبرسان کامان مدل Aloevera حجم 400 میلی لیتر,https://www.khanoumi.com/products/comeon-aloevera-concentrate-400ml-29108,دومین باره که تهیه کردم واقعا خیلی راضییم,4,false,2020-07-29T17:22:05+00:00,مثبت,0.67,سایر,سایر
ژل آبرسان کامان مدل Aloevera حجم 400 میلی لیتر,https://www.khanoumi.com/products/comeon-aloevera-concentrate-400ml-29108,من تا به صورتم میزنم پوستم سوزش میگیره. حالت چسبندگی هم ایجاد میکنه رو پوست.,11,true,2020-07-26T11:42:56+00:00,خنثی,0.35,محصول,محصول
ژل آبرسان کامان مدل Aloevera حجم 400 میلی لیتر,https://www.khanoumi.com/products/comeon-aloevera-concentrate-400ml-29108,تازگی ها به پاهام هم میزنم. هم خیلی خنک میکنه و هم مرطوب کننده ست. عالیه برای خستگی اونم تو گرمای تابستون. به هر کس هم پیشنهاد کردم راضی بوده ,7,true,2020-07-16T12:11:35+00:00,مثبت,0.95,محصول,محصول
ژل آبرسان کامان مدل Aloevera حجم 400 میلی لیتر,https://www.khanoumi.com/products/comeon-aloevera-concentrate-400ml-29108,یه کم رقیق هست ولی من برای بدن استفاده میکنم، بعد حمام، رطوبت رسانیش خوبه,4,true,2020-07-07T13:31:01+00:00,ترکیبی,0.79,سایر,سایر
ژل آبرسان کامان مدل Aloevera حجم 400 میلی لیتر,https://www.khanoumi.com/products/comeon-aloevera-concentrate-400ml-29108,ژل کامان، بوی خییییلی خوبی داره. زیادی چرب نمیکنه. برای آفتاب توی تابستون خیلی عالیه. حتما تستش کنید,4,false,2020-07-06T08:14:18+00:00,مثبت,0.91,محصول,محصول
ژل آبرسان کامان مدل Aloevera حجم 400 میلی لیتر,https://www.khanoumi.com/products/comeon-aloevera-concentrate-400ml-29108,من که یک ماهه دارم از این ژل آلوورا کامان استفاده میکنم، هیچ عیب و ایرادی ازش ندیدم. برای آفتاب سوختگی خیلی به دردم خورد و سریع جذب پوست میشه.,3,false,2020-07-03T00:48:54+00:00,خنثی,0.35,محصول,محصول
ژل آبرسان کامان مدل Aloevera حجم 400 میلی لیتر,https://www.khanoumi.com/products/comeon-aloevera-concentrate-400ml-29108,محصول رو خیلی دوست دارم. ,1,true,2020-07-02T15:01:49+00:00,خنثی,0.35,محصول,محصول
ژل آبرسان کامان مدل Aloevera حجم 400 میلی لیتر,https://www.khanoumi.com/products/comeon-aloevera-concentrate-400ml-29108,دوستش دارم ,1,true,2020-06-30T18:42:59+00:00,خنثی,0.35,سایر,سایر
ژل آبرسان کامان مدل Aloevera حجم 400 میلی لیتر,https://www.khanoumi.com/products/comeon-aloevera-concentrate-400ml-29108,سلام ممنون از برند کامان با این محصول خیلی خوبش،من هم به موهام و هم به صورتم زدم خیلی راضي بودم درجه یکه ممنون از خانومی شمام هم درجه یک هستید💕,2,true,2020-06-27T16:04:03+00:00,مثبت,0.95,محصول,محصول
ژل آبرسان کامان مدل Aloevera حجم 400 میلی لیتر,https://www.khanoumi.com/products/comeon-aloevera-concentrate-400ml-29108,محصول خیلی خوبیه . من   از این ژل ،ماسک هم برای صورت و هم برای مو استفاده کردم و خیلی خوب هست . بوی خیلی خوبی داره و میتونید به عنوان مرطوب کننده هم استفاده کنید.قیمت خوبی هم داره,4,true,2020-06-27T11:03:44+00:00,مثبت,0.95,محصول | قیمت,محصول
ژل آبرسان کامان مدل Aloevera حجم 400 میلی لیتر,https://www.khanoumi.com/products/comeon-aloevera-concentrate-400ml-29108,"جذب سریع، رطوبت خوب


",2,false,2020-06-27T08:02:31+00:00,مثبت,0.67,سایر,سایر
ژل آبرسان کامان مدل Aloevera حجم 400 میلی لیتر,https://www.khanoumi.com/products/comeon-aloevera-concentrate-400ml-29108,واقعا خوبه یک محصول تقریبا همکارست ,1,true,2020-06-24T18:16:54+00:00,مثبت,0.79,محصول,محصول
ژل آبرسان کامان مدل Aloevera حجم 400 میلی لیتر,https://www.khanoumi.com/products/comeon-aloevera-concentrate-400ml-29108,واقعا فوق العادس! من همیشه پوستم خشک بود . از وقتی از این محصول استفاده میکنم پوستم خیلی خوب شده. دیگه حتی از مرطوب کننده هم استفاده نمیکنم. برای مو هم که دیگه عااااالی👍🏼,13,false,2020-06-08T15:26:45+00:00,مثبت,0.79,محصول,محصول
ژل آبرسان کامان مدل Aloevera حجم 400 میلی لیتر,https://www.khanoumi.com/products/comeon-aloevera-concentrate-400ml-29108,عالی بود،هم خیلی بوی خوبی داره،و هم زود جذب میشه و اگزمای حاصل از افتاب رو از بین میبره,22,true,2020-05-13T15:10:21+00:00,مثبت,0.95,محصول | اصل بودن کالا,محصول
کرم اگزما صورت و گردن مدل Eczopro  اتوپیا,https://www.khanoumi.com/products/ardene-atopia-eczopro-atopic-to-eczema-prone-skin-50ml-29148,"صدبار بگم عالیه کم گفتم،کسی که اگزما داره شک نکنه تو خریدش 
باعث سوزش و خارش و جوش نمیشه اصلا به هیچ عنوان چرب و چیلی نیست یه بوی ملوسی هم داره..به اصطلاح آب میندازه زیر پوست",0,true,2026-07-06T01:15:15.8310849+03:30,مثبت,0.67,محصول | اصل بودن کالا,محصول
کرم اگزما صورت و گردن مدل Eczopro  اتوپیا,https://www.khanoumi.com/products/ardene-atopia-eczopro-atopic-to-eczema-prone-skin-50ml-29148,"من این مرطوب کننده رو همراه شوینده صورتش گرفتم، در کنارشون یه تونر به ویت و یه آبرسان ژوت هم خریدم که توی تخفیف حدودا 2 تومن شد
تونره یکم باعث میشه پوستم که اگزما تقریبا شدید داره جوش بزنه که عوضش کردم دارم از تونر اورموس استفاده میکنم الان که عالیه ولی آبرسانه و مخصوصا مرطوب کننده و شوینده اکزوپرو عالی بودن. واقعا به هرکسی که پوستش خیلی خشک و حساسه یا اگزما داره توصیه میکنم
مرطوب کننده اولش روی پوست یه حالت پارافین طور داره ولی خیلی سبک و زود جذبه. من روی اون دوباره یه مرطوب کننده چرب تر هم میزنم چون این زیاد چرب نیست
شویندش هم پوستمو لطیف میکنه و اصلا اون قسمتایی از پوستمو که مستعد اگزماست رو تحریک نمیکنه",0,true,2026-07-02T09:08:59.9640147+03:30,مثبت,0.95,محصول | اصل بودن کالا | قیمت,محصول
کرم اگزما صورت و گردن مدل Eczopro  اتوپیا,https://www.khanoumi.com/products/ardene-atopia-eczopro-atopic-to-eczema-prone-skin-50ml-29148,"من به دستور پزشک خریدم 
ولی خیلی خوبه",0,true,2026-06-11T14:50:25.0492282+03:30,مثبت,0.91,سایر,سایر
کرم اگزما صورت و گردن مدل Eczopro  اتوپیا,https://www.khanoumi.com/products/ardene-atopia-eczopro-atopic-to-eczema-prone-skin-50ml-29148,با دوبار زدن خشکی کنار لبم از بین رفت ، راضی بودم.,0,true,2026-06-02T18:10:36.4470874+03:30,مثبت,0.67,محصول,محصول
کرم اگزما صورت و گردن مدل Eczopro  اتوپیا,https://www.khanoumi.com/products/ardene-atopia-eczopro-atopic-to-eczema-prone-skin-50ml-29148,امتیاز 3.9 اصلا مناسب این محصول نیست، لیاقت حداقل امتیاز 4.7 رو داره,0,true,2026-06-01T01:13:36.5847746+03:30,مثبت,0.67,محصول | اصل بودن کالا,محصول
کرم اگزما صورت و گردن مدل Eczopro  اتوپیا,https://www.khanoumi.com/products/ardene-atopia-eczopro-atopic-to-eczema-prone-skin-50ml-29148,عالیه امیدوارم کیفیتش رو همیشه حفظ کنه، پوست چرب و مستعد جوش من رو نجات داد با اینکه مناسب پوست خشک هستش، با این محصول جوش نزدم که هیچ حتی جوش های قبلیم هم خوب شد و چربی پوستم کمتر شد,0,false,2026-05-27T17:48:45.1173254+03:30,مثبت,0.91,محصول,محصول
کرم اگزما صورت و گردن مدل Eczopro  اتوپیا,https://www.khanoumi.com/products/ardene-atopia-eczopro-atopic-to-eczema-prone-skin-50ml-29148,من به تجویز پزشک خریدم عالیه عالیه . فقط چند روز بعداز استفاده تاثیرش معلوم میشه,0,false,2026-04-21T01:12:16.7559588+03:30,مثبت,0.95,سایر,سایر
کرم اگزما صورت و گردن مدل Eczopro  اتوپیا,https://www.khanoumi.com/products/ardene-atopia-eczopro-atopic-to-eczema-prone-skin-50ml-29148,تنعا کرمی که من رو از خشکی و پوست پوست شدن نجات داد,0,false,2025-05-13T09:53:00.975891+00:00,خنثی,0.35,محصول,محصول
کرم اگزما صورت و گردن مدل Eczopro  اتوپیا,https://www.khanoumi.com/products/ardene-atopia-eczopro-atopic-to-eczema-prone-skin-50ml-29148,نرمی خوبی میده به پوست فقط خیلی حجمش کمه,0,true,2025-04-20T18:23:46.405256+00:00,مثبت,0.67,محصول,محصول
کرم اگزما صورت و گردن مدل Eczopro  اتوپیا,https://www.khanoumi.com/products/ardene-atopia-eczopro-atopic-to-eczema-prone-skin-50ml-29148,یکی از بهترین های ایرانی هست که واقعا رقیب نداره فقط کسایی که اگزما شدید دارن که کرم میزنن و بعد از پاک کردن باز شروع میشه به پوست پوست شدن و خشکی دوباره هیچ کدوم این کرم ها به کارشون نمیاد باید برن پیش متخصص پوست بهشون کرم هایی رو میدن که فقط با نسخه میشه خرید,0,true,2025-03-06T08:16:31.8297921+00:00,مثبت,0.67,محصول,محصول
کرم اگزما صورت و گردن مدل Eczopro  اتوپیا,https://www.khanoumi.com/products/ardene-atopia-eczopro-atopic-to-eczema-prone-skin-50ml-29148,برای پوست من عالی بود,0,true,2024-12-29T19:38:15.5421663+00:00,مثبت,0.79,محصول,محصول
کرم اگزما صورت و گردن مدل Eczopro  اتوپیا,https://www.khanoumi.com/products/ardene-atopia-eczopro-atopic-to-eczema-prone-skin-50ml-29148,لطفا قیمت هارو 50درصد کنید,0,false,2024-11-02T23:06:44.6720159+00:00,خنثی,0.35,قیمت,قیمت
کرم اگزما صورت و گردن مدل Eczopro  اتوپیا,https://www.khanoumi.com/products/ardene-atopia-eczopro-atopic-to-eczema-prone-skin-50ml-29148,برای منی که پوست خشک دارم و با هیچ محصولی نتیجه نمیگیرم این محصول فوق العاده سسسسس,0,false,2024-06-13T07:15:50+00:00,مثبت,0.67,محصول,محصول
کرم اگزما صورت و گردن مدل Eczopro  اتوپیا,https://www.khanoumi.com/products/ardene-atopia-eczopro-atopic-to-eczema-prone-skin-50ml-29148,کرم خوبی برای پوستهای حساس و آسیب پذیر هست . خصوصا برای صورتهای خشک و کم آب مناسب هست .,0,true,2023-05-03T01:39:46+00:00,مثبت,0.67,محصول,محصول
کرم اکسیدان 6 درصد 150 میل,https://www.khanoumi.com/products/biol-12-hydrogen-cream-peroxide-20vol-150ml-29194,موجود کنید لطفاً,0,false,2025-02-13T07:33:40.2125203+00:00,خنثی,0.35,محصول,محصول
سایه چشم مینرال,https://www.khanoumi.com/products/note-mineral-eye-shadow-29197,من شماره 302 رو خریدم درسته اینجا رنگ تیره داره ولی اصلا اونطوری نیست و رنگش مثل رنگ پوست صورتمه که گندمی روشنه ولی چون براق ماننده خیلی عالی میشه و جنس و کیفیت خوبی داره ,0,true,2023-08-27T12:54:47+00:00,مثبت,0.95,محصول | اصل بودن کالا,محصول
کرم پودر مینرال فاقد چربی,https://www.khanoumi.com/products/note-mineral-foundation-29198,رنگ روشنشو میخوام لطفا .چند ساله منتظر این کرمم,0,false,2023-09-03T10:47:10+00:00,خنثی,0.35,محصول,محصول
کرم پودر مینرال فاقد چربی,https://www.khanoumi.com/products/note-mineral-foundation-29198,سلام لطفا رنگ روشن این کرم رو شارژ کنید,1,true,2023-07-23T15:45:23+00:00,خنثی,0.35,محصول,محصول
کرم پودر مینرال فاقد چربی,https://www.khanoumi.com/products/note-mineral-foundation-29198,تو رو خدا رنگ روشن شارژ کنین شماره یک.منتظرم,0,false,2023-07-15T14:56:06+00:00,خنثی,0.35,محصول,محصول
پنکک مینرال,https://www.khanoumi.com/products/note-mineral-compact-powder-29199,"بافتش خوبه و روی پوستم که مختلط خوب میخابه
رنگ4رو خریدم ولی متاسفانه به پوستم که گندمی روشن نمیاد و برنزه میکنه",5,true,2023-01-20T22:34:37+00:00,ترکیبی,0.87,محصول,محصول
پنکک مینرال,https://www.khanoumi.com/products/note-mineral-compact-powder-29199,این مدل ار پنکک نوت فوق العاده هست.خیلی خوب روی پوست می خوابه و ظاهر یکدستی به پوست میده، من که از خریدش راضی ام,39,true,2021-06-14T10:45:24+00:00,مثبت,0.95,محصول,محصول
کانسیلر مینرال SPF 15,https://www.khanoumi.com/products/note-mineral-concealer-29200,رنگ یکش صورتییه کاملا و تیره تیره اس فک نکنم اصلا رنگ پوستی مناسبش باشه,0,false,2026-01-15T16:09:51.1433987+03:30,مثبت,0.67,محصول | اصل بودن کالا,محصول
کانسیلر مینرال SPF 15,https://www.khanoumi.com/products/note-mineral-concealer-29200,"من خیلی دوستش دارم 
کاور خوب و طبیعی داره و بین خطوط چشمم نمیره 
میلیا نمیده 
رنگ سی 2 برای من که پوستم گندمی روشنه کاملا مناسبه",0,false,2026-01-10T20:05:50.92481+03:30,مثبت,0.67,محصول,محصول
کانسیلر مینرال SPF 15,https://www.khanoumi.com/products/note-mineral-concealer-29200,کاور و موندگاری معمولی ، ولی بافتش سبک بود,0,true,2025-12-27T01:16:46.3505251+03:30,خنثی,0.35,محصول,محصول
کانسیلر مینرال SPF 15,https://www.khanoumi.com/products/note-mineral-concealer-29200,تا قبل عید موجود میشه؟,0,false,2025-02-08T14:06:37.6296099+00:00,خنثی,0.35,محصول,محصول
کانسیلر مینرال SPF 15,https://www.khanoumi.com/products/note-mineral-concealer-29200,"روی پوست اصلا خوب نمی نشیند. رنگش 1 است اما تیره است. فکر کردم 1 باید روشنترین باشد.
در مجموع لوازم آرایس ترکیه معمولا خوب نیست و در مقایسه، تولیدات ایران بهتر است.",0,false,2024-05-24T11:32:35+00:00,منفی,0.91,محصول | اصل بودن کالا,اصل بودن کالا
کانسیلر مینرال SPF 15,https://www.khanoumi.com/products/note-mineral-concealer-29200,لطفا در تخفیف قرار بدید,0,false,2023-08-28T01:07:40+00:00,منفی,0.67,قیمت,قیمت
کانسیلر مینرال SPF 15,https://www.khanoumi.com/products/note-mineral-concealer-29200,این کانسیلر بافت سبکی داره و به خوبی روی پوست میشینه. این کانسیلر تیرگی های اطراف چشم رو از بین میپوشونه و به دلیل داشتن spf از پوست دربرابر اشعه های مضر خورشید محافظت می کند. سری فلزی و خنک این محصول هم باعث کاهش پف زیر چشم می شود. ,1,false,2023-03-28T15:03:37+00:00,مثبت,0.67,محصول,محصول
کانسیلر مینرال SPF 15,https://www.khanoumi.com/products/note-mineral-concealer-29200,سلام. من این کرم از ترکیه خریدم. پوشانندگی بسیار بالایی داره و به درد افرادی میخوره که پوست زیر چشمشون خیلی چرب باشه ,1,false,2022-12-02T21:17:44+00:00,خنثی,0.35,محصول,محصول
رژلب جامد نیمه مات مینرال,https://www.khanoumi.com/products/note-mineral-lip-stick-29201,رنگ 05 خیلی خوبه,0,true,2023-04-03T18:59:30+00:00,مثبت,0.91,محصول,محصول
رژلب جامد نیمه مات مینرال,https://www.khanoumi.com/products/note-mineral-lip-stick-29201,من این رنگ رو سفارش دادم خیلی قشنگه ,0,true,2023-04-03T18:57:28+00:00,خنثی,0.35,محصول,محصول
رژلب مایع مینرال,https://www.khanoumi.com/products/note-mineral-lip-gloss-29202,من کد 06 اش رو خریداری کردم خیلی خیلی قشنگ بود رنگش,0,true,2023-12-29T00:10:22+00:00,خنثی,0.35,محصول,محصول
رژلب مایع مینرال,https://www.khanoumi.com/products/note-mineral-lip-gloss-29202,این رژلب بافت خیلی سبکی روی لب داره و اصلا نمیماسه. خیلی تنوع رنگیش بالاست و برای هر آرایش و هر سلیقه ای مناسبه. لب و نرم میکنه و باعث خشکی اون نمیشه. ماندگاریشم خوبه و قیمت مناسبی داره.,0,false,2022-12-31T08:06:40+00:00,مثبت,0.67,محصول | اصل بودن کالا | قیمت,محصول
کرم لب مات مینرال,https://www.khanoumi.com/products/note-mineral-matte-lip-cream-29203,لبامو به شدت خشک کرد. پیشنهاد نمیکنم,0,true,2025-03-24T13:47:15.836718+00:00,منفی,0.67,محصول,محصول
کرم لب مات مینرال,https://www.khanoumi.com/products/note-mineral-matte-lip-cream-29203,"سلام
لطفا رنگ های دیگه رو شارژ کنین یا حداقل تخفیف ویژه و بیشتری بذارین",2,false,2023-03-26T16:02:11+00:00,خنثی,0.35,محصول | قیمت,محصول
کرم لب مات مینرال,https://www.khanoumi.com/products/note-mineral-matte-lip-cream-29203,لطفاً رنگبندی کاملتری از این بالم موجود کنید. رنگهایی که در حال حاضر در سایت موجودند، خیلی خیلی تیره هستند.,14,false,2023-01-10T01:39:10+00:00,خنثی,0.35,محصول,محصول
دستمال مرطوب اکسپرس پاک کننده آرایش 70برگی سیلندری,https://www.khanoumi.com/products/wee-care-express-makeup-remover-wet-wipes-70pcs-29283,مرطوب نيست زياد و متاسفانه پيشمونم از خريد اين محصول براى اولين بار در خانومى  و كيفيت بدى داره و خيلي سخت ارايش پاک ميكنه ,0,true,2022-06-17T13:58:23+00:00,خنثی,0.35,محصول,محصول
دستمال مرطوب اکسپرس پاک کننده آرایش 70برگی سیلندری,https://www.khanoumi.com/products/wee-care-express-makeup-remover-wet-wipes-70pcs-29283,اصلا پیشنهادش نمیکنم،کلا آرایشو به سختی پاک میکنه مخصوصا برای چشم رو,0,true,2022-04-23T00:48:51+00:00,خنثی,0.35,اصل بودن کالا,اصل بودن کالا
شامپو بچه حاوی روغن آرگان و عصاره عسل 200 میل,https://www.khanoumi.com/products/wee-care-baby-shampoo-with-argan-oil-200ml-29310,لطفا شارژ کنید,0,false,2023-12-26T15:22:47+00:00,خنثی,0.35,سایر,سایر
شامپو بچه حاوی روغن پنبه دانه 200 میل,https://www.khanoumi.com/products/wee-care-baby-shampoo-with-cotton-seed-oil-200ml-29313,لطفا شارژ کنید ,0,true,2023-12-26T15:23:15+00:00,خنثی,0.35,سایر,سایر
شامپو بچه حاوی روغن پنبه دانه 200 میل,https://www.khanoumi.com/products/wee-care-baby-shampoo-with-cotton-seed-oil-200ml-29313,لطفا شارژ کنید,0,true,2023-01-23T08:13:58+00:00,خنثی,0.35,سایر,سایر
شامپو بچه حاوی روغن پنبه دانه 200 میل,https://www.khanoumi.com/products/wee-care-baby-shampoo-with-cotton-seed-oil-200ml-29313,عالیه این شامپو,0,false,2021-11-14T14:42:34+00:00,مثبت,0.79,محصول,محصول
کرم متوقف کننده سوختگی پای کودک 75گرم,https://www.khanoumi.com/products/wee-care-stop-burning-baby-diaper-rash-cream-75ml-29317,این محصول رو برام پسرم استفاده میکردم عالیه,1,false,2020-10-01T14:43:54+00:00,مثبت,0.79,محصول,محصول
کرم پیشگیری کننده سوختگی پای کودک 75 گرم,https://www.khanoumi.com/products/wee-care-prevent-baby-diaper-rash-cream-75g-29318,برای پسرم استفاده کردم عالیه ,0,false,2020-10-01T14:45:58+00:00,مثبت,0.79,سایر,سایر
وازلین ژله ای کودک حاوی روغن آرگان 100 میل,https://www.khanoumi.com/products/wee-care-argan-oil-baby-petroleum-jelly-100ml-29321,برا دست مادرم گرفتم پوست خشک رو خوب نرم و مرطوب نگه میداره ,0,true,2021-10-25T00:19:51+00:00,مثبت,0.67,محصول,محصول
اسکراب صورت لیموترش 175میل,https://www.khanoumi.com/products/freeman-refreshing-key-lime-facial-scrub-175ml-29334,چرا حالا که تو تخفیف هست موجود نمیکنید,0,false,2024-11-29T09:40:05.5883519+00:00,خنثی,0.35,محصول | قیمت,محصول
اسکراب صورت لیموترش 175میل,https://www.khanoumi.com/products/freeman-refreshing-key-lime-facial-scrub-175ml-29334,هم پوستو کاملا تمییز میکنه هم شفافیت خاصی میده,0,true,2023-07-24T12:26:27+00:00,خنثی,0.35,محصول,محصول
اسکراب صورت لیموترش 175میل,https://www.khanoumi.com/products/freeman-refreshing-key-lime-facial-scrub-175ml-29334,اسکراب ها یکی از انواع محصولات مراقبت پوست هستند که به شما کمک می‌کنند تا پوستی سالم داشته باشیدو این محصولات به پاکسازی منافع پوست کمک کرده و به رفع آلودگی های پوست کمک می کند. این محصول به نرمی پوست کمک کرده و به شما کمک میکنه تا پوستی سالم داشته باشید. برای کسانی که نگران سلول‌های مرده پوست و جوش های سطحی و سرسیاه خود هستند، استفاده از این محصول به شدن توصیه میشه.,53,false,2022-02-12T09:07:24+00:00,مثبت,0.67,محصول | قیمت,محصول
ادوتویلت زنانه اترنیتی 100میل,https://www.khanoumi.com/products/calvin-klein-eternity-eau-de-toilette-for-women-100ml-29346,لطفا با تخفیف موجود کنید,0,false,2024-11-27T11:58:00.8955771+00:00,خنثی,0.35,محصول | قیمت,محصول
ادوتویلت زنانه اترنیتی 100میل,https://www.khanoumi.com/products/calvin-klein-eternity-eau-de-toilette-for-women-100ml-29346,لطفا با تخفیف موجود کنید,0,false,2024-04-02T00:29:48+00:00,خنثی,0.35,محصول | قیمت,محصول
ادو پرفیوم زنانه مدل Gucci Bloom حجم 100 میلی لیتر,https://www.khanoumi.com/products/gucci-bloom-eau-de-parfum-for-women-100ml-29350,یه تخفیف عالی براش بزارین لطفا,1,false,2023-02-12T11:56:59+00:00,مثبت,0.67,قیمت,قیمت
ادوپرفیوم زنانه مدل ادوپرفیوم 2 حجم 75میل,https://www.khanoumi.com/products/gucci-eau-de-parfum-ll-for-women-75ml-29351,خاص و دارای خط بو,0,false,2020-05-11T15:36:20+00:00,خنثی,0.35,محصول,محصول
ادوپرفیوم زنانه خیابان پنجم 125میل,https://www.khanoumi.com/products/elizabeth-arden-5th-avenue-eau-de-parfum-for-women-125ml-29356,لطفا موجودش کنید این عطر خیلی عالیه بوش حرف نداره,0,true,2025-10-09T19:40:52.3928939+03:30,مثبت,0.79,محصول,محصول
ادوپرفیوم زنانه خیابان پنجم 125میل,https://www.khanoumi.com/products/elizabeth-arden-5th-avenue-eau-de-parfum-for-women-125ml-29356,کاش موجود کنید اصلش رو,0,false,2025-09-27T22:05:26.2180172+03:30,مثبت,0.67,محصول | اصل بودن کالا,محصول
ادوپرفیوم زنانه خیابان پنجم 125میل,https://www.khanoumi.com/products/elizabeth-arden-5th-avenue-eau-de-parfum-for-women-125ml-29356,لطفا موجودش کنین,0,false,2024-04-12T23:25:22+00:00,خنثی,0.35,محصول,محصول
ادوپرفیوم زنانه خیابان پنجم 125میل,https://www.khanoumi.com/products/elizabeth-arden-5th-avenue-eau-de-parfum-for-women-125ml-29356,بوی گل یاس میده واسه مامانا مناسبه، پخش بو اصلا نداررره ماندگاری اصلا نداررره ، بنظرم این عطر اصلا خوب نیست 👎🏻,1,true,2023-04-14T09:25:15+00:00,خنثی,0.35,محصول | اصل بودن کالا,محصول
ادوپرفیوم زنانه خیابان پنجم 125میل,https://www.khanoumi.com/products/elizabeth-arden-5th-avenue-eau-de-parfum-for-women-125ml-29356,این عطر ، ادکلن ثابت من هست و هر بار تمام شده دوباره ازش خریدم ... بسیار ملایم و خوش بو هست و یه حس خوبی به آدم می ده و با خرید از سایت خانومی از بابت اصل بودنش مطمئن هستم چون این روزها عطر تقلبی زیاد توی بازار هست و از هر جایی نمی شه عطر خرید ,0,true,2023-04-12T10:37:52+00:00,مثبت,0.79,محصول | اصل بودن کالا,محصول
ادوپرفیوم زنانه خیابان پنجم 125میل,https://www.khanoumi.com/products/elizabeth-arden-5th-avenue-eau-de-parfum-for-women-125ml-29356,این عطر فوق العاده خاص و جذابه و بر عکس خیلی از عطرهای دیگه بوی این عطر اصلا باعث سر درد و آزار نمی شه ... من سالهاست از این عطر استفاده می کنم و این مرتبه از پیج خانمی سفارش دادم که منتظرم به دستم برسه,0,true,2023-01-16T17:33:02+00:00,مثبت,0.79,محصول | اصل بودن کالا,محصول
ادوپرفیوم زنانه خیابان پنجم 125میل,https://www.khanoumi.com/products/elizabeth-arden-5th-avenue-eau-de-parfum-for-women-125ml-29356,این عطر بی نهایت خوشبو شیک و عالیه و موندگاریش هم خوبه. واقعا میتونه مثل یه امضای خیلی خاص و زیبا کاراکتر متفاوتی برای شخص فراهم کنه,1,false,2022-12-26T21:45:51+00:00,مثبت,0.95,محصول,محصول
ادوپرفیوم زنانه خیابان پنجم 125میل,https://www.khanoumi.com/products/elizabeth-arden-5th-avenue-eau-de-parfum-for-women-125ml-29356,"من قبلا استفاده کردم،ا
هیچ بویی رو بجز این ادکلن دیگه نمیپسدم ",3,false,2022-11-06T16:06:54+00:00,خنثی,0.35,محصول,محصول
ادوتویلت مردانه لالیک مدل White حجم 125 میل,https://www.khanoumi.com/products/lalique-white-eau-de-toilette-for-men-125ml-29365,عالی,0,true,2026-01-13T11:53:48.4773614+03:30,مثبت,0.67,سایر,سایر
ادوپرفیوم زنانه گلد 100میل,https://www.khanoumi.com/products/xiphoid-gold-eau-de-parfum-for-women-100ml-29367,"عالیه خیلی بوی خوبی داره من دوسش دارم
موندگاریشم خوبه",8,false,2020-06-07T16:05:14+00:00,مثبت,0.95,محصول,محصول
ادوپرفیوم مردانه بلک 100میل,https://www.khanoumi.com/products/xiphoid-black-eau-de-parfum-for-men-100ml-29368,بوی خیلی خوبی داره عالیه من سه سال از این محصول استفاده میکنم ,4,false,2020-06-08T13:15:54+00:00,مثبت,0.95,محصول,محصول
ادوپرفیوم مردانه بلک 100میل,https://www.khanoumi.com/products/xiphoid-black-eau-de-parfum-for-men-100ml-29368,عالییییییییییییییییه😍😍,1,false,2020-05-27T20:26:13+00:00,مثبت,0.67,سایر,سایر
ادوپرفیوم زنانه رزگلد 100میل,https://www.khanoumi.com/products/xiphoid-rose-gold-eau-de-parfum-for-women-100ml-29369,به نظ من بوی تند داره,6,false,2020-08-20T16:07:06+00:00,خنثی,0.35,محصول,محصول
کرم مرطوب کننده آرگان دست، صورت و بدن 500میل,https://www.khanoumi.com/products/sevda-argan-moisturizing-cream-for-hand-and-face-and-body-500ml-29373,بوی تندی نداره؟چون من به بوی زیاد و تند حساسم,0,false,2026-08-07T15:58:28.8182311+03:30,خنثی,0.35,محصول,محصول
کرم مرطوب کننده آرگان دست، صورت و بدن 500میل,https://www.khanoumi.com/products/sevda-argan-moisturizing-cream-for-hand-and-face-and-body-500ml-29373,من واقعا ازین کرم راضیم اصلا سنگین نیست و نرمی و رطوبت خوبی میبخشه.,0,true,2026-05-05T19:18:30.114362+03:30,مثبت,0.79,محصول | اصل بودن کالا,محصول
کرم مرطوب کننده آرگان دست، صورت و بدن 500میل,https://www.khanoumi.com/products/sevda-argan-moisturizing-cream-for-hand-and-face-and-body-500ml-29373,این کرم رو به پیشنهاد دوستم بعدم نظر کاربران گرفتم، عالیه ، من برا صورتم استفاده میکنم با وجود اینکه پوستم حساس ولی این کرم واقعا خوبه,0,true,2026-04-28T23:59:31.0533539+03:30,مثبت,0.95,محصول,محصول
کرم مرطوب کننده آرگان دست، صورت و بدن 500میل,https://www.khanoumi.com/products/sevda-argan-moisturizing-cream-for-hand-and-face-and-body-500ml-29373,"چقدر سبک و عالی روی پوست هست،
حجمش به نسبت قیمتش عالیه به نظرم",0,false,2025-08-17T03:48:29.2582172+00:00,مثبت,0.91,محصول | قیمت,محصول
کرم مرطوب کننده آرگان دست، صورت و بدن 500میل,https://www.khanoumi.com/products/sevda-argan-moisturizing-cream-for-hand-and-face-and-body-500ml-29373,این کرم یه مرطوب کننده قویه که به خوبی خشکی پوست شما رو از بین میبره. بوی خوبی داره و به دلیل نداشتن چربی بعد از استفاده احساس سنگینی روی پوست شما ایجاد نمیکنه. برای استفاده روزانه مناسبه و در طولانی مدت باعث جوانسازی پوست شما میشه.,0,false,2023-04-18T10:30:22+00:00,مثبت,0.79,محصول,محصول
ماسک صورت پیل آف جینسینگ 100میل,https://www.khanoumi.com/products/sevda-ginseng-peel-off-mask-100ml-29376,تو بین محصولات ایرانی این ماسک بد نبود. من یه دوره ازش استفاده کردم و نسبتا خوب بود. یکم بوش بد بود.,0,false,2022-12-20T16:16:02+00:00,ترکیبی,0.74,محصول,محصول
ماسک صورت پیل آف جینسینگ 100میل,https://www.khanoumi.com/products/sevda-ginseng-peel-off-mask-100ml-29376,واقعا بی کیفیته و بوی الکلش آزاردهنده است و تاثیری هم نداره ,2,false,2021-05-22T17:09:46+00:00,منفی,0.67,محصول,محصول
کرم 3کاره سوختگی مناسب پای کودک,https://www.khanoumi.com/products/wee-care-3in1-baby-diaper-rash-cream-75g-29383,من برای دخترم استفاده کردم اصلا راضی نبودم پوستش جوش جوشی میشد دخترم ۷ ماهشه,0,false,2021-06-21T13:12:45+00:00,منفی,0.79,محصول | اصل بودن کالا,اصل بودن کالا
محلول ضدعفونی کننده سطوح 1000میل,https://www.khanoumi.com/products/schon-antibacterial-cleaner-1000ml-29387,در یک کلام عالی ,0,true,2022-03-09T00:16:31+00:00,مثبت,0.67,سایر,سایر
محلول ضدعفونی کننده سطوح 1000میل,https://www.khanoumi.com/products/schon-antibacterial-cleaner-1000ml-29387,کرونا سبک زندگی رو کاملا عوض کرد. یکی از عادت‌های روزانه که کاملا تغییر کرد، تمیز کردن سطوح و ضد عفونی کردن با الکل است. از طرفی باید به این نکته اشاره کرد که الکل معایب مخصوص به خودش رو داره. و می‌تونه مشکلات تنفسی، خشکی پوست و حساسیت ایجاد کنه. محلول ضدعفونی کننده شون، یک محلول ضدعفونی کننده پرقدرته که ضمن کیفیت بالا، ایجاد حساسیت نمی‌کنه و اصلا رایحه تند و بدی نداره. با خیال راحت می‌تونید از این محصول استفاده کنید.,0,false,2022-02-23T08:52:13+00:00,خنثی,0.4,محصول | اصل بودن کالا,محصول
محلول ضدعفونی کننده سطوح 1000میل,https://www.khanoumi.com/products/schon-antibacterial-cleaner-1000ml-29387,"سلام. محلول بسیار خوبیه. بوی خوبی هم داره.
",14,false,2020-09-20T11:39:57+00:00,مثبت,0.79,محصول,محصول
محلول ضدعفونی کننده سطوح 1000میل,https://www.khanoumi.com/products/schon-antibacterial-cleaner-1000ml-29387,خیلی عالیه ,20,true,2020-08-15T14:24:02+00:00,مثبت,0.79,سایر,سایر
محلول ضدعفونی کننده سطوح 1000میل,https://www.khanoumi.com/products/schon-antibacterial-cleaner-1000ml-29387,"دوباره موجودش کنید ،محصول خیلی خوبیه
",26,true,2020-07-31T00:59:03+00:00,مثبت,0.79,محصول,محصول
نوار بهداشتی ایرلید سایز بزرگ 10عددی,https://www.khanoumi.com/products/nancy-air-laid-large-sanitary-pads-10pcs-29418,نازک با قدرت جذب بالا,0,true,2022-12-08T09:40:10+00:00,خنثی,0.35,سایر,سایر
نوار بهداشتی ایرلید بالدار خیلی نازک سایز متوسط ویژه روز 10عددی ,https://www.khanoumi.com/products/nancy-air-laid-medium-sanitary-pads-10pcs-29420,متاسفانه در توضیحات نوشته نشده رویه مشبک ،و رویه مشبکش بشدت بدن رو اذیت میکنه,3,true,2022-08-13T11:05:09+00:00,منفی,0.79,سایر,سایر
ژل دئودورانت مردانه مدل Clean Comfort حجم 75 میلی لیتر,https://www.khanoumi.com/products/comeon-gel-deodorant-for-men-125ml-29448,بوی خوبی داره فقط بعد از استفاده خارش میگیرم,0,false,2026-05-03T13:53:37.1476961+03:30,مثبت,0.67,محصول,محصول
ژل دئودورانت مردانه مدل Clean Comfort حجم 75 میلی لیتر,https://www.khanoumi.com/products/comeon-gel-deodorant-for-men-125ml-29448,چندساله همسرم ازش استفاده میکنه راضیه,0,true,2026-02-27T13:49:35.1744619+03:30,مثبت,0.67,سایر,سایر
ژل دئودورانت مردانه مدل Clean Comfort حجم 75 میلی لیتر,https://www.khanoumi.com/products/comeon-gel-deodorant-for-men-125ml-29448,اصن عالیه بوش ماندگاری همه چیز,0,false,2025-12-07T00:45:19.075291+03:30,مثبت,0.79,محصول,محصول
ژل دئودورانت مردانه مدل Clean Comfort حجم 75 میلی لیتر,https://www.khanoumi.com/products/comeon-gel-deodorant-for-men-125ml-29448,"من تو تخفیف پنجاه درصد گرفتم، بوش تقریباً زیاده و بد نیست.
بو سلیقه ایه. و بوی عرق و کامل میگیره..",0,false,2025-04-14T09:07:48.8482172+00:00,مثبت,0.67,محصول | قیمت,محصول
ژل دئودورانت مردانه مدل Clean Comfort حجم 75 میلی لیتر,https://www.khanoumi.com/products/comeon-gel-deodorant-for-men-125ml-29448,"نمیدونم چرا انقدر ازش بد گفتن با اینکه بوی خوبی میده 
و رولرشم حالت جالبی داره فقط اینکه بصورت یک کرمه که انگار میمالیش به خودت",0,false,2024-06-26T00:13:47+00:00,ترکیبی,0.66,محصول,محصول
ژل دئودورانت مردانه مدل Clean Comfort حجم 75 میلی لیتر,https://www.khanoumi.com/products/comeon-gel-deodorant-for-men-125ml-29448,من مام زن و مردونه کامان رو گرفتم حیف پول مزخرف ی ثانیه هم عطرش نمیمونه بدن همونقد عرق میکنه و بومیده حتی باکتری های تعریق روهم از بین نمیبره,3,false,2021-08-18T14:54:26+00:00,مثبت,0.67,محصول,محصول
ژل دئودورانت مردانه مدل Clean Comfort حجم 75 میلی لیتر,https://www.khanoumi.com/products/comeon-gel-deodorant-for-men-125ml-29448,خیلی خیلی مام بدی بود بدتر بوی عرق رو تشدید میکنه,7,false,2020-11-18T09:29:37+00:00,منفی,0.79,محصول,محصول
ژل دئودورانت زنانه حجم 75میلی لیتر,https://www.khanoumi.com/products/comeon-deo-lady-gel-deodorant-125ml-29449,من چندساله استفاده میکنم و واقعا دوسش دارم,0,true,2026-08-07T14:39:10.4910574+03:30,خنثی,0.35,سایر,سایر
ژل دئودورانت زنانه حجم 75میلی لیتر,https://www.khanoumi.com/products/comeon-deo-lady-gel-deodorant-125ml-29449,من این مام رو داشتم و واقعا عالی بود یکم بوی گل اینا میده اما اصلا اذیت کننده نیست و خیلی خوبه واقعا یک روز کامل و بیشتر هم جلوی تعریق رو میگیره جایی که من زندگی‌میکنم به شدت گرمه‌اما وقتی از این استفاده کردم اصلا لباس هام بوی بدی نگرفتن و بازم خوشبو بودن با وجوده اینکه تعریق هم داشتم یکم رد از خودش به جا میزاره اما به نظر من واقعا ارزش خرید داره,0,false,2026-08-01T16:13:21.4512315+03:30,ترکیبی,0.79,محصول | اصل بودن کالا | قیمت,محصول
ژل دئودورانت زنانه حجم 75میلی لیتر,https://www.khanoumi.com/products/comeon-deo-lady-gel-deodorant-125ml-29449,بوش خوبه ماندگاری هم داره ولی به شدت زیر بغل رو سیاه میکنه خیلی هم سیاه میکنه,0,false,2026-07-22T23:46:08.3015911+03:30,مثبت,0.79,محصول,محصول
ژل دئودورانت زنانه حجم 75میلی لیتر,https://www.khanoumi.com/products/comeon-deo-lady-gel-deodorant-125ml-29449,من بوش رو دوسش دارم و چند ساله استفاده میکنم و راضی ام,0,true,2026-07-16T08:27:15.3559623+03:30,مثبت,0.79,محصول,محصول
ژل دئودورانت زنانه حجم 75میلی لیتر,https://www.khanoumi.com/products/comeon-deo-lady-gel-deodorant-125ml-29449,نمیدونم تو ترکیباتش چی بود که باعث خشکی و در نهایت زخم شدن پوست شد لطفا تو خریدتون دقت کنید,0,true,2026-07-04T10:53:13.0756482+03:30,خنثی,0.35,محصول,محصول
ژل دئودورانت زنانه حجم 75میلی لیتر,https://www.khanoumi.com/products/comeon-deo-lady-gel-deodorant-125ml-29449,عالیه به امبرلا ترجیح میدم زین پس,0,true,2026-07-03T19:08:39.8167581+03:30,مثبت,0.79,سایر,سایر
ژل دئودورانت زنانه حجم 75میلی لیتر,https://www.khanoumi.com/products/comeon-deo-lady-gel-deodorant-125ml-29449,بد نبود جلو تعریق می‌گرفت بوش هم خوب بود حالا به نظر من ولی ماندگاریش زیاد نبود ، ولی درکل نسبت به قیمتش بد نبود ولی عالی هم نبود,0,true,2026-05-12T13:01:40.134932+03:30,مثبت,0.91,محصول | قیمت,محصول
ژل دئودورانت زنانه حجم 75میلی لیتر,https://www.khanoumi.com/products/comeon-deo-lady-gel-deodorant-125ml-29449,عالیه و اینک اصلا بوعه عرق نمی‌گیری,0,false,2026-04-29T20:38:47.7597812+03:30,مثبت,0.91,محصول | اصل بودن کالا,محصول
ژل دئودورانت زنانه حجم 75میلی لیتر,https://www.khanoumi.com/products/comeon-deo-lady-gel-deodorant-125ml-29449,خیلی بوی بدی میگیره مخصوصا تابستون اصلا پیشنهاد نمیکنم,0,true,2026-04-15T10:36:44.3812652+03:30,منفی,0.67,محصول | اصل بودن کالا,اصل بودن کالا
ژل دئودورانت زنانه حجم 75میلی لیتر,https://www.khanoumi.com/products/comeon-deo-lady-gel-deodorant-125ml-29449,"من یبار ناچار شدم از این مدل خریدم خیلی ماندگاری ندارم و مثل برندهای خوب نیست 
ولی از برند بایول خیلی بهتره ولی در مقایسه با نیوآ و ژیلت مسخره بود و کرمی بودنش بمن‌حس خوبی نمی‌داد",0,false,2026-04-14T22:58:22.2878057+03:30,منفی,0.79,محصول,محصول
ژل دئودورانت زنانه حجم 75میلی لیتر,https://www.khanoumi.com/products/comeon-deo-lady-gel-deodorant-125ml-29449,خیلی بوی بدی داره بوی حشره کش میده خیلی بد بود,0,false,2026-03-26T15:03:23.3462177+03:30,منفی,0.91,محصول,محصول
ژل دئودورانت زنانه حجم 75میلی لیتر,https://www.khanoumi.com/products/comeon-deo-lady-gel-deodorant-125ml-29449,اصلا خوب نیست,0,true,2026-03-24T11:01:56.3792864+03:30,منفی,0.79,اصل بودن کالا,اصل بودن کالا
ژل دئودورانت زنانه حجم 75میلی لیتر,https://www.khanoumi.com/products/comeon-deo-lady-gel-deodorant-125ml-29449,واقعا عالی بود,0,true,2026-03-22T14:28:24.5561782+03:30,مثبت,0.79,محصول,محصول
ژل دئودورانت زنانه حجم 75میلی لیتر,https://www.khanoumi.com/products/comeon-deo-lady-gel-deodorant-125ml-29449,فوق العاده,0,true,2026-03-10T23:44:00.0849219+03:30,مثبت,0.67,سایر,سایر
ژل دئودورانت زنانه حجم 75میلی لیتر,https://www.khanoumi.com/products/comeon-deo-lady-gel-deodorant-125ml-29449,"خیلی محصول باکیفیت و عالی هستش
کرمی بودنش حس خوبی میده و پوست رو هم بسیار نرم میکنه
عطر و بوی غشنگی داره 
ماندگاریش هم واقعا بالاست 
درکل کامان از بهترین‌هاستتتت",0,true,2026-02-11T01:17:03.0766777+03:30,مثبت,0.91,محصول,محصول
ژل دئودورانت زنانه حجم 75میلی لیتر,https://www.khanoumi.com/products/comeon-deo-lady-gel-deodorant-125ml-29449,عالییی ماندگاری بالایی داره و خوشبوعه,0,true,2025-12-08T00:54:13.6014392+03:30,مثبت,0.67,محصول,محصول
ژل دئودورانت زنانه حجم 75میلی لیتر,https://www.khanoumi.com/products/comeon-deo-lady-gel-deodorant-125ml-29449,خوشبو وعالی,0,true,2025-11-24T21:49:31.8326052+03:30,مثبت,0.67,محصول,محصول
ژل دئودورانت زنانه حجم 75میلی لیتر,https://www.khanoumi.com/products/comeon-deo-lady-gel-deodorant-125ml-29449,طبق نظرات خریدم اصلا ب درد نمیخوره,0,true,2025-11-18T21:54:58.1224379+03:30,منفی,0.67,اصل بودن کالا,اصل بودن کالا
ژل دئودورانت زنانه حجم 75میلی لیتر,https://www.khanoumi.com/products/comeon-deo-lady-gel-deodorant-125ml-29449,"بهتتتتترررررین عالیه 
مخصوصا با این تخفیف",0,true,2025-11-15T16:43:39.2760375+03:30,مثبت,0.79,قیمت,قیمت
ژل دئودورانت زنانه حجم 75میلی لیتر,https://www.khanoumi.com/products/comeon-deo-lady-gel-deodorant-125ml-29449,عالی و خوشبو,0,true,2025-10-24T14:59:52.9479831+03:30,مثبت,0.67,محصول,محصول
ژل دئودورانت زنانه حجم 75میلی لیتر,https://www.khanoumi.com/products/comeon-deo-lady-gel-deodorant-125ml-29449,عالی بود مثل همیشه,0,true,2025-10-21T13:30:52.7294164+03:30,مثبت,0.79,محصول,محصول
ژل دئودورانت زنانه حجم 75میلی لیتر,https://www.khanoumi.com/products/comeon-deo-lady-gel-deodorant-125ml-29449,بوی خوبی داره بوی تمیزی میده,0,true,2025-10-21T01:37:59.7709519+03:30,مثبت,0.67,محصول,محصول
ژل دئودورانت زنانه حجم 75میلی لیتر,https://www.khanoumi.com/products/comeon-deo-lady-gel-deodorant-125ml-29449,چرا فقط یکی میتونم سفارش بدم,0,false,2025-10-09T14:26:00.3419584+03:30,منفی,0.67,سایر,سایر
ژل دئودورانت زنانه حجم 75میلی لیتر,https://www.khanoumi.com/products/comeon-deo-lady-gel-deodorant-125ml-29449,من اصلا عرق تندی ندارم ولی بازم بوش اصلا خوب نمیشه,0,true,2025-10-02T14:18:07.6476919+03:30,منفی,0.67,اصل بودن کالا | محصول,اصل بودن کالا
ژل دئودورانت زنانه حجم 75میلی لیتر,https://www.khanoumi.com/products/comeon-deo-lady-gel-deodorant-125ml-29449,خیلی خوبهههههه با این قیمت و‌تخفیف عااااالبه زاضی بودم,0,true,2025-09-20T11:13:08.7735966+03:30,مثبت,0.91,قیمت | محصول,قیمت
ژل دئودورانت زنانه حجم 75میلی لیتر,https://www.khanoumi.com/products/comeon-deo-lady-gel-deodorant-125ml-29449,من بوی عرقم خیلی تنده حتی اگه یکم عرق کنم اینو یبار زدم رفتم بازار با اینکه خیلی عرق کردم اما اومدم خونه تا بو نمیدم و راظی بودم حتما دوباره شارژ میکنم,0,true,2025-09-03T04:54:31.7729535+03:30,خنثی,0.35,محصول,محصول
ژل دئودورانت زنانه حجم 75میلی لیتر,https://www.khanoumi.com/products/comeon-deo-lady-gel-deodorant-125ml-29449,عالیه حتما بگیرین,0,true,2025-08-31T01:07:06.3479334+03:30,مثبت,0.79,سایر,سایر
ژل دئودورانت زنانه حجم 75میلی لیتر,https://www.khanoumi.com/products/comeon-deo-lady-gel-deodorant-125ml-29449,من که اصلا راضی نبودم,0,false,2025-08-29T10:13:12.7462652+00:00,منفی,0.79,محصول | اصل بودن کالا,اصل بودن کالا
ژل دئودورانت زنانه حجم 75میلی لیتر,https://www.khanoumi.com/products/comeon-deo-lady-gel-deodorant-125ml-29449,"بوی عرق رو میگیره اما بو نداشت هرچی بو کردم

بنظر من ک معمولیه",0,true,2025-08-25T12:05:33.4733151+00:00,خنثی,0.35,محصول,محصول
ژل دئودورانت زنانه حجم 75میلی لیتر,https://www.khanoumi.com/products/comeon-deo-lady-gel-deodorant-125ml-29449,من واقعا راضیم ازین مام رنگ سبزشم استفاده کردم حرف نداشت,0,false,2025-08-22T09:29:21.4599963+00:00,مثبت,0.79,محصول,محصول
ژل دئودورانت زنانه حجم 75میلی لیتر,https://www.khanoumi.com/products/comeon-deo-lady-gel-deodorant-125ml-29449,عااااااااااالی,0,true,2025-07-27T11:51:54.8687481+00:00,خنثی,0.35,سایر,سایر
ژل دئودورانت زنانه حجم 75میلی لیتر,https://www.khanoumi.com/products/comeon-deo-lady-gel-deodorant-125ml-29449,من از این نام نزدیک یکسال استفاده کردم به مرور زمان باعث تیرگی زیر بغل میشه مام مارک شی خیلی بهتر از این مارک کام‌ان هستش که باعث تیرگی زیر بغل میشه و خیلی طول می‌کشه تا دوباره تیرگی از بین بره,0,false,2025-07-26T21:42:16.7212196+00:00,خنثی,0.35,سایر,سایر
ژل دئودورانت زنانه حجم 75میلی لیتر,https://www.khanoumi.com/products/comeon-deo-lady-gel-deodorant-125ml-29449,بوی ملایم و خوبی داره,0,true,2025-07-24T12:48:57.1197665+00:00,مثبت,0.67,محصول,محصول
ژل دئودورانت زنانه حجم 75میلی لیتر,https://www.khanoumi.com/products/comeon-deo-lady-gel-deodorant-125ml-29449,چند ساله دارم ازش استفاده میکنم و کشته مرده‌شم.. بوی عرقو صد درصد میگیره، حداقل تا 1 روز و نیم بعدش حتی به تمدید احتیاج ندارید.. هرچند هیچی جای حمام رو نمیگیره.. حواستون باشه که وقتی میزنید، حتما رو کل پوست پخش کنید تا ردی ازش نمونه وگرنه جاش می مونه داخل لباستون که خب باتوجه به ماهیتش طبیعیه.. اما اگر پخشش کنید سفیدی نمیزنه,0,true,2025-07-23T11:17:08.2891063+00:00,خنثی,0.35,محصول,محصول
ژل دئودورانت زنانه حجم 75میلی لیتر,https://www.khanoumi.com/products/comeon-deo-lady-gel-deodorant-125ml-29449,خیلی خوشبو وعطرى ملایم ماندگاریشم خوب بود,0,true,2025-07-17T01:28:23.4506945+00:00,مثبت,0.79,محصول,محصول
ژل دئودورانت زنانه حجم 75میلی لیتر,https://www.khanoumi.com/products/comeon-deo-lady-gel-deodorant-125ml-29449,خیلی خوبهههه کلا بوی عرق نمیدم.,0,true,2025-07-16T16:15:47.8497926+00:00,مثبت,0.91,محصول,محصول
ژل دئودورانت زنانه حجم 75میلی لیتر,https://www.khanoumi.com/products/comeon-deo-lady-gel-deodorant-125ml-29449,"از جای دیگه گرفتم افتضاح به تمام معنا ... تمام موردش زیر بغل میماسه و گلوله گلوله میریزه 
سوراخ ها هم همیشه کیپ میشه و گرفته .به نصف نرسیده بود انداختم دور اما بوی خوبی داشت",0,false,2025-07-10T20:38:20.3960946+00:00,ترکیبی,0.71,محصول | تحویل و ارسال,محصول
ژل دئودورانت زنانه حجم 75میلی لیتر,https://www.khanoumi.com/products/comeon-deo-lady-gel-deodorant-125ml-29449,خیلی بوی خوبی داره و اصلا عرق نمیکنم,0,true,2025-06-27T16:24:46.6278153+00:00,خنثی,0.35,محصول | اصل بودن کالا,محصول
ژل دئودورانت زنانه حجم 75میلی لیتر,https://www.khanoumi.com/products/comeon-deo-lady-gel-deodorant-125ml-29449,بوش خوبه ملایمه و باعث میشه اصلا بوی عرق نگیری,0,true,2025-03-19T08:18:32.1795369+00:00,مثبت,0.91,محصول | اصل بودن کالا,محصول
ژل دئودورانت زنانه حجم 75میلی لیتر,https://www.khanoumi.com/products/comeon-deo-lady-gel-deodorant-125ml-29449,بوی ملایم و خییلی خوبی داره. عملکردشم خوبه واقعا راضیم,0,true,2025-02-13T21:30:04.1719088+00:00,مثبت,0.95,محصول,محصول
ژل دئودورانت زنانه حجم 75میلی لیتر,https://www.khanoumi.com/products/comeon-deo-lady-gel-deodorant-125ml-29449,موندگاریش زیاده,0,false,2025-01-21T09:04:36.8267561+00:00,خنثی,0.35,محصول,محصول
ژل دئودورانت زنانه حجم 75میلی لیتر,https://www.khanoumi.com/products/comeon-deo-lady-gel-deodorant-125ml-29449,عالیه,0,true,2024-12-04T11:44:26.9479507+00:00,مثبت,0.79,سایر,سایر
ژل دئودورانت زنانه حجم 75میلی لیتر,https://www.khanoumi.com/products/comeon-deo-lady-gel-deodorant-125ml-29449,خوبه,0,true,2024-11-13T08:38:57.078157+00:00,مثبت,0.79,سایر,سایر
ژل دئودورانت زنانه حجم 75میلی لیتر,https://www.khanoumi.com/products/comeon-deo-lady-gel-deodorant-125ml-29449,مام خوبی هست ولی این بار که سفارش دادم بوی خیلی کمی داشت. متاسفانه.,0,true,2024-11-12T08:59:44.0561369+00:00,ترکیبی,0.71,محصول,محصول
ژل دئودورانت زنانه حجم 75میلی لیتر,https://www.khanoumi.com/products/comeon-deo-lady-gel-deodorant-125ml-29449,"خیلی عالیی
بوی خیلی ملایمی داره وعملکردش بسیار عالیست.",0,true,2024-10-21T18:15:31.1026066+00:00,مثبت,0.79,محصول,محصول
ژل دئودورانت زنانه حجم 75میلی لیتر,https://www.khanoumi.com/products/comeon-deo-lady-gel-deodorant-125ml-29449,کلا بوی خاصی نداره ولی به خوبی جلو گیری میکنه از تعریق و بوی بد بدن,0,true,2024-08-22T00:49:38+00:00,ترکیبی,0.79,محصول,محصول
ژل دئودورانت زنانه حجم 75میلی لیتر,https://www.khanoumi.com/products/comeon-deo-lady-gel-deodorant-125ml-29449,بوی خیلی خوبی داره.ماندگاری عالی.من راضی بودم,0,true,2024-06-09T15:27:03+00:00,مثبت,0.95,محصول,محصول
ژل دئودورانت زنانه حجم 75میلی لیتر,https://www.khanoumi.com/products/comeon-deo-lady-gel-deodorant-125ml-29449,بوش خوب نیست یعنی بعد حمومم میزنی با تعریق بوش بدتر میشه..,0,true,2024-05-23T00:31:37+00:00,منفی,0.79,محصول,محصول
ژل دئودورانت زنانه حجم 75میلی لیتر,https://www.khanoumi.com/products/comeon-deo-lady-gel-deodorant-125ml-29449,"خیلی خوبه
بو نداره ولی جلوی تعریق کامل میگره",0,true,2024-05-12T12:59:05+00:00,منفی,0.91,محصول,محصول
ژل دئودورانت زنانه حجم 75میلی لیتر,https://www.khanoumi.com/products/comeon-deo-lady-gel-deodorant-125ml-29449,"خیلی بوش نازه و میمونه ...
ماندگاریش واقعا بالاس حجمشم خیلی خوبه.راضیم ",0,true,2024-05-03T11:08:54+00:00,مثبت,0.95,محصول,محصول
ژل دئودورانت زنانه حجم 75میلی لیتر,https://www.khanoumi.com/products/comeon-deo-lady-gel-deodorant-125ml-29449,بوی خوب و ملایمی داره و ماندگاری بالایی داره ,0,true,2024-01-07T04:23:28+00:00,مثبت,0.67,محصول,محصول
ژل دئودورانت زنانه حجم 75میلی لیتر,https://www.khanoumi.com/products/comeon-deo-lady-gel-deodorant-125ml-29449,بوی خیلی ملایمی داره. زود هم جذب میشه و ذیت نمیکنه روی پوست. شک نکنین محصولات کامان خیلی خوبن,0,false,2023-12-16T12:46:34+00:00,مثبت,0.79,محصول,محصول
ژل دئودورانت زنانه حجم 75میلی لیتر,https://www.khanoumi.com/products/comeon-deo-lady-gel-deodorant-125ml-29449,این مدلش که الکل نداره برای منی که پوست حساسی دارم خیلی خوبه. یه گزینه خوب برای تابستونه که خیلی عرق میکنین,0,false,2023-12-13T11:07:56+00:00,مثبت,0.95,محصول,محصول
ژل دئودورانت زنانه حجم 75میلی لیتر,https://www.khanoumi.com/products/comeon-deo-lady-gel-deodorant-125ml-29449,خیلی خوش بو بود و پوست رو نرم میکنه. به طرز غیر منتظره ای ماندگاریش بالا بود 24 ساعت بعد هنوز بوی عطر میده,0,true,2023-12-12T09:18:12+00:00,خنثی,0.35,محصول,محصول
ژل دئودورانت زنانه حجم 75میلی لیتر,https://www.khanoumi.com/products/comeon-deo-lady-gel-deodorant-125ml-29449,شک نکنین توی خریدش من پوست حساسی دارم و دکتر داروخانه این مدلش رو بهم معرفی کرد. هم پوستم رو اذیت نکرد هم حس بدی ندارم و زود جذب میشه و ماندگاریشم خوبه,0,false,2023-12-11T10:52:16+00:00,مثبت,0.91,محصول,محصول
ژل دئودورانت زنانه حجم 75میلی لیتر,https://www.khanoumi.com/products/comeon-deo-lady-gel-deodorant-125ml-29449,ماندگاریش پایین بود و من خیلی راضی نبودم,0,false,2023-11-30T01:01:36+00:00,منفی,0.67,محصول,محصول
ژل دئودورانت زنانه حجم 75میلی لیتر,https://www.khanoumi.com/products/comeon-deo-lady-gel-deodorant-125ml-29449,یکی از دغدغه های من این بود که مام های دیگه لباس های مشکیم رو خراب میکردن و رد میانداختن تازه حس خیسی میدادن. ولی خوش بختانه این هیچ کدوم از این مشکلات رو نداره.,0,false,2023-11-29T11:31:13+00:00,خنثی,0.35,محصول,محصول
ژل دئودورانت زنانه حجم 75میلی لیتر,https://www.khanoumi.com/products/comeon-deo-lady-gel-deodorant-125ml-29449,من بعد از اینکه از حموم میام ازش استفاده میکنم و این ماندگاریش رو بالاتر میبره و تا حموم بعدی واقعا میمونه و بوی بد نمیگیره,0,false,2023-11-27T15:52:06+00:00,مثبت,0.67,محصول,محصول
ژل دئودورانت زنانه حجم 75میلی لیتر,https://www.khanoumi.com/products/comeon-deo-lady-gel-deodorant-125ml-29449,چندساله استفاده میکنم و راضیام.,0,false,2023-07-30T21:35:34+00:00,مثبت,0.67,سایر,سایر
ژل دئودورانت زنانه حجم 75میلی لیتر,https://www.khanoumi.com/products/comeon-deo-lady-gel-deodorant-125ml-29449,سلام من از این دئودرانت کامان خریدم اومد هیچی نداشت توش خالی بود انگار هر چقدر میچرخوندم بیاد بیرون هیچی من که اصلا راضی نبودم اشغال بود ,2,false,2022-07-10T12:56:46+00:00,منفی,0.79,محصول | اصل بودن کالا,اصل بودن کالا
ژل دئودورانت زنانه حجم 75میلی لیتر,https://www.khanoumi.com/products/comeon-deo-lady-gel-deodorant-125ml-29449,دئودرانت کامان یکی از بهترین دئودرانت‌هایی بود که تا به حال استفاده کردم. در زمان استفاده حس خوب خنکی که داشت رو دوست داشتم و نکته مهم دیگه‌ای که داشت اصلا روی لباس سفیدکی ایجاد نمی‌کرد و یا باعث ایجاد لک نمی‌شد. از ایجاد بوی بد عرق هم تا حد بسیار زیادی جلوگیری کرد. اگر در جستجوی خرید یک دئودرانت خوب و با کیفیت هستید این محصول گزینه مناسبی برای شما خواهد بود.,4,false,2022-05-16T09:12:07+00:00,ترکیبی,0.92,محصول | اصل بودن کالا,محصول
ژل دئودورانت زنانه حجم 75میلی لیتر,https://www.khanoumi.com/products/comeon-deo-lady-gel-deodorant-125ml-29449,بهتر از مام کامان هیچ جا ندیدم چند ساله از مام های مختلف استفاده کردم این بهترینشون بود واقعا راضی ام,3,false,2022-04-09T05:24:17+00:00,مثبت,0.91,محصول,محصول
ژل دئودورانت زنانه حجم 75میلی لیتر,https://www.khanoumi.com/products/comeon-deo-lady-gel-deodorant-125ml-29449,خیلی عالیه حجمش زیاده ، ژلیه اما زود جذب میشه ، حموم به حمومم بزنی اصن بوی عرق نمیگیری ، تنها مشکلش اینه یکم سخت در میاد تهشو باید فشار بدی,0,true,2022-03-03T11:11:28+00:00,ترکیبی,0.79,محصول,محصول
ژل دئودورانت زنانه حجم 75میلی لیتر,https://www.khanoumi.com/products/comeon-deo-lady-gel-deodorant-125ml-29449,"خیلی بد شنیدم ازس اما وسه من عالیه
بو نداره 
از حموم میام میزنم تا روز بعد که میرم حموم بوی بد نمیگیرم اما بوی خوبش خیلی ملایمی 
البته من دوس دارم چون نکیخوام با بوی عطرم قاطی شه",0,false,2021-09-16T23:40:53+00:00,منفی,0.67,محصول,محصول
ژل دئودورانت زنانه حجم 75میلی لیتر,https://www.khanoumi.com/products/comeon-deo-lady-gel-deodorant-125ml-29449,کیفیت معمولی داره خیلی تاثیر گذار نیست پیشنهاد نمیکنم ,0,false,2021-08-03T07:20:25+00:00,منفی,0.67,محصول,محصول
ژل دئودورانت زنانه حجم 75میلی لیتر,https://www.khanoumi.com/products/comeon-deo-lady-gel-deodorant-125ml-29449,اصلا خوب نیست مثل آب میمونه تازه بنظرم بیشتر عرق میکنی,2,false,2020-11-18T09:27:41+00:00,منفی,0.79,محصول | اصل بودن کالا,اصل بودن کالا
ژل دئودورانت زنانه حجم 75میلی لیتر,https://www.khanoumi.com/products/comeon-deo-lady-gel-deodorant-125ml-29449,ماندگاریش نهایت ۲ساعت اصلا پیشنهاد نمیکنم,3,false,2020-10-12T02:22:48+00:00,خنثی,0.35,محصول | اصل بودن کالا,محصول
ژل دئودورانت زنانه حجم 75میلی لیتر,https://www.khanoumi.com/products/comeon-deo-lady-gel-deodorant-125ml-29449,اگه بوی عرق تندی دارین اصلا گزینه مناسبی نیست!بوی خیلی ملایمی داره و پوست و خیلی نرم میکنه.اما کاملا خیس میکنه زیر بغل و🤦‍♀️و ایراد دیگش توی چرخوندن  و بالا آوردنشع،گیر میکنه و بالا نمیاد و باید از زیر بکنی و دوباره فشار بدی بالا که کلی مام هدر میره🥺,5,false,2020-10-07T15:51:38+00:00,ترکیبی,0.71,محصول | اصل بودن کالا,محصول
ژل دئودورانت زنانه حجم 75میلی لیتر,https://www.khanoumi.com/products/comeon-deo-lady-gel-deodorant-125ml-29449,بوی عرقو میگیره کاملا و بوش تا یروزم میمونه. ولی چون ابکیه خیس میکنه زیر بغلو ,0,true,2020-09-21T13:41:10+00:00,خنثی,0.35,محصول,محصول
ژل دئودورانت زنانه حجم 75میلی لیتر,https://www.khanoumi.com/products/comeon-deo-lady-gel-deodorant-125ml-29449,نه اثر ضد عرق داره نه اثر ضد بوی بد,2,true,2020-09-19T10:11:06+00:00,منفی,0.67,محصول,محصول
ژل دئودورانت زنانه حجم 75میلی لیتر,https://www.khanoumi.com/products/comeon-deo-lady-gel-deodorant-125ml-29449,اصلا خوب نبود ، یه ذره استفاده کردم ,2,false,2020-09-05T11:05:03+00:00,خنثی,0.4,محصول | اصل بودن کالا,محصول
ژل دئودورانت زنانه حجم 75میلی لیتر,https://www.khanoumi.com/products/comeon-deo-lady-gel-deodorant-125ml-29449,"خیلی بدرد نخوره 
انگار اب میزنی",3,false,2020-08-24T00:54:04+00:00,منفی,0.67,سایر,سایر
اسپری دئودورانت  زنانه مدل 360 حجم 125میل,https://www.khanoumi.com/products/comeon-cooling-deo-lady-spray-deodorant-125ml-29450,بوش اصلا خوب نیست بوی الکل میده,4,false,2020-10-06T15:32:28+00:00,منفی,0.79,محصول | اصل بودن کالا,اصل بودن کالا
اسپری دئودورانت  زنانه مدل 360 حجم 125میل,https://www.khanoumi.com/products/comeon-cooling-deo-lady-spray-deodorant-125ml-29450,منکه عاشقش شدم خیلی خوبه، من هم اینو دارم هم صورتی ولی این یکی خیلی عالیه بعداز حمام بزنید ,3,true,2020-10-04T00:29:54+00:00,مثبت,0.95,سایر,سایر
اسپری دئودورانت  زنانه مدل 360 حجم 125میل,https://www.khanoumi.com/products/comeon-cooling-deo-lady-spray-deodorant-125ml-29450,خیلی بوی خوبی دارههههه,4,true,2020-09-28T20:53:19+00:00,مثبت,0.67,محصول,محصول
اسپری دئودورانت  زنانه مدل 360 حجم 125میل,https://www.khanoumi.com/products/comeon-cooling-deo-lady-spray-deodorant-125ml-29450,خوب است,7,false,2020-08-09T23:48:09+00:00,مثبت,0.67,سایر,سایر
اسپری دئودورانت  مردانه مدل Re-Charge حجم 125میل,https://www.khanoumi.com/products/comeon-cooling-spray-deodorant-for-men-125ml-29451,اسپری دئودورانت مردانه مدل Re-Charge کامان رو به پیشنهاد یکی از دوستام از فروشگاه اینترنتی خانومی سفارش دادم. این محصول سریع روی پوست زیر  بغل خشک میشه و با رایحه خوبی که داره به خوشبو شدن و معطر موندن ناحیه کمک میکنه. اسپری کامان موندگاری و دوام بالایی داره و تا 48 ساعت روی پوست تاثیرگذاره. این محصول از تعریق بیش از حد پوست زیر بغل جلوگیری میکنه و مانع بدبو شدنش میشه.,3,false,2022-10-18T00:05:42+00:00,ترکیبی,0.79,محصول,محصول
اسپری دئودورانت زنانه مدل فیتنس 125 میلی لیتر,https://www.khanoumi.com/products/comeon-deo-lady-spray-deodorant-125ml-29452,تست,0,false,2023-01-11T12:40:20.51+00:00,خنثی,0.35,سایر,سایر
اسپری دئودورانت زنانه مدل فیتنس 125 میلی لیتر,https://www.khanoumi.com/products/comeon-deo-lady-spray-deodorant-125ml-29452,یکی از مولفه های اصلی و مثبت این دئودورانت عدم وجود مواد آلومینیوم داخل اونه بنابراین استفاده از این محصول آسیبی به بدن نمیزنه. بیشتر افرادی که فعالیت زیادی در طول روز دارن یا میزان تعریقشونه زیاده میتونن از این محصوب استفاده کنن. کامان هم یک برند شناخته شده است و نسبت به خیلی برندها میشه راحت تر بهش اعتماد کرد. در حالت کلی هم تجربه استفاده از این محصول هم برای هر فردی ممکنه متفاوت باشه چون انتظارات افراد از یک محصول متفاوته.,1,false,2022-02-28T15:40:53+00:00,مثبت,0.91,محصول | اصل بودن کالا,محصول
اسپری دئودورانت زنانه مدل فیتنس 125 میلی لیتر,https://www.khanoumi.com/products/comeon-deo-lady-spray-deodorant-125ml-29452,"به عنوان یک‌ دئودرانت خوب بود و به هر حال یک‌چیزی جدیدی بود. بوی خوبی نداشت ولی اونقدر هم بد نبود و اصلا بوش نمی ماند که بخواد اذیت کنه بوی دیودرانت کلا‌ نمی مونه. کار دئودرانتها اینکه مانع از بد بو بودن عرق میشه. در نتیجه   وظیفه ای رو که داره انجام میده من اکثر روی  لباس استفاده کردم شاید غلط باشه.
 اگر تموم شه باز میخرمش",3,true,2021-07-22T13:56:00+00:00,خنثی,0.35,محصول | اصل بودن کالا,محصول
اسپری دئودورانت زنانه مدل فیتنس 125 میلی لیتر,https://www.khanoumi.com/products/comeon-deo-lady-spray-deodorant-125ml-29452,به هیچ عنوان خوب نیست ماندگاری خیلی کم و بوی بددددد,12,true,2020-11-17T20:37:13+00:00,منفی,0.79,محصول,محصول
اسپری دئودورانت زنانه مدل فیتنس 125 میلی لیتر,https://www.khanoumi.com/products/comeon-deo-lady-spray-deodorant-125ml-29452,علاوه بر اینکه بوی خیلی بدی داره موندگاریشم هم کمه. ,12,false,2020-10-13T23:36:33+00:00,منفی,0.67,محصول,محصول
اسپری دئودورانت زنانه مدل فیتنس 125 میلی لیتر,https://www.khanoumi.com/products/comeon-deo-lady-spray-deodorant-125ml-29452,بوی خود اسپری شیرین و خوبه ولی نجیدونم چی باعث میشه بعد از چندین بار که استفاده میکنید روی پوست میمونه بوی خیلی افتضاحی میده و بوی عرق رو صد برابر میکنه بنظرم بدترین چیزی که توی عمرم خریدم بود چندتا هم سفارش دادم رو دستم مونده .همه مدلاش چه مردونه چه زنونه همینطوره حتی روی بدن های مختلف هم بعد از یمدت میمونه بدبو میشه ,6,false,2020-10-12T16:12:49+00:00,ترکیبی,0.92,محصول,محصول
اسپری دئودورانت زنانه مدل فیتنس 125 میلی لیتر,https://www.khanoumi.com/products/comeon-deo-lady-spray-deodorant-125ml-29452,بوش خوبه ولی ماندگاری نداره ولی از مدل ژلی کامان بهتره,0,false,2020-10-12T02:21:45+00:00,مثبت,0.79,محصول,محصول
اسپری دئودورانت زنانه مدل فیتنس 125 میلی لیتر,https://www.khanoumi.com/products/comeon-deo-lady-spray-deodorant-125ml-29452,خیلی خوشبوعه.عاشقشم,1,true,2020-10-08T22:48:39+00:00,مثبت,0.67,محصول,محصول
اسپری دئودورانت زنانه مدل فیتنس 125 میلی لیتر,https://www.khanoumi.com/products/comeon-deo-lady-spray-deodorant-125ml-29452,"بوی ناخوشایندی نداره متعجبم اینقدر از بوش شاکی بودن, ماندگاری خیلی خوبی داره بیش از 24ساعت. من که ازش خیلی راضیم.😊",6,true,2020-09-30T02:43:52+00:00,مثبت,0.95,محصول,محصول
اسپری دئودورانت زنانه مدل فیتنس 125 میلی لیتر,https://www.khanoumi.com/products/comeon-deo-lady-spray-deodorant-125ml-29452,من زیاد بوشو دوست ندارم خیلی شیرینه. اون آبیع عالیه,1,true,2020-09-28T20:54:07+00:00,مثبت,0.79,محصول,محصول
اسپری دئودورانت زنانه مدل فیتنس 125 میلی لیتر,https://www.khanoumi.com/products/comeon-deo-lady-spray-deodorant-125ml-29452,هنوز ازش استفاده نکردم، ولی بوش خیلی زد تو ذوقم,0,true,2020-09-21T18:31:07+00:00,خنثی,0.35,محصول,محصول
اسپری دئودورانت زنانه مدل فیتنس 125 میلی لیتر,https://www.khanoumi.com/products/comeon-deo-lady-spray-deodorant-125ml-29452,ماندگاری خیلی خیلی بالایی داره👌🏻,2,true,2020-09-14T02:13:04+00:00,خنثی,0.35,محصول,محصول
اسپری دئودورانت زنانه مدل فیتنس 125 میلی لیتر,https://www.khanoumi.com/products/comeon-deo-lady-spray-deodorant-125ml-29452,رایحه واقعا سلیقه ایه عجیبه که بعضی ها گفتن بوی تند و زننده داره ! در اصل بوی یه خوراکیه شیرین میده که اصلا تند نیست من که عاشق بوشم ماندگاریشم واسه من خوب بوده یک روز درمیان حمام میرم و روزی 2 بارم اینو استفاده میکنم لحظه ای بوی بد نمیدم واقعا عالی و کاربردی بوده واسه من,8,true,2020-09-12T11:20:58+00:00,مثبت,0.79,محصول | اصل بودن کالا,محصول
اسپری دئودورانت زنانه مدل فیتنس 125 میلی لیتر,https://www.khanoumi.com/products/comeon-deo-lady-spray-deodorant-125ml-29452,خیلی بوی خوبی داره😍,3,true,2020-09-08T22:28:21+00:00,مثبت,0.67,محصول,محصول
اسپری دئودورانت زنانه مدل فیتنس 125 میلی لیتر,https://www.khanoumi.com/products/comeon-deo-lady-spray-deodorant-125ml-29452,اصلا بوی خوبی نداره ,0,true,2020-09-03T01:23:23+00:00,خنثی,0.35,محصول | اصل بودن کالا,محصول
اسپری دئودورانت زنانه مدل فیتنس 125 میلی لیتر,https://www.khanoumi.com/products/comeon-deo-lady-spray-deodorant-125ml-29452,"مرسی از هدیه اتون من که کاملا راضی بودم
بوی این دئودرانت دقیقا مثل عطرهای سوییت لاو ژک سافه و شیرینه و برای من جذابه(چون بو واقعا سلیقه ایه)
و موندگاریشم برای من که تعریقم متوسط و بدون بو هست و یک روز درمیان حمام میرم عالی و قابل قبول بود",3,true,2020-08-22T15:57:23+00:00,مثبت,0.79,محصول,محصول
اسپری دئودورانت زنانه مدل فیتنس 125 میلی لیتر,https://www.khanoumi.com/products/comeon-deo-lady-spray-deodorant-125ml-29452,بوی خوبی داره .ماندگاریش خیلییی خوبه-در کل به نظر من نسبت به قیمتش عالیه.,4,true,2020-08-19T13:17:32+00:00,مثبت,0.95,محصول | قیمت,محصول
اسپری دئودورانت زنانه مدل فیتنس 125 میلی لیتر,https://www.khanoumi.com/products/comeon-deo-lady-spray-deodorant-125ml-29452,بوی خیلی شیرینی داره زیاد خوشم نیومد اما ماندگاریش خوبه,0,false,2020-08-14T15:08:35+00:00,مثبت,0.79,محصول,محصول
اسپری دئودورانت زنانه مدل فیتنس 125 میلی لیتر,https://www.khanoumi.com/products/comeon-deo-lady-spray-deodorant-125ml-29452,خیلی بوی بد و تند و زننده ای داره اصلا نخرید,2,true,2020-08-13T22:04:29+00:00,ترکیبی,0.66,محصول | اصل بودن کالا,محصول
اسپری دئودورانت زنانه مدل فیتنس 125 میلی لیتر,https://www.khanoumi.com/products/comeon-deo-lady-spray-deodorant-125ml-29452,من از بوش اصلا خوشم نیومد ، بیشتر شبیه بوی شوینده ها بود,5,true,2020-08-13T15:35:44+00:00,مثبت,0.67,محصول | اصل بودن کالا,محصول
اسپری دئودورانت زنانه مدل فیتنس 125 میلی لیتر,https://www.khanoumi.com/products/comeon-deo-lady-spray-deodorant-125ml-29452,"به نظر من بوی این محصول معمولیه ولی خیلی بد نیست. ماندگاری خوبی هم داره. در کل برای من خوب بود.
",3,true,2020-08-12T21:14:29+00:00,مثبت,0.95,محصول,محصول
اسپری دئودورانت زنانه مدل فیتنس 125 میلی لیتر,https://www.khanoumi.com/products/comeon-deo-lady-spray-deodorant-125ml-29452,اصلا خوب نبود.مجبور شدم بعد از استفاده برم حموم.بوش خیلی تنده و باعث حساسیت شد برای من,0,true,2020-08-12T12:50:45+00:00,خنثی,0.4,محصول | اصل بودن کالا,محصول
اسپری دئودورانت زنانه مدل فیتنس 125 میلی لیتر,https://www.khanoumi.com/products/comeon-deo-lady-spray-deodorant-125ml-29452,معمولی بود خیلی,0,false,2020-08-10T18:12:13+00:00,خنثی,0.35,محصول,محصول
اسپری دئودورانت زنانه مدل فیتنس 125 میلی لیتر,https://www.khanoumi.com/products/comeon-deo-lady-spray-deodorant-125ml-29452, اصلا بوی خوبی نداره,6,true,2020-08-07T10:40:07+00:00,خنثی,0.35,محصول | اصل بودن کالا,محصول
اسپری دئودورانت زنانه مدل فیتنس 125 میلی لیتر,https://www.khanoumi.com/products/comeon-deo-lady-spray-deodorant-125ml-29452,خیلی بوی شیرینی داره منکه خوشم نیومد و سردرد گرفتم اگه بوی ملایم دوست دارید اصلا انتخاب خوبی نیست ,2,true,2020-08-04T18:02:10+00:00,خنثی,0.35,محصول | اصل بودن کالا,محصول
اسپری دئودورانت زنانه مدل فیتنس 125 میلی لیتر,https://www.khanoumi.com/products/comeon-deo-lady-spray-deodorant-125ml-29452,اصلا محصول خوبی نیست بر خلاف بقیه محصولات کامان,4,true,2020-08-04T16:48:47+00:00,خنثی,0.35,محصول | اصل بودن کالا,محصول
اسپری دئودورانت زنانه مدل فیتنس 125 میلی لیتر,https://www.khanoumi.com/products/comeon-deo-lady-spray-deodorant-125ml-29452,بوش خوب نيست، تاثيري هم روي تعريق نداشت و باعث خارش هم شد. اصلا راضي نبودم,5,true,2020-07-31T22:50:31+00:00,منفی,0.91,محصول | اصل بودن کالا,اصل بودن کالا
اسپری دئودورانت زنانه مدل فیتنس 125 میلی لیتر,https://www.khanoumi.com/products/comeon-deo-lady-spray-deodorant-125ml-29452,اخوب نبوداصلااا,8,false,2020-07-30T00:28:43+00:00,منفی,0.67,محصول | اصل بودن کالا,اصل بودن کالا
اسپری دئودورانت مردانه Comfort & fresh 125میل,https://www.khanoumi.com/products/comeon-spray-deodorant-for-men-125ml-29453,بوی بسیار خوبی داره و به نسبت قیمت بسیار مناسب هست,8,true,2020-09-21T12:02:17+00:00,مثبت,0.67,محصول | قیمت,محصول
اسپری دئودورانت مردانه Comfort & fresh 125میل,https://www.khanoumi.com/products/comeon-spray-deodorant-for-men-125ml-29453,من اینو برای همسرم گرفتم.خیلی راضیه,4,true,2020-08-17T01:42:23+00:00,مثبت,0.67,سایر,سایر
اسپری دئودورانت مردانه Comfort & fresh 125میل,https://www.khanoumi.com/products/comeon-spray-deodorant-for-men-125ml-29453,خوشبو هست و به نسبت قیمتش عالیه ,6,true,2020-07-17T10:09:20+00:00,مثبت,0.79,محصول | قیمت,محصول
کرم آبرسان موی سر حاوی کلاژن و کراتین 400میلی لیتر,https://www.khanoumi.com/products/comeon-hair-water-collagen-and-keratin-water-bomb-400ml-29454,من پنجمین بار شارژ میکنم و از خریدم خیلی راضی ام,0,true,2026-08-28T12:15:42.2632981+03:30,مثبت,0.79,سایر,سایر
کرم آبرسان موی سر حاوی کلاژن و کراتین 400میلی لیتر,https://www.khanoumi.com/products/comeon-hair-water-collagen-and-keratin-water-bomb-400ml-29454,بار دومه سفارش دادم خیلی خیلی خوش بو هست و بافت خوبی داره,0,true,2026-08-19T13:00:26.2424771+03:30,مثبت,0.67,محصول,محصول
کرم آبرسان موی سر حاوی کلاژن و کراتین 400میلی لیتر,https://www.khanoumi.com/products/comeon-hair-water-collagen-and-keratin-water-bomb-400ml-29454,بوی فوق العاده ای داره اما برای موهای من بعد حمام میزدم موهام رو خشک می‌کرد  به نظرم خانمی محصولات بهتر از اینم داره از اونا استفاده کنید,0,true,2026-08-04T13:33:59.1480427+03:30,مثبت,0.67,محصول,محصول
کرم آبرسان موی سر حاوی کلاژن و کراتین 400میلی لیتر,https://www.khanoumi.com/products/comeon-hair-water-collagen-and-keratin-water-bomb-400ml-29454,من تاثیر خاصی ازش ندیدم.,0,true,2026-07-29T09:36:27.8788527+03:30,خنثی,0.35,سایر,سایر
کرم آبرسان موی سر حاوی کلاژن و کراتین 400میلی لیتر,https://www.khanoumi.com/products/comeon-hair-water-collagen-and-keratin-water-bomb-400ml-29454,چسبناکه وموها رو بعد از یک روز چرب میکنه دوستش نداشتم,0,true,2026-07-21T15:03:27.0227655+03:30,خنثی,0.35,محصول,محصول
کرم آبرسان موی سر حاوی کلاژن و کراتین 400میلی لیتر,https://www.khanoumi.com/products/comeon-hair-water-collagen-and-keratin-water-bomb-400ml-29454,من موهای خیلی پر و بلند و فر دارم ، بیش از 1 ساله این محصول رو به موهام میزنم . به نظرم توی برندهای ایرانی خیلی خوبه فقط مهمه که موها کاملا خیش و برس کشیده باشه و برای 2 روز هم خوب موهامو نگه میداره . به کف سر هم اصلا نمیزنم . البته به کیفیت محصولات و برندهای خارجی نسیت ولی بسیار به موهای من میسازه . ترمیم کننده مو سینره هم مثل این و هر دو خوبن به نظرم,0,true,2026-07-13T13:57:27.9374171+03:30,مثبت,0.95,محصول | اصل بودن کالا,محصول
کرم آبرسان موی سر حاوی کلاژن و کراتین 400میلی لیتر,https://www.khanoumi.com/products/comeon-hair-water-collagen-and-keratin-water-bomb-400ml-29454,"من سالهاست موهام رو رنگ نکردم و فقط از حنا و سدر و مورد برای شستن موهام استفاده میکنم و بعداز حموم هم فقط و فقط بخاطر بوی لوکس و گلی این کرم مو، ازش استفاده میکنم...
بسیار خوشبو و برای موهای من که صاف و سالم هست، عالیه و اونارو ابریشمی میکنه",0,true,2026-07-10T14:32:05.8301225+03:30,مثبت,0.79,محصول,محصول
کرم آبرسان موی سر حاوی کلاژن و کراتین 400میلی لیتر,https://www.khanoumi.com/products/comeon-hair-water-collagen-and-keratin-water-bomb-400ml-29454,اصلا برای استایل کردن و حالت دادن موها مناسب نیست من موهای فر رنگ شده دارم و اصلا این ماسک مورو برای استایل موی فر پیشنهاد نمیکنم ولی برای سلامت موهای رنگ شده گزینه خوبیه,0,true,2026-06-01T02:02:39.4719343+03:30,مثبت,0.79,محصول | اصل بودن کالا,محصول
کرم آبرسان موی سر حاوی کلاژن و کراتین 400میلی لیتر,https://www.khanoumi.com/products/comeon-hair-water-collagen-and-keratin-water-bomb-400ml-29454,خوب بود به نسبت حجم و قیمتش،موهارو نرم میکنه و اگه زیاد بزنی چرب و سنگین میشه،فقط به ساقه بزنید که عجیب ریزش میاره,0,true,2026-05-08T18:40:31.8379668+03:30,مثبت,0.79,محصول | قیمت,محصول
کرم آبرسان موی سر حاوی کلاژن و کراتین 400میلی لیتر,https://www.khanoumi.com/products/comeon-hair-water-collagen-and-keratin-water-bomb-400ml-29454,بنظرم خوبه موها من که فرفریه رو نرم میکنه و حالت موهام رو نگه میدارع برای یه روز .نسبت به قیمتش خوبه بوی خوبی هم داره,0,true,2026-04-26T09:23:29.0539838+03:30,مثبت,0.95,محصول | قیمت,محصول
کرم آبرسان موی سر حاوی کلاژن و کراتین 400میلی لیتر,https://www.khanoumi.com/products/comeon-hair-water-collagen-and-keratin-water-bomb-400ml-29454,"این محصول رو  خودم و دوستم استفاده کردیم 
روی هر دوتا مو احساس سنگینی میداد به مو 
اصلا راضی نبودم 
شاید اگه یکی موهاش خیلی خیلی خشک باشه بکارش بیاد",0,true,2026-04-22T23:39:10.2454118+03:30,منفی,0.79,محصول | اصل بودن کالا,اصل بودن کالا
کرم آبرسان موی سر حاوی کلاژن و کراتین 400میلی لیتر,https://www.khanoumi.com/products/comeon-hair-water-collagen-and-keratin-water-bomb-400ml-29454,من خریدم برای نوک موهام که کراتین شده خوبه و خدایی نرم میکنه بخرید قیمتی هم خوبه,0,false,2026-04-20T20:39:24.8363217+03:30,مثبت,0.95,محصول | قیمت,محصول
کرم آبرسان موی سر حاوی کلاژن و کراتین 400میلی لیتر,https://www.khanoumi.com/products/comeon-hair-water-collagen-and-keratin-water-bomb-400ml-29454,"اصلا دوسش نداشتم
محصول سنگینیه و وز موهارو خوب نمیگیره و بعد یک روز موها چرب میشن و لازمه که دوباره برید حموم",0,false,2026-04-20T13:43:09.7050707+03:30,منفی,0.79,محصول | اصل بودن کالا,اصل بودن کالا
کرم آبرسان موی سر حاوی کلاژن و کراتین 400میلی لیتر,https://www.khanoumi.com/products/comeon-hair-water-collagen-and-keratin-water-bomb-400ml-29454,"من چندین باره که این محصول رو خریداری می‌کنم و برای اشخاصی که موی وز دارند روی حالتی که مو نم داره باید بزنید و به شدت مو رو حالت میده و نرم میکنه 
روی موهای خشک اصلا کارایی خاصی نداره",0,true,2026-04-16T09:24:09.1425015+03:30,مثبت,0.67,محصول | اصل بودن کالا,محصول
کرم آبرسان موی سر حاوی کلاژن و کراتین 400میلی لیتر,https://www.khanoumi.com/products/comeon-hair-water-collagen-and-keratin-water-bomb-400ml-29454,من اخیرا از خانومی خریدمش، وای اصلا خوب نیست ..چرا الکی همه میگن خوبه، گول خوردم، پولم رفت! به نظرم به امتحانش اصلا نمی ارزه نخرید.,0,true,2026-04-13T15:20:03.9787697+03:30,منفی,0.67,اصل بودن کالا,اصل بودن کالا
کرم آبرسان موی سر حاوی کلاژن و کراتین 400میلی لیتر,https://www.khanoumi.com/products/comeon-hair-water-collagen-and-keratin-water-bomb-400ml-29454,من دوبار خریدم و واقعا راضیم عالیه,0,true,2026-04-01T09:04:30.538284+03:30,مثبت,0.95,سایر,سایر
کرم آبرسان موی سر حاوی کلاژن و کراتین 400میلی لیتر,https://www.khanoumi.com/products/comeon-hair-water-collagen-and-keratin-water-bomb-400ml-29454,بی نظیره موثر و بسیار خوشبو قطعا ارزش خرید داره چون حجمشم خیلی زیاده,0,true,2026-03-29T02:45:50.2772662+03:30,مثبت,0.67,محصول | قیمت,محصول
کرم آبرسان موی سر حاوی کلاژن و کراتین 400میلی لیتر,https://www.khanoumi.com/products/comeon-hair-water-collagen-and-keratin-water-bomb-400ml-29454,"خیلی محصول خوبیه برای نرم شدن و وز مو، ولی باید مقدار کمی روی موی نم دار بزنید که باعث چسبندگی و چرب شدن نشه.
بوی خوبی‌ام داره من خوشم اومد",0,true,2026-03-23T13:00:20.8151601+03:30,مثبت,0.79,محصول,محصول
کرم آبرسان موی سر حاوی کلاژن و کراتین 400میلی لیتر,https://www.khanoumi.com/products/comeon-hair-water-collagen-and-keratin-water-bomb-400ml-29454,اصلا خوب نیس موهارو خشک میکنه عین چوب,0,true,2026-03-12T09:45:30.8460774+03:30,مثبت,0.79,محصول | اصل بودن کالا,محصول
کرم آبرسان موی سر حاوی کلاژن و کراتین 400میلی لیتر,https://www.khanoumi.com/products/comeon-hair-water-collagen-and-keratin-water-bomb-400ml-29454,بی نظیررررر ، 3 ساله هم من هم مادرم داریم استفاده میکنیم موهامو نرم میکنه و بوس خیلی خوبه ولی مو هنوز نم‌داره دوتا پامپ برای کل موهای من ک بلند هم هست کافیه و مدت طولانی تموم نمیشه,0,true,2026-03-07T13:57:52.8493584+03:30,مثبت,0.91,محصول,محصول
کرم آبرسان موی سر حاوی کلاژن و کراتین 400میلی لیتر,https://www.khanoumi.com/products/comeon-hair-water-collagen-and-keratin-water-bomb-400ml-29454,فقط بوی خوبی داره تاثیری روی مو نداره نه وز مو رو میگیره و اینقدر هم ک میگن سبک نیست یکم احساس چربی میده به موها,0,true,2026-02-20T16:25:19.2031311+03:30,مثبت,0.67,محصول,محصول
کرم آبرسان موی سر حاوی کلاژن و کراتین 400میلی لیتر,https://www.khanoumi.com/products/comeon-hair-water-collagen-and-keratin-water-bomb-400ml-29454,خیلی کم باید بزنید وگرنه مو سنگین میشه. به کف سر هم ذره ای بخوره ریزش میاره. ولی برای ساقه وز رو میگیره و خوبه,0,true,2026-02-12T03:42:41.9678132+03:30,مثبت,0.79,محصول,محصول
کرم آبرسان موی سر حاوی کلاژن و کراتین 400میلی لیتر,https://www.khanoumi.com/products/comeon-hair-water-collagen-and-keratin-water-bomb-400ml-29454,خیلی خوبه موهای وز و خشک من هم نرم شده هم دیگه وز نیست براحتی شونه میشه حتی وقتی چند روزه نزدم من که خیلی راضی ام خدا هم ازش راضی باشه.,0,true,2026-02-07T13:22:21.8250054+03:30,مثبت,0.95,محصول,محصول
کرم آبرسان موی سر حاوی کلاژن و کراتین 400میلی لیتر,https://www.khanoumi.com/products/comeon-hair-water-collagen-and-keratin-water-bomb-400ml-29454,من خیلی راضیم سه تا ازش خریدم.بوی خیلی خوبی که داره کامل روی مو میمونه.موهامو خوش حالت و‌نرم میکنه.مرسی خانومی,0,true,2026-01-18T11:41:54.6554661+03:30,مثبت,0.95,محصول,محصول
کرم آبرسان موی سر حاوی کلاژن و کراتین 400میلی لیتر,https://www.khanoumi.com/products/comeon-hair-water-collagen-and-keratin-water-bomb-400ml-29454,خیلی خوبه وقتی موها نم داره بزنید خیلی خوش حالت و نرم میشه واقعا راضیم,0,true,2026-01-12T11:41:30.3018695+03:30,مثبت,0.95,محصول,محصول
کرم آبرسان موی سر حاوی کلاژن و کراتین 400میلی لیتر,https://www.khanoumi.com/products/comeon-hair-water-collagen-and-keratin-water-bomb-400ml-29454,"بهترین چیزی که تا به امروز برای موهام خریدم
سومین بار بود ک شارژش کردم
بی نظیره !",0,true,2025-12-25T15:06:23.1972554+03:30,مثبت,0.67,محصول,محصول
کرم آبرسان موی سر حاوی کلاژن و کراتین 400میلی لیتر,https://www.khanoumi.com/products/comeon-hair-water-collagen-and-keratin-water-bomb-400ml-29454,عالی,0,true,2025-12-13T18:53:17.9930372+03:30,مثبت,0.67,سایر,سایر
کرم آبرسان موی سر حاوی کلاژن و کراتین 400میلی لیتر,https://www.khanoumi.com/products/comeon-hair-water-collagen-and-keratin-water-bomb-400ml-29454,خریدم به نظرم ضعیف بود زیاد راضی نبودم,0,true,2025-11-29T02:21:45.6538339+03:30,منفی,0.79,محصول,محصول
کرم آبرسان موی سر حاوی کلاژن و کراتین 400میلی لیتر,https://www.khanoumi.com/products/comeon-hair-water-collagen-and-keratin-water-bomb-400ml-29454,موهای من وز بود و بعد از استفاده از این محصول نرم و خوش حالت شد و خیییلی راضیم ازش,0,true,2025-11-28T00:48:24.9327937+03:30,مثبت,0.79,محصول,محصول
کرم آبرسان موی سر حاوی کلاژن و کراتین 400میلی لیتر,https://www.khanoumi.com/products/comeon-hair-water-collagen-and-keratin-water-bomb-400ml-29454,من برای موی فر خریدم و خیلی خوبه,0,false,2025-11-27T17:24:53.6901286+03:30,مثبت,0.91,محصول,محصول
کرم آبرسان موی سر حاوی کلاژن و کراتین 400میلی لیتر,https://www.khanoumi.com/products/comeon-hair-water-collagen-and-keratin-water-bomb-400ml-29454,عالیه موها رو واقعا نرم میکنه خیلی خوبه,0,false,2025-11-27T16:36:16.5493156+03:30,مثبت,0.95,محصول,محصول
کرم آبرسان موی سر حاوی کلاژن و کراتین 400میلی لیتر,https://www.khanoumi.com/products/comeon-hair-water-collagen-and-keratin-water-bomb-400ml-29454,"عالی دیگه فقط از این محصول استفاده میکنم 
با اینکه دکلره کردم ولی کامل خشکی و شکنندگی مو رو برطرف میکنه",0,true,2025-11-25T19:26:08.9120023+03:30,مثبت,0.67,محصول,محصول
کرم آبرسان موی سر حاوی کلاژن و کراتین 400میلی لیتر,https://www.khanoumi.com/products/comeon-hair-water-collagen-and-keratin-water-bomb-400ml-29454,موها رو خشک می‌کنه و به هم میچسبونه.,0,true,2025-11-23T01:59:25.7649459+03:30,خنثی,0.35,محصول,محصول
کرم آبرسان موی سر حاوی کلاژن و کراتین 400میلی لیتر,https://www.khanoumi.com/products/comeon-hair-water-collagen-and-keratin-water-bomb-400ml-29454,خیلی خوبه هم سبکه و حس نمی‌شه رو مو هم بوش خوبه,0,true,2025-11-15T00:59:26.5459334+03:30,مثبت,0.95,محصول,محصول
کرم آبرسان موی سر حاوی کلاژن و کراتین 400میلی لیتر,https://www.khanoumi.com/products/comeon-hair-water-collagen-and-keratin-water-bomb-400ml-29454,خیلی تعریفشو شنیدم تخفیفات بالا بذارید بخریم,0,false,2025-11-14T06:43:09.5411067+03:30,خنثی,0.35,قیمت,قیمت
کرم آبرسان موی سر حاوی کلاژن و کراتین 400میلی لیتر,https://www.khanoumi.com/products/comeon-hair-water-collagen-and-keratin-water-bomb-400ml-29454,من یک‌بار امتحان کردم.البته نه از خانومی.از جای دیگه گرفتم.اصلا به موهام نساخت...نمی دونم‌شامپوهاش خوبه یا نه.مردد هستم.,0,false,2025-10-01T00:48:03.3242861+03:30,مثبت,0.91,محصول | اصل بودن کالا,محصول
کرم آبرسان موی سر حاوی کلاژن و کراتین 400میلی لیتر,https://www.khanoumi.com/products/comeon-hair-water-collagen-and-keratin-water-bomb-400ml-29454,فوق العاده  بی نظیره,0,true,2025-09-30T23:04:07.0772938+03:30,مثبت,0.67,سایر,سایر
کرم آبرسان موی سر حاوی کلاژن و کراتین 400میلی لیتر,https://www.khanoumi.com/products/comeon-hair-water-collagen-and-keratin-water-bomb-400ml-29454,واقعا خیلی خوبه,0,false,2025-09-21T21:09:27.6067864+03:30,مثبت,0.91,سایر,سایر
کرم آبرسان موی سر حاوی کلاژن و کراتین 400میلی لیتر,https://www.khanoumi.com/products/comeon-hair-water-collagen-and-keratin-water-bomb-400ml-29454,موهای من دکلره هست و من از خرید این محصول راضی هستم موهام نرم و خوش حالت شده. کسانی که توی نظرها راضی نبودن احتمالا به موی خشک میزنن. کرم رو بعد از حمام به موهای نم دار بزنید و بعد با سشوار خشک کنید,0,true,2025-09-10T20:47:34.5507992+03:30,خنثی,0.35,محصول,محصول
کرم آبرسان موی سر حاوی کلاژن و کراتین 400میلی لیتر,https://www.khanoumi.com/products/comeon-hair-water-collagen-and-keratin-water-bomb-400ml-29454,خیلی خوشبوئه موها رو کاملا آبرسانی و لخت میکنه,0,true,2025-08-31T18:52:22.1576452+03:30,خنثی,0.35,محصول,محصول
کرم آبرسان موی سر حاوی کلاژن و کراتین 400میلی لیتر,https://www.khanoumi.com/products/comeon-hair-water-collagen-and-keratin-water-bomb-400ml-29454,"بوی اکسیدان میده اصلا بوی خوبی نداره 
مو را سنگین میکنه ولی خب وز مورا میگیره",0,true,2025-08-26T09:14:23.737111+00:00,خنثی,0.35,محصول | اصل بودن کالا,محصول
کرم آبرسان موی سر حاوی کلاژن و کراتین 400میلی لیتر,https://www.khanoumi.com/products/comeon-hair-water-collagen-and-keratin-water-bomb-400ml-29454,خیلی خوب و مطالق انتظار هست موهارو چرب نمیکنه وزی مورو میگیره و نرم و خوش حالت میکنه,0,true,2025-07-23T16:24:24.7001391+00:00,مثبت,0.79,محصول,محصول
کرم آبرسان موی سر حاوی کلاژن و کراتین 400میلی لیتر,https://www.khanoumi.com/products/comeon-hair-water-collagen-and-keratin-water-bomb-400ml-29454,"وای من اینو خیلی دوستدارم 
بازم شارژش میکنم!...من موهام که معمولیه و لخت نیست خیلی اما حالت داره...چه موقعی که موهام دکلره بود چه حالت عادیش...همش خوب بود....بعد حمام بزنین وقتی که یکوچولو مو نم داره
وقتی موکاملا خشک شد شونه کنین
موهارو نرم میکنه خوشحالت میکنه
خیلی سبکه بافتش رو مو
و عطرشم من دوست دارم
مثل بوی یه ادکلن خاص و جذابه
و موندگار هست بوش",0,false,2025-07-18T07:02:18.543437+00:00,مثبت,0.79,محصول,محصول
کرم آبرسان موی سر حاوی کلاژن و کراتین 400میلی لیتر,https://www.khanoumi.com/products/comeon-hair-water-collagen-and-keratin-water-bomb-400ml-29454,خیلی خوبه نسبت به قیمتش موهارو چرب نمیکنه,0,true,2025-07-17T06:53:48.784358+00:00,مثبت,0.91,محصول | قیمت,محصول
کرم آبرسان موی سر حاوی کلاژن و کراتین 400میلی لیتر,https://www.khanoumi.com/products/comeon-hair-water-collagen-and-keratin-water-bomb-400ml-29454,خوب بود,0,false,2025-06-14T10:06:47.6841494+00:00,مثبت,0.79,محصول,محصول
کرم آبرسان موی سر حاوی کلاژن و کراتین 400میلی لیتر,https://www.khanoumi.com/products/comeon-hair-water-collagen-and-keratin-water-bomb-400ml-29454,خیلی عالی بود،تا موهاتون  نم داره و تازه از حموم اومدید بزنید ،برای من که خیلی خوب بود و وز موهام گرفت,0,true,2025-05-31T12:53:39.8441784+00:00,مثبت,0.95,محصول,محصول
کرم آبرسان موی سر حاوی کلاژن و کراتین 400میلی لیتر,https://www.khanoumi.com/products/comeon-hair-water-collagen-and-keratin-water-bomb-400ml-29454,من راضی بودم و دوباره سفارش میدم.بنظرخودم موخوره هام کمترشد,0,false,2025-05-24T15:29:15.7871953+00:00,مثبت,0.67,محصول,محصول
کرم آبرسان موی سر حاوی کلاژن و کراتین 400میلی لیتر,https://www.khanoumi.com/products/comeon-hair-water-collagen-and-keratin-water-bomb-400ml-29454,"افتضاح انگار کرم زدی ب موهات مو هارو 
خفه می‌کنه",0,true,2025-05-15T18:26:52.7823835+00:00,منفی,0.67,محصول,محصول
کرم آبرسان موی سر حاوی کلاژن و کراتین 400میلی لیتر,https://www.khanoumi.com/products/comeon-hair-water-collagen-and-keratin-water-bomb-400ml-29454,خیلی خوشبویه من سر موهام واسه موخوره وز بود خیلی خوب شده موهارو نرم و براق میکنه من دوسش دارم دوباره هم سفارش میدم ممنونم,0,true,2025-05-02T20:34:05.7393384+00:00,مثبت,0.91,محصول,محصول
کرم آبرسان موی سر حاوی کلاژن و کراتین 400میلی لیتر,https://www.khanoumi.com/products/comeon-hair-water-collagen-and-keratin-water-bomb-400ml-29454,عین تاف موها رو به هم می چسبونه، بعد که موها کاملا خشک شد دیگه مهاله بتونی شونه کنی. من اشتباه کردم سعی کردم موهام و‌ شونه کنم خیییلی ریخت عذاب وجدان گرفتم. اصلا موها رو شلاقی و ابریشمی نمی کنه. شاید من روش استفادش و نمی دنستم. ماسک مو بعد از حمام فقط پنتن بخرید اگر مثل من موهاتون لخته.,0,true,2025-04-21T15:01:07.753301+00:00,مثبت,0.67,محصول | اصل بودن کالا,محصول
کرم آبرسان موی سر حاوی کلاژن و کراتین 400میلی لیتر,https://www.khanoumi.com/products/comeon-hair-water-collagen-and-keratin-water-bomb-400ml-29454,پولتونو حروم نکنین,0,false,2025-04-15T13:19:53.6586119+00:00,خنثی,0.35,سایر,سایر
کرم آبرسان موی سر حاوی کلاژن و کراتین 400میلی لیتر,https://www.khanoumi.com/products/comeon-hair-water-collagen-and-keratin-water-bomb-400ml-29454,مو رو وز میکنه,0,false,2025-03-27T10:49:07.6946861+00:00,خنثی,0.35,محصول,محصول
کرم آبرسان موی سر حاوی کلاژن و کراتین 400میلی لیتر,https://www.khanoumi.com/products/comeon-hair-water-collagen-and-keratin-water-bomb-400ml-29454,"موهارو خیلی نرم میکنه و خوشبوعه 
حجمش هم عالیه و زود تموم نمیشه",0,true,2025-03-26T08:08:25.5139765+00:00,مثبت,0.79,محصول,محصول
کرم آبرسان موی سر حاوی کلاژن و کراتین 400میلی لیتر,https://www.khanoumi.com/products/comeon-hair-water-collagen-and-keratin-water-bomb-400ml-29454,خیلی خوبه،بوی خوبی داره،چرب هم نمیکنه,0,true,2025-03-25T09:13:19.2562781+00:00,مثبت,0.95,محصول,محصول
کرم آبرسان موی سر حاوی کلاژن و کراتین 400میلی لیتر,https://www.khanoumi.com/products/comeon-hair-water-collagen-and-keratin-water-bomb-400ml-29454,"عالیه تنها ماسکی بوده ک ب طور طبیعی موهامو فر میکنه 
باعث ریزشم نمیشه",0,false,2025-03-15T09:27:03.09793+00:00,مثبت,0.79,محصول,محصول
کرم آبرسان موی سر حاوی کلاژن و کراتین 400میلی لیتر,https://www.khanoumi.com/products/comeon-hair-water-collagen-and-keratin-water-bomb-400ml-29454,عالیه واقعا بعد حموم کاری میکنه موهاتون وزیش گرفته بشه و صاف بمونه حتما شارژش میکنممم,0,true,2025-03-10T10:57:49.3635551+00:00,مثبت,0.79,محصول,محصول
کرم آبرسان موی سر حاوی کلاژن و کراتین 400میلی لیتر,https://www.khanoumi.com/products/comeon-hair-water-collagen-and-keratin-water-bomb-400ml-29454,واقعا آبرسانی انجام میده و مو رو نرم میکنه .,0,true,2025-02-25T07:55:28.7892202+00:00,خنثی,0.35,محصول,محصول
کرم آبرسان موی سر حاوی کلاژن و کراتین 400میلی لیتر,https://www.khanoumi.com/products/comeon-hair-water-collagen-and-keratin-water-bomb-400ml-29454,این محصول بوی خوبی داره ، وزی مو رو میگیره ولیکن موهارو خشک میکنه مثل زمانی که از تافت استفاده میکنیم,0,true,2025-02-13T12:19:03.2614889+00:00,مثبت,0.67,محصول,محصول
کرم آبرسان موی سر حاوی کلاژن و کراتین 400میلی لیتر,https://www.khanoumi.com/products/comeon-hair-water-collagen-and-keratin-water-bomb-400ml-29454,من موهام خشک شده بود در حدی ک میشکست موهام و موهام کاملا خرد شده بود از وقتی ازین ابرسان استفاده میکنم واقعا تاثیرشو دیدم موهامو یه حالت ابریشمی کرده راضیم ازش بینهایت,0,true,2025-01-25T04:00:22.5481161+00:00,مثبت,0.79,محصول,محصول
کرم آبرسان موی سر حاوی کلاژن و کراتین 400میلی لیتر,https://www.khanoumi.com/products/comeon-hair-water-collagen-and-keratin-water-bomb-400ml-29454,قبلا از این محصول که از حضوری خریده شده بود استفاده کردم بوی خیلی خوبی داشت و ماندگاری تا 3 4روز بود،ولی متاسفانه این محصول فقط بوی خوبی داشت و ماندگاریش به شدت کم حتی شاید چندساعت هم نبود،کیفیت محصول کاهش پیدا کرده و فک نمیکنم خوب باشه.,0,true,2024-12-21T12:21:43.2907958+00:00,ترکیبی,0.79,محصول,محصول
کرم آبرسان موی سر حاوی کلاژن و کراتین 400میلی لیتر,https://www.khanoumi.com/products/comeon-hair-water-collagen-and-keratin-water-bomb-400ml-29454,خیلی عالی .,0,true,2024-12-20T02:16:14.4756707+00:00,مثبت,0.67,سایر,سایر
کرم آبرسان موی سر حاوی کلاژن و کراتین 400میلی لیتر,https://www.khanoumi.com/products/comeon-hair-water-collagen-and-keratin-water-bomb-400ml-29454,خیلی خوبه من موهام خشک و برق دار بود تاحد زیادی کنترل میکنه,0,true,2024-12-02T12:27:08.2336858+00:00,مثبت,0.91,محصول,محصول
کرم آبرسان موی سر حاوی کلاژن و کراتین 400میلی لیتر,https://www.khanoumi.com/products/comeon-hair-water-collagen-and-keratin-water-bomb-400ml-29454,چرا برای محصولات‌ کامان تخفیف نمیزارید,0,false,2024-11-20T08:45:42.2153341+00:00,خنثی,0.35,محصول | قیمت,محصول
کرم آبرسان موی سر حاوی کلاژن و کراتین 400میلی لیتر,https://www.khanoumi.com/products/comeon-hair-water-collagen-and-keratin-water-bomb-400ml-29454,اخیرا دوبار خرید کردم از سایت هر دوبارم سر موعد بسته به دستم نرسیده و چند روز تاخیر داشته هیچکسم پاسخگوی این بی نظمی نیست,0,true,2024-11-11T20:20:28.0376965+00:00,منفی,0.67,تحویل و ارسال | خدمات و پشتیبانی | محصول,تحویل و ارسال
کرم آبرسان موی سر حاوی کلاژن و کراتین 400میلی لیتر,https://www.khanoumi.com/products/comeon-hair-water-collagen-and-keratin-water-bomb-400ml-29454,عاااااالی حتی حالت وز مو رو میگیره....من وقتی میزنم و شونه میکشم با دست یه پیچ به موهام میدم همون حالت میمونه,0,true,2024-10-13T08:31:45.5063124+00:00,خنثی,0.35,محصول,محصول
کرم آبرسان موی سر حاوی کلاژن و کراتین 400میلی لیتر,https://www.khanoumi.com/products/comeon-hair-water-collagen-and-keratin-water-bomb-400ml-29454,من برای بار چندم این محصول رو میخرم اصلا موهارو چرب نمیکنه ، گیر موهارو باز میکنه و راحت تر شونه میشه بعد سشوار هم واقعا خوش حالت وا میسه,0,true,2024-09-19T15:52:29+00:00,مثبت,0.67,محصول | اصل بودن کالا,محصول
کرم آبرسان موی سر حاوی کلاژن و کراتین 400میلی لیتر,https://www.khanoumi.com/products/comeon-hair-water-collagen-and-keratin-water-bomb-400ml-29454,سلام کرم خیلی خوش بو وبا حجم بالا وهمچنین موهارو نرم میکنه,0,true,2024-09-14T13:13:44+00:00,خنثی,0.35,محصول,محصول
کرم آبرسان موی سر حاوی کلاژن و کراتین 400میلی لیتر,https://www.khanoumi.com/products/comeon-hair-water-collagen-and-keratin-water-bomb-400ml-29454,تنها کرم مویی که انقدر حجم بالایی داره و بوی فوق العاده عالی، من موهام فر هست قبلا از مدل کرم موی بیوتین کامان استفاده می کردم این سری مدل کراتین رو خریدم ، و فر موهام رو اصلا بهم نزد با اینکه کراتینه اما حالت فر خوشگلی به مو میده ، البته این نکته عرض کنم که برای فر کردن خوشگل مو با کرم مو حتما باید موهاتون رو باهاش استایل کِرلی کنین ,0,true,2024-08-10T13:23:12+00:00,مثبت,0.91,محصول | اصل بودن کالا,محصول
کرم آبرسان موی سر حاوی کلاژن و کراتین 400میلی لیتر,https://www.khanoumi.com/products/comeon-hair-water-collagen-and-keratin-water-bomb-400ml-29454,نمیشه بگی عالی ولی خوبه، وقتی مو دونم میشه بزنین و بعدش یه سشوار معمولی... موها نرم میشه و یه کمی هم صاف ,0,false,2024-07-26T16:41:15+00:00,مثبت,0.67,محصول,محصول
کرم آبرسان موی سر حاوی کلاژن و کراتین 400میلی لیتر,https://www.khanoumi.com/products/comeon-hair-water-collagen-and-keratin-water-bomb-400ml-29454,بوی محشر و اثر گذاری عالی داره,0,false,2024-07-02T23:18:43+00:00,مثبت,0.67,محصول,محصول
کرم آبرسان موی سر حاوی کلاژن و کراتین 400میلی لیتر,https://www.khanoumi.com/products/comeon-hair-water-collagen-and-keratin-water-bomb-400ml-29454,"من از این محصول همیشه استفاده میکنم عالیه موهاتون بعد که ابش گرفته شد تو مرحله خشک شدن بود بزنید به موتون ی برس بکشید فقطم به قسمت های دکلره یا رنگ شده بزنید ریشه ننید در حدی هم نزنید که موهاتون بچسبه به هم زدید بلافاصله شونه کنید دستتونو بشورید از موهای ابریشمیتون لذت ببرید 
و کسایی که میگن بده روش درست استفادشو یاد نگرفتن ",0,true,2024-06-16T17:15:19+00:00,ترکیبی,0.9,محصول | اصل بودن کالا,محصول
کرم آبرسان موی سر حاوی کلاژن و کراتین 400میلی لیتر,https://www.khanoumi.com/products/comeon-hair-water-collagen-and-keratin-water-bomb-400ml-29454,بوی خوبی میده برای براشینگ هم خوبه نرم مینکه واز وزی مو جولوگیری میکنه,0,true,2024-05-19T15:45:22+00:00,مثبت,0.91,محصول,محصول
کرم آبرسان موی سر حاوی کلاژن و کراتین 400میلی لیتر,https://www.khanoumi.com/products/comeon-hair-water-collagen-and-keratin-water-bomb-400ml-29454,وز و خشکی مو رو میگیره و باعث نرمی مو میشه،بوش عالیه,0,false,2024-05-07T08:54:37+00:00,مثبت,0.79,محصول,محصول
کرم آبرسان موی سر حاوی کلاژن و کراتین 400میلی لیتر,https://www.khanoumi.com/products/comeon-hair-water-collagen-and-keratin-water-bomb-400ml-29454,از این محصول انتظار معجزه نداشته باشید فقط موهارو نرم میکنه همین ,0,false,2024-04-27T13:32:41+00:00,خنثی,0.35,محصول,محصول
کرم آبرسان موی سر حاوی کلاژن و کراتین 400میلی لیتر,https://www.khanoumi.com/products/comeon-hair-water-collagen-and-keratin-water-bomb-400ml-29454,خیلی خوب نبود,0,false,2024-03-27T21:14:50+00:00,منفی,0.67,محصول,محصول
کرم آبرسان موی سر حاوی کلاژن و کراتین 400میلی لیتر,https://www.khanoumi.com/products/comeon-hair-water-collagen-and-keratin-water-bomb-400ml-29454,اصلااااا خوب نبود یک بار استفاده کردم موهامو خشک و چسبناک کرد,0,true,2024-02-05T01:30:34+00:00,مثبت,0.67,محصول | اصل بودن کالا,محصول
کرم آبرسان موی سر حاوی کلاژن و کراتین 400میلی لیتر,https://www.khanoumi.com/products/comeon-hair-water-collagen-and-keratin-water-bomb-400ml-29454,من بعد از اینکه موهام رو رنگ کردم موهام خیلی وز میشد و بد حالت وای می ایستاد. مجبور بودم همش سشوار بکشم تا مرتب شه ولی باز بدتر میشد. وز موها رو میخوابونه و یه موی درخشان تحویل میده,0,false,2024-01-24T22:39:56+00:00,منفی,0.79,محصول | تحویل و ارسال,محصول
کرم آبرسان موی سر حاوی کلاژن و کراتین 400میلی لیتر,https://www.khanoumi.com/products/comeon-hair-water-collagen-and-keratin-water-bomb-400ml-29454,من این ماسک رو ارایشگرم بهم معری کرد. به جای شوینده و ماسک موهای خارجی و گرون که در دسترشم نیستن، محصولات کامان خیلی خوبه و واقعا بی نظیره,0,false,2024-01-24T22:08:49+00:00,مثبت,0.91,محصول | قیمت,محصول
کرم آبرسان موی سر حاوی کلاژن و کراتین 400میلی لیتر,https://www.khanoumi.com/products/comeon-hair-water-collagen-and-keratin-water-bomb-400ml-29454,حتما تا موهاتون خشک نشده و هنوز نم داره ازش استفاده کنین. روی موهای خشک نزنین خوب نیست. ولی روی موهای نم دار که بزنین معجزه این ماسک رو خودتون میبینید,0,false,2024-01-24T21:21:21+00:00,منفی,0.67,محصول,محصول
کرم آبرسان موی سر حاوی کلاژن و کراتین 400میلی لیتر,https://www.khanoumi.com/products/comeon-hair-water-collagen-and-keratin-water-bomb-400ml-29454,من پایین موهام خیلی خشک شده بود و پر موخوره بود. ارایشگری که اخرین بار پیشش رفتم این ماسک رو بهم معرفی کرد. باید بگم خدا خیرش بده. واقعا محصول خوبیه ,0,false,2024-01-19T23:00:50+00:00,ترکیبی,0.74,محصول,محصول
کرم آبرسان موی سر حاوی کلاژن و کراتین 400میلی لیتر,https://www.khanoumi.com/products/comeon-hair-water-collagen-and-keratin-water-bomb-400ml-29454,بعد از اینکه از حموم میام وقتی موهام هنوز یکم خیسه این ماسک رو به موهام میزنم و نیازی هم نیست بشورمش. میزارم روی موهام بمونه. انقدر سبک و زود جذبه که باورتون نمیشه. اصلا انگار هیچی به موهاتون نزدید ولی قشنگ موها رو نرم و لطیف میکنه,0,false,2024-01-19T23:00:32+00:00,منفی,0.67,محصول | اصل بودن کالا,اصل بودن کالا
کرم آبرسان موی سر حاوی کلاژن و کراتین 400میلی لیتر,https://www.khanoumi.com/products/comeon-hair-water-collagen-and-keratin-water-bomb-400ml-29454,اگه شما هم مثل موهای خشک و وزی دارید یک با این ماسک رو امتحان کنید ضرر نداره. محصولات کامان همشون خوبن ولی این ماسک مو یه جور دیگه به دلم میشینه,0,false,2024-01-19T23:00:08+00:00,مثبت,0.67,محصول,محصول
کرم آبرسان موی سر حاوی کلاژن و کراتین 400میلی لیتر,https://www.khanoumi.com/products/comeon-hair-water-collagen-and-keratin-water-bomb-400ml-29454,این ماسک رو به همه کسایی که موهاشون رو رنگ کردن و با وزی موهاشون مشکل دارن وصیه میکنم. یه موی سالم و کراتین شده بعد حموم بهتون تحویل میده که ازش لذت میبرید,0,false,2024-01-18T22:32:28+00:00,خنثی,0.35,محصول | تحویل و ارسال,محصول
کرم آبرسان موی سر حاوی کلاژن و کراتین 400میلی لیتر,https://www.khanoumi.com/products/comeon-hair-water-collagen-and-keratin-water-bomb-400ml-29454,"بعد از استفاده از این محصول انگار موهاتون رو کراتین کردید. هم صاف میشه هم یک دست میشه و وزش گرفته میشه. حسابی هم جون میگیره و حالش خوب میشه. از من میشنوید امتحانش کنین

",0,false,2024-01-18T17:28:51+00:00,مثبت,0.67,محصول,محصول
کرم آبرسان موی سر حاوی کلاژن و کراتین 400میلی لیتر,https://www.khanoumi.com/products/comeon-hair-water-collagen-and-keratin-water-bomb-400ml-29454,من موهام خشک بود. همیشه دوست داشتم موهام رو رنگ کنم ولی خب میدونستم موهام خشک تر و وز تر میشه. تا اینکه ارایشگاهی که رفتم این ماسک رو بهم معرفی کرد. الان موهام رو رنگ کردم و از این ماسک استفاده میکنم و باید بگم عالیه. نتنها موهام خشکتر نشد بلکه درخشان و نرم هم شده,0,false,2024-01-18T12:48:53+00:00,مثبت,0.91,محصول,محصول
کرم آبرسان موی سر حاوی کلاژن و کراتین 400میلی لیتر,https://www.khanoumi.com/products/comeon-hair-water-collagen-and-keratin-water-bomb-400ml-29454,یه محصول سبک و خوبه برای مو که بوی خوبیم میده و وز مو رو کامل از بین میبره و یه موی درخشان و جذاب تحویلتون میده,0,false,2024-01-18T10:52:37+00:00,مثبت,0.91,محصول | تحویل و ارسال,محصول
کرم آبرسان موی سر حاوی کلاژن و کراتین 400میلی لیتر,https://www.khanoumi.com/products/comeon-hair-water-collagen-and-keratin-water-bomb-400ml-29454,عاشقشم خیلی خوش بو و عالیه ,0,true,2024-01-02T11:49:25+00:00,مثبت,0.91,محصول,محصول
کرم آبرسان موی سر حاوی کلاژن و کراتین 400میلی لیتر,https://www.khanoumi.com/products/comeon-hair-water-collagen-and-keratin-water-bomb-400ml-29454,بوی خوبی داره مناسب کسایی هس ک لوازم آرایشی بودار استفاده میکنن و پارابنی توش هس هیچ ضرری نداره فقط برای جلوگیری از ایجاد باکتری یا قارچ در لوازم آرایشی هس یه ویژگی ک داره کرم ن حس روغنی میده و وز بودن مو رو تا حدودی میگیره به نظرم واقعا این محصول خوبه 🩷,1,true,2023-06-19T12:09:17+00:00,مثبت,0.91,محصول,محصول
کرم آبرسان موی سر حاوی کلاژن و کراتین 400میلی لیتر,https://www.khanoumi.com/products/comeon-hair-water-collagen-and-keratin-water-bomb-400ml-29454,چند ساله دارم ازش استفاده میکنم و راضی ام فقط قلقش اینه که که مو هاتون تا حدود زیادی مرطوب باشه اگه تقریبا خشک باشه اصلا خوب نمیشه البته بعدشم اگه از یه سرم مو استفاده کنینم که عالی میشه ,0,true,2022-03-28T16:18:06+00:00,مثبت,0.67,محصول | اصل بودن کالا,محصول
کرم آبرسان موی سر حاوی کلاژن و کراتین 400میلی لیتر,https://www.khanoumi.com/products/comeon-hair-water-collagen-and-keratin-water-bomb-400ml-29454,یکی از مشکلات اصلی که همیشه با موهام داشتم، خشکی بیش از اندازه بود. این خشکی از وقتی که موهام رو رنگ کردم بیشتر شد و حتی موهام رو تا حدودی وز کرد. برای رفع این خشکی و نرم شدن موهام از  واتر بمب مو هیرواتر استفاده کردم . این ماسک مو با خاصیت کلاژن و کراتین سازی که داشت باعث شد موهام نرم بشه و تاحد زیادی از وز شدن اون جلوگیری کرد. یکی از مزیت های مهم این ماسک، کنترل چربی سر بود. بعد از استفاده نه تنها موهام چرب نشد بلکه باعث شد چربی موهای سرم تا شستشوی بعدی کنترل بشه. استفاده از این ماسک مو رنگ دانه های مو رو تغییر نمی ده و موجب تثبیت رنگ می‌شه. ماسک موی هیرواتر کامان یک ماسک موی نسبتا خوب با قیمت مناسبه که می‌تونه موهای شما رو تا حد زیادی نرم کنه. با توجه به حجم و قیمتی که داره می‌تونه گزینه مناسبی برای خرید باشه,3,false,2022-01-10T08:55:24+00:00,مثبت,0.79,محصول | اصل بودن کالا | قیمت,محصول
کرم آبرسان موی سر حاوی کلاژن و کراتین 400میلی لیتر,https://www.khanoumi.com/products/comeon-hair-water-collagen-and-keratin-water-bomb-400ml-29454,عاليه، اصلأ چسبندگي نميده، موقع سشوار كشيدن هم مو رو خوش حالت ميكنه، چندمين باره ميگيرمش و راضي ام ,6,false,2021-08-26T14:28:42+00:00,مثبت,0.95,محصول | اصل بودن کالا,محصول
کرم آبرسان موی سر حاوی کلاژن و کراتین 400میلی لیتر,https://www.khanoumi.com/products/comeon-hair-water-collagen-and-keratin-water-bomb-400ml-29454,خیلی حالت مو رو بد میکنه بعد از خشک شدن کاملا وز و خشک و بد حالت میشه ,19,true,2020-11-11T10:42:17+00:00,منفی,0.79,محصول,محصول
کرم آبرسان موی سر حاوی کلاژن و کراتین 400میلی لیتر,https://www.khanoumi.com/products/comeon-hair-water-collagen-and-keratin-water-bomb-400ml-29454,وقتی مو نم داره و استفاده میکنم بسیار خوش فرم و خوش حالت و کارسازه و وقتی مو خشک میشه موی زبر و بدحالتی میشه. با کلی ذوق خریدم توقع نداشتم. تنها خوبیش حجم زیادشه نسبت به قیمت.,22,true,2020-11-03T16:17:02+00:00,منفی,0.79,محصول | قیمت,محصول
کرم آبرسان موی سر حاوی کلاژن و کراتین 400میلی لیتر,https://www.khanoumi.com/products/comeon-hair-water-collagen-and-keratin-water-bomb-400ml-29454,موها چسبناک و خشک میشه نزنی بهتره,22,false,2020-11-03T06:35:40+00:00,خنثی,0.35,محصول,محصول
کرم آبرسان موی سر حاوی کلاژن و کراتین 400میلی لیتر,https://www.khanoumi.com/products/comeon-hair-water-collagen-and-keratin-water-bomb-400ml-29454,به هیچ وجه ازش راضی نیستم، بعد از استفاده ازش موهام چسبندگی پیدا میکنه و خشک و بد حالت میشه، ,6,true,2020-10-19T05:48:50+00:00,منفی,0.79,محصول,محصول
کرم آبرسان موی سر حاوی کلاژن و کراتین 400میلی لیتر,https://www.khanoumi.com/products/comeon-hair-water-collagen-and-keratin-water-bomb-400ml-29454,من از این محصول خریداری کردم نسبت به قیمتش و حجمش بد نیست,4,true,2020-09-22T17:21:38+00:00,مثبت,0.67,محصول | قیمت,محصول
کرم آبرسان موی سر حاوی کلاژن و کراتین 400میلی لیتر,https://www.khanoumi.com/products/comeon-hair-water-collagen-and-keratin-water-bomb-400ml-29454,بعد ار اونهمه تبلیغ با انتظارات خیلی بالا خریدمش؛ وقتی موهاتون نم داره و میزنین خیلی نرم میکنه و به شدت خوشبوئه ولی وفتی مو خشک شد یه حالت خشک و چسبناک ایجاد شد که برای شونه کردن مجبور شدم روغن به موهام بزنم! نکات مثبتش حجم به صرفه و قیمت خوب و رایحه خوبیه ولی به موهای فر و رنگ شده من که خشک هستن نساخت.,21,true,2020-09-19T14:17:44+00:00,مثبت,0.79,محصول | قیمت,محصول
کرم آبرسان موی سر حاوی کلاژن و کراتین 400میلی لیتر,https://www.khanoumi.com/products/comeon-hair-water-collagen-and-keratin-water-bomb-400ml-29454,پارابن و پارافین و سیلیکون داره و بسیار مضره برای مو,58,false,2020-09-14T17:26:36+00:00,خنثی,0.35,محصول,محصول
کرم آبرسان موی سر حاوی کلاژن و کراتین 400میلی لیتر,https://www.khanoumi.com/products/comeon-hair-water-collagen-and-keratin-water-bomb-400ml-29454,راضی نبودم,24,false,2020-09-11T15:37:59+00:00,منفی,0.67,محصول,محصول
کرم آبرسان موی سر حاوی بیوتین، زینک و بپانتین 400میل,https://www.khanoumi.com/products/comeon-hair-water-biotin-zinc-and-bepanthene-water-bomb-400ml-29455,"حالت دهندگیش خوبه
موهارو نرم میکنه
بوی خیلی خیلی خوبی میده
برای موی فر خریدم و‌ راضی بودم",0,true,2026-08-29T20:59:50.7558461+03:30,مثبت,0.95,محصول,محصول
کرم آبرسان موی سر حاوی بیوتین، زینک و بپانتین 400میل,https://www.khanoumi.com/products/comeon-hair-water-biotin-zinc-and-bepanthene-water-bomb-400ml-29455,بسیار عالیه,0,true,2026-08-26T13:18:38.4037452+03:30,مثبت,0.79,سایر,سایر
کرم آبرسان موی سر حاوی بیوتین، زینک و بپانتین 400میل,https://www.khanoumi.com/products/comeon-hair-water-biotin-zinc-and-bepanthene-water-bomb-400ml-29455,"1.موهارو نرم نمیکنه اصلا.
2.محافظت متوسطی داره 
3.واسه اینکه موهاتونو حالت بدید خوبه 
درکل میشه گفت کارکرد متوسطی داره نه خیلی خوب نه خیلی بد",0,true,2026-07-28T14:52:58.8280002+03:30,ترکیبی,0.9,محصول | اصل بودن کالا,محصول
کرم آبرسان موی سر حاوی بیوتین، زینک و بپانتین 400میل,https://www.khanoumi.com/products/comeon-hair-water-biotin-zinc-and-bepanthene-water-bomb-400ml-29455,خوب بود ولی در کل برای مو هایی که ورزش زیاده فقط برای معد حموم جواب میده,0,true,2026-07-07T20:57:36.926742+03:30,مثبت,0.79,محصول,محصول
کرم آبرسان موی سر حاوی بیوتین، زینک و بپانتین 400میل,https://www.khanoumi.com/products/comeon-hair-water-biotin-zinc-and-bepanthene-water-bomb-400ml-29455,یکم موها رو سنگین میکرد.من چند دوره استفاده کردم ولی پیشنهادش نمیکنم,0,true,2026-06-29T17:28:43.862779+03:30,منفی,0.67,محصول,محصول
کرم آبرسان موی سر حاوی بیوتین، زینک و بپانتین 400میل,https://www.khanoumi.com/products/comeon-hair-water-biotin-zinc-and-bepanthene-water-bomb-400ml-29455,"سلام من سارام عاشق نقد کردن محصولاتم
من موهام فره خیلی فر 
برای نگهداری از موهام مدت ها بود همیشه از محصولات خارجی استفاده میکردم این بار این محصول رو خریدم و راضیم
تکسچر غلیظی داره و این یعنی بصرفس و حالت مو رو خوب و مرتب نگه میداره 
یه بوی ملایم و نسبتا دوس داشتنی داره 
پمپی بودن خیلی استفاده ازش رو راحت کرده
دوسش داشتم و احتمالا دوباره شارژش کنم",0,true,2026-06-25T20:29:55.1093872+03:30,مثبت,0.91,محصول,محصول
کرم آبرسان موی سر حاوی بیوتین، زینک و بپانتین 400میل,https://www.khanoumi.com/products/comeon-hair-water-biotin-zinc-and-bepanthene-water-bomb-400ml-29455,به خوبی کامنتا نبود به نظرم. متوسطه.,0,true,2026-04-28T02:20:50.8273902+03:30,مثبت,0.67,محصول,محصول
کرم آبرسان موی سر حاوی بیوتین، زینک و بپانتین 400میل,https://www.khanoumi.com/products/comeon-hair-water-biotin-zinc-and-bepanthene-water-bomb-400ml-29455,"من چهار ساله از این کرم مو استفاده میکنم موهام فره ، فر هامو قشنگ درمیاره 
بخوام سشوار اتو هم بزنم این کرم مو رو میزنم خیلی راضیم همه کارس",0,true,2026-04-26T09:15:55.5535934+03:30,مثبت,0.79,محصول,محصول
کرم آبرسان موی سر حاوی بیوتین، زینک و بپانتین 400میل,https://www.khanoumi.com/products/comeon-hair-water-biotin-zinc-and-bepanthene-water-bomb-400ml-29455,من قبلا از این محصول استفاده کردم و خیلی راضی بودم دوباره سفارش دادم موهامو نرم میکنه و باعث میشه خیلی راحت سشوار بشه وصاف بشه,0,true,2026-04-24T16:52:55.2080006+03:30,مثبت,0.67,محصول,محصول
کرم آبرسان موی سر حاوی بیوتین، زینک و بپانتین 400میل,https://www.khanoumi.com/products/comeon-hair-water-biotin-zinc-and-bepanthene-water-bomb-400ml-29455,هیچ اثری نداره فقط بوی خوبی میده و اصلااااا موهارو نرم نمیکنه,0,false,2026-04-12T23:31:29.9920106+03:30,مثبت,0.79,محصول | اصل بودن کالا,محصول
کرم آبرسان موی سر حاوی بیوتین، زینک و بپانتین 400میل,https://www.khanoumi.com/products/comeon-hair-water-biotin-zinc-and-bepanthene-water-bomb-400ml-29455,لطفا کسانی که امتحان کردند جواب بداند روی برطرف کردن وز مو تاثیری داره؟,0,false,2026-02-27T18:08:11.9401534+03:30,منفی,0.67,محصول,محصول
کرم آبرسان موی سر حاوی بیوتین، زینک و بپانتین 400میل,https://www.khanoumi.com/products/comeon-hair-water-biotin-zinc-and-bepanthene-water-bomb-400ml-29455,بوی خوبی میده حجمشم خیلی زیاده یه مقدار کم باید روی موی خیس زد ولی خیلی موهارو نرم نمیکنه من دیگه شارژش نمیکنم,0,true,2026-01-19T11:14:49.5314286+03:30,مثبت,0.67,محصول,محصول
کرم آبرسان موی سر حاوی بیوتین، زینک و بپانتین 400میل,https://www.khanoumi.com/products/comeon-hair-water-biotin-zinc-and-bepanthene-water-bomb-400ml-29455,خوبه موراحت شونه میشه،خصوصاا موی فر,0,true,2025-12-22T13:15:41.40194+03:30,مثبت,0.79,محصول,محصول
کرم آبرسان موی سر حاوی بیوتین، زینک و بپانتین 400میل,https://www.khanoumi.com/products/comeon-hair-water-biotin-zinc-and-bepanthene-water-bomb-400ml-29455,به حدی افتضاح،که در کلام‌نمی‌گنجه...من‌از خانومی نگرفتم،چند سال پیش بوده.شاید الان،کیفیت محصول،بهتر شده باشه.با پوزش از خانومی,0,false,2025-11-13T14:46:24.5928805+03:30,منفی,0.67,محصول,محصول
کرم آبرسان موی سر حاوی بیوتین، زینک و بپانتین 400میل,https://www.khanoumi.com/products/comeon-hair-water-biotin-zinc-and-bepanthene-water-bomb-400ml-29455,"هم بوی خوبی میده و هم خیلی خوبه
قشنگ نرم میکنه و اصلا شبیه ژل و اسپری خشک نیمکنه
آسیبم نمیزنه
بار اول فقط ممکنه یکم اذیت کنه
خیلی زیاد نزنید، ترجیحا مقدار متوسط بزنید",0,true,2025-10-22T21:07:30.7803545+03:30,مثبت,0.95,محصول | اصل بودن کالا,محصول
کرم آبرسان موی سر حاوی بیوتین، زینک و بپانتین 400میل,https://www.khanoumi.com/products/comeon-hair-water-biotin-zinc-and-bepanthene-water-bomb-400ml-29455,مواد داخل توش کمه و زود تموم میشه ، کیفیت و بوی خوبی داره,0,true,2025-10-14T14:50:47.9334256+03:30,مثبت,0.67,محصول,محصول
کرم آبرسان موی سر حاوی بیوتین، زینک و بپانتین 400میل,https://www.khanoumi.com/products/comeon-hair-water-biotin-zinc-and-bepanthene-water-bomb-400ml-29455,خیلی خوبه، نه مو را چرب میکنه، وزی مو را میگیره و خوش حالت میکنه,0,true,2025-10-12T08:37:46.460969+03:30,مثبت,0.91,محصول,محصول
کرم آبرسان موی سر حاوی بیوتین، زینک و بپانتین 400میل,https://www.khanoumi.com/products/comeon-hair-water-biotin-zinc-and-bepanthene-water-bomb-400ml-29455,واسه من که ساقه موهام خشک و وزوزیه عالیه همش 1هفتس میزنم پف موهام خوابیده ودست میکشم رو موهام نرمه واروم لیزمیخوره..عاای عالی,0,true,2025-10-01T12:34:32.4858491+03:30,مثبت,0.91,محصول,محصول
کرم آبرسان موی سر حاوی بیوتین، زینک و بپانتین 400میل,https://www.khanoumi.com/products/comeon-hair-water-biotin-zinc-and-bepanthene-water-bomb-400ml-29455,خیلی خوبه بوی خوبی داره موهام و نرم کرد,0,true,2025-09-14T13:49:39.072859+03:30,مثبت,0.95,محصول,محصول
کرم آبرسان موی سر حاوی بیوتین، زینک و بپانتین 400میل,https://www.khanoumi.com/products/comeon-hair-water-biotin-zinc-and-bepanthene-water-bomb-400ml-29455,عالیه تو خریدش شک نکنید فقط وقتی موها نم داره مقدار کمی بزنید رو دستتون بعد به ساقه مو بزنید و خشک کنید,0,false,2025-08-01T16:12:19.0374911+00:00,مثبت,0.79,محصول,محصول
کرم آبرسان موی سر حاوی بیوتین، زینک و بپانتین 400میل,https://www.khanoumi.com/products/comeon-hair-water-biotin-zinc-and-bepanthene-water-bomb-400ml-29455,این محصول عالیه .مو چرب نمیشه به هیچ وجه و بوی فوق العاده ایی داره. مدتهاست از این استفاده میکنم .از خرید این محصول اصلا پشیمون نمیشی,0,false,2025-06-17T05:14:38.4933008+00:00,منفی,0.67,محصول | اصل بودن کالا,اصل بودن کالا
کرم آبرسان موی سر حاوی بیوتین، زینک و بپانتین 400میل,https://www.khanoumi.com/products/comeon-hair-water-biotin-zinc-and-bepanthene-water-bomb-400ml-29455,خیلی خوبه  دوسش دارم . موها رو چرب نمیکنه و با ی سشوار ساده در حد خشک کردن ، موهات صاف و خوش حالت میشه و خیلی هم بصرفه س و مدت زیادی میتونید ازش استفاده کنید,0,true,2025-06-13T09:47:42.683841+00:00,مثبت,0.91,محصول,محصول
کرم آبرسان موی سر حاوی بیوتین، زینک و بپانتین 400میل,https://www.khanoumi.com/products/comeon-hair-water-biotin-zinc-and-bepanthene-water-bomb-400ml-29455,در حد 5دقیقه موهات ابرسانی میشع,0,true,2025-06-07T18:39:33.1984227+00:00,خنثی,0.35,محصول,محصول
کرم آبرسان موی سر حاوی بیوتین، زینک و بپانتین 400میل,https://www.khanoumi.com/products/comeon-hair-water-biotin-zinc-and-bepanthene-water-bomb-400ml-29455,دفعه دوم که شارژ میکنم بوی بسیار ملایم و خوبی داره و موها تا چندین ساعت بوی بسیار خوبی میدن. اگر موی فر هم دارید خیلی راحت میتونید با این محصول استایل کنید.,0,true,2025-03-29T16:55:07.9576185+00:00,مثبت,0.79,محصول,محصول
کرم آبرسان موی سر حاوی بیوتین، زینک و بپانتین 400میل,https://www.khanoumi.com/products/comeon-hair-water-biotin-zinc-and-bepanthene-water-bomb-400ml-29455,خیلی خوشبوعههه,0,true,2025-03-12T09:30:49.4385469+00:00,خنثی,0.35,محصول,محصول
کرم آبرسان موی سر حاوی بیوتین، زینک و بپانتین 400میل,https://www.khanoumi.com/products/comeon-hair-water-biotin-zinc-and-bepanthene-water-bomb-400ml-29455,خیلی خوبه ، خیلی خوشبوعه,0,true,2025-02-25T02:03:32.448644+00:00,مثبت,0.91,محصول,محصول
کرم آبرسان موی سر حاوی بیوتین، زینک و بپانتین 400میل,https://www.khanoumi.com/products/comeon-hair-water-biotin-zinc-and-bepanthene-water-bomb-400ml-29455,اولین خریدم بود از خانومی ارسالش رایگان بود و یه بسته  آدامس اکتیو اشانتیون همراهش بود بسته بندی خوبی داشت و خوش بوه مرسی خانومی,0,true,2025-02-17T19:33:49.5184956+00:00,مثبت,0.79,تحویل و ارسال | محصول,تحویل و ارسال
کرم آبرسان موی سر حاوی بیوتین، زینک و بپانتین 400میل,https://www.khanoumi.com/products/comeon-hair-water-biotin-zinc-and-bepanthene-water-bomb-400ml-29455,سلام ریزش نیاورد؟؟,0,false,2025-02-03T11:34:50.7491297+00:00,خنثی,0.35,سایر,سایر
کرم آبرسان موی سر حاوی بیوتین، زینک و بپانتین 400میل,https://www.khanoumi.com/products/comeon-hair-water-biotin-zinc-and-bepanthene-water-bomb-400ml-29455,خیلی محصول خوبیه و موهای فر من رو خیلی براق و خوش حالت میکنه,0,true,2025-01-28T15:19:05.8968925+00:00,مثبت,0.67,محصول,محصول
کرم آبرسان موی سر حاوی بیوتین، زینک و بپانتین 400میل,https://www.khanoumi.com/products/comeon-hair-water-biotin-zinc-and-bepanthene-water-bomb-400ml-29455,لطفا تخفیف بزارید خریدم و تکمیل کنم,0,false,2025-01-11T17:53:56.1141492+00:00,خنثی,0.35,قیمت,قیمت
کرم آبرسان موی سر حاوی بیوتین، زینک و بپانتین 400میل,https://www.khanoumi.com/products/comeon-hair-water-biotin-zinc-and-bepanthene-water-bomb-400ml-29455,من موهام فره و همیشه کرم مو مخصوص مو فر میخرم ولی اخیرا چون موهام خشک شده بود این آبرسان رو خریدم ، از نظر ابرسانی خوبه ولی مثل کرم موهای فر ، فر رو خوشگل در نمیاره,0,true,2024-12-28T16:37:52.8113205+00:00,مثبت,0.79,محصول,محصول
کرم آبرسان موی سر حاوی بیوتین، زینک و بپانتین 400میل,https://www.khanoumi.com/products/comeon-hair-water-biotin-zinc-and-bepanthene-water-bomb-400ml-29455,واقعا عالیه هم خوشبو هست هم خشکی مو رو بعد حموم میگیره,0,false,2024-11-22T09:00:10.3889+00:00,مثبت,0.79,محصول,محصول
کرم آبرسان موی سر حاوی بیوتین، زینک و بپانتین 400میل,https://www.khanoumi.com/products/comeon-hair-water-biotin-zinc-and-bepanthene-water-bomb-400ml-29455,کلا این برند تمام محصولاتش عالیه من چندمین باره میخرم,0,true,2024-09-19T15:53:17+00:00,مثبت,0.79,محصول,محصول
کرم آبرسان موی سر حاوی بیوتین، زینک و بپانتین 400میل,https://www.khanoumi.com/products/comeon-hair-water-biotin-zinc-and-bepanthene-water-bomb-400ml-29455,لطفا موجود کنید من چند بار خرید کردم از این برند کل محصولاتش خیلی راضی هستم,0,true,2024-09-09T14:13:21+00:00,مثبت,0.67,محصول,محصول
کرم آبرسان موی سر حاوی بیوتین، زینک و بپانتین 400میل,https://www.khanoumi.com/products/comeon-hair-water-biotin-zinc-and-bepanthene-water-bomb-400ml-29455,"میشه این محصول رو موجود کنید عالیه واقعا 
",0,true,2024-05-26T13:20:37+00:00,مثبت,0.79,محصول,محصول
کرم آبرسان موی سر حاوی بیوتین، زینک و بپانتین 400میل,https://www.khanoumi.com/products/comeon-hair-water-biotin-zinc-and-bepanthene-water-bomb-400ml-29455,سلام لطفاً موجودش کنین و تخفیف بذارین براش,0,false,2024-05-01T08:31:36+00:00,خنثی,0.35,محصول | قیمت,محصول
کرم آبرسان موی سر حاوی بیوتین، زینک و بپانتین 400میل,https://www.khanoumi.com/products/comeon-hair-water-biotin-zinc-and-bepanthene-water-bomb-400ml-29455,"خیلی محصول خوبی بود موها رو کاملا نرم میکنه عالیه
",0,false,2024-03-08T14:07:44+00:00,مثبت,0.91,محصول,محصول
کرم آبرسان موی سر حاوی بیوتین، زینک و بپانتین 400میل,https://www.khanoumi.com/products/comeon-hair-water-biotin-zinc-and-bepanthene-water-bomb-400ml-29455,من موهام خیلی وز میشد بعد از حموم. هرچقد رهم سشوار میکشیدم بدتر میشد و خشک میشد. ولی این ماسک مو لطافت رو به موهام برگردوند. موهام خیلی نرم میکنه و وزش رو کاملا میخوابونه. امتحانش کنین,0,false,2024-01-19T23:02:33+00:00,منفی,0.67,محصول,محصول
کرم آبرسان موی سر حاوی بیوتین، زینک و بپانتین 400میل,https://www.khanoumi.com/products/comeon-hair-water-biotin-zinc-and-bepanthene-water-bomb-400ml-29455,بعد از حموم یکم که موهاتون خشک شد و یکم نم داشت یان مصول رو بهش بزنین. موهاتون رو نرم میکنه و گره موهاتون به خوبی باز میشه و نرم و لطیف میکنه,0,false,2024-01-19T23:02:14+00:00,مثبت,0.67,محصول,محصول
کرم آبرسان موی سر حاوی بیوتین، زینک و بپانتین 400میل,https://www.khanoumi.com/products/comeon-hair-water-biotin-zinc-and-bepanthene-water-bomb-400ml-29455,من اصلا دوست ندارم ماسک های مو موهام روچرب کنن و یه بافت سنگین بیاد روی موهام. خداوکیلی این محصول اصلا اینجوری نیست. یه بافت سبک و غیرچرب داره که سریع جذب مو میشه و اصلا موها رو چسبناک نمیکنه,0,false,2024-01-19T23:01:54+00:00,مثبت,0.67,محصول | اصل بودن کالا,محصول
کرم آبرسان موی سر حاوی بیوتین، زینک و بپانتین 400میل,https://www.khanoumi.com/products/comeon-hair-water-biotin-zinc-and-bepanthene-water-bomb-400ml-29455,من پایین موهام پر موخوره بود. این همیشه اذیتم میکرد. اخرین باری که رفت ارایشگاه بهم محصولات موی کامان رو معرفی کردن و نگم که چقدر خوبن. موهام حسابی نرم و جون دار شده و انگار برشینگش کردم خیلی صاف و نرم و خوش حالت میشه,0,false,2024-01-18T17:30:12+00:00,مثبت,0.67,محصول,محصول
کرم آبرسان موی سر حاوی بیوتین، زینک و بپانتین 400میل,https://www.khanoumi.com/products/comeon-hair-water-biotin-zinc-and-bepanthene-water-bomb-400ml-29455,این محصول رو اولین بار دوستم بهم معرفی کرد. کلا محصولات کامان رو سال هاست دارم استفاده میکنم. یه ماسک سبکه که و خیلی زود جذب میشه و مو رو اصلا اصلا چرب نمیکنه,0,false,2024-01-18T12:49:39+00:00,خنثی,0.35,محصول | اصل بودن کالا,محصول
کرم آبرسان موی سر حاوی بیوتین، زینک و بپانتین 400میل,https://www.khanoumi.com/products/comeon-hair-water-biotin-zinc-and-bepanthene-water-bomb-400ml-29455,من موهام فره و یه مدت همیشه با سشوار و اتو صافش میکردم و باعث شده بود موهام حسابی اسیب ببینه. خشک و شکننده بش. تا اینکه ییه بار ارایشگاهی که رفته بودم این ماسک مو رو بهم معرفی کردن و واقعا عالیه. الان دو بار ازش استفاده کردم و باید بگم واقعا راضیم,0,false,2024-01-18T10:53:49+00:00,مثبت,0.95,محصول,محصول
کرم آبرسان موی سر حاوی بیوتین، زینک و بپانتین 400میل,https://www.khanoumi.com/products/comeon-hair-water-biotin-zinc-and-bepanthene-water-bomb-400ml-29455,"ابن محصول عالیه مخصوصا واسه موهای فر 
فر موهای منو عااالی کرد",1,false,2023-01-11T01:56:59+00:00,مثبت,0.79,محصول,محصول
کرم آبرسان موی سر حاوی بیوتین، زینک و بپانتین 400میل,https://www.khanoumi.com/products/comeon-hair-water-biotin-zinc-and-bepanthene-water-bomb-400ml-29455,به نظر من محصول خوبیه اصلا مو رو سنگین و چرب نمیکنه البته باید توجه کنین که روی موی کاملا نم دار استفاده بشه وگرنه اون حالت چسبنده و ناخوشایندی که دوستان نظر دادن بوجود میاد ,9,false,2021-09-17T22:42:07+00:00,مثبت,0.79,محصول | اصل بودن کالا,محصول
کرم آبرسان موی سر حاوی بیوتین، زینک و بپانتین 400میل,https://www.khanoumi.com/products/comeon-hair-water-biotin-zinc-and-bepanthene-water-bomb-400ml-29455,. مو رو خشک و بد حالت میکنه و پر از موخوره.,17,false,2021-07-07T01:40:57+00:00,منفی,0.67,محصول,محصول
کرم آبرسان موی سر حاوی بیوتین، زینک و بپانتین 400میل,https://www.khanoumi.com/products/comeon-hair-water-biotin-zinc-and-bepanthene-water-bomb-400ml-29455,من موهامو به علت مو خوره کوتاه کردم و برای احیا از این ماسک استفاده کردم اما هیچ تاثیری ازش ندیدم,13,false,2021-06-14T15:08:42+00:00,خنثی,0.35,محصول,محصول
کرم آبرسان موی سر حاوی بیوتین، زینک و بپانتین 400میل,https://www.khanoumi.com/products/comeon-hair-water-biotin-zinc-and-bepanthene-water-bomb-400ml-29455,اصلا خوب نیست موهامو پر موخوره کرد.,3,false,2021-06-03T10:54:11+00:00,منفی,0.79,محصول | اصل بودن کالا,اصل بودن کالا
کرم آبرسان موی سر حاوی بیوتین، زینک و بپانتین 400میل,https://www.khanoumi.com/products/comeon-hair-water-biotin-zinc-and-bepanthene-water-bomb-400ml-29455,"وز موهای منو گرف خیلی نرم شدن موهام من دوسش داشتم و راضیم از خریدم 
",5,true,2020-12-27T01:22:53+00:00,مثبت,0.79,محصول,محصول
کرم آبرسان موی سر حاوی بیوتین، زینک و بپانتین 400میل,https://www.khanoumi.com/products/comeon-hair-water-biotin-zinc-and-bepanthene-water-bomb-400ml-29455,اصلا خوب نیست، من لوسیون مو بیول میزدم که خیلی خوب بود و موهام احیا شده بود. اینو گرفتم موهام داغون شد.موها رو میچسبونه به هم و وز میکنه و اصلا نمیشه شونه کرد.کاملا خشک شده موهام.نمیدونم چرا بعضیا میگفتن نرم میکنه.خیلی بده خیلی,41,false,2020-10-26T13:17:59+00:00,منفی,0.91,محصول | اصل بودن کالا,اصل بودن کالا
کرم آبرسان موی سر حاوی بیوتین، زینک و بپانتین 400میل,https://www.khanoumi.com/products/comeon-hair-water-biotin-zinc-and-bepanthene-water-bomb-400ml-29455,واااي اصلن خوب نيست موهارو چسبنده ميكنه اكثرا نظرات مثبت دادن منم بخاطر رضايتشون سفارش دادم ولي اشتباه كردم خريد نكنين  روي محصول نوشته چربي نميكنه كاش چربي ميكرد ولي اينطور چسبنده نميشد موهام 🤔😑😑,49,true,2020-10-19T23:48:41+00:00,منفی,0.79,محصول | اصل بودن کالا,اصل بودن کالا
کرم آبرسان موی سر حاوی بیوتین، زینک و بپانتین 400میل,https://www.khanoumi.com/products/comeon-hair-water-biotin-zinc-and-bepanthene-water-bomb-400ml-29455,محصول خوبی نیست موهارو چسبنده میکنه و حالت زنده بودن رو از موها میگیره,29,false,2020-10-17T13:23:37+00:00,منفی,0.67,محصول,محصول
کرم آبرسان موی سر حاوی بیوتین، زینک و بپانتین 400میل,https://www.khanoumi.com/products/comeon-hair-water-biotin-zinc-and-bepanthene-water-bomb-400ml-29455,این محصول اصلا به موهای من نساخت،موهام خشک و فر دار هستن برای آبرسانی ک نرم شدنش گرفتم ک وقتی میزنم خشک تر و فر تر میشن,9,false,2020-10-16T21:55:09+00:00,مثبت,0.67,محصول | اصل بودن کالا,محصول
کرم آبرسان موی سر حاوی بیوتین، زینک و بپانتین 400میل,https://www.khanoumi.com/products/comeon-hair-water-biotin-zinc-and-bepanthene-water-bomb-400ml-29455,اصلا خوب نیست با این قیمت هم موهارو میچسبونه به هم و مثل اب میمونه هیچ نرمی نداره,4,false,2020-10-16T00:08:22+00:00,منفی,0.79,محصول | اصل بودن کالا | قیمت,اصل بودن کالا
کرم آبرسان موی سر حاوی بیوتین، زینک و بپانتین 400میل,https://www.khanoumi.com/products/comeon-hair-water-biotin-zinc-and-bepanthene-water-bomb-400ml-29455,"این محصول پارابن و پارافین و سیلیکون داره که برای مو مضره
",21,false,2020-09-21T23:27:15+00:00,خنثی,0.35,محصول,محصول
کرم آبرسان موی سر حاوی بیوتین، زینک و بپانتین 400میل,https://www.khanoumi.com/products/comeon-hair-water-biotin-zinc-and-bepanthene-water-bomb-400ml-29455,فوق العاده است، بدون اینکه حالت چربی بده مو رو ترک و خوش حالت میکنه,13,false,2020-08-29T01:32:55+00:00,منفی,0.79,محصول,محصول
کرم آبرسان موی سر حاوی بیوتین، زینک و بپانتین 400میل,https://www.khanoumi.com/products/comeon-hair-water-biotin-zinc-and-bepanthene-water-bomb-400ml-29455,"اصلا خوب نیست 
پارابن داره
به موهای من نساخته",21,false,2020-08-11T21:30:57+00:00,منفی,0.79,محصول | اصل بودن کالا,اصل بودن کالا
شامپو هیرواتر بدون سولفات برای موهای رنگ شده، خشک و آسیب دیده 400میل,https://www.khanoumi.com/products/comeon-hair-water-repairing-shampoo-400ml-29456,من از این شامپو استفاده میکنم و خیلی راضیم و تنها شامپویی بوده که موهامو از حالت خشکی دراورده و نرم و لطیف کرده,0,true,2026-04-10T12:46:06.39754+03:30,مثبت,0.79,محصول,محصول
شامپو هیرواتر بدون سولفات برای موهای رنگ شده، خشک و آسیب دیده 400میل,https://www.khanoumi.com/products/comeon-hair-water-repairing-shampoo-400ml-29456,من هم شامپو و هم ماسکش رو استفاده میکنم عااالین موهای خشک من خیلی نرم و لطیف شده,0,true,2026-02-26T13:48:12.9453368+03:30,خنثی,0.35,محصول,محصول
شامپو هیرواتر بدون سولفات برای موهای رنگ شده، خشک و آسیب دیده 400میل,https://www.khanoumi.com/products/comeon-hair-water-repairing-shampoo-400ml-29456,خیلی بده.. برای موهای دکلره شده و آسیب دیده خریدم ولی ریزش موهام بیشتر شده .. خیلی خیلی چرب و کم حجم میکنه  موها رو... صبح میشوری شب چرب میشه.. اصلا پیشنهاد نمیکنم,0,false,2025-03-08T08:25:40.4478994+00:00,منفی,0.79,محصول | اصل بودن کالا,اصل بودن کالا
شامپو هیرواتر بدون سولفات برای موهای رنگ شده، خشک و آسیب دیده 400میل,https://www.khanoumi.com/products/comeon-hair-water-repairing-shampoo-400ml-29456,"برای موهای رنگ شده خیلی خوبه من حدود یکساله استفاده میکنم رنگ موهام حفظ شده و با اینکه موهام خشکه آسیبی بهش نزده و نرم هم کرده.
",0,false,2024-02-18T15:26:21+00:00,مثبت,0.91,محصول,محصول
شامپو هیرواتر بدون سولفات برای موهای رنگ شده، خشک و آسیب دیده 400میل,https://www.khanoumi.com/products/comeon-hair-water-repairing-shampoo-400ml-29456,"غلظتش خیلی زیاده، به موهای بالیاژ شده میزنم و خوبه، ضد ریزشش رو هم خریدم خوبه، کلا کامان همه چیزش به من میسازه کلا حالم با کامان خوبه دیگه

",0,false,2024-02-17T22:13:50+00:00,مثبت,0.95,محصول,محصول
شامپو هیرواتر بدون سولفات برای موهای رنگ شده، خشک و آسیب دیده 400میل,https://www.khanoumi.com/products/comeon-hair-water-repairing-shampoo-400ml-29456,"از هر شامپویی استفاده میکردم به شدت موهام رو خشک و وز میکرد. موهام کدر شده بود و جون نداشت. این محصول ولی موهام رو دوباره درخشان و سالم کرد.
",0,false,2024-02-16T16:41:00+00:00,خنثی,0.35,محصول,محصول
شامپو هیرواتر بدون سولفات برای موهای رنگ شده، خشک و آسیب دیده 400میل,https://www.khanoumi.com/products/comeon-hair-water-repairing-shampoo-400ml-29456,"این محصول رو ارایشگرم بهم معرفی کرد. موهام به شدت خشک بود ولی بعد از دو ماه استفاده از این محصول میخوایم بگم خیلی راضی بودم
",0,false,2024-02-15T12:46:29+00:00,مثبت,0.67,محصول,محصول
شامپو هیرواتر بدون سولفات برای موهای رنگ شده، خشک و آسیب دیده 400میل,https://www.khanoumi.com/products/comeon-hair-water-repairing-shampoo-400ml-29456,"یکی از بهترین شامپوهای هست که تا حالا استفاده کردم . شامپوهای بدون سولفات عموما خیلی گرونن ولی این خیلی به صرفه است
",0,false,2024-02-13T16:24:54+00:00,ترکیبی,0.71,محصول | قیمت,محصول
شامپو هیرواتر بدون سولفات برای موهای رنگ شده، خشک و آسیب دیده 400میل,https://www.khanoumi.com/products/comeon-hair-water-repairing-shampoo-400ml-29456,ن این شوینده رو برای موهای دخترم خریدم تا به موهاش آسیب نرسه و وز نشه موهاش. عالی بوده تا اینجا و ترکیبات داخلش هم که توی کمتر شوینده ایرانی دیدم,0,false,2023-12-11T10:53:16+00:00,مثبت,0.79,محصول,محصول
شامپو هیرواتر بدون سولفات برای موهای رنگ شده، خشک و آسیب دیده 400میل,https://www.khanoumi.com/products/comeon-hair-water-repairing-shampoo-400ml-29456,حتی اگه موهاتون رنگ نداره هم خوبه که موهاتون رو با شوینده بدون سولفات بشورید. این شوینده رو یه بار امتحان کنین خودتون نتیجه رو مقایسه کنین,0,false,2023-12-11T10:52:56+00:00,منفی,0.91,محصول,محصول
شامپو هیرواتر بدون سولفات برای موهای رنگ شده، خشک و آسیب دیده 400میل,https://www.khanoumi.com/products/comeon-hair-water-repairing-shampoo-400ml-29456,با این حجم بالایی که داره اگه موهای متوسطی دارین تا یک سال براتون میمونه. من یدونه تموم کردم اومدم دومیش رو بخرم,0,false,2023-11-29T11:32:16+00:00,خنثی,0.35,محصول,محصول
شامپو هیرواتر بدون سولفات برای موهای رنگ شده، خشک و آسیب دیده 400میل,https://www.khanoumi.com/products/comeon-hair-water-repairing-shampoo-400ml-29456,کمتر شوینده ایرانی میتونین پیدا کنین که بدون سولفات باشه. برای ماهایی که موهامون رو رنگ کردیم بهترین و به صرفه ترین انتخابه,0,false,2023-11-27T15:48:49+00:00,ترکیبی,0.66,محصول,محصول
شامپو هیرواتر بدون سولفات برای موهای رنگ شده، خشک و آسیب دیده 400میل,https://www.khanoumi.com/products/comeon-hair-water-repairing-shampoo-400ml-29456,من تازگی موهام رو رنگ کردم وباید شامپو بدون سولفات بزنم که رنگ موهام آسیب نرسه. این رو آرایشگرم بم معرفی کرد. تا الان دوبار موهام رو باهاش شستم و راضیم,0,false,2023-11-27T11:41:39+00:00,ترکیبی,0.74,محصول,محصول
شامپو هیرواتر بدون سولفات برای موهای رنگ شده، خشک و آسیب دیده 400میل,https://www.khanoumi.com/products/comeon-hair-water-repairing-shampoo-400ml-29456,چند وقتی هست که از محصولات کامان استفاده میکنم. این شامپو مناسب موی رنگ شده اش هم فوق العاده خوبه. فاقد سولفاته و باعث تثبیت رنگ موهاتون میشه. ,4,false,2022-11-01T13:46:05.12+00:00,مثبت,0.91,محصول,محصول
شامپو هیرواتر بدون سولفات مناسب موهای چرب 400میل,https://www.khanoumi.com/products/comeon-hair-water-deep-clean-shampoo-400ml-29457,بعد از کلی تحقیق تهیه کردم  و راضی ام .,0,true,2026-04-14T23:09:12.5473299+03:30,مثبت,0.79,سایر,سایر
شامپو هیرواتر بدون سولفات مناسب موهای چرب 400میل,https://www.khanoumi.com/products/comeon-hair-water-deep-clean-shampoo-400ml-29457,عالیه,0,false,2026-03-06T16:48:34.2414232+03:30,مثبت,0.79,سایر,سایر
شامپو هیرواتر بدون سولفات مناسب موهای چرب 400میل,https://www.khanoumi.com/products/comeon-hair-water-deep-clean-shampoo-400ml-29457,"فوق العادس ب موها حجم میده  و بوی خوبی داره 
ممنون از خانومی",0,true,2025-11-28T17:00:13.3964824+03:30,مثبت,0.79,محصول,محصول
شامپو هیرواتر بدون سولفات مناسب موهای چرب 400میل,https://www.khanoumi.com/products/comeon-hair-water-deep-clean-shampoo-400ml-29457,علاوه بر پاکسازی قوی که داره اصلا مورو خشک و وز نمیکنه.حجم و غلظت موادش هم عالیه من معمولا پنج ماهه تمومش میکنم با اینکه یکروز درمیون ازش استفاده میکنم.عالیه,0,true,2025-09-26T11:02:43.5912605+03:30,مثبت,0.95,محصول | اصل بودن کالا,محصول
شامپو هیرواتر بدون سولفات مناسب موهای چرب 400میل,https://www.khanoumi.com/products/comeon-hair-water-deep-clean-shampoo-400ml-29457,من موهای خیلی چربی دارم به طوری که یک روز بعد از حمام کاملا چرب هستش، از شامپو های مختلفی هم استفاده کردم مثل مای و داو ولی هر دو باعث خشکی بیش از اندازه موهام شد، ولی شامپو کامان خیلی بهتره، مثل نرم کننده موهارو نرم میکنه و تا 2 روز بعد حمام موهام تمیز و خوشبو میمونه.,0,true,2025-01-21T15:00:52.8514362+00:00,خنثی,0.35,محصول,محصول
شامپو هیرواتر بدون سولفات مناسب موهای چرب 400میل,https://www.khanoumi.com/products/comeon-hair-water-deep-clean-shampoo-400ml-29457,من خیلی از ماسک های مختلف برای موهام استفاده میکنم. یکی از دغدغه هایی که با شامپوهای دیگه داشتم این بود که نمیتونست خیلی خوب اون ماسک ها رو بشوره. ولی پاک کنندگی این شامپو واقعا خوبه و خیلی خوب آلودگی و کثیفی رو میشوره و میبره.,0,false,2023-12-11T10:50:02+00:00,مثبت,0.95,محصول,محصول
شامپو هیرواتر بدون سولفات مناسب موهای چرب 400میل,https://www.khanoumi.com/products/comeon-hair-water-deep-clean-shampoo-400ml-29457,من این شامپو رو همراه با دو فاز همین برند استفاده میکنم. یه موی نرم و بدون وز و درخشان بهم میده در انتها که حالش کاملا خوبه. همه فکر میکنن کار خاصی کردم ولی من فقط از محصولات درست استفاده کردم,0,false,2023-12-11T10:49:41+00:00,ترکیبی,0.79,محصول,محصول
شامپو هیرواتر بدون سولفات مناسب موهای چرب 400میل,https://www.khanoumi.com/products/comeon-hair-water-deep-clean-shampoo-400ml-29457,موی چرب به خاطره چربی نیاز به تمیزکنندگی قوی داره. منتها بدی شوینده های موی چرب اینه که اکثرا انقدر تمیز میکنن که رطوبت ها و مواد معدنی خوب مو رو هم میبرن. ولی این شامپو به خاطره ترکیبات خاصی که داره، مو رو تغذیه هم میکنه,0,false,2023-11-29T11:26:01+00:00,ترکیبی,0.71,محصول,محصول
شامپو هیرواتر بدون سولفات مناسب موهای چرب 400میل,https://www.khanoumi.com/products/comeon-hair-water-deep-clean-shampoo-400ml-29457,مثل اکثر محصولات کامان عالیه. حجم 400 میل رو توی کمتر شامپویی میتونین پیدا کنین. برای من که قبلی یک سال موند. الان اومدم یکی دیگه بخرم,0,false,2023-11-27T15:38:20+00:00,مثبت,0.79,محصول,محصول
شامپو هیرواتر بدون سولفات مناسب موهای چرب 400میل,https://www.khanoumi.com/products/comeon-hair-water-deep-clean-shampoo-400ml-29457,اگه موهاتون چربه حتما امتحانش کنین پشیمون نمیشید. خیلی بعد حموم حس خوبی داره. تازه مثل خیلی از شامپوهای موی چرب الکی رطوبت مو رو نمیگیره که موها وز بشن.,0,false,2023-11-27T11:37:46+00:00,مثبت,0.79,محصول,محصول
شامپو هیرواتر بدون سولفات مناسب موهای چرب 400میل,https://www.khanoumi.com/products/comeon-hair-water-deep-clean-shampoo-400ml-29457,اگه موهای چربی دارید میتونید امتحانش کنید,0,false,2022-12-19T08:58:53+00:00,خنثی,0.35,محصول,محصول
شامپو هیرواتر بدون سولفات مناسب موهای چرب 400میل,https://www.khanoumi.com/products/comeon-hair-water-deep-clean-shampoo-400ml-29457,اصلا اثرى روى موهاى من نداشت وچربى روكم نميكنه بوى خوبى هم نداره,12,false,2021-06-03T18:01:51+00:00,خنثی,0.35,محصول | اصل بودن کالا,محصول
شامپو مدل Hair Water مناسب مو کراتینه شده حجم 400میلی لیتر,https://www.khanoumi.com/products/comeon-hair-water-keratin-shampoo-400ml-29458,"سلام لطفا دوستان صادقانه نظر بدن بتونیم با کمک نظرات انتخاب بهتری داشته باشیم 
من موهام کراتین بود و شامپو قبلیم با اینکه فری سولفات بود به موها نمیساخت و موهامو به شدت خشک کرده بود در حدی که با فشار دست خرد میشد با استفاده یه بار از این شامپو  تقریبا 70 درصد خشکی موهام از بین رفت واقعا مثل معجزه بود برام",0,false,2026-05-18T05:26:59.4646618+03:30,منفی,0.67,محصول,محصول
شامپو مدل Hair Water مناسب مو کراتینه شده حجم 400میلی لیتر,https://www.khanoumi.com/products/comeon-hair-water-keratin-shampoo-400ml-29458,شامپو خوبیه بوش محشره,0,true,2026-04-14T15:17:46.1471291+03:30,مثبت,0.67,محصول,محصول
شامپو مدل Hair Water مناسب مو کراتینه شده حجم 400میلی لیتر,https://www.khanoumi.com/products/comeon-hair-water-keratin-shampoo-400ml-29458,برای موهای من اصلا خوب نبود,0,true,2026-04-03T14:14:18.931884+03:30,خنثی,0.4,محصول | اصل بودن کالا,محصول
شامپو مدل Hair Water مناسب مو کراتینه شده حجم 400میلی لیتر,https://www.khanoumi.com/products/comeon-hair-water-keratin-shampoo-400ml-29458,من چندین بار خریدم و راضی هستم.,0,true,2025-09-14T16:53:57.6269346+03:30,مثبت,0.67,سایر,سایر
شامپو مدل Hair Water مناسب مو کراتینه شده حجم 400میلی لیتر,https://www.khanoumi.com/products/comeon-hair-water-keratin-shampoo-400ml-29458,راضی بودم,0,false,2025-03-25T16:06:54.8787222+00:00,مثبت,0.67,محصول,محصول
شامپو مدل Hair Water مناسب مو کراتینه شده حجم 400میلی لیتر,https://www.khanoumi.com/products/comeon-hair-water-keratin-shampoo-400ml-29458,"من بخاطر رنگ موهام واقعا خشک بود
تنها شامپویی که حتی اگه ماسک مو و محصولات بعد از حمام استفاده نکنم ،بازم‌ موهام رو نرم میکنه",0,false,2025-02-05T07:03:48.2080353+00:00,خنثی,0.35,محصول,محصول
شامپو مدل Hair Water مناسب مو کراتینه شده حجم 400میلی لیتر,https://www.khanoumi.com/products/comeon-hair-water-keratin-shampoo-400ml-29458,این محصول واقعا عالی و رضایت بخش هستش و برای موهای کراتین شده هم توصیه میشه,0,true,2025-01-04T19:23:03.673956+00:00,مثبت,0.79,محصول,محصول
شامپو مدل Hair Water مناسب مو کراتینه شده حجم 400میلی لیتر,https://www.khanoumi.com/products/comeon-hair-water-keratin-shampoo-400ml-29458,عالی بود,0,true,2024-06-14T19:59:48+00:00,مثبت,0.79,محصول,محصول
شامپو مدل Hair Water مناسب مو کراتینه شده حجم 400میلی لیتر,https://www.khanoumi.com/products/comeon-hair-water-keratin-shampoo-400ml-29458,این محصول رو یک خانوم دکتر بهم معرفی کرد که بعد از اینکه موهام رو رنگ کرده بودم استفاده کنم. واقعا دستش دردنکنه خیلی محصول خوبیه و موهام خیلی نرم میشه,0,false,2023-12-11T10:59:12+00:00,مثبت,0.67,محصول,محصول
شامپو مدل Hair Water مناسب مو کراتینه شده حجم 400میلی لیتر,https://www.khanoumi.com/products/comeon-hair-water-keratin-shampoo-400ml-29458,این شامپو رو با اسپری دو فاز همین برند استفاده کنین تا یه موی ابریشمی تجربه کنین. من که خیلی راضی بودم,0,false,2023-11-29T11:35:27+00:00,مثبت,0.67,محصول,محصول
شامپو مدل Hair Water مناسب مو کراتینه شده حجم 400میلی لیتر,https://www.khanoumi.com/products/comeon-hair-water-keratin-shampoo-400ml-29458,من با شوینده های معمولی موهایم خشک میشد. ولی با این شامپو موهام نه تنها خشک نمیشه بلکه نرم میشه,0,false,2023-11-27T15:41:41+00:00,خنثی,0.35,محصول,محصول
شامپو مدل Hair Water مناسب مو کراتینه شده حجم 400میلی لیتر,https://www.khanoumi.com/products/comeon-hair-water-keratin-shampoo-400ml-29458,بعد از کراتیک کردم موهام باید از یک شامپوی فاقد سولفا ت استفاده میکردم که این محصول بهم معرفی شد. الان یک ماهه دارم ازش استفاده میکنم و ازش راضیم,0,false,2023-11-27T11:45:26+00:00,مثبت,0.79,محصول,محصول
شامپو مدل Hair Water مناسب مو کراتینه شده حجم 400میلی لیتر,https://www.khanoumi.com/products/comeon-hair-water-keratin-shampoo-400ml-29458,یکی از مشکلات اصلی که شامپوها دارن، مواد شیمیایی و سولفات است که باعث آسیب رسانی شدید به مو می‌شه. مخصوصا اگر مو کراتین، دکلره یا رنگ شده باشه. بنابراین اولین و بهترین راهکاری که می تونیم انجام بدیم، استفاده از شامپوهای فاقد سولفاته. معمولا شامپوهای فاقد سولفات به نسبت بقیه شامپو گرون تر هستن و حجم کمی هم دارن. اما شامپوهای فاقد سولفات کامان، بر خلاف بقیه محصولات مشابه در بازار علاوه بر حجم، قیمت مناسبی دارن و قابل استفاده برای هر نوع مویی هم هستن. اگر موهای آسیب دیده؛ حساس و کراتین شده دارید، استفاده از این شامپوها گزینه مناسبی برای شما می‌تونه باشه.,23,false,2022-01-16T10:28:23+00:00,ترکیبی,0.79,محصول | اصل بودن کالا | قیمت,محصول
شامپو ضد ریزش مدل Hair Water بدون سولفات حجم 400 میلی لیتر,https://www.khanoumi.com/products/comeon-hair-water-fall-stop-shampoo-400ml-29459,"درود و وقت بخیر.من راضیم هم از لحاظ کف کردن هم ریزش مو ندارم با زدنش.
بوی ملایمی داره و کمی مو رو نرم میکنه",0,true,2026-07-23T12:17:50.2915225+03:30,مثبت,0.79,محصول,محصول
شامپو ضد ریزش مدل Hair Water بدون سولفات حجم 400 میلی لیتر,https://www.khanoumi.com/products/comeon-hair-water-fall-stop-shampoo-400ml-29459,چون فری سولفاته چربی سرو از بین نمیبره و خیلی تمیز نمیکنه ولی خب موهارو نرم میکنه,0,true,2026-05-25T21:05:20.307278+03:30,خنثی,0.35,محصول,محصول
شامپو ضد ریزش مدل Hair Water بدون سولفات حجم 400 میلی لیتر,https://www.khanoumi.com/products/comeon-hair-water-fall-stop-shampoo-400ml-29459,نرم کنندگی بالایی داره باعث میشه مو راحت شونه بشه ریزش موم رو هم بنظر کم کرده ولی زود به زود موهام چرب میشه هی باید برم حموم . برای موی چرب مناسب نیست,0,true,2026-04-13T17:13:00.4412233+03:30,خنثی,0.35,محصول,محصول
شامپو ضد ریزش مدل Hair Water بدون سولفات حجم 400 میلی لیتر,https://www.khanoumi.com/products/comeon-hair-water-fall-stop-shampoo-400ml-29459,با زدن این شامپو خارش مداوم سر دارم و موهام شوره دار شده . بوی چندان جالبی هم نداره و با وجود مقادیر بالای استفاده همچنان احساس تمیزی کف سر ندارم,0,true,2025-11-06T12:37:00.7997064+03:30,خنثی,0.35,محصول,محصول
شامپو ضد ریزش مدل Hair Water بدون سولفات حجم 400 میلی لیتر,https://www.khanoumi.com/products/comeon-hair-water-fall-stop-shampoo-400ml-29459,به موهای من که معمولیه میسازه و ملایمه,0,true,2025-10-17T19:52:02.5890322+03:30,خنثی,0.35,محصول,محصول
شامپو ضد ریزش مدل Hair Water بدون سولفات حجم 400 میلی لیتر,https://www.khanoumi.com/products/comeon-hair-water-fall-stop-shampoo-400ml-29459,قبلا یک بار با تخفیف از خانمی خریدم خیلی خوب بود راضی بودم .,0,true,2025-10-15T23:10:09.8919211+03:30,مثبت,0.79,محصول | قیمت,محصول
شامپو ضد ریزش مدل Hair Water بدون سولفات حجم 400 میلی لیتر,https://www.khanoumi.com/products/comeon-hair-water-fall-stop-shampoo-400ml-29459,چرا اینقدر گرون کردید,0,true,2025-08-11T18:23:29.0530728+00:00,خنثی,0.35,قیمت,قیمت
شامپو ضد ریزش مدل Hair Water بدون سولفات حجم 400 میلی لیتر,https://www.khanoumi.com/products/comeon-hair-water-fall-stop-shampoo-400ml-29459,نرم کنندگی عالی داره ، اما اگه موهای خیلی حساسی دارین پیشنهاد نمیکنم اما شامپو خوبیه,0,true,2024-12-13T12:10:22.1704242+00:00,مثبت,0.67,محصول,محصول
شامپو ضد ریزش مدل Hair Water بدون سولفات حجم 400 میلی لیتر,https://www.khanoumi.com/products/comeon-hair-water-fall-stop-shampoo-400ml-29459,گزینه خوبیه ,0,true,2024-05-23T00:11:14+00:00,مثبت,0.67,سایر,سایر
شامپو ضد ریزش مدل Hair Water بدون سولفات حجم 400 میلی لیتر,https://www.khanoumi.com/products/comeon-hair-water-fall-stop-shampoo-400ml-29459,شامپوی خوبیه من برای بار دومه سفارش میخوام بدم موهام کراتینه هستش یک روز در میان نیاز به شست و شو داره ... این شامپو بوی خوبی هم داره که تا یک روز کاملا حسش می کنید در کل راضی بودم قیمت و حجم خوبی هم داره به نسبت لافارر,0,true,2024-04-11T03:33:37+00:00,مثبت,0.91,محصول | قیمت,محصول
شامپو ضد ریزش مدل Hair Water بدون سولفات حجم 400 میلی لیتر,https://www.khanoumi.com/products/comeon-hair-water-fall-stop-shampoo-400ml-29459,به شدت ریزش مو گرفتم و موهام وز شد.من دوستش نداشتم.,0,false,2024-03-29T13:23:44+00:00,خنثی,0.35,محصول,محصول
شامپو ضد ریزش مدل Hair Water بدون سولفات حجم 400 میلی لیتر,https://www.khanoumi.com/products/comeon-hair-water-fall-stop-shampoo-400ml-29459,عااالی هست مخصوصا برای موهای دکلره شده .. اصلا مو رو وز و خشک نمیکنه ,0,false,2024-02-26T22:39:04+00:00,مثبت,0.67,محصول | اصل بودن کالا,محصول
شامپو ضد ریزش مدل Hair Water بدون سولفات حجم 400 میلی لیتر,https://www.khanoumi.com/products/comeon-hair-water-fall-stop-shampoo-400ml-29459,این شامپو رو خیلی اتفاقی اولین بار خریدم و باید بگم معتادش شدم. عاشق بوشم. خیلی کیفیتش خوبه و شامپو روی مو نمیمونه و خیلی موها رو هم نرم میکنه و شامپوی خوبیه.,0,false,2024-01-19T23:05:51+00:00,مثبت,0.91,محصول,محصول
شامپو ضد ریزش مدل Hair Water بدون سولفات حجم 400 میلی لیتر,https://www.khanoumi.com/products/comeon-hair-water-fall-stop-shampoo-400ml-29459,این محصول رو یه سالی میشه مدام دارم استفاده میکنم. واقعا شامپو خوبیه و برعکس باقی شوینده های بدون سولفات خیلی خوب موها رو تمیز میکنه. موها رو هم خشک و وز نمیکنه,0,false,2024-01-19T23:05:30+00:00,مثبت,0.79,محصول,محصول
شامپو ضد ریزش مدل Hair Water بدون سولفات حجم 400 میلی لیتر,https://www.khanoumi.com/products/comeon-hair-water-fall-stop-shampoo-400ml-29459,"برای موهای کراتین شده من خیلی خوبه. موهام رو خشک نکرده و اصلا اصلا باعث وز شدنش نشده. با این قیمت دیگه هیچ جا شامپو بدون سولفات پیدا نمیکنین

",0,false,2024-01-18T17:32:34+00:00,مثبت,0.95,محصول | اصل بودن کالا | قیمت,محصول
شامپو ضد ریزش مدل Hair Water بدون سولفات حجم 400 میلی لیتر,https://www.khanoumi.com/products/comeon-hair-water-fall-stop-shampoo-400ml-29459,"من همیشه فکر میکردم شامپوهایی که سوفات ندارن نمیتونن خوب کثیفی رو پاک کنند و چربی رو روی مو نگه میدارن. تا اینکه یکی از دوست های دکترم این شامپو رو بهم معریف کرد. این شامپو نظرم رو عوض کرد. هم خوب تمیز میکنه هم موها رو وز نمیکنه و سولفات هم نداره

",0,false,2024-01-18T14:41:16+00:00,خنثی,0.35,محصول,محصول
شامپو ضد ریزش مدل Hair Water بدون سولفات حجم 400 میلی لیتر,https://www.khanoumi.com/products/comeon-hair-water-fall-stop-shampoo-400ml-29459,این شامپو رو چند ماهی میشه من و خواهرم داریم استفاده میکنم. خیلی موها بعد از استفاده ازش نرم میشه. بعدش که نرم کننده میزنی هم که خییل خوب میشه. ,0,false,2024-01-18T12:55:06+00:00,مثبت,0.67,محصول,محصول
شامپو ضد ریزش مدل Hair Water بدون سولفات حجم 400 میلی لیتر,https://www.khanoumi.com/products/comeon-hair-water-fall-stop-shampoo-400ml-29459,من موهام رو رنگ کردم و ارایشگرم این شامپو رو بهم معرفی کرد. واقعا قیمتش خیلی خوبه و خوبیش اینه هر زمان هم که تموم شه خیلی راحت میتونم بخرمش چون خیلی در دسترسه. الان سه ماهه دارم ازش استفاده میکنم و اصلا رنگ موهام رو تغییر نداره و تمیزکنندگیش هم خیلی خوبه,0,false,2024-01-18T10:56:53+00:00,مثبت,0.95,محصول | اصل بودن کالا | قیمت,محصول
شامپو ضد ریزش مدل Hair Water بدون سولفات حجم 400 میلی لیتر,https://www.khanoumi.com/products/comeon-hair-water-fall-stop-shampoo-400ml-29459,من این شامپو رو از داروخانه و به تعریف آشنایان گرفتم ولی به موهای من نساخت,1,false,2023-01-26T10:38:45+00:00,خنثی,0.35,محصول,محصول
شامپو ضد ریزش مدل Hair Water بدون سولفات حجم 400 میلی لیتر,https://www.khanoumi.com/products/comeon-hair-water-fall-stop-shampoo-400ml-29459,شامپو هیرواتر کامان یک محصول بسیار باکیفیته که مهم ترین ویژگی اون، فاقد سولفات بودنشه. ویتامین‌های بکار برده شده در این محصول مانع از ایجاد ریزش مو میشه و باعث پرپشت شدن مو میشه. با استفاده مداوم از این شامپو متوجه کاهش چربی و شوره سر می‌شید. اگر به دنبال یک شامپو باکیفیت و فاقد سولفات با حجم و قیمت مناسب هستید، این شامپو بهترین گزینه برای استفاده روزانه شما خواهد بود.,3,false,2022-04-03T15:47:54+00:00,مثبت,0.67,محصول | قیمت,محصول
شامپو ضد ریزش مدل Hair Water بدون سولفات حجم 400 میلی لیتر,https://www.khanoumi.com/products/comeon-hair-water-fall-stop-shampoo-400ml-29459,خیلی عالیه من 6 ماهه بر اثر کرونا ریزش مو شدید گرفتم که با هیچ چی درمان نشد با استفاده ازین شامپو طی یه هفته ریزش مو من 50 درصد کم شد واقعا خوشحالم فقط برای کسانی که مو چرب دارن  باید روزانه استفاده بشه چون مورو زود چرب میکنه ,5,true,2022-01-19T01:17:38+00:00,مثبت,0.79,محصول,محصول
شامپو ضد ریزش مدل Hair Water بدون سولفات حجم 400 میلی لیتر,https://www.khanoumi.com/products/comeon-hair-water-fall-stop-shampoo-400ml-29459,عالیه عالییییی,7,true,2021-06-14T16:13:54+00:00,مثبت,0.91,سایر,سایر
شامپو ضد ریزش مدل Hair Water بدون سولفات حجم 400 میلی لیتر,https://www.khanoumi.com/products/comeon-hair-water-fall-stop-shampoo-400ml-29459,واقعا ریزشمو تو یه هفته کم کرد عاشقش شدم,7,true,2021-06-14T16:13:11+00:00,خنثی,0.35,محصول,محصول
شامپو مدل Hair Water فاقد سولفات حجم 400میلی لیتر,https://www.khanoumi.com/products/comeon-hair-water-5in1-shampoo-400ml-29460,یه مدت خیلی طولانی من فقط از این شامپو استفاده می‌کردم و با اینکه همیشه با باد گرم سشوار موهام رو خشک میکردم و یا حتی بعضی موقع با حرارت مستقیم براشینگ میکردم باز هم نرمی و لطافت مو رو حفظ میکرد، نه موخوره میزد موهام و نه حتی با دلیل فری سولفات بودنش پوست سرم چرب میشد در هر صورت ازش راضی بودم و ارزش مصرف بلندمدت رو داره,0,false,2026-03-04T20:57:14.0287253+03:30,مثبت,0.67,محصول,محصول
شامپو مدل Hair Water فاقد سولفات حجم 400میلی لیتر,https://www.khanoumi.com/products/comeon-hair-water-5in1-shampoo-400ml-29460,واقعا شامپو بدی هست اصلا پیشنهاد نمیکنم,0,true,2025-12-22T11:37:25.8623112+03:30,منفی,0.67,محصول | اصل بودن کالا,اصل بودن کالا
شامپو مدل Hair Water فاقد سولفات حجم 400میلی لیتر,https://www.khanoumi.com/products/comeon-hair-water-5in1-shampoo-400ml-29460,"متاسفانه بسیار شامپو مزخرفی هست 
هیچ کدام از ویژگی‌های شامپو اثر نداشت 
به هیچ طیف مویی پیشنهاد نمیکنم",0,true,2025-11-16T22:29:37.6684879+03:30,منفی,0.79,محصول,محصول
شامپو مدل Hair Water فاقد سولفات حجم 400میلی لیتر,https://www.khanoumi.com/products/comeon-hair-water-5in1-shampoo-400ml-29460,این محصول رو دوستم بهم معرفی کرد. واقعا شامپو مغذی برازننده اشه. حال موهام بعد از استفاده از این شامپو رو دوست دارم. شما هم امتحان کنین,0,false,2023-12-13T10:54:17+00:00,خنثی,0.35,محصول,محصول
شامپو مدل Hair Water فاقد سولفات حجم 400میلی لیتر,https://www.khanoumi.com/products/comeon-hair-water-5in1-shampoo-400ml-29460,خیلی شونیده سبکی هست. ابکشیشم ساده است و مثل خیلی از شوینده ها نمیخواد نیم ساعت بشوری تا بره. از اون ور خیلی خوب کثیفی و چربی رو از روی مو میبره.,0,false,2023-12-11T11:12:31+00:00,مثبت,0.79,محصول,محصول
شامپو مدل Hair Water فاقد سولفات حجم 400میلی لیتر,https://www.khanoumi.com/products/comeon-hair-water-5in1-shampoo-400ml-29460,من پایین موهام همیشه مو خوره میزد. اخرین باری که رفتم پایین موهام رو بزنم، ارایشگر این شامپو رو بهم معرفی کرد و باید بگم با این قیمت و کیفیت هیچ جا پیدا نمیکنین. حتما امتحانش کنین,0,false,2023-11-29T11:47:50+00:00,خنثی,0.35,محصول | قیمت,محصول
شامپو مدل Hair Water فاقد سولفات حجم 400میلی لیتر,https://www.khanoumi.com/products/comeon-hair-water-5in1-shampoo-400ml-29460,موهای من خیلی وز بود و خیلی بی جون بود. این ماسک رو دکترم بهم معرفی کرد. باید بگم بعد حموم انگار رفتم موهام رو ویتامینه کردم. خیلی درخشان  میشن. برای اینکه موهای سالمی داشته باشین حتما به شامپوتون دقت کنین,0,false,2023-11-27T11:21:12+00:00,خنثی,0.35,محصول,محصول
ماسک و نرم کننده موی هیرواتر کراتینه 400میل,https://www.khanoumi.com/products/comeon-hair-water-keratin-mask-conditioner-400ml-29461,درود وقت بخیر.از لحاظ رایحه ملایم وخوب.نرم کنندگی معمولی,0,true,2026-07-23T12:14:06.3874151+03:30,مثبت,0.67,محصول,محصول
ماسک و نرم کننده موی هیرواتر کراتینه 400میل,https://www.khanoumi.com/products/comeon-hair-water-keratin-mask-conditioner-400ml-29461,مناسب چه نوع موهاییه؟,0,false,2026-05-12T21:09:55.5057045+03:30,خنثی,0.35,محصول,محصول
ماسک و نرم کننده موی هیرواتر کراتینه 400میل,https://www.khanoumi.com/products/comeon-hair-water-keratin-mask-conditioner-400ml-29461,مناسب چه نوع موهاییه؟,0,false,2026-05-12T21:08:30.2380976+03:30,خنثی,0.35,محصول,محصول
ماسک و نرم کننده موی هیرواتر کراتینه 400میل,https://www.khanoumi.com/products/comeon-hair-water-keratin-mask-conditioner-400ml-29461,من موهام لخته اما چون دکلره داره باید برای بهتر شونه شدن مو حتما از ماسک مو استفاده کنم با توجه به نظرات بقیه خریدم ولی هیچ تاثیری ندیدم و اصلا موی منو نرم نمیکنه فقط بوی خوبی داره همین,0,true,2026-04-25T15:00:47.4203876+03:30,مثبت,0.79,محصول | اصل بودن کالا,محصول
ماسک و نرم کننده موی هیرواتر کراتینه 400میل,https://www.khanoumi.com/products/comeon-hair-water-keratin-mask-conditioner-400ml-29461,بوی فوق العاده خوبی داره که موندگار هم هست .,0,true,2026-04-08T00:35:15.0013519+03:30,مثبت,0.79,محصول,محصول
ماسک و نرم کننده موی هیرواتر کراتینه 400میل,https://www.khanoumi.com/products/comeon-hair-water-keratin-mask-conditioner-400ml-29461,برای مادرم خریدم اولین بار که استفاده کرد خیلی موهاش نرم شد بوی خیلی خوبی هم داره طوری که از کنار کسی رد می‌شید بوی موهاتونو به راحتی حس می‌کنن. و خب بله در جواب نظرات قبلی اگر توضیحات رو بخونید نوشته برای موهای رنگ شده و آسیب دیده مناسبه و بخاطر کراتین داخل ماسک مو موهارو نرم و صاف می‌کنه. بنظرم نسبت به ماسک موی بنفش فولیکا و ماسک موی کاسه‌ای فولیکا مخصوص موهای بلوند  بهتره. حجم و کاراییش هم نسبت به قیمتش خوبه.,0,false,2026-04-02T22:13:55.3438412+03:30,مثبت,0.95,محصول | قیمت,محصول
ماسک و نرم کننده موی هیرواتر کراتینه 400میل,https://www.khanoumi.com/products/comeon-hair-water-keratin-mask-conditioner-400ml-29461,من موهامو هایلایت کردم وقتی این ماسک رو میزنم خیلی موهام نرم میشه و خیلی راحت شانه میشه و نیاز نیست مقدار زیادی ب موها بزنی چون قدرت نرم کنندگی خوب و سریعی داره.من خوشم ازش اومد و بازم میخرم,0,true,2026-03-31T11:05:13.3736883+03:30,مثبت,0.67,محصول,محصول
ماسک و نرم کننده موی هیرواتر کراتینه 400میل,https://www.khanoumi.com/products/comeon-hair-water-keratin-mask-conditioner-400ml-29461,براس موهای کراتین و پروتئین شده خوبه ایا؟,0,false,2026-03-12T12:11:29.2124145+03:30,مثبت,0.79,محصول,محصول
ماسک و نرم کننده موی هیرواتر کراتینه 400میل,https://www.khanoumi.com/products/comeon-hair-water-keratin-mask-conditioner-400ml-29461,تازه به دستم رسیده،هنوز استفاده نکردم ولی بوی بسیار خوبی داره،امیدوارم که خوب باشه,0,true,2026-03-11T22:46:01.170338+03:30,مثبت,0.79,محصول | تحویل و ارسال,محصول
ماسک و نرم کننده موی هیرواتر کراتینه 400میل,https://www.khanoumi.com/products/comeon-hair-water-keratin-mask-conditioner-400ml-29461,خدایی نسبت به قیمتش خیلی خیلی خوبه,0,true,2026-03-09T21:12:41.7760581+03:30,مثبت,0.91,قیمت,قیمت
ماسک و نرم کننده موی هیرواتر کراتینه 400میل,https://www.khanoumi.com/products/comeon-hair-water-keratin-mask-conditioner-400ml-29461,بد نبود,0,true,2026-03-06T00:04:09.8726133+03:30,مثبت,0.67,محصول,محصول
ماسک و نرم کننده موی هیرواتر کراتینه 400میل,https://www.khanoumi.com/products/comeon-hair-water-keratin-mask-conditioner-400ml-29461,اصلا لخت نمیکنه معمولیه,0,true,2026-02-23T19:24:43.1863651+03:30,منفی,0.67,محصول | اصل بودن کالا,اصل بودن کالا
ماسک و نرم کننده موی هیرواتر کراتینه 400میل,https://www.khanoumi.com/products/comeon-hair-water-keratin-mask-conditioner-400ml-29461,خیلی ماسک خوبی بود اما مقدارش کمه زود تموم میشه,0,true,2026-02-20T22:52:01.8996685+03:30,مثبت,0.67,محصول,محصول
ماسک و نرم کننده موی هیرواتر کراتینه 400میل,https://www.khanoumi.com/products/comeon-hair-water-keratin-mask-conditioner-400ml-29461,من این ماسکو استفاده میکنم عالیه و خیلی راضیم,0,true,2026-02-08T13:51:21.0108417+03:30,مثبت,0.95,سایر,سایر
ماسک و نرم کننده موی هیرواتر کراتینه 400میل,https://www.khanoumi.com/products/comeon-hair-water-keratin-mask-conditioner-400ml-29461,روز اولی که میزنی اینقدر موهارو نرم میکنه که باورت نمیشه ولی بعد از دو هفته استفاده انگار هیچی نزدی و مو خشکه خشک میشه,0,true,2026-01-19T11:13:24.9315862+03:30,خنثی,0.35,محصول,محصول
ماسک و نرم کننده موی هیرواتر کراتینه 400میل,https://www.khanoumi.com/products/comeon-hair-water-keratin-mask-conditioner-400ml-29461,همیشه تو سبد خریدم هست و گره موهارو عالی باز می‌کنه,0,true,2025-11-28T11:53:44.7895982+03:30,ترکیبی,0.66,محصول,محصول
ماسک و نرم کننده موی هیرواتر کراتینه 400میل,https://www.khanoumi.com/products/comeon-hair-water-keratin-mask-conditioner-400ml-29461,لطفا موجود کنید با تخفیف بالای 50 درصد فوق العادست,0,false,2025-07-21T08:43:22.5179341+00:00,خنثی,0.35,محصول | قیمت,محصول
ماسک و نرم کننده موی هیرواتر کراتینه 400میل,https://www.khanoumi.com/products/comeon-hair-water-keratin-mask-conditioner-400ml-29461,برای موهای کراتین شده مناسبه؟,0,false,2025-04-17T06:04:36.2599778+00:00,خنثی,0.35,محصول,محصول
ماسک و نرم کننده موی هیرواتر کراتینه 400میل,https://www.khanoumi.com/products/comeon-hair-water-keratin-mask-conditioner-400ml-29461,نیاز به آبکشی داره؟,0,false,2025-04-17T06:02:27.2880848+00:00,خنثی,0.35,سایر,سایر
ماسک و نرم کننده موی هیرواتر کراتینه 400میل,https://www.khanoumi.com/products/comeon-hair-water-keratin-mask-conditioner-400ml-29461,عالی ترین ماسک مویی میشه که تا حالا داشتید به حدی موها رو لخت و صاف میکنه انگار واقعا کراتین کردین عالیه عالی,0,true,2025-03-28T07:39:36.6466696+00:00,مثبت,0.95,محصول,محصول
ماسک و نرم کننده موی هیرواتر کراتینه 400میل,https://www.khanoumi.com/products/comeon-hair-water-keratin-mask-conditioner-400ml-29461,پیشنهاد میکنم خیلی خوبه,0,true,2025-01-23T15:52:01.3901725+00:00,مثبت,0.95,سایر,سایر
ماسک و نرم کننده موی هیرواتر کراتینه 400میل,https://www.khanoumi.com/products/comeon-hair-water-keratin-mask-conditioner-400ml-29461,خیلی عالیه هم ماسکه هم نرم کننده,0,true,2024-12-05T18:58:22.2841854+00:00,مثبت,0.79,سایر,سایر
ماسک و نرم کننده موی هیرواتر کراتینه 400میل,https://www.khanoumi.com/products/comeon-hair-water-keratin-mask-conditioner-400ml-29461,واقعا تاثیر گذاره موها و نرم و ابریشمی میکنه عالی بود,0,true,2024-12-05T07:26:34.11473+00:00,مثبت,0.79,محصول,محصول
ماسک و نرم کننده موی هیرواتر کراتینه 400میل,https://www.khanoumi.com/products/comeon-hair-water-keratin-mask-conditioner-400ml-29461,خیلی خوبه هم ماسکه هم نرم کننده .لطفا تو تخفیفاتون محصولات کامان و بخصوص این رو قراربدید,0,true,2024-12-01T06:24:42.5939215+00:00,ترکیبی,0.87,محصول | قیمت,محصول
ماسک و نرم کننده موی هیرواتر کراتینه 400میل,https://www.khanoumi.com/products/comeon-hair-water-keratin-mask-conditioner-400ml-29461,عالی,0,true,2024-11-06T09:01:37.3092412+00:00,مثبت,0.67,سایر,سایر
ماسک و نرم کننده موی هیرواتر کراتینه 400میل,https://www.khanoumi.com/products/comeon-hair-water-keratin-mask-conditioner-400ml-29461,عالیییییی به معنای واقعی موها رو ابریشمی و لخت میکنه,0,false,2024-10-29T10:57:57.9521288+00:00,مثبت,0.67,محصول,محصول
ماسک و نرم کننده موی هیرواتر کراتینه 400میل,https://www.khanoumi.com/products/comeon-hair-water-keratin-mask-conditioner-400ml-29461," بار اوله که خریدم و قطعا تمدیدش میکنم موهای زبر و وزی دارم و توی دوبار استفاده تاثیرشو دیدم عالیه
منی که همه ماسک موهارو امتحان کرده بودم واقعا خوشم اومده ازش ماسک موی قبلیم دوبرابر این قیمت داشت ولی کارایی اینو نداشت
پشیمون نمیشید از خریدش",0,true,2024-08-03T17:09:49+00:00,مثبت,0.91,محصول | قیمت,محصول
ماسک و نرم کننده موی هیرواتر کراتینه 400میل,https://www.khanoumi.com/products/comeon-hair-water-keratin-mask-conditioner-400ml-29461,عالی بود ,0,true,2024-06-14T19:59:15+00:00,مثبت,0.79,محصول,محصول
ماسک و نرم کننده موی هیرواتر کراتینه 400میل,https://www.khanoumi.com/products/comeon-hair-water-keratin-mask-conditioner-400ml-29461,بسیار خوب و باعث نرمی مو میشه,0,true,2024-05-23T00:10:46+00:00,مثبت,0.67,محصول,محصول
ماسک و نرم کننده موی هیرواتر کراتینه 400میل,https://www.khanoumi.com/products/comeon-hair-water-keratin-mask-conditioner-400ml-29461,اگه موهاتون صاف باشه با این ماسک مثله کراتین میشه مورو لخت میکنه,0,true,2024-01-28T16:17:46+00:00,خنثی,0.35,محصول,محصول
ماسک و نرم کننده موی هیرواتر کراتینه 400میل,https://www.khanoumi.com/products/comeon-hair-water-keratin-mask-conditioner-400ml-29461,من موهام هم خیلی وز بود هم خیلی پایینش خشک شده بود و حالش بد بود. این نرم کننده رو آرایشگرم بهم معرفی کرد و خدا خیرش بده موهام بعد هربار استفاده ازش نرم و براق میشه.,0,false,2023-12-16T12:31:31+00:00,منفی,0.95,محصول,محصول
ماسک و نرم کننده موی هیرواتر کراتینه 400میل,https://www.khanoumi.com/products/comeon-hair-water-keratin-mask-conditioner-400ml-29461,بوش عالیه. وز زیاد مو رو میگیره. انگار موهات رو کراتین کرده باشی بهت یه موی لخت و براق تحویل میده. عاشق حس بعد از استفاده از این نرم کننده ام,0,false,2023-12-16T12:31:15+00:00,مثبت,0.79,محصول | تحویل و ارسال,محصول
ماسک و نرم کننده موی هیرواتر کراتینه 400میل,https://www.khanoumi.com/products/comeon-hair-water-keratin-mask-conditioner-400ml-29461,من خیلی نرم کننده های داخلی و خارجی متفاوتی رو استفاده کردم. برای حجم موهای من این نرم کننده خیلی خوب بوده و راضیم ازش,0,false,2023-12-13T10:48:18+00:00,مثبت,0.95,محصول,محصول
ماسک و نرم کننده موی هیرواتر کراتینه 400میل,https://www.khanoumi.com/products/comeon-hair-water-keratin-mask-conditioner-400ml-29461,این ماسک مو رو توی حموم باید استفاده کنیم و خیلی بوی خوبی میده. وز موهات رو کامل میگیره ولی موهام رو انقدر چرب نمیکنه که بچسبه به کف سرم و حس کنم موهام چربه. یه حال خوبی به مو میده که دوست دارم,0,false,2023-12-13T10:48:03+00:00,مثبت,0.79,محصول,محصول
ماسک و نرم کننده موی هیرواتر کراتینه 400میل,https://www.khanoumi.com/products/comeon-hair-water-keratin-mask-conditioner-400ml-29461,اگه دنبال یه ماسک موی خوب میگردید که بعد حموم حس کنین موهاتون رو کراتین کردید این ماسک رو امتحان کنید. قشنگ موتون نرم و ابریشمی میشه,0,false,2023-12-11T11:04:32+00:00,مثبت,0.67,محصول,محصول
ماسک و نرم کننده موی هیرواتر کراتینه 400میل,https://www.khanoumi.com/products/comeon-hair-water-keratin-mask-conditioner-400ml-29461,من موهام رو رنگ کردم و خیلی باید در استفاده از شوینده و ماسک مو دقت کنم. هرجا میرفتم بهم محصلات خارجی و گرون رو معرفی میکردن. یکی از دوستام توی سالن آرایشی کار میکنه و این ماسک مو رو بهم معرفی کرد. تا الان دوبار زدم و واقعا راضیم,0,false,2023-11-29T11:42:54+00:00,مثبت,0.95,محصول | قیمت,محصول
ماسک و نرم کننده موی هیرواتر کراتینه 400میل,https://www.khanoumi.com/products/comeon-hair-water-keratin-mask-conditioner-400ml-29461,این بار دومیه که از این ماسک مو دارم میخرم و واقعا کل خانواده ازش راضی بودیم. مو رو نرم میکنه و حجم خوبیم داره و خیلی میمونه,0,false,2023-11-27T11:14:42+00:00,مثبت,0.79,محصول,محصول
ماسک و نرم کننده موی هیرواتر کراتینه 400میل,https://www.khanoumi.com/products/comeon-hair-water-keratin-mask-conditioner-400ml-29461,راستش من همین ماسک مو رو خریدم ولی اصلا راضی نیستم ازش چون نیاز موی منو برطرف نمیکنه ،کف سرم چربه و ساقه موهام معمولی روبه خشکه.,0,true,2022-11-23T00:52:13+00:00,منفی,0.79,محصول | اصل بودن کالا,اصل بودن کالا
ماسک و نرم کننده موی هیرواتر کراتینه 400میل,https://www.khanoumi.com/products/comeon-hair-water-keratin-mask-conditioner-400ml-29461,"از این ماسک مو چند ماهه دارم استفاده میکنم و خیلی عالیه. برای من که موهای رنگ شده دارم خیلی خوبه و اونو کاملا نرم و لطیف میکنه. بعد حمام موهام راحت شونه میشه و اصلا 
گره نمیخوره. بوی خیلی خوبی ام داره و بعد استفاده حس خوبی میده.از کیفیتش راضی هستم و توصیه میکنم امتحانش کنید. ",1,false,2022-02-02T15:40:37+00:00,مثبت,0.95,محصول | اصل بودن کالا,محصول
ماسک و نرم کننده موی هیرواتر کراتینه 400میل,https://www.khanoumi.com/products/comeon-hair-water-keratin-mask-conditioner-400ml-29461,مورو نرم‌ میکنه بوی خوبی هم داره حجمشم مناسبه,1,false,2021-02-07T01:00:24+00:00,مثبت,0.67,محصول,محصول
ماسک و نرم کننده موی هیرواتر کراتینه 400میل,https://www.khanoumi.com/products/comeon-hair-water-keratin-mask-conditioner-400ml-29461,"این بار دومیه که خریدمش
خیبلی مو رو نرم میکنه  اما خیلی زودم تموم میشع🥴
البته به حجم مو بستگی داره  اما من راضیم ازاین مدل من موهام بی رنگ و نسبتا کم آب و خشکه",42,true,2020-10-07T15:45:32+00:00,مثبت,0.79,محصول,محصول
ماسک و نرم کننده مو هیرواتر بیوتین و زینک 400میل,https://www.khanoumi.com/products/comeon-hair-water-biotion-and-zinc-mask-conditioner-400ml-29462,موهارو خیلی نرم و خوش‌حالت میکنه حتما شارژش میکنم.,0,true,2026-07-15T14:37:46.5242986+03:30,خنثی,0.35,محصول,محصول
ماسک و نرم کننده مو هیرواتر بیوتین و زینک 400میل,https://www.khanoumi.com/products/comeon-hair-water-biotion-and-zinc-mask-conditioner-400ml-29462,بوی خوبی داره کیفیتشم خوبه.,0,true,2026-07-11T02:37:13.7546306+03:30,مثبت,0.91,محصول,محصول
ماسک و نرم کننده مو هیرواتر بیوتین و زینک 400میل,https://www.khanoumi.com/products/comeon-hair-water-biotion-and-zinc-mask-conditioner-400ml-29462,بوی خیلی خوبی داره موهارو خیلی نرم میکنه و وز موهارو کم میکنه حس میکنم یکم موهای منو صاف کرد اما ی مقدار موهام ریزش داشت با اینکه این ماسکو به ریشه موهام نزدم,0,true,2026-05-30T23:02:03.7416985+03:30,مثبت,0.79,محصول,محصول
ماسک و نرم کننده مو هیرواتر بیوتین و زینک 400میل,https://www.khanoumi.com/products/comeon-hair-water-biotion-and-zinc-mask-conditioner-400ml-29462,وقتی میزنی به ساقه باعثه ریزش میشه.حتی وقتی به نوک مو هم میزنی همینه.من برای شیو کردن استفادش میکنم.,0,true,2026-01-14T15:39:27.4626433+03:30,خنثی,0.35,محصول,محصول
ماسک و نرم کننده مو هیرواتر بیوتین و زینک 400میل,https://www.khanoumi.com/products/comeon-hair-water-biotion-and-zinc-mask-conditioner-400ml-29462,قبلا کیفیتش خوب بود ولی الان نسبت به قیمتش نه,0,true,2025-12-12T15:44:08.4273915+03:30,مثبت,0.79,محصول | قیمت,محصول
ماسک و نرم کننده مو هیرواتر بیوتین و زینک 400میل,https://www.khanoumi.com/products/comeon-hair-water-biotion-and-zinc-mask-conditioner-400ml-29462,نرم کنندگی داره ولی وز گیر نیس,0,false,2025-10-29T23:14:36.1090206+03:30,خنثی,0.35,سایر,سایر
ماسک و نرم کننده مو هیرواتر بیوتین و زینک 400میل,https://www.khanoumi.com/products/comeon-hair-water-biotion-and-zinc-mask-conditioner-400ml-29462,خیلی عالی نیست ولی نسبت به قیمتش تاثیر خوبی داره و نرم میکنه و موخوره هارو از بین میبره,0,true,2025-09-23T13:25:58.9744336+03:30,مثبت,0.67,محصول | قیمت,محصول
ماسک و نرم کننده مو هیرواتر بیوتین و زینک 400میل,https://www.khanoumi.com/products/comeon-hair-water-biotion-and-zinc-mask-conditioner-400ml-29462,فقط میشه گفت خوشبوعه و هیچ تاثیری نداره کلا این برند محصولات تاثیرگذاری نداره به جز مرطوب کننده دستش,0,true,2025-08-27T10:19:39.9801338+00:00,خنثی,0.35,محصول,محصول
ماسک و نرم کننده مو هیرواتر بیوتین و زینک 400میل,https://www.khanoumi.com/products/comeon-hair-water-biotion-and-zinc-mask-conditioner-400ml-29462,هیچ تاثیری نداشت روی موهام حتی خیلیییی ریزش داشتم با یک بار استفاده فقط,0,false,2025-08-08T18:31:36.6974965+00:00,خنثی,0.35,محصول,محصول
ماسک و نرم کننده مو هیرواتر بیوتین و زینک 400میل,https://www.khanoumi.com/products/comeon-hair-water-biotion-and-zinc-mask-conditioner-400ml-29462,بهترین ماسک مو فوق العاده خوشبوعه و نرم میکنه,0,true,2025-08-03T14:47:44.90036+00:00,مثبت,0.79,محصول,محصول
ماسک و نرم کننده مو هیرواتر بیوتین و زینک 400میل,https://www.khanoumi.com/products/comeon-hair-water-biotion-and-zinc-mask-conditioner-400ml-29462,خوبه چندین ساله که ازش استفاده میکنم,0,true,2025-08-03T08:09:51.1343047+00:00,مثبت,0.79,سایر,سایر
ماسک و نرم کننده مو هیرواتر بیوتین و زینک 400میل,https://www.khanoumi.com/products/comeon-hair-water-biotion-and-zinc-mask-conditioner-400ml-29462,اصلا راضی نبودم این دفعه خریدم قبلا موهام و نرم می‌کرد اما این باز خشک خشک کرده موهامو انگار اصلا ماست مو نزدم,0,true,2025-06-03T21:29:46.6075618+00:00,منفی,0.67,محصول | اصل بودن کالا,اصل بودن کالا
ماسک و نرم کننده مو هیرواتر بیوتین و زینک 400میل,https://www.khanoumi.com/products/comeon-hair-water-biotion-and-zinc-mask-conditioner-400ml-29462,خیلی موها رو چرپ میکنه و خوشم نمیاد اصلاااااا,0,true,2025-06-01T07:09:46.6480754+00:00,منفی,0.67,محصول | اصل بودن کالا,اصل بودن کالا
ماسک و نرم کننده مو هیرواتر بیوتین و زینک 400میل,https://www.khanoumi.com/products/comeon-hair-water-biotion-and-zinc-mask-conditioner-400ml-29462,من موهام فر و وزه و خیلی تاحالا ماسک مو و نرم کننده های مختلف استفاده کردم اما تا الان هیچکدوم به اندازه این محصول موهامو نرم و گره موهامو باز نکرد واقعا. خیلی عالیه لطفا موجودش کنید,0,true,2025-05-10T15:45:12.8291552+00:00,مثبت,0.79,محصول,محصول
ماسک و نرم کننده مو هیرواتر بیوتین و زینک 400میل,https://www.khanoumi.com/products/comeon-hair-water-biotion-and-zinc-mask-conditioner-400ml-29462,ماسک خوبیه و اصلا نباید به ریشه موها بخوره چون باعث ریزش شدید میشه اما اثرش روی ساقه مو خوبه,0,true,2025-04-30T13:06:09.4184528+00:00,مثبت,0.95,محصول | اصل بودن کالا,محصول
ماسک و نرم کننده مو هیرواتر بیوتین و زینک 400میل,https://www.khanoumi.com/products/comeon-hair-water-biotion-and-zinc-mask-conditioner-400ml-29462,این ماسک برای ساقه موهای من که وز دار هست خیلی خوب بوده موهامو به نسبت صاف تر می کنه حتی اگه سشوار نکشم و بو و بافت خیلی دلنشینی داره فقط باید درنظر داشته باشید که بعد از زدن این ماسک به مو مو ها رو با آب سرد بشورید و خیلی هم نباید شسته بشه,0,true,2025-04-09T10:02:46.4435711+00:00,مثبت,0.91,محصول,محصول
ماسک و نرم کننده مو هیرواتر بیوتین و زینک 400میل,https://www.khanoumi.com/products/comeon-hair-water-biotion-and-zinc-mask-conditioner-400ml-29462,ماسک خوبی بود فعلا البته زیاد ازش استفاده نکردم ولی خیلی بوی خوبی داره با همون بار اولم متوجه نرمی موهام شدم ولی خب اینم بگم که خیلی ام نرم نشد همین در حد یکم. و در مورد وز بودن موها و حالت دهنده برای من هیچ تاثیری نداشت,0,true,2025-04-01T14:19:52.7170732+00:00,مثبت,0.79,محصول,محصول
ماسک و نرم کننده مو هیرواتر بیوتین و زینک 400میل,https://www.khanoumi.com/products/comeon-hair-water-biotion-and-zinc-mask-conditioner-400ml-29462,ماسک خوبیه دخترم رضایت کامل داره,0,true,2025-03-09T13:59:45.0198539+00:00,مثبت,0.67,سایر,سایر
ماسک و نرم کننده مو هیرواتر بیوتین و زینک 400میل,https://www.khanoumi.com/products/comeon-hair-water-biotion-and-zinc-mask-conditioner-400ml-29462,من استفاده کردم خیلی خیلی خوب بود وفوق العاده نرم میکنه ویه برقی به مو میده,0,true,2025-03-04T08:03:43.1210031+00:00,مثبت,0.95,محصول,محصول
ماسک و نرم کننده مو هیرواتر بیوتین و زینک 400میل,https://www.khanoumi.com/products/comeon-hair-water-biotion-and-zinc-mask-conditioner-400ml-29462,خیلی عالی بود نرم کنندگی خیلی خوبی داشت .با اینکه موهام خیلی خشک و وزه ولی واقعا نتیجه داد...محصولات کامان همشون عالی هستن تقریبا اکثر محصولاتشو دارم و استفاده میکنم.ممنون خانومی,0,false,2025-03-01T21:53:26.5417471+00:00,مثبت,0.95,محصول,محصول
ماسک و نرم کننده مو هیرواتر بیوتین و زینک 400میل,https://www.khanoumi.com/products/comeon-hair-water-biotion-and-zinc-mask-conditioner-400ml-29462,"ماسک مو و نرم کننده کامان
موهارو نرم و خوش بو میکنه. بعداز حمام و شستن موهام استفاده میکنم ،خیلی راضیم و پیشنهادش میکنم",0,true,2025-02-28T08:01:51.4460128+00:00,مثبت,0.91,محصول,محصول
ماسک و نرم کننده مو هیرواتر بیوتین و زینک 400میل,https://www.khanoumi.com/products/comeon-hair-water-biotion-and-zinc-mask-conditioner-400ml-29462,منم خریدم خیلی خوبه ، خیلی با نرم کننده معمولی فرق داره ، موها رو صاف میکنه حالت میده ،,0,true,2025-02-13T19:42:12.8506659+00:00,مثبت,0.91,محصول,محصول
ماسک و نرم کننده مو هیرواتر بیوتین و زینک 400میل,https://www.khanoumi.com/products/comeon-hair-water-biotion-and-zinc-mask-conditioner-400ml-29462,من بعد از چندبار استفاده نظر میدم برای من خوب بود موهام خیلی نرم شده البته بعد از حموم هم از اسپری دوفاز و روغن آرگان استفاده کنید این ترکیب کنار هم خوبه,0,true,2025-02-02T11:12:39.9162286+00:00,مثبت,0.95,محصول,محصول
ماسک و نرم کننده مو هیرواتر بیوتین و زینک 400میل,https://www.khanoumi.com/products/comeon-hair-water-biotion-and-zinc-mask-conditioner-400ml-29462,دوستان این محصول رو به ریشه ی مو هم میشه زد؟؟؟,0,false,2025-01-20T11:44:53.0197485+00:00,خنثی,0.35,محصول,محصول
ماسک و نرم کننده مو هیرواتر بیوتین و زینک 400میل,https://www.khanoumi.com/products/comeon-hair-water-biotion-and-zinc-mask-conditioner-400ml-29462,من موهام نازک وچربه وریزش مودارم وهمینطوروقتی رنگ مو میذارم موهام یکم به سختی برس زده میشن میتونم ازاین محصول استفاده کنم ؟,0,false,2025-01-20T11:00:40.2593366+00:00,خنثی,0.35,محصول,محصول
ماسک و نرم کننده مو هیرواتر بیوتین و زینک 400میل,https://www.khanoumi.com/products/comeon-hair-water-biotion-and-zinc-mask-conditioner-400ml-29462,"فوق العاده هست این ماسک
هم مو رو نرم میکنه هم صاف",0,true,2025-01-20T09:49:40.0770712+00:00,مثبت,0.67,محصول,محصول
ماسک و نرم کننده مو هیرواتر بیوتین و زینک 400میل,https://www.khanoumi.com/products/comeon-hair-water-biotion-and-zinc-mask-conditioner-400ml-29462,من چندماه دارم استفاده میکنم خیلی خوبه و بوشم عالیه,0,true,2025-01-02T22:23:29.640245+00:00,مثبت,0.95,محصول,محصول
ماسک و نرم کننده مو هیرواتر بیوتین و زینک 400میل,https://www.khanoumi.com/products/comeon-hair-water-biotion-and-zinc-mask-conditioner-400ml-29462,خیلی خوب بود,0,true,2024-12-26T18:40:27.7835864+00:00,مثبت,0.91,محصول,محصول
ماسک و نرم کننده مو هیرواتر بیوتین و زینک 400میل,https://www.khanoumi.com/products/comeon-hair-water-biotion-and-zinc-mask-conditioner-400ml-29462,باعث موخوره نمیشه؟؟,0,false,2024-11-24T10:45:54.4156476+00:00,خنثی,0.35,محصول,محصول
ماسک و نرم کننده مو هیرواتر بیوتین و زینک 400میل,https://www.khanoumi.com/products/comeon-hair-water-biotion-and-zinc-mask-conditioner-400ml-29462,به شددددددت پیشنهاد میشه عالی عالی عالی برای اولین بار که زدم امتحانشو پس داد محصولات کامان عااااالین,0,true,2024-11-20T13:39:17.6921389+00:00,مثبت,0.95,محصول,محصول
ماسک و نرم کننده مو هیرواتر بیوتین و زینک 400میل,https://www.khanoumi.com/products/comeon-hair-water-biotion-and-zinc-mask-conditioner-400ml-29462,اولین بار بود سفارش دادم عالی بود,0,true,2024-08-29T16:16:20+00:00,مثبت,0.79,محصول,محصول
ماسک و نرم کننده مو هیرواتر بیوتین و زینک 400میل,https://www.khanoumi.com/products/comeon-hair-water-biotion-and-zinc-mask-conditioner-400ml-29462,با نرم کننده معمولی هیچ تفاوتی نداشت,0,true,2024-05-19T19:20:41+00:00,خنثی,0.35,محصول,محصول
ماسک و نرم کننده مو هیرواتر بیوتین و زینک 400میل,https://www.khanoumi.com/products/comeon-hair-water-biotion-and-zinc-mask-conditioner-400ml-29462,ماسک خوبیه هم نرم کننده هست هم درخشان کننده و وز موها و میگیره  برای من که موهام لخته یه حالت شلاقی بهشون داد عالیه راضیم خصوصا با تخفیف بگیرید که خیلی به صرفه هست، ممنون از خانومی ,0,true,2024-04-25T02:33:19+00:00,مثبت,0.95,محصول | قیمت,محصول
ماسک و نرم کننده مو هیرواتر بیوتین و زینک 400میل,https://www.khanoumi.com/products/comeon-hair-water-biotion-and-zinc-mask-conditioner-400ml-29462,اولین بار استفادش کردم موهام رو نرم کرد و صاف شد بی نظیررره,0,true,2024-04-14T18:50:42+00:00,خنثی,0.35,محصول,محصول
ماسک و نرم کننده مو هیرواتر بیوتین و زینک 400میل,https://www.khanoumi.com/products/comeon-hair-water-biotion-and-zinc-mask-conditioner-400ml-29462,به کف سرم میشه زد؟,0,true,2024-03-15T12:26:53+00:00,خنثی,0.35,سایر,سایر
ماسک و نرم کننده مو هیرواتر بیوتین و زینک 400میل,https://www.khanoumi.com/products/comeon-hair-water-biotion-and-zinc-mask-conditioner-400ml-29462,پن حدود 9 ماهه ازشاستفاده میکنم عالیه من از ماسک موهای متفاوتی استفاده کردم اما هیچکدوم به خوبی این نبوده.,0,true,2024-03-03T11:49:39+00:00,مثبت,0.67,محصول,محصول
ماسک و نرم کننده مو هیرواتر بیوتین و زینک 400میل,https://www.khanoumi.com/products/comeon-hair-water-biotion-and-zinc-mask-conditioner-400ml-29462,واقعا محصولات کامان خیلی خوبن. ترکیباتشون خیلی خوبه و باعث میشه حسابی موهاتون ویتامینه بشه. وز موها رو از بین میبره و حجم میده. توی یک کلام موهاتون رو خوشگل میکنه,0,false,2024-01-19T23:03:18+00:00,مثبت,0.95,محصول,محصول
ماسک و نرم کننده مو هیرواتر بیوتین و زینک 400میل,https://www.khanoumi.com/products/comeon-hair-water-biotion-and-zinc-mask-conditioner-400ml-29462,این محصول رو یکی از فامیلامون که دکتره بهم معرفی کرد. واقعا موها رو نرم میکنه و اصلا چرب نمیکنه و به موها حجم میده,0,false,2024-01-19T23:02:55+00:00,منفی,0.67,محصول | اصل بودن کالا,اصل بودن کالا
ماسک و نرم کننده مو هیرواتر بیوتین و زینک 400میل,https://www.khanoumi.com/products/comeon-hair-water-biotion-and-zinc-mask-conditioner-400ml-29462,این محصول رو اولین بار از داروخونه گرفتم. الان اومدم برای دومین بار بخرمش. بوی خیلی خوبی داره. توی حموم ازش میزنم و یکم وقت میدم جذب بشه و بعدش میشورم. موهام رو خیلی درخشان میکنه و دیگه موهام گره نمیخوره. حجم خوبیم به موهام میده,0,false,2024-01-18T22:40:37+00:00,مثبت,0.67,محصول,محصول
ماسک و نرم کننده مو هیرواتر بیوتین و زینک 400میل,https://www.khanoumi.com/products/comeon-hair-water-biotion-and-zinc-mask-conditioner-400ml-29462,"این محصول رو دوستم بهم معرفی کرد چون موهام بشدت وز و خشک شه بود. این محصول رو الان دوماهی هست دارم استفاده میکنم. خیلی محصول خوبیه

",0,false,2024-01-18T17:30:39+00:00,مثبت,0.67,محصول,محصول
ماسک و نرم کننده مو هیرواتر بیوتین و زینک 400میل,https://www.khanoumi.com/products/comeon-hair-water-biotion-and-zinc-mask-conditioner-400ml-29462,"این محصول رو من و خواهرم تقریبا شش ماهی هست داریم استفاده میکنیم. خیلی موها رو نرم میکنه. توی حموم میذارم یه پنج دقیقه ای روی موهام بمونه و بعدش ابکشی میکنم. موهام رو خیلی صاف میکنه و نمیذاره گره بخوره
",0,false,2024-01-18T14:33:18+00:00,خنثی,0.35,محصول,محصول
ماسک و نرم کننده مو هیرواتر بیوتین و زینک 400میل,https://www.khanoumi.com/products/comeon-hair-water-biotion-and-zinc-mask-conditioner-400ml-29462,باورم نمیشه یه محصول ایرانی بتونه همیچین کیفیت خوبی داشته باشه. موهام رو لطیف میکنه و درخشان. باعث میشه حجم موهام بیشتر بشه و اصلا چرب هم نمیشه. خیلی محصول خوبیه حتما ازش استفاده کنید,0,false,2024-01-18T12:50:04+00:00,مثبت,0.79,محصول | اصل بودن کالا,محصول
ماسک و نرم کننده مو هیرواتر بیوتین و زینک 400میل,https://www.khanoumi.com/products/comeon-hair-water-biotion-and-zinc-mask-conditioner-400ml-29462,مو رو هم خیلی نرم و لطیف میکنه. خیلی دوستش دارم الان اومدم دوباره تمدیدش کنم,0,false,2024-01-18T10:54:19+00:00,خنثی,0.35,محصول,محصول
ماسک و نرم کننده مو هیرواتر بیوتین و زینک 400میل,https://www.khanoumi.com/products/comeon-hair-water-biotion-and-zinc-mask-conditioner-400ml-29462,باعث ریزش نمیشه؟!!,0,false,2023-12-18T11:17:51+00:00,خنثی,0.35,سایر,سایر
ماسک و نرم کننده مو هیرواتر بیوتین و زینک 400میل,https://www.khanoumi.com/products/comeon-hair-water-biotion-and-zinc-mask-conditioner-400ml-29462,خیلی عالی بود من خیلی راضی بودم,0,true,2023-10-12T09:21:50+00:00,مثبت,0.91,محصول,محصول
ماسک و نرم کننده مو هیرواتر بیوتین و زینک 400میل,https://www.khanoumi.com/products/comeon-hair-water-biotion-and-zinc-mask-conditioner-400ml-29462,"بوی خیلی خوبی داره.پایین موهام همیشه گره میخورد موقع شونه کردن خیلی سخت شونه میشد ولی این باعث نرمی موهام شد و راضیم ازش.
حجم خیلی خوبی هم داره",0,true,2023-07-13T14:04:34+00:00,مثبت,0.95,محصول,محصول
ماسک و نرم کننده مو هیرواتر بیوتین و زینک 400میل,https://www.khanoumi.com/products/comeon-hair-water-biotion-and-zinc-mask-conditioner-400ml-29462,ماسک موی داخل حموم یکی از واجب تریناس و فکرمیکنم نسبت به قیمت و حجم پیشنهاد خوبی میتونه باشه,0,true,2023-06-08T13:14:58+00:00,مثبت,0.79,محصول | قیمت,محصول
ماسک و نرم کننده مو هیرواتر بیوتین و زینک 400میل,https://www.khanoumi.com/products/comeon-hair-water-biotion-and-zinc-mask-conditioner-400ml-29462,سلام من چند ماه هست از این محصول دارم استفاده میکنم الان هم باز دارم تمدید میکنم خریدشو و ازش راضی هستم 👍,0,true,2022-08-20T14:59:28+00:00,مثبت,0.67,محصول,محصول
ماسک و نرم کننده مو هیرواتر بیوتین و زینک 400میل,https://www.khanoumi.com/products/comeon-hair-water-biotion-and-zinc-mask-conditioner-400ml-29462,واقعا راضیم از خریدش موها کدر نمیشه و حجم خوبی پیدا میکنه و  ببسیار نرم و لطیف ,0,true,2022-04-01T20:28:32+00:00,مثبت,0.67,محصول,محصول
ماسک و نرم کننده مو هیرواتر بیوتین و زینک 400میل,https://www.khanoumi.com/products/comeon-hair-water-biotion-and-zinc-mask-conditioner-400ml-29462,این ماسک مو عالیه گره هارو باز میکنه و مو رو براق_ بوی فوق العاده ای داره بوش از همه چیش بهتره یه بوی فانتزی بسیار ملایم_ حجمش خوبه و سرخالی نیست_ بسته بندی بسیار قوی و عالی ایم داره بشدت توصیه میکنم,3,false,2021-12-22T09:00:34+00:00,مثبت,0.95,محصول | تحویل و ارسال,محصول
ماسک و نرم کننده مو هیرواتر بیوتین و زینک 400میل,https://www.khanoumi.com/products/comeon-hair-water-biotion-and-zinc-mask-conditioner-400ml-29462,خوب بود,18,true,2020-10-25T10:11:29+00:00,مثبت,0.79,محصول,محصول
ماسک و نرم کننده مو هیرواتر بیوتین و زینک 400میل,https://www.khanoumi.com/products/comeon-hair-water-biotion-and-zinc-mask-conditioner-400ml-29462,من ازش خریدم خیلی راضیم ولی فکر میکردم بدون آبکشیه، ولی توضیحاتشو که خوندم فهمیدم داخل حمام باید استفاده کنم. خیلی بهتر بود اگه بدون آبکشی بود,59,true,2020-09-25T15:31:06+00:00,ترکیبی,0.87,محصول,محصول
ژل اصلاح مردانه با خاصیت آبرسانی 175میل,https://www.khanoumi.com/products/comeon-hydrate-shave-gel-for-men-175ml-29464,این ژل دارای خاصیت آبرسانیه و مانع از تیرگی پوست میشه. التهاب، حساسیت و خارش بعد از اصلاح را از بین میببره و باعث کاهش سلول های مرده پوست میشه. در کل پیشنهاد میکنم امتحانش کنید. ,0,false,2023-04-10T08:36:37+00:00,مثبت,0.91,محصول | اصل بودن کالا,محصول
ژل اصلاح مردانه با خاصیت آبرسانی 175میل,https://www.khanoumi.com/products/comeon-hydrate-shave-gel-for-men-175ml-29464,من این محصول رو به تازگی برای همسرم خریدم ظاهرا که کیفیت خوبی داره,0,false,2022-12-20T09:21:55+00:00,مثبت,0.79,محصول,محصول
ژل اصلاح مردانه با خاصیت آبرسانی 175میل,https://www.khanoumi.com/products/comeon-hydrate-shave-gel-for-men-175ml-29464,برعکس کرمهای کامان که بسیار خوب هستن از این محصول اصلا راضی نبودم کیفیت بسیار پایین بود,2,true,2020-07-25T20:02:33+00:00,منفی,0.67,محصول | اصل بودن کالا,اصل بودن کالا
ژل اصلاح مردانه 2در1 آبرسان ضدحساسیت 175میل,https://www.khanoumi.com/products/comeon-2in1-hydra-and-sense-shave-gel-for-men-175ml-29466,با وجود اینکه پوست آقایان از حساسیت کمتری برخوردار است، اما نیاز است تا از محصولات مناسب استفاده کنند که از بروز حساسیت جلوگیری کند. ژل اصلاح کامان به عنوان یک تسکین دهنده عمل کرده و التهابات پوستی شما را از بین می برد. این محصول رطوبت موردنیاز پوست شما را تأمین کرده و از کشیدگی پوست شما جلوگیری می کند. ,0,false,2022-10-15T08:27:19+00:00,مثبت,0.67,محصول | اصل بودن کالا,محصول
ژل اصلاح مردانه 2در1 آبرسان ضدحساسیت 175میل,https://www.khanoumi.com/products/comeon-2in1-hydra-and-sense-shave-gel-for-men-175ml-29466,بد نبود. ولی محصولات کامان میتونست بهتر باشه,1,true,2021-06-24T19:45:34+00:00,مثبت,0.67,محصول,محصول
ضد آفتاب بی رنگ فاقد چربی اس پی اف 50 مات کننده آکنه سل پلاس,https://www.khanoumi.com/products/ardene-ardene-sun-acnesol-plus-spf50-oil-free-sunshield-cream-29467,اصلاااااا راضی نبودم,0,true,2026-08-29T15:48:19.1352724+03:30,خنثی,0.35,محصول | اصل بودن کالا,محصول
ضد آفتاب بی رنگ فاقد چربی اس پی اف 50 مات کننده آکنه سل پلاس,https://www.khanoumi.com/products/ardene-ardene-sun-acnesol-plus-spf50-oil-free-sunshield-cream-29467,افتضاح رد سفیدی داره انگار صورتت رو گچ کاری میکنی,0,false,2026-08-20T13:19:31.1038493+03:30,منفی,0.67,سایر,سایر
ضد آفتاب بی رنگ فاقد چربی اس پی اف 50 مات کننده آکنه سل پلاس,https://www.khanoumi.com/products/ardene-ardene-sun-acnesol-plus-spf50-oil-free-sunshield-cream-29467,خیلی با کیفیت اقتصادی هس میخاستم  مجدد بخرم ولی موجود نبود,0,true,2026-08-19T02:08:04.3655343+03:30,خنثی,0.35,محصول,محصول
ضد آفتاب بی رنگ فاقد چربی اس پی اف 50 مات کننده آکنه سل پلاس,https://www.khanoumi.com/products/ardene-ardene-sun-acnesol-plus-spf50-oil-free-sunshield-cream-29467,من این محصول رو خیلی وقت پیش دوبار خریده بودم و خیلی ازش راضی بودم ممنون میشم یه تخفیف عالی براش درنظر بگیرید,0,false,2026-08-12T11:48:36.9422008+03:30,مثبت,0.91,محصول | قیمت,محصول
ضد آفتاب بی رنگ فاقد چربی اس پی اف 50 مات کننده آکنه سل پلاس,https://www.khanoumi.com/products/ardene-ardene-sun-acnesol-plus-spf50-oil-free-sunshield-cream-29467,"کافیه گرما بهت بخوره  ، همه رو پس میده خیلی هم سنگینه  بی رنگم نیست کلا سفیدت میکنه انگار میماسه به صورت
 خوب نبود",0,true,2026-07-18T22:40:00.4452192+03:30,خنثی,0.4,محصول,محصول
ضد آفتاب بی رنگ فاقد چربی اس پی اف 50 مات کننده آکنه سل پلاس,https://www.khanoumi.com/products/ardene-ardene-sun-acnesol-plus-spf50-oil-free-sunshield-cream-29467,"میماسه 
صورت سفیدک میزنه
به سختی حل میشه
من برای دستم دیگه استفاده میکنم تا تموم بشه
حیف پول",0,true,2026-06-07T12:39:29.3313833+03:30,خنثی,0.35,محصول,محصول
ضد آفتاب بی رنگ فاقد چربی اس پی اف 50 مات کننده آکنه سل پلاس,https://www.khanoumi.com/products/ardene-ardene-sun-acnesol-plus-spf50-oil-free-sunshield-cream-29467,"خیلی خوب و باصرفه هست ممنون از سایت عالی تون 
ارسال همیشه سرموقع و با بسته بندی عالی",0,false,2026-05-26T18:09:54.0581855+03:30,مثبت,0.95,تحویل و ارسال | محصول,تحویل و ارسال
ضد آفتاب بی رنگ فاقد چربی اس پی اف 50 مات کننده آکنه سل پلاس,https://www.khanoumi.com/products/ardene-ardene-sun-acnesol-plus-spf50-oil-free-sunshield-cream-29467,پیل میشه میریزه همش اصلا خوب نیست,0,false,2026-04-30T10:47:19.2849544+03:30,منفی,0.79,اصل بودن کالا,اصل بودن کالا
ضد آفتاب بی رنگ فاقد چربی اس پی اف 50 مات کننده آکنه سل پلاس,https://www.khanoumi.com/products/ardene-ardene-sun-acnesol-plus-spf50-oil-free-sunshield-cream-29467,من پوست معمولی بدون جوش‌دارم‌ که با زدن این‌محصول جوش های ریز‌ روی پیشونی و یکسری جوش‌ رو گونه ها زدم ابتدا فکر کردم شاید برای استرس و غیره باشه و یک‌ماه این محصول رو نزدم تا اینکه دوباره شروع کردم به استفاده که فرداش سر وکله جوش ها پیدا شد. محصول با اینکه ‌فاقد چربی هست ولی به شدت چرب هست.,0,false,2026-04-25T01:24:55.4723288+03:30,منفی,0.67,محصول,محصول
ضد آفتاب بی رنگ فاقد چربی اس پی اف 50 مات کننده آکنه سل پلاس,https://www.khanoumi.com/products/ardene-ardene-sun-acnesol-plus-spf50-oil-free-sunshield-cream-29467,روی پوست سنگینی میکنه,0,false,2026-03-19T02:19:25.7026011+03:30,خنثی,0.35,محصول,محصول
ضد آفتاب بی رنگ فاقد چربی اس پی اف 50 مات کننده آکنه سل پلاس,https://www.khanoumi.com/products/ardene-ardene-sun-acnesol-plus-spf50-oil-free-sunshield-cream-29467,این کرم عااالیه من برای بار دوم میخوام بگیرمش. روی پوست رد سفیدی نمیندازه وای یکنواخت میکنه و یه حال خوبی به پوست میده. برا من اصلا باعث جوش نشد‌‌ و با اینکه پوست خیلی چربی دارم اصلا اکسیده و چرب نشد. من زیر آرایش هم ازش استفاده کردم چون پوستمو مات میکرد.,0,true,2026-03-05T15:31:34.6397929+03:30,مثبت,0.91,محصول | اصل بودن کالا,محصول
ضد آفتاب بی رنگ فاقد چربی اس پی اف 50 مات کننده آکنه سل پلاس,https://www.khanoumi.com/products/ardene-ardene-sun-acnesol-plus-spf50-oil-free-sunshield-cream-29467,3 ستاره میدم چون در کل محصول خوبیه پوستم سفیده و خودشم سفیده و پوستم رو یکدست میکنه اندازه بزنید احساس سنگینی نمیکنید اما دو ستاره ازش کم میکنم چون بد پیل میشه روی پوستم و نمیخوابه روش,0,true,2026-01-24T13:44:53.216746+03:30,ترکیبی,0.71,محصول,محصول
ضد آفتاب بی رنگ فاقد چربی اس پی اف 50 مات کننده آکنه سل پلاس,https://www.khanoumi.com/products/ardene-ardene-sun-acnesol-plus-spf50-oil-free-sunshield-cream-29467,برای پوستی که جوش کم میزنه ضدافتاب مناسبیه و دکتر بهم معرفی کرد من چندساله میزنم و راضیم,0,true,2025-12-05T16:57:42.7151332+03:30,مثبت,0.79,محصول,محصول
ضد آفتاب بی رنگ فاقد چربی اس پی اف 50 مات کننده آکنه سل پلاس,https://www.khanoumi.com/products/ardene-ardene-sun-acnesol-plus-spf50-oil-free-sunshield-cream-29467,خیلی محصول خوبی بوده لطفا دوباره موجودش کنید,0,false,2025-10-05T21:54:31.6441081+03:30,مثبت,0.67,محصول,محصول
ضد آفتاب بی رنگ فاقد چربی اس پی اف 50 مات کننده آکنه سل پلاس,https://www.khanoumi.com/products/ardene-ardene-sun-acnesol-plus-spf50-oil-free-sunshield-cream-29467,عالی ترینه برای استفاده مداوم فقط کاش زودتر موجود شه,0,false,2025-09-27T11:55:58.4687637+03:30,مثبت,0.67,محصول,محصول
ضد آفتاب بی رنگ فاقد چربی اس پی اف 50 مات کننده آکنه سل پلاس,https://www.khanoumi.com/products/ardene-ardene-sun-acnesol-plus-spf50-oil-free-sunshield-cream-29467,رد سفیدی میندازه . روی پوست پیل میشه . روی پوست چرب چربتر میشه . راضی نبودم,0,false,2025-09-16T18:28:34.4409646+03:30,منفی,0.67,محصول,محصول
ضد آفتاب بی رنگ فاقد چربی اس پی اف 50 مات کننده آکنه سل پلاس,https://www.khanoumi.com/products/ardene-ardene-sun-acnesol-plus-spf50-oil-free-sunshield-cream-29467,لطفا دوباره موجودش کنید خیلی محصول خوبی بوده,0,false,2025-09-10T14:25:34.7762789+03:30,مثبت,0.67,محصول,محصول
ضد آفتاب بی رنگ فاقد چربی اس پی اف 50 مات کننده آکنه سل پلاس,https://www.khanoumi.com/products/ardene-ardene-sun-acnesol-plus-spf50-oil-free-sunshield-cream-29467,برای استفاده روزانه خوبه,0,true,2025-08-17T18:37:07.4846995+00:00,مثبت,0.79,سایر,سایر
ضد آفتاب بی رنگ فاقد چربی اس پی اف 50 مات کننده آکنه سل پلاس,https://www.khanoumi.com/products/ardene-ardene-sun-acnesol-plus-spf50-oil-free-sunshield-cream-29467,"ضد افتاب خیلی خوبیه 
مات میکنه و براق نیست
باعث جوش نمیشه 
محافظتش هم خوبه",0,false,2025-08-03T19:30:50.1560852+00:00,مثبت,0.95,سایر,سایر
ضد آفتاب بی رنگ فاقد چربی اس پی اف 50 مات کننده آکنه سل پلاس,https://www.khanoumi.com/products/ardene-ardene-sun-acnesol-plus-spf50-oil-free-sunshield-cream-29467,بعد استفاده از چندین ضد آفتاب و جوش زدن باهاشون، این بهترین ضد آفتابی بوده ک ب پوستم میسازه، باعث جوش نمیشه، زود جذب میشه و رد سفیدی نداره.,0,true,2025-07-16T10:13:16.9593539+00:00,مثبت,0.67,محصول,محصول
ضد آفتاب بی رنگ فاقد چربی اس پی اف 50 مات کننده آکنه سل پلاس,https://www.khanoumi.com/products/ardene-ardene-sun-acnesol-plus-spf50-oil-free-sunshield-cream-29467,"جذب پوست نمیشه و روی صورت پیل میشه
راضی نبودم",0,false,2025-06-23T08:14:32.716002+00:00,منفی,0.67,محصول,محصول
ضد آفتاب بی رنگ فاقد چربی اس پی اف 50 مات کننده آکنه سل پلاس,https://www.khanoumi.com/products/ardene-ardene-sun-acnesol-plus-spf50-oil-free-sunshield-cream-29467,ضد افتاب خوبیه ولی برای اینکه فیتله نشه باید ب صورت ضربه ای بزنین ب پوست و نمالید,0,true,2025-06-22T19:51:01.8048056+00:00,مثبت,0.67,محصول,محصول
ضد آفتاب بی رنگ فاقد چربی اس پی اف 50 مات کننده آکنه سل پلاس,https://www.khanoumi.com/products/ardene-ardene-sun-acnesol-plus-spf50-oil-free-sunshield-cream-29467,اصلا راضی نبودم دوبار آخر که خریدم اصلا جذب نمیشد و فیتیله میشد روی پوست مشکلی که من با ضد آفتابا نداشتم,0,true,2025-06-09T17:39:51.59634+00:00,منفی,0.91,محصول | اصل بودن کالا,اصل بودن کالا
ضد آفتاب بی رنگ فاقد چربی اس پی اف 50 مات کننده آکنه سل پلاس,https://www.khanoumi.com/products/ardene-ardene-sun-acnesol-plus-spf50-oil-free-sunshield-cream-29467,"خیلی سنگینه و سفیدی به جا میذاره و پیل میشه
اینقد کرم نچسبی تا حالا ندیده بودم",0,false,2025-06-09T10:31:53.681606+00:00,خنثی,0.35,محصول,محصول
ضد آفتاب بی رنگ فاقد چربی اس پی اف 50 مات کننده آکنه سل پلاس,https://www.khanoumi.com/products/ardene-ardene-sun-acnesol-plus-spf50-oil-free-sunshield-cream-29467,عالیه,0,false,2025-05-31T10:00:59.5989746+00:00,مثبت,0.79,سایر,سایر
ضد آفتاب بی رنگ فاقد چربی اس پی اف 50 مات کننده آکنه سل پلاس,https://www.khanoumi.com/products/ardene-ardene-sun-acnesol-plus-spf50-oil-free-sunshield-cream-29467,"نصبت ب قیمتش خوب بود بعد از چند مدت پوستمم روشن شد 
پیشنهاد میکنم",0,false,2025-05-28T11:07:05.3077298+00:00,مثبت,0.95,محصول | قیمت,محصول
ضد آفتاب بی رنگ فاقد چربی اس پی اف 50 مات کننده آکنه سل پلاس,https://www.khanoumi.com/products/ardene-ardene-sun-acnesol-plus-spf50-oil-free-sunshield-cream-29467,اصلا خوب نیست رد سفیدی میمونه و رو صورت میماسه,0,true,2025-05-11T10:58:11.6615955+00:00,منفی,0.79,محصول | اصل بودن کالا,اصل بودن کالا
ضد آفتاب بی رنگ فاقد چربی اس پی اف 50 مات کننده آکنه سل پلاس,https://www.khanoumi.com/products/ardene-ardene-sun-acnesol-plus-spf50-oil-free-sunshield-cream-29467,فوق العاده افتضاحه،رد سفیدی می‌زاره و پیل میشه،عطری هست محصول،چشم رو میسوزونه،چربیم زیاد داره,0,false,2025-04-24T20:22:08.4237494+00:00,ترکیبی,0.66,محصول,محصول
ضد آفتاب بی رنگ فاقد چربی اس پی اف 50 مات کننده آکنه سل پلاس,https://www.khanoumi.com/products/ardene-ardene-sun-acnesol-plus-spf50-oil-free-sunshield-cream-29467,خیلی ضد آفتاب خوب و سبکیه، من استفاده میکنم دائم ازش، برای پوست من که نه جوش آورد، نه پیل میشه.,0,false,2025-04-19T18:58:47.9838398+00:00,مثبت,0.67,محصول,محصول
ضد آفتاب بی رنگ فاقد چربی اس پی اف 50 مات کننده آکنه سل پلاس,https://www.khanoumi.com/products/ardene-ardene-sun-acnesol-plus-spf50-oil-free-sunshield-cream-29467,خیلی بده سنگین وپیل میشه هرجور استفاده کردم,0,false,2025-03-12T06:31:45.6623637+00:00,منفی,0.79,سایر,سایر
ضد آفتاب بی رنگ فاقد چربی اس پی اف 50 مات کننده آکنه سل پلاس,https://www.khanoumi.com/products/ardene-ardene-sun-acnesol-plus-spf50-oil-free-sunshield-cream-29467,قبلش صورتتون باید تمیز باشه مرطوب کننده هم بزنید درکل خیلی خوبه,0,true,2025-02-21T07:39:08.8578608+00:00,مثبت,0.91,سایر,سایر
ضد آفتاب بی رنگ فاقد چربی اس پی اف 50 مات کننده آکنه سل پلاس,https://www.khanoumi.com/products/ardene-ardene-sun-acnesol-plus-spf50-oil-free-sunshield-cream-29467,من تا آخر محصولو مرتب استفاده کردم باعث جوش نمیشه ولی هر روشی استفاده کردم باز پیل شد بخاطر همین نکته منفیش گرونه,0,false,2025-01-24T07:44:37.4321327+00:00,خنثی,0.35,قیمت | محصول,قیمت
ضد آفتاب بی رنگ فاقد چربی اس پی اف 50 مات کننده آکنه سل پلاس,https://www.khanoumi.com/products/ardene-ardene-sun-acnesol-plus-spf50-oil-free-sunshield-cream-29467,"بعد از یک ماه استفاده
اصلا باعث جوش نشد، حتی پوستی که مستعد آکنه هستش
چرب نیست
رنگش زیادی سفیده و روی پوست کمی باقی میمونه
سبک
مات
بعد از 4 الی 5 ساعت چرب نشد
حتی با آب خالی هم به راحتی شسته میشه

نتیجه
اگر ظاهرش براتون مهمه نخرین، چون رد سفیدی رو پوست میمونه
اگر براتون جوش و آکنه مهمه حتما بخرین
فکر کنم حتی یک درصد هم چربی نداشته باشه...",0,true,2025-01-20T11:34:05.1838217+00:00,مثبت,0.67,محصول | اصل بودن کالا,محصول
ضد آفتاب بی رنگ فاقد چربی اس پی اف 50 مات کننده آکنه سل پلاس,https://www.khanoumi.com/products/ardene-ardene-sun-acnesol-plus-spf50-oil-free-sunshield-cream-29467,خیلی به نسبت قیمتش خوبه،به اندازه بزنید و بعدش پخشش کنید روی پوست ،گوله گوله نمیشه,0,true,2025-01-05T11:47:26.4094666+00:00,مثبت,0.79,محصول | قیمت,محصول
ضد آفتاب بی رنگ فاقد چربی اس پی اف 50 مات کننده آکنه سل پلاس,https://www.khanoumi.com/products/ardene-ardene-sun-acnesol-plus-spf50-oil-free-sunshield-cream-29467,"خیلی خوبه اصلا باعث جوش نمیشه 
در عرض ده دقیقه قشنگ جذب میشه اصلا احساس چربی نمیکنید 
وقت حتما حتما قبلش مرطوب کننده و آبرسان بزنید",0,true,2024-12-05T09:02:41.7616401+00:00,مثبت,0.95,اصل بودن کالا,اصل بودن کالا
ضد آفتاب بی رنگ فاقد چربی اس پی اف 50 مات کننده آکنه سل پلاس,https://www.khanoumi.com/products/ardene-ardene-sun-acnesol-plus-spf50-oil-free-sunshield-cream-29467,باعث جوش نمیشه اما به مرور زمان پیل میشه,0,true,2024-11-26T10:15:27.3053889+00:00,خنثی,0.35,سایر,سایر
ضد آفتاب بی رنگ فاقد چربی اس پی اف 50 مات کننده آکنه سل پلاس,https://www.khanoumi.com/products/ardene-ardene-sun-acnesol-plus-spf50-oil-free-sunshield-cream-29467,خیلی دیر جذب میشه و بعد از حدود یه ساعت پوسته پوسته میشه!,0,true,2024-11-10T14:45:58.8983905+00:00,خنثی,0.35,محصول,محصول
ضد آفتاب بی رنگ فاقد چربی اس پی اف 50 مات کننده آکنه سل پلاس,https://www.khanoumi.com/products/ardene-ardene-sun-acnesol-plus-spf50-oil-free-sunshield-cream-29467,عالی من خیلی راضی بودم رویدپوستم خیلی خوب جذب میشه,0,true,2024-11-09T19:15:27.6612113+00:00,مثبت,0.95,محصول,محصول
ضد آفتاب بی رنگ فاقد چربی اس پی اف 50 مات کننده آکنه سل پلاس,https://www.khanoumi.com/products/ardene-ardene-sun-acnesol-plus-spf50-oil-free-sunshield-cream-29467,عالی و قیمت مناسب بسیار سبک,0,true,2024-10-20T14:12:59.7136556+00:00,مثبت,0.67,قیمت,قیمت
ضد آفتاب بی رنگ فاقد چربی اس پی اف 50 مات کننده آکنه سل پلاس,https://www.khanoumi.com/products/ardene-ardene-sun-acnesol-plus-spf50-oil-free-sunshield-cream-29467,باتوجه به قیمتش خیلی خوبه من دوساله استفاده میکنم,0,true,2024-10-12T21:54:20.4898876+00:00,مثبت,0.91,قیمت,قیمت
ضد آفتاب بی رنگ فاقد چربی اس پی اف 50 مات کننده آکنه سل پلاس,https://www.khanoumi.com/products/ardene-ardene-sun-acnesol-plus-spf50-oil-free-sunshield-cream-29467,ممنون از محصولات باکیفیتتون,0,false,2024-09-30T23:53:27+00:00,مثبت,0.67,محصول,محصول
ضد آفتاب بی رنگ فاقد چربی اس پی اف 50 مات کننده آکنه سل پلاس,https://www.khanoumi.com/products/ardene-ardene-sun-acnesol-plus-spf50-oil-free-sunshield-cream-29467,استفاده نکردم ولی تعریفشو زیاد شنیدم,0,false,2024-09-30T22:01:27+00:00,خنثی,0.35,سایر,سایر
ضد آفتاب بی رنگ فاقد چربی اس پی اف 50 مات کننده آکنه سل پلاس,https://www.khanoumi.com/products/ardene-ardene-sun-acnesol-plus-spf50-oil-free-sunshield-cream-29467,ممنون از محصولات با کیفیتتون,0,false,2024-09-30T19:07:55+00:00,مثبت,0.67,محصول,محصول
ضد آفتاب بی رنگ فاقد چربی اس پی اف 50 مات کننده آکنه سل پلاس,https://www.khanoumi.com/products/ardene-ardene-sun-acnesol-plus-spf50-oil-free-sunshield-cream-29467,بسیار سبک و زود جذب و کاورش خیلی خوبه,0,false,2024-09-29T22:41:08+00:00,مثبت,0.91,سایر,سایر
ضد آفتاب بی رنگ فاقد چربی اس پی اف 50 مات کننده آکنه سل پلاس,https://www.khanoumi.com/products/ardene-ardene-sun-acnesol-plus-spf50-oil-free-sunshield-cream-29467,ضد افتاب خیلی خوبیه,0,true,2024-09-18T11:03:22+00:00,مثبت,0.79,سایر,سایر
ضد آفتاب بی رنگ فاقد چربی اس پی اف 50 مات کننده آکنه سل پلاس,https://www.khanoumi.com/products/ardene-ardene-sun-acnesol-plus-spf50-oil-free-sunshield-cream-29467,اصلا روی پوست جذب نمیشه پیل میشه از خریدش راضی نیستم ,0,true,2024-09-16T15:35:19+00:00,خنثی,0.35,محصول | اصل بودن کالا,محصول
ضد آفتاب بی رنگ فاقد چربی اس پی اف 50 مات کننده آکنه سل پلاس,https://www.khanoumi.com/products/ardene-ardene-sun-acnesol-plus-spf50-oil-free-sunshield-cream-29467,واقعا عالیه رد سفیدیش جذب میشه ماته و سبککک,0,true,2024-09-09T09:05:03+00:00,مثبت,0.79,سایر,سایر
ضد آفتاب بی رنگ فاقد چربی اس پی اف 50 مات کننده آکنه سل پلاس,https://www.khanoumi.com/products/ardene-ardene-sun-acnesol-plus-spf50-oil-free-sunshield-cream-29467,عالییی,0,false,2024-09-01T18:12:03+00:00,مثبت,0.67,سایر,سایر
ضد آفتاب بی رنگ فاقد چربی اس پی اف 50 مات کننده آکنه سل پلاس,https://www.khanoumi.com/products/ardene-ardene-sun-acnesol-plus-spf50-oil-free-sunshield-cream-29467,باعث جوش نمیشه محافظت خوبی داره,0,false,2024-08-28T15:02:54+00:00,مثبت,0.67,سایر,سایر
ضد آفتاب بی رنگ فاقد چربی اس پی اف 50 مات کننده آکنه سل پلاس,https://www.khanoumi.com/products/ardene-ardene-sun-acnesol-plus-spf50-oil-free-sunshield-cream-29467,نسبت به قیمتش ضدآفتاب خوبیه.,0,false,2024-08-28T15:02:36+00:00,مثبت,0.67,قیمت,قیمت
ضد آفتاب بی رنگ فاقد چربی اس پی اف 50 مات کننده آکنه سل پلاس,https://www.khanoumi.com/products/ardene-ardene-sun-acnesol-plus-spf50-oil-free-sunshield-cream-29467,عالیه حرف نداره من راضی هستم,0,false,2024-08-28T15:01:29+00:00,منفی,0.91,سایر,سایر
ضد آفتاب بی رنگ فاقد چربی اس پی اف 50 مات کننده آکنه سل پلاس,https://www.khanoumi.com/products/ardene-ardene-sun-acnesol-plus-spf50-oil-free-sunshield-cream-29467,عالی بود. ممنون از خانمی. واقعا باکیفیت بود و پوشش دهی خوبی داشت.,0,false,2024-08-28T10:24:31.9033333+00:00,مثبت,0.79,محصول,محصول
ضد آفتاب بی رنگ فاقد چربی اس پی اف 50 مات کننده آکنه سل پلاس,https://www.khanoumi.com/products/ardene-ardene-sun-acnesol-plus-spf50-oil-free-sunshield-cream-29467,دو هفتس خریدم و واقعا راضیم ازش,0,false,2024-08-28T10:20:23+00:00,مثبت,0.79,سایر,سایر
ضد آفتاب بی رنگ فاقد چربی اس پی اف 50 مات کننده آکنه سل پلاس,https://www.khanoumi.com/products/ardene-ardene-sun-acnesol-plus-spf50-oil-free-sunshield-cream-29467,اصلا جذب نمیشه مثل سیمان سفید روی پوست میماسه ,0,true,2024-08-27T17:13:17+00:00,منفی,0.67,محصول | اصل بودن کالا,اصل بودن کالا
ضد آفتاب بی رنگ فاقد چربی اس پی اف 50 مات کننده آکنه سل پلاس,https://www.khanoumi.com/products/ardene-ardene-sun-acnesol-plus-spf50-oil-free-sunshield-cream-29467,خیلی محصول خوبی هستش مخصوصن برای پوست چرب ,0,false,2024-08-27T00:40:06+00:00,مثبت,0.67,محصول,محصول
ضد آفتاب بی رنگ فاقد چربی اس پی اف 50 مات کننده آکنه سل پلاس,https://www.khanoumi.com/products/ardene-ardene-sun-acnesol-plus-spf50-oil-free-sunshield-cream-29467,عالییی ,0,false,2024-08-27T00:39:08+00:00,مثبت,0.67,سایر,سایر
ضد آفتاب بی رنگ فاقد چربی اس پی اف 50 مات کننده آکنه سل پلاس,https://www.khanoumi.com/products/ardene-ardene-sun-acnesol-plus-spf50-oil-free-sunshield-cream-29467,خیلیییی ضد آفتاب سبک و خوبیه  من پوستم چربه چربی پوستمم خوب کنترل میکنه چشم هم نمیسوزونه,0,false,2024-08-26T20:57:46+00:00,مثبت,0.79,محصول,محصول
ضد آفتاب بی رنگ فاقد چربی اس پی اف 50 مات کننده آکنه سل پلاس,https://www.khanoumi.com/products/ardene-ardene-sun-acnesol-plus-spf50-oil-free-sunshield-cream-29467, بعد یک ماه استفاده به این نتیجه رسیدم که واقعا فوق العادس ,0,false,2024-08-26T16:24:58+00:00,خنثی,0.35,محصول | تحویل و ارسال,محصول
ضد آفتاب بی رنگ فاقد چربی اس پی اف 50 مات کننده آکنه سل پلاس,https://www.khanoumi.com/products/ardene-ardene-sun-acnesol-plus-spf50-oil-free-sunshield-cream-29467,خیلی ضد افتاب خوبیه کاملا رو صورت مات میشه و بوی خوبی هم داره مخصوصا برای پوستهای چرب عالیه.,0,false,2024-08-26T12:48:12+00:00,مثبت,0.95,محصول,محصول
ضد آفتاب بی رنگ فاقد چربی اس پی اف 50 مات کننده آکنه سل پلاس,https://www.khanoumi.com/products/ardene-ardene-sun-acnesol-plus-spf50-oil-free-sunshield-cream-29467,این محصول عالیه و رد رو سفیدی رو پوست نمیذاره,0,false,2024-08-26T12:44:18+00:00,مثبت,0.79,محصول,محصول
ضد آفتاب بی رنگ فاقد چربی اس پی اف 50 مات کننده آکنه سل پلاس,https://www.khanoumi.com/products/ardene-ardene-sun-acnesol-plus-spf50-oil-free-sunshield-cream-29467,عالیههه باتوجه به قیمتش فوق العادس,0,false,2024-08-26T10:59:57+00:00,مثبت,0.79,قیمت,قیمت
ضد آفتاب بی رنگ فاقد چربی اس پی اف 50 مات کننده آکنه سل پلاس,https://www.khanoumi.com/products/ardene-ardene-sun-acnesol-plus-spf50-oil-free-sunshield-cream-29467,نسبت به قیمتش خوبه باعث آکنه نمیشه ولی ی زره رد سفیدی ب جا میزاره یکم سنگینه از 5نمره بهش 2.5میدم ,0,false,2024-08-26T10:29:54+00:00,مثبت,0.79,قیمت,قیمت
ضد آفتاب بی رنگ فاقد چربی اس پی اف 50 مات کننده آکنه سل پلاس,https://www.khanoumi.com/products/ardene-ardene-sun-acnesol-plus-spf50-oil-free-sunshield-cream-29467,از محصولات ایرانی برند آردن واقعا برند خوبیه و ارزش خرید داره.من از چند سال پیش که آردن اینقدر تنوع محصول نداشت و فقط یکی دو مدل ضدآفتاب داشت فقط،از این برند استفاده میکردم.از همون موقع راضی بودم و هستم تا الان.واقعا ضدآفتاب خیلی خوبیه این مدل و مات هست و زود جذب میشه و اصلا باعث جوش نمیشه.برند آردن ارزش خرید داره,0,false,2024-08-26T08:31:34+00:00,مثبت,0.95,محصول | قیمت | اصل بودن کالا,محصول
ضد آفتاب بی رنگ فاقد چربی اس پی اف 50 مات کننده آکنه سل پلاس,https://www.khanoumi.com/products/ardene-ardene-sun-acnesol-plus-spf50-oil-free-sunshield-cream-29467,نسبت به قیمتش کارتون رو راه میندازه مهم اینه توقع شما از یه ضد آفتاب چیه اینکه پیل نشه بعدش محو شه بتونین ارایش کنین یا فقط همون رو صورتتون باشه ب نظرم اونجوری مثل آبرسان نیست که محو شه کامل,0,false,2024-08-26T02:53:14+00:00,خنثی,0.35,محصول | قیمت,محصول
ضد آفتاب بی رنگ فاقد چربی اس پی اف 50 مات کننده آکنه سل پلاس,https://www.khanoumi.com/products/ardene-ardene-sun-acnesol-plus-spf50-oil-free-sunshield-cream-29467,"عالیه سبک و زود جذب دکتر پوست واسم تجویز کرد 
روی پوست مات میشه بینظیره",0,false,2024-08-25T23:06:32+00:00,مثبت,0.79,محصول,محصول
ضد آفتاب بی رنگ فاقد چربی اس پی اف 50 مات کننده آکنه سل پلاس,https://www.khanoumi.com/products/ardene-ardene-sun-acnesol-plus-spf50-oil-free-sunshield-cream-29467,ضدافتابش بینظیره دکتر پوست واسم تجویز کرد خیلی سبکو زود جذب و پوستو شفاف میکنه عاشقشم ,0,false,2024-08-25T23:02:37+00:00,مثبت,0.67,محصول,محصول
ضد آفتاب بی رنگ فاقد چربی اس پی اف 50 مات کننده آکنه سل پلاس,https://www.khanoumi.com/products/ardene-ardene-sun-acnesol-plus-spf50-oil-free-sunshield-cream-29467,عالیه حرف نداره من راضی هستم,0,false,2024-08-25T18:15:33+00:00,منفی,0.91,سایر,سایر
ضد آفتاب بی رنگ فاقد چربی اس پی اف 50 مات کننده آکنه سل پلاس,https://www.khanoumi.com/products/ardene-ardene-sun-acnesol-plus-spf50-oil-free-sunshield-cream-29467,سبک و برای استفاده روزانه عالی هست,0,false,2024-08-25T16:30:36+00:00,مثبت,0.67,سایر,سایر
ضد آفتاب بی رنگ فاقد چربی اس پی اف 50 مات کننده آکنه سل پلاس,https://www.khanoumi.com/products/ardene-ardene-sun-acnesol-plus-spf50-oil-free-sunshield-cream-29467,خیلی سریع جذب میشه و احساس چربی روی پوست نمیده در کل خوبه,0,false,2024-08-25T15:28:49+00:00,منفی,0.79,محصول,محصول
ضد آفتاب بی رنگ فاقد چربی اس پی اف 50 مات کننده آکنه سل پلاس,https://www.khanoumi.com/products/ardene-ardene-sun-acnesol-plus-spf50-oil-free-sunshield-cream-29467,رو پوستم خیلی خوب نبود,0,false,2024-08-25T13:03:26+00:00,منفی,0.67,محصول,محصول
ضد آفتاب بی رنگ فاقد چربی اس پی اف 50 مات کننده آکنه سل پلاس,https://www.khanoumi.com/products/ardene-ardene-sun-acnesol-plus-spf50-oil-free-sunshield-cream-29467,این ضد آفتاب فوق العاده ست اصلا رد چربی و سفیدی نمیندازه,0,false,2024-08-25T12:16:51+00:00,مثبت,0.79,اصل بودن کالا,اصل بودن کالا
ضد آفتاب بی رنگ فاقد چربی اس پی اف 50 مات کننده آکنه سل پلاس,https://www.khanoumi.com/products/ardene-ardene-sun-acnesol-plus-spf50-oil-free-sunshield-cream-29467,"ضدآفتاب خیلی خوبیه زمانی که استفاده کردم اصلا پوستم جوش نزد 
راضیم ازش فوق العادست",0,false,2024-08-25T12:13:54+00:00,مثبت,0.95,محصول | اصل بودن کالا,محصول
ضد آفتاب بی رنگ فاقد چربی اس پی اف 50 مات کننده آکنه سل پلاس,https://www.khanoumi.com/products/ardene-ardene-sun-acnesol-plus-spf50-oil-free-sunshield-cream-29467,"محافظت خوبی داره 
باعث جوش نشد",0,false,2024-08-25T11:38:39+00:00,مثبت,0.67,سایر,سایر
ضد آفتاب بی رنگ فاقد چربی اس پی اف 50 مات کننده آکنه سل پلاس,https://www.khanoumi.com/products/ardene-ardene-sun-acnesol-plus-spf50-oil-free-sunshield-cream-29467,من سالهاست از  انواع ضد آفتاب های آردن استفاده میکنم به پوستم میسازه و  استفاده مداوم از ضد آفتاب باعث شده جوانتر از سنم به نظر بیام ,0,false,2024-08-25T11:20:08+00:00,خنثی,0.35,محصول,محصول
ضد آفتاب بی رنگ فاقد چربی اس پی اف 50 مات کننده آکنه سل پلاس,https://www.khanoumi.com/products/ardene-ardene-sun-acnesol-plus-spf50-oil-free-sunshield-cream-29467,"سلام 
خوبه جذب پوست میشه من راضی بودم",0,false,2024-08-25T11:06:41+00:00,مثبت,0.91,محصول,محصول
ضد آفتاب بی رنگ فاقد چربی اس پی اف 50 مات کننده آکنه سل پلاس,https://www.khanoumi.com/products/ardene-ardene-sun-acnesol-plus-spf50-oil-free-sunshield-cream-29467,من از این محصول استفاده کردم واقعا روی پوستم سبک بود و احساس خوبی باهاش داشتم. در کل راضی بودم. ,0,false,2024-08-25T10:39:19+00:00,مثبت,0.79,محصول,محصول
ضد آفتاب بی رنگ فاقد چربی اس پی اف 50 مات کننده آکنه سل پلاس,https://www.khanoumi.com/products/ardene-ardene-sun-acnesol-plus-spf50-oil-free-sunshield-cream-29467,من از این محصول استفاده کردم خیلی سبک هست و قشنگ روی پوستم میخابه من واقعا راضی بودم ازش. ,0,false,2024-08-25T10:24:03+00:00,مثبت,0.67,محصول,محصول
ضد آفتاب بی رنگ فاقد چربی اس پی اف 50 مات کننده آکنه سل پلاس,https://www.khanoumi.com/products/ardene-ardene-sun-acnesol-plus-spf50-oil-free-sunshield-cream-29467,خوبه روشن میکنه پوستو,0,false,2024-08-25T09:14:29+00:00,مثبت,0.79,محصول,محصول
ضد آفتاب بی رنگ فاقد چربی اس پی اف 50 مات کننده آکنه سل پلاس,https://www.khanoumi.com/products/ardene-ardene-sun-acnesol-plus-spf50-oil-free-sunshield-cream-29467,من این ضد آفتاب رو اولش به خاطر قیمت مناسبش برای برادرم خریدم اما بعد از استفاده که دیذم چقدر خوبه و اصلا باعث جوش نمیشه و واقعا محافظت خوبی داره و زودجذبه خودم هم شروع به استفاده اش کردم,0,true,2024-08-25T03:34:37+00:00,مثبت,0.95,اصل بودن کالا | قیمت,اصل بودن کالا
ضد آفتاب بی رنگ فاقد چربی اس پی اف 50 مات کننده آکنه سل پلاس,https://www.khanoumi.com/products/ardene-ardene-sun-acnesol-plus-spf50-oil-free-sunshield-cream-29467,این محصول رو چندباری خریدم خیلی عالیه و واقعا ازش راضی بودیم اینکه باعث جوش زدن نمیشه و سبک خیلی خوبه,0,false,2024-08-25T01:10:24+00:00,مثبت,0.95,محصول,محصول
ضد آفتاب بی رنگ فاقد چربی اس پی اف 50 مات کننده آکنه سل پلاس,https://www.khanoumi.com/products/ardene-ardene-sun-acnesol-plus-spf50-oil-free-sunshield-cream-29467,پوست من مدتیه دچار التهاب شده و باید از محصولات بدون چربی استفاده کنم، این محصول التهابات صورتمو تشدید نکرد و باعث جوش نشد و از این بابت راضی بودم، سبکه، زود جذبه و یه مقدار هم پوست رو مات میکنه، تو منطقه ییلاقی امتحانش کردم و پوستم آفتاب سوخته نشد پس واقعا میتونم بگم محافظت خوبی داره، تنها مشکلش که تو نظرات هم خونده بودم اینه که روی پوست دلمه دلمه میشه، برای حل این مشکل قبل از استفاده باید با شوینده صورت و شست، سرم و مرطوب کننده زد بعد ضدآفتابو به صورت ضربه ای پخش کرد، اگه بمونه دلمه ای میشه، در کل ازش راضی ام نسبت به قیمتش خیلی خوبه.,0,true,2024-08-25T00:18:08+00:00,مثبت,0.95,محصول | قیمت,محصول
ضد آفتاب بی رنگ فاقد چربی اس پی اف 50 مات کننده آکنه سل پلاس,https://www.khanoumi.com/products/ardene-ardene-sun-acnesol-plus-spf50-oil-free-sunshield-cream-29467,عالیه واقعا  کیفیتش خوبه,0,false,2024-08-24T23:31:07+00:00,مثبت,0.95,محصول,محصول
ضد آفتاب بی رنگ فاقد چربی اس پی اف 50 مات کننده آکنه سل پلاس,https://www.khanoumi.com/products/ardene-ardene-sun-acnesol-plus-spf50-oil-free-sunshield-cream-29467,این ضد آفتاب کاملا معمولیه و برای پوست چرب مناسبه. برای این قیمت یکی از انتخابای خوب و راضی کنندست ولی انتظار خیلی بالایی ازش نداشته باشید.,0,false,2024-08-24T23:23:45+00:00,مثبت,0.79,محصول | قیمت,محصول
ضد آفتاب بی رنگ فاقد چربی اس پی اف 50 مات کننده آکنه سل پلاس,https://www.khanoumi.com/products/ardene-ardene-sun-acnesol-plus-spf50-oil-free-sunshield-cream-29467,من از خانومی این ضد آفتاب رو تهیه نکردم و از داروخانه خریدم راضی نبودم باهاش جوش زدم دیر جذب می شد و رد سفیدی بدی هم داشت ,0,false,2024-08-24T23:13:09+00:00,منفی,0.79,محصول,محصول
ضد آفتاب بی رنگ فاقد چربی اس پی اف 50 مات کننده آکنه سل پلاس,https://www.khanoumi.com/products/ardene-ardene-sun-acnesol-plus-spf50-oil-free-sunshield-cream-29467,برا منی ک پوستم انقد چربه و جوش میزد این محصول واقعا عالی بود,0,false,2024-08-24T22:42:01+00:00,مثبت,0.79,محصول,محصول
ضد آفتاب بی رنگ فاقد چربی اس پی اف 50 مات کننده آکنه سل پلاس,https://www.khanoumi.com/products/ardene-ardene-sun-acnesol-plus-spf50-oil-free-sunshield-cream-29467,این ضد آفتاب برای پوست چرب عالیه زود جذب میشه.من ک راضی بودم,0,false,2024-08-24T22:41:08+00:00,مثبت,0.91,محصول,محصول
ضد آفتاب بی رنگ فاقد چربی اس پی اف 50 مات کننده آکنه سل پلاس,https://www.khanoumi.com/products/ardene-ardene-sun-acnesol-plus-spf50-oil-free-sunshield-cream-29467,نسبت به قیمتش ضدآفتاب خوبیه...,0,false,2024-08-24T22:18:08+00:00,مثبت,0.67,قیمت,قیمت
ضد آفتاب بی رنگ فاقد چربی اس پی اف 50 مات کننده آکنه سل پلاس,https://www.khanoumi.com/products/ardene-ardene-sun-acnesol-plus-spf50-oil-free-sunshield-cream-29467,عالیه پیشنها میکنم بخرید پشیمون نمیشین,0,false,2024-08-24T22:17:31+00:00,مثبت,0.91,محصول,محصول
ضد آفتاب بی رنگ فاقد چربی اس پی اف 50 مات کننده آکنه سل پلاس,https://www.khanoumi.com/products/ardene-ardene-sun-acnesol-plus-spf50-oil-free-sunshield-cream-29467,ضدآفتاب خوبیه قیمتشم مناسبه فقط یه خورده رد سفیدی میندازه و بنظرم برای پوستهای خشک مناسب تره,0,false,2024-08-24T22:06:32+00:00,مثبت,0.67,محصول | قیمت,محصول
ضد آفتاب بی رنگ فاقد چربی اس پی اف 50 مات کننده آکنه سل پلاس,https://www.khanoumi.com/products/ardene-ardene-sun-acnesol-plus-spf50-oil-free-sunshield-cream-29467,خوب بود یکم پیل میشه روی پوست فقط,0,false,2024-08-24T21:44:38+00:00,مثبت,0.79,محصول,محصول
ضد آفتاب بی رنگ فاقد چربی اس پی اف 50 مات کننده آکنه سل پلاس,https://www.khanoumi.com/products/ardene-ardene-sun-acnesol-plus-spf50-oil-free-sunshield-cream-29467,نسبت به قیمتش خوبه . معمولیه نسبتا,0,false,2024-08-24T21:41:49+00:00,مثبت,0.79,محصول | قیمت,محصول
ضد آفتاب بی رنگ فاقد چربی اس پی اف 50 مات کننده آکنه سل پلاس,https://www.khanoumi.com/products/ardene-ardene-sun-acnesol-plus-spf50-oil-free-sunshield-cream-29467,خیلی خوبه,0,false,2024-08-24T21:38:46+00:00,مثبت,0.91,سایر,سایر
ضد آفتاب بی رنگ فاقد چربی اس پی اف 50 مات کننده آکنه سل پلاس,https://www.khanoumi.com/products/ardene-ardene-sun-acnesol-plus-spf50-oil-free-sunshield-cream-29467,هر چی بگم کم گفتم عالیه هم کارایی خوبی داره خیلی راحت روی صورت پخش میشه و بافت دوست داشتنی ای داره اصلا روی صورت برق نمیندازه حفاظتش هم مناسبه,0,false,2024-08-24T21:38:19+00:00,مثبت,0.95,محصول | اصل بودن کالا,محصول
ضد آفتاب بی رنگ فاقد چربی اس پی اف 50 مات کننده آکنه سل پلاس,https://www.khanoumi.com/products/ardene-ardene-sun-acnesol-plus-spf50-oil-free-sunshield-cream-29467,"باعث جوش نمیشه 
محافظت خوبی داره",0,false,2024-08-24T21:36:02+00:00,مثبت,0.67,سایر,سایر
ضد آفتاب بی رنگ فاقد چربی اس پی اف 50 مات کننده آکنه سل پلاس,https://www.khanoumi.com/products/ardene-ardene-sun-acnesol-plus-spf50-oil-free-sunshield-cream-29467,"نسبت به قیمتش ضد اقتاب خیلی خوبیه 
مخصوص برای پوست چرب روی پوست مات میشه ",0,false,2024-08-24T21:17:45+00:00,مثبت,0.79,محصول | قیمت,محصول
ضد آفتاب بی رنگ فاقد چربی اس پی اف 50 مات کننده آکنه سل پلاس,https://www.khanoumi.com/products/ardene-ardene-sun-acnesol-plus-spf50-oil-free-sunshield-cream-29467, استفاده کردم جذب پوست میشه راحت قیمتش مناسبه باتوجه به اینکه پوست حساسی دارم جوش نزدم ,0,false,2024-08-24T20:22:53+00:00,خنثی,0.35,محصول | قیمت,محصول
ضد آفتاب بی رنگ فاقد چربی اس پی اف 50 مات کننده آکنه سل پلاس,https://www.khanoumi.com/products/ardene-ardene-sun-acnesol-plus-spf50-oil-free-sunshield-cream-29467,خیلی ضد آفتاب سبک و زود جذبیه و با پوستم سازگاره و حتی پوستمو نرم و لطیف و شاداب میکنه.خیلی دوسشدارم ,0,false,2024-08-24T17:47:18+00:00,خنثی,0.35,محصول,محصول
ضد آفتاب بی رنگ فاقد چربی اس پی اف 50 مات کننده آکنه سل پلاس,https://www.khanoumi.com/products/ardene-ardene-sun-acnesol-plus-spf50-oil-free-sunshield-cream-29467,من تقریبا یک سالی میشه ک هی مجدد شارژش میکنم و واقعا بشدت دوستش دارم و یک فینیش مات داره و چربی پوستم رو به خوبی کنترل میکنه و اصلا اصلا برام سنگین نیست، وقتی استفادش میکنم حس سنگینی رو پوستم ندارم و حس میکنم به مرور رو کاهش لک های جوش ها هم تاثیر داشته . و اینکه قیمت خیلی خوبی داره و ارزش خرید داره . واقعا پیشنهادش میکنم.,0,false,2024-08-24T17:27:24+00:00,مثبت,0.95,محصول | اصل بودن کالا | قیمت,محصول
ضد آفتاب بی رنگ فاقد چربی اس پی اف 50 مات کننده آکنه سل پلاس,https://www.khanoumi.com/products/ardene-ardene-sun-acnesol-plus-spf50-oil-free-sunshield-cream-29467,ضد آفتاب خیلی خوبیە بافت سبکی دارە و برای استفادە رورانه خیلی خوبە من ازش استفاده کردم و راضی بودم ازش ,0,false,2024-08-24T17:26:10+00:00,مثبت,0.95,محصول,محصول
ضد آفتاب بی رنگ فاقد چربی اس پی اف 50 مات کننده آکنه سل پلاس,https://www.khanoumi.com/products/ardene-ardene-sun-acnesol-plus-spf50-oil-free-sunshield-cream-29467,من راضیم وهمیشه ازش استفاده می کنم,0,false,2024-08-24T13:21:06+00:00,مثبت,0.79,سایر,سایر
پد آرایشی تخم مرغی ارسال با رنگ رندوم,https://www.khanoumi.com/products/connert-makeup-pad-29480,خوب بود راضیم,0,true,2026-08-26T02:34:08.0954188+03:30,مثبت,0.95,محصول,محصول
پد آرایشی تخم مرغی ارسال با رنگ رندوم,https://www.khanoumi.com/products/connert-makeup-pad-29480,خیلی خوبن،من شانسی سفارش دادم اما خیلی خوب بود به خصوص وقتی خیسش میکنی,0,true,2026-08-10T17:31:06.6239071+03:30,مثبت,0.95,محصول,محصول
پد آرایشی تخم مرغی ارسال با رنگ رندوم,https://www.khanoumi.com/products/connert-makeup-pad-29480,بد نبود,0,false,2026-06-18T08:50:05.6976995+03:30,مثبت,0.67,محصول,محصول
پد آرایشی تخم مرغی ارسال با رنگ رندوم,https://www.khanoumi.com/products/connert-makeup-pad-29480,پد خوبیه،چندمین باره که از خانومی میگیرم ، نسبت به قیمتش برای من کارایی زیادی داشت ،هردفعه قبل استفاده با اب و صابون میشورمش,0,true,2026-06-03T14:18:45.691488+03:30,مثبت,0.67,محصول | قیمت,محصول
پد آرایشی تخم مرغی ارسال با رنگ رندوم,https://www.khanoumi.com/products/connert-makeup-pad-29480,برای من رنگ صورتی ارسال شد، کیفیتش خوبه، البته حس میکنم مقدار زیادی از ضدافتاب رنگیمو جذب خودش میکنه. اندازش متوسط رو به کوچیکه ولی وقتی خیس میشه خیلی بزرگتر میشه، ازش راضیم، تا الان بارها شده که با شوینده شستمش و اصلا خراب نشده.,0,true,2026-05-05T10:48:39.3754699+03:30,مثبت,0.91,محصول | تحویل و ارسال | اصل بودن کالا,محصول
پد آرایشی تخم مرغی ارسال با رنگ رندوم,https://www.khanoumi.com/products/connert-makeup-pad-29480,پد خوبیه,0,true,2026-04-14T08:34:00.0786319+03:30,مثبت,0.67,سایر,سایر
پد آرایشی تخم مرغی ارسال با رنگ رندوم,https://www.khanoumi.com/products/connert-makeup-pad-29480,عالی نیس خوبه,0,true,2026-02-14T23:22:12.5750203+03:30,مثبت,0.91,سایر,سایر
پد آرایشی تخم مرغی ارسال با رنگ رندوم,https://www.khanoumi.com/products/connert-makeup-pad-29480,سایز مناسبی داره ، نرم و لطیفه ، بسته بندی خوبی داشت,0,true,2025-12-25T11:51:59.3386167+03:30,مثبت,0.67,تحویل و ارسال | محصول,تحویل و ارسال
پد آرایشی تخم مرغی ارسال با رنگ رندوم,https://www.khanoumi.com/products/connert-makeup-pad-29480,خوب,0,true,2025-12-09T20:08:32.0373723+03:30,مثبت,0.67,سایر,سایر
پد آرایشی تخم مرغی ارسال با رنگ رندوم,https://www.khanoumi.com/products/connert-makeup-pad-29480,نسبت به قیمت عالی بود,0,true,2025-12-08T13:23:29.0308835+03:30,مثبت,0.79,محصول | قیمت,محصول
پد آرایشی تخم مرغی ارسال با رنگ رندوم,https://www.khanoumi.com/products/connert-makeup-pad-29480,"مرسی که یاسی فرستادین 
خوب بود کیفیتش",0,true,2025-11-11T16:18:02.6917533+03:30,مثبت,0.91,محصول,محصول
پد آرایشی تخم مرغی ارسال با رنگ رندوم,https://www.khanoumi.com/products/connert-makeup-pad-29480,واقعا خیلی خوبن یک سوم قیمت بازار,0,true,2025-11-07T11:09:25.3998409+03:30,مثبت,0.79,قیمت,قیمت
پد آرایشی تخم مرغی ارسال با رنگ رندوم,https://www.khanoumi.com/products/connert-makeup-pad-29480,خیلی سفت بدون انعطاف بود خوشم نیومد,0,true,2025-11-01T18:20:02.3007039+03:30,منفی,0.67,محصول,محصول
پد آرایشی تخم مرغی ارسال با رنگ رندوم,https://www.khanoumi.com/products/connert-makeup-pad-29480,خوب بود,0,true,2025-11-01T09:44:18.4583+03:30,مثبت,0.79,محصول,محصول
پد آرایشی تخم مرغی ارسال با رنگ رندوم,https://www.khanoumi.com/products/connert-makeup-pad-29480,خیلی عالی بود واقعا راضی بودم,0,true,2025-10-23T22:55:33.0124579+03:30,مثبت,0.91,محصول,محصول
پد آرایشی تخم مرغی ارسال با رنگ رندوم,https://www.khanoumi.com/products/connert-makeup-pad-29480,خوب نیست زبری داره,0,false,2025-10-18T19:59:18.9433807+03:30,منفی,0.67,سایر,سایر
پد آرایشی تخم مرغی ارسال با رنگ رندوم,https://www.khanoumi.com/products/connert-makeup-pad-29480,برای من خوب ارسال شده بود سفتو بدرد نخور نبود,0,true,2025-10-02T16:54:06.561888+03:30,مثبت,0.79,محصول | تحویل و ارسال,محصول
پد آرایشی تخم مرغی ارسال با رنگ رندوم,https://www.khanoumi.com/products/connert-makeup-pad-29480,افتضاح بود،اصلا کیفیت نداره.از متفرقه های ارزونه بیرون هم بی کیفیت تر بود.انداختمش یه گوشه انقدر بده,0,true,2025-09-15T01:26:27.0096368+03:30,منفی,0.91,محصول | قیمت | اصل بودن کالا,اصل بودن کالا
پد آرایشی تخم مرغی ارسال با رنگ رندوم,https://www.khanoumi.com/products/connert-makeup-pad-29480,افتضاح بود اصلا نوک نداشت و بشدت آسیب دیده بود.,0,true,2025-08-09T18:06:07.2171621+00:00,منفی,0.79,محصول | اصل بودن کالا,اصل بودن کالا
پد آرایشی تخم مرغی ارسال با رنگ رندوم,https://www.khanoumi.com/products/connert-makeup-pad-29480,افتضاح بود، بهش آب میرسید عین خمیر میشد، وقتی هم که فشار میدادی آب از خارج بشه، همون جور عین خمیر میموند و اصلا به حالت قبل بر نمی گشت.,0,true,2025-07-07T01:54:24.4230996+00:00,ترکیبی,0.66,محصول | تحویل و ارسال | اصل بودن کالا,محصول
پد آرایشی تخم مرغی ارسال با رنگ رندوم,https://www.khanoumi.com/products/connert-makeup-pad-29480,یکمی سفت بود.,0,true,2025-06-29T09:37:45.3618485+00:00,خنثی,0.35,محصول,محصول
پد آرایشی تخم مرغی ارسال با رنگ رندوم,https://www.khanoumi.com/products/connert-makeup-pad-29480,عالی,0,true,2025-06-22T19:48:08.9806736+00:00,مثبت,0.67,سایر,سایر
پد آرایشی تخم مرغی ارسال با رنگ رندوم,https://www.khanoumi.com/products/connert-makeup-pad-29480,خوب بود,0,true,2025-06-09T15:17:19.87219+00:00,مثبت,0.79,محصول,محصول
پد آرایشی تخم مرغی ارسال با رنگ رندوم,https://www.khanoumi.com/products/connert-makeup-pad-29480,بسیار نرم و کاربردی,0,true,2025-06-01T14:19:30.9493508+00:00,خنثی,0.35,سایر,سایر
پد آرایشی تخم مرغی ارسال با رنگ رندوم,https://www.khanoumi.com/products/connert-makeup-pad-29480,واسه من اصلا خوب نبود خیلی سفته حتی با خیس کردن هم نرم نمیشه,0,true,2025-05-12T03:57:54.7547619+00:00,خنثی,0.4,محصول | اصل بودن کالا,محصول
پد آرایشی تخم مرغی ارسال با رنگ رندوم,https://www.khanoumi.com/products/connert-makeup-pad-29480,یکمی از ابعادی که فکر میکردم کوچیک تر بود ولی بافت نرمی داره که برای بلند کردن عالیه,0,true,2025-03-17T18:51:23.9915727+00:00,مثبت,0.79,محصول,محصول
پد آرایشی تخم مرغی ارسال با رنگ رندوم,https://www.khanoumi.com/products/connert-makeup-pad-29480,با این‌قیمت فقط میتونید اینجا خرید کنید. بیرون‌50تومن باید بدید. تراکمش عالیه، جنسش هم همینطور... شک نکنید واسه سفارش,0,true,2025-03-12T23:53:49.6039344+00:00,ترکیبی,0.74,محصول | قیمت,محصول
پد آرایشی تخم مرغی ارسال با رنگ رندوم,https://www.khanoumi.com/products/connert-makeup-pad-29480,اصلا خوب نیست بی کیفیت و جای ناخن روی آن است,0,true,2025-02-11T13:45:50.1233017+00:00,منفی,0.67,محصول | اصل بودن کالا,اصل بودن کالا
پد آرایشی تخم مرغی ارسال با رنگ رندوم,https://www.khanoumi.com/products/connert-makeup-pad-29480,اندازش بزرگه ،خیلی متراکمه من واقعا راضی بودم با تخفیف,0,true,2025-01-30T13:33:22.5704864+00:00,مثبت,0.67,محصول | قیمت,محصول
پد آرایشی تخم مرغی ارسال با رنگ رندوم,https://www.khanoumi.com/products/connert-makeup-pad-29480,چرا برندش مشخص نیست توضیح درستی نداره حتی مشخص نیست کوچیکه یا بزرگ,0,false,2025-01-14T20:53:31.7413064+00:00,خنثی,0.35,سایر,سایر
روغن آرگان ترمیم کننده مو مدل Oil-Elixir مناسب موهای خشک 75میل,https://www.khanoumi.com/products/schwarzkopf-gliss-argan-oil-75ml-29481,چه موقع استفاده بشه قبل حموم یا بعدش؟ هم برای ریشه هم ساقه استفاده میشه؟,0,false,2026-04-19T08:49:20.8383472+03:30,خنثی,0.35,محصول,محصول
روغن آرگان ترمیم کننده مو مدل Oil-Elixir مناسب موهای خشک 75میل,https://www.khanoumi.com/products/schwarzkopf-gliss-argan-oil-75ml-29481,اصل باشه و کیفیت خوب عالیه,0,false,2026-03-21T18:47:49.6239841+03:30,مثبت,0.95,محصول | اصل بودن کالا,محصول
روغن آرگان ترمیم کننده مو مدل Oil-Elixir مناسب موهای خشک 75میل,https://www.khanoumi.com/products/schwarzkopf-gliss-argan-oil-75ml-29481,من ، داداشم و مامانم عاشقشیم،لطفا زودتر شارژش کنید.ممنووون,0,false,2025-06-29T10:22:35.7512109+00:00,خنثی,0.35,سایر,سایر
روغن آرگان ترمیم کننده مو مدل Oil-Elixir مناسب موهای خشک 75میل,https://www.khanoumi.com/products/schwarzkopf-gliss-argan-oil-75ml-29481,این محصول کی شارژ میشه پس,0,false,2025-03-02T10:13:36.1039607+00:00,خنثی,0.35,محصول,محصول
روغن آرگان ترمیم کننده مو مدل Oil-Elixir مناسب موهای خشک 75میل,https://www.khanoumi.com/products/schwarzkopf-gliss-argan-oil-75ml-29481,میشه موجود کنید,0,true,2025-02-23T07:37:28.3425892+00:00,خنثی,0.35,محصول,محصول
روغن آرگان ترمیم کننده مو مدل Oil-Elixir مناسب موهای خشک 75میل,https://www.khanoumi.com/products/schwarzkopf-gliss-argan-oil-75ml-29481,لطفا شارژس کنین,0,false,2025-02-21T11:20:42.1722741+00:00,خنثی,0.35,سایر,سایر
روغن آرگان ترمیم کننده مو مدل Oil-Elixir مناسب موهای خشک 75میل,https://www.khanoumi.com/products/schwarzkopf-gliss-argan-oil-75ml-29481,سلام لطفاً این محصول و موجود کنید,0,false,2025-02-17T15:21:14.4675735+00:00,خنثی,0.35,محصول,محصول
روغن آرگان ترمیم کننده مو مدل Oil-Elixir مناسب موهای خشک 75میل,https://www.khanoumi.com/products/schwarzkopf-gliss-argan-oil-75ml-29481,لطفااااااااا موجود کنید عااااالی بود,0,false,2025-02-07T14:53:19.3080086+00:00,خنثی,0.35,محصول,محصول
روغن آرگان ترمیم کننده مو مدل Oil-Elixir مناسب موهای خشک 75میل,https://www.khanoumi.com/products/schwarzkopf-gliss-argan-oil-75ml-29481,سلام لطفا لطفا لطفا این محصول رو شارژ بفرمایید... با تشکر,0,true,2025-01-05T11:53:12.3649279+00:00,خنثی,0.35,محصول,محصول
روغن آرگان ترمیم کننده مو مدل Oil-Elixir مناسب موهای خشک 75میل,https://www.khanoumi.com/products/schwarzkopf-gliss-argan-oil-75ml-29481,"سلام 
لطفااا این محصول روغن مو گلیس آرگان رو شارژ کنید من خیلی وقته منتظرش هستم 
با تشکر از فروشگاه خانومی",0,false,2024-12-22T18:46:50.3557244+00:00,خنثی,0.35,محصول,محصول
روغن آرگان ترمیم کننده مو مدل Oil-Elixir مناسب موهای خشک 75میل,https://www.khanoumi.com/products/schwarzkopf-gliss-argan-oil-75ml-29481,خیلی وقته منتظرشم لطفا شارژ کنید من بجز این روغن نمیتونم روغن دیگه ای استفاده کنم,0,true,2024-12-20T12:15:25.2734909+00:00,خنثی,0.35,سایر,سایر
روغن آرگان ترمیم کننده مو مدل Oil-Elixir مناسب موهای خشک 75میل,https://www.khanoumi.com/products/schwarzkopf-gliss-argan-oil-75ml-29481,موجود کنید لطفا,0,false,2024-11-22T17:51:33.1224111+00:00,خنثی,0.35,محصول,محصول
روغن آرگان ترمیم کننده مو مدل Oil-Elixir مناسب موهای خشک 75میل,https://www.khanoumi.com/products/schwarzkopf-gliss-argan-oil-75ml-29481,این محصول عالیه لطفا موجودش کنید,0,false,2024-11-05T11:50:08.6147039+00:00,مثبت,0.79,محصول,محصول
روغن آرگان ترمیم کننده مو مدل Oil-Elixir مناسب موهای خشک 75میل,https://www.khanoumi.com/products/schwarzkopf-gliss-argan-oil-75ml-29481,روغن ارگان خوبیه لطفا موجودش کنین,0,true,2024-10-20T08:58:08.8637362+00:00,مثبت,0.67,محصول,محصول
روغن آرگان ترمیم کننده مو مدل Oil-Elixir مناسب موهای خشک 75میل,https://www.khanoumi.com/products/schwarzkopf-gliss-argan-oil-75ml-29481,"لطفا موجود کنید مرسی
",0,false,2024-09-26T07:56:00+00:00,مثبت,0.67,محصول,محصول
روغن آرگان ترمیم کننده مو مدل Oil-Elixir مناسب موهای خشک 75میل,https://www.khanoumi.com/products/schwarzkopf-gliss-argan-oil-75ml-29481,سلام محصول عالی هست لطفا موجود کنید,0,false,2024-09-19T11:18:43+00:00,مثبت,0.67,محصول,محصول
روغن آرگان ترمیم کننده مو مدل Oil-Elixir مناسب موهای خشک 75میل,https://www.khanoumi.com/products/schwarzkopf-gliss-argan-oil-75ml-29481,"من هم برای خودم هم برای دخترام استفاده کردم خیلی خیلی خیلی راضی بودم
لطفا موجودش کنید ",0,true,2024-07-09T13:17:28+00:00,مثبت,0.67,محصول,محصول
روغن آرگان ترمیم کننده مو مدل Oil-Elixir مناسب موهای خشک 75میل,https://www.khanoumi.com/products/schwarzkopf-gliss-argan-oil-75ml-29481,خیلی عالی بود لطفا دوباره موجود کنید,0,false,2024-06-27T17:25:37+00:00,مثبت,0.79,محصول,محصول
روغن آرگان ترمیم کننده مو مدل Oil-Elixir مناسب موهای خشک 75میل,https://www.khanoumi.com/products/schwarzkopf-gliss-argan-oil-75ml-29481,موجود کنید لطفا,0,false,2024-06-13T19:11:17+00:00,خنثی,0.35,محصول,محصول
روغن آرگان ترمیم کننده مو مدل Oil-Elixir مناسب موهای خشک 75میل,https://www.khanoumi.com/products/schwarzkopf-gliss-argan-oil-75ml-29481,خوبه پف موهارو بعد حموم تاحدی میگیره بوی خوبیم داره نسبت به پنتن ک استفاده کردم قبلا بهتر بود,0,true,2024-06-09T14:22:06+00:00,مثبت,0.91,محصول,محصول
روغن آرگان ترمیم کننده مو مدل Oil-Elixir مناسب موهای خشک 75میل,https://www.khanoumi.com/products/schwarzkopf-gliss-argan-oil-75ml-29481,"این محصول عالیه . من بار اولم بود که خریداری کردم ، بعد از 2 ماه استفاده میخوام نظرمو بگم .
موهای من خشک و وز و پر از موخوره بود ، الان موهام نرم شده و دیگه خبری از موخوره های پایینش نیست . 
موهامو تقویت کرده و دیگه با شونه کشیدن کش نمیاد ، روی مو سنگین نیست و زود جذب میشه .
در خریدش شک نکنین",0,true,2024-05-28T19:39:57+00:00,مثبت,0.79,محصول,محصول
روغن آرگان ترمیم کننده مو مدل Oil-Elixir مناسب موهای خشک 75میل,https://www.khanoumi.com/products/schwarzkopf-gliss-argan-oil-75ml-29481,لطفا موجود کنید,0,false,2024-05-26T23:35:44+00:00,خنثی,0.35,محصول,محصول
روغن آرگان ترمیم کننده مو مدل Oil-Elixir مناسب موهای خشک 75میل,https://www.khanoumi.com/products/schwarzkopf-gliss-argan-oil-75ml-29481,روغن خوبیه بعد حمام موهارو نرم میکنه و تا حد کمی پف موهارو میخابونه بوی خوبی هم داره نسبت به روغن ارگان پنتن از این راضی تر بودم ,0,true,2024-05-26T20:31:16+00:00,مثبت,0.91,محصول,محصول
روغن آرگان ترمیم کننده مو مدل Oil-Elixir مناسب موهای خشک 75میل,https://www.khanoumi.com/products/schwarzkopf-gliss-argan-oil-75ml-29481,خیلی کمه مقدارش، نسبت به نظراتخریدم، ولی اونقدری ک تعریف کردن عالی نیست محصولش!،فقط بوش خوبه نرمی خاصی ایجاد نکرد,0,true,2024-05-13T10:03:31+00:00,مثبت,0.67,محصول,محصول
روغن آرگان ترمیم کننده مو مدل Oil-Elixir مناسب موهای خشک 75میل,https://www.khanoumi.com/products/schwarzkopf-gliss-argan-oil-75ml-29481,خانومی تخفیف بیشترش کن لطفا تا هم بتونیم بخریم,0,false,2024-05-03T10:04:27+00:00,خنثی,0.35,قیمت,قیمت
روغن آرگان ترمیم کننده مو مدل Oil-Elixir مناسب موهای خشک 75میل,https://www.khanoumi.com/products/schwarzkopf-gliss-argan-oil-75ml-29481,لطفا تخفیف بزاریددددد خیلی گرونه,0,true,2024-05-02T13:00:38+00:00,خنثی,0.35,قیمت,قیمت
روغن آرگان ترمیم کننده مو مدل Oil-Elixir مناسب موهای خشک 75میل,https://www.khanoumi.com/products/schwarzkopf-gliss-argan-oil-75ml-29481,خانومی تخفیف بزار خیلی گرونه ,0,false,2024-04-30T13:40:47+00:00,خنثی,0.35,قیمت,قیمت
روغن آرگان ترمیم کننده مو مدل Oil-Elixir مناسب موهای خشک 75میل,https://www.khanoumi.com/products/schwarzkopf-gliss-argan-oil-75ml-29481,خانومییی موجودش کنیددد,0,false,2024-04-27T21:39:56+00:00,خنثی,0.35,محصول,محصول
روغن آرگان ترمیم کننده مو مدل Oil-Elixir مناسب موهای خشک 75میل,https://www.khanoumi.com/products/schwarzkopf-gliss-argan-oil-75ml-29481,"موجودش کنین لطفا
",0,true,2024-04-11T22:54:44+00:00,خنثی,0.35,محصول,محصول
روغن آرگان ترمیم کننده مو مدل Oil-Elixir مناسب موهای خشک 75میل,https://www.khanoumi.com/products/schwarzkopf-gliss-argan-oil-75ml-29481,موجودش کنید لطفا همش چک میکنم میبینم نیست ,0,false,2024-04-09T12:47:02+00:00,خنثی,0.35,محصول,محصول
روغن آرگان ترمیم کننده مو مدل Oil-Elixir مناسب موهای خشک 75میل,https://www.khanoumi.com/products/schwarzkopf-gliss-argan-oil-75ml-29481,شارژش کنید خریدمو تکمیل کنم دیگه تخفیفا هم داره میره از چیزای دیگه که انتخاب کردم 1 هفتست منتظرم ,0,false,2024-04-05T12:52:32+00:00,خنثی,0.35,محصول | قیمت,محصول
روغن آرگان ترمیم کننده مو مدل Oil-Elixir مناسب موهای خشک 75میل,https://www.khanoumi.com/products/schwarzkopf-gliss-argan-oil-75ml-29481,پس کی قراره این محصول شارژ بشه خسته شدیم دیگه,0,true,2024-04-02T14:54:30+00:00,خنثی,0.35,محصول,محصول
روغن آرگان ترمیم کننده مو مدل Oil-Elixir مناسب موهای خشک 75میل,https://www.khanoumi.com/products/schwarzkopf-gliss-argan-oil-75ml-29481,لطفااا شارژش کنید من بخرم,0,false,2024-04-02T13:53:00+00:00,خنثی,0.35,سایر,سایر
روغن آرگان ترمیم کننده مو مدل Oil-Elixir مناسب موهای خشک 75میل,https://www.khanoumi.com/products/schwarzkopf-gliss-argan-oil-75ml-29481,پس کی موجود میکنیددددد,0,false,2024-04-01T15:56:08+00:00,خنثی,0.35,محصول,محصول
روغن آرگان ترمیم کننده مو مدل Oil-Elixir مناسب موهای خشک 75میل,https://www.khanoumi.com/products/schwarzkopf-gliss-argan-oil-75ml-29481,لطفا موجود کنیددد,0,false,2024-03-27T17:31:54+00:00,خنثی,0.35,محصول,محصول
روغن آرگان ترمیم کننده مو مدل Oil-Elixir مناسب موهای خشک 75میل,https://www.khanoumi.com/products/schwarzkopf-gliss-argan-oil-75ml-29481,چرا موجود نمیکنید هروقت میبینم تموم شده,0,false,2024-03-27T13:46:47+00:00,خنثی,0.35,محصول,محصول
روغن آرگان ترمیم کننده مو مدل Oil-Elixir مناسب موهای خشک 75میل,https://www.khanoumi.com/products/schwarzkopf-gliss-argan-oil-75ml-29481,عالی بود ,0,true,2024-03-27T09:11:02+00:00,مثبت,0.79,محصول,محصول
روغن آرگان ترمیم کننده مو مدل Oil-Elixir مناسب موهای خشک 75میل,https://www.khanoumi.com/products/schwarzkopf-gliss-argan-oil-75ml-29481,بهترین روغن مویی بود که داشتم,0,true,2024-03-13T13:06:26+00:00,مثبت,0.67,محصول,محصول
روغن آرگان ترمیم کننده مو مدل Oil-Elixir مناسب موهای خشک 75میل,https://www.khanoumi.com/products/schwarzkopf-gliss-argan-oil-75ml-29481,بوش خدااسسسس,0,false,2024-03-04T01:22:43+00:00,خنثی,0.35,محصول,محصول
روغن آرگان ترمیم کننده مو مدل Oil-Elixir مناسب موهای خشک 75میل,https://www.khanoumi.com/products/schwarzkopf-gliss-argan-oil-75ml-29481,لطفا موجود بشه ,0,true,2024-02-23T12:29:04+00:00,خنثی,0.35,محصول,محصول
روغن آرگان ترمیم کننده مو مدل Oil-Elixir مناسب موهای خشک 75میل,https://www.khanoumi.com/products/schwarzkopf-gliss-argan-oil-75ml-29481,لطفااااا با تخفیف موجود کنید,0,true,2024-02-22T16:49:41+00:00,خنثی,0.35,محصول | قیمت,محصول
روغن آرگان ترمیم کننده مو مدل Oil-Elixir مناسب موهای خشک 75میل,https://www.khanoumi.com/products/schwarzkopf-gliss-argan-oil-75ml-29481,سلام لطفا موجود کنید,0,true,2024-02-22T12:11:06+00:00,خنثی,0.35,محصول,محصول
روغن آرگان ترمیم کننده مو مدل Oil-Elixir مناسب موهای خشک 75میل,https://www.khanoumi.com/products/schwarzkopf-gliss-argan-oil-75ml-29481,خواهش میکنم موجود کنید,0,false,2024-02-18T18:17:45+00:00,خنثی,0.35,محصول,محصول
روغن آرگان ترمیم کننده مو مدل Oil-Elixir مناسب موهای خشک 75میل,https://www.khanoumi.com/products/schwarzkopf-gliss-argan-oil-75ml-29481,چرا موجود نمیشه,0,false,2024-02-17T13:07:20+00:00,خنثی,0.35,محصول,محصول
روغن آرگان ترمیم کننده مو مدل Oil-Elixir مناسب موهای خشک 75میل,https://www.khanoumi.com/products/schwarzkopf-gliss-argan-oil-75ml-29481,لطفاااااا با تخفیف موجودش کنید,0,false,2024-02-13T11:12:09+00:00,خنثی,0.35,محصول | قیمت,محصول
روغن آرگان ترمیم کننده مو مدل Oil-Elixir مناسب موهای خشک 75میل,https://www.khanoumi.com/products/schwarzkopf-gliss-argan-oil-75ml-29481,موجودش کنین دیگه,0,true,2024-02-01T02:13:28+00:00,خنثی,0.35,محصول,محصول
روغن آرگان ترمیم کننده مو مدل Oil-Elixir مناسب موهای خشک 75میل,https://www.khanoumi.com/products/schwarzkopf-gliss-argan-oil-75ml-29481,کاش این روغنو بیشتر موجود داشتین. اومدم بگیرمش و خریدمو ثبت کنم از سبدم رفتش ,0,true,2024-01-29T16:37:24+00:00,منفی,0.67,محصول,محصول
روغن آرگان ترمیم کننده مو مدل Oil-Elixir مناسب موهای خشک 75میل,https://www.khanoumi.com/products/schwarzkopf-gliss-argan-oil-75ml-29481,لطفا با ی تخفیف خوب موجود کنید,0,false,2024-01-25T20:10:03+00:00,مثبت,0.67,محصول | قیمت,محصول
روغن آرگان ترمیم کننده مو مدل Oil-Elixir مناسب موهای خشک 75میل,https://www.khanoumi.com/products/schwarzkopf-gliss-argan-oil-75ml-29481,لطفا تخفیف ویژه دارش کنید,0,false,2024-01-22T13:18:27+00:00,خنثی,0.35,قیمت,قیمت
روغن آرگان ترمیم کننده مو مدل Oil-Elixir مناسب موهای خشک 75میل,https://www.khanoumi.com/products/schwarzkopf-gliss-argan-oil-75ml-29481,لطفا زود تر با تخفیف موجودش کنید,0,false,2024-01-16T10:38:37+00:00,خنثی,0.35,محصول | قیمت,محصول
روغن آرگان ترمیم کننده مو مدل Oil-Elixir مناسب موهای خشک 75میل,https://www.khanoumi.com/products/schwarzkopf-gliss-argan-oil-75ml-29481,لطفا موجود کنید,0,false,2024-01-06T16:31:13+00:00,خنثی,0.35,محصول,محصول
روغن آرگان ترمیم کننده مو مدل Oil-Elixir مناسب موهای خشک 75میل,https://www.khanoumi.com/products/schwarzkopf-gliss-argan-oil-75ml-29481,این روغن مو یه مقدار چربه ولی اگه موهای خشکی دارین یا رنگ کردین، خیلی لطیفش میکنه. در کل من خیلی راضیم,0,true,2024-01-02T15:59:51+00:00,مثبت,0.79,محصول,محصول
روغن آرگان ترمیم کننده مو مدل Oil-Elixir مناسب موهای خشک 75میل,https://www.khanoumi.com/products/schwarzkopf-gliss-argan-oil-75ml-29481,لطفا موجود کنید,0,true,2024-01-01T20:42:32+00:00,خنثی,0.35,محصول,محصول
روغن آرگان ترمیم کننده مو مدل Oil-Elixir مناسب موهای خشک 75میل,https://www.khanoumi.com/products/schwarzkopf-gliss-argan-oil-75ml-29481,بهتر از این محصول برای موی آسیب دیده ندارییییم. بخرید. شک نکنید,0,true,2023-12-31T16:08:33+00:00,خنثی,0.35,محصول,محصول
روغن آرگان ترمیم کننده مو مدل Oil-Elixir مناسب موهای خشک 75میل,https://www.khanoumi.com/products/schwarzkopf-gliss-argan-oil-75ml-29481,خواهشا موجودش کنید خریدم نصفه مونده,0,false,2023-12-19T12:39:39+00:00,خنثی,0.35,محصول,محصول
روغن آرگان ترمیم کننده مو مدل Oil-Elixir مناسب موهای خشک 75میل,https://www.khanoumi.com/products/schwarzkopf-gliss-argan-oil-75ml-29481,لطفا موجود کنید,0,false,2023-12-08T18:57:54+00:00,خنثی,0.35,محصول,محصول
روغن آرگان ترمیم کننده مو مدل Oil-Elixir مناسب موهای خشک 75میل,https://www.khanoumi.com/products/schwarzkopf-gliss-argan-oil-75ml-29481,مو را لطیف میکند اما وز مو را درست نمیکند,0,true,2023-12-02T12:59:29+00:00,خنثی,0.35,محصول,محصول
روغن آرگان ترمیم کننده مو مدل Oil-Elixir مناسب موهای خشک 75میل,https://www.khanoumi.com/products/schwarzkopf-gliss-argan-oil-75ml-29481,لطفا موجودش کنید,0,false,2023-12-02T10:38:53+00:00,خنثی,0.35,محصول,محصول
روغن آرگان ترمیم کننده مو مدل Oil-Elixir مناسب موهای خشک 75میل,https://www.khanoumi.com/products/schwarzkopf-gliss-argan-oil-75ml-29481,لطفا شارژش کنین,0,false,2023-11-29T15:11:29+00:00,خنثی,0.35,سایر,سایر
روغن آرگان ترمیم کننده مو مدل Oil-Elixir مناسب موهای خشک 75میل,https://www.khanoumi.com/products/schwarzkopf-gliss-argan-oil-75ml-29481,عالی بود موهامو نرم میکنه وز مو رو باز میکنه بدون اینکه چرب کنه,0,false,2023-11-28T19:43:05+00:00,ترکیبی,0.74,محصول,محصول
روغن آرگان ترمیم کننده مو مدل Oil-Elixir مناسب موهای خشک 75میل,https://www.khanoumi.com/products/schwarzkopf-gliss-argan-oil-75ml-29481,کیفیت عالی.بوی عالیییی.واقعا عاشقشم.موهامو خیلی نرم و ابریشمی میکنه.حیف دیگه مثل قبل تخفیف خوب نمیخوره,0,false,2023-11-25T15:55:22+00:00,مثبت,0.91,محصول | قیمت,محصول
روغن آرگان ترمیم کننده مو مدل Oil-Elixir مناسب موهای خشک 75میل,https://www.khanoumi.com/products/schwarzkopf-gliss-argan-oil-75ml-29481,لطفا بذارید تخفیف پنجاه درصد چند تا بخرم ، خیلی عالیه این روغن آرگان ,0,true,2023-11-25T09:34:58+00:00,مثبت,0.79,قیمت,قیمت
روغن آرگان ترمیم کننده مو مدل Oil-Elixir مناسب موهای خشک 75میل,https://www.khanoumi.com/products/schwarzkopf-gliss-argan-oil-75ml-29481,تورو خدااا تخفیف رو تکرار کنید.... ,0,false,2023-11-24T13:59:14+00:00,خنثی,0.35,قیمت,قیمت
روغن آرگان ترمیم کننده مو مدل Oil-Elixir مناسب موهای خشک 75میل,https://www.khanoumi.com/products/schwarzkopf-gliss-argan-oil-75ml-29481,چرا موجود نمیشه!!!!!,0,true,2023-11-21T20:08:37+00:00,خنثی,0.35,محصول,محصول
روغن آرگان ترمیم کننده مو مدل Oil-Elixir مناسب موهای خشک 75میل,https://www.khanoumi.com/products/schwarzkopf-gliss-argan-oil-75ml-29481,سلام لطفا تخفیف خوب بزارید براش,0,false,2023-11-15T15:18:09+00:00,مثبت,0.67,قیمت,قیمت
روغن آرگان ترمیم کننده مو مدل Oil-Elixir مناسب موهای خشک 75میل,https://www.khanoumi.com/products/schwarzkopf-gliss-argan-oil-75ml-29481,سلام لطفا شارژش کنید,1,false,2023-11-04T22:21:55+00:00,خنثی,0.35,سایر,سایر
روغن آرگان ترمیم کننده مو مدل Oil-Elixir مناسب موهای خشک 75میل,https://www.khanoumi.com/products/schwarzkopf-gliss-argan-oil-75ml-29481,خیلی دیر به دیر شارژش میکنید,0,true,2023-10-31T00:50:26+00:00,خنثی,0.35,سایر,سایر
روغن آرگان ترمیم کننده مو مدل Oil-Elixir مناسب موهای خشک 75میل,https://www.khanoumi.com/products/schwarzkopf-gliss-argan-oil-75ml-29481,لطفا شارژش کنید سبد خریدم منتظر شارژ این محصوله🙏,2,false,2023-10-02T14:19:38+00:00,منفی,0.67,محصول,محصول
روغن آرگان ترمیم کننده مو مدل Oil-Elixir مناسب موهای خشک 75میل,https://www.khanoumi.com/products/schwarzkopf-gliss-argan-oil-75ml-29481,"خیلی خیلی عالیه
اصلا چرب نیست و به مقدار خیلی کم باید مصرف بشه
من به پیشنهاد آرایشگرم بعد از ویتامینه برای موهام گرفتم و واقعا راضی ام",1,true,2023-10-02T12:55:22+00:00,مثبت,0.95,محصول | اصل بودن کالا,محصول
روغن آرگان ترمیم کننده مو مدل Oil-Elixir مناسب موهای خشک 75میل,https://www.khanoumi.com/products/schwarzkopf-gliss-argan-oil-75ml-29481,من موهامو رنگ کردم و حالت وز و خشک گرفته. این روغن بینهایت بهش کمک میکنه. هم نرم میشه و هم وز موهامو میگیره. قبل از این برند من آدرا داشتم و واقعا راضی نبودم. روغن خوبیه و حتما تهیه کنین.,1,true,2023-09-09T12:06:35+00:00,منفی,0.79,محصول,محصول
روغن آرگان ترمیم کننده مو مدل Oil-Elixir مناسب موهای خشک 75میل,https://www.khanoumi.com/products/schwarzkopf-gliss-argan-oil-75ml-29481,میشه موجودش کنین لطفا,1,false,2023-08-10T04:40:29+00:00,خنثی,0.35,محصول,محصول
روغن آرگان ترمیم کننده مو مدل Oil-Elixir مناسب موهای خشک 75میل,https://www.khanoumi.com/products/schwarzkopf-gliss-argan-oil-75ml-29481,لطفا تخفیف این روغن مو رو بیشتر کنین ممنون,15,false,2023-06-17T10:16:35+00:00,مثبت,0.67,محصول | قیمت,محصول
روغن آرگان ترمیم کننده مو مدل Oil-Elixir مناسب موهای خشک 75میل,https://www.khanoumi.com/products/schwarzkopf-gliss-argan-oil-75ml-29481,عالیه من موهامو رنگ کردم خشک شده بودن ولی از این روغن استفاده کردم موهام نرم و خوش حالت شدن ک همه بهم میگن اتو میکشی,1,true,2023-06-14T16:22:21+00:00,مثبت,0.79,محصول,محصول
روغن آرگان ترمیم کننده مو مدل Oil-Elixir مناسب موهای خشک 75میل,https://www.khanoumi.com/products/schwarzkopf-gliss-argan-oil-75ml-29481,سلام لطفا روی محصولات خارجی همتخفیفات خوب بزارید مثل گلیس و پنتن,10,false,2023-06-09T02:09:09+00:00,مثبت,0.67,محصول | قیمت,محصول
روغن آرگان ترمیم کننده مو مدل Oil-Elixir مناسب موهای خشک 75میل,https://www.khanoumi.com/products/schwarzkopf-gliss-argan-oil-75ml-29481,تازه این محصول ب دستم رسیده .نسبت به حجمش گرونه اما بوی خیلی خوبی داره و موهارو خیلیی نرم میکنه.دو سه قطرش واسه مو جواب میده..عاشق بوش شدم😍😍😍😍,0,true,2023-05-30T11:06:56+00:00,مثبت,0.79,محصول | قیمت | تحویل و ارسال,محصول
روغن آرگان ترمیم کننده مو مدل Oil-Elixir مناسب موهای خشک 75میل,https://www.khanoumi.com/products/schwarzkopf-gliss-argan-oil-75ml-29481,واقعا بی نظیره . رو موهای من معجزه کرد ,0,true,2023-05-02T11:31:08+00:00,خنثی,0.35,محصول,محصول
روغن آرگان ترمیم کننده مو مدل Oil-Elixir مناسب موهای خشک 75میل,https://www.khanoumi.com/products/schwarzkopf-gliss-argan-oil-75ml-29481,من این محصول رو سفارش دادم و واقعا راضی ام و واسه موهای من عالیه و بوی فوق العاده ای داره حتما امتحانش کنید🥰😍,1,false,2023-02-23T00:16:26+00:00,مثبت,0.95,محصول,محصول
روغن آرگان ترمیم کننده مو مدل Oil-Elixir مناسب موهای خشک 75میل,https://www.khanoumi.com/products/schwarzkopf-gliss-argan-oil-75ml-29481,سلام من از خانومی این محصول نخریدم .ولی واقعا خوبه موهای من به قدری خشک بود که وقتی شانه میزدم نصف موهام کند میشد ولی دوبار فقط زدم از این محصول هم نرم شده هم خوش بو دیگه موقعه ای ک شانه میزنم موهامو از موهام کنده نمیشه😍😍😍,7,false,2022-11-24T09:23:46+00:00,مثبت,0.79,محصول,محصول
روغن آرگان ترمیم کننده مو مدل Oil-Elixir مناسب موهای خشک 75میل,https://www.khanoumi.com/products/schwarzkopf-gliss-argan-oil-75ml-29481,فوق العاده است..بسیار خوشبو و نرم می کنه مو رو و اصلا چرب نیست، لطفا دوباره موجود بشه البته با تخفیف لطفا,11,true,2022-11-22T08:43:17+00:00,خنثی,0.35,محصول | اصل بودن کالا | قیمت,محصول
روغن آرگان ترمیم کننده مو مدل Oil-Elixir مناسب موهای خشک 75میل,https://www.khanoumi.com/products/schwarzkopf-gliss-argan-oil-75ml-29481,"خیلی عالیه 
لطفا موجود کنید و مثل قبل تخفیف خوب روش بزنین .",10,true,2022-11-17T12:18:58+00:00,مثبت,0.91,محصول | قیمت,محصول
روغن آرگان ترمیم کننده مو مدل Oil-Elixir مناسب موهای خشک 75میل,https://www.khanoumi.com/products/schwarzkopf-gliss-argan-oil-75ml-29481,خیلی خوش بو و سبکه,5,false,2022-09-07T12:31:39+00:00,خنثی,0.35,محصول,محصول
روغن آرگان ترمیم کننده مو مدل Oil-Elixir مناسب موهای خشک 75میل,https://www.khanoumi.com/products/schwarzkopf-gliss-argan-oil-75ml-29481,کیفیت خیلی خوبی داره آرگان گلیس خودم استفاده میکنم برا موهای رنگ شده خیلی خوبه قیمت خیلی خوبی هم دارن حتما ببینید ,7,false,2022-07-02T00:28:11+00:00,مثبت,0.95,محصول | قیمت,محصول
روغن آرگان ترمیم کننده مو مدل Oil-Elixir مناسب موهای خشک 75میل,https://www.khanoumi.com/products/schwarzkopf-gliss-argan-oil-75ml-29481,این روغن و توی تخفیف سایت خانومی گرفتم. موهام رنگ و دکلره داشت و به شدت خشک بود. این روغن کاملا وز و خشکی موهامو میگیره. بوی خیلی خوبه داره و موهارو کاملا نرم و لطیف میکنه. خیلی غلیظه و مدت زیادی میشه ازش استفاده کرده. برای بعد سشوارم عالیه چون موهارو نرم میکنه. خیلی با کیفیت و به صرفه است و خریدش و توصیه میکنم. ,38,false,2022-03-06T13:28:36+00:00,مثبت,0.95,محصول | قیمت,محصول
روغن آرگان ترمیم کننده مو مدل Oil-Elixir مناسب موهای خشک 75میل,https://www.khanoumi.com/products/schwarzkopf-gliss-argan-oil-75ml-29481,خیلی عالیه خشکی نوک موهامو گرفته,13,true,2022-02-02T18:23:40+00:00,مثبت,0.79,محصول,محصول
روغن آرگان ترمیم کننده مو مدل Oil-Elixir مناسب موهای خشک 75میل,https://www.khanoumi.com/products/schwarzkopf-gliss-argan-oil-75ml-29481,به قدری بوی خوبی داره و نرم میکنه و با دوام روی مو .  که اصلا باورم نمیشه. منتظرم دوباره بخرم تموم شد.,26,true,2021-10-02T00:27:22+00:00,خنثی,0.35,محصول | اصل بودن کالا,محصول
روغن آرگان ترمیم کننده مو مدل Oil-Elixir مناسب موهای خشک 75میل,https://www.khanoumi.com/products/schwarzkopf-gliss-argan-oil-75ml-29481,برای موهای خشک و آسیب دیده خیلی خوبه و وزی مو رو میگیره.,20,true,2021-07-16T19:12:14+00:00,مثبت,0.91,محصول,محصول
روغن آرگان ترمیم کننده مو مدل Oil-Elixir مناسب موهای خشک 75میل,https://www.khanoumi.com/products/schwarzkopf-gliss-argan-oil-75ml-29481,محصولی که به دستم رسید هم اصل بود هم بسیار با کیفیت . موهای من رنگ شده نیست و موهامو بسیار براق و لطیف میکنه ,65,true,2021-05-23T15:14:09+00:00,مثبت,0.79,محصول | اصل بودن کالا | تحویل و ارسال,محصول
پد آرایشی استنددار پااورا,https://www.khanoumi.com/products/paora-makeup-pad-with-stand-29485,خوبه پد تمیز میمونه,0,true,2026-03-11T01:08:20.6684262+03:30,مثبت,0.79,محصول,محصول
شامپو بدون سولفات برای موهای کراتینه 200میل,https://www.khanoumi.com/products/daily-care-shampoo-200ml-29486,"من برای شوره سر شدیدی که دارم تمام شامپوها رو امتحان کردم و شامپو بدون سولفات برای موهای کراتینه دیلی کر تنها شامپویی هست که کاملا شوره ام رو از بین برد. این شامپو از روغن آرگان، هسته انگور، عصاره جلبک دریایی، کمپلکس پروتئینهای هیدرولیزشده کراتین، کلاژن و سویا تولید شده، به همین دلیل از ریزش مو جلوگیری میکنه و رطوبت مورد نیاز مو حفظ میکنه.

",3,false,2022-12-13T09:07:10.34+00:00,منفی,0.67,محصول,محصول
شامپو ضدشوره بدون سولفات برای موهای چرب 200میل,https://www.khanoumi.com/products/daily-care-anti-dandruff-shampoo-for-oily-hair-200ml-29487,لطفا موجود کنید میخوام سبد خریدم رو کامل کنم,0,false,2025-01-12T19:46:12.2376374+00:00,منفی,0.67,محصول,محصول
شامپو ضدشوره بدون سولفات برای موهای چرب 200میل,https://www.khanoumi.com/products/daily-care-anti-dandruff-shampoo-for-oily-hair-200ml-29487,این محصول عاااااالیه، لطفا موجودش کنین ممنون,0,false,2024-12-22T22:23:32.8056144+00:00,مثبت,0.67,محصول,محصول
شامپو ضدشوره بدون سولفات برای موهای چرب 200میل,https://www.khanoumi.com/products/daily-care-anti-dandruff-shampoo-for-oily-hair-200ml-29487,خیلی خوبه موهارو تمیز میکنه,0,true,2023-09-15T13:14:33+00:00,مثبت,0.91,محصول,محصول
کرم ترمیم کننده سیکاسل 40میل,https://www.khanoumi.com/products/liesel-cicasel-repairing-cream-40ml-29508,کرم خوبیه دومین باره ازش می خرم استفاده می کنم . بعضیا گفتن سفیدک می زنه نباید زیاد ازش استفاده کنین! کمتر باشه جذبش بیشتره. من بعد شستشو صورت و نیم ساعت قبل خواب می زنم صبح که از خواب بیدار می شم صورتم خیلی تغییر مثبت داشته,0,true,2026-04-03T08:39:25.9982805+03:30,مثبت,0.67,محصول,محصول
کرم ترمیم کننده سیکاسل 40میل,https://www.khanoumi.com/products/liesel-cicasel-repairing-cream-40ml-29508,واقعا برای هر آسیب پوستی تاثیر گذار,0,true,2026-02-15T20:43:04.4451087+03:30,خنثی,0.35,محصول,محصول
کرم ترمیم کننده سیکاسل 40میل,https://www.khanoumi.com/products/liesel-cicasel-repairing-cream-40ml-29508,یکی از بهترین ترمیم کننده هاست موادش غلیظ و اگر تکرار کنید روی زخم خیلی اثر ترمیم کنندگیش بالاست,0,true,2025-10-06T20:48:26.107458+03:30,مثبت,0.67,محصول,محصول
کرم ترمیم کننده سیکاسل 40میل,https://www.khanoumi.com/products/liesel-cicasel-repairing-cream-40ml-29508,عالی بود,0,false,2025-07-15T06:46:33.7692106+00:00,مثبت,0.79,محصول,محصول
کرم ترمیم کننده سیکاسل 40میل,https://www.khanoumi.com/products/liesel-cicasel-repairing-cream-40ml-29508,واقعا مسخره‌ست یک ذره هم جذب نمیشه و فقط میماسه,0,true,2025-06-10T06:52:03.2372222+00:00,خنثی,0.35,سایر,سایر
کرم ترمیم کننده سیکاسل 40میل,https://www.khanoumi.com/products/liesel-cicasel-repairing-cream-40ml-29508,پوستم زخم بود چندبار کرم ترمیم کننده زدم از سایت تراست بانو گرفتم فوقالعاده بود واسه التهاب و قرمزی صورتم عالی جواب میده,0,false,2024-05-05T10:55:07+00:00,مثبت,0.79,محصول,محصول
کرم ترمیم کننده سیکاسل 40میل,https://www.khanoumi.com/products/liesel-cicasel-repairing-cream-40ml-29508,ممنون از خانومی که همراه با خریدم سمپل این محصول رو برام ارسال کرده بود راجع به تاثیرش نمیتونم نظری بدم چون فقط یک بار از سمپلش استفاده کردم اما بافت کرمی و خیلی غلیظی مثل خامه داره.,0,false,2024-04-17T21:24:13+00:00,ترکیبی,0.71,محصول | تحویل و ارسال,محصول
کرم ترمیم کننده سیکاسل 40میل,https://www.khanoumi.com/products/liesel-cicasel-repairing-cream-40ml-29508,ترمیم کنندگیش خوبه ولی بنظرم یه کم سفت و غلیظه و روی صورت راحت پخش نمیشه ، رد سفیدی هم داشت ولی خیلی خوب و موثر ترمیم میکنه,0,false,2024-03-09T00:36:52+00:00,مثبت,0.95,محصول,محصول
کرم ترمیم کننده سیکاسل 40میل,https://www.khanoumi.com/products/liesel-cicasel-repairing-cream-40ml-29508,"من برای چای بخیه سزارینم استفاده کردم و نتیجه خوبی داشت 
راضی ام ",0,false,2024-02-04T01:24:37+00:00,مثبت,0.91,محصول,محصول
ضد آفتاب بی رنگ فاقد چربی اس پی اف 50 مات کننده آکنه سل پلاس,https://www.khanoumi.com/products/ardene-ardene-sun-acnesol-plus-spf50-oil-free-sunshield-cream-29467,دارم استفاده میکنم واقعا راضی هستم روی پوست سبک هست بوی بد هم نداره ,0,false,2024-08-24T11:22:54+00:00,مثبت,0.79,محصول,محصول
ضد آفتاب بی رنگ فاقد چربی اس پی اف 50 مات کننده آکنه سل پلاس,https://www.khanoumi.com/products/ardene-ardene-sun-acnesol-plus-spf50-oil-free-sunshield-cream-29467,عالیه,0,true,2024-08-23T21:58:38+00:00,مثبت,0.79,سایر,سایر
ضد آفتاب بی رنگ فاقد چربی اس پی اف 50 مات کننده آکنه سل پلاس,https://www.khanoumi.com/products/ardene-ardene-sun-acnesol-plus-spf50-oil-free-sunshield-cream-29467,با وجود اینکه پوستم چربه روی پوستم میشینه و ظاهر چرب ایجاد نمیکنه بوی بدیم نداره راضیم ازش,0,true,2024-08-23T21:57:54+00:00,منفی,0.67,محصول,محصول
ضد آفتاب بی رنگ فاقد چربی اس پی اف 50 مات کننده آکنه سل پلاس,https://www.khanoumi.com/products/ardene-ardene-sun-acnesol-plus-spf50-oil-free-sunshield-cream-29467,مات هست، ولی پیل میشه. ,0,true,2024-08-23T20:52:47+00:00,خنثی,0.35,سایر,سایر
ضد آفتاب بی رنگ فاقد چربی اس پی اف 50 مات کننده آکنه سل پلاس,https://www.khanoumi.com/products/ardene-ardene-sun-acnesol-plus-spf50-oil-free-sunshield-cream-29467,من چندبار ازش استفاده کردم و واقعا به پوستم نشسته و ازش راضیم وتوصبه هم میکنم,0,false,2024-08-23T20:32:47+00:00,مثبت,0.79,محصول,محصول
ضد آفتاب بی رنگ فاقد چربی اس پی اف 50 مات کننده آکنه سل پلاس,https://www.khanoumi.com/products/ardene-ardene-sun-acnesol-plus-spf50-oil-free-sunshield-cream-29467,عالییه باعث جوش نمیشه,0,false,2024-08-23T17:11:48+00:00,مثبت,0.67,سایر,سایر
ضد آفتاب بی رنگ فاقد چربی اس پی اف 50 مات کننده آکنه سل پلاس,https://www.khanoumi.com/products/ardene-ardene-sun-acnesol-plus-spf50-oil-free-sunshield-cream-29467,خیلیییی عالیه،من از پارسال از این محصول استفاده میکنم و واقعا ازش راضیم خیلی تشکر میکنم از مجموعه خانومی که این محصول رو برای ما به اشتراک گذاشتن و ما میتونیم بخریم و استفاده کنیم همینطور قیمتش هم عالیه من به معنای واقعی راضیم,0,false,2024-08-23T16:11:16+00:00,مثبت,0.95,محصول | تحویل و ارسال | قیمت,محصول
ضد آفتاب بی رنگ فاقد چربی اس پی اف 50 مات کننده آکنه سل پلاس,https://www.khanoumi.com/products/ardene-ardene-sun-acnesol-plus-spf50-oil-free-sunshield-cream-29467,بسیار عالی و با کیفیت با حفاظت مناسب,0,false,2024-08-23T14:43:54+00:00,مثبت,0.67,محصول,محصول
ضد آفتاب بی رنگ فاقد چربی اس پی اف 50 مات کننده آکنه سل پلاس,https://www.khanoumi.com/products/ardene-ardene-sun-acnesol-plus-spf50-oil-free-sunshield-cream-29467,به نسبت قیمتش خوبه,0,false,2024-08-23T13:54:21+00:00,مثبت,0.79,قیمت,قیمت
ضد آفتاب بی رنگ فاقد چربی اس پی اف 50 مات کننده آکنه سل پلاس,https://www.khanoumi.com/products/ardene-ardene-sun-acnesol-plus-spf50-oil-free-sunshield-cream-29467,با توجه به قیمت محصول خوبیه,0,false,2024-08-23T12:35:48+00:00,مثبت,0.67,محصول | قیمت,محصول
ضد آفتاب بی رنگ فاقد چربی اس پی اف 50 مات کننده آکنه سل پلاس,https://www.khanoumi.com/products/ardene-ardene-sun-acnesol-plus-spf50-oil-free-sunshield-cream-29467,کمی صورت رو چرب و براق میکنه،قیمتش مناسبه،برا استفاده روزانه خوبه,0,false,2024-08-23T12:27:43+00:00,مثبت,0.79,قیمت,قیمت
ضد آفتاب بی رنگ فاقد چربی اس پی اف 50 مات کننده آکنه سل پلاس,https://www.khanoumi.com/products/ardene-ardene-sun-acnesol-plus-spf50-oil-free-sunshield-cream-29467,مانع از افتاب سوختگی میشه و حاوی ترکیبات گیاهی و ویتامین هستش و قیمتش نسبت به حجمش مناسبه و رو پوست ممکنه پیل بشه,0,false,2024-08-23T12:16:42+00:00,خنثی,0.35,محصول | قیمت,محصول
ضد آفتاب بی رنگ فاقد چربی اس پی اف 50 مات کننده آکنه سل پلاس,https://www.khanoumi.com/products/ardene-ardene-sun-acnesol-plus-spf50-oil-free-sunshield-cream-29467,من از این محصول استفاده کرد و عالیه،همه محصولات خانمی بینظیر هستن،این هم یکی از اونهاست,0,false,2024-08-23T10:27:17+00:00,مثبت,0.79,محصول,محصول
ضد آفتاب بی رنگ فاقد چربی اس پی اف 50 مات کننده آکنه سل پلاس,https://www.khanoumi.com/products/ardene-ardene-sun-acnesol-plus-spf50-oil-free-sunshield-cream-29467,محصول خوبی بود ,0,false,2024-08-23T10:16:39+00:00,مثبت,0.67,محصول,محصول
ضد آفتاب بی رنگ فاقد چربی اس پی اف 50 مات کننده آکنه سل پلاس,https://www.khanoumi.com/products/ardene-ardene-sun-acnesol-plus-spf50-oil-free-sunshield-cream-29467,بین ضد آفتابهای ایرانی هم قیمتش و هم کارایی خوبی داره خیلی راحت روی صورت پخش میشه و بافت دوست داشتنی ای داره اصلا روی صورت برق نمیندازه حفاظتش هم مناسبه این کرم رو واسه مصرف روزانه مناسبه و اول که میزنید یکم  رد سفید احساس میکنید ولی بعد خودش خیلی خوب جذب پوست صورت بشه بوی خیلی خوب و دلنشینی داره و خوشتون میاد که از این محصول استفاده کنین پیشنهاد میکنم,0,false,2024-08-23T10:06:51+00:00,مثبت,0.95,محصول | اصل بودن کالا | قیمت,محصول
ضد آفتاب بی رنگ فاقد چربی اس پی اف 50 مات کننده آکنه سل پلاس,https://www.khanoumi.com/products/ardene-ardene-sun-acnesol-plus-spf50-oil-free-sunshield-cream-29467,ضد آفتاب خوبیه ،پیشنهاد میکنم,0,false,2024-08-23T09:29:25+00:00,مثبت,0.91,سایر,سایر
ضد آفتاب بی رنگ فاقد چربی اس پی اف 50 مات کننده آکنه سل پلاس,https://www.khanoumi.com/products/ardene-ardene-sun-acnesol-plus-spf50-oil-free-sunshield-cream-29467,ضد افتاب خوبیه با توجه به قیمتش و خیلی به صرفه ست,0,false,2024-08-23T09:28:54+00:00,مثبت,0.67,قیمت,قیمت
ضد آفتاب بی رنگ فاقد چربی اس پی اف 50 مات کننده آکنه سل پلاس,https://www.khanoumi.com/products/ardene-ardene-sun-acnesol-plus-spf50-oil-free-sunshield-cream-29467,بین ضد آفتابهای ایرانی هم قیمتش و هم کارایی خوبی داره خیلی راحت روی صورت پخش میشه و بافت دوست داشتنی ای داره اصلا روی صورت برق نمیندازه حفاظتش هم مناسبه این کرم رو واسه مصرف روزانه مناسبه و اول که میزنید یکم  رد سفید احساس میکنید ولی بعد خودش خیلی خوب جذب پوست صورت بشه بوی خیلی خوب و دلنشینی داره و خوشتون میاد که از این محصول استفاده کنین پیشنهاد میکنم,0,false,2024-08-23T03:21:46+00:00,مثبت,0.95,محصول | اصل بودن کالا | قیمت,محصول
ضد آفتاب بی رنگ فاقد چربی اس پی اف 50 مات کننده آکنه سل پلاس,https://www.khanoumi.com/products/ardene-ardene-sun-acnesol-plus-spf50-oil-free-sunshield-cream-29467,ضدافتاب خوبیه رد سفیدی و برق روی پوست نمیندازه سبک و زود جذبه,0,false,2024-08-23T00:01:44+00:00,مثبت,0.67,محصول,محصول
ضد آفتاب بی رنگ فاقد چربی اس پی اف 50 مات کننده آکنه سل پلاس,https://www.khanoumi.com/products/ardene-ardene-sun-acnesol-plus-spf50-oil-free-sunshield-cream-29467,"خوب بود
درکل من تاالان هرچیزی که از خانومی گرفتم راضی بودم",0,false,2024-08-22T23:25:40+00:00,مثبت,0.91,محصول,محصول
ضد آفتاب بی رنگ فاقد چربی اس پی اف 50 مات کننده آکنه سل پلاس,https://www.khanoumi.com/products/ardene-ardene-sun-acnesol-plus-spf50-oil-free-sunshield-cream-29467,من این ضد آفتاب دوست داشتم ؛همین که چربی پوستم کنترل میشد و اینکه قیمت مناسبی داره ,0,false,2024-08-22T23:18:15+00:00,مثبت,0.67,محصول | قیمت,محصول
ضد آفتاب بی رنگ فاقد چربی اس پی اف 50 مات کننده آکنه سل پلاس,https://www.khanoumi.com/products/ardene-ardene-sun-acnesol-plus-spf50-oil-free-sunshield-cream-29467,من یه سری ازش استفاده کردم خوب بود,0,false,2024-08-22T23:14:07+00:00,مثبت,0.79,محصول,محصول
ضد آفتاب بی رنگ فاقد چربی اس پی اف 50 مات کننده آکنه سل پلاس,https://www.khanoumi.com/products/ardene-ardene-sun-acnesol-plus-spf50-oil-free-sunshield-cream-29467,با توجه به نظرات خریدمش و منتظرم برسه دستم محصولات آردن کیفیت خیلی خوبی دارن مطمئنم با ضدافتابای گرونم رقابت میکنه,0,false,2024-08-22T22:16:27+00:00,مثبت,0.79,محصول | قیمت,محصول
ضد آفتاب بی رنگ فاقد چربی اس پی اف 50 مات کننده آکنه سل پلاس,https://www.khanoumi.com/products/ardene-ardene-sun-acnesol-plus-spf50-oil-free-sunshield-cream-29467,"ضدآفتاب خیلی خوبیه.
یکسالی میشه استفاده میکنم.خیلی راضیم ازش.
مخصوصا برای پوست چرب زود جذب میشه!",0,false,2024-08-22T19:53:16+00:00,مثبت,0.95,محصول,محصول
ضد آفتاب بی رنگ فاقد چربی اس پی اف 50 مات کننده آکنه سل پلاس,https://www.khanoumi.com/products/ardene-ardene-sun-acnesol-plus-spf50-oil-free-sunshield-cream-29467,جذب خوب ،باعث جوش نشد در کل خوب بود.,0,false,2024-08-22T19:51:15+00:00,منفی,0.67,محصول,محصول
ضد آفتاب بی رنگ فاقد چربی اس پی اف 50 مات کننده آکنه سل پلاس,https://www.khanoumi.com/products/ardene-ardene-sun-acnesol-plus-spf50-oil-free-sunshield-cream-29467,عالی مرسی از فروشگاهتون,0,false,2024-08-22T19:41:49+00:00,مثبت,0.79,سایر,سایر
ضد آفتاب بی رنگ فاقد چربی اس پی اف 50 مات کننده آکنه سل پلاس,https://www.khanoumi.com/products/ardene-ardene-sun-acnesol-plus-spf50-oil-free-sunshield-cream-29467,خیلی راضی بودم از محصولش . زود جذبه و رو پوست سنگینی نمیکنه,0,false,2024-08-22T19:38:13+00:00,مثبت,0.67,محصول,محصول
ضد آفتاب بی رنگ فاقد چربی اس پی اف 50 مات کننده آکنه سل پلاس,https://www.khanoumi.com/products/ardene-ardene-sun-acnesol-plus-spf50-oil-free-sunshield-cream-29467,واقعا نمیشه گفت فاقد چربی خیلی رد سفیدی داره بو داره بسیار چربه برق میندازه فقط قیمتش خوبه بدرد دست میخوره,0,false,2024-08-22T19:38:03+00:00,ترکیبی,0.74,محصول | قیمت,محصول
ضد آفتاب بی رنگ فاقد چربی اس پی اف 50 مات کننده آکنه سل پلاس,https://www.khanoumi.com/products/ardene-ardene-sun-acnesol-plus-spf50-oil-free-sunshield-cream-29467,جذبش عالیه به علاوه بوی خوبی هم داره و قیمتش هم مناسبه ,0,false,2024-08-22T19:37:28+00:00,مثبت,0.91,محصول | قیمت,محصول
ضد آفتاب بی رنگ فاقد چربی اس پی اف 50 مات کننده آکنه سل پلاس,https://www.khanoumi.com/products/ardene-ardene-sun-acnesol-plus-spf50-oil-free-sunshield-cream-29467,من یه دوره استفاده کردم اصلا باعث جوش نمیشه و محافظت خوبی داره ولی احساس کردم یکم سنگینه واسم چون پوستم خیلی خیلی چربه.,0,false,2024-08-22T18:49:50+00:00,مثبت,0.79,محصول | اصل بودن کالا,محصول
ضد آفتاب بی رنگ فاقد چربی اس پی اف 50 مات کننده آکنه سل پلاس,https://www.khanoumi.com/products/ardene-ardene-sun-acnesol-plus-spf50-oil-free-sunshield-cream-29467,طبق توصیه پزشکم استفاده کردم و با اینکه پوستم چربه و اعتقادی به این چیزا نداشتم خیلی خوب بود برای من. ,0,false,2024-08-22T16:58:51+00:00,منفی,0.79,محصول,محصول
ضد آفتاب بی رنگ فاقد چربی اس پی اف 50 مات کننده آکنه سل پلاس,https://www.khanoumi.com/products/ardene-ardene-sun-acnesol-plus-spf50-oil-free-sunshield-cream-29467,ضدآفتاب بی رنگ آردن به پوستم ساخت اصلا باهاش جوش نمیزنم و زود جذب هستش,0,false,2024-08-22T16:49:48+00:00,مثبت,0.67,محصول | اصل بودن کالا,محصول
ضد آفتاب بی رنگ فاقد چربی اس پی اف 50 مات کننده آکنه سل پلاس,https://www.khanoumi.com/products/ardene-ardene-sun-acnesol-plus-spf50-oil-free-sunshield-cream-29467,برای پوست های معمولی خوبه یکم سنگینه و پیل میشه,0,false,2024-08-22T14:05:36+00:00,مثبت,0.79,محصول,محصول
ضد آفتاب بی رنگ فاقد چربی اس پی اف 50 مات کننده آکنه سل پلاس,https://www.khanoumi.com/products/ardene-ardene-sun-acnesol-plus-spf50-oil-free-sunshield-cream-29467,اگر زیرش مرطوب کننده بزنید عالیه ,0,false,2024-08-22T13:45:52+00:00,مثبت,0.79,سایر,سایر
ضد آفتاب بی رنگ فاقد چربی اس پی اف 50 مات کننده آکنه سل پلاس,https://www.khanoumi.com/products/ardene-ardene-sun-acnesol-plus-spf50-oil-free-sunshield-cream-29467,ضدافتاب خیلی خوبیه من که واقعا چند سال ازش استفاده میکنم خیلی راضیم ممنونم از خانومی ,0,false,2024-08-22T13:44:56+00:00,مثبت,0.95,سایر,سایر
ضد آفتاب بی رنگ فاقد چربی اس پی اف 50 مات کننده آکنه سل پلاس,https://www.khanoumi.com/products/ardene-ardene-sun-acnesol-plus-spf50-oil-free-sunshield-cream-29467,من از این ضد آفتاب دو دوره استفاده کردم و خیلی راضیم رو پوستم سنگینی نمیکنه و سریع جذب میشه و باعث نمیشه پوستم برق بندازه خیلی بافت سبک و خوبی داره پیشنهاد میکنم حتما امتحانش کنید پشیمون نمیشید,0,false,2024-08-22T13:38:40+00:00,مثبت,0.95,محصول,محصول
ضد آفتاب بی رنگ فاقد چربی اس پی اف 50 مات کننده آکنه سل پلاس,https://www.khanoumi.com/products/ardene-ardene-sun-acnesol-plus-spf50-oil-free-sunshield-cream-29467,نسبت ب قیمتش ضدآفتاب خوبیه ,0,false,2024-08-22T13:36:45+00:00,مثبت,0.67,قیمت,قیمت
ضد آفتاب بی رنگ فاقد چربی اس پی اف 50 مات کننده آکنه سل پلاس,https://www.khanoumi.com/products/ardene-ardene-sun-acnesol-plus-spf50-oil-free-sunshield-cream-29467,خیلی عالیه روی پوست سبک و مات هست برای استفاده روزانه حرف نداره . یک بار امتحانش کنی عاشقش میشی ,0,false,2024-08-22T13:26:05+00:00,مثبت,0.79,محصول,محصول
ضد آفتاب بی رنگ فاقد چربی اس پی اف 50 مات کننده آکنه سل پلاس,https://www.khanoumi.com/products/ardene-ardene-sun-acnesol-plus-spf50-oil-free-sunshield-cream-29467,این محصول عالیه و رد رو پوست نمیذاره ،جذب خوب و پوشش خوبی داره،رطوبت پوست رو حفظ میکنه ،ممنون از خانومی بابت تخفیف که روی محصولات عالی و کاربردی میذاره,0,false,2024-08-22T13:18:23+00:00,مثبت,0.95,محصول | قیمت,محصول
ضد آفتاب بی رنگ فاقد چربی اس پی اف 50 مات کننده آکنه سل پلاس,https://www.khanoumi.com/products/ardene-ardene-sun-acnesol-plus-spf50-oil-free-sunshield-cream-29467,عالیه من راضی بودم,0,false,2024-08-22T13:01:33+00:00,مثبت,0.91,محصول,محصول
ضد آفتاب بی رنگ فاقد چربی اس پی اف 50 مات کننده آکنه سل پلاس,https://www.khanoumi.com/products/ardene-ardene-sun-acnesol-plus-spf50-oil-free-sunshield-cream-29467,عالیه من راضی بودم,0,false,2024-08-22T13:01:28+00:00,مثبت,0.91,محصول,محصول
ضد آفتاب بی رنگ فاقد چربی اس پی اف 50 مات کننده آکنه سل پلاس,https://www.khanoumi.com/products/ardene-ardene-sun-acnesol-plus-spf50-oil-free-sunshield-cream-29467,"عالیه عالی 
جذب فوق العاده 
بدون برق انداختن
بدون پیلشدگی
ممنون از خانومی",0,false,2024-08-22T12:37:40+00:00,ترکیبی,0.9,سایر,سایر
ضد آفتاب بی رنگ فاقد چربی اس پی اف 50 مات کننده آکنه سل پلاس,https://www.khanoumi.com/products/ardene-ardene-sun-acnesol-plus-spf50-oil-free-sunshield-cream-29467,من از آردن استفاده کردم وراضی بودم,0,false,2024-08-22T12:28:41+00:00,مثبت,0.67,محصول,محصول
ضد آفتاب بی رنگ فاقد چربی اس پی اف 50 مات کننده آکنه سل پلاس,https://www.khanoumi.com/products/ardene-ardene-sun-acnesol-plus-spf50-oil-free-sunshield-cream-29467,خوب بود من که دوسش داشتم محافظت کامل بود,0,false,2024-08-22T12:10:05+00:00,مثبت,0.79,محصول,محصول
ضد آفتاب بی رنگ فاقد چربی اس پی اف 50 مات کننده آکنه سل پلاس,https://www.khanoumi.com/products/ardene-ardene-sun-acnesol-plus-spf50-oil-free-sunshield-cream-29467,این محصول رو خریدم الان 3 ماهه ازش استفاده میکنم خیلی راضی ام. ,0,false,2024-08-22T12:08:32+00:00,مثبت,0.79,محصول,محصول
ضد آفتاب بی رنگ فاقد چربی اس پی اف 50 مات کننده آکنه سل پلاس,https://www.khanoumi.com/products/ardene-ardene-sun-acnesol-plus-spf50-oil-free-sunshield-cream-29467,یه بار قبلا استفاده کردم ضد آفتاب خوبیه فقط کاش بوش زود میرفت، البته شاید بعضیا دوست داشته باشن,0,false,2024-08-22T11:54:51+00:00,مثبت,0.67,محصول,محصول
ضد آفتاب بی رنگ فاقد چربی اس پی اف 50 مات کننده آکنه سل پلاس,https://www.khanoumi.com/products/ardene-ardene-sun-acnesol-plus-spf50-oil-free-sunshield-cream-29467,"مناسب برای مصرف روزانه 
برای پوست هایی که خیلی جوش دارن مناسب نیست چون جای جوش رو چند برابر بزرگ تر نشون میده 
باعث جوش زدن صورت نمیشه 
برای کسایی که میخوان یکی دو درجه پوست صورتشون روشن بشن خیلی مناسبه و مات هستش 
من بخاطر اینکه نمیخواستم صورتم تیره تر بشه و برق بزنه خریدمش و خیلی راضیم
ممنون از خانومی شاپ",0,false,2024-08-22T11:46:35+00:00,مثبت,0.91,محصول,محصول
ضد آفتاب بی رنگ فاقد چربی اس پی اف 50 مات کننده آکنه سل پلاس,https://www.khanoumi.com/products/ardene-ardene-sun-acnesol-plus-spf50-oil-free-sunshield-cream-29467,کیفیتش خوب بود و نسبت به قیمتش کارایی خوبی داشت بودم جذب می شد و برق نمی نداخت,0,false,2024-08-22T11:40:03+00:00,مثبت,0.91,محصول | قیمت,محصول
ضد آفتاب بی رنگ فاقد چربی اس پی اف 50 مات کننده آکنه سل پلاس,https://www.khanoumi.com/products/ardene-ardene-sun-acnesol-plus-spf50-oil-free-sunshield-cream-29467,ضدآفتاب نسبتا خوبیه، سبک و زود جذبه با توجه به قیمتش کیفیت خوبی داره.,0,false,2024-08-22T11:35:14+00:00,مثبت,0.91,محصول | قیمت,محصول
ضد آفتاب بی رنگ فاقد چربی اس پی اف 50 مات کننده آکنه سل پلاس,https://www.khanoumi.com/products/ardene-ardene-sun-acnesol-plus-spf50-oil-free-sunshield-cream-29467,من یک دوره استفاده کردم اولاش یکم پیل میشد ولی مشکلی نداشتم با این مورد نسبت به قیمتش عالیه,0,false,2024-08-22T11:15:40+00:00,مثبت,0.79,محصول | قیمت,محصول
ضد آفتاب بی رنگ فاقد چربی اس پی اف 50 مات کننده آکنه سل پلاس,https://www.khanoumi.com/products/ardene-ardene-sun-acnesol-plus-spf50-oil-free-sunshield-cream-29467,عالیه ،سبکه ،رد سفیدی نمیندازه،باعث جوش هم نمیشه .,0,false,2024-08-22T10:51:43+00:00,مثبت,0.79,سایر,سایر
ضد آفتاب بی رنگ فاقد چربی اس پی اف 50 مات کننده آکنه سل پلاس,https://www.khanoumi.com/products/ardene-ardene-sun-acnesol-plus-spf50-oil-free-sunshield-cream-29467,ضدافتاب خیلی خوبیه من ازش یه چندماهی هست استفاده میکنم خیلی راضیم ازش,0,false,2024-08-22T10:04:56+00:00,مثبت,0.95,سایر,سایر
ضد آفتاب بی رنگ فاقد چربی اس پی اف 50 مات کننده آکنه سل پلاس,https://www.khanoumi.com/products/ardene-ardene-sun-acnesol-plus-spf50-oil-free-sunshield-cream-29467,"من واقعا از خریدش راضی هستم و بهتون پیشنهاد میکنم
بافت خیلی خوبی داره و عالیه",0,false,2024-08-22T09:48:06+00:00,مثبت,0.95,محصول,محصول
ضد آفتاب بی رنگ فاقد چربی اس پی اف 50 مات کننده آکنه سل پلاس,https://www.khanoumi.com/products/ardene-ardene-sun-acnesol-plus-spf50-oil-free-sunshield-cream-29467,محصول خوبیه، ازش راضی بودم,0,false,2024-08-22T09:38:32+00:00,مثبت,0.79,محصول,محصول
ضد آفتاب بی رنگ فاقد چربی اس پی اف 50 مات کننده آکنه سل پلاس,https://www.khanoumi.com/products/ardene-ardene-sun-acnesol-plus-spf50-oil-free-sunshield-cream-29467,محافظتش بالاست و خیلی سبک ضد آفتابش ,0,false,2024-08-22T09:27:58+00:00,خنثی,0.35,سایر,سایر
ضد آفتاب بی رنگ فاقد چربی اس پی اف 50 مات کننده آکنه سل پلاس,https://www.khanoumi.com/products/ardene-ardene-sun-acnesol-plus-spf50-oil-free-sunshield-cream-29467,ضد آفتابش عالیه و سبک ,0,false,2024-08-22T09:21:57+00:00,مثبت,0.79,سایر,سایر
ضد آفتاب بی رنگ فاقد چربی اس پی اف 50 مات کننده آکنه سل پلاس,https://www.khanoumi.com/products/ardene-ardene-sun-acnesol-plus-spf50-oil-free-sunshield-cream-29467,ضد آفتاب سبک و خیلی خوبیه ,0,false,2024-08-22T09:18:23+00:00,مثبت,0.79,سایر,سایر
ضد آفتاب بی رنگ فاقد چربی اس پی اف 50 مات کننده آکنه سل پلاس,https://www.khanoumi.com/products/ardene-ardene-sun-acnesol-plus-spf50-oil-free-sunshield-cream-29467,ضد آفتابش بینظیره و محافظتش عالیه ,0,false,2024-08-22T09:06:00+00:00,مثبت,0.79,سایر,سایر
ضد آفتاب بی رنگ فاقد چربی اس پی اف 50 مات کننده آکنه سل پلاس,https://www.khanoumi.com/products/ardene-ardene-sun-acnesol-plus-spf50-oil-free-sunshield-cream-29467,خیلی عالیه  برق نمیدازه  و قیمتشم خیلی مناسبه  اگه از روتین پوستی استفاده میکنید یکی از مناسب ترین انتخابهاست ,0,false,2024-08-22T09:02:18+00:00,منفی,0.79,محصول | قیمت,محصول
ضد آفتاب بی رنگ فاقد چربی اس پی اف 50 مات کننده آکنه سل پلاس,https://www.khanoumi.com/products/ardene-ardene-sun-acnesol-plus-spf50-oil-free-sunshield-cream-29467,ازش استفاده کردم ضد افتاب خوبیه خصوصا برای پوست چرب اصلا برق نمیندازه فقط یکم سفیده روی پوست که بعد از حدود 15 دقیقه جذب پوست میشه و رد نمیندازه قبلش هم حتما باید مرطوب کننده بزنید ,0,false,2024-08-22T09:01:01+00:00,خنثی,0.35,محصول | اصل بودن کالا,محصول
ضد آفتاب بی رنگ فاقد چربی اس پی اف 50 مات کننده آکنه سل پلاس,https://www.khanoumi.com/products/ardene-ardene-sun-acnesol-plus-spf50-oil-free-sunshield-cream-29467,عالی ,0,false,2024-08-22T08:57:17+00:00,مثبت,0.67,سایر,سایر
ضد آفتاب بی رنگ فاقد چربی اس پی اف 50 مات کننده آکنه سل پلاس,https://www.khanoumi.com/products/ardene-ardene-sun-acnesol-plus-spf50-oil-free-sunshield-cream-29467, ازش استفاده کردم راضی بودم واقعا ضد افتاب خوبیه خصوصا برای پوست چرب روی صورت برق نمیزنه ,0,false,2024-08-22T08:57:09+00:00,مثبت,0.79,محصول,محصول
ضد آفتاب بی رنگ فاقد چربی اس پی اف 50 مات کننده آکنه سل پلاس,https://www.khanoumi.com/products/ardene-ardene-sun-acnesol-plus-spf50-oil-free-sunshield-cream-29467,خیلی عالی بود ممنون,0,false,2024-08-22T08:16:34+00:00,مثبت,0.91,محصول,محصول
ضد آفتاب بی رنگ فاقد چربی اس پی اف 50 مات کننده آکنه سل پلاس,https://www.khanoumi.com/products/ardene-ardene-sun-acnesol-plus-spf50-oil-free-sunshield-cream-29467,خیلی عالی بود ,0,false,2024-08-22T08:14:02+00:00,مثبت,0.79,محصول,محصول
ضد آفتاب بی رنگ فاقد چربی اس پی اف 50 مات کننده آکنه سل پلاس,https://www.khanoumi.com/products/ardene-ardene-sun-acnesol-plus-spf50-oil-free-sunshield-cream-29467,محصولات شما بینظیر . و با کیفیت معرکه . ضد آفتاب هاش همه عالی ,0,false,2024-08-22T07:57:46+00:00,مثبت,0.67,محصول,محصول
ضد آفتاب بی رنگ فاقد چربی اس پی اف 50 مات کننده آکنه سل پلاس,https://www.khanoumi.com/products/ardene-ardene-sun-acnesol-plus-spf50-oil-free-sunshield-cream-29467,من از ضدآفتاب آردن خیلی راضی بودم اوایل با کمی مرطوب کننده استفاده میکردم ولی از وقتی خود محصول رو به تنهایی استفاده کردم هیچ مشکلی نداشتم و عالیه,0,false,2024-08-22T07:16:23+00:00,منفی,0.67,محصول,محصول
ضد آفتاب بی رنگ فاقد چربی اس پی اف 50 مات کننده آکنه سل پلاس,https://www.khanoumi.com/products/ardene-ardene-sun-acnesol-plus-spf50-oil-free-sunshield-cream-29467,جزو بهترین ضد افتابایی ک استفاده کردم,0,false,2024-08-22T06:31:01+00:00,مثبت,0.67,سایر,سایر
ضد آفتاب بی رنگ فاقد چربی اس پی اف 50 مات کننده آکنه سل پلاس,https://www.khanoumi.com/products/ardene-ardene-sun-acnesol-plus-spf50-oil-free-sunshield-cream-29467,آردن همه محصولاتش خوبه .من هم ضد افتابش استفاده کردم هم فیس واشش جفتش بی نظیر بود,0,false,2024-08-22T05:45:50+00:00,مثبت,0.79,محصول,محصول
ضد آفتاب بی رنگ فاقد چربی اس پی اف 50 مات کننده آکنه سل پلاس,https://www.khanoumi.com/products/ardene-ardene-sun-acnesol-plus-spf50-oil-free-sunshield-cream-29467,عالیه,0,false,2024-08-22T02:52:03+00:00,مثبت,0.79,سایر,سایر
ضد آفتاب بی رنگ فاقد چربی اس پی اف 50 مات کننده آکنه سل پلاس,https://www.khanoumi.com/products/ardene-ardene-sun-acnesol-plus-spf50-oil-free-sunshield-cream-29467,نسبت به قیمتش مخصوصا تو تخفیف کرمخوبیه و برای صورت من که با بعضی ضدافتابا مثل سینره جوش میزنه راضیم ,0,false,2024-08-22T02:17:41+00:00,مثبت,0.91,قیمت | محصول,قیمت
ضد آفتاب بی رنگ فاقد چربی اس پی اف 50 مات کننده آکنه سل پلاس,https://www.khanoumi.com/products/ardene-ardene-sun-acnesol-plus-spf50-oil-free-sunshield-cream-29467,استفاده کردم خیلی راضی بودم سبک و زود جذب و پوستو برق نمیندازه,0,false,2024-08-22T02:01:21+00:00,مثبت,0.67,محصول,محصول
ضد آفتاب بی رنگ فاقد چربی اس پی اف 50 مات کننده آکنه سل پلاس,https://www.khanoumi.com/products/ardene-ardene-sun-acnesol-plus-spf50-oil-free-sunshield-cream-29467,من اینو داشتم فوق العاده راضی بودم جذب سریعی داشت وسبک خوب و مات ,0,false,2024-08-22T01:09:10+00:00,مثبت,0.91,محصول,محصول
ضد آفتاب بی رنگ فاقد چربی اس پی اف 50 مات کننده آکنه سل پلاس,https://www.khanoumi.com/products/ardene-ardene-sun-acnesol-plus-spf50-oil-free-sunshield-cream-29467,ضدآفتاب خوبیه نسبت به قیمتش عالیه البته خانومی واقعا این تابستون کولاک کرده زود جذبه و مات کنندس برق نمیندازه ,0,false,2024-08-22T01:07:59+00:00,مثبت,0.91,قیمت,قیمت
ضد آفتاب بی رنگ فاقد چربی اس پی اف 50 مات کننده آکنه سل پلاس,https://www.khanoumi.com/products/ardene-ardene-sun-acnesol-plus-spf50-oil-free-sunshield-cream-29467,"نسبت به قیمت کیفیت خوبی داره. موقع استفاده به نظر میرسه رد سفیدیش باقی میمونه اما بعد از یه زمان کوتاه کاملا مات میشه.چندین باره شارژش میکنم هر بار هم ک سفارش میدم ؛ دو تا سفارش میدم . در کل خیلی دوستش دارم

کنترل چربی

مات کردن صورت
حفاظت خوب
قیمت مناسب",0,false,2024-08-22T00:50:28+00:00,مثبت,0.91,محصول | قیمت,محصول
ضد آفتاب بی رنگ فاقد چربی اس پی اف 50 مات کننده آکنه سل پلاس,https://www.khanoumi.com/products/ardene-ardene-sun-acnesol-plus-spf50-oil-free-sunshield-cream-29467,کرم ضد افتاب آکنه سل اردن بافت سبکی داره و منافذ باز پوست و مسدود نمیکنه و از پوست محافظت میکنه,0,false,2024-08-22T00:23:43+00:00,خنثی,0.35,محصول,محصول
ضد آفتاب بی رنگ فاقد چربی اس پی اف 50 مات کننده آکنه سل پلاس,https://www.khanoumi.com/products/ardene-ardene-sun-acnesol-plus-spf50-oil-free-sunshield-cream-29467,بافت سبکی داره عالی,0,false,2024-08-22T00:08:58+00:00,مثبت,0.67,محصول,محصول
ضد آفتاب بی رنگ فاقد چربی اس پی اف 50 مات کننده آکنه سل پلاس,https://www.khanoumi.com/products/ardene-ardene-sun-acnesol-plus-spf50-oil-free-sunshield-cream-29467,عالیههه,0,false,2024-08-21T23:50:09+00:00,مثبت,0.79,سایر,سایر
ضد آفتاب بی رنگ فاقد چربی اس پی اف 50 مات کننده آکنه سل پلاس,https://www.khanoumi.com/products/ardene-ardene-sun-acnesol-plus-spf50-oil-free-sunshield-cream-29467,خیلی رو پوست سبک و زود جذب میشه من که واقعا راضی بودم عالیه ,0,false,2024-08-21T23:49:19+00:00,مثبت,0.91,محصول,محصول
ضد آفتاب بی رنگ فاقد چربی اس پی اف 50 مات کننده آکنه سل پلاس,https://www.khanoumi.com/products/ardene-ardene-sun-acnesol-plus-spf50-oil-free-sunshield-cream-29467,من تا مدتی که استفاده می کردم ازش راضی بودم,0,false,2024-08-21T23:24:38+00:00,مثبت,0.67,محصول,محصول
ضد آفتاب بی رنگ فاقد چربی اس پی اف 50 مات کننده آکنه سل پلاس,https://www.khanoumi.com/products/ardene-ardene-sun-acnesol-plus-spf50-oil-free-sunshield-cream-29467,خوبه رضایت داشتم,0,false,2024-08-21T23:16:27+00:00,مثبت,0.79,سایر,سایر
ضد آفتاب بی رنگ فاقد چربی اس پی اف 50 مات کننده آکنه سل پلاس,https://www.khanoumi.com/products/ardene-ardene-sun-acnesol-plus-spf50-oil-free-sunshield-cream-29467,بسیار عالی مناسب برای پوست چرب و جوشدار,0,false,2024-08-21T22:57:40+00:00,مثبت,0.67,محصول,محصول
ضد آفتاب بی رنگ فاقد چربی اس پی اف 50 مات کننده آکنه سل پلاس,https://www.khanoumi.com/products/ardene-ardene-sun-acnesol-plus-spf50-oil-free-sunshield-cream-29467,نسبت به قیمتش خیلی خوبه ,0,false,2024-08-21T22:53:43+00:00,مثبت,0.91,قیمت,قیمت
ضد آفتاب بی رنگ فاقد چربی اس پی اف 50 مات کننده آکنه سل پلاس,https://www.khanoumi.com/products/ardene-ardene-sun-acnesol-plus-spf50-oil-free-sunshield-cream-29467,برای مصرف روزانه اوکی هستش ,0,false,2024-08-21T22:51:25+00:00,خنثی,0.35,سایر,سایر
ضد آفتاب بی رنگ فاقد چربی اس پی اف 50 مات کننده آکنه سل پلاس,https://www.khanoumi.com/products/ardene-ardene-sun-acnesol-plus-spf50-oil-free-sunshield-cream-29467,این ضد آفتاب برای پوست چرب عالیه زود جذب میشه روی پوست براق چرب نیست باعث آکنه نمیشه,0,false,2024-08-21T22:38:44+00:00,مثبت,0.79,محصول,محصول
ضد آفتاب بی رنگ فاقد چربی اس پی اف 50 مات کننده آکنه سل پلاس,https://www.khanoumi.com/products/ardene-ardene-sun-acnesol-plus-spf50-oil-free-sunshield-cream-29467,باید خیلی کم بزنی اگه مقدار زیاد بزنی گلوله گلوله میشه,0,true,2024-08-21T22:37:20+00:00,خنثی,0.35,سایر,سایر
ضد آفتاب بی رنگ فاقد چربی اس پی اف 50 مات کننده آکنه سل پلاس,https://www.khanoumi.com/products/ardene-ardene-sun-acnesol-plus-spf50-oil-free-sunshield-cream-29467,واسه پوست خشک خیلی خوبه و سبکه خیلی هم خوب جذب میشه واقعا عالیه,0,false,2024-08-21T22:36:20+00:00,مثبت,0.95,محصول,محصول
ضد آفتاب بی رنگ فاقد چربی اس پی اف 50 مات کننده آکنه سل پلاس,https://www.khanoumi.com/products/ardene-ardene-sun-acnesol-plus-spf50-oil-free-sunshield-cream-29467,محصولات اردن بی نظیرند.من راضی بودم.,0,false,2024-08-21T22:27:59+00:00,مثبت,0.67,محصول,محصول
ضد آفتاب بی رنگ فاقد چربی اس پی اف 50 مات کننده آکنه سل پلاس,https://www.khanoumi.com/products/ardene-ardene-sun-acnesol-plus-spf50-oil-free-sunshield-cream-29467,"ضد افتاب معمولی هستش
برای پوست خیلی چرب خوبه
برای پوست معمولی و خشک باعث پوست شدن میشه",0,false,2024-08-21T22:25:47+00:00,مثبت,0.79,محصول,محصول
ضد آفتاب بی رنگ فاقد چربی اس پی اف 50 مات کننده آکنه سل پلاس,https://www.khanoumi.com/products/ardene-ardene-sun-acnesol-plus-spf50-oil-free-sunshield-cream-29467,خیلی خوبه بافت سبکی داره و رد نمیندازه ,0,false,2024-08-21T22:11:18+00:00,مثبت,0.91,محصول,محصول
ضد آفتاب بی رنگ فاقد چربی اس پی اف 50 مات کننده آکنه سل پلاس,https://www.khanoumi.com/products/ardene-ardene-sun-acnesol-plus-spf50-oil-free-sunshield-cream-29467,عالی من پوست حساسی دارم ولی وقتی استفاده میکنم اصلا جوش نمیزنم و باعث خشکی پوستم نمیشه ,0,true,2024-08-21T22:02:54+00:00,خنثی,0.35,محصول | اصل بودن کالا,محصول
ضد آفتاب بی رنگ فاقد چربی اس پی اف 50 مات کننده آکنه سل پلاس,https://www.khanoumi.com/products/ardene-ardene-sun-acnesol-plus-spf50-oil-free-sunshield-cream-29467,من برای دوستم خرید کردم پوستش خیلی چرم بود و جوشای زیر پوستی زیادی داشت ولی از زمانی که استفاده میکنه جوش های صورتش بهتر شده و چربیش کنترل شده,0,false,2024-08-21T22:01:11+00:00,خنثی,0.35,محصول,محصول
ضد آفتاب بی رنگ فاقد چربی اس پی اف 50 مات کننده آکنه سل پلاس,https://www.khanoumi.com/products/ardene-ardene-sun-acnesol-plus-spf50-oil-free-sunshield-cream-29467,نسبت به قیمتی که داره عالیه محافظت خوب و چرب نمیشه خیلی خوبه ,0,false,2024-08-21T21:54:30+00:00,منفی,0.79,قیمت,قیمت
ضد آفتاب بی رنگ فاقد چربی اس پی اف 50 مات کننده آکنه سل پلاس,https://www.khanoumi.com/products/ardene-ardene-sun-acnesol-plus-spf50-oil-free-sunshield-cream-29467,من ازش استفاده کردم و عالی بی رنگه و اصلا عرق نکردم خانومی سایت خوبی خوبه و من چندین سال ازش خرید میکنم همین امرزو بسته ام رسید,0,false,2024-08-21T21:33:20+00:00,مثبت,0.95,تحویل و ارسال | محصول | اصل بودن کالا,تحویل و ارسال
ضد آفتاب بی رنگ فاقد چربی اس پی اف 50 مات کننده آکنه سل پلاس,https://www.khanoumi.com/products/ardene-ardene-sun-acnesol-plus-spf50-oil-free-sunshield-cream-29467,رد سفیدی و چربی نمیذاره ، پیل نمیشه ، کامل جذب پوستم شد ، محافظت عالی ، باعث جوش برای من نشد ، واقعا راضی بودم تموم بشه بازم شارژش میکنم,0,false,2024-08-21T21:23:08+00:00,خنثی,0.35,محصول,محصول
ضد آفتاب بی رنگ فاقد چربی اس پی اف 50 مات کننده آکنه سل پلاس,https://www.khanoumi.com/products/ardene-ardene-sun-acnesol-plus-spf50-oil-free-sunshield-cream-29467,واقعا ضد آفتاب خوبیه من واقعا ازش راضیم,0,false,2024-08-21T20:43:33+00:00,مثبت,0.91,سایر,سایر
ضد آفتاب بی رنگ فاقد چربی اس پی اف 50 مات کننده آکنه سل پلاس,https://www.khanoumi.com/products/ardene-ardene-sun-acnesol-plus-spf50-oil-free-sunshield-cream-29467,برای پوست چرب خوبه. باعث جوش نمیشه,0,false,2024-08-21T20:42:58+00:00,مثبت,0.79,محصول,محصول
ضد آفتاب بی رنگ فاقد چربی اس پی اف 50 مات کننده آکنه سل پلاس,https://www.khanoumi.com/products/ardene-ardene-sun-acnesol-plus-spf50-oil-free-sunshield-cream-29467,نسبت به قیمت عالیه برا کسایی ک پوستشون زیاد حساس نیس عالی عمل میکنه,0,false,2024-08-21T20:25:06+00:00,مثبت,0.91,محصول | قیمت,محصول
ضد آفتاب بی رنگ فاقد چربی اس پی اف 50 مات کننده آکنه سل پلاس,https://www.khanoumi.com/products/ardene-ardene-sun-acnesol-plus-spf50-oil-free-sunshield-cream-29467,راضی هستم,0,false,2024-08-21T20:17:21+00:00,مثبت,0.67,سایر,سایر
ضد آفتاب بی رنگ فاقد چربی اس پی اف 50 مات کننده آکنه سل پلاس,https://www.khanoumi.com/products/ardene-ardene-sun-acnesol-plus-spf50-oil-free-sunshield-cream-29467,من 6 ماهه دارم استفاده میکنم همین ک محافظت بالاش برابری میکنه با ضد افتاب های خارجی کافیه,0,false,2024-08-21T20:16:13+00:00,خنثی,0.35,سایر,سایر
ضد آفتاب بی رنگ فاقد چربی اس پی اف 50 مات کننده آکنه سل پلاس,https://www.khanoumi.com/products/ardene-ardene-sun-acnesol-plus-spf50-oil-free-sunshield-cream-29467,"این ضدآفتاب خیلی خوبه اصلا پوست رو چرب نمیکنه و مات
هستش و اصلا رو صورت برق نمیدازه و خیلی سبکه و اینکه به مرور لکها رو از بین میبره و اصلا پوستم باهاش جوش نزد بوشم خیلی خوبه منکه عاشقشم حتما بازم ازش سفارش میدم بنظرم حتما بخرین ",0,false,2024-08-21T20:09:43+00:00,مثبت,0.95,محصول | اصل بودن کالا,محصول
ضد آفتاب بی رنگ فاقد چربی اس پی اف 50 مات کننده آکنه سل پلاس,https://www.khanoumi.com/products/ardene-ardene-sun-acnesol-plus-spf50-oil-free-sunshield-cream-29467,بنظرم ضد افتاب خیلی خوبه حتما بهتون پیشنهاد می کنم که ازش استفاده کنین حداقل یک بار هم شده این ضد افتاب رو بخرین چون اصلا پشیمون نمیشین آردن بهترینه خودم چند بار از این محصول خریدم چون بهترین ضد افتابه,0,false,2024-08-21T20:06:50+00:00,مثبت,0.95,محصول | اصل بودن کالا,محصول
ضد آفتاب بی رنگ فاقد چربی اس پی اف 50 مات کننده آکنه سل پلاس,https://www.khanoumi.com/products/ardene-ardene-sun-acnesol-plus-spf50-oil-free-sunshield-cream-29467,"سلام 
من یک دوره از این ضدافتاب استفاده کردم
راضی بودم ازش 
نسبت به قیمتش ارزش خرید داره",0,false,2024-08-21T20:06:02+00:00,مثبت,0.79,قیمت | محصول,قیمت
ضد آفتاب بی رنگ فاقد چربی اس پی اف 50 مات کننده آکنه سل پلاس,https://www.khanoumi.com/products/ardene-ardene-sun-acnesol-plus-spf50-oil-free-sunshield-cream-29467,به نظرم با این قیمت بهترین گزینه ای برای پوست چربه چون رد سفیدی نمیدازه و پیل نمیشه ,0,false,2024-08-21T19:51:01+00:00,مثبت,0.67,محصول | قیمت,محصول
ضد آفتاب بی رنگ فاقد چربی اس پی اف 50 مات کننده آکنه سل پلاس,https://www.khanoumi.com/products/ardene-ardene-sun-acnesol-plus-spf50-oil-free-sunshield-cream-29467,خوبش سبکه برای گردن دست خوبه و پوست خشک,0,false,2024-08-21T19:47:42+00:00,مثبت,0.91,محصول,محصول
ضد آفتاب بی رنگ فاقد چربی اس پی اف 50 مات کننده آکنه سل پلاس,https://www.khanoumi.com/products/ardene-ardene-sun-acnesol-plus-spf50-oil-free-sunshield-cream-29467,برند آردن برند قدیمی و محبوبی هستش . مامانم همیشه از ضدافتاب اردن استفاده میکنه و با هیچی عوضش نمیکنه ,0,false,2024-08-21T19:43:34+00:00,خنثی,0.35,محصول,محصول
ضد آفتاب بی رنگ فاقد چربی اس پی اف 50 مات کننده آکنه سل پلاس,https://www.khanoumi.com/products/ardene-ardene-sun-acnesol-plus-spf50-oil-free-sunshield-cream-29467,نسبت ب قیمتش ضدافتاب خوبیه,0,false,2024-08-21T19:43:22+00:00,مثبت,0.67,قیمت,قیمت
ضد آفتاب بی رنگ فاقد چربی اس پی اف 50 مات کننده آکنه سل پلاس,https://www.khanoumi.com/products/ardene-ardene-sun-acnesol-plus-spf50-oil-free-sunshield-cream-29467,پیل میشه رو صورت، برای دست خوبه ,0,true,2024-08-11T16:12:01+00:00,مثبت,0.79,سایر,سایر
ضد آفتاب بی رنگ فاقد چربی اس پی اف 50 مات کننده آکنه سل پلاس,https://www.khanoumi.com/products/ardene-ardene-sun-acnesol-plus-spf50-oil-free-sunshield-cream-29467,خیلی عالیه اصلا برق نمیندازه بوشم خیلی خوبه جذبشم خوبه درکل با این قیمت فکرشم نمیکردم اینقد خوب باشه ممنون از خانومی,0,true,2024-07-29T11:39:05+00:00,مثبت,0.95,محصول | اصل بودن کالا | قیمت,محصول
ضد آفتاب بی رنگ فاقد چربی اس پی اف 50 مات کننده آکنه سل پلاس,https://www.khanoumi.com/products/ardene-ardene-sun-acnesol-plus-spf50-oil-free-sunshield-cream-29467,من دوبار ازش سفارش دادم خوبه سبکه رد نمیداره چرب نمیکنه باعث جوش هم نمیشه ,0,true,2024-07-06T15:07:06+00:00,خنثی,0.35,سایر,سایر
ضد آفتاب بی رنگ فاقد چربی اس پی اف 50 مات کننده آکنه سل پلاس,https://www.khanoumi.com/products/ardene-ardene-sun-acnesol-plus-spf50-oil-free-sunshield-cream-29467,من یه دوره استفاده کردم و همیشه روی صورتم پیل میشد و اصلا ازش راضی نبودم تا اینکه فهمیدم اگه زیرش مرطوب کننده نزنید و روی پوست تمیز بزنید هم دیگه اصلا پیل نمیشه هم میشه تمدیدش کرد،همه ی ضدآفتاب های آردن همینطوره,0,true,2024-07-03T17:41:29+00:00,منفی,0.67,محصول | اصل بودن کالا,اصل بودن کالا
ضد آفتاب بی رنگ فاقد چربی اس پی اف 50 مات کننده آکنه سل پلاس,https://www.khanoumi.com/products/ardene-ardene-sun-acnesol-plus-spf50-oil-free-sunshield-cream-29467,خیلی پوسته پوسته میشه ردسفیدی میزاره خیلی سنگینه به سختی پخش میشه,0,true,2024-06-11T01:28:41+00:00,خنثی,0.35,محصول,محصول
ضد آفتاب بی رنگ فاقد چربی اس پی اف 50 مات کننده آکنه سل پلاس,https://www.khanoumi.com/products/ardene-ardene-sun-acnesol-plus-spf50-oil-free-sunshield-cream-29467,ضد آفتاب سبکی هست ولی روی پوست گوله گوله میشه واقعا از آردن بعیده,0,true,2024-06-05T07:00:08+00:00,خنثی,0.35,محصول,محصول
ضد آفتاب بی رنگ فاقد چربی اس پی اف 50 مات کننده آکنه سل پلاس,https://www.khanoumi.com/products/ardene-ardene-sun-acnesol-plus-spf50-oil-free-sunshield-cream-29467,اصلا پیشنهاد نمیکنم، رد سفیدی میندازه، پوست پوست میشه رو صورت، جذب نمیشه و میماسه ,0,true,2024-04-24T12:21:32+00:00,خنثی,0.35,محصول | اصل بودن کالا,محصول
ضد آفتاب بی رنگ فاقد چربی اس پی اف 50 مات کننده آکنه سل پلاس,https://www.khanoumi.com/products/ardene-ardene-sun-acnesol-plus-spf50-oil-free-sunshield-cream-29467,"رد سفیدی داره اما بعد از نیم ساعت درست میشه 
یکم بافتش سنگینه و پخش کردنش سخته 
اما خب ماته و این خیلی خوبه که اصلا چرب نمیشه 
باهاش جوش نزدم و خب بنظرم نسبت به قیمتش خیلی میارزه 
اگر پوستتون دهیدراته باشه ممکنه پیل بشه براتون 
بوی خوشایندی داره ولی بوش نمیپره خیلی زیاد نیست اما خب نمیره بوش ",0,false,2024-04-12T00:23:58+00:00,مثبت,0.79,محصول | اصل بودن کالا | قیمت,محصول
ضد آفتاب بی رنگ فاقد چربی اس پی اف 50 مات کننده آکنه سل پلاس,https://www.khanoumi.com/products/ardene-ardene-sun-acnesol-plus-spf50-oil-free-sunshield-cream-29467,لطفا تخفیف بزارید ,0,false,2024-04-08T11:38:13+00:00,خنثی,0.35,قیمت,قیمت
ضد آفتاب بی رنگ فاقد چربی اس پی اف 50 مات کننده آکنه سل پلاس,https://www.khanoumi.com/products/ardene-ardene-sun-acnesol-plus-spf50-oil-free-sunshield-cream-29467,لطفا بیشتر تخفیف یزارید,0,false,2024-03-21T12:05:09+00:00,خنثی,0.35,قیمت,قیمت
ضد آفتاب بی رنگ فاقد چربی اس پی اف 50 مات کننده آکنه سل پلاس,https://www.khanoumi.com/products/ardene-ardene-sun-acnesol-plus-spf50-oil-free-sunshield-cream-29467,من پوستم مختلط هست و ناحیه بینی و اطرافش چربه . یه مدت استفاده کردم ، حس سنگینی رو پوستم داشت . و ماندگاری بوش زیاد بود اذیتم میکرد . من دوست دارم بوش بعد چنددقیقه بره . شاید بعضیا اذیت نشن و حتی دوست داشته باشن بوش رو . و روی بینی م جوشای ریز میزد . در کل اگر به سبکی ضد آفتاب خیلی حساسید ضد آفتاب های فلوئیدی خیلی بیشتر به کارتون میاد,0,false,2024-02-22T03:01:27+00:00,خنثی,0.35,محصول,محصول
ضد آفتاب بی رنگ فاقد چربی اس پی اف 50 مات کننده آکنه سل پلاس,https://www.khanoumi.com/products/ardene-ardene-sun-acnesol-plus-spf50-oil-free-sunshield-cream-29467,من زیاد دوسش نداشتم. رد سفیدی میندازه و اینکه وقتی خیلی روی پوست ماساژش بدی گوله گوله میشه ولی جوش نزد باهاش پوستم.,0,false,2024-02-15T23:33:01+00:00,منفی,0.67,محصول,محصول
ضد آفتاب بی رنگ فاقد چربی اس پی اف 50 مات کننده آکنه سل پلاس,https://www.khanoumi.com/products/ardene-ardene-sun-acnesol-plus-spf50-oil-free-sunshield-cream-29467,"هرچند همه گفتن که یه مقدار رنگ سفیدی داره یا رد سفیدی میندازه ولی برای من اصلا اینطوری نیست.
هیییچ تغییر رنگی بعد از استفاده ایجاد نمیشه.",0,true,2023-12-13T14:47:16+00:00,مثبت,0.67,محصول | اصل بودن کالا,محصول
ضد آفتاب بی رنگ فاقد چربی اس پی اف 50 مات کننده آکنه سل پلاس,https://www.khanoumi.com/products/ardene-ardene-sun-acnesol-plus-spf50-oil-free-sunshield-cream-29467,لطفا بازم شارژش کنید,0,true,2023-08-30T23:57:54+00:00,خنثی,0.35,سایر,سایر
ضد آفتاب بی رنگ فاقد چربی اس پی اف 50 مات کننده آکنه سل پلاس,https://www.khanoumi.com/products/ardene-ardene-sun-acnesol-plus-spf50-oil-free-sunshield-cream-29467,واقعا عالیه حرف نداره ؛قبلا مدتی استفاده کردم و واقعا برای پوست مختلط و چرب من عالی بود هم چربی رو کنترل میکرد و همین که به مرور لک ها رو کاهش میداد در کل عالیه,0,false,2023-08-08T21:50:30+00:00,مثبت,0.79,محصول,محصول
ضد آفتاب بی رنگ فاقد چربی اس پی اف 50 مات کننده آکنه سل پلاس,https://www.khanoumi.com/products/ardene-ardene-sun-acnesol-plus-spf50-oil-free-sunshield-cream-29467, ضدآفتاب خوبیه . یکم رنگ سفید داره و صورت رو سفید میکنه ولی ضدآفتاب اوکی و معمولیه ,0,true,2023-07-31T22:24:16+00:00,مثبت,0.67,محصول,محصول
ضد آفتاب بی رنگ فاقد چربی اس پی اف 50 مات کننده آکنه سل پلاس,https://www.khanoumi.com/products/ardene-ardene-sun-acnesol-plus-spf50-oil-free-sunshield-cream-29467,اصلا خوب نبود ، روی صورت رد سفیدیش میموند,3,false,2023-06-18T11:35:44+00:00,خنثی,0.4,محصول | اصل بودن کالا,محصول
ضد آفتاب بی رنگ فاقد چربی اس پی اف 50 مات کننده آکنه سل پلاس,https://www.khanoumi.com/products/ardene-ardene-sun-acnesol-plus-spf50-oil-free-sunshield-cream-29467,"این ضدافتاب خوب نیست چون وقتی باید دو انگشت ازش بزنی جذب خوبی نداره و بعد ده دقیقه به پوستت که دست میزنی 
اضافات کرم که جذب نشده روی صورتت میمونه و مجبوری با دستمال از روی پوست برشون داری👎",9,true,2023-04-07T08:26:58+00:00,منفی,0.79,محصول,محصول
ضد آفتاب بی رنگ فاقد چربی اس پی اف 50 مات کننده آکنه سل پلاس,https://www.khanoumi.com/products/ardene-ardene-sun-acnesol-plus-spf50-oil-free-sunshield-cream-29467,لطفا دوباره در تخفیف بالای 11 درصد بزارید ,2,true,2023-04-04T08:28:02+00:00,خنثی,0.35,قیمت,قیمت
ضد آفتاب بی رنگ فاقد چربی اس پی اف 50 مات کننده آکنه سل پلاس,https://www.khanoumi.com/products/ardene-ardene-sun-acnesol-plus-spf50-oil-free-sunshield-cream-29467,اولش رو صورت رد سفیدی میندازه ولی ده دقیقه یک ربع بعد جذب پوست میشه، و واقعا برای پوستی که مستعد جوش خوبه، و کنترل میکنه جوش زدن رو ,4,false,2023-01-16T10:05:54+00:00,مثبت,0.79,محصول,محصول
ضد آفتاب بی رنگ فاقد چربی اس پی اف 50 مات کننده آکنه سل پلاس,https://www.khanoumi.com/products/ardene-ardene-sun-acnesol-plus-spf50-oil-free-sunshield-cream-29467,به شدت ضعیفه،روی پوست سفیدک میزنه و اصلا راضی نبودم ،با استفاده اول رفت داخل سطل آشغال، از آردن بعید بود,3,false,2022-08-03T13:41:10+00:00,منفی,0.91,محصول | اصل بودن کالا,اصل بودن کالا
ضد آفتاب بی رنگ فاقد چربی اس پی اف 50 مات کننده آکنه سل پلاس,https://www.khanoumi.com/products/ardene-ardene-sun-acnesol-plus-spf50-oil-free-sunshield-cream-29467,من پوستم چرب و مستعد جوشه به خاطر همین از هر کرم و محصولی نمیتونم استفاده کنم. کرم ضدآفتاب بی رنگ فاقد چربی اس پی اف 50 مات کننده آکنه سل پلاس آردن سان رو از پیشنهادهای ویژه فروشگاه اینترنتی خانومی سفارش دادم و حدود سه هفته هست که دارم  ازش مدام استفاده میکنم. این کرم بافتی سبک و بدون چربی داره،  اصلا حس سنگینی به پوستم نمیده و با کنترل ترشح سبوم اون از زود چرب شدن پوست جلوگیری میکنه. ضدآفتاب آکنه سل پلاس آردن بیرنگه و پوستم را کاملا مات میکنه و براقیت بیش از حد اون رو از بین میبره. این محصول از بسته شدن منافذ پوست پیشگیری میکنه و مانع بروز جوش و آکنه روی پوستم میشه.,17,false,2022-07-19T19:34:11+00:00,ترکیبی,0.79,محصول | تحویل و ارسال | اصل بودن کالا,محصول
ضد آفتاب بی رنگ فاقد چربی اس پی اف 50 مات کننده آکنه سل پلاس,https://www.khanoumi.com/products/ardene-ardene-sun-acnesol-plus-spf50-oil-free-sunshield-cream-29467,"من راضیم واقعا پوست رو مات میکنه و خیلی خوبه من که پوستم جوش دار و حساسه باهاش جوش نزد
",14,true,2022-05-16T14:12:19+00:00,مثبت,0.95,محصول,محصول
ضد آفتاب بی رنگ فاقد چربی اس پی اف 50 مات کننده آکنه سل پلاس,https://www.khanoumi.com/products/ardene-ardene-sun-acnesol-plus-spf50-oil-free-sunshield-cream-29467, . سفیدک میندازه عین ماست میکنتت اصلا هم جذب پوست نمیشه,16,false,2022-03-24T09:22:03+00:00,مثبت,0.67,محصول | اصل بودن کالا,محصول
ضد آفتاب بی رنگ فاقد چربی اس پی اف 50 مات کننده آکنه سل پلاس,https://www.khanoumi.com/products/ardene-ardene-sun-acnesol-plus-spf50-oil-free-sunshield-cream-29467,اصلا خوب نیست,12,true,2022-02-03T12:06:50+00:00,منفی,0.79,اصل بودن کالا,اصل بودن کالا
ضد آفتاب بی رنگ فاقد چربی اس پی اف 50 مات کننده آکنه سل پلاس,https://www.khanoumi.com/products/ardene-ardene-sun-acnesol-plus-spf50-oil-free-sunshield-cream-29467,.برخلاف ادعاشون بی رنگ نیست و کاملا رنگ سفید داره اگه رنگ پوستتون تیره ست به هیچ وجه نخرید.و اینکه مات نیست به شدت برق میندازه.و یه مشکل دیگه اینکه تا کرم رو یه طرف صورت پخش کنم برم اون یکی طرف کرمش تبدیل ب گوله های سفید میشه.و به سختی پخش میشه,32,true,2020-11-06T10:55:55+00:00,منفی,0.67,محصول,محصول
ضد آفتاب بی رنگ فاقد چربی اس پی اف 50 مات کننده آکنه سل پلاس,https://www.khanoumi.com/products/ardene-ardene-sun-acnesol-plus-spf50-oil-free-sunshield-cream-29467,امکان نداره روی پوست بشینه و جذب بشه برا همینم سفیدیش میمونه چه پوست چرب چه معمولی اصلن رو پوست نمیشینه برعکس ضدافتاب های دیگه این برند که عالین,20,true,2020-09-01T20:27:38+00:00,مثبت,0.79,محصول | اصل بودن کالا,محصول
ضد آفتاب بی رنگ فاقد چربی اس پی اف 50 مات کننده آکنه سل پلاس,https://www.khanoumi.com/products/ardene-ardene-sun-acnesol-plus-spf50-oil-free-sunshield-cream-29467,کاملا روی پوست سفید میشه و حتی یکم بگذره پوستو خاکستری نشون میده، مات نیست. و یه ذره حس چربی داره,18,true,2020-08-28T15:28:44+00:00,خنثی,0.35,محصول,محصول
ضد آفتاب بی رنگ فاقد چربی اس پی اف 50 مات کننده آکنه سل پلاس,https://www.khanoumi.com/products/ardene-ardene-sun-acnesol-plus-spf50-oil-free-sunshield-cream-29467,"اینکه نوشته بیرنگ ،اصلا هم بیرنگ نیست کاملا سفیده من با وجود اینکه پوست سفیدی دارم ولی وقتی میزنم روی پوستم معلومه ولی خب خیلی برق نمیندازه...امیدوارم حفاظت ش کامل باشه و اون جور که توبروشورش نوشته حاوی ویتامین سی و مناسب برا درمان لک باشه، 
در کل نسبت به قیمتش برا تو خونه خوبه ",11,true,2020-07-31T10:44:43+00:00,مثبت,0.91,محصول | اصل بودن کالا | قیمت,محصول
ضد آفتاب بی رنگ فاقد چربی اس پی اف 50 مات کننده آکنه سل پلاس,https://www.khanoumi.com/products/ardene-ardene-sun-acnesol-plus-spf50-oil-free-sunshield-cream-29467,فوق العادس، بعد یک هفته استفاده به این نتیجه رسیدم که واقعا فوق العادس و یکی دیگه رنگیش رو سفارش دادم از خانومی، هنوز به دستم نرسیده امیدوارم اونم مث همین فوق العاده باشه. سبکه حس چربی نمیده صب زدم و تا شب و اصلا حس سنگین بودن نکردم.,5,false,2020-07-09T13:50:36+00:00,مثبت,0.79,محصول | تحویل و ارسال | اصل بودن کالا,محصول
ضد آفتاب بی رنگ فاقد چربی اس پی اف 50 مات کننده آکنه سل پلاس,https://www.khanoumi.com/products/ardene-ardene-sun-acnesol-plus-spf50-oil-free-sunshield-cream-29467,نظر اولیه: امروز به دستم رسید انتظاری ازش نداشتم فک میکردم مثل بقیه ی ضدآفتابای ایرانی چرب و چسبناک باشه و بماسه ولی خیلی سبک بود مات بود رد سفیدی نذاشت روی صورتم انگار هیچی نزدم خیلی خوشم اومد عالی بود (چون پوست من حساسه چربه و جوش میزنه)، ولی بعد از یکماه استفاده دوباره نظرمو میگم.,11,true,2020-06-28T17:42:18+00:00,مثبت,0.79,محصول | تحویل و ارسال,محصول
کرم مرطوب کننده سافت روغن جوجوبا تیوپی 75میل,https://www.khanoumi.com/products/asch-jojoba-oil-moisturizing-cream-75ml-29521,از نظر مرطوب کنندگی خوبه و راضی هستم اما بوش رو زیاد دوست ندارم,1,true,2022-04-12T13:03:41+00:00,مثبت,0.91,محصول,محصول
کرم مرطوب کننده عصاره  آلوئه ورا تیوپی 75میل,https://www.khanoumi.com/products/asch-aloevera-moisturizing-cream-75ml-29523,برای من که پوستم خشکه خیلی خوب جواب داد,0,false,2024-07-09T17:38:07+00:00,مثبت,0.91,محصول,محصول
کرم مرطوب کننده عصاره هلو تیوپی 75میل,https://www.khanoumi.com/products/asch-peach-moisturizing-cream-75ml-29528,من فقط برای دست استفاده میکنم عالیه هم بوی خیلی خوبی داره هم خیلی خوب پوست رو نرم و مرطوب میکنه,1,true,2022-04-12T13:11:04+00:00,مثبت,0.95,محصول,محصول
کرم مرطوب کننده سافت روغن جوجوبا تیوپی 200میل,https://www.khanoumi.com/products/asch-jojoba-oil-moisturizing-cream-200ml-29531,عالیه  ,2,false,2020-11-03T01:24:12+00:00,مثبت,0.79,سایر,سایر
کرم مرطوب کننده عصاره انار تیوپی 200میل,https://www.khanoumi.com/products/asch-pomegranate-moisturizing-cream-200ml-29532,خیلی خوبه قبلا داشتم اینو نرم کنندگی عالی بوی خوب و ماندگاری خوب,0,false,2024-08-12T16:12:06+00:00,مثبت,0.95,محصول,محصول
کرم مرطوب کننده عصاره زیتون تیوپی 200میل,https://www.khanoumi.com/products/asch-olive-moisturizing-cream-200ml-29534,عالیه بوی خوبی هم داره ,0,true,2021-06-30T15:48:02+00:00,مثبت,0.91,محصول,محصول
کرم مرطوب کننده عصاره انار کاسه ای 200میل,https://www.khanoumi.com/products/asch-pomegranate-moisturizing-cream-200ml-29536,قبلا تیوپی این مدل داشتم خیلی خوب بود از آلوورا بهتر بود,0,false,2024-08-12T16:10:32+00:00,مثبت,0.91,محصول,محصول
کرم پا کاسه ای 200میل,https://www.khanoumi.com/products/asch-foot-cream-200ml-29543,این کرم برای رفع ترک و خشکی پا فوق العاده است. مخصوصا برای پاشنه و قوزک پا خیلی خوبه. حجمش زیاده و پاهارو کاملا نرم و پنبه ای میکنه. من هر شب ازش استفاده کردم و خیلی زود خشکی و زبری پاهام برطرف شد. قیمتش مناسبه و من از خریدم راضی بودم.,1,false,2022-11-06T08:02:51+00:00,مثبت,0.95,محصول | قیمت,محصول
کرم پا کاسه ای 200میل,https://www.khanoumi.com/products/asch-foot-cream-200ml-29543,خیلیییییی عالیه. باورم نمیشه هنوز یک هفته نیست که شب ها مصرف میکنم خیلی موثر بوده برای خشکی کف پام. ,16,false,2020-10-05T00:27:40+00:00,منفی,0.79,محصول,محصول
کرم پا تیوپی 75میل,https://www.khanoumi.com/products/asch-foot-cream-75ml-29544,"واقعا کرم خوبیه
خیلی راضی بودم",0,false,2023-10-23T14:55:41+00:00,مثبت,0.79,محصول,محصول
کرم پا تیوپی 75میل,https://www.khanoumi.com/products/asch-foot-cream-75ml-29544,واقعاعالیه من خیلی راضی بودم ممنونم ازمحصولات خوبتون دوباره سفارش دادم ,3,true,2020-11-03T22:45:46+00:00,مثبت,0.95,محصول,محصول
وازلین معطر توت فرنگی کاسه ای 125میل,https://www.khanoumi.com/products/asch-strawberry-vaseline-125ml-29546,خوبه من راضی بودم. بوی خوبی هم میده. ,2,false,2020-10-05T00:26:53+00:00,مثبت,0.95,محصول,محصول
موم سرد اپیلاسیون عسلی 150گرمی خشابی,https://www.khanoumi.com/products/asch-honey-cartridge-cold-wax-150g-29551,عالیه,8,false,2020-09-14T23:28:28+00:00,مثبت,0.79,سایر,سایر
موم سرد اپیلاسیون آلوئه ورا 150 گرمی خشابی,https://www.khanoumi.com/products/asch-aloevera-cartridge-cold-wax-150g-29552,عالی بود 😍,4,false,2020-10-11T18:45:27+00:00,مثبت,0.79,محصول,محصول
موم سرد اپیلاسیون آلوئه ورا 150 گرمی خشابی,https://www.khanoumi.com/products/asch-aloevera-cartridge-cold-wax-150g-29552,کلیپ اینیستاگرامتونو دیدم و از توضیحات روی محصول استفاده کردم خیلی عالی بود فکر نمیکردم اینقدر استفاده ازش راحت باشه و فوق العاده با کیفیت بود و به راحتی هم با آب پاک میشد ,12,false,2020-09-09T12:10:09+00:00,منفی,0.67,محصول,محصول
کرم مرطوب کننده تیوپی با رایحه هلو 75میل,https://www.khanoumi.com/products/bbk-peach-face-and-hand-moisturizing-cream-75ml-29576,بوش واقعا عالیهههههه,0,true,2022-12-31T20:35:16+00:00,مثبت,0.79,محصول,محصول
کرم مرطوب کننده تیوپی با رایحه هلو 75میل,https://www.khanoumi.com/products/bbk-peach-face-and-hand-moisturizing-cream-75ml-29576,"نگم از بوش ❤❤❤




عالیه 👌👌👌",2,false,2021-01-09T23:57:05+00:00,مثبت,0.79,محصول,محصول
کرم مرطوب کننده تیوپی با رایحه بادام 75میل,https://www.khanoumi.com/products/bbk-almond-face-and-hand-moisturizing-cream-75ml-29578,خیلی سبکه زود جذبه و سنگین نیست و نرم میکنه بوی خنثی و خوبی داره مثل شامپو بس قدیم مدل بادام,0,false,2024-11-27T03:22:40.3385428+00:00,مثبت,0.67,محصول,محصول
کرم مرطوب کننده تیوپی با رایحه خیار 75میل,https://www.khanoumi.com/products/bbk-cucumber-face-and-hand-moisturizing-cream-75ml-29579,خوبه..‌‌. بوی خیار میده واقعا  و تاثیرشم بدک نیست,0,true,2025-03-28T15:55:44.7854666+00:00,مثبت,0.91,محصول,محصول
کرم مرطوب کننده تیوپی با رایحه خیار 75میل,https://www.khanoumi.com/products/bbk-cucumber-face-and-hand-moisturizing-cream-75ml-29579,از رایحه اش خوشم نیومد و مرطوب کنندگی خیلی معمولی داره در حد 3 ساعت,0,false,2024-12-01T09:20:55.3892639+00:00,خنثی,0.35,محصول,محصول
کرم مرطوب کننده تیوپی با رایحه خیار 75میل,https://www.khanoumi.com/products/bbk-cucumber-face-and-hand-moisturizing-cream-75ml-29579,خوبیش اینه پوست و خیلی چرب نمیکنه و حس خنکی به پوست میده که خیلی عالیه برای کسایی که پوست چرب دارن,0,true,2024-11-04T07:36:54.8799685+00:00,مثبت,0.91,محصول,محصول
کرم مرطوب کننده تیوپی با رایحه خیار 75میل,https://www.khanoumi.com/products/bbk-cucumber-face-and-hand-moisturizing-cream-75ml-29579,مرطوب کنندگی خوبی داره اما بوشو زیاد دوست نداشتم. یکم تنده بوش...در کل خوبه. حجمشم خوبه ,0,true,2024-08-15T00:10:27+00:00,مثبت,0.95,محصول,محصول
کرم مرطوب کننده تیوپی با رایحه خیار 75میل,https://www.khanoumi.com/products/bbk-cucumber-face-and-hand-moisturizing-cream-75ml-29579,بوی خوبی داره، با توجه به قیمتش برای توی کیف و استفاده بیرون مناسبه، ماندگاری مرطوب کنندگی زیادی نداره,0,true,2024-04-14T12:17:07+00:00,مثبت,0.67,محصول | قیمت,محصول
کرم مرطوب کننده تیوپی با رایحه خیار 75میل,https://www.khanoumi.com/products/bbk-cucumber-face-and-hand-moisturizing-cream-75ml-29579,خوبه,0,false,2024-02-14T00:18:36+00:00,مثبت,0.79,سایر,سایر
کرم مرطوب کننده تیوپی با رایحه خیار 75میل,https://www.khanoumi.com/products/bbk-cucumber-face-and-hand-moisturizing-cream-75ml-29579,به این کرم 3 ستاره میدم. پوست رو خیلی نرم و لطیف می کنه و قدرت لطافت خوبی داره. اما یه نکته خیلی مهم اینه که ماندگاری بالایی نداره و پوست رو برای مدت زمان زیادی نرم و مرطوب نگه نمی داره. ولی به عنوان یک کرم مرطوب کننده عادی گزینه خوبیه. ,0,false,2022-12-31T11:12:10+00:00,مثبت,0.79,محصول,محصول
کرم مرطوب کننده تیوپی با رایحه نارگیل 75میل,https://www.khanoumi.com/products/bbk-coconut-face-and-hand-moisturizing-cream-75ml-29580,عالی,0,true,2025-01-03T17:33:39.0454343+00:00,مثبت,0.67,سایر,سایر
کرم مرطوب کننده تیوپی با رایحه نارگیل 75میل,https://www.khanoumi.com/products/bbk-coconut-face-and-hand-moisturizing-cream-75ml-29580,بوی خوبی داشت,0,true,2024-12-14T16:38:18.841309+00:00,مثبت,0.67,محصول,محصول
کرم مرطوب کننده تیوپی با رایحه نارگیل 75میل,https://www.khanoumi.com/products/bbk-coconut-face-and-hand-moisturizing-cream-75ml-29580,روی کرم عکس نارگیل کشیده ولی بوی بادام تلخ میده و تو ترکیباتش هم نوشته روغن بادام. من اصلا از بوش خوشم نیومد,0,true,2024-12-06T16:36:05.8839829+00:00,مثبت,0.67,محصول | اصل بودن کالا,محصول
کرم مرطوب کننده تیوپی با رایحه نارگیل 75میل,https://www.khanoumi.com/products/bbk-coconut-face-and-hand-moisturizing-cream-75ml-29580,بوی خوب و ملایمی داره، معمولیه توقع زیادی ازش ندلشته باشید.چزی کنندگی بالایی نداره مرتب باید شارژ کنید. در روز چند بار باید بزنید,0,true,2024-11-27T10:00:34.9773758+00:00,مثبت,0.67,محصول,محصول
کرم مرطوب کننده تیوپی با رایحه نارگیل 75میل,https://www.khanoumi.com/products/bbk-coconut-face-and-hand-moisturizing-cream-75ml-29580,بوی خیلی خوب داشت و لطیف بود,0,true,2024-05-01T19:47:10+00:00,مثبت,0.79,محصول,محصول
کرم مرطوب کننده تیوپی حاوی عصاره آلوئه ورا 75میل,https://www.khanoumi.com/products/bbk-aloe-vera-extract-face-and-hand-moisturizing-cream-75ml-29581,بوی فوق العاده بدی داره ابرسانی اونچنانی هم نداره,1,false,2023-07-25T15:02:42+00:00,ترکیبی,0.66,محصول,محصول
کرم مرطوب کننده تیوپی حاوی عصاره بابونه 75میل,https://www.khanoumi.com/products/babak-chamomile-extract-face-and-hand-moisturizing-cream-75ml-29582,من قبلا این محصول رو استفاده کردم و راضی بودم,0,false,2025-01-29T12:12:12.5821842+00:00,مثبت,0.67,محصول,محصول
کرم مرطوب کننده تیوپی حاوی عصاره بابونه 75میل,https://www.khanoumi.com/products/babak-chamomile-extract-face-and-hand-moisturizing-cream-75ml-29582,کرم مرطوب کننده تیوپی بابونه اشتباه قیمت نخورده؟,0,true,2025-01-21T03:36:48.1412152+00:00,خنثی,0.35,محصول | قیمت,محصول
کرم مرطوب کننده تیوپی حاوی روغن جوجوبا و آرگان 75میل,https://www.khanoumi.com/products/babak-argan-oil-and-jojoba-oil-face-and-hand-moisturizing-cream-75ml-29583,این کرم مرطوب کنندگی خوبی داره و باعث نرم شدن پوست میشه. بوی خوبی داره و خشکی پوست و از بین میبره. اصلا چربی و سنگینی روی پوست ایجاد نمیکنه. قیمتش خیلی مناسبه و ارزش خرید داره.,0,false,2023-01-08T08:24:08+00:00,مثبت,0.95,محصول | قیمت | اصل بودن کالا,محصول
کرم مرطوب کننده تیوپی حاوی روغن جوجوبا و آرگان 75میل,https://www.khanoumi.com/products/babak-argan-oil-and-jojoba-oil-face-and-hand-moisturizing-cream-75ml-29583,این کرم مرطوب کنندگی خوبی داره و باعث نرم شدن پوست میشه. بوی خوبی داره و خشکی پوست و از بین میبره. اصلا چربی و سنگینی روی پوست ایجاد نمیکنه. قیمتش خیلی مناسبه و ارزش خرید داره.,0,false,2023-01-08T08:22:27+00:00,مثبت,0.95,محصول | قیمت | اصل بودن کالا,محصول
کرم مرطوب کننده تیوپی حاوی روغن جوانه گندم 75میل,https://www.khanoumi.com/products/bbk-wheat-germ-oil-face-and-hand-moisturizing-cream-75ml-29585,خوبه برا تو کیف ولی مرطوب کنندگی ماندگاری نداره,0,true,2024-11-02T16:29:53.2693913+00:00,مثبت,0.79,محصول,محصول
کرم مرطوب کننده کاسه ای حاوی عصاره آلوئه ورا 100میل,https://www.khanoumi.com/products/bbk-aloe-vera-extract-face-and-hand-moisturizing-cream-100ml-29586,عالی,0,false,2025-03-31T20:04:48.1955058+00:00,مثبت,0.67,سایر,سایر
کرم مرطوب کننده کاسه ای حاوی روغن جوجوبا و آرگان 100میل,https://www.khanoumi.com/products/bbk-argan-oil-and-jojoba-oil-face-and-hand-moisturizing-cream-100ml-29588,یه مرطوب کننده قویه و میتونه پوست رو نرم و لطیف کنه. مواد معدنی و ویتامین ها داخل ترکیبات این محصول به شما کمک میکنه تا پوست لطیفی داشته باشید.,1,false,2023-01-17T09:09:21+00:00,خنثی,0.35,محصول,محصول
کرم مرطوب کننده کاسه ای حاوی روغن آووکادو 100میل,https://www.khanoumi.com/products/bbk-avocado-oil-face-and-hand-moisturizing-cream-100ml-29589,بوی خوبی داره چرب نیست زود جذبِ برای پوستای خیلی خشک مناسب نیست ,1,true,2022-03-30T03:07:05+00:00,مثبت,0.67,محصول,محصول
کرم مرطوب کننده کاسه ای حاوی روغن جوانه گندم 100میل,https://www.khanoumi.com/products/bbk-wheat-germ-oil-face-and-hand-moisturizing-cream-100ml-29590,خوب بود راضی بودم,0,true,2024-08-26T15:33:24+00:00,مثبت,0.91,محصول,محصول
کرم مرطوب کننده کاسه ای حاوی روغن جوانه گندم 100میل,https://www.khanoumi.com/products/bbk-wheat-germ-oil-face-and-hand-moisturizing-cream-100ml-29590,این کرم قدرت مرطوب کنندگی خوبی داره و پوست خشک و زبر و به خوبی نرم و لطیف میکنه. التیام بخشه و حجمش خیلی زیاده. زود جذبه و روی پوست چربی و سنگینی ایجاد نمیکنه.,0,false,2022-12-31T08:12:46+00:00,مثبت,0.79,محصول,محصول
شامپو موهای معمولی 200میل,https://www.khanoumi.com/products/deep-sense-daily-shampoo-for-normal-hair-200ml-29591,نمیتونم بگم خیلی عالی بود ولی بد هم نبود. به موهام ساخت و ایجاد ریزش نکرد، بوی خوبی هم داره که بعد از استفاده تا چند ساعت روی مو میمونه این بو.,0,true,2024-02-13T20:22:47+00:00,مثبت,0.95,محصول,محصول
شامپو موهای معمولی 200میل,https://www.khanoumi.com/products/deep-sense-daily-shampoo-for-normal-hair-200ml-29591,من این شامپو رو تو تخفیف های خانومی خریدم. خیلی شامپو خوبیه بوی خوب و ملایمی داره و موها رو به خوبی تمیز میکنه و از ریزش موها هم تا حدودی پیشگیری میکنه. قیمت اینکار نسبت به حجمش خیلی مناسبه.,2,false,2022-11-18T22:36:02.7666667+00:00,مثبت,0.91,محصول | قیمت,محصول
شامپو موهای معمولی 200میل,https://www.khanoumi.com/products/deep-sense-daily-shampoo-for-normal-hair-200ml-29591,عااااالی,2,true,2022-09-07T17:06:05+00:00,خنثی,0.35,سایر,سایر
شامپو موهای چرب 200میل,https://www.khanoumi.com/products/deep-sense-shampoo-for-greasy-hair-200ml-29592,بد نیست متوسط پاک کنندگی,0,true,2026-03-19T17:14:21.7225616+03:30,مثبت,0.67,سایر,سایر
شامپو موهای چرب 200میل,https://www.khanoumi.com/products/deep-sense-shampoo-for-greasy-hair-200ml-29592,با توجه به قیمتی که داره حجم مناسبی داره و من حدودا دو ماه این شامپو استفاده کردم چربی سر کم نمیکنه بیشتر یه شامپو معمولیه ولی با توجه به قیمت مناسبه,0,true,2025-10-20T11:22:10.4082641+03:30,خنثی,0.35,محصول | قیمت,محصول
شامپو موهای چرب 200میل,https://www.khanoumi.com/products/deep-sense-shampoo-for-greasy-hair-200ml-29592,اینم با توجه به قیمت مناسبه فردا استفاده میکنم اینم با توجه به قیمت مناسبش خریدم انشالله خوب باشه از،نظر دوستان انتخاب کردم,0,true,2024-12-08T21:47:03.8516904+00:00,مثبت,0.67,قیمت,قیمت
شامپو موهای چرب 200میل,https://www.khanoumi.com/products/deep-sense-shampoo-for-greasy-hair-200ml-29592,قدرت پاک کنندگی بالایی نداره و قیمتش نسبت به حجم و کیفیتش بالاست.,0,true,2024-10-17T16:22:11.6624414+00:00,خنثی,0.35,محصول | قیمت,محصول
شامپو موهای چرب 200میل,https://www.khanoumi.com/products/deep-sense-shampoo-for-greasy-hair-200ml-29592,روی چربی موهام تاثیری نداشت حجمش کمه و حداقل در ماه به دوتا یا بیشتراز این شامپو احتیاج خواهید داشت البته با توجه به مصرف خودم چون موهام خیلی چربه دوتا مصرف کردم...واقعا راضی نبودم و شارژش نمیکنم,0,true,2023-06-08T16:49:49+00:00,منفی,0.67,محصول,محصول
شامپو موهای چرب 200میل,https://www.khanoumi.com/products/deep-sense-shampoo-for-greasy-hair-200ml-29592,واقعا شامپوی خوبی بود. مقدار کمش کلی کف کرد و چربی سرم رو تا حد زیادی گرفت. پیشنهاد می کنم استفاده کنید . به مرور شاهد کاهش شوره سرتون هم میشید.,0,false,2023-01-08T17:15:00+00:00,مثبت,0.79,محصول,محصول
شامپو موهای چرب 200میل,https://www.khanoumi.com/products/deep-sense-shampoo-for-greasy-hair-200ml-29592,عاااالی ...,1,true,2023-01-01T09:16:47+00:00,خنثی,0.35,سایر,سایر
شامپو موهای چرب 200میل,https://www.khanoumi.com/products/deep-sense-shampoo-for-greasy-hair-200ml-29592,حجم کمه زود تموم میشه با اینکه فقط هفتهای دوبار مصرف کردم روی چربی موهام تاثیری نداشت کلا یه شامپوی معمولی هست ,1,true,2022-10-12T09:21:41+00:00,خنثی,0.35,محصول,محصول
شامپو موهای چرب 200میل,https://www.khanoumi.com/products/deep-sense-shampoo-for-greasy-hair-200ml-29592,عااااالی,0,true,2022-09-07T17:05:06+00:00,خنثی,0.35,سایر,سایر
شامپو موهای چرب 200میل,https://www.khanoumi.com/products/deep-sense-shampoo-for-greasy-hair-200ml-29592,از روزی که  استفاده کردم موهام به شدت خارش و ریزش پیدا کرد ,4,true,2022-02-09T07:28:18+00:00,خنثی,0.35,محصول,محصول
شامپو موهای چرب 200میل,https://www.khanoumi.com/products/deep-sense-shampoo-for-greasy-hair-200ml-29592,وقتی استفاده میکنم فرداش موهام کمی چربه و خارش داره کف سرم .موهارو نرم و بی حالت میکنه .  تاثیر درمانی نداشت برام.,3,true,2021-09-14T11:37:11+00:00,خنثی,0.35,محصول,محصول
شامپو موهای چرب 200میل,https://www.khanoumi.com/products/deep-sense-shampoo-for-greasy-hair-200ml-29592,خیلی شامپوی خوبیه و همچنین خیلی خوش بو هستش ,11,false,2021-08-18T20:51:57+00:00,مثبت,0.67,محصول,محصول
شامپو ضد شوره 200میل,https://www.khanoumi.com/products/deep-sense-anti-dandruff-shampoo-for-normal-hair-200ml-29593,واقعاً عالیه تنها شامپویی که برای موهای چرب و شوره و خارش میشه استفاده کرد همینه,0,true,2026-06-18T11:16:47.2817663+03:30,مثبت,0.79,محصول,محصول
شامپو ضد شوره 200میل,https://www.khanoumi.com/products/deep-sense-anti-dandruff-shampoo-for-normal-hair-200ml-29593,شامپو خیلی خوبیه به محض اولین استفاده بیشتر شوره هارو از بین برد,0,true,2026-02-24T11:12:32.3241554+03:30,مثبت,0.79,محصول,محصول
شامپو ضد شوره 200میل,https://www.khanoumi.com/products/deep-sense-anti-dandruff-shampoo-for-normal-hair-200ml-29593,واقعا حرف نداره من برای دخترم گرفتم یعنی کوچکترین شوره وخارش نداره خدا روشکر من دومین بارع چندتا دیکه سفارش دادم,0,true,2025-12-26T22:40:11.9909611+03:30,خنثی,0.35,سایر,سایر
شامپو ضد شوره 200میل,https://www.khanoumi.com/products/deep-sense-anti-dandruff-shampoo-for-normal-hair-200ml-29593,این شامپو حرف نداره. فوق العاده س. هم خوب کف میکنه هم خوشبوئه هم اثر واقعا عالی داره. من جلوی موهام بعد از مدتی که از شامپوهای عادی استفاده میکنم شروع میکنه به خارش و شوره. ماهی دو دفعه یا سه دفعه پشت سرهم که میرم حمام فقط این شامپو رو میزنم و بعدش راحت تا دوماه هیچ خبری از شوره یا خارش نیست. واقعا نسبت به همه شامپوهای هم ردیفش یه سر و گردن بالاتره. حتی از هد اند شولدرز که اینهمه الکی معروف شد هم بهتره.,0,false,2025-09-10T20:06:47.2953595+03:30,مثبت,0.67,محصول,محصول
شامپو ضد شوره 200میل,https://www.khanoumi.com/products/deep-sense-anti-dandruff-shampoo-for-normal-hair-200ml-29593,"افتضاح..
اولش که استفاده میکنی دیگه واقعا اثری از شوره نیست، ولی بعدش دچار  یه مشکل بزرگتر به نام ریزش مو میشی....",0,true,2025-03-14T14:59:34.0841379+00:00,منفی,0.67,محصول,محصول
شامپو ضد شوره 200میل,https://www.khanoumi.com/products/deep-sense-anti-dandruff-shampoo-for-normal-hair-200ml-29593,سلام ،پسرم 12 سالشه ،موهاش هم شوره داشت و هم خارش ،کلی شامپو خریدم ولی بعد از چند وقت دوباره برمیگشت ،از این شامپو خریدم فوق العاده عالیه، هم شوره رو برد و هم خارش رو و هم مثل شامپو هاس دیگه موها رو خشک نمیکنه، دومین بار سفارش دادم ،بی نظیره,0,true,2024-12-15T15:16:57.9561111+00:00,مثبت,0.91,محصول,محصول
شامپو ضد شوره 200میل,https://www.khanoumi.com/products/deep-sense-anti-dandruff-shampoo-for-normal-hair-200ml-29593,تنها محصولی که از دیپ سنس خریدم و راضی بودم .. واقعا شوره هامو درمان کرد تا حد زیادی. بوی خوبی هم داره. حجمش از چیزی که انتظار داشتم یکم کمتر بود . در کل پیشنهادش میکنم.,0,true,2024-08-15T00:18:58+00:00,مثبت,0.91,محصول,محصول
شامپو ضد شوره 200میل,https://www.khanoumi.com/products/deep-sense-anti-dandruff-shampoo-for-normal-hair-200ml-29593,شوره هام کمتر شده و حتی خارش سرمم کمتر شده اما خب کاملا برطرف نشده شاید باید مداوم استفاده کنم. و اینکه مقدار کمش  هم خوب کف میکنه ، راضی ام از خریدش ، فقط نمیدونم ریزش موهام از اینه یا علت دیگه داره  ,0,true,2023-06-11T21:57:59+00:00,مثبت,0.91,محصول,محصول
شامپو ضد شوره 200میل,https://www.khanoumi.com/products/deep-sense-anti-dandruff-shampoo-for-normal-hair-200ml-29593,عالیه فوقالعاده از وقتی استفاده کردم موهام دگ شوره نداره بینظیره👌👌👌👌👌👌👌,0,false,2023-05-26T22:50:45+00:00,مثبت,0.91,محصول,محصول
شامپو ضد شوره 200میل,https://www.khanoumi.com/products/deep-sense-anti-dandruff-shampoo-for-normal-hair-200ml-29593,موهای من چرب و شوره داره. چربی موهام به قدری زیاده که هر یک روز درمیان باید بشورم . این شامپو از براق شدن بیش از حد موهام جلوگیری کرد و تا حد زیادی شوره موهام رو برطرف کرد. با توجه به قیمتش ازش راضی بودم و الان استفاده می کنم.,0,false,2023-04-30T17:17:33+00:00,مثبت,0.67,محصول | قیمت,محصول
شامپو ضد شوره 200میل,https://www.khanoumi.com/products/deep-sense-anti-dandruff-shampoo-for-normal-hair-200ml-29593,واقعا عالیه. شوره موهای من با هیچ شامپویی رفع نشد. تنها شامپویی که برای موهای من جواب داد همین بود فقط,0,true,2023-04-24T17:44:22+00:00,مثبت,0.91,محصول,محصول
شامپو ضد شوره 200میل,https://www.khanoumi.com/products/deep-sense-anti-dandruff-shampoo-for-normal-hair-200ml-29593,شامپو اش فوق العاده است.,0,true,2023-03-26T18:03:29+00:00,مثبت,0.67,محصول,محصول
شامپو تقویت کننده و حجم دهنده 200میل,https://www.khanoumi.com/products/deep-sense-fortifying-shampoo-200ml-29594,بوش خیلییی خوبه,0,true,2026-05-10T18:50:17.5158707+03:30,مثبت,0.79,محصول,محصول
شامپو تقویت کننده و حجم دهنده 200میل,https://www.khanoumi.com/products/deep-sense-fortifying-shampoo-200ml-29594,بوی آبنبات پرتقالی میده موها رو نرم و براق می کنه حجم دهندگیش معمولیه کلا خیلی دوسش داشتم بازم می خرم,0,true,2026-04-28T19:56:53.6424158+03:30,خنثی,0.35,محصول,محصول
شامپو تقویت کننده و حجم دهنده 200میل,https://www.khanoumi.com/products/deep-sense-fortifying-shampoo-200ml-29594,خوبه شامپوهای این برند,0,true,2026-01-01T22:42:52.3384588+03:30,مثبت,0.79,محصول,محصول
شامپو تقویت کننده و حجم دهنده 200میل,https://www.khanoumi.com/products/deep-sense-fortifying-shampoo-200ml-29594,لطفا موجودش کنین,0,true,2025-02-26T09:19:57.9274097+00:00,خنثی,0.35,محصول,محصول
شامپو تقویت کننده و حجم دهنده 200میل,https://www.khanoumi.com/products/deep-sense-fortifying-shampoo-200ml-29594,این شامپو موها رو به خوبی تقویت میکنه و به افزایش حجم موها کمک میکنه. یه شوینده ملایمه و به همین دلیل برای استفاده روزانه توصیه میشه. پیاز موها رو تقویت میکنه و ریزش موها رو کاهش میده,1,false,2023-01-21T09:08:58+00:00,مثبت,0.79,محصول,محصول
شامپو تقویت کننده و حجم دهنده 200میل,https://www.khanoumi.com/products/deep-sense-fortifying-shampoo-200ml-29594,"خیلی شامپوی خوبیه ولی برای افرادی که 1 تا 2 بار در هفته میرن حمام نه - چون که شوینده ملایمی هستش و برای شامپوی روزانه یا نهایت یک روز در میون اوکی هستش - خیلی خوشبو و کف بسار مناسب 
",57,true,2021-12-16T23:48:45+00:00,مثبت,0.67,محصول,محصول
شامپو موهای رنگ شده 200میل,https://www.khanoumi.com/products/deep-sense-color-protecting-shampoo-200ml-29595,همیشه در سبد خریدم دارمش,0,true,2026-05-17T13:26:04.5268965+03:30,منفی,0.67,سایر,سایر
شامپو موهای رنگ شده 200میل,https://www.khanoumi.com/products/deep-sense-color-protecting-shampoo-200ml-29595,عالی و خوش بو,0,true,2026-03-27T15:49:05.8403764+03:30,مثبت,0.67,محصول,محصول
شامپو موهای رنگ شده 200میل,https://www.khanoumi.com/products/deep-sense-color-protecting-shampoo-200ml-29595,بارها خریدم و راضی ام,0,true,2026-01-06T17:33:26.8077324+03:30,مثبت,0.79,سایر,سایر
شامپو موهای رنگ شده 200میل,https://www.khanoumi.com/products/deep-sense-color-protecting-shampoo-200ml-29595,"عالیه
کلا محصولات دیپ سنس حرف نداره",0,true,2024-12-14T11:07:05.4000696+00:00,مثبت,0.79,محصول,محصول
شامپو موهای رنگ شده 200میل,https://www.khanoumi.com/products/deep-sense-color-protecting-shampoo-200ml-29595,"برای من نظرات مشتریان مهمه 
به خاطر همین خودم هم بعد از اولین خریدم نظرمو اعلام میکنم
شامپوی بسیار خوبیه کف خوبی داره بوی خوبی هم میده من یک روز درمیون موهامو میشورم باهاش اصلا چرب نمیکنه موهارو وز نمیکنه نرم نگه میدازه 
پیشنهادش میکنم 
ممنون از خانمی ",0,true,2023-07-16T12:35:03+00:00,مثبت,0.79,محصول | اصل بودن کالا,محصول
شامپو موهای رنگ شده 200میل,https://www.khanoumi.com/products/deep-sense-color-protecting-shampoo-200ml-29595,"من راضی بودم خیلی خوب بود
کلا محصولات دیپ سنس خوبن ",0,true,2023-04-16T01:21:50+00:00,مثبت,0.95,محصول,محصول
شامپو موهای رنگ شده 200میل,https://www.khanoumi.com/products/deep-sense-color-protecting-shampoo-200ml-29595,شامپو خیلی خوبی هست بوی خوبی هم میده ,1,true,2022-12-08T20:16:37+00:00,مثبت,0.91,محصول,محصول
شامپو ضد زردی 200میل,https://www.khanoumi.com/products/deep-sense-bleach-blonde-shampoo-200ml-29596,کسایی گفتن بدرد نمیخوره مشکل از دکلره موهاشونه بعضی دکلره ها کلا هرکارم کنی نمیگیره که بسته به کاره اون ارایشگر و موادی که استفاده میکنه داره من خودم چند ساله دکلره میکنم که جایی میرم خودشون بهم گفتن شامپو ضد زردی حتما بزن هر دوسه بار که حموم میری همیشه موهام رنگ عالی داره و هیچ وقت تاحالا موهام حتی نیاز به رنگساژ نداشته,0,false,2026-06-09T13:12:31.1359528+03:30,مثبت,0.79,محصول | تحویل و ارسال,محصول
شامپو ضد زردی 200میل,https://www.khanoumi.com/products/deep-sense-bleach-blonde-shampoo-200ml-29596,مزخرف ترین شامپو بنفشی هستش که استفاده کردم پولمو ریختم دور من از داروخانه گرفتم به هر طریقی امتحانش کردم اصلاااا خوب نیس,0,false,2026-05-26T14:51:33.7080614+03:30,مثبت,0.79,محصول | اصل بودن کالا,محصول
شامپو ضد زردی 200میل,https://www.khanoumi.com/products/deep-sense-bleach-blonde-shampoo-200ml-29596,وقتی نیم ساعت روی مو بمونه واقعا اثر خوبی داره و زردی و نارنجی مو از بین میره,0,true,2025-10-15T10:00:06.9933988+03:30,مثبت,0.67,محصول,محصول
شامپو ضد زردی 200میل,https://www.khanoumi.com/products/deep-sense-bleach-blonde-shampoo-200ml-29596,زیاد موثر نیست,0,true,2025-09-18T06:34:09.4283794+03:30,خنثی,0.35,محصول,محصول
شامپو ضد زردی 200میل,https://www.khanoumi.com/products/deep-sense-bleach-blonde-shampoo-200ml-29596,خیلی تاثیر داره برا منو کاملا دودی کرد,0,false,2025-05-20T22:47:29.2447567+00:00,خنثی,0.35,سایر,سایر
شامپو ضد زردی 200میل,https://www.khanoumi.com/products/deep-sense-bleach-blonde-shampoo-200ml-29596,اصلا زردی مو رو نمیگرفت هیچ تأثیری نداشت.,0,true,2024-10-13T08:46:04.3168987+00:00,مثبت,0.67,محصول | اصل بودن کالا,محصول
شامپو ضد زردی 200میل,https://www.khanoumi.com/products/deep-sense-bleach-blonde-shampoo-200ml-29596,خیلی تاثیرداره من که راضیم,0,false,2024-09-15T18:04:14+00:00,مثبت,0.79,سایر,سایر
کرم مرطوب کننده آلوئه ورا 75میل,https://www.khanoumi.com/products/dilmon-aloevera-extract-hand-and-face-cream-75ml-29597,نرم کنندگیش عالیه،واقعا از هرچی کرم مرطوب کننده داشتم بهتر بوده اصلا انتظار نداشتم,0,true,2024-08-07T00:55:06+00:00,مثبت,0.91,محصول | اصل بودن کالا,محصول
کرم مرطوب کننده بابونه 75میل,https://www.khanoumi.com/products/dilmon-chamomile-extract-hand-and-face-cream-75ml-29598,عالیه خیلی بوی خوبی داره.واقفا ازش راضی ام فقط کاش کاسه ای شو شارژ میکردید,0,true,2024-07-27T19:41:33+00:00,مثبت,0.95,محصول,محصول
کرم مرطوب کننده بابونه 75میل,https://www.khanoumi.com/products/dilmon-chamomile-extract-hand-and-face-cream-75ml-29598,"کرم مرطوب کننده بابونه و روغن بادام دیلمون علاوه بر اینکه از ویتامین های A , E , D تولید شده دارای خاصیت ضدالتهاب هست و به بهبود زخم کمک میکنه. اگر شما هم پوست حساس و نرمال دارین، این کرم بهترین محصول برای شماست.",0,false,2022-12-03T09:19:38+00:00,مثبت,0.67,محصول,محصول
کرم مرطوب کننده روغن جوانه گندم 75میل,https://www.khanoumi.com/products/dilmon-wheat-germ-hand-and-face-cream-75ml-29601,بوی خیلی خوبی داره پیشنهاد میکنم ,0,true,2024-05-07T20:26:04+00:00,مثبت,0.95,محصول,محصول
کرم مرطوب کننده بابونه 200میل,https://www.khanoumi.com/products/dilmon-chamomile-extract-hand-and-face-cream-200ml-29604,کرم خوبیه، جذبشم خوبه ,1,true,2022-11-11T11:22:45+00:00,مثبت,0.91,محصول,محصول
کرم مرطوب کننده زیتون 200میل,https://www.khanoumi.com/products/dilmon-olive-oil-hand-and-face-cream-200ml-29605,این کرمی که برام فرستادن کرم خوبیه و دقیقا همون مارک دیلمون با رایحه زیتونه ولی من کرمی که رو خود سایته رو سفارش داده بودم نه این. بوی کرمی که عکسش رو سایته فوق العادست ولی اینی که فرستادن اون بو رو نداره,0,true,2024-02-13T13:02:01+00:00,مثبت,0.67,محصول,محصول
کرم مرطوب کننده پرتقال و زنجبیل 200میل,https://www.khanoumi.com/products/dilmon-orange-and-ginger-hand-and-face-cream-200ml-29608,مدل تیوپیشو داشتم خیلی بوی خوبی میده حتما بخرید,0,false,2026-05-08T20:37:38.6099589+03:30,مثبت,0.67,محصول,محصول
شامپو موهای رنگ شده عصاره انار 300میل,https://www.khanoumi.com/products/dilmon-pomegranate-extract-hair-shampoo-300ml-29612,"اولین شامپویی هست که با موهای رنگ شده من سازگاری داره و نه تنها خوشبو بلکه موها رو خیلی نرم میکنه و نسبت به کیفیتی که داره، قیمتش خیلی مناسبه.


",0,false,2022-12-28T07:54:43.3466667+00:00,خنثی,0.35,محصول | قیمت,محصول
شامپو نچرال برای موهای رنگ شده و آسیب دیده 400 گرمی,https://www.khanoumi.com/products/active-natural-shampoo-for-damaged-and-colored-hair-400g-29624,"چند ساله از محصولات اکتیو استفاده میکنم کاملا راضی هستم علاوه بر اینکه بوی خوبی داره،شوره هام ازبین برد.

",0,false,2022-11-14T16:19:18.19+00:00,مثبت,0.79,محصول,محصول
شامپو بدن اسپرت آقایان سورمه ای 400گرمی,https://www.khanoumi.com/products/active-sport-blue-body-shampoo-for-men-400g-29634,چرا موجود نمیکنین؟,0,false,2024-05-20T13:38:22+00:00,خنثی,0.35,محصول,محصول
شامپو بدن اسپرت آقایان مشکی 400گرمی,https://www.khanoumi.com/products/active-sport-black-body-shampoo-for-men-400g-29635,بابا مجودش کنین لطفاً,0,false,2025-02-04T13:36:37.6510491+00:00,خنثی,0.35,سایر,سایر
شامپو بدن اسپرت آقایان مشکی 400گرمی,https://www.khanoumi.com/products/active-sport-black-body-shampoo-for-men-400g-29635,چرا موجود نمیکنید؟؟؟,0,false,2025-02-03T03:16:20.4876289+00:00,خنثی,0.35,محصول,محصول
شامپو بدن کرمی آلوئه ورا 400گرمی,https://www.khanoumi.com/products/active-aloe-vera-creamy-body-shampoo-400g-29638,خوبه بوی گلی خیلی ملایم داره ولی نسبت به بقیه رایحه ها جالب نبود,0,false,2026-03-17T02:37:41.3224544+03:30,مثبت,0.79,محصول,محصول
شامپو بدن کرمی آلوئه ورا 400گرمی,https://www.khanoumi.com/products/active-aloe-vera-creamy-body-shampoo-400g-29638,بوی خیلی بدی داره,0,false,2021-06-24T20:03:20+00:00,منفی,0.67,محصول,محصول
شامپو بدن کرمی بزرگسال کارامل 400 گرمی,https://www.khanoumi.com/products/active-caramel-creamy-body-shampoo-400g-29641,چرااین شامپو بدن رو شارژ نمیکیدید  لطفا  شارژکنید لطفاااااا,0,false,2023-06-29T23:59:46+00:00,منفی,0.67,محصول,محصول
شامپو بدن کرمی وانیل و عسل 400 گرمی,https://www.khanoumi.com/products/active-vanilla-and-honey-creamy-body-shampoo-400g-29643,"هم خوشبو
هم بدن رو تمیز و شاداب میکنه
خیلی دوسش دارم",0,false,2021-06-24T20:02:17+00:00,منفی,0.67,محصول,محصول
شامپو بدن کرمی وانیل و عسل 400 گرمی,https://www.khanoumi.com/products/active-vanilla-and-honey-creamy-body-shampoo-400g-29643,خیلی خوشبو و کرمی هستش دوسش دارم🧡,1,false,2020-09-14T21:16:28+00:00,خنثی,0.35,محصول,محصول
نرم کننده موی سر نچرال موهای معمولی 400 گرمی,https://www.khanoumi.com/products/active-natural-hair-conditioner-for-normal-hair-400g-29706,عالیه مخصوصا بوش,0,false,2024-10-23T13:22:30.2674407+00:00,مثبت,0.79,محصول,محصول
شامپو روزانه حاوی کراتین و روغن آرگان 400 گرمی,https://www.khanoumi.com/products/ave-argan-oil-hair-shampoo-400ml-29738,چرا بادی واشهای اسکرابی اوه رو موجود نمی کنید ؟ خیلی پر طرفداره,0,false,2025-11-25T20:33:42.9109404+03:30,خنثی,0.35,محصول,محصول
ادوتویلت مردانه پسوورد,https://www.khanoumi.com/products/la-rive-password-eau-de-toilette-29877,این ادکلن رایحه ش بی نظیره,0,false,2026-05-16T15:27:59.804359+03:30,خنثی,0.35,محصول,محصول
ادوپرفیوم زنانه کوئین آف لایف,https://www.khanoumi.com/products/la-rive-queen-of-life-eau-de-parfum-29878,بوی خوبی داره اما ماندگاری کوتاه,0,true,2025-01-08T12:49:36.1902462+00:00,مثبت,0.67,محصول,محصول
ادوپرفیوم زنانه کوئین آف لایف,https://www.khanoumi.com/products/la-rive-queen-of-life-eau-de-parfum-29878,لطفا موجودش کنید ,0,false,2024-02-08T22:04:09+00:00,خنثی,0.35,محصول,محصول
ادوتویلت مردانه هیت فایر 90میل,https://www.khanoumi.com/products/la-rive-hitfire-eau-de-toilette-29881,رایحه خوبی داره ولی ماندگاری خیلی کم,0,false,2024-04-21T15:45:19+00:00,مثبت,0.67,محصول,محصول
ادوپرفیوم زنانه مدل Madame Isabelle حجم 90 میلی لیتر,https://www.khanoumi.com/products/la-rive-madame-isabelle-eau-de-parfum-29883,"این عطر رو خریدم متاسفانه نسبت به هزینه اش ماندگاری و پخش بو انچنان نداشت! 
و راضی نبودم واقعا",0,true,2025-06-09T18:14:27.8315205+00:00,منفی,0.79,محصول | قیمت,محصول
ادوپرفیوم زنانه مون,https://www.khanoumi.com/products/la-rive-moon-eau-de-parfum-29885,بوش خوب بود ولی ماندگاری خیلی کم.من تو بلک فرایدی گرفتم.,0,true,2025-01-03T20:08:13.6061589+00:00,مثبت,0.79,محصول,محصول
ادوپرفیوم زنانه مون,https://www.khanoumi.com/products/la-rive-moon-eau-de-parfum-29885,پنج ستاره میزنم به خاطر تخفیف های خوب خانومی . من این ادوپرفیوم رو تو بلک فرایدی به قیمت خیلی خوب با تخفیف خیلی خوب . بسته بندی کاملا پلمپ بود . تولید انقضا اوکی بود . رایحه نوستالژی داره اما موندگاری خیلی نیست . متوسط رو به معمولی . اما اگر مجدد تخفیف خوب بخوره شاید دوباره بگیرم . .ممنون از خانومی بابت ارسال به موقع شون . خانومی واقعا از موقعی که تیپاکس محصولات رو میاره خیلی راضی هستیم اداره پست خیلی ضعیف بودن خیلی ضعیف,0,true,2024-12-04T12:57:37.7135412+00:00,ترکیبی,0.92,محصول | تحویل و ارسال | قیمت,محصول
ادوپرفیوم زنانه تاچ آو وومن,https://www.khanoumi.com/products/la-rive-touch-of-woman-eau-de-parfum-29886,بو و ماندگاری خوبی داره,0,true,2024-08-09T18:05:04+00:00,مثبت,0.67,محصول,محصول
ادوپرفیوم زنانه این فلیمز,https://www.khanoumi.com/products/la-rive-in-flames-eau-de-parfum-29887,"من از جای دیگه تهیه کردم ولی بوی بهشت میده
خیلی خوش بوعه شک نکنید توی خریدش",0,false,2025-10-28T19:10:16.6722051+03:30,خنثی,0.35,محصول,محصول
ادوپرفیوم زنانه این فلیمز,https://www.khanoumi.com/products/la-rive-in-flames-eau-de-parfum-29887,من قبلاً از این داشتم خیلی رایحه ش دلنشین و شیرین,0,false,2024-04-21T15:44:11+00:00,خنثی,0.35,سایر,سایر
ادوپرفیوم زنانه سوئیت وومن,https://www.khanoumi.com/products/la-rive-sweet-woman-eau-de-parfum-29889,خیلی بوی با مزه ای داره بوی پاککن های زمان بچگی که شکل توت فرنگی بود,0,true,2025-05-12T16:27:30.5567744+00:00,خنثی,0.35,محصول,محصول
ادوپرفیوم زنانه سوئیت وومن,https://www.khanoumi.com/products/la-rive-sweet-woman-eau-de-parfum-29889,با توجه به قیمت ، کیفیت عالى بود از سفارشم راضییم. بسته بندى مناسب و عالى,0,true,2024-07-26T16:11:47+00:00,مثبت,0.67,محصول | تحویل و ارسال | قیمت,محصول
ادوپرفیوم زنانه شی ایز ماین,https://www.khanoumi.com/products/la-rive-she-is-mine-eau-de-parfum-29890,بسیار بدبو و با ماندگاری صفر دلیل تعریف بعضی از دوستان واقعاً تعجب اوره,0,true,2025-07-27T09:00:01.2280876+00:00,منفی,0.67,محصول,محصول
ادوپرفیوم زنانه شی ایز ماین,https://www.khanoumi.com/products/la-rive-she-is-mine-eau-de-parfum-29890,من حضوری خریدم نمیدونم اصله یا نه ولی  فروشنده گفت اصله و قیمتش 1800 شد ولی اصلا نمی ارزید دو دقیقه هم نمیموند یعنی به هرکی میگفتم این قیمته مسخرم میکرد اصلا ماندگاری نداره حتی بادی اسپلش از این بهتره وقتی میبینمش فقط حرص میخورم من همسرم شد 3600 الکی پول دادیم اونم ماندگاری نداره این برند,0,false,2025-05-24T22:17:30.6319784+00:00,خنثی,0.35,اصل بودن کالا | محصول | قیمت,اصل بودن کالا
ادوپرفیوم زنانه شی ایز ماین,https://www.khanoumi.com/products/la-rive-she-is-mine-eau-de-parfum-29890,بوی گرمی داره ولی خوشبو هست . و اینکه دور درش شل هست و ازش میریزه,0,true,2025-05-18T15:14:58.0899732+00:00,خنثی,0.35,محصول,محصول
ادوپرفیوم زنانه شی ایز ماین,https://www.khanoumi.com/products/la-rive-she-is-mine-eau-de-parfum-29890,اصلاااا ماندگاری نداره! بعد از نیم ساعت دیگه هیچ بویی نمیاد,0,false,2025-04-27T12:17:50.9757566+00:00,مثبت,0.67,محصول | اصل بودن کالا,محصول
ادوپرفیوم زنانه شی ایز ماین,https://www.khanoumi.com/products/la-rive-she-is-mine-eau-de-parfum-29890,اول از خانومی ممنونم ک کالای اصل فرستادن واین باعث میشه من اعتمادم کاملا برای خریدهای بعدی جلب بشه البته ک قبلا هم کلی خرید از خانومی کردم ولی اولین باری بود ک عطر آنلاین خریدم این ادکلن دقیقا همونی بود ک انتظار داشتم شیرین ملایم ملوس و بابوی دووووست داشتنی توت فرنگی من خییلی دوسش دارم شرکت لاریو هم واقعا خیلی خوبه کاملا میشه کیفیت خوبشو تشخیص داد مرسی خانومی,0,true,2025-01-13T18:07:36.7160545+00:00,مثبت,0.95,محصول | اصل بودن کالا,محصول
ادوپرفیوم زنانه شی ایز ماین,https://www.khanoumi.com/products/la-rive-she-is-mine-eau-de-parfum-29890,خیلی بوی شیرین و خنکی داره عاشقش شدم😍,5,true,2020-06-06T11:09:27+00:00,خنثی,0.35,محصول,محصول
ادوپرفیوم زنانه هلو بیوتی,https://www.khanoumi.com/products/la-rive-hello-beauty-eau-de-parfum-29891,بوش عالیه ,0,false,2024-08-03T12:47:33+00:00,مثبت,0.79,محصول,محصول
ادوپرفیوم زنانه میس دریم,https://www.khanoumi.com/products/la-rive-miss-dream-eau-de-parfum-29895,به شدت بوی الکل میده و پخش بو و ماندگاری هم ندارع,0,true,2025-03-17T09:54:42.3243655+00:00,خنثی,0.35,محصول,محصول
آرایش پاک کن چشم دو فاز 200میل,https://www.khanoumi.com/products/yves-rocher-express-eye-makeup-remover-29896,آرایش پاک کن ایوروشه واقعا عالیه و گیاهی و ضد آلرژی هم هست. برای استفاده باید خوب تکونش بدین که دو فازش ترکیب بشه. خیلی راحت آرایش و پاک میکنه و اصلا ایجاد حساسیت و سوزش نمیکنه. راحت آرایش و رژلبهای ضد آب و مقاوم و پاک میکنه و دور چشم و اصلا خشک نمیکنه. چون فاز روغنی داره بهتره بعدش چشم شسته بشه. دور چشم و نرم و لطیف میکنه و بنظر من به عنوان پاک کننده بهترین گزینه است. حتما توصیه اش میکنم امتحان کنید. ,1,true,2022-01-30T10:15:42+00:00,مثبت,0.95,اصل بودن کالا,اصل بودن کالا
آرایش پاک کن چشم دو فاز 200میل,https://www.khanoumi.com/products/yves-rocher-express-eye-makeup-remover-29896,من تقریبا دو هفته ای میشه که از این محصول استفاده میکنم واقعا عالیه و ریمل و خط چشم ضدآب و خیلی سریع و راحت پاک میکنه و اصلا چشمم و نمیسوزونه😍,16,true,2020-07-16T13:53:03+00:00,مثبت,0.67,محصول | اصل بودن کالا,محصول
آرایش پاک کن چشم دو فاز 200میل,https://www.khanoumi.com/products/yves-rocher-express-eye-makeup-remover-29896,این چشم پاک کن ایوروشه خیلی قبل از اینکه سایر برندها چشم پاک کن دو فاز تولید کنن، عرضه شده بود و اولین چشم پاک کنی بود که من ازش استفاده می کردم. هنوز هم کیفیت خوبی داره ولی با توجه به قیمتش که بالا رفته میشه محصولات ایرانی یا خارجی با قیمت پایین تر جایگزین کرد. البته توجه داشته باشین از اونجایی که محصولات ایوروشه موادشون طبیعی هست برای چشم های حساس مناسب ترند.,49,false,2020-05-19T23:23:51+00:00,مثبت,0.79,محصول | قیمت,محصول
شامپو بدن اسکراب 280گرمی بنفش,https://www.khanoumi.com/products/golrang-scrub-purple-body-wash-280g-29928,این شامپو خوب و بسیییار خوشبو هست,2,false,2020-08-13T12:24:50+00:00,مثبت,0.67,محصول,محصول
ادوپرفیوم زنانه ایو دو سیتل استولیا 100میل,https://www.khanoumi.com/products/paris-bleu-yves-de-sistelle-estolia-eau-de-parfum-for-women-100ml-29999,موجود کنین لطفا,0,false,2025-02-23T14:59:15.7227408+00:00,خنثی,0.35,محصول,محصول
ادوپرفیوم زنانه ایو دو سیتل استولیا 100میل,https://www.khanoumi.com/products/paris-bleu-yves-de-sistelle-estolia-eau-de-parfum-for-women-100ml-29999,بسیار خوشبو با ماندگاری بالا ,2,true,2020-09-26T08:06:15+00:00,خنثی,0.35,محصول,محصول
ادوپرفیوم زنانه ایو دو سیتل سندرلینگ 100میل,https://www.khanoumi.com/products/paris-bleu-yves-de-sistelle-sanderling-eau-de-parfum-for-women-100ml-30001,خیلی خوشبو  هست خوب میشد اگه موجود میشد بوش فوق العاده است,0,true,2024-06-22T15:16:47+00:00,مثبت,0.79,محصول,محصول
ادوپرفیوم زنانه ایو دو سیتل سندرلینگ 100میل,https://www.khanoumi.com/products/paris-bleu-yves-de-sistelle-sanderling-eau-de-parfum-for-women-100ml-30001,عالی بود این کار کاش موجود بشه,0,false,2024-05-19T11:17:39+00:00,مثبت,0.79,محصول,محصول
ست براش آرایشی 8 تکه طرح زوئوا رنگ رندوم,https://www.khanoumi.com/products/zoeva-8-pcs-brush-set-30010,داغون ترین چیزی ک خریدم,0,true,2025-08-19T12:55:52.7884622+00:00,منفی,0.67,سایر,سایر
ست براش آرایشی 8 تکه طرح زوئوا رنگ رندوم,https://www.khanoumi.com/products/zoeva-8-pcs-brush-set-30010,لطفااااااااااا موجودش کنید خواهش میکنم,0,false,2024-05-11T10:46:36+00:00,خنثی,0.35,محصول,محصول
ست براش آرایشی 8 تکه طرح زوئوا رنگ رندوم,https://www.khanoumi.com/products/zoeva-8-pcs-brush-set-30010,سلام،لطفا برای این محصول هم تخفیف بگذارید،متشکرم,0,false,2024-01-02T17:54:28+00:00,خنثی,0.35,محصول | قیمت,محصول
ست براش آرایشی 8 تکه طرح زوئوا رنگ رندوم,https://www.khanoumi.com/products/zoeva-8-pcs-brush-set-30010,سلام خواهشا یه تخفیف ویژه برای این محصول بزارید ,0,false,2023-12-21T20:48:36+00:00,خنثی,0.35,محصول | قیمت,محصول
ست براش آرایشی 8 تکه طرح زوئوا رنگ رندوم,https://www.khanoumi.com/products/zoeva-8-pcs-brush-set-30010,لطفا تخفیف بیشتر بذارید ,0,false,2023-11-21T14:53:03+00:00,خنثی,0.35,قیمت,قیمت
قرص ماسک فشرده ورقه ای بسته 50 عددی NAXUAN,https://www.khanoumi.com/products/face-mask-pill-30012,این اولبن باره که من از همچین محصولی استفاده میکنم بنابراین کیفیت برندهای دیگه رو نمیشناسم ، اما به شخصه واقعا از این نمونه برند راضی بودم و دوسش داشتم ,1,true,2022-01-30T22:52:31+00:00,مثبت,0.67,محصول,محصول
محلول پاک کننده Sebium H2O مناسب پوست چرب و مختلط 500میل,https://www.khanoumi.com/products/bioderma-sebium-h2o-purifying-cleansing-micelle-solution-500ml-30075,الان که تولد خانومیه شارژش کنید لطفا با تخفیییف خفننن,0,false,2024-06-12T15:07:34+00:00,خنثی,0.35,سایر,سایر
محلول پاک کننده Sebium H2O مناسب پوست چرب و مختلط 500میل,https://www.khanoumi.com/products/bioderma-sebium-h2o-purifying-cleansing-micelle-solution-500ml-30075,موجود نمیکنید؟؟,0,true,2024-05-07T08:35:49+00:00,خنثی,0.35,محصول,محصول
محلول پاک کننده Sebium H2O مناسب پوست چرب و مختلط 500میل,https://www.khanoumi.com/products/bioderma-sebium-h2o-purifying-cleansing-micelle-solution-500ml-30075,این محصول من 5سال استفاده میکنم پاک کننده عالی رو دستش نیست ,0,false,2024-02-07T11:18:47+00:00,مثبت,0.67,محصول,محصول
محلول پاک کننده Sebium H2O مناسب پوست چرب و مختلط 500میل,https://www.khanoumi.com/products/bioderma-sebium-h2o-purifying-cleansing-micelle-solution-500ml-30075,"تخفیف 50 درصد بگذارید لطفا
",0,false,2023-12-10T20:56:37+00:00,خنثی,0.35,قیمت,قیمت
محلول پاک کننده Sebium H2O مناسب پوست چرب و مختلط 500میل,https://www.khanoumi.com/products/bioderma-sebium-h2o-purifying-cleansing-micelle-solution-500ml-30075,دور چشم رو هم میشه با این مدلش پاک کرد؟,0,false,2023-11-23T15:17:10+00:00,خنثی,0.35,سایر,سایر
محلول پاک کننده Sebium H2O مناسب پوست چرب و مختلط 500میل,https://www.khanoumi.com/products/bioderma-sebium-h2o-purifying-cleansing-micelle-solution-500ml-30075,واقعا عالیه من از وقتی استفاده میکنم کمتر جوش میزنم من که الان دو سال دارم ازش استفاده میکنم و تا الان فوق العاده راضی بودم,1,true,2020-06-22T10:00:56+00:00,مثبت,0.95,محصول,محصول
محلول پاک کننده Sebium H2O مناسب پوست چرب و مختلط 500میل,https://www.khanoumi.com/products/bioderma-sebium-h2o-purifying-cleansing-micelle-solution-500ml-30075,من استفاده کردم خیلی تاثیرداره در برطرف کردن جوش های صورت به خصوص اگر قبلش صورت با پن سبیوم شسته شده باشه. من پارسال پکشو باهم با قیمت خوبی گرفتم :),1,false,2020-06-20T13:42:28+00:00,مثبت,0.67,تحویل و ارسال | قیمت,تحویل و ارسال
محلول پاک کننده Sebium H2O مناسب پوست چرب و مختلط 500میل,https://www.khanoumi.com/products/bioderma-sebium-h2o-purifying-cleansing-micelle-solution-500ml-30075,بی نظیر بود واقعا,1,false,2020-06-15T02:02:49+00:00,خنثی,0.35,محصول,محصول
محلول پاک کننده Sebium H2O مناسب پوست چرب و مختلط 500میل,https://www.khanoumi.com/products/bioderma-sebium-h2o-purifying-cleansing-micelle-solution-500ml-30075,من قبلا از noreva برای پوست چرب استفاده می‌کردم ولی نتونستم پیداش کنم و مجبوری این برند رو خریدم، باید بگم که خوبه.تا الان خداروشکر مشکلی نداشتم ولی پاک کنندگی noreva خیلی بیشتر بود و بعد از اتمام این برند قطعا noreva میگیرم ,3,false,2020-06-04T13:19:32+00:00,مثبت,0.79,محصول,محصول
شیر مرطوب کننده صورت و بدن اتودرم لیت 200میل,https://www.khanoumi.com/products/bioderma-atoderm-lait-moisturising-milk-200ml-30078,عالیه من ازش یه سال ک‌دارم استفاده میکنم,0,false,2021-09-04T11:43:46+00:00,مثبت,0.79,سایر,سایر
کیف آرایش طلقی طرح دار P107,https://www.khanoumi.com/products/vergen-p107-makeup-bag-30084,برای دخترم این کیف تهیه کردم. عاشقش شده. ممنون ازت خانومی,0,false,2023-03-28T15:27:35+00:00,مثبت,0.67,سایر,سایر
فوم شستشوی صورت مناسب پوست خشک و نرمال و حساس 150میل,https://www.khanoumi.com/products/voche-cleansing-foam-for-dry-and-sensitive-skin-150ml-30094,اصلن تمیز نمیکنه خوب نیست پیشنهاد نمیکنم,0,true,2026-08-17T11:41:28.7754208+03:30,منفی,0.91,اصل بودن کالا,اصل بودن کالا
فوم شستشوی صورت مناسب پوست خشک و نرمال و حساس 150میل,https://www.khanoumi.com/products/voche-cleansing-foam-for-dry-and-sensitive-skin-150ml-30094,بوی بسیار ملایم و پاک‌کنندگی مناسب اما نیازه که بعدش حتما از ابرسان استفاده کنید.,0,true,2026-07-30T01:09:42.4217455+03:30,خنثی,0.35,محصول,محصول
فوم شستشوی صورت مناسب پوست خشک و نرمال و حساس 150میل,https://www.khanoumi.com/products/voche-cleansing-foam-for-dry-and-sensitive-skin-150ml-30094,عمیق پاک نمیکنه,0,true,2026-06-19T10:21:10.2384909+03:30,خنثی,0.35,سایر,سایر
فوم شستشوی صورت مناسب پوست خشک و نرمال و حساس 150میل,https://www.khanoumi.com/products/voche-cleansing-foam-for-dry-and-sensitive-skin-150ml-30094,خیلی خوبه پوست صورتو خشک نمیکنه.من تو تخفیف خریدم ولی الان قیمتشو دوبرابر کردین. لطفا بازم تو تخفیف و شانس بزارید,0,true,2026-06-17T23:03:48.9036117+03:30,مثبت,0.91,قیمت | محصول,قیمت
فوم شستشوی صورت مناسب پوست خشک و نرمال و حساس 150میل,https://www.khanoumi.com/products/voche-cleansing-foam-for-dry-and-sensitive-skin-150ml-30094,خیلی خوبه من تو تخفیف گرفتم خیلی راضیم,0,true,2026-05-19T23:46:54.2726798+03:30,مثبت,0.95,قیمت,قیمت
فوم شستشوی صورت مناسب پوست خشک و نرمال و حساس 150میل,https://www.khanoumi.com/products/voche-cleansing-foam-for-dry-and-sensitive-skin-150ml-30094,بعد استفاده یک هفته بسیار عالی هست پوست روشن و شفاف میکنه سر سیاه های بینی مو با هر دفعه کم و کم تر کرده و الان کاملا از بین برده پوست خشک نمیکنه برای من عالیه بسته بندی خوب و پلمپ بود,0,true,2026-03-06T22:53:21.4548313+03:30,مثبت,0.95,محصول | تحویل و ارسال,محصول
فوم شستشوی صورت مناسب پوست خشک و نرمال و حساس 150میل,https://www.khanoumi.com/products/voche-cleansing-foam-for-dry-and-sensitive-skin-150ml-30094,من دومین باره از این محصول استفاده میکنم و خیلییییی خوبههه,0,true,2026-01-28T15:55:14.711416+03:30,مثبت,0.79,محصول,محصول
فوم شستشوی صورت مناسب پوست خشک و نرمال و حساس 150میل,https://www.khanoumi.com/products/voche-cleansing-foam-for-dry-and-sensitive-skin-150ml-30094,عالیه من راضی ام,0,false,2025-12-28T00:35:24.1148166+03:30,مثبت,0.95,سایر,سایر
فوم شستشوی صورت مناسب پوست خشک و نرمال و حساس 150میل,https://www.khanoumi.com/products/voche-cleansing-foam-for-dry-and-sensitive-skin-150ml-30094,چرا من هر چی میخرم میذارید تو جشنواره چقدر ضرر کردم,0,true,2025-09-16T11:26:05.0962836+03:30,خنثی,0.35,سایر,سایر
فوم شستشوی صورت مناسب پوست خشک و نرمال و حساس 150میل,https://www.khanoumi.com/products/voche-cleansing-foam-for-dry-and-sensitive-skin-150ml-30094,فوم وچه واقعا عالیه کاش خوشبوترش کنید فقط,0,false,2025-09-08T15:49:59.4352501+03:30,مثبت,0.79,محصول,محصول
فوم شستشوی صورت مناسب پوست خشک و نرمال و حساس 150میل,https://www.khanoumi.com/products/voche-cleansing-foam-for-dry-and-sensitive-skin-150ml-30094,این فوم خیلی خوبه پوستمو خشک نمیکنه بوی ملایمی هم داره,0,false,2025-08-31T16:20:14.5691804+03:30,مثبت,0.91,محصول,محصول
فوم شستشوی صورت مناسب پوست خشک و نرمال و حساس 150میل,https://www.khanoumi.com/products/voche-cleansing-foam-for-dry-and-sensitive-skin-150ml-30094,فوم وچه برای پوستم که خشک و حساسم، عالیه! ملایم و نرم‌کننده‌ست، پوست رو خشک نمی‌کنه و بعد از شست‌وشو حس راحتی و شادابی می‌ده . واقعاً تجربه‌ای بهتر از خیلی برندهای خارجی بود,0,false,2025-08-31T11:39:03.6477129+03:30,مثبت,0.79,محصول,محصول
فوم شستشوی صورت مناسب پوست خشک و نرمال و حساس 150میل,https://www.khanoumi.com/products/voche-cleansing-foam-for-dry-and-sensitive-skin-150ml-30094,بد نیست یکم پوستمو خشک میکنه،فومی ک خودم داشتم اصلا پوشتمو خشک نمیکرد,0,true,2025-07-22T07:55:21.7583635+00:00,مثبت,0.79,محصول | اصل بودن کالا,محصول
فوم شستشوی صورت مناسب پوست خشک و نرمال و حساس 150میل,https://www.khanoumi.com/products/voche-cleansing-foam-for-dry-and-sensitive-skin-150ml-30094,"فوم مخصوص پوست خشکش عالیه من بار دومه شارژ میکنم
قطعا عمقی چربی پوستو نمیبره چون پوست خشکو اصلا نباید بدتر چربیشو بگیرین قرار نیس صدا استکان بده",0,true,2025-06-14T14:34:31.8345155+00:00,ترکیبی,0.9,محصول | اصل بودن کالا,محصول
فوم شستشوی صورت مناسب پوست خشک و نرمال و حساس 150میل,https://www.khanoumi.com/products/voche-cleansing-foam-for-dry-and-sensitive-skin-150ml-30094,نوشته برای پوست خشک بعد یکی اومده میگه پوست من چرب بود چربی پوست من و نگرفت دیگه نمیخرم، مگه نمیخونی میخری ؟؟,0,false,2025-05-01T17:34:02.2882583+00:00,خنثی,0.35,محصول,محصول
فوم شستشوی صورت مناسب پوست خشک و نرمال و حساس 150میل,https://www.khanoumi.com/products/voche-cleansing-foam-for-dry-and-sensitive-skin-150ml-30094,اصلا عمقی پاک نمیکنه .. بدرد این میخوره ک صبح صورتتو باهاش بشوری ،، تازه چربم میکنع,0,false,2024-12-25T13:39:32.1989828+00:00,مثبت,0.79,اصل بودن کالا,اصل بودن کالا
فوم شستشوی صورت مناسب پوست خشک و نرمال و حساس 150میل,https://www.khanoumi.com/products/voche-cleansing-foam-for-dry-and-sensitive-skin-150ml-30094,من اینو از جای دیگ خریدم دوسش دارم مرطوب می‌کنه پوستو,0,false,2024-12-12T10:13:02.7824327+00:00,خنثی,0.35,محصول,محصول
فوم شستشوی صورت مناسب پوست خشک و نرمال و حساس 150میل,https://www.khanoumi.com/products/voche-cleansing-foam-for-dry-and-sensitive-skin-150ml-30094,پوست من چربه ، اما این فوم چربی صورتمو کامل از بین نمیبره. در کل خوبه اما دیگه نمیخرم ، برندهای بهتری هست مثل روزالیا و دیترون ,0,false,2024-09-17T23:51:09+00:00,مثبت,0.79,محصول,محصول
فوم شستشوی صورت مناسب پوست خشک و نرمال و حساس 150میل,https://www.khanoumi.com/products/voche-cleansing-foam-for-dry-and-sensitive-skin-150ml-30094,"من اولین بار بود از مارک وچه خریدمیکردم
ولی خیلی راضیم پاک کنندگی خوبی داره",0,true,2024-09-17T19:00:49+00:00,مثبت,0.91,محصول,محصول
فوم شستشوی صورت مناسب پوست خشک و نرمال و حساس 150میل,https://www.khanoumi.com/products/voche-cleansing-foam-for-dry-and-sensitive-skin-150ml-30094,عالی خریدشو توصیه میکنم، من یه بار خریدم الان واسه بار دوم میخام شارژ کنم,3,true,2023-02-01T10:03:45+00:00,مثبت,0.91,سایر,سایر
فوم شستشوی صورت مناسب پوست چرب و مستعد آکنه حجم 150میلی لیتر,https://www.khanoumi.com/products/voche-cleansing-foam-for-oily-and-acne-prone-skin-150ml-30095,"پنجمین باره که میخرم 
خیلی خوبههه",0,true,2026-06-27T10:10:26.4478173+03:30,مثبت,0.91,سایر,سایر
فوم شستشوی صورت مناسب پوست چرب و مستعد آکنه حجم 150میلی لیتر,https://www.khanoumi.com/products/voche-cleansing-foam-for-oily-and-acne-prone-skin-150ml-30095,خیلی عالیه چندین ساله استفاده کردم و راضی ام و خطاب به دوستی که گفتن آرایشو خوب پاک نمیکنه دوست عزیز آرایشو باید با میسلار پاک کنید,0,true,2026-04-25T00:54:38.2579166+03:30,مثبت,0.91,سایر,سایر
فوم شستشوی صورت مناسب پوست چرب و مستعد آکنه حجم 150میلی لیتر,https://www.khanoumi.com/products/voche-cleansing-foam-for-oily-and-acne-prone-skin-150ml-30095,عالیه سومین باره میخرمش,0,true,2026-04-18T14:38:34.3029005+03:30,مثبت,0.79,سایر,سایر
فوم شستشوی صورت مناسب پوست چرب و مستعد آکنه حجم 150میلی لیتر,https://www.khanoumi.com/products/voche-cleansing-foam-for-oily-and-acne-prone-skin-150ml-30095,من شوینده زیاد استفاده کردم جز بهترین هاست برای پوست مختلط و اینکه حداقل سه دقیقه ای بشورید دور چشم نزنید و صورت خیس باشه موقع زدن ، نتیجه فوق العادست و اگر بعدش از تونر مناسب پوستتون استفاده کنید محاله از خریدتون پشیمون بشید,0,true,2026-04-02T14:12:11.2681277+03:30,ترکیبی,0.66,محصول,محصول
فوم شستشوی صورت مناسب پوست چرب و مستعد آکنه حجم 150میلی لیتر,https://www.khanoumi.com/products/voche-cleansing-foam-for-oily-and-acne-prone-skin-150ml-30095,دوستان توجه داشته باشین این محصول فوم هست و طبیعی کف زیاد نداره در حین شستشو صورت برای همین شاید فکر کنین تمیز نمیکنه ولی برعکس اتفاقا خیلی خوب صورت تمیز میکنه و واقعا جوش های صورتم کنترل کرده و دیگه جوش نمیزنم,0,true,2026-03-29T13:26:43.5363747+03:30,مثبت,0.79,محصول,محصول
فوم شستشوی صورت مناسب پوست چرب و مستعد آکنه حجم 150میلی لیتر,https://www.khanoumi.com/products/voche-cleansing-foam-for-oily-and-acne-prone-skin-150ml-30095,اصلا هیچ کاربردی نداره، نه پاک کنندگیش خوبه و نه ضد جوشه، حتی کمک به درمان هم نمیکنه، قبلا کیفیتش خوب بود اما الان اصلا,0,true,2026-03-08T14:34:30.7079922+03:30,مثبت,0.95,محصول | اصل بودن کالا,محصول
فوم شستشوی صورت مناسب پوست چرب و مستعد آکنه حجم 150میلی لیتر,https://www.khanoumi.com/products/voche-cleansing-foam-for-oily-and-acne-prone-skin-150ml-30095,اصلا خوب صورتو تمیز نمیکنه و نصفه ارایش روی صورت میمونه,0,false,2026-01-31T19:34:19.4082296+03:30,مثبت,0.79,محصول | اصل بودن کالا,محصول
فوم شستشوی صورت مناسب پوست چرب و مستعد آکنه حجم 150میلی لیتر,https://www.khanoumi.com/products/voche-cleansing-foam-for-oily-and-acne-prone-skin-150ml-30095,تاثیرش روی جوش و ابرسانی عالیه ولی تمیز تمیز نمیکنه به هرحال فومه ژل تمیز تر میکنه بعد از فوم حتمن باید تونر استفاده بشه,0,true,2025-12-25T23:58:39.8580637+03:30,مثبت,0.79,سایر,سایر
فوم شستشوی صورت مناسب پوست چرب و مستعد آکنه حجم 150میلی لیتر,https://www.khanoumi.com/products/voche-cleansing-foam-for-oily-and-acne-prone-skin-150ml-30095,"من ازین محصول راضی بودم
همه چیش مناسبه",0,false,2025-12-25T15:05:20.8608873+03:30,مثبت,0.67,محصول,محصول
فوم شستشوی صورت مناسب پوست چرب و مستعد آکنه حجم 150میلی لیتر,https://www.khanoumi.com/products/voche-cleansing-foam-for-oily-and-acne-prone-skin-150ml-30095,نسبت به قیمت عالیه بوش منو اذیت نمیکنه و خیلی وقته ازش استفاده میکنم صورتمم اصلا باهاش جوش نمیزنه کلا محصولات وچه بنظرم عالی هستن,0,true,2025-10-17T19:10:59.9873528+03:30,مثبت,0.95,محصول | اصل بودن کالا | قیمت,محصول
فوم شستشوی صورت مناسب پوست چرب و مستعد آکنه حجم 150میلی لیتر,https://www.khanoumi.com/products/voche-cleansing-foam-for-oily-and-acne-prone-skin-150ml-30095,بوی خیلی بدی داره و پاکنندگیش خیلی ضعیفه بعد شست وشو اصلا صورت تمیز نمیشه به نظرم شامپو بچه خاصیتش از این بیشتر باشه,0,false,2025-10-05T00:13:25.4868792+03:30,ترکیبی,0.74,محصول | اصل بودن کالا,محصول
فوم شستشوی صورت مناسب پوست چرب و مستعد آکنه حجم 150میلی لیتر,https://www.khanoumi.com/products/voche-cleansing-foam-for-oily-and-acne-prone-skin-150ml-30095,واقعا فوم خوبی بود جوش هامو کمتر کرد,0,true,2025-09-13T22:56:09.5903232+03:30,مثبت,0.67,محصول,محصول
فوم شستشوی صورت مناسب پوست چرب و مستعد آکنه حجم 150میلی لیتر,https://www.khanoumi.com/products/voche-cleansing-foam-for-oily-and-acne-prone-skin-150ml-30095,جوش هامو کمتر کرده بوش ولی بهتر شه خیلی بهتر میشه.,0,false,2025-09-08T16:00:24.973002+03:30,خنثی,0.35,محصول,محصول
فوم شستشوی صورت مناسب پوست چرب و مستعد آکنه حجم 150میلی لیتر,https://www.khanoumi.com/products/voche-cleansing-foam-for-oily-and-acne-prone-skin-150ml-30095,واقعا فایده ای نداره . اصلا پاک کنندگی خاصی نداره و بعد از شستشو پوستت هنوز کثیفه. بوی خوبی هم نداره.,0,false,2025-09-08T13:30:56.1788252+03:30,منفی,0.79,محصول | اصل بودن کالا,اصل بودن کالا
فوم شستشوی صورت مناسب پوست چرب و مستعد آکنه حجم 150میلی لیتر,https://www.khanoumi.com/products/voche-cleansing-foam-for-oily-and-acne-prone-skin-150ml-30095,من که عاشق فوم شستشوی صورته وچه هستم البته بوشم سلیقه ایه شاید بعضیا دوست نداشته باشن.ولی خیلی ملایمه.می ارزه امتحانش کنی.,0,false,2025-08-31T15:37:22.1184368+03:30,خنثی,0.35,محصول,محصول
فوم شستشوی صورت مناسب پوست چرب و مستعد آکنه حجم 150میلی لیتر,https://www.khanoumi.com/products/voche-cleansing-foam-for-oily-and-acne-prone-skin-150ml-30095,. بعد از یه مدت استفاده، جوش‌های ریزم کمتر شدن و صورتم شفاف‌تر به نظر میاد.,0,false,2025-08-31T11:34:35.4889595+03:30,خنثی,0.35,سایر,سایر
فوم شستشوی صورت مناسب پوست چرب و مستعد آکنه حجم 150میلی لیتر,https://www.khanoumi.com/products/voche-cleansing-foam-for-oily-and-acne-prone-skin-150ml-30095,پوستم الان چال شده بعد زدنش و الان دنبال درست کردنشم.و واقعا افتضاح است.,0,false,2025-08-04T14:16:23.1172204+00:00,منفی,0.67,محصول,محصول
فوم شستشوی صورت مناسب پوست چرب و مستعد آکنه حجم 150میلی لیتر,https://www.khanoumi.com/products/voche-cleansing-foam-for-oily-and-acne-prone-skin-150ml-30095,قدرت پاک کنندگی آرایش به هیچ عنوان نداره,0,false,2025-08-01T23:19:35.8936463+00:00,خنثی,0.35,سایر,سایر
فوم شستشوی صورت مناسب پوست چرب و مستعد آکنه حجم 150میلی لیتر,https://www.khanoumi.com/products/voche-cleansing-foam-for-oily-and-acne-prone-skin-150ml-30095,برای شستشوی صورت مناسب هست فقط بوی مطبوعی نداره، یه کم اذیت کنندس,0,true,2025-07-22T19:11:59.3339612+00:00,خنثی,0.35,محصول,محصول
فوم شستشوی صورت مناسب پوست چرب و مستعد آکنه حجم 150میلی لیتر,https://www.khanoumi.com/products/voche-cleansing-foam-for-oily-and-acne-prone-skin-150ml-30095,کف کنندگیش پایینه و اصلا پیشنهاد نمیکنم,0,false,2025-06-24T04:45:52.0737429+00:00,خنثی,0.35,اصل بودن کالا,اصل بودن کالا
فوم شستشوی صورت مناسب پوست چرب و مستعد آکنه حجم 150میلی لیتر,https://www.khanoumi.com/products/voche-cleansing-foam-for-oily-and-acne-prone-skin-150ml-30095,اصلا قدرت پاک کنندگی نداره .با آب خالی بشورید بهتره,0,false,2025-05-24T19:33:48.049978+00:00,مثبت,0.67,اصل بودن کالا,اصل بودن کالا
فوم شستشوی صورت مناسب پوست چرب و مستعد آکنه حجم 150میلی لیتر,https://www.khanoumi.com/products/voche-cleansing-foam-for-oily-and-acne-prone-skin-150ml-30095,پاک‌کنندگی خوبی داره، بوی تندی داره، اوایل استفاده خوب بود اما بعد از دو هفته استفاده دوباره جوش زدم,0,true,2025-04-18T14:39:02.4985589+00:00,مثبت,0.91,محصول,محصول
فوم شستشوی صورت مناسب پوست چرب و مستعد آکنه حجم 150میلی لیتر,https://www.khanoumi.com/products/voche-cleansing-foam-for-oily-and-acne-prone-skin-150ml-30095,بوی خوبی نداره و واقعا رقیقه,0,true,2025-04-11T13:27:12.3943537+00:00,منفی,0.67,محصول,محصول
فوم شستشوی صورت مناسب پوست چرب و مستعد آکنه حجم 150میلی لیتر,https://www.khanoumi.com/products/voche-cleansing-foam-for-oily-and-acne-prone-skin-150ml-30095,قدرت پاک کنندگیش خوب نیست بعد از شستن با دستمال صورت رو تمیز میکنم هنوز آلودگی هست,0,true,2025-02-19T11:14:51.7858067+00:00,منفی,0.67,سایر,سایر
فوم شستشوی صورت مناسب پوست چرب و مستعد آکنه حجم 150میلی لیتر,https://www.khanoumi.com/products/voche-cleansing-foam-for-oily-and-acne-prone-skin-150ml-30095,لطفا تخفیف زیاد بذارین,0,false,2025-01-31T22:23:05.3819824+00:00,خنثی,0.35,قیمت,قیمت
فوم شستشوی صورت مناسب پوست چرب و مستعد آکنه حجم 150میلی لیتر,https://www.khanoumi.com/products/voche-cleansing-foam-for-oily-and-acne-prone-skin-150ml-30095,"سلام 
اصلا بوی خوبی نمیده من قبلاً استفاده کردم اینجوری نبوده حس میکنم اصل نیست",0,true,2024-12-31T09:25:02.4223068+00:00,منفی,0.67,محصول | اصل بودن کالا,اصل بودن کالا
فوم شستشوی صورت مناسب پوست چرب و مستعد آکنه حجم 150میلی لیتر,https://www.khanoumi.com/products/voche-cleansing-foam-for-oily-and-acne-prone-skin-150ml-30095,قدرت پاک کنندگیش به نظرم خوبه ولی بوی بهتری میتونست داشته باشه.,0,false,2024-12-22T08:04:54.8484145+00:00,مثبت,0.79,محصول,محصول
فوم شستشوی صورت مناسب پوست چرب و مستعد آکنه حجم 150میلی لیتر,https://www.khanoumi.com/products/voche-cleansing-foam-for-oily-and-acne-prone-skin-150ml-30095,برای کسایی که صورتشون مستعد جوش هست بنظرم مناسب چون هم جوش نمیزنی هم منافذ باز پوست رو به مرور می‌بنده و پوست رو خشک نمیکنه ولی قدرت پاک کنندگی بالایی نداره به ویژه برای آرایش چشم,0,true,2024-12-20T10:08:43.6857896+00:00,خنثی,0.35,محصول,محصول
فوم شستشوی صورت مناسب پوست چرب و مستعد آکنه حجم 150میلی لیتر,https://www.khanoumi.com/products/voche-cleansing-foam-for-oily-and-acne-prone-skin-150ml-30095,اصلا پاکنندگی خوبی نداره برای پوست چرب,0,true,2024-12-06T06:42:26.5715162+00:00,خنثی,0.35,محصول | اصل بودن کالا,محصول
فوم شستشوی صورت مناسب پوست چرب و مستعد آکنه حجم 150میلی لیتر,https://www.khanoumi.com/products/voche-cleansing-foam-for-oily-and-acne-prone-skin-150ml-30095,اصلا قدرت پاکنندگی خوبی نداره,0,true,2024-10-26T11:03:45.1498649+00:00,خنثی,0.35,اصل بودن کالا,اصل بودن کالا
فوم شستشوی صورت مناسب پوست چرب و مستعد آکنه حجم 150میلی لیتر,https://www.khanoumi.com/products/voche-cleansing-foam-for-oily-and-acne-prone-skin-150ml-30095,قدرت پاک کنندگیش خیلی پایینه و برای پاک کردن باقی مانده آرایش اصلا خوب نیس فقط برای استفاده روزمره که پوست هیچ آرایشی نداره خوبه ,0,true,2024-08-04T00:59:11+00:00,خنثی,0.35,محصول | اصل بودن کالا,محصول
فوم شستشوی صورت مناسب پوست چرب و مستعد آکنه حجم 150میلی لیتر,https://www.khanoumi.com/products/voche-cleansing-foam-for-oily-and-acne-prone-skin-150ml-30095,یادم نمیره دم عید رفتم داروخونه و این فوم عالیو با مرطوب کننده ژیناژن خریدم . تا عید صورتم ماه شد . بهترین فومیه که تو کل عمرم استفاده کردم,0,false,2024-06-05T05:36:47+00:00,مثبت,0.79,سایر,سایر
فوم شستشوی صورت مناسب پوست چرب و مستعد آکنه حجم 150میلی لیتر,https://www.khanoumi.com/products/voche-cleansing-foam-for-oily-and-acne-prone-skin-150ml-30095,؛ من از فوم های مختلف استفاده کردم ولی این فوم خیلی ابکیه و خوب تمیز نمیکنه حتی ارایش های روزانه رو به خوبی تمیز نمیکنه ؛ ارایش چشم رو که اصلا تمیز نمیکنه ؛ من درمالیف استفاده کردم با وجود اینکه ارزون تره خیلی بهتر از این بود ؛ اون سرش مه باعو درست شدن فومه خیلی سفته و خیلی زود خراب شد ؛ من راضی نبودم دیکه نمیخرم تنها خوبیش اینه باعث جوش نمیشه ولی همراه با میسلار باید استفاده کرد,0,false,2024-03-27T05:31:57+00:00,منفی,0.95,محصول | اصل بودن کالا | قیمت,اصل بودن کالا
فوم شستشوی صورت مناسب پوست چرب و مستعد آکنه حجم 150میلی لیتر,https://www.khanoumi.com/products/voche-cleansing-foam-for-oily-and-acne-prone-skin-150ml-30095,راضیم و شوینده خوبیه,1,true,2023-06-11T20:01:01+00:00,مثبت,0.91,سایر,سایر
فوم شستشوی صورت مناسب پوست چرب و مستعد آکنه حجم 150میلی لیتر,https://www.khanoumi.com/products/voche-cleansing-foam-for-oily-and-acne-prone-skin-150ml-30095,عالیه  جوش هارو ازبین میبره و حس کشیدگی ب پوست نمیده و پوست رو کامل تمیز میکنه ,2,false,2023-04-15T16:21:32+00:00,مثبت,0.79,محصول,محصول
فوم شستشوی صورت مناسب پوست چرب و مستعد آکنه حجم 150میلی لیتر,https://www.khanoumi.com/products/voche-cleansing-foam-for-oily-and-acne-prone-skin-150ml-30095,من این فوم را چند بار شارژ کردم، برای پوست چرب شوینده خوبیه و راضی ام,1,true,2023-01-10T13:05:23+00:00,مثبت,0.91,محصول,محصول
فوم شستشوی صورت مناسب پوست چرب و مستعد آکنه حجم 150میلی لیتر,https://www.khanoumi.com/products/voche-cleansing-foam-for-oily-and-acne-prone-skin-150ml-30095,خیلی راضیم,1,true,2022-08-08T01:54:20+00:00,مثبت,0.79,سایر,سایر
فوم شستشوی صورت مناسب پوست چرب و مستعد آکنه حجم 150میلی لیتر,https://www.khanoumi.com/products/voche-cleansing-foam-for-oily-and-acne-prone-skin-150ml-30095,من پوستم چربه از این فوم خریدم خیلی‌عالی بود .رایحه دلنشینی داره.بعد از شست و شو اصلا پوستم خشک نمیشه و کشیده نمیشه.و خیلی پوستم رو تمیز میکنه.دوباره ازش خریدم برای‌خواهرم هم خریدم چون خیلی راضی بودم,4,true,2022-07-28T13:31:57+00:00,مثبت,0.95,محصول | اصل بودن کالا,محصول
فوم شستشوی صورت مناسب پوست چرب و مستعد آکنه حجم 150میلی لیتر,https://www.khanoumi.com/products/voche-cleansing-foam-for-oily-and-acne-prone-skin-150ml-30095,"من پوستم چرب و مستعد جوشه، فوم شستشوی صورت مناسب پوست چرب و مستعد آکنه وچه رو به پیشنهاد یکی از دوستام از فروشگاه اینترنتی خانومی سفارش دادم. این محصول برام خیلی خوب بوده و توی این یک ماهی که دارم ازش به طور مرتب استفاده میکنم پوستم را به طور کامل پاکسازی میکنه و به کاهش منافذ باز اون هم کمک کرده. این محصول به شکل فوم و چون ترکیبات صابونی نداره باعث ایجاد حساسیت و کشیدگی روی پوستم نمیشه و با حفظ رطوبت پوست به نرمی و لطافتش کمک زیادی کرده. فوم شستشوی وچه ترشح چربی پوستم رو کاهش داده و تنظیم کرده و باعث شده خیلی کمتر جوش بزنم. من از خرید این محصول راضیم و دوباره حتما شارژش میکنم.
",15,false,2022-05-16T14:29:39+00:00,مثبت,0.95,محصول,محصول
فوم شستشوی صورت مناسب پوست چرب و مستعد آکنه حجم 150میلی لیتر,https://www.khanoumi.com/products/voche-cleansing-foam-for-oily-and-acne-prone-skin-150ml-30095,پوست من چرب هست و از ایم فوم استفاده کردم بسیار راضی بودم. بعد پوست هم تمیز میشه و هم نرف و لطیف. از وقتی هرشب پوستم رو با این فوم می‌شورم دیگه جوش نمیزنم,68,true,2021-10-23T21:51:36+00:00,مثبت,0.67,محصول,محصول
کرم سفت و بازسازی کننده رنگ بژ لسوا,https://www.khanoumi.com/products/pier-auge-smoothing-regenerating-le-soin-teinte-50ml-30100, این محصولو، رنگش بژ نیست و شکلاتی خیلی تیره هست‌،در مورد خواص درمانیش هم انگار کره روی پوست زدی،براق و چسبناک,6,true,2020-08-28T15:18:10+00:00,خنثی,0.35,محصول,محصول
شیر پاکن لیپسال کلینزر,https://www.khanoumi.com/products/pier-auge-gentle-cleanser-leapsal-cleanser-200ml-30115,اولین نظری که راجع به این محصول می‌تونم بدم، بافت بسیار سبک و نرم اونه. وقتی روی پوستم کشیدم به راحتی پخش شد و نیازی به مصرف زیاد نداشت. از طرفی پوست من مختلطه. و این محصول بدون ایجاد حساسیت و یا جوش خیلی راحت تمام آرایشم رو بدوم پخش کردن کامل و تمیز از روی پوستم پاک کرد. می‌تونید از این محصول به عنوان یک پاک کننده مناسب و بسیار سبک استفاده کنید.,0,false,2022-07-19T09:16:24+00:00,منفی,0.91,محصول,محصول
محلول 2 فاز آرایش پاک کن صورت حاوی عصاره گل گندم مناسب نواحی حساس صورت حجم 400 میل,https://www.khanoumi.com/products/garnier-micellar-water-facial-cleanser-delicate-skin-and-eyes-400ml-30117,خیلی راضیم بخصوص برای پاک کردن آرایش چشم فوق العاده اس ،سوزش چشم هم نداره ,0,false,2022-09-14T03:27:49+00:00,مثبت,0.91,سایر,سایر
محلول 2 فاز آرایش پاک کن صورت حاوی عصاره گل گندم مناسب نواحی حساس صورت حجم 400 میل,https://www.khanoumi.com/products/garnier-micellar-water-facial-cleanser-delicate-skin-and-eyes-400ml-30117,عالییییییییییییییی,0,true,2022-07-15T13:00:14+00:00,مثبت,0.67,سایر,سایر
محلول 2 فاز آرایش پاک کن صورت حاوی عصاره گل گندم مناسب نواحی حساس صورت حجم 400 میل,https://www.khanoumi.com/products/garnier-micellar-water-facial-cleanser-delicate-skin-and-eyes-400ml-30117,ب جرات میتونم بگم بهترین میسلاری ک تاالان استفاده کردم گارنیر بوده پیشنهاد میکنم حتما خریداری کنید ,1,false,2022-07-03T11:44:44+00:00,مثبت,0.91,محصول,محصول
محلول 2 فاز آرایش پاک کن صورت حاوی عصاره گل گندم مناسب نواحی حساس صورت حجم 400 میل,https://www.khanoumi.com/products/garnier-micellar-water-facial-cleanser-delicate-skin-and-eyes-400ml-30117,عالی,10,false,2021-07-02T15:29:39+00:00,مثبت,0.67,سایر,سایر
محلول 2 فاز آرایش پاک کن صورت حاوی روغن آرگان مناسب انوع پوست حجم 400 میل,https://www.khanoumi.com/products/garnier-skin-active-all-in-1-micellar-cleansing-water-ampampnbsp400ml-30118,لطفا موجود کنید,0,true,2025-01-13T11:43:27.726854+00:00,خنثی,0.35,محصول,محصول
محلول 2 فاز آرایش پاک کن صورت حاوی روغن آرگان مناسب انوع پوست حجم 400 میل,https://www.khanoumi.com/products/garnier-skin-active-all-in-1-micellar-cleansing-water-ampampnbsp400ml-30118,بنظرم معمولیه، برندهای بهتر با تاثیرات و پاک کنندگی بهترم وجود دارن ,0,true,2024-07-23T13:59:30+00:00,خنثی,0.35,محصول,محصول
محلول 2 فاز آرایش پاک کن صورت حاوی روغن آرگان مناسب انوع پوست حجم 400 میل,https://www.khanoumi.com/products/garnier-skin-active-all-in-1-micellar-cleansing-water-ampampnbsp400ml-30118,ممنون از خانومی,0,true,2024-06-18T16:26:49+00:00,مثبت,0.67,سایر,سایر
محلول 2 فاز آرایش پاک کن صورت حاوی روغن آرگان مناسب انوع پوست حجم 400 میل,https://www.khanoumi.com/products/garnier-skin-active-all-in-1-micellar-cleansing-water-ampampnbsp400ml-30118,عالیه من از همه چیش راضی بودم,0,true,2024-02-06T15:44:35+00:00,مثبت,0.91,محصول,محصول
محلول 2 فاز آرایش پاک کن صورت حاوی روغن آرگان مناسب انوع پوست حجم 400 میل,https://www.khanoumi.com/products/garnier-skin-active-all-in-1-micellar-cleansing-water-ampampnbsp400ml-30118,من این محصول رو سالها استفاده میکردم اما متاسفانه ی مدت دیگه هیچ جا پیدا نمیکردم! تا اینکه دیدم خانومی موجود کرده محصول فوق العاده ای هست من راضیم,0,false,2023-11-17T02:13:40+00:00,ترکیبی,0.87,محصول,محصول
محلول 2 فاز آرایش پاک کن صورت حاوی روغن آرگان مناسب انوع پوست حجم 400 میل,https://www.khanoumi.com/products/garnier-skin-active-all-in-1-micellar-cleansing-water-ampampnbsp400ml-30118,این محلول دو فاز و من توی تخفیف سایت خانومی خریدم و خیلی راضی بودم. حجم اش خیلی زیاده و هم برای صورت، لب و چشم قابل استفاده است و خریدش واقعا به صرفه و کاربردیه. چون دو فازه خیلی راحت آرایش و آلودگی و پاک میکنه و بعدش پوست خیلی نرم و لطیف میشه. جوشای سرسیاه و منافذ پوست و خیلی کمتر میکنه و ارزش خرید داره,4,false,2022-10-16T09:41:34+00:00,مثبت,0.79,محصول | قیمت,محصول
محلول 2 فاز آرایش پاک کن صورت حاوی روغن آرگان مناسب انوع پوست حجم 400 میل,https://www.khanoumi.com/products/garnier-skin-active-all-in-1-micellar-cleansing-water-ampampnbsp400ml-30118,من از محصولات گارنیر استفاده کردم بیش از حد راضیم,3,false,2022-10-14T21:37:59+00:00,مثبت,0.79,محصول,محصول
محلول میسلار  مدل Saf And Temiz مناسب پوست های حساس و چرب  حجم 400 میل,https://www.khanoumi.com/products/garnier-skin-active-saf-and-temiz-micellar-water-400ml-30119,موجود کنید,0,true,2024-06-08T15:25:35+00:00,خنثی,0.35,محصول,محصول
محلول میسلار  مدل Saf And Temiz مناسب پوست های حساس و چرب  حجم 400 میل,https://www.khanoumi.com/products/garnier-skin-active-saf-and-temiz-micellar-water-400ml-30119,"
اون پاک کنندگی کی انتظارش رو داشتم ،نداره 
پاکنندگی قوی رو وقتی میبینم که با تونیک گارنیر صورتمو تمیز میکنم 
",0,false,2024-03-26T18:20:41+00:00,خنثی,0.35,محصول,محصول
محلول میسلار  مدل Saf And Temiz مناسب پوست های حساس و چرب  حجم 400 میل,https://www.khanoumi.com/products/garnier-skin-active-saf-and-temiz-micellar-water-400ml-30119,من استفاده کردم مرم پودر روخوب از رو صورت پاک میکنه,1,false,2023-07-26T00:05:36+00:00,مثبت,0.67,سایر,سایر
محلول میسلار  مدل Saf And Temiz مناسب پوست های حساس و چرب  حجم 400 میل,https://www.khanoumi.com/products/garnier-skin-active-saf-and-temiz-micellar-water-400ml-30119,چون الکل داره واسه پوست من اصلا خوب نبود باعث جوش میشه,36,true,2020-09-22T12:06:48+00:00,خنثی,0.4,محصول | اصل بودن کالا,محصول
ماسک نقابی صورت مدل آلوئه ورا 22 میل,https://www.khanoumi.com/products/anypack-aloevera-sheet-face-mask-22ml-30120,خیلی دوسش دارم اصلا دلم نمیخواد از روی پوستم برش دارم 😍,35,true,2020-09-14T04:40:47+00:00,منفی,0.67,محصول | اصل بودن کالا,اصل بودن کالا
ماسک نقابی صورت انار 22میل,https://www.khanoumi.com/products/anypack-pomegranate-sheet-face-mask-22ml-30121,"من عادت دارم از ماسک‌های مراقبتی و زیبایی پوست استفاده کنم و معمولا انواع مختلفی از اون رو هم امتحان کردم. اینبار ماسک نقابی صورت انار آنیپک رو از فروشگاه اینترنتی خانومی سفارش دادم. موقع استفاده خیلی راحت بودم از بس که خوش دست بود و به راحتی روی پوستم نشست. این ماسک نرمی و لطافت پوستم رو بیشتر میکنه و باعث حفظ رطوبت در اون میشه.ماسک آنیپک عصاره انار داره، ضمن کمک به پاکسازی پوست به بهتر شدن بافت اون هم کمک کرده.ضمن این ماسک در ترمیم پوستم و کم شدن جوش‌های اون هم موثر بوده. در کل از خرید ماسک نقابی صورت انار آنیپک راضیم و حتما دوباره امتحانش میکنم.
",0,false,2022-04-16T17:03:51+00:00,مثبت,0.79,محصول,محصول
ماسک نقابی صورت انار 22میل,https://www.khanoumi.com/products/anypack-pomegranate-sheet-face-mask-22ml-30121,واقعا ماسک خوبیه توصیه میکنم,16,true,2020-09-20T23:17:00+00:00,مثبت,0.91,سایر,سایر
ماسک نقابی صورت انار 22میل,https://www.khanoumi.com/products/anypack-pomegranate-sheet-face-mask-22ml-30121,عاليييي,16,true,2020-08-07T20:31:33+00:00,مثبت,0.67,سایر,سایر
ماسک نقابی صورت عسل 22میل,https://www.khanoumi.com/products/anypack-honey-sheet-face-mask-22ml-30122,از اونجاییکه دوست دارم مدل‌های مختلف ماسک‌های زیبایی و مراقبتی پوست رو امتحان کنم ماسک نقابی صورت عسل آنیپک رو از فروشگاه اینترنتی خانومی سفارش دادم. اول از همه این ماسک بوی خیلی خوبی داره و استفاده ازش خیلی راحته. ماسک عسل آنیپک باعث حفظ رطوبت پوستم میشه و اون رو نرم و لطیف‌تر میکنه و برای رفع خستگی پوست هم خیلی تاثیر داره. استفاده از این محصول باعث شده که پوستم صاف و روشن‌تر بشه و شفافیتش هم بهتر شده.ماسک عسل آنیپک به از بین رفتن سلول‌های مرده و زبر پوستم خیلی کمک کرده و موجب شادابی و طراوت پوست میشه. در نتیجه از خریدش راضیم و به شما هم پیشنهادش میکنم.,1,false,2022-04-18T23:29:02+00:00,مثبت,0.95,محصول,محصول
ماسک نقابی صورت عسل 22میل,https://www.khanoumi.com/products/anypack-honey-sheet-face-mask-22ml-30122,اگه پوست چربی دارید جوش میزنید مناسب شما نیست.از همین برند اون ماسکی که عکس مروارید داره استفاده کنید,5,false,2021-07-01T23:04:52+00:00,خنثی,0.35,محصول,محصول
ماسک نقابی صورت عسل 22میل,https://www.khanoumi.com/products/anypack-honey-sheet-face-mask-22ml-30122,این ماسک خیلی خوب آبرسانی میکنه(از بین تمام ماسک هایی که تا حالا داشتم یکی از بهترین هاست) و پوست من بعد از استفادش روشن تر میشه. بوی خیلی خوبی هم داره و من عاشق بوشم. فقط تنها مشکلش اینه سایز ماسک بزرگ تر از اندازه صورته. در کل من راضی بودم و توی تخفیفات مدل های دیگشم تهیه کردم. ,13,false,2021-02-03T01:26:05+00:00,مثبت,0.95,محصول | قیمت,محصول
ماسک نقابی صورت عسل 22میل,https://www.khanoumi.com/products/anypack-honey-sheet-face-mask-22ml-30122,عالی بود,7,true,2020-09-26T13:08:58+00:00,مثبت,0.79,محصول,محصول
ماسک نقابی صورت عسل 22میل,https://www.khanoumi.com/products/anypack-honey-sheet-face-mask-22ml-30122,سلام این ماسک یدونه توهربسته اس وبرای یک بار استفاده است,15,true,2020-08-21T12:53:33+00:00,خنثی,0.35,تحویل و ارسال,تحویل و ارسال
ماسک نقابی صورت عسل 22میل,https://www.khanoumi.com/products/anypack-honey-sheet-face-mask-22ml-30122,عالیه منم دارمش😍,4,false,2020-07-20T15:37:40+00:00,مثبت,0.79,سایر,سایر
ماسک نقابی صورت عسل 22میل,https://www.khanoumi.com/products/anypack-honey-sheet-face-mask-22ml-30122,تاثير خيلى خوبى داره و حس خوبى ميده فقط اندازه ماسك كمى بزرگتر از حالت نرمال است,2,true,2020-07-20T11:09:53+00:00,مثبت,0.79,سایر,سایر
ماسک نقابی صورت عسل 22میل,https://www.khanoumi.com/products/anypack-honey-sheet-face-mask-22ml-30122,همون بار اول متوجه تغییرات پوست میشید واقعا عالی 😍,4,true,2020-07-08T12:15:08+00:00,مثبت,0.67,محصول,محصول
ماسک نقابی صورت مروارید 22میل,https://www.khanoumi.com/products/anypack-pearl-sheet-face-mask-22ml-30123,من این ماسک و توی تخفیف سایت خانومی خریدم و خیلی ازش راضی ام. پوستم مختلطه و با این ماسک اصلا چرب نشد. خیلی حس شادابی به پوست میده و پوست و شفاف میکنه. بوی خیلی خوبه داره و کاملا پوست و لطیف میکنه. حتما امتحانش کنید. ,2,false,2022-03-05T09:24:31+00:00,مثبت,0.95,محصول | اصل بودن کالا | قیمت,محصول
ماسک نقابی صورت مروارید 22میل,https://www.khanoumi.com/products/anypack-pearl-sheet-face-mask-22ml-30123,"عااااووولی بود
من‌ تو تخفیف خریدم واسه امتحان
ولی حتما باز هم تو سفارشام تکرارش میکنم👌",3,true,2021-09-27T14:42:24+00:00,خنثی,0.35,محصول | قیمت,محصول
ماسک نقابی صورت مروارید 22میل,https://www.khanoumi.com/products/anypack-pearl-sheet-face-mask-22ml-30123,خیلیییی بوی خوبی میده و فکر کنم میتونید دوبار استفاده کنید,3,false,2021-08-28T12:54:52+00:00,مثبت,0.67,محصول,محصول
ماسک نقابی صورت مروارید 22میل,https://www.khanoumi.com/products/anypack-pearl-sheet-face-mask-22ml-30123,"این محصول بسیار باکیفیت و دوراز انتظار ظاهر شد,احساس بسیار خوشایندی پس از مصرف القا میکنه,سپاس از شرکت سازنده و خانومی جهت ارایه این محصول درایران.💜💎",9,true,2021-06-20T18:37:14+00:00,مثبت,0.67,محصول,محصول
ماسک نقابی صورت مروارید 22میل,https://www.khanoumi.com/products/anypack-pearl-sheet-face-mask-22ml-30123,"این چی بوووود؟!!!! معرکه بوووود😍😍😍
عاشقش شدم💗توروخدا بازم بزارینش تو حراجی ها میخوام 20تا بخرم💖",10,true,2020-12-25T23:40:41+00:00,خنثی,0.35,محصول,محصول
ماسک نقابی صورت مروارید 22میل,https://www.khanoumi.com/products/anypack-pearl-sheet-face-mask-22ml-30123,عالی بود اولین بار که از این ماسک استفاده میکنید تغیر رو حس میکنید خیلی راضیم,13,true,2020-10-12T07:30:52+00:00,مثبت,0.95,محصول,محصول
ماسک نقابی صورت مروارید 22میل,https://www.khanoumi.com/products/anypack-pearl-sheet-face-mask-22ml-30123,عالی بود واقعا,23,false,2020-07-04T16:38:18+00:00,مثبت,0.79,محصول,محصول
ماسک هیدروژلی صورت کریستال 27میل,https://www.khanoumi.com/products/anypack-crystal-face-mask-27ml-30124,ماسک هیدروژلی صورت کریستال آنی پک رو از پیشنهادهای ویژه فروشگاه اینترنتی خانومی سفارش دادم. این ماسک باعث رطوبت رسانی پوستم میشه، از بروز خشکی و حس کشیدگی روی اون جلوگیری میکنه و پوستم رو نرم و لطیف کرده.ماسک آنی پک بعد از استفاده به کنترل و تنظیم ترشح چربی در پوستم کمک میکنه در برای کاهش و رفع جوش و آکنه اون مفید بوده. بلافاصله بعد از برداشتن ماسک روی پوستم حس لیفت و سفت شدن دارم، شادابی و طراوت اون بیشتر میشه و شفافیت پوستم افزایش پیدا میکنه. احتمالا دوباره این ماسک رو سفارش میدم.,0,false,2022-07-27T18:43:52+00:00,مثبت,0.79,محصول | اصل بودن کالا,محصول
ماسک هیدروژلی صورت کریستال 27میل,https://www.khanoumi.com/products/anypack-crystal-face-mask-27ml-30124,منکه اصلا راضی نبودم بوی ریکا میداد خیلی هم موادش کم بود ,0,false,2022-04-14T15:39:27+00:00,منفی,0.79,محصول | اصل بودن کالا,اصل بودن کالا
ماسک هیدروژلی صورت کریستال 27میل,https://www.khanoumi.com/products/anypack-crystal-face-mask-27ml-30124,استفاده ازش یکم سخته ولی برخلاف ماسک های غیر ژلی همین برند، سایزش برای صورت عالیه. قشنگ جای چشم و لب روی ماسک فیت صورت ایرانی ها هست. تاثیرش هم خوبه. سبک و خوشبو هست. من کهملا ازش راضی ام.,7,false,2020-11-08T16:51:21+00:00,مثبت,0.95,محصول,محصول
ماسک هیدروژلی صورت کریستال 27میل,https://www.khanoumi.com/products/anypack-crystal-face-mask-27ml-30124, چربی خیلی بدی داره,2,true,2020-08-13T15:22:19+00:00,منفی,0.67,سایر,سایر
ماسک هیدروژلی صورت گلد 27میل,https://www.khanoumi.com/products/anypack-gold-face-mask-27ml-30125,واقعا عالی ،تو اولین استفاده نتیجه رو دیدم که پوستمو روشن و شفاف کرد👌👌👌,15,true,2020-08-20T18:35:12+00:00,مثبت,0.67,محصول,محصول
ماسک مو بازسازی کننده 500میل,https://www.khanoumi.com/products/amalfi-revitalising-hair-mask-500ml-30127,کرم غلیظ و خوبیه و موهارو تغذیه میکنه. ,0,true,2024-06-03T23:00:53+00:00,مثبت,0.67,محصول,محصول
ماسک مو کراتین 500میل,https://www.khanoumi.com/products/amalfi-keratin-hair-mask-500ml-30128,من ازش راضی ام . قابل مقایسه با ماسک های ایرانی نیست . در عرض یکی دو دقیقه به شدت مو رو نرم و لخت میکنه . رایحه ی مناسبی هم داره . حجم زیاد و قیمت خوب . فقط روش نوشته دو سه دقیقه بذارید بمونه . مراقب باشید بیشتر نمونه چون مو رو میپوسونه و نازک میکنه . بعد خشک شدن هم مو سبک و لخت میشه . کلا به امتحانش می ارزه . هیچ جا ازش نظری نبود و من با دودلی امتحانش کردم . امیدوارم نظرم به بقیه کمک کنه ⁦♥️⁩,138,true,2020-08-13T18:08:59+00:00,مثبت,0.91,محصول | قیمت,محصول
روغن بدن آرگان 200میل,https://www.khanoumi.com/products/amalfi-argan-body-oil-200ml-30131,خانومی یه تخفیف خوب بذار بخریمش,0,false,2024-06-17T14:44:17+00:00,مثبت,0.67,قیمت,قیمت
مام رول گل رز,https://www.khanoumi.com/products/amalfi-rosehip-roll-on-30133,بوش عالیه کاش تخفیف بیشتر داشت ,0,true,2024-06-17T16:21:49+00:00,مثبت,0.79,محصول | قیمت,محصول
مام رول گل رز,https://www.khanoumi.com/products/amalfi-rosehip-roll-on-30133,کاش،تخفیف بیشتری داشت مثلا 50 درصد😅,0,false,2023-07-20T21:11:40+00:00,خنثی,0.35,قیمت,قیمت
مام رول آلوئه ورا,https://www.khanoumi.com/products/amalfi-aloevera-roll-on-30134,منکه سه ساله دارم استفاده میکنم راضیم ,0,true,2024-06-17T16:19:39+00:00,مثبت,0.79,سایر,سایر
مام رول اینفینیتی,https://www.khanoumi.com/products/amalfi-infiniti-roll-on-30136,زیر بغل رو که تیره نمیکنه؟,0,false,2025-01-20T01:17:30.9076456+00:00,خنثی,0.35,سایر,سایر
مام رول اینفینیتی,https://www.khanoumi.com/products/amalfi-infiniti-roll-on-30136,عالیه. واقعا از بوی بد و تعرق جلوگیری میکنه. من پیشنهاد میکنم.,0,true,2023-12-31T16:05:56+00:00,مثبت,0.91,محصول,محصول
مام رول اینفینیتی,https://www.khanoumi.com/products/amalfi-infiniti-roll-on-30136,کسی استفاده کرده ممنون میشم بگه چهطوری بود؟,0,false,2023-10-14T16:00:40+00:00,مثبت,0.67,محصول,محصول
اسپری ضد تعریق زنانه مدل Infiniti,https://www.khanoumi.com/products/amalfi-rosehip-deodorant-spray-200ml-30142,خیلی خوشبو هست ولی موندگاری نداره,0,false,2024-06-12T16:00:44+00:00,خنثی,0.35,محصول,محصول
اسپری ضد تعریق زنانه و مردانه درمو پروتکت,https://www.khanoumi.com/products/amalfi-dermo-protect-deodorant-spray-200ml-30143,بوی بد خیلی بد,0,true,2025-06-12T21:54:26.2414689+00:00,منفی,0.79,محصول,محصول
اسکراب سفید کننده صورت 150میل,https://www.khanoumi.com/products/adra-skin-brightening-facial-scrub-150ml-30150,فکر نمیکنم اونقدری تاثیر در روشن کردن داشته بوده باشه ولی برای پاکسازی خوب بود تا حدودی,0,true,2026-05-06T20:35:24.6820347+03:30,مثبت,0.79,محصول,محصول
اسکراب سفید کننده صورت 150میل,https://www.khanoumi.com/products/adra-skin-brightening-facial-scrub-150ml-30150,لطفاً باز موجود بشه,0,false,2024-05-26T21:05:45+00:00,خنثی,0.35,محصول,محصول
اسکراب سفید کننده صورت 150میل,https://www.khanoumi.com/products/adra-skin-brightening-facial-scrub-150ml-30150,پوست رو روشن میکنه اما پارابن داره,36,false,2020-06-22T08:34:54+00:00,خنثی,0.35,محصول,محصول
اسکراب لایه بردار صورت 150میل,https://www.khanoumi.com/products/adra-exfoliating-facial-scrub-150ml-30151,به رفع جوش های سرسفید و سر سیاه کمک میکنه و بعد از استفاده احساس خشکی و کشیدگی روی پوستتون ندارید.,0,false,2022-12-25T16:48:33+00:00,خنثی,0.35,محصول,محصول
اسکراب لایه بردار صورت 150میل,https://www.khanoumi.com/products/adra-exfoliating-facial-scrub-150ml-30151,من همیشه آدرا استفاده میکنم شدیدا راضیم لابرداریش خیلی قویه,10,false,2021-09-27T15:24:53+00:00,مثبت,0.79,سایر,سایر
اسکراب لایه بردار صورت 150میل,https://www.khanoumi.com/products/adra-exfoliating-facial-scrub-150ml-30151,"اصلا خوب نیست! یه بوی تندی داره + دونه‌های اسکرابش خیلی کم و ریزن و عملا هیچ کاری نمی‌کنن.
من گفتم حالا که جای اسکراب نمیشه استفاده کرد لااقل بعنوان ژل/کرم شستشو ازش استفاده کنم که دیدم اصلا چربی و آلودگی‌های روی پوست رو پاک نمی‌کنه.",36,false,2021-07-05T15:27:44+00:00,منفی,0.67,محصول | اصل بودن کالا,اصل بودن کالا
ماسک جوان کننده پوست عصاره انار  100میل,https://www.khanoumi.com/products/adra-pomegranate-lifting-and-firming-facial-mask-100ml-30152,اصلا تاثیر نداره,0,true,2024-09-11T10:51:20+00:00,مثبت,0.67,اصل بودن کالا,اصل بودن کالا
ماسک جوان کننده پوست عصاره انار  100میل,https://www.khanoumi.com/products/adra-pomegranate-lifting-and-firming-facial-mask-100ml-30152,"ماسک خیلی رقیق و آبکیه
موقع استفاده اصلا درست روی پوست نمیشینه",0,false,2023-12-11T16:09:12+00:00,مثبت,0.67,محصول | اصل بودن کالا,محصول
ماسک جوان کننده پوست عصاره انار  100میل,https://www.khanoumi.com/products/adra-pomegranate-lifting-and-firming-facial-mask-100ml-30152,"عالیه 
ممنون ازخانومی",0,false,2023-11-30T17:05:42+00:00,مثبت,0.91,سایر,سایر
ماسک جوان کننده پوست عصاره انار  100میل,https://www.khanoumi.com/products/adra-pomegranate-lifting-and-firming-facial-mask-100ml-30152,پوستم چربه،منافذ داره،از این ماسک دوباره میزنم،خیلی پوستو خنک میکنه،حتی ده قیقه بعد از برداشتن ماسک پوست مث یخه،واقعا تاثیرشو به چشم خودم دیدم،منافذو میبنده،خیلی عالیه,5,true,2022-05-13T13:28:31+00:00,مثبت,0.79,محصول,محصول
ماسک جوان کننده پوست عصاره انار  100میل,https://www.khanoumi.com/products/adra-pomegranate-lifting-and-firming-facial-mask-100ml-30152,این ماسک اصلا تاثیر خاصی نداره ,4,true,2021-09-17T01:32:36+00:00,مثبت,0.67,اصل بودن کالا,اصل بودن کالا
ماسک جوان کننده پوست عصاره انار  100میل,https://www.khanoumi.com/products/adra-pomegranate-lifting-and-firming-facial-mask-100ml-30152,"اولین بار که استفاده کردم تاثیرش خوب بود ولی بعد از اون هر چی استفاده کردم تاثیر عکس داره
",14,false,2020-10-26T20:45:06+00:00,مثبت,0.79,محصول,محصول
ماسک روشن کننده پوست عصاره خیار 100میل,https://www.khanoumi.com/products/adra-cucumber-lightening-and-anti-pigmentation-facial-mask-100ml-30153,اصلا خوب نیس اون روشن کنندگی اصلا برا من نداشت ,0,true,2023-03-17T20:01:45+00:00,مثبت,0.91,اصل بودن کالا,اصل بودن کالا
ماسک روشن کننده پوست عصاره خیار 100میل,https://www.khanoumi.com/products/adra-cucumber-lightening-and-anti-pigmentation-facial-mask-100ml-30153,ماسک صورت یکی از محصولات مراقبت پوست است که با استفاده از آن شما پوستی نرم و لطیف خواهید داشت. ماسک روشن کننده پوست خیار آدرا با اکسیژن رسانی به سلول های پوست و تأمین رطوبت موردنیاز پوست به نرمی، شادابی و روشنی آن کمک شایانی می کند. این محصول حاوی کلاژن است بنابراین به جوانی و سلامت پوست شما کمک می کند. این ماسک سلول های پوست را بازسازی کرده و لک، تیرگی و کدری آن را از بین می برد.,1,false,2022-10-30T09:41:57+00:00,خنثی,0.35,محصول,محصول
ماسک روشن کننده پوست عصاره خیار 100میل,https://www.khanoumi.com/products/adra-cucumber-lightening-and-anti-pigmentation-facial-mask-100ml-30153,"من فکر میکردم الان بوی خیار میده هیچ بویی نداشت. وقتی میزنی صورتت سرد میشه
من چند تا جوش ریز داشتم که متورمش کرد
در کل راضی نبودم جالب نبود کار خاصی نمیکنه برای صورت",9,true,2022-01-30T23:46:04+00:00,منفی,0.67,محصول,محصول
ماسک روشن کننده پوست عصاره خیار 100میل,https://www.khanoumi.com/products/adra-cucumber-lightening-and-anti-pigmentation-facial-mask-100ml-30153,من قبلا اینو خریده بودم خیلی عالی بود,8,false,2020-10-26T15:20:33+00:00,مثبت,0.79,محصول,محصول
ماسک روشن کننده پوست عصاره خیار 100میل,https://www.khanoumi.com/products/adra-cucumber-lightening-and-anti-pigmentation-facial-mask-100ml-30153,"خیلی خوبه 
",9,false,2020-07-04T21:34:09+00:00,مثبت,0.91,سایر,سایر
ماسک روشن کننده پوست عصاره خیار 100میل,https://www.khanoumi.com/products/adra-cucumber-lightening-and-anti-pigmentation-facial-mask-100ml-30153,با توجه به قیمتش کارش رو خوب انجام میده,9,false,2020-06-29T09:49:52+00:00,مثبت,0.67,قیمت,قیمت
کرم ترمیم کننده ترک پا با عصاره بابونه و آلوئه ورا  75میل,https://www.khanoumi.com/products/adra-intensive-repair-nourishing-foot-cream-75ml-30155,اصلا محصولات آدرا رو تایید نمیکنم,0,false,2024-01-15T23:59:10+00:00,مثبت,0.67,محصول | اصل بودن کالا,محصول
کرم ترمیم کننده ترک پا با عصاره بابونه و آلوئه ورا  75میل,https://www.khanoumi.com/products/adra-intensive-repair-nourishing-foot-cream-75ml-30155,من بارها از این کرم گرفتم . خیلی راضی هستم. از اثر بخشی، بو، احساس روی پوست و ... همه چیز راضی هستم.,0,false,2022-12-25T20:58:33+00:00,مثبت,0.79,محصول,محصول
کرم ترمیم کننده ترک پا با عصاره بابونه و آلوئه ورا  75میل,https://www.khanoumi.com/products/adra-intensive-repair-nourishing-foot-cream-75ml-30155,خیلی سبکه و الکی پوست پا رو چرب و سنگین نمی‌کنه. من شبا قبل خواب استفاده می‌کنم. البته چون ملایمه با یک بار استفاده نمی‌شه انتظار معجزه ازش داشت.,12,false,2021-07-05T15:36:01+00:00,خنثی,0.35,محصول,محصول
کرم مرطوب کننده اکستراسافت جوجوبا 200میل,https://www.khanoumi.com/products/adra-extra-soft-jojoba-oil-face-and-body-cream-200ml-30156,سلام من از این کرم سفارش دادم و راضی هستم امیدوارم دوباره شارژ بشه تا بتونم دوباره سفارش بدم. ممنون,0,false,2026-04-07T17:17:15.5735798+03:30,ترکیبی,0.74,محصول,محصول
کرم مرطوب کننده اکستراسافت زیتون 200میل,https://www.khanoumi.com/products/adra-extra-soft-olive-oil-face-and-body-cream-200ml-30157,بوی کرم خیلی بد و زیاده چرا برند های ایرانی فکر می کنن اگر بوی کرم زیاد باشه به معنای خوب بودن آن کرمه,0,false,2026-07-04T21:22:05.9263144+03:30,ترکیبی,0.74,محصول,محصول
کرم مرطوب کننده اکستراسافت زیتون 200میل,https://www.khanoumi.com/products/adra-extra-soft-olive-oil-face-and-body-cream-200ml-30157,همیشه راضیم ازش بهترین مرطوب کننده برای پوست خشک و حساس,0,true,2025-06-17T10:58:06.3796274+00:00,مثبت,0.91,محصول,محصول
کرم مرطوب کننده اکستراسافت زیتون 200میل,https://www.khanoumi.com/products/adra-extra-soft-olive-oil-face-and-body-cream-200ml-30157,خوبه و بوی خوبی هم داره,0,false,2025-02-10T17:15:51.7942819+00:00,مثبت,0.91,محصول,محصول
کرم مرطوب کننده اکستراسافت زیتون 200میل,https://www.khanoumi.com/products/adra-extra-soft-olive-oil-face-and-body-cream-200ml-30157,من پوستم خیلی خشکه و با استفاده از این کرم حال پوستم خوبه 👍,0,false,2023-08-25T15:50:36+00:00,مثبت,0.79,محصول,محصول
کرم مرطوب کننده اکستراسافت زیتون 200میل,https://www.khanoumi.com/products/adra-extra-soft-olive-oil-face-and-body-cream-200ml-30157,این محصول رو برای مادرم خریدم و خیلی راضی بود.,0,false,2020-06-14T12:41:42+00:00,مثبت,0.67,محصول,محصول
کرم مرطوب کننده اکستراسافت آلوئه ورا 200میل,https://www.khanoumi.com/products/adra-extra-soft-aloevera-face-and-body-cream-200ml-30159,کرم مرطوب کننده خیلی خوبیه. بوی خوبی داره و اصلا چربی اضافی روی پوست باقی نمیزاره. من این محصول رو به پیشنهاد یکی از دوستام خریدم و فوق العاده خوب بود. ,2,false,2022-12-04T08:58:11+00:00,مثبت,0.95,محصول | اصل بودن کالا,محصول
کرم مرطوب کننده تیوپی جوجوبا 75میل,https://www.khanoumi.com/products/adra-extra-soft-nourishing-jojoba-oil-cream-75ml-30160,از بهترین مرطوب کننده هاییه که استفاده کردم. پوست رو تیره نمیکنه، بوش خوبه، زود جذب میشه، خیلی نرم و لطیف میکنه و در مقابل آفتاب هم محافظت خوبی داره.,0,true,2024-02-08T14:49:41+00:00,خنثی,0.35,محصول,محصول
کرم مرطوب کننده تیوپی زیتون 75میل,https://www.khanoumi.com/products/adra-extra-soft-nourishing-olive-cream-75ml-30161,لطفا موجودش کنید این کرم عالیه,0,false,2024-09-01T11:21:42+00:00,مثبت,0.79,محصول,محصول
کرم مرطوب کننده تیوپی حاوی عصاره آلوئه ورا 75میل,https://www.khanoumi.com/products/adra-extra-soft-nourishing-aloevera-cream-75ml-30163,"کرم های مرطوب کننده تیوپی آدرا واقعا حرف ندارن و قابل توصیف نیستن.
من خیلی وقته که ازش استفاده میکنم و واقعا تا به حال هیچ مشکلی نداشته. ",0,true,2023-12-21T13:00:20+00:00,خنثی,0.35,محصول,محصول
کرم مغذی و مرطوب کننده آرگان 200میل,https://www.khanoumi.com/products/adra-argan-oil-moisturizing-cream-200ml-30165,بسیار کرم خوبی هست و چربی متعادلی داره,0,true,2026-05-17T08:07:19.1598135+03:30,مثبت,0.67,محصول,محصول
کرم مغذی و مرطوب کننده آرگان 200میل,https://www.khanoumi.com/products/adra-argan-oil-moisturizing-cream-200ml-30165,لطفاً موجودش کنید این کرم عالیه,0,false,2025-09-23T22:36:30.7586956+03:30,مثبت,0.79,محصول,محصول
کرم مغذی و مرطوب کننده آرگان 200میل,https://www.khanoumi.com/products/adra-argan-oil-moisturizing-cream-200ml-30165,لطفا تخفیف بزارید,0,false,2024-10-23T23:43:52.4605868+00:00,خنثی,0.35,قیمت,قیمت
کرم مغذی و مرطوب کننده آرگان 200میل,https://www.khanoumi.com/products/adra-argan-oil-moisturizing-cream-200ml-30165,من یک ساله از این کرم استفاده میکنم خیلی خیلی خوبه هم پوست دستو پام روشن شده هم دیگه خشک نیستن و نرمن,0,false,2024-09-29T13:00:54+00:00,مثبت,0.91,محصول,محصول
کرم مغذی و مرطوب کننده آرگان 200میل,https://www.khanoumi.com/products/adra-argan-oil-moisturizing-cream-200ml-30165,برای پوستهای خشک عالیه,0,true,2024-07-31T08:46:50+00:00,مثبت,0.79,محصول,محصول
کرم مغذی و مرطوب کننده آرگان 200میل,https://www.khanoumi.com/products/adra-argan-oil-moisturizing-cream-200ml-30165,من 5 ساله که فقط از همین کرم به عنوان مرطوب کننده روزانه استفاده میکنم. ازونجایی که پوست خشکی دارم برخلاف ابرسان ها، تاثیر نرم کنندگیش روی پوست تا ساعت ها میمونه و از احساس خشکی طی روز کاملا جلوگیری میکنه، برخلاف خیلی از مرطوب کننده های بازار، حس چربی به پوست نمیده و بوش رو هم خیلی میپسندم. ولی برای کسایی که پوست چربی دارن ممکنه باعث احساس سنگینی روی پوست بشه. ,0,true,2024-01-23T11:52:52+00:00,خنثی,0.35,محصول,محصول
کرم مغذی و مرطوب کننده آرگان 200میل,https://www.khanoumi.com/products/adra-argan-oil-moisturizing-cream-200ml-30165,این کرم خیلی عالیه مخصوصا برای کسانی که پوست خشک و اگزمایی دارند,0,false,2023-12-29T15:36:15+00:00,مثبت,0.79,محصول,محصول
کرم مغذی و مرطوب کننده آرگان 200میل,https://www.khanoumi.com/products/adra-argan-oil-moisturizing-cream-200ml-30165,"این کرم عالیه
دستارو خیلی نرم و پنبه ای میکنه
یکمم روشن کنندس
منکه عاشقش شدم
با توجه ب قیمتش ارزش خرید داره",0,true,2023-12-22T21:35:12+00:00,مثبت,0.91,قیمت | محصول,قیمت
کرم مغذی و مرطوب کننده آرگان 200میل,https://www.khanoumi.com/products/adra-argan-oil-moisturizing-cream-200ml-30165,خیلی کرم خوبیه برای کسایی که پوست خشکی دارن مناسبه و در طولانی مدت رو دست میمونه ,0,false,2023-06-11T11:42:09+00:00,مثبت,0.67,محصول,محصول
کرم مغذی و مرطوب کننده آرگان 200میل,https://www.khanoumi.com/products/adra-argan-oil-moisturizing-cream-200ml-30165,کرم خوب و سبکیه فقط بوش یخورده خوب نیس,0,true,2023-05-22T00:00:49+00:00,مثبت,0.79,محصول,محصول
کرم مغذی و مرطوب کننده آرگان 200میل,https://www.khanoumi.com/products/adra-argan-oil-moisturizing-cream-200ml-30165,خیلی خوشبوعه و خوبه اما به شدت غلیظه,1,false,2022-07-03T12:58:42+00:00,مثبت,0.79,محصول,محصول
کرم مغذی و مرطوب کننده آرگان 200میل,https://www.khanoumi.com/products/adra-argan-oil-moisturizing-cream-200ml-30165,اولین ویژگی مثبت این کرم که نظرم رو به خودش جلب کرد، بوی بسیار خوب اون بود. رایحه این کرم بی نظیره و تا چند ساعت روی پوست باقی میمونه. بافت کرم خیلی سبک و نرمه و اصلا باعث ایجاد چربی اضافه در پوست نمیشه. علاوه بر این روغن آرگان این کرم باعث شادابی و لطافت در پوست هم میشه. کرم آرگان آدرا بهترین گزینه جهت استفاده روزانه خواهد بود.,4,false,2022-04-25T11:36:46+00:00,مثبت,0.91,محصول | اصل بودن کالا,محصول
کرم مغذی و مرطوب کننده آرگان 200میل,https://www.khanoumi.com/products/adra-argan-oil-moisturizing-cream-200ml-30165,پاربن داره من بعد خرید متوجه شدم ولی به شدت نرم کننده هست ,1,true,2022-04-07T19:07:14+00:00,خنثی,0.35,سایر,سایر
کرم مغذی و مرطوب کننده آرگان 200میل,https://www.khanoumi.com/products/adra-argan-oil-moisturizing-cream-200ml-30165,خیلی عالیه بوش مخصوصا فوق العاده هست خیلی دوسش دارم,5,false,2020-07-31T23:52:21+00:00,مثبت,0.91,محصول,محصول
کرم مغذی و مرطوب کننده آرگان 200میل,https://www.khanoumi.com/products/adra-argan-oil-moisturizing-cream-200ml-30165,کرم خوبیه,4,false,2020-07-31T12:06:28+00:00,مثبت,0.67,محصول,محصول
کرم مغذی و مرطوب کننده آرگان 200میل,https://www.khanoumi.com/products/adra-argan-oil-moisturizing-cream-200ml-30165,"این کرم عالیه حتما توصیه میکنم .قبلش با ی فیس واش بشورید بعد تونر گلاب استفاده کنید بعد هم این محصول عالیه .
",8,true,2020-07-31T00:04:13+00:00,مثبت,0.95,محصول,محصول
کرم مغذی و مرطوب کننده الترا سافت هسته انگور 200میل,https://www.khanoumi.com/products/adra-ultra-soft-grape-seed-oil-moisturizing-cream-200ml-30166,"بوی خوبی داره
آبرسانیشم عالیه
بافت سبکی هم داره",0,true,2026-07-27T00:24:58.2275604+03:30,مثبت,0.91,محصول,محصول
کرم مغذی و مرطوب کننده الترا سافت هسته انگور 200میل,https://www.khanoumi.com/products/adra-ultra-soft-grape-seed-oil-moisturizing-cream-200ml-30166,بوش خوبه ولی مرطوب کنندگیش برای دستم کافی نبود,0,true,2025-02-25T16:25:52.3495714+00:00,مثبت,0.79,محصول,محصول
کرم مغذی و مرطوب کننده الترا سافت آلانتوئین 200میل,https://www.khanoumi.com/products/adra-ultra-soft-allantoin-moisturizing-cream-200ml-30167,عالیه من استفاده کردم راضیم,0,false,2025-02-23T17:32:51.6113906+00:00,مثبت,0.95,سایر,سایر
کرم مرطوب کننده ویتامین ای و گل سرخ 200میل,https://www.khanoumi.com/products/adra-ultra-soft-moisturizing-and-repairing-cream-with-rose-extract-200ml-30168,خداییش این قیمت نمیارزه ،متوسطه ،یه نرم کننده معمولی ،بوی گل رز هم میده ،ولی ثانیه ای میره,0,true,2025-09-03T01:50:46.0636291+03:30,خنثی,0.35,محصول | قیمت,محصول
کرم مرطوب کننده ویتامین ای و گل سرخ 200میل,https://www.khanoumi.com/products/adra-ultra-soft-moisturizing-and-repairing-cream-with-rose-extract-200ml-30168,برای انواع پوست هست و چربی نداره. بوی فوق‌العاده ای داره.,1,false,2022-02-09T11:00:22+00:00,منفی,0.67,محصول,محصول
کرم دست و ناخن آرگان 75میل,https://www.khanoumi.com/products/adra-ultra-nourishing-hand-and-nail-cream-with-argan-oil-75ml-30170,بوی خیلی خوبی داره ولی تاثیر صفر ,1,true,2023-09-15T21:27:52+00:00,مثبت,0.79,محصول,محصول
کرم دست و ناخن آرگان 75میل,https://www.khanoumi.com/products/adra-ultra-nourishing-hand-and-nail-cream-with-argan-oil-75ml-30170,تنها ویژگی خوبش،بوی خوبشه که البته اونم در نیم ساعت اوله و بعدش از بین میره وگرنه هیچ خاصیت دیگه ای نداره ...😐,1,true,2023-09-14T22:48:33+00:00,مثبت,0.79,محصول,محصول
کرم دست و ناخن آرگان 75میل,https://www.khanoumi.com/products/adra-ultra-nourishing-hand-and-nail-cream-with-argan-oil-75ml-30170,بوی خیلی خوبی داره ولی روی نرم شدن ناخن و دست تاثیری ندیدم فعلا ,0,true,2023-09-09T02:31:21+00:00,مثبت,0.79,محصول,محصول
کرم دست و ناخن آرگان 75میل,https://www.khanoumi.com/products/adra-ultra-nourishing-hand-and-nail-cream-with-argan-oil-75ml-30170,هم خوشبوئه هم نرمکنندگی فوقالعادهای داره هم بدون تست حیوانی هست هم تخفیف خوبی داره اصلا چی از این بهتر,0,true,2023-09-07T08:53:39+00:00,مثبت,0.79,محصول | اصل بودن کالا | قیمت,محصول
کرم دست و ناخن آرگان 75میل,https://www.khanoumi.com/products/adra-ultra-nourishing-hand-and-nail-cream-with-argan-oil-75ml-30170,تازه میخوام استفاده اش کنم ، بوش عالیه ,0,true,2023-08-01T13:50:58+00:00,مثبت,0.79,محصول,محصول
کرم دست و ناخن آرگان 75میل,https://www.khanoumi.com/products/adra-ultra-nourishing-hand-and-nail-cream-with-argan-oil-75ml-30170,نرم کنندگی بالایی داره و پوست رو چسبناک نمیکنه خیلی سبک و روانه البته بوی خیلی خیلی خوبی داره,0,false,2023-05-31T14:05:41+00:00,مثبت,0.79,محصول,محصول
کرم دست و ناخن آرگان 75میل,https://www.khanoumi.com/products/adra-ultra-nourishing-hand-and-nail-cream-with-argan-oil-75ml-30170,"در یک کلمه عالی عالی عالی 
هم آبرسانی خوبی داره هم بوی بسیار خوبی داره 
",0,true,2023-04-07T01:58:39+00:00,مثبت,0.95,محصول,محصول
کرم دست و ناخن آرگان 75میل,https://www.khanoumi.com/products/adra-ultra-nourishing-hand-and-nail-cream-with-argan-oil-75ml-30170, فوق العاده ست. تا الان 4 تا ازش تموم کردم .بهترینه .اینو چند سال پیش دکتر برای شوهرم تجویز کرده بود منم عاشقش شدم.جالب اینجاست که من به پاشنه پاهام هم میزنم همون دفعه اول خشکی و ترک پاشنه پا رو رفع میکنه و کاملا محسوسه . به حس خیلی خوب به پوست میده و کیف میکنم .دوسش دارم و طرفدارشم .,4,true,2022-10-23T00:14:20+00:00,مثبت,0.95,محصول,محصول
کرم دست و ناخن آرگان 75میل,https://www.khanoumi.com/products/adra-ultra-nourishing-hand-and-nail-cream-with-argan-oil-75ml-30170,من از این کرم راضیم به نظرم جزو بهترین هاست چون نرم کنندگی فوق العاده ای داره از خانومی هم سفارش دادم,0,true,2022-07-31T17:19:51+00:00,مثبت,0.95,محصول,محصول
کرم دست و ناخن آرگان 75میل,https://www.khanoumi.com/products/adra-ultra-nourishing-hand-and-nail-cream-with-argan-oil-75ml-30170,"یه حس چربی بدی داره
از بوش خوشم نیومد",0,true,2022-03-18T10:20:08+00:00,منفی,0.67,محصول,محصول
کرم دست و ناخن آرگان 75میل,https://www.khanoumi.com/products/adra-ultra-nourishing-hand-and-nail-cream-with-argan-oil-75ml-30170,من از این کرم اصلا راضی نیستم چون یک بوی به شدت تند و زننده ای داره که تا ریه های آدم میره و باعث حساسیت و سردرد میشه😑😑در ضمن پارابن هم داره که مضره برای بدن👎🏼,0,true,2022-01-08T00:34:00+00:00,منفی,0.91,محصول | اصل بودن کالا,اصل بودن کالا
کرم مغذی و مرطوب کننده پمپی آرگان 300میل,https://www.khanoumi.com/products/adra-argan-oil-moisturizing-cream-300ml-30174,عالیه این کرم واقعا خوبه,0,true,2026-08-31T12:12:23.3560056+03:30,مثبت,0.95,محصول,محصول
کرم مغذی و مرطوب کننده پمپی آرگان 300میل,https://www.khanoumi.com/products/adra-argan-oil-moisturizing-cream-300ml-30174,این کرم بی نظیر من سالهاست استفاده میکنم جوری که دوتایی سفارش میدم ،پوست دستم خشک میشه  خیلی بخاطر شستشو زیاد دست .خیلی از کرم هارو تست کردم ولی این تنها کرمی بود ک عالی جواب داد شب ک میزنم ب دستم صبح پامیشم دستم مث پنبه نرم میشه.مرسی از خانمی ک هرچی بخایم رو داره,0,true,2026-08-08T15:31:11.5944643+03:30,مثبت,0.67,محصول,محصول
کرم مغذی و مرطوب کننده پمپی آرگان 300میل,https://www.khanoumi.com/products/adra-argan-oil-moisturizing-cream-300ml-30174,من ازش راضیم,0,false,2026-08-01T13:45:18.6675936+03:30,مثبت,0.79,سایر,سایر
کرم مغذی و مرطوب کننده پمپی آرگان 300میل,https://www.khanoumi.com/products/adra-argan-oil-moisturizing-cream-300ml-30174,من پوستم خشک هست و از زمانی که این کرم را استفاده میکنم تاثیرش رو دیدم عالیه,0,false,2026-07-25T06:36:47.1424013+03:30,مثبت,0.79,محصول,محصول
کرم مغذی و مرطوب کننده پمپی آرگان 300میل,https://www.khanoumi.com/products/adra-argan-oil-moisturizing-cream-300ml-30174,خیلی کرم خوبیه واقعا راضیم مرطوب کننده بسیار عالیه,0,true,2026-03-05T18:49:02.0803206+03:30,مثبت,0.95,محصول,محصول
کرم مغذی و مرطوب کننده پمپی آرگان 300میل,https://www.khanoumi.com/products/adra-argan-oil-moisturizing-cream-300ml-30174,برای دستام به شدت راضی ام,0,false,2025-12-24T09:46:57.7057306+03:30,مثبت,0.79,سایر,سایر
کرم مغذی و مرطوب کننده پمپی آرگان 300میل,https://www.khanoumi.com/products/adra-argan-oil-moisturizing-cream-300ml-30174,خیلی بد,0,true,2025-04-27T05:10:32.7796626+00:00,منفی,0.67,سایر,سایر
کرم مغذی و مرطوب کننده پمپی آرگان 300میل,https://www.khanoumi.com/products/adra-argan-oil-moisturizing-cream-300ml-30174,واقعا بدترین کرمی که خریدم بود اصلا تاثیری نداره بافت در جذب روغنی و می ماسه اصلا نمیشه به عنوان مرطوب کننده استفاده کرد به شدت نخریدنش رو توصیه میکنم,0,true,2025-04-27T05:09:15.9026249+00:00,ترکیبی,0.82,محصول | اصل بودن کالا,محصول
کرم مغذی و مرطوب کننده پمپی آرگان 300میل,https://www.khanoumi.com/products/adra-argan-oil-moisturizing-cream-300ml-30174,"بهترین مرطوب کننده دست و بدن ایشونه
بوی خوب موندگاری عالی",0,true,2025-03-09T08:54:20.7796612+00:00,مثبت,0.79,محصول,محصول
کرم مغذی و مرطوب کننده پمپی آرگان 300میل,https://www.khanoumi.com/products/adra-argan-oil-moisturizing-cream-300ml-30174,عالیه و خیلی خوش بو هست,0,true,2025-02-26T12:53:26.7933367+00:00,مثبت,0.79,محصول,محصول
کرم مغذی و مرطوب کننده پمپی آرگان 300میل,https://www.khanoumi.com/products/adra-argan-oil-moisturizing-cream-300ml-30174,عالی هست ولی من تاریخ انقضا و تولید پاک شد بود,0,true,2025-02-15T11:07:46.9653888+00:00,مثبت,0.67,محصول,محصول
کرم مغذی و مرطوب کننده پمپی آرگان 300میل,https://www.khanoumi.com/products/adra-argan-oil-moisturizing-cream-300ml-30174,"من خیلی وقته از این محصول استفاده میکنم. قبلا بافت کرمی داشت و قدرت ابرسانیش خیلی قوی بود.بوی خیلی خوبی داشت .بوش قویه برای کسایی که عطر زیاد دوست ندارن مناسب نیست
اما ایندفعه که گرفتم کاملا فرق کرده.بافتش خیلی ژلی و سبک شده. قدرت ابرسانیش خیلییی کم شده و اثرش خیلی زود میره
دیگه شارژش نمیکنم",0,false,2024-06-18T12:05:30+00:00,مثبت,0.79,محصول,محصول
کرم مغذی و مرطوب کننده پمپی آرگان 300میل,https://www.khanoumi.com/products/adra-argan-oil-moisturizing-cream-300ml-30174,اصلا زود جذب نیست ، خیلی سخت جذب میشه ,0,true,2024-03-31T22:35:05+00:00,مثبت,0.67,اصل بودن کالا,اصل بودن کالا
کرم مغذی و مرطوب کننده پمپی آرگان 300میل,https://www.khanoumi.com/products/adra-argan-oil-moisturizing-cream-300ml-30174,"بسیار عالی با مرطوب کنندگی قوی
تنها ایرادش بوی ادکلنی بسیار زیادی داره که تا ساعت ها میمونه",0,true,2024-01-01T15:55:19+00:00,مثبت,0.67,محصول,محصول
کرم مغذی و مرطوب کننده پمپی آرگان 300میل,https://www.khanoumi.com/products/adra-argan-oil-moisturizing-cream-300ml-30174,ازش راضی هستم. بافت سبک و زودجذب . بوی خاصی هم داره من دوس دارم,0,true,2023-08-17T14:33:24+00:00,مثبت,0.67,محصول,محصول
کرم مغذی و مرطوب کننده پمپی آرگان 300میل,https://www.khanoumi.com/products/adra-argan-oil-moisturizing-cream-300ml-30174,من با برند آدرا از طریق یکی از دوستام آشنا شدم که تقریبا از همه محصولاتش استفاده می کرد و راضی بود. منم تصمیم گرفتم بخرم. بوی خوبی داره و به نظرم در مرطوب کنندگیش هم خوب بود. درکل باید مدت طولانی مصرف کنم تا نظر قطعیم رو بگم. اما تا اینجای کار من خیلی راضی بودم. این که پمپی هست ی مزیت خیلی بزرگه و استفاده از این کرم رو خیلی راحت می کنه  .,6,false,2022-06-06T09:10:33+00:00,مثبت,0.95,محصول,محصول
کرم مغذی و مرطوب کننده پمپی آرگان 300میل,https://www.khanoumi.com/products/adra-argan-oil-moisturizing-cream-300ml-30174,واقعاااااا عالیه .من تمام کرم های خشکی پوست  و حتی تمام کرمهای آلمانی کرم ۲۱ نیوآ و کرم یاردلی را هم استفاده کردم و هیچ نتیجه ای نگرفتم ..این کرم پمپی تمام پوسته پوسته و خشکی پوست منو برطرف کرد و تمام حساسیت ها و نازکی پوستم رو انگار ترمیم کرده و یه آبی به پوستم اضافه کرده بخاطر همون روغن آرگان ترکیب شده در این کرم پوستمو شاداب کرده  پوست من خسته بود آب خودشو از دست داده بود و من واقعا از شرکت تولید کننده این محصول خیلی تشکر میکنم .,8,false,2022-04-19T09:37:33+00:00,مثبت,0.79,محصول,محصول
کرم مغذی و مرطوب کننده پمپی آرگان 300میل,https://www.khanoumi.com/products/adra-argan-oil-moisturizing-cream-300ml-30174,عالي بود,5,true,2021-06-16T14:03:37+00:00,مثبت,0.79,محصول,محصول
کرم مغذی و مرطوب کننده پمپی آرگان 300میل,https://www.khanoumi.com/products/adra-argan-oil-moisturizing-cream-300ml-30174,کرمش نسبتا خوب بود. منتها ی بدی که داره اینه ک بدلیل اینکه مدلش پمپی هست زیادتر از نیاز از ظرفش میاد بیرون ,5,true,2020-11-11T11:45:26+00:00,ترکیبی,0.82,محصول,محصول
کرم مغذی و مرطوب کننده پمپی آرگان 300میل,https://www.khanoumi.com/products/adra-argan-oil-moisturizing-cream-300ml-30174,انگار هیچی نزدی!! خیلی چربه و اصلا آبرسانی نداره..,10,true,2020-10-13T10:24:14+00:00,مثبت,0.67,اصل بودن کالا,اصل بودن کالا
کرم مغذی و مرطوب کننده پمپی آرگان 300میل,https://www.khanoumi.com/products/adra-argan-oil-moisturizing-cream-300ml-30174,"بوی خیلی تند و بد، چسبناک و اثر خیلی کوتاه مدت، دیر جذب میشه
",5,false,2020-10-12T12:05:27+00:00,منفی,0.67,محصول,محصول
کرم مغذی و مرطوب کننده پمپی آرگان 300میل,https://www.khanoumi.com/products/adra-argan-oil-moisturizing-cream-300ml-30174,من این کرم خریدم و چندبار،ازش،استفاده کردم خیلی عالیه ,3,true,2020-10-11T17:18:10+00:00,مثبت,0.79,محصول,محصول
ماسک مو کراتینه دو فاز 200میل,https://www.khanoumi.com/products/adra-hydrolized-keratin-hair-mask-200ml-30175,"من این محصول رو از جای دیگه گرفته بودم بوی خوبی داره ولی روی موهای من جواب نبود..
فوقالعاده سنگین بود و موهامو چرب کرد.
الان هم اسپری دوفاز هیالورونیک اسید رو گرفتم که اینم باید خییییلی کم اسپری کنم وگرنه چرب میکنه موهامو.. ",2,false,2023-04-04T23:38:06+00:00,خنثی,0.35,محصول,محصول
ماسک مو کراتینه دو فاز 200میل,https://www.khanoumi.com/products/adra-hydrolized-keratin-hair-mask-200ml-30175,من برای چندمین باره که میخرمش واقعا برای موهام عالی جواب داده ,3,true,2022-10-27T09:28:04+00:00,مثبت,0.79,محصول,محصول
ماسک مو کراتینه دو فاز 200میل,https://www.khanoumi.com/products/adra-hydrolized-keratin-hair-mask-200ml-30175,خیلی کاربردی نیست و همچنین کیفیتش نسبت به پولی که میدید خیلی پاینه(راضی کننده نبود),16,true,2020-08-17T10:41:59+00:00,منفی,0.79,محصول,محصول
ماسک مو کراتینه دو فاز 200میل,https://www.khanoumi.com/products/adra-hydrolized-keratin-hair-mask-200ml-30175,این اسپری مو واقعا عالیه وبوی خوبی هم داره,15,true,2020-06-20T08:03:14+00:00,مثبت,0.91,محصول,محصول
ژل پرو ویتامینه حالت دهنده براق کننده مو 150میل,https://www.khanoumi.com/products/adra-provitamin-hair-gel-150ml-30178,عااااالی,1,true,2022-07-25T18:23:10+00:00,خنثی,0.35,سایر,سایر
ژل پرو ویتامینه حالت دهنده فوق العاده قوی مو 150میل,https://www.khanoumi.com/products/adra-provitamin-ultra-strong-hair-gel-150ml-30179,این محصول هم به موها به خوبی حالت میده و هم آسیبی به مو وارد نمیکنه. دارای خاصیت مرطوب کنندگیه و از موها دربرابر اشعه های مضر خورشید محافظت میکنه. بعد از استفاده از این محصول موها سفید نمیشن که مزیت بزرگیه,0,false,2023-02-05T16:46:31+00:00,مثبت,0.67,محصول,محصول
سرم مو مغذی و آنتی فریز آرگان 80میل,https://www.khanoumi.com/products/adra-nourishing-and-anti-frizz-serum-with-argan-oil-80ml-30180,خوبه، کیفیت معمولی نسبتا رو به بالایی داره. قیمتش برا کیفیتش یکم زیاده. من از تمام محصولات ادرا استفاده میکنم و انتظارم از این سرم خیلی بیشتر بود، چون همه محصولاتش عالین.اما از این یکی خیلی راضی نبودم,0,true,2024-05-22T09:05:39+00:00,مثبت,0.79,محصول | قیمت,محصول
سرم مو مغذی و آنتی فریز آرگان 80میل,https://www.khanoumi.com/products/adra-nourishing-and-anti-frizz-serum-with-argan-oil-80ml-30180,تخفیف 50 درصد بذارید لطفا ,0,false,2024-02-04T19:03:55+00:00,خنثی,0.35,قیمت,قیمت
سرم مو مغذی و آنتی فریز آرگان 80میل,https://www.khanoumi.com/products/adra-nourishing-and-anti-frizz-serum-with-argan-oil-80ml-30180,لطفاً آف 50 درصد بزارید,0,true,2023-11-27T19:29:00+00:00,خنثی,0.35,سایر,سایر
سرم مو مغذی و آنتی فریز آرگان 80میل,https://www.khanoumi.com/products/adra-nourishing-and-anti-frizz-serum-with-argan-oil-80ml-30180,من این سرم رو تو همین اف خریدم یعنی یکی خریدم دو تا گرفتم،کیفیتش خوبه انصافا،از حموم ک میام چند قطره روی موهای نمدار میزنم و وقتی خشک میشه وز موهام کمتره,0,true,2023-08-05T23:47:58+00:00,مثبت,0.79,محصول,محصول
سرم مو مغذی و آنتی فریز آرگان 80میل,https://www.khanoumi.com/products/adra-nourishing-and-anti-frizz-serum-with-argan-oil-80ml-30180,سرم موی آرگان، یکی از محصولات بسیار خوب ایرانی بود که استفاده کردم. این سرم به محض استفاده موهام رو نرم، صاف و درخشان کرد. بعد از خشک شدن درخشش طبیعی موهام گرفت که زیبایی موهام رو دو چندان کرد. اگر موهای رنگ شده دارید این سرم بهترین گزینه برای استفاده شماست. تا رنگ موهاتون رو دو چندان زیباتر کنه. علاوه بر جنبه زیبایی این سرم رایحه بسیار خوشی هم داره که تا چند روز روی مو باقی می‌مونه و قابل استشمامه. اگر موهای آسیب دیده و یا رنگ شده دارید استفاده از این سرم مو رو بهتون پیشنهاد می کنم,4,false,2022-05-31T09:33:22+00:00,مثبت,0.91,محصول,محصول
سرم مو مغذی و آنتی فریز آرگان 80میل,https://www.khanoumi.com/products/adra-nourishing-and-anti-frizz-serum-with-argan-oil-80ml-30180,عالي بود,8,false,2021-10-11T20:42:19+00:00,مثبت,0.79,محصول,محصول
سرم مو مغذی و آنتی فریز آرگان 80میل,https://www.khanoumi.com/products/adra-nourishing-and-anti-frizz-serum-with-argan-oil-80ml-30180,استفاده کردم خوبه,22,false,2020-10-28T21:53:54+00:00,مثبت,0.79,سایر,سایر
ژل افترشیو آقایان 150میل,https://www.khanoumi.com/products/adra-men-after-shave-gel-150ml-30181,همسرم استفاده. کرد خیلی بد بود,0,false,2024-10-28T12:49:14.6593001+00:00,منفی,0.79,محصول,محصول
ژل افترشیو آقایان 150میل,https://www.khanoumi.com/products/adra-men-after-shave-gel-150ml-30181,لطفا موجود کنید,0,false,2023-02-18T15:13:36+00:00,خنثی,0.35,محصول,محصول
ژل افترشیو آقایان 150میل,https://www.khanoumi.com/products/adra-men-after-shave-gel-150ml-30181,اولین بار استفاده خوب بود اما از دومین بار هم بوی تند منتول اذیت می کرد هم پوست به شدت می سوخت و جوش میزد. از همه بدتر هم اینکه دفعه دوم استفاده ته تیوب خود به خود ترکید و کلی کثیف کاری شد تا ریختمش تو ظرف خالی کرم.,11,true,2020-10-22T10:15:55+00:00,ترکیبی,0.79,محصول,محصول
ماسک اسپری دوفاز مو آرگان یو وی فیلتر 200 میل,https://www.khanoumi.com/products/adra-argan-hair-mask-spray-200ml-30182,محصول خوبیه راضی ام ازش,0,true,2025-03-12T18:44:12.4756018+00:00,مثبت,0.91,محصول,محصول
ماسک اسپری دوفاز مو آرگان یو وی فیلتر 200 میل,https://www.khanoumi.com/products/adra-argan-hair-mask-spray-200ml-30182,دوستانی که گفتید مو رو چرب میکنه، تجربه اولین استفاده من هم همین بود اما بعد از طریق یکی از همکاران متوجه شدم که باید خیلی کم اسپری کنیم رو دستتون و بعد به موهاتون قبل از سشوار بزنید. عالیه چرب هن نمیشه خیلی خوش بو و خوش حالت میکنه موهامو.,0,false,2024-11-13T07:15:04.6296896+00:00,منفی,0.79,محصول,محصول
ماسک اسپری دوفاز مو آرگان یو وی فیلتر 200 میل,https://www.khanoumi.com/products/adra-argan-hair-mask-spray-200ml-30182,اصلا راضی نبودم ،حالت چسبنده به موها میده ,0,true,2023-12-08T19:51:35+00:00,منفی,0.79,محصول | اصل بودن کالا,اصل بودن کالا
ماسک اسپری دوفاز مو آرگان یو وی فیلتر 200 میل,https://www.khanoumi.com/products/adra-argan-hair-mask-spray-200ml-30182,"پک ماسک و شامپو آرگان رو از خانومی خریدم 
بقیه نظرات رو خوندم گفتن چرب میکنه یا جنس موهاشون چرب هست یا زیاد میزنن 
من استفاده میکنم عالیه خشکی و وز و آسیب دیدگی موهای رنگ شده م رو تسکین میده",2,true,2023-04-09T14:50:38+00:00,مثبت,0.79,محصول,محصول
ماسک اسپری دوفاز مو آرگان یو وی فیلتر 200 میل,https://www.khanoumi.com/products/adra-argan-hair-mask-spray-200ml-30182,جالب نیست باعث چرب شدن مو میشه ,2,true,2023-04-04T09:20:51+00:00,خنثی,0.35,محصول,محصول
ماسک اسپری دوفاز مو آرگان یو وی فیلتر 200 میل,https://www.khanoumi.com/products/adra-argan-hair-mask-spray-200ml-30182,من یکسالی هست ازش استفاده میکنم و راضیم ولی زیاد اسپری شه حالتی که به مو میده انگار چرب شده,2,true,2023-03-14T12:36:50+00:00,مثبت,0.79,محصول,محصول
ماسک اسپری دوفاز مو آرگان یو وی فیلتر 200 میل,https://www.khanoumi.com/products/adra-argan-hair-mask-spray-200ml-30182,بنظرم اصلا خوب نیست باعث چرب شدن و به هم چسبیدگی مو میشه,2,true,2023-02-14T11:09:30+00:00,منفی,0.79,محصول | اصل بودن کالا,اصل بودن کالا
ماسک اسپری دوفاز مو آرگان یو وی فیلتر 200 میل,https://www.khanoumi.com/products/adra-argan-hair-mask-spray-200ml-30182,خوب بود یه مقدار حالت چرب به موها میده ولی در کل خوبه و خیلی خوشبو هستش,4,true,2022-08-15T23:28:23+00:00,مثبت,0.95,محصول,محصول
ماسک اسپری دوفاز مو آرگان یو وی فیلتر 200 میل,https://www.khanoumi.com/products/adra-argan-hair-mask-spray-200ml-30182,عالیه خیلی خوبه,5,true,2022-06-20T17:09:20+00:00,مثبت,0.95,سایر,سایر
ماسک اسپری دوفاز مو آرگان یو وی فیلتر 200 میل,https://www.khanoumi.com/products/adra-argan-hair-mask-spray-200ml-30182,بوی خیلی خوبی داره.موهارو خیییلی خوش حالت میکنه.موهارو از وزی و شکنندگی درمیاره.موهارو هم خیلی براق میکنه.مرسی از خانومی ,13,false,2022-01-10T22:16:53+00:00,مثبت,0.91,محصول,محصول
ماسک اسپری دوفاز مو آرگان یو وی فیلتر 200 میل,https://www.khanoumi.com/products/adra-argan-hair-mask-spray-200ml-30182,ماسک خیلی خوبیه و از سال ها قبل استفاده میکردم ،بوی خیلی خوبی داشته پیشنهاد میکنم بعد از حمام  اول از ماسک مو استفاده کنید و بعد این ماسک اسپری رو موها بزنید در برابر سشوار کردن خوبه و بووووس فوق العاده خوبی هم داره ،حتما خوشتون میاد ازش🤗💕🧚,7,true,2021-07-22T09:12:28+00:00,مثبت,0.95,محصول,محصول
ماسک اسپری دوفاز مو آرگان یو وی فیلتر 200 میل,https://www.khanoumi.com/products/adra-argan-hair-mask-spray-200ml-30182,واقعا یکی از بهترین محصولات ادرا که من استفاده کردمه من موهام فره بعد ساقه ام خشکه وقتی بعد حموم میام میزنم موهامو خیلی خوش حالت میکنه و بافت سبکی داره,13,false,2020-09-30T21:09:22+00:00,مثبت,0.67,محصول,محصول
ماسک اسپری دوفاز مو آرگان یو وی فیلتر 200 میل,https://www.khanoumi.com/products/adra-argan-hair-mask-spray-200ml-30182,ماسک خییلی خوبیه همموهای وزوصاف همنرموبراق میکنه ممنون از خوانمی❤❤❤,15,false,2020-06-12T10:57:28+00:00,خنثی,0.35,محصول,محصول
ماسک مو آرگان با آبکشی 400میل,https://www.khanoumi.com/products/adra-argan-hair-mask-400ml-30183,موهای من به شدت آسیب دیده و وز هستش و نرم خوش حالت کرد البته من اول شامپوی مخصوص موهای خودم بعدش اینو توی حموم میزنم و در آخر از اسپری شیرمو همین آدرا میزنم موهام صاف و خوش حالت میشه البته نباید انتظار داشته باشید شبیه موی کراتین باشه ولی وز موها رو میگیره و اگر درکنار محصولات مناسب دیگ استفاده بشه مؤثره البته من خودم تنهایی استفاده نکردم ولی در کنار شیر موی خودش عالی بود برام,0,true,2025-07-03T21:53:07.2335173+00:00,مثبت,0.79,محصول,محصول
ماسک مو آرگان با آبکشی 400میل,https://www.khanoumi.com/products/adra-argan-hair-mask-400ml-30183,اصلا ماسک خوبی نیست ، هیچ تاثیری نداره,0,true,2025-06-30T06:38:30.0863605+00:00,خنثی,0.35,اصل بودن کالا,اصل بودن کالا
ماسک مو آرگان با آبکشی 400میل,https://www.khanoumi.com/products/adra-argan-hair-mask-400ml-30183,گفته برای موهای خشک و آسیب دیده ولی موهای من و اصلا نرم نکرد و ماسک جذب تار مو نشد و کاملا سطحی بود و با آبکشی موها هنوز خشک بودند، برای مصرفشم باید مقدار خیلی زیادی روی موها بزنی بلکه حس کنی ماسک مو زدی، اصلا راضی نبودم و مجبور شدم بعد از 3 بار مصرف مابقی و راهی سطل زباله کنم و پیشنهادش نمیکنم و بوشم از نظرم بد بود.,0,true,2025-06-25T12:31:11.1086339+00:00,منفی,0.95,محصول | اصل بودن کالا,اصل بودن کالا
ماسک مو آرگان با آبکشی 400میل,https://www.khanoumi.com/products/adra-argan-hair-mask-400ml-30183,چرا انقدر قیمتش وحشتناکه؟ نزدیک 1 میلیون؟ تا دو ماه پیش 300 بود. این یک ماسک ایرانیه. با این قیمت خارجی‌ می‌خریم!,0,false,2025-06-11T20:36:04.7486251+00:00,خنثی,0.35,قیمت | محصول,قیمت
ماسک مو آرگان با آبکشی 400میل,https://www.khanoumi.com/products/adra-argan-hair-mask-400ml-30183,من دو بار شارژ کردم خیلی راضی ام .,0,false,2025-05-20T20:21:17.170416+00:00,مثبت,0.79,سایر,سایر
ماسک مو آرگان با آبکشی 400میل,https://www.khanoumi.com/products/adra-argan-hair-mask-400ml-30183,گفته برای موهای خشک و آسیب دیده ولی موهای منو بشدت خشک و شکننده کرده، برای مصرفشم باید مقدار خیلی زیادی روی موها بزنی بلکه حس کنی ماسک مو زدی، اصلا راضی نیستم و پیشنهادش نمیکنم,0,true,2025-04-18T08:01:55.1602439+00:00,منفی,0.91,محصول | اصل بودن کالا,اصل بودن کالا
ماسک مو آرگان با آبکشی 400میل,https://www.khanoumi.com/products/adra-argan-hair-mask-400ml-30183,یکی از بهترین ماسک موهایی که تا حالا استفاده کردم. یکی از بهترین برندهای موجود در بازار.,0,true,2025-04-13T09:37:39.6175132+00:00,مثبت,0.79,محصول,محصول
ماسک مو آرگان با آبکشی 400میل,https://www.khanoumi.com/products/adra-argan-hair-mask-400ml-30183,من دفعه اول هست که این ماسک مو رو گرفتم دارم استفاده میکنم خیلی خوب هست و راضی هستم,0,true,2025-03-08T20:17:14.401962+00:00,مثبت,0.91,محصول,محصول
ماسک مو آرگان با آبکشی 400میل,https://www.khanoumi.com/products/adra-argan-hair-mask-400ml-30183,من خیلی راضی نبودم و دیگه نمیخرم,0,true,2024-11-09T07:16:24.4695667+00:00,منفی,0.67,محصول,محصول
ماسک مو آرگان با آبکشی 400میل,https://www.khanoumi.com/products/adra-argan-hair-mask-400ml-30183,تخفیف بزارید لطفا,0,false,2024-06-17T14:31:22+00:00,خنثی,0.35,قیمت,قیمت
ماسک مو آرگان با آبکشی 400میل,https://www.khanoumi.com/products/adra-argan-hair-mask-400ml-30183,ماسک مو خوبیه، کاش تخفیف 50 درصدی بذارین ,0,false,2024-06-01T13:43:00+00:00,مثبت,0.67,محصول | قیمت,محصول
ماسک مو آرگان با آبکشی 400میل,https://www.khanoumi.com/products/adra-argan-hair-mask-400ml-30183,فکر کنم دو سال بیشتر باشه که من پشت هم دارم این ماسک مو رو تمدید میکنم. اگرچه اوایل کیفیت بهتری داشت، اما همچنان ازش راضیم و مجدد دارم ثبت سفارش میکنم.,0,false,2024-02-28T10:27:19+00:00,مثبت,0.79,محصول,محصول
ماسک مو آرگان با آبکشی 400میل,https://www.khanoumi.com/products/adra-argan-hair-mask-400ml-30183,اصلا خوب نیس موهای منو بشدت خشک کرد,0,true,2024-01-04T11:13:42+00:00,مثبت,0.79,محصول | اصل بودن کالا,محصول
ماسک مو آرگان با آبکشی 400میل,https://www.khanoumi.com/products/adra-argan-hair-mask-400ml-30183,موهای من خشک و وز هستن این ماسک واقعا برای من عالی بوده وازش راضی ام,1,false,2023-05-30T13:14:42+00:00,مثبت,0.95,محصول,محصول
ماسک مو آرگان با آبکشی 400میل,https://www.khanoumi.com/products/adra-argan-hair-mask-400ml-30183,واقعا ماسک خوبی و موهای من که وز و اسیب دیده بود خیلی بهتر شده,1,true,2023-01-15T10:46:07+00:00,مثبت,0.67,محصول,محصول
ماسک مو آرگان با آبکشی 400میل,https://www.khanoumi.com/products/adra-argan-hair-mask-400ml-30183,بسیار ماسک خوب و عالی با کیفیت بالا و حجم زیاد و قیمت مناسب ,0,true,2022-12-17T14:37:05+00:00,مثبت,0.79,محصول | قیمت,محصول
ماسک مو آرگان با آبکشی 400میل,https://www.khanoumi.com/products/adra-argan-hair-mask-400ml-30183,حجم خیلی خوبی داری و بشدت غلیظ و یکمش برا کل موها کافیه برا همین باصرفه است و تا مدتها میتونیدازش استفاده کنید، موها نرم و لطیف میکنه و بوی تقریبا خوبی هم داره اما الکل داره ,2,false,2022-11-13T14:40:32+00:00,مثبت,0.91,محصول,محصول
ماسک مو آرگان با آبکشی 400میل,https://www.khanoumi.com/products/adra-argan-hair-mask-400ml-30183,خیلی غلیظه باید حتما با آب قاطی بشه. به درد موی فر نمیخوره به نظرم,5,false,2022-07-03T12:56:34+00:00,خنثی,0.35,محصول,محصول
ماسک مو آرگان با آبکشی 400میل,https://www.khanoumi.com/products/adra-argan-hair-mask-400ml-30183,من برای بار دوم سفارش میدم برای موهای من تاثیر خیلی مثبتی داشت,6,true,2022-05-21T21:00:05+00:00,خنثی,0.35,محصول,محصول
ماسک مو آرگان با آبکشی 400میل,https://www.khanoumi.com/products/adra-argan-hair-mask-400ml-30183,موهای من مدتیه که به خاطر رنگ کردن‌های مداوم خشک و بی‌آب شده و خیلی آسیب دیده. با پرس و جوهای زیاد از دیگران و دوستام تصمیم گرفتم ماسک مو آرگان با آبکشی آدرا رو برای استفاده داخل حمام و مراقبت از موهام از فروشگاه اینترنتی خانومی سفارش بدم. این محصول رو حدود 3 هفته است که بعد از هر بار شستشوی موهام استفاده میکنم و احساس میکنم تاثیر خوبی داشته. ماسک مو آدرا به رفع خشکی و وز موهام کمک کرده و باعث شده اونا نرم و لطیف بشن. بعد از حمام موهام دیگه مثل چوب نمیشه و این محصول به حفظ رطوبتشون خیلی کمک میکنه.ماسک مو آرگان آدرا به بهتر شونه شدن موهام هم کمک کرده و در کمتر شدن آسیب‌ها و رفع الکتریسیته ساکن اونا هم موثر بوده. به طور کلی از خرید این محصول راضیم و به کسایی که مشکل منو دارن هم پیشنهادش میکنم.,14,false,2022-04-25T17:21:11+00:00,مثبت,0.95,محصول | قیمت,محصول
ماسک مو آرگان با آبکشی 400میل,https://www.khanoumi.com/products/adra-argan-hair-mask-400ml-30183,هم این بسیار موهامو خشک کرد هم ابرسان ادرا که الکل داشت و پوستمو سوزوند,5,false,2022-03-12T14:34:10+00:00,خنثی,0.35,محصول,محصول
ماسک مو آرگان با آبکشی 400میل,https://www.khanoumi.com/products/adra-argan-hair-mask-400ml-30183,افتضاح ترين ماسك مو و اسپري روغن آرگاني كه تا حالا استفاده كرده بودم همين آدرا بود، اسپري آرگانش كه به نظرم آب خالي بود در حدي كه انداختمش دور،و ماسكش بدتر موهامو خشك كرد، بدترين اتنخابيه كه ميتونين داشته باشين,22,false,2021-07-08T20:35:09+00:00,منفی,0.95,محصول,محصول
ماسک مو آرگان با آبکشی 400میل,https://www.khanoumi.com/products/adra-argan-hair-mask-400ml-30183,خیلی ماسک خوبیه، من فقط با 2 بار استفاده تاثیرشو دیدم,57,false,2020-10-23T21:39:17+00:00,مثبت,0.67,سایر,سایر
ماسک مو آرگان با آبکشی 400میل,https://www.khanoumi.com/products/adra-argan-hair-mask-400ml-30183,اصلا خوب نبود و موهامو خشک کرد خیلی.,41,false,2020-09-07T02:44:38+00:00,خنثی,0.4,محصول | اصل بودن کالا,محصول
ماسک موی کراتینه دوفاز چای سبز و آلوئه ورا 200میل,https://www.khanoumi.com/products/adra-aloe-vera-and-green-tea-bi-phasique-hydrolized-keratin-hair-mask-200ml-30184,خوب نبود موهارو خیلی چرب و سنگین میکنه.قسمت اسپری با چیزی که برام فرستادن فرق داشت.,1,true,2023-05-11T10:57:09+00:00,خنثی,0.4,محصول,محصول
لوسیون مرطوب و سفت کننده پوست حاوی کیوتن 200میل,https://www.khanoumi.com/products/adra-skin-firming-body-lotion-200ml-30185,پوست رو نرم ميكنه ولي اصلاً بوي خوبي نداره,0,true,2021-12-25T23:44:10+00:00,خنثی,0.35,محصول | اصل بودن کالا,محصول
لوسیون مرطوب و سفت کننده پوست حاوی کیوتن 200میل,https://www.khanoumi.com/products/adra-skin-firming-body-lotion-200ml-30185,لوسیون بدن و ژل شستشوی صورت از این برند رو استفاده میکنم،خیلی خوبن،با اینکه محصول ایرانیه اما کارکرد خوبی داره.قیمت مناسبی داره.این لوسیون بدن ماندگاری خوبی داره،پوست رو خیلی نرم و لطیف میکنه و روی پوست ماندگاری داره.,3,false,2020-09-07T12:18:06+00:00,ترکیبی,0.92,محصول | قیمت,محصول
لوسیون مرطوب و سفت کننده پوست حاوی کیوتن 200میل,https://www.khanoumi.com/products/adra-skin-firming-body-lotion-200ml-30185,"من چندین ساله که از این لوسیون استفاده می کنم و خیلی راضی ام .
هم بوی خوبی داره که ماندگاره و هم پوست رو نرم می کنه.",8,false,2020-06-14T12:38:02+00:00,مثبت,0.91,محصول,محصول
لوسیون مرطوب و سفت کننده بدن آرگان 150میل,https://www.khanoumi.com/products/adra-skin-firming-argan-body-lotion-150ml-30186,سلام خسته نباشید ممنون میشم این محصول رو موجودی بزارین,0,false,2024-12-05T10:36:02.3534973+00:00,مثبت,0.67,محصول,محصول
لوسیون مرطوب و سفت کننده بدن آرگان 150میل,https://www.khanoumi.com/products/adra-skin-firming-argan-body-lotion-150ml-30186,خیلی عالیه ... من 4 ساله که ازش استفاده میکنم .... بوی خوبی داره .... خیلی زود جذب میشه و پوست و نرم و لطیف میکنه ....,0,false,2023-12-20T17:02:50+00:00,مثبت,0.91,محصول,محصول
لوسیون مرطوب و سفت کننده بدن آرگان 150میل,https://www.khanoumi.com/products/adra-skin-firming-argan-body-lotion-150ml-30186,سریع جذب میشه و پوست رو مرطوب میکنه ولی عطری که لوسیون زنونه داره رو نداشت و من بوش رو دوست نداشتم,0,true,2023-05-09T20:47:57+00:00,خنثی,0.35,محصول,محصول
لوسیون مرطوب و سفت کننده بدن آرگان 150میل,https://www.khanoumi.com/products/adra-skin-firming-argan-body-lotion-150ml-30186,خاصیت آبرسانی خوبی داره سریع جذب میشه. بویی که داره شیرینه ولی نسبتا تنده که البته یکم بگذره بهتر میشه ,0,true,2022-12-01T12:44:14+00:00,مثبت,0.67,محصول,محصول
لوسیون مرطوب و سفت کننده بدن آرگان 150میل,https://www.khanoumi.com/products/adra-skin-firming-argan-body-lotion-150ml-30186,این لوسیون و من مدت هاست که استفاده میکنم و خیلی راضی بودم. کیفیتش خیلی خوبه و قیمت خیلی مناسبی ام داره. پوست و کاملا نرم و مرطوب میکنه و بوی خیلی خوبی داره. زود جذب پوست میشه و روی پوست سبکه و حس سنگینی ایجاد نمیکنه. مدت طولانی پوست و مرطوب نگه میداره و ارزش امتحان کردن داره.,1,false,2022-11-21T08:38:02+00:00,مثبت,0.95,محصول | قیمت,محصول
شامپو بدن آرگان 250 میل,https://www.khanoumi.com/products/adra-argan-body-shampoo-250ml-30194,"دمتون گرم
ارسال به موقع و در بسته بندی ایمن",0,true,2023-05-01T21:21:32+00:00,خنثی,0.35,تحویل و ارسال | محصول,تحویل و ارسال
شامپو بدن آرگان 250 میل,https://www.khanoumi.com/products/adra-argan-body-shampoo-250ml-30194,راضی هستم ,1,true,2022-09-25T19:49:00+00:00,مثبت,0.67,سایر,سایر
کرم نرم کننده موی سر کراتینه 300گرمی,https://www.khanoumi.com/products/lerox-keratin-smooth-conditioner-300g-30203,تقریبا دو سالی هست که همین نرم کننده رو استفاده میکنم و راضیم.,0,true,2024-10-20T13:31:02.1756755+00:00,مثبت,0.79,سایر,سایر
کرم نرم کننده موی سر کراتینه 300گرمی,https://www.khanoumi.com/products/lerox-keratin-smooth-conditioner-300g-30203,نرمکننده خیلی خوبیه و واقعا موها رو لطیف میکنه من موهای من مجعد و وز هست ولی خیلی خوب نرم میکنه,0,true,2023-01-24T20:21:19+00:00,مثبت,0.95,محصول,محصول
ادوتویلت زنانه مدل Now حجم 80میل,https://www.khanoumi.com/products/azzaro-now-eau-de-toilette-for-women-80ml-30220,من این عطر قبلا داشتم بوی محشری داره و قیمتی که الان داره فکر نکنم دیگه بتونم بخرمش :(,0,false,2023-07-12T12:24:12+00:00,خنثی,0.35,محصول | قیمت,محصول
کرم مراقبت از ناخن رینوال اینتنس 15میل,https://www.khanoumi.com/products/neuderm-renewal-intense-nail-repair-cream-30233,خیلی خوب بود.,0,true,2026-05-23T16:33:04.4298286+03:30,مثبت,0.91,محصول,محصول
کرم مراقبت از ناخن رینوال اینتنس 15میل,https://www.khanoumi.com/products/neuderm-renewal-intense-nail-repair-cream-30233,چند روزه استفاده کردم راضی ام,0,true,2026-05-07T23:44:39.8200416+03:30,مثبت,0.79,سایر,سایر
کرم مراقبت از ناخن رینوال اینتنس 15میل,https://www.khanoumi.com/products/neuderm-renewal-intense-nail-repair-cream-30233,بوی بدی داره خیلی,0,true,2026-03-17T15:58:22.7942911+03:30,منفی,0.67,محصول,محصول
کرم مراقبت از ناخن رینوال اینتنس 15میل,https://www.khanoumi.com/products/neuderm-renewal-intense-nail-repair-cream-30233,من امروز از بیرون خریدم ولی خواستم بگم بوی خاصی نداره و همین خوبه چون زننده نیست میشه گفت تقریبا بویی نداره,0,false,2025-12-19T18:16:38.685304+03:30,مثبت,0.79,محصول,محصول
کرم مراقبت از ناخن رینوال اینتنس 15میل,https://www.khanoumi.com/products/neuderm-renewal-intense-nail-repair-cream-30233,"من پوست دور ناخنام همیشه پوست پوست و خشکه
به محض اینکه میزنم که خیلی بهتر میشه . طی چند روز هم واقعا عالی میشه . من سومین باره خریدم",0,false,2025-10-13T00:30:15.5757751+03:30,مثبت,0.67,محصول,محصول
کرم مراقبت از ناخن رینوال اینتنس 15میل,https://www.khanoumi.com/products/neuderm-renewal-intense-nail-repair-cream-30233,من دور ناخنام خیلی پوسته داره و زخم میشه این کرم واقعا خیلی خوبه و برای من جواب داده، روغن تقویت ناخن هیدرودرم هم خریدم ولی اون مثل این نیست برای اطراف ناخن این بهتره.,0,true,2025-09-26T20:05:53.6848163+03:30,مثبت,0.95,محصول,محصول
کرم مراقبت از ناخن رینوال اینتنس 15میل,https://www.khanoumi.com/products/neuderm-renewal-intense-nail-repair-cream-30233,بوی بسیار بدی میده تاثیر انچنانی هم نداره,0,true,2025-07-12T05:22:28.7525909+00:00,منفی,0.67,محصول,محصول
کرم مراقبت از ناخن رینوال اینتنس 15میل,https://www.khanoumi.com/products/neuderm-renewal-intense-nail-repair-cream-30233,برای پوست های دور ناخنهام عالیه ، نرم میکنه و دیگه پوسته پوسته نمیشن ، همیشه میخرم,0,true,2025-04-07T11:51:19.50724+00:00,مثبت,0.79,محصول,محصول
کرم مراقبت از ناخن رینوال اینتنس 15میل,https://www.khanoumi.com/products/neuderm-renewal-intense-nail-repair-cream-30233,تنها کرمیه که پوست دور ناخنمو ترمیم میکنه,0,true,2025-03-29T08:35:32.2876718+00:00,خنثی,0.35,محصول,محصول
کرم مراقبت از ناخن رینوال اینتنس 15میل,https://www.khanoumi.com/products/neuderm-renewal-intense-nail-repair-cream-30233,خوب بود برای منی که پوست کنار ناخنامو میکندم بعد دو سه روز زدن ترمیم میکرد,0,true,2025-03-27T07:32:07.4362184+00:00,مثبت,0.79,محصول,محصول
کرم مراقبت از ناخن رینوال اینتنس 15میل,https://www.khanoumi.com/products/neuderm-renewal-intense-nail-repair-cream-30233,چندروز اول که ازاین کردم زدم بوی بدی نداشت. الان بوی قره قورت میده. یعنی فاسد شده ؟دلیلش چی می‌تونه باشه؟مال شماهم همین بو رو میده؟کسی می‌دونه جواب بده مرسی,0,true,2025-02-16T22:37:43.3988105+00:00,ترکیبی,0.66,محصول,محصول
کرم مراقبت از ناخن رینوال اینتنس 15میل,https://www.khanoumi.com/products/neuderm-renewal-intense-nail-repair-cream-30233,"محصول خیلی خوبی بود 
من ناخن های بسیار شکننده داشتم و اصلا بلند نمیشدن 
برای من تاثیر خوبی داشت 
استحکام و رشد ناخن هام بیشتر شد",0,true,2024-12-28T21:26:14.7328381+00:00,مثبت,0.91,محصول | اصل بودن کالا,محصول
کرم مراقبت از ناخن رینوال اینتنس 15میل,https://www.khanoumi.com/products/neuderm-renewal-intense-nail-repair-cream-30233,لطفا تخفیف براش بزارید,0,false,2024-10-12T11:41:06.4321459+00:00,خنثی,0.35,قیمت,قیمت
کرم مراقبت از ناخن رینوال اینتنس 15میل,https://www.khanoumi.com/products/neuderm-renewal-intense-nail-repair-cream-30233,امروز بدستم رسیده امیدوارم خوب باشه مرسی از خانومی ,0,true,2024-09-07T18:14:48+00:00,ترکیبی,0.74,تحویل و ارسال,تحویل و ارسال
کرم مراقبت از ناخن رینوال اینتنس 15میل,https://www.khanoumi.com/products/neuderm-renewal-intense-nail-repair-cream-30233,ازش خیلی راضیم من پوست دور ناخنم حساسه و زود زخم میشه که خیلی به این زخم ها کمک کرد حتی روی خود زخم هم میزدم سوزشش رو می انداخت ,0,true,2024-08-12T14:46:37+00:00,مثبت,0.79,محصول,محصول
کرم مراقبت از ناخن رینوال اینتنس 15میل,https://www.khanoumi.com/products/neuderm-renewal-intense-nail-repair-cream-30233,به عنوان کسی که ناخن های خیلی شکننده و بدی داشتم بعدسه هفته مصرف این کرم باید بگم واقعا خوب بوده و اثر داشته,0,true,2024-06-01T21:55:33+00:00,ترکیبی,0.74,محصول,محصول
کرم مراقبت از ناخن رینوال اینتنس 15میل,https://www.khanoumi.com/products/neuderm-renewal-intense-nail-repair-cream-30233,من چند دوره از این محصول استفاده کردم و راضی نبودم . تاثیر خاصی ازش ندیدم ,0,true,2024-04-01T04:13:00+00:00,منفی,0.67,محصول,محصول
کرم مراقبت از ناخن رینوال اینتنس 15میل,https://www.khanoumi.com/products/neuderm-renewal-intense-nail-repair-cream-30233,اونقدر خوبه ک من 3 بار خریدم و بازم میخرم ، دور ناخنام پوست پوست میشه اما با این کرم نرم میشن و دیگه پوست پوست نمیشه ، زودم جذب پوست میشه ، حتی من یکبار کرم گرونتر از این خریدم ولی اصلا تاثیری نداشت ,0,false,2024-02-03T22:25:04+00:00,مثبت,0.91,محصول | اصل بودن کالا | قیمت,محصول
کرم مراقبت از ناخن رینوال اینتنس 15میل,https://www.khanoumi.com/products/neuderm-renewal-intense-nail-repair-cream-30233,من برای خاله م گرفته بودم این کرم رو که راضی بود ازش . خیلی پوست پوست میشد دور ناخنش که خوب شده بود ,0,true,2023-11-23T23:25:58+00:00,مثبت,0.79,محصول,محصول
کرم مراقبت از ناخن رینوال اینتنس 15میل,https://www.khanoumi.com/products/neuderm-renewal-intense-nail-repair-cream-30233,ناخنهای شکننده ای دارم ، خیلی مستحکم نشده و بازم میشکنه اما خب رشدش خوب شده و راضی ام ,0,true,2023-07-24T23:00:20+00:00,مثبت,0.91,سایر,سایر
کرم مراقبت از ناخن رینوال اینتنس 15میل,https://www.khanoumi.com/products/neuderm-renewal-intense-nail-repair-cream-30233,تقریبا یک ماهه دارم از این کرم استفاده میکنم هر شب قبل از خواب ب دور ناخنهام و خود ناخنهام میزنم ، بنظرم رشد ناخنهام بیشتر شده اما خب استحکام خیلی خوبی نگرفته شاید چون ناخنهای ضعیفی دارم و شکننده هستند اما دور ناخنهام ک پوسته پوسته میشد خیلی بهتر شده و از خریدش راضی ام و اگر شارژ بشه بازم میخرم,4,true,2023-07-20T19:02:33+00:00,ترکیبی,0.92,محصول,محصول
کرم مراقبت از ناخن رینوال اینتنس 15میل,https://www.khanoumi.com/products/neuderm-renewal-intense-nail-repair-cream-30233,باعث شده پوست اطراف ناخنم نرم بشه,0,false,2023-06-20T15:10:26+00:00,خنثی,0.35,محصول,محصول
کرم مراقبت از ناخن رینوال اینتنس 15میل,https://www.khanoumi.com/products/neuderm-renewal-intense-nail-repair-cream-30233,"تو خریدش شکنکنید اگه ناخنای بلند و خوشگل میخوایید
هر شب میزنم و ناخنام نمیشکنه سفت شده قشنگ رشدش هم بهتر میشه خلاصه که خیلی خوبه ❤️
ناخنم هم توی عکس افتاده تاثیرشو میتونید ببینید",3,true,2023-04-26T17:26:42+00:00,مثبت,0.91,سایر,سایر
کرم مراقبت از ناخن رینوال اینتنس 15میل,https://www.khanoumi.com/products/neuderm-renewal-intense-nail-repair-cream-30233,"من یه مدتی هست که دور ناخن هام به شدت پوسته و زخم میشد
طبق نظر دیگران این محصولو تهیه کردم و باید بگم که جواب داده، حدود یه هفته اس که استفاده میکنم و پوسته هارو از این برد و زخم هام خوب شده کامل و ناخن ها براق میشه و پوست اطرافش هم کاملا نرم میشه
فقط اینکه باید مدام استفاده کنم، اگر دستمو بشورم و مجدد تمدید نکنم کرمو دوباره دور ناخنم شروع به خشک شدن میکنه و پوسته میشه
البته فکر کنم مشکل از پوستم باشه بیشتر
در کل راضی بود ازش",3,true,2022-12-08T21:25:13+00:00,مثبت,0.91,محصول | قیمت,محصول
کرم مراقبت از ناخن رینوال اینتنس 15میل,https://www.khanoumi.com/products/neuderm-renewal-intense-nail-repair-cream-30233,نظری که میخوام باهاتون به اشتراک بذارم، حاصل استفاده مداوم بعد از 2 ماهه. ناخنهای من بعد از ریمو شدن بسیار حساس، نازک و شکننده شد. به همین خاطر من از این کرم استفاده کردم تا صدف ناخنم محکم تر بشه و مقاومت ناخنم بره بالا. می تونم بگم نتیجه استفاده از این کرم فوق العاده بود. تا حد بسیار زیادی ناخن هام رو قوی کرد و از لایه لایه شدن اون جلوگییری کرد. بهتون پیشنهاد میکنم حتما از این کرم به طور روزانه استفاده کنید. ,6,false,2022-12-07T17:18:18+00:00,مثبت,0.95,محصول | اصل بودن کالا,محصول
کرم مراقبت از ناخن رینوال اینتنس 15میل,https://www.khanoumi.com/products/neuderm-renewal-intense-nail-repair-cream-30233,کرم ناخن نئودرم خیلی بافت سبکی داشت و راحت تونست پوست اطراف ناخنم رو نرم و لطیف کنه. باعث آبرسانی و ویتامین رسانی به پوست ناحیه دور ناخنم شد و پوسته های اضافی رو از بین برد. با استفاده مرتب از این کرم اطراف ناخنم دیگه پوسته پوسته نشد و ناخن‌هام مقاوم شد.,3,false,2022-10-03T09:58:23+00:00,خنثی,0.35,محصول,محصول
کرم مراقبت از ناخن رینوال اینتنس 15میل,https://www.khanoumi.com/products/neuderm-renewal-intense-nail-repair-cream-30233,این محصول حرف نداره. در یک کلام؛ شک نکنید در خربدش😊,1,true,2022-09-26T09:49:38+00:00,منفی,0.67,محصول,محصول
کرم مراقبت از ناخن رینوال اینتنس 15میل,https://www.khanoumi.com/products/neuderm-renewal-intense-nail-repair-cream-30233,این محصول در حد معجزه عمل میکنه ,2,false,2022-07-11T15:26:04+00:00,خنثی,0.35,محصول,محصول
کرم مراقبت از ناخن رینوال اینتنس 15میل,https://www.khanoumi.com/products/neuderm-renewal-intense-nail-repair-cream-30233,من از کرم ناخن سایر برندها استفاده نکردم اما از این راضی بودم؛ پوست اطراف ناخنم معمولا خشک میشه ترک می‌خوره و می‌سوزه اما وقتی اینو مرتب استفاده میکنم نرم و خوب می‌شه، حتی بنظرم باعث شده ناخن هام سفت و محکم بشن‌. برای بار دوم میخوام بخرم,1,true,2022-07-05T17:54:24+00:00,مثبت,0.79,محصول,محصول
کرم مراقبت از ناخن رینوال اینتنس 15میل,https://www.khanoumi.com/products/neuderm-renewal-intense-nail-repair-cream-30233,خییییییلی عالیه.خواهرزاده من وسط ناخنش با چاقو سوراخ شد بعنی چال شد روزی۲بار ازش زد قشنگ پرش کرد.منم هرروز ب ناخن پام میزنم اون پوستایی ک ته ناخن هستش دیگه درنمیاد یا انقد نرمه ک اصلا دیده هم نمیشه.خلاصه ک عالیه,6,false,2022-04-21T14:21:31+00:00,مثبت,0.95,محصول | اصل بودن کالا,محصول
کرم مراقبت از ناخن رینوال اینتنس 15میل,https://www.khanoumi.com/products/neuderm-renewal-intense-nail-repair-cream-30233,عالیه من خیلی ازش راضیم . با کرمای معمولی هم امتحانش کردم ولی این انگار معجزه میکنه برای دور ناخن . ولی قیمتش نسبت به حجمش بالاست به نظرم توی تخفیف به صرفه تره ,4,true,2022-04-03T12:50:13+00:00,مثبت,0.95,محصول | قیمت,محصول
کرم مراقبت از ناخن رینوال اینتنس 15میل,https://www.khanoumi.com/products/neuderm-renewal-intense-nail-repair-cream-30233,"سلام
من 3 بار این محصول رو تمدید کردم و واااااقعا راضی هستم ازش، نکته مهم در خصوص این محصول این هست که باید به صورت مدارم استفاده بشه میتونید یکبار صبح و یکبار شب ازش استفاده کنید و بعد از یک مدت نتیجه اش رو میبینید. ",4,true,2022-03-05T08:56:12+00:00,مثبت,0.67,محصول,محصول
کرم مراقبت از ناخن رینوال اینتنس 15میل,https://www.khanoumi.com/products/neuderm-renewal-intense-nail-repair-cream-30233,ناخن‌های من به خاطر اینکه یک مدت بدون دستکش کار می‌کردم خیلی نرم و شکننده شده بود و با کوچکترین ضربه‌ای سریع خم میشد و گاهی اوقات هم خیلی بدجور میشکستن. با پیشنهاد مشاور داروخانه این کرم نئودرم رو خریدم. حدودا یک ماهی هست که دارم ازش استفاده می‌کنم و واقعا تاثیر مثبتش رو روی ناخنام دیدم. استحکام ناخنام خیلی بیشتر شده و دیگه به راحتی خم نمیشه. این کرم پوست اطراف ناخنم رو مرطوب میکنه و از پوسته پوسته شدن اون جلوگیری می‌کنه و یکی دیگه از مشکلات من رو حل کرده. ناخن‌هام رو براق کرده و مانع شکستن سریع اون ها شده.,15,false,2022-01-11T21:05:19+00:00,ترکیبی,0.74,محصول,محصول
کرم مراقبت از ناخن رینوال اینتنس 15میل,https://www.khanoumi.com/products/neuderm-renewal-intense-nail-repair-cream-30233,تاثیری نداشت,1,true,2021-11-13T17:43:16+00:00,خنثی,0.35,سایر,سایر
کرم مراقبت از ناخن رینوال اینتنس 15میل,https://www.khanoumi.com/products/neuderm-renewal-intense-nail-repair-cream-30233,خیلی خوبه و تاثیر داره ولی تا موقعی که ازش استفاده کنید همین که قطع کردم ناخونام شکست دوباره,1,true,2021-10-22T21:35:21+00:00,مثبت,0.91,محصول,محصول
کرم مراقبت از ناخن رینوال اینتنس 15میل,https://www.khanoumi.com/products/neuderm-renewal-intense-nail-repair-cream-30233,برای منکه خیلی مفید بود برای اولین بار بالاخره ناخنام بلند شد. پیشنهادش میکنم ,5,true,2021-07-22T01:42:14+00:00,مثبت,0.67,محصول,محصول
کرم مراقبت از ناخن رینوال اینتنس 15میل,https://www.khanoumi.com/products/neuderm-renewal-intense-nail-repair-cream-30233,چندباری ازش استفاده کردم،اونم به طور منظم نبود،ولی احساس میکنم خوبه،همونقدرم ک زدم راضی کننده بود,9,true,2021-01-01T13:20:33+00:00,مثبت,0.95,محصول,محصول
کرم مراقبت از ناخن رینوال اینتنس 15میل,https://www.khanoumi.com/products/neuderm-renewal-intense-nail-repair-cream-30233,"معجزه به معنی واقعی 👏عالییی بووود اصلا باورم نمیشه ناخونم اینقدر رشد داشته باشه.
ممنونم از محصول خوبتون 
به شدت توصیه میکنم استفاده کنین پشیمون نمیشین.
",11,true,2020-12-21T15:02:09+00:00,مثبت,0.95,محصول | اصل بودن کالا,محصول
کرم مراقبت از ناخن رینوال اینتنس 15میل,https://www.khanoumi.com/products/neuderm-renewal-intense-nail-repair-cream-30233,معجزه گر ناخن هستش واقعا عالیه و خیلی راضیم به من خیلی ساخت و خوب بود ,15,true,2020-11-08T22:46:12+00:00,مثبت,0.95,محصول,محصول
کرم مراقبت از ناخن رینوال اینتنس 15میل,https://www.khanoumi.com/products/neuderm-renewal-intense-nail-repair-cream-30233,واقعا عالیه من ناخن هام تا بلند میشد میشکست ولی الان محکم و سفت شده😍♥️,10,true,2020-10-15T11:38:16+00:00,مثبت,0.79,سایر,سایر
کرم مراقبت از ناخن رینوال اینتنس 15میل,https://www.khanoumi.com/products/neuderm-renewal-intense-nail-repair-cream-30233,این کرم عالیه و تقریبا تو همه ی سبد خریدهای من هست. من همیشه با پوسته پوسته شدن دور ناخنهام مشکل داشتم اما این کردم خیلی خیلی ایشن پوسته شدن رو کم کرده.فقط حتما روزی ۳ ۴ بار باید استفاده بشه تا نتیجه بده.,18,true,2020-10-12T19:08:35+00:00,ترکیبی,0.92,محصول,محصول
کرم مراقبت از ناخن رینوال اینتنس 15میل,https://www.khanoumi.com/products/neuderm-renewal-intense-nail-repair-cream-30233,از بین برنده خشکی ناخن ,9,false,2020-06-29T22:20:01+00:00,خنثی,0.35,سایر,سایر
کرم مراقبت از ناخن رینوال اینتنس 15میل,https://www.khanoumi.com/products/neuderm-renewal-intense-nail-repair-cream-30233,بسیار عالی,4,false,2020-06-29T21:10:47+00:00,مثبت,0.67,سایر,سایر
